variante,escenario,algoritmo,repeticion,semilla,iteracion,evaluaciones,mejor_F
BASE,OPERACION_DIARIA-NORMAL-N01,GENETICO,0,42,0,60,85.573333
BASE,OPERACION_DIARIA-NORMAL-N01,GENETICO,0,42,1,120,85.423333
BASE,OPERACION_DIARIA-NORMAL-N01,GENETICO,0,42,2,180,85.213333
BASE,OPERACION_DIARIA-NORMAL-N01,GENETICO,0,42,3,240,84.913333
BASE,OPERACION_DIARIA-NORMAL-N01,GENETICO,0,42,4,300,84.913333
BASE,OPERACION_DIARIA-NORMAL-N01,GENETICO,0,42,5,360,84.913333
BASE,OPERACION_DIARIA-NORMAL-N01,GENETICO,0,42,6,420,84.868333
BASE,OPERACION_DIARIA-NORMAL-N01,GENETICO,0,42,7,480,84.868333
BASE,OPERACION_DIARIA-NORMAL-N01,GENETICO,0,42,8,540,84.868333
BASE,OPERACION_DIARIA-NORMAL-N01,GENETICO,0,42,9,600,84.868333
BASE,OPERACION_DIARIA-NORMAL-N01,GENETICO,0,42,10,660,84.868333
BASE,OPERACION_DIARIA-NORMAL-N01,GENETICO,0,42,11,720,84.778333
BASE,OPERACION_DIARIA-NORMAL-N01,GENETICO,0,42,12,780,84.613333
BASE,OPERACION_DIARIA-NORMAL-N01,GENETICO,0,42,13,840,84.448333
BASE,OPERACION_DIARIA-NORMAL-N01,GENETICO,0,42,14,900,84.448333
BASE,OPERACION_DIARIA-NORMAL-N01,GENETICO,0,42,15,960,84.448333
BASE,OPERACION_DIARIA-NORMAL-N01,GENETICO,0,42,16,1020,84.448333
BASE,OPERACION_DIARIA-NORMAL-N01,GENETICO,0,42,17,1080,84.448333
BASE,OPERACION_DIARIA-NORMAL-N01,GENETICO,0,42,18,1140,84.448333
BASE,OPERACION_DIARIA-NORMAL-N01,GENETICO,0,42,19,1200,84.448333
BASE,OPERACION_DIARIA-NORMAL-N01,GENETICO,0,42,20,1260,84.448333
BASE,OPERACION_DIARIA-NORMAL-N01,GENETICO,0,42,21,1320,84.448333
BASE,OPERACION_DIARIA-NORMAL-N01,GENETICO,0,42,22,1380,84.448333
BASE,OPERACION_DIARIA-NORMAL-N01,GENETICO,0,42,23,1440,84.448333
BASE,OPERACION_DIARIA-NORMAL-N01,GENETICO,0,42,24,1500,84.448333
BASE,OPERACION_DIARIA-NORMAL-N01,GENETICO,0,42,25,1560,84.448333
BASE,OPERACION_DIARIA-NORMAL-N01,GENETICO,0,42,26,1620,84.448333
BASE,OPERACION_DIARIA-NORMAL-N01,GENETICO,0,42,27,1680,84.448333
BASE,OPERACION_DIARIA-NORMAL-N01,GENETICO,0,42,28,1740,84.448333
BASE,OPERACION_DIARIA-NORMAL-N01,GENETICO,0,42,29,1800,84.448333
BASE,OPERACION_DIARIA-NORMAL-N01,GENETICO,0,42,30,1860,84.448333
BASE,OPERACION_DIARIA-NORMAL-N01,GENETICO,0,42,31,1920,84.448333
BASE,OPERACION_DIARIA-NORMAL-N01,GENETICO,0,42,32,1980,84.448333
BASE,OPERACION_DIARIA-NORMAL-N01,GENETICO,0,42,33,2040,84.448333
BASE,OPERACION_DIARIA-NORMAL-N01,GENETICO,0,42,34,2100,84.448333
BASE,OPERACION_DIARIA-NORMAL-N01,GENETICO,0,42,35,2160,84.448333
BASE,OPERACION_DIARIA-NORMAL-N01,GENETICO,0,42,36,2220,84.448333
BASE,OPERACION_DIARIA-NORMAL-N01,GENETICO,0,42,37,2280,84.448333
BASE,OPERACION_DIARIA-NORMAL-N01,GENETICO,0,42,38,2340,84.448333
BASE,OPERACION_DIARIA-NORMAL-N01,GENETICO,0,42,39,2400,84.448333
BASE,OPERACION_DIARIA-NORMAL-N01,GENETICO,0,42,40,2460,84.448333
BASE,OPERACION_DIARIA-NORMAL-N01,GENETICO,0,42,41,2520,84.448333
BASE,OPERACION_DIARIA-NORMAL-N01,GENETICO,0,42,42,2580,84.448333
BASE,OPERACION_DIARIA-NORMAL-N01,GENETICO,0,42,43,2640,84.448333
BASE,OPERACION_DIARIA-NORMAL-N01,GENETICO,0,42,44,2700,84.448333
BASE,OPERACION_DIARIA-NORMAL-N01,GENETICO,0,42,45,2760,84.448333
BASE,OPERACION_DIARIA-NORMAL-N01,GENETICO,0,42,46,2820,84.448333
BASE,OPERACION_DIARIA-NORMAL-N01,GENETICO,0,42,47,2880,84.448333
BASE,OPERACION_DIARIA-NORMAL-N01,GENETICO,0,42,48,2940,84.448333
BASE,OPERACION_DIARIA-NORMAL-N01,GENETICO,0,42,49,3000,84.448333
BASE,OPERACION_DIARIA-NORMAL-N01,GENETICO,0,42,50,3060,84.448333
BASE,OPERACION_DIARIA-NORMAL-N01,GENETICO,0,42,51,3120,84.448333
BASE,OPERACION_DIARIA-NORMAL-N01,GENETICO,0,42,52,3180,84.448333
BASE,OPERACION_DIARIA-NORMAL-N01,GENETICO,0,42,53,3240,84.448333
BASE,OPERACION_DIARIA-NORMAL-N01,GENETICO,0,42,54,3300,84.448333
BASE,OPERACION_DIARIA-NORMAL-N01,GENETICO,0,42,55,3360,84.448333
BASE,OPERACION_DIARIA-NORMAL-N01,GENETICO,0,42,56,3420,84.448333
BASE,OPERACION_DIARIA-NORMAL-N01,GENETICO,0,42,57,3480,84.448333
BASE,OPERACION_DIARIA-NORMAL-N01,GENETICO,0,42,58,3540,84.448333
BASE,OPERACION_DIARIA-NORMAL-N01,GENETICO,0,42,59,3600,84.448333
BASE,OPERACION_DIARIA-NORMAL-N01,GENETICO,0,42,60,3660,84.448333
BASE,OPERACION_DIARIA-NORMAL-N01,GENETICO,0,42,61,3720,84.448333
BASE,OPERACION_DIARIA-NORMAL-N01,GENETICO,0,42,62,3780,84.448333
BASE,OPERACION_DIARIA-NORMAL-N01,GENETICO,0,42,63,3840,84.448333
BASE,OPERACION_DIARIA-NORMAL-N01,GENETICO,0,42,64,3900,84.448333
BASE,OPERACION_DIARIA-NORMAL-N01,GENETICO,0,42,65,3960,84.448333
BASE,OPERACION_DIARIA-NORMAL-N01,GENETICO,0,42,66,4020,84.448333
BASE,OPERACION_DIARIA-NORMAL-N01,GENETICO,0,42,67,4080,84.448333
BASE,OPERACION_DIARIA-NORMAL-N01,GENETICO,0,42,68,4140,84.448333
BASE,OPERACION_DIARIA-NORMAL-N01,GENETICO,0,42,69,4200,84.448333
BASE,OPERACION_DIARIA-NORMAL-N01,GENETICO,0,42,70,4260,84.448333
BASE,OPERACION_DIARIA-NORMAL-N01,GENETICO,0,42,71,4320,84.448333
BASE,OPERACION_DIARIA-NORMAL-N01,GENETICO,0,42,72,4380,84.448333
BASE,OPERACION_DIARIA-NORMAL-N01,GENETICO,0,42,73,4440,84.448333
BASE,OPERACION_DIARIA-NORMAL-N01,GENETICO,0,42,74,4500,84.448333
BASE,OPERACION_DIARIA-NORMAL-N01,GENETICO,0,42,75,4560,84.448333
BASE,OPERACION_DIARIA-NORMAL-N01,GENETICO,0,42,76,4620,84.448333
BASE,OPERACION_DIARIA-NORMAL-N01,GENETICO,0,42,77,4680,84.448333
BASE,OPERACION_DIARIA-NORMAL-N01,GENETICO,0,42,78,4740,84.448333
BASE,OPERACION_DIARIA-NORMAL-N01,GENETICO,0,42,79,4800,84.448333
BASE,OPERACION_DIARIA-NORMAL-N01,GENETICO,0,42,80,4860,84.448333
BASE,OPERACION_DIARIA-NORMAL-N01,GENETICO,0,42,81,4920,84.448333
BASE,OPERACION_DIARIA-NORMAL-N01,GENETICO,0,42,82,4980,84.448333
BASE,OPERACION_DIARIA-NORMAL-N01,GENETICO,0,42,83,5040,84.448333
BASE,OPERACION_DIARIA-NORMAL-N01,GENETICO,0,42,84,5100,84.448333
BASE,OPERACION_DIARIA-NORMAL-N01,GENETICO,0,42,85,5160,84.448333
BASE,OPERACION_DIARIA-NORMAL-N01,GENETICO,0,42,86,5220,84.448333
BASE,OPERACION_DIARIA-NORMAL-N01,GENETICO,0,42,87,5280,84.448333
BASE,OPERACION_DIARIA-NORMAL-N01,GENETICO,0,42,88,5340,84.448333
BASE,OPERACION_DIARIA-NORMAL-N01,GENETICO,0,42,89,5400,84.448333
BASE,OPERACION_DIARIA-NORMAL-N01,GENETICO,0,42,90,5460,84.448333
BASE,OPERACION_DIARIA-NORMAL-N01,GENETICO,0,42,91,5520,84.448333
BASE,OPERACION_DIARIA-NORMAL-N01,GENETICO,0,42,92,5580,84.448333
BASE,OPERACION_DIARIA-NORMAL-N01,GENETICO,0,42,93,5640,84.448333
BASE,OPERACION_DIARIA-NORMAL-N01,GENETICO,0,42,94,5700,84.448333
BASE,OPERACION_DIARIA-NORMAL-N01,GENETICO,0,42,95,5760,84.448333
BASE,OPERACION_DIARIA-NORMAL-N01,GENETICO,0,42,96,5820,84.448333
BASE,OPERACION_DIARIA-NORMAL-N01,GENETICO,0,42,97,5880,84.448333
BASE,OPERACION_DIARIA-NORMAL-N01,GENETICO,0,42,98,5940,84.448333
BASE,OPERACION_DIARIA-NORMAL-N01,GENETICO,0,42,99,6000,84.448333
BASE,OPERACION_DIARIA-NORMAL-N01,GENETICO,0,42,100,6060,84.448333
BASE,OPERACION_DIARIA-NORMAL-N01,GENETICO,0,42,101,6120,84.448333
BASE,OPERACION_DIARIA-NORMAL-N01,GENETICO,0,42,102,6180,84.448333
BASE,OPERACION_DIARIA-NORMAL-N01,GENETICO,0,42,103,6240,84.448333
BASE,OPERACION_DIARIA-NORMAL-N01,GENETICO,0,42,104,6300,84.448333
BASE,OPERACION_DIARIA-NORMAL-N01,GENETICO,0,42,105,6360,84.448333
BASE,OPERACION_DIARIA-NORMAL-N01,GENETICO,0,42,106,6420,84.448333
BASE,OPERACION_DIARIA-NORMAL-N01,GENETICO,0,42,107,6480,84.448333
BASE,OPERACION_DIARIA-NORMAL-N01,GENETICO,0,42,108,6540,84.448333
BASE,OPERACION_DIARIA-NORMAL-N01,GENETICO,0,42,109,6600,84.448333
BASE,OPERACION_DIARIA-NORMAL-N01,GENETICO,0,42,110,6660,84.448333
BASE,OPERACION_DIARIA-NORMAL-N01,GENETICO,0,42,111,6720,84.448333
BASE,OPERACION_DIARIA-NORMAL-N01,GENETICO,0,42,112,6780,84.448333
BASE,OPERACION_DIARIA-NORMAL-N01,GENETICO,0,42,113,6840,84.448333
BASE,OPERACION_DIARIA-NORMAL-N01,GENETICO,0,42,114,6900,84.448333
BASE,OPERACION_DIARIA-NORMAL-N01,GENETICO,0,42,115,6960,84.448333
BASE,OPERACION_DIARIA-NORMAL-N01,GENETICO,0,42,116,7020,84.448333
BASE,OPERACION_DIARIA-NORMAL-N01,GENETICO,0,42,117,7080,84.448333
BASE,OPERACION_DIARIA-NORMAL-N01,GENETICO,0,42,118,7140,84.448333
BASE,OPERACION_DIARIA-NORMAL-N01,GENETICO,0,42,119,7200,84.448333
BASE,OPERACION_DIARIA-NORMAL-N01,GENETICO,0,42,120,7260,84.448333
BASE,OPERACION_DIARIA-NORMAL-N01,GENETICO,0,42,121,7320,84.448333
BASE,OPERACION_DIARIA-NORMAL-N01,GENETICO,0,42,122,7380,84.448333
BASE,OPERACION_DIARIA-NORMAL-N01,GENETICO,0,42,123,7440,84.448333
BASE,OPERACION_DIARIA-NORMAL-N01,GENETICO,0,42,124,7500,84.448333
BASE,OPERACION_DIARIA-NORMAL-N01,GENETICO,0,42,125,7560,84.448333
BASE,OPERACION_DIARIA-NORMAL-N01,GENETICO,0,42,126,7620,84.448333
BASE,OPERACION_DIARIA-NORMAL-N01,GENETICO,0,42,127,7680,84.448333
BASE,OPERACION_DIARIA-NORMAL-N01,GENETICO,0,42,128,7740,84.448333
BASE,OPERACION_DIARIA-NORMAL-N01,GENETICO,0,42,129,7800,84.448333
BASE,OPERACION_DIARIA-NORMAL-N01,GENETICO,0,42,130,7860,84.448333
BASE,OPERACION_DIARIA-NORMAL-N01,GENETICO,0,42,131,7920,84.448333
BASE,OPERACION_DIARIA-NORMAL-N01,GENETICO,0,42,132,7980,84.448333
BASE,OPERACION_DIARIA-NORMAL-N01,GENETICO,0,42,133,8040,84.448333
BASE,OPERACION_DIARIA-NORMAL-N01,GENETICO,0,42,134,8100,84.448333
BASE,OPERACION_DIARIA-NORMAL-N01,GENETICO,0,42,135,8160,84.448333
BASE,OPERACION_DIARIA-NORMAL-N01,GENETICO,0,42,136,8220,84.448333
BASE,OPERACION_DIARIA-NORMAL-N01,GENETICO,0,42,137,8280,84.448333
BASE,OPERACION_DIARIA-NORMAL-N01,GENETICO,0,42,138,8340,84.448333
BASE,OPERACION_DIARIA-NORMAL-N01,GENETICO,0,42,139,8400,84.448333
BASE,OPERACION_DIARIA-NORMAL-N01,GENETICO,0,42,140,8460,84.448333
BASE,OPERACION_DIARIA-NORMAL-N01,GENETICO,0,42,141,8520,84.448333
BASE,OPERACION_DIARIA-NORMAL-N01,GENETICO,0,42,142,8580,84.448333
BASE,OPERACION_DIARIA-NORMAL-N01,GENETICO,0,42,143,8640,84.448333
BASE,OPERACION_DIARIA-NORMAL-N01,GENETICO,0,42,144,8700,84.448333
BASE,OPERACION_DIARIA-NORMAL-N01,GENETICO,0,42,145,8760,84.448333
BASE,OPERACION_DIARIA-NORMAL-N01,GENETICO,0,42,146,8820,84.448333
BASE,OPERACION_DIARIA-NORMAL-N01,GENETICO,0,42,147,8880,84.448333
BASE,OPERACION_DIARIA-NORMAL-N01,GENETICO,0,42,148,8940,84.448333
BASE,OPERACION_DIARIA-NORMAL-N01,GENETICO,0,42,149,9000,84.448333
BASE,OPERACION_DIARIA-NORMAL-N01,GENETICO,0,42,150,9060,84.448333
BASE,OPERACION_DIARIA-NORMAL-N01,RECOCIDO_SIMULADO,0,42,0,101,86.263333
BASE,OPERACION_DIARIA-NORMAL-N01,RECOCIDO_SIMULADO,0,42,1,141,86.263333
BASE,OPERACION_DIARIA-NORMAL-N01,RECOCIDO_SIMULADO,0,42,2,181,86.263333
BASE,OPERACION_DIARIA-NORMAL-N01,RECOCIDO_SIMULADO,0,42,3,221,86.263333
BASE,OPERACION_DIARIA-NORMAL-N01,RECOCIDO_SIMULADO,0,42,4,261,86.263333
BASE,OPERACION_DIARIA-NORMAL-N01,RECOCIDO_SIMULADO,0,42,5,301,86.263333
BASE,OPERACION_DIARIA-NORMAL-N01,RECOCIDO_SIMULADO,0,42,6,341,86.263333
BASE,OPERACION_DIARIA-NORMAL-N01,RECOCIDO_SIMULADO,0,42,7,381,86.263333
BASE,OPERACION_DIARIA-NORMAL-N01,RECOCIDO_SIMULADO,0,42,8,421,86.263333
BASE,OPERACION_DIARIA-NORMAL-N01,RECOCIDO_SIMULADO,0,42,9,461,86.263333
BASE,OPERACION_DIARIA-NORMAL-N01,RECOCIDO_SIMULADO,0,42,10,501,86.263333
BASE,OPERACION_DIARIA-NORMAL-N01,RECOCIDO_SIMULADO,0,42,11,541,86.263333
BASE,OPERACION_DIARIA-NORMAL-N01,RECOCIDO_SIMULADO,0,42,12,581,86.263333
BASE,OPERACION_DIARIA-NORMAL-N01,RECOCIDO_SIMULADO,0,42,13,621,86.263333
BASE,OPERACION_DIARIA-NORMAL-N01,RECOCIDO_SIMULADO,0,42,14,661,86.263333
BASE,OPERACION_DIARIA-NORMAL-N01,RECOCIDO_SIMULADO,0,42,15,701,86.263333
BASE,OPERACION_DIARIA-NORMAL-N01,RECOCIDO_SIMULADO,0,42,16,741,86.263333
BASE,OPERACION_DIARIA-NORMAL-N01,RECOCIDO_SIMULADO,0,42,17,781,86.263333
BASE,OPERACION_DIARIA-NORMAL-N01,RECOCIDO_SIMULADO,0,42,18,821,86.263333
BASE,OPERACION_DIARIA-NORMAL-N01,RECOCIDO_SIMULADO,0,42,19,861,86.263333
BASE,OPERACION_DIARIA-NORMAL-N01,RECOCIDO_SIMULADO,1,43,0,101,86.263333
BASE,OPERACION_DIARIA-NORMAL-N01,RECOCIDO_SIMULADO,1,43,1,141,86.263333
BASE,OPERACION_DIARIA-NORMAL-N01,RECOCIDO_SIMULADO,1,43,2,181,86.263333
BASE,OPERACION_DIARIA-NORMAL-N01,RECOCIDO_SIMULADO,1,43,3,221,86.263333
BASE,OPERACION_DIARIA-NORMAL-N01,RECOCIDO_SIMULADO,1,43,4,261,86.263333
BASE,OPERACION_DIARIA-NORMAL-N01,RECOCIDO_SIMULADO,1,43,5,301,86.263333
BASE,OPERACION_DIARIA-NORMAL-N01,RECOCIDO_SIMULADO,1,43,6,341,86.263333
BASE,OPERACION_DIARIA-NORMAL-N01,RECOCIDO_SIMULADO,1,43,7,381,86.263333
BASE,OPERACION_DIARIA-NORMAL-N01,RECOCIDO_SIMULADO,1,43,8,421,86.263333
BASE,OPERACION_DIARIA-NORMAL-N01,RECOCIDO_SIMULADO,1,43,9,461,86.263333
BASE,OPERACION_DIARIA-NORMAL-N01,RECOCIDO_SIMULADO,1,43,10,501,86.263333
BASE,OPERACION_DIARIA-NORMAL-N01,RECOCIDO_SIMULADO,1,43,11,541,86.263333
BASE,OPERACION_DIARIA-NORMAL-N01,RECOCIDO_SIMULADO,1,43,12,581,86.263333
BASE,OPERACION_DIARIA-NORMAL-N01,RECOCIDO_SIMULADO,1,43,13,621,86.263333
BASE,OPERACION_DIARIA-NORMAL-N01,RECOCIDO_SIMULADO,1,43,14,661,86.263333
BASE,OPERACION_DIARIA-NORMAL-N01,RECOCIDO_SIMULADO,1,43,15,701,86.263333
BASE,OPERACION_DIARIA-NORMAL-N01,RECOCIDO_SIMULADO,1,43,16,741,86.263333
BASE,OPERACION_DIARIA-NORMAL-N01,RECOCIDO_SIMULADO,1,43,17,781,86.263333
BASE,OPERACION_DIARIA-NORMAL-N01,GENETICO,1,43,0,60,85.628333
BASE,OPERACION_DIARIA-NORMAL-N01,GENETICO,1,43,1,120,85.273333
BASE,OPERACION_DIARIA-NORMAL-N01,GENETICO,1,43,2,180,85.003333
BASE,OPERACION_DIARIA-NORMAL-N01,GENETICO,1,43,3,240,85.003333
BASE,OPERACION_DIARIA-NORMAL-N01,GENETICO,1,43,4,300,84.988333
BASE,OPERACION_DIARIA-NORMAL-N01,GENETICO,1,43,5,360,84.943333
BASE,OPERACION_DIARIA-NORMAL-N01,GENETICO,1,43,6,420,84.778333
BASE,OPERACION_DIARIA-NORMAL-N01,GENETICO,1,43,7,480,84.778333
BASE,OPERACION_DIARIA-NORMAL-N01,GENETICO,1,43,8,540,84.778333
BASE,OPERACION_DIARIA-NORMAL-N01,GENETICO,1,43,9,600,84.763333
BASE,OPERACION_DIARIA-NORMAL-N01,GENETICO,1,43,10,660,84.763333
BASE,OPERACION_DIARIA-NORMAL-N01,GENETICO,1,43,11,720,84.763333
BASE,OPERACION_DIARIA-NORMAL-N01,GENETICO,1,43,12,780,84.763333
BASE,OPERACION_DIARIA-NORMAL-N01,GENETICO,1,43,13,840,84.703333
BASE,OPERACION_DIARIA-NORMAL-N01,GENETICO,1,43,14,900,84.703333
BASE,OPERACION_DIARIA-NORMAL-N01,GENETICO,1,43,15,960,84.703333
BASE,OPERACION_DIARIA-NORMAL-N01,GENETICO,1,43,16,1020,84.703333
BASE,OPERACION_DIARIA-NORMAL-N01,GENETICO,1,43,17,1080,84.703333
BASE,OPERACION_DIARIA-NORMAL-N01,GENETICO,1,43,18,1140,84.703333
BASE,OPERACION_DIARIA-NORMAL-N01,GENETICO,1,43,19,1200,84.703333
BASE,OPERACION_DIARIA-NORMAL-N01,GENETICO,1,43,20,1260,84.703333
BASE,OPERACION_DIARIA-NORMAL-N01,GENETICO,1,43,21,1320,84.703333
BASE,OPERACION_DIARIA-NORMAL-N01,GENETICO,1,43,22,1380,84.673333
BASE,OPERACION_DIARIA-NORMAL-N01,GENETICO,1,43,23,1440,84.673333
BASE,OPERACION_DIARIA-NORMAL-N01,GENETICO,1,43,24,1500,84.673333
BASE,OPERACION_DIARIA-NORMAL-N01,GENETICO,1,43,25,1560,84.673333
BASE,OPERACION_DIARIA-NORMAL-N01,GENETICO,1,43,26,1620,84.673333
BASE,OPERACION_DIARIA-NORMAL-N01,GENETICO,1,43,27,1680,84.673333
BASE,OPERACION_DIARIA-NORMAL-N01,GENETICO,1,43,28,1740,84.673333
BASE,OPERACION_DIARIA-NORMAL-N01,GENETICO,1,43,29,1800,84.673333
BASE,OPERACION_DIARIA-NORMAL-N01,GENETICO,1,43,30,1860,84.673333
BASE,OPERACION_DIARIA-NORMAL-N01,GENETICO,1,43,31,1920,84.673333
BASE,OPERACION_DIARIA-NORMAL-N01,GENETICO,1,43,32,1980,84.673333
BASE,OPERACION_DIARIA-NORMAL-N01,GENETICO,1,43,33,2040,84.673333
BASE,OPERACION_DIARIA-NORMAL-N01,GENETICO,1,43,34,2100,84.673333
BASE,OPERACION_DIARIA-NORMAL-N01,GENETICO,1,43,35,2160,84.673333
BASE,OPERACION_DIARIA-NORMAL-N01,GENETICO,1,43,36,2220,84.463333
BASE,OPERACION_DIARIA-NORMAL-N01,GENETICO,1,43,37,2280,84.463333
BASE,OPERACION_DIARIA-NORMAL-N01,GENETICO,1,43,38,2340,84.463333
BASE,OPERACION_DIARIA-NORMAL-N01,GENETICO,1,43,39,2400,84.463333
BASE,OPERACION_DIARIA-NORMAL-N01,GENETICO,1,43,40,2460,84.463333
BASE,OPERACION_DIARIA-NORMAL-N01,GENETICO,1,43,41,2520,84.463333
BASE,OPERACION_DIARIA-NORMAL-N01,GENETICO,1,43,42,2580,84.463333
BASE,OPERACION_DIARIA-NORMAL-N01,GENETICO,1,43,43,2640,84.463333
BASE,OPERACION_DIARIA-NORMAL-N01,GENETICO,1,43,44,2700,84.463333
BASE,OPERACION_DIARIA-NORMAL-N01,GENETICO,1,43,45,2760,84.463333
BASE,OPERACION_DIARIA-NORMAL-N01,GENETICO,1,43,46,2820,84.463333
BASE,OPERACION_DIARIA-NORMAL-N01,GENETICO,1,43,47,2880,84.463333
BASE,OPERACION_DIARIA-NORMAL-N01,GENETICO,1,43,48,2940,84.463333
BASE,OPERACION_DIARIA-NORMAL-N01,GENETICO,1,43,49,3000,84.463333
BASE,OPERACION_DIARIA-NORMAL-N01,GENETICO,1,43,50,3060,84.463333
BASE,OPERACION_DIARIA-NORMAL-N01,GENETICO,1,43,51,3120,84.463333
BASE,OPERACION_DIARIA-NORMAL-N01,GENETICO,1,43,52,3180,84.463333
BASE,OPERACION_DIARIA-NORMAL-N01,GENETICO,1,43,53,3240,84.463333
BASE,OPERACION_DIARIA-NORMAL-N01,GENETICO,1,43,54,3300,84.463333
BASE,OPERACION_DIARIA-NORMAL-N01,GENETICO,1,43,55,3360,84.463333
BASE,OPERACION_DIARIA-NORMAL-N01,GENETICO,1,43,56,3420,84.463333
BASE,OPERACION_DIARIA-NORMAL-N01,GENETICO,1,43,57,3480,84.463333
BASE,OPERACION_DIARIA-NORMAL-N01,GENETICO,1,43,58,3540,84.463333
BASE,OPERACION_DIARIA-NORMAL-N01,GENETICO,1,43,59,3600,84.463333
BASE,OPERACION_DIARIA-NORMAL-N01,GENETICO,1,43,60,3660,84.463333
BASE,OPERACION_DIARIA-NORMAL-N01,GENETICO,1,43,61,3720,84.463333
BASE,OPERACION_DIARIA-NORMAL-N01,GENETICO,1,43,62,3780,84.463333
BASE,OPERACION_DIARIA-NORMAL-N01,GENETICO,1,43,63,3840,84.463333
BASE,OPERACION_DIARIA-NORMAL-N01,GENETICO,1,43,64,3900,84.463333
BASE,OPERACION_DIARIA-NORMAL-N01,GENETICO,1,43,65,3960,84.463333
BASE,OPERACION_DIARIA-NORMAL-N01,GENETICO,1,43,66,4020,84.463333
BASE,OPERACION_DIARIA-NORMAL-N01,GENETICO,1,43,67,4080,84.463333
BASE,OPERACION_DIARIA-NORMAL-N01,GENETICO,1,43,68,4140,84.463333
BASE,OPERACION_DIARIA-NORMAL-N01,GENETICO,1,43,69,4200,84.463333
BASE,OPERACION_DIARIA-NORMAL-N01,GENETICO,1,43,70,4260,84.463333
BASE,OPERACION_DIARIA-NORMAL-N01,GENETICO,1,43,71,4320,84.463333
BASE,OPERACION_DIARIA-NORMAL-N01,GENETICO,1,43,72,4380,84.463333
BASE,OPERACION_DIARIA-NORMAL-N01,GENETICO,1,43,73,4440,84.463333
BASE,OPERACION_DIARIA-NORMAL-N01,GENETICO,1,43,74,4500,84.463333
BASE,OPERACION_DIARIA-NORMAL-N01,GENETICO,1,43,75,4560,84.463333
BASE,OPERACION_DIARIA-NORMAL-N01,GENETICO,1,43,76,4620,84.463333
BASE,OPERACION_DIARIA-NORMAL-N01,GENETICO,1,43,77,4680,84.463333
BASE,OPERACION_DIARIA-NORMAL-N01,GENETICO,1,43,78,4740,84.463333
BASE,OPERACION_DIARIA-NORMAL-N01,GENETICO,1,43,79,4800,84.463333
BASE,OPERACION_DIARIA-NORMAL-N01,GENETICO,1,43,80,4860,84.463333
BASE,OPERACION_DIARIA-NORMAL-N01,GENETICO,1,43,81,4920,84.463333
BASE,OPERACION_DIARIA-NORMAL-N01,GENETICO,1,43,82,4980,84.463333
BASE,OPERACION_DIARIA-NORMAL-N01,GENETICO,1,43,83,5040,84.463333
BASE,OPERACION_DIARIA-NORMAL-N01,GENETICO,1,43,84,5100,84.463333
BASE,OPERACION_DIARIA-NORMAL-N01,GENETICO,1,43,85,5160,84.463333
BASE,OPERACION_DIARIA-NORMAL-N01,GENETICO,1,43,86,5220,84.463333
BASE,OPERACION_DIARIA-NORMAL-N01,GENETICO,1,43,87,5280,84.463333
BASE,OPERACION_DIARIA-NORMAL-N01,GENETICO,1,43,88,5340,84.463333
BASE,OPERACION_DIARIA-NORMAL-N01,GENETICO,1,43,89,5400,84.463333
BASE,OPERACION_DIARIA-NORMAL-N01,GENETICO,1,43,90,5460,84.463333
BASE,OPERACION_DIARIA-NORMAL-N01,GENETICO,1,43,91,5520,84.463333
BASE,OPERACION_DIARIA-NORMAL-N01,GENETICO,1,43,92,5580,84.463333
BASE,OPERACION_DIARIA-NORMAL-N01,GENETICO,1,43,93,5640,84.463333
BASE,OPERACION_DIARIA-NORMAL-N01,GENETICO,1,43,94,5700,84.463333
BASE,OPERACION_DIARIA-NORMAL-N01,GENETICO,1,43,95,5760,84.463333
BASE,OPERACION_DIARIA-NORMAL-N01,GENETICO,1,43,96,5820,84.463333
BASE,OPERACION_DIARIA-NORMAL-N01,GENETICO,1,43,97,5880,84.463333
BASE,OPERACION_DIARIA-NORMAL-N01,GENETICO,1,43,98,5940,84.463333
BASE,OPERACION_DIARIA-NORMAL-N01,GENETICO,1,43,99,6000,84.463333
BASE,OPERACION_DIARIA-NORMAL-N01,GENETICO,1,43,100,6060,84.463333
BASE,OPERACION_DIARIA-NORMAL-N01,GENETICO,1,43,101,6120,84.463333
BASE,OPERACION_DIARIA-NORMAL-N01,GENETICO,1,43,102,6180,84.463333
BASE,OPERACION_DIARIA-NORMAL-N01,GENETICO,1,43,103,6240,84.463333
BASE,OPERACION_DIARIA-NORMAL-N01,GENETICO,1,43,104,6300,84.463333
BASE,OPERACION_DIARIA-NORMAL-N01,GENETICO,1,43,105,6360,84.463333
BASE,OPERACION_DIARIA-NORMAL-N01,GENETICO,1,43,106,6420,84.463333
BASE,OPERACION_DIARIA-NORMAL-N01,GENETICO,1,43,107,6480,84.463333
BASE,OPERACION_DIARIA-NORMAL-N01,GENETICO,1,43,108,6540,84.463333
BASE,OPERACION_DIARIA-NORMAL-N01,GENETICO,1,43,109,6600,84.463333
BASE,OPERACION_DIARIA-NORMAL-N01,GENETICO,1,43,110,6660,84.463333
BASE,OPERACION_DIARIA-NORMAL-N01,GENETICO,1,43,111,6720,84.463333
BASE,OPERACION_DIARIA-NORMAL-N01,GENETICO,1,43,112,6780,84.463333
BASE,OPERACION_DIARIA-NORMAL-N01,GENETICO,1,43,113,6840,84.463333
BASE,OPERACION_DIARIA-NORMAL-N01,GENETICO,1,43,114,6900,84.463333
BASE,OPERACION_DIARIA-NORMAL-N01,GENETICO,1,43,115,6960,84.463333
BASE,OPERACION_DIARIA-NORMAL-N01,GENETICO,1,43,116,7020,84.463333
BASE,OPERACION_DIARIA-NORMAL-N01,GENETICO,1,43,117,7080,84.463333
BASE,OPERACION_DIARIA-NORMAL-N01,GENETICO,1,43,118,7140,84.463333
BASE,OPERACION_DIARIA-NORMAL-N01,GENETICO,1,43,119,7200,84.463333
BASE,OPERACION_DIARIA-NORMAL-N01,GENETICO,1,43,120,7260,84.463333
BASE,OPERACION_DIARIA-NORMAL-N01,GENETICO,1,43,121,7320,84.463333
BASE,OPERACION_DIARIA-NORMAL-N01,GENETICO,1,43,122,7380,84.463333
BASE,OPERACION_DIARIA-NORMAL-N01,GENETICO,1,43,123,7440,84.463333
BASE,OPERACION_DIARIA-NORMAL-N01,GENETICO,1,43,124,7500,84.463333
BASE,OPERACION_DIARIA-NORMAL-N01,GENETICO,1,43,125,7560,84.463333
BASE,OPERACION_DIARIA-NORMAL-N01,GENETICO,1,43,126,7620,84.463333
BASE,OPERACION_DIARIA-NORMAL-N01,GENETICO,1,43,127,7680,84.463333
BASE,OPERACION_DIARIA-NORMAL-N01,GENETICO,1,43,128,7740,84.463333
BASE,OPERACION_DIARIA-NORMAL-N01,GENETICO,1,43,129,7800,84.463333
BASE,OPERACION_DIARIA-NORMAL-N01,GENETICO,1,43,130,7860,84.463333
BASE,OPERACION_DIARIA-NORMAL-N01,GENETICO,1,43,131,7920,84.463333
BASE,OPERACION_DIARIA-NORMAL-N01,GENETICO,1,43,132,7980,84.463333
BASE,OPERACION_DIARIA-NORMAL-N01,GENETICO,1,43,133,8040,84.463333
BASE,OPERACION_DIARIA-NORMAL-N01,GENETICO,1,43,134,8100,84.463333
BASE,OPERACION_DIARIA-NORMAL-N01,GENETICO,1,43,135,8160,84.463333
BASE,OPERACION_DIARIA-NORMAL-N01,GENETICO,1,43,136,8220,84.463333
BASE,OPERACION_DIARIA-NORMAL-N01,GENETICO,1,43,137,8280,84.463333
BASE,OPERACION_DIARIA-NORMAL-N01,GENETICO,1,43,138,8340,84.463333
BASE,OPERACION_DIARIA-NORMAL-N01,GENETICO,1,43,139,8400,84.463333
BASE,OPERACION_DIARIA-NORMAL-N01,GENETICO,1,43,140,8460,84.463333
BASE,OPERACION_DIARIA-NORMAL-N01,GENETICO,1,43,141,8520,84.463333
BASE,OPERACION_DIARIA-NORMAL-N01,GENETICO,1,43,142,8580,84.463333
BASE,OPERACION_DIARIA-NORMAL-N01,GENETICO,1,43,143,8640,84.463333
BASE,OPERACION_DIARIA-NORMAL-N01,GENETICO,1,43,144,8700,84.463333
BASE,OPERACION_DIARIA-NORMAL-N01,GENETICO,1,43,145,8760,84.463333
BASE,OPERACION_DIARIA-NORMAL-N01,GENETICO,1,43,146,8820,84.463333
BASE,OPERACION_DIARIA-NORMAL-N01,GENETICO,1,43,147,8880,84.463333
BASE,OPERACION_DIARIA-NORMAL-N01,GENETICO,1,43,148,8940,84.463333
BASE,OPERACION_DIARIA-NORMAL-N01,GENETICO,1,43,149,9000,84.463333
BASE,OPERACION_DIARIA-NORMAL-N01,GENETICO,1,43,150,9060,84.463333
BASE,OPERACION_DIARIA-ALTA-N01,GENETICO,0,42,0,60,357.901667
BASE,OPERACION_DIARIA-ALTA-N01,GENETICO,0,42,1,120,357.901667
BASE,OPERACION_DIARIA-ALTA-N01,GENETICO,0,42,2,180,356.491667
BASE,OPERACION_DIARIA-ALTA-N01,GENETICO,0,42,3,240,356.491667
BASE,OPERACION_DIARIA-ALTA-N01,GENETICO,0,42,4,300,356.251667
BASE,OPERACION_DIARIA-ALTA-N01,GENETICO,0,42,5,360,355.351667
BASE,OPERACION_DIARIA-ALTA-N01,GENETICO,0,42,6,420,354.951667
BASE,OPERACION_DIARIA-ALTA-N01,GENETICO,0,42,7,480,354.951667
BASE,OPERACION_DIARIA-ALTA-N01,GENETICO,0,42,8,540,354.901667
BASE,OPERACION_DIARIA-ALTA-N01,GENETICO,0,42,9,600,354.501667
BASE,OPERACION_DIARIA-ALTA-N01,GENETICO,0,42,10,660,354.501667
BASE,OPERACION_DIARIA-ALTA-N01,GENETICO,0,42,11,720,354.351667
BASE,OPERACION_DIARIA-ALTA-N01,GENETICO,0,42,12,780,354.351667
BASE,OPERACION_DIARIA-ALTA-N01,GENETICO,0,42,13,840,354.351667
BASE,OPERACION_DIARIA-ALTA-N01,GENETICO,0,42,14,900,354.351667
BASE,OPERACION_DIARIA-ALTA-N01,GENETICO,0,42,15,960,354.351667
BASE,OPERACION_DIARIA-ALTA-N01,GENETICO,0,42,16,1020,354.351667
BASE,OPERACION_DIARIA-ALTA-N01,GENETICO,0,42,17,1080,354.351667
BASE,OPERACION_DIARIA-ALTA-N01,GENETICO,0,42,18,1140,354.351667
BASE,OPERACION_DIARIA-ALTA-N01,GENETICO,0,42,19,1200,354.351667
BASE,OPERACION_DIARIA-ALTA-N01,GENETICO,0,42,20,1260,354.001667
BASE,OPERACION_DIARIA-ALTA-N01,GENETICO,0,42,21,1320,354.001667
BASE,OPERACION_DIARIA-ALTA-N01,GENETICO,0,42,22,1380,354.001667
BASE,OPERACION_DIARIA-ALTA-N01,GENETICO,0,42,23,1440,354.001667
BASE,OPERACION_DIARIA-ALTA-N01,GENETICO,0,42,24,1500,354.001667
BASE,OPERACION_DIARIA-ALTA-N01,GENETICO,0,42,25,1560,353.841667
BASE,OPERACION_DIARIA-ALTA-N01,GENETICO,0,42,26,1620,353.601667
BASE,OPERACION_DIARIA-ALTA-N01,GENETICO,0,42,27,1680,353.318333
BASE,OPERACION_DIARIA-ALTA-N01,GENETICO,0,42,28,1740,353.318333
BASE,OPERACION_DIARIA-ALTA-N01,GENETICO,0,42,29,1800,353.318333
BASE,OPERACION_DIARIA-ALTA-N01,GENETICO,0,42,30,1860,352.851667
BASE,OPERACION_DIARIA-ALTA-N01,GENETICO,0,42,31,1920,352.851667
BASE,OPERACION_DIARIA-ALTA-N01,GENETICO,0,42,32,1980,352.851667
BASE,OPERACION_DIARIA-ALTA-N01,GENETICO,0,42,33,2040,352.285
BASE,OPERACION_DIARIA-ALTA-N01,GENETICO,0,42,34,2100,352.285
BASE,OPERACION_DIARIA-ALTA-N01,GENETICO,0,42,35,2160,352.135
BASE,OPERACION_DIARIA-ALTA-N01,GENETICO,0,42,36,2220,352.135
BASE,OPERACION_DIARIA-ALTA-N01,GENETICO,0,42,37,2280,352.135
BASE,OPERACION_DIARIA-ALTA-N01,GENETICO,0,42,38,2340,352.031667
BASE,OPERACION_DIARIA-ALTA-N01,GENETICO,0,42,39,2400,352.031667
BASE,OPERACION_DIARIA-ALTA-N01,GENETICO,0,42,40,2460,351.151667
BASE,OPERACION_DIARIA-ALTA-N01,GENETICO,0,42,41,2520,351.151667
BASE,OPERACION_DIARIA-ALTA-N01,GENETICO,0,42,42,2580,351.151667
BASE,OPERACION_DIARIA-ALTA-N01,GENETICO,0,42,43,2640,351.151667
BASE,OPERACION_DIARIA-ALTA-N01,GENETICO,0,42,44,2700,351.151667
BASE,OPERACION_DIARIA-ALTA-N01,GENETICO,0,42,45,2760,351.151667
BASE,OPERACION_DIARIA-ALTA-N01,GENETICO,0,42,46,2820,351.151667
BASE,OPERACION_DIARIA-ALTA-N01,GENETICO,0,42,47,2880,351.151667
BASE,OPERACION_DIARIA-ALTA-N01,GENETICO,0,42,48,2940,351.151667
BASE,OPERACION_DIARIA-ALTA-N01,GENETICO,0,42,49,3000,351.151667
BASE,OPERACION_DIARIA-ALTA-N01,GENETICO,0,42,50,3060,350.395
BASE,OPERACION_DIARIA-ALTA-N01,GENETICO,0,42,51,3120,350.395
BASE,OPERACION_DIARIA-ALTA-N01,GENETICO,0,42,52,3180,350.395
BASE,OPERACION_DIARIA-ALTA-N01,GENETICO,0,42,53,3240,350.395
BASE,OPERACION_DIARIA-ALTA-N01,GENETICO,0,42,54,3300,350.395
BASE,OPERACION_DIARIA-ALTA-N01,GENETICO,0,42,55,3360,350.395
BASE,OPERACION_DIARIA-ALTA-N01,GENETICO,0,42,56,3420,350.395
BASE,OPERACION_DIARIA-ALTA-N01,GENETICO,0,42,57,3480,350.395
BASE,OPERACION_DIARIA-ALTA-N01,GENETICO,0,42,58,3540,350.395
BASE,OPERACION_DIARIA-ALTA-N01,GENETICO,0,42,59,3600,350.395
BASE,OPERACION_DIARIA-ALTA-N01,GENETICO,0,42,60,3660,350.395
BASE,OPERACION_DIARIA-ALTA-N01,GENETICO,0,42,61,3720,350.305
BASE,OPERACION_DIARIA-ALTA-N01,GENETICO,0,42,62,3780,350.305
BASE,OPERACION_DIARIA-ALTA-N01,GENETICO,0,42,63,3840,350.305
BASE,OPERACION_DIARIA-ALTA-N01,GENETICO,0,42,64,3900,350.305
BASE,OPERACION_DIARIA-ALTA-N01,GENETICO,0,42,65,3960,350.305
BASE,OPERACION_DIARIA-ALTA-N01,GENETICO,0,42,66,4020,350.305
BASE,OPERACION_DIARIA-ALTA-N01,GENETICO,0,42,67,4080,350.305
BASE,OPERACION_DIARIA-ALTA-N01,GENETICO,0,42,68,4140,350.305
BASE,OPERACION_DIARIA-ALTA-N01,GENETICO,0,42,69,4200,350.305
BASE,OPERACION_DIARIA-ALTA-N01,GENETICO,0,42,70,4260,350.305
BASE,OPERACION_DIARIA-ALTA-N01,GENETICO,0,42,71,4320,350.305
BASE,OPERACION_DIARIA-ALTA-N01,GENETICO,0,42,72,4380,350.305
BASE,OPERACION_DIARIA-ALTA-N01,GENETICO,0,42,73,4440,350.305
BASE,OPERACION_DIARIA-ALTA-N01,GENETICO,0,42,74,4500,350.305
BASE,OPERACION_DIARIA-ALTA-N01,GENETICO,0,42,75,4560,350.305
BASE,OPERACION_DIARIA-ALTA-N01,GENETICO,0,42,76,4620,350.305
BASE,OPERACION_DIARIA-ALTA-N01,GENETICO,0,42,77,4680,350.305
BASE,OPERACION_DIARIA-ALTA-N01,GENETICO,0,42,78,4740,350.305
BASE,OPERACION_DIARIA-ALTA-N01,GENETICO,0,42,79,4800,350.305
BASE,OPERACION_DIARIA-ALTA-N01,GENETICO,0,42,80,4860,350.305
BASE,OPERACION_DIARIA-ALTA-N01,GENETICO,0,42,81,4920,350.305
BASE,OPERACION_DIARIA-ALTA-N01,GENETICO,0,42,82,4980,350.305
BASE,OPERACION_DIARIA-ALTA-N01,GENETICO,0,42,83,5040,350.305
BASE,OPERACION_DIARIA-ALTA-N01,GENETICO,0,42,84,5100,350.305
BASE,OPERACION_DIARIA-ALTA-N01,GENETICO,0,42,85,5160,350.305
BASE,OPERACION_DIARIA-ALTA-N01,GENETICO,0,42,86,5220,350.305
BASE,OPERACION_DIARIA-ALTA-N01,GENETICO,0,42,87,5280,350.305
BASE,OPERACION_DIARIA-ALTA-N01,GENETICO,0,42,88,5340,350.305
BASE,OPERACION_DIARIA-ALTA-N01,GENETICO,0,42,89,5400,350.305
BASE,OPERACION_DIARIA-ALTA-N01,GENETICO,0,42,90,5460,350.305
BASE,OPERACION_DIARIA-ALTA-N01,GENETICO,0,42,91,5520,350.305
BASE,OPERACION_DIARIA-ALTA-N01,GENETICO,0,42,92,5580,350.305
BASE,OPERACION_DIARIA-ALTA-N01,GENETICO,0,42,93,5640,350.305
BASE,OPERACION_DIARIA-ALTA-N01,GENETICO,0,42,94,5700,350.305
BASE,OPERACION_DIARIA-ALTA-N01,GENETICO,0,42,95,5760,350.305
BASE,OPERACION_DIARIA-ALTA-N01,GENETICO,0,42,96,5820,350.305
BASE,OPERACION_DIARIA-ALTA-N01,GENETICO,0,42,97,5880,350.305
BASE,OPERACION_DIARIA-ALTA-N01,GENETICO,0,42,98,5940,350.305
BASE,OPERACION_DIARIA-ALTA-N01,GENETICO,0,42,99,6000,350.305
BASE,OPERACION_DIARIA-ALTA-N01,GENETICO,0,42,100,6060,350.305
BASE,OPERACION_DIARIA-ALTA-N01,GENETICO,0,42,101,6120,350.305
BASE,OPERACION_DIARIA-ALTA-N01,GENETICO,0,42,102,6180,350.305
BASE,OPERACION_DIARIA-ALTA-N01,GENETICO,0,42,103,6240,350.305
BASE,OPERACION_DIARIA-ALTA-N01,GENETICO,0,42,104,6300,350.305
BASE,OPERACION_DIARIA-ALTA-N01,GENETICO,0,42,105,6360,350.305
BASE,OPERACION_DIARIA-ALTA-N01,GENETICO,0,42,106,6420,350.305
BASE,OPERACION_DIARIA-ALTA-N01,GENETICO,0,42,107,6480,350.305
BASE,OPERACION_DIARIA-ALTA-N01,GENETICO,0,42,108,6540,350.305
BASE,OPERACION_DIARIA-ALTA-N01,GENETICO,0,42,109,6600,350.305
BASE,OPERACION_DIARIA-ALTA-N01,GENETICO,0,42,110,6660,350.305
BASE,OPERACION_DIARIA-ALTA-N01,GENETICO,0,42,111,6720,350.305
BASE,OPERACION_DIARIA-ALTA-N01,GENETICO,0,42,112,6780,350.305
BASE,OPERACION_DIARIA-ALTA-N01,GENETICO,0,42,113,6840,350.305
BASE,OPERACION_DIARIA-ALTA-N01,GENETICO,0,42,114,6900,350.305
BASE,OPERACION_DIARIA-ALTA-N01,GENETICO,0,42,115,6960,350.305
BASE,OPERACION_DIARIA-ALTA-N01,GENETICO,0,42,116,7020,350.305
BASE,OPERACION_DIARIA-ALTA-N01,GENETICO,0,42,117,7080,350.305
BASE,OPERACION_DIARIA-ALTA-N01,GENETICO,0,42,118,7140,350.305
BASE,OPERACION_DIARIA-ALTA-N01,GENETICO,0,42,119,7200,350.305
BASE,OPERACION_DIARIA-ALTA-N01,GENETICO,0,42,120,7260,350.305
BASE,OPERACION_DIARIA-ALTA-N01,GENETICO,0,42,121,7320,350.305
BASE,OPERACION_DIARIA-ALTA-N01,GENETICO,0,42,122,7380,350.305
BASE,OPERACION_DIARIA-ALTA-N01,GENETICO,0,42,123,7440,350.305
BASE,OPERACION_DIARIA-ALTA-N01,GENETICO,0,42,124,7500,350.305
BASE,OPERACION_DIARIA-ALTA-N01,GENETICO,0,42,125,7560,350.305
BASE,OPERACION_DIARIA-ALTA-N01,GENETICO,0,42,126,7620,350.305
BASE,OPERACION_DIARIA-ALTA-N01,GENETICO,0,42,127,7680,350.305
BASE,OPERACION_DIARIA-ALTA-N01,GENETICO,0,42,128,7740,350.305
BASE,OPERACION_DIARIA-ALTA-N01,GENETICO,0,42,129,7800,350.305
BASE,OPERACION_DIARIA-ALTA-N01,GENETICO,0,42,130,7860,350.305
BASE,OPERACION_DIARIA-ALTA-N01,GENETICO,0,42,131,7920,350.305
BASE,OPERACION_DIARIA-ALTA-N01,GENETICO,0,42,132,7980,350.305
BASE,OPERACION_DIARIA-ALTA-N01,GENETICO,0,42,133,8040,350.305
BASE,OPERACION_DIARIA-ALTA-N01,GENETICO,0,42,134,8100,350.305
BASE,OPERACION_DIARIA-ALTA-N01,GENETICO,0,42,135,8160,350.305
BASE,OPERACION_DIARIA-ALTA-N01,GENETICO,0,42,136,8220,350.305
BASE,OPERACION_DIARIA-ALTA-N01,GENETICO,0,42,137,8280,350.305
BASE,OPERACION_DIARIA-ALTA-N01,GENETICO,0,42,138,8340,350.305
BASE,OPERACION_DIARIA-ALTA-N01,GENETICO,0,42,139,8400,350.305
BASE,OPERACION_DIARIA-ALTA-N01,GENETICO,0,42,140,8460,350.305
BASE,OPERACION_DIARIA-ALTA-N01,GENETICO,0,42,141,8520,350.305
BASE,OPERACION_DIARIA-ALTA-N01,GENETICO,0,42,142,8580,350.305
BASE,OPERACION_DIARIA-ALTA-N01,GENETICO,0,42,143,8640,350.305
BASE,OPERACION_DIARIA-ALTA-N01,GENETICO,0,42,144,8700,350.305
BASE,OPERACION_DIARIA-ALTA-N01,GENETICO,0,42,145,8760,350.305
BASE,OPERACION_DIARIA-ALTA-N01,GENETICO,0,42,146,8820,350.305
BASE,OPERACION_DIARIA-ALTA-N01,GENETICO,0,42,147,8880,350.305
BASE,OPERACION_DIARIA-ALTA-N01,GENETICO,0,42,148,8940,350.305
BASE,OPERACION_DIARIA-ALTA-N01,GENETICO,0,42,149,9000,350.305
BASE,OPERACION_DIARIA-ALTA-N01,GENETICO,0,42,150,9060,350.305
BASE,OPERACION_DIARIA-ALTA-N01,RECOCIDO_SIMULADO,0,42,0,101,458.431667
BASE,OPERACION_DIARIA-ALTA-N01,RECOCIDO_SIMULADO,0,42,1,141,364.026667
BASE,OPERACION_DIARIA-ALTA-N01,RECOCIDO_SIMULADO,0,42,2,181,362.381667
BASE,OPERACION_DIARIA-ALTA-N01,RECOCIDO_SIMULADO,0,42,3,221,361.931667
BASE,OPERACION_DIARIA-ALTA-N01,RECOCIDO_SIMULADO,0,42,4,261,361.931667
BASE,OPERACION_DIARIA-ALTA-N01,RECOCIDO_SIMULADO,0,42,5,301,361.931667
BASE,OPERACION_DIARIA-ALTA-N01,RECOCIDO_SIMULADO,0,42,6,341,361.931667
BASE,OPERACION_DIARIA-ALTA-N01,RECOCIDO_SIMULADO,0,42,7,381,361.931667
BASE,OPERACION_DIARIA-ALTA-N01,RECOCIDO_SIMULADO,0,42,8,421,361.931667
BASE,OPERACION_DIARIA-ALTA-N01,RECOCIDO_SIMULADO,0,42,9,461,361.931667
BASE,OPERACION_DIARIA-ALTA-N01,RECOCIDO_SIMULADO,0,42,10,501,361.931667
BASE,OPERACION_DIARIA-ALTA-N01,RECOCIDO_SIMULADO,0,42,11,541,361.931667
BASE,OPERACION_DIARIA-ALTA-N01,RECOCIDO_SIMULADO,0,42,12,581,361.931667
BASE,OPERACION_DIARIA-ALTA-N01,RECOCIDO_SIMULADO,0,42,13,621,361.931667
BASE,OPERACION_DIARIA-ALTA-N01,RECOCIDO_SIMULADO,0,42,14,661,361.931667
BASE,OPERACION_DIARIA-ALTA-N01,RECOCIDO_SIMULADO,0,42,15,701,361.931667
BASE,OPERACION_DIARIA-ALTA-N01,RECOCIDO_SIMULADO,0,42,16,741,361.931667
BASE,OPERACION_DIARIA-ALTA-N01,RECOCIDO_SIMULADO,0,42,17,781,361.931667
BASE,OPERACION_DIARIA-ALTA-N01,RECOCIDO_SIMULADO,0,42,18,821,361.931667
BASE,OPERACION_DIARIA-ALTA-N01,RECOCIDO_SIMULADO,0,42,19,861,361.931667
BASE,OPERACION_DIARIA-ALTA-N01,RECOCIDO_SIMULADO,0,42,20,901,361.931667
BASE,OPERACION_DIARIA-ALTA-N01,RECOCIDO_SIMULADO,0,42,21,941,361.931667
BASE,OPERACION_DIARIA-ALTA-N01,RECOCIDO_SIMULADO,0,42,22,981,361.931667
BASE,OPERACION_DIARIA-ALTA-N01,RECOCIDO_SIMULADO,0,42,23,1021,361.931667
BASE,OPERACION_DIARIA-ALTA-N01,RECOCIDO_SIMULADO,1,43,0,101,615.491667
BASE,OPERACION_DIARIA-ALTA-N01,RECOCIDO_SIMULADO,1,43,1,141,404.716667
BASE,OPERACION_DIARIA-ALTA-N01,RECOCIDO_SIMULADO,1,43,2,181,404.716667
BASE,OPERACION_DIARIA-ALTA-N01,RECOCIDO_SIMULADO,1,43,3,221,403.333333
BASE,OPERACION_DIARIA-ALTA-N01,RECOCIDO_SIMULADO,1,43,4,261,403.333333
BASE,OPERACION_DIARIA-ALTA-N01,RECOCIDO_SIMULADO,1,43,5,301,403.333333
BASE,OPERACION_DIARIA-ALTA-N01,RECOCIDO_SIMULADO,1,43,6,341,403.333333
BASE,OPERACION_DIARIA-ALTA-N01,RECOCIDO_SIMULADO,1,43,7,381,403.333333
BASE,OPERACION_DIARIA-ALTA-N01,RECOCIDO_SIMULADO,1,43,8,421,403.333333
BASE,OPERACION_DIARIA-ALTA-N01,RECOCIDO_SIMULADO,1,43,9,461,403.333333
BASE,OPERACION_DIARIA-ALTA-N01,RECOCIDO_SIMULADO,1,43,10,501,403.333333
BASE,OPERACION_DIARIA-ALTA-N01,RECOCIDO_SIMULADO,1,43,11,541,403.333333
BASE,OPERACION_DIARIA-ALTA-N01,RECOCIDO_SIMULADO,1,43,12,581,403.333333
BASE,OPERACION_DIARIA-ALTA-N01,RECOCIDO_SIMULADO,1,43,13,621,403.333333
BASE,OPERACION_DIARIA-ALTA-N01,RECOCIDO_SIMULADO,1,43,14,661,403.333333
BASE,OPERACION_DIARIA-ALTA-N01,RECOCIDO_SIMULADO,1,43,15,701,403.333333
BASE,OPERACION_DIARIA-ALTA-N01,RECOCIDO_SIMULADO,1,43,16,741,403.333333
BASE,OPERACION_DIARIA-ALTA-N01,RECOCIDO_SIMULADO,1,43,17,781,403.333333
BASE,OPERACION_DIARIA-ALTA-N01,RECOCIDO_SIMULADO,1,43,18,821,403.333333
BASE,OPERACION_DIARIA-ALTA-N01,RECOCIDO_SIMULADO,1,43,19,861,403.333333
BASE,OPERACION_DIARIA-ALTA-N01,RECOCIDO_SIMULADO,1,43,20,901,403.333333
BASE,OPERACION_DIARIA-ALTA-N01,RECOCIDO_SIMULADO,1,43,21,941,403.333333
BASE,OPERACION_DIARIA-ALTA-N01,RECOCIDO_SIMULADO,1,43,22,981,403.333333
BASE,OPERACION_DIARIA-ALTA-N01,GENETICO,1,43,0,60,534.03
BASE,OPERACION_DIARIA-ALTA-N01,GENETICO,1,43,1,120,533.93
BASE,OPERACION_DIARIA-ALTA-N01,GENETICO,1,43,2,180,533.93
BASE,OPERACION_DIARIA-ALTA-N01,GENETICO,1,43,3,240,531.985
BASE,OPERACION_DIARIA-ALTA-N01,GENETICO,1,43,4,300,531.985
BASE,OPERACION_DIARIA-ALTA-N01,GENETICO,1,43,5,360,531.83
BASE,OPERACION_DIARIA-ALTA-N01,GENETICO,1,43,6,420,531.33
BASE,OPERACION_DIARIA-ALTA-N01,GENETICO,1,43,7,480,530.79
BASE,OPERACION_DIARIA-ALTA-N01,GENETICO,1,43,8,540,530.49
BASE,OPERACION_DIARIA-ALTA-N01,GENETICO,1,43,9,600,529.006667
BASE,OPERACION_DIARIA-ALTA-N01,GENETICO,1,43,10,660,529.006667
BASE,OPERACION_DIARIA-ALTA-N01,GENETICO,1,43,11,720,529.006667
BASE,OPERACION_DIARIA-ALTA-N01,GENETICO,1,43,12,780,528.67
BASE,OPERACION_DIARIA-ALTA-N01,GENETICO,1,43,13,840,528.32
BASE,OPERACION_DIARIA-ALTA-N01,GENETICO,1,43,14,900,528.32
BASE,OPERACION_DIARIA-ALTA-N01,GENETICO,1,43,15,960,528.22
BASE,OPERACION_DIARIA-ALTA-N01,GENETICO,1,43,16,1020,528.22
BASE,OPERACION_DIARIA-ALTA-N01,GENETICO,1,43,17,1080,527.278333
BASE,OPERACION_DIARIA-ALTA-N01,GENETICO,1,43,18,1140,526.978333
BASE,OPERACION_DIARIA-ALTA-N01,GENETICO,1,43,19,1200,526.978333
BASE,OPERACION_DIARIA-ALTA-N01,GENETICO,1,43,20,1260,526.978333
BASE,OPERACION_DIARIA-ALTA-N01,GENETICO,1,43,21,1320,526.978333
BASE,OPERACION_DIARIA-ALTA-N01,GENETICO,1,43,22,1380,526.978333
BASE,OPERACION_DIARIA-ALTA-N01,GENETICO,1,43,23,1440,526.828333
BASE,OPERACION_DIARIA-ALTA-N01,GENETICO,1,43,24,1500,526.828333
BASE,OPERACION_DIARIA-ALTA-N01,GENETICO,1,43,25,1560,526.828333
BASE,OPERACION_DIARIA-ALTA-N01,GENETICO,1,43,26,1620,526.478333
BASE,OPERACION_DIARIA-ALTA-N01,GENETICO,1,43,27,1680,526.478333
BASE,OPERACION_DIARIA-ALTA-N01,GENETICO,1,43,28,1740,526.478333
BASE,OPERACION_DIARIA-ALTA-N01,GENETICO,1,43,29,1800,526.128333
BASE,OPERACION_DIARIA-ALTA-N01,GENETICO,1,43,30,1860,526.128333
BASE,OPERACION_DIARIA-ALTA-N01,GENETICO,1,43,31,1920,525.828333
BASE,OPERACION_DIARIA-ALTA-N01,GENETICO,1,43,32,1980,525.828333
BASE,OPERACION_DIARIA-ALTA-N01,GENETICO,1,43,33,2040,525.828333
BASE,OPERACION_DIARIA-ALTA-N01,GENETICO,1,43,34,2100,525.391667
BASE,OPERACION_DIARIA-ALTA-N01,GENETICO,1,43,35,2160,525.391667
BASE,OPERACION_DIARIA-ALTA-N01,GENETICO,1,43,36,2220,525.391667
BASE,OPERACION_DIARIA-ALTA-N01,GENETICO,1,43,37,2280,525.391667
BASE,OPERACION_DIARIA-ALTA-N01,GENETICO,1,43,38,2340,525.391667
BASE,OPERACION_DIARIA-ALTA-N01,GENETICO,1,43,39,2400,525.391667
BASE,OPERACION_DIARIA-ALTA-N01,GENETICO,1,43,40,2460,525.391667
BASE,OPERACION_DIARIA-ALTA-N01,GENETICO,1,43,41,2520,525.391667
BASE,OPERACION_DIARIA-ALTA-N01,GENETICO,1,43,42,2580,525.391667
BASE,OPERACION_DIARIA-ALTA-N01,GENETICO,1,43,43,2640,525.391667
BASE,OPERACION_DIARIA-ALTA-N01,GENETICO,1,43,44,2700,525.391667
BASE,OPERACION_DIARIA-ALTA-N01,GENETICO,1,43,45,2760,525.391667
BASE,OPERACION_DIARIA-ALTA-N01,GENETICO,1,43,46,2820,525.391667
BASE,OPERACION_DIARIA-ALTA-N01,GENETICO,1,43,47,2880,525.391667
BASE,OPERACION_DIARIA-ALTA-N01,GENETICO,1,43,48,2940,525.391667
BASE,OPERACION_DIARIA-ALTA-N01,GENETICO,1,43,49,3000,525.391667
BASE,OPERACION_DIARIA-ALTA-N01,GENETICO,1,43,50,3060,525.391667
BASE,OPERACION_DIARIA-ALTA-N01,GENETICO,1,43,51,3120,525.391667
BASE,OPERACION_DIARIA-ALTA-N01,GENETICO,1,43,52,3180,525.391667
BASE,OPERACION_DIARIA-ALTA-N01,GENETICO,1,43,53,3240,525.391667
BASE,OPERACION_DIARIA-ALTA-N01,GENETICO,1,43,54,3300,525.391667
BASE,OPERACION_DIARIA-ALTA-N01,GENETICO,1,43,55,3360,525.391667
BASE,OPERACION_DIARIA-ALTA-N01,GENETICO,1,43,56,3420,525.391667
BASE,OPERACION_DIARIA-ALTA-N01,GENETICO,1,43,57,3480,525.391667
BASE,OPERACION_DIARIA-ALTA-N01,GENETICO,1,43,58,3540,525.391667
BASE,OPERACION_DIARIA-ALTA-N01,GENETICO,1,43,59,3600,525.391667
BASE,OPERACION_DIARIA-ALTA-N01,GENETICO,1,43,60,3660,525.391667
BASE,OPERACION_DIARIA-ALTA-N01,GENETICO,1,43,61,3720,525.391667
BASE,OPERACION_DIARIA-ALTA-N01,GENETICO,1,43,62,3780,525.391667
BASE,OPERACION_DIARIA-ALTA-N01,GENETICO,1,43,63,3840,525.391667
BASE,OPERACION_DIARIA-ALTA-N01,GENETICO,1,43,64,3900,525.391667
BASE,OPERACION_DIARIA-ALTA-N01,GENETICO,1,43,65,3960,525.391667
BASE,OPERACION_DIARIA-ALTA-N01,GENETICO,1,43,66,4020,525.391667
BASE,OPERACION_DIARIA-ALTA-N01,GENETICO,1,43,67,4080,525.391667
BASE,OPERACION_DIARIA-ALTA-N01,GENETICO,1,43,68,4140,525.391667
BASE,OPERACION_DIARIA-ALTA-N01,GENETICO,1,43,69,4200,525.391667
BASE,OPERACION_DIARIA-ALTA-N01,GENETICO,1,43,70,4260,525.391667
BASE,OPERACION_DIARIA-ALTA-N01,GENETICO,1,43,71,4320,525.391667
BASE,OPERACION_DIARIA-ALTA-N01,GENETICO,1,43,72,4380,525.391667
BASE,OPERACION_DIARIA-ALTA-N01,GENETICO,1,43,73,4440,525.391667
BASE,OPERACION_DIARIA-ALTA-N01,GENETICO,1,43,74,4500,525.391667
BASE,OPERACION_DIARIA-ALTA-N01,GENETICO,1,43,75,4560,525.391667
BASE,OPERACION_DIARIA-ALTA-N01,GENETICO,1,43,76,4620,525.391667
BASE,OPERACION_DIARIA-ALTA-N01,GENETICO,1,43,77,4680,525.391667
BASE,OPERACION_DIARIA-ALTA-N01,GENETICO,1,43,78,4740,525.391667
BASE,OPERACION_DIARIA-ALTA-N01,GENETICO,1,43,79,4800,525.391667
BASE,OPERACION_DIARIA-ALTA-N01,GENETICO,1,43,80,4860,525.391667
BASE,OPERACION_DIARIA-ALTA-N01,GENETICO,1,43,81,4920,525.391667
BASE,OPERACION_DIARIA-ALTA-N01,GENETICO,1,43,82,4980,525.391667
BASE,OPERACION_DIARIA-ALTA-N01,GENETICO,1,43,83,5040,525.391667
BASE,OPERACION_DIARIA-ALTA-N01,GENETICO,1,43,84,5100,525.391667
BASE,OPERACION_DIARIA-ALTA-N01,GENETICO,1,43,85,5160,525.391667
BASE,OPERACION_DIARIA-ALTA-N01,GENETICO,1,43,86,5220,525.391667
BASE,OPERACION_DIARIA-ALTA-N01,GENETICO,1,43,87,5280,525.391667
BASE,OPERACION_DIARIA-ALTA-N01,GENETICO,1,43,88,5340,525.391667
BASE,OPERACION_DIARIA-ALTA-N01,GENETICO,1,43,89,5400,525.391667
BASE,OPERACION_DIARIA-ALTA-N01,GENETICO,1,43,90,5460,525.391667
BASE,OPERACION_DIARIA-ALTA-N01,GENETICO,1,43,91,5520,525.391667
BASE,OPERACION_DIARIA-ALTA-N01,GENETICO,1,43,92,5580,525.391667
BASE,OPERACION_DIARIA-ALTA-N01,GENETICO,1,43,93,5640,525.391667
BASE,OPERACION_DIARIA-ALTA-N01,GENETICO,1,43,94,5700,525.391667
BASE,OPERACION_DIARIA-ALTA-N01,GENETICO,1,43,95,5760,525.391667
BASE,OPERACION_DIARIA-ALTA-N01,GENETICO,1,43,96,5820,525.391667
BASE,OPERACION_DIARIA-ALTA-N01,GENETICO,1,43,97,5880,525.391667
BASE,OPERACION_DIARIA-ALTA-N01,GENETICO,1,43,98,5940,525.391667
BASE,OPERACION_DIARIA-ALTA-N01,GENETICO,1,43,99,6000,525.391667
BASE,OPERACION_DIARIA-ALTA-N01,GENETICO,1,43,100,6060,525.391667
BASE,OPERACION_DIARIA-ALTA-N01,GENETICO,1,43,101,6120,525.391667
BASE,OPERACION_DIARIA-ALTA-N01,GENETICO,1,43,102,6180,525.391667
BASE,OPERACION_DIARIA-ALTA-N01,GENETICO,1,43,103,6240,525.391667
BASE,OPERACION_DIARIA-ALTA-N01,GENETICO,1,43,104,6300,525.391667
BASE,OPERACION_DIARIA-ALTA-N01,GENETICO,1,43,105,6360,525.391667
BASE,OPERACION_DIARIA-ALTA-N01,GENETICO,1,43,106,6420,525.391667
BASE,OPERACION_DIARIA-ALTA-N01,GENETICO,1,43,107,6480,525.391667
BASE,OPERACION_DIARIA-ALTA-N01,GENETICO,1,43,108,6540,525.391667
BASE,OPERACION_DIARIA-ALTA-N01,GENETICO,1,43,109,6600,525.391667
BASE,OPERACION_DIARIA-ALTA-N01,GENETICO,1,43,110,6660,525.391667
BASE,OPERACION_DIARIA-ALTA-N01,GENETICO,1,43,111,6720,525.391667
BASE,OPERACION_DIARIA-ALTA-N01,GENETICO,1,43,112,6780,525.391667
BASE,OPERACION_DIARIA-ALTA-N01,GENETICO,1,43,113,6840,525.391667
BASE,OPERACION_DIARIA-ALTA-N01,GENETICO,1,43,114,6900,525.391667
BASE,OPERACION_DIARIA-ALTA-N01,GENETICO,1,43,115,6960,525.391667
BASE,OPERACION_DIARIA-ALTA-N01,GENETICO,1,43,116,7020,525.391667
BASE,OPERACION_DIARIA-ALTA-N01,GENETICO,1,43,117,7080,525.391667
BASE,OPERACION_DIARIA-ALTA-N01,GENETICO,1,43,118,7140,525.391667
BASE,OPERACION_DIARIA-ALTA-N01,GENETICO,1,43,119,7200,525.391667
BASE,OPERACION_DIARIA-ALTA-N01,GENETICO,1,43,120,7260,525.391667
BASE,OPERACION_DIARIA-ALTA-N01,GENETICO,1,43,121,7320,525.391667
BASE,OPERACION_DIARIA-ALTA-N01,GENETICO,1,43,122,7380,525.391667
BASE,OPERACION_DIARIA-ALTA-N01,GENETICO,1,43,123,7440,525.391667
BASE,OPERACION_DIARIA-ALTA-N01,GENETICO,1,43,124,7500,525.391667
BASE,OPERACION_DIARIA-ALTA-N01,GENETICO,1,43,125,7560,525.391667
BASE,OPERACION_DIARIA-ALTA-N01,GENETICO,1,43,126,7620,525.391667
BASE,OPERACION_DIARIA-ALTA-N01,GENETICO,1,43,127,7680,525.391667
BASE,OPERACION_DIARIA-ALTA-N01,GENETICO,1,43,128,7740,525.391667
BASE,OPERACION_DIARIA-ALTA-N01,GENETICO,1,43,129,7800,525.391667
BASE,OPERACION_DIARIA-ALTA-N01,GENETICO,1,43,130,7860,525.391667
BASE,OPERACION_DIARIA-ALTA-N01,GENETICO,1,43,131,7920,525.391667
BASE,OPERACION_DIARIA-ALTA-N01,GENETICO,1,43,132,7980,525.391667
BASE,OPERACION_DIARIA-ALTA-N01,GENETICO,1,43,133,8040,525.391667
BASE,OPERACION_DIARIA-ALTA-N01,GENETICO,1,43,134,8100,525.391667
BASE,OPERACION_DIARIA-ALTA-N01,GENETICO,1,43,135,8160,525.391667
BASE,OPERACION_DIARIA-ALTA-N01,GENETICO,1,43,136,8220,525.391667
BASE,OPERACION_DIARIA-ALTA-N01,GENETICO,1,43,137,8280,525.391667
BASE,OPERACION_DIARIA-ALTA-N01,GENETICO,1,43,138,8340,525.391667
BASE,OPERACION_DIARIA-ALTA-N01,GENETICO,1,43,139,8400,525.391667
BASE,OPERACION_DIARIA-ALTA-N01,GENETICO,1,43,140,8460,525.391667
BASE,OPERACION_DIARIA-ALTA-N01,GENETICO,1,43,141,8520,525.391667
BASE,OPERACION_DIARIA-ALTA-N01,GENETICO,1,43,142,8580,525.391667
BASE,OPERACION_DIARIA-ALTA-N01,GENETICO,1,43,143,8640,525.391667
BASE,OPERACION_DIARIA-ALTA-N01,GENETICO,1,43,144,8700,525.391667
BASE,OPERACION_DIARIA-ALTA-N01,GENETICO,1,43,145,8760,525.391667
BASE,OPERACION_DIARIA-ALTA-N01,GENETICO,1,43,146,8820,525.391667
BASE,OPERACION_DIARIA-ALTA-N01,GENETICO,1,43,147,8880,525.391667
BASE,OPERACION_DIARIA-ALTA-N01,GENETICO,1,43,148,8940,525.391667
BASE,OPERACION_DIARIA-ALTA-N01,GENETICO,1,43,149,9000,525.391667
BASE,OPERACION_DIARIA-ALTA-N01,GENETICO,1,43,150,9060,525.391667
BASE,OPERACION_DIARIA-CRITICA-N01,GENETICO,0,42,0,60,1416.355
BASE,OPERACION_DIARIA-CRITICA-N01,GENETICO,0,42,1,120,1416.185
BASE,OPERACION_DIARIA-CRITICA-N01,GENETICO,0,42,2,180,1413.105
BASE,OPERACION_DIARIA-CRITICA-N01,GENETICO,0,42,3,240,1316.505
BASE,OPERACION_DIARIA-CRITICA-N01,GENETICO,0,42,4,300,1316.105
BASE,OPERACION_DIARIA-CRITICA-N01,GENETICO,0,42,5,360,1316.105
BASE,OPERACION_DIARIA-CRITICA-N01,GENETICO,0,42,6,420,1314.975
BASE,OPERACION_DIARIA-CRITICA-N01,GENETICO,0,42,7,480,1314.975
BASE,OPERACION_DIARIA-CRITICA-N01,GENETICO,0,42,8,540,1314.475
BASE,OPERACION_DIARIA-CRITICA-N01,GENETICO,0,42,9,600,1314.475
BASE,OPERACION_DIARIA-CRITICA-N01,GENETICO,0,42,10,660,1313.925
BASE,OPERACION_DIARIA-CRITICA-N01,GENETICO,0,42,11,720,1313.925
BASE,OPERACION_DIARIA-CRITICA-N01,GENETICO,0,42,12,780,1313.025
BASE,OPERACION_DIARIA-CRITICA-N01,GENETICO,0,42,13,840,1312.145
BASE,OPERACION_DIARIA-CRITICA-N01,GENETICO,0,42,14,900,1312.095
BASE,OPERACION_DIARIA-CRITICA-N01,GENETICO,0,42,15,960,1312.095
BASE,OPERACION_DIARIA-CRITICA-N01,GENETICO,0,42,16,1020,1308.915
BASE,OPERACION_DIARIA-CRITICA-N01,GENETICO,0,42,17,1080,1308.915
BASE,OPERACION_DIARIA-CRITICA-N01,GENETICO,0,42,18,1140,1308.215
BASE,OPERACION_DIARIA-CRITICA-N01,GENETICO,0,42,19,1200,1308.215
BASE,OPERACION_DIARIA-CRITICA-N01,GENETICO,0,42,20,1260,1308.215
BASE,OPERACION_DIARIA-CRITICA-N01,GENETICO,0,42,21,1320,1308.215
BASE,OPERACION_DIARIA-CRITICA-N01,GENETICO,0,42,22,1380,1305.755
BASE,OPERACION_DIARIA-CRITICA-N01,GENETICO,0,42,23,1440,1305.755
BASE,OPERACION_DIARIA-CRITICA-N01,GENETICO,0,42,24,1500,1305.755
BASE,OPERACION_DIARIA-CRITICA-N01,GENETICO,0,42,25,1560,1305.755
BASE,OPERACION_DIARIA-CRITICA-N01,GENETICO,0,42,26,1620,1305.195
BASE,OPERACION_DIARIA-CRITICA-N01,GENETICO,0,42,27,1680,1305.195
BASE,OPERACION_DIARIA-CRITICA-N01,GENETICO,0,42,28,1740,1305.195
BASE,OPERACION_DIARIA-CRITICA-N01,GENETICO,0,42,29,1800,1304.895
BASE,OPERACION_DIARIA-CRITICA-N01,GENETICO,0,42,30,1860,1304.895
BASE,OPERACION_DIARIA-CRITICA-N01,GENETICO,0,42,31,1920,1304.371667
BASE,OPERACION_DIARIA-CRITICA-N01,GENETICO,0,42,32,1980,1304.071667
BASE,OPERACION_DIARIA-CRITICA-N01,GENETICO,0,42,33,2040,1304.071667
BASE,OPERACION_DIARIA-CRITICA-N01,GENETICO,0,42,34,2100,1304.071667
BASE,OPERACION_DIARIA-CRITICA-N01,GENETICO,0,42,35,2160,1304.071667
BASE,OPERACION_DIARIA-CRITICA-N01,GENETICO,0,42,36,2220,1304.071667
BASE,OPERACION_DIARIA-CRITICA-N01,GENETICO,0,42,37,2280,1304.071667
BASE,OPERACION_DIARIA-CRITICA-N01,GENETICO,0,42,38,2340,1304.071667
BASE,OPERACION_DIARIA-CRITICA-N01,GENETICO,0,42,39,2400,1304.071667
BASE,OPERACION_DIARIA-CRITICA-N01,GENETICO,0,42,40,2460,1304.071667
BASE,OPERACION_DIARIA-CRITICA-N01,GENETICO,0,42,41,2520,1304.071667
BASE,OPERACION_DIARIA-CRITICA-N01,GENETICO,0,42,42,2580,1304.071667
BASE,OPERACION_DIARIA-CRITICA-N01,GENETICO,0,42,43,2640,1304.071667
BASE,OPERACION_DIARIA-CRITICA-N01,GENETICO,0,42,44,2700,1304.071667
BASE,OPERACION_DIARIA-CRITICA-N01,GENETICO,0,42,45,2760,1304.071667
BASE,OPERACION_DIARIA-CRITICA-N01,GENETICO,0,42,46,2820,1303.251667
BASE,OPERACION_DIARIA-CRITICA-N01,GENETICO,0,42,47,2880,1303.251667
BASE,OPERACION_DIARIA-CRITICA-N01,GENETICO,0,42,48,2940,1302.721667
BASE,OPERACION_DIARIA-CRITICA-N01,GENETICO,0,42,49,3000,1301.901667
BASE,OPERACION_DIARIA-CRITICA-N01,GENETICO,0,42,50,3060,1301.901667
BASE,OPERACION_DIARIA-CRITICA-N01,GENETICO,0,42,51,3120,1301.901667
BASE,OPERACION_DIARIA-CRITICA-N01,GENETICO,0,42,52,3180,1301.901667
BASE,OPERACION_DIARIA-CRITICA-N01,GENETICO,0,42,53,3240,1301.901667
BASE,OPERACION_DIARIA-CRITICA-N01,GENETICO,0,42,54,3300,1301.901667
BASE,OPERACION_DIARIA-CRITICA-N01,GENETICO,0,42,55,3360,1301.901667
BASE,OPERACION_DIARIA-CRITICA-N01,GENETICO,0,42,56,3420,1301.901667
BASE,OPERACION_DIARIA-CRITICA-N01,GENETICO,0,42,57,3480,1301.901667
BASE,OPERACION_DIARIA-CRITICA-N01,GENETICO,0,42,58,3540,1301.901667
BASE,OPERACION_DIARIA-CRITICA-N01,GENETICO,0,42,59,3600,1301.901667
BASE,OPERACION_DIARIA-CRITICA-N01,GENETICO,0,42,60,3660,1301.901667
BASE,OPERACION_DIARIA-CRITICA-N01,GENETICO,0,42,61,3720,1301.901667
BASE,OPERACION_DIARIA-CRITICA-N01,GENETICO,0,42,62,3780,1301.901667
BASE,OPERACION_DIARIA-CRITICA-N01,GENETICO,0,42,63,3840,1301.901667
BASE,OPERACION_DIARIA-CRITICA-N01,GENETICO,0,42,64,3900,1301.551667
BASE,OPERACION_DIARIA-CRITICA-N01,GENETICO,0,42,65,3960,1301.551667
BASE,OPERACION_DIARIA-CRITICA-N01,GENETICO,0,42,66,4020,1301.551667
BASE,OPERACION_DIARIA-CRITICA-N01,GENETICO,0,42,67,4080,1301.551667
BASE,OPERACION_DIARIA-CRITICA-N01,GENETICO,0,42,68,4140,1301.551667
BASE,OPERACION_DIARIA-CRITICA-N01,GENETICO,0,42,69,4200,1301.551667
BASE,OPERACION_DIARIA-CRITICA-N01,GENETICO,0,42,70,4260,1301.551667
BASE,OPERACION_DIARIA-CRITICA-N01,GENETICO,0,42,71,4320,1301.551667
BASE,OPERACION_DIARIA-CRITICA-N01,GENETICO,0,42,72,4380,1301.551667
BASE,OPERACION_DIARIA-CRITICA-N01,GENETICO,0,42,73,4440,1301.551667
BASE,OPERACION_DIARIA-CRITICA-N01,GENETICO,0,42,74,4500,1301.551667
BASE,OPERACION_DIARIA-CRITICA-N01,GENETICO,0,42,75,4560,1301.551667
BASE,OPERACION_DIARIA-CRITICA-N01,GENETICO,0,42,76,4620,1301.551667
BASE,OPERACION_DIARIA-CRITICA-N01,GENETICO,0,42,77,4680,1301.551667
BASE,OPERACION_DIARIA-CRITICA-N01,GENETICO,0,42,78,4740,1301.551667
BASE,OPERACION_DIARIA-CRITICA-N01,GENETICO,0,42,79,4800,1301.551667
BASE,OPERACION_DIARIA-CRITICA-N01,GENETICO,0,42,80,4860,1301.551667
BASE,OPERACION_DIARIA-CRITICA-N01,GENETICO,0,42,81,4920,1301.551667
BASE,OPERACION_DIARIA-CRITICA-N01,GENETICO,0,42,82,4980,1301.551667
BASE,OPERACION_DIARIA-CRITICA-N01,GENETICO,0,42,83,5040,1301.551667
BASE,OPERACION_DIARIA-CRITICA-N01,GENETICO,0,42,84,5100,1301.455
BASE,OPERACION_DIARIA-CRITICA-N01,GENETICO,0,42,85,5160,1301.455
BASE,OPERACION_DIARIA-CRITICA-N01,GENETICO,0,42,86,5220,1301.455
BASE,OPERACION_DIARIA-CRITICA-N01,GENETICO,0,42,87,5280,1301.455
BASE,OPERACION_DIARIA-CRITICA-N01,GENETICO,0,42,88,5340,1301.455
BASE,OPERACION_DIARIA-CRITICA-N01,GENETICO,0,42,89,5400,1301.455
BASE,OPERACION_DIARIA-CRITICA-N01,GENETICO,0,42,90,5460,1301.455
BASE,OPERACION_DIARIA-CRITICA-N01,GENETICO,0,42,91,5520,1301.455
BASE,OPERACION_DIARIA-CRITICA-N01,GENETICO,0,42,92,5580,1301.455
BASE,OPERACION_DIARIA-CRITICA-N01,GENETICO,0,42,93,5640,1301.455
BASE,OPERACION_DIARIA-CRITICA-N01,GENETICO,0,42,94,5700,1301.455
BASE,OPERACION_DIARIA-CRITICA-N01,GENETICO,0,42,95,5760,1301.455
BASE,OPERACION_DIARIA-CRITICA-N01,GENETICO,0,42,96,5820,1301.455
BASE,OPERACION_DIARIA-CRITICA-N01,GENETICO,0,42,97,5880,1301.085
BASE,OPERACION_DIARIA-CRITICA-N01,GENETICO,0,42,98,5940,1301.085
BASE,OPERACION_DIARIA-CRITICA-N01,GENETICO,0,42,99,6000,1301.085
BASE,OPERACION_DIARIA-CRITICA-N01,GENETICO,0,42,100,6060,1301.085
BASE,OPERACION_DIARIA-CRITICA-N01,GENETICO,0,42,101,6120,1301.085
BASE,OPERACION_DIARIA-CRITICA-N01,GENETICO,0,42,102,6180,1301.085
BASE,OPERACION_DIARIA-CRITICA-N01,GENETICO,0,42,103,6240,1301.085
BASE,OPERACION_DIARIA-CRITICA-N01,GENETICO,0,42,104,6300,1301.085
BASE,OPERACION_DIARIA-CRITICA-N01,GENETICO,0,42,105,6360,1301.085
BASE,OPERACION_DIARIA-CRITICA-N01,GENETICO,0,42,106,6420,1300.768333
BASE,OPERACION_DIARIA-CRITICA-N01,GENETICO,0,42,107,6480,1300.768333
BASE,OPERACION_DIARIA-CRITICA-N01,GENETICO,0,42,108,6540,1300.768333
BASE,OPERACION_DIARIA-CRITICA-N01,GENETICO,0,42,109,6600,1300.768333
BASE,OPERACION_DIARIA-CRITICA-N01,GENETICO,0,42,110,6660,1300.768333
BASE,OPERACION_DIARIA-CRITICA-N01,GENETICO,0,42,111,6720,1300.768333
BASE,OPERACION_DIARIA-CRITICA-N01,GENETICO,0,42,112,6780,1300.768333
BASE,OPERACION_DIARIA-CRITICA-N01,GENETICO,0,42,113,6840,1300.768333
BASE,OPERACION_DIARIA-CRITICA-N01,GENETICO,0,42,114,6900,1300.768333
BASE,OPERACION_DIARIA-CRITICA-N01,GENETICO,0,42,115,6960,1300.768333
BASE,OPERACION_DIARIA-CRITICA-N01,GENETICO,0,42,116,7020,1300.768333
BASE,OPERACION_DIARIA-CRITICA-N01,GENETICO,0,42,117,7080,1300.768333
BASE,OPERACION_DIARIA-CRITICA-N01,GENETICO,0,42,118,7140,1300.768333
BASE,OPERACION_DIARIA-CRITICA-N01,GENETICO,0,42,119,7200,1300.768333
BASE,OPERACION_DIARIA-CRITICA-N01,GENETICO,0,42,120,7260,1298.618333
BASE,OPERACION_DIARIA-CRITICA-N01,GENETICO,0,42,121,7320,1298.618333
BASE,OPERACION_DIARIA-CRITICA-N01,GENETICO,0,42,122,7380,1298.618333
BASE,OPERACION_DIARIA-CRITICA-N01,GENETICO,0,42,123,7440,1298.618333
BASE,OPERACION_DIARIA-CRITICA-N01,GENETICO,0,42,124,7500,1298.618333
BASE,OPERACION_DIARIA-CRITICA-N01,GENETICO,0,42,125,7560,1297.418333
BASE,OPERACION_DIARIA-CRITICA-N01,GENETICO,0,42,126,7620,1297.418333
BASE,OPERACION_DIARIA-CRITICA-N01,GENETICO,0,42,127,7680,1297.418333
BASE,OPERACION_DIARIA-CRITICA-N01,GENETICO,0,42,128,7740,1297.418333
BASE,OPERACION_DIARIA-CRITICA-N01,GENETICO,0,42,129,7800,1297.418333
BASE,OPERACION_DIARIA-CRITICA-N01,GENETICO,0,42,130,7860,1297.418333
BASE,OPERACION_DIARIA-CRITICA-N01,GENETICO,0,42,131,7920,1297.418333
BASE,OPERACION_DIARIA-CRITICA-N01,GENETICO,0,42,132,7980,1297.418333
BASE,OPERACION_DIARIA-CRITICA-N01,GENETICO,0,42,133,8040,1297.418333
BASE,OPERACION_DIARIA-CRITICA-N01,GENETICO,0,42,134,8100,1297.418333
BASE,OPERACION_DIARIA-CRITICA-N01,GENETICO,0,42,135,8160,1297.418333
BASE,OPERACION_DIARIA-CRITICA-N01,GENETICO,0,42,136,8220,1297.418333
BASE,OPERACION_DIARIA-CRITICA-N01,GENETICO,0,42,137,8280,1297.268333
BASE,OPERACION_DIARIA-CRITICA-N01,GENETICO,0,42,138,8340,1297.268333
BASE,OPERACION_DIARIA-CRITICA-N01,GENETICO,0,42,139,8400,1297.268333
BASE,OPERACION_DIARIA-CRITICA-N01,GENETICO,0,42,140,8460,1297.268333
BASE,OPERACION_DIARIA-CRITICA-N01,GENETICO,0,42,141,8520,1297.268333
BASE,OPERACION_DIARIA-CRITICA-N01,GENETICO,0,42,142,8580,1297.268333
BASE,OPERACION_DIARIA-CRITICA-N01,GENETICO,0,42,143,8640,1297.268333
BASE,OPERACION_DIARIA-CRITICA-N01,GENETICO,0,42,144,8700,1297.268333
BASE,OPERACION_DIARIA-CRITICA-N01,GENETICO,0,42,145,8760,1297.268333
BASE,OPERACION_DIARIA-CRITICA-N01,GENETICO,0,42,146,8820,1297.268333
BASE,OPERACION_DIARIA-CRITICA-N01,GENETICO,0,42,147,8880,1297.268333
BASE,OPERACION_DIARIA-CRITICA-N01,GENETICO,0,42,148,8940,1297.268333
BASE,OPERACION_DIARIA-CRITICA-N01,GENETICO,0,42,149,9000,1297.268333
BASE,OPERACION_DIARIA-CRITICA-N01,GENETICO,0,42,150,9060,1297.268333
BASE,OPERACION_DIARIA-CRITICA-N01,RECOCIDO_SIMULADO,0,42,0,101,2202.223333
BASE,OPERACION_DIARIA-CRITICA-N01,RECOCIDO_SIMULADO,0,42,1,141,1578.321667
BASE,OPERACION_DIARIA-CRITICA-N01,RECOCIDO_SIMULADO,0,42,2,181,1578.321667
BASE,OPERACION_DIARIA-CRITICA-N01,RECOCIDO_SIMULADO,0,42,3,221,1578.321667
BASE,OPERACION_DIARIA-CRITICA-N01,RECOCIDO_SIMULADO,0,42,4,261,1472.135
BASE,OPERACION_DIARIA-CRITICA-N01,RECOCIDO_SIMULADO,0,42,5,301,1472.135
BASE,OPERACION_DIARIA-CRITICA-N01,RECOCIDO_SIMULADO,0,42,6,341,1469.12
BASE,OPERACION_DIARIA-CRITICA-N01,RECOCIDO_SIMULADO,0,42,7,381,1468.013333
BASE,OPERACION_DIARIA-CRITICA-N01,RECOCIDO_SIMULADO,0,42,8,421,1447.465
BASE,OPERACION_DIARIA-CRITICA-N01,RECOCIDO_SIMULADO,0,42,9,461,1447.465
BASE,OPERACION_DIARIA-CRITICA-N01,RECOCIDO_SIMULADO,0,42,10,501,1436.921667
BASE,OPERACION_DIARIA-CRITICA-N01,RECOCIDO_SIMULADO,0,42,11,541,1436.921667
BASE,OPERACION_DIARIA-CRITICA-N01,RECOCIDO_SIMULADO,0,42,12,581,1436.921667
BASE,OPERACION_DIARIA-CRITICA-N01,RECOCIDO_SIMULADO,0,42,13,621,1436.921667
BASE,OPERACION_DIARIA-CRITICA-N01,RECOCIDO_SIMULADO,0,42,14,661,1436.921667
BASE,OPERACION_DIARIA-CRITICA-N01,RECOCIDO_SIMULADO,0,42,15,701,1343.615
BASE,OPERACION_DIARIA-CRITICA-N01,RECOCIDO_SIMULADO,0,42,16,741,1343.615
BASE,OPERACION_DIARIA-CRITICA-N01,RECOCIDO_SIMULADO,0,42,17,781,1339.151667
BASE,OPERACION_DIARIA-CRITICA-N01,RECOCIDO_SIMULADO,0,42,18,821,1333.016667
BASE,OPERACION_DIARIA-CRITICA-N01,RECOCIDO_SIMULADO,0,42,19,861,1333.016667
BASE,OPERACION_DIARIA-CRITICA-N01,RECOCIDO_SIMULADO,0,42,20,901,1333.016667
BASE,OPERACION_DIARIA-CRITICA-N01,RECOCIDO_SIMULADO,0,42,21,941,1333.016667
BASE,OPERACION_DIARIA-CRITICA-N01,RECOCIDO_SIMULADO,0,42,22,981,1333.016667
BASE,OPERACION_DIARIA-CRITICA-N01,RECOCIDO_SIMULADO,0,42,23,1021,1333.016667
BASE,OPERACION_DIARIA-CRITICA-N01,RECOCIDO_SIMULADO,0,42,24,1061,1333.016667
BASE,OPERACION_DIARIA-CRITICA-N01,RECOCIDO_SIMULADO,0,42,25,1101,1333.016667
BASE,OPERACION_DIARIA-CRITICA-N01,RECOCIDO_SIMULADO,0,42,26,1141,1333.016667
BASE,OPERACION_DIARIA-CRITICA-N01,RECOCIDO_SIMULADO,0,42,27,1181,1333.016667
BASE,OPERACION_DIARIA-CRITICA-N01,RECOCIDO_SIMULADO,0,42,28,1221,1333.016667
BASE,OPERACION_DIARIA-CRITICA-N01,RECOCIDO_SIMULADO,0,42,29,1261,1333.016667
BASE,OPERACION_DIARIA-CRITICA-N01,RECOCIDO_SIMULADO,0,42,30,1301,1333.016667
BASE,OPERACION_DIARIA-CRITICA-N01,RECOCIDO_SIMULADO,0,42,31,1341,1333.016667
BASE,OPERACION_DIARIA-CRITICA-N01,RECOCIDO_SIMULADO,0,42,32,1381,1333.016667
BASE,OPERACION_DIARIA-CRITICA-N01,RECOCIDO_SIMULADO,0,42,33,1421,1331.376667
BASE,OPERACION_DIARIA-CRITICA-N01,RECOCIDO_SIMULADO,0,42,34,1461,1327.226667
BASE,OPERACION_DIARIA-CRITICA-N01,RECOCIDO_SIMULADO,0,42,35,1501,1324.84
BASE,OPERACION_DIARIA-CRITICA-N01,RECOCIDO_SIMULADO,0,42,36,1541,1324.84
BASE,OPERACION_DIARIA-CRITICA-N01,RECOCIDO_SIMULADO,0,42,37,1581,1324.84
BASE,OPERACION_DIARIA-CRITICA-N01,RECOCIDO_SIMULADO,0,42,38,1621,1323.106667
BASE,OPERACION_DIARIA-CRITICA-N01,RECOCIDO_SIMULADO,0,42,39,1661,1322.315
BASE,OPERACION_DIARIA-CRITICA-N01,RECOCIDO_SIMULADO,0,42,40,1701,1322.275
BASE,OPERACION_DIARIA-CRITICA-N01,RECOCIDO_SIMULADO,0,42,41,1741,1320.048333
BASE,OPERACION_DIARIA-CRITICA-N01,RECOCIDO_SIMULADO,0,42,42,1781,1318.688333
BASE,OPERACION_DIARIA-CRITICA-N01,RECOCIDO_SIMULADO,0,42,43,1821,1316.228333
BASE,OPERACION_DIARIA-CRITICA-N01,RECOCIDO_SIMULADO,0,42,44,1861,1315.995
BASE,OPERACION_DIARIA-CRITICA-N01,RECOCIDO_SIMULADO,0,42,45,1901,1314.925
BASE,OPERACION_DIARIA-CRITICA-N01,RECOCIDO_SIMULADO,0,42,46,1941,1314.925
BASE,OPERACION_DIARIA-CRITICA-N01,RECOCIDO_SIMULADO,0,42,47,1981,1314.925
BASE,OPERACION_DIARIA-CRITICA-N01,RECOCIDO_SIMULADO,0,42,48,2021,1314.925
BASE,OPERACION_DIARIA-CRITICA-N01,RECOCIDO_SIMULADO,0,42,49,2061,1312.051667
BASE,OPERACION_DIARIA-CRITICA-N01,RECOCIDO_SIMULADO,0,42,50,2101,1312.051667
BASE,OPERACION_DIARIA-CRITICA-N01,RECOCIDO_SIMULADO,0,42,51,2141,1312.051667
BASE,OPERACION_DIARIA-CRITICA-N01,RECOCIDO_SIMULADO,0,42,52,2181,1312.051667
BASE,OPERACION_DIARIA-CRITICA-N01,RECOCIDO_SIMULADO,0,42,53,2221,1312.051667
BASE,OPERACION_DIARIA-CRITICA-N01,RECOCIDO_SIMULADO,0,42,54,2261,1312.051667
BASE,OPERACION_DIARIA-CRITICA-N01,RECOCIDO_SIMULADO,0,42,55,2301,1312.051667
BASE,OPERACION_DIARIA-CRITICA-N01,RECOCIDO_SIMULADO,0,42,56,2341,1312.051667
BASE,OPERACION_DIARIA-CRITICA-N01,RECOCIDO_SIMULADO,0,42,57,2381,1312.051667
BASE,OPERACION_DIARIA-CRITICA-N01,RECOCIDO_SIMULADO,0,42,58,2421,1312.051667
BASE,OPERACION_DIARIA-CRITICA-N01,RECOCIDO_SIMULADO,0,42,59,2461,1312.051667
BASE,OPERACION_DIARIA-CRITICA-N01,RECOCIDO_SIMULADO,1,43,0,101,1842.685
BASE,OPERACION_DIARIA-CRITICA-N01,RECOCIDO_SIMULADO,1,43,1,141,1525.205
BASE,OPERACION_DIARIA-CRITICA-N01,RECOCIDO_SIMULADO,1,43,2,181,1525.205
BASE,OPERACION_DIARIA-CRITICA-N01,RECOCIDO_SIMULADO,1,43,3,221,1265.45
BASE,OPERACION_DIARIA-CRITICA-N01,RECOCIDO_SIMULADO,1,43,4,261,1265.45
BASE,OPERACION_DIARIA-CRITICA-N01,RECOCIDO_SIMULADO,1,43,5,301,1265.45
BASE,OPERACION_DIARIA-CRITICA-N01,RECOCIDO_SIMULADO,1,43,6,341,1265.45
BASE,OPERACION_DIARIA-CRITICA-N01,RECOCIDO_SIMULADO,1,43,7,381,1265.45
BASE,OPERACION_DIARIA-CRITICA-N01,RECOCIDO_SIMULADO,1,43,8,421,1265.45
BASE,OPERACION_DIARIA-CRITICA-N01,RECOCIDO_SIMULADO,1,43,9,461,1265.45
BASE,OPERACION_DIARIA-CRITICA-N01,RECOCIDO_SIMULADO,1,43,10,501,1265.45
BASE,OPERACION_DIARIA-CRITICA-N01,RECOCIDO_SIMULADO,1,43,11,541,1265.45
BASE,OPERACION_DIARIA-CRITICA-N01,RECOCIDO_SIMULADO,1,43,12,581,1265.45
BASE,OPERACION_DIARIA-CRITICA-N01,RECOCIDO_SIMULADO,1,43,13,621,1265.45
BASE,OPERACION_DIARIA-CRITICA-N01,RECOCIDO_SIMULADO,1,43,14,661,1265.45
BASE,OPERACION_DIARIA-CRITICA-N01,RECOCIDO_SIMULADO,1,43,15,701,1265.45
BASE,OPERACION_DIARIA-CRITICA-N01,RECOCIDO_SIMULADO,1,43,16,741,1265.45
BASE,OPERACION_DIARIA-CRITICA-N01,RECOCIDO_SIMULADO,1,43,17,781,1265.45
BASE,OPERACION_DIARIA-CRITICA-N01,RECOCIDO_SIMULADO,1,43,18,821,1265.45
BASE,OPERACION_DIARIA-CRITICA-N01,RECOCIDO_SIMULADO,1,43,19,861,1265.45
BASE,OPERACION_DIARIA-CRITICA-N01,RECOCIDO_SIMULADO,1,43,20,901,1265.45
BASE,OPERACION_DIARIA-CRITICA-N01,RECOCIDO_SIMULADO,1,43,21,941,1265.45
BASE,OPERACION_DIARIA-CRITICA-N01,RECOCIDO_SIMULADO,1,43,22,981,1265.45
BASE,OPERACION_DIARIA-CRITICA-N01,RECOCIDO_SIMULADO,1,43,23,1021,1265.45
BASE,OPERACION_DIARIA-CRITICA-N01,RECOCIDO_SIMULADO,1,43,24,1061,1265.45
BASE,OPERACION_DIARIA-CRITICA-N01,RECOCIDO_SIMULADO,1,43,25,1101,1265.45
BASE,OPERACION_DIARIA-CRITICA-N01,GENETICO,1,43,0,60,1390.876667
BASE,OPERACION_DIARIA-CRITICA-N01,GENETICO,1,43,1,120,1390.876667
BASE,OPERACION_DIARIA-CRITICA-N01,GENETICO,1,43,2,180,1390.876667
BASE,OPERACION_DIARIA-CRITICA-N01,GENETICO,1,43,3,240,1390.876667
BASE,OPERACION_DIARIA-CRITICA-N01,GENETICO,1,43,4,300,1390.876667
BASE,OPERACION_DIARIA-CRITICA-N01,GENETICO,1,43,5,360,1388.956667
BASE,OPERACION_DIARIA-CRITICA-N01,GENETICO,1,43,6,420,1388.956667
BASE,OPERACION_DIARIA-CRITICA-N01,GENETICO,1,43,7,480,1388.956667
BASE,OPERACION_DIARIA-CRITICA-N01,GENETICO,1,43,8,540,1388.956667
BASE,OPERACION_DIARIA-CRITICA-N01,GENETICO,1,43,9,600,1388.956667
BASE,OPERACION_DIARIA-CRITICA-N01,GENETICO,1,43,10,660,1388.876667
BASE,OPERACION_DIARIA-CRITICA-N01,GENETICO,1,43,11,720,1388.176667
BASE,OPERACION_DIARIA-CRITICA-N01,GENETICO,1,43,12,780,1388.176667
BASE,OPERACION_DIARIA-CRITICA-N01,GENETICO,1,43,13,840,1388.176667
BASE,OPERACION_DIARIA-CRITICA-N01,GENETICO,1,43,14,900,1388.096667
BASE,OPERACION_DIARIA-CRITICA-N01,GENETICO,1,43,15,960,1387.646667
BASE,OPERACION_DIARIA-CRITICA-N01,GENETICO,1,43,16,1020,1387.646667
BASE,OPERACION_DIARIA-CRITICA-N01,GENETICO,1,43,17,1080,1387.646667
BASE,OPERACION_DIARIA-CRITICA-N01,GENETICO,1,43,18,1140,1387.646667
BASE,OPERACION_DIARIA-CRITICA-N01,GENETICO,1,43,19,1200,1387.556667
BASE,OPERACION_DIARIA-CRITICA-N01,GENETICO,1,43,20,1260,1387.556667
BASE,OPERACION_DIARIA-CRITICA-N01,GENETICO,1,43,21,1320,1387.556667
BASE,OPERACION_DIARIA-CRITICA-N01,GENETICO,1,43,22,1380,1387.556667
BASE,OPERACION_DIARIA-CRITICA-N01,GENETICO,1,43,23,1440,1387.146667
BASE,OPERACION_DIARIA-CRITICA-N01,GENETICO,1,43,24,1500,1385.441667
BASE,OPERACION_DIARIA-CRITICA-N01,GENETICO,1,43,25,1560,1385.441667
BASE,OPERACION_DIARIA-CRITICA-N01,GENETICO,1,43,26,1620,1385.441667
BASE,OPERACION_DIARIA-CRITICA-N01,GENETICO,1,43,27,1680,1385.441667
BASE,OPERACION_DIARIA-CRITICA-N01,GENETICO,1,43,28,1740,1385.441667
BASE,OPERACION_DIARIA-CRITICA-N01,GENETICO,1,43,29,1800,1384.091667
BASE,OPERACION_DIARIA-CRITICA-N01,GENETICO,1,43,30,1860,1384.091667
BASE,OPERACION_DIARIA-CRITICA-N01,GENETICO,1,43,31,1920,1384.091667
BASE,OPERACION_DIARIA-CRITICA-N01,GENETICO,1,43,32,1980,1383.851667
BASE,OPERACION_DIARIA-CRITICA-N01,GENETICO,1,43,33,2040,1383.851667
BASE,OPERACION_DIARIA-CRITICA-N01,GENETICO,1,43,34,2100,1383.851667
BASE,OPERACION_DIARIA-CRITICA-N01,GENETICO,1,43,35,2160,1383.551667
BASE,OPERACION_DIARIA-CRITICA-N01,GENETICO,1,43,36,2220,1383.551667
BASE,OPERACION_DIARIA-CRITICA-N01,GENETICO,1,43,37,2280,1382.201667
BASE,OPERACION_DIARIA-CRITICA-N01,GENETICO,1,43,38,2340,1382.201667
BASE,OPERACION_DIARIA-CRITICA-N01,GENETICO,1,43,39,2400,1382.201667
BASE,OPERACION_DIARIA-CRITICA-N01,GENETICO,1,43,40,2460,1381.501667
BASE,OPERACION_DIARIA-CRITICA-N01,GENETICO,1,43,41,2520,1381.501667
BASE,OPERACION_DIARIA-CRITICA-N01,GENETICO,1,43,42,2580,1381.501667
BASE,OPERACION_DIARIA-CRITICA-N01,GENETICO,1,43,43,2640,1381.501667
BASE,OPERACION_DIARIA-CRITICA-N01,GENETICO,1,43,44,2700,1381.391667
BASE,OPERACION_DIARIA-CRITICA-N01,GENETICO,1,43,45,2760,1381.391667
BASE,OPERACION_DIARIA-CRITICA-N01,GENETICO,1,43,46,2820,1380.691667
BASE,OPERACION_DIARIA-CRITICA-N01,GENETICO,1,43,47,2880,1380.691667
BASE,OPERACION_DIARIA-CRITICA-N01,GENETICO,1,43,48,2940,1380.191667
BASE,OPERACION_DIARIA-CRITICA-N01,GENETICO,1,43,49,3000,1380.191667
BASE,OPERACION_DIARIA-CRITICA-N01,GENETICO,1,43,50,3060,1379.791667
BASE,OPERACION_DIARIA-CRITICA-N01,GENETICO,1,43,51,3120,1379.791667
BASE,OPERACION_DIARIA-CRITICA-N01,GENETICO,1,43,52,3180,1379.106667
BASE,OPERACION_DIARIA-CRITICA-N01,GENETICO,1,43,53,3240,1378.756667
BASE,OPERACION_DIARIA-CRITICA-N01,GENETICO,1,43,54,3300,1378.706667
BASE,OPERACION_DIARIA-CRITICA-N01,GENETICO,1,43,55,3360,1378.356667
BASE,OPERACION_DIARIA-CRITICA-N01,GENETICO,1,43,56,3420,1378.356667
BASE,OPERACION_DIARIA-CRITICA-N01,GENETICO,1,43,57,3480,1378.356667
BASE,OPERACION_DIARIA-CRITICA-N01,GENETICO,1,43,58,3540,1378.356667
BASE,OPERACION_DIARIA-CRITICA-N01,GENETICO,1,43,59,3600,1378.356667
BASE,OPERACION_DIARIA-CRITICA-N01,GENETICO,1,43,60,3660,1378.356667
BASE,OPERACION_DIARIA-CRITICA-N01,GENETICO,1,43,61,3720,1378.356667
BASE,OPERACION_DIARIA-CRITICA-N01,GENETICO,1,43,62,3780,1378.356667
BASE,OPERACION_DIARIA-CRITICA-N01,GENETICO,1,43,63,3840,1378.356667
BASE,OPERACION_DIARIA-CRITICA-N01,GENETICO,1,43,64,3900,1378.356667
BASE,OPERACION_DIARIA-CRITICA-N01,GENETICO,1,43,65,3960,1378.356667
BASE,OPERACION_DIARIA-CRITICA-N01,GENETICO,1,43,66,4020,1378.356667
BASE,OPERACION_DIARIA-CRITICA-N01,GENETICO,1,43,67,4080,1378.273333
BASE,OPERACION_DIARIA-CRITICA-N01,GENETICO,1,43,68,4140,1378.273333
BASE,OPERACION_DIARIA-CRITICA-N01,GENETICO,1,43,69,4200,1378.273333
BASE,OPERACION_DIARIA-CRITICA-N01,GENETICO,1,43,70,4260,1378.273333
BASE,OPERACION_DIARIA-CRITICA-N01,GENETICO,1,43,71,4320,1378.273333
BASE,OPERACION_DIARIA-CRITICA-N01,GENETICO,1,43,72,4380,1378.273333
BASE,OPERACION_DIARIA-CRITICA-N01,GENETICO,1,43,73,4440,1378.273333
BASE,OPERACION_DIARIA-CRITICA-N01,GENETICO,1,43,74,4500,1378.273333
BASE,OPERACION_DIARIA-CRITICA-N01,GENETICO,1,43,75,4560,1378.273333
BASE,OPERACION_DIARIA-CRITICA-N01,GENETICO,1,43,76,4620,1378.273333
BASE,OPERACION_DIARIA-CRITICA-N01,GENETICO,1,43,77,4680,1378.273333
BASE,OPERACION_DIARIA-CRITICA-N01,GENETICO,1,43,78,4740,1378.273333
BASE,OPERACION_DIARIA-CRITICA-N01,GENETICO,1,43,79,4800,1378.273333
BASE,OPERACION_DIARIA-CRITICA-N01,GENETICO,1,43,80,4860,1378.273333
BASE,OPERACION_DIARIA-CRITICA-N01,GENETICO,1,43,81,4920,1378.273333
BASE,OPERACION_DIARIA-CRITICA-N01,GENETICO,1,43,82,4980,1378.273333
BASE,OPERACION_DIARIA-CRITICA-N01,GENETICO,1,43,83,5040,1378.273333
BASE,OPERACION_DIARIA-CRITICA-N01,GENETICO,1,43,84,5100,1378.273333
BASE,OPERACION_DIARIA-CRITICA-N01,GENETICO,1,43,85,5160,1378.273333
BASE,OPERACION_DIARIA-CRITICA-N01,GENETICO,1,43,86,5220,1378.273333
BASE,OPERACION_DIARIA-CRITICA-N01,GENETICO,1,43,87,5280,1378.273333
BASE,OPERACION_DIARIA-CRITICA-N01,GENETICO,1,43,88,5340,1378.273333
BASE,OPERACION_DIARIA-CRITICA-N01,GENETICO,1,43,89,5400,1378.273333
BASE,OPERACION_DIARIA-CRITICA-N01,GENETICO,1,43,90,5460,1378.273333
BASE,OPERACION_DIARIA-CRITICA-N01,GENETICO,1,43,91,5520,1378.273333
BASE,OPERACION_DIARIA-CRITICA-N01,GENETICO,1,43,92,5580,1378.273333
BASE,OPERACION_DIARIA-CRITICA-N01,GENETICO,1,43,93,5640,1378.273333
BASE,OPERACION_DIARIA-CRITICA-N01,GENETICO,1,43,94,5700,1378.273333
BASE,OPERACION_DIARIA-CRITICA-N01,GENETICO,1,43,95,5760,1378.273333
BASE,OPERACION_DIARIA-CRITICA-N01,GENETICO,1,43,96,5820,1378.273333
BASE,OPERACION_DIARIA-CRITICA-N01,GENETICO,1,43,97,5880,1378.273333
BASE,OPERACION_DIARIA-CRITICA-N01,GENETICO,1,43,98,5940,1378.273333
BASE,OPERACION_DIARIA-CRITICA-N01,GENETICO,1,43,99,6000,1378.273333
BASE,OPERACION_DIARIA-CRITICA-N01,GENETICO,1,43,100,6060,1378.273333
BASE,OPERACION_DIARIA-CRITICA-N01,GENETICO,1,43,101,6120,1378.193333
BASE,OPERACION_DIARIA-CRITICA-N01,GENETICO,1,43,102,6180,1378.193333
BASE,OPERACION_DIARIA-CRITICA-N01,GENETICO,1,43,103,6240,1378.193333
BASE,OPERACION_DIARIA-CRITICA-N01,GENETICO,1,43,104,6300,1378.193333
BASE,OPERACION_DIARIA-CRITICA-N01,GENETICO,1,43,105,6360,1378.193333
BASE,OPERACION_DIARIA-CRITICA-N01,GENETICO,1,43,106,6420,1378.193333
BASE,OPERACION_DIARIA-CRITICA-N01,GENETICO,1,43,107,6480,1378.193333
BASE,OPERACION_DIARIA-CRITICA-N01,GENETICO,1,43,108,6540,1378.193333
BASE,OPERACION_DIARIA-CRITICA-N01,GENETICO,1,43,109,6600,1378.193333
BASE,OPERACION_DIARIA-CRITICA-N01,GENETICO,1,43,110,6660,1378.193333
BASE,OPERACION_DIARIA-CRITICA-N01,GENETICO,1,43,111,6720,1378.193333
BASE,OPERACION_DIARIA-CRITICA-N01,GENETICO,1,43,112,6780,1378.193333
BASE,OPERACION_DIARIA-CRITICA-N01,GENETICO,1,43,113,6840,1378.193333
BASE,OPERACION_DIARIA-CRITICA-N01,GENETICO,1,43,114,6900,1378.193333
BASE,OPERACION_DIARIA-CRITICA-N01,GENETICO,1,43,115,6960,1377.243333
BASE,OPERACION_DIARIA-CRITICA-N01,GENETICO,1,43,116,7020,1377.243333
BASE,OPERACION_DIARIA-CRITICA-N01,GENETICO,1,43,117,7080,1375.51
BASE,OPERACION_DIARIA-CRITICA-N01,GENETICO,1,43,118,7140,1375.51
BASE,OPERACION_DIARIA-CRITICA-N01,GENETICO,1,43,119,7200,1375.51
BASE,OPERACION_DIARIA-CRITICA-N01,GENETICO,1,43,120,7260,1375.51
BASE,OPERACION_DIARIA-CRITICA-N01,GENETICO,1,43,121,7320,1375.51
BASE,OPERACION_DIARIA-CRITICA-N01,GENETICO,1,43,122,7380,1375.51
BASE,OPERACION_DIARIA-CRITICA-N01,GENETICO,1,43,123,7440,1375.51
BASE,OPERACION_DIARIA-CRITICA-N01,GENETICO,1,43,124,7500,1375.51
BASE,OPERACION_DIARIA-CRITICA-N01,GENETICO,1,43,125,7560,1375.51
BASE,OPERACION_DIARIA-CRITICA-N01,GENETICO,1,43,126,7620,1375.51
BASE,OPERACION_DIARIA-CRITICA-N01,GENETICO,1,43,127,7680,1375.51
BASE,OPERACION_DIARIA-CRITICA-N01,GENETICO,1,43,128,7740,1375.51
BASE,OPERACION_DIARIA-CRITICA-N01,GENETICO,1,43,129,7800,1375.51
BASE,OPERACION_DIARIA-CRITICA-N01,GENETICO,1,43,130,7860,1375.51
BASE,OPERACION_DIARIA-CRITICA-N01,GENETICO,1,43,131,7920,1375.51
BASE,OPERACION_DIARIA-CRITICA-N01,GENETICO,1,43,132,7980,1375.51
BASE,OPERACION_DIARIA-CRITICA-N01,GENETICO,1,43,133,8040,1375.51
BASE,OPERACION_DIARIA-CRITICA-N01,GENETICO,1,43,134,8100,1375.51
BASE,OPERACION_DIARIA-CRITICA-N01,GENETICO,1,43,135,8160,1375.51
BASE,OPERACION_DIARIA-CRITICA-N01,GENETICO,1,43,136,8220,1375.51
BASE,OPERACION_DIARIA-CRITICA-N01,GENETICO,1,43,137,8280,1375.51
BASE,OPERACION_DIARIA-CRITICA-N01,GENETICO,1,43,138,8340,1375.51
BASE,OPERACION_DIARIA-CRITICA-N01,GENETICO,1,43,139,8400,1375.51
BASE,OPERACION_DIARIA-CRITICA-N01,GENETICO,1,43,140,8460,1375.51
BASE,OPERACION_DIARIA-CRITICA-N01,GENETICO,1,43,141,8520,1375.51
BASE,OPERACION_DIARIA-CRITICA-N01,GENETICO,1,43,142,8580,1375.51
BASE,OPERACION_DIARIA-CRITICA-N01,GENETICO,1,43,143,8640,1375.51
BASE,OPERACION_DIARIA-CRITICA-N01,GENETICO,1,43,144,8700,1375.51
BASE,OPERACION_DIARIA-CRITICA-N01,GENETICO,1,43,145,8760,1375.51
BASE,OPERACION_DIARIA-CRITICA-N01,GENETICO,1,43,146,8820,1375.51
BASE,OPERACION_DIARIA-CRITICA-N01,GENETICO,1,43,147,8880,1375.51
BASE,OPERACION_DIARIA-CRITICA-N01,GENETICO,1,43,148,8940,1375.51
BASE,OPERACION_DIARIA-CRITICA-N01,GENETICO,1,43,149,9000,1375.51
BASE,OPERACION_DIARIA-CRITICA-N01,GENETICO,1,43,150,9060,1375.51
BASE,SIMULACION_CINCO_DIAS-NORMAL-N01,GENETICO,0,42,0,60,501053.68
BASE,SIMULACION_CINCO_DIAS-NORMAL-N01,GENETICO,0,42,1,120,501053.68
BASE,SIMULACION_CINCO_DIAS-NORMAL-N01,GENETICO,0,42,2,180,501053.68
BASE,SIMULACION_CINCO_DIAS-NORMAL-N01,GENETICO,0,42,3,240,501053.68
BASE,SIMULACION_CINCO_DIAS-NORMAL-N01,GENETICO,0,42,4,300,501053.68
BASE,SIMULACION_CINCO_DIAS-NORMAL-N01,GENETICO,0,42,5,360,501053.68
BASE,SIMULACION_CINCO_DIAS-NORMAL-N01,GENETICO,0,42,6,420,501053.68
BASE,SIMULACION_CINCO_DIAS-NORMAL-N01,GENETICO,0,42,7,480,501053.68
BASE,SIMULACION_CINCO_DIAS-NORMAL-N01,GENETICO,0,42,8,540,501053.68
BASE,SIMULACION_CINCO_DIAS-NORMAL-N01,GENETICO,0,42,9,600,501053.68
BASE,SIMULACION_CINCO_DIAS-NORMAL-N01,GENETICO,0,42,10,660,501053.68
BASE,SIMULACION_CINCO_DIAS-NORMAL-N01,GENETICO,0,42,11,720,501053.68
BASE,SIMULACION_CINCO_DIAS-NORMAL-N01,GENETICO,0,42,12,780,501053.68
BASE,SIMULACION_CINCO_DIAS-NORMAL-N01,GENETICO,0,42,13,840,501053.68
BASE,SIMULACION_CINCO_DIAS-NORMAL-N01,GENETICO,0,42,14,900,501053.68
BASE,SIMULACION_CINCO_DIAS-NORMAL-N01,GENETICO,0,42,15,960,501053.68
BASE,SIMULACION_CINCO_DIAS-NORMAL-N01,GENETICO,0,42,16,1020,501053.68
BASE,SIMULACION_CINCO_DIAS-NORMAL-N01,GENETICO,0,42,17,1080,501053.68
BASE,SIMULACION_CINCO_DIAS-NORMAL-N01,GENETICO,0,42,18,1140,501053.68
BASE,SIMULACION_CINCO_DIAS-NORMAL-N01,GENETICO,0,42,19,1200,501053.68
BASE,SIMULACION_CINCO_DIAS-NORMAL-N01,GENETICO,0,42,20,1260,501053.68
BASE,SIMULACION_CINCO_DIAS-NORMAL-N01,GENETICO,0,42,21,1320,501053.68
BASE,SIMULACION_CINCO_DIAS-NORMAL-N01,GENETICO,0,42,22,1380,501053.68
BASE,SIMULACION_CINCO_DIAS-NORMAL-N01,GENETICO,0,42,23,1440,501053.68
BASE,SIMULACION_CINCO_DIAS-NORMAL-N01,GENETICO,0,42,24,1500,501053.68
BASE,SIMULACION_CINCO_DIAS-NORMAL-N01,GENETICO,0,42,25,1560,501053.68
BASE,SIMULACION_CINCO_DIAS-NORMAL-N01,GENETICO,0,42,26,1620,501053.68
BASE,SIMULACION_CINCO_DIAS-NORMAL-N01,GENETICO,0,42,27,1680,501053.68
BASE,SIMULACION_CINCO_DIAS-NORMAL-N01,GENETICO,0,42,28,1740,501053.68
BASE,SIMULACION_CINCO_DIAS-NORMAL-N01,GENETICO,0,42,29,1800,501053.68
BASE,SIMULACION_CINCO_DIAS-NORMAL-N01,GENETICO,0,42,30,1860,501053.68
BASE,SIMULACION_CINCO_DIAS-NORMAL-N01,GENETICO,0,42,31,1920,499623.983333
BASE,SIMULACION_CINCO_DIAS-NORMAL-N01,GENETICO,0,42,32,1980,495299.92
BASE,SIMULACION_CINCO_DIAS-NORMAL-N01,GENETICO,0,42,33,2040,495299.92
BASE,SIMULACION_CINCO_DIAS-NORMAL-N01,GENETICO,0,42,34,2100,495299.92
BASE,SIMULACION_CINCO_DIAS-NORMAL-N01,GENETICO,0,42,35,2160,493625.786667
BASE,SIMULACION_CINCO_DIAS-NORMAL-N01,GENETICO,0,42,36,2220,492949.87
BASE,SIMULACION_CINCO_DIAS-NORMAL-N01,GENETICO,0,42,37,2280,492949.87
BASE,SIMULACION_CINCO_DIAS-NORMAL-N01,GENETICO,0,42,38,2340,489882.325
BASE,SIMULACION_CINCO_DIAS-NORMAL-N01,GENETICO,0,42,39,2400,487777.706667
BASE,SIMULACION_CINCO_DIAS-NORMAL-N01,GENETICO,0,42,40,2460,483560.353333
BASE,SIMULACION_CINCO_DIAS-NORMAL-N01,GENETICO,0,42,41,2520,483560.353333
BASE,SIMULACION_CINCO_DIAS-NORMAL-N01,GENETICO,0,42,42,2580,483560.353333
BASE,SIMULACION_CINCO_DIAS-NORMAL-N01,GENETICO,0,42,43,2640,482984.433333
BASE,SIMULACION_CINCO_DIAS-NORMAL-N01,GENETICO,0,42,44,2700,482456.478333
BASE,SIMULACION_CINCO_DIAS-NORMAL-N01,GENETICO,0,42,45,2760,482456.478333
BASE,SIMULACION_CINCO_DIAS-NORMAL-N01,GENETICO,0,42,46,2820,481142.418333
BASE,SIMULACION_CINCO_DIAS-NORMAL-N01,GENETICO,0,42,47,2880,481142.418333
BASE,SIMULACION_CINCO_DIAS-NORMAL-N01,GENETICO,0,42,48,2940,481142.418333
BASE,SIMULACION_CINCO_DIAS-NORMAL-N01,GENETICO,0,42,49,3000,481142.418333
BASE,SIMULACION_CINCO_DIAS-NORMAL-N01,GENETICO,0,42,50,3060,480476.588333
BASE,SIMULACION_CINCO_DIAS-NORMAL-N01,GENETICO,0,42,51,3120,480314.093333
BASE,SIMULACION_CINCO_DIAS-NORMAL-N01,GENETICO,0,42,52,3180,479058.083333
BASE,SIMULACION_CINCO_DIAS-NORMAL-N01,GENETICO,0,42,53,3240,476262.781667
BASE,SIMULACION_CINCO_DIAS-NORMAL-N01,GENETICO,0,42,54,3300,476132.628333
BASE,SIMULACION_CINCO_DIAS-NORMAL-N01,GENETICO,0,42,55,3360,475548.418333
BASE,SIMULACION_CINCO_DIAS-NORMAL-N01,GENETICO,0,42,56,3420,475548.418333
BASE,SIMULACION_CINCO_DIAS-NORMAL-N01,GENETICO,0,42,57,3480,473691.231667
BASE,SIMULACION_CINCO_DIAS-NORMAL-N01,GENETICO,0,42,58,3540,472701.948333
BASE,SIMULACION_CINCO_DIAS-NORMAL-N01,GENETICO,0,42,59,3600,472701.948333
BASE,SIMULACION_CINCO_DIAS-NORMAL-N01,GENETICO,0,42,60,3660,472701.948333
BASE,SIMULACION_CINCO_DIAS-NORMAL-N01,GENETICO,0,42,61,3720,472701.948333
BASE,SIMULACION_CINCO_DIAS-NORMAL-N01,GENETICO,0,42,62,3780,470288.375
BASE,SIMULACION_CINCO_DIAS-NORMAL-N01,GENETICO,0,42,63,3840,470288.375
BASE,SIMULACION_CINCO_DIAS-NORMAL-N01,GENETICO,0,42,64,3900,470288.375
BASE,SIMULACION_CINCO_DIAS-NORMAL-N01,GENETICO,0,42,65,3960,470288.375
BASE,SIMULACION_CINCO_DIAS-NORMAL-N01,GENETICO,0,42,66,4020,470189.015
BASE,SIMULACION_CINCO_DIAS-NORMAL-N01,GENETICO,0,42,67,4080,470189.015
BASE,SIMULACION_CINCO_DIAS-NORMAL-N01,GENETICO,0,42,68,4140,470189.015
BASE,SIMULACION_CINCO_DIAS-NORMAL-N01,GENETICO,0,42,69,4200,470189.015
BASE,SIMULACION_CINCO_DIAS-NORMAL-N01,GENETICO,0,42,70,4260,470189.015
BASE,SIMULACION_CINCO_DIAS-NORMAL-N01,GENETICO,0,42,71,4320,470027.415
BASE,SIMULACION_CINCO_DIAS-NORMAL-N01,GENETICO,0,42,72,4380,469271.661667
BASE,SIMULACION_CINCO_DIAS-NORMAL-N01,GENETICO,0,42,73,4440,469271.661667
BASE,SIMULACION_CINCO_DIAS-NORMAL-N01,GENETICO,0,42,74,4500,469271.661667
BASE,SIMULACION_CINCO_DIAS-NORMAL-N01,GENETICO,0,42,75,4560,469271.661667
BASE,SIMULACION_CINCO_DIAS-NORMAL-N01,GENETICO,0,42,76,4620,469271.661667
BASE,SIMULACION_CINCO_DIAS-NORMAL-N01,GENETICO,0,42,77,4680,469271.661667
BASE,SIMULACION_CINCO_DIAS-NORMAL-N01,GENETICO,0,42,78,4740,468971.191667
BASE,SIMULACION_CINCO_DIAS-NORMAL-N01,GENETICO,0,42,79,4800,468971.191667
BASE,SIMULACION_CINCO_DIAS-NORMAL-N01,GENETICO,0,42,80,4860,467982.801667
BASE,SIMULACION_CINCO_DIAS-NORMAL-N01,GENETICO,0,42,81,4920,467982.801667
BASE,SIMULACION_CINCO_DIAS-NORMAL-N01,GENETICO,0,42,82,4980,467508.618333
BASE,SIMULACION_CINCO_DIAS-NORMAL-N01,GENETICO,0,42,83,5040,467508.618333
BASE,SIMULACION_CINCO_DIAS-NORMAL-N01,GENETICO,0,42,84,5100,467158.168333
BASE,SIMULACION_CINCO_DIAS-NORMAL-N01,GENETICO,0,42,85,5160,466869.131667
BASE,SIMULACION_CINCO_DIAS-NORMAL-N01,GENETICO,0,42,86,5220,466769.965
BASE,SIMULACION_CINCO_DIAS-NORMAL-N01,GENETICO,0,42,87,5280,466642.513333
BASE,SIMULACION_CINCO_DIAS-NORMAL-N01,GENETICO,0,42,88,5340,466641.208333
BASE,SIMULACION_CINCO_DIAS-NORMAL-N01,GENETICO,0,42,89,5400,466015.281667
BASE,SIMULACION_CINCO_DIAS-NORMAL-N01,GENETICO,0,42,90,5460,465944.64
BASE,SIMULACION_CINCO_DIAS-NORMAL-N01,GENETICO,0,42,91,5520,465743.435
BASE,SIMULACION_CINCO_DIAS-NORMAL-N01,GENETICO,0,42,92,5580,465642.62
BASE,SIMULACION_CINCO_DIAS-NORMAL-N01,GENETICO,0,42,93,5640,465490.178333
BASE,SIMULACION_CINCO_DIAS-NORMAL-N01,GENETICO,0,42,94,5700,465433.545
BASE,SIMULACION_CINCO_DIAS-NORMAL-N01,GENETICO,0,42,95,5760,465273.165
BASE,SIMULACION_CINCO_DIAS-NORMAL-N01,GENETICO,0,42,96,5820,465273.165
BASE,SIMULACION_CINCO_DIAS-NORMAL-N01,GENETICO,0,42,97,5880,465173.105
BASE,SIMULACION_CINCO_DIAS-NORMAL-N01,GENETICO,0,42,98,5940,465002.55
BASE,SIMULACION_CINCO_DIAS-NORMAL-N01,GENETICO,0,42,99,6000,464928.995
BASE,SIMULACION_CINCO_DIAS-NORMAL-N01,GENETICO,0,42,100,6060,464865.036667
BASE,SIMULACION_CINCO_DIAS-NORMAL-N01,GENETICO,0,42,101,6120,464755.921667
BASE,SIMULACION_CINCO_DIAS-NORMAL-N01,GENETICO,0,42,102,6180,464615.656667
BASE,SIMULACION_CINCO_DIAS-NORMAL-N01,GENETICO,0,42,103,6240,464591.796667
BASE,SIMULACION_CINCO_DIAS-NORMAL-N01,GENETICO,0,42,104,6300,464567.256667
BASE,SIMULACION_CINCO_DIAS-NORMAL-N01,GENETICO,0,42,105,6360,464567.256667
BASE,SIMULACION_CINCO_DIAS-NORMAL-N01,GENETICO,0,42,106,6420,464437.141667
BASE,SIMULACION_CINCO_DIAS-NORMAL-N01,GENETICO,0,42,107,6480,464306.361667
BASE,SIMULACION_CINCO_DIAS-NORMAL-N01,GENETICO,0,42,108,6540,464301.666667
BASE,SIMULACION_CINCO_DIAS-NORMAL-N01,GENETICO,0,42,109,6600,464280.621667
BASE,SIMULACION_CINCO_DIAS-NORMAL-N01,GENETICO,0,42,110,6660,464145.811667
BASE,SIMULACION_CINCO_DIAS-NORMAL-N01,GENETICO,0,42,111,6720,464145.811667
BASE,SIMULACION_CINCO_DIAS-NORMAL-N01,GENETICO,0,42,112,6780,464121.571667
BASE,SIMULACION_CINCO_DIAS-NORMAL-N01,GENETICO,0,42,113,6840,464114.926667
BASE,SIMULACION_CINCO_DIAS-NORMAL-N01,GENETICO,0,42,114,6900,464114.626667
BASE,SIMULACION_CINCO_DIAS-NORMAL-N01,GENETICO,0,42,115,6960,464114.626667
BASE,SIMULACION_CINCO_DIAS-NORMAL-N01,GENETICO,0,42,116,7020,464114.626667
BASE,SIMULACION_CINCO_DIAS-NORMAL-N01,GENETICO,0,42,117,7080,463991.091667
BASE,SIMULACION_CINCO_DIAS-NORMAL-N01,GENETICO,0,42,118,7140,463991.091667
BASE,SIMULACION_CINCO_DIAS-NORMAL-N01,GENETICO,0,42,119,7200,463991.091667
BASE,SIMULACION_CINCO_DIAS-NORMAL-N01,GENETICO,0,42,120,7260,463952.191667
BASE,SIMULACION_CINCO_DIAS-NORMAL-N01,GENETICO,0,42,121,7320,463952.191667
BASE,SIMULACION_CINCO_DIAS-NORMAL-N01,GENETICO,0,42,122,7380,463946.446667
BASE,SIMULACION_CINCO_DIAS-NORMAL-N01,GENETICO,0,42,123,7440,463944.946667
BASE,SIMULACION_CINCO_DIAS-NORMAL-N01,GENETICO,0,42,124,7500,463944.946667
BASE,SIMULACION_CINCO_DIAS-NORMAL-N01,GENETICO,0,42,125,7560,463944.946667
BASE,SIMULACION_CINCO_DIAS-NORMAL-N01,GENETICO,0,42,126,7620,463846.196667
BASE,SIMULACION_CINCO_DIAS-NORMAL-N01,GENETICO,0,42,127,7680,463846.196667
BASE,SIMULACION_CINCO_DIAS-NORMAL-N01,GENETICO,0,42,128,7740,463846.196667
BASE,SIMULACION_CINCO_DIAS-NORMAL-N01,GENETICO,0,42,129,7800,463846.196667
BASE,SIMULACION_CINCO_DIAS-NORMAL-N01,GENETICO,0,42,130,7860,463846.196667
BASE,SIMULACION_CINCO_DIAS-NORMAL-N01,GENETICO,0,42,131,7920,463844.846667
BASE,SIMULACION_CINCO_DIAS-NORMAL-N01,GENETICO,0,42,132,7980,463844.846667
BASE,SIMULACION_CINCO_DIAS-NORMAL-N01,GENETICO,0,42,133,8040,463844.846667
BASE,SIMULACION_CINCO_DIAS-NORMAL-N01,GENETICO,0,42,134,8100,463844.846667
BASE,SIMULACION_CINCO_DIAS-NORMAL-N01,GENETICO,0,42,135,8160,463843.246667
BASE,SIMULACION_CINCO_DIAS-NORMAL-N01,GENETICO,0,42,136,8220,463841.746667
BASE,SIMULACION_CINCO_DIAS-NORMAL-N01,GENETICO,0,42,137,8280,463841.746667
BASE,SIMULACION_CINCO_DIAS-NORMAL-N01,GENETICO,0,42,138,8340,463841.746667
BASE,SIMULACION_CINCO_DIAS-NORMAL-N01,GENETICO,0,42,139,8400,463841.746667
BASE,SIMULACION_CINCO_DIAS-NORMAL-N01,GENETICO,0,42,140,8460,463841.746667
BASE,SIMULACION_CINCO_DIAS-NORMAL-N01,GENETICO,0,42,141,8520,463841.746667
BASE,SIMULACION_CINCO_DIAS-NORMAL-N01,GENETICO,0,42,142,8580,463841.746667
BASE,SIMULACION_CINCO_DIAS-NORMAL-N01,GENETICO,0,42,143,8640,463841.746667
BASE,SIMULACION_CINCO_DIAS-NORMAL-N01,GENETICO,0,42,144,8700,463841.746667
BASE,SIMULACION_CINCO_DIAS-NORMAL-N01,GENETICO,0,42,145,8760,463780.861667
BASE,SIMULACION_CINCO_DIAS-NORMAL-N01,GENETICO,0,42,146,8820,463740.461667
BASE,SIMULACION_CINCO_DIAS-NORMAL-N01,GENETICO,0,42,147,8880,463641.261667
BASE,SIMULACION_CINCO_DIAS-NORMAL-N01,GENETICO,0,42,148,8940,463641.261667
BASE,SIMULACION_CINCO_DIAS-NORMAL-N01,GENETICO,0,42,149,9000,463641.261667
BASE,SIMULACION_CINCO_DIAS-NORMAL-N01,GENETICO,0,42,150,9060,463641.261667
BASE,SIMULACION_CINCO_DIAS-NORMAL-N01,RECOCIDO_SIMULADO,0,42,0,101,626089.461667
BASE,SIMULACION_CINCO_DIAS-NORMAL-N01,RECOCIDO_SIMULADO,0,42,1,141,626018.761667
BASE,SIMULACION_CINCO_DIAS-NORMAL-N01,RECOCIDO_SIMULADO,0,42,2,181,626018.761667
BASE,SIMULACION_CINCO_DIAS-NORMAL-N01,RECOCIDO_SIMULADO,0,42,3,221,626018.761667
BASE,SIMULACION_CINCO_DIAS-NORMAL-N01,RECOCIDO_SIMULADO,0,42,4,261,626018.761667
BASE,SIMULACION_CINCO_DIAS-NORMAL-N01,RECOCIDO_SIMULADO,0,42,5,301,626018.761667
BASE,SIMULACION_CINCO_DIAS-NORMAL-N01,RECOCIDO_SIMULADO,0,42,6,341,626018.761667
BASE,SIMULACION_CINCO_DIAS-NORMAL-N01,RECOCIDO_SIMULADO,0,42,7,381,624828.21
BASE,SIMULACION_CINCO_DIAS-NORMAL-N01,RECOCIDO_SIMULADO,0,42,8,421,624277.91
BASE,SIMULACION_CINCO_DIAS-NORMAL-N01,RECOCIDO_SIMULADO,0,42,9,461,624176.833333
BASE,SIMULACION_CINCO_DIAS-NORMAL-N01,RECOCIDO_SIMULADO,0,42,10,501,624176.833333
BASE,SIMULACION_CINCO_DIAS-NORMAL-N01,RECOCIDO_SIMULADO,0,42,11,541,624176.833333
BASE,SIMULACION_CINCO_DIAS-NORMAL-N01,RECOCIDO_SIMULADO,0,42,12,581,624176.833333
BASE,SIMULACION_CINCO_DIAS-NORMAL-N01,RECOCIDO_SIMULADO,0,42,13,621,624107.096667
BASE,SIMULACION_CINCO_DIAS-NORMAL-N01,RECOCIDO_SIMULADO,0,42,14,661,624031.346667
BASE,SIMULACION_CINCO_DIAS-NORMAL-N01,RECOCIDO_SIMULADO,0,42,15,701,623778.6
BASE,SIMULACION_CINCO_DIAS-NORMAL-N01,RECOCIDO_SIMULADO,0,42,16,741,623778.6
BASE,SIMULACION_CINCO_DIAS-NORMAL-N01,RECOCIDO_SIMULADO,0,42,17,781,623778.6
BASE,SIMULACION_CINCO_DIAS-NORMAL-N01,RECOCIDO_SIMULADO,0,42,18,821,623692.79
BASE,SIMULACION_CINCO_DIAS-NORMAL-N01,RECOCIDO_SIMULADO,0,42,19,861,623287.52
BASE,SIMULACION_CINCO_DIAS-NORMAL-N01,RECOCIDO_SIMULADO,0,42,20,901,623287.52
BASE,SIMULACION_CINCO_DIAS-NORMAL-N01,RECOCIDO_SIMULADO,0,42,21,941,623287.52
BASE,SIMULACION_CINCO_DIAS-NORMAL-N01,RECOCIDO_SIMULADO,0,42,22,981,623287.52
BASE,SIMULACION_CINCO_DIAS-NORMAL-N01,RECOCIDO_SIMULADO,0,42,23,1021,623287.52
BASE,SIMULACION_CINCO_DIAS-NORMAL-N01,RECOCIDO_SIMULADO,0,42,24,1061,623287.52
BASE,SIMULACION_CINCO_DIAS-NORMAL-N01,RECOCIDO_SIMULADO,0,42,25,1101,623287.52
BASE,SIMULACION_CINCO_DIAS-NORMAL-N01,RECOCIDO_SIMULADO,0,42,26,1141,623287.52
BASE,SIMULACION_CINCO_DIAS-NORMAL-N01,RECOCIDO_SIMULADO,0,42,27,1181,623287.52
BASE,SIMULACION_CINCO_DIAS-NORMAL-N01,RECOCIDO_SIMULADO,0,42,28,1221,623287.52
BASE,SIMULACION_CINCO_DIAS-NORMAL-N01,RECOCIDO_SIMULADO,0,42,29,1261,623287.52
BASE,SIMULACION_CINCO_DIAS-NORMAL-N01,RECOCIDO_SIMULADO,0,42,30,1301,623287.52
BASE,SIMULACION_CINCO_DIAS-NORMAL-N01,RECOCIDO_SIMULADO,0,42,31,1341,623287.52
BASE,SIMULACION_CINCO_DIAS-NORMAL-N01,RECOCIDO_SIMULADO,0,42,32,1381,623287.52
BASE,SIMULACION_CINCO_DIAS-NORMAL-N01,RECOCIDO_SIMULADO,0,42,33,1421,622753.358333
BASE,SIMULACION_CINCO_DIAS-NORMAL-N01,RECOCIDO_SIMULADO,0,42,34,1461,622753.358333
BASE,SIMULACION_CINCO_DIAS-NORMAL-N01,RECOCIDO_SIMULADO,0,42,35,1501,622384.043333
BASE,SIMULACION_CINCO_DIAS-NORMAL-N01,RECOCIDO_SIMULADO,0,42,36,1541,622022.91
BASE,SIMULACION_CINCO_DIAS-NORMAL-N01,RECOCIDO_SIMULADO,0,42,37,1581,622022.91
BASE,SIMULACION_CINCO_DIAS-NORMAL-N01,RECOCIDO_SIMULADO,0,42,38,1621,622022.91
BASE,SIMULACION_CINCO_DIAS-NORMAL-N01,RECOCIDO_SIMULADO,0,42,39,1661,621968.073333
BASE,SIMULACION_CINCO_DIAS-NORMAL-N01,RECOCIDO_SIMULADO,0,42,40,1701,621941.785
BASE,SIMULACION_CINCO_DIAS-NORMAL-N01,RECOCIDO_SIMULADO,0,42,41,1741,621754.78
BASE,SIMULACION_CINCO_DIAS-NORMAL-N01,RECOCIDO_SIMULADO,0,42,42,1781,621558.641667
BASE,SIMULACION_CINCO_DIAS-NORMAL-N01,RECOCIDO_SIMULADO,0,42,43,1821,621558.641667
BASE,SIMULACION_CINCO_DIAS-NORMAL-N01,RECOCIDO_SIMULADO,0,42,44,1861,621558.641667
BASE,SIMULACION_CINCO_DIAS-NORMAL-N01,RECOCIDO_SIMULADO,0,42,45,1901,621558.641667
BASE,SIMULACION_CINCO_DIAS-NORMAL-N01,RECOCIDO_SIMULADO,0,42,46,1941,621116.926667
BASE,SIMULACION_CINCO_DIAS-NORMAL-N01,RECOCIDO_SIMULADO,0,42,47,1981,621116.926667
BASE,SIMULACION_CINCO_DIAS-NORMAL-N01,RECOCIDO_SIMULADO,0,42,48,2021,621103.991667
BASE,SIMULACION_CINCO_DIAS-NORMAL-N01,RECOCIDO_SIMULADO,0,42,49,2061,621103.991667
BASE,SIMULACION_CINCO_DIAS-NORMAL-N01,RECOCIDO_SIMULADO,0,42,50,2101,620924.141667
BASE,SIMULACION_CINCO_DIAS-NORMAL-N01,RECOCIDO_SIMULADO,0,42,51,2141,620877.225
BASE,SIMULACION_CINCO_DIAS-NORMAL-N01,RECOCIDO_SIMULADO,0,42,52,2181,620877.225
BASE,SIMULACION_CINCO_DIAS-NORMAL-N01,RECOCIDO_SIMULADO,0,42,53,2221,620877.225
BASE,SIMULACION_CINCO_DIAS-NORMAL-N01,RECOCIDO_SIMULADO,0,42,54,2261,620877.225
BASE,SIMULACION_CINCO_DIAS-NORMAL-N01,RECOCIDO_SIMULADO,0,42,55,2301,620877.225
BASE,SIMULACION_CINCO_DIAS-NORMAL-N01,RECOCIDO_SIMULADO,0,42,56,2341,620873.391667
BASE,SIMULACION_CINCO_DIAS-NORMAL-N01,RECOCIDO_SIMULADO,0,42,57,2381,620873.391667
BASE,SIMULACION_CINCO_DIAS-NORMAL-N01,RECOCIDO_SIMULADO,0,42,58,2421,620831.478333
BASE,SIMULACION_CINCO_DIAS-NORMAL-N01,RECOCIDO_SIMULADO,0,42,59,2461,620800.118333
BASE,SIMULACION_CINCO_DIAS-NORMAL-N01,RECOCIDO_SIMULADO,0,42,60,2501,620800.118333
BASE,SIMULACION_CINCO_DIAS-NORMAL-N01,RECOCIDO_SIMULADO,0,42,61,2541,620800.118333
BASE,SIMULACION_CINCO_DIAS-NORMAL-N01,RECOCIDO_SIMULADO,0,42,62,2581,620778.918333
BASE,SIMULACION_CINCO_DIAS-NORMAL-N01,RECOCIDO_SIMULADO,0,42,63,2621,620778.918333
BASE,SIMULACION_CINCO_DIAS-NORMAL-N01,RECOCIDO_SIMULADO,0,42,64,2661,620767.688333
BASE,SIMULACION_CINCO_DIAS-NORMAL-N01,RECOCIDO_SIMULADO,0,42,65,2701,620767.688333
BASE,SIMULACION_CINCO_DIAS-NORMAL-N01,RECOCIDO_SIMULADO,0,42,66,2741,620744.088333
BASE,SIMULACION_CINCO_DIAS-NORMAL-N01,RECOCIDO_SIMULADO,0,42,67,2781,620744.088333
BASE,SIMULACION_CINCO_DIAS-NORMAL-N01,RECOCIDO_SIMULADO,0,42,68,2821,620744.088333
BASE,SIMULACION_CINCO_DIAS-NORMAL-N01,RECOCIDO_SIMULADO,0,42,69,2861,620744.088333
BASE,SIMULACION_CINCO_DIAS-NORMAL-N01,RECOCIDO_SIMULADO,0,42,70,2901,620744.088333
BASE,SIMULACION_CINCO_DIAS-NORMAL-N01,RECOCIDO_SIMULADO,0,42,71,2941,620744.088333
BASE,SIMULACION_CINCO_DIAS-NORMAL-N01,RECOCIDO_SIMULADO,0,42,72,2981,620738.32
BASE,SIMULACION_CINCO_DIAS-NORMAL-N01,RECOCIDO_SIMULADO,0,42,73,3021,620738.32
BASE,SIMULACION_CINCO_DIAS-NORMAL-N01,RECOCIDO_SIMULADO,0,42,74,3061,620710.636667
BASE,SIMULACION_CINCO_DIAS-NORMAL-N01,RECOCIDO_SIMULADO,0,42,75,3101,620706.361667
BASE,SIMULACION_CINCO_DIAS-NORMAL-N01,RECOCIDO_SIMULADO,0,42,76,3141,620706.361667
BASE,SIMULACION_CINCO_DIAS-NORMAL-N01,RECOCIDO_SIMULADO,0,42,77,3181,620706.361667
BASE,SIMULACION_CINCO_DIAS-NORMAL-N01,RECOCIDO_SIMULADO,0,42,78,3221,620706.361667
BASE,SIMULACION_CINCO_DIAS-NORMAL-N01,RECOCIDO_SIMULADO,0,42,79,3261,620706.361667
BASE,SIMULACION_CINCO_DIAS-NORMAL-N01,RECOCIDO_SIMULADO,0,42,80,3301,620706.361667
BASE,SIMULACION_CINCO_DIAS-NORMAL-N01,RECOCIDO_SIMULADO,0,42,81,3341,620706.361667
BASE,SIMULACION_CINCO_DIAS-NORMAL-N01,RECOCIDO_SIMULADO,0,42,82,3381,620705.631667
BASE,SIMULACION_CINCO_DIAS-NORMAL-N01,RECOCIDO_SIMULADO,0,42,83,3421,620705.631667
BASE,SIMULACION_CINCO_DIAS-NORMAL-N01,RECOCIDO_SIMULADO,0,42,84,3461,620704.413333
BASE,SIMULACION_CINCO_DIAS-NORMAL-N01,RECOCIDO_SIMULADO,0,42,85,3501,620704.413333
BASE,SIMULACION_CINCO_DIAS-NORMAL-N01,RECOCIDO_SIMULADO,0,42,86,3541,620625.296667
BASE,SIMULACION_CINCO_DIAS-NORMAL-N01,RECOCIDO_SIMULADO,0,42,87,3581,620625.296667
BASE,SIMULACION_CINCO_DIAS-NORMAL-N01,RECOCIDO_SIMULADO,0,42,88,3621,620625.296667
BASE,SIMULACION_CINCO_DIAS-NORMAL-N01,RECOCIDO_SIMULADO,0,42,89,3661,620624.34
BASE,SIMULACION_CINCO_DIAS-NORMAL-N01,RECOCIDO_SIMULADO,0,42,90,3701,620624.34
BASE,SIMULACION_CINCO_DIAS-NORMAL-N01,RECOCIDO_SIMULADO,0,42,91,3741,620624.34
BASE,SIMULACION_CINCO_DIAS-NORMAL-N01,RECOCIDO_SIMULADO,0,42,92,3781,620624.34
BASE,SIMULACION_CINCO_DIAS-NORMAL-N01,RECOCIDO_SIMULADO,0,42,93,3821,620624.34
BASE,SIMULACION_CINCO_DIAS-NORMAL-N01,RECOCIDO_SIMULADO,0,42,94,3861,620624.34
BASE,SIMULACION_CINCO_DIAS-NORMAL-N01,RECOCIDO_SIMULADO,0,42,95,3901,620624.34
BASE,SIMULACION_CINCO_DIAS-NORMAL-N01,RECOCIDO_SIMULADO,0,42,96,3941,620624.34
BASE,SIMULACION_CINCO_DIAS-NORMAL-N01,RECOCIDO_SIMULADO,0,42,97,3981,620624.34
BASE,SIMULACION_CINCO_DIAS-NORMAL-N01,RECOCIDO_SIMULADO,0,42,98,4021,620624.34
BASE,SIMULACION_CINCO_DIAS-NORMAL-N01,RECOCIDO_SIMULADO,0,42,99,4061,620623.84
BASE,SIMULACION_CINCO_DIAS-NORMAL-N01,RECOCIDO_SIMULADO,0,42,100,4101,620623.84
BASE,SIMULACION_CINCO_DIAS-NORMAL-N01,RECOCIDO_SIMULADO,0,42,101,4141,620623.84
BASE,SIMULACION_CINCO_DIAS-NORMAL-N01,RECOCIDO_SIMULADO,0,42,102,4181,620623.84
BASE,SIMULACION_CINCO_DIAS-NORMAL-N01,RECOCIDO_SIMULADO,0,42,103,4221,620623.84
BASE,SIMULACION_CINCO_DIAS-NORMAL-N01,RECOCIDO_SIMULADO,0,42,104,4261,620623.84
BASE,SIMULACION_CINCO_DIAS-NORMAL-N01,RECOCIDO_SIMULADO,0,42,105,4301,620623.84
BASE,SIMULACION_CINCO_DIAS-NORMAL-N01,RECOCIDO_SIMULADO,0,42,106,4341,620623.84
BASE,SIMULACION_CINCO_DIAS-NORMAL-N01,RECOCIDO_SIMULADO,0,42,107,4381,620623.84
BASE,SIMULACION_CINCO_DIAS-NORMAL-N01,RECOCIDO_SIMULADO,0,42,108,4421,620623.84
BASE,SIMULACION_CINCO_DIAS-NORMAL-N01,RECOCIDO_SIMULADO,0,42,109,4461,620623.84
BASE,SIMULACION_CINCO_DIAS-NORMAL-N01,RECOCIDO_SIMULADO,0,42,110,4501,620623.84
BASE,SIMULACION_CINCO_DIAS-NORMAL-N01,RECOCIDO_SIMULADO,0,42,111,4541,620623.84
BASE,SIMULACION_CINCO_DIAS-NORMAL-N01,RECOCIDO_SIMULADO,0,42,112,4581,620623.84
BASE,SIMULACION_CINCO_DIAS-NORMAL-N01,RECOCIDO_SIMULADO,0,42,113,4621,620623.84
BASE,SIMULACION_CINCO_DIAS-NORMAL-N01,RECOCIDO_SIMULADO,0,42,114,4661,620623.84
BASE,SIMULACION_CINCO_DIAS-NORMAL-N01,RECOCIDO_SIMULADO,0,42,115,4701,620623.84
BASE,SIMULACION_CINCO_DIAS-NORMAL-N01,RECOCIDO_SIMULADO,0,42,116,4741,620623.84
BASE,SIMULACION_CINCO_DIAS-NORMAL-N01,RECOCIDO_SIMULADO,0,42,117,4781,620623.84
BASE,SIMULACION_CINCO_DIAS-NORMAL-N01,RECOCIDO_SIMULADO,0,42,118,4821,620623.84
BASE,SIMULACION_CINCO_DIAS-NORMAL-N01,RECOCIDO_SIMULADO,0,42,119,4861,620623.84
BASE,SIMULACION_CINCO_DIAS-NORMAL-N01,RECOCIDO_SIMULADO,0,42,120,4901,620623.84
BASE,SIMULACION_CINCO_DIAS-NORMAL-N01,RECOCIDO_SIMULADO,1,43,0,101,626089.461667
BASE,SIMULACION_CINCO_DIAS-NORMAL-N01,RECOCIDO_SIMULADO,1,43,1,141,623761.945
BASE,SIMULACION_CINCO_DIAS-NORMAL-N01,RECOCIDO_SIMULADO,1,43,2,181,623761.945
BASE,SIMULACION_CINCO_DIAS-NORMAL-N01,RECOCIDO_SIMULADO,1,43,3,221,623761.945
BASE,SIMULACION_CINCO_DIAS-NORMAL-N01,RECOCIDO_SIMULADO,1,43,4,261,623761.945
BASE,SIMULACION_CINCO_DIAS-NORMAL-N01,RECOCIDO_SIMULADO,1,43,5,301,623761.945
BASE,SIMULACION_CINCO_DIAS-NORMAL-N01,RECOCIDO_SIMULADO,1,43,6,341,623761.945
BASE,SIMULACION_CINCO_DIAS-NORMAL-N01,RECOCIDO_SIMULADO,1,43,7,381,623761.945
BASE,SIMULACION_CINCO_DIAS-NORMAL-N01,RECOCIDO_SIMULADO,1,43,8,421,623761.945
BASE,SIMULACION_CINCO_DIAS-NORMAL-N01,RECOCIDO_SIMULADO,1,43,9,461,623761.945
BASE,SIMULACION_CINCO_DIAS-NORMAL-N01,RECOCIDO_SIMULADO,1,43,10,501,623761.945
BASE,SIMULACION_CINCO_DIAS-NORMAL-N01,RECOCIDO_SIMULADO,1,43,11,541,623761.945
BASE,SIMULACION_CINCO_DIAS-NORMAL-N01,RECOCIDO_SIMULADO,1,43,12,581,623761.945
BASE,SIMULACION_CINCO_DIAS-NORMAL-N01,RECOCIDO_SIMULADO,1,43,13,621,623761.945
BASE,SIMULACION_CINCO_DIAS-NORMAL-N01,RECOCIDO_SIMULADO,1,43,14,661,623761.945
BASE,SIMULACION_CINCO_DIAS-NORMAL-N01,RECOCIDO_SIMULADO,1,43,15,701,623761.945
BASE,SIMULACION_CINCO_DIAS-NORMAL-N01,RECOCIDO_SIMULADO,1,43,16,741,623761.945
BASE,SIMULACION_CINCO_DIAS-NORMAL-N01,RECOCIDO_SIMULADO,1,43,17,781,623761.945
BASE,SIMULACION_CINCO_DIAS-NORMAL-N01,RECOCIDO_SIMULADO,1,43,18,821,623761.945
BASE,SIMULACION_CINCO_DIAS-NORMAL-N01,RECOCIDO_SIMULADO,1,43,19,861,623761.945
BASE,SIMULACION_CINCO_DIAS-NORMAL-N01,RECOCIDO_SIMULADO,1,43,20,901,623761.945
BASE,SIMULACION_CINCO_DIAS-NORMAL-N01,RECOCIDO_SIMULADO,1,43,21,941,623761.945
BASE,SIMULACION_CINCO_DIAS-NORMAL-N01,RECOCIDO_SIMULADO,1,43,22,981,623761.945
BASE,SIMULACION_CINCO_DIAS-NORMAL-N01,RECOCIDO_SIMULADO,1,43,23,1021,623761.945
BASE,SIMULACION_CINCO_DIAS-NORMAL-N01,RECOCIDO_SIMULADO,1,43,24,1061,623761.945
BASE,SIMULACION_CINCO_DIAS-NORMAL-N01,RECOCIDO_SIMULADO,1,43,25,1101,623761.945
BASE,SIMULACION_CINCO_DIAS-NORMAL-N01,RECOCIDO_SIMULADO,1,43,26,1141,623761.945
BASE,SIMULACION_CINCO_DIAS-NORMAL-N01,RECOCIDO_SIMULADO,1,43,27,1181,623761.945
BASE,SIMULACION_CINCO_DIAS-NORMAL-N01,RECOCIDO_SIMULADO,1,43,28,1221,623672.266667
BASE,SIMULACION_CINCO_DIAS-NORMAL-N01,RECOCIDO_SIMULADO,1,43,29,1261,623672.266667
BASE,SIMULACION_CINCO_DIAS-NORMAL-N01,RECOCIDO_SIMULADO,1,43,30,1301,623672.266667
BASE,SIMULACION_CINCO_DIAS-NORMAL-N01,RECOCIDO_SIMULADO,1,43,31,1341,623216.478333
BASE,SIMULACION_CINCO_DIAS-NORMAL-N01,RECOCIDO_SIMULADO,1,43,32,1381,623038.571667
BASE,SIMULACION_CINCO_DIAS-NORMAL-N01,RECOCIDO_SIMULADO,1,43,33,1421,622864.571667
BASE,SIMULACION_CINCO_DIAS-NORMAL-N01,RECOCIDO_SIMULADO,1,43,34,1461,622708.901667
BASE,SIMULACION_CINCO_DIAS-NORMAL-N01,RECOCIDO_SIMULADO,1,43,35,1501,622609.608333
BASE,SIMULACION_CINCO_DIAS-NORMAL-N01,RECOCIDO_SIMULADO,1,43,36,1541,619395.936667
BASE,SIMULACION_CINCO_DIAS-NORMAL-N01,RECOCIDO_SIMULADO,1,43,37,1581,619355.536667
BASE,SIMULACION_CINCO_DIAS-NORMAL-N01,RECOCIDO_SIMULADO,1,43,38,1621,619259.386667
BASE,SIMULACION_CINCO_DIAS-NORMAL-N01,RECOCIDO_SIMULADO,1,43,39,1661,619222.186667
BASE,SIMULACION_CINCO_DIAS-NORMAL-N01,RECOCIDO_SIMULADO,1,43,40,1701,619222.186667
BASE,SIMULACION_CINCO_DIAS-NORMAL-N01,RECOCIDO_SIMULADO,1,43,41,1741,619222.186667
BASE,SIMULACION_CINCO_DIAS-NORMAL-N01,RECOCIDO_SIMULADO,1,43,42,1781,619222.186667
BASE,SIMULACION_CINCO_DIAS-NORMAL-N01,RECOCIDO_SIMULADO,1,43,43,1821,619222.186667
BASE,SIMULACION_CINCO_DIAS-NORMAL-N01,RECOCIDO_SIMULADO,1,43,44,1861,619208.156667
BASE,SIMULACION_CINCO_DIAS-NORMAL-N01,RECOCIDO_SIMULADO,1,43,45,1901,619183.916667
BASE,SIMULACION_CINCO_DIAS-NORMAL-N01,RECOCIDO_SIMULADO,1,43,46,1941,619094.546667
BASE,SIMULACION_CINCO_DIAS-NORMAL-N01,RECOCIDO_SIMULADO,1,43,47,1981,618981.396667
BASE,SIMULACION_CINCO_DIAS-NORMAL-N01,RECOCIDO_SIMULADO,1,43,48,2021,618981.396667
BASE,SIMULACION_CINCO_DIAS-NORMAL-N01,RECOCIDO_SIMULADO,1,43,49,2061,618861.448333
BASE,SIMULACION_CINCO_DIAS-NORMAL-N01,RECOCIDO_SIMULADO,1,43,50,2101,618861.448333
BASE,SIMULACION_CINCO_DIAS-NORMAL-N01,RECOCIDO_SIMULADO,1,43,51,2141,618855.898333
BASE,SIMULACION_CINCO_DIAS-NORMAL-N01,RECOCIDO_SIMULADO,1,43,52,2181,618702.378333
BASE,SIMULACION_CINCO_DIAS-NORMAL-N01,RECOCIDO_SIMULADO,1,43,53,2221,618702.378333
BASE,SIMULACION_CINCO_DIAS-NORMAL-N01,RECOCIDO_SIMULADO,1,43,54,2261,618672.078333
BASE,SIMULACION_CINCO_DIAS-NORMAL-N01,RECOCIDO_SIMULADO,1,43,55,2301,618629.448333
BASE,SIMULACION_CINCO_DIAS-NORMAL-N01,RECOCIDO_SIMULADO,1,43,56,2341,618583.518333
BASE,SIMULACION_CINCO_DIAS-NORMAL-N01,RECOCIDO_SIMULADO,1,43,57,2381,618583.518333
BASE,SIMULACION_CINCO_DIAS-NORMAL-N01,RECOCIDO_SIMULADO,1,43,58,2421,618510.118333
BASE,SIMULACION_CINCO_DIAS-NORMAL-N01,RECOCIDO_SIMULADO,1,43,59,2461,618509.798333
BASE,SIMULACION_CINCO_DIAS-NORMAL-N01,RECOCIDO_SIMULADO,1,43,60,2501,618504.748333
BASE,SIMULACION_CINCO_DIAS-NORMAL-N01,RECOCIDO_SIMULADO,1,43,61,2541,618504.748333
BASE,SIMULACION_CINCO_DIAS-NORMAL-N01,RECOCIDO_SIMULADO,1,43,62,2581,618504.748333
BASE,SIMULACION_CINCO_DIAS-NORMAL-N01,RECOCIDO_SIMULADO,1,43,63,2621,618504.748333
BASE,SIMULACION_CINCO_DIAS-NORMAL-N01,RECOCIDO_SIMULADO,1,43,64,2661,618478.361667
BASE,SIMULACION_CINCO_DIAS-NORMAL-N01,RECOCIDO_SIMULADO,1,43,65,2701,618458.161667
BASE,SIMULACION_CINCO_DIAS-NORMAL-N01,RECOCIDO_SIMULADO,1,43,66,2741,618458.161667
BASE,SIMULACION_CINCO_DIAS-NORMAL-N01,RECOCIDO_SIMULADO,1,43,67,2781,618458.161667
BASE,SIMULACION_CINCO_DIAS-NORMAL-N01,RECOCIDO_SIMULADO,1,43,68,2821,618456.261667
BASE,SIMULACION_CINCO_DIAS-NORMAL-N01,RECOCIDO_SIMULADO,1,43,69,2861,618455.578333
BASE,SIMULACION_CINCO_DIAS-NORMAL-N01,RECOCIDO_SIMULADO,1,43,70,2901,618455.578333
BASE,SIMULACION_CINCO_DIAS-NORMAL-N01,RECOCIDO_SIMULADO,1,43,71,2941,618455.578333
BASE,SIMULACION_CINCO_DIAS-NORMAL-N01,RECOCIDO_SIMULADO,1,43,72,2981,618455.578333
BASE,SIMULACION_CINCO_DIAS-NORMAL-N01,RECOCIDO_SIMULADO,1,43,73,3021,618455.578333
BASE,SIMULACION_CINCO_DIAS-NORMAL-N01,RECOCIDO_SIMULADO,1,43,74,3061,618455.578333
BASE,SIMULACION_CINCO_DIAS-NORMAL-N01,RECOCIDO_SIMULADO,1,43,75,3101,618455.578333
BASE,SIMULACION_CINCO_DIAS-NORMAL-N01,RECOCIDO_SIMULADO,1,43,76,3141,618455.578333
BASE,SIMULACION_CINCO_DIAS-NORMAL-N01,RECOCIDO_SIMULADO,1,43,77,3181,618455.578333
BASE,SIMULACION_CINCO_DIAS-NORMAL-N01,RECOCIDO_SIMULADO,1,43,78,3221,618455.578333
BASE,SIMULACION_CINCO_DIAS-NORMAL-N01,RECOCIDO_SIMULADO,1,43,79,3261,618455.578333
BASE,SIMULACION_CINCO_DIAS-NORMAL-N01,RECOCIDO_SIMULADO,1,43,80,3301,618455.578333
BASE,SIMULACION_CINCO_DIAS-NORMAL-N01,RECOCIDO_SIMULADO,1,43,81,3341,618455.578333
BASE,SIMULACION_CINCO_DIAS-NORMAL-N01,RECOCIDO_SIMULADO,1,43,82,3381,618424.688333
BASE,SIMULACION_CINCO_DIAS-NORMAL-N01,RECOCIDO_SIMULADO,1,43,83,3421,618404.488333
BASE,SIMULACION_CINCO_DIAS-NORMAL-N01,RECOCIDO_SIMULADO,1,43,84,3461,618404.488333
BASE,SIMULACION_CINCO_DIAS-NORMAL-N01,RECOCIDO_SIMULADO,1,43,85,3501,618404.488333
BASE,SIMULACION_CINCO_DIAS-NORMAL-N01,RECOCIDO_SIMULADO,1,43,86,3541,618404.488333
BASE,SIMULACION_CINCO_DIAS-NORMAL-N01,RECOCIDO_SIMULADO,1,43,87,3581,618404.488333
BASE,SIMULACION_CINCO_DIAS-NORMAL-N01,RECOCIDO_SIMULADO,1,43,88,3621,618404.488333
BASE,SIMULACION_CINCO_DIAS-NORMAL-N01,RECOCIDO_SIMULADO,1,43,89,3661,618404.488333
BASE,SIMULACION_CINCO_DIAS-NORMAL-N01,RECOCIDO_SIMULADO,1,43,90,3701,618404.488333
BASE,SIMULACION_CINCO_DIAS-NORMAL-N01,RECOCIDO_SIMULADO,1,43,91,3741,618290.63
BASE,SIMULACION_CINCO_DIAS-NORMAL-N01,RECOCIDO_SIMULADO,1,43,92,3781,618242.15
BASE,SIMULACION_CINCO_DIAS-NORMAL-N01,RECOCIDO_SIMULADO,1,43,93,3821,618240.45
BASE,SIMULACION_CINCO_DIAS-NORMAL-N01,RECOCIDO_SIMULADO,1,43,94,3861,618240.45
BASE,SIMULACION_CINCO_DIAS-NORMAL-N01,RECOCIDO_SIMULADO,1,43,95,3901,618235.4
BASE,SIMULACION_CINCO_DIAS-NORMAL-N01,RECOCIDO_SIMULADO,1,43,96,3941,618235.4
BASE,SIMULACION_CINCO_DIAS-NORMAL-N01,RECOCIDO_SIMULADO,1,43,97,3981,618235.4
BASE,SIMULACION_CINCO_DIAS-NORMAL-N01,RECOCIDO_SIMULADO,1,43,98,4021,618138.656667
BASE,SIMULACION_CINCO_DIAS-NORMAL-N01,RECOCIDO_SIMULADO,1,43,99,4061,618138.656667
BASE,SIMULACION_CINCO_DIAS-NORMAL-N01,RECOCIDO_SIMULADO,1,43,100,4101,618138.656667
BASE,SIMULACION_CINCO_DIAS-NORMAL-N01,RECOCIDO_SIMULADO,1,43,101,4141,618138.126667
BASE,SIMULACION_CINCO_DIAS-NORMAL-N01,RECOCIDO_SIMULADO,1,43,102,4181,618138.126667
BASE,SIMULACION_CINCO_DIAS-NORMAL-N01,RECOCIDO_SIMULADO,1,43,103,4221,618136.166667
BASE,SIMULACION_CINCO_DIAS-NORMAL-N01,RECOCIDO_SIMULADO,1,43,104,4261,618136.166667
BASE,SIMULACION_CINCO_DIAS-NORMAL-N01,RECOCIDO_SIMULADO,1,43,105,4301,618136.166667
BASE,SIMULACION_CINCO_DIAS-NORMAL-N01,RECOCIDO_SIMULADO,1,43,106,4341,618134.333333
BASE,SIMULACION_CINCO_DIAS-NORMAL-N01,RECOCIDO_SIMULADO,1,43,107,4381,618134.333333
BASE,SIMULACION_CINCO_DIAS-NORMAL-N01,RECOCIDO_SIMULADO,1,43,108,4421,618134.333333
BASE,SIMULACION_CINCO_DIAS-NORMAL-N01,RECOCIDO_SIMULADO,1,43,109,4461,618134.333333
BASE,SIMULACION_CINCO_DIAS-NORMAL-N01,RECOCIDO_SIMULADO,1,43,110,4501,618134.333333
BASE,SIMULACION_CINCO_DIAS-NORMAL-N01,RECOCIDO_SIMULADO,1,43,111,4541,618134.333333
BASE,SIMULACION_CINCO_DIAS-NORMAL-N01,RECOCIDO_SIMULADO,1,43,112,4581,618134.333333
BASE,SIMULACION_CINCO_DIAS-NORMAL-N01,RECOCIDO_SIMULADO,1,43,113,4621,618120.443333
BASE,SIMULACION_CINCO_DIAS-NORMAL-N01,RECOCIDO_SIMULADO,1,43,114,4661,618120.443333
BASE,SIMULACION_CINCO_DIAS-NORMAL-N01,RECOCIDO_SIMULADO,1,43,115,4701,618120.443333
BASE,SIMULACION_CINCO_DIAS-NORMAL-N01,RECOCIDO_SIMULADO,1,43,116,4741,618120.443333
BASE,SIMULACION_CINCO_DIAS-NORMAL-N01,RECOCIDO_SIMULADO,1,43,117,4781,618120.443333
BASE,SIMULACION_CINCO_DIAS-NORMAL-N01,RECOCIDO_SIMULADO,1,43,118,4821,618120.443333
BASE,SIMULACION_CINCO_DIAS-NORMAL-N01,RECOCIDO_SIMULADO,1,43,119,4861,618120.443333
BASE,SIMULACION_CINCO_DIAS-NORMAL-N01,RECOCIDO_SIMULADO,1,43,120,4901,618120.443333
BASE,SIMULACION_CINCO_DIAS-NORMAL-N01,RECOCIDO_SIMULADO,1,43,121,4941,618120.443333
BASE,SIMULACION_CINCO_DIAS-NORMAL-N01,GENETICO,1,43,0,60,502359.18
BASE,SIMULACION_CINCO_DIAS-NORMAL-N01,GENETICO,1,43,1,120,502359.18
BASE,SIMULACION_CINCO_DIAS-NORMAL-N01,GENETICO,1,43,2,180,502359.18
BASE,SIMULACION_CINCO_DIAS-NORMAL-N01,GENETICO,1,43,3,240,502359.18
BASE,SIMULACION_CINCO_DIAS-NORMAL-N01,GENETICO,1,43,4,300,502359.18
BASE,SIMULACION_CINCO_DIAS-NORMAL-N01,GENETICO,1,43,5,360,502359.18
BASE,SIMULACION_CINCO_DIAS-NORMAL-N01,GENETICO,1,43,6,420,502359.18
BASE,SIMULACION_CINCO_DIAS-NORMAL-N01,GENETICO,1,43,7,480,502359.18
BASE,SIMULACION_CINCO_DIAS-NORMAL-N01,GENETICO,1,43,8,540,502359.18
BASE,SIMULACION_CINCO_DIAS-NORMAL-N01,GENETICO,1,43,9,600,496797.183333
BASE,SIMULACION_CINCO_DIAS-NORMAL-N01,GENETICO,1,43,10,660,496797.183333
BASE,SIMULACION_CINCO_DIAS-NORMAL-N01,GENETICO,1,43,11,720,496797.183333
BASE,SIMULACION_CINCO_DIAS-NORMAL-N01,GENETICO,1,43,12,780,496797.183333
BASE,SIMULACION_CINCO_DIAS-NORMAL-N01,GENETICO,1,43,13,840,496797.183333
BASE,SIMULACION_CINCO_DIAS-NORMAL-N01,GENETICO,1,43,14,900,496797.183333
BASE,SIMULACION_CINCO_DIAS-NORMAL-N01,GENETICO,1,43,15,960,491762.275
BASE,SIMULACION_CINCO_DIAS-NORMAL-N01,GENETICO,1,43,16,1020,488928.283333
BASE,SIMULACION_CINCO_DIAS-NORMAL-N01,GENETICO,1,43,17,1080,488888.123333
BASE,SIMULACION_CINCO_DIAS-NORMAL-N01,GENETICO,1,43,18,1140,486490.65
BASE,SIMULACION_CINCO_DIAS-NORMAL-N01,GENETICO,1,43,19,1200,480438.045
BASE,SIMULACION_CINCO_DIAS-NORMAL-N01,GENETICO,1,43,20,1260,480438.045
BASE,SIMULACION_CINCO_DIAS-NORMAL-N01,GENETICO,1,43,21,1320,480438.045
BASE,SIMULACION_CINCO_DIAS-NORMAL-N01,GENETICO,1,43,22,1380,480272.051667
BASE,SIMULACION_CINCO_DIAS-NORMAL-N01,GENETICO,1,43,23,1440,479824.461667
BASE,SIMULACION_CINCO_DIAS-NORMAL-N01,GENETICO,1,43,24,1500,478637.876667
BASE,SIMULACION_CINCO_DIAS-NORMAL-N01,GENETICO,1,43,25,1560,478637.876667
BASE,SIMULACION_CINCO_DIAS-NORMAL-N01,GENETICO,1,43,26,1620,477659.675
BASE,SIMULACION_CINCO_DIAS-NORMAL-N01,GENETICO,1,43,27,1680,477607.986667
BASE,SIMULACION_CINCO_DIAS-NORMAL-N01,GENETICO,1,43,28,1740,477107.633333
BASE,SIMULACION_CINCO_DIAS-NORMAL-N01,GENETICO,1,43,29,1800,477107.633333
BASE,SIMULACION_CINCO_DIAS-NORMAL-N01,GENETICO,1,43,30,1860,476515.845
BASE,SIMULACION_CINCO_DIAS-NORMAL-N01,GENETICO,1,43,31,1920,476377.466667
BASE,SIMULACION_CINCO_DIAS-NORMAL-N01,GENETICO,1,43,32,1980,475980.931667
BASE,SIMULACION_CINCO_DIAS-NORMAL-N01,GENETICO,1,43,33,2040,475980.931667
BASE,SIMULACION_CINCO_DIAS-NORMAL-N01,GENETICO,1,43,34,2100,475164.676667
BASE,SIMULACION_CINCO_DIAS-NORMAL-N01,GENETICO,1,43,35,2160,475164.676667
BASE,SIMULACION_CINCO_DIAS-NORMAL-N01,GENETICO,1,43,36,2220,475164.676667
BASE,SIMULACION_CINCO_DIAS-NORMAL-N01,GENETICO,1,43,37,2280,475164.676667
BASE,SIMULACION_CINCO_DIAS-NORMAL-N01,GENETICO,1,43,38,2340,475164.676667
BASE,SIMULACION_CINCO_DIAS-NORMAL-N01,GENETICO,1,43,39,2400,475164.676667
BASE,SIMULACION_CINCO_DIAS-NORMAL-N01,GENETICO,1,43,40,2460,475006.973333
BASE,SIMULACION_CINCO_DIAS-NORMAL-N01,GENETICO,1,43,41,2520,474408.303333
BASE,SIMULACION_CINCO_DIAS-NORMAL-N01,GENETICO,1,43,42,2580,474252.235
BASE,SIMULACION_CINCO_DIAS-NORMAL-N01,GENETICO,1,43,43,2640,473521.355
BASE,SIMULACION_CINCO_DIAS-NORMAL-N01,GENETICO,1,43,44,2700,473521.355
BASE,SIMULACION_CINCO_DIAS-NORMAL-N01,GENETICO,1,43,45,2760,473504.781667
BASE,SIMULACION_CINCO_DIAS-NORMAL-N01,GENETICO,1,43,46,2820,473504.781667
BASE,SIMULACION_CINCO_DIAS-NORMAL-N01,GENETICO,1,43,47,2880,473504.781667
BASE,SIMULACION_CINCO_DIAS-NORMAL-N01,GENETICO,1,43,48,2940,473504.781667
BASE,SIMULACION_CINCO_DIAS-NORMAL-N01,GENETICO,1,43,49,3000,473501.731667
BASE,SIMULACION_CINCO_DIAS-NORMAL-N01,GENETICO,1,43,50,3060,473501.731667
BASE,SIMULACION_CINCO_DIAS-NORMAL-N01,GENETICO,1,43,51,3120,473501.731667
BASE,SIMULACION_CINCO_DIAS-NORMAL-N01,GENETICO,1,43,52,3180,473501.731667
BASE,SIMULACION_CINCO_DIAS-NORMAL-N01,GENETICO,1,43,53,3240,473501.731667
BASE,SIMULACION_CINCO_DIAS-NORMAL-N01,GENETICO,1,43,54,3300,473390.488333
BASE,SIMULACION_CINCO_DIAS-NORMAL-N01,GENETICO,1,43,55,3360,473390.488333
BASE,SIMULACION_CINCO_DIAS-NORMAL-N01,GENETICO,1,43,56,3420,473390.488333
BASE,SIMULACION_CINCO_DIAS-NORMAL-N01,GENETICO,1,43,57,3480,473390.488333
BASE,SIMULACION_CINCO_DIAS-NORMAL-N01,GENETICO,1,43,58,3540,473156.573333
BASE,SIMULACION_CINCO_DIAS-NORMAL-N01,GENETICO,1,43,59,3600,473131.908333
BASE,SIMULACION_CINCO_DIAS-NORMAL-N01,GENETICO,1,43,60,3660,473131.908333
BASE,SIMULACION_CINCO_DIAS-NORMAL-N01,GENETICO,1,43,61,3720,473131.908333
BASE,SIMULACION_CINCO_DIAS-NORMAL-N01,GENETICO,1,43,62,3780,473021.193333
BASE,SIMULACION_CINCO_DIAS-NORMAL-N01,GENETICO,1,43,63,3840,473021.193333
BASE,SIMULACION_CINCO_DIAS-NORMAL-N01,GENETICO,1,43,64,3900,473021.193333
BASE,SIMULACION_CINCO_DIAS-NORMAL-N01,GENETICO,1,43,65,3960,472804.378333
BASE,SIMULACION_CINCO_DIAS-NORMAL-N01,GENETICO,1,43,66,4020,472804.378333
BASE,SIMULACION_CINCO_DIAS-NORMAL-N01,GENETICO,1,43,67,4080,472629.713333
BASE,SIMULACION_CINCO_DIAS-NORMAL-N01,GENETICO,1,43,68,4140,472629.713333
BASE,SIMULACION_CINCO_DIAS-NORMAL-N01,GENETICO,1,43,69,4200,472443.276667
BASE,SIMULACION_CINCO_DIAS-NORMAL-N01,GENETICO,1,43,70,4260,472443.276667
BASE,SIMULACION_CINCO_DIAS-NORMAL-N01,GENETICO,1,43,71,4320,472443.276667
BASE,SIMULACION_CINCO_DIAS-NORMAL-N01,GENETICO,1,43,72,4380,472443.276667
BASE,SIMULACION_CINCO_DIAS-NORMAL-N01,GENETICO,1,43,73,4440,472443.276667
BASE,SIMULACION_CINCO_DIAS-NORMAL-N01,GENETICO,1,43,74,4500,472374.436667
BASE,SIMULACION_CINCO_DIAS-NORMAL-N01,GENETICO,1,43,75,4560,472156.636667
BASE,SIMULACION_CINCO_DIAS-NORMAL-N01,GENETICO,1,43,76,4620,472156.636667
BASE,SIMULACION_CINCO_DIAS-NORMAL-N01,GENETICO,1,43,77,4680,472156.636667
BASE,SIMULACION_CINCO_DIAS-NORMAL-N01,GENETICO,1,43,78,4740,472066.376667
BASE,SIMULACION_CINCO_DIAS-NORMAL-N01,GENETICO,1,43,79,4800,472066.376667
BASE,SIMULACION_CINCO_DIAS-NORMAL-N01,GENETICO,1,43,80,4860,472066.376667
BASE,SIMULACION_CINCO_DIAS-NORMAL-N01,GENETICO,1,43,81,4920,472035.526667
BASE,SIMULACION_CINCO_DIAS-NORMAL-N01,GENETICO,1,43,82,4980,472035.526667
BASE,SIMULACION_CINCO_DIAS-NORMAL-N01,GENETICO,1,43,83,5040,472014.686667
BASE,SIMULACION_CINCO_DIAS-NORMAL-N01,GENETICO,1,43,84,5100,471816.541667
BASE,SIMULACION_CINCO_DIAS-NORMAL-N01,GENETICO,1,43,85,5160,471816.541667
BASE,SIMULACION_CINCO_DIAS-NORMAL-N01,GENETICO,1,43,86,5220,471816.541667
BASE,SIMULACION_CINCO_DIAS-NORMAL-N01,GENETICO,1,43,87,5280,471814.391667
BASE,SIMULACION_CINCO_DIAS-NORMAL-N01,GENETICO,1,43,88,5340,471566.831667
BASE,SIMULACION_CINCO_DIAS-NORMAL-N01,GENETICO,1,43,89,5400,471545.366667
BASE,SIMULACION_CINCO_DIAS-NORMAL-N01,GENETICO,1,43,90,5460,471541.581667
BASE,SIMULACION_CINCO_DIAS-NORMAL-N01,GENETICO,1,43,91,5520,471539.431667
BASE,SIMULACION_CINCO_DIAS-NORMAL-N01,GENETICO,1,43,92,5580,471539.431667
BASE,SIMULACION_CINCO_DIAS-NORMAL-N01,GENETICO,1,43,93,5640,471496.481667
BASE,SIMULACION_CINCO_DIAS-NORMAL-N01,GENETICO,1,43,94,5700,471496.481667
BASE,SIMULACION_CINCO_DIAS-NORMAL-N01,GENETICO,1,43,95,5760,471493.691667
BASE,SIMULACION_CINCO_DIAS-NORMAL-N01,GENETICO,1,43,96,5820,471493.691667
BASE,SIMULACION_CINCO_DIAS-NORMAL-N01,GENETICO,1,43,97,5880,471489.281667
BASE,SIMULACION_CINCO_DIAS-NORMAL-N01,GENETICO,1,43,98,5940,471489.281667
BASE,SIMULACION_CINCO_DIAS-NORMAL-N01,GENETICO,1,43,99,6000,471479.331667
BASE,SIMULACION_CINCO_DIAS-NORMAL-N01,GENETICO,1,43,100,6060,471474.281667
BASE,SIMULACION_CINCO_DIAS-NORMAL-N01,GENETICO,1,43,101,6120,471474.281667
BASE,SIMULACION_CINCO_DIAS-NORMAL-N01,GENETICO,1,43,102,6180,471472.601667
BASE,SIMULACION_CINCO_DIAS-NORMAL-N01,GENETICO,1,43,103,6240,471450.181667
BASE,SIMULACION_CINCO_DIAS-NORMAL-N01,GENETICO,1,43,104,6300,471448.031667
BASE,SIMULACION_CINCO_DIAS-NORMAL-N01,GENETICO,1,43,105,6360,471447.391667
BASE,SIMULACION_CINCO_DIAS-NORMAL-N01,GENETICO,1,43,106,6420,471446.991667
BASE,SIMULACION_CINCO_DIAS-NORMAL-N01,GENETICO,1,43,107,6480,471339.115
BASE,SIMULACION_CINCO_DIAS-NORMAL-N01,GENETICO,1,43,108,6540,471339.115
BASE,SIMULACION_CINCO_DIAS-NORMAL-N01,GENETICO,1,43,109,6600,471338.715
BASE,SIMULACION_CINCO_DIAS-NORMAL-N01,GENETICO,1,43,110,6660,471336.565
BASE,SIMULACION_CINCO_DIAS-NORMAL-N01,GENETICO,1,43,111,6720,471335.925
BASE,SIMULACION_CINCO_DIAS-NORMAL-N01,GENETICO,1,43,112,6780,471334.495
BASE,SIMULACION_CINCO_DIAS-NORMAL-N01,GENETICO,1,43,113,6840,471333.975
BASE,SIMULACION_CINCO_DIAS-NORMAL-N01,GENETICO,1,43,114,6900,471333.975
BASE,SIMULACION_CINCO_DIAS-NORMAL-N01,GENETICO,1,43,115,6960,471333.975
BASE,SIMULACION_CINCO_DIAS-NORMAL-N01,GENETICO,1,43,116,7020,471333.975
BASE,SIMULACION_CINCO_DIAS-NORMAL-N01,GENETICO,1,43,117,7080,471103.625
BASE,SIMULACION_CINCO_DIAS-NORMAL-N01,GENETICO,1,43,118,7140,471101.675
BASE,SIMULACION_CINCO_DIAS-NORMAL-N01,GENETICO,1,43,119,7200,470992.166667
BASE,SIMULACION_CINCO_DIAS-NORMAL-N01,GENETICO,1,43,120,7260,470988.325
BASE,SIMULACION_CINCO_DIAS-NORMAL-N01,GENETICO,1,43,121,7320,470988.325
BASE,SIMULACION_CINCO_DIAS-NORMAL-N01,GENETICO,1,43,122,7380,470988.325
BASE,SIMULACION_CINCO_DIAS-NORMAL-N01,GENETICO,1,43,123,7440,470825.605
BASE,SIMULACION_CINCO_DIAS-NORMAL-N01,GENETICO,1,43,124,7500,470825.605
BASE,SIMULACION_CINCO_DIAS-NORMAL-N01,GENETICO,1,43,125,7560,470825.605
BASE,SIMULACION_CINCO_DIAS-NORMAL-N01,GENETICO,1,43,126,7620,470825.605
BASE,SIMULACION_CINCO_DIAS-NORMAL-N01,GENETICO,1,43,127,7680,470825.605
BASE,SIMULACION_CINCO_DIAS-NORMAL-N01,GENETICO,1,43,128,7740,470825.605
BASE,SIMULACION_CINCO_DIAS-NORMAL-N01,GENETICO,1,43,129,7800,470769.045
BASE,SIMULACION_CINCO_DIAS-NORMAL-N01,GENETICO,1,43,130,7860,470769.045
BASE,SIMULACION_CINCO_DIAS-NORMAL-N01,GENETICO,1,43,131,7920,470769.045
BASE,SIMULACION_CINCO_DIAS-NORMAL-N01,GENETICO,1,43,132,7980,470769.045
BASE,SIMULACION_CINCO_DIAS-NORMAL-N01,GENETICO,1,43,133,8040,470769.045
BASE,SIMULACION_CINCO_DIAS-NORMAL-N01,GENETICO,1,43,134,8100,470769.045
BASE,SIMULACION_CINCO_DIAS-NORMAL-N01,GENETICO,1,43,135,8160,470769.045
BASE,SIMULACION_CINCO_DIAS-NORMAL-N01,GENETICO,1,43,136,8220,470769.045
BASE,SIMULACION_CINCO_DIAS-NORMAL-N01,GENETICO,1,43,137,8280,470769.045
BASE,SIMULACION_CINCO_DIAS-NORMAL-N01,GENETICO,1,43,138,8340,470769.045
BASE,SIMULACION_CINCO_DIAS-NORMAL-N01,GENETICO,1,43,139,8400,470769.045
BASE,SIMULACION_CINCO_DIAS-NORMAL-N01,GENETICO,1,43,140,8460,470769.045
BASE,SIMULACION_CINCO_DIAS-NORMAL-N01,GENETICO,1,43,141,8520,470769.045
BASE,SIMULACION_CINCO_DIAS-NORMAL-N01,GENETICO,1,43,142,8580,470769.045
BASE,SIMULACION_CINCO_DIAS-NORMAL-N01,GENETICO,1,43,143,8640,470769.045
BASE,SIMULACION_CINCO_DIAS-NORMAL-N01,GENETICO,1,43,144,8700,470769.045
BASE,SIMULACION_CINCO_DIAS-NORMAL-N01,GENETICO,1,43,145,8760,470769.045
BASE,SIMULACION_CINCO_DIAS-NORMAL-N01,GENETICO,1,43,146,8820,470769.045
BASE,SIMULACION_CINCO_DIAS-NORMAL-N01,GENETICO,1,43,147,8880,470769.045
BASE,SIMULACION_CINCO_DIAS-NORMAL-N01,GENETICO,1,43,148,8940,470769.045
BASE,SIMULACION_CINCO_DIAS-NORMAL-N01,GENETICO,1,43,149,9000,470769.045
BASE,SIMULACION_CINCO_DIAS-NORMAL-N01,GENETICO,1,43,150,9060,470769.045
BASE,SIMULACION_CINCO_DIAS-ALTA-N01,GENETICO,0,42,0,60,814170.468333
BASE,SIMULACION_CINCO_DIAS-ALTA-N01,GENETICO,0,42,1,120,814170.468333
BASE,SIMULACION_CINCO_DIAS-ALTA-N01,GENETICO,0,42,2,180,814170.468333
BASE,SIMULACION_CINCO_DIAS-ALTA-N01,GENETICO,0,42,3,240,814170.468333
BASE,SIMULACION_CINCO_DIAS-ALTA-N01,GENETICO,0,42,4,300,814170.468333
BASE,SIMULACION_CINCO_DIAS-ALTA-N01,GENETICO,0,42,5,360,814170.468333
BASE,SIMULACION_CINCO_DIAS-ALTA-N01,GENETICO,0,42,6,420,814170.468333
BASE,SIMULACION_CINCO_DIAS-ALTA-N01,GENETICO,0,42,7,480,814170.468333
BASE,SIMULACION_CINCO_DIAS-ALTA-N01,GENETICO,0,42,8,540,814170.468333
BASE,SIMULACION_CINCO_DIAS-ALTA-N01,GENETICO,0,42,9,600,814170.468333
BASE,SIMULACION_CINCO_DIAS-ALTA-N01,GENETICO,0,42,10,660,814170.468333
BASE,SIMULACION_CINCO_DIAS-ALTA-N01,GENETICO,0,42,11,720,814170.468333
BASE,SIMULACION_CINCO_DIAS-ALTA-N01,GENETICO,0,42,12,780,810773.345
BASE,SIMULACION_CINCO_DIAS-ALTA-N01,GENETICO,0,42,13,840,810773.345
BASE,SIMULACION_CINCO_DIAS-ALTA-N01,GENETICO,0,42,14,900,810768.295
BASE,SIMULACION_CINCO_DIAS-ALTA-N01,GENETICO,0,42,15,960,805356.963333
BASE,SIMULACION_CINCO_DIAS-ALTA-N01,GENETICO,0,42,16,1020,798278.411667
BASE,SIMULACION_CINCO_DIAS-ALTA-N01,GENETICO,0,42,17,1080,798278.411667
BASE,SIMULACION_CINCO_DIAS-ALTA-N01,GENETICO,0,42,18,1140,798278.411667
BASE,SIMULACION_CINCO_DIAS-ALTA-N01,GENETICO,0,42,19,1200,794465.04
BASE,SIMULACION_CINCO_DIAS-ALTA-N01,GENETICO,0,42,20,1260,793558.968333
BASE,SIMULACION_CINCO_DIAS-ALTA-N01,GENETICO,0,42,21,1320,790915.655
BASE,SIMULACION_CINCO_DIAS-ALTA-N01,GENETICO,0,42,22,1380,786526.851667
BASE,SIMULACION_CINCO_DIAS-ALTA-N01,GENETICO,0,42,23,1440,786526.851667
BASE,SIMULACION_CINCO_DIAS-ALTA-N01,GENETICO,0,42,24,1500,785679.755
BASE,SIMULACION_CINCO_DIAS-ALTA-N01,GENETICO,0,42,25,1560,785679.755
BASE,SIMULACION_CINCO_DIAS-ALTA-N01,GENETICO,0,42,26,1620,785679.755
BASE,SIMULACION_CINCO_DIAS-ALTA-N01,GENETICO,0,42,27,1680,782574.543333
BASE,SIMULACION_CINCO_DIAS-ALTA-N01,GENETICO,0,42,28,1740,776515.245
BASE,SIMULACION_CINCO_DIAS-ALTA-N01,GENETICO,0,42,29,1800,776515.245
BASE,SIMULACION_CINCO_DIAS-ALTA-N01,GENETICO,0,42,30,1860,776515.245
BASE,SIMULACION_CINCO_DIAS-ALTA-N01,GENETICO,0,42,31,1920,771515.381667
BASE,SIMULACION_CINCO_DIAS-ALTA-N01,GENETICO,0,42,32,1980,771512.395
BASE,SIMULACION_CINCO_DIAS-ALTA-N01,GENETICO,0,42,33,2040,771512.395
BASE,SIMULACION_CINCO_DIAS-ALTA-N01,GENETICO,0,42,34,2100,771512.395
BASE,SIMULACION_CINCO_DIAS-ALTA-N01,GENETICO,0,42,35,2160,765534.965
BASE,SIMULACION_CINCO_DIAS-ALTA-N01,GENETICO,0,42,36,2220,765534.965
BASE,SIMULACION_CINCO_DIAS-ALTA-N01,GENETICO,0,42,37,2280,765534.965
BASE,SIMULACION_CINCO_DIAS-ALTA-N01,GENETICO,0,42,38,2340,765534.965
BASE,SIMULACION_CINCO_DIAS-ALTA-N01,GENETICO,0,42,39,2400,765534.965
BASE,SIMULACION_CINCO_DIAS-ALTA-N01,GENETICO,0,42,40,2460,765534.965
BASE,SIMULACION_CINCO_DIAS-ALTA-N01,GENETICO,0,42,41,2520,765534.965
BASE,SIMULACION_CINCO_DIAS-ALTA-N01,GENETICO,0,42,42,2580,763554.291667
BASE,SIMULACION_CINCO_DIAS-ALTA-N01,GENETICO,0,42,43,2640,763554.291667
BASE,SIMULACION_CINCO_DIAS-ALTA-N01,GENETICO,0,42,44,2700,762894.368333
BASE,SIMULACION_CINCO_DIAS-ALTA-N01,GENETICO,0,42,45,2760,762894.368333
BASE,SIMULACION_CINCO_DIAS-ALTA-N01,GENETICO,0,42,46,2820,762293.011667
BASE,SIMULACION_CINCO_DIAS-ALTA-N01,GENETICO,0,42,47,2880,762236.451667
BASE,SIMULACION_CINCO_DIAS-ALTA-N01,GENETICO,0,42,48,2940,762236.451667
BASE,SIMULACION_CINCO_DIAS-ALTA-N01,GENETICO,0,42,49,3000,762236.451667
BASE,SIMULACION_CINCO_DIAS-ALTA-N01,GENETICO,0,42,50,3060,762085.705
BASE,SIMULACION_CINCO_DIAS-ALTA-N01,GENETICO,0,42,51,3120,761866.221667
BASE,SIMULACION_CINCO_DIAS-ALTA-N01,GENETICO,0,42,52,3180,761403.651667
BASE,SIMULACION_CINCO_DIAS-ALTA-N01,GENETICO,0,42,53,3240,761403.651667
BASE,SIMULACION_CINCO_DIAS-ALTA-N01,GENETICO,0,42,54,3300,756594.335
BASE,SIMULACION_CINCO_DIAS-ALTA-N01,GENETICO,0,42,55,3360,756594.335
BASE,SIMULACION_CINCO_DIAS-ALTA-N01,GENETICO,0,42,56,3420,756594.335
BASE,SIMULACION_CINCO_DIAS-ALTA-N01,GENETICO,0,42,57,3480,756594.335
BASE,SIMULACION_CINCO_DIAS-ALTA-N01,GENETICO,0,42,58,3540,756393.335
BASE,SIMULACION_CINCO_DIAS-ALTA-N01,GENETICO,0,42,59,3600,756393.335
BASE,SIMULACION_CINCO_DIAS-ALTA-N01,GENETICO,0,42,60,3660,756264.468333
BASE,SIMULACION_CINCO_DIAS-ALTA-N01,GENETICO,0,42,61,3720,756264.468333
BASE,SIMULACION_CINCO_DIAS-ALTA-N01,GENETICO,0,42,62,3780,756264.468333
BASE,SIMULACION_CINCO_DIAS-ALTA-N01,GENETICO,0,42,63,3840,756264.468333
BASE,SIMULACION_CINCO_DIAS-ALTA-N01,GENETICO,0,42,64,3900,756173.458333
BASE,SIMULACION_CINCO_DIAS-ALTA-N01,GENETICO,0,42,65,3960,756173.458333
BASE,SIMULACION_CINCO_DIAS-ALTA-N01,GENETICO,0,42,66,4020,756173.458333
BASE,SIMULACION_CINCO_DIAS-ALTA-N01,GENETICO,0,42,67,4080,756173.458333
BASE,SIMULACION_CINCO_DIAS-ALTA-N01,GENETICO,0,42,68,4140,756074.795
BASE,SIMULACION_CINCO_DIAS-ALTA-N01,GENETICO,0,42,69,4200,755699.088333
BASE,SIMULACION_CINCO_DIAS-ALTA-N01,GENETICO,0,42,70,4260,755632.005
BASE,SIMULACION_CINCO_DIAS-ALTA-N01,GENETICO,0,42,71,4320,755560.503333
BASE,SIMULACION_CINCO_DIAS-ALTA-N01,GENETICO,0,42,72,4380,755100.77
BASE,SIMULACION_CINCO_DIAS-ALTA-N01,GENETICO,0,42,73,4440,755081.42
BASE,SIMULACION_CINCO_DIAS-ALTA-N01,GENETICO,0,42,74,4500,755058.441667
BASE,SIMULACION_CINCO_DIAS-ALTA-N01,GENETICO,0,42,75,4560,755058.441667
BASE,SIMULACION_CINCO_DIAS-ALTA-N01,GENETICO,0,42,76,4620,755054.391667
BASE,SIMULACION_CINCO_DIAS-ALTA-N01,GENETICO,0,42,77,4680,755034.875
BASE,SIMULACION_CINCO_DIAS-ALTA-N01,GENETICO,0,42,78,4740,754955.225
BASE,SIMULACION_CINCO_DIAS-ALTA-N01,GENETICO,0,42,79,4800,754889.728333
BASE,SIMULACION_CINCO_DIAS-ALTA-N01,GENETICO,0,42,80,4860,754870.378333
BASE,SIMULACION_CINCO_DIAS-ALTA-N01,GENETICO,0,42,81,4920,754578.825
BASE,SIMULACION_CINCO_DIAS-ALTA-N01,GENETICO,0,42,82,4980,754578.825
BASE,SIMULACION_CINCO_DIAS-ALTA-N01,GENETICO,0,42,83,5040,754578.825
BASE,SIMULACION_CINCO_DIAS-ALTA-N01,GENETICO,0,42,84,5100,754469.728333
BASE,SIMULACION_CINCO_DIAS-ALTA-N01,GENETICO,0,42,85,5160,754289.191667
BASE,SIMULACION_CINCO_DIAS-ALTA-N01,GENETICO,0,42,86,5220,754176.696667
BASE,SIMULACION_CINCO_DIAS-ALTA-N01,GENETICO,0,42,87,5280,754133.028333
BASE,SIMULACION_CINCO_DIAS-ALTA-N01,GENETICO,0,42,88,5340,753941.458333
BASE,SIMULACION_CINCO_DIAS-ALTA-N01,GENETICO,0,42,89,5400,753941.458333
BASE,SIMULACION_CINCO_DIAS-ALTA-N01,GENETICO,0,42,90,5460,753780.908333
BASE,SIMULACION_CINCO_DIAS-ALTA-N01,GENETICO,0,42,91,5520,753728.806667
BASE,SIMULACION_CINCO_DIAS-ALTA-N01,GENETICO,0,42,92,5580,753432.268333
BASE,SIMULACION_CINCO_DIAS-ALTA-N01,GENETICO,0,42,93,5640,753334.348333
BASE,SIMULACION_CINCO_DIAS-ALTA-N01,GENETICO,0,42,94,5700,753334.348333
BASE,SIMULACION_CINCO_DIAS-ALTA-N01,GENETICO,0,42,95,5760,753087.826667
BASE,SIMULACION_CINCO_DIAS-ALTA-N01,GENETICO,0,42,96,5820,753087.826667
BASE,SIMULACION_CINCO_DIAS-ALTA-N01,GENETICO,0,42,97,5880,752976.92
BASE,SIMULACION_CINCO_DIAS-ALTA-N01,GENETICO,0,42,98,5940,752976.92
BASE,SIMULACION_CINCO_DIAS-ALTA-N01,GENETICO,0,42,99,6000,752928.94
BASE,SIMULACION_CINCO_DIAS-ALTA-N01,GENETICO,0,42,100,6060,752767.696667
BASE,SIMULACION_CINCO_DIAS-ALTA-N01,GENETICO,0,42,101,6120,752743.456667
BASE,SIMULACION_CINCO_DIAS-ALTA-N01,GENETICO,0,42,102,6180,752681.03
BASE,SIMULACION_CINCO_DIAS-ALTA-N01,GENETICO,0,42,103,6240,752605.646667
BASE,SIMULACION_CINCO_DIAS-ALTA-N01,GENETICO,0,42,104,6300,752521.48
BASE,SIMULACION_CINCO_DIAS-ALTA-N01,GENETICO,0,42,105,6360,752352.88
BASE,SIMULACION_CINCO_DIAS-ALTA-N01,GENETICO,0,42,106,6420,752323.44
BASE,SIMULACION_CINCO_DIAS-ALTA-N01,GENETICO,0,42,107,6480,752323.44
BASE,SIMULACION_CINCO_DIAS-ALTA-N01,GENETICO,0,42,108,6540,752213.08
BASE,SIMULACION_CINCO_DIAS-ALTA-N01,GENETICO,0,42,109,6600,752178.74
BASE,SIMULACION_CINCO_DIAS-ALTA-N01,GENETICO,0,42,110,6660,752136.13
BASE,SIMULACION_CINCO_DIAS-ALTA-N01,GENETICO,0,42,111,6720,752136.13
BASE,SIMULACION_CINCO_DIAS-ALTA-N01,GENETICO,0,42,112,6780,752113.09
BASE,SIMULACION_CINCO_DIAS-ALTA-N01,GENETICO,0,42,113,6840,751999.213333
BASE,SIMULACION_CINCO_DIAS-ALTA-N01,GENETICO,0,42,114,6900,751976.173333
BASE,SIMULACION_CINCO_DIAS-ALTA-N01,GENETICO,0,42,115,6960,751975.273333
BASE,SIMULACION_CINCO_DIAS-ALTA-N01,GENETICO,0,42,116,7020,751974.073333
BASE,SIMULACION_CINCO_DIAS-ALTA-N01,GENETICO,0,42,117,7080,751901.123333
BASE,SIMULACION_CINCO_DIAS-ALTA-N01,GENETICO,0,42,118,7140,751878.283333
BASE,SIMULACION_CINCO_DIAS-ALTA-N01,GENETICO,0,42,119,7200,751861.623333
BASE,SIMULACION_CINCO_DIAS-ALTA-N01,GENETICO,0,42,120,7260,751804.473333
BASE,SIMULACION_CINCO_DIAS-ALTA-N01,GENETICO,0,42,121,7320,751761.623333
BASE,SIMULACION_CINCO_DIAS-ALTA-N01,GENETICO,0,42,122,7380,751761.623333
BASE,SIMULACION_CINCO_DIAS-ALTA-N01,GENETICO,0,42,123,7440,751544.413333
BASE,SIMULACION_CINCO_DIAS-ALTA-N01,GENETICO,0,42,124,7500,751544.413333
BASE,SIMULACION_CINCO_DIAS-ALTA-N01,GENETICO,0,42,125,7560,751520.173333
BASE,SIMULACION_CINCO_DIAS-ALTA-N01,GENETICO,0,42,126,7620,751519.14
BASE,SIMULACION_CINCO_DIAS-ALTA-N01,GENETICO,0,42,127,7680,751419.34
BASE,SIMULACION_CINCO_DIAS-ALTA-N01,GENETICO,0,42,128,7740,751419.34
BASE,SIMULACION_CINCO_DIAS-ALTA-N01,GENETICO,0,42,129,7800,751419.34
BASE,SIMULACION_CINCO_DIAS-ALTA-N01,GENETICO,0,42,130,7860,751419.34
BASE,SIMULACION_CINCO_DIAS-ALTA-N01,GENETICO,0,42,131,7920,751419.34
BASE,SIMULACION_CINCO_DIAS-ALTA-N01,GENETICO,0,42,132,7980,751419.34
BASE,SIMULACION_CINCO_DIAS-ALTA-N01,GENETICO,0,42,133,8040,751414.29
BASE,SIMULACION_CINCO_DIAS-ALTA-N01,GENETICO,0,42,134,8100,751414.29
BASE,SIMULACION_CINCO_DIAS-ALTA-N01,GENETICO,0,42,135,8160,751343.59
BASE,SIMULACION_CINCO_DIAS-ALTA-N01,GENETICO,0,42,136,8220,751341.74
BASE,SIMULACION_CINCO_DIAS-ALTA-N01,GENETICO,0,42,137,8280,751341.74
BASE,SIMULACION_CINCO_DIAS-ALTA-N01,GENETICO,0,42,138,8340,751339.44
BASE,SIMULACION_CINCO_DIAS-ALTA-N01,GENETICO,0,42,139,8400,751337.59
BASE,SIMULACION_CINCO_DIAS-ALTA-N01,GENETICO,0,42,140,8460,751337.59
BASE,SIMULACION_CINCO_DIAS-ALTA-N01,GENETICO,0,42,141,8520,751336.69
BASE,SIMULACION_CINCO_DIAS-ALTA-N01,GENETICO,0,42,142,8580,751335.79
BASE,SIMULACION_CINCO_DIAS-ALTA-N01,GENETICO,0,42,143,8640,751335.79
BASE,SIMULACION_CINCO_DIAS-ALTA-N01,GENETICO,0,42,144,8700,751335.79
BASE,SIMULACION_CINCO_DIAS-ALTA-N01,GENETICO,0,42,145,8760,751335.79
BASE,SIMULACION_CINCO_DIAS-ALTA-N01,GENETICO,0,42,146,8820,751335.79
BASE,SIMULACION_CINCO_DIAS-ALTA-N01,GENETICO,0,42,147,8880,751335.79
BASE,SIMULACION_CINCO_DIAS-ALTA-N01,GENETICO,0,42,148,8940,751335.79
BASE,SIMULACION_CINCO_DIAS-ALTA-N01,GENETICO,0,42,149,9000,751335.79
BASE,SIMULACION_CINCO_DIAS-ALTA-N01,GENETICO,0,42,150,9060,751335.64
BASE,SIMULACION_CINCO_DIAS-ALTA-N01,RECOCIDO_SIMULADO,0,42,0,101,1016189.648333
BASE,SIMULACION_CINCO_DIAS-ALTA-N01,RECOCIDO_SIMULADO,0,42,1,141,1016189.648333
BASE,SIMULACION_CINCO_DIAS-ALTA-N01,RECOCIDO_SIMULADO,0,42,2,181,1016189.648333
BASE,SIMULACION_CINCO_DIAS-ALTA-N01,RECOCIDO_SIMULADO,0,42,3,221,1016189.648333
BASE,SIMULACION_CINCO_DIAS-ALTA-N01,RECOCIDO_SIMULADO,0,42,4,261,1016189.648333
BASE,SIMULACION_CINCO_DIAS-ALTA-N01,RECOCIDO_SIMULADO,0,42,5,301,1016189.648333
BASE,SIMULACION_CINCO_DIAS-ALTA-N01,RECOCIDO_SIMULADO,0,42,6,341,1013158.79
BASE,SIMULACION_CINCO_DIAS-ALTA-N01,RECOCIDO_SIMULADO,0,42,7,381,1012884.173333
BASE,SIMULACION_CINCO_DIAS-ALTA-N01,RECOCIDO_SIMULADO,0,42,8,421,1012884.173333
BASE,SIMULACION_CINCO_DIAS-ALTA-N01,RECOCIDO_SIMULADO,0,42,9,461,1012884.173333
BASE,SIMULACION_CINCO_DIAS-ALTA-N01,RECOCIDO_SIMULADO,0,42,10,501,1012884.173333
BASE,SIMULACION_CINCO_DIAS-ALTA-N01,RECOCIDO_SIMULADO,0,42,11,541,1012884.173333
BASE,SIMULACION_CINCO_DIAS-ALTA-N01,RECOCIDO_SIMULADO,0,42,12,581,1009018.76
BASE,SIMULACION_CINCO_DIAS-ALTA-N01,RECOCIDO_SIMULADO,0,42,13,621,1008683.01
BASE,SIMULACION_CINCO_DIAS-ALTA-N01,RECOCIDO_SIMULADO,0,42,14,661,1008211.32
BASE,SIMULACION_CINCO_DIAS-ALTA-N01,RECOCIDO_SIMULADO,0,42,15,701,1008211.32
BASE,SIMULACION_CINCO_DIAS-ALTA-N01,RECOCIDO_SIMULADO,0,42,16,741,1008211.32
BASE,SIMULACION_CINCO_DIAS-ALTA-N01,RECOCIDO_SIMULADO,0,42,17,781,1008147.966667
BASE,SIMULACION_CINCO_DIAS-ALTA-N01,RECOCIDO_SIMULADO,0,42,18,821,1007735.66
BASE,SIMULACION_CINCO_DIAS-ALTA-N01,RECOCIDO_SIMULADO,0,42,19,861,1007417.1
BASE,SIMULACION_CINCO_DIAS-ALTA-N01,RECOCIDO_SIMULADO,0,42,20,901,1007417.1
BASE,SIMULACION_CINCO_DIAS-ALTA-N01,RECOCIDO_SIMULADO,0,42,21,941,1007047.32
BASE,SIMULACION_CINCO_DIAS-ALTA-N01,RECOCIDO_SIMULADO,0,42,22,981,1007047.32
BASE,SIMULACION_CINCO_DIAS-ALTA-N01,RECOCIDO_SIMULADO,0,42,23,1021,1006928.68
BASE,SIMULACION_CINCO_DIAS-ALTA-N01,RECOCIDO_SIMULADO,0,42,24,1061,1006701.43
BASE,SIMULACION_CINCO_DIAS-ALTA-N01,RECOCIDO_SIMULADO,0,42,25,1101,1006661.03
BASE,SIMULACION_CINCO_DIAS-ALTA-N01,RECOCIDO_SIMULADO,0,42,26,1141,1006655.98
BASE,SIMULACION_CINCO_DIAS-ALTA-N01,RECOCIDO_SIMULADO,0,42,27,1181,1006655.98
BASE,SIMULACION_CINCO_DIAS-ALTA-N01,RECOCIDO_SIMULADO,0,42,28,1221,1006459.66
BASE,SIMULACION_CINCO_DIAS-ALTA-N01,RECOCIDO_SIMULADO,0,42,29,1261,1006426.243333
BASE,SIMULACION_CINCO_DIAS-ALTA-N01,RECOCIDO_SIMULADO,0,42,30,1301,1006426.243333
BASE,SIMULACION_CINCO_DIAS-ALTA-N01,RECOCIDO_SIMULADO,0,42,31,1341,1006426.243333
BASE,SIMULACION_CINCO_DIAS-ALTA-N01,RECOCIDO_SIMULADO,0,42,32,1381,1006383.033333
BASE,SIMULACION_CINCO_DIAS-ALTA-N01,RECOCIDO_SIMULADO,0,42,33,1421,1006383.033333
BASE,SIMULACION_CINCO_DIAS-ALTA-N01,RECOCIDO_SIMULADO,0,42,34,1461,1001796.031667
BASE,SIMULACION_CINCO_DIAS-ALTA-N01,RECOCIDO_SIMULADO,0,42,35,1501,1001695.031667
BASE,SIMULACION_CINCO_DIAS-ALTA-N01,RECOCIDO_SIMULADO,0,42,36,1541,1001695.031667
BASE,SIMULACION_CINCO_DIAS-ALTA-N01,RECOCIDO_SIMULADO,0,42,37,1581,1001695.031667
BASE,SIMULACION_CINCO_DIAS-ALTA-N01,RECOCIDO_SIMULADO,0,42,38,1621,1001695.031667
BASE,SIMULACION_CINCO_DIAS-ALTA-N01,RECOCIDO_SIMULADO,0,42,39,1661,1001695.031667
BASE,SIMULACION_CINCO_DIAS-ALTA-N01,RECOCIDO_SIMULADO,0,42,40,1701,1001695.031667
BASE,SIMULACION_CINCO_DIAS-ALTA-N01,RECOCIDO_SIMULADO,0,42,41,1741,1001695.031667
BASE,SIMULACION_CINCO_DIAS-ALTA-N01,RECOCIDO_SIMULADO,0,42,42,1781,1001695.031667
BASE,SIMULACION_CINCO_DIAS-ALTA-N01,RECOCIDO_SIMULADO,0,42,43,1821,1001695.031667
BASE,SIMULACION_CINCO_DIAS-ALTA-N01,RECOCIDO_SIMULADO,0,42,44,1861,1001676.851667
BASE,SIMULACION_CINCO_DIAS-ALTA-N01,RECOCIDO_SIMULADO,0,42,45,1901,1001676.851667
BASE,SIMULACION_CINCO_DIAS-ALTA-N01,RECOCIDO_SIMULADO,0,42,46,1941,1001676.851667
BASE,SIMULACION_CINCO_DIAS-ALTA-N01,RECOCIDO_SIMULADO,0,42,47,1981,1001626.301667
BASE,SIMULACION_CINCO_DIAS-ALTA-N01,RECOCIDO_SIMULADO,0,42,48,2021,1001529.341667
BASE,SIMULACION_CINCO_DIAS-ALTA-N01,RECOCIDO_SIMULADO,0,42,49,2061,1001511.561667
BASE,SIMULACION_CINCO_DIAS-ALTA-N01,RECOCIDO_SIMULADO,0,42,50,2101,1001381.368333
BASE,SIMULACION_CINCO_DIAS-ALTA-N01,RECOCIDO_SIMULADO,0,42,51,2141,1001316.728333
BASE,SIMULACION_CINCO_DIAS-ALTA-N01,RECOCIDO_SIMULADO,0,42,52,2181,1001163.208333
BASE,SIMULACION_CINCO_DIAS-ALTA-N01,RECOCIDO_SIMULADO,0,42,53,2221,1001163.208333
BASE,SIMULACION_CINCO_DIAS-ALTA-N01,RECOCIDO_SIMULADO,0,42,54,2261,1001163.208333
BASE,SIMULACION_CINCO_DIAS-ALTA-N01,RECOCIDO_SIMULADO,0,42,55,2301,1001110.148333
BASE,SIMULACION_CINCO_DIAS-ALTA-N01,RECOCIDO_SIMULADO,0,42,56,2341,1001110.148333
BASE,SIMULACION_CINCO_DIAS-ALTA-N01,RECOCIDO_SIMULADO,0,42,57,2381,1001110.148333
BASE,SIMULACION_CINCO_DIAS-ALTA-N01,RECOCIDO_SIMULADO,0,42,58,2421,1001110.148333
BASE,SIMULACION_CINCO_DIAS-ALTA-N01,RECOCIDO_SIMULADO,0,42,59,2461,1001110.148333
BASE,SIMULACION_CINCO_DIAS-ALTA-N01,RECOCIDO_SIMULADO,0,42,60,2501,1001110.148333
BASE,SIMULACION_CINCO_DIAS-ALTA-N01,RECOCIDO_SIMULADO,0,42,61,2541,1001110.148333
BASE,SIMULACION_CINCO_DIAS-ALTA-N01,RECOCIDO_SIMULADO,0,42,62,2581,1001110.148333
BASE,SIMULACION_CINCO_DIAS-ALTA-N01,RECOCIDO_SIMULADO,0,42,63,2621,1001106.718333
BASE,SIMULACION_CINCO_DIAS-ALTA-N01,RECOCIDO_SIMULADO,0,42,64,2661,1001084.498333
BASE,SIMULACION_CINCO_DIAS-ALTA-N01,RECOCIDO_SIMULADO,0,42,65,2701,1001084.498333
BASE,SIMULACION_CINCO_DIAS-ALTA-N01,RECOCIDO_SIMULADO,0,42,66,2741,1001078.711667
BASE,SIMULACION_CINCO_DIAS-ALTA-N01,RECOCIDO_SIMULADO,0,42,67,2781,1001078.711667
BASE,SIMULACION_CINCO_DIAS-ALTA-N01,RECOCIDO_SIMULADO,0,42,68,2821,1000929.231667
BASE,SIMULACION_CINCO_DIAS-ALTA-N01,RECOCIDO_SIMULADO,0,42,69,2861,1000929.231667
BASE,SIMULACION_CINCO_DIAS-ALTA-N01,RECOCIDO_SIMULADO,0,42,70,2901,1000929.231667
BASE,SIMULACION_CINCO_DIAS-ALTA-N01,RECOCIDO_SIMULADO,0,42,71,2941,1000929.231667
BASE,SIMULACION_CINCO_DIAS-ALTA-N01,RECOCIDO_SIMULADO,0,42,72,2981,1000929.231667
BASE,SIMULACION_CINCO_DIAS-ALTA-N01,RECOCIDO_SIMULADO,0,42,73,3021,1000923.748333
BASE,SIMULACION_CINCO_DIAS-ALTA-N01,RECOCIDO_SIMULADO,0,42,74,3061,1000923.748333
BASE,SIMULACION_CINCO_DIAS-ALTA-N01,RECOCIDO_SIMULADO,0,42,75,3101,1000913.198333
BASE,SIMULACION_CINCO_DIAS-ALTA-N01,RECOCIDO_SIMULADO,0,42,76,3141,1000909.698333
BASE,SIMULACION_CINCO_DIAS-ALTA-N01,RECOCIDO_SIMULADO,0,42,77,3181,1000909.698333
BASE,SIMULACION_CINCO_DIAS-ALTA-N01,RECOCIDO_SIMULADO,0,42,78,3221,1000909.698333
BASE,SIMULACION_CINCO_DIAS-ALTA-N01,RECOCIDO_SIMULADO,0,42,79,3261,1000909.698333
BASE,SIMULACION_CINCO_DIAS-ALTA-N01,RECOCIDO_SIMULADO,0,42,80,3301,1000909.698333
BASE,SIMULACION_CINCO_DIAS-ALTA-N01,RECOCIDO_SIMULADO,0,42,81,3341,1000909.698333
BASE,SIMULACION_CINCO_DIAS-ALTA-N01,RECOCIDO_SIMULADO,0,42,82,3381,1000909.698333
BASE,SIMULACION_CINCO_DIAS-ALTA-N01,RECOCIDO_SIMULADO,0,42,83,3421,1000909.698333
BASE,SIMULACION_CINCO_DIAS-ALTA-N01,RECOCIDO_SIMULADO,0,42,84,3461,1000909.698333
BASE,SIMULACION_CINCO_DIAS-ALTA-N01,RECOCIDO_SIMULADO,0,42,85,3501,1000909.698333
BASE,SIMULACION_CINCO_DIAS-ALTA-N01,RECOCIDO_SIMULADO,0,42,86,3541,1000909.698333
BASE,SIMULACION_CINCO_DIAS-ALTA-N01,RECOCIDO_SIMULADO,0,42,87,3581,1000909.698333
BASE,SIMULACION_CINCO_DIAS-ALTA-N01,RECOCIDO_SIMULADO,0,42,88,3621,1000909.698333
BASE,SIMULACION_CINCO_DIAS-ALTA-N01,RECOCIDO_SIMULADO,0,42,89,3661,1000909.698333
BASE,SIMULACION_CINCO_DIAS-ALTA-N01,RECOCIDO_SIMULADO,0,42,90,3701,1000889.498333
BASE,SIMULACION_CINCO_DIAS-ALTA-N01,RECOCIDO_SIMULADO,0,42,91,3741,1000889.498333
BASE,SIMULACION_CINCO_DIAS-ALTA-N01,RECOCIDO_SIMULADO,0,42,92,3781,1000889.498333
BASE,SIMULACION_CINCO_DIAS-ALTA-N01,RECOCIDO_SIMULADO,0,42,93,3821,1000889.498333
BASE,SIMULACION_CINCO_DIAS-ALTA-N01,RECOCIDO_SIMULADO,0,42,94,3861,1000844.048333
BASE,SIMULACION_CINCO_DIAS-ALTA-N01,RECOCIDO_SIMULADO,0,42,95,3901,1000844.048333
BASE,SIMULACION_CINCO_DIAS-ALTA-N01,RECOCIDO_SIMULADO,0,42,96,3941,1000844.048333
BASE,SIMULACION_CINCO_DIAS-ALTA-N01,RECOCIDO_SIMULADO,0,42,97,3981,1000844.048333
BASE,SIMULACION_CINCO_DIAS-ALTA-N01,RECOCIDO_SIMULADO,0,42,98,4021,1000838.998333
BASE,SIMULACION_CINCO_DIAS-ALTA-N01,RECOCIDO_SIMULADO,0,42,99,4061,1000838.998333
BASE,SIMULACION_CINCO_DIAS-ALTA-N01,RECOCIDO_SIMULADO,0,42,100,4101,1000838.998333
BASE,SIMULACION_CINCO_DIAS-ALTA-N01,RECOCIDO_SIMULADO,0,42,101,4141,1000838.998333
BASE,SIMULACION_CINCO_DIAS-ALTA-N01,RECOCIDO_SIMULADO,0,42,102,4181,1000838.998333
BASE,SIMULACION_CINCO_DIAS-ALTA-N01,RECOCIDO_SIMULADO,0,42,103,4221,1000838.998333
BASE,SIMULACION_CINCO_DIAS-ALTA-N01,RECOCIDO_SIMULADO,0,42,104,4261,1000838.998333
BASE,SIMULACION_CINCO_DIAS-ALTA-N01,RECOCIDO_SIMULADO,0,42,105,4301,1000838.998333
BASE,SIMULACION_CINCO_DIAS-ALTA-N01,RECOCIDO_SIMULADO,0,42,106,4341,1000838.998333
BASE,SIMULACION_CINCO_DIAS-ALTA-N01,RECOCIDO_SIMULADO,0,42,107,4381,1000838.998333
BASE,SIMULACION_CINCO_DIAS-ALTA-N01,RECOCIDO_SIMULADO,0,42,108,4421,1000838.998333
BASE,SIMULACION_CINCO_DIAS-ALTA-N01,RECOCIDO_SIMULADO,0,42,109,4461,1000838.998333
BASE,SIMULACION_CINCO_DIAS-ALTA-N01,RECOCIDO_SIMULADO,0,42,110,4501,1000838.998333
BASE,SIMULACION_CINCO_DIAS-ALTA-N01,RECOCIDO_SIMULADO,0,42,111,4541,1000838.998333
BASE,SIMULACION_CINCO_DIAS-ALTA-N01,RECOCIDO_SIMULADO,0,42,112,4581,1000838.998333
BASE,SIMULACION_CINCO_DIAS-ALTA-N01,RECOCIDO_SIMULADO,0,42,113,4621,1000838.998333
BASE,SIMULACION_CINCO_DIAS-ALTA-N01,RECOCIDO_SIMULADO,0,42,114,4661,1000838.998333
BASE,SIMULACION_CINCO_DIAS-ALTA-N01,RECOCIDO_SIMULADO,1,43,0,101,1016189.648333
BASE,SIMULACION_CINCO_DIAS-ALTA-N01,RECOCIDO_SIMULADO,1,43,1,141,1016189.648333
BASE,SIMULACION_CINCO_DIAS-ALTA-N01,RECOCIDO_SIMULADO,1,43,2,181,1016189.648333
BASE,SIMULACION_CINCO_DIAS-ALTA-N01,RECOCIDO_SIMULADO,1,43,3,221,1016189.648333
BASE,SIMULACION_CINCO_DIAS-ALTA-N01,RECOCIDO_SIMULADO,1,43,4,261,1016189.648333
BASE,SIMULACION_CINCO_DIAS-ALTA-N01,RECOCIDO_SIMULADO,1,43,5,301,1016189.648333
BASE,SIMULACION_CINCO_DIAS-ALTA-N01,RECOCIDO_SIMULADO,1,43,6,341,1016189.648333
BASE,SIMULACION_CINCO_DIAS-ALTA-N01,RECOCIDO_SIMULADO,1,43,7,381,1013560.831667
BASE,SIMULACION_CINCO_DIAS-ALTA-N01,RECOCIDO_SIMULADO,1,43,8,421,1013267.068333
BASE,SIMULACION_CINCO_DIAS-ALTA-N01,RECOCIDO_SIMULADO,1,43,9,461,1013267.068333
BASE,SIMULACION_CINCO_DIAS-ALTA-N01,RECOCIDO_SIMULADO,1,43,10,501,1010166.356667
BASE,SIMULACION_CINCO_DIAS-ALTA-N01,RECOCIDO_SIMULADO,1,43,11,541,1009181.863333
BASE,SIMULACION_CINCO_DIAS-ALTA-N01,RECOCIDO_SIMULADO,1,43,12,581,1008957.76
BASE,SIMULACION_CINCO_DIAS-ALTA-N01,RECOCIDO_SIMULADO,1,43,13,621,1008957.76
BASE,SIMULACION_CINCO_DIAS-ALTA-N01,RECOCIDO_SIMULADO,1,43,14,661,1008957.76
BASE,SIMULACION_CINCO_DIAS-ALTA-N01,RECOCIDO_SIMULADO,1,43,15,701,1008785.31
BASE,SIMULACION_CINCO_DIAS-ALTA-N01,RECOCIDO_SIMULADO,1,43,16,741,1008739.86
BASE,SIMULACION_CINCO_DIAS-ALTA-N01,RECOCIDO_SIMULADO,1,43,17,781,1008709.21
BASE,SIMULACION_CINCO_DIAS-ALTA-N01,RECOCIDO_SIMULADO,1,43,18,821,1008709.21
BASE,SIMULACION_CINCO_DIAS-ALTA-N01,RECOCIDO_SIMULADO,1,43,19,861,1008709.21
BASE,SIMULACION_CINCO_DIAS-ALTA-N01,RECOCIDO_SIMULADO,1,43,20,901,1008709.21
BASE,SIMULACION_CINCO_DIAS-ALTA-N01,RECOCIDO_SIMULADO,1,43,21,941,1008608.3
BASE,SIMULACION_CINCO_DIAS-ALTA-N01,RECOCIDO_SIMULADO,1,43,22,981,1008608.3
BASE,SIMULACION_CINCO_DIAS-ALTA-N01,RECOCIDO_SIMULADO,1,43,23,1021,1008446.983333
BASE,SIMULACION_CINCO_DIAS-ALTA-N01,RECOCIDO_SIMULADO,1,43,24,1061,1008426.326667
BASE,SIMULACION_CINCO_DIAS-ALTA-N01,RECOCIDO_SIMULADO,1,43,25,1101,1008127.216667
BASE,SIMULACION_CINCO_DIAS-ALTA-N01,RECOCIDO_SIMULADO,1,43,26,1141,1007714.366667
BASE,SIMULACION_CINCO_DIAS-ALTA-N01,RECOCIDO_SIMULADO,1,43,27,1181,1007421.166667
BASE,SIMULACION_CINCO_DIAS-ALTA-N01,RECOCIDO_SIMULADO,1,43,28,1221,1007421.166667
BASE,SIMULACION_CINCO_DIAS-ALTA-N01,RECOCIDO_SIMULADO,1,43,29,1261,1007421.166667
BASE,SIMULACION_CINCO_DIAS-ALTA-N01,RECOCIDO_SIMULADO,1,43,30,1301,1007208.906667
BASE,SIMULACION_CINCO_DIAS-ALTA-N01,RECOCIDO_SIMULADO,1,43,31,1341,1007208.906667
BASE,SIMULACION_CINCO_DIAS-ALTA-N01,RECOCIDO_SIMULADO,1,43,32,1381,1007208.906667
BASE,SIMULACION_CINCO_DIAS-ALTA-N01,RECOCIDO_SIMULADO,1,43,33,1421,1007208.906667
BASE,SIMULACION_CINCO_DIAS-ALTA-N01,RECOCIDO_SIMULADO,1,43,34,1461,1007130.07
BASE,SIMULACION_CINCO_DIAS-ALTA-N01,RECOCIDO_SIMULADO,1,43,35,1501,1007117.65
BASE,SIMULACION_CINCO_DIAS-ALTA-N01,RECOCIDO_SIMULADO,1,43,36,1541,1007095.82
BASE,SIMULACION_CINCO_DIAS-ALTA-N01,RECOCIDO_SIMULADO,1,43,37,1581,1007095.82
BASE,SIMULACION_CINCO_DIAS-ALTA-N01,RECOCIDO_SIMULADO,1,43,38,1621,1007095.82
BASE,SIMULACION_CINCO_DIAS-ALTA-N01,RECOCIDO_SIMULADO,1,43,39,1661,1007095.82
BASE,SIMULACION_CINCO_DIAS-ALTA-N01,RECOCIDO_SIMULADO,1,43,40,1701,1007093.986667
BASE,SIMULACION_CINCO_DIAS-ALTA-N01,RECOCIDO_SIMULADO,1,43,41,1741,1007093.986667
BASE,SIMULACION_CINCO_DIAS-ALTA-N01,RECOCIDO_SIMULADO,1,43,42,1781,1007093.986667
BASE,SIMULACION_CINCO_DIAS-ALTA-N01,RECOCIDO_SIMULADO,1,43,43,1821,1007093.986667
BASE,SIMULACION_CINCO_DIAS-ALTA-N01,RECOCIDO_SIMULADO,1,43,44,1861,1007023.066667
BASE,SIMULACION_CINCO_DIAS-ALTA-N01,RECOCIDO_SIMULADO,1,43,45,1901,1006966.506667
BASE,SIMULACION_CINCO_DIAS-ALTA-N01,RECOCIDO_SIMULADO,1,43,46,1941,1006898.14
BASE,SIMULACION_CINCO_DIAS-ALTA-N01,RECOCIDO_SIMULADO,1,43,47,1981,1006818.343333
BASE,SIMULACION_CINCO_DIAS-ALTA-N01,RECOCIDO_SIMULADO,1,43,48,2021,1006795.58
BASE,SIMULACION_CINCO_DIAS-ALTA-N01,RECOCIDO_SIMULADO,1,43,49,2061,1006795.58
BASE,SIMULACION_CINCO_DIAS-ALTA-N01,RECOCIDO_SIMULADO,1,43,50,2101,1006724.903333
BASE,SIMULACION_CINCO_DIAS-ALTA-N01,RECOCIDO_SIMULADO,1,43,51,2141,1006531.67
BASE,SIMULACION_CINCO_DIAS-ALTA-N01,RECOCIDO_SIMULADO,1,43,52,2181,1006531.67
BASE,SIMULACION_CINCO_DIAS-ALTA-N01,RECOCIDO_SIMULADO,1,43,53,2221,1006531.67
BASE,SIMULACION_CINCO_DIAS-ALTA-N01,RECOCIDO_SIMULADO,1,43,54,2261,1006506.576667
BASE,SIMULACION_CINCO_DIAS-ALTA-N01,RECOCIDO_SIMULADO,1,43,55,2301,1006391.336667
BASE,SIMULACION_CINCO_DIAS-ALTA-N01,RECOCIDO_SIMULADO,1,43,56,2341,1006383.923333
BASE,SIMULACION_CINCO_DIAS-ALTA-N01,RECOCIDO_SIMULADO,1,43,57,2381,1006383.923333
BASE,SIMULACION_CINCO_DIAS-ALTA-N01,RECOCIDO_SIMULADO,1,43,58,2421,1006382.973333
BASE,SIMULACION_CINCO_DIAS-ALTA-N01,RECOCIDO_SIMULADO,1,43,59,2461,1006362.773333
BASE,SIMULACION_CINCO_DIAS-ALTA-N01,RECOCIDO_SIMULADO,1,43,60,2501,1006362.773333
BASE,SIMULACION_CINCO_DIAS-ALTA-N01,RECOCIDO_SIMULADO,1,43,61,2541,1006362.773333
BASE,SIMULACION_CINCO_DIAS-ALTA-N01,RECOCIDO_SIMULADO,1,43,62,2581,1006308.996667
BASE,SIMULACION_CINCO_DIAS-ALTA-N01,RECOCIDO_SIMULADO,1,43,63,2621,1006252.06
BASE,SIMULACION_CINCO_DIAS-ALTA-N01,RECOCIDO_SIMULADO,1,43,64,2661,1006139.95
BASE,SIMULACION_CINCO_DIAS-ALTA-N01,RECOCIDO_SIMULADO,1,43,65,2701,1006069.25
BASE,SIMULACION_CINCO_DIAS-ALTA-N01,RECOCIDO_SIMULADO,1,43,66,2741,1006068.583333
BASE,SIMULACION_CINCO_DIAS-ALTA-N01,RECOCIDO_SIMULADO,1,43,67,2781,1006068.583333
BASE,SIMULACION_CINCO_DIAS-ALTA-N01,RECOCIDO_SIMULADO,1,43,68,2821,1005965.903333
BASE,SIMULACION_CINCO_DIAS-ALTA-N01,RECOCIDO_SIMULADO,1,43,69,2861,1005965.903333
BASE,SIMULACION_CINCO_DIAS-ALTA-N01,RECOCIDO_SIMULADO,1,43,70,2901,1005933.343333
BASE,SIMULACION_CINCO_DIAS-ALTA-N01,RECOCIDO_SIMULADO,1,43,71,2941,1005933.343333
BASE,SIMULACION_CINCO_DIAS-ALTA-N01,RECOCIDO_SIMULADO,1,43,72,2981,1005933.343333
BASE,SIMULACION_CINCO_DIAS-ALTA-N01,RECOCIDO_SIMULADO,1,43,73,3021,1005933.343333
BASE,SIMULACION_CINCO_DIAS-ALTA-N01,RECOCIDO_SIMULADO,1,43,74,3061,1005933.343333
BASE,SIMULACION_CINCO_DIAS-ALTA-N01,RECOCIDO_SIMULADO,1,43,75,3101,1005933.343333
BASE,SIMULACION_CINCO_DIAS-ALTA-N01,RECOCIDO_SIMULADO,1,43,76,3141,1005933.343333
BASE,SIMULACION_CINCO_DIAS-ALTA-N01,RECOCIDO_SIMULADO,1,43,77,3181,1005933.343333
BASE,SIMULACION_CINCO_DIAS-ALTA-N01,RECOCIDO_SIMULADO,1,43,78,3221,1005933.343333
BASE,SIMULACION_CINCO_DIAS-ALTA-N01,RECOCIDO_SIMULADO,1,43,79,3261,1005933.343333
BASE,SIMULACION_CINCO_DIAS-ALTA-N01,RECOCIDO_SIMULADO,1,43,80,3301,1005933.343333
BASE,SIMULACION_CINCO_DIAS-ALTA-N01,RECOCIDO_SIMULADO,1,43,81,3341,1005933.343333
BASE,SIMULACION_CINCO_DIAS-ALTA-N01,RECOCIDO_SIMULADO,1,43,82,3381,1005540.86
BASE,SIMULACION_CINCO_DIAS-ALTA-N01,RECOCIDO_SIMULADO,1,43,83,3421,1005540.86
BASE,SIMULACION_CINCO_DIAS-ALTA-N01,RECOCIDO_SIMULADO,1,43,84,3461,1005540.86
BASE,SIMULACION_CINCO_DIAS-ALTA-N01,RECOCIDO_SIMULADO,1,43,85,3501,1005540.86
BASE,SIMULACION_CINCO_DIAS-ALTA-N01,RECOCIDO_SIMULADO,1,43,86,3541,1005540.86
BASE,SIMULACION_CINCO_DIAS-ALTA-N01,RECOCIDO_SIMULADO,1,43,87,3581,1005540.86
BASE,SIMULACION_CINCO_DIAS-ALTA-N01,RECOCIDO_SIMULADO,1,43,88,3621,1005540.86
BASE,SIMULACION_CINCO_DIAS-ALTA-N01,RECOCIDO_SIMULADO,1,43,89,3661,1005540.86
BASE,SIMULACION_CINCO_DIAS-ALTA-N01,RECOCIDO_SIMULADO,1,43,90,3701,1005540.86
BASE,SIMULACION_CINCO_DIAS-ALTA-N01,RECOCIDO_SIMULADO,1,43,91,3741,1005540.86
BASE,SIMULACION_CINCO_DIAS-ALTA-N01,RECOCIDO_SIMULADO,1,43,92,3781,1005540.86
BASE,SIMULACION_CINCO_DIAS-ALTA-N01,RECOCIDO_SIMULADO,1,43,93,3821,1005540.86
BASE,SIMULACION_CINCO_DIAS-ALTA-N01,RECOCIDO_SIMULADO,1,43,94,3861,1005540.86
BASE,SIMULACION_CINCO_DIAS-ALTA-N01,RECOCIDO_SIMULADO,1,43,95,3901,1005540.86
BASE,SIMULACION_CINCO_DIAS-ALTA-N01,RECOCIDO_SIMULADO,1,43,96,3941,1005540.86
BASE,SIMULACION_CINCO_DIAS-ALTA-N01,RECOCIDO_SIMULADO,1,43,97,3981,1005540.86
BASE,SIMULACION_CINCO_DIAS-ALTA-N01,RECOCIDO_SIMULADO,1,43,98,4021,1005540.86
BASE,SIMULACION_CINCO_DIAS-ALTA-N01,RECOCIDO_SIMULADO,1,43,99,4061,1005540.86
BASE,SIMULACION_CINCO_DIAS-ALTA-N01,RECOCIDO_SIMULADO,1,43,100,4101,1005540.86
BASE,SIMULACION_CINCO_DIAS-ALTA-N01,RECOCIDO_SIMULADO,1,43,101,4141,1005540.86
BASE,SIMULACION_CINCO_DIAS-ALTA-N01,RECOCIDO_SIMULADO,1,43,102,4181,1005540.86
BASE,SIMULACION_CINCO_DIAS-ALTA-N01,RECOCIDO_SIMULADO,1,43,103,4221,1005540.86
BASE,SIMULACION_CINCO_DIAS-ALTA-N01,RECOCIDO_SIMULADO,1,43,104,4261,1005540.86
BASE,SIMULACION_CINCO_DIAS-ALTA-N01,RECOCIDO_SIMULADO,1,43,105,4301,1005540.86
BASE,SIMULACION_CINCO_DIAS-ALTA-N01,RECOCIDO_SIMULADO,1,43,106,4341,1005540.86
BASE,SIMULACION_CINCO_DIAS-ALTA-N01,RECOCIDO_SIMULADO,1,43,107,4381,1005540.86
BASE,SIMULACION_CINCO_DIAS-ALTA-N01,RECOCIDO_SIMULADO,1,43,108,4421,1005540.86
BASE,SIMULACION_CINCO_DIAS-ALTA-N01,RECOCIDO_SIMULADO,1,43,109,4461,1005540.86
BASE,SIMULACION_CINCO_DIAS-ALTA-N01,RECOCIDO_SIMULADO,1,43,110,4501,1005540.86
BASE,SIMULACION_CINCO_DIAS-ALTA-N01,RECOCIDO_SIMULADO,1,43,111,4541,1005540.86
BASE,SIMULACION_CINCO_DIAS-ALTA-N01,RECOCIDO_SIMULADO,1,43,112,4581,1005540.86
BASE,SIMULACION_CINCO_DIAS-ALTA-N01,RECOCIDO_SIMULADO,1,43,113,4621,1005540.86
BASE,SIMULACION_CINCO_DIAS-ALTA-N01,RECOCIDO_SIMULADO,1,43,114,4661,1005540.86
BASE,SIMULACION_CINCO_DIAS-ALTA-N01,RECOCIDO_SIMULADO,1,43,115,4701,1005540.86
BASE,SIMULACION_CINCO_DIAS-ALTA-N01,GENETICO,1,43,0,60,812617.313333
BASE,SIMULACION_CINCO_DIAS-ALTA-N01,GENETICO,1,43,1,120,812617.313333
BASE,SIMULACION_CINCO_DIAS-ALTA-N01,GENETICO,1,43,2,180,812617.313333
BASE,SIMULACION_CINCO_DIAS-ALTA-N01,GENETICO,1,43,3,240,812617.313333
BASE,SIMULACION_CINCO_DIAS-ALTA-N01,GENETICO,1,43,4,300,812617.313333
BASE,SIMULACION_CINCO_DIAS-ALTA-N01,GENETICO,1,43,5,360,812617.313333
BASE,SIMULACION_CINCO_DIAS-ALTA-N01,GENETICO,1,43,6,420,812617.313333
BASE,SIMULACION_CINCO_DIAS-ALTA-N01,GENETICO,1,43,7,480,812617.313333
BASE,SIMULACION_CINCO_DIAS-ALTA-N01,GENETICO,1,43,8,540,812617.313333
BASE,SIMULACION_CINCO_DIAS-ALTA-N01,GENETICO,1,43,9,600,812617.313333
BASE,SIMULACION_CINCO_DIAS-ALTA-N01,GENETICO,1,43,10,660,812617.313333
BASE,SIMULACION_CINCO_DIAS-ALTA-N01,GENETICO,1,43,11,720,812617.313333
BASE,SIMULACION_CINCO_DIAS-ALTA-N01,GENETICO,1,43,12,780,812617.313333
BASE,SIMULACION_CINCO_DIAS-ALTA-N01,GENETICO,1,43,13,840,808511.75
BASE,SIMULACION_CINCO_DIAS-ALTA-N01,GENETICO,1,43,14,900,808511.75
BASE,SIMULACION_CINCO_DIAS-ALTA-N01,GENETICO,1,43,15,960,808511.75
BASE,SIMULACION_CINCO_DIAS-ALTA-N01,GENETICO,1,43,16,1020,808511.75
BASE,SIMULACION_CINCO_DIAS-ALTA-N01,GENETICO,1,43,17,1080,797533.636667
BASE,SIMULACION_CINCO_DIAS-ALTA-N01,GENETICO,1,43,18,1140,796128.22
BASE,SIMULACION_CINCO_DIAS-ALTA-N01,GENETICO,1,43,19,1200,796128.22
BASE,SIMULACION_CINCO_DIAS-ALTA-N01,GENETICO,1,43,20,1260,794815.591667
BASE,SIMULACION_CINCO_DIAS-ALTA-N01,GENETICO,1,43,21,1320,792116.845
BASE,SIMULACION_CINCO_DIAS-ALTA-N01,GENETICO,1,43,22,1380,792116.845
BASE,SIMULACION_CINCO_DIAS-ALTA-N01,GENETICO,1,43,23,1440,792116.845
BASE,SIMULACION_CINCO_DIAS-ALTA-N01,GENETICO,1,43,24,1500,784572.635
BASE,SIMULACION_CINCO_DIAS-ALTA-N01,GENETICO,1,43,25,1560,784572.635
BASE,SIMULACION_CINCO_DIAS-ALTA-N01,GENETICO,1,43,26,1620,777889.278333
BASE,SIMULACION_CINCO_DIAS-ALTA-N01,GENETICO,1,43,27,1680,777889.278333
BASE,SIMULACION_CINCO_DIAS-ALTA-N01,GENETICO,1,43,28,1740,777889.278333
BASE,SIMULACION_CINCO_DIAS-ALTA-N01,GENETICO,1,43,29,1800,777889.278333
BASE,SIMULACION_CINCO_DIAS-ALTA-N01,GENETICO,1,43,30,1860,776486.265
BASE,SIMULACION_CINCO_DIAS-ALTA-N01,GENETICO,1,43,31,1920,775903.871667
BASE,SIMULACION_CINCO_DIAS-ALTA-N01,GENETICO,1,43,32,1980,773910.195
BASE,SIMULACION_CINCO_DIAS-ALTA-N01,GENETICO,1,43,33,2040,773910.195
BASE,SIMULACION_CINCO_DIAS-ALTA-N01,GENETICO,1,43,34,2100,773765.235
BASE,SIMULACION_CINCO_DIAS-ALTA-N01,GENETICO,1,43,35,2160,773765.235
BASE,SIMULACION_CINCO_DIAS-ALTA-N01,GENETICO,1,43,36,2220,773765.235
BASE,SIMULACION_CINCO_DIAS-ALTA-N01,GENETICO,1,43,37,2280,773765.235
BASE,SIMULACION_CINCO_DIAS-ALTA-N01,GENETICO,1,43,38,2340,773765.235
BASE,SIMULACION_CINCO_DIAS-ALTA-N01,GENETICO,1,43,39,2400,773765.235
BASE,SIMULACION_CINCO_DIAS-ALTA-N01,GENETICO,1,43,40,2460,771171.498333
BASE,SIMULACION_CINCO_DIAS-ALTA-N01,GENETICO,1,43,41,2520,768589.938333
BASE,SIMULACION_CINCO_DIAS-ALTA-N01,GENETICO,1,43,42,2580,768589.938333
BASE,SIMULACION_CINCO_DIAS-ALTA-N01,GENETICO,1,43,43,2640,768154.655
BASE,SIMULACION_CINCO_DIAS-ALTA-N01,GENETICO,1,43,44,2700,768154.655
BASE,SIMULACION_CINCO_DIAS-ALTA-N01,GENETICO,1,43,45,2760,768154.655
BASE,SIMULACION_CINCO_DIAS-ALTA-N01,GENETICO,1,43,46,2820,768154.655
BASE,SIMULACION_CINCO_DIAS-ALTA-N01,GENETICO,1,43,47,2880,768154.655
BASE,SIMULACION_CINCO_DIAS-ALTA-N01,GENETICO,1,43,48,2940,768154.655
BASE,SIMULACION_CINCO_DIAS-ALTA-N01,GENETICO,1,43,49,3000,768154.655
BASE,SIMULACION_CINCO_DIAS-ALTA-N01,GENETICO,1,43,50,3060,768154.655
BASE,SIMULACION_CINCO_DIAS-ALTA-N01,GENETICO,1,43,51,3120,768020.051667
BASE,SIMULACION_CINCO_DIAS-ALTA-N01,GENETICO,1,43,52,3180,768020.051667
BASE,SIMULACION_CINCO_DIAS-ALTA-N01,GENETICO,1,43,53,3240,768020.051667
BASE,SIMULACION_CINCO_DIAS-ALTA-N01,GENETICO,1,43,54,3300,767883.891667
BASE,SIMULACION_CINCO_DIAS-ALTA-N01,GENETICO,1,43,55,3360,767729.185
BASE,SIMULACION_CINCO_DIAS-ALTA-N01,GENETICO,1,43,56,3420,767716.928333
BASE,SIMULACION_CINCO_DIAS-ALTA-N01,GENETICO,1,43,57,3480,767441.065
BASE,SIMULACION_CINCO_DIAS-ALTA-N01,GENETICO,1,43,58,3540,767410.078333
BASE,SIMULACION_CINCO_DIAS-ALTA-N01,GENETICO,1,43,59,3600,767090.598333
BASE,SIMULACION_CINCO_DIAS-ALTA-N01,GENETICO,1,43,60,3660,766835.631667
BASE,SIMULACION_CINCO_DIAS-ALTA-N01,GENETICO,1,43,61,3720,766646.411667
BASE,SIMULACION_CINCO_DIAS-ALTA-N01,GENETICO,1,43,62,3780,766646.411667
BASE,SIMULACION_CINCO_DIAS-ALTA-N01,GENETICO,1,43,63,3840,766475.695
BASE,SIMULACION_CINCO_DIAS-ALTA-N01,GENETICO,1,43,64,3900,766475.695
BASE,SIMULACION_CINCO_DIAS-ALTA-N01,GENETICO,1,43,65,3960,766440.748333
BASE,SIMULACION_CINCO_DIAS-ALTA-N01,GENETICO,1,43,66,4020,766252.768333
BASE,SIMULACION_CINCO_DIAS-ALTA-N01,GENETICO,1,43,67,4080,766252.768333
BASE,SIMULACION_CINCO_DIAS-ALTA-N01,GENETICO,1,43,68,4140,766216.701667
BASE,SIMULACION_CINCO_DIAS-ALTA-N01,GENETICO,1,43,69,4200,766152.335
BASE,SIMULACION_CINCO_DIAS-ALTA-N01,GENETICO,1,43,70,4260,765938.568333
BASE,SIMULACION_CINCO_DIAS-ALTA-N01,GENETICO,1,43,71,4320,765938.568333
BASE,SIMULACION_CINCO_DIAS-ALTA-N01,GENETICO,1,43,72,4380,765875.241667
BASE,SIMULACION_CINCO_DIAS-ALTA-N01,GENETICO,1,43,73,4440,765875.241667
BASE,SIMULACION_CINCO_DIAS-ALTA-N01,GENETICO,1,43,74,4500,765756.235
BASE,SIMULACION_CINCO_DIAS-ALTA-N01,GENETICO,1,43,75,4560,765618.681667
BASE,SIMULACION_CINCO_DIAS-ALTA-N01,GENETICO,1,43,76,4620,765481.998333
BASE,SIMULACION_CINCO_DIAS-ALTA-N01,GENETICO,1,43,77,4680,765451.401667
BASE,SIMULACION_CINCO_DIAS-ALTA-N01,GENETICO,1,43,78,4740,765365.651667
BASE,SIMULACION_CINCO_DIAS-ALTA-N01,GENETICO,1,43,79,4800,765146.841667
BASE,SIMULACION_CINCO_DIAS-ALTA-N01,GENETICO,1,43,80,4860,765130.381667
BASE,SIMULACION_CINCO_DIAS-ALTA-N01,GENETICO,1,43,81,4920,765084.095
BASE,SIMULACION_CINCO_DIAS-ALTA-N01,GENETICO,1,43,82,4980,764966.241667
BASE,SIMULACION_CINCO_DIAS-ALTA-N01,GENETICO,1,43,83,5040,764878.888333
BASE,SIMULACION_CINCO_DIAS-ALTA-N01,GENETICO,1,43,84,5100,764781.448333
BASE,SIMULACION_CINCO_DIAS-ALTA-N01,GENETICO,1,43,85,5160,764741.501667
BASE,SIMULACION_CINCO_DIAS-ALTA-N01,GENETICO,1,43,86,5220,764518.795
BASE,SIMULACION_CINCO_DIAS-ALTA-N01,GENETICO,1,43,87,5280,764518.795
BASE,SIMULACION_CINCO_DIAS-ALTA-N01,GENETICO,1,43,88,5340,764497.865
BASE,SIMULACION_CINCO_DIAS-ALTA-N01,GENETICO,1,43,89,5400,764459.178333
BASE,SIMULACION_CINCO_DIAS-ALTA-N01,GENETICO,1,43,90,5460,764419.311667
BASE,SIMULACION_CINCO_DIAS-ALTA-N01,GENETICO,1,43,91,5520,764287.905
BASE,SIMULACION_CINCO_DIAS-ALTA-N01,GENETICO,1,43,92,5580,764260.075
BASE,SIMULACION_CINCO_DIAS-ALTA-N01,GENETICO,1,43,93,5640,764138.155
BASE,SIMULACION_CINCO_DIAS-ALTA-N01,GENETICO,1,43,94,5700,764110.203333
BASE,SIMULACION_CINCO_DIAS-ALTA-N01,GENETICO,1,43,95,5760,763979.003333
BASE,SIMULACION_CINCO_DIAS-ALTA-N01,GENETICO,1,43,96,5820,763979.003333
BASE,SIMULACION_CINCO_DIAS-ALTA-N01,GENETICO,1,43,97,5880,763976.683333
BASE,SIMULACION_CINCO_DIAS-ALTA-N01,GENETICO,1,43,98,5940,763976.683333
BASE,SIMULACION_CINCO_DIAS-ALTA-N01,GENETICO,1,43,99,6000,763915.073333
BASE,SIMULACION_CINCO_DIAS-ALTA-N01,GENETICO,1,43,100,6060,763853.403333
BASE,SIMULACION_CINCO_DIAS-ALTA-N01,GENETICO,1,43,101,6120,763853.403333
BASE,SIMULACION_CINCO_DIAS-ALTA-N01,GENETICO,1,43,102,6180,763778.785
BASE,SIMULACION_CINCO_DIAS-ALTA-N01,GENETICO,1,43,103,6240,763778.785
BASE,SIMULACION_CINCO_DIAS-ALTA-N01,GENETICO,1,43,104,6300,763722.898333
BASE,SIMULACION_CINCO_DIAS-ALTA-N01,GENETICO,1,43,105,6360,763722.898333
BASE,SIMULACION_CINCO_DIAS-ALTA-N01,GENETICO,1,43,106,6420,763722.898333
BASE,SIMULACION_CINCO_DIAS-ALTA-N01,GENETICO,1,43,107,6480,763697.083333
BASE,SIMULACION_CINCO_DIAS-ALTA-N01,GENETICO,1,43,108,6540,763599.618333
BASE,SIMULACION_CINCO_DIAS-ALTA-N01,GENETICO,1,43,109,6600,763599.618333
BASE,SIMULACION_CINCO_DIAS-ALTA-N01,GENETICO,1,43,110,6660,763599.618333
BASE,SIMULACION_CINCO_DIAS-ALTA-N01,GENETICO,1,43,111,6720,763598.178333
BASE,SIMULACION_CINCO_DIAS-ALTA-N01,GENETICO,1,43,112,6780,763598.178333
BASE,SIMULACION_CINCO_DIAS-ALTA-N01,GENETICO,1,43,113,6840,763597.538333
BASE,SIMULACION_CINCO_DIAS-ALTA-N01,GENETICO,1,43,114,6900,763536.938333
BASE,SIMULACION_CINCO_DIAS-ALTA-N01,GENETICO,1,43,115,6960,763536.938333
BASE,SIMULACION_CINCO_DIAS-ALTA-N01,GENETICO,1,43,116,7020,763416.058333
BASE,SIMULACION_CINCO_DIAS-ALTA-N01,GENETICO,1,43,117,7080,763416.058333
BASE,SIMULACION_CINCO_DIAS-ALTA-N01,GENETICO,1,43,118,7140,763416.058333
BASE,SIMULACION_CINCO_DIAS-ALTA-N01,GENETICO,1,43,119,7200,763310.058333
BASE,SIMULACION_CINCO_DIAS-ALTA-N01,GENETICO,1,43,120,7260,763310.058333
BASE,SIMULACION_CINCO_DIAS-ALTA-N01,GENETICO,1,43,121,7320,763309.418333
BASE,SIMULACION_CINCO_DIAS-ALTA-N01,GENETICO,1,43,122,7380,763265.418333
BASE,SIMULACION_CINCO_DIAS-ALTA-N01,GENETICO,1,43,123,7440,763265.418333
BASE,SIMULACION_CINCO_DIAS-ALTA-N01,GENETICO,1,43,124,7500,763265.418333
BASE,SIMULACION_CINCO_DIAS-ALTA-N01,GENETICO,1,43,125,7560,763265.418333
BASE,SIMULACION_CINCO_DIAS-ALTA-N01,GENETICO,1,43,126,7620,763265.418333
BASE,SIMULACION_CINCO_DIAS-ALTA-N01,GENETICO,1,43,127,7680,763265.418333
BASE,SIMULACION_CINCO_DIAS-ALTA-N01,GENETICO,1,43,128,7740,763265.418333
BASE,SIMULACION_CINCO_DIAS-ALTA-N01,GENETICO,1,43,129,7800,763111.578333
BASE,SIMULACION_CINCO_DIAS-ALTA-N01,GENETICO,1,43,130,7860,763109.978333
BASE,SIMULACION_CINCO_DIAS-ALTA-N01,GENETICO,1,43,131,7920,763109.978333
BASE,SIMULACION_CINCO_DIAS-ALTA-N01,GENETICO,1,43,132,7980,763047.928333
BASE,SIMULACION_CINCO_DIAS-ALTA-N01,GENETICO,1,43,133,8040,763047.928333
BASE,SIMULACION_CINCO_DIAS-ALTA-N01,GENETICO,1,43,134,8100,763047.288333
BASE,SIMULACION_CINCO_DIAS-ALTA-N01,GENETICO,1,43,135,8160,763047.288333
BASE,SIMULACION_CINCO_DIAS-ALTA-N01,GENETICO,1,43,136,8220,762739.428333
BASE,SIMULACION_CINCO_DIAS-ALTA-N01,GENETICO,1,43,137,8280,762739.428333
BASE,SIMULACION_CINCO_DIAS-ALTA-N01,GENETICO,1,43,138,8340,762739.428333
BASE,SIMULACION_CINCO_DIAS-ALTA-N01,GENETICO,1,43,139,8400,762739.428333
BASE,SIMULACION_CINCO_DIAS-ALTA-N01,GENETICO,1,43,140,8460,762739.428333
BASE,SIMULACION_CINCO_DIAS-ALTA-N01,GENETICO,1,43,141,8520,762738.948333
BASE,SIMULACION_CINCO_DIAS-ALTA-N01,GENETICO,1,43,142,8580,762738.948333
BASE,SIMULACION_CINCO_DIAS-ALTA-N01,GENETICO,1,43,143,8640,762738.948333
BASE,SIMULACION_CINCO_DIAS-ALTA-N01,GENETICO,1,43,144,8700,762738.948333
BASE,SIMULACION_CINCO_DIAS-ALTA-N01,GENETICO,1,43,145,8760,762737.321667
BASE,SIMULACION_CINCO_DIAS-ALTA-N01,GENETICO,1,43,146,8820,762737.321667
BASE,SIMULACION_CINCO_DIAS-ALTA-N01,GENETICO,1,43,147,8880,762737.321667
BASE,SIMULACION_CINCO_DIAS-ALTA-N01,GENETICO,1,43,148,8940,762737.321667
BASE,SIMULACION_CINCO_DIAS-ALTA-N01,GENETICO,1,43,149,9000,762707.548333
BASE,SIMULACION_CINCO_DIAS-ALTA-N01,GENETICO,1,43,150,9060,762707.548333
BASE,SIMULACION_CINCO_DIAS-CRITICA-N01,GENETICO,0,42,0,60,1228965.883333
BASE,SIMULACION_CINCO_DIAS-CRITICA-N01,GENETICO,0,42,1,120,1228965.883333
BASE,SIMULACION_CINCO_DIAS-CRITICA-N01,GENETICO,0,42,2,180,1228965.883333
BASE,SIMULACION_CINCO_DIAS-CRITICA-N01,GENETICO,0,42,3,240,1228965.883333
BASE,SIMULACION_CINCO_DIAS-CRITICA-N01,GENETICO,0,42,4,300,1228965.883333
BASE,SIMULACION_CINCO_DIAS-CRITICA-N01,GENETICO,0,42,5,360,1228965.883333
BASE,SIMULACION_CINCO_DIAS-CRITICA-N01,GENETICO,0,42,6,420,1228965.883333
BASE,SIMULACION_CINCO_DIAS-CRITICA-N01,GENETICO,0,42,7,480,1228965.883333
BASE,SIMULACION_CINCO_DIAS-CRITICA-N01,GENETICO,0,42,8,540,1228965.883333
BASE,SIMULACION_CINCO_DIAS-CRITICA-N01,GENETICO,0,42,9,600,1228965.883333
BASE,SIMULACION_CINCO_DIAS-CRITICA-N01,GENETICO,0,42,10,660,1228965.883333
BASE,SIMULACION_CINCO_DIAS-CRITICA-N01,GENETICO,0,42,11,720,1228965.883333
BASE,SIMULACION_CINCO_DIAS-CRITICA-N01,GENETICO,0,42,12,780,1228965.883333
BASE,SIMULACION_CINCO_DIAS-CRITICA-N01,GENETICO,0,42,13,840,1228965.883333
BASE,SIMULACION_CINCO_DIAS-CRITICA-N01,GENETICO,0,42,14,900,1205619.096667
BASE,SIMULACION_CINCO_DIAS-CRITICA-N01,GENETICO,0,42,15,960,1205619.096667
BASE,SIMULACION_CINCO_DIAS-CRITICA-N01,GENETICO,0,42,16,1020,1205619.096667
BASE,SIMULACION_CINCO_DIAS-CRITICA-N01,GENETICO,0,42,17,1080,1205619.096667
BASE,SIMULACION_CINCO_DIAS-CRITICA-N01,GENETICO,0,42,18,1140,1205619.096667
BASE,SIMULACION_CINCO_DIAS-CRITICA-N01,GENETICO,0,42,19,1200,1205619.096667
BASE,SIMULACION_CINCO_DIAS-CRITICA-N01,GENETICO,0,42,20,1260,1203074.13
BASE,SIMULACION_CINCO_DIAS-CRITICA-N01,GENETICO,0,42,21,1320,1192451.46
BASE,SIMULACION_CINCO_DIAS-CRITICA-N01,GENETICO,0,42,22,1380,1192451.46
BASE,SIMULACION_CINCO_DIAS-CRITICA-N01,GENETICO,0,42,23,1440,1192451.46
BASE,SIMULACION_CINCO_DIAS-CRITICA-N01,GENETICO,0,42,24,1500,1192451.46
BASE,SIMULACION_CINCO_DIAS-CRITICA-N01,GENETICO,0,42,25,1560,1191362.69
BASE,SIMULACION_CINCO_DIAS-CRITICA-N01,GENETICO,0,42,26,1620,1188582.133333
BASE,SIMULACION_CINCO_DIAS-CRITICA-N01,GENETICO,0,42,27,1680,1188582.133333
BASE,SIMULACION_CINCO_DIAS-CRITICA-N01,GENETICO,0,42,28,1740,1186339.993333
BASE,SIMULACION_CINCO_DIAS-CRITICA-N01,GENETICO,0,42,29,1800,1186339.993333
BASE,SIMULACION_CINCO_DIAS-CRITICA-N01,GENETICO,0,42,30,1860,1180964.481667
BASE,SIMULACION_CINCO_DIAS-CRITICA-N01,GENETICO,0,42,31,1920,1180964.481667
BASE,SIMULACION_CINCO_DIAS-CRITICA-N01,GENETICO,0,42,32,1980,1179688.305
BASE,SIMULACION_CINCO_DIAS-CRITICA-N01,GENETICO,0,42,33,2040,1176380.61
BASE,SIMULACION_CINCO_DIAS-CRITICA-N01,GENETICO,0,42,34,2100,1174317.171667
BASE,SIMULACION_CINCO_DIAS-CRITICA-N01,GENETICO,0,42,35,2160,1174317.171667
BASE,SIMULACION_CINCO_DIAS-CRITICA-N01,GENETICO,0,42,36,2220,1170952.341667
BASE,SIMULACION_CINCO_DIAS-CRITICA-N01,GENETICO,0,42,37,2280,1170952.341667
BASE,SIMULACION_CINCO_DIAS-CRITICA-N01,GENETICO,0,42,38,2340,1170225.128333
BASE,SIMULACION_CINCO_DIAS-CRITICA-N01,GENETICO,0,42,39,2400,1167665.741667
BASE,SIMULACION_CINCO_DIAS-CRITICA-N01,GENETICO,0,42,40,2460,1167665.741667
BASE,SIMULACION_CINCO_DIAS-CRITICA-N01,GENETICO,0,42,41,2520,1167665.741667
BASE,SIMULACION_CINCO_DIAS-CRITICA-N01,GENETICO,0,42,42,2580,1167665.741667
BASE,SIMULACION_CINCO_DIAS-CRITICA-N01,GENETICO,0,42,43,2640,1164490.331667
BASE,SIMULACION_CINCO_DIAS-CRITICA-N01,GENETICO,0,42,44,2700,1164490.331667
BASE,SIMULACION_CINCO_DIAS-CRITICA-N01,GENETICO,0,42,45,2760,1164490.331667
BASE,SIMULACION_CINCO_DIAS-CRITICA-N01,GENETICO,0,42,46,2820,1162528.671667
BASE,SIMULACION_CINCO_DIAS-CRITICA-N01,GENETICO,0,42,47,2880,1162118.865
BASE,SIMULACION_CINCO_DIAS-CRITICA-N01,GENETICO,0,42,48,2940,1162009.951667
BASE,SIMULACION_CINCO_DIAS-CRITICA-N01,GENETICO,0,42,49,3000,1161922.075
BASE,SIMULACION_CINCO_DIAS-CRITICA-N01,GENETICO,0,42,50,3060,1161810.911667
BASE,SIMULACION_CINCO_DIAS-CRITICA-N01,GENETICO,0,42,51,3120,1161648.225
BASE,SIMULACION_CINCO_DIAS-CRITICA-N01,GENETICO,0,42,52,3180,1161648.225
BASE,SIMULACION_CINCO_DIAS-CRITICA-N01,GENETICO,0,42,53,3240,1159004.011667
BASE,SIMULACION_CINCO_DIAS-CRITICA-N01,GENETICO,0,42,54,3300,1159004.011667
BASE,SIMULACION_CINCO_DIAS-CRITICA-N01,GENETICO,0,42,55,3360,1157195.911667
BASE,SIMULACION_CINCO_DIAS-CRITICA-N01,GENETICO,0,42,56,3420,1156354.871667
BASE,SIMULACION_CINCO_DIAS-CRITICA-N01,GENETICO,0,42,57,3480,1155836.171667
BASE,SIMULACION_CINCO_DIAS-CRITICA-N01,GENETICO,0,42,58,3540,1155730.118333
BASE,SIMULACION_CINCO_DIAS-CRITICA-N01,GENETICO,0,42,59,3600,1155700.491667
BASE,SIMULACION_CINCO_DIAS-CRITICA-N01,GENETICO,0,42,60,3660,1155700.491667
BASE,SIMULACION_CINCO_DIAS-CRITICA-N01,GENETICO,0,42,61,3720,1155348.665
BASE,SIMULACION_CINCO_DIAS-CRITICA-N01,GENETICO,0,42,62,3780,1155294.471667
BASE,SIMULACION_CINCO_DIAS-CRITICA-N01,GENETICO,0,42,63,3840,1155203.268333
BASE,SIMULACION_CINCO_DIAS-CRITICA-N01,GENETICO,0,42,64,3900,1154693.541667
BASE,SIMULACION_CINCO_DIAS-CRITICA-N01,GENETICO,0,42,65,3960,1154532.951667
BASE,SIMULACION_CINCO_DIAS-CRITICA-N01,GENETICO,0,42,66,4020,1154532.951667
BASE,SIMULACION_CINCO_DIAS-CRITICA-N01,GENETICO,0,42,67,4080,1154014.485
BASE,SIMULACION_CINCO_DIAS-CRITICA-N01,GENETICO,0,42,68,4140,1154014.485
BASE,SIMULACION_CINCO_DIAS-CRITICA-N01,GENETICO,0,42,69,4200,1153657.645
BASE,SIMULACION_CINCO_DIAS-CRITICA-N01,GENETICO,0,42,70,4260,1153536.121667
BASE,SIMULACION_CINCO_DIAS-CRITICA-N01,GENETICO,0,42,71,4320,1153536.121667
BASE,SIMULACION_CINCO_DIAS-CRITICA-N01,GENETICO,0,42,72,4380,1153330.128333
BASE,SIMULACION_CINCO_DIAS-CRITICA-N01,GENETICO,0,42,73,4440,1153231.088333
BASE,SIMULACION_CINCO_DIAS-CRITICA-N01,GENETICO,0,42,74,4500,1153195.935
BASE,SIMULACION_CINCO_DIAS-CRITICA-N01,GENETICO,0,42,75,4560,1152974.111667
BASE,SIMULACION_CINCO_DIAS-CRITICA-N01,GENETICO,0,42,76,4620,1152930.751667
BASE,SIMULACION_CINCO_DIAS-CRITICA-N01,GENETICO,0,42,77,4680,1152816.618333
BASE,SIMULACION_CINCO_DIAS-CRITICA-N01,GENETICO,0,42,78,4740,1152816.618333
BASE,SIMULACION_CINCO_DIAS-CRITICA-N01,GENETICO,0,42,79,4800,1152618.918333
BASE,SIMULACION_CINCO_DIAS-CRITICA-N01,GENETICO,0,42,80,4860,1152579.418333
BASE,SIMULACION_CINCO_DIAS-CRITICA-N01,GENETICO,0,42,81,4920,1152105.708333
BASE,SIMULACION_CINCO_DIAS-CRITICA-N01,GENETICO,0,42,82,4980,1151802.481667
BASE,SIMULACION_CINCO_DIAS-CRITICA-N01,GENETICO,0,42,83,5040,1151802.481667
BASE,SIMULACION_CINCO_DIAS-CRITICA-N01,GENETICO,0,42,84,5100,1151517.608333
BASE,SIMULACION_CINCO_DIAS-CRITICA-N01,GENETICO,0,42,85,5160,1151517.608333
BASE,SIMULACION_CINCO_DIAS-CRITICA-N01,GENETICO,0,42,86,5220,1151517.608333
BASE,SIMULACION_CINCO_DIAS-CRITICA-N01,GENETICO,0,42,87,5280,1151274.728333
BASE,SIMULACION_CINCO_DIAS-CRITICA-N01,GENETICO,0,42,88,5340,1151274.728333
BASE,SIMULACION_CINCO_DIAS-CRITICA-N01,GENETICO,0,42,89,5400,1151109.398333
BASE,SIMULACION_CINCO_DIAS-CRITICA-N01,GENETICO,0,42,90,5460,1151072.048333
BASE,SIMULACION_CINCO_DIAS-CRITICA-N01,GENETICO,0,42,91,5520,1150974.528333
BASE,SIMULACION_CINCO_DIAS-CRITICA-N01,GENETICO,0,42,92,5580,1150952.155
BASE,SIMULACION_CINCO_DIAS-CRITICA-N01,GENETICO,0,42,93,5640,1150658.191667
BASE,SIMULACION_CINCO_DIAS-CRITICA-N01,GENETICO,0,42,94,5700,1150511.408333
BASE,SIMULACION_CINCO_DIAS-CRITICA-N01,GENETICO,0,42,95,5760,1150394.995
BASE,SIMULACION_CINCO_DIAS-CRITICA-N01,GENETICO,0,42,96,5820,1150321.555
BASE,SIMULACION_CINCO_DIAS-CRITICA-N01,GENETICO,0,42,97,5880,1150296.075
BASE,SIMULACION_CINCO_DIAS-CRITICA-N01,GENETICO,0,42,98,5940,1150268.208333
BASE,SIMULACION_CINCO_DIAS-CRITICA-N01,GENETICO,0,42,99,6000,1150203.741667
BASE,SIMULACION_CINCO_DIAS-CRITICA-N01,GENETICO,0,42,100,6060,1150203.741667
BASE,SIMULACION_CINCO_DIAS-CRITICA-N01,GENETICO,0,42,101,6120,1150174.708333
BASE,SIMULACION_CINCO_DIAS-CRITICA-N01,GENETICO,0,42,102,6180,1149999.248333
BASE,SIMULACION_CINCO_DIAS-CRITICA-N01,GENETICO,0,42,103,6240,1149978.275
BASE,SIMULACION_CINCO_DIAS-CRITICA-N01,GENETICO,0,42,104,6300,1149906.915
BASE,SIMULACION_CINCO_DIAS-CRITICA-N01,GENETICO,0,42,105,6360,1149883.408333
BASE,SIMULACION_CINCO_DIAS-CRITICA-N01,GENETICO,0,42,106,6420,1149853.781667
BASE,SIMULACION_CINCO_DIAS-CRITICA-N01,GENETICO,0,42,107,6480,1149853.781667
BASE,SIMULACION_CINCO_DIAS-CRITICA-N01,GENETICO,0,42,108,6540,1149801.315
BASE,SIMULACION_CINCO_DIAS-CRITICA-N01,GENETICO,0,42,109,6600,1149799.235
BASE,SIMULACION_CINCO_DIAS-CRITICA-N01,GENETICO,0,42,110,6660,1149721.435
BASE,SIMULACION_CINCO_DIAS-CRITICA-N01,GENETICO,0,42,111,6720,1149721.435
BASE,SIMULACION_CINCO_DIAS-CRITICA-N01,GENETICO,0,42,112,6780,1149615.835
BASE,SIMULACION_CINCO_DIAS-CRITICA-N01,GENETICO,0,42,113,6840,1149615.835
BASE,SIMULACION_CINCO_DIAS-CRITICA-N01,GENETICO,0,42,114,6900,1149441.735
BASE,SIMULACION_CINCO_DIAS-CRITICA-N01,GENETICO,0,42,115,6960,1149441.735
BASE,SIMULACION_CINCO_DIAS-CRITICA-N01,GENETICO,0,42,116,7020,1149441.735
BASE,SIMULACION_CINCO_DIAS-CRITICA-N01,GENETICO,0,42,117,7080,1149441.735
BASE,SIMULACION_CINCO_DIAS-CRITICA-N01,GENETICO,0,42,118,7140,1149440.568333
BASE,SIMULACION_CINCO_DIAS-CRITICA-N01,GENETICO,0,42,119,7200,1149424.415
BASE,SIMULACION_CINCO_DIAS-CRITICA-N01,GENETICO,0,42,120,7260,1149304.401667
BASE,SIMULACION_CINCO_DIAS-CRITICA-N01,GENETICO,0,42,121,7320,1149302.321667
BASE,SIMULACION_CINCO_DIAS-CRITICA-N01,GENETICO,0,42,122,7380,1149301.155
BASE,SIMULACION_CINCO_DIAS-CRITICA-N01,GENETICO,0,42,123,7440,1149301.155
BASE,SIMULACION_CINCO_DIAS-CRITICA-N01,GENETICO,0,42,124,7500,1149301.155
BASE,SIMULACION_CINCO_DIAS-CRITICA-N01,GENETICO,0,42,125,7560,1149301.155
BASE,SIMULACION_CINCO_DIAS-CRITICA-N01,GENETICO,0,42,126,7620,1149075.201667
BASE,SIMULACION_CINCO_DIAS-CRITICA-N01,GENETICO,0,42,127,7680,1149074.035
BASE,SIMULACION_CINCO_DIAS-CRITICA-N01,GENETICO,0,42,128,7740,1149074.035
BASE,SIMULACION_CINCO_DIAS-CRITICA-N01,GENETICO,0,42,129,7800,1148991.818333
BASE,SIMULACION_CINCO_DIAS-CRITICA-N01,GENETICO,0,42,130,7860,1148945.735
BASE,SIMULACION_CINCO_DIAS-CRITICA-N01,GENETICO,0,42,131,7920,1148944.568333
BASE,SIMULACION_CINCO_DIAS-CRITICA-N01,GENETICO,0,42,132,7980,1148925.168333
BASE,SIMULACION_CINCO_DIAS-CRITICA-N01,GENETICO,0,42,133,8040,1148922.918333
BASE,SIMULACION_CINCO_DIAS-CRITICA-N01,GENETICO,0,42,134,8100,1148922.918333
BASE,SIMULACION_CINCO_DIAS-CRITICA-N01,GENETICO,0,42,135,8160,1148922.918333
BASE,SIMULACION_CINCO_DIAS-CRITICA-N01,GENETICO,0,42,136,8220,1148922.918333
BASE,SIMULACION_CINCO_DIAS-CRITICA-N01,GENETICO,0,42,137,8280,1148922.918333
BASE,SIMULACION_CINCO_DIAS-CRITICA-N01,GENETICO,0,42,138,8340,1148922.918333
BASE,SIMULACION_CINCO_DIAS-CRITICA-N01,GENETICO,0,42,139,8400,1148842.951667
BASE,SIMULACION_CINCO_DIAS-CRITICA-N01,GENETICO,0,42,140,8460,1148842.951667
BASE,SIMULACION_CINCO_DIAS-CRITICA-N01,GENETICO,0,42,141,8520,1148840.701667
BASE,SIMULACION_CINCO_DIAS-CRITICA-N01,GENETICO,0,42,142,8580,1148840.701667
BASE,SIMULACION_CINCO_DIAS-CRITICA-N01,GENETICO,0,42,143,8640,1148840.701667
BASE,SIMULACION_CINCO_DIAS-CRITICA-N01,GENETICO,0,42,144,8700,1148813.241667
BASE,SIMULACION_CINCO_DIAS-CRITICA-N01,GENETICO,0,42,145,8760,1148813.241667
BASE,SIMULACION_CINCO_DIAS-CRITICA-N01,GENETICO,0,42,146,8820,1148774.188333
BASE,SIMULACION_CINCO_DIAS-CRITICA-N01,GENETICO,0,42,147,8880,1148742.961667
BASE,SIMULACION_CINCO_DIAS-CRITICA-N01,GENETICO,0,42,148,8940,1148742.311667
BASE,SIMULACION_CINCO_DIAS-CRITICA-N01,GENETICO,0,42,149,9000,1148637.761667
BASE,SIMULACION_CINCO_DIAS-CRITICA-N01,GENETICO,0,42,150,9060,1148635.511667
BASE,SIMULACION_CINCO_DIAS-CRITICA-N01,RECOCIDO_SIMULADO,0,42,0,101,1564830.041667
BASE,SIMULACION_CINCO_DIAS-CRITICA-N01,RECOCIDO_SIMULADO,0,42,1,141,1564511.555
BASE,SIMULACION_CINCO_DIAS-CRITICA-N01,RECOCIDO_SIMULADO,0,42,2,181,1564511.555
BASE,SIMULACION_CINCO_DIAS-CRITICA-N01,RECOCIDO_SIMULADO,0,42,3,221,1564511.555
BASE,SIMULACION_CINCO_DIAS-CRITICA-N01,RECOCIDO_SIMULADO,0,42,4,261,1564511.555
BASE,SIMULACION_CINCO_DIAS-CRITICA-N01,RECOCIDO_SIMULADO,0,42,5,301,1564511.555
BASE,SIMULACION_CINCO_DIAS-CRITICA-N01,RECOCIDO_SIMULADO,0,42,6,341,1564511.555
BASE,SIMULACION_CINCO_DIAS-CRITICA-N01,RECOCIDO_SIMULADO,0,42,7,381,1564511.555
BASE,SIMULACION_CINCO_DIAS-CRITICA-N01,RECOCIDO_SIMULADO,0,42,8,421,1564511.555
BASE,SIMULACION_CINCO_DIAS-CRITICA-N01,RECOCIDO_SIMULADO,0,42,9,461,1564511.555
BASE,SIMULACION_CINCO_DIAS-CRITICA-N01,RECOCIDO_SIMULADO,0,42,10,501,1564511.555
BASE,SIMULACION_CINCO_DIAS-CRITICA-N01,RECOCIDO_SIMULADO,0,42,11,541,1564511.555
BASE,SIMULACION_CINCO_DIAS-CRITICA-N01,RECOCIDO_SIMULADO,0,42,12,581,1564511.555
BASE,SIMULACION_CINCO_DIAS-CRITICA-N01,RECOCIDO_SIMULADO,0,42,13,621,1564511.555
BASE,SIMULACION_CINCO_DIAS-CRITICA-N01,RECOCIDO_SIMULADO,0,42,14,661,1564511.555
BASE,SIMULACION_CINCO_DIAS-CRITICA-N01,RECOCIDO_SIMULADO,0,42,15,701,1564511.555
BASE,SIMULACION_CINCO_DIAS-CRITICA-N01,RECOCIDO_SIMULADO,0,42,16,741,1564511.555
BASE,SIMULACION_CINCO_DIAS-CRITICA-N01,RECOCIDO_SIMULADO,0,42,17,781,1564511.555
BASE,SIMULACION_CINCO_DIAS-CRITICA-N01,RECOCIDO_SIMULADO,0,42,18,821,1564435.791667
BASE,SIMULACION_CINCO_DIAS-CRITICA-N01,RECOCIDO_SIMULADO,0,42,19,861,1564073.875
BASE,SIMULACION_CINCO_DIAS-CRITICA-N01,RECOCIDO_SIMULADO,0,42,20,901,1564073.875
BASE,SIMULACION_CINCO_DIAS-CRITICA-N01,RECOCIDO_SIMULADO,0,42,21,941,1564073.875
BASE,SIMULACION_CINCO_DIAS-CRITICA-N01,RECOCIDO_SIMULADO,0,42,22,981,1564066.251667
BASE,SIMULACION_CINCO_DIAS-CRITICA-N01,RECOCIDO_SIMULADO,0,42,23,1021,1563869.301667
BASE,SIMULACION_CINCO_DIAS-CRITICA-N01,RECOCIDO_SIMULADO,0,42,24,1061,1563596.451667
BASE,SIMULACION_CINCO_DIAS-CRITICA-N01,RECOCIDO_SIMULADO,0,42,25,1101,1563176.521667
BASE,SIMULACION_CINCO_DIAS-CRITICA-N01,RECOCIDO_SIMULADO,0,42,26,1141,1563014.921667
BASE,SIMULACION_CINCO_DIAS-CRITICA-N01,RECOCIDO_SIMULADO,0,42,27,1181,1563014.921667
BASE,SIMULACION_CINCO_DIAS-CRITICA-N01,RECOCIDO_SIMULADO,0,42,28,1221,1563014.921667
BASE,SIMULACION_CINCO_DIAS-CRITICA-N01,RECOCIDO_SIMULADO,0,42,29,1261,1562908.685
BASE,SIMULACION_CINCO_DIAS-CRITICA-N01,RECOCIDO_SIMULADO,0,42,30,1301,1562908.685
BASE,SIMULACION_CINCO_DIAS-CRITICA-N01,RECOCIDO_SIMULADO,0,42,31,1341,1562807.705
BASE,SIMULACION_CINCO_DIAS-CRITICA-N01,RECOCIDO_SIMULADO,0,42,32,1381,1562762.255
BASE,SIMULACION_CINCO_DIAS-CRITICA-N01,RECOCIDO_SIMULADO,0,42,33,1421,1562762.255
BASE,SIMULACION_CINCO_DIAS-CRITICA-N01,RECOCIDO_SIMULADO,0,42,34,1461,1562762.255
BASE,SIMULACION_CINCO_DIAS-CRITICA-N01,RECOCIDO_SIMULADO,0,42,35,1501,1562762.255
BASE,SIMULACION_CINCO_DIAS-CRITICA-N01,RECOCIDO_SIMULADO,0,42,36,1541,1562762.255
BASE,SIMULACION_CINCO_DIAS-CRITICA-N01,RECOCIDO_SIMULADO,0,42,37,1581,1562762.255
BASE,SIMULACION_CINCO_DIAS-CRITICA-N01,RECOCIDO_SIMULADO,0,42,38,1621,1562622.368333
BASE,SIMULACION_CINCO_DIAS-CRITICA-N01,RECOCIDO_SIMULADO,0,42,39,1661,1562278.968333
BASE,SIMULACION_CINCO_DIAS-CRITICA-N01,RECOCIDO_SIMULADO,0,42,40,1701,1562138.055
BASE,SIMULACION_CINCO_DIAS-CRITICA-N01,RECOCIDO_SIMULADO,0,42,41,1741,1562129.975
BASE,SIMULACION_CINCO_DIAS-CRITICA-N01,RECOCIDO_SIMULADO,0,42,42,1781,1562129.975
BASE,SIMULACION_CINCO_DIAS-CRITICA-N01,RECOCIDO_SIMULADO,0,42,43,1821,1561907.775
BASE,SIMULACION_CINCO_DIAS-CRITICA-N01,RECOCIDO_SIMULADO,0,42,44,1861,1561897.675
BASE,SIMULACION_CINCO_DIAS-CRITICA-N01,RECOCIDO_SIMULADO,0,42,45,1901,1561857.275
BASE,SIMULACION_CINCO_DIAS-CRITICA-N01,RECOCIDO_SIMULADO,0,42,46,1941,1561697.695
BASE,SIMULACION_CINCO_DIAS-CRITICA-N01,RECOCIDO_SIMULADO,0,42,47,1981,1561697.695
BASE,SIMULACION_CINCO_DIAS-CRITICA-N01,RECOCIDO_SIMULADO,0,42,48,2021,1561697.695
BASE,SIMULACION_CINCO_DIAS-CRITICA-N01,RECOCIDO_SIMULADO,0,42,49,2061,1561697.695
BASE,SIMULACION_CINCO_DIAS-CRITICA-N01,RECOCIDO_SIMULADO,0,42,50,2101,1561659.315
BASE,SIMULACION_CINCO_DIAS-CRITICA-N01,RECOCIDO_SIMULADO,0,42,51,2141,1561649.215
BASE,SIMULACION_CINCO_DIAS-CRITICA-N01,RECOCIDO_SIMULADO,0,42,52,2181,1561649.215
BASE,SIMULACION_CINCO_DIAS-CRITICA-N01,RECOCIDO_SIMULADO,0,42,53,2221,1561649.215
BASE,SIMULACION_CINCO_DIAS-CRITICA-N01,RECOCIDO_SIMULADO,0,42,54,2261,1561649.215
BASE,SIMULACION_CINCO_DIAS-CRITICA-N01,RECOCIDO_SIMULADO,0,42,55,2301,1561621.945
BASE,SIMULACION_CINCO_DIAS-CRITICA-N01,RECOCIDO_SIMULADO,0,42,56,2341,1561621.945
BASE,SIMULACION_CINCO_DIAS-CRITICA-N01,RECOCIDO_SIMULADO,0,42,57,2381,1561621.945
BASE,SIMULACION_CINCO_DIAS-CRITICA-N01,RECOCIDO_SIMULADO,0,42,58,2421,1561616.895
BASE,SIMULACION_CINCO_DIAS-CRITICA-N01,RECOCIDO_SIMULADO,0,42,59,2461,1561616.895
BASE,SIMULACION_CINCO_DIAS-CRITICA-N01,RECOCIDO_SIMULADO,0,42,60,2501,1561616.895
BASE,SIMULACION_CINCO_DIAS-CRITICA-N01,RECOCIDO_SIMULADO,0,42,61,2541,1561616.895
BASE,SIMULACION_CINCO_DIAS-CRITICA-N01,RECOCIDO_SIMULADO,0,42,62,2581,1561616.895
BASE,SIMULACION_CINCO_DIAS-CRITICA-N01,RECOCIDO_SIMULADO,0,42,63,2621,1561616.895
BASE,SIMULACION_CINCO_DIAS-CRITICA-N01,RECOCIDO_SIMULADO,0,42,64,2661,1561616.895
BASE,SIMULACION_CINCO_DIAS-CRITICA-N01,RECOCIDO_SIMULADO,0,42,65,2701,1561616.895
BASE,SIMULACION_CINCO_DIAS-CRITICA-N01,RECOCIDO_SIMULADO,0,42,66,2741,1561616.895
BASE,SIMULACION_CINCO_DIAS-CRITICA-N01,RECOCIDO_SIMULADO,0,42,67,2781,1561616.895
BASE,SIMULACION_CINCO_DIAS-CRITICA-N01,RECOCIDO_SIMULADO,0,42,68,2821,1561594.675
BASE,SIMULACION_CINCO_DIAS-CRITICA-N01,RECOCIDO_SIMULADO,0,42,69,2861,1561594.675
BASE,SIMULACION_CINCO_DIAS-CRITICA-N01,RECOCIDO_SIMULADO,0,42,70,2901,1561594.675
BASE,SIMULACION_CINCO_DIAS-CRITICA-N01,RECOCIDO_SIMULADO,0,42,71,2941,1561594.675
BASE,SIMULACION_CINCO_DIAS-CRITICA-N01,RECOCIDO_SIMULADO,0,42,72,2981,1561594.675
BASE,SIMULACION_CINCO_DIAS-CRITICA-N01,RECOCIDO_SIMULADO,0,42,73,3021,1561594.675
BASE,SIMULACION_CINCO_DIAS-CRITICA-N01,RECOCIDO_SIMULADO,0,42,74,3061,1561574.475
BASE,SIMULACION_CINCO_DIAS-CRITICA-N01,RECOCIDO_SIMULADO,0,42,75,3101,1561483.575
BASE,SIMULACION_CINCO_DIAS-CRITICA-N01,RECOCIDO_SIMULADO,0,42,76,3141,1561483.575
BASE,SIMULACION_CINCO_DIAS-CRITICA-N01,RECOCIDO_SIMULADO,0,42,77,3181,1561483.575
BASE,SIMULACION_CINCO_DIAS-CRITICA-N01,RECOCIDO_SIMULADO,0,42,78,3221,1561478.525
BASE,SIMULACION_CINCO_DIAS-CRITICA-N01,RECOCIDO_SIMULADO,0,42,79,3261,1561478.525
BASE,SIMULACION_CINCO_DIAS-CRITICA-N01,RECOCIDO_SIMULADO,0,42,80,3301,1561478.525
BASE,SIMULACION_CINCO_DIAS-CRITICA-N01,RECOCIDO_SIMULADO,0,42,81,3341,1561478.525
BASE,SIMULACION_CINCO_DIAS-CRITICA-N01,RECOCIDO_SIMULADO,0,42,82,3381,1561478.525
BASE,SIMULACION_CINCO_DIAS-CRITICA-N01,RECOCIDO_SIMULADO,0,42,83,3421,1561478.525
BASE,SIMULACION_CINCO_DIAS-CRITICA-N01,RECOCIDO_SIMULADO,0,42,84,3461,1561478.525
BASE,SIMULACION_CINCO_DIAS-CRITICA-N01,RECOCIDO_SIMULADO,0,42,85,3501,1561470.445
BASE,SIMULACION_CINCO_DIAS-CRITICA-N01,RECOCIDO_SIMULADO,0,42,86,3541,1561470.445
BASE,SIMULACION_CINCO_DIAS-CRITICA-N01,RECOCIDO_SIMULADO,0,42,87,3581,1561470.445
BASE,SIMULACION_CINCO_DIAS-CRITICA-N01,RECOCIDO_SIMULADO,0,42,88,3621,1561470.445
BASE,SIMULACION_CINCO_DIAS-CRITICA-N01,RECOCIDO_SIMULADO,0,42,89,3661,1561470.445
BASE,SIMULACION_CINCO_DIAS-CRITICA-N01,RECOCIDO_SIMULADO,0,42,90,3701,1561460.345
BASE,SIMULACION_CINCO_DIAS-CRITICA-N01,RECOCIDO_SIMULADO,0,42,91,3741,1561460.345
BASE,SIMULACION_CINCO_DIAS-CRITICA-N01,RECOCIDO_SIMULADO,0,42,92,3781,1561460.345
BASE,SIMULACION_CINCO_DIAS-CRITICA-N01,RECOCIDO_SIMULADO,0,42,93,3821,1561460.345
BASE,SIMULACION_CINCO_DIAS-CRITICA-N01,RECOCIDO_SIMULADO,0,42,94,3861,1561460.345
BASE,SIMULACION_CINCO_DIAS-CRITICA-N01,RECOCIDO_SIMULADO,0,42,95,3901,1561460.345
BASE,SIMULACION_CINCO_DIAS-CRITICA-N01,RECOCIDO_SIMULADO,0,42,96,3941,1561460.345
BASE,SIMULACION_CINCO_DIAS-CRITICA-N01,RECOCIDO_SIMULADO,0,42,97,3981,1561460.345
BASE,SIMULACION_CINCO_DIAS-CRITICA-N01,RECOCIDO_SIMULADO,0,42,98,4021,1561445.195
BASE,SIMULACION_CINCO_DIAS-CRITICA-N01,RECOCIDO_SIMULADO,0,42,99,4061,1561445.195
BASE,SIMULACION_CINCO_DIAS-CRITICA-N01,RECOCIDO_SIMULADO,0,42,100,4101,1561445.195
BASE,SIMULACION_CINCO_DIAS-CRITICA-N01,RECOCIDO_SIMULADO,0,42,101,4141,1561445.195
BASE,SIMULACION_CINCO_DIAS-CRITICA-N01,RECOCIDO_SIMULADO,0,42,102,4181,1561445.195
BASE,SIMULACION_CINCO_DIAS-CRITICA-N01,RECOCIDO_SIMULADO,0,42,103,4221,1561445.195
BASE,SIMULACION_CINCO_DIAS-CRITICA-N01,RECOCIDO_SIMULADO,0,42,104,4261,1561445.195
BASE,SIMULACION_CINCO_DIAS-CRITICA-N01,RECOCIDO_SIMULADO,0,42,105,4301,1561445.195
BASE,SIMULACION_CINCO_DIAS-CRITICA-N01,RECOCIDO_SIMULADO,0,42,106,4341,1561445.195
BASE,SIMULACION_CINCO_DIAS-CRITICA-N01,RECOCIDO_SIMULADO,0,42,107,4381,1561445.195
BASE,SIMULACION_CINCO_DIAS-CRITICA-N01,RECOCIDO_SIMULADO,0,42,108,4421,1561445.195
BASE,SIMULACION_CINCO_DIAS-CRITICA-N01,RECOCIDO_SIMULADO,0,42,109,4461,1561445.195
BASE,SIMULACION_CINCO_DIAS-CRITICA-N01,RECOCIDO_SIMULADO,0,42,110,4501,1561445.195
BASE,SIMULACION_CINCO_DIAS-CRITICA-N01,RECOCIDO_SIMULADO,0,42,111,4541,1561445.195
BASE,SIMULACION_CINCO_DIAS-CRITICA-N01,RECOCIDO_SIMULADO,0,42,112,4581,1561445.195
BASE,SIMULACION_CINCO_DIAS-CRITICA-N01,RECOCIDO_SIMULADO,0,42,113,4621,1561445.195
BASE,SIMULACION_CINCO_DIAS-CRITICA-N01,RECOCIDO_SIMULADO,0,42,114,4661,1561445.195
BASE,SIMULACION_CINCO_DIAS-CRITICA-N01,RECOCIDO_SIMULADO,0,42,115,4701,1561445.195
BASE,SIMULACION_CINCO_DIAS-CRITICA-N01,RECOCIDO_SIMULADO,0,42,116,4741,1561445.195
BASE,SIMULACION_CINCO_DIAS-CRITICA-N01,RECOCIDO_SIMULADO,0,42,117,4781,1561445.195
BASE,SIMULACION_CINCO_DIAS-CRITICA-N01,RECOCIDO_SIMULADO,0,42,118,4821,1561445.195
BASE,SIMULACION_CINCO_DIAS-CRITICA-N01,RECOCIDO_SIMULADO,1,43,0,101,1568760.053333
BASE,SIMULACION_CINCO_DIAS-CRITICA-N01,RECOCIDO_SIMULADO,1,43,1,141,1568475.233333
BASE,SIMULACION_CINCO_DIAS-CRITICA-N01,RECOCIDO_SIMULADO,1,43,2,181,1568371.203333
BASE,SIMULACION_CINCO_DIAS-CRITICA-N01,RECOCIDO_SIMULADO,1,43,3,221,1568371.203333
BASE,SIMULACION_CINCO_DIAS-CRITICA-N01,RECOCIDO_SIMULADO,1,43,4,261,1568371.203333
BASE,SIMULACION_CINCO_DIAS-CRITICA-N01,RECOCIDO_SIMULADO,1,43,5,301,1568272.896667
BASE,SIMULACION_CINCO_DIAS-CRITICA-N01,RECOCIDO_SIMULADO,1,43,6,341,1567776.986667
BASE,SIMULACION_CINCO_DIAS-CRITICA-N01,RECOCIDO_SIMULADO,1,43,7,381,1567509.336667
BASE,SIMULACION_CINCO_DIAS-CRITICA-N01,RECOCIDO_SIMULADO,1,43,8,421,1567278.046667
BASE,SIMULACION_CINCO_DIAS-CRITICA-N01,RECOCIDO_SIMULADO,1,43,9,461,1567278.046667
BASE,SIMULACION_CINCO_DIAS-CRITICA-N01,RECOCIDO_SIMULADO,1,43,10,501,1567278.046667
BASE,SIMULACION_CINCO_DIAS-CRITICA-N01,RECOCIDO_SIMULADO,1,43,11,541,1567278.046667
BASE,SIMULACION_CINCO_DIAS-CRITICA-N01,RECOCIDO_SIMULADO,1,43,12,581,1567235.07
BASE,SIMULACION_CINCO_DIAS-CRITICA-N01,RECOCIDO_SIMULADO,1,43,13,621,1566684.166667
BASE,SIMULACION_CINCO_DIAS-CRITICA-N01,RECOCIDO_SIMULADO,1,43,14,661,1566684.166667
BASE,SIMULACION_CINCO_DIAS-CRITICA-N01,RECOCIDO_SIMULADO,1,43,15,701,1566632.656667
BASE,SIMULACION_CINCO_DIAS-CRITICA-N01,RECOCIDO_SIMULADO,1,43,16,741,1566608.416667
BASE,SIMULACION_CINCO_DIAS-CRITICA-N01,RECOCIDO_SIMULADO,1,43,17,781,1566581.146667
BASE,SIMULACION_CINCO_DIAS-CRITICA-N01,RECOCIDO_SIMULADO,1,43,18,821,1566581.146667
BASE,SIMULACION_CINCO_DIAS-CRITICA-N01,RECOCIDO_SIMULADO,1,43,19,861,1566581.146667
BASE,SIMULACION_CINCO_DIAS-CRITICA-N01,RECOCIDO_SIMULADO,1,43,20,901,1566581.146667
BASE,SIMULACION_CINCO_DIAS-CRITICA-N01,RECOCIDO_SIMULADO,1,43,21,941,1566581.146667
BASE,SIMULACION_CINCO_DIAS-CRITICA-N01,RECOCIDO_SIMULADO,1,43,22,981,1566581.146667
BASE,SIMULACION_CINCO_DIAS-CRITICA-N01,RECOCIDO_SIMULADO,1,43,23,1021,1566581.146667
BASE,SIMULACION_CINCO_DIAS-CRITICA-N01,RECOCIDO_SIMULADO,1,43,24,1061,1566581.146667
BASE,SIMULACION_CINCO_DIAS-CRITICA-N01,RECOCIDO_SIMULADO,1,43,25,1101,1566581.146667
BASE,SIMULACION_CINCO_DIAS-CRITICA-N01,RECOCIDO_SIMULADO,1,43,26,1141,1566581.146667
BASE,SIMULACION_CINCO_DIAS-CRITICA-N01,RECOCIDO_SIMULADO,1,43,27,1181,1566581.146667
BASE,SIMULACION_CINCO_DIAS-CRITICA-N01,RECOCIDO_SIMULADO,1,43,28,1221,1566581.146667
BASE,SIMULACION_CINCO_DIAS-CRITICA-N01,RECOCIDO_SIMULADO,1,43,29,1261,1566581.146667
BASE,SIMULACION_CINCO_DIAS-CRITICA-N01,RECOCIDO_SIMULADO,1,43,30,1301,1566581.146667
BASE,SIMULACION_CINCO_DIAS-CRITICA-N01,RECOCIDO_SIMULADO,1,43,31,1341,1566581.146667
BASE,SIMULACION_CINCO_DIAS-CRITICA-N01,RECOCIDO_SIMULADO,1,43,32,1381,1566581.146667
BASE,SIMULACION_CINCO_DIAS-CRITICA-N01,RECOCIDO_SIMULADO,1,43,33,1421,1566581.146667
BASE,SIMULACION_CINCO_DIAS-CRITICA-N01,RECOCIDO_SIMULADO,1,43,34,1461,1566581.146667
BASE,SIMULACION_CINCO_DIAS-CRITICA-N01,RECOCIDO_SIMULADO,1,43,35,1501,1566430.656667
BASE,SIMULACION_CINCO_DIAS-CRITICA-N01,RECOCIDO_SIMULADO,1,43,36,1541,1566430.656667
BASE,SIMULACION_CINCO_DIAS-CRITICA-N01,RECOCIDO_SIMULADO,1,43,37,1581,1566430.656667
BASE,SIMULACION_CINCO_DIAS-CRITICA-N01,RECOCIDO_SIMULADO,1,43,38,1621,1566430.656667
BASE,SIMULACION_CINCO_DIAS-CRITICA-N01,RECOCIDO_SIMULADO,1,43,39,1661,1566331.676667
BASE,SIMULACION_CINCO_DIAS-CRITICA-N01,RECOCIDO_SIMULADO,1,43,40,1701,1566246.836667
BASE,SIMULACION_CINCO_DIAS-CRITICA-N01,RECOCIDO_SIMULADO,1,43,41,1741,1566176.136667
BASE,SIMULACION_CINCO_DIAS-CRITICA-N01,RECOCIDO_SIMULADO,1,43,42,1781,1566176.136667
BASE,SIMULACION_CINCO_DIAS-CRITICA-N01,RECOCIDO_SIMULADO,1,43,43,1821,1566176.136667
BASE,SIMULACION_CINCO_DIAS-CRITICA-N01,RECOCIDO_SIMULADO,1,43,44,1861,1566176.136667
BASE,SIMULACION_CINCO_DIAS-CRITICA-N01,RECOCIDO_SIMULADO,1,43,45,1901,1565950.083333
BASE,SIMULACION_CINCO_DIAS-CRITICA-N01,RECOCIDO_SIMULADO,1,43,46,1941,1565861.203333
BASE,SIMULACION_CINCO_DIAS-CRITICA-N01,RECOCIDO_SIMULADO,1,43,47,1981,1565810.703333
BASE,SIMULACION_CINCO_DIAS-CRITICA-N01,RECOCIDO_SIMULADO,1,43,48,2021,1565810.703333
BASE,SIMULACION_CINCO_DIAS-CRITICA-N01,RECOCIDO_SIMULADO,1,43,49,2061,1565798.583333
BASE,SIMULACION_CINCO_DIAS-CRITICA-N01,RECOCIDO_SIMULADO,1,43,50,2101,1565798.583333
BASE,SIMULACION_CINCO_DIAS-CRITICA-N01,RECOCIDO_SIMULADO,1,43,51,2141,1565798.583333
BASE,SIMULACION_CINCO_DIAS-CRITICA-N01,RECOCIDO_SIMULADO,1,43,52,2181,1565798.583333
BASE,SIMULACION_CINCO_DIAS-CRITICA-N01,RECOCIDO_SIMULADO,1,43,53,2221,1565798.583333
BASE,SIMULACION_CINCO_DIAS-CRITICA-N01,RECOCIDO_SIMULADO,1,43,54,2261,1565798.583333
BASE,SIMULACION_CINCO_DIAS-CRITICA-N01,RECOCIDO_SIMULADO,1,43,55,2301,1565798.583333
BASE,SIMULACION_CINCO_DIAS-CRITICA-N01,RECOCIDO_SIMULADO,1,43,56,2341,1565798.583333
BASE,SIMULACION_CINCO_DIAS-CRITICA-N01,RECOCIDO_SIMULADO,1,43,57,2381,1565798.583333
BASE,SIMULACION_CINCO_DIAS-CRITICA-N01,RECOCIDO_SIMULADO,1,43,58,2421,1565798.583333
BASE,SIMULACION_CINCO_DIAS-CRITICA-N01,RECOCIDO_SIMULADO,1,43,59,2461,1565798.583333
BASE,SIMULACION_CINCO_DIAS-CRITICA-N01,RECOCIDO_SIMULADO,1,43,60,2501,1565798.583333
BASE,SIMULACION_CINCO_DIAS-CRITICA-N01,RECOCIDO_SIMULADO,1,43,61,2541,1565798.583333
BASE,SIMULACION_CINCO_DIAS-CRITICA-N01,RECOCIDO_SIMULADO,1,43,62,2581,1565795.553333
BASE,SIMULACION_CINCO_DIAS-CRITICA-N01,RECOCIDO_SIMULADO,1,43,63,2621,1565787.473333
BASE,SIMULACION_CINCO_DIAS-CRITICA-N01,RECOCIDO_SIMULADO,1,43,64,2661,1565780.403333
BASE,SIMULACION_CINCO_DIAS-CRITICA-N01,RECOCIDO_SIMULADO,1,43,65,2701,1565780.403333
BASE,SIMULACION_CINCO_DIAS-CRITICA-N01,RECOCIDO_SIMULADO,1,43,66,2741,1565780.403333
BASE,SIMULACION_CINCO_DIAS-CRITICA-N01,RECOCIDO_SIMULADO,1,43,67,2781,1565780.403333
BASE,SIMULACION_CINCO_DIAS-CRITICA-N01,RECOCIDO_SIMULADO,1,43,68,2821,1565772.323333
BASE,SIMULACION_CINCO_DIAS-CRITICA-N01,RECOCIDO_SIMULADO,1,43,69,2861,1565772.323333
BASE,SIMULACION_CINCO_DIAS-CRITICA-N01,RECOCIDO_SIMULADO,1,43,70,2901,1565772.323333
BASE,SIMULACION_CINCO_DIAS-CRITICA-N01,RECOCIDO_SIMULADO,1,43,71,2941,1565772.323333
BASE,SIMULACION_CINCO_DIAS-CRITICA-N01,RECOCIDO_SIMULADO,1,43,72,2981,1565772.323333
BASE,SIMULACION_CINCO_DIAS-CRITICA-N01,RECOCIDO_SIMULADO,1,43,73,3021,1565770.303333
BASE,SIMULACION_CINCO_DIAS-CRITICA-N01,RECOCIDO_SIMULADO,1,43,74,3061,1565762.223333
BASE,SIMULACION_CINCO_DIAS-CRITICA-N01,RECOCIDO_SIMULADO,1,43,75,3101,1565762.223333
BASE,SIMULACION_CINCO_DIAS-CRITICA-N01,RECOCIDO_SIMULADO,1,43,76,3141,1565762.223333
BASE,SIMULACION_CINCO_DIAS-CRITICA-N01,RECOCIDO_SIMULADO,1,43,77,3181,1565762.223333
BASE,SIMULACION_CINCO_DIAS-CRITICA-N01,RECOCIDO_SIMULADO,1,43,78,3221,1565762.223333
BASE,SIMULACION_CINCO_DIAS-CRITICA-N01,RECOCIDO_SIMULADO,1,43,79,3261,1565762.223333
BASE,SIMULACION_CINCO_DIAS-CRITICA-N01,RECOCIDO_SIMULADO,1,43,80,3301,1565762.223333
BASE,SIMULACION_CINCO_DIAS-CRITICA-N01,RECOCIDO_SIMULADO,1,43,81,3341,1565762.223333
BASE,SIMULACION_CINCO_DIAS-CRITICA-N01,RECOCIDO_SIMULADO,1,43,82,3381,1565762.223333
BASE,SIMULACION_CINCO_DIAS-CRITICA-N01,RECOCIDO_SIMULADO,1,43,83,3421,1565762.223333
BASE,SIMULACION_CINCO_DIAS-CRITICA-N01,RECOCIDO_SIMULADO,1,43,84,3461,1565711.723333
BASE,SIMULACION_CINCO_DIAS-CRITICA-N01,RECOCIDO_SIMULADO,1,43,85,3501,1565711.723333
BASE,SIMULACION_CINCO_DIAS-CRITICA-N01,RECOCIDO_SIMULADO,1,43,86,3541,1565711.723333
BASE,SIMULACION_CINCO_DIAS-CRITICA-N01,RECOCIDO_SIMULADO,1,43,87,3581,1565711.723333
BASE,SIMULACION_CINCO_DIAS-CRITICA-N01,RECOCIDO_SIMULADO,1,43,88,3621,1565711.723333
BASE,SIMULACION_CINCO_DIAS-CRITICA-N01,RECOCIDO_SIMULADO,1,43,89,3661,1565711.723333
BASE,SIMULACION_CINCO_DIAS-CRITICA-N01,RECOCIDO_SIMULADO,1,43,90,3701,1565711.723333
BASE,SIMULACION_CINCO_DIAS-CRITICA-N01,RECOCIDO_SIMULADO,1,43,91,3741,1565711.723333
BASE,SIMULACION_CINCO_DIAS-CRITICA-N01,RECOCIDO_SIMULADO,1,43,92,3781,1565711.723333
BASE,SIMULACION_CINCO_DIAS-CRITICA-N01,RECOCIDO_SIMULADO,1,43,93,3821,1565711.723333
BASE,SIMULACION_CINCO_DIAS-CRITICA-N01,RECOCIDO_SIMULADO,1,43,94,3861,1565711.723333
BASE,SIMULACION_CINCO_DIAS-CRITICA-N01,RECOCIDO_SIMULADO,1,43,95,3901,1565711.723333
BASE,SIMULACION_CINCO_DIAS-CRITICA-N01,RECOCIDO_SIMULADO,1,43,96,3941,1565711.723333
BASE,SIMULACION_CINCO_DIAS-CRITICA-N01,RECOCIDO_SIMULADO,1,43,97,3981,1565711.723333
BASE,SIMULACION_CINCO_DIAS-CRITICA-N01,RECOCIDO_SIMULADO,1,43,98,4021,1565711.723333
BASE,SIMULACION_CINCO_DIAS-CRITICA-N01,RECOCIDO_SIMULADO,1,43,99,4061,1565711.723333
BASE,SIMULACION_CINCO_DIAS-CRITICA-N01,RECOCIDO_SIMULADO,1,43,100,4101,1565711.723333
BASE,SIMULACION_CINCO_DIAS-CRITICA-N01,RECOCIDO_SIMULADO,1,43,101,4141,1565711.723333
BASE,SIMULACION_CINCO_DIAS-CRITICA-N01,RECOCIDO_SIMULADO,1,43,102,4181,1565711.723333
BASE,SIMULACION_CINCO_DIAS-CRITICA-N01,RECOCIDO_SIMULADO,1,43,103,4221,1565711.723333
BASE,SIMULACION_CINCO_DIAS-CRITICA-N01,RECOCIDO_SIMULADO,1,43,104,4261,1565711.723333
BASE,SIMULACION_CINCO_DIAS-CRITICA-N01,RECOCIDO_SIMULADO,1,43,105,4301,1565711.723333
BASE,SIMULACION_CINCO_DIAS-CRITICA-N01,RECOCIDO_SIMULADO,1,43,106,4341,1565711.723333
BASE,SIMULACION_CINCO_DIAS-CRITICA-N01,GENETICO,1,43,0,60,1217201.251667
BASE,SIMULACION_CINCO_DIAS-CRITICA-N01,GENETICO,1,43,1,120,1217201.251667
BASE,SIMULACION_CINCO_DIAS-CRITICA-N01,GENETICO,1,43,2,180,1217201.251667
BASE,SIMULACION_CINCO_DIAS-CRITICA-N01,GENETICO,1,43,3,240,1217201.251667
BASE,SIMULACION_CINCO_DIAS-CRITICA-N01,GENETICO,1,43,4,300,1217201.251667
BASE,SIMULACION_CINCO_DIAS-CRITICA-N01,GENETICO,1,43,5,360,1217201.251667
BASE,SIMULACION_CINCO_DIAS-CRITICA-N01,GENETICO,1,43,6,420,1217201.251667
BASE,SIMULACION_CINCO_DIAS-CRITICA-N01,GENETICO,1,43,7,480,1217201.251667
BASE,SIMULACION_CINCO_DIAS-CRITICA-N01,GENETICO,1,43,8,540,1217201.251667
BASE,SIMULACION_CINCO_DIAS-CRITICA-N01,GENETICO,1,43,9,600,1217201.251667
BASE,SIMULACION_CINCO_DIAS-CRITICA-N01,GENETICO,1,43,10,660,1217201.251667
BASE,SIMULACION_CINCO_DIAS-CRITICA-N01,GENETICO,1,43,11,720,1217201.251667
BASE,SIMULACION_CINCO_DIAS-CRITICA-N01,GENETICO,1,43,12,780,1217201.251667
BASE,SIMULACION_CINCO_DIAS-CRITICA-N01,GENETICO,1,43,13,840,1217201.251667
BASE,SIMULACION_CINCO_DIAS-CRITICA-N01,GENETICO,1,43,14,900,1209209.453333
BASE,SIMULACION_CINCO_DIAS-CRITICA-N01,GENETICO,1,43,15,960,1208953.441667
BASE,SIMULACION_CINCO_DIAS-CRITICA-N01,GENETICO,1,43,16,1020,1208953.441667
BASE,SIMULACION_CINCO_DIAS-CRITICA-N01,GENETICO,1,43,17,1080,1208953.441667
BASE,SIMULACION_CINCO_DIAS-CRITICA-N01,GENETICO,1,43,18,1140,1208953.441667
BASE,SIMULACION_CINCO_DIAS-CRITICA-N01,GENETICO,1,43,19,1200,1208953.441667
BASE,SIMULACION_CINCO_DIAS-CRITICA-N01,GENETICO,1,43,20,1260,1201321.401667
BASE,SIMULACION_CINCO_DIAS-CRITICA-N01,GENETICO,1,43,21,1320,1190817.23
BASE,SIMULACION_CINCO_DIAS-CRITICA-N01,GENETICO,1,43,22,1380,1190519.333333
BASE,SIMULACION_CINCO_DIAS-CRITICA-N01,GENETICO,1,43,23,1440,1177533.408333
BASE,SIMULACION_CINCO_DIAS-CRITICA-N01,GENETICO,1,43,24,1500,1172590.323333
BASE,SIMULACION_CINCO_DIAS-CRITICA-N01,GENETICO,1,43,25,1560,1167928.746667
BASE,SIMULACION_CINCO_DIAS-CRITICA-N01,GENETICO,1,43,26,1620,1167928.746667
BASE,SIMULACION_CINCO_DIAS-CRITICA-N01,GENETICO,1,43,27,1680,1167928.746667
BASE,SIMULACION_CINCO_DIAS-CRITICA-N01,GENETICO,1,43,28,1740,1164298.721667
BASE,SIMULACION_CINCO_DIAS-CRITICA-N01,GENETICO,1,43,29,1800,1159509.461667
BASE,SIMULACION_CINCO_DIAS-CRITICA-N01,GENETICO,1,43,30,1860,1159124.143333
BASE,SIMULACION_CINCO_DIAS-CRITICA-N01,GENETICO,1,43,31,1920,1151421.625
BASE,SIMULACION_CINCO_DIAS-CRITICA-N01,GENETICO,1,43,32,1980,1150709.978333
BASE,SIMULACION_CINCO_DIAS-CRITICA-N01,GENETICO,1,43,33,2040,1140720.021667
BASE,SIMULACION_CINCO_DIAS-CRITICA-N01,GENETICO,1,43,34,2100,1138368.538333
BASE,SIMULACION_CINCO_DIAS-CRITICA-N01,GENETICO,1,43,35,2160,1138368.538333
BASE,SIMULACION_CINCO_DIAS-CRITICA-N01,GENETICO,1,43,36,2220,1136275.118333
BASE,SIMULACION_CINCO_DIAS-CRITICA-N01,GENETICO,1,43,37,2280,1136275.118333
BASE,SIMULACION_CINCO_DIAS-CRITICA-N01,GENETICO,1,43,38,2340,1136275.118333
BASE,SIMULACION_CINCO_DIAS-CRITICA-N01,GENETICO,1,43,39,2400,1134776.628333
BASE,SIMULACION_CINCO_DIAS-CRITICA-N01,GENETICO,1,43,40,2460,1133275.721667
BASE,SIMULACION_CINCO_DIAS-CRITICA-N01,GENETICO,1,43,41,2520,1133275.721667
BASE,SIMULACION_CINCO_DIAS-CRITICA-N01,GENETICO,1,43,42,2580,1132431.435
BASE,SIMULACION_CINCO_DIAS-CRITICA-N01,GENETICO,1,43,43,2640,1132194.435
BASE,SIMULACION_CINCO_DIAS-CRITICA-N01,GENETICO,1,43,44,2700,1131829.355
BASE,SIMULACION_CINCO_DIAS-CRITICA-N01,GENETICO,1,43,45,2760,1131829.355
BASE,SIMULACION_CINCO_DIAS-CRITICA-N01,GENETICO,1,43,46,2820,1131044.835
BASE,SIMULACION_CINCO_DIAS-CRITICA-N01,GENETICO,1,43,47,2880,1131044.835
BASE,SIMULACION_CINCO_DIAS-CRITICA-N01,GENETICO,1,43,48,2940,1130927.201667
BASE,SIMULACION_CINCO_DIAS-CRITICA-N01,GENETICO,1,43,49,3000,1129805.928333
BASE,SIMULACION_CINCO_DIAS-CRITICA-N01,GENETICO,1,43,50,3060,1129788.435
BASE,SIMULACION_CINCO_DIAS-CRITICA-N01,GENETICO,1,43,51,3120,1129730.348333
BASE,SIMULACION_CINCO_DIAS-CRITICA-N01,GENETICO,1,43,52,3180,1128926.788333
BASE,SIMULACION_CINCO_DIAS-CRITICA-N01,GENETICO,1,43,53,3240,1128769.928333
BASE,SIMULACION_CINCO_DIAS-CRITICA-N01,GENETICO,1,43,54,3300,1128579.535
BASE,SIMULACION_CINCO_DIAS-CRITICA-N01,GENETICO,1,43,55,3360,1128288.695
BASE,SIMULACION_CINCO_DIAS-CRITICA-N01,GENETICO,1,43,56,3420,1128184.768333
BASE,SIMULACION_CINCO_DIAS-CRITICA-N01,GENETICO,1,43,57,3480,1127872.628333
BASE,SIMULACION_CINCO_DIAS-CRITICA-N01,GENETICO,1,43,58,3540,1127872.628333
BASE,SIMULACION_CINCO_DIAS-CRITICA-N01,GENETICO,1,43,59,3600,1127872.628333
BASE,SIMULACION_CINCO_DIAS-CRITICA-N01,GENETICO,1,43,60,3660,1127856.468333
BASE,SIMULACION_CINCO_DIAS-CRITICA-N01,GENETICO,1,43,61,3720,1127856.468333
BASE,SIMULACION_CINCO_DIAS-CRITICA-N01,GENETICO,1,43,62,3780,1127603.938333
BASE,SIMULACION_CINCO_DIAS-CRITICA-N01,GENETICO,1,43,63,3840,1127603.938333
BASE,SIMULACION_CINCO_DIAS-CRITICA-N01,GENETICO,1,43,64,3900,1127501.818333
BASE,SIMULACION_CINCO_DIAS-CRITICA-N01,GENETICO,1,43,65,3960,1127250.728333
BASE,SIMULACION_CINCO_DIAS-CRITICA-N01,GENETICO,1,43,66,4020,1127119.428333
BASE,SIMULACION_CINCO_DIAS-CRITICA-N01,GENETICO,1,43,67,4080,1127009.478333
BASE,SIMULACION_CINCO_DIAS-CRITICA-N01,GENETICO,1,43,68,4140,1127001.261667
BASE,SIMULACION_CINCO_DIAS-CRITICA-N01,GENETICO,1,43,69,4200,1126962.341667
BASE,SIMULACION_CINCO_DIAS-CRITICA-N01,GENETICO,1,43,70,4260,1126878.178333
BASE,SIMULACION_CINCO_DIAS-CRITICA-N01,GENETICO,1,43,71,4320,1126573.695
BASE,SIMULACION_CINCO_DIAS-CRITICA-N01,GENETICO,1,43,72,4380,1126524.225
BASE,SIMULACION_CINCO_DIAS-CRITICA-N01,GENETICO,1,43,73,4440,1126507.391667
BASE,SIMULACION_CINCO_DIAS-CRITICA-N01,GENETICO,1,43,74,4500,1126483.061667
BASE,SIMULACION_CINCO_DIAS-CRITICA-N01,GENETICO,1,43,75,4560,1126483.061667
BASE,SIMULACION_CINCO_DIAS-CRITICA-N01,GENETICO,1,43,76,4620,1126265.675
BASE,SIMULACION_CINCO_DIAS-CRITICA-N01,GENETICO,1,43,77,4680,1126173.111667
BASE,SIMULACION_CINCO_DIAS-CRITICA-N01,GENETICO,1,43,78,4740,1126068.425
BASE,SIMULACION_CINCO_DIAS-CRITICA-N01,GENETICO,1,43,79,4800,1126068.425
BASE,SIMULACION_CINCO_DIAS-CRITICA-N01,GENETICO,1,43,80,4860,1126068.425
BASE,SIMULACION_CINCO_DIAS-CRITICA-N01,GENETICO,1,43,81,4920,1125652.918333
BASE,SIMULACION_CINCO_DIAS-CRITICA-N01,GENETICO,1,43,82,4980,1125652.918333
BASE,SIMULACION_CINCO_DIAS-CRITICA-N01,GENETICO,1,43,83,5040,1125547.675
BASE,SIMULACION_CINCO_DIAS-CRITICA-N01,GENETICO,1,43,84,5100,1125547.675
BASE,SIMULACION_CINCO_DIAS-CRITICA-N01,GENETICO,1,43,85,5160,1124977.785
BASE,SIMULACION_CINCO_DIAS-CRITICA-N01,GENETICO,1,43,86,5220,1124885.735
BASE,SIMULACION_CINCO_DIAS-CRITICA-N01,GENETICO,1,43,87,5280,1124885.735
BASE,SIMULACION_CINCO_DIAS-CRITICA-N01,GENETICO,1,43,88,5340,1124644.235
BASE,SIMULACION_CINCO_DIAS-CRITICA-N01,GENETICO,1,43,89,5400,1124600.631667
BASE,SIMULACION_CINCO_DIAS-CRITICA-N01,GENETICO,1,43,90,5460,1124600.631667
BASE,SIMULACION_CINCO_DIAS-CRITICA-N01,GENETICO,1,43,91,5520,1124600.631667
BASE,SIMULACION_CINCO_DIAS-CRITICA-N01,GENETICO,1,43,92,5580,1124211.781667
BASE,SIMULACION_CINCO_DIAS-CRITICA-N01,GENETICO,1,43,93,5640,1124211.541667
BASE,SIMULACION_CINCO_DIAS-CRITICA-N01,GENETICO,1,43,94,5700,1124208.091667
BASE,SIMULACION_CINCO_DIAS-CRITICA-N01,GENETICO,1,43,95,5760,1124165.531667
BASE,SIMULACION_CINCO_DIAS-CRITICA-N01,GENETICO,1,43,96,5820,1124045.781667
BASE,SIMULACION_CINCO_DIAS-CRITICA-N01,GENETICO,1,43,97,5880,1124045.781667
BASE,SIMULACION_CINCO_DIAS-CRITICA-N01,GENETICO,1,43,98,5940,1123880.131667
BASE,SIMULACION_CINCO_DIAS-CRITICA-N01,GENETICO,1,43,99,6000,1123880.131667
BASE,SIMULACION_CINCO_DIAS-CRITICA-N01,GENETICO,1,43,100,6060,1123869.828333
BASE,SIMULACION_CINCO_DIAS-CRITICA-N01,GENETICO,1,43,101,6120,1123788.548333
BASE,SIMULACION_CINCO_DIAS-CRITICA-N01,GENETICO,1,43,102,6180,1123651.361667
BASE,SIMULACION_CINCO_DIAS-CRITICA-N01,GENETICO,1,43,103,6240,1123649.395
BASE,SIMULACION_CINCO_DIAS-CRITICA-N01,GENETICO,1,43,104,6300,1123649.395
BASE,SIMULACION_CINCO_DIAS-CRITICA-N01,GENETICO,1,43,105,6360,1123646.995
BASE,SIMULACION_CINCO_DIAS-CRITICA-N01,GENETICO,1,43,106,6420,1123543.251667
BASE,SIMULACION_CINCO_DIAS-CRITICA-N01,GENETICO,1,43,107,6480,1123519.011667
BASE,SIMULACION_CINCO_DIAS-CRITICA-N01,GENETICO,1,43,108,6540,1123519.011667
BASE,SIMULACION_CINCO_DIAS-CRITICA-N01,GENETICO,1,43,109,6600,1123517.045
BASE,SIMULACION_CINCO_DIAS-CRITICA-N01,GENETICO,1,43,110,6660,1123492.211667
BASE,SIMULACION_CINCO_DIAS-CRITICA-N01,GENETICO,1,43,111,6720,1123362.261667
BASE,SIMULACION_CINCO_DIAS-CRITICA-N01,GENETICO,1,43,112,6780,1123357.895
BASE,SIMULACION_CINCO_DIAS-CRITICA-N01,GENETICO,1,43,113,6840,1123357.895
BASE,SIMULACION_CINCO_DIAS-CRITICA-N01,GENETICO,1,43,114,6900,1123356.741667
BASE,SIMULACION_CINCO_DIAS-CRITICA-N01,GENETICO,1,43,115,6960,1123236.008333
BASE,SIMULACION_CINCO_DIAS-CRITICA-N01,GENETICO,1,43,116,7020,1123215.441667
BASE,SIMULACION_CINCO_DIAS-CRITICA-N01,GENETICO,1,43,117,7080,1123215.441667
BASE,SIMULACION_CINCO_DIAS-CRITICA-N01,GENETICO,1,43,118,7140,1123215.441667
BASE,SIMULACION_CINCO_DIAS-CRITICA-N01,GENETICO,1,43,119,7200,1123143.911667
BASE,SIMULACION_CINCO_DIAS-CRITICA-N01,GENETICO,1,43,120,7260,1123143.911667
BASE,SIMULACION_CINCO_DIAS-CRITICA-N01,GENETICO,1,43,121,7320,1123143.911667
BASE,SIMULACION_CINCO_DIAS-CRITICA-N01,GENETICO,1,43,122,7380,1123138.958333
BASE,SIMULACION_CINCO_DIAS-CRITICA-N01,GENETICO,1,43,123,7440,1123111.871667
BASE,SIMULACION_CINCO_DIAS-CRITICA-N01,GENETICO,1,43,124,7500,1123111.871667
BASE,SIMULACION_CINCO_DIAS-CRITICA-N01,GENETICO,1,43,125,7560,1123111.871667
BASE,SIMULACION_CINCO_DIAS-CRITICA-N01,GENETICO,1,43,126,7620,1123111.871667
BASE,SIMULACION_CINCO_DIAS-CRITICA-N01,GENETICO,1,43,127,7680,1123108.751667
BASE,SIMULACION_CINCO_DIAS-CRITICA-N01,GENETICO,1,43,128,7740,1123108.751667
BASE,SIMULACION_CINCO_DIAS-CRITICA-N01,GENETICO,1,43,129,7800,1123106.921667
BASE,SIMULACION_CINCO_DIAS-CRITICA-N01,GENETICO,1,43,130,7860,1123006.911667
BASE,SIMULACION_CINCO_DIAS-CRITICA-N01,GENETICO,1,43,131,7920,1123005.551667
BASE,SIMULACION_CINCO_DIAS-CRITICA-N01,GENETICO,1,43,132,7980,1123005.551667
BASE,SIMULACION_CINCO_DIAS-CRITICA-N01,GENETICO,1,43,133,8040,1123003.791667
BASE,SIMULACION_CINCO_DIAS-CRITICA-N01,GENETICO,1,43,134,8100,1123003.791667
BASE,SIMULACION_CINCO_DIAS-CRITICA-N01,GENETICO,1,43,135,8160,1122999.925
BASE,SIMULACION_CINCO_DIAS-CRITICA-N01,GENETICO,1,43,136,8220,1122999.925
BASE,SIMULACION_CINCO_DIAS-CRITICA-N01,GENETICO,1,43,137,8280,1122999.685
BASE,SIMULACION_CINCO_DIAS-CRITICA-N01,GENETICO,1,43,138,8340,1122999.685
BASE,SIMULACION_CINCO_DIAS-CRITICA-N01,GENETICO,1,43,139,8400,1122996.565
BASE,SIMULACION_CINCO_DIAS-CRITICA-N01,GENETICO,1,43,140,8460,1122996.565
BASE,SIMULACION_CINCO_DIAS-CRITICA-N01,GENETICO,1,43,141,8520,1122996.565
BASE,SIMULACION_CINCO_DIAS-CRITICA-N01,GENETICO,1,43,142,8580,1122995.925
BASE,SIMULACION_CINCO_DIAS-CRITICA-N01,GENETICO,1,43,143,8640,1122994.965
BASE,SIMULACION_CINCO_DIAS-CRITICA-N01,GENETICO,1,43,144,8700,1122994.965
BASE,SIMULACION_CINCO_DIAS-CRITICA-N01,GENETICO,1,43,145,8760,1122994.965
BASE,SIMULACION_CINCO_DIAS-CRITICA-N01,GENETICO,1,43,146,8820,1122994.965
BASE,SIMULACION_CINCO_DIAS-CRITICA-N01,GENETICO,1,43,147,8880,1122994.965
BASE,SIMULACION_CINCO_DIAS-CRITICA-N01,GENETICO,1,43,148,8940,1122974.615
BASE,SIMULACION_CINCO_DIAS-CRITICA-N01,GENETICO,1,43,149,9000,1122974.615
BASE,SIMULACION_CINCO_DIAS-CRITICA-N01,GENETICO,1,43,150,9060,1122974.615
BASE,COLAPSO_LOGISTICO-NORMAL-N01,GENETICO,0,42,0,60,85.573333
BASE,COLAPSO_LOGISTICO-NORMAL-N01,GENETICO,0,42,1,120,85.423333
BASE,COLAPSO_LOGISTICO-NORMAL-N01,GENETICO,0,42,2,180,85.213333
BASE,COLAPSO_LOGISTICO-NORMAL-N01,GENETICO,0,42,3,240,84.913333
BASE,COLAPSO_LOGISTICO-NORMAL-N01,GENETICO,0,42,4,300,84.913333
BASE,COLAPSO_LOGISTICO-NORMAL-N01,GENETICO,0,42,5,360,84.913333
BASE,COLAPSO_LOGISTICO-NORMAL-N01,GENETICO,0,42,6,420,84.868333
BASE,COLAPSO_LOGISTICO-NORMAL-N01,GENETICO,0,42,7,480,84.868333
BASE,COLAPSO_LOGISTICO-NORMAL-N01,GENETICO,0,42,8,540,84.868333
BASE,COLAPSO_LOGISTICO-NORMAL-N01,GENETICO,0,42,9,600,84.868333
BASE,COLAPSO_LOGISTICO-NORMAL-N01,GENETICO,0,42,10,660,84.868333
BASE,COLAPSO_LOGISTICO-NORMAL-N01,GENETICO,0,42,11,720,84.778333
BASE,COLAPSO_LOGISTICO-NORMAL-N01,GENETICO,0,42,12,780,84.613333
BASE,COLAPSO_LOGISTICO-NORMAL-N01,GENETICO,0,42,13,840,84.448333
BASE,COLAPSO_LOGISTICO-NORMAL-N01,GENETICO,0,42,14,900,84.448333
BASE,COLAPSO_LOGISTICO-NORMAL-N01,GENETICO,0,42,15,960,84.448333
BASE,COLAPSO_LOGISTICO-NORMAL-N01,GENETICO,0,42,16,1020,84.448333
BASE,COLAPSO_LOGISTICO-NORMAL-N01,GENETICO,0,42,17,1080,84.448333
BASE,COLAPSO_LOGISTICO-NORMAL-N01,GENETICO,0,42,18,1140,84.448333
BASE,COLAPSO_LOGISTICO-NORMAL-N01,GENETICO,0,42,19,1200,84.448333
BASE,COLAPSO_LOGISTICO-NORMAL-N01,GENETICO,0,42,20,1260,84.448333
BASE,COLAPSO_LOGISTICO-NORMAL-N01,GENETICO,0,42,21,1320,84.448333
BASE,COLAPSO_LOGISTICO-NORMAL-N01,GENETICO,0,42,22,1380,84.448333
BASE,COLAPSO_LOGISTICO-NORMAL-N01,GENETICO,0,42,23,1440,84.448333
BASE,COLAPSO_LOGISTICO-NORMAL-N01,GENETICO,0,42,24,1500,84.448333
BASE,COLAPSO_LOGISTICO-NORMAL-N01,GENETICO,0,42,25,1560,84.448333
BASE,COLAPSO_LOGISTICO-NORMAL-N01,GENETICO,0,42,26,1620,84.448333
BASE,COLAPSO_LOGISTICO-NORMAL-N01,GENETICO,0,42,27,1680,84.448333
BASE,COLAPSO_LOGISTICO-NORMAL-N01,GENETICO,0,42,28,1740,84.448333
BASE,COLAPSO_LOGISTICO-NORMAL-N01,GENETICO,0,42,29,1800,84.448333
BASE,COLAPSO_LOGISTICO-NORMAL-N01,GENETICO,0,42,30,1860,84.448333
BASE,COLAPSO_LOGISTICO-NORMAL-N01,GENETICO,0,42,31,1920,84.448333
BASE,COLAPSO_LOGISTICO-NORMAL-N01,GENETICO,0,42,32,1980,84.448333
BASE,COLAPSO_LOGISTICO-NORMAL-N01,GENETICO,0,42,33,2040,84.448333
BASE,COLAPSO_LOGISTICO-NORMAL-N01,GENETICO,0,42,34,2100,84.448333
BASE,COLAPSO_LOGISTICO-NORMAL-N01,GENETICO,0,42,35,2160,84.448333
BASE,COLAPSO_LOGISTICO-NORMAL-N01,GENETICO,0,42,36,2220,84.448333
BASE,COLAPSO_LOGISTICO-NORMAL-N01,GENETICO,0,42,37,2280,84.448333
BASE,COLAPSO_LOGISTICO-NORMAL-N01,GENETICO,0,42,38,2340,84.448333
BASE,COLAPSO_LOGISTICO-NORMAL-N01,GENETICO,0,42,39,2400,84.448333
BASE,COLAPSO_LOGISTICO-NORMAL-N01,GENETICO,0,42,40,2460,84.448333
BASE,COLAPSO_LOGISTICO-NORMAL-N01,GENETICO,0,42,41,2520,84.448333
BASE,COLAPSO_LOGISTICO-NORMAL-N01,GENETICO,0,42,42,2580,84.448333
BASE,COLAPSO_LOGISTICO-NORMAL-N01,GENETICO,0,42,43,2640,84.448333
BASE,COLAPSO_LOGISTICO-NORMAL-N01,GENETICO,0,42,44,2700,84.448333
BASE,COLAPSO_LOGISTICO-NORMAL-N01,GENETICO,0,42,45,2760,84.448333
BASE,COLAPSO_LOGISTICO-NORMAL-N01,GENETICO,0,42,46,2820,84.448333
BASE,COLAPSO_LOGISTICO-NORMAL-N01,GENETICO,0,42,47,2880,84.448333
BASE,COLAPSO_LOGISTICO-NORMAL-N01,GENETICO,0,42,48,2940,84.448333
BASE,COLAPSO_LOGISTICO-NORMAL-N01,GENETICO,0,42,49,3000,84.448333
BASE,COLAPSO_LOGISTICO-NORMAL-N01,GENETICO,0,42,50,3060,84.448333
BASE,COLAPSO_LOGISTICO-NORMAL-N01,GENETICO,0,42,51,3120,84.448333
BASE,COLAPSO_LOGISTICO-NORMAL-N01,GENETICO,0,42,52,3180,84.448333
BASE,COLAPSO_LOGISTICO-NORMAL-N01,GENETICO,0,42,53,3240,84.448333
BASE,COLAPSO_LOGISTICO-NORMAL-N01,GENETICO,0,42,54,3300,84.448333
BASE,COLAPSO_LOGISTICO-NORMAL-N01,GENETICO,0,42,55,3360,84.448333
BASE,COLAPSO_LOGISTICO-NORMAL-N01,GENETICO,0,42,56,3420,84.448333
BASE,COLAPSO_LOGISTICO-NORMAL-N01,GENETICO,0,42,57,3480,84.448333
BASE,COLAPSO_LOGISTICO-NORMAL-N01,GENETICO,0,42,58,3540,84.448333
BASE,COLAPSO_LOGISTICO-NORMAL-N01,GENETICO,0,42,59,3600,84.448333
BASE,COLAPSO_LOGISTICO-NORMAL-N01,GENETICO,0,42,60,3660,84.448333
BASE,COLAPSO_LOGISTICO-NORMAL-N01,GENETICO,0,42,61,3720,84.448333
BASE,COLAPSO_LOGISTICO-NORMAL-N01,GENETICO,0,42,62,3780,84.448333
BASE,COLAPSO_LOGISTICO-NORMAL-N01,GENETICO,0,42,63,3840,84.448333
BASE,COLAPSO_LOGISTICO-NORMAL-N01,GENETICO,0,42,64,3900,84.448333
BASE,COLAPSO_LOGISTICO-NORMAL-N01,GENETICO,0,42,65,3960,84.448333
BASE,COLAPSO_LOGISTICO-NORMAL-N01,GENETICO,0,42,66,4020,84.448333
BASE,COLAPSO_LOGISTICO-NORMAL-N01,GENETICO,0,42,67,4080,84.448333
BASE,COLAPSO_LOGISTICO-NORMAL-N01,GENETICO,0,42,68,4140,84.448333
BASE,COLAPSO_LOGISTICO-NORMAL-N01,GENETICO,0,42,69,4200,84.448333
BASE,COLAPSO_LOGISTICO-NORMAL-N01,GENETICO,0,42,70,4260,84.448333
BASE,COLAPSO_LOGISTICO-NORMAL-N01,GENETICO,0,42,71,4320,84.448333
BASE,COLAPSO_LOGISTICO-NORMAL-N01,GENETICO,0,42,72,4380,84.448333
BASE,COLAPSO_LOGISTICO-NORMAL-N01,GENETICO,0,42,73,4440,84.448333
BASE,COLAPSO_LOGISTICO-NORMAL-N01,GENETICO,0,42,74,4500,84.448333
BASE,COLAPSO_LOGISTICO-NORMAL-N01,GENETICO,0,42,75,4560,84.448333
BASE,COLAPSO_LOGISTICO-NORMAL-N01,GENETICO,0,42,76,4620,84.448333
BASE,COLAPSO_LOGISTICO-NORMAL-N01,GENETICO,0,42,77,4680,84.448333
BASE,COLAPSO_LOGISTICO-NORMAL-N01,GENETICO,0,42,78,4740,84.448333
BASE,COLAPSO_LOGISTICO-NORMAL-N01,GENETICO,0,42,79,4800,84.448333
BASE,COLAPSO_LOGISTICO-NORMAL-N01,GENETICO,0,42,80,4860,84.448333
BASE,COLAPSO_LOGISTICO-NORMAL-N01,GENETICO,0,42,81,4920,84.448333
BASE,COLAPSO_LOGISTICO-NORMAL-N01,GENETICO,0,42,82,4980,84.448333
BASE,COLAPSO_LOGISTICO-NORMAL-N01,GENETICO,0,42,83,5040,84.448333
BASE,COLAPSO_LOGISTICO-NORMAL-N01,GENETICO,0,42,84,5100,84.448333
BASE,COLAPSO_LOGISTICO-NORMAL-N01,GENETICO,0,42,85,5160,84.448333
BASE,COLAPSO_LOGISTICO-NORMAL-N01,GENETICO,0,42,86,5220,84.448333
BASE,COLAPSO_LOGISTICO-NORMAL-N01,GENETICO,0,42,87,5280,84.448333
BASE,COLAPSO_LOGISTICO-NORMAL-N01,GENETICO,0,42,88,5340,84.448333
BASE,COLAPSO_LOGISTICO-NORMAL-N01,GENETICO,0,42,89,5400,84.448333
BASE,COLAPSO_LOGISTICO-NORMAL-N01,GENETICO,0,42,90,5460,84.448333
BASE,COLAPSO_LOGISTICO-NORMAL-N01,GENETICO,0,42,91,5520,84.448333
BASE,COLAPSO_LOGISTICO-NORMAL-N01,GENETICO,0,42,92,5580,84.448333
BASE,COLAPSO_LOGISTICO-NORMAL-N01,GENETICO,0,42,93,5640,84.448333
BASE,COLAPSO_LOGISTICO-NORMAL-N01,GENETICO,0,42,94,5700,84.448333
BASE,COLAPSO_LOGISTICO-NORMAL-N01,GENETICO,0,42,95,5760,84.448333
BASE,COLAPSO_LOGISTICO-NORMAL-N01,GENETICO,0,42,96,5820,84.448333
BASE,COLAPSO_LOGISTICO-NORMAL-N01,GENETICO,0,42,97,5880,84.448333
BASE,COLAPSO_LOGISTICO-NORMAL-N01,GENETICO,0,42,98,5940,84.448333
BASE,COLAPSO_LOGISTICO-NORMAL-N01,GENETICO,0,42,99,6000,84.448333
BASE,COLAPSO_LOGISTICO-NORMAL-N01,GENETICO,0,42,100,6060,84.448333
BASE,COLAPSO_LOGISTICO-NORMAL-N01,GENETICO,0,42,101,6120,84.448333
BASE,COLAPSO_LOGISTICO-NORMAL-N01,GENETICO,0,42,102,6180,84.448333
BASE,COLAPSO_LOGISTICO-NORMAL-N01,GENETICO,0,42,103,6240,84.448333
BASE,COLAPSO_LOGISTICO-NORMAL-N01,GENETICO,0,42,104,6300,84.448333
BASE,COLAPSO_LOGISTICO-NORMAL-N01,GENETICO,0,42,105,6360,84.448333
BASE,COLAPSO_LOGISTICO-NORMAL-N01,GENETICO,0,42,106,6420,84.448333
BASE,COLAPSO_LOGISTICO-NORMAL-N01,GENETICO,0,42,107,6480,84.448333
BASE,COLAPSO_LOGISTICO-NORMAL-N01,GENETICO,0,42,108,6540,84.448333
BASE,COLAPSO_LOGISTICO-NORMAL-N01,GENETICO,0,42,109,6600,84.448333
BASE,COLAPSO_LOGISTICO-NORMAL-N01,GENETICO,0,42,110,6660,84.448333
BASE,COLAPSO_LOGISTICO-NORMAL-N01,GENETICO,0,42,111,6720,84.448333
BASE,COLAPSO_LOGISTICO-NORMAL-N01,GENETICO,0,42,112,6780,84.448333
BASE,COLAPSO_LOGISTICO-NORMAL-N01,GENETICO,0,42,113,6840,84.448333
BASE,COLAPSO_LOGISTICO-NORMAL-N01,GENETICO,0,42,114,6900,84.448333
BASE,COLAPSO_LOGISTICO-NORMAL-N01,GENETICO,0,42,115,6960,84.448333
BASE,COLAPSO_LOGISTICO-NORMAL-N01,GENETICO,0,42,116,7020,84.448333
BASE,COLAPSO_LOGISTICO-NORMAL-N01,GENETICO,0,42,117,7080,84.448333
BASE,COLAPSO_LOGISTICO-NORMAL-N01,GENETICO,0,42,118,7140,84.448333
BASE,COLAPSO_LOGISTICO-NORMAL-N01,GENETICO,0,42,119,7200,84.448333
BASE,COLAPSO_LOGISTICO-NORMAL-N01,GENETICO,0,42,120,7260,84.448333
BASE,COLAPSO_LOGISTICO-NORMAL-N01,GENETICO,0,42,121,7320,84.448333
BASE,COLAPSO_LOGISTICO-NORMAL-N01,GENETICO,0,42,122,7380,84.448333
BASE,COLAPSO_LOGISTICO-NORMAL-N01,GENETICO,0,42,123,7440,84.448333
BASE,COLAPSO_LOGISTICO-NORMAL-N01,GENETICO,0,42,124,7500,84.448333
BASE,COLAPSO_LOGISTICO-NORMAL-N01,GENETICO,0,42,125,7560,84.448333
BASE,COLAPSO_LOGISTICO-NORMAL-N01,GENETICO,0,42,126,7620,84.448333
BASE,COLAPSO_LOGISTICO-NORMAL-N01,GENETICO,0,42,127,7680,84.448333
BASE,COLAPSO_LOGISTICO-NORMAL-N01,GENETICO,0,42,128,7740,84.448333
BASE,COLAPSO_LOGISTICO-NORMAL-N01,GENETICO,0,42,129,7800,84.448333
BASE,COLAPSO_LOGISTICO-NORMAL-N01,GENETICO,0,42,130,7860,84.448333
BASE,COLAPSO_LOGISTICO-NORMAL-N01,GENETICO,0,42,131,7920,84.448333
BASE,COLAPSO_LOGISTICO-NORMAL-N01,GENETICO,0,42,132,7980,84.448333
BASE,COLAPSO_LOGISTICO-NORMAL-N01,GENETICO,0,42,133,8040,84.448333
BASE,COLAPSO_LOGISTICO-NORMAL-N01,GENETICO,0,42,134,8100,84.448333
BASE,COLAPSO_LOGISTICO-NORMAL-N01,GENETICO,0,42,135,8160,84.448333
BASE,COLAPSO_LOGISTICO-NORMAL-N01,GENETICO,0,42,136,8220,84.448333
BASE,COLAPSO_LOGISTICO-NORMAL-N01,GENETICO,0,42,137,8280,84.448333
BASE,COLAPSO_LOGISTICO-NORMAL-N01,GENETICO,0,42,138,8340,84.448333
BASE,COLAPSO_LOGISTICO-NORMAL-N01,GENETICO,0,42,139,8400,84.448333
BASE,COLAPSO_LOGISTICO-NORMAL-N01,GENETICO,0,42,140,8460,84.448333
BASE,COLAPSO_LOGISTICO-NORMAL-N01,GENETICO,0,42,141,8520,84.448333
BASE,COLAPSO_LOGISTICO-NORMAL-N01,GENETICO,0,42,142,8580,84.448333
BASE,COLAPSO_LOGISTICO-NORMAL-N01,GENETICO,0,42,143,8640,84.448333
BASE,COLAPSO_LOGISTICO-NORMAL-N01,GENETICO,0,42,144,8700,84.448333
BASE,COLAPSO_LOGISTICO-NORMAL-N01,GENETICO,0,42,145,8760,84.448333
BASE,COLAPSO_LOGISTICO-NORMAL-N01,GENETICO,0,42,146,8820,84.448333
BASE,COLAPSO_LOGISTICO-NORMAL-N01,GENETICO,0,42,147,8880,84.448333
BASE,COLAPSO_LOGISTICO-NORMAL-N01,GENETICO,0,42,148,8940,84.448333
BASE,COLAPSO_LOGISTICO-NORMAL-N01,GENETICO,0,42,149,9000,84.448333
BASE,COLAPSO_LOGISTICO-NORMAL-N01,GENETICO,0,42,150,9060,84.448333
BASE,COLAPSO_LOGISTICO-NORMAL-N01,RECOCIDO_SIMULADO,0,42,0,101,86.263333
BASE,COLAPSO_LOGISTICO-NORMAL-N01,RECOCIDO_SIMULADO,0,42,1,141,86.263333
BASE,COLAPSO_LOGISTICO-NORMAL-N01,RECOCIDO_SIMULADO,0,42,2,181,86.263333
BASE,COLAPSO_LOGISTICO-NORMAL-N01,RECOCIDO_SIMULADO,0,42,3,221,86.263333
BASE,COLAPSO_LOGISTICO-NORMAL-N01,RECOCIDO_SIMULADO,0,42,4,261,86.263333
BASE,COLAPSO_LOGISTICO-NORMAL-N01,RECOCIDO_SIMULADO,0,42,5,301,86.263333
BASE,COLAPSO_LOGISTICO-NORMAL-N01,RECOCIDO_SIMULADO,0,42,6,341,86.263333
BASE,COLAPSO_LOGISTICO-NORMAL-N01,RECOCIDO_SIMULADO,0,42,7,381,86.263333
BASE,COLAPSO_LOGISTICO-NORMAL-N01,RECOCIDO_SIMULADO,0,42,8,421,86.263333
BASE,COLAPSO_LOGISTICO-NORMAL-N01,RECOCIDO_SIMULADO,0,42,9,461,86.263333
BASE,COLAPSO_LOGISTICO-NORMAL-N01,RECOCIDO_SIMULADO,0,42,10,501,86.263333
BASE,COLAPSO_LOGISTICO-NORMAL-N01,RECOCIDO_SIMULADO,0,42,11,541,86.263333
BASE,COLAPSO_LOGISTICO-NORMAL-N01,RECOCIDO_SIMULADO,0,42,12,581,86.263333
BASE,COLAPSO_LOGISTICO-NORMAL-N01,RECOCIDO_SIMULADO,0,42,13,621,86.263333
BASE,COLAPSO_LOGISTICO-NORMAL-N01,RECOCIDO_SIMULADO,0,42,14,661,86.263333
BASE,COLAPSO_LOGISTICO-NORMAL-N01,RECOCIDO_SIMULADO,0,42,15,701,86.263333
BASE,COLAPSO_LOGISTICO-NORMAL-N01,RECOCIDO_SIMULADO,0,42,16,741,86.263333
BASE,COLAPSO_LOGISTICO-NORMAL-N01,RECOCIDO_SIMULADO,0,42,17,781,86.263333
BASE,COLAPSO_LOGISTICO-NORMAL-N01,RECOCIDO_SIMULADO,0,42,18,821,86.263333
BASE,COLAPSO_LOGISTICO-NORMAL-N01,RECOCIDO_SIMULADO,0,42,19,861,86.263333
BASE,COLAPSO_LOGISTICO-NORMAL-N01,RECOCIDO_SIMULADO,1,43,0,101,86.263333
BASE,COLAPSO_LOGISTICO-NORMAL-N01,RECOCIDO_SIMULADO,1,43,1,141,86.263333
BASE,COLAPSO_LOGISTICO-NORMAL-N01,RECOCIDO_SIMULADO,1,43,2,181,86.263333
BASE,COLAPSO_LOGISTICO-NORMAL-N01,RECOCIDO_SIMULADO,1,43,3,221,86.263333
BASE,COLAPSO_LOGISTICO-NORMAL-N01,RECOCIDO_SIMULADO,1,43,4,261,86.263333
BASE,COLAPSO_LOGISTICO-NORMAL-N01,RECOCIDO_SIMULADO,1,43,5,301,86.263333
BASE,COLAPSO_LOGISTICO-NORMAL-N01,RECOCIDO_SIMULADO,1,43,6,341,86.263333
BASE,COLAPSO_LOGISTICO-NORMAL-N01,RECOCIDO_SIMULADO,1,43,7,381,86.263333
BASE,COLAPSO_LOGISTICO-NORMAL-N01,RECOCIDO_SIMULADO,1,43,8,421,86.263333
BASE,COLAPSO_LOGISTICO-NORMAL-N01,RECOCIDO_SIMULADO,1,43,9,461,86.263333
BASE,COLAPSO_LOGISTICO-NORMAL-N01,RECOCIDO_SIMULADO,1,43,10,501,86.263333
BASE,COLAPSO_LOGISTICO-NORMAL-N01,RECOCIDO_SIMULADO,1,43,11,541,86.263333
BASE,COLAPSO_LOGISTICO-NORMAL-N01,RECOCIDO_SIMULADO,1,43,12,581,86.263333
BASE,COLAPSO_LOGISTICO-NORMAL-N01,RECOCIDO_SIMULADO,1,43,13,621,86.263333
BASE,COLAPSO_LOGISTICO-NORMAL-N01,RECOCIDO_SIMULADO,1,43,14,661,86.263333
BASE,COLAPSO_LOGISTICO-NORMAL-N01,RECOCIDO_SIMULADO,1,43,15,701,86.263333
BASE,COLAPSO_LOGISTICO-NORMAL-N01,RECOCIDO_SIMULADO,1,43,16,741,86.263333
BASE,COLAPSO_LOGISTICO-NORMAL-N01,RECOCIDO_SIMULADO,1,43,17,781,86.263333
BASE,COLAPSO_LOGISTICO-NORMAL-N01,GENETICO,1,43,0,60,85.628333
BASE,COLAPSO_LOGISTICO-NORMAL-N01,GENETICO,1,43,1,120,85.273333
BASE,COLAPSO_LOGISTICO-NORMAL-N01,GENETICO,1,43,2,180,85.003333
BASE,COLAPSO_LOGISTICO-NORMAL-N01,GENETICO,1,43,3,240,85.003333
BASE,COLAPSO_LOGISTICO-NORMAL-N01,GENETICO,1,43,4,300,84.988333
BASE,COLAPSO_LOGISTICO-NORMAL-N01,GENETICO,1,43,5,360,84.943333
BASE,COLAPSO_LOGISTICO-NORMAL-N01,GENETICO,1,43,6,420,84.778333
BASE,COLAPSO_LOGISTICO-NORMAL-N01,GENETICO,1,43,7,480,84.778333
BASE,COLAPSO_LOGISTICO-NORMAL-N01,GENETICO,1,43,8,540,84.778333
BASE,COLAPSO_LOGISTICO-NORMAL-N01,GENETICO,1,43,9,600,84.763333
BASE,COLAPSO_LOGISTICO-NORMAL-N01,GENETICO,1,43,10,660,84.763333
BASE,COLAPSO_LOGISTICO-NORMAL-N01,GENETICO,1,43,11,720,84.763333
BASE,COLAPSO_LOGISTICO-NORMAL-N01,GENETICO,1,43,12,780,84.763333
BASE,COLAPSO_LOGISTICO-NORMAL-N01,GENETICO,1,43,13,840,84.703333
BASE,COLAPSO_LOGISTICO-NORMAL-N01,GENETICO,1,43,14,900,84.703333
BASE,COLAPSO_LOGISTICO-NORMAL-N01,GENETICO,1,43,15,960,84.703333
BASE,COLAPSO_LOGISTICO-NORMAL-N01,GENETICO,1,43,16,1020,84.703333
BASE,COLAPSO_LOGISTICO-NORMAL-N01,GENETICO,1,43,17,1080,84.703333
BASE,COLAPSO_LOGISTICO-NORMAL-N01,GENETICO,1,43,18,1140,84.703333
BASE,COLAPSO_LOGISTICO-NORMAL-N01,GENETICO,1,43,19,1200,84.703333
BASE,COLAPSO_LOGISTICO-NORMAL-N01,GENETICO,1,43,20,1260,84.703333
BASE,COLAPSO_LOGISTICO-NORMAL-N01,GENETICO,1,43,21,1320,84.703333
BASE,COLAPSO_LOGISTICO-NORMAL-N01,GENETICO,1,43,22,1380,84.673333
BASE,COLAPSO_LOGISTICO-NORMAL-N01,GENETICO,1,43,23,1440,84.673333
BASE,COLAPSO_LOGISTICO-NORMAL-N01,GENETICO,1,43,24,1500,84.673333
BASE,COLAPSO_LOGISTICO-NORMAL-N01,GENETICO,1,43,25,1560,84.673333
BASE,COLAPSO_LOGISTICO-NORMAL-N01,GENETICO,1,43,26,1620,84.673333
BASE,COLAPSO_LOGISTICO-NORMAL-N01,GENETICO,1,43,27,1680,84.673333
BASE,COLAPSO_LOGISTICO-NORMAL-N01,GENETICO,1,43,28,1740,84.673333
BASE,COLAPSO_LOGISTICO-NORMAL-N01,GENETICO,1,43,29,1800,84.673333
BASE,COLAPSO_LOGISTICO-NORMAL-N01,GENETICO,1,43,30,1860,84.673333
BASE,COLAPSO_LOGISTICO-NORMAL-N01,GENETICO,1,43,31,1920,84.673333
BASE,COLAPSO_LOGISTICO-NORMAL-N01,GENETICO,1,43,32,1980,84.673333
BASE,COLAPSO_LOGISTICO-NORMAL-N01,GENETICO,1,43,33,2040,84.673333
BASE,COLAPSO_LOGISTICO-NORMAL-N01,GENETICO,1,43,34,2100,84.673333
BASE,COLAPSO_LOGISTICO-NORMAL-N01,GENETICO,1,43,35,2160,84.673333
BASE,COLAPSO_LOGISTICO-NORMAL-N01,GENETICO,1,43,36,2220,84.463333
BASE,COLAPSO_LOGISTICO-NORMAL-N01,GENETICO,1,43,37,2280,84.463333
BASE,COLAPSO_LOGISTICO-NORMAL-N01,GENETICO,1,43,38,2340,84.463333
BASE,COLAPSO_LOGISTICO-NORMAL-N01,GENETICO,1,43,39,2400,84.463333
BASE,COLAPSO_LOGISTICO-NORMAL-N01,GENETICO,1,43,40,2460,84.463333
BASE,COLAPSO_LOGISTICO-NORMAL-N01,GENETICO,1,43,41,2520,84.463333
BASE,COLAPSO_LOGISTICO-NORMAL-N01,GENETICO,1,43,42,2580,84.463333
BASE,COLAPSO_LOGISTICO-NORMAL-N01,GENETICO,1,43,43,2640,84.463333
BASE,COLAPSO_LOGISTICO-NORMAL-N01,GENETICO,1,43,44,2700,84.463333
BASE,COLAPSO_LOGISTICO-NORMAL-N01,GENETICO,1,43,45,2760,84.463333
BASE,COLAPSO_LOGISTICO-NORMAL-N01,GENETICO,1,43,46,2820,84.463333
BASE,COLAPSO_LOGISTICO-NORMAL-N01,GENETICO,1,43,47,2880,84.463333
BASE,COLAPSO_LOGISTICO-NORMAL-N01,GENETICO,1,43,48,2940,84.463333
BASE,COLAPSO_LOGISTICO-NORMAL-N01,GENETICO,1,43,49,3000,84.463333
BASE,COLAPSO_LOGISTICO-NORMAL-N01,GENETICO,1,43,50,3060,84.463333
BASE,COLAPSO_LOGISTICO-NORMAL-N01,GENETICO,1,43,51,3120,84.463333
BASE,COLAPSO_LOGISTICO-NORMAL-N01,GENETICO,1,43,52,3180,84.463333
BASE,COLAPSO_LOGISTICO-NORMAL-N01,GENETICO,1,43,53,3240,84.463333
BASE,COLAPSO_LOGISTICO-NORMAL-N01,GENETICO,1,43,54,3300,84.463333
BASE,COLAPSO_LOGISTICO-NORMAL-N01,GENETICO,1,43,55,3360,84.463333
BASE,COLAPSO_LOGISTICO-NORMAL-N01,GENETICO,1,43,56,3420,84.463333
BASE,COLAPSO_LOGISTICO-NORMAL-N01,GENETICO,1,43,57,3480,84.463333
BASE,COLAPSO_LOGISTICO-NORMAL-N01,GENETICO,1,43,58,3540,84.463333
BASE,COLAPSO_LOGISTICO-NORMAL-N01,GENETICO,1,43,59,3600,84.463333
BASE,COLAPSO_LOGISTICO-NORMAL-N01,GENETICO,1,43,60,3660,84.463333
BASE,COLAPSO_LOGISTICO-NORMAL-N01,GENETICO,1,43,61,3720,84.463333
BASE,COLAPSO_LOGISTICO-NORMAL-N01,GENETICO,1,43,62,3780,84.463333
BASE,COLAPSO_LOGISTICO-NORMAL-N01,GENETICO,1,43,63,3840,84.463333
BASE,COLAPSO_LOGISTICO-NORMAL-N01,GENETICO,1,43,64,3900,84.463333
BASE,COLAPSO_LOGISTICO-NORMAL-N01,GENETICO,1,43,65,3960,84.463333
BASE,COLAPSO_LOGISTICO-NORMAL-N01,GENETICO,1,43,66,4020,84.463333
BASE,COLAPSO_LOGISTICO-NORMAL-N01,GENETICO,1,43,67,4080,84.463333
BASE,COLAPSO_LOGISTICO-NORMAL-N01,GENETICO,1,43,68,4140,84.463333
BASE,COLAPSO_LOGISTICO-NORMAL-N01,GENETICO,1,43,69,4200,84.463333
BASE,COLAPSO_LOGISTICO-NORMAL-N01,GENETICO,1,43,70,4260,84.463333
BASE,COLAPSO_LOGISTICO-NORMAL-N01,GENETICO,1,43,71,4320,84.463333
BASE,COLAPSO_LOGISTICO-NORMAL-N01,GENETICO,1,43,72,4380,84.463333
BASE,COLAPSO_LOGISTICO-NORMAL-N01,GENETICO,1,43,73,4440,84.463333
BASE,COLAPSO_LOGISTICO-NORMAL-N01,GENETICO,1,43,74,4500,84.463333
BASE,COLAPSO_LOGISTICO-NORMAL-N01,GENETICO,1,43,75,4560,84.463333
BASE,COLAPSO_LOGISTICO-NORMAL-N01,GENETICO,1,43,76,4620,84.463333
BASE,COLAPSO_LOGISTICO-NORMAL-N01,GENETICO,1,43,77,4680,84.463333
BASE,COLAPSO_LOGISTICO-NORMAL-N01,GENETICO,1,43,78,4740,84.463333
BASE,COLAPSO_LOGISTICO-NORMAL-N01,GENETICO,1,43,79,4800,84.463333
BASE,COLAPSO_LOGISTICO-NORMAL-N01,GENETICO,1,43,80,4860,84.463333
BASE,COLAPSO_LOGISTICO-NORMAL-N01,GENETICO,1,43,81,4920,84.463333
BASE,COLAPSO_LOGISTICO-NORMAL-N01,GENETICO,1,43,82,4980,84.463333
BASE,COLAPSO_LOGISTICO-NORMAL-N01,GENETICO,1,43,83,5040,84.463333
BASE,COLAPSO_LOGISTICO-NORMAL-N01,GENETICO,1,43,84,5100,84.463333
BASE,COLAPSO_LOGISTICO-NORMAL-N01,GENETICO,1,43,85,5160,84.463333
BASE,COLAPSO_LOGISTICO-NORMAL-N01,GENETICO,1,43,86,5220,84.463333
BASE,COLAPSO_LOGISTICO-NORMAL-N01,GENETICO,1,43,87,5280,84.463333
BASE,COLAPSO_LOGISTICO-NORMAL-N01,GENETICO,1,43,88,5340,84.463333
BASE,COLAPSO_LOGISTICO-NORMAL-N01,GENETICO,1,43,89,5400,84.463333
BASE,COLAPSO_LOGISTICO-NORMAL-N01,GENETICO,1,43,90,5460,84.463333
BASE,COLAPSO_LOGISTICO-NORMAL-N01,GENETICO,1,43,91,5520,84.463333
BASE,COLAPSO_LOGISTICO-NORMAL-N01,GENETICO,1,43,92,5580,84.463333
BASE,COLAPSO_LOGISTICO-NORMAL-N01,GENETICO,1,43,93,5640,84.463333
BASE,COLAPSO_LOGISTICO-NORMAL-N01,GENETICO,1,43,94,5700,84.463333
BASE,COLAPSO_LOGISTICO-NORMAL-N01,GENETICO,1,43,95,5760,84.463333
BASE,COLAPSO_LOGISTICO-NORMAL-N01,GENETICO,1,43,96,5820,84.463333
BASE,COLAPSO_LOGISTICO-NORMAL-N01,GENETICO,1,43,97,5880,84.463333
BASE,COLAPSO_LOGISTICO-NORMAL-N01,GENETICO,1,43,98,5940,84.463333
BASE,COLAPSO_LOGISTICO-NORMAL-N01,GENETICO,1,43,99,6000,84.463333
BASE,COLAPSO_LOGISTICO-NORMAL-N01,GENETICO,1,43,100,6060,84.463333
BASE,COLAPSO_LOGISTICO-NORMAL-N01,GENETICO,1,43,101,6120,84.463333
BASE,COLAPSO_LOGISTICO-NORMAL-N01,GENETICO,1,43,102,6180,84.463333
BASE,COLAPSO_LOGISTICO-NORMAL-N01,GENETICO,1,43,103,6240,84.463333
BASE,COLAPSO_LOGISTICO-NORMAL-N01,GENETICO,1,43,104,6300,84.463333
BASE,COLAPSO_LOGISTICO-NORMAL-N01,GENETICO,1,43,105,6360,84.463333
BASE,COLAPSO_LOGISTICO-NORMAL-N01,GENETICO,1,43,106,6420,84.463333
BASE,COLAPSO_LOGISTICO-NORMAL-N01,GENETICO,1,43,107,6480,84.463333
BASE,COLAPSO_LOGISTICO-NORMAL-N01,GENETICO,1,43,108,6540,84.463333
BASE,COLAPSO_LOGISTICO-NORMAL-N01,GENETICO,1,43,109,6600,84.463333
BASE,COLAPSO_LOGISTICO-NORMAL-N01,GENETICO,1,43,110,6660,84.463333
BASE,COLAPSO_LOGISTICO-NORMAL-N01,GENETICO,1,43,111,6720,84.463333
BASE,COLAPSO_LOGISTICO-NORMAL-N01,GENETICO,1,43,112,6780,84.463333
BASE,COLAPSO_LOGISTICO-NORMAL-N01,GENETICO,1,43,113,6840,84.463333
BASE,COLAPSO_LOGISTICO-NORMAL-N01,GENETICO,1,43,114,6900,84.463333
BASE,COLAPSO_LOGISTICO-NORMAL-N01,GENETICO,1,43,115,6960,84.463333
BASE,COLAPSO_LOGISTICO-NORMAL-N01,GENETICO,1,43,116,7020,84.463333
BASE,COLAPSO_LOGISTICO-NORMAL-N01,GENETICO,1,43,117,7080,84.463333
BASE,COLAPSO_LOGISTICO-NORMAL-N01,GENETICO,1,43,118,7140,84.463333
BASE,COLAPSO_LOGISTICO-NORMAL-N01,GENETICO,1,43,119,7200,84.463333
BASE,COLAPSO_LOGISTICO-NORMAL-N01,GENETICO,1,43,120,7260,84.463333
BASE,COLAPSO_LOGISTICO-NORMAL-N01,GENETICO,1,43,121,7320,84.463333
BASE,COLAPSO_LOGISTICO-NORMAL-N01,GENETICO,1,43,122,7380,84.463333
BASE,COLAPSO_LOGISTICO-NORMAL-N01,GENETICO,1,43,123,7440,84.463333
BASE,COLAPSO_LOGISTICO-NORMAL-N01,GENETICO,1,43,124,7500,84.463333
BASE,COLAPSO_LOGISTICO-NORMAL-N01,GENETICO,1,43,125,7560,84.463333
BASE,COLAPSO_LOGISTICO-NORMAL-N01,GENETICO,1,43,126,7620,84.463333
BASE,COLAPSO_LOGISTICO-NORMAL-N01,GENETICO,1,43,127,7680,84.463333
BASE,COLAPSO_LOGISTICO-NORMAL-N01,GENETICO,1,43,128,7740,84.463333
BASE,COLAPSO_LOGISTICO-NORMAL-N01,GENETICO,1,43,129,7800,84.463333
BASE,COLAPSO_LOGISTICO-NORMAL-N01,GENETICO,1,43,130,7860,84.463333
BASE,COLAPSO_LOGISTICO-NORMAL-N01,GENETICO,1,43,131,7920,84.463333
BASE,COLAPSO_LOGISTICO-NORMAL-N01,GENETICO,1,43,132,7980,84.463333
BASE,COLAPSO_LOGISTICO-NORMAL-N01,GENETICO,1,43,133,8040,84.463333
BASE,COLAPSO_LOGISTICO-NORMAL-N01,GENETICO,1,43,134,8100,84.463333
BASE,COLAPSO_LOGISTICO-NORMAL-N01,GENETICO,1,43,135,8160,84.463333
BASE,COLAPSO_LOGISTICO-NORMAL-N01,GENETICO,1,43,136,8220,84.463333
BASE,COLAPSO_LOGISTICO-NORMAL-N01,GENETICO,1,43,137,8280,84.463333
BASE,COLAPSO_LOGISTICO-NORMAL-N01,GENETICO,1,43,138,8340,84.463333
BASE,COLAPSO_LOGISTICO-NORMAL-N01,GENETICO,1,43,139,8400,84.463333
BASE,COLAPSO_LOGISTICO-NORMAL-N01,GENETICO,1,43,140,8460,84.463333
BASE,COLAPSO_LOGISTICO-NORMAL-N01,GENETICO,1,43,141,8520,84.463333
BASE,COLAPSO_LOGISTICO-NORMAL-N01,GENETICO,1,43,142,8580,84.463333
BASE,COLAPSO_LOGISTICO-NORMAL-N01,GENETICO,1,43,143,8640,84.463333
BASE,COLAPSO_LOGISTICO-NORMAL-N01,GENETICO,1,43,144,8700,84.463333
BASE,COLAPSO_LOGISTICO-NORMAL-N01,GENETICO,1,43,145,8760,84.463333
BASE,COLAPSO_LOGISTICO-NORMAL-N01,GENETICO,1,43,146,8820,84.463333
BASE,COLAPSO_LOGISTICO-NORMAL-N01,GENETICO,1,43,147,8880,84.463333
BASE,COLAPSO_LOGISTICO-NORMAL-N01,GENETICO,1,43,148,8940,84.463333
BASE,COLAPSO_LOGISTICO-NORMAL-N01,GENETICO,1,43,149,9000,84.463333
BASE,COLAPSO_LOGISTICO-NORMAL-N01,GENETICO,1,43,150,9060,84.463333
BASE,COLAPSO_LOGISTICO-ALTA-N01,GENETICO,0,42,0,60,298.736667
BASE,COLAPSO_LOGISTICO-ALTA-N01,GENETICO,0,42,1,120,298.176667
BASE,COLAPSO_LOGISTICO-ALTA-N01,GENETICO,0,42,2,180,297.791667
BASE,COLAPSO_LOGISTICO-ALTA-N01,GENETICO,0,42,3,240,297.751667
BASE,COLAPSO_LOGISTICO-ALTA-N01,GENETICO,0,42,4,300,297.605
BASE,COLAPSO_LOGISTICO-ALTA-N01,GENETICO,0,42,5,360,297.34
BASE,COLAPSO_LOGISTICO-ALTA-N01,GENETICO,0,42,6,420,296.796667
BASE,COLAPSO_LOGISTICO-ALTA-N01,GENETICO,0,42,7,480,296.796667
BASE,COLAPSO_LOGISTICO-ALTA-N01,GENETICO,0,42,8,540,296.796667
BASE,COLAPSO_LOGISTICO-ALTA-N01,GENETICO,0,42,9,600,295.246667
BASE,COLAPSO_LOGISTICO-ALTA-N01,GENETICO,0,42,10,660,295.05
BASE,COLAPSO_LOGISTICO-ALTA-N01,GENETICO,0,42,11,720,295.05
BASE,COLAPSO_LOGISTICO-ALTA-N01,GENETICO,0,42,12,780,294.068333
BASE,COLAPSO_LOGISTICO-ALTA-N01,GENETICO,0,42,13,840,294.068333
BASE,COLAPSO_LOGISTICO-ALTA-N01,GENETICO,0,42,14,900,294.068333
BASE,COLAPSO_LOGISTICO-ALTA-N01,GENETICO,0,42,15,960,294.068333
BASE,COLAPSO_LOGISTICO-ALTA-N01,GENETICO,0,42,16,1020,293.985
BASE,COLAPSO_LOGISTICO-ALTA-N01,GENETICO,0,42,17,1080,293.945
BASE,COLAPSO_LOGISTICO-ALTA-N01,GENETICO,0,42,18,1140,293.421667
BASE,COLAPSO_LOGISTICO-ALTA-N01,GENETICO,0,42,19,1200,293.421667
BASE,COLAPSO_LOGISTICO-ALTA-N01,GENETICO,0,42,20,1260,293.221667
BASE,COLAPSO_LOGISTICO-ALTA-N01,GENETICO,0,42,21,1320,293.135
BASE,COLAPSO_LOGISTICO-ALTA-N01,GENETICO,0,42,22,1380,293.135
BASE,COLAPSO_LOGISTICO-ALTA-N01,GENETICO,0,42,23,1440,293.025
BASE,COLAPSO_LOGISTICO-ALTA-N01,GENETICO,0,42,24,1500,292.785
BASE,COLAPSO_LOGISTICO-ALTA-N01,GENETICO,0,42,25,1560,292.785
BASE,COLAPSO_LOGISTICO-ALTA-N01,GENETICO,0,42,26,1620,292.785
BASE,COLAPSO_LOGISTICO-ALTA-N01,GENETICO,0,42,27,1680,292.575
BASE,COLAPSO_LOGISTICO-ALTA-N01,GENETICO,0,42,28,1740,292.425
BASE,COLAPSO_LOGISTICO-ALTA-N01,GENETICO,0,42,29,1800,292.425
BASE,COLAPSO_LOGISTICO-ALTA-N01,GENETICO,0,42,30,1860,292.425
BASE,COLAPSO_LOGISTICO-ALTA-N01,GENETICO,0,42,31,1920,292.425
BASE,COLAPSO_LOGISTICO-ALTA-N01,GENETICO,0,42,32,1980,292.425
BASE,COLAPSO_LOGISTICO-ALTA-N01,GENETICO,0,42,33,2040,292.425
BASE,COLAPSO_LOGISTICO-ALTA-N01,GENETICO,0,42,34,2100,292.425
BASE,COLAPSO_LOGISTICO-ALTA-N01,GENETICO,0,42,35,2160,292.425
BASE,COLAPSO_LOGISTICO-ALTA-N01,GENETICO,0,42,36,2220,292.425
BASE,COLAPSO_LOGISTICO-ALTA-N01,GENETICO,0,42,37,2280,292.425
BASE,COLAPSO_LOGISTICO-ALTA-N01,GENETICO,0,42,38,2340,292.425
BASE,COLAPSO_LOGISTICO-ALTA-N01,GENETICO,0,42,39,2400,292.425
BASE,COLAPSO_LOGISTICO-ALTA-N01,GENETICO,0,42,40,2460,292.425
BASE,COLAPSO_LOGISTICO-ALTA-N01,GENETICO,0,42,41,2520,292.425
BASE,COLAPSO_LOGISTICO-ALTA-N01,GENETICO,0,42,42,2580,292.425
BASE,COLAPSO_LOGISTICO-ALTA-N01,GENETICO,0,42,43,2640,292.425
BASE,COLAPSO_LOGISTICO-ALTA-N01,GENETICO,0,42,44,2700,292.425
BASE,COLAPSO_LOGISTICO-ALTA-N01,GENETICO,0,42,45,2760,292.425
BASE,COLAPSO_LOGISTICO-ALTA-N01,GENETICO,0,42,46,2820,292.425
BASE,COLAPSO_LOGISTICO-ALTA-N01,GENETICO,0,42,47,2880,292.425
BASE,COLAPSO_LOGISTICO-ALTA-N01,GENETICO,0,42,48,2940,292.425
BASE,COLAPSO_LOGISTICO-ALTA-N01,GENETICO,0,42,49,3000,292.375
BASE,COLAPSO_LOGISTICO-ALTA-N01,GENETICO,0,42,50,3060,292.375
BASE,COLAPSO_LOGISTICO-ALTA-N01,GENETICO,0,42,51,3120,292.375
BASE,COLAPSO_LOGISTICO-ALTA-N01,GENETICO,0,42,52,3180,292.335
BASE,COLAPSO_LOGISTICO-ALTA-N01,GENETICO,0,42,53,3240,292.335
BASE,COLAPSO_LOGISTICO-ALTA-N01,GENETICO,0,42,54,3300,292.335
BASE,COLAPSO_LOGISTICO-ALTA-N01,GENETICO,0,42,55,3360,292.335
BASE,COLAPSO_LOGISTICO-ALTA-N01,GENETICO,0,42,56,3420,292.335
BASE,COLAPSO_LOGISTICO-ALTA-N01,GENETICO,0,42,57,3480,292.335
BASE,COLAPSO_LOGISTICO-ALTA-N01,GENETICO,0,42,58,3540,292.335
BASE,COLAPSO_LOGISTICO-ALTA-N01,GENETICO,0,42,59,3600,292.335
BASE,COLAPSO_LOGISTICO-ALTA-N01,GENETICO,0,42,60,3660,292.335
BASE,COLAPSO_LOGISTICO-ALTA-N01,GENETICO,0,42,61,3720,292.335
BASE,COLAPSO_LOGISTICO-ALTA-N01,GENETICO,0,42,62,3780,292.335
BASE,COLAPSO_LOGISTICO-ALTA-N01,GENETICO,0,42,63,3840,292.335
BASE,COLAPSO_LOGISTICO-ALTA-N01,GENETICO,0,42,64,3900,292.335
BASE,COLAPSO_LOGISTICO-ALTA-N01,GENETICO,0,42,65,3960,292.335
BASE,COLAPSO_LOGISTICO-ALTA-N01,GENETICO,0,42,66,4020,292.335
BASE,COLAPSO_LOGISTICO-ALTA-N01,GENETICO,0,42,67,4080,292.335
BASE,COLAPSO_LOGISTICO-ALTA-N01,GENETICO,0,42,68,4140,292.335
BASE,COLAPSO_LOGISTICO-ALTA-N01,GENETICO,0,42,69,4200,292.335
BASE,COLAPSO_LOGISTICO-ALTA-N01,GENETICO,0,42,70,4260,292.335
BASE,COLAPSO_LOGISTICO-ALTA-N01,GENETICO,0,42,71,4320,292.335
BASE,COLAPSO_LOGISTICO-ALTA-N01,GENETICO,0,42,72,4380,292.335
BASE,COLAPSO_LOGISTICO-ALTA-N01,GENETICO,0,42,73,4440,292.335
BASE,COLAPSO_LOGISTICO-ALTA-N01,GENETICO,0,42,74,4500,292.335
BASE,COLAPSO_LOGISTICO-ALTA-N01,GENETICO,0,42,75,4560,292.335
BASE,COLAPSO_LOGISTICO-ALTA-N01,GENETICO,0,42,76,4620,292.121667
BASE,COLAPSO_LOGISTICO-ALTA-N01,GENETICO,0,42,77,4680,292.121667
BASE,COLAPSO_LOGISTICO-ALTA-N01,GENETICO,0,42,78,4740,292.121667
BASE,COLAPSO_LOGISTICO-ALTA-N01,GENETICO,0,42,79,4800,292.121667
BASE,COLAPSO_LOGISTICO-ALTA-N01,GENETICO,0,42,80,4860,292.038333
BASE,COLAPSO_LOGISTICO-ALTA-N01,GENETICO,0,42,81,4920,292.038333
BASE,COLAPSO_LOGISTICO-ALTA-N01,GENETICO,0,42,82,4980,292.038333
BASE,COLAPSO_LOGISTICO-ALTA-N01,GENETICO,0,42,83,5040,292.038333
BASE,COLAPSO_LOGISTICO-ALTA-N01,GENETICO,0,42,84,5100,292.038333
BASE,COLAPSO_LOGISTICO-ALTA-N01,GENETICO,0,42,85,5160,292.038333
BASE,COLAPSO_LOGISTICO-ALTA-N01,GENETICO,0,42,86,5220,292.038333
BASE,COLAPSO_LOGISTICO-ALTA-N01,GENETICO,0,42,87,5280,292.038333
BASE,COLAPSO_LOGISTICO-ALTA-N01,GENETICO,0,42,88,5340,292.038333
BASE,COLAPSO_LOGISTICO-ALTA-N01,GENETICO,0,42,89,5400,292.038333
BASE,COLAPSO_LOGISTICO-ALTA-N01,GENETICO,0,42,90,5460,292.038333
BASE,COLAPSO_LOGISTICO-ALTA-N01,GENETICO,0,42,91,5520,292.038333
BASE,COLAPSO_LOGISTICO-ALTA-N01,GENETICO,0,42,92,5580,292.038333
BASE,COLAPSO_LOGISTICO-ALTA-N01,GENETICO,0,42,93,5640,292.038333
BASE,COLAPSO_LOGISTICO-ALTA-N01,GENETICO,0,42,94,5700,292.038333
BASE,COLAPSO_LOGISTICO-ALTA-N01,GENETICO,0,42,95,5760,292.038333
BASE,COLAPSO_LOGISTICO-ALTA-N01,GENETICO,0,42,96,5820,292.038333
BASE,COLAPSO_LOGISTICO-ALTA-N01,GENETICO,0,42,97,5880,291.993333
BASE,COLAPSO_LOGISTICO-ALTA-N01,GENETICO,0,42,98,5940,291.993333
BASE,COLAPSO_LOGISTICO-ALTA-N01,GENETICO,0,42,99,6000,291.993333
BASE,COLAPSO_LOGISTICO-ALTA-N01,GENETICO,0,42,100,6060,291.993333
BASE,COLAPSO_LOGISTICO-ALTA-N01,GENETICO,0,42,101,6120,291.993333
BASE,COLAPSO_LOGISTICO-ALTA-N01,GENETICO,0,42,102,6180,291.993333
BASE,COLAPSO_LOGISTICO-ALTA-N01,GENETICO,0,42,103,6240,291.993333
BASE,COLAPSO_LOGISTICO-ALTA-N01,GENETICO,0,42,104,6300,291.993333
BASE,COLAPSO_LOGISTICO-ALTA-N01,GENETICO,0,42,105,6360,291.993333
BASE,COLAPSO_LOGISTICO-ALTA-N01,GENETICO,0,42,106,6420,291.993333
BASE,COLAPSO_LOGISTICO-ALTA-N01,GENETICO,0,42,107,6480,291.993333
BASE,COLAPSO_LOGISTICO-ALTA-N01,GENETICO,0,42,108,6540,291.993333
BASE,COLAPSO_LOGISTICO-ALTA-N01,GENETICO,0,42,109,6600,291.993333
BASE,COLAPSO_LOGISTICO-ALTA-N01,GENETICO,0,42,110,6660,291.993333
BASE,COLAPSO_LOGISTICO-ALTA-N01,GENETICO,0,42,111,6720,291.993333
BASE,COLAPSO_LOGISTICO-ALTA-N01,GENETICO,0,42,112,6780,291.993333
BASE,COLAPSO_LOGISTICO-ALTA-N01,GENETICO,0,42,113,6840,291.993333
BASE,COLAPSO_LOGISTICO-ALTA-N01,GENETICO,0,42,114,6900,291.993333
BASE,COLAPSO_LOGISTICO-ALTA-N01,GENETICO,0,42,115,6960,291.993333
BASE,COLAPSO_LOGISTICO-ALTA-N01,GENETICO,0,42,116,7020,291.993333
BASE,COLAPSO_LOGISTICO-ALTA-N01,GENETICO,0,42,117,7080,291.993333
BASE,COLAPSO_LOGISTICO-ALTA-N01,GENETICO,0,42,118,7140,291.993333
BASE,COLAPSO_LOGISTICO-ALTA-N01,GENETICO,0,42,119,7200,291.993333
BASE,COLAPSO_LOGISTICO-ALTA-N01,GENETICO,0,42,120,7260,291.993333
BASE,COLAPSO_LOGISTICO-ALTA-N01,GENETICO,0,42,121,7320,291.993333
BASE,COLAPSO_LOGISTICO-ALTA-N01,GENETICO,0,42,122,7380,291.993333
BASE,COLAPSO_LOGISTICO-ALTA-N01,GENETICO,0,42,123,7440,291.993333
BASE,COLAPSO_LOGISTICO-ALTA-N01,GENETICO,0,42,124,7500,291.993333
BASE,COLAPSO_LOGISTICO-ALTA-N01,GENETICO,0,42,125,7560,291.993333
BASE,COLAPSO_LOGISTICO-ALTA-N01,GENETICO,0,42,126,7620,291.993333
BASE,COLAPSO_LOGISTICO-ALTA-N01,GENETICO,0,42,127,7680,291.993333
BASE,COLAPSO_LOGISTICO-ALTA-N01,GENETICO,0,42,128,7740,291.99
BASE,COLAPSO_LOGISTICO-ALTA-N01,GENETICO,0,42,129,7800,291.99
BASE,COLAPSO_LOGISTICO-ALTA-N01,GENETICO,0,42,130,7860,291.99
BASE,COLAPSO_LOGISTICO-ALTA-N01,GENETICO,0,42,131,7920,291.99
BASE,COLAPSO_LOGISTICO-ALTA-N01,GENETICO,0,42,132,7980,291.99
BASE,COLAPSO_LOGISTICO-ALTA-N01,GENETICO,0,42,133,8040,291.99
BASE,COLAPSO_LOGISTICO-ALTA-N01,GENETICO,0,42,134,8100,291.99
BASE,COLAPSO_LOGISTICO-ALTA-N01,GENETICO,0,42,135,8160,291.99
BASE,COLAPSO_LOGISTICO-ALTA-N01,GENETICO,0,42,136,8220,291.99
BASE,COLAPSO_LOGISTICO-ALTA-N01,GENETICO,0,42,137,8280,291.99
BASE,COLAPSO_LOGISTICO-ALTA-N01,GENETICO,0,42,138,8340,291.99
BASE,COLAPSO_LOGISTICO-ALTA-N01,GENETICO,0,42,139,8400,291.99
BASE,COLAPSO_LOGISTICO-ALTA-N01,GENETICO,0,42,140,8460,291.99
BASE,COLAPSO_LOGISTICO-ALTA-N01,GENETICO,0,42,141,8520,291.99
BASE,COLAPSO_LOGISTICO-ALTA-N01,GENETICO,0,42,142,8580,291.99
BASE,COLAPSO_LOGISTICO-ALTA-N01,GENETICO,0,42,143,8640,291.99
BASE,COLAPSO_LOGISTICO-ALTA-N01,GENETICO,0,42,144,8700,291.99
BASE,COLAPSO_LOGISTICO-ALTA-N01,GENETICO,0,42,145,8760,291.99
BASE,COLAPSO_LOGISTICO-ALTA-N01,GENETICO,0,42,146,8820,291.99
BASE,COLAPSO_LOGISTICO-ALTA-N01,GENETICO,0,42,147,8880,291.99
BASE,COLAPSO_LOGISTICO-ALTA-N01,GENETICO,0,42,148,8940,291.99
BASE,COLAPSO_LOGISTICO-ALTA-N01,GENETICO,0,42,149,9000,291.99
BASE,COLAPSO_LOGISTICO-ALTA-N01,GENETICO,0,42,150,9060,291.99
BASE,COLAPSO_LOGISTICO-ALTA-N01,RECOCIDO_SIMULADO,0,42,0,101,298.736667
BASE,COLAPSO_LOGISTICO-ALTA-N01,RECOCIDO_SIMULADO,0,42,1,141,298.736667
BASE,COLAPSO_LOGISTICO-ALTA-N01,RECOCIDO_SIMULADO,0,42,2,181,298.736667
BASE,COLAPSO_LOGISTICO-ALTA-N01,RECOCIDO_SIMULADO,0,42,3,221,298.736667
BASE,COLAPSO_LOGISTICO-ALTA-N01,RECOCIDO_SIMULADO,0,42,4,261,298.736667
BASE,COLAPSO_LOGISTICO-ALTA-N01,RECOCIDO_SIMULADO,0,42,5,301,298.736667
BASE,COLAPSO_LOGISTICO-ALTA-N01,RECOCIDO_SIMULADO,0,42,6,341,298.736667
BASE,COLAPSO_LOGISTICO-ALTA-N01,RECOCIDO_SIMULADO,0,42,7,381,298.736667
BASE,COLAPSO_LOGISTICO-ALTA-N01,RECOCIDO_SIMULADO,0,42,8,421,298.736667
BASE,COLAPSO_LOGISTICO-ALTA-N01,RECOCIDO_SIMULADO,0,42,9,461,298.736667
BASE,COLAPSO_LOGISTICO-ALTA-N01,RECOCIDO_SIMULADO,0,42,10,501,298.736667
BASE,COLAPSO_LOGISTICO-ALTA-N01,RECOCIDO_SIMULADO,0,42,11,541,298.736667
BASE,COLAPSO_LOGISTICO-ALTA-N01,RECOCIDO_SIMULADO,0,42,12,581,298.736667
BASE,COLAPSO_LOGISTICO-ALTA-N01,RECOCIDO_SIMULADO,0,42,13,621,298.736667
BASE,COLAPSO_LOGISTICO-ALTA-N01,RECOCIDO_SIMULADO,0,42,14,661,298.736667
BASE,COLAPSO_LOGISTICO-ALTA-N01,RECOCIDO_SIMULADO,0,42,15,701,298.736667
BASE,COLAPSO_LOGISTICO-ALTA-N01,RECOCIDO_SIMULADO,0,42,16,741,298.736667
BASE,COLAPSO_LOGISTICO-ALTA-N01,RECOCIDO_SIMULADO,0,42,17,781,298.736667
BASE,COLAPSO_LOGISTICO-ALTA-N01,RECOCIDO_SIMULADO,0,42,18,821,298.736667
BASE,COLAPSO_LOGISTICO-ALTA-N01,RECOCIDO_SIMULADO,0,42,19,861,298.736667
BASE,COLAPSO_LOGISTICO-ALTA-N01,RECOCIDO_SIMULADO,0,42,20,901,298.736667
BASE,COLAPSO_LOGISTICO-ALTA-N01,RECOCIDO_SIMULADO,0,42,21,941,298.736667
BASE,COLAPSO_LOGISTICO-ALTA-N01,RECOCIDO_SIMULADO,0,42,22,981,298.736667
BASE,COLAPSO_LOGISTICO-ALTA-N01,RECOCIDO_SIMULADO,0,42,23,1021,298.736667
BASE,COLAPSO_LOGISTICO-ALTA-N01,RECOCIDO_SIMULADO,0,42,24,1061,298.736667
BASE,COLAPSO_LOGISTICO-ALTA-N01,RECOCIDO_SIMULADO,0,42,25,1101,298.736667
BASE,COLAPSO_LOGISTICO-ALTA-N01,RECOCIDO_SIMULADO,0,42,26,1141,298.736667
BASE,COLAPSO_LOGISTICO-ALTA-N01,RECOCIDO_SIMULADO,0,42,27,1181,298.736667
BASE,COLAPSO_LOGISTICO-ALTA-N01,RECOCIDO_SIMULADO,0,42,28,1221,298.736667
BASE,COLAPSO_LOGISTICO-ALTA-N01,RECOCIDO_SIMULADO,0,42,29,1261,298.736667
BASE,COLAPSO_LOGISTICO-ALTA-N01,RECOCIDO_SIMULADO,0,42,30,1301,298.736667
BASE,COLAPSO_LOGISTICO-ALTA-N01,RECOCIDO_SIMULADO,0,42,31,1341,298.736667
BASE,COLAPSO_LOGISTICO-ALTA-N01,RECOCIDO_SIMULADO,0,42,32,1381,298.736667
BASE,COLAPSO_LOGISTICO-ALTA-N01,RECOCIDO_SIMULADO,0,42,33,1421,298.736667
BASE,COLAPSO_LOGISTICO-ALTA-N01,RECOCIDO_SIMULADO,0,42,34,1461,298.736667
BASE,COLAPSO_LOGISTICO-ALTA-N01,RECOCIDO_SIMULADO,0,42,35,1501,298.736667
BASE,COLAPSO_LOGISTICO-ALTA-N01,RECOCIDO_SIMULADO,0,42,36,1541,298.736667
BASE,COLAPSO_LOGISTICO-ALTA-N01,RECOCIDO_SIMULADO,0,42,37,1581,298.736667
BASE,COLAPSO_LOGISTICO-ALTA-N01,RECOCIDO_SIMULADO,0,42,38,1621,298.736667
BASE,COLAPSO_LOGISTICO-ALTA-N01,RECOCIDO_SIMULADO,0,42,39,1661,298.736667
BASE,COLAPSO_LOGISTICO-ALTA-N01,RECOCIDO_SIMULADO,0,42,40,1701,298.736667
BASE,COLAPSO_LOGISTICO-ALTA-N01,RECOCIDO_SIMULADO,0,42,41,1741,298.736667
BASE,COLAPSO_LOGISTICO-ALTA-N01,RECOCIDO_SIMULADO,0,42,42,1781,298.736667
BASE,COLAPSO_LOGISTICO-ALTA-N01,RECOCIDO_SIMULADO,0,42,43,1821,298.736667
BASE,COLAPSO_LOGISTICO-ALTA-N01,RECOCIDO_SIMULADO,0,42,44,1861,298.736667
BASE,COLAPSO_LOGISTICO-ALTA-N01,RECOCIDO_SIMULADO,0,42,45,1901,298.736667
BASE,COLAPSO_LOGISTICO-ALTA-N01,RECOCIDO_SIMULADO,1,43,0,101,298.736667
BASE,COLAPSO_LOGISTICO-ALTA-N01,RECOCIDO_SIMULADO,1,43,1,141,298.686667
BASE,COLAPSO_LOGISTICO-ALTA-N01,RECOCIDO_SIMULADO,1,43,2,181,298.686667
BASE,COLAPSO_LOGISTICO-ALTA-N01,RECOCIDO_SIMULADO,1,43,3,221,298.686667
BASE,COLAPSO_LOGISTICO-ALTA-N01,RECOCIDO_SIMULADO,1,43,4,261,298.686667
BASE,COLAPSO_LOGISTICO-ALTA-N01,RECOCIDO_SIMULADO,1,43,5,301,298.686667
BASE,COLAPSO_LOGISTICO-ALTA-N01,RECOCIDO_SIMULADO,1,43,6,341,298.686667
BASE,COLAPSO_LOGISTICO-ALTA-N01,RECOCIDO_SIMULADO,1,43,7,381,298.686667
BASE,COLAPSO_LOGISTICO-ALTA-N01,RECOCIDO_SIMULADO,1,43,8,421,298.686667
BASE,COLAPSO_LOGISTICO-ALTA-N01,RECOCIDO_SIMULADO,1,43,9,461,298.686667
BASE,COLAPSO_LOGISTICO-ALTA-N01,RECOCIDO_SIMULADO,1,43,10,501,298.686667
BASE,COLAPSO_LOGISTICO-ALTA-N01,RECOCIDO_SIMULADO,1,43,11,541,298.686667
BASE,COLAPSO_LOGISTICO-ALTA-N01,RECOCIDO_SIMULADO,1,43,12,581,298.686667
BASE,COLAPSO_LOGISTICO-ALTA-N01,RECOCIDO_SIMULADO,1,43,13,621,298.686667
BASE,COLAPSO_LOGISTICO-ALTA-N01,RECOCIDO_SIMULADO,1,43,14,661,298.686667
BASE,COLAPSO_LOGISTICO-ALTA-N01,RECOCIDO_SIMULADO,1,43,15,701,298.686667
BASE,COLAPSO_LOGISTICO-ALTA-N01,RECOCIDO_SIMULADO,1,43,16,741,298.686667
BASE,COLAPSO_LOGISTICO-ALTA-N01,RECOCIDO_SIMULADO,1,43,17,781,298.686667
BASE,COLAPSO_LOGISTICO-ALTA-N01,RECOCIDO_SIMULADO,1,43,18,821,298.686667
BASE,COLAPSO_LOGISTICO-ALTA-N01,RECOCIDO_SIMULADO,1,43,19,861,298.686667
BASE,COLAPSO_LOGISTICO-ALTA-N01,RECOCIDO_SIMULADO,1,43,20,901,298.686667
BASE,COLAPSO_LOGISTICO-ALTA-N01,RECOCIDO_SIMULADO,1,43,21,941,298.686667
BASE,COLAPSO_LOGISTICO-ALTA-N01,RECOCIDO_SIMULADO,1,43,22,981,298.686667
BASE,COLAPSO_LOGISTICO-ALTA-N01,RECOCIDO_SIMULADO,1,43,23,1021,298.686667
BASE,COLAPSO_LOGISTICO-ALTA-N01,RECOCIDO_SIMULADO,1,43,24,1061,298.686667
BASE,COLAPSO_LOGISTICO-ALTA-N01,RECOCIDO_SIMULADO,1,43,25,1101,298.686667
BASE,COLAPSO_LOGISTICO-ALTA-N01,RECOCIDO_SIMULADO,1,43,26,1141,298.686667
BASE,COLAPSO_LOGISTICO-ALTA-N01,RECOCIDO_SIMULADO,1,43,27,1181,298.686667
BASE,COLAPSO_LOGISTICO-ALTA-N01,RECOCIDO_SIMULADO,1,43,28,1221,298.686667
BASE,COLAPSO_LOGISTICO-ALTA-N01,RECOCIDO_SIMULADO,1,43,29,1261,298.686667
BASE,COLAPSO_LOGISTICO-ALTA-N01,RECOCIDO_SIMULADO,1,43,30,1301,298.686667
BASE,COLAPSO_LOGISTICO-ALTA-N01,RECOCIDO_SIMULADO,1,43,31,1341,298.686667
BASE,COLAPSO_LOGISTICO-ALTA-N01,RECOCIDO_SIMULADO,1,43,32,1381,298.686667
BASE,COLAPSO_LOGISTICO-ALTA-N01,RECOCIDO_SIMULADO,1,43,33,1421,298.686667
BASE,COLAPSO_LOGISTICO-ALTA-N01,RECOCIDO_SIMULADO,1,43,34,1461,298.686667
BASE,COLAPSO_LOGISTICO-ALTA-N01,RECOCIDO_SIMULADO,1,43,35,1501,298.686667
BASE,COLAPSO_LOGISTICO-ALTA-N01,RECOCIDO_SIMULADO,1,43,36,1541,298.686667
BASE,COLAPSO_LOGISTICO-ALTA-N01,RECOCIDO_SIMULADO,1,43,37,1581,298.686667
BASE,COLAPSO_LOGISTICO-ALTA-N01,RECOCIDO_SIMULADO,1,43,38,1621,298.686667
BASE,COLAPSO_LOGISTICO-ALTA-N01,RECOCIDO_SIMULADO,1,43,39,1661,298.686667
BASE,COLAPSO_LOGISTICO-ALTA-N01,RECOCIDO_SIMULADO,1,43,40,1701,298.686667
BASE,COLAPSO_LOGISTICO-ALTA-N01,RECOCIDO_SIMULADO,1,43,41,1741,298.686667
BASE,COLAPSO_LOGISTICO-ALTA-N01,GENETICO,1,43,0,60,298.736667
BASE,COLAPSO_LOGISTICO-ALTA-N01,GENETICO,1,43,1,120,298.11
BASE,COLAPSO_LOGISTICO-ALTA-N01,GENETICO,1,43,2,180,296.595
BASE,COLAPSO_LOGISTICO-ALTA-N01,GENETICO,1,43,3,240,296.15
BASE,COLAPSO_LOGISTICO-ALTA-N01,GENETICO,1,43,4,300,295.693333
BASE,COLAPSO_LOGISTICO-ALTA-N01,GENETICO,1,43,5,360,295.693333
BASE,COLAPSO_LOGISTICO-ALTA-N01,GENETICO,1,43,6,420,295.693333
BASE,COLAPSO_LOGISTICO-ALTA-N01,GENETICO,1,43,7,480,294.87
BASE,COLAPSO_LOGISTICO-ALTA-N01,GENETICO,1,43,8,540,294.87
BASE,COLAPSO_LOGISTICO-ALTA-N01,GENETICO,1,43,9,600,294.87
BASE,COLAPSO_LOGISTICO-ALTA-N01,GENETICO,1,43,10,660,294.87
BASE,COLAPSO_LOGISTICO-ALTA-N01,GENETICO,1,43,11,720,294.87
BASE,COLAPSO_LOGISTICO-ALTA-N01,GENETICO,1,43,12,780,294.615
BASE,COLAPSO_LOGISTICO-ALTA-N01,GENETICO,1,43,13,840,294.066667
BASE,COLAPSO_LOGISTICO-ALTA-N01,GENETICO,1,43,14,900,294.066667
BASE,COLAPSO_LOGISTICO-ALTA-N01,GENETICO,1,43,15,960,294.066667
BASE,COLAPSO_LOGISTICO-ALTA-N01,GENETICO,1,43,16,1020,294.066667
BASE,COLAPSO_LOGISTICO-ALTA-N01,GENETICO,1,43,17,1080,293.673333
BASE,COLAPSO_LOGISTICO-ALTA-N01,GENETICO,1,43,18,1140,293.673333
BASE,COLAPSO_LOGISTICO-ALTA-N01,GENETICO,1,43,19,1200,293.283333
BASE,COLAPSO_LOGISTICO-ALTA-N01,GENETICO,1,43,20,1260,293.191667
BASE,COLAPSO_LOGISTICO-ALTA-N01,GENETICO,1,43,21,1320,293.191667
BASE,COLAPSO_LOGISTICO-ALTA-N01,GENETICO,1,43,22,1380,293.048333
BASE,COLAPSO_LOGISTICO-ALTA-N01,GENETICO,1,43,23,1440,293.048333
BASE,COLAPSO_LOGISTICO-ALTA-N01,GENETICO,1,43,24,1500,292.998333
BASE,COLAPSO_LOGISTICO-ALTA-N01,GENETICO,1,43,25,1560,292.998333
BASE,COLAPSO_LOGISTICO-ALTA-N01,GENETICO,1,43,26,1620,292.778333
BASE,COLAPSO_LOGISTICO-ALTA-N01,GENETICO,1,43,27,1680,292.778333
BASE,COLAPSO_LOGISTICO-ALTA-N01,GENETICO,1,43,28,1740,292.778333
BASE,COLAPSO_LOGISTICO-ALTA-N01,GENETICO,1,43,29,1800,292.698333
BASE,COLAPSO_LOGISTICO-ALTA-N01,GENETICO,1,43,30,1860,292.698333
BASE,COLAPSO_LOGISTICO-ALTA-N01,GENETICO,1,43,31,1920,292.615
BASE,COLAPSO_LOGISTICO-ALTA-N01,GENETICO,1,43,32,1980,292.615
BASE,COLAPSO_LOGISTICO-ALTA-N01,GENETICO,1,43,33,2040,292.615
BASE,COLAPSO_LOGISTICO-ALTA-N01,GENETICO,1,43,34,2100,292.615
BASE,COLAPSO_LOGISTICO-ALTA-N01,GENETICO,1,43,35,2160,292.608333
BASE,COLAPSO_LOGISTICO-ALTA-N01,GENETICO,1,43,36,2220,292.608333
BASE,COLAPSO_LOGISTICO-ALTA-N01,GENETICO,1,43,37,2280,292.608333
BASE,COLAPSO_LOGISTICO-ALTA-N01,GENETICO,1,43,38,2340,292.608333
BASE,COLAPSO_LOGISTICO-ALTA-N01,GENETICO,1,43,39,2400,292.608333
BASE,COLAPSO_LOGISTICO-ALTA-N01,GENETICO,1,43,40,2460,292.608333
BASE,COLAPSO_LOGISTICO-ALTA-N01,GENETICO,1,43,41,2520,292.485
BASE,COLAPSO_LOGISTICO-ALTA-N01,GENETICO,1,43,42,2580,291.94
BASE,COLAPSO_LOGISTICO-ALTA-N01,GENETICO,1,43,43,2640,291.89
BASE,COLAPSO_LOGISTICO-ALTA-N01,GENETICO,1,43,44,2700,291.89
BASE,COLAPSO_LOGISTICO-ALTA-N01,GENETICO,1,43,45,2760,291.89
BASE,COLAPSO_LOGISTICO-ALTA-N01,GENETICO,1,43,46,2820,291.85
BASE,COLAPSO_LOGISTICO-ALTA-N01,GENETICO,1,43,47,2880,291.85
BASE,COLAPSO_LOGISTICO-ALTA-N01,GENETICO,1,43,48,2940,291.85
BASE,COLAPSO_LOGISTICO-ALTA-N01,GENETICO,1,43,49,3000,291.85
BASE,COLAPSO_LOGISTICO-ALTA-N01,GENETICO,1,43,50,3060,291.85
BASE,COLAPSO_LOGISTICO-ALTA-N01,GENETICO,1,43,51,3120,291.85
BASE,COLAPSO_LOGISTICO-ALTA-N01,GENETICO,1,43,52,3180,291.85
BASE,COLAPSO_LOGISTICO-ALTA-N01,GENETICO,1,43,53,3240,291.85
BASE,COLAPSO_LOGISTICO-ALTA-N01,GENETICO,1,43,54,3300,291.85
BASE,COLAPSO_LOGISTICO-ALTA-N01,GENETICO,1,43,55,3360,291.85
BASE,COLAPSO_LOGISTICO-ALTA-N01,GENETICO,1,43,56,3420,291.81
BASE,COLAPSO_LOGISTICO-ALTA-N01,GENETICO,1,43,57,3480,291.81
BASE,COLAPSO_LOGISTICO-ALTA-N01,GENETICO,1,43,58,3540,291.66
BASE,COLAPSO_LOGISTICO-ALTA-N01,GENETICO,1,43,59,3600,291.66
BASE,COLAPSO_LOGISTICO-ALTA-N01,GENETICO,1,43,60,3660,291.66
BASE,COLAPSO_LOGISTICO-ALTA-N01,GENETICO,1,43,61,3720,291.66
BASE,COLAPSO_LOGISTICO-ALTA-N01,GENETICO,1,43,62,3780,291.66
BASE,COLAPSO_LOGISTICO-ALTA-N01,GENETICO,1,43,63,3840,291.66
BASE,COLAPSO_LOGISTICO-ALTA-N01,GENETICO,1,43,64,3900,291.66
BASE,COLAPSO_LOGISTICO-ALTA-N01,GENETICO,1,43,65,3960,291.66
BASE,COLAPSO_LOGISTICO-ALTA-N01,GENETICO,1,43,66,4020,291.66
BASE,COLAPSO_LOGISTICO-ALTA-N01,GENETICO,1,43,67,4080,291.66
BASE,COLAPSO_LOGISTICO-ALTA-N01,GENETICO,1,43,68,4140,291.66
BASE,COLAPSO_LOGISTICO-ALTA-N01,GENETICO,1,43,69,4200,291.66
BASE,COLAPSO_LOGISTICO-ALTA-N01,GENETICO,1,43,70,4260,291.66
BASE,COLAPSO_LOGISTICO-ALTA-N01,GENETICO,1,43,71,4320,291.66
BASE,COLAPSO_LOGISTICO-ALTA-N01,GENETICO,1,43,72,4380,291.66
BASE,COLAPSO_LOGISTICO-ALTA-N01,GENETICO,1,43,73,4440,291.66
BASE,COLAPSO_LOGISTICO-ALTA-N01,GENETICO,1,43,74,4500,291.66
BASE,COLAPSO_LOGISTICO-ALTA-N01,GENETICO,1,43,75,4560,291.375
BASE,COLAPSO_LOGISTICO-ALTA-N01,GENETICO,1,43,76,4620,291.375
BASE,COLAPSO_LOGISTICO-ALTA-N01,GENETICO,1,43,77,4680,291.375
BASE,COLAPSO_LOGISTICO-ALTA-N01,GENETICO,1,43,78,4740,291.335
BASE,COLAPSO_LOGISTICO-ALTA-N01,GENETICO,1,43,79,4800,291.335
BASE,COLAPSO_LOGISTICO-ALTA-N01,GENETICO,1,43,80,4860,291.335
BASE,COLAPSO_LOGISTICO-ALTA-N01,GENETICO,1,43,81,4920,291.335
BASE,COLAPSO_LOGISTICO-ALTA-N01,GENETICO,1,43,82,4980,291.275
BASE,COLAPSO_LOGISTICO-ALTA-N01,GENETICO,1,43,83,5040,291.275
BASE,COLAPSO_LOGISTICO-ALTA-N01,GENETICO,1,43,84,5100,291.275
BASE,COLAPSO_LOGISTICO-ALTA-N01,GENETICO,1,43,85,5160,291.275
BASE,COLAPSO_LOGISTICO-ALTA-N01,GENETICO,1,43,86,5220,291.275
BASE,COLAPSO_LOGISTICO-ALTA-N01,GENETICO,1,43,87,5280,291.275
BASE,COLAPSO_LOGISTICO-ALTA-N01,GENETICO,1,43,88,5340,291.275
BASE,COLAPSO_LOGISTICO-ALTA-N01,GENETICO,1,43,89,5400,291.275
BASE,COLAPSO_LOGISTICO-ALTA-N01,GENETICO,1,43,90,5460,291.275
BASE,COLAPSO_LOGISTICO-ALTA-N01,GENETICO,1,43,91,5520,291.275
BASE,COLAPSO_LOGISTICO-ALTA-N01,GENETICO,1,43,92,5580,291.275
BASE,COLAPSO_LOGISTICO-ALTA-N01,GENETICO,1,43,93,5640,291.275
BASE,COLAPSO_LOGISTICO-ALTA-N01,GENETICO,1,43,94,5700,291.275
BASE,COLAPSO_LOGISTICO-ALTA-N01,GENETICO,1,43,95,5760,291.275
BASE,COLAPSO_LOGISTICO-ALTA-N01,GENETICO,1,43,96,5820,291.275
BASE,COLAPSO_LOGISTICO-ALTA-N01,GENETICO,1,43,97,5880,291.275
BASE,COLAPSO_LOGISTICO-ALTA-N01,GENETICO,1,43,98,5940,291.275
BASE,COLAPSO_LOGISTICO-ALTA-N01,GENETICO,1,43,99,6000,291.275
BASE,COLAPSO_LOGISTICO-ALTA-N01,GENETICO,1,43,100,6060,291.275
BASE,COLAPSO_LOGISTICO-ALTA-N01,GENETICO,1,43,101,6120,291.275
BASE,COLAPSO_LOGISTICO-ALTA-N01,GENETICO,1,43,102,6180,291.275
BASE,COLAPSO_LOGISTICO-ALTA-N01,GENETICO,1,43,103,6240,291.275
BASE,COLAPSO_LOGISTICO-ALTA-N01,GENETICO,1,43,104,6300,291.275
BASE,COLAPSO_LOGISTICO-ALTA-N01,GENETICO,1,43,105,6360,291.275
BASE,COLAPSO_LOGISTICO-ALTA-N01,GENETICO,1,43,106,6420,291.275
BASE,COLAPSO_LOGISTICO-ALTA-N01,GENETICO,1,43,107,6480,291.275
BASE,COLAPSO_LOGISTICO-ALTA-N01,GENETICO,1,43,108,6540,291.275
BASE,COLAPSO_LOGISTICO-ALTA-N01,GENETICO,1,43,109,6600,291.275
BASE,COLAPSO_LOGISTICO-ALTA-N01,GENETICO,1,43,110,6660,291.275
BASE,COLAPSO_LOGISTICO-ALTA-N01,GENETICO,1,43,111,6720,291.275
BASE,COLAPSO_LOGISTICO-ALTA-N01,GENETICO,1,43,112,6780,291.235
BASE,COLAPSO_LOGISTICO-ALTA-N01,GENETICO,1,43,113,6840,291.235
BASE,COLAPSO_LOGISTICO-ALTA-N01,GENETICO,1,43,114,6900,291.235
BASE,COLAPSO_LOGISTICO-ALTA-N01,GENETICO,1,43,115,6960,291.235
BASE,COLAPSO_LOGISTICO-ALTA-N01,GENETICO,1,43,116,7020,291.235
BASE,COLAPSO_LOGISTICO-ALTA-N01,GENETICO,1,43,117,7080,291.235
BASE,COLAPSO_LOGISTICO-ALTA-N01,GENETICO,1,43,118,7140,291.235
BASE,COLAPSO_LOGISTICO-ALTA-N01,GENETICO,1,43,119,7200,291.235
BASE,COLAPSO_LOGISTICO-ALTA-N01,GENETICO,1,43,120,7260,291.235
BASE,COLAPSO_LOGISTICO-ALTA-N01,GENETICO,1,43,121,7320,291.235
BASE,COLAPSO_LOGISTICO-ALTA-N01,GENETICO,1,43,122,7380,291.235
BASE,COLAPSO_LOGISTICO-ALTA-N01,GENETICO,1,43,123,7440,291.235
BASE,COLAPSO_LOGISTICO-ALTA-N01,GENETICO,1,43,124,7500,291.235
BASE,COLAPSO_LOGISTICO-ALTA-N01,GENETICO,1,43,125,7560,291.235
BASE,COLAPSO_LOGISTICO-ALTA-N01,GENETICO,1,43,126,7620,291.235
BASE,COLAPSO_LOGISTICO-ALTA-N01,GENETICO,1,43,127,7680,291.235
BASE,COLAPSO_LOGISTICO-ALTA-N01,GENETICO,1,43,128,7740,291.235
BASE,COLAPSO_LOGISTICO-ALTA-N01,GENETICO,1,43,129,7800,291.235
BASE,COLAPSO_LOGISTICO-ALTA-N01,GENETICO,1,43,130,7860,291.235
BASE,COLAPSO_LOGISTICO-ALTA-N01,GENETICO,1,43,131,7920,291.235
BASE,COLAPSO_LOGISTICO-ALTA-N01,GENETICO,1,43,132,7980,291.235
BASE,COLAPSO_LOGISTICO-ALTA-N01,GENETICO,1,43,133,8040,291.235
BASE,COLAPSO_LOGISTICO-ALTA-N01,GENETICO,1,43,134,8100,291.235
BASE,COLAPSO_LOGISTICO-ALTA-N01,GENETICO,1,43,135,8160,291.235
BASE,COLAPSO_LOGISTICO-ALTA-N01,GENETICO,1,43,136,8220,291.235
BASE,COLAPSO_LOGISTICO-ALTA-N01,GENETICO,1,43,137,8280,291.235
BASE,COLAPSO_LOGISTICO-ALTA-N01,GENETICO,1,43,138,8340,291.235
BASE,COLAPSO_LOGISTICO-ALTA-N01,GENETICO,1,43,139,8400,291.235
BASE,COLAPSO_LOGISTICO-ALTA-N01,GENETICO,1,43,140,8460,291.235
BASE,COLAPSO_LOGISTICO-ALTA-N01,GENETICO,1,43,141,8520,291.235
BASE,COLAPSO_LOGISTICO-ALTA-N01,GENETICO,1,43,142,8580,291.235
BASE,COLAPSO_LOGISTICO-ALTA-N01,GENETICO,1,43,143,8640,291.235
BASE,COLAPSO_LOGISTICO-ALTA-N01,GENETICO,1,43,144,8700,291.235
BASE,COLAPSO_LOGISTICO-ALTA-N01,GENETICO,1,43,145,8760,291.235
BASE,COLAPSO_LOGISTICO-ALTA-N01,GENETICO,1,43,146,8820,291.235
BASE,COLAPSO_LOGISTICO-ALTA-N01,GENETICO,1,43,147,8880,291.235
BASE,COLAPSO_LOGISTICO-ALTA-N01,GENETICO,1,43,148,8940,291.235
BASE,COLAPSO_LOGISTICO-ALTA-N01,GENETICO,1,43,149,9000,291.235
BASE,COLAPSO_LOGISTICO-ALTA-N01,GENETICO,1,43,150,9060,291.235
BASE,COLAPSO_LOGISTICO-CRITICA-N01,GENETICO,0,42,0,60,993.885
BASE,COLAPSO_LOGISTICO-CRITICA-N01,GENETICO,0,42,1,120,992.365
BASE,COLAPSO_LOGISTICO-CRITICA-N01,GENETICO,0,42,2,180,990.985
BASE,COLAPSO_LOGISTICO-CRITICA-N01,GENETICO,0,42,3,240,990.673333
BASE,COLAPSO_LOGISTICO-CRITICA-N01,GENETICO,0,42,4,300,990.673333
BASE,COLAPSO_LOGISTICO-CRITICA-N01,GENETICO,0,42,5,360,988.448333
BASE,COLAPSO_LOGISTICO-CRITICA-N01,GENETICO,0,42,6,420,988.448333
BASE,COLAPSO_LOGISTICO-CRITICA-N01,GENETICO,0,42,7,480,988.448333
BASE,COLAPSO_LOGISTICO-CRITICA-N01,GENETICO,0,42,8,540,988.133333
BASE,COLAPSO_LOGISTICO-CRITICA-N01,GENETICO,0,42,9,600,988.133333
BASE,COLAPSO_LOGISTICO-CRITICA-N01,GENETICO,0,42,10,660,988.133333
BASE,COLAPSO_LOGISTICO-CRITICA-N01,GENETICO,0,42,11,720,988.133333
BASE,COLAPSO_LOGISTICO-CRITICA-N01,GENETICO,0,42,12,780,987.813333
BASE,COLAPSO_LOGISTICO-CRITICA-N01,GENETICO,0,42,13,840,987.638333
BASE,COLAPSO_LOGISTICO-CRITICA-N01,GENETICO,0,42,14,900,987.638333
BASE,COLAPSO_LOGISTICO-CRITICA-N01,GENETICO,0,42,15,960,987.368333
BASE,COLAPSO_LOGISTICO-CRITICA-N01,GENETICO,0,42,16,1020,986.058333
BASE,COLAPSO_LOGISTICO-CRITICA-N01,GENETICO,0,42,17,1080,986.058333
BASE,COLAPSO_LOGISTICO-CRITICA-N01,GENETICO,0,42,18,1140,985.398333
BASE,COLAPSO_LOGISTICO-CRITICA-N01,GENETICO,0,42,19,1200,985.398333
BASE,COLAPSO_LOGISTICO-CRITICA-N01,GENETICO,0,42,20,1260,985.118333
BASE,COLAPSO_LOGISTICO-CRITICA-N01,GENETICO,0,42,21,1320,985.118333
BASE,COLAPSO_LOGISTICO-CRITICA-N01,GENETICO,0,42,22,1380,985.018333
BASE,COLAPSO_LOGISTICO-CRITICA-N01,GENETICO,0,42,23,1440,984.938333
BASE,COLAPSO_LOGISTICO-CRITICA-N01,GENETICO,0,42,24,1500,984.938333
BASE,COLAPSO_LOGISTICO-CRITICA-N01,GENETICO,0,42,25,1560,984.398333
BASE,COLAPSO_LOGISTICO-CRITICA-N01,GENETICO,0,42,26,1620,984.398333
BASE,COLAPSO_LOGISTICO-CRITICA-N01,GENETICO,0,42,27,1680,984.398333
BASE,COLAPSO_LOGISTICO-CRITICA-N01,GENETICO,0,42,28,1740,984.398333
BASE,COLAPSO_LOGISTICO-CRITICA-N01,GENETICO,0,42,29,1800,984.398333
BASE,COLAPSO_LOGISTICO-CRITICA-N01,GENETICO,0,42,30,1860,984.273333
BASE,COLAPSO_LOGISTICO-CRITICA-N01,GENETICO,0,42,31,1920,984.273333
BASE,COLAPSO_LOGISTICO-CRITICA-N01,GENETICO,0,42,32,1980,983.273333
BASE,COLAPSO_LOGISTICO-CRITICA-N01,GENETICO,0,42,33,2040,983.273333
BASE,COLAPSO_LOGISTICO-CRITICA-N01,GENETICO,0,42,34,2100,982.913333
BASE,COLAPSO_LOGISTICO-CRITICA-N01,GENETICO,0,42,35,2160,982.913333
BASE,COLAPSO_LOGISTICO-CRITICA-N01,GENETICO,0,42,36,2220,982.913333
BASE,COLAPSO_LOGISTICO-CRITICA-N01,GENETICO,0,42,37,2280,981.753333
BASE,COLAPSO_LOGISTICO-CRITICA-N01,GENETICO,0,42,38,2340,981.753333
BASE,COLAPSO_LOGISTICO-CRITICA-N01,GENETICO,0,42,39,2400,981.753333
BASE,COLAPSO_LOGISTICO-CRITICA-N01,GENETICO,0,42,40,2460,981.753333
BASE,COLAPSO_LOGISTICO-CRITICA-N01,GENETICO,0,42,41,2520,981.753333
BASE,COLAPSO_LOGISTICO-CRITICA-N01,GENETICO,0,42,42,2580,981.753333
BASE,COLAPSO_LOGISTICO-CRITICA-N01,GENETICO,0,42,43,2640,981.753333
BASE,COLAPSO_LOGISTICO-CRITICA-N01,GENETICO,0,42,44,2700,981.453333
BASE,COLAPSO_LOGISTICO-CRITICA-N01,GENETICO,0,42,45,2760,980.558333
BASE,COLAPSO_LOGISTICO-CRITICA-N01,GENETICO,0,42,46,2820,979.803333
BASE,COLAPSO_LOGISTICO-CRITICA-N01,GENETICO,0,42,47,2880,979.803333
BASE,COLAPSO_LOGISTICO-CRITICA-N01,GENETICO,0,42,48,2940,979.643333
BASE,COLAPSO_LOGISTICO-CRITICA-N01,GENETICO,0,42,49,3000,979.643333
BASE,COLAPSO_LOGISTICO-CRITICA-N01,GENETICO,0,42,50,3060,978.878333
BASE,COLAPSO_LOGISTICO-CRITICA-N01,GENETICO,0,42,51,3120,978.718333
BASE,COLAPSO_LOGISTICO-CRITICA-N01,GENETICO,0,42,52,3180,978.568333
BASE,COLAPSO_LOGISTICO-CRITICA-N01,GENETICO,0,42,53,3240,978.568333
BASE,COLAPSO_LOGISTICO-CRITICA-N01,GENETICO,0,42,54,3300,978.568333
BASE,COLAPSO_LOGISTICO-CRITICA-N01,GENETICO,0,42,55,3360,978.568333
BASE,COLAPSO_LOGISTICO-CRITICA-N01,GENETICO,0,42,56,3420,978.568333
BASE,COLAPSO_LOGISTICO-CRITICA-N01,GENETICO,0,42,57,3480,978.568333
BASE,COLAPSO_LOGISTICO-CRITICA-N01,GENETICO,0,42,58,3540,978.368333
BASE,COLAPSO_LOGISTICO-CRITICA-N01,GENETICO,0,42,59,3600,978.368333
BASE,COLAPSO_LOGISTICO-CRITICA-N01,GENETICO,0,42,60,3660,978.368333
BASE,COLAPSO_LOGISTICO-CRITICA-N01,GENETICO,0,42,61,3720,978.318333
BASE,COLAPSO_LOGISTICO-CRITICA-N01,GENETICO,0,42,62,3780,978.168333
BASE,COLAPSO_LOGISTICO-CRITICA-N01,GENETICO,0,42,63,3840,978.168333
BASE,COLAPSO_LOGISTICO-CRITICA-N01,GENETICO,0,42,64,3900,977.503333
BASE,COLAPSO_LOGISTICO-CRITICA-N01,GENETICO,0,42,65,3960,977.503333
BASE,COLAPSO_LOGISTICO-CRITICA-N01,GENETICO,0,42,66,4020,976.768333
BASE,COLAPSO_LOGISTICO-CRITICA-N01,GENETICO,0,42,67,4080,976.768333
BASE,COLAPSO_LOGISTICO-CRITICA-N01,GENETICO,0,42,68,4140,976.768333
BASE,COLAPSO_LOGISTICO-CRITICA-N01,GENETICO,0,42,69,4200,976.568333
BASE,COLAPSO_LOGISTICO-CRITICA-N01,GENETICO,0,42,70,4260,976.418333
BASE,COLAPSO_LOGISTICO-CRITICA-N01,GENETICO,0,42,71,4320,976.418333
BASE,COLAPSO_LOGISTICO-CRITICA-N01,GENETICO,0,42,72,4380,976.418333
BASE,COLAPSO_LOGISTICO-CRITICA-N01,GENETICO,0,42,73,4440,976.418333
BASE,COLAPSO_LOGISTICO-CRITICA-N01,GENETICO,0,42,74,4500,976.418333
BASE,COLAPSO_LOGISTICO-CRITICA-N01,GENETICO,0,42,75,4560,976.418333
BASE,COLAPSO_LOGISTICO-CRITICA-N01,GENETICO,0,42,76,4620,976.368333
BASE,COLAPSO_LOGISTICO-CRITICA-N01,GENETICO,0,42,77,4680,976.285
BASE,COLAPSO_LOGISTICO-CRITICA-N01,GENETICO,0,42,78,4740,975.618333
BASE,COLAPSO_LOGISTICO-CRITICA-N01,GENETICO,0,42,79,4800,975.618333
BASE,COLAPSO_LOGISTICO-CRITICA-N01,GENETICO,0,42,80,4860,975.618333
BASE,COLAPSO_LOGISTICO-CRITICA-N01,GENETICO,0,42,81,4920,975.618333
BASE,COLAPSO_LOGISTICO-CRITICA-N01,GENETICO,0,42,82,4980,975.538333
BASE,COLAPSO_LOGISTICO-CRITICA-N01,GENETICO,0,42,83,5040,975.488333
BASE,COLAPSO_LOGISTICO-CRITICA-N01,GENETICO,0,42,84,5100,975.488333
BASE,COLAPSO_LOGISTICO-CRITICA-N01,GENETICO,0,42,85,5160,975.488333
BASE,COLAPSO_LOGISTICO-CRITICA-N01,GENETICO,0,42,86,5220,975.488333
BASE,COLAPSO_LOGISTICO-CRITICA-N01,GENETICO,0,42,87,5280,975.488333
BASE,COLAPSO_LOGISTICO-CRITICA-N01,GENETICO,0,42,88,5340,975.488333
BASE,COLAPSO_LOGISTICO-CRITICA-N01,GENETICO,0,42,89,5400,975.488333
BASE,COLAPSO_LOGISTICO-CRITICA-N01,GENETICO,0,42,90,5460,975.488333
BASE,COLAPSO_LOGISTICO-CRITICA-N01,GENETICO,0,42,91,5520,975.488333
BASE,COLAPSO_LOGISTICO-CRITICA-N01,GENETICO,0,42,92,5580,975.488333
BASE,COLAPSO_LOGISTICO-CRITICA-N01,GENETICO,0,42,93,5640,975.488333
BASE,COLAPSO_LOGISTICO-CRITICA-N01,GENETICO,0,42,94,5700,975.488333
BASE,COLAPSO_LOGISTICO-CRITICA-N01,GENETICO,0,42,95,5760,975.488333
BASE,COLAPSO_LOGISTICO-CRITICA-N01,GENETICO,0,42,96,5820,975.488333
BASE,COLAPSO_LOGISTICO-CRITICA-N01,GENETICO,0,42,97,5880,975.488333
BASE,COLAPSO_LOGISTICO-CRITICA-N01,GENETICO,0,42,98,5940,975.488333
BASE,COLAPSO_LOGISTICO-CRITICA-N01,GENETICO,0,42,99,6000,975.488333
BASE,COLAPSO_LOGISTICO-CRITICA-N01,GENETICO,0,42,100,6060,975.488333
BASE,COLAPSO_LOGISTICO-CRITICA-N01,GENETICO,0,42,101,6120,975.488333
BASE,COLAPSO_LOGISTICO-CRITICA-N01,GENETICO,0,42,102,6180,975.488333
BASE,COLAPSO_LOGISTICO-CRITICA-N01,GENETICO,0,42,103,6240,975.488333
BASE,COLAPSO_LOGISTICO-CRITICA-N01,GENETICO,0,42,104,6300,975.488333
BASE,COLAPSO_LOGISTICO-CRITICA-N01,GENETICO,0,42,105,6360,975.488333
BASE,COLAPSO_LOGISTICO-CRITICA-N01,GENETICO,0,42,106,6420,975.488333
BASE,COLAPSO_LOGISTICO-CRITICA-N01,GENETICO,0,42,107,6480,975.488333
BASE,COLAPSO_LOGISTICO-CRITICA-N01,GENETICO,0,42,108,6540,975.488333
BASE,COLAPSO_LOGISTICO-CRITICA-N01,GENETICO,0,42,109,6600,975.488333
BASE,COLAPSO_LOGISTICO-CRITICA-N01,GENETICO,0,42,110,6660,975.488333
BASE,COLAPSO_LOGISTICO-CRITICA-N01,GENETICO,0,42,111,6720,975.488333
BASE,COLAPSO_LOGISTICO-CRITICA-N01,GENETICO,0,42,112,6780,975.488333
BASE,COLAPSO_LOGISTICO-CRITICA-N01,GENETICO,0,42,113,6840,975.488333
BASE,COLAPSO_LOGISTICO-CRITICA-N01,GENETICO,0,42,114,6900,975.488333
BASE,COLAPSO_LOGISTICO-CRITICA-N01,GENETICO,0,42,115,6960,975.488333
BASE,COLAPSO_LOGISTICO-CRITICA-N01,GENETICO,0,42,116,7020,975.488333
BASE,COLAPSO_LOGISTICO-CRITICA-N01,GENETICO,0,42,117,7080,975.488333
BASE,COLAPSO_LOGISTICO-CRITICA-N01,GENETICO,0,42,118,7140,975.488333
BASE,COLAPSO_LOGISTICO-CRITICA-N01,GENETICO,0,42,119,7200,975.488333
BASE,COLAPSO_LOGISTICO-CRITICA-N01,GENETICO,0,42,120,7260,975.488333
BASE,COLAPSO_LOGISTICO-CRITICA-N01,GENETICO,0,42,121,7320,975.488333
BASE,COLAPSO_LOGISTICO-CRITICA-N01,GENETICO,0,42,122,7380,975.488333
BASE,COLAPSO_LOGISTICO-CRITICA-N01,GENETICO,0,42,123,7440,975.488333
BASE,COLAPSO_LOGISTICO-CRITICA-N01,GENETICO,0,42,124,7500,975.488333
BASE,COLAPSO_LOGISTICO-CRITICA-N01,GENETICO,0,42,125,7560,975.488333
BASE,COLAPSO_LOGISTICO-CRITICA-N01,GENETICO,0,42,126,7620,975.488333
BASE,COLAPSO_LOGISTICO-CRITICA-N01,GENETICO,0,42,127,7680,975.488333
BASE,COLAPSO_LOGISTICO-CRITICA-N01,GENETICO,0,42,128,7740,975.488333
BASE,COLAPSO_LOGISTICO-CRITICA-N01,GENETICO,0,42,129,7800,975.488333
BASE,COLAPSO_LOGISTICO-CRITICA-N01,GENETICO,0,42,130,7860,975.488333
BASE,COLAPSO_LOGISTICO-CRITICA-N01,GENETICO,0,42,131,7920,975.488333
BASE,COLAPSO_LOGISTICO-CRITICA-N01,GENETICO,0,42,132,7980,975.488333
BASE,COLAPSO_LOGISTICO-CRITICA-N01,GENETICO,0,42,133,8040,975.488333
BASE,COLAPSO_LOGISTICO-CRITICA-N01,GENETICO,0,42,134,8100,975.488333
BASE,COLAPSO_LOGISTICO-CRITICA-N01,GENETICO,0,42,135,8160,975.488333
BASE,COLAPSO_LOGISTICO-CRITICA-N01,GENETICO,0,42,136,8220,975.488333
BASE,COLAPSO_LOGISTICO-CRITICA-N01,GENETICO,0,42,137,8280,975.488333
BASE,COLAPSO_LOGISTICO-CRITICA-N01,GENETICO,0,42,138,8340,975.488333
BASE,COLAPSO_LOGISTICO-CRITICA-N01,GENETICO,0,42,139,8400,975.488333
BASE,COLAPSO_LOGISTICO-CRITICA-N01,GENETICO,0,42,140,8460,975.488333
BASE,COLAPSO_LOGISTICO-CRITICA-N01,GENETICO,0,42,141,8520,975.488333
BASE,COLAPSO_LOGISTICO-CRITICA-N01,GENETICO,0,42,142,8580,975.488333
BASE,COLAPSO_LOGISTICO-CRITICA-N01,GENETICO,0,42,143,8640,975.488333
BASE,COLAPSO_LOGISTICO-CRITICA-N01,GENETICO,0,42,144,8700,975.488333
BASE,COLAPSO_LOGISTICO-CRITICA-N01,GENETICO,0,42,145,8760,975.488333
BASE,COLAPSO_LOGISTICO-CRITICA-N01,GENETICO,0,42,146,8820,975.488333
BASE,COLAPSO_LOGISTICO-CRITICA-N01,GENETICO,0,42,147,8880,975.488333
BASE,COLAPSO_LOGISTICO-CRITICA-N01,GENETICO,0,42,148,8940,975.488333
BASE,COLAPSO_LOGISTICO-CRITICA-N01,GENETICO,0,42,149,9000,975.488333
BASE,COLAPSO_LOGISTICO-CRITICA-N01,GENETICO,0,42,150,9060,975.488333
BASE,COLAPSO_LOGISTICO-CRITICA-N01,RECOCIDO_SIMULADO,0,42,0,101,993.885
BASE,COLAPSO_LOGISTICO-CRITICA-N01,RECOCIDO_SIMULADO,0,42,1,141,993.885
BASE,COLAPSO_LOGISTICO-CRITICA-N01,RECOCIDO_SIMULADO,0,42,2,181,993.885
BASE,COLAPSO_LOGISTICO-CRITICA-N01,RECOCIDO_SIMULADO,0,42,3,221,993.885
BASE,COLAPSO_LOGISTICO-CRITICA-N01,RECOCIDO_SIMULADO,0,42,4,261,993.885
BASE,COLAPSO_LOGISTICO-CRITICA-N01,RECOCIDO_SIMULADO,0,42,5,301,993.885
BASE,COLAPSO_LOGISTICO-CRITICA-N01,RECOCIDO_SIMULADO,0,42,6,341,993.885
BASE,COLAPSO_LOGISTICO-CRITICA-N01,RECOCIDO_SIMULADO,0,42,7,381,993.885
BASE,COLAPSO_LOGISTICO-CRITICA-N01,RECOCIDO_SIMULADO,0,42,8,421,993.885
BASE,COLAPSO_LOGISTICO-CRITICA-N01,RECOCIDO_SIMULADO,0,42,9,461,993.885
BASE,COLAPSO_LOGISTICO-CRITICA-N01,RECOCIDO_SIMULADO,0,42,10,501,993.885
BASE,COLAPSO_LOGISTICO-CRITICA-N01,RECOCIDO_SIMULADO,0,42,11,541,993.885
BASE,COLAPSO_LOGISTICO-CRITICA-N01,RECOCIDO_SIMULADO,0,42,12,581,993.885
BASE,COLAPSO_LOGISTICO-CRITICA-N01,RECOCIDO_SIMULADO,0,42,13,621,993.885
BASE,COLAPSO_LOGISTICO-CRITICA-N01,RECOCIDO_SIMULADO,0,42,14,661,993.885
BASE,COLAPSO_LOGISTICO-CRITICA-N01,RECOCIDO_SIMULADO,0,42,15,701,993.885
BASE,COLAPSO_LOGISTICO-CRITICA-N01,RECOCIDO_SIMULADO,0,42,16,741,993.885
BASE,COLAPSO_LOGISTICO-CRITICA-N01,RECOCIDO_SIMULADO,0,42,17,781,993.885
BASE,COLAPSO_LOGISTICO-CRITICA-N01,RECOCIDO_SIMULADO,0,42,18,821,993.885
BASE,COLAPSO_LOGISTICO-CRITICA-N01,RECOCIDO_SIMULADO,0,42,19,861,993.885
BASE,COLAPSO_LOGISTICO-CRITICA-N01,RECOCIDO_SIMULADO,0,42,20,901,993.885
BASE,COLAPSO_LOGISTICO-CRITICA-N01,RECOCIDO_SIMULADO,0,42,21,941,993.885
BASE,COLAPSO_LOGISTICO-CRITICA-N01,RECOCIDO_SIMULADO,0,42,22,981,993.885
BASE,COLAPSO_LOGISTICO-CRITICA-N01,RECOCIDO_SIMULADO,0,42,23,1021,993.885
BASE,COLAPSO_LOGISTICO-CRITICA-N01,RECOCIDO_SIMULADO,0,42,24,1061,993.885
BASE,COLAPSO_LOGISTICO-CRITICA-N01,RECOCIDO_SIMULADO,0,42,25,1101,993.885
BASE,COLAPSO_LOGISTICO-CRITICA-N01,RECOCIDO_SIMULADO,0,42,26,1141,993.885
BASE,COLAPSO_LOGISTICO-CRITICA-N01,RECOCIDO_SIMULADO,0,42,27,1181,993.885
BASE,COLAPSO_LOGISTICO-CRITICA-N01,RECOCIDO_SIMULADO,0,42,28,1221,993.885
BASE,COLAPSO_LOGISTICO-CRITICA-N01,RECOCIDO_SIMULADO,0,42,29,1261,993.885
BASE,COLAPSO_LOGISTICO-CRITICA-N01,RECOCIDO_SIMULADO,0,42,30,1301,993.885
BASE,COLAPSO_LOGISTICO-CRITICA-N01,RECOCIDO_SIMULADO,0,42,31,1341,993.885
BASE,COLAPSO_LOGISTICO-CRITICA-N01,RECOCIDO_SIMULADO,0,42,32,1381,993.885
BASE,COLAPSO_LOGISTICO-CRITICA-N01,RECOCIDO_SIMULADO,0,42,33,1421,993.885
BASE,COLAPSO_LOGISTICO-CRITICA-N01,RECOCIDO_SIMULADO,0,42,34,1461,993.885
BASE,COLAPSO_LOGISTICO-CRITICA-N01,RECOCIDO_SIMULADO,0,42,35,1501,993.885
BASE,COLAPSO_LOGISTICO-CRITICA-N01,RECOCIDO_SIMULADO,0,42,36,1541,993.885
BASE,COLAPSO_LOGISTICO-CRITICA-N01,RECOCIDO_SIMULADO,0,42,37,1581,993.885
BASE,COLAPSO_LOGISTICO-CRITICA-N01,RECOCIDO_SIMULADO,0,42,38,1621,993.885
BASE,COLAPSO_LOGISTICO-CRITICA-N01,RECOCIDO_SIMULADO,0,42,39,1661,993.885
BASE,COLAPSO_LOGISTICO-CRITICA-N01,RECOCIDO_SIMULADO,0,42,40,1701,993.885
BASE,COLAPSO_LOGISTICO-CRITICA-N01,RECOCIDO_SIMULADO,0,42,41,1741,993.885
BASE,COLAPSO_LOGISTICO-CRITICA-N01,RECOCIDO_SIMULADO,0,42,42,1781,993.885
BASE,COLAPSO_LOGISTICO-CRITICA-N01,RECOCIDO_SIMULADO,0,42,43,1821,993.885
BASE,COLAPSO_LOGISTICO-CRITICA-N01,RECOCIDO_SIMULADO,0,42,44,1861,993.885
BASE,COLAPSO_LOGISTICO-CRITICA-N01,RECOCIDO_SIMULADO,0,42,45,1901,993.885
BASE,COLAPSO_LOGISTICO-CRITICA-N01,RECOCIDO_SIMULADO,0,42,46,1941,993.885
BASE,COLAPSO_LOGISTICO-CRITICA-N01,RECOCIDO_SIMULADO,0,42,47,1981,993.885
BASE,COLAPSO_LOGISTICO-CRITICA-N01,RECOCIDO_SIMULADO,0,42,48,2021,993.885
BASE,COLAPSO_LOGISTICO-CRITICA-N01,RECOCIDO_SIMULADO,0,42,49,2061,993.885
BASE,COLAPSO_LOGISTICO-CRITICA-N01,RECOCIDO_SIMULADO,0,42,50,2101,993.885
BASE,COLAPSO_LOGISTICO-CRITICA-N01,RECOCIDO_SIMULADO,0,42,51,2141,993.885
BASE,COLAPSO_LOGISTICO-CRITICA-N01,RECOCIDO_SIMULADO,0,42,52,2181,993.885
BASE,COLAPSO_LOGISTICO-CRITICA-N01,RECOCIDO_SIMULADO,0,42,53,2221,993.885
BASE,COLAPSO_LOGISTICO-CRITICA-N01,RECOCIDO_SIMULADO,0,42,54,2261,993.885
BASE,COLAPSO_LOGISTICO-CRITICA-N01,RECOCIDO_SIMULADO,0,42,55,2301,993.885
BASE,COLAPSO_LOGISTICO-CRITICA-N01,RECOCIDO_SIMULADO,0,42,56,2341,993.885
BASE,COLAPSO_LOGISTICO-CRITICA-N01,RECOCIDO_SIMULADO,0,42,57,2381,993.885
BASE,COLAPSO_LOGISTICO-CRITICA-N01,RECOCIDO_SIMULADO,0,42,58,2421,993.885
BASE,COLAPSO_LOGISTICO-CRITICA-N01,RECOCIDO_SIMULADO,0,42,59,2461,993.885
BASE,COLAPSO_LOGISTICO-CRITICA-N01,RECOCIDO_SIMULADO,0,42,60,2501,993.885
BASE,COLAPSO_LOGISTICO-CRITICA-N01,RECOCIDO_SIMULADO,0,42,61,2541,993.885
BASE,COLAPSO_LOGISTICO-CRITICA-N01,RECOCIDO_SIMULADO,0,42,62,2581,993.885
BASE,COLAPSO_LOGISTICO-CRITICA-N01,RECOCIDO_SIMULADO,0,42,63,2621,993.885
BASE,COLAPSO_LOGISTICO-CRITICA-N01,RECOCIDO_SIMULADO,0,42,64,2661,993.885
BASE,COLAPSO_LOGISTICO-CRITICA-N01,RECOCIDO_SIMULADO,0,42,65,2701,993.885
BASE,COLAPSO_LOGISTICO-CRITICA-N01,RECOCIDO_SIMULADO,0,42,66,2741,993.885
BASE,COLAPSO_LOGISTICO-CRITICA-N01,RECOCIDO_SIMULADO,0,42,67,2781,993.885
BASE,COLAPSO_LOGISTICO-CRITICA-N01,RECOCIDO_SIMULADO,0,42,68,2821,993.885
BASE,COLAPSO_LOGISTICO-CRITICA-N01,RECOCIDO_SIMULADO,1,43,0,101,993.885
BASE,COLAPSO_LOGISTICO-CRITICA-N01,RECOCIDO_SIMULADO,1,43,1,141,992.5
BASE,COLAPSO_LOGISTICO-CRITICA-N01,RECOCIDO_SIMULADO,1,43,2,181,992.5
BASE,COLAPSO_LOGISTICO-CRITICA-N01,RECOCIDO_SIMULADO,1,43,3,221,992.5
BASE,COLAPSO_LOGISTICO-CRITICA-N01,RECOCIDO_SIMULADO,1,43,4,261,992.5
BASE,COLAPSO_LOGISTICO-CRITICA-N01,RECOCIDO_SIMULADO,1,43,5,301,992.5
BASE,COLAPSO_LOGISTICO-CRITICA-N01,RECOCIDO_SIMULADO,1,43,6,341,992.5
BASE,COLAPSO_LOGISTICO-CRITICA-N01,RECOCIDO_SIMULADO,1,43,7,381,992.5
BASE,COLAPSO_LOGISTICO-CRITICA-N01,RECOCIDO_SIMULADO,1,43,8,421,992.5
BASE,COLAPSO_LOGISTICO-CRITICA-N01,RECOCIDO_SIMULADO,1,43,9,461,992.5
BASE,COLAPSO_LOGISTICO-CRITICA-N01,RECOCIDO_SIMULADO,1,43,10,501,992.5
BASE,COLAPSO_LOGISTICO-CRITICA-N01,RECOCIDO_SIMULADO,1,43,11,541,992.5
BASE,COLAPSO_LOGISTICO-CRITICA-N01,RECOCIDO_SIMULADO,1,43,12,581,992.5
BASE,COLAPSO_LOGISTICO-CRITICA-N01,RECOCIDO_SIMULADO,1,43,13,621,992.5
BASE,COLAPSO_LOGISTICO-CRITICA-N01,RECOCIDO_SIMULADO,1,43,14,661,992.5
BASE,COLAPSO_LOGISTICO-CRITICA-N01,RECOCIDO_SIMULADO,1,43,15,701,992.5
BASE,COLAPSO_LOGISTICO-CRITICA-N01,RECOCIDO_SIMULADO,1,43,16,741,992.5
BASE,COLAPSO_LOGISTICO-CRITICA-N01,RECOCIDO_SIMULADO,1,43,17,781,992.5
BASE,COLAPSO_LOGISTICO-CRITICA-N01,RECOCIDO_SIMULADO,1,43,18,821,992.5
BASE,COLAPSO_LOGISTICO-CRITICA-N01,RECOCIDO_SIMULADO,1,43,19,861,992.5
BASE,COLAPSO_LOGISTICO-CRITICA-N01,RECOCIDO_SIMULADO,1,43,20,901,992.5
BASE,COLAPSO_LOGISTICO-CRITICA-N01,RECOCIDO_SIMULADO,1,43,21,941,992.5
BASE,COLAPSO_LOGISTICO-CRITICA-N01,RECOCIDO_SIMULADO,1,43,22,981,992.5
BASE,COLAPSO_LOGISTICO-CRITICA-N01,RECOCIDO_SIMULADO,1,43,23,1021,992.5
BASE,COLAPSO_LOGISTICO-CRITICA-N01,RECOCIDO_SIMULADO,1,43,24,1061,992.5
BASE,COLAPSO_LOGISTICO-CRITICA-N01,RECOCIDO_SIMULADO,1,43,25,1101,992.5
BASE,COLAPSO_LOGISTICO-CRITICA-N01,RECOCIDO_SIMULADO,1,43,26,1141,992.5
BASE,COLAPSO_LOGISTICO-CRITICA-N01,RECOCIDO_SIMULADO,1,43,27,1181,992.5
BASE,COLAPSO_LOGISTICO-CRITICA-N01,RECOCIDO_SIMULADO,1,43,28,1221,992.5
BASE,COLAPSO_LOGISTICO-CRITICA-N01,RECOCIDO_SIMULADO,1,43,29,1261,992.5
BASE,COLAPSO_LOGISTICO-CRITICA-N01,RECOCIDO_SIMULADO,1,43,30,1301,992.5
BASE,COLAPSO_LOGISTICO-CRITICA-N01,RECOCIDO_SIMULADO,1,43,31,1341,992.5
BASE,COLAPSO_LOGISTICO-CRITICA-N01,RECOCIDO_SIMULADO,1,43,32,1381,992.5
BASE,COLAPSO_LOGISTICO-CRITICA-N01,RECOCIDO_SIMULADO,1,43,33,1421,992.5
BASE,COLAPSO_LOGISTICO-CRITICA-N01,RECOCIDO_SIMULADO,1,43,34,1461,992.5
BASE,COLAPSO_LOGISTICO-CRITICA-N01,RECOCIDO_SIMULADO,1,43,35,1501,992.5
BASE,COLAPSO_LOGISTICO-CRITICA-N01,RECOCIDO_SIMULADO,1,43,36,1541,992.5
BASE,COLAPSO_LOGISTICO-CRITICA-N01,RECOCIDO_SIMULADO,1,43,37,1581,992.5
BASE,COLAPSO_LOGISTICO-CRITICA-N01,RECOCIDO_SIMULADO,1,43,38,1621,992.5
BASE,COLAPSO_LOGISTICO-CRITICA-N01,RECOCIDO_SIMULADO,1,43,39,1661,992.5
BASE,COLAPSO_LOGISTICO-CRITICA-N01,RECOCIDO_SIMULADO,1,43,40,1701,992.5
BASE,COLAPSO_LOGISTICO-CRITICA-N01,RECOCIDO_SIMULADO,1,43,41,1741,992.5
BASE,COLAPSO_LOGISTICO-CRITICA-N01,RECOCIDO_SIMULADO,1,43,42,1781,992.5
BASE,COLAPSO_LOGISTICO-CRITICA-N01,RECOCIDO_SIMULADO,1,43,43,1821,992.5
BASE,COLAPSO_LOGISTICO-CRITICA-N01,RECOCIDO_SIMULADO,1,43,44,1861,992.5
BASE,COLAPSO_LOGISTICO-CRITICA-N01,RECOCIDO_SIMULADO,1,43,45,1901,992.5
BASE,COLAPSO_LOGISTICO-CRITICA-N01,RECOCIDO_SIMULADO,1,43,46,1941,992.5
BASE,COLAPSO_LOGISTICO-CRITICA-N01,RECOCIDO_SIMULADO,1,43,47,1981,992.5
BASE,COLAPSO_LOGISTICO-CRITICA-N01,RECOCIDO_SIMULADO,1,43,48,2021,992.5
BASE,COLAPSO_LOGISTICO-CRITICA-N01,RECOCIDO_SIMULADO,1,43,49,2061,992.5
BASE,COLAPSO_LOGISTICO-CRITICA-N01,RECOCIDO_SIMULADO,1,43,50,2101,992.5
BASE,COLAPSO_LOGISTICO-CRITICA-N01,RECOCIDO_SIMULADO,1,43,51,2141,992.5
BASE,COLAPSO_LOGISTICO-CRITICA-N01,RECOCIDO_SIMULADO,1,43,52,2181,992.5
BASE,COLAPSO_LOGISTICO-CRITICA-N01,RECOCIDO_SIMULADO,1,43,53,2221,992.5
BASE,COLAPSO_LOGISTICO-CRITICA-N01,RECOCIDO_SIMULADO,1,43,54,2261,992.5
BASE,COLAPSO_LOGISTICO-CRITICA-N01,RECOCIDO_SIMULADO,1,43,55,2301,992.5
BASE,COLAPSO_LOGISTICO-CRITICA-N01,RECOCIDO_SIMULADO,1,43,56,2341,992.5
BASE,COLAPSO_LOGISTICO-CRITICA-N01,RECOCIDO_SIMULADO,1,43,57,2381,992.5
BASE,COLAPSO_LOGISTICO-CRITICA-N01,RECOCIDO_SIMULADO,1,43,58,2421,992.5
BASE,COLAPSO_LOGISTICO-CRITICA-N01,RECOCIDO_SIMULADO,1,43,59,2461,992.5
BASE,COLAPSO_LOGISTICO-CRITICA-N01,RECOCIDO_SIMULADO,1,43,60,2501,992.5
BASE,COLAPSO_LOGISTICO-CRITICA-N01,GENETICO,1,43,0,60,993.885
BASE,COLAPSO_LOGISTICO-CRITICA-N01,GENETICO,1,43,1,120,992.985
BASE,COLAPSO_LOGISTICO-CRITICA-N01,GENETICO,1,43,2,180,992.608333
BASE,COLAPSO_LOGISTICO-CRITICA-N01,GENETICO,1,43,3,240,992.135
BASE,COLAPSO_LOGISTICO-CRITICA-N01,GENETICO,1,43,4,300,992.135
BASE,COLAPSO_LOGISTICO-CRITICA-N01,GENETICO,1,43,5,360,992.135
BASE,COLAPSO_LOGISTICO-CRITICA-N01,GENETICO,1,43,6,420,991.805
BASE,COLAPSO_LOGISTICO-CRITICA-N01,GENETICO,1,43,7,480,991.088333
BASE,COLAPSO_LOGISTICO-CRITICA-N01,GENETICO,1,43,8,540,990.188333
BASE,COLAPSO_LOGISTICO-CRITICA-N01,GENETICO,1,43,9,600,989.855
BASE,COLAPSO_LOGISTICO-CRITICA-N01,GENETICO,1,43,10,660,989.255
BASE,COLAPSO_LOGISTICO-CRITICA-N01,GENETICO,1,43,11,720,989.255
BASE,COLAPSO_LOGISTICO-CRITICA-N01,GENETICO,1,43,12,780,988.355
BASE,COLAPSO_LOGISTICO-CRITICA-N01,GENETICO,1,43,13,840,988.355
BASE,COLAPSO_LOGISTICO-CRITICA-N01,GENETICO,1,43,14,900,987.718333
BASE,COLAPSO_LOGISTICO-CRITICA-N01,GENETICO,1,43,15,960,987.718333
BASE,COLAPSO_LOGISTICO-CRITICA-N01,GENETICO,1,43,16,1020,987.718333
BASE,COLAPSO_LOGISTICO-CRITICA-N01,GENETICO,1,43,17,1080,987.718333
BASE,COLAPSO_LOGISTICO-CRITICA-N01,GENETICO,1,43,18,1140,987.718333
BASE,COLAPSO_LOGISTICO-CRITICA-N01,GENETICO,1,43,19,1200,987.718333
BASE,COLAPSO_LOGISTICO-CRITICA-N01,GENETICO,1,43,20,1260,987.718333
BASE,COLAPSO_LOGISTICO-CRITICA-N01,GENETICO,1,43,21,1320,987.518333
BASE,COLAPSO_LOGISTICO-CRITICA-N01,GENETICO,1,43,22,1380,987.518333
BASE,COLAPSO_LOGISTICO-CRITICA-N01,GENETICO,1,43,23,1440,987.368333
BASE,COLAPSO_LOGISTICO-CRITICA-N01,GENETICO,1,43,24,1500,987.368333
BASE,COLAPSO_LOGISTICO-CRITICA-N01,GENETICO,1,43,25,1560,987.368333
BASE,COLAPSO_LOGISTICO-CRITICA-N01,GENETICO,1,43,26,1620,987.368333
BASE,COLAPSO_LOGISTICO-CRITICA-N01,GENETICO,1,43,27,1680,984.893333
BASE,COLAPSO_LOGISTICO-CRITICA-N01,GENETICO,1,43,28,1740,984.893333
BASE,COLAPSO_LOGISTICO-CRITICA-N01,GENETICO,1,43,29,1800,984.443333
BASE,COLAPSO_LOGISTICO-CRITICA-N01,GENETICO,1,43,30,1860,984.443333
BASE,COLAPSO_LOGISTICO-CRITICA-N01,GENETICO,1,43,31,1920,984.443333
BASE,COLAPSO_LOGISTICO-CRITICA-N01,GENETICO,1,43,32,1980,984.443333
BASE,COLAPSO_LOGISTICO-CRITICA-N01,GENETICO,1,43,33,2040,984.443333
BASE,COLAPSO_LOGISTICO-CRITICA-N01,GENETICO,1,43,34,2100,984.443333
BASE,COLAPSO_LOGISTICO-CRITICA-N01,GENETICO,1,43,35,2160,984.443333
BASE,COLAPSO_LOGISTICO-CRITICA-N01,GENETICO,1,43,36,2220,984.443333
BASE,COLAPSO_LOGISTICO-CRITICA-N01,GENETICO,1,43,37,2280,984.443333
BASE,COLAPSO_LOGISTICO-CRITICA-N01,GENETICO,1,43,38,2340,983.593333
BASE,COLAPSO_LOGISTICO-CRITICA-N01,GENETICO,1,43,39,2400,983.593333
BASE,COLAPSO_LOGISTICO-CRITICA-N01,GENETICO,1,43,40,2460,983.593333
BASE,COLAPSO_LOGISTICO-CRITICA-N01,GENETICO,1,43,41,2520,983.593333
BASE,COLAPSO_LOGISTICO-CRITICA-N01,GENETICO,1,43,42,2580,983.593333
BASE,COLAPSO_LOGISTICO-CRITICA-N01,GENETICO,1,43,43,2640,983.593333
BASE,COLAPSO_LOGISTICO-CRITICA-N01,GENETICO,1,43,44,2700,983.593333
BASE,COLAPSO_LOGISTICO-CRITICA-N01,GENETICO,1,43,45,2760,983.593333
BASE,COLAPSO_LOGISTICO-CRITICA-N01,GENETICO,1,43,46,2820,983.593333
BASE,COLAPSO_LOGISTICO-CRITICA-N01,GENETICO,1,43,47,2880,983.593333
BASE,COLAPSO_LOGISTICO-CRITICA-N01,GENETICO,1,43,48,2940,983.593333
BASE,COLAPSO_LOGISTICO-CRITICA-N01,GENETICO,1,43,49,3000,983.593333
BASE,COLAPSO_LOGISTICO-CRITICA-N01,GENETICO,1,43,50,3060,983.593333
BASE,COLAPSO_LOGISTICO-CRITICA-N01,GENETICO,1,43,51,3120,983.593333
BASE,COLAPSO_LOGISTICO-CRITICA-N01,GENETICO,1,43,52,3180,983.593333
BASE,COLAPSO_LOGISTICO-CRITICA-N01,GENETICO,1,43,53,3240,983.593333
BASE,COLAPSO_LOGISTICO-CRITICA-N01,GENETICO,1,43,54,3300,983.593333
BASE,COLAPSO_LOGISTICO-CRITICA-N01,GENETICO,1,43,55,3360,983.593333
BASE,COLAPSO_LOGISTICO-CRITICA-N01,GENETICO,1,43,56,3420,983.593333
BASE,COLAPSO_LOGISTICO-CRITICA-N01,GENETICO,1,43,57,3480,983.593333
BASE,COLAPSO_LOGISTICO-CRITICA-N01,GENETICO,1,43,58,3540,983.593333
BASE,COLAPSO_LOGISTICO-CRITICA-N01,GENETICO,1,43,59,3600,983.593333
BASE,COLAPSO_LOGISTICO-CRITICA-N01,GENETICO,1,43,60,3660,983.593333
BASE,COLAPSO_LOGISTICO-CRITICA-N01,GENETICO,1,43,61,3720,983.593333
BASE,COLAPSO_LOGISTICO-CRITICA-N01,GENETICO,1,43,62,3780,983.593333
BASE,COLAPSO_LOGISTICO-CRITICA-N01,GENETICO,1,43,63,3840,983.593333
BASE,COLAPSO_LOGISTICO-CRITICA-N01,GENETICO,1,43,64,3900,983.593333
BASE,COLAPSO_LOGISTICO-CRITICA-N01,GENETICO,1,43,65,3960,983.593333
BASE,COLAPSO_LOGISTICO-CRITICA-N01,GENETICO,1,43,66,4020,983.593333
BASE,COLAPSO_LOGISTICO-CRITICA-N01,GENETICO,1,43,67,4080,983.593333
BASE,COLAPSO_LOGISTICO-CRITICA-N01,GENETICO,1,43,68,4140,983.593333
BASE,COLAPSO_LOGISTICO-CRITICA-N01,GENETICO,1,43,69,4200,983.593333
BASE,COLAPSO_LOGISTICO-CRITICA-N01,GENETICO,1,43,70,4260,983.593333
BASE,COLAPSO_LOGISTICO-CRITICA-N01,GENETICO,1,43,71,4320,983.593333
BASE,COLAPSO_LOGISTICO-CRITICA-N01,GENETICO,1,43,72,4380,983.593333
BASE,COLAPSO_LOGISTICO-CRITICA-N01,GENETICO,1,43,73,4440,983.593333
BASE,COLAPSO_LOGISTICO-CRITICA-N01,GENETICO,1,43,74,4500,983.593333
BASE,COLAPSO_LOGISTICO-CRITICA-N01,GENETICO,1,43,75,4560,983.593333
BASE,COLAPSO_LOGISTICO-CRITICA-N01,GENETICO,1,43,76,4620,983.593333
BASE,COLAPSO_LOGISTICO-CRITICA-N01,GENETICO,1,43,77,4680,983.593333
BASE,COLAPSO_LOGISTICO-CRITICA-N01,GENETICO,1,43,78,4740,983.593333
BASE,COLAPSO_LOGISTICO-CRITICA-N01,GENETICO,1,43,79,4800,983.593333
BASE,COLAPSO_LOGISTICO-CRITICA-N01,GENETICO,1,43,80,4860,983.593333
BASE,COLAPSO_LOGISTICO-CRITICA-N01,GENETICO,1,43,81,4920,983.593333
BASE,COLAPSO_LOGISTICO-CRITICA-N01,GENETICO,1,43,82,4980,983.593333
BASE,COLAPSO_LOGISTICO-CRITICA-N01,GENETICO,1,43,83,5040,983.593333
BASE,COLAPSO_LOGISTICO-CRITICA-N01,GENETICO,1,43,84,5100,983.593333
BASE,COLAPSO_LOGISTICO-CRITICA-N01,GENETICO,1,43,85,5160,983.593333
BASE,COLAPSO_LOGISTICO-CRITICA-N01,GENETICO,1,43,86,5220,983.593333
BASE,COLAPSO_LOGISTICO-CRITICA-N01,GENETICO,1,43,87,5280,983.593333
BASE,COLAPSO_LOGISTICO-CRITICA-N01,GENETICO,1,43,88,5340,983.593333
BASE,COLAPSO_LOGISTICO-CRITICA-N01,GENETICO,1,43,89,5400,983.593333
BASE,COLAPSO_LOGISTICO-CRITICA-N01,GENETICO,1,43,90,5460,983.593333
BASE,COLAPSO_LOGISTICO-CRITICA-N01,GENETICO,1,43,91,5520,983.593333
BASE,COLAPSO_LOGISTICO-CRITICA-N01,GENETICO,1,43,92,5580,983.593333
BASE,COLAPSO_LOGISTICO-CRITICA-N01,GENETICO,1,43,93,5640,983.593333
BASE,COLAPSO_LOGISTICO-CRITICA-N01,GENETICO,1,43,94,5700,983.593333
BASE,COLAPSO_LOGISTICO-CRITICA-N01,GENETICO,1,43,95,5760,983.593333
BASE,COLAPSO_LOGISTICO-CRITICA-N01,GENETICO,1,43,96,5820,983.593333
BASE,COLAPSO_LOGISTICO-CRITICA-N01,GENETICO,1,43,97,5880,983.593333
BASE,COLAPSO_LOGISTICO-CRITICA-N01,GENETICO,1,43,98,5940,983.593333
BASE,COLAPSO_LOGISTICO-CRITICA-N01,GENETICO,1,43,99,6000,983.593333
BASE,COLAPSO_LOGISTICO-CRITICA-N01,GENETICO,1,43,100,6060,983.593333
BASE,COLAPSO_LOGISTICO-CRITICA-N01,GENETICO,1,43,101,6120,983.593333
BASE,COLAPSO_LOGISTICO-CRITICA-N01,GENETICO,1,43,102,6180,983.593333
BASE,COLAPSO_LOGISTICO-CRITICA-N01,GENETICO,1,43,103,6240,983.593333
BASE,COLAPSO_LOGISTICO-CRITICA-N01,GENETICO,1,43,104,6300,983.593333
BASE,COLAPSO_LOGISTICO-CRITICA-N01,GENETICO,1,43,105,6360,983.593333
BASE,COLAPSO_LOGISTICO-CRITICA-N01,GENETICO,1,43,106,6420,983.593333
BASE,COLAPSO_LOGISTICO-CRITICA-N01,GENETICO,1,43,107,6480,983.593333
BASE,COLAPSO_LOGISTICO-CRITICA-N01,GENETICO,1,43,108,6540,983.593333
BASE,COLAPSO_LOGISTICO-CRITICA-N01,GENETICO,1,43,109,6600,983.593333
BASE,COLAPSO_LOGISTICO-CRITICA-N01,GENETICO,1,43,110,6660,983.593333
BASE,COLAPSO_LOGISTICO-CRITICA-N01,GENETICO,1,43,111,6720,983.593333
BASE,COLAPSO_LOGISTICO-CRITICA-N01,GENETICO,1,43,112,6780,983.593333
BASE,COLAPSO_LOGISTICO-CRITICA-N01,GENETICO,1,43,113,6840,983.593333
BASE,COLAPSO_LOGISTICO-CRITICA-N01,GENETICO,1,43,114,6900,983.593333
BASE,COLAPSO_LOGISTICO-CRITICA-N01,GENETICO,1,43,115,6960,983.593333
BASE,COLAPSO_LOGISTICO-CRITICA-N01,GENETICO,1,43,116,7020,982.643333
BASE,COLAPSO_LOGISTICO-CRITICA-N01,GENETICO,1,43,117,7080,982.643333
BASE,COLAPSO_LOGISTICO-CRITICA-N01,GENETICO,1,43,118,7140,982.643333
BASE,COLAPSO_LOGISTICO-CRITICA-N01,GENETICO,1,43,119,7200,982.643333
BASE,COLAPSO_LOGISTICO-CRITICA-N01,GENETICO,1,43,120,7260,982.643333
BASE,COLAPSO_LOGISTICO-CRITICA-N01,GENETICO,1,43,121,7320,982.643333
BASE,COLAPSO_LOGISTICO-CRITICA-N01,GENETICO,1,43,122,7380,982.643333
BASE,COLAPSO_LOGISTICO-CRITICA-N01,GENETICO,1,43,123,7440,982.643333
BASE,COLAPSO_LOGISTICO-CRITICA-N01,GENETICO,1,43,124,7500,982.643333
BASE,COLAPSO_LOGISTICO-CRITICA-N01,GENETICO,1,43,125,7560,982.643333
BASE,COLAPSO_LOGISTICO-CRITICA-N01,GENETICO,1,43,126,7620,982.643333
BASE,COLAPSO_LOGISTICO-CRITICA-N01,GENETICO,1,43,127,7680,982.643333
BASE,COLAPSO_LOGISTICO-CRITICA-N01,GENETICO,1,43,128,7740,982.643333
BASE,COLAPSO_LOGISTICO-CRITICA-N01,GENETICO,1,43,129,7800,982.643333
BASE,COLAPSO_LOGISTICO-CRITICA-N01,GENETICO,1,43,130,7860,982.643333
BASE,COLAPSO_LOGISTICO-CRITICA-N01,GENETICO,1,43,131,7920,982.643333
BASE,COLAPSO_LOGISTICO-CRITICA-N01,GENETICO,1,43,132,7980,982.643333
BASE,COLAPSO_LOGISTICO-CRITICA-N01,GENETICO,1,43,133,8040,982.643333
BASE,COLAPSO_LOGISTICO-CRITICA-N01,GENETICO,1,43,134,8100,982.643333
BASE,COLAPSO_LOGISTICO-CRITICA-N01,GENETICO,1,43,135,8160,982.643333
BASE,COLAPSO_LOGISTICO-CRITICA-N01,GENETICO,1,43,136,8220,982.398333
BASE,COLAPSO_LOGISTICO-CRITICA-N01,GENETICO,1,43,137,8280,982.398333
BASE,COLAPSO_LOGISTICO-CRITICA-N01,GENETICO,1,43,138,8340,982.398333
BASE,COLAPSO_LOGISTICO-CRITICA-N01,GENETICO,1,43,139,8400,982.398333
BASE,COLAPSO_LOGISTICO-CRITICA-N01,GENETICO,1,43,140,8460,982.398333
BASE,COLAPSO_LOGISTICO-CRITICA-N01,GENETICO,1,43,141,8520,982.398333
BASE,COLAPSO_LOGISTICO-CRITICA-N01,GENETICO,1,43,142,8580,982.398333
BASE,COLAPSO_LOGISTICO-CRITICA-N01,GENETICO,1,43,143,8640,982.398333
BASE,COLAPSO_LOGISTICO-CRITICA-N01,GENETICO,1,43,144,8700,982.398333
BASE,COLAPSO_LOGISTICO-CRITICA-N01,GENETICO,1,43,145,8760,982.398333
BASE,COLAPSO_LOGISTICO-CRITICA-N01,GENETICO,1,43,146,8820,982.398333
BASE,COLAPSO_LOGISTICO-CRITICA-N01,GENETICO,1,43,147,8880,982.398333
BASE,COLAPSO_LOGISTICO-CRITICA-N01,GENETICO,1,43,148,8940,982.398333
BASE,COLAPSO_LOGISTICO-CRITICA-N01,GENETICO,1,43,149,9000,982.398333
BASE,COLAPSO_LOGISTICO-CRITICA-N01,GENETICO,1,43,150,9060,982.398333
