variante,escenario,algoritmo,repeticion,vehiculo,almacen_origen,orden,id_pedido
BASE,OPERACION_DIARIA-NORMAL-N01,GENETICO,0,TA02,ALM-CENTRAL,1,18
BASE,OPERACION_DIARIA-NORMAL-N01,GENETICO,0,TA03,ALM-CENTRAL,1,14
BASE,OPERACION_DIARIA-NORMAL-N01,GENETICO,0,TA04,ALM-CENTRAL,1,20
BASE,OPERACION_DIARIA-NORMAL-N01,GENETICO,0,TA05,ALM-CENTRAL,1,4
BASE,OPERACION_DIARIA-NORMAL-N01,GENETICO,0,TA06,ALM-CENTRAL,1,15
BASE,OPERACION_DIARIA-NORMAL-N01,GENETICO,0,TA07,ALM-CENTRAL,1,22
BASE,OPERACION_DIARIA-NORMAL-N01,GENETICO,0,TA08,ALM-CENTRAL,1,16
BASE,OPERACION_DIARIA-NORMAL-N01,GENETICO,0,TA08,ALM-CENTRAL,2,17
BASE,OPERACION_DIARIA-NORMAL-N01,GENETICO,0,TA09,ALM-CENTRAL,1,8
BASE,OPERACION_DIARIA-NORMAL-N01,GENETICO,0,TA10,ALM-CENTRAL,1,6
BASE,OPERACION_DIARIA-NORMAL-N01,GENETICO,0,TM01,ALM-CENTRAL,1,23
BASE,OPERACION_DIARIA-NORMAL-N01,GENETICO,0,TM02,ALM-CENTRAL,1,12
BASE,OPERACION_DIARIA-NORMAL-N01,GENETICO,0,TM03,ALM-CENTRAL,1,2
BASE,OPERACION_DIARIA-NORMAL-N01,GENETICO,0,TM04,ALM-CENTRAL,1,3
BASE,OPERACION_DIARIA-NORMAL-N01,GENETICO,0,TM05,ALM-CENTRAL,1,21
BASE,OPERACION_DIARIA-NORMAL-N01,GENETICO,0,TM06,ALM-CENTRAL,1,13
BASE,OPERACION_DIARIA-NORMAL-N01,GENETICO,0,TM07,ALM-CENTRAL,1,11
BASE,OPERACION_DIARIA-NORMAL-N01,GENETICO,0,TM08,ALM-CENTRAL,1,1
BASE,OPERACION_DIARIA-NORMAL-N01,GENETICO,0,TM09,ALM-CENTRAL,1,9
BASE,OPERACION_DIARIA-NORMAL-N01,GENETICO,0,TM10,ALM-CENTRAL,1,7
BASE,OPERACION_DIARIA-NORMAL-N01,GENETICO,0,TM11,ALM-CENTRAL,1,19
BASE,OPERACION_DIARIA-NORMAL-N01,GENETICO,0,TM12,ALM-CENTRAL,1,5
BASE,OPERACION_DIARIA-NORMAL-N01,GENETICO,0,TM13,ALM-CENTRAL,1,24
BASE,OPERACION_DIARIA-NORMAL-N01,GENETICO,0,TM14,ALM-CENTRAL,1,10
BASE,OPERACION_DIARIA-NORMAL-N01,GENETICO,0,TM15,ALM-CENTRAL,1,25
BASE,OPERACION_DIARIA-NORMAL-N01,RECOCIDO_SIMULADO,0,TA02,ALM-CENTRAL,1,6
BASE,OPERACION_DIARIA-NORMAL-N01,RECOCIDO_SIMULADO,0,TA03,ALM-CENTRAL,1,9
BASE,OPERACION_DIARIA-NORMAL-N01,RECOCIDO_SIMULADO,0,TA04,ALM-CENTRAL,1,2
BASE,OPERACION_DIARIA-NORMAL-N01,RECOCIDO_SIMULADO,0,TA05,ALM-CENTRAL,1,11
BASE,OPERACION_DIARIA-NORMAL-N01,RECOCIDO_SIMULADO,0,TA06,ALM-CENTRAL,1,19
BASE,OPERACION_DIARIA-NORMAL-N01,RECOCIDO_SIMULADO,0,TA07,ALM-CENTRAL,1,23
BASE,OPERACION_DIARIA-NORMAL-N01,RECOCIDO_SIMULADO,0,TA07,ALM-CENTRAL,2,17
BASE,OPERACION_DIARIA-NORMAL-N01,RECOCIDO_SIMULADO,0,TA08,ALM-CENTRAL,1,22
BASE,OPERACION_DIARIA-NORMAL-N01,RECOCIDO_SIMULADO,0,TA09,ALM-CENTRAL,1,8
BASE,OPERACION_DIARIA-NORMAL-N01,RECOCIDO_SIMULADO,0,TA10,ALM-CENTRAL,1,16
BASE,OPERACION_DIARIA-NORMAL-N01,RECOCIDO_SIMULADO,0,TM01,ALM-CENTRAL,1,18
BASE,OPERACION_DIARIA-NORMAL-N01,RECOCIDO_SIMULADO,0,TM02,ALM-CENTRAL,1,24
BASE,OPERACION_DIARIA-NORMAL-N01,RECOCIDO_SIMULADO,0,TM03,ALM-CENTRAL,1,4
BASE,OPERACION_DIARIA-NORMAL-N01,RECOCIDO_SIMULADO,0,TM04,ALM-CENTRAL,1,5
BASE,OPERACION_DIARIA-NORMAL-N01,RECOCIDO_SIMULADO,0,TM05,ALM-CENTRAL,1,12
BASE,OPERACION_DIARIA-NORMAL-N01,RECOCIDO_SIMULADO,0,TM06,ALM-CENTRAL,1,13
BASE,OPERACION_DIARIA-NORMAL-N01,RECOCIDO_SIMULADO,0,TM07,ALM-CENTRAL,1,20
BASE,OPERACION_DIARIA-NORMAL-N01,RECOCIDO_SIMULADO,0,TM08,ALM-CENTRAL,1,1
BASE,OPERACION_DIARIA-NORMAL-N01,RECOCIDO_SIMULADO,0,TM09,ALM-CENTRAL,1,3
BASE,OPERACION_DIARIA-NORMAL-N01,RECOCIDO_SIMULADO,0,TM10,ALM-CENTRAL,1,7
BASE,OPERACION_DIARIA-NORMAL-N01,RECOCIDO_SIMULADO,0,TM11,ALM-CENTRAL,1,10
BASE,OPERACION_DIARIA-NORMAL-N01,RECOCIDO_SIMULADO,0,TM12,ALM-CENTRAL,1,14
BASE,OPERACION_DIARIA-NORMAL-N01,RECOCIDO_SIMULADO,0,TM13,ALM-CENTRAL,1,15
BASE,OPERACION_DIARIA-NORMAL-N01,RECOCIDO_SIMULADO,0,TM14,ALM-CENTRAL,1,21
BASE,OPERACION_DIARIA-NORMAL-N01,RECOCIDO_SIMULADO,0,TM15,ALM-CENTRAL,1,25
BASE,OPERACION_DIARIA-NORMAL-N01,RECOCIDO_SIMULADO,1,TA02,ALM-CENTRAL,1,6
BASE,OPERACION_DIARIA-NORMAL-N01,RECOCIDO_SIMULADO,1,TA03,ALM-CENTRAL,1,9
BASE,OPERACION_DIARIA-NORMAL-N01,RECOCIDO_SIMULADO,1,TA04,ALM-CENTRAL,1,2
BASE,OPERACION_DIARIA-NORMAL-N01,RECOCIDO_SIMULADO,1,TA05,ALM-CENTRAL,1,11
BASE,OPERACION_DIARIA-NORMAL-N01,RECOCIDO_SIMULADO,1,TA06,ALM-CENTRAL,1,19
BASE,OPERACION_DIARIA-NORMAL-N01,RECOCIDO_SIMULADO,1,TA07,ALM-CENTRAL,1,22
BASE,OPERACION_DIARIA-NORMAL-N01,RECOCIDO_SIMULADO,1,TA08,ALM-CENTRAL,1,23
BASE,OPERACION_DIARIA-NORMAL-N01,RECOCIDO_SIMULADO,1,TA08,ALM-CENTRAL,2,17
BASE,OPERACION_DIARIA-NORMAL-N01,RECOCIDO_SIMULADO,1,TA09,ALM-CENTRAL,1,8
BASE,OPERACION_DIARIA-NORMAL-N01,RECOCIDO_SIMULADO,1,TA10,ALM-CENTRAL,1,16
BASE,OPERACION_DIARIA-NORMAL-N01,RECOCIDO_SIMULADO,1,TM01,ALM-CENTRAL,1,18
BASE,OPERACION_DIARIA-NORMAL-N01,RECOCIDO_SIMULADO,1,TM02,ALM-CENTRAL,1,24
BASE,OPERACION_DIARIA-NORMAL-N01,RECOCIDO_SIMULADO,1,TM03,ALM-CENTRAL,1,4
BASE,OPERACION_DIARIA-NORMAL-N01,RECOCIDO_SIMULADO,1,TM04,ALM-CENTRAL,1,5
BASE,OPERACION_DIARIA-NORMAL-N01,RECOCIDO_SIMULADO,1,TM05,ALM-CENTRAL,1,12
BASE,OPERACION_DIARIA-NORMAL-N01,RECOCIDO_SIMULADO,1,TM06,ALM-CENTRAL,1,13
BASE,OPERACION_DIARIA-NORMAL-N01,RECOCIDO_SIMULADO,1,TM07,ALM-CENTRAL,1,20
BASE,OPERACION_DIARIA-NORMAL-N01,RECOCIDO_SIMULADO,1,TM08,ALM-CENTRAL,1,1
BASE,OPERACION_DIARIA-NORMAL-N01,RECOCIDO_SIMULADO,1,TM09,ALM-CENTRAL,1,3
BASE,OPERACION_DIARIA-NORMAL-N01,RECOCIDO_SIMULADO,1,TM10,ALM-CENTRAL,1,7
BASE,OPERACION_DIARIA-NORMAL-N01,RECOCIDO_SIMULADO,1,TM11,ALM-CENTRAL,1,10
BASE,OPERACION_DIARIA-NORMAL-N01,RECOCIDO_SIMULADO,1,TM12,ALM-CENTRAL,1,14
BASE,OPERACION_DIARIA-NORMAL-N01,RECOCIDO_SIMULADO,1,TM13,ALM-CENTRAL,1,15
BASE,OPERACION_DIARIA-NORMAL-N01,RECOCIDO_SIMULADO,1,TM14,ALM-CENTRAL,1,21
BASE,OPERACION_DIARIA-NORMAL-N01,RECOCIDO_SIMULADO,1,TM15,ALM-CENTRAL,1,25
BASE,OPERACION_DIARIA-NORMAL-N01,GENETICO,1,TA02,ALM-CENTRAL,1,4
BASE,OPERACION_DIARIA-NORMAL-N01,GENETICO,1,TA03,ALM-CENTRAL,1,9
BASE,OPERACION_DIARIA-NORMAL-N01,GENETICO,1,TA03,ALM-CENTRAL,2,15
BASE,OPERACION_DIARIA-NORMAL-N01,GENETICO,1,TA04,ALM-CENTRAL,1,20
BASE,OPERACION_DIARIA-NORMAL-N01,GENETICO,1,TA05,ALM-CENTRAL,1,8
BASE,OPERACION_DIARIA-NORMAL-N01,GENETICO,1,TA06,ALM-CENTRAL,1,22
BASE,OPERACION_DIARIA-NORMAL-N01,GENETICO,1,TA07,ALM-CENTRAL,1,17
BASE,OPERACION_DIARIA-NORMAL-N01,GENETICO,1,TA08,ALM-CENTRAL,1,6
BASE,OPERACION_DIARIA-NORMAL-N01,GENETICO,1,TA09,ALM-CENTRAL,1,14
BASE,OPERACION_DIARIA-NORMAL-N01,GENETICO,1,TA10,ALM-CENTRAL,1,18
BASE,OPERACION_DIARIA-NORMAL-N01,GENETICO,1,TM01,ALM-CENTRAL,1,13
BASE,OPERACION_DIARIA-NORMAL-N01,GENETICO,1,TM02,ALM-CENTRAL,1,1
BASE,OPERACION_DIARIA-NORMAL-N01,GENETICO,1,TM03,ALM-CENTRAL,1,16
BASE,OPERACION_DIARIA-NORMAL-N01,GENETICO,1,TM04,ALM-CENTRAL,1,11
BASE,OPERACION_DIARIA-NORMAL-N01,GENETICO,1,TM05,ALM-CENTRAL,1,21
BASE,OPERACION_DIARIA-NORMAL-N01,GENETICO,1,TM06,ALM-CENTRAL,1,25
BASE,OPERACION_DIARIA-NORMAL-N01,GENETICO,1,TM07,ALM-CENTRAL,1,3
BASE,OPERACION_DIARIA-NORMAL-N01,GENETICO,1,TM08,ALM-CENTRAL,1,10
BASE,OPERACION_DIARIA-NORMAL-N01,GENETICO,1,TM09,ALM-CENTRAL,1,2
BASE,OPERACION_DIARIA-NORMAL-N01,GENETICO,1,TM10,ALM-CENTRAL,1,23
BASE,OPERACION_DIARIA-NORMAL-N01,GENETICO,1,TM11,ALM-CENTRAL,1,12
BASE,OPERACION_DIARIA-NORMAL-N01,GENETICO,1,TM12,ALM-CENTRAL,1,19
BASE,OPERACION_DIARIA-NORMAL-N01,GENETICO,1,TM13,ALM-CENTRAL,1,24
BASE,OPERACION_DIARIA-NORMAL-N01,GENETICO,1,TM14,ALM-CENTRAL,1,5
BASE,OPERACION_DIARIA-NORMAL-N01,GENETICO,1,TM15,ALM-CENTRAL,1,7
BASE,OPERACION_DIARIA-ALTA-N01,GENETICO,0,TA03,ALM-CENTRAL,1,9
BASE,OPERACION_DIARIA-ALTA-N01,GENETICO,0,TA03,ALM-CENTRAL,2,30
BASE,OPERACION_DIARIA-ALTA-N01,GENETICO,0,TA03,ALM-CENTRAL,3,28
BASE,OPERACION_DIARIA-ALTA-N01,GENETICO,0,TA04,ALM-CENTRAL,1,7
BASE,OPERACION_DIARIA-ALTA-N01,GENETICO,0,TA04,ALM-CENTRAL,2,10
BASE,OPERACION_DIARIA-ALTA-N01,GENETICO,0,TA05,ALM-CENTRAL,1,25
BASE,OPERACION_DIARIA-ALTA-N01,GENETICO,0,TA05,ALM-CENTRAL,2,8
BASE,OPERACION_DIARIA-ALTA-N01,GENETICO,0,TA06,ALM-CENTRAL,1,1
BASE,OPERACION_DIARIA-ALTA-N01,GENETICO,0,TA06,ALM-CENTRAL,2,12
BASE,OPERACION_DIARIA-ALTA-N01,GENETICO,0,TA07,ALM-CENTRAL,1,13
BASE,OPERACION_DIARIA-ALTA-N01,GENETICO,0,TA07,ALM-CENTRAL,2,16
BASE,OPERACION_DIARIA-ALTA-N01,GENETICO,0,TA08,ALM-CENTRAL,1,35
BASE,OPERACION_DIARIA-ALTA-N01,GENETICO,0,TA08,ALM-CENTRAL,2,4
BASE,OPERACION_DIARIA-ALTA-N01,GENETICO,0,TA09,ALM-CENTRAL,1,17
BASE,OPERACION_DIARIA-ALTA-N01,GENETICO,0,TA09,ALM-CENTRAL,2,38
BASE,OPERACION_DIARIA-ALTA-N01,GENETICO,0,TA10,ALM-CENTRAL,1,11
BASE,OPERACION_DIARIA-ALTA-N01,GENETICO,0,TA10,ALM-CENTRAL,2,27
BASE,OPERACION_DIARIA-ALTA-N01,GENETICO,0,TB01,ALM-CENTRAL,1,19
BASE,OPERACION_DIARIA-ALTA-N01,GENETICO,0,TB02,ALM-CENTRAL,1,36
BASE,OPERACION_DIARIA-ALTA-N01,GENETICO,0,TB03,ALM-CENTRAL,1,31
BASE,OPERACION_DIARIA-ALTA-N01,GENETICO,0,TB04,ALM-CENTRAL,1,29
BASE,OPERACION_DIARIA-ALTA-N01,GENETICO,0,TB05,ALM-CENTRAL,1,33
BASE,OPERACION_DIARIA-ALTA-N01,GENETICO,0,TM01,ALM-CENTRAL,1,34
BASE,OPERACION_DIARIA-ALTA-N01,GENETICO,0,TM02,ALM-CENTRAL,1,15
BASE,OPERACION_DIARIA-ALTA-N01,GENETICO,0,TM03,ALM-CENTRAL,1,22
BASE,OPERACION_DIARIA-ALTA-N01,GENETICO,0,TM04,ALM-CENTRAL,1,20
BASE,OPERACION_DIARIA-ALTA-N01,GENETICO,0,TM05,ALM-CENTRAL,1,37
BASE,OPERACION_DIARIA-ALTA-N01,GENETICO,0,TM06,ALM-CENTRAL,1,32
BASE,OPERACION_DIARIA-ALTA-N01,GENETICO,0,TM07,ALM-CENTRAL,1,6
BASE,OPERACION_DIARIA-ALTA-N01,GENETICO,0,TM08,ALM-CENTRAL,1,26
BASE,OPERACION_DIARIA-ALTA-N01,GENETICO,0,TM09,ALM-CENTRAL,1,23
BASE,OPERACION_DIARIA-ALTA-N01,GENETICO,0,TM09,ALM-CENTRAL,2,14
BASE,OPERACION_DIARIA-ALTA-N01,GENETICO,0,TM10,ALM-CENTRAL,1,21
BASE,OPERACION_DIARIA-ALTA-N01,GENETICO,0,TM11,ALM-CENTRAL,1,18
BASE,OPERACION_DIARIA-ALTA-N01,GENETICO,0,TM12,ALM-CENTRAL,1,24
BASE,OPERACION_DIARIA-ALTA-N01,GENETICO,0,TM13,ALM-CENTRAL,1,2
BASE,OPERACION_DIARIA-ALTA-N01,GENETICO,0,TM14,ALM-CENTRAL,1,3
BASE,OPERACION_DIARIA-ALTA-N01,GENETICO,0,TM15,ALM-CENTRAL,1,5
BASE,OPERACION_DIARIA-ALTA-N01,RECOCIDO_SIMULADO,0,TA03,ALM-CENTRAL,1,25
BASE,OPERACION_DIARIA-ALTA-N01,RECOCIDO_SIMULADO,0,TA04,ALM-CENTRAL,1,10
BASE,OPERACION_DIARIA-ALTA-N01,RECOCIDO_SIMULADO,0,TA04,ALM-CENTRAL,2,20
BASE,OPERACION_DIARIA-ALTA-N01,RECOCIDO_SIMULADO,0,TA05,ALM-CENTRAL,1,29
BASE,OPERACION_DIARIA-ALTA-N01,RECOCIDO_SIMULADO,0,TA05,ALM-CENTRAL,2,5
BASE,OPERACION_DIARIA-ALTA-N01,RECOCIDO_SIMULADO,0,TA05,ALM-CENTRAL,3,8
BASE,OPERACION_DIARIA-ALTA-N01,RECOCIDO_SIMULADO,0,TA06,ALM-CENTRAL,1,13
BASE,OPERACION_DIARIA-ALTA-N01,RECOCIDO_SIMULADO,0,TA06,ALM-CENTRAL,2,4
BASE,OPERACION_DIARIA-ALTA-N01,RECOCIDO_SIMULADO,0,TA07,ALM-CENTRAL,1,2
BASE,OPERACION_DIARIA-ALTA-N01,RECOCIDO_SIMULADO,0,TA07,ALM-CENTRAL,2,16
BASE,OPERACION_DIARIA-ALTA-N01,RECOCIDO_SIMULADO,0,TA07,ALM-CENTRAL,3,30
BASE,OPERACION_DIARIA-ALTA-N01,RECOCIDO_SIMULADO,0,TA08,ALM-CENTRAL,1,9
BASE,OPERACION_DIARIA-ALTA-N01,RECOCIDO_SIMULADO,0,TA08,ALM-CENTRAL,2,1
BASE,OPERACION_DIARIA-ALTA-N01,RECOCIDO_SIMULADO,0,TA09,ALM-CENTRAL,1,17
BASE,OPERACION_DIARIA-ALTA-N01,RECOCIDO_SIMULADO,0,TA09,ALM-CENTRAL,2,38
BASE,OPERACION_DIARIA-ALTA-N01,RECOCIDO_SIMULADO,0,TA10,ALM-CENTRAL,1,19
BASE,OPERACION_DIARIA-ALTA-N01,RECOCIDO_SIMULADO,0,TA10,ALM-CENTRAL,2,12
BASE,OPERACION_DIARIA-ALTA-N01,RECOCIDO_SIMULADO,0,TB03,ALM-CENTRAL,1,26
BASE,OPERACION_DIARIA-ALTA-N01,RECOCIDO_SIMULADO,0,TB07,ALM-CENTRAL,1,31
BASE,OPERACION_DIARIA-ALTA-N01,RECOCIDO_SIMULADO,0,TB12,ALM-CENTRAL,1,15
BASE,OPERACION_DIARIA-ALTA-N01,RECOCIDO_SIMULADO,0,TM01,ALM-CENTRAL,1,7
BASE,OPERACION_DIARIA-ALTA-N01,RECOCIDO_SIMULADO,0,TM01,ALM-CENTRAL,2,22
BASE,OPERACION_DIARIA-ALTA-N01,RECOCIDO_SIMULADO,0,TM02,ALM-CENTRAL,1,23
BASE,OPERACION_DIARIA-ALTA-N01,RECOCIDO_SIMULADO,0,TM03,ALM-CENTRAL,1,32
BASE,OPERACION_DIARIA-ALTA-N01,RECOCIDO_SIMULADO,0,TM04,ALM-CENTRAL,1,3
BASE,OPERACION_DIARIA-ALTA-N01,RECOCIDO_SIMULADO,0,TM04,ALM-CENTRAL,2,33
BASE,OPERACION_DIARIA-ALTA-N01,RECOCIDO_SIMULADO,0,TM05,ALM-CENTRAL,1,6
BASE,OPERACION_DIARIA-ALTA-N01,RECOCIDO_SIMULADO,0,TM05,ALM-CENTRAL,2,37
BASE,OPERACION_DIARIA-ALTA-N01,RECOCIDO_SIMULADO,0,TM06,ALM-CENTRAL,1,27
BASE,OPERACION_DIARIA-ALTA-N01,RECOCIDO_SIMULADO,0,TM07,ALM-CENTRAL,1,14
BASE,OPERACION_DIARIA-ALTA-N01,RECOCIDO_SIMULADO,0,TM09,ALM-CENTRAL,1,34
BASE,OPERACION_DIARIA-ALTA-N01,RECOCIDO_SIMULADO,0,TM10,ALM-CENTRAL,1,11
BASE,OPERACION_DIARIA-ALTA-N01,RECOCIDO_SIMULADO,0,TM11,ALM-CENTRAL,1,18
BASE,OPERACION_DIARIA-ALTA-N01,RECOCIDO_SIMULADO,0,TM12,ALM-CENTRAL,1,24
BASE,OPERACION_DIARIA-ALTA-N01,RECOCIDO_SIMULADO,0,TM13,ALM-CENTRAL,1,35
BASE,OPERACION_DIARIA-ALTA-N01,RECOCIDO_SIMULADO,0,TM14,ALM-CENTRAL,1,36
BASE,OPERACION_DIARIA-ALTA-N01,RECOCIDO_SIMULADO,0,TM15,ALM-CENTRAL,1,21
BASE,OPERACION_DIARIA-ALTA-N01,RECOCIDO_SIMULADO,0,TM15,ALM-CENTRAL,2,28
BASE,OPERACION_DIARIA-ALTA-N01,RECOCIDO_SIMULADO,1,TA03,ALM-CENTRAL,1,10
BASE,OPERACION_DIARIA-ALTA-N01,RECOCIDO_SIMULADO,1,TA03,ALM-CENTRAL,2,1
BASE,OPERACION_DIARIA-ALTA-N01,RECOCIDO_SIMULADO,1,TA04,ALM-CENTRAL,1,3
BASE,OPERACION_DIARIA-ALTA-N01,RECOCIDO_SIMULADO,1,TA04,ALM-CENTRAL,2,4
BASE,OPERACION_DIARIA-ALTA-N01,RECOCIDO_SIMULADO,1,TA05,ALM-CENTRAL,1,29
BASE,OPERACION_DIARIA-ALTA-N01,RECOCIDO_SIMULADO,1,TA05,ALM-CENTRAL,2,23
BASE,OPERACION_DIARIA-ALTA-N01,RECOCIDO_SIMULADO,1,TA06,ALM-CENTRAL,1,20
BASE,OPERACION_DIARIA-ALTA-N01,RECOCIDO_SIMULADO,1,TA07,ALM-CENTRAL,1,17
BASE,OPERACION_DIARIA-ALTA-N01,RECOCIDO_SIMULADO,1,TA07,ALM-CENTRAL,2,8
BASE,OPERACION_DIARIA-ALTA-N01,RECOCIDO_SIMULADO,1,TA07,ALM-CENTRAL,3,12
BASE,OPERACION_DIARIA-ALTA-N01,RECOCIDO_SIMULADO,1,TA08,ALM-CENTRAL,1,2
BASE,OPERACION_DIARIA-ALTA-N01,RECOCIDO_SIMULADO,1,TA08,ALM-CENTRAL,2,36
BASE,OPERACION_DIARIA-ALTA-N01,RECOCIDO_SIMULADO,1,TA09,ALM-CENTRAL,1,15
BASE,OPERACION_DIARIA-ALTA-N01,RECOCIDO_SIMULADO,1,TA09,ALM-CENTRAL,2,38
BASE,OPERACION_DIARIA-ALTA-N01,RECOCIDO_SIMULADO,1,TA10,ALM-CENTRAL,1,13
BASE,OPERACION_DIARIA-ALTA-N01,RECOCIDO_SIMULADO,1,TA10,ALM-CENTRAL,2,11
BASE,OPERACION_DIARIA-ALTA-N01,RECOCIDO_SIMULADO,1,TA10,ALM-CENTRAL,3,35
BASE,OPERACION_DIARIA-ALTA-N01,RECOCIDO_SIMULADO,1,TB08,ALM-CENTRAL,1,32
BASE,OPERACION_DIARIA-ALTA-N01,RECOCIDO_SIMULADO,1,TB11,ALM-CENTRAL,1,14
BASE,OPERACION_DIARIA-ALTA-N01,RECOCIDO_SIMULADO,1,TM01,ALM-CENTRAL,1,25
BASE,OPERACION_DIARIA-ALTA-N01,RECOCIDO_SIMULADO,1,TM01,ALM-CENTRAL,2,26
BASE,OPERACION_DIARIA-ALTA-N01,RECOCIDO_SIMULADO,1,TM02,ALM-CENTRAL,1,19
BASE,OPERACION_DIARIA-ALTA-N01,RECOCIDO_SIMULADO,1,TM02,ALM-CENTRAL,2,21
BASE,OPERACION_DIARIA-ALTA-N01,RECOCIDO_SIMULADO,1,TM03,ALM-CENTRAL,1,9
BASE,OPERACION_DIARIA-ALTA-N01,RECOCIDO_SIMULADO,1,TM03,ALM-CENTRAL,2,7
BASE,OPERACION_DIARIA-ALTA-N01,RECOCIDO_SIMULADO,1,TM04,ALM-CENTRAL,1,22
BASE,OPERACION_DIARIA-ALTA-N01,RECOCIDO_SIMULADO,1,TM05,ALM-CENTRAL,1,30
BASE,OPERACION_DIARIA-ALTA-N01,RECOCIDO_SIMULADO,1,TM06,ALM-CENTRAL,1,28
BASE,OPERACION_DIARIA-ALTA-N01,RECOCIDO_SIMULADO,1,TM07,ALM-CENTRAL,1,33
BASE,OPERACION_DIARIA-ALTA-N01,RECOCIDO_SIMULADO,1,TM08,ALM-CENTRAL,1,6
BASE,OPERACION_DIARIA-ALTA-N01,RECOCIDO_SIMULADO,1,TM10,ALM-CENTRAL,1,31
BASE,OPERACION_DIARIA-ALTA-N01,RECOCIDO_SIMULADO,1,TM10,ALM-CENTRAL,2,5
BASE,OPERACION_DIARIA-ALTA-N01,RECOCIDO_SIMULADO,1,TM11,ALM-CENTRAL,1,34
BASE,OPERACION_DIARIA-ALTA-N01,RECOCIDO_SIMULADO,1,TM12,ALM-CENTRAL,1,16
BASE,OPERACION_DIARIA-ALTA-N01,RECOCIDO_SIMULADO,1,TM13,ALM-CENTRAL,1,18
BASE,OPERACION_DIARIA-ALTA-N01,RECOCIDO_SIMULADO,1,TM13,ALM-CENTRAL,2,27
BASE,OPERACION_DIARIA-ALTA-N01,RECOCIDO_SIMULADO,1,TM14,ALM-CENTRAL,1,24
BASE,OPERACION_DIARIA-ALTA-N01,RECOCIDO_SIMULADO,1,TM15,ALM-CENTRAL,1,37
BASE,OPERACION_DIARIA-ALTA-N01,GENETICO,1,TA03,ALM-CENTRAL,1,1
BASE,OPERACION_DIARIA-ALTA-N01,GENETICO,1,TA03,ALM-CENTRAL,2,10
BASE,OPERACION_DIARIA-ALTA-N01,GENETICO,1,TA04,ALM-CENTRAL,1,13
BASE,OPERACION_DIARIA-ALTA-N01,GENETICO,1,TA04,ALM-CENTRAL,2,11
BASE,OPERACION_DIARIA-ALTA-N01,GENETICO,1,TA05,ALM-CENTRAL,1,17
BASE,OPERACION_DIARIA-ALTA-N01,GENETICO,1,TA05,ALM-CENTRAL,2,20
BASE,OPERACION_DIARIA-ALTA-N01,GENETICO,1,TA06,ALM-CENTRAL,1,5
BASE,OPERACION_DIARIA-ALTA-N01,GENETICO,1,TA06,ALM-CENTRAL,2,31
BASE,OPERACION_DIARIA-ALTA-N01,GENETICO,1,TA07,ALM-CENTRAL,1,25
BASE,OPERACION_DIARIA-ALTA-N01,GENETICO,1,TA07,ALM-CENTRAL,2,8
BASE,OPERACION_DIARIA-ALTA-N01,GENETICO,1,TA08,ALM-CENTRAL,1,28
BASE,OPERACION_DIARIA-ALTA-N01,GENETICO,1,TA08,ALM-CENTRAL,2,2
BASE,OPERACION_DIARIA-ALTA-N01,GENETICO,1,TA09,ALM-CENTRAL,1,7
BASE,OPERACION_DIARIA-ALTA-N01,GENETICO,1,TA09,ALM-CENTRAL,2,15
BASE,OPERACION_DIARIA-ALTA-N01,GENETICO,1,TA10,ALM-CENTRAL,1,38
BASE,OPERACION_DIARIA-ALTA-N01,GENETICO,1,TA10,ALM-CENTRAL,2,4
BASE,OPERACION_DIARIA-ALTA-N01,GENETICO,1,TB01,ALM-CENTRAL,1,32
BASE,OPERACION_DIARIA-ALTA-N01,GENETICO,1,TB02,ALM-CENTRAL,1,9
BASE,OPERACION_DIARIA-ALTA-N01,GENETICO,1,TB03,ALM-CENTRAL,1,36
BASE,OPERACION_DIARIA-ALTA-N01,GENETICO,1,TB04,ALM-CENTRAL,1,19
BASE,OPERACION_DIARIA-ALTA-N01,GENETICO,1,TB05,ALM-CENTRAL,1,33
BASE,OPERACION_DIARIA-ALTA-N01,GENETICO,1,TB10,ALM-CENTRAL,1,29
BASE,OPERACION_DIARIA-ALTA-N01,GENETICO,1,TM01,ALM-CENTRAL,1,23
BASE,OPERACION_DIARIA-ALTA-N01,GENETICO,1,TM02,ALM-CENTRAL,1,16
BASE,OPERACION_DIARIA-ALTA-N01,GENETICO,1,TM03,ALM-CENTRAL,1,14
BASE,OPERACION_DIARIA-ALTA-N01,GENETICO,1,TM04,ALM-CENTRAL,1,35
BASE,OPERACION_DIARIA-ALTA-N01,GENETICO,1,TM05,ALM-CENTRAL,1,30
BASE,OPERACION_DIARIA-ALTA-N01,GENETICO,1,TM06,ALM-CENTRAL,1,22
BASE,OPERACION_DIARIA-ALTA-N01,GENETICO,1,TM07,ALM-CENTRAL,1,26
BASE,OPERACION_DIARIA-ALTA-N01,GENETICO,1,TM08,ALM-CENTRAL,1,21
BASE,OPERACION_DIARIA-ALTA-N01,GENETICO,1,TM09,ALM-CENTRAL,1,3
BASE,OPERACION_DIARIA-ALTA-N01,GENETICO,1,TM10,ALM-CENTRAL,1,6
BASE,OPERACION_DIARIA-ALTA-N01,GENETICO,1,TM10,ALM-CENTRAL,2,37
BASE,OPERACION_DIARIA-ALTA-N01,GENETICO,1,TM11,ALM-CENTRAL,1,34
BASE,OPERACION_DIARIA-ALTA-N01,GENETICO,1,TM12,ALM-CENTRAL,1,12
BASE,OPERACION_DIARIA-ALTA-N01,GENETICO,1,TM13,ALM-CENTRAL,1,18
BASE,OPERACION_DIARIA-ALTA-N01,GENETICO,1,TM14,ALM-CENTRAL,1,27
BASE,OPERACION_DIARIA-ALTA-N01,GENETICO,1,TM15,ALM-CENTRAL,1,24
BASE,OPERACION_DIARIA-CRITICA-N01,GENETICO,0,TA04,ALM-CENTRAL,1,17
BASE,OPERACION_DIARIA-CRITICA-N01,GENETICO,0,TA04,ALM-CENTRAL,2,50
BASE,OPERACION_DIARIA-CRITICA-N01,GENETICO,0,TA04,ALM-CENTRAL,3,4
BASE,OPERACION_DIARIA-CRITICA-N01,GENETICO,0,TA05,ALM-CENTRAL,1,38
BASE,OPERACION_DIARIA-CRITICA-N01,GENETICO,0,TA05,ALM-CENTRAL,2,35
BASE,OPERACION_DIARIA-CRITICA-N01,GENETICO,0,TA06,ALM-CENTRAL,1,2
BASE,OPERACION_DIARIA-CRITICA-N01,GENETICO,0,TA06,ALM-CENTRAL,2,12
BASE,OPERACION_DIARIA-CRITICA-N01,GENETICO,0,TA06,ALM-CENTRAL,3,8
BASE,OPERACION_DIARIA-CRITICA-N01,GENETICO,0,TA07,ALM-CENTRAL,1,7
BASE,OPERACION_DIARIA-CRITICA-N01,GENETICO,0,TA07,ALM-CENTRAL,2,10
BASE,OPERACION_DIARIA-CRITICA-N01,GENETICO,0,TA07,ALM-CENTRAL,3,30
BASE,OPERACION_DIARIA-CRITICA-N01,GENETICO,0,TA08,ALM-CENTRAL,1,1
BASE,OPERACION_DIARIA-CRITICA-N01,GENETICO,0,TA08,ALM-CENTRAL,2,34
BASE,OPERACION_DIARIA-CRITICA-N01,GENETICO,0,TA08,ALM-CENTRAL,3,54
BASE,OPERACION_DIARIA-CRITICA-N01,GENETICO,0,TA09,ALM-CENTRAL,1,40
BASE,OPERACION_DIARIA-CRITICA-N01,GENETICO,0,TA09,ALM-CENTRAL,2,28
BASE,OPERACION_DIARIA-CRITICA-N01,GENETICO,0,TA09,ALM-CENTRAL,3,47
BASE,OPERACION_DIARIA-CRITICA-N01,GENETICO,0,TA10,ALM-CENTRAL,1,5
BASE,OPERACION_DIARIA-CRITICA-N01,GENETICO,0,TA10,ALM-CENTRAL,2,52
BASE,OPERACION_DIARIA-CRITICA-N01,GENETICO,0,TA10,ALM-CENTRAL,3,20
BASE,OPERACION_DIARIA-CRITICA-N01,GENETICO,0,TB01,ALM-CENTRAL,1,16
BASE,OPERACION_DIARIA-CRITICA-N01,GENETICO,0,TB02,ALM-CENTRAL,1,44
BASE,OPERACION_DIARIA-CRITICA-N01,GENETICO,0,TB03,ALM-CENTRAL,1,9
BASE,OPERACION_DIARIA-CRITICA-N01,GENETICO,0,TB04,ALM-CENTRAL,1,31
BASE,OPERACION_DIARIA-CRITICA-N01,GENETICO,0,TB05,ALM-CENTRAL,1,11
BASE,OPERACION_DIARIA-CRITICA-N01,GENETICO,0,TB06,ALM-CENTRAL,1,55
BASE,OPERACION_DIARIA-CRITICA-N01,GENETICO,0,TB07,ALM-CENTRAL,1,15
BASE,OPERACION_DIARIA-CRITICA-N01,GENETICO,0,TB08,ALM-CENTRAL,1,33
BASE,OPERACION_DIARIA-CRITICA-N01,GENETICO,0,TB09,ALM-CENTRAL,1,39
BASE,OPERACION_DIARIA-CRITICA-N01,GENETICO,0,TB10,ALM-CENTRAL,1,32
BASE,OPERACION_DIARIA-CRITICA-N01,GENETICO,0,TB11,ALM-CENTRAL,1,19
BASE,OPERACION_DIARIA-CRITICA-N01,GENETICO,0,TM01,ALM-CENTRAL,1,25
BASE,OPERACION_DIARIA-CRITICA-N01,GENETICO,0,TM01,ALM-CENTRAL,2,26
BASE,OPERACION_DIARIA-CRITICA-N01,GENETICO,0,TM02,ALM-CENTRAL,1,48
BASE,OPERACION_DIARIA-CRITICA-N01,GENETICO,0,TM03,ALM-CENTRAL,1,43
BASE,OPERACION_DIARIA-CRITICA-N01,GENETICO,0,TM04,ALM-CENTRAL,1,18
BASE,OPERACION_DIARIA-CRITICA-N01,GENETICO,0,TM04,ALM-CENTRAL,2,27
BASE,OPERACION_DIARIA-CRITICA-N01,GENETICO,0,TM05,ALM-CENTRAL,1,41
BASE,OPERACION_DIARIA-CRITICA-N01,GENETICO,0,TM06,ALM-CENTRAL,1,13
BASE,OPERACION_DIARIA-CRITICA-N01,GENETICO,0,TM06,ALM-CENTRAL,2,49
BASE,OPERACION_DIARIA-CRITICA-N01,GENETICO,0,TM07,ALM-CENTRAL,1,24
BASE,OPERACION_DIARIA-CRITICA-N01,GENETICO,0,TM07,ALM-CENTRAL,2,21
BASE,OPERACION_DIARIA-CRITICA-N01,GENETICO,0,TM08,ALM-CENTRAL,1,53
BASE,OPERACION_DIARIA-CRITICA-N01,GENETICO,0,TM09,ALM-CENTRAL,1,42
BASE,OPERACION_DIARIA-CRITICA-N01,GENETICO,0,TM10,ALM-CENTRAL,1,36
BASE,OPERACION_DIARIA-CRITICA-N01,GENETICO,0,TM10,ALM-CENTRAL,2,51
BASE,OPERACION_DIARIA-CRITICA-N01,GENETICO,0,TM11,ALM-CENTRAL,1,6
BASE,OPERACION_DIARIA-CRITICA-N01,GENETICO,0,TM11,ALM-CENTRAL,2,37
BASE,OPERACION_DIARIA-CRITICA-N01,GENETICO,0,TM12,ALM-CENTRAL,1,23
BASE,OPERACION_DIARIA-CRITICA-N01,GENETICO,0,TM12,ALM-CENTRAL,2,14
BASE,OPERACION_DIARIA-CRITICA-N01,GENETICO,0,TM13,ALM-CENTRAL,1,46
BASE,OPERACION_DIARIA-CRITICA-N01,GENETICO,0,TM13,ALM-CENTRAL,2,22
BASE,OPERACION_DIARIA-CRITICA-N01,GENETICO,0,TM14,ALM-CENTRAL,1,29
BASE,OPERACION_DIARIA-CRITICA-N01,GENETICO,0,TM14,ALM-CENTRAL,2,3
BASE,OPERACION_DIARIA-CRITICA-N01,GENETICO,0,TM15,ALM-CENTRAL,1,45
BASE,OPERACION_DIARIA-CRITICA-N01,RECOCIDO_SIMULADO,0,TA04,ALM-CENTRAL,1,29
BASE,OPERACION_DIARIA-CRITICA-N01,RECOCIDO_SIMULADO,0,TA04,ALM-CENTRAL,2,33
BASE,OPERACION_DIARIA-CRITICA-N01,RECOCIDO_SIMULADO,0,TA04,ALM-CENTRAL,3,12
BASE,OPERACION_DIARIA-CRITICA-N01,RECOCIDO_SIMULADO,0,TA05,ALM-CENTRAL,1,8
BASE,OPERACION_DIARIA-CRITICA-N01,RECOCIDO_SIMULADO,0,TA05,ALM-CENTRAL,2,17
BASE,OPERACION_DIARIA-CRITICA-N01,RECOCIDO_SIMULADO,0,TA05,ALM-CENTRAL,3,15
BASE,OPERACION_DIARIA-CRITICA-N01,RECOCIDO_SIMULADO,0,TA06,ALM-CENTRAL,1,7
BASE,OPERACION_DIARIA-CRITICA-N01,RECOCIDO_SIMULADO,0,TA06,ALM-CENTRAL,2,34
BASE,OPERACION_DIARIA-CRITICA-N01,RECOCIDO_SIMULADO,0,TA06,ALM-CENTRAL,3,23
BASE,OPERACION_DIARIA-CRITICA-N01,RECOCIDO_SIMULADO,0,TA07,ALM-CENTRAL,1,54
BASE,OPERACION_DIARIA-CRITICA-N01,RECOCIDO_SIMULADO,0,TA07,ALM-CENTRAL,2,3
BASE,OPERACION_DIARIA-CRITICA-N01,RECOCIDO_SIMULADO,0,TA07,ALM-CENTRAL,3,50
BASE,OPERACION_DIARIA-CRITICA-N01,RECOCIDO_SIMULADO,0,TA08,ALM-CENTRAL,1,51
BASE,OPERACION_DIARIA-CRITICA-N01,RECOCIDO_SIMULADO,0,TA08,ALM-CENTRAL,2,46
BASE,OPERACION_DIARIA-CRITICA-N01,RECOCIDO_SIMULADO,0,TA08,ALM-CENTRAL,3,44
BASE,OPERACION_DIARIA-CRITICA-N01,RECOCIDO_SIMULADO,0,TA09,ALM-CENTRAL,1,40
BASE,OPERACION_DIARIA-CRITICA-N01,RECOCIDO_SIMULADO,0,TA09,ALM-CENTRAL,2,53
BASE,OPERACION_DIARIA-CRITICA-N01,RECOCIDO_SIMULADO,0,TA09,ALM-CENTRAL,3,52
BASE,OPERACION_DIARIA-CRITICA-N01,RECOCIDO_SIMULADO,0,TA10,ALM-CENTRAL,1,1
BASE,OPERACION_DIARIA-CRITICA-N01,RECOCIDO_SIMULADO,0,TA10,ALM-CENTRAL,2,13
BASE,OPERACION_DIARIA-CRITICA-N01,RECOCIDO_SIMULADO,0,TA10,ALM-CENTRAL,3,10
BASE,OPERACION_DIARIA-CRITICA-N01,RECOCIDO_SIMULADO,0,TA10,ALM-CENTRAL,4,4
BASE,OPERACION_DIARIA-CRITICA-N01,RECOCIDO_SIMULADO,0,TB01,ALM-CENTRAL,1,31
BASE,OPERACION_DIARIA-CRITICA-N01,RECOCIDO_SIMULADO,0,TB01,ALM-CENTRAL,2,36
BASE,OPERACION_DIARIA-CRITICA-N01,RECOCIDO_SIMULADO,0,TB02,ALM-CENTRAL,1,26
BASE,OPERACION_DIARIA-CRITICA-N01,RECOCIDO_SIMULADO,0,TB03,ALM-CENTRAL,1,27
BASE,OPERACION_DIARIA-CRITICA-N01,RECOCIDO_SIMULADO,0,TB04,ALM-CENTRAL,1,11
BASE,OPERACION_DIARIA-CRITICA-N01,RECOCIDO_SIMULADO,0,TB05,ALM-CENTRAL,1,16
BASE,OPERACION_DIARIA-CRITICA-N01,RECOCIDO_SIMULADO,0,TB05,ALM-CENTRAL,2,49
BASE,OPERACION_DIARIA-CRITICA-N01,RECOCIDO_SIMULADO,0,TB07,ALM-CENTRAL,1,32
BASE,OPERACION_DIARIA-CRITICA-N01,RECOCIDO_SIMULADO,0,TB08,ALM-CENTRAL,1,45
BASE,OPERACION_DIARIA-CRITICA-N01,RECOCIDO_SIMULADO,0,TB10,ALM-CENTRAL,1,39
BASE,OPERACION_DIARIA-CRITICA-N01,RECOCIDO_SIMULADO,0,TB12,ALM-CENTRAL,1,21
BASE,OPERACION_DIARIA-CRITICA-N01,RECOCIDO_SIMULADO,0,TM01,ALM-CENTRAL,1,5
BASE,OPERACION_DIARIA-CRITICA-N01,RECOCIDO_SIMULADO,0,TM02,ALM-CENTRAL,1,19
BASE,OPERACION_DIARIA-CRITICA-N01,RECOCIDO_SIMULADO,0,TM02,ALM-CENTRAL,2,37
BASE,OPERACION_DIARIA-CRITICA-N01,RECOCIDO_SIMULADO,0,TM03,ALM-CENTRAL,1,48
BASE,OPERACION_DIARIA-CRITICA-N01,RECOCIDO_SIMULADO,0,TM04,ALM-CENTRAL,1,47
BASE,OPERACION_DIARIA-CRITICA-N01,RECOCIDO_SIMULADO,0,TM05,ALM-CENTRAL,1,9
BASE,OPERACION_DIARIA-CRITICA-N01,RECOCIDO_SIMULADO,0,TM05,ALM-CENTRAL,2,55
BASE,OPERACION_DIARIA-CRITICA-N01,RECOCIDO_SIMULADO,0,TM06,ALM-CENTRAL,1,18
BASE,OPERACION_DIARIA-CRITICA-N01,RECOCIDO_SIMULADO,0,TM06,ALM-CENTRAL,2,20
BASE,OPERACION_DIARIA-CRITICA-N01,RECOCIDO_SIMULADO,0,TM07,ALM-CENTRAL,1,22
BASE,OPERACION_DIARIA-CRITICA-N01,RECOCIDO_SIMULADO,0,TM07,ALM-CENTRAL,2,24
BASE,OPERACION_DIARIA-CRITICA-N01,RECOCIDO_SIMULADO,0,TM08,ALM-CENTRAL,1,41
BASE,OPERACION_DIARIA-CRITICA-N01,RECOCIDO_SIMULADO,0,TM09,ALM-CENTRAL,1,38
BASE,OPERACION_DIARIA-CRITICA-N01,RECOCIDO_SIMULADO,0,TM10,ALM-CENTRAL,1,35
BASE,OPERACION_DIARIA-CRITICA-N01,RECOCIDO_SIMULADO,0,TM11,ALM-CENTRAL,1,6
BASE,OPERACION_DIARIA-CRITICA-N01,RECOCIDO_SIMULADO,0,TM11,ALM-CENTRAL,2,28
BASE,OPERACION_DIARIA-CRITICA-N01,RECOCIDO_SIMULADO,0,TM12,ALM-CENTRAL,1,25
BASE,OPERACION_DIARIA-CRITICA-N01,RECOCIDO_SIMULADO,0,TM12,ALM-CENTRAL,2,14
BASE,OPERACION_DIARIA-CRITICA-N01,RECOCIDO_SIMULADO,0,TM13,ALM-CENTRAL,1,2
BASE,OPERACION_DIARIA-CRITICA-N01,RECOCIDO_SIMULADO,0,TM13,ALM-CENTRAL,2,42
BASE,OPERACION_DIARIA-CRITICA-N01,RECOCIDO_SIMULADO,0,TM14,ALM-CENTRAL,1,43
BASE,OPERACION_DIARIA-CRITICA-N01,RECOCIDO_SIMULADO,0,TM15,ALM-CENTRAL,1,30
BASE,OPERACION_DIARIA-CRITICA-N01,RECOCIDO_SIMULADO,1,TA04,ALM-CENTRAL,1,29
BASE,OPERACION_DIARIA-CRITICA-N01,RECOCIDO_SIMULADO,1,TA04,ALM-CENTRAL,2,40
BASE,OPERACION_DIARIA-CRITICA-N01,RECOCIDO_SIMULADO,1,TA04,ALM-CENTRAL,3,48
BASE,OPERACION_DIARIA-CRITICA-N01,RECOCIDO_SIMULADO,1,TA05,ALM-CENTRAL,1,2
BASE,OPERACION_DIARIA-CRITICA-N01,RECOCIDO_SIMULADO,1,TA05,ALM-CENTRAL,2,12
BASE,OPERACION_DIARIA-CRITICA-N01,RECOCIDO_SIMULADO,1,TA05,ALM-CENTRAL,3,13
BASE,OPERACION_DIARIA-CRITICA-N01,RECOCIDO_SIMULADO,1,TA05,ALM-CENTRAL,4,46
BASE,OPERACION_DIARIA-CRITICA-N01,RECOCIDO_SIMULADO,1,TA06,ALM-CENTRAL,1,10
BASE,OPERACION_DIARIA-CRITICA-N01,RECOCIDO_SIMULADO,1,TA06,ALM-CENTRAL,2,3
BASE,OPERACION_DIARIA-CRITICA-N01,RECOCIDO_SIMULADO,1,TA06,ALM-CENTRAL,3,39
BASE,OPERACION_DIARIA-CRITICA-N01,RECOCIDO_SIMULADO,1,TA06,ALM-CENTRAL,4,30
BASE,OPERACION_DIARIA-CRITICA-N01,RECOCIDO_SIMULADO,1,TA07,ALM-CENTRAL,1,31
BASE,OPERACION_DIARIA-CRITICA-N01,RECOCIDO_SIMULADO,1,TA07,ALM-CENTRAL,2,42
BASE,OPERACION_DIARIA-CRITICA-N01,RECOCIDO_SIMULADO,1,TA07,ALM-CENTRAL,3,43
BASE,OPERACION_DIARIA-CRITICA-N01,RECOCIDO_SIMULADO,1,TA07,ALM-CENTRAL,4,53
BASE,OPERACION_DIARIA-CRITICA-N01,RECOCIDO_SIMULADO,1,TA08,ALM-CENTRAL,1,49
BASE,OPERACION_DIARIA-CRITICA-N01,RECOCIDO_SIMULADO,1,TA08,ALM-CENTRAL,2,17
BASE,OPERACION_DIARIA-CRITICA-N01,RECOCIDO_SIMULADO,1,TA08,ALM-CENTRAL,3,8
BASE,OPERACION_DIARIA-CRITICA-N01,RECOCIDO_SIMULADO,1,TA09,ALM-CENTRAL,1,51
BASE,OPERACION_DIARIA-CRITICA-N01,RECOCIDO_SIMULADO,1,TA09,ALM-CENTRAL,2,47
BASE,OPERACION_DIARIA-CRITICA-N01,RECOCIDO_SIMULADO,1,TA09,ALM-CENTRAL,3,7
BASE,OPERACION_DIARIA-CRITICA-N01,RECOCIDO_SIMULADO,1,TA10,ALM-CENTRAL,1,38
BASE,OPERACION_DIARIA-CRITICA-N01,RECOCIDO_SIMULADO,1,TA10,ALM-CENTRAL,2,50
BASE,OPERACION_DIARIA-CRITICA-N01,RECOCIDO_SIMULADO,1,TA10,ALM-CENTRAL,3,35
BASE,OPERACION_DIARIA-CRITICA-N01,RECOCIDO_SIMULADO,1,TB01,ALM-CENTRAL,1,6
BASE,OPERACION_DIARIA-CRITICA-N01,RECOCIDO_SIMULADO,1,TB02,ALM-CENTRAL,1,11
BASE,OPERACION_DIARIA-CRITICA-N01,RECOCIDO_SIMULADO,1,TB03,ALM-CENTRAL,1,19
BASE,OPERACION_DIARIA-CRITICA-N01,RECOCIDO_SIMULADO,1,TB04,ALM-CENTRAL,1,36
BASE,OPERACION_DIARIA-CRITICA-N01,RECOCIDO_SIMULADO,1,TB07,ALM-CENTRAL,1,33
BASE,OPERACION_DIARIA-CRITICA-N01,RECOCIDO_SIMULADO,1,TB08,ALM-CENTRAL,1,45
BASE,OPERACION_DIARIA-CRITICA-N01,RECOCIDO_SIMULADO,1,TB10,ALM-CENTRAL,1,44
BASE,OPERACION_DIARIA-CRITICA-N01,RECOCIDO_SIMULADO,1,TM01,ALM-CENTRAL,1,20
BASE,OPERACION_DIARIA-CRITICA-N01,RECOCIDO_SIMULADO,1,TM02,ALM-CENTRAL,1,1
BASE,OPERACION_DIARIA-CRITICA-N01,RECOCIDO_SIMULADO,1,TM02,ALM-CENTRAL,2,16
BASE,OPERACION_DIARIA-CRITICA-N01,RECOCIDO_SIMULADO,1,TM03,ALM-CENTRAL,1,9
BASE,OPERACION_DIARIA-CRITICA-N01,RECOCIDO_SIMULADO,1,TM03,ALM-CENTRAL,2,28
BASE,OPERACION_DIARIA-CRITICA-N01,RECOCIDO_SIMULADO,1,TM04,ALM-CENTRAL,1,5
BASE,OPERACION_DIARIA-CRITICA-N01,RECOCIDO_SIMULADO,1,TM05,ALM-CENTRAL,1,25
BASE,OPERACION_DIARIA-CRITICA-N01,RECOCIDO_SIMULADO,1,TM06,ALM-CENTRAL,1,37
BASE,OPERACION_DIARIA-CRITICA-N01,RECOCIDO_SIMULADO,1,TM06,ALM-CENTRAL,2,27
BASE,OPERACION_DIARIA-CRITICA-N01,RECOCIDO_SIMULADO,1,TM07,ALM-CENTRAL,1,32
BASE,OPERACION_DIARIA-CRITICA-N01,RECOCIDO_SIMULADO,1,TM07,ALM-CENTRAL,2,21
BASE,OPERACION_DIARIA-CRITICA-N01,RECOCIDO_SIMULADO,1,TM07,ALM-CENTRAL,3,24
BASE,OPERACION_DIARIA-CRITICA-N01,RECOCIDO_SIMULADO,1,TM08,ALM-CENTRAL,1,41
BASE,OPERACION_DIARIA-CRITICA-N01,RECOCIDO_SIMULADO,1,TM09,ALM-CENTRAL,1,55
BASE,OPERACION_DIARIA-CRITICA-N01,RECOCIDO_SIMULADO,1,TM10,ALM-CENTRAL,1,15
BASE,OPERACION_DIARIA-CRITICA-N01,RECOCIDO_SIMULADO,1,TM10,ALM-CENTRAL,2,22
BASE,OPERACION_DIARIA-CRITICA-N01,RECOCIDO_SIMULADO,1,TM11,ALM-CENTRAL,1,14
BASE,OPERACION_DIARIA-CRITICA-N01,RECOCIDO_SIMULADO,1,TM11,ALM-CENTRAL,2,4
BASE,OPERACION_DIARIA-CRITICA-N01,RECOCIDO_SIMULADO,1,TM12,ALM-CENTRAL,1,23
BASE,OPERACION_DIARIA-CRITICA-N01,RECOCIDO_SIMULADO,1,TM13,ALM-CENTRAL,1,54
BASE,OPERACION_DIARIA-CRITICA-N01,RECOCIDO_SIMULADO,1,TM14,ALM-CENTRAL,1,26
BASE,OPERACION_DIARIA-CRITICA-N01,RECOCIDO_SIMULADO,1,TM14,ALM-CENTRAL,2,52
BASE,OPERACION_DIARIA-CRITICA-N01,RECOCIDO_SIMULADO,1,TM15,ALM-CENTRAL,1,34
BASE,OPERACION_DIARIA-CRITICA-N01,RECOCIDO_SIMULADO,1,TM15,ALM-CENTRAL,2,18
BASE,OPERACION_DIARIA-CRITICA-N01,GENETICO,1,TA04,ALM-CENTRAL,1,29
BASE,OPERACION_DIARIA-CRITICA-N01,GENETICO,1,TA04,ALM-CENTRAL,2,53
BASE,OPERACION_DIARIA-CRITICA-N01,GENETICO,1,TA04,ALM-CENTRAL,3,17
BASE,OPERACION_DIARIA-CRITICA-N01,GENETICO,1,TA05,ALM-CENTRAL,1,12
BASE,OPERACION_DIARIA-CRITICA-N01,GENETICO,1,TA05,ALM-CENTRAL,2,8
BASE,OPERACION_DIARIA-CRITICA-N01,GENETICO,1,TA05,ALM-CENTRAL,3,27
BASE,OPERACION_DIARIA-CRITICA-N01,GENETICO,1,TA06,ALM-CENTRAL,1,40
BASE,OPERACION_DIARIA-CRITICA-N01,GENETICO,1,TA06,ALM-CENTRAL,2,30
BASE,OPERACION_DIARIA-CRITICA-N01,GENETICO,1,TA06,ALM-CENTRAL,3,3
BASE,OPERACION_DIARIA-CRITICA-N01,GENETICO,1,TA07,ALM-CENTRAL,1,31
BASE,OPERACION_DIARIA-CRITICA-N01,GENETICO,1,TA07,ALM-CENTRAL,2,34
BASE,OPERACION_DIARIA-CRITICA-N01,GENETICO,1,TA07,ALM-CENTRAL,3,48
BASE,OPERACION_DIARIA-CRITICA-N01,GENETICO,1,TA07,ALM-CENTRAL,4,46
BASE,OPERACION_DIARIA-CRITICA-N01,GENETICO,1,TA08,ALM-CENTRAL,1,7
BASE,OPERACION_DIARIA-CRITICA-N01,GENETICO,1,TA08,ALM-CENTRAL,2,50
BASE,OPERACION_DIARIA-CRITICA-N01,GENETICO,1,TA08,ALM-CENTRAL,3,4
BASE,OPERACION_DIARIA-CRITICA-N01,GENETICO,1,TA09,ALM-CENTRAL,1,2
BASE,OPERACION_DIARIA-CRITICA-N01,GENETICO,1,TA09,ALM-CENTRAL,2,13
BASE,OPERACION_DIARIA-CRITICA-N01,GENETICO,1,TA09,ALM-CENTRAL,3,45
BASE,OPERACION_DIARIA-CRITICA-N01,GENETICO,1,TA10,ALM-CENTRAL,1,38
BASE,OPERACION_DIARIA-CRITICA-N01,GENETICO,1,TA10,ALM-CENTRAL,2,47
BASE,OPERACION_DIARIA-CRITICA-N01,GENETICO,1,TB01,ALM-CENTRAL,1,6
BASE,OPERACION_DIARIA-CRITICA-N01,GENETICO,1,TB02,ALM-CENTRAL,1,9
BASE,OPERACION_DIARIA-CRITICA-N01,GENETICO,1,TB03,ALM-CENTRAL,1,36
BASE,OPERACION_DIARIA-CRITICA-N01,GENETICO,1,TB04,ALM-CENTRAL,1,44
BASE,OPERACION_DIARIA-CRITICA-N01,GENETICO,1,TB05,ALM-CENTRAL,1,32
BASE,OPERACION_DIARIA-CRITICA-N01,GENETICO,1,TB06,ALM-CENTRAL,1,37
BASE,OPERACION_DIARIA-CRITICA-N01,GENETICO,1,TB07,ALM-CENTRAL,1,39
BASE,OPERACION_DIARIA-CRITICA-N01,GENETICO,1,TB08,ALM-CENTRAL,1,55
BASE,OPERACION_DIARIA-CRITICA-N01,GENETICO,1,TB09,ALM-CENTRAL,1,11
BASE,OPERACION_DIARIA-CRITICA-N01,GENETICO,1,TB10,ALM-CENTRAL,1,33
BASE,OPERACION_DIARIA-CRITICA-N01,GENETICO,1,TB11,ALM-CENTRAL,1,19
BASE,OPERACION_DIARIA-CRITICA-N01,GENETICO,1,TB12,ALM-CENTRAL,1,42
BASE,OPERACION_DIARIA-CRITICA-N01,GENETICO,1,TM01,ALM-CENTRAL,1,1
BASE,OPERACION_DIARIA-CRITICA-N01,GENETICO,1,TM01,ALM-CENTRAL,2,16
BASE,OPERACION_DIARIA-CRITICA-N01,GENETICO,1,TM02,ALM-CENTRAL,1,28
BASE,OPERACION_DIARIA-CRITICA-N01,GENETICO,1,TM02,ALM-CENTRAL,2,21
BASE,OPERACION_DIARIA-CRITICA-N01,GENETICO,1,TM03,ALM-CENTRAL,1,5
BASE,OPERACION_DIARIA-CRITICA-N01,GENETICO,1,TM03,ALM-CENTRAL,2,26
BASE,OPERACION_DIARIA-CRITICA-N01,GENETICO,1,TM04,ALM-CENTRAL,1,25
BASE,OPERACION_DIARIA-CRITICA-N01,GENETICO,1,TM05,ALM-CENTRAL,1,43
BASE,OPERACION_DIARIA-CRITICA-N01,GENETICO,1,TM06,ALM-CENTRAL,1,41
BASE,OPERACION_DIARIA-CRITICA-N01,GENETICO,1,TM07,ALM-CENTRAL,1,18
BASE,OPERACION_DIARIA-CRITICA-N01,GENETICO,1,TM07,ALM-CENTRAL,2,20
BASE,OPERACION_DIARIA-CRITICA-N01,GENETICO,1,TM08,ALM-CENTRAL,1,10
BASE,OPERACION_DIARIA-CRITICA-N01,GENETICO,1,TM08,ALM-CENTRAL,2,49
BASE,OPERACION_DIARIA-CRITICA-N01,GENETICO,1,TM09,ALM-CENTRAL,1,51
BASE,OPERACION_DIARIA-CRITICA-N01,GENETICO,1,TM09,ALM-CENTRAL,2,22
BASE,OPERACION_DIARIA-CRITICA-N01,GENETICO,1,TM10,ALM-CENTRAL,1,15
BASE,OPERACION_DIARIA-CRITICA-N01,GENETICO,1,TM11,ALM-CENTRAL,1,24
BASE,OPERACION_DIARIA-CRITICA-N01,GENETICO,1,TM12,ALM-CENTRAL,1,23
BASE,OPERACION_DIARIA-CRITICA-N01,GENETICO,1,TM12,ALM-CENTRAL,2,14
BASE,OPERACION_DIARIA-CRITICA-N01,GENETICO,1,TM13,ALM-CENTRAL,1,35
BASE,OPERACION_DIARIA-CRITICA-N01,GENETICO,1,TM14,ALM-CENTRAL,1,54
BASE,OPERACION_DIARIA-CRITICA-N01,GENETICO,1,TM15,ALM-CENTRAL,1,52
BASE,SIMULACION_CINCO_DIAS-NORMAL-N01,GENETICO,0,TA01,ALM-CENTRAL,1,201
BASE,SIMULACION_CINCO_DIAS-NORMAL-N01,GENETICO,0,TA01,ALM-CENTRAL,2,339
BASE,SIMULACION_CINCO_DIAS-NORMAL-N01,GENETICO,0,TA01,ALM-CENTRAL,3,656
BASE,SIMULACION_CINCO_DIAS-NORMAL-N01,GENETICO,0,TA01,ALM-CENTRAL,4,650
BASE,SIMULACION_CINCO_DIAS-NORMAL-N01,GENETICO,0,TA01,ALM-CENTRAL,5,506
BASE,SIMULACION_CINCO_DIAS-NORMAL-N01,GENETICO,0,TA02,ALM-CENTRAL,1,509
BASE,SIMULACION_CINCO_DIAS-NORMAL-N01,GENETICO,0,TA02,ALM-CENTRAL,2,487
BASE,SIMULACION_CINCO_DIAS-NORMAL-N01,GENETICO,0,TA02,ALM-CENTRAL,3,654
BASE,SIMULACION_CINCO_DIAS-NORMAL-N01,GENETICO,0,TA03,ALM-CENTRAL,1,497
BASE,SIMULACION_CINCO_DIAS-NORMAL-N01,GENETICO,0,TA03,ALM-CENTRAL,2,488
BASE,SIMULACION_CINCO_DIAS-NORMAL-N01,GENETICO,0,TA03,ALM-CENTRAL,3,663
BASE,SIMULACION_CINCO_DIAS-NORMAL-N01,GENETICO,0,TA04,ALM-CENTRAL,1,332
BASE,SIMULACION_CINCO_DIAS-NORMAL-N01,GENETICO,0,TA04,ALM-CENTRAL,2,649
BASE,SIMULACION_CINCO_DIAS-NORMAL-N01,GENETICO,0,TA04,ALM-CENTRAL,3,658
BASE,SIMULACION_CINCO_DIAS-NORMAL-N01,GENETICO,0,TA04,ALM-CENTRAL,4,496
BASE,SIMULACION_CINCO_DIAS-NORMAL-N01,GENETICO,0,TA05,ALM-CENTRAL,1,330
BASE,SIMULACION_CINCO_DIAS-NORMAL-N01,GENETICO,0,TA05,ALM-CENTRAL,2,23
BASE,SIMULACION_CINCO_DIAS-NORMAL-N01,GENETICO,0,TA05,ALM-CENTRAL,3,667
BASE,SIMULACION_CINCO_DIAS-NORMAL-N01,GENETICO,0,TA06,ALM-CENTRAL,1,502
BASE,SIMULACION_CINCO_DIAS-NORMAL-N01,GENETICO,0,TA06,ALM-CENTRAL,2,2
BASE,SIMULACION_CINCO_DIAS-NORMAL-N01,GENETICO,0,TA06,ALM-CENTRAL,3,322
BASE,SIMULACION_CINCO_DIAS-NORMAL-N01,GENETICO,0,TA06,ALM-CENTRAL,4,660
BASE,SIMULACION_CINCO_DIAS-NORMAL-N01,GENETICO,0,TA07,ALM-CENTRAL,1,203
BASE,SIMULACION_CINCO_DIAS-NORMAL-N01,GENETICO,0,TA07,ALM-CENTRAL,2,499
BASE,SIMULACION_CINCO_DIAS-NORMAL-N01,GENETICO,0,TA07,ALM-CENTRAL,3,648
BASE,SIMULACION_CINCO_DIAS-NORMAL-N01,GENETICO,0,TA08,ALM-CENTRAL,1,3
BASE,SIMULACION_CINCO_DIAS-NORMAL-N01,GENETICO,0,TA08,ALM-CENTRAL,2,10
BASE,SIMULACION_CINCO_DIAS-NORMAL-N01,GENETICO,0,TA08,ALM-CENTRAL,3,508
BASE,SIMULACION_CINCO_DIAS-NORMAL-N01,GENETICO,0,TA08,ALM-CENTRAL,4,500
BASE,SIMULACION_CINCO_DIAS-NORMAL-N01,GENETICO,0,TA09,ALM-CENTRAL,1,321
BASE,SIMULACION_CINCO_DIAS-NORMAL-N01,GENETICO,0,TA09,ALM-CENTRAL,2,327
BASE,SIMULACION_CINCO_DIAS-NORMAL-N01,GENETICO,0,TA09,ALM-CENTRAL,3,655
BASE,SIMULACION_CINCO_DIAS-NORMAL-N01,GENETICO,0,TA09,ALM-CENTRAL,4,644
BASE,SIMULACION_CINCO_DIAS-NORMAL-N01,GENETICO,0,TA10,ALM-CENTRAL,1,211
BASE,SIMULACION_CINCO_DIAS-NORMAL-N01,GENETICO,0,TA10,ALM-CENTRAL,2,653
BASE,SIMULACION_CINCO_DIAS-NORMAL-N01,GENETICO,0,TA10,ALM-CENTRAL,3,665
BASE,SIMULACION_CINCO_DIAS-NORMAL-N01,GENETICO,0,TA10,ALM-CENTRAL,4,657
BASE,SIMULACION_CINCO_DIAS-NORMAL-N01,GENETICO,0,TB01,ALM-CENTRAL,1,191
BASE,SIMULACION_CINCO_DIAS-NORMAL-N01,GENETICO,0,TB02,ALM-CENTRAL,1,190
BASE,SIMULACION_CINCO_DIAS-NORMAL-N01,GENETICO,0,TB02,ALM-CENTRAL,2,662
BASE,SIMULACION_CINCO_DIAS-NORMAL-N01,GENETICO,0,TB03,ALM-CENTRAL,1,198
BASE,SIMULACION_CINCO_DIAS-NORMAL-N01,GENETICO,0,TB04,ALM-CENTRAL,1,14
BASE,SIMULACION_CINCO_DIAS-NORMAL-N01,GENETICO,0,TB05,ALM-CENTRAL,1,9
BASE,SIMULACION_CINCO_DIAS-NORMAL-N01,GENETICO,0,TB05,ALM-CENTRAL,2,491
BASE,SIMULACION_CINCO_DIAS-NORMAL-N01,GENETICO,0,TB06,ALM-CENTRAL,1,336
BASE,SIMULACION_CINCO_DIAS-NORMAL-N01,GENETICO,0,TB06,ALM-CENTRAL,2,652
BASE,SIMULACION_CINCO_DIAS-NORMAL-N01,GENETICO,0,TB07,ALM-CENTRAL,1,21
BASE,SIMULACION_CINCO_DIAS-NORMAL-N01,GENETICO,0,TB08,ALM-CENTRAL,1,6
BASE,SIMULACION_CINCO_DIAS-NORMAL-N01,GENETICO,0,TB08,ALM-CENTRAL,2,668
BASE,SIMULACION_CINCO_DIAS-NORMAL-N01,GENETICO,0,TB09,ALM-CENTRAL,1,328
BASE,SIMULACION_CINCO_DIAS-NORMAL-N01,GENETICO,0,TB10,ALM-CENTRAL,1,651
BASE,SIMULACION_CINCO_DIAS-NORMAL-N01,GENETICO,0,TB11,ALM-CENTRAL,1,486
BASE,SIMULACION_CINCO_DIAS-NORMAL-N01,GENETICO,0,TB12,ALM-CENTRAL,1,16
BASE,SIMULACION_CINCO_DIAS-NORMAL-N01,GENETICO,0,TM01,ALM-CENTRAL,1,196
BASE,SIMULACION_CINCO_DIAS-NORMAL-N01,GENETICO,0,TM01,ALM-CENTRAL,2,22
BASE,SIMULACION_CINCO_DIAS-NORMAL-N01,GENETICO,0,TM02,ALM-CENTRAL,1,1
BASE,SIMULACION_CINCO_DIAS-NORMAL-N01,GENETICO,0,TM02,ALM-CENTRAL,2,18
BASE,SIMULACION_CINCO_DIAS-NORMAL-N01,GENETICO,0,TM03,ALM-CENTRAL,1,485
BASE,SIMULACION_CINCO_DIAS-NORMAL-N01,GENETICO,0,TM03,ALM-CENTRAL,2,661
BASE,SIMULACION_CINCO_DIAS-NORMAL-N01,GENETICO,0,TM04,ALM-CENTRAL,1,320
BASE,SIMULACION_CINCO_DIAS-NORMAL-N01,GENETICO,0,TM04,ALM-CENTRAL,2,4
BASE,SIMULACION_CINCO_DIAS-NORMAL-N01,GENETICO,0,TM05,ALM-CENTRAL,1,503
BASE,SIMULACION_CINCO_DIAS-NORMAL-N01,GENETICO,0,TM06,ALM-CENTRAL,1,329
BASE,SIMULACION_CINCO_DIAS-NORMAL-N01,GENETICO,0,TM07,ALM-CENTRAL,1,507
BASE,SIMULACION_CINCO_DIAS-NORMAL-N01,GENETICO,0,TM07,ALM-CENTRAL,2,666
BASE,SIMULACION_CINCO_DIAS-NORMAL-N01,GENETICO,0,TM08,ALM-CENTRAL,1,333
BASE,SIMULACION_CINCO_DIAS-NORMAL-N01,GENETICO,0,TM08,ALM-CENTRAL,2,210
BASE,SIMULACION_CINCO_DIAS-NORMAL-N01,GENETICO,0,TM09,ALM-CENTRAL,1,19
BASE,SIMULACION_CINCO_DIAS-NORMAL-N01,GENETICO,0,TM09,ALM-CENTRAL,2,342
BASE,SIMULACION_CINCO_DIAS-NORMAL-N01,GENETICO,0,TM09,ALM-CENTRAL,3,197
BASE,SIMULACION_CINCO_DIAS-NORMAL-N01,GENETICO,0,TM10,ALM-CENTRAL,1,494
BASE,SIMULACION_CINCO_DIAS-NORMAL-N01,GENETICO,0,TM10,ALM-CENTRAL,2,664
BASE,SIMULACION_CINCO_DIAS-NORMAL-N01,GENETICO,0,TM11,ALM-CENTRAL,1,326
BASE,SIMULACION_CINCO_DIAS-NORMAL-N01,GENETICO,0,TM11,ALM-CENTRAL,2,209
BASE,SIMULACION_CINCO_DIAS-NORMAL-N01,GENETICO,0,TM12,ALM-CENTRAL,1,498
BASE,SIMULACION_CINCO_DIAS-NORMAL-N01,GENETICO,0,TM12,ALM-CENTRAL,2,659
BASE,SIMULACION_CINCO_DIAS-NORMAL-N01,GENETICO,0,TM13,ALM-CENTRAL,1,495
BASE,SIMULACION_CINCO_DIAS-NORMAL-N01,GENETICO,0,TM14,ALM-CENTRAL,1,646
BASE,SIMULACION_CINCO_DIAS-NORMAL-N01,GENETICO,0,TM15,ALM-CENTRAL,1,490
BASE,SIMULACION_CINCO_DIAS-NORMAL-N01,GENETICO,0,TM15,ALM-CENTRAL,2,200
BASE,SIMULACION_CINCO_DIAS-NORMAL-N01,GENETICO,0,NO_ASIGNADO,,,5
BASE,SIMULACION_CINCO_DIAS-NORMAL-N01,GENETICO,0,NO_ASIGNADO,,,7
BASE,SIMULACION_CINCO_DIAS-NORMAL-N01,GENETICO,0,NO_ASIGNADO,,,8
BASE,SIMULACION_CINCO_DIAS-NORMAL-N01,GENETICO,0,NO_ASIGNADO,,,11
BASE,SIMULACION_CINCO_DIAS-NORMAL-N01,GENETICO,0,NO_ASIGNADO,,,12
BASE,SIMULACION_CINCO_DIAS-NORMAL-N01,GENETICO,0,NO_ASIGNADO,,,13
BASE,SIMULACION_CINCO_DIAS-NORMAL-N01,GENETICO,0,NO_ASIGNADO,,,15
BASE,SIMULACION_CINCO_DIAS-NORMAL-N01,GENETICO,0,NO_ASIGNADO,,,17
BASE,SIMULACION_CINCO_DIAS-NORMAL-N01,GENETICO,0,NO_ASIGNADO,,,20
BASE,SIMULACION_CINCO_DIAS-NORMAL-N01,GENETICO,0,NO_ASIGNADO,,,24
BASE,SIMULACION_CINCO_DIAS-NORMAL-N01,GENETICO,0,NO_ASIGNADO,,,25
BASE,SIMULACION_CINCO_DIAS-NORMAL-N01,GENETICO,0,NO_ASIGNADO,,,188
BASE,SIMULACION_CINCO_DIAS-NORMAL-N01,GENETICO,0,NO_ASIGNADO,,,189
BASE,SIMULACION_CINCO_DIAS-NORMAL-N01,GENETICO,0,NO_ASIGNADO,,,192
BASE,SIMULACION_CINCO_DIAS-NORMAL-N01,GENETICO,0,NO_ASIGNADO,,,193
BASE,SIMULACION_CINCO_DIAS-NORMAL-N01,GENETICO,0,NO_ASIGNADO,,,194
BASE,SIMULACION_CINCO_DIAS-NORMAL-N01,GENETICO,0,NO_ASIGNADO,,,195
BASE,SIMULACION_CINCO_DIAS-NORMAL-N01,GENETICO,0,NO_ASIGNADO,,,199
BASE,SIMULACION_CINCO_DIAS-NORMAL-N01,GENETICO,0,NO_ASIGNADO,,,202
BASE,SIMULACION_CINCO_DIAS-NORMAL-N01,GENETICO,0,NO_ASIGNADO,,,204
BASE,SIMULACION_CINCO_DIAS-NORMAL-N01,GENETICO,0,NO_ASIGNADO,,,205
BASE,SIMULACION_CINCO_DIAS-NORMAL-N01,GENETICO,0,NO_ASIGNADO,,,206
BASE,SIMULACION_CINCO_DIAS-NORMAL-N01,GENETICO,0,NO_ASIGNADO,,,207
BASE,SIMULACION_CINCO_DIAS-NORMAL-N01,GENETICO,0,NO_ASIGNADO,,,208
BASE,SIMULACION_CINCO_DIAS-NORMAL-N01,GENETICO,0,NO_ASIGNADO,,,212
BASE,SIMULACION_CINCO_DIAS-NORMAL-N01,GENETICO,0,NO_ASIGNADO,,,318
BASE,SIMULACION_CINCO_DIAS-NORMAL-N01,GENETICO,0,NO_ASIGNADO,,,319
BASE,SIMULACION_CINCO_DIAS-NORMAL-N01,GENETICO,0,NO_ASIGNADO,,,323
BASE,SIMULACION_CINCO_DIAS-NORMAL-N01,GENETICO,0,NO_ASIGNADO,,,324
BASE,SIMULACION_CINCO_DIAS-NORMAL-N01,GENETICO,0,NO_ASIGNADO,,,325
BASE,SIMULACION_CINCO_DIAS-NORMAL-N01,GENETICO,0,NO_ASIGNADO,,,331
BASE,SIMULACION_CINCO_DIAS-NORMAL-N01,GENETICO,0,NO_ASIGNADO,,,334
BASE,SIMULACION_CINCO_DIAS-NORMAL-N01,GENETICO,0,NO_ASIGNADO,,,335
BASE,SIMULACION_CINCO_DIAS-NORMAL-N01,GENETICO,0,NO_ASIGNADO,,,337
BASE,SIMULACION_CINCO_DIAS-NORMAL-N01,GENETICO,0,NO_ASIGNADO,,,338
BASE,SIMULACION_CINCO_DIAS-NORMAL-N01,GENETICO,0,NO_ASIGNADO,,,340
BASE,SIMULACION_CINCO_DIAS-NORMAL-N01,GENETICO,0,NO_ASIGNADO,,,341
BASE,SIMULACION_CINCO_DIAS-NORMAL-N01,GENETICO,0,NO_ASIGNADO,,,489
BASE,SIMULACION_CINCO_DIAS-NORMAL-N01,GENETICO,0,NO_ASIGNADO,,,492
BASE,SIMULACION_CINCO_DIAS-NORMAL-N01,GENETICO,0,NO_ASIGNADO,,,493
BASE,SIMULACION_CINCO_DIAS-NORMAL-N01,GENETICO,0,NO_ASIGNADO,,,501
BASE,SIMULACION_CINCO_DIAS-NORMAL-N01,GENETICO,0,NO_ASIGNADO,,,504
BASE,SIMULACION_CINCO_DIAS-NORMAL-N01,GENETICO,0,NO_ASIGNADO,,,505
BASE,SIMULACION_CINCO_DIAS-NORMAL-N01,GENETICO,0,NO_ASIGNADO,,,645
BASE,SIMULACION_CINCO_DIAS-NORMAL-N01,GENETICO,0,NO_ASIGNADO,,,647
BASE,SIMULACION_CINCO_DIAS-NORMAL-N01,RECOCIDO_SIMULADO,0,TA01,ALM-CENTRAL,1,330
BASE,SIMULACION_CINCO_DIAS-NORMAL-N01,RECOCIDO_SIMULADO,0,TA01,ALM-CENTRAL,2,335
BASE,SIMULACION_CINCO_DIAS-NORMAL-N01,RECOCIDO_SIMULADO,0,TA01,ALM-CENTRAL,3,9
BASE,SIMULACION_CINCO_DIAS-NORMAL-N01,RECOCIDO_SIMULADO,0,TA01,ALM-CENTRAL,4,665
BASE,SIMULACION_CINCO_DIAS-NORMAL-N01,RECOCIDO_SIMULADO,0,TA01,ALM-CENTRAL,5,668
BASE,SIMULACION_CINCO_DIAS-NORMAL-N01,RECOCIDO_SIMULADO,0,TA02,ALM-CENTRAL,1,202
BASE,SIMULACION_CINCO_DIAS-NORMAL-N01,RECOCIDO_SIMULADO,0,TA02,ALM-CENTRAL,2,197
BASE,SIMULACION_CINCO_DIAS-NORMAL-N01,RECOCIDO_SIMULADO,0,TA02,ALM-CENTRAL,3,199
BASE,SIMULACION_CINCO_DIAS-NORMAL-N01,RECOCIDO_SIMULADO,0,TA02,ALM-CENTRAL,4,332
BASE,SIMULACION_CINCO_DIAS-NORMAL-N01,RECOCIDO_SIMULADO,0,TA02,ALM-CENTRAL,5,651
BASE,SIMULACION_CINCO_DIAS-NORMAL-N01,RECOCIDO_SIMULADO,0,TA03,ALM-CENTRAL,1,203
BASE,SIMULACION_CINCO_DIAS-NORMAL-N01,RECOCIDO_SIMULADO,0,TA03,ALM-CENTRAL,2,196
BASE,SIMULACION_CINCO_DIAS-NORMAL-N01,RECOCIDO_SIMULADO,0,TA03,ALM-CENTRAL,3,2
BASE,SIMULACION_CINCO_DIAS-NORMAL-N01,RECOCIDO_SIMULADO,0,TA03,ALM-CENTRAL,4,655
BASE,SIMULACION_CINCO_DIAS-NORMAL-N01,RECOCIDO_SIMULADO,0,TA04,ALM-CENTRAL,1,321
BASE,SIMULACION_CINCO_DIAS-NORMAL-N01,RECOCIDO_SIMULADO,0,TA04,ALM-CENTRAL,2,25
BASE,SIMULACION_CINCO_DIAS-NORMAL-N01,RECOCIDO_SIMULADO,0,TA04,ALM-CENTRAL,3,210
BASE,SIMULACION_CINCO_DIAS-NORMAL-N01,RECOCIDO_SIMULADO,0,TA04,ALM-CENTRAL,4,485
BASE,SIMULACION_CINCO_DIAS-NORMAL-N01,RECOCIDO_SIMULADO,0,TA04,ALM-CENTRAL,5,652
BASE,SIMULACION_CINCO_DIAS-NORMAL-N01,RECOCIDO_SIMULADO,0,TA05,ALM-CENTRAL,1,193
BASE,SIMULACION_CINCO_DIAS-NORMAL-N01,RECOCIDO_SIMULADO,0,TA05,ALM-CENTRAL,2,198
BASE,SIMULACION_CINCO_DIAS-NORMAL-N01,RECOCIDO_SIMULADO,0,TA05,ALM-CENTRAL,3,194
BASE,SIMULACION_CINCO_DIAS-NORMAL-N01,RECOCIDO_SIMULADO,0,TA06,ALM-CENTRAL,1,189
BASE,SIMULACION_CINCO_DIAS-NORMAL-N01,RECOCIDO_SIMULADO,0,TA06,ALM-CENTRAL,2,331
BASE,SIMULACION_CINCO_DIAS-NORMAL-N01,RECOCIDO_SIMULADO,0,TA06,ALM-CENTRAL,3,494
BASE,SIMULACION_CINCO_DIAS-NORMAL-N01,RECOCIDO_SIMULADO,0,TA06,ALM-CENTRAL,4,666
BASE,SIMULACION_CINCO_DIAS-NORMAL-N01,RECOCIDO_SIMULADO,0,TA07,ALM-CENTRAL,1,23
BASE,SIMULACION_CINCO_DIAS-NORMAL-N01,RECOCIDO_SIMULADO,0,TA07,ALM-CENTRAL,2,17
BASE,SIMULACION_CINCO_DIAS-NORMAL-N01,RECOCIDO_SIMULADO,0,TA07,ALM-CENTRAL,3,201
BASE,SIMULACION_CINCO_DIAS-NORMAL-N01,RECOCIDO_SIMULADO,0,TA07,ALM-CENTRAL,4,664
BASE,SIMULACION_CINCO_DIAS-NORMAL-N01,RECOCIDO_SIMULADO,0,TA08,ALM-CENTRAL,1,8
BASE,SIMULACION_CINCO_DIAS-NORMAL-N01,RECOCIDO_SIMULADO,0,TA08,ALM-CENTRAL,2,338
BASE,SIMULACION_CINCO_DIAS-NORMAL-N01,RECOCIDO_SIMULADO,0,TA08,ALM-CENTRAL,3,192
BASE,SIMULACION_CINCO_DIAS-NORMAL-N01,RECOCIDO_SIMULADO,0,TA09,ALM-CENTRAL,1,490
BASE,SIMULACION_CINCO_DIAS-NORMAL-N01,RECOCIDO_SIMULADO,0,TA09,ALM-CENTRAL,2,16
BASE,SIMULACION_CINCO_DIAS-NORMAL-N01,RECOCIDO_SIMULADO,0,TA09,ALM-CENTRAL,3,10
BASE,SIMULACION_CINCO_DIAS-NORMAL-N01,RECOCIDO_SIMULADO,0,TA09,ALM-CENTRAL,4,323
BASE,SIMULACION_CINCO_DIAS-NORMAL-N01,RECOCIDO_SIMULADO,0,TA10,ALM-CENTRAL,1,212
BASE,SIMULACION_CINCO_DIAS-NORMAL-N01,RECOCIDO_SIMULADO,0,TA10,ALM-CENTRAL,2,195
BASE,SIMULACION_CINCO_DIAS-NORMAL-N01,RECOCIDO_SIMULADO,0,TA10,ALM-CENTRAL,3,507
BASE,SIMULACION_CINCO_DIAS-NORMAL-N01,RECOCIDO_SIMULADO,0,TB01,ALM-CENTRAL,1,328
BASE,SIMULACION_CINCO_DIAS-NORMAL-N01,RECOCIDO_SIMULADO,0,TB02,ALM-CENTRAL,1,191
BASE,SIMULACION_CINCO_DIAS-NORMAL-N01,RECOCIDO_SIMULADO,0,TB02,ALM-CENTRAL,2,662
BASE,SIMULACION_CINCO_DIAS-NORMAL-N01,RECOCIDO_SIMULADO,0,TB03,ALM-CENTRAL,1,322
BASE,SIMULACION_CINCO_DIAS-NORMAL-N01,RECOCIDO_SIMULADO,0,TB04,ALM-CENTRAL,1,498
BASE,SIMULACION_CINCO_DIAS-NORMAL-N01,RECOCIDO_SIMULADO,0,TB04,ALM-CENTRAL,2,491
BASE,SIMULACION_CINCO_DIAS-NORMAL-N01,RECOCIDO_SIMULADO,0,TB05,ALM-CENTRAL,1,188
BASE,SIMULACION_CINCO_DIAS-NORMAL-N01,RECOCIDO_SIMULADO,0,TB06,ALM-CENTRAL,1,342
BASE,SIMULACION_CINCO_DIAS-NORMAL-N01,RECOCIDO_SIMULADO,0,TB07,ALM-CENTRAL,1,190
BASE,SIMULACION_CINCO_DIAS-NORMAL-N01,RECOCIDO_SIMULADO,0,TB07,ALM-CENTRAL,2,333
BASE,SIMULACION_CINCO_DIAS-NORMAL-N01,RECOCIDO_SIMULADO,0,TB08,ALM-CENTRAL,1,657
BASE,SIMULACION_CINCO_DIAS-NORMAL-N01,RECOCIDO_SIMULADO,0,TB09,ALM-CENTRAL,1,654
BASE,SIMULACION_CINCO_DIAS-NORMAL-N01,RECOCIDO_SIMULADO,0,TB10,ALM-CENTRAL,1,320
BASE,SIMULACION_CINCO_DIAS-NORMAL-N01,RECOCIDO_SIMULADO,0,TB11,ALM-CENTRAL,1,19
BASE,SIMULACION_CINCO_DIAS-NORMAL-N01,RECOCIDO_SIMULADO,0,TB11,ALM-CENTRAL,2,21
BASE,SIMULACION_CINCO_DIAS-NORMAL-N01,RECOCIDO_SIMULADO,0,TB12,ALM-CENTRAL,1,11
BASE,SIMULACION_CINCO_DIAS-NORMAL-N01,RECOCIDO_SIMULADO,0,TM01,ALM-CENTRAL,1,24
BASE,SIMULACION_CINCO_DIAS-NORMAL-N01,RECOCIDO_SIMULADO,0,TM01,ALM-CENTRAL,2,486
BASE,SIMULACION_CINCO_DIAS-NORMAL-N01,RECOCIDO_SIMULADO,0,TM02,ALM-CENTRAL,1,4
BASE,SIMULACION_CINCO_DIAS-NORMAL-N01,RECOCIDO_SIMULADO,0,TM02,ALM-CENTRAL,2,329
BASE,SIMULACION_CINCO_DIAS-NORMAL-N01,RECOCIDO_SIMULADO,0,TM03,ALM-CENTRAL,1,5
BASE,SIMULACION_CINCO_DIAS-NORMAL-N01,RECOCIDO_SIMULADO,0,TM03,ALM-CENTRAL,2,336
BASE,SIMULACION_CINCO_DIAS-NORMAL-N01,RECOCIDO_SIMULADO,0,TM04,ALM-CENTRAL,1,12
BASE,SIMULACION_CINCO_DIAS-NORMAL-N01,RECOCIDO_SIMULADO,0,TM04,ALM-CENTRAL,2,200
BASE,SIMULACION_CINCO_DIAS-NORMAL-N01,RECOCIDO_SIMULADO,0,TM05,ALM-CENTRAL,1,13
BASE,SIMULACION_CINCO_DIAS-NORMAL-N01,RECOCIDO_SIMULADO,0,TM05,ALM-CENTRAL,2,339
BASE,SIMULACION_CINCO_DIAS-NORMAL-N01,RECOCIDO_SIMULADO,0,TM06,ALM-CENTRAL,1,18
BASE,SIMULACION_CINCO_DIAS-NORMAL-N01,RECOCIDO_SIMULADO,0,TM06,ALM-CENTRAL,2,20
BASE,SIMULACION_CINCO_DIAS-NORMAL-N01,RECOCIDO_SIMULADO,0,TM07,ALM-CENTRAL,1,326
BASE,SIMULACION_CINCO_DIAS-NORMAL-N01,RECOCIDO_SIMULADO,0,TM07,ALM-CENTRAL,2,209
BASE,SIMULACION_CINCO_DIAS-NORMAL-N01,RECOCIDO_SIMULADO,0,TM07,ALM-CENTRAL,3,650
BASE,SIMULACION_CINCO_DIAS-NORMAL-N01,RECOCIDO_SIMULADO,0,TM08,ALM-CENTRAL,1,204
BASE,SIMULACION_CINCO_DIAS-NORMAL-N01,RECOCIDO_SIMULADO,0,TM09,ALM-CENTRAL,1,206
BASE,SIMULACION_CINCO_DIAS-NORMAL-N01,RECOCIDO_SIMULADO,0,TM10,ALM-CENTRAL,1,499
BASE,SIMULACION_CINCO_DIAS-NORMAL-N01,RECOCIDO_SIMULADO,0,TM10,ALM-CENTRAL,2,15
BASE,SIMULACION_CINCO_DIAS-NORMAL-N01,RECOCIDO_SIMULADO,0,TM11,ALM-CENTRAL,1,205
BASE,SIMULACION_CINCO_DIAS-NORMAL-N01,RECOCIDO_SIMULADO,0,TM12,ALM-CENTRAL,1,1
BASE,SIMULACION_CINCO_DIAS-NORMAL-N01,RECOCIDO_SIMULADO,0,TM12,ALM-CENTRAL,2,14
BASE,SIMULACION_CINCO_DIAS-NORMAL-N01,RECOCIDO_SIMULADO,0,TM13,ALM-CENTRAL,1,207
BASE,SIMULACION_CINCO_DIAS-NORMAL-N01,RECOCIDO_SIMULADO,0,TM14,ALM-CENTRAL,1,3
BASE,SIMULACION_CINCO_DIAS-NORMAL-N01,RECOCIDO_SIMULADO,0,TM14,ALM-CENTRAL,2,22
BASE,SIMULACION_CINCO_DIAS-NORMAL-N01,RECOCIDO_SIMULADO,0,TM15,ALM-CENTRAL,1,7
BASE,SIMULACION_CINCO_DIAS-NORMAL-N01,RECOCIDO_SIMULADO,0,TM15,ALM-CENTRAL,2,6
BASE,SIMULACION_CINCO_DIAS-NORMAL-N01,RECOCIDO_SIMULADO,0,NO_ASIGNADO,,,208
BASE,SIMULACION_CINCO_DIAS-NORMAL-N01,RECOCIDO_SIMULADO,0,NO_ASIGNADO,,,211
BASE,SIMULACION_CINCO_DIAS-NORMAL-N01,RECOCIDO_SIMULADO,0,NO_ASIGNADO,,,318
BASE,SIMULACION_CINCO_DIAS-NORMAL-N01,RECOCIDO_SIMULADO,0,NO_ASIGNADO,,,319
BASE,SIMULACION_CINCO_DIAS-NORMAL-N01,RECOCIDO_SIMULADO,0,NO_ASIGNADO,,,324
BASE,SIMULACION_CINCO_DIAS-NORMAL-N01,RECOCIDO_SIMULADO,0,NO_ASIGNADO,,,325
BASE,SIMULACION_CINCO_DIAS-NORMAL-N01,RECOCIDO_SIMULADO,0,NO_ASIGNADO,,,327
BASE,SIMULACION_CINCO_DIAS-NORMAL-N01,RECOCIDO_SIMULADO,0,NO_ASIGNADO,,,334
BASE,SIMULACION_CINCO_DIAS-NORMAL-N01,RECOCIDO_SIMULADO,0,NO_ASIGNADO,,,337
BASE,SIMULACION_CINCO_DIAS-NORMAL-N01,RECOCIDO_SIMULADO,0,NO_ASIGNADO,,,340
BASE,SIMULACION_CINCO_DIAS-NORMAL-N01,RECOCIDO_SIMULADO,0,NO_ASIGNADO,,,341
BASE,SIMULACION_CINCO_DIAS-NORMAL-N01,RECOCIDO_SIMULADO,0,NO_ASIGNADO,,,487
BASE,SIMULACION_CINCO_DIAS-NORMAL-N01,RECOCIDO_SIMULADO,0,NO_ASIGNADO,,,488
BASE,SIMULACION_CINCO_DIAS-NORMAL-N01,RECOCIDO_SIMULADO,0,NO_ASIGNADO,,,489
BASE,SIMULACION_CINCO_DIAS-NORMAL-N01,RECOCIDO_SIMULADO,0,NO_ASIGNADO,,,492
BASE,SIMULACION_CINCO_DIAS-NORMAL-N01,RECOCIDO_SIMULADO,0,NO_ASIGNADO,,,493
BASE,SIMULACION_CINCO_DIAS-NORMAL-N01,RECOCIDO_SIMULADO,0,NO_ASIGNADO,,,495
BASE,SIMULACION_CINCO_DIAS-NORMAL-N01,RECOCIDO_SIMULADO,0,NO_ASIGNADO,,,496
BASE,SIMULACION_CINCO_DIAS-NORMAL-N01,RECOCIDO_SIMULADO,0,NO_ASIGNADO,,,497
BASE,SIMULACION_CINCO_DIAS-NORMAL-N01,RECOCIDO_SIMULADO,0,NO_ASIGNADO,,,500
BASE,SIMULACION_CINCO_DIAS-NORMAL-N01,RECOCIDO_SIMULADO,0,NO_ASIGNADO,,,501
BASE,SIMULACION_CINCO_DIAS-NORMAL-N01,RECOCIDO_SIMULADO,0,NO_ASIGNADO,,,502
BASE,SIMULACION_CINCO_DIAS-NORMAL-N01,RECOCIDO_SIMULADO,0,NO_ASIGNADO,,,503
BASE,SIMULACION_CINCO_DIAS-NORMAL-N01,RECOCIDO_SIMULADO,0,NO_ASIGNADO,,,504
BASE,SIMULACION_CINCO_DIAS-NORMAL-N01,RECOCIDO_SIMULADO,0,NO_ASIGNADO,,,505
BASE,SIMULACION_CINCO_DIAS-NORMAL-N01,RECOCIDO_SIMULADO,0,NO_ASIGNADO,,,506
BASE,SIMULACION_CINCO_DIAS-NORMAL-N01,RECOCIDO_SIMULADO,0,NO_ASIGNADO,,,508
BASE,SIMULACION_CINCO_DIAS-NORMAL-N01,RECOCIDO_SIMULADO,0,NO_ASIGNADO,,,509
BASE,SIMULACION_CINCO_DIAS-NORMAL-N01,RECOCIDO_SIMULADO,0,NO_ASIGNADO,,,644
BASE,SIMULACION_CINCO_DIAS-NORMAL-N01,RECOCIDO_SIMULADO,0,NO_ASIGNADO,,,645
BASE,SIMULACION_CINCO_DIAS-NORMAL-N01,RECOCIDO_SIMULADO,0,NO_ASIGNADO,,,646
BASE,SIMULACION_CINCO_DIAS-NORMAL-N01,RECOCIDO_SIMULADO,0,NO_ASIGNADO,,,647
BASE,SIMULACION_CINCO_DIAS-NORMAL-N01,RECOCIDO_SIMULADO,0,NO_ASIGNADO,,,648
BASE,SIMULACION_CINCO_DIAS-NORMAL-N01,RECOCIDO_SIMULADO,0,NO_ASIGNADO,,,649
BASE,SIMULACION_CINCO_DIAS-NORMAL-N01,RECOCIDO_SIMULADO,0,NO_ASIGNADO,,,653
BASE,SIMULACION_CINCO_DIAS-NORMAL-N01,RECOCIDO_SIMULADO,0,NO_ASIGNADO,,,656
BASE,SIMULACION_CINCO_DIAS-NORMAL-N01,RECOCIDO_SIMULADO,0,NO_ASIGNADO,,,658
BASE,SIMULACION_CINCO_DIAS-NORMAL-N01,RECOCIDO_SIMULADO,0,NO_ASIGNADO,,,659
BASE,SIMULACION_CINCO_DIAS-NORMAL-N01,RECOCIDO_SIMULADO,0,NO_ASIGNADO,,,660
BASE,SIMULACION_CINCO_DIAS-NORMAL-N01,RECOCIDO_SIMULADO,0,NO_ASIGNADO,,,661
BASE,SIMULACION_CINCO_DIAS-NORMAL-N01,RECOCIDO_SIMULADO,0,NO_ASIGNADO,,,663
BASE,SIMULACION_CINCO_DIAS-NORMAL-N01,RECOCIDO_SIMULADO,0,NO_ASIGNADO,,,667
BASE,SIMULACION_CINCO_DIAS-NORMAL-N01,RECOCIDO_SIMULADO,1,TA01,ALM-CENTRAL,1,330
BASE,SIMULACION_CINCO_DIAS-NORMAL-N01,RECOCIDO_SIMULADO,1,TA01,ALM-CENTRAL,2,335
BASE,SIMULACION_CINCO_DIAS-NORMAL-N01,RECOCIDO_SIMULADO,1,TA01,ALM-CENTRAL,3,332
BASE,SIMULACION_CINCO_DIAS-NORMAL-N01,RECOCIDO_SIMULADO,1,TA01,ALM-CENTRAL,4,650
BASE,SIMULACION_CINCO_DIAS-NORMAL-N01,RECOCIDO_SIMULADO,1,TA02,ALM-CENTRAL,1,188
BASE,SIMULACION_CINCO_DIAS-NORMAL-N01,RECOCIDO_SIMULADO,1,TA02,ALM-CENTRAL,2,202
BASE,SIMULACION_CINCO_DIAS-NORMAL-N01,RECOCIDO_SIMULADO,1,TA02,ALM-CENTRAL,3,199
BASE,SIMULACION_CINCO_DIAS-NORMAL-N01,RECOCIDO_SIMULADO,1,TA03,ALM-CENTRAL,1,203
BASE,SIMULACION_CINCO_DIAS-NORMAL-N01,RECOCIDO_SIMULADO,1,TA03,ALM-CENTRAL,2,196
BASE,SIMULACION_CINCO_DIAS-NORMAL-N01,RECOCIDO_SIMULADO,1,TA03,ALM-CENTRAL,3,2
BASE,SIMULACION_CINCO_DIAS-NORMAL-N01,RECOCIDO_SIMULADO,1,TA03,ALM-CENTRAL,4,654
BASE,SIMULACION_CINCO_DIAS-NORMAL-N01,RECOCIDO_SIMULADO,1,TA04,ALM-CENTRAL,1,321
BASE,SIMULACION_CINCO_DIAS-NORMAL-N01,RECOCIDO_SIMULADO,1,TA04,ALM-CENTRAL,2,25
BASE,SIMULACION_CINCO_DIAS-NORMAL-N01,RECOCIDO_SIMULADO,1,TA04,ALM-CENTRAL,3,11
BASE,SIMULACION_CINCO_DIAS-NORMAL-N01,RECOCIDO_SIMULADO,1,TA04,ALM-CENTRAL,4,210
BASE,SIMULACION_CINCO_DIAS-NORMAL-N01,RECOCIDO_SIMULADO,1,TA05,ALM-CENTRAL,1,193
BASE,SIMULACION_CINCO_DIAS-NORMAL-N01,RECOCIDO_SIMULADO,1,TA05,ALM-CENTRAL,2,336
BASE,SIMULACION_CINCO_DIAS-NORMAL-N01,RECOCIDO_SIMULADO,1,TA05,ALM-CENTRAL,3,194
BASE,SIMULACION_CINCO_DIAS-NORMAL-N01,RECOCIDO_SIMULADO,1,TA05,ALM-CENTRAL,4,665
BASE,SIMULACION_CINCO_DIAS-NORMAL-N01,RECOCIDO_SIMULADO,1,TA06,ALM-CENTRAL,1,189
BASE,SIMULACION_CINCO_DIAS-NORMAL-N01,RECOCIDO_SIMULADO,1,TA06,ALM-CENTRAL,2,331
BASE,SIMULACION_CINCO_DIAS-NORMAL-N01,RECOCIDO_SIMULADO,1,TA06,ALM-CENTRAL,3,333
BASE,SIMULACION_CINCO_DIAS-NORMAL-N01,RECOCIDO_SIMULADO,1,TA06,ALM-CENTRAL,4,494
BASE,SIMULACION_CINCO_DIAS-NORMAL-N01,RECOCIDO_SIMULADO,1,TA07,ALM-CENTRAL,1,23
BASE,SIMULACION_CINCO_DIAS-NORMAL-N01,RECOCIDO_SIMULADO,1,TA07,ALM-CENTRAL,2,17
BASE,SIMULACION_CINCO_DIAS-NORMAL-N01,RECOCIDO_SIMULADO,1,TA07,ALM-CENTRAL,3,201
BASE,SIMULACION_CINCO_DIAS-NORMAL-N01,RECOCIDO_SIMULADO,1,TA07,ALM-CENTRAL,4,664
BASE,SIMULACION_CINCO_DIAS-NORMAL-N01,RECOCIDO_SIMULADO,1,TA08,ALM-CENTRAL,1,14
BASE,SIMULACION_CINCO_DIAS-NORMAL-N01,RECOCIDO_SIMULADO,1,TA08,ALM-CENTRAL,2,192
BASE,SIMULACION_CINCO_DIAS-NORMAL-N01,RECOCIDO_SIMULADO,1,TA08,ALM-CENTRAL,3,8
BASE,SIMULACION_CINCO_DIAS-NORMAL-N01,RECOCIDO_SIMULADO,1,TA08,ALM-CENTRAL,4,338
BASE,SIMULACION_CINCO_DIAS-NORMAL-N01,RECOCIDO_SIMULADO,1,TA09,ALM-CENTRAL,1,490
BASE,SIMULACION_CINCO_DIAS-NORMAL-N01,RECOCIDO_SIMULADO,1,TA09,ALM-CENTRAL,2,10
BASE,SIMULACION_CINCO_DIAS-NORMAL-N01,RECOCIDO_SIMULADO,1,TA09,ALM-CENTRAL,3,197
BASE,SIMULACION_CINCO_DIAS-NORMAL-N01,RECOCIDO_SIMULADO,1,TA09,ALM-CENTRAL,4,323
BASE,SIMULACION_CINCO_DIAS-NORMAL-N01,RECOCIDO_SIMULADO,1,TA10,ALM-CENTRAL,1,212
BASE,SIMULACION_CINCO_DIAS-NORMAL-N01,RECOCIDO_SIMULADO,1,TA10,ALM-CENTRAL,2,195
BASE,SIMULACION_CINCO_DIAS-NORMAL-N01,RECOCIDO_SIMULADO,1,TA10,ALM-CENTRAL,3,18
BASE,SIMULACION_CINCO_DIAS-NORMAL-N01,RECOCIDO_SIMULADO,1,TA10,ALM-CENTRAL,4,507
BASE,SIMULACION_CINCO_DIAS-NORMAL-N01,RECOCIDO_SIMULADO,1,TB01,ALM-CENTRAL,1,655
BASE,SIMULACION_CINCO_DIAS-NORMAL-N01,RECOCIDO_SIMULADO,1,TB02,ALM-CENTRAL,1,322
BASE,SIMULACION_CINCO_DIAS-NORMAL-N01,RECOCIDO_SIMULADO,1,TB03,ALM-CENTRAL,1,498
BASE,SIMULACION_CINCO_DIAS-NORMAL-N01,RECOCIDO_SIMULADO,1,TB03,ALM-CENTRAL,2,666
BASE,SIMULACION_CINCO_DIAS-NORMAL-N01,RECOCIDO_SIMULADO,1,TB04,ALM-CENTRAL,1,342
BASE,SIMULACION_CINCO_DIAS-NORMAL-N01,RECOCIDO_SIMULADO,1,TB05,ALM-CENTRAL,1,16
BASE,SIMULACION_CINCO_DIAS-NORMAL-N01,RECOCIDO_SIMULADO,1,TB06,ALM-CENTRAL,1,9
BASE,SIMULACION_CINCO_DIAS-NORMAL-N01,RECOCIDO_SIMULADO,1,TB06,ALM-CENTRAL,2,491
BASE,SIMULACION_CINCO_DIAS-NORMAL-N01,RECOCIDO_SIMULADO,1,TB07,ALM-CENTRAL,1,15
BASE,SIMULACION_CINCO_DIAS-NORMAL-N01,RECOCIDO_SIMULADO,1,TB08,ALM-CENTRAL,1,19
BASE,SIMULACION_CINCO_DIAS-NORMAL-N01,RECOCIDO_SIMULADO,1,TB08,ALM-CENTRAL,2,21
BASE,SIMULACION_CINCO_DIAS-NORMAL-N01,RECOCIDO_SIMULADO,1,TB09,ALM-CENTRAL,1,657
BASE,SIMULACION_CINCO_DIAS-NORMAL-N01,RECOCIDO_SIMULADO,1,TB10,ALM-CENTRAL,1,320
BASE,SIMULACION_CINCO_DIAS-NORMAL-N01,RECOCIDO_SIMULADO,1,TB11,ALM-CENTRAL,1,499
BASE,SIMULACION_CINCO_DIAS-NORMAL-N01,RECOCIDO_SIMULADO,1,TB12,ALM-CENTRAL,1,486
BASE,SIMULACION_CINCO_DIAS-NORMAL-N01,RECOCIDO_SIMULADO,1,TB12,ALM-CENTRAL,2,652
BASE,SIMULACION_CINCO_DIAS-NORMAL-N01,RECOCIDO_SIMULADO,1,TM01,ALM-CENTRAL,1,191
BASE,SIMULACION_CINCO_DIAS-NORMAL-N01,RECOCIDO_SIMULADO,1,TM01,ALM-CENTRAL,2,24
BASE,SIMULACION_CINCO_DIAS-NORMAL-N01,RECOCIDO_SIMULADO,1,TM01,ALM-CENTRAL,3,651
BASE,SIMULACION_CINCO_DIAS-NORMAL-N01,RECOCIDO_SIMULADO,1,TM02,ALM-CENTRAL,1,329
BASE,SIMULACION_CINCO_DIAS-NORMAL-N01,RECOCIDO_SIMULADO,1,TM02,ALM-CENTRAL,2,662
BASE,SIMULACION_CINCO_DIAS-NORMAL-N01,RECOCIDO_SIMULADO,1,TM03,ALM-CENTRAL,1,190
BASE,SIMULACION_CINCO_DIAS-NORMAL-N01,RECOCIDO_SIMULADO,1,TM03,ALM-CENTRAL,2,5
BASE,SIMULACION_CINCO_DIAS-NORMAL-N01,RECOCIDO_SIMULADO,1,TM04,ALM-CENTRAL,1,12
BASE,SIMULACION_CINCO_DIAS-NORMAL-N01,RECOCIDO_SIMULADO,1,TM04,ALM-CENTRAL,2,4
BASE,SIMULACION_CINCO_DIAS-NORMAL-N01,RECOCIDO_SIMULADO,1,TM05,ALM-CENTRAL,1,13
BASE,SIMULACION_CINCO_DIAS-NORMAL-N01,RECOCIDO_SIMULADO,1,TM05,ALM-CENTRAL,2,339
BASE,SIMULACION_CINCO_DIAS-NORMAL-N01,RECOCIDO_SIMULADO,1,TM06,ALM-CENTRAL,1,6
BASE,SIMULACION_CINCO_DIAS-NORMAL-N01,RECOCIDO_SIMULADO,1,TM06,ALM-CENTRAL,2,485
BASE,SIMULACION_CINCO_DIAS-NORMAL-N01,RECOCIDO_SIMULADO,1,TM06,ALM-CENTRAL,3,20
BASE,SIMULACION_CINCO_DIAS-NORMAL-N01,RECOCIDO_SIMULADO,1,TM07,ALM-CENTRAL,1,198
BASE,SIMULACION_CINCO_DIAS-NORMAL-N01,RECOCIDO_SIMULADO,1,TM07,ALM-CENTRAL,2,326
BASE,SIMULACION_CINCO_DIAS-NORMAL-N01,RECOCIDO_SIMULADO,1,TM08,ALM-CENTRAL,1,204
BASE,SIMULACION_CINCO_DIAS-NORMAL-N01,RECOCIDO_SIMULADO,1,TM09,ALM-CENTRAL,1,206
BASE,SIMULACION_CINCO_DIAS-NORMAL-N01,RECOCIDO_SIMULADO,1,TM10,ALM-CENTRAL,1,327
BASE,SIMULACION_CINCO_DIAS-NORMAL-N01,RECOCIDO_SIMULADO,1,TM10,ALM-CENTRAL,2,209
BASE,SIMULACION_CINCO_DIAS-NORMAL-N01,RECOCIDO_SIMULADO,1,TM11,ALM-CENTRAL,1,205
BASE,SIMULACION_CINCO_DIAS-NORMAL-N01,RECOCIDO_SIMULADO,1,TM12,ALM-CENTRAL,1,1
BASE,SIMULACION_CINCO_DIAS-NORMAL-N01,RECOCIDO_SIMULADO,1,TM12,ALM-CENTRAL,2,328
BASE,SIMULACION_CINCO_DIAS-NORMAL-N01,RECOCIDO_SIMULADO,1,TM13,ALM-CENTRAL,1,207
BASE,SIMULACION_CINCO_DIAS-NORMAL-N01,RECOCIDO_SIMULADO,1,TM14,ALM-CENTRAL,1,3
BASE,SIMULACION_CINCO_DIAS-NORMAL-N01,RECOCIDO_SIMULADO,1,TM14,ALM-CENTRAL,2,200
BASE,SIMULACION_CINCO_DIAS-NORMAL-N01,RECOCIDO_SIMULADO,1,TM14,ALM-CENTRAL,3,668
BASE,SIMULACION_CINCO_DIAS-NORMAL-N01,RECOCIDO_SIMULADO,1,TM15,ALM-CENTRAL,1,7
BASE,SIMULACION_CINCO_DIAS-NORMAL-N01,RECOCIDO_SIMULADO,1,TM15,ALM-CENTRAL,2,22
BASE,SIMULACION_CINCO_DIAS-NORMAL-N01,RECOCIDO_SIMULADO,1,NO_ASIGNADO,,,208
BASE,SIMULACION_CINCO_DIAS-NORMAL-N01,RECOCIDO_SIMULADO,1,NO_ASIGNADO,,,211
BASE,SIMULACION_CINCO_DIAS-NORMAL-N01,RECOCIDO_SIMULADO,1,NO_ASIGNADO,,,318
BASE,SIMULACION_CINCO_DIAS-NORMAL-N01,RECOCIDO_SIMULADO,1,NO_ASIGNADO,,,319
BASE,SIMULACION_CINCO_DIAS-NORMAL-N01,RECOCIDO_SIMULADO,1,NO_ASIGNADO,,,324
BASE,SIMULACION_CINCO_DIAS-NORMAL-N01,RECOCIDO_SIMULADO,1,NO_ASIGNADO,,,325
BASE,SIMULACION_CINCO_DIAS-NORMAL-N01,RECOCIDO_SIMULADO,1,NO_ASIGNADO,,,334
BASE,SIMULACION_CINCO_DIAS-NORMAL-N01,RECOCIDO_SIMULADO,1,NO_ASIGNADO,,,337
BASE,SIMULACION_CINCO_DIAS-NORMAL-N01,RECOCIDO_SIMULADO,1,NO_ASIGNADO,,,340
BASE,SIMULACION_CINCO_DIAS-NORMAL-N01,RECOCIDO_SIMULADO,1,NO_ASIGNADO,,,341
BASE,SIMULACION_CINCO_DIAS-NORMAL-N01,RECOCIDO_SIMULADO,1,NO_ASIGNADO,,,487
BASE,SIMULACION_CINCO_DIAS-NORMAL-N01,RECOCIDO_SIMULADO,1,NO_ASIGNADO,,,488
BASE,SIMULACION_CINCO_DIAS-NORMAL-N01,RECOCIDO_SIMULADO,1,NO_ASIGNADO,,,489
BASE,SIMULACION_CINCO_DIAS-NORMAL-N01,RECOCIDO_SIMULADO,1,NO_ASIGNADO,,,492
BASE,SIMULACION_CINCO_DIAS-NORMAL-N01,RECOCIDO_SIMULADO,1,NO_ASIGNADO,,,493
BASE,SIMULACION_CINCO_DIAS-NORMAL-N01,RECOCIDO_SIMULADO,1,NO_ASIGNADO,,,495
BASE,SIMULACION_CINCO_DIAS-NORMAL-N01,RECOCIDO_SIMULADO,1,NO_ASIGNADO,,,496
BASE,SIMULACION_CINCO_DIAS-NORMAL-N01,RECOCIDO_SIMULADO,1,NO_ASIGNADO,,,497
BASE,SIMULACION_CINCO_DIAS-NORMAL-N01,RECOCIDO_SIMULADO,1,NO_ASIGNADO,,,500
BASE,SIMULACION_CINCO_DIAS-NORMAL-N01,RECOCIDO_SIMULADO,1,NO_ASIGNADO,,,501
BASE,SIMULACION_CINCO_DIAS-NORMAL-N01,RECOCIDO_SIMULADO,1,NO_ASIGNADO,,,502
BASE,SIMULACION_CINCO_DIAS-NORMAL-N01,RECOCIDO_SIMULADO,1,NO_ASIGNADO,,,503
BASE,SIMULACION_CINCO_DIAS-NORMAL-N01,RECOCIDO_SIMULADO,1,NO_ASIGNADO,,,504
BASE,SIMULACION_CINCO_DIAS-NORMAL-N01,RECOCIDO_SIMULADO,1,NO_ASIGNADO,,,505
BASE,SIMULACION_CINCO_DIAS-NORMAL-N01,RECOCIDO_SIMULADO,1,NO_ASIGNADO,,,506
BASE,SIMULACION_CINCO_DIAS-NORMAL-N01,RECOCIDO_SIMULADO,1,NO_ASIGNADO,,,508
BASE,SIMULACION_CINCO_DIAS-NORMAL-N01,RECOCIDO_SIMULADO,1,NO_ASIGNADO,,,509
BASE,SIMULACION_CINCO_DIAS-NORMAL-N01,RECOCIDO_SIMULADO,1,NO_ASIGNADO,,,644
BASE,SIMULACION_CINCO_DIAS-NORMAL-N01,RECOCIDO_SIMULADO,1,NO_ASIGNADO,,,645
BASE,SIMULACION_CINCO_DIAS-NORMAL-N01,RECOCIDO_SIMULADO,1,NO_ASIGNADO,,,646
BASE,SIMULACION_CINCO_DIAS-NORMAL-N01,RECOCIDO_SIMULADO,1,NO_ASIGNADO,,,647
BASE,SIMULACION_CINCO_DIAS-NORMAL-N01,RECOCIDO_SIMULADO,1,NO_ASIGNADO,,,648
BASE,SIMULACION_CINCO_DIAS-NORMAL-N01,RECOCIDO_SIMULADO,1,NO_ASIGNADO,,,649
BASE,SIMULACION_CINCO_DIAS-NORMAL-N01,RECOCIDO_SIMULADO,1,NO_ASIGNADO,,,653
BASE,SIMULACION_CINCO_DIAS-NORMAL-N01,RECOCIDO_SIMULADO,1,NO_ASIGNADO,,,656
BASE,SIMULACION_CINCO_DIAS-NORMAL-N01,RECOCIDO_SIMULADO,1,NO_ASIGNADO,,,658
BASE,SIMULACION_CINCO_DIAS-NORMAL-N01,RECOCIDO_SIMULADO,1,NO_ASIGNADO,,,659
BASE,SIMULACION_CINCO_DIAS-NORMAL-N01,RECOCIDO_SIMULADO,1,NO_ASIGNADO,,,660
BASE,SIMULACION_CINCO_DIAS-NORMAL-N01,RECOCIDO_SIMULADO,1,NO_ASIGNADO,,,661
BASE,SIMULACION_CINCO_DIAS-NORMAL-N01,RECOCIDO_SIMULADO,1,NO_ASIGNADO,,,663
BASE,SIMULACION_CINCO_DIAS-NORMAL-N01,RECOCIDO_SIMULADO,1,NO_ASIGNADO,,,667
BASE,SIMULACION_CINCO_DIAS-NORMAL-N01,GENETICO,1,TA01,ALM-CENTRAL,1,505
BASE,SIMULACION_CINCO_DIAS-NORMAL-N01,GENETICO,1,TA01,ALM-CENTRAL,2,194
BASE,SIMULACION_CINCO_DIAS-NORMAL-N01,GENETICO,1,TA01,ALM-CENTRAL,3,663
BASE,SIMULACION_CINCO_DIAS-NORMAL-N01,GENETICO,1,TA02,ALM-CENTRAL,1,325
BASE,SIMULACION_CINCO_DIAS-NORMAL-N01,GENETICO,1,TA02,ALM-CENTRAL,2,18
BASE,SIMULACION_CINCO_DIAS-NORMAL-N01,GENETICO,1,TA02,ALM-CENTRAL,3,656
BASE,SIMULACION_CINCO_DIAS-NORMAL-N01,GENETICO,1,TA03,ALM-CENTRAL,1,498
BASE,SIMULACION_CINCO_DIAS-NORMAL-N01,GENETICO,1,TA03,ALM-CENTRAL,2,212
BASE,SIMULACION_CINCO_DIAS-NORMAL-N01,GENETICO,1,TA03,ALM-CENTRAL,3,318
BASE,SIMULACION_CINCO_DIAS-NORMAL-N01,GENETICO,1,TA03,ALM-CENTRAL,4,662
BASE,SIMULACION_CINCO_DIAS-NORMAL-N01,GENETICO,1,TA04,ALM-CENTRAL,1,492
BASE,SIMULACION_CINCO_DIAS-NORMAL-N01,GENETICO,1,TA04,ALM-CENTRAL,2,487
BASE,SIMULACION_CINCO_DIAS-NORMAL-N01,GENETICO,1,TA04,ALM-CENTRAL,3,647
BASE,SIMULACION_CINCO_DIAS-NORMAL-N01,GENETICO,1,TA05,ALM-CENTRAL,1,503
BASE,SIMULACION_CINCO_DIAS-NORMAL-N01,GENETICO,1,TA05,ALM-CENTRAL,2,319
BASE,SIMULACION_CINCO_DIAS-NORMAL-N01,GENETICO,1,TA05,ALM-CENTRAL,3,661
BASE,SIMULACION_CINCO_DIAS-NORMAL-N01,GENETICO,1,TA06,ALM-CENTRAL,1,211
BASE,SIMULACION_CINCO_DIAS-NORMAL-N01,GENETICO,1,TA06,ALM-CENTRAL,2,654
BASE,SIMULACION_CINCO_DIAS-NORMAL-N01,GENETICO,1,TA06,ALM-CENTRAL,3,667
BASE,SIMULACION_CINCO_DIAS-NORMAL-N01,GENETICO,1,TA06,ALM-CENTRAL,4,665
BASE,SIMULACION_CINCO_DIAS-NORMAL-N01,GENETICO,1,TA07,ALM-CENTRAL,1,321
BASE,SIMULACION_CINCO_DIAS-NORMAL-N01,GENETICO,1,TA07,ALM-CENTRAL,2,658
BASE,SIMULACION_CINCO_DIAS-NORMAL-N01,GENETICO,1,TA07,ALM-CENTRAL,3,504
BASE,SIMULACION_CINCO_DIAS-NORMAL-N01,GENETICO,1,TA08,ALM-CENTRAL,1,334
BASE,SIMULACION_CINCO_DIAS-NORMAL-N01,GENETICO,1,TA08,ALM-CENTRAL,2,5
BASE,SIMULACION_CINCO_DIAS-NORMAL-N01,GENETICO,1,TA08,ALM-CENTRAL,3,327
BASE,SIMULACION_CINCO_DIAS-NORMAL-N01,GENETICO,1,TA09,ALM-CENTRAL,1,3
BASE,SIMULACION_CINCO_DIAS-NORMAL-N01,GENETICO,1,TA09,ALM-CENTRAL,2,208
BASE,SIMULACION_CINCO_DIAS-NORMAL-N01,GENETICO,1,TA09,ALM-CENTRAL,3,497
BASE,SIMULACION_CINCO_DIAS-NORMAL-N01,GENETICO,1,TA10,ALM-CENTRAL,1,324
BASE,SIMULACION_CINCO_DIAS-NORMAL-N01,GENETICO,1,TA10,ALM-CENTRAL,2,508
BASE,SIMULACION_CINCO_DIAS-NORMAL-N01,GENETICO,1,TA10,ALM-CENTRAL,3,496
BASE,SIMULACION_CINCO_DIAS-NORMAL-N01,GENETICO,1,TB01,ALM-CENTRAL,1,11
BASE,SIMULACION_CINCO_DIAS-NORMAL-N01,GENETICO,1,TB02,ALM-CENTRAL,1,322
BASE,SIMULACION_CINCO_DIAS-NORMAL-N01,GENETICO,1,TB03,ALM-CENTRAL,1,197
BASE,SIMULACION_CINCO_DIAS-NORMAL-N01,GENETICO,1,TB04,ALM-CENTRAL,1,191
BASE,SIMULACION_CINCO_DIAS-NORMAL-N01,GENETICO,1,TB04,ALM-CENTRAL,2,491
BASE,SIMULACION_CINCO_DIAS-NORMAL-N01,GENETICO,1,TB05,ALM-CENTRAL,1,19
BASE,SIMULACION_CINCO_DIAS-NORMAL-N01,GENETICO,1,TB06,ALM-CENTRAL,1,190
BASE,SIMULACION_CINCO_DIAS-NORMAL-N01,GENETICO,1,TB06,ALM-CENTRAL,2,652
BASE,SIMULACION_CINCO_DIAS-NORMAL-N01,GENETICO,1,TB07,ALM-CENTRAL,1,14
BASE,SIMULACION_CINCO_DIAS-NORMAL-N01,GENETICO,1,TB08,ALM-CENTRAL,1,486
BASE,SIMULACION_CINCO_DIAS-NORMAL-N01,GENETICO,1,TB09,ALM-CENTRAL,1,336
BASE,SIMULACION_CINCO_DIAS-NORMAL-N01,GENETICO,1,TB09,ALM-CENTRAL,2,668
BASE,SIMULACION_CINCO_DIAS-NORMAL-N01,GENETICO,1,TB10,ALM-CENTRAL,1,21
BASE,SIMULACION_CINCO_DIAS-NORMAL-N01,GENETICO,1,TB11,ALM-CENTRAL,1,198
BASE,SIMULACION_CINCO_DIAS-NORMAL-N01,GENETICO,1,TB12,ALM-CENTRAL,1,499
BASE,SIMULACION_CINCO_DIAS-NORMAL-N01,GENETICO,1,TM01,ALM-CENTRAL,1,320
BASE,SIMULACION_CINCO_DIAS-NORMAL-N01,GENETICO,1,TM01,ALM-CENTRAL,2,339
BASE,SIMULACION_CINCO_DIAS-NORMAL-N01,GENETICO,1,TM02,ALM-CENTRAL,1,490
BASE,SIMULACION_CINCO_DIAS-NORMAL-N01,GENETICO,1,TM02,ALM-CENTRAL,2,6
BASE,SIMULACION_CINCO_DIAS-NORMAL-N01,GENETICO,1,TM03,ALM-CENTRAL,1,22
BASE,SIMULACION_CINCO_DIAS-NORMAL-N01,GENETICO,1,TM03,ALM-CENTRAL,2,657
BASE,SIMULACION_CINCO_DIAS-NORMAL-N01,GENETICO,1,TM04,ALM-CENTRAL,1,332
BASE,SIMULACION_CINCO_DIAS-NORMAL-N01,GENETICO,1,TM04,ALM-CENTRAL,2,485
BASE,SIMULACION_CINCO_DIAS-NORMAL-N01,GENETICO,1,TM04,ALM-CENTRAL,3,666
BASE,SIMULACION_CINCO_DIAS-NORMAL-N01,GENETICO,1,TM05,ALM-CENTRAL,1,16
BASE,SIMULACION_CINCO_DIAS-NORMAL-N01,GENETICO,1,TM05,ALM-CENTRAL,2,506
BASE,SIMULACION_CINCO_DIAS-NORMAL-N01,GENETICO,1,TM06,ALM-CENTRAL,1,502
BASE,SIMULACION_CINCO_DIAS-NORMAL-N01,GENETICO,1,TM06,ALM-CENTRAL,2,209
BASE,SIMULACION_CINCO_DIAS-NORMAL-N01,GENETICO,1,TM07,ALM-CENTRAL,1,342
BASE,SIMULACION_CINCO_DIAS-NORMAL-N01,GENETICO,1,TM07,ALM-CENTRAL,2,9
BASE,SIMULACION_CINCO_DIAS-NORMAL-N01,GENETICO,1,TM08,ALM-CENTRAL,1,15
BASE,SIMULACION_CINCO_DIAS-NORMAL-N01,GENETICO,1,TM08,ALM-CENTRAL,2,200
BASE,SIMULACION_CINCO_DIAS-NORMAL-N01,GENETICO,1,TM09,ALM-CENTRAL,1,341
BASE,SIMULACION_CINCO_DIAS-NORMAL-N01,GENETICO,1,TM10,ALM-CENTRAL,1,4
BASE,SIMULACION_CINCO_DIAS-NORMAL-N01,GENETICO,1,TM10,ALM-CENTRAL,2,329
BASE,SIMULACION_CINCO_DIAS-NORMAL-N01,GENETICO,1,TM11,ALM-CENTRAL,1,651
BASE,SIMULACION_CINCO_DIAS-NORMAL-N01,GENETICO,1,TM11,ALM-CENTRAL,2,655
BASE,SIMULACION_CINCO_DIAS-NORMAL-N01,GENETICO,1,TM12,ALM-CENTRAL,1,650
BASE,SIMULACION_CINCO_DIAS-NORMAL-N01,GENETICO,1,TM12,ALM-CENTRAL,2,500
BASE,SIMULACION_CINCO_DIAS-NORMAL-N01,GENETICO,1,TM13,ALM-CENTRAL,1,333
BASE,SIMULACION_CINCO_DIAS-NORMAL-N01,GENETICO,1,TM13,ALM-CENTRAL,2,494
BASE,SIMULACION_CINCO_DIAS-NORMAL-N01,GENETICO,1,TM14,ALM-CENTRAL,1,328
BASE,SIMULACION_CINCO_DIAS-NORMAL-N01,GENETICO,1,TM14,ALM-CENTRAL,2,644
BASE,SIMULACION_CINCO_DIAS-NORMAL-N01,GENETICO,1,TM15,ALM-CENTRAL,1,196
BASE,SIMULACION_CINCO_DIAS-NORMAL-N01,GENETICO,1,TM15,ALM-CENTRAL,2,664
BASE,SIMULACION_CINCO_DIAS-NORMAL-N01,GENETICO,1,NO_ASIGNADO,,,1
BASE,SIMULACION_CINCO_DIAS-NORMAL-N01,GENETICO,1,NO_ASIGNADO,,,2
BASE,SIMULACION_CINCO_DIAS-NORMAL-N01,GENETICO,1,NO_ASIGNADO,,,7
BASE,SIMULACION_CINCO_DIAS-NORMAL-N01,GENETICO,1,NO_ASIGNADO,,,8
BASE,SIMULACION_CINCO_DIAS-NORMAL-N01,GENETICO,1,NO_ASIGNADO,,,10
BASE,SIMULACION_CINCO_DIAS-NORMAL-N01,GENETICO,1,NO_ASIGNADO,,,12
BASE,SIMULACION_CINCO_DIAS-NORMAL-N01,GENETICO,1,NO_ASIGNADO,,,13
BASE,SIMULACION_CINCO_DIAS-NORMAL-N01,GENETICO,1,NO_ASIGNADO,,,17
BASE,SIMULACION_CINCO_DIAS-NORMAL-N01,GENETICO,1,NO_ASIGNADO,,,20
BASE,SIMULACION_CINCO_DIAS-NORMAL-N01,GENETICO,1,NO_ASIGNADO,,,23
BASE,SIMULACION_CINCO_DIAS-NORMAL-N01,GENETICO,1,NO_ASIGNADO,,,24
BASE,SIMULACION_CINCO_DIAS-NORMAL-N01,GENETICO,1,NO_ASIGNADO,,,25
BASE,SIMULACION_CINCO_DIAS-NORMAL-N01,GENETICO,1,NO_ASIGNADO,,,188
BASE,SIMULACION_CINCO_DIAS-NORMAL-N01,GENETICO,1,NO_ASIGNADO,,,189
BASE,SIMULACION_CINCO_DIAS-NORMAL-N01,GENETICO,1,NO_ASIGNADO,,,192
BASE,SIMULACION_CINCO_DIAS-NORMAL-N01,GENETICO,1,NO_ASIGNADO,,,193
BASE,SIMULACION_CINCO_DIAS-NORMAL-N01,GENETICO,1,NO_ASIGNADO,,,195
BASE,SIMULACION_CINCO_DIAS-NORMAL-N01,GENETICO,1,NO_ASIGNADO,,,199
BASE,SIMULACION_CINCO_DIAS-NORMAL-N01,GENETICO,1,NO_ASIGNADO,,,201
BASE,SIMULACION_CINCO_DIAS-NORMAL-N01,GENETICO,1,NO_ASIGNADO,,,202
BASE,SIMULACION_CINCO_DIAS-NORMAL-N01,GENETICO,1,NO_ASIGNADO,,,203
BASE,SIMULACION_CINCO_DIAS-NORMAL-N01,GENETICO,1,NO_ASIGNADO,,,204
BASE,SIMULACION_CINCO_DIAS-NORMAL-N01,GENETICO,1,NO_ASIGNADO,,,205
BASE,SIMULACION_CINCO_DIAS-NORMAL-N01,GENETICO,1,NO_ASIGNADO,,,206
BASE,SIMULACION_CINCO_DIAS-NORMAL-N01,GENETICO,1,NO_ASIGNADO,,,207
BASE,SIMULACION_CINCO_DIAS-NORMAL-N01,GENETICO,1,NO_ASIGNADO,,,210
BASE,SIMULACION_CINCO_DIAS-NORMAL-N01,GENETICO,1,NO_ASIGNADO,,,323
BASE,SIMULACION_CINCO_DIAS-NORMAL-N01,GENETICO,1,NO_ASIGNADO,,,326
BASE,SIMULACION_CINCO_DIAS-NORMAL-N01,GENETICO,1,NO_ASIGNADO,,,330
BASE,SIMULACION_CINCO_DIAS-NORMAL-N01,GENETICO,1,NO_ASIGNADO,,,331
BASE,SIMULACION_CINCO_DIAS-NORMAL-N01,GENETICO,1,NO_ASIGNADO,,,335
BASE,SIMULACION_CINCO_DIAS-NORMAL-N01,GENETICO,1,NO_ASIGNADO,,,337
BASE,SIMULACION_CINCO_DIAS-NORMAL-N01,GENETICO,1,NO_ASIGNADO,,,338
BASE,SIMULACION_CINCO_DIAS-NORMAL-N01,GENETICO,1,NO_ASIGNADO,,,340
BASE,SIMULACION_CINCO_DIAS-NORMAL-N01,GENETICO,1,NO_ASIGNADO,,,488
BASE,SIMULACION_CINCO_DIAS-NORMAL-N01,GENETICO,1,NO_ASIGNADO,,,489
BASE,SIMULACION_CINCO_DIAS-NORMAL-N01,GENETICO,1,NO_ASIGNADO,,,493
BASE,SIMULACION_CINCO_DIAS-NORMAL-N01,GENETICO,1,NO_ASIGNADO,,,495
BASE,SIMULACION_CINCO_DIAS-NORMAL-N01,GENETICO,1,NO_ASIGNADO,,,501
BASE,SIMULACION_CINCO_DIAS-NORMAL-N01,GENETICO,1,NO_ASIGNADO,,,507
BASE,SIMULACION_CINCO_DIAS-NORMAL-N01,GENETICO,1,NO_ASIGNADO,,,509
BASE,SIMULACION_CINCO_DIAS-NORMAL-N01,GENETICO,1,NO_ASIGNADO,,,645
BASE,SIMULACION_CINCO_DIAS-NORMAL-N01,GENETICO,1,NO_ASIGNADO,,,646
BASE,SIMULACION_CINCO_DIAS-NORMAL-N01,GENETICO,1,NO_ASIGNADO,,,648
BASE,SIMULACION_CINCO_DIAS-NORMAL-N01,GENETICO,1,NO_ASIGNADO,,,649
BASE,SIMULACION_CINCO_DIAS-NORMAL-N01,GENETICO,1,NO_ASIGNADO,,,653
BASE,SIMULACION_CINCO_DIAS-NORMAL-N01,GENETICO,1,NO_ASIGNADO,,,659
BASE,SIMULACION_CINCO_DIAS-NORMAL-N01,GENETICO,1,NO_ASIGNADO,,,660
BASE,SIMULACION_CINCO_DIAS-ALTA-N01,GENETICO,0,TA01,ALM-CENTRAL,1,198
BASE,SIMULACION_CINCO_DIAS-ALTA-N01,GENETICO,0,TA01,ALM-CENTRAL,2,492
BASE,SIMULACION_CINCO_DIAS-ALTA-N01,GENETICO,0,TA01,ALM-CENTRAL,3,667
BASE,SIMULACION_CINCO_DIAS-ALTA-N01,GENETICO,0,TA01,ALM-CENTRAL,4,500
BASE,SIMULACION_CINCO_DIAS-ALTA-N01,GENETICO,0,TA02,ALM-CENTRAL,1,208
BASE,SIMULACION_CINCO_DIAS-ALTA-N01,GENETICO,0,TA02,ALM-CENTRAL,2,664
BASE,SIMULACION_CINCO_DIAS-ALTA-N01,GENETICO,0,TA02,ALM-CENTRAL,3,681
BASE,SIMULACION_CINCO_DIAS-ALTA-N01,GENETICO,0,TA02,ALM-CENTRAL,4,520
BASE,SIMULACION_CINCO_DIAS-ALTA-N01,GENETICO,0,TA03,ALM-CENTRAL,1,209
BASE,SIMULACION_CINCO_DIAS-ALTA-N01,GENETICO,0,TA03,ALM-CENTRAL,2,512
BASE,SIMULACION_CINCO_DIAS-ALTA-N01,GENETICO,0,TA03,ALM-CENTRAL,3,679
BASE,SIMULACION_CINCO_DIAS-ALTA-N01,GENETICO,0,TA03,ALM-CENTRAL,4,504
BASE,SIMULACION_CINCO_DIAS-ALTA-N01,GENETICO,0,TA03,ALM-CENTRAL,5,651
BASE,SIMULACION_CINCO_DIAS-ALTA-N01,GENETICO,0,TA04,ALM-CENTRAL,1,322
BASE,SIMULACION_CINCO_DIAS-ALTA-N01,GENETICO,0,TA04,ALM-CENTRAL,2,21
BASE,SIMULACION_CINCO_DIAS-ALTA-N01,GENETICO,0,TA04,ALM-CENTRAL,3,318
BASE,SIMULACION_CINCO_DIAS-ALTA-N01,GENETICO,0,TA04,ALM-CENTRAL,4,324
BASE,SIMULACION_CINCO_DIAS-ALTA-N01,GENETICO,0,TA05,ALM-CENTRAL,1,212
BASE,SIMULACION_CINCO_DIAS-ALTA-N01,GENETICO,0,TA05,ALM-CENTRAL,2,519
BASE,SIMULACION_CINCO_DIAS-ALTA-N01,GENETICO,0,TA05,ALM-CENTRAL,3,22
BASE,SIMULACION_CINCO_DIAS-ALTA-N01,GENETICO,0,TA05,ALM-CENTRAL,4,4
BASE,SIMULACION_CINCO_DIAS-ALTA-N01,GENETICO,0,TA06,ALM-CENTRAL,1,505
BASE,SIMULACION_CINCO_DIAS-ALTA-N01,GENETICO,0,TA06,ALM-CENTRAL,2,495
BASE,SIMULACION_CINCO_DIAS-ALTA-N01,GENETICO,0,TA06,ALM-CENTRAL,3,645
BASE,SIMULACION_CINCO_DIAS-ALTA-N01,GENETICO,0,TA07,ALM-CENTRAL,1,191
BASE,SIMULACION_CINCO_DIAS-ALTA-N01,GENETICO,0,TA07,ALM-CENTRAL,2,23
BASE,SIMULACION_CINCO_DIAS-ALTA-N01,GENETICO,0,TA07,ALM-CENTRAL,3,487
BASE,SIMULACION_CINCO_DIAS-ALTA-N01,GENETICO,0,TA07,ALM-CENTRAL,4,678
BASE,SIMULACION_CINCO_DIAS-ALTA-N01,GENETICO,0,TA07,ALM-CENTRAL,5,652
BASE,SIMULACION_CINCO_DIAS-ALTA-N01,GENETICO,0,TA08,ALM-CENTRAL,1,351
BASE,SIMULACION_CINCO_DIAS-ALTA-N01,GENETICO,0,TA08,ALM-CENTRAL,2,352
BASE,SIMULACION_CINCO_DIAS-ALTA-N01,GENETICO,0,TA08,ALM-CENTRAL,3,658
BASE,SIMULACION_CINCO_DIAS-ALTA-N01,GENETICO,0,TA08,ALM-CENTRAL,4,648
BASE,SIMULACION_CINCO_DIAS-ALTA-N01,GENETICO,0,TA09,ALM-CENTRAL,1,34
BASE,SIMULACION_CINCO_DIAS-ALTA-N01,GENETICO,0,TA09,ALM-CENTRAL,2,337
BASE,SIMULACION_CINCO_DIAS-ALTA-N01,GENETICO,0,TA09,ALM-CENTRAL,3,662
BASE,SIMULACION_CINCO_DIAS-ALTA-N01,GENETICO,0,TA09,ALM-CENTRAL,4,517
BASE,SIMULACION_CINCO_DIAS-ALTA-N01,GENETICO,0,TA09,ALM-CENTRAL,5,518
BASE,SIMULACION_CINCO_DIAS-ALTA-N01,GENETICO,0,TA10,ALM-CENTRAL,1,510
BASE,SIMULACION_CINCO_DIAS-ALTA-N01,GENETICO,0,TA10,ALM-CENTRAL,2,196
BASE,SIMULACION_CINCO_DIAS-ALTA-N01,GENETICO,0,TA10,ALM-CENTRAL,3,347
BASE,SIMULACION_CINCO_DIAS-ALTA-N01,GENETICO,0,TA10,ALM-CENTRAL,4,671
BASE,SIMULACION_CINCO_DIAS-ALTA-N01,GENETICO,0,TB01,ALM-CENTRAL,1,190
BASE,SIMULACION_CINCO_DIAS-ALTA-N01,GENETICO,0,TB01,ALM-CENTRAL,2,217
BASE,SIMULACION_CINCO_DIAS-ALTA-N01,GENETICO,0,TB01,ALM-CENTRAL,3,674
BASE,SIMULACION_CINCO_DIAS-ALTA-N01,GENETICO,0,TB02,ALM-CENTRAL,1,355
BASE,SIMULACION_CINCO_DIAS-ALTA-N01,GENETICO,0,TB02,ALM-CENTRAL,2,486
BASE,SIMULACION_CINCO_DIAS-ALTA-N01,GENETICO,0,TB03,ALM-CENTRAL,1,516
BASE,SIMULACION_CINCO_DIAS-ALTA-N01,GENETICO,0,TB04,ALM-CENTRAL,1,213
BASE,SIMULACION_CINCO_DIAS-ALTA-N01,GENETICO,0,TB04,ALM-CENTRAL,2,333
BASE,SIMULACION_CINCO_DIAS-ALTA-N01,GENETICO,0,TB05,ALM-CENTRAL,1,354
BASE,SIMULACION_CINCO_DIAS-ALTA-N01,GENETICO,0,TB05,ALM-CENTRAL,2,336
BASE,SIMULACION_CINCO_DIAS-ALTA-N01,GENETICO,0,TB06,ALM-CENTRAL,1,36
BASE,SIMULACION_CINCO_DIAS-ALTA-N01,GENETICO,0,TB06,ALM-CENTRAL,2,665
BASE,SIMULACION_CINCO_DIAS-ALTA-N01,GENETICO,0,TB07,ALM-CENTRAL,1,511
BASE,SIMULACION_CINCO_DIAS-ALTA-N01,GENETICO,0,TB07,ALM-CENTRAL,2,675
BASE,SIMULACION_CINCO_DIAS-ALTA-N01,GENETICO,0,TB08,ALM-CENTRAL,1,657
BASE,SIMULACION_CINCO_DIAS-ALTA-N01,GENETICO,0,TB09,ALM-CENTRAL,1,680
BASE,SIMULACION_CINCO_DIAS-ALTA-N01,GENETICO,0,TB09,ALM-CENTRAL,2,650
BASE,SIMULACION_CINCO_DIAS-ALTA-N01,GENETICO,0,TB10,ALM-CENTRAL,1,498
BASE,SIMULACION_CINCO_DIAS-ALTA-N01,GENETICO,0,TB10,ALM-CENTRAL,2,491
BASE,SIMULACION_CINCO_DIAS-ALTA-N01,GENETICO,0,TB11,ALM-CENTRAL,1,9
BASE,SIMULACION_CINCO_DIAS-ALTA-N01,GENETICO,0,TB11,ALM-CENTRAL,2,328
BASE,SIMULACION_CINCO_DIAS-ALTA-N01,GENETICO,0,TB12,ALM-CENTRAL,1,499
BASE,SIMULACION_CINCO_DIAS-ALTA-N01,GENETICO,0,TM01,ALM-CENTRAL,1,219
BASE,SIMULACION_CINCO_DIAS-ALTA-N01,GENETICO,0,TM01,ALM-CENTRAL,2,14
BASE,SIMULACION_CINCO_DIAS-ALTA-N01,GENETICO,0,TM02,ALM-CENTRAL,1,1
BASE,SIMULACION_CINCO_DIAS-ALTA-N01,GENETICO,0,TM02,ALM-CENTRAL,2,197
BASE,SIMULACION_CINCO_DIAS-ALTA-N01,GENETICO,0,TM02,ALM-CENTRAL,3,200
BASE,SIMULACION_CINCO_DIAS-ALTA-N01,GENETICO,0,TM03,ALM-CENTRAL,1,344
BASE,SIMULACION_CINCO_DIAS-ALTA-N01,GENETICO,0,TM03,ALM-CENTRAL,2,16
BASE,SIMULACION_CINCO_DIAS-ALTA-N01,GENETICO,0,TM04,ALM-CENTRAL,1,31
BASE,SIMULACION_CINCO_DIAS-ALTA-N01,GENETICO,0,TM04,ALM-CENTRAL,2,676
BASE,SIMULACION_CINCO_DIAS-ALTA-N01,GENETICO,0,TM05,ALM-CENTRAL,1,339
BASE,SIMULACION_CINCO_DIAS-ALTA-N01,GENETICO,0,TM05,ALM-CENTRAL,2,496
BASE,SIMULACION_CINCO_DIAS-ALTA-N01,GENETICO,0,TM06,ALM-CENTRAL,1,18
BASE,SIMULACION_CINCO_DIAS-ALTA-N01,GENETICO,0,TM06,ALM-CENTRAL,2,669
BASE,SIMULACION_CINCO_DIAS-ALTA-N01,GENETICO,0,TM06,ALM-CENTRAL,3,668
BASE,SIMULACION_CINCO_DIAS-ALTA-N01,GENETICO,0,TM07,ALM-CENTRAL,1,660
BASE,SIMULACION_CINCO_DIAS-ALTA-N01,GENETICO,0,TM07,ALM-CENTRAL,2,677
BASE,SIMULACION_CINCO_DIAS-ALTA-N01,GENETICO,0,TM08,ALM-CENTRAL,1,220
BASE,SIMULACION_CINCO_DIAS-ALTA-N01,GENETICO,0,TM08,ALM-CENTRAL,2,515
BASE,SIMULACION_CINCO_DIAS-ALTA-N01,GENETICO,0,TM09,ALM-CENTRAL,1,26
BASE,SIMULACION_CINCO_DIAS-ALTA-N01,GENETICO,0,TM09,ALM-CENTRAL,2,661
BASE,SIMULACION_CINCO_DIAS-ALTA-N01,GENETICO,0,TM10,ALM-CENTRAL,1,225
BASE,SIMULACION_CINCO_DIAS-ALTA-N01,GENETICO,0,TM10,ALM-CENTRAL,2,6
BASE,SIMULACION_CINCO_DIAS-ALTA-N01,GENETICO,0,TM11,ALM-CENTRAL,1,32
BASE,SIMULACION_CINCO_DIAS-ALTA-N01,GENETICO,0,TM11,ALM-CENTRAL,2,506
BASE,SIMULACION_CINCO_DIAS-ALTA-N01,GENETICO,0,TM12,ALM-CENTRAL,1,320
BASE,SIMULACION_CINCO_DIAS-ALTA-N01,GENETICO,0,TM12,ALM-CENTRAL,2,666
BASE,SIMULACION_CINCO_DIAS-ALTA-N01,GENETICO,0,TM13,ALM-CENTRAL,1,33
BASE,SIMULACION_CINCO_DIAS-ALTA-N01,GENETICO,0,TM13,ALM-CENTRAL,2,513
BASE,SIMULACION_CINCO_DIAS-ALTA-N01,GENETICO,0,TM14,ALM-CENTRAL,1,507
BASE,SIMULACION_CINCO_DIAS-ALTA-N01,GENETICO,0,TM14,ALM-CENTRAL,2,485
BASE,SIMULACION_CINCO_DIAS-ALTA-N01,GENETICO,0,TM15,ALM-CENTRAL,1,342
BASE,SIMULACION_CINCO_DIAS-ALTA-N01,GENETICO,0,TM15,ALM-CENTRAL,2,654
BASE,SIMULACION_CINCO_DIAS-ALTA-N01,GENETICO,0,NO_ASIGNADO,,,2
BASE,SIMULACION_CINCO_DIAS-ALTA-N01,GENETICO,0,NO_ASIGNADO,,,3
BASE,SIMULACION_CINCO_DIAS-ALTA-N01,GENETICO,0,NO_ASIGNADO,,,5
BASE,SIMULACION_CINCO_DIAS-ALTA-N01,GENETICO,0,NO_ASIGNADO,,,7
BASE,SIMULACION_CINCO_DIAS-ALTA-N01,GENETICO,0,NO_ASIGNADO,,,8
BASE,SIMULACION_CINCO_DIAS-ALTA-N01,GENETICO,0,NO_ASIGNADO,,,10
BASE,SIMULACION_CINCO_DIAS-ALTA-N01,GENETICO,0,NO_ASIGNADO,,,11
BASE,SIMULACION_CINCO_DIAS-ALTA-N01,GENETICO,0,NO_ASIGNADO,,,12
BASE,SIMULACION_CINCO_DIAS-ALTA-N01,GENETICO,0,NO_ASIGNADO,,,13
BASE,SIMULACION_CINCO_DIAS-ALTA-N01,GENETICO,0,NO_ASIGNADO,,,15
BASE,SIMULACION_CINCO_DIAS-ALTA-N01,GENETICO,0,NO_ASIGNADO,,,17
BASE,SIMULACION_CINCO_DIAS-ALTA-N01,GENETICO,0,NO_ASIGNADO,,,19
BASE,SIMULACION_CINCO_DIAS-ALTA-N01,GENETICO,0,NO_ASIGNADO,,,20
BASE,SIMULACION_CINCO_DIAS-ALTA-N01,GENETICO,0,NO_ASIGNADO,,,24
BASE,SIMULACION_CINCO_DIAS-ALTA-N01,GENETICO,0,NO_ASIGNADO,,,25
BASE,SIMULACION_CINCO_DIAS-ALTA-N01,GENETICO,0,NO_ASIGNADO,,,27
BASE,SIMULACION_CINCO_DIAS-ALTA-N01,GENETICO,0,NO_ASIGNADO,,,28
BASE,SIMULACION_CINCO_DIAS-ALTA-N01,GENETICO,0,NO_ASIGNADO,,,29
BASE,SIMULACION_CINCO_DIAS-ALTA-N01,GENETICO,0,NO_ASIGNADO,,,30
BASE,SIMULACION_CINCO_DIAS-ALTA-N01,GENETICO,0,NO_ASIGNADO,,,35
BASE,SIMULACION_CINCO_DIAS-ALTA-N01,GENETICO,0,NO_ASIGNADO,,,37
BASE,SIMULACION_CINCO_DIAS-ALTA-N01,GENETICO,0,NO_ASIGNADO,,,38
BASE,SIMULACION_CINCO_DIAS-ALTA-N01,GENETICO,0,NO_ASIGNADO,,,188
BASE,SIMULACION_CINCO_DIAS-ALTA-N01,GENETICO,0,NO_ASIGNADO,,,189
BASE,SIMULACION_CINCO_DIAS-ALTA-N01,GENETICO,0,NO_ASIGNADO,,,192
BASE,SIMULACION_CINCO_DIAS-ALTA-N01,GENETICO,0,NO_ASIGNADO,,,193
BASE,SIMULACION_CINCO_DIAS-ALTA-N01,GENETICO,0,NO_ASIGNADO,,,194
BASE,SIMULACION_CINCO_DIAS-ALTA-N01,GENETICO,0,NO_ASIGNADO,,,195
BASE,SIMULACION_CINCO_DIAS-ALTA-N01,GENETICO,0,NO_ASIGNADO,,,199
BASE,SIMULACION_CINCO_DIAS-ALTA-N01,GENETICO,0,NO_ASIGNADO,,,201
BASE,SIMULACION_CINCO_DIAS-ALTA-N01,GENETICO,0,NO_ASIGNADO,,,202
BASE,SIMULACION_CINCO_DIAS-ALTA-N01,GENETICO,0,NO_ASIGNADO,,,203
BASE,SIMULACION_CINCO_DIAS-ALTA-N01,GENETICO,0,NO_ASIGNADO,,,204
BASE,SIMULACION_CINCO_DIAS-ALTA-N01,GENETICO,0,NO_ASIGNADO,,,205
BASE,SIMULACION_CINCO_DIAS-ALTA-N01,GENETICO,0,NO_ASIGNADO,,,206
BASE,SIMULACION_CINCO_DIAS-ALTA-N01,GENETICO,0,NO_ASIGNADO,,,207
BASE,SIMULACION_CINCO_DIAS-ALTA-N01,GENETICO,0,NO_ASIGNADO,,,210
BASE,SIMULACION_CINCO_DIAS-ALTA-N01,GENETICO,0,NO_ASIGNADO,,,211
BASE,SIMULACION_CINCO_DIAS-ALTA-N01,GENETICO,0,NO_ASIGNADO,,,214
BASE,SIMULACION_CINCO_DIAS-ALTA-N01,GENETICO,0,NO_ASIGNADO,,,215
BASE,SIMULACION_CINCO_DIAS-ALTA-N01,GENETICO,0,NO_ASIGNADO,,,216
BASE,SIMULACION_CINCO_DIAS-ALTA-N01,GENETICO,0,NO_ASIGNADO,,,218
BASE,SIMULACION_CINCO_DIAS-ALTA-N01,GENETICO,0,NO_ASIGNADO,,,221
BASE,SIMULACION_CINCO_DIAS-ALTA-N01,GENETICO,0,NO_ASIGNADO,,,222
BASE,SIMULACION_CINCO_DIAS-ALTA-N01,GENETICO,0,NO_ASIGNADO,,,223
BASE,SIMULACION_CINCO_DIAS-ALTA-N01,GENETICO,0,NO_ASIGNADO,,,224
BASE,SIMULACION_CINCO_DIAS-ALTA-N01,GENETICO,0,NO_ASIGNADO,,,319
BASE,SIMULACION_CINCO_DIAS-ALTA-N01,GENETICO,0,NO_ASIGNADO,,,321
BASE,SIMULACION_CINCO_DIAS-ALTA-N01,GENETICO,0,NO_ASIGNADO,,,323
BASE,SIMULACION_CINCO_DIAS-ALTA-N01,GENETICO,0,NO_ASIGNADO,,,325
BASE,SIMULACION_CINCO_DIAS-ALTA-N01,GENETICO,0,NO_ASIGNADO,,,326
BASE,SIMULACION_CINCO_DIAS-ALTA-N01,GENETICO,0,NO_ASIGNADO,,,327
BASE,SIMULACION_CINCO_DIAS-ALTA-N01,GENETICO,0,NO_ASIGNADO,,,329
BASE,SIMULACION_CINCO_DIAS-ALTA-N01,GENETICO,0,NO_ASIGNADO,,,330
BASE,SIMULACION_CINCO_DIAS-ALTA-N01,GENETICO,0,NO_ASIGNADO,,,331
BASE,SIMULACION_CINCO_DIAS-ALTA-N01,GENETICO,0,NO_ASIGNADO,,,332
BASE,SIMULACION_CINCO_DIAS-ALTA-N01,GENETICO,0,NO_ASIGNADO,,,334
BASE,SIMULACION_CINCO_DIAS-ALTA-N01,GENETICO,0,NO_ASIGNADO,,,335
BASE,SIMULACION_CINCO_DIAS-ALTA-N01,GENETICO,0,NO_ASIGNADO,,,338
BASE,SIMULACION_CINCO_DIAS-ALTA-N01,GENETICO,0,NO_ASIGNADO,,,340
BASE,SIMULACION_CINCO_DIAS-ALTA-N01,GENETICO,0,NO_ASIGNADO,,,341
BASE,SIMULACION_CINCO_DIAS-ALTA-N01,GENETICO,0,NO_ASIGNADO,,,343
BASE,SIMULACION_CINCO_DIAS-ALTA-N01,GENETICO,0,NO_ASIGNADO,,,345
BASE,SIMULACION_CINCO_DIAS-ALTA-N01,GENETICO,0,NO_ASIGNADO,,,346
BASE,SIMULACION_CINCO_DIAS-ALTA-N01,GENETICO,0,NO_ASIGNADO,,,348
BASE,SIMULACION_CINCO_DIAS-ALTA-N01,GENETICO,0,NO_ASIGNADO,,,349
BASE,SIMULACION_CINCO_DIAS-ALTA-N01,GENETICO,0,NO_ASIGNADO,,,350
BASE,SIMULACION_CINCO_DIAS-ALTA-N01,GENETICO,0,NO_ASIGNADO,,,353
BASE,SIMULACION_CINCO_DIAS-ALTA-N01,GENETICO,0,NO_ASIGNADO,,,488
BASE,SIMULACION_CINCO_DIAS-ALTA-N01,GENETICO,0,NO_ASIGNADO,,,489
BASE,SIMULACION_CINCO_DIAS-ALTA-N01,GENETICO,0,NO_ASIGNADO,,,490
BASE,SIMULACION_CINCO_DIAS-ALTA-N01,GENETICO,0,NO_ASIGNADO,,,493
BASE,SIMULACION_CINCO_DIAS-ALTA-N01,GENETICO,0,NO_ASIGNADO,,,494
BASE,SIMULACION_CINCO_DIAS-ALTA-N01,GENETICO,0,NO_ASIGNADO,,,497
BASE,SIMULACION_CINCO_DIAS-ALTA-N01,GENETICO,0,NO_ASIGNADO,,,501
BASE,SIMULACION_CINCO_DIAS-ALTA-N01,GENETICO,0,NO_ASIGNADO,,,502
BASE,SIMULACION_CINCO_DIAS-ALTA-N01,GENETICO,0,NO_ASIGNADO,,,503
BASE,SIMULACION_CINCO_DIAS-ALTA-N01,GENETICO,0,NO_ASIGNADO,,,508
BASE,SIMULACION_CINCO_DIAS-ALTA-N01,GENETICO,0,NO_ASIGNADO,,,509
BASE,SIMULACION_CINCO_DIAS-ALTA-N01,GENETICO,0,NO_ASIGNADO,,,514
BASE,SIMULACION_CINCO_DIAS-ALTA-N01,GENETICO,0,NO_ASIGNADO,,,521
BASE,SIMULACION_CINCO_DIAS-ALTA-N01,GENETICO,0,NO_ASIGNADO,,,522
BASE,SIMULACION_CINCO_DIAS-ALTA-N01,GENETICO,0,NO_ASIGNADO,,,644
BASE,SIMULACION_CINCO_DIAS-ALTA-N01,GENETICO,0,NO_ASIGNADO,,,646
BASE,SIMULACION_CINCO_DIAS-ALTA-N01,GENETICO,0,NO_ASIGNADO,,,647
BASE,SIMULACION_CINCO_DIAS-ALTA-N01,GENETICO,0,NO_ASIGNADO,,,649
BASE,SIMULACION_CINCO_DIAS-ALTA-N01,GENETICO,0,NO_ASIGNADO,,,653
BASE,SIMULACION_CINCO_DIAS-ALTA-N01,GENETICO,0,NO_ASIGNADO,,,655
BASE,SIMULACION_CINCO_DIAS-ALTA-N01,GENETICO,0,NO_ASIGNADO,,,656
BASE,SIMULACION_CINCO_DIAS-ALTA-N01,GENETICO,0,NO_ASIGNADO,,,659
BASE,SIMULACION_CINCO_DIAS-ALTA-N01,GENETICO,0,NO_ASIGNADO,,,663
BASE,SIMULACION_CINCO_DIAS-ALTA-N01,GENETICO,0,NO_ASIGNADO,,,670
BASE,SIMULACION_CINCO_DIAS-ALTA-N01,GENETICO,0,NO_ASIGNADO,,,672
BASE,SIMULACION_CINCO_DIAS-ALTA-N01,GENETICO,0,NO_ASIGNADO,,,673
BASE,SIMULACION_CINCO_DIAS-ALTA-N01,RECOCIDO_SIMULADO,0,TA01,ALM-CENTRAL,1,212
BASE,SIMULACION_CINCO_DIAS-ALTA-N01,RECOCIDO_SIMULADO,0,TA01,ALM-CENTRAL,2,6
BASE,SIMULACION_CINCO_DIAS-ALTA-N01,RECOCIDO_SIMULADO,0,TA01,ALM-CENTRAL,3,205
BASE,SIMULACION_CINCO_DIAS-ALTA-N01,RECOCIDO_SIMULADO,0,TA01,ALM-CENTRAL,4,216
BASE,SIMULACION_CINCO_DIAS-ALTA-N01,RECOCIDO_SIMULADO,0,TA02,ALM-CENTRAL,1,196
BASE,SIMULACION_CINCO_DIAS-ALTA-N01,RECOCIDO_SIMULADO,0,TA02,ALM-CENTRAL,2,30
BASE,SIMULACION_CINCO_DIAS-ALTA-N01,RECOCIDO_SIMULADO,0,TA02,ALM-CENTRAL,3,206
BASE,SIMULACION_CINCO_DIAS-ALTA-N01,RECOCIDO_SIMULADO,0,TA02,ALM-CENTRAL,4,498
BASE,SIMULACION_CINCO_DIAS-ALTA-N01,RECOCIDO_SIMULADO,0,TA02,ALM-CENTRAL,5,668
BASE,SIMULACION_CINCO_DIAS-ALTA-N01,RECOCIDO_SIMULADO,0,TA03,ALM-CENTRAL,1,1
BASE,SIMULACION_CINCO_DIAS-ALTA-N01,RECOCIDO_SIMULADO,0,TA03,ALM-CENTRAL,2,29
BASE,SIMULACION_CINCO_DIAS-ALTA-N01,RECOCIDO_SIMULADO,0,TA03,ALM-CENTRAL,3,193
BASE,SIMULACION_CINCO_DIAS-ALTA-N01,RECOCIDO_SIMULADO,0,TA03,ALM-CENTRAL,4,326
BASE,SIMULACION_CINCO_DIAS-ALTA-N01,RECOCIDO_SIMULADO,0,TA04,ALM-CENTRAL,1,31
BASE,SIMULACION_CINCO_DIAS-ALTA-N01,RECOCIDO_SIMULADO,0,TA04,ALM-CENTRAL,2,8
BASE,SIMULACION_CINCO_DIAS-ALTA-N01,RECOCIDO_SIMULADO,0,TA04,ALM-CENTRAL,3,221
BASE,SIMULACION_CINCO_DIAS-ALTA-N01,RECOCIDO_SIMULADO,0,TA04,ALM-CENTRAL,4,224
BASE,SIMULACION_CINCO_DIAS-ALTA-N01,RECOCIDO_SIMULADO,0,TA05,ALM-CENTRAL,1,28
BASE,SIMULACION_CINCO_DIAS-ALTA-N01,RECOCIDO_SIMULADO,0,TA05,ALM-CENTRAL,2,2
BASE,SIMULACION_CINCO_DIAS-ALTA-N01,RECOCIDO_SIMULADO,0,TA05,ALM-CENTRAL,3,215
BASE,SIMULACION_CINCO_DIAS-ALTA-N01,RECOCIDO_SIMULADO,0,TA05,ALM-CENTRAL,4,515
BASE,SIMULACION_CINCO_DIAS-ALTA-N01,RECOCIDO_SIMULADO,0,TA06,ALM-CENTRAL,1,486
BASE,SIMULACION_CINCO_DIAS-ALTA-N01,RECOCIDO_SIMULADO,0,TA06,ALM-CENTRAL,2,199
BASE,SIMULACION_CINCO_DIAS-ALTA-N01,RECOCIDO_SIMULADO,0,TA06,ALM-CENTRAL,3,214
BASE,SIMULACION_CINCO_DIAS-ALTA-N01,RECOCIDO_SIMULADO,0,TA06,ALM-CENTRAL,4,220
BASE,SIMULACION_CINCO_DIAS-ALTA-N01,RECOCIDO_SIMULADO,0,TA06,ALM-CENTRAL,5,38
BASE,SIMULACION_CINCO_DIAS-ALTA-N01,RECOCIDO_SIMULADO,0,TA07,ALM-CENTRAL,1,25
BASE,SIMULACION_CINCO_DIAS-ALTA-N01,RECOCIDO_SIMULADO,0,TA07,ALM-CENTRAL,2,11
BASE,SIMULACION_CINCO_DIAS-ALTA-N01,RECOCIDO_SIMULADO,0,TA07,ALM-CENTRAL,3,222
BASE,SIMULACION_CINCO_DIAS-ALTA-N01,RECOCIDO_SIMULADO,0,TA07,ALM-CENTRAL,4,355
BASE,SIMULACION_CINCO_DIAS-ALTA-N01,RECOCIDO_SIMULADO,0,TA08,ALM-CENTRAL,1,19
BASE,SIMULACION_CINCO_DIAS-ALTA-N01,RECOCIDO_SIMULADO,0,TA08,ALM-CENTRAL,2,203
BASE,SIMULACION_CINCO_DIAS-ALTA-N01,RECOCIDO_SIMULADO,0,TA08,ALM-CENTRAL,3,15
BASE,SIMULACION_CINCO_DIAS-ALTA-N01,RECOCIDO_SIMULADO,0,TA08,ALM-CENTRAL,4,330
BASE,SIMULACION_CINCO_DIAS-ALTA-N01,RECOCIDO_SIMULADO,0,TA09,ALM-CENTRAL,1,342
BASE,SIMULACION_CINCO_DIAS-ALTA-N01,RECOCIDO_SIMULADO,0,TA09,ALM-CENTRAL,2,194
BASE,SIMULACION_CINCO_DIAS-ALTA-N01,RECOCIDO_SIMULADO,0,TA09,ALM-CENTRAL,3,207
BASE,SIMULACION_CINCO_DIAS-ALTA-N01,RECOCIDO_SIMULADO,0,TA09,ALM-CENTRAL,4,677
BASE,SIMULACION_CINCO_DIAS-ALTA-N01,RECOCIDO_SIMULADO,0,TA09,ALM-CENTRAL,5,675
BASE,SIMULACION_CINCO_DIAS-ALTA-N01,RECOCIDO_SIMULADO,0,TA10,ALM-CENTRAL,1,189
BASE,SIMULACION_CINCO_DIAS-ALTA-N01,RECOCIDO_SIMULADO,0,TA10,ALM-CENTRAL,2,23
BASE,SIMULACION_CINCO_DIAS-ALTA-N01,RECOCIDO_SIMULADO,0,TA10,ALM-CENTRAL,3,17
BASE,SIMULACION_CINCO_DIAS-ALTA-N01,RECOCIDO_SIMULADO,0,TB01,ALM-CENTRAL,1,188
BASE,SIMULACION_CINCO_DIAS-ALTA-N01,RECOCIDO_SIMULADO,0,TB02,ALM-CENTRAL,1,32
BASE,SIMULACION_CINCO_DIAS-ALTA-N01,RECOCIDO_SIMULADO,0,TB02,ALM-CENTRAL,2,518
BASE,SIMULACION_CINCO_DIAS-ALTA-N01,RECOCIDO_SIMULADO,0,TB03,ALM-CENTRAL,1,33
BASE,SIMULACION_CINCO_DIAS-ALTA-N01,RECOCIDO_SIMULADO,0,TB03,ALM-CENTRAL,2,650
BASE,SIMULACION_CINCO_DIAS-ALTA-N01,RECOCIDO_SIMULADO,0,TB04,ALM-CENTRAL,1,37
BASE,SIMULACION_CINCO_DIAS-ALTA-N01,RECOCIDO_SIMULADO,0,TB05,ALM-CENTRAL,1,190
BASE,SIMULACION_CINCO_DIAS-ALTA-N01,RECOCIDO_SIMULADO,0,TB05,ALM-CENTRAL,2,662
BASE,SIMULACION_CINCO_DIAS-ALTA-N01,RECOCIDO_SIMULADO,0,TB06,ALM-CENTRAL,1,511
BASE,SIMULACION_CINCO_DIAS-ALTA-N01,RECOCIDO_SIMULADO,0,TB06,ALM-CENTRAL,2,26
BASE,SIMULACION_CINCO_DIAS-ALTA-N01,RECOCIDO_SIMULADO,0,TB07,ALM-CENTRAL,1,320
BASE,SIMULACION_CINCO_DIAS-ALTA-N01,RECOCIDO_SIMULADO,0,TB08,ALM-CENTRAL,1,664
BASE,SIMULACION_CINCO_DIAS-ALTA-N01,RECOCIDO_SIMULADO,0,TB08,ALM-CENTRAL,2,651
BASE,SIMULACION_CINCO_DIAS-ALTA-N01,RECOCIDO_SIMULADO,0,TB09,ALM-CENTRAL,1,191
BASE,SIMULACION_CINCO_DIAS-ALTA-N01,RECOCIDO_SIMULADO,0,TB09,ALM-CENTRAL,2,671
BASE,SIMULACION_CINCO_DIAS-ALTA-N01,RECOCIDO_SIMULADO,0,TB09,ALM-CENTRAL,3,666
BASE,SIMULACION_CINCO_DIAS-ALTA-N01,RECOCIDO_SIMULADO,0,TB10,ALM-CENTRAL,1,200
BASE,SIMULACION_CINCO_DIAS-ALTA-N01,RECOCIDO_SIMULADO,0,TB10,ALM-CENTRAL,2,652
BASE,SIMULACION_CINCO_DIAS-ALTA-N01,RECOCIDO_SIMULADO,0,TB11,ALM-CENTRAL,1,213
BASE,SIMULACION_CINCO_DIAS-ALTA-N01,RECOCIDO_SIMULADO,0,TB11,ALM-CENTRAL,2,678
BASE,SIMULACION_CINCO_DIAS-ALTA-N01,RECOCIDO_SIMULADO,0,TB12,ALM-CENTRAL,1,354
BASE,SIMULACION_CINCO_DIAS-ALTA-N01,RECOCIDO_SIMULADO,0,TB12,ALM-CENTRAL,2,22
BASE,SIMULACION_CINCO_DIAS-ALTA-N01,RECOCIDO_SIMULADO,0,TM01,ALM-CENTRAL,1,321
BASE,SIMULACION_CINCO_DIAS-ALTA-N01,RECOCIDO_SIMULADO,0,TM01,ALM-CENTRAL,2,336
BASE,SIMULACION_CINCO_DIAS-ALTA-N01,RECOCIDO_SIMULADO,0,TM02,ALM-CENTRAL,1,34
BASE,SIMULACION_CINCO_DIAS-ALTA-N01,RECOCIDO_SIMULADO,0,TM02,ALM-CENTRAL,2,14
BASE,SIMULACION_CINCO_DIAS-ALTA-N01,RECOCIDO_SIMULADO,0,TM02,ALM-CENTRAL,3,491
BASE,SIMULACION_CINCO_DIAS-ALTA-N01,RECOCIDO_SIMULADO,0,TM03,ALM-CENTRAL,1,10
BASE,SIMULACION_CINCO_DIAS-ALTA-N01,RECOCIDO_SIMULADO,0,TM03,ALM-CENTRAL,2,16
BASE,SIMULACION_CINCO_DIAS-ALTA-N01,RECOCIDO_SIMULADO,0,TM04,ALM-CENTRAL,1,201
BASE,SIMULACION_CINCO_DIAS-ALTA-N01,RECOCIDO_SIMULADO,0,TM04,ALM-CENTRAL,2,665
BASE,SIMULACION_CINCO_DIAS-ALTA-N01,RECOCIDO_SIMULADO,0,TM05,ALM-CENTRAL,1,24
BASE,SIMULACION_CINCO_DIAS-ALTA-N01,RECOCIDO_SIMULADO,0,TM05,ALM-CENTRAL,2,21
BASE,SIMULACION_CINCO_DIAS-ALTA-N01,RECOCIDO_SIMULADO,0,TM05,ALM-CENTRAL,3,328
BASE,SIMULACION_CINCO_DIAS-ALTA-N01,RECOCIDO_SIMULADO,0,TM05,ALM-CENTRAL,4,351
BASE,SIMULACION_CINCO_DIAS-ALTA-N01,RECOCIDO_SIMULADO,0,TM06,ALM-CENTRAL,1,35
BASE,SIMULACION_CINCO_DIAS-ALTA-N01,RECOCIDO_SIMULADO,0,TM06,ALM-CENTRAL,2,680
BASE,SIMULACION_CINCO_DIAS-ALTA-N01,RECOCIDO_SIMULADO,0,TM07,ALM-CENTRAL,1,7
BASE,SIMULACION_CINCO_DIAS-ALTA-N01,RECOCIDO_SIMULADO,0,TM07,ALM-CENTRAL,2,36
BASE,SIMULACION_CINCO_DIAS-ALTA-N01,RECOCIDO_SIMULADO,0,TM07,ALM-CENTRAL,3,197
BASE,SIMULACION_CINCO_DIAS-ALTA-N01,RECOCIDO_SIMULADO,0,TM08,ALM-CENTRAL,1,4
BASE,SIMULACION_CINCO_DIAS-ALTA-N01,RECOCIDO_SIMULADO,0,TM08,ALM-CENTRAL,2,329
BASE,SIMULACION_CINCO_DIAS-ALTA-N01,RECOCIDO_SIMULADO,0,TM09,ALM-CENTRAL,1,5
BASE,SIMULACION_CINCO_DIAS-ALTA-N01,RECOCIDO_SIMULADO,0,TM09,ALM-CENTRAL,2,674
BASE,SIMULACION_CINCO_DIAS-ALTA-N01,RECOCIDO_SIMULADO,0,TM10,ALM-CENTRAL,1,12
BASE,SIMULACION_CINCO_DIAS-ALTA-N01,RECOCIDO_SIMULADO,0,TM10,ALM-CENTRAL,2,209
BASE,SIMULACION_CINCO_DIAS-ALTA-N01,RECOCIDO_SIMULADO,0,TM10,ALM-CENTRAL,3,18
BASE,SIMULACION_CINCO_DIAS-ALTA-N01,RECOCIDO_SIMULADO,0,TM11,ALM-CENTRAL,1,13
BASE,SIMULACION_CINCO_DIAS-ALTA-N01,RECOCIDO_SIMULADO,0,TM11,ALM-CENTRAL,2,217
BASE,SIMULACION_CINCO_DIAS-ALTA-N01,RECOCIDO_SIMULADO,0,TM12,ALM-CENTRAL,1,9
BASE,SIMULACION_CINCO_DIAS-ALTA-N01,RECOCIDO_SIMULADO,0,TM12,ALM-CENTRAL,2,485
BASE,SIMULACION_CINCO_DIAS-ALTA-N01,RECOCIDO_SIMULADO,0,TM12,ALM-CENTRAL,3,20
BASE,SIMULACION_CINCO_DIAS-ALTA-N01,RECOCIDO_SIMULADO,0,TM13,ALM-CENTRAL,1,333
BASE,SIMULACION_CINCO_DIAS-ALTA-N01,RECOCIDO_SIMULADO,0,TM13,ALM-CENTRAL,2,27
BASE,SIMULACION_CINCO_DIAS-ALTA-N01,RECOCIDO_SIMULADO,0,TM13,ALM-CENTRAL,3,339
BASE,SIMULACION_CINCO_DIAS-ALTA-N01,RECOCIDO_SIMULADO,0,TM14,ALM-CENTRAL,1,3
BASE,SIMULACION_CINCO_DIAS-ALTA-N01,RECOCIDO_SIMULADO,0,TM14,ALM-CENTRAL,2,198
BASE,SIMULACION_CINCO_DIAS-ALTA-N01,RECOCIDO_SIMULADO,0,TM15,ALM-CENTRAL,1,204
BASE,SIMULACION_CINCO_DIAS-ALTA-N01,RECOCIDO_SIMULADO,0,NO_ASIGNADO,,,192
BASE,SIMULACION_CINCO_DIAS-ALTA-N01,RECOCIDO_SIMULADO,0,NO_ASIGNADO,,,195
BASE,SIMULACION_CINCO_DIAS-ALTA-N01,RECOCIDO_SIMULADO,0,NO_ASIGNADO,,,202
BASE,SIMULACION_CINCO_DIAS-ALTA-N01,RECOCIDO_SIMULADO,0,NO_ASIGNADO,,,208
BASE,SIMULACION_CINCO_DIAS-ALTA-N01,RECOCIDO_SIMULADO,0,NO_ASIGNADO,,,210
BASE,SIMULACION_CINCO_DIAS-ALTA-N01,RECOCIDO_SIMULADO,0,NO_ASIGNADO,,,211
BASE,SIMULACION_CINCO_DIAS-ALTA-N01,RECOCIDO_SIMULADO,0,NO_ASIGNADO,,,218
BASE,SIMULACION_CINCO_DIAS-ALTA-N01,RECOCIDO_SIMULADO,0,NO_ASIGNADO,,,219
BASE,SIMULACION_CINCO_DIAS-ALTA-N01,RECOCIDO_SIMULADO,0,NO_ASIGNADO,,,223
BASE,SIMULACION_CINCO_DIAS-ALTA-N01,RECOCIDO_SIMULADO,0,NO_ASIGNADO,,,225
BASE,SIMULACION_CINCO_DIAS-ALTA-N01,RECOCIDO_SIMULADO,0,NO_ASIGNADO,,,318
BASE,SIMULACION_CINCO_DIAS-ALTA-N01,RECOCIDO_SIMULADO,0,NO_ASIGNADO,,,319
BASE,SIMULACION_CINCO_DIAS-ALTA-N01,RECOCIDO_SIMULADO,0,NO_ASIGNADO,,,322
BASE,SIMULACION_CINCO_DIAS-ALTA-N01,RECOCIDO_SIMULADO,0,NO_ASIGNADO,,,323
BASE,SIMULACION_CINCO_DIAS-ALTA-N01,RECOCIDO_SIMULADO,0,NO_ASIGNADO,,,324
BASE,SIMULACION_CINCO_DIAS-ALTA-N01,RECOCIDO_SIMULADO,0,NO_ASIGNADO,,,325
BASE,SIMULACION_CINCO_DIAS-ALTA-N01,RECOCIDO_SIMULADO,0,NO_ASIGNADO,,,327
BASE,SIMULACION_CINCO_DIAS-ALTA-N01,RECOCIDO_SIMULADO,0,NO_ASIGNADO,,,331
BASE,SIMULACION_CINCO_DIAS-ALTA-N01,RECOCIDO_SIMULADO,0,NO_ASIGNADO,,,332
BASE,SIMULACION_CINCO_DIAS-ALTA-N01,RECOCIDO_SIMULADO,0,NO_ASIGNADO,,,334
BASE,SIMULACION_CINCO_DIAS-ALTA-N01,RECOCIDO_SIMULADO,0,NO_ASIGNADO,,,335
BASE,SIMULACION_CINCO_DIAS-ALTA-N01,RECOCIDO_SIMULADO,0,NO_ASIGNADO,,,337
BASE,SIMULACION_CINCO_DIAS-ALTA-N01,RECOCIDO_SIMULADO,0,NO_ASIGNADO,,,338
BASE,SIMULACION_CINCO_DIAS-ALTA-N01,RECOCIDO_SIMULADO,0,NO_ASIGNADO,,,340
BASE,SIMULACION_CINCO_DIAS-ALTA-N01,RECOCIDO_SIMULADO,0,NO_ASIGNADO,,,341
BASE,SIMULACION_CINCO_DIAS-ALTA-N01,RECOCIDO_SIMULADO,0,NO_ASIGNADO,,,343
BASE,SIMULACION_CINCO_DIAS-ALTA-N01,RECOCIDO_SIMULADO,0,NO_ASIGNADO,,,344
BASE,SIMULACION_CINCO_DIAS-ALTA-N01,RECOCIDO_SIMULADO,0,NO_ASIGNADO,,,345
BASE,SIMULACION_CINCO_DIAS-ALTA-N01,RECOCIDO_SIMULADO,0,NO_ASIGNADO,,,346
BASE,SIMULACION_CINCO_DIAS-ALTA-N01,RECOCIDO_SIMULADO,0,NO_ASIGNADO,,,347
BASE,SIMULACION_CINCO_DIAS-ALTA-N01,RECOCIDO_SIMULADO,0,NO_ASIGNADO,,,348
BASE,SIMULACION_CINCO_DIAS-ALTA-N01,RECOCIDO_SIMULADO,0,NO_ASIGNADO,,,349
BASE,SIMULACION_CINCO_DIAS-ALTA-N01,RECOCIDO_SIMULADO,0,NO_ASIGNADO,,,350
BASE,SIMULACION_CINCO_DIAS-ALTA-N01,RECOCIDO_SIMULADO,0,NO_ASIGNADO,,,352
BASE,SIMULACION_CINCO_DIAS-ALTA-N01,RECOCIDO_SIMULADO,0,NO_ASIGNADO,,,353
BASE,SIMULACION_CINCO_DIAS-ALTA-N01,RECOCIDO_SIMULADO,0,NO_ASIGNADO,,,487
BASE,SIMULACION_CINCO_DIAS-ALTA-N01,RECOCIDO_SIMULADO,0,NO_ASIGNADO,,,488
BASE,SIMULACION_CINCO_DIAS-ALTA-N01,RECOCIDO_SIMULADO,0,NO_ASIGNADO,,,489
BASE,SIMULACION_CINCO_DIAS-ALTA-N01,RECOCIDO_SIMULADO,0,NO_ASIGNADO,,,490
BASE,SIMULACION_CINCO_DIAS-ALTA-N01,RECOCIDO_SIMULADO,0,NO_ASIGNADO,,,492
BASE,SIMULACION_CINCO_DIAS-ALTA-N01,RECOCIDO_SIMULADO,0,NO_ASIGNADO,,,493
BASE,SIMULACION_CINCO_DIAS-ALTA-N01,RECOCIDO_SIMULADO,0,NO_ASIGNADO,,,494
BASE,SIMULACION_CINCO_DIAS-ALTA-N01,RECOCIDO_SIMULADO,0,NO_ASIGNADO,,,495
BASE,SIMULACION_CINCO_DIAS-ALTA-N01,RECOCIDO_SIMULADO,0,NO_ASIGNADO,,,496
BASE,SIMULACION_CINCO_DIAS-ALTA-N01,RECOCIDO_SIMULADO,0,NO_ASIGNADO,,,497
BASE,SIMULACION_CINCO_DIAS-ALTA-N01,RECOCIDO_SIMULADO,0,NO_ASIGNADO,,,499
BASE,SIMULACION_CINCO_DIAS-ALTA-N01,RECOCIDO_SIMULADO,0,NO_ASIGNADO,,,500
BASE,SIMULACION_CINCO_DIAS-ALTA-N01,RECOCIDO_SIMULADO,0,NO_ASIGNADO,,,501
BASE,SIMULACION_CINCO_DIAS-ALTA-N01,RECOCIDO_SIMULADO,0,NO_ASIGNADO,,,502
BASE,SIMULACION_CINCO_DIAS-ALTA-N01,RECOCIDO_SIMULADO,0,NO_ASIGNADO,,,503
BASE,SIMULACION_CINCO_DIAS-ALTA-N01,RECOCIDO_SIMULADO,0,NO_ASIGNADO,,,504
BASE,SIMULACION_CINCO_DIAS-ALTA-N01,RECOCIDO_SIMULADO,0,NO_ASIGNADO,,,505
BASE,SIMULACION_CINCO_DIAS-ALTA-N01,RECOCIDO_SIMULADO,0,NO_ASIGNADO,,,506
BASE,SIMULACION_CINCO_DIAS-ALTA-N01,RECOCIDO_SIMULADO,0,NO_ASIGNADO,,,507
BASE,SIMULACION_CINCO_DIAS-ALTA-N01,RECOCIDO_SIMULADO,0,NO_ASIGNADO,,,508
BASE,SIMULACION_CINCO_DIAS-ALTA-N01,RECOCIDO_SIMULADO,0,NO_ASIGNADO,,,509
BASE,SIMULACION_CINCO_DIAS-ALTA-N01,RECOCIDO_SIMULADO,0,NO_ASIGNADO,,,510
BASE,SIMULACION_CINCO_DIAS-ALTA-N01,RECOCIDO_SIMULADO,0,NO_ASIGNADO,,,512
BASE,SIMULACION_CINCO_DIAS-ALTA-N01,RECOCIDO_SIMULADO,0,NO_ASIGNADO,,,513
BASE,SIMULACION_CINCO_DIAS-ALTA-N01,RECOCIDO_SIMULADO,0,NO_ASIGNADO,,,514
BASE,SIMULACION_CINCO_DIAS-ALTA-N01,RECOCIDO_SIMULADO,0,NO_ASIGNADO,,,516
BASE,SIMULACION_CINCO_DIAS-ALTA-N01,RECOCIDO_SIMULADO,0,NO_ASIGNADO,,,517
BASE,SIMULACION_CINCO_DIAS-ALTA-N01,RECOCIDO_SIMULADO,0,NO_ASIGNADO,,,519
BASE,SIMULACION_CINCO_DIAS-ALTA-N01,RECOCIDO_SIMULADO,0,NO_ASIGNADO,,,520
BASE,SIMULACION_CINCO_DIAS-ALTA-N01,RECOCIDO_SIMULADO,0,NO_ASIGNADO,,,521
BASE,SIMULACION_CINCO_DIAS-ALTA-N01,RECOCIDO_SIMULADO,0,NO_ASIGNADO,,,522
BASE,SIMULACION_CINCO_DIAS-ALTA-N01,RECOCIDO_SIMULADO,0,NO_ASIGNADO,,,644
BASE,SIMULACION_CINCO_DIAS-ALTA-N01,RECOCIDO_SIMULADO,0,NO_ASIGNADO,,,645
BASE,SIMULACION_CINCO_DIAS-ALTA-N01,RECOCIDO_SIMULADO,0,NO_ASIGNADO,,,646
BASE,SIMULACION_CINCO_DIAS-ALTA-N01,RECOCIDO_SIMULADO,0,NO_ASIGNADO,,,647
BASE,SIMULACION_CINCO_DIAS-ALTA-N01,RECOCIDO_SIMULADO,0,NO_ASIGNADO,,,648
BASE,SIMULACION_CINCO_DIAS-ALTA-N01,RECOCIDO_SIMULADO,0,NO_ASIGNADO,,,649
BASE,SIMULACION_CINCO_DIAS-ALTA-N01,RECOCIDO_SIMULADO,0,NO_ASIGNADO,,,653
BASE,SIMULACION_CINCO_DIAS-ALTA-N01,RECOCIDO_SIMULADO,0,NO_ASIGNADO,,,654
BASE,SIMULACION_CINCO_DIAS-ALTA-N01,RECOCIDO_SIMULADO,0,NO_ASIGNADO,,,655
BASE,SIMULACION_CINCO_DIAS-ALTA-N01,RECOCIDO_SIMULADO,0,NO_ASIGNADO,,,656
BASE,SIMULACION_CINCO_DIAS-ALTA-N01,RECOCIDO_SIMULADO,0,NO_ASIGNADO,,,657
BASE,SIMULACION_CINCO_DIAS-ALTA-N01,RECOCIDO_SIMULADO,0,NO_ASIGNADO,,,658
BASE,SIMULACION_CINCO_DIAS-ALTA-N01,RECOCIDO_SIMULADO,0,NO_ASIGNADO,,,659
BASE,SIMULACION_CINCO_DIAS-ALTA-N01,RECOCIDO_SIMULADO,0,NO_ASIGNADO,,,660
BASE,SIMULACION_CINCO_DIAS-ALTA-N01,RECOCIDO_SIMULADO,0,NO_ASIGNADO,,,661
BASE,SIMULACION_CINCO_DIAS-ALTA-N01,RECOCIDO_SIMULADO,0,NO_ASIGNADO,,,663
BASE,SIMULACION_CINCO_DIAS-ALTA-N01,RECOCIDO_SIMULADO,0,NO_ASIGNADO,,,667
BASE,SIMULACION_CINCO_DIAS-ALTA-N01,RECOCIDO_SIMULADO,0,NO_ASIGNADO,,,669
BASE,SIMULACION_CINCO_DIAS-ALTA-N01,RECOCIDO_SIMULADO,0,NO_ASIGNADO,,,670
BASE,SIMULACION_CINCO_DIAS-ALTA-N01,RECOCIDO_SIMULADO,0,NO_ASIGNADO,,,672
BASE,SIMULACION_CINCO_DIAS-ALTA-N01,RECOCIDO_SIMULADO,0,NO_ASIGNADO,,,673
BASE,SIMULACION_CINCO_DIAS-ALTA-N01,RECOCIDO_SIMULADO,0,NO_ASIGNADO,,,676
BASE,SIMULACION_CINCO_DIAS-ALTA-N01,RECOCIDO_SIMULADO,0,NO_ASIGNADO,,,679
BASE,SIMULACION_CINCO_DIAS-ALTA-N01,RECOCIDO_SIMULADO,0,NO_ASIGNADO,,,681
BASE,SIMULACION_CINCO_DIAS-ALTA-N01,RECOCIDO_SIMULADO,1,TA01,ALM-CENTRAL,1,212
BASE,SIMULACION_CINCO_DIAS-ALTA-N01,RECOCIDO_SIMULADO,1,TA01,ALM-CENTRAL,2,6
BASE,SIMULACION_CINCO_DIAS-ALTA-N01,RECOCIDO_SIMULADO,1,TA01,ALM-CENTRAL,3,205
BASE,SIMULACION_CINCO_DIAS-ALTA-N01,RECOCIDO_SIMULADO,1,TA01,ALM-CENTRAL,4,216
BASE,SIMULACION_CINCO_DIAS-ALTA-N01,RECOCIDO_SIMULADO,1,TA02,ALM-CENTRAL,1,196
BASE,SIMULACION_CINCO_DIAS-ALTA-N01,RECOCIDO_SIMULADO,1,TA02,ALM-CENTRAL,2,30
BASE,SIMULACION_CINCO_DIAS-ALTA-N01,RECOCIDO_SIMULADO,1,TA02,ALM-CENTRAL,3,206
BASE,SIMULACION_CINCO_DIAS-ALTA-N01,RECOCIDO_SIMULADO,1,TA02,ALM-CENTRAL,4,498
BASE,SIMULACION_CINCO_DIAS-ALTA-N01,RECOCIDO_SIMULADO,1,TA03,ALM-CENTRAL,1,1
BASE,SIMULACION_CINCO_DIAS-ALTA-N01,RECOCIDO_SIMULADO,1,TA03,ALM-CENTRAL,2,29
BASE,SIMULACION_CINCO_DIAS-ALTA-N01,RECOCIDO_SIMULADO,1,TA03,ALM-CENTRAL,3,193
BASE,SIMULACION_CINCO_DIAS-ALTA-N01,RECOCIDO_SIMULADO,1,TA03,ALM-CENTRAL,4,326
BASE,SIMULACION_CINCO_DIAS-ALTA-N01,RECOCIDO_SIMULADO,1,TA04,ALM-CENTRAL,1,31
BASE,SIMULACION_CINCO_DIAS-ALTA-N01,RECOCIDO_SIMULADO,1,TA04,ALM-CENTRAL,2,8
BASE,SIMULACION_CINCO_DIAS-ALTA-N01,RECOCIDO_SIMULADO,1,TA04,ALM-CENTRAL,3,221
BASE,SIMULACION_CINCO_DIAS-ALTA-N01,RECOCIDO_SIMULADO,1,TA04,ALM-CENTRAL,4,224
BASE,SIMULACION_CINCO_DIAS-ALTA-N01,RECOCIDO_SIMULADO,1,TA05,ALM-CENTRAL,1,191
BASE,SIMULACION_CINCO_DIAS-ALTA-N01,RECOCIDO_SIMULADO,1,TA05,ALM-CENTRAL,2,215
BASE,SIMULACION_CINCO_DIAS-ALTA-N01,RECOCIDO_SIMULADO,1,TA05,ALM-CENTRAL,3,28
BASE,SIMULACION_CINCO_DIAS-ALTA-N01,RECOCIDO_SIMULADO,1,TA05,ALM-CENTRAL,4,2
BASE,SIMULACION_CINCO_DIAS-ALTA-N01,RECOCIDO_SIMULADO,1,TA05,ALM-CENTRAL,5,485
BASE,SIMULACION_CINCO_DIAS-ALTA-N01,RECOCIDO_SIMULADO,1,TA06,ALM-CENTRAL,1,199
BASE,SIMULACION_CINCO_DIAS-ALTA-N01,RECOCIDO_SIMULADO,1,TA06,ALM-CENTRAL,2,214
BASE,SIMULACION_CINCO_DIAS-ALTA-N01,RECOCIDO_SIMULADO,1,TA06,ALM-CENTRAL,3,220
BASE,SIMULACION_CINCO_DIAS-ALTA-N01,RECOCIDO_SIMULADO,1,TA06,ALM-CENTRAL,4,38
BASE,SIMULACION_CINCO_DIAS-ALTA-N01,RECOCIDO_SIMULADO,1,TA06,ALM-CENTRAL,5,671
BASE,SIMULACION_CINCO_DIAS-ALTA-N01,RECOCIDO_SIMULADO,1,TA07,ALM-CENTRAL,1,25
BASE,SIMULACION_CINCO_DIAS-ALTA-N01,RECOCIDO_SIMULADO,1,TA07,ALM-CENTRAL,2,11
BASE,SIMULACION_CINCO_DIAS-ALTA-N01,RECOCIDO_SIMULADO,1,TA07,ALM-CENTRAL,3,222
BASE,SIMULACION_CINCO_DIAS-ALTA-N01,RECOCIDO_SIMULADO,1,TA07,ALM-CENTRAL,4,355
BASE,SIMULACION_CINCO_DIAS-ALTA-N01,RECOCIDO_SIMULADO,1,TA08,ALM-CENTRAL,1,19
BASE,SIMULACION_CINCO_DIAS-ALTA-N01,RECOCIDO_SIMULADO,1,TA08,ALM-CENTRAL,2,203
BASE,SIMULACION_CINCO_DIAS-ALTA-N01,RECOCIDO_SIMULADO,1,TA08,ALM-CENTRAL,3,15
BASE,SIMULACION_CINCO_DIAS-ALTA-N01,RECOCIDO_SIMULADO,1,TA08,ALM-CENTRAL,4,330
BASE,SIMULACION_CINCO_DIAS-ALTA-N01,RECOCIDO_SIMULADO,1,TA09,ALM-CENTRAL,1,194
BASE,SIMULACION_CINCO_DIAS-ALTA-N01,RECOCIDO_SIMULADO,1,TA09,ALM-CENTRAL,2,342
BASE,SIMULACION_CINCO_DIAS-ALTA-N01,RECOCIDO_SIMULADO,1,TA09,ALM-CENTRAL,3,207
BASE,SIMULACION_CINCO_DIAS-ALTA-N01,RECOCIDO_SIMULADO,1,TA09,ALM-CENTRAL,4,22
BASE,SIMULACION_CINCO_DIAS-ALTA-N01,RECOCIDO_SIMULADO,1,TA10,ALM-CENTRAL,1,189
BASE,SIMULACION_CINCO_DIAS-ALTA-N01,RECOCIDO_SIMULADO,1,TA10,ALM-CENTRAL,2,23
BASE,SIMULACION_CINCO_DIAS-ALTA-N01,RECOCIDO_SIMULADO,1,TA10,ALM-CENTRAL,3,17
BASE,SIMULACION_CINCO_DIAS-ALTA-N01,RECOCIDO_SIMULADO,1,TB01,ALM-CENTRAL,1,188
BASE,SIMULACION_CINCO_DIAS-ALTA-N01,RECOCIDO_SIMULADO,1,TB02,ALM-CENTRAL,1,32
BASE,SIMULACION_CINCO_DIAS-ALTA-N01,RECOCIDO_SIMULADO,1,TB02,ALM-CENTRAL,2,666
BASE,SIMULACION_CINCO_DIAS-ALTA-N01,RECOCIDO_SIMULADO,1,TB03,ALM-CENTRAL,1,33
BASE,SIMULACION_CINCO_DIAS-ALTA-N01,RECOCIDO_SIMULADO,1,TB03,ALM-CENTRAL,2,664
BASE,SIMULACION_CINCO_DIAS-ALTA-N01,RECOCIDO_SIMULADO,1,TB04,ALM-CENTRAL,1,37
BASE,SIMULACION_CINCO_DIAS-ALTA-N01,RECOCIDO_SIMULADO,1,TB05,ALM-CENTRAL,1,197
BASE,SIMULACION_CINCO_DIAS-ALTA-N01,RECOCIDO_SIMULADO,1,TB05,ALM-CENTRAL,2,662
BASE,SIMULACION_CINCO_DIAS-ALTA-N01,RECOCIDO_SIMULADO,1,TB06,ALM-CENTRAL,1,511
BASE,SIMULACION_CINCO_DIAS-ALTA-N01,RECOCIDO_SIMULADO,1,TB06,ALM-CENTRAL,2,26
BASE,SIMULACION_CINCO_DIAS-ALTA-N01,RECOCIDO_SIMULADO,1,TB07,ALM-CENTRAL,1,320
BASE,SIMULACION_CINCO_DIAS-ALTA-N01,RECOCIDO_SIMULADO,1,TB08,ALM-CENTRAL,1,190
BASE,SIMULACION_CINCO_DIAS-ALTA-N01,RECOCIDO_SIMULADO,1,TB08,ALM-CENTRAL,2,333
BASE,SIMULACION_CINCO_DIAS-ALTA-N01,RECOCIDO_SIMULADO,1,TB08,ALM-CENTRAL,3,674
BASE,SIMULACION_CINCO_DIAS-ALTA-N01,RECOCIDO_SIMULADO,1,TB09,ALM-CENTRAL,1,36
BASE,SIMULACION_CINCO_DIAS-ALTA-N01,RECOCIDO_SIMULADO,1,TB09,ALM-CENTRAL,2,665
BASE,SIMULACION_CINCO_DIAS-ALTA-N01,RECOCIDO_SIMULADO,1,TB10,ALM-CENTRAL,1,200
BASE,SIMULACION_CINCO_DIAS-ALTA-N01,RECOCIDO_SIMULADO,1,TB10,ALM-CENTRAL,2,650
BASE,SIMULACION_CINCO_DIAS-ALTA-N01,RECOCIDO_SIMULADO,1,TB11,ALM-CENTRAL,1,680
BASE,SIMULACION_CINCO_DIAS-ALTA-N01,RECOCIDO_SIMULADO,1,TB11,ALM-CENTRAL,2,515
BASE,SIMULACION_CINCO_DIAS-ALTA-N01,RECOCIDO_SIMULADO,1,TB12,ALM-CENTRAL,1,336
BASE,SIMULACION_CINCO_DIAS-ALTA-N01,RECOCIDO_SIMULADO,1,TB12,ALM-CENTRAL,2,652
BASE,SIMULACION_CINCO_DIAS-ALTA-N01,RECOCIDO_SIMULADO,1,TM01,ALM-CENTRAL,1,321
BASE,SIMULACION_CINCO_DIAS-ALTA-N01,RECOCIDO_SIMULADO,1,TM01,ALM-CENTRAL,2,486
BASE,SIMULACION_CINCO_DIAS-ALTA-N01,RECOCIDO_SIMULADO,1,TM02,ALM-CENTRAL,1,34
BASE,SIMULACION_CINCO_DIAS-ALTA-N01,RECOCIDO_SIMULADO,1,TM02,ALM-CENTRAL,2,14
BASE,SIMULACION_CINCO_DIAS-ALTA-N01,RECOCIDO_SIMULADO,1,TM02,ALM-CENTRAL,3,518
BASE,SIMULACION_CINCO_DIAS-ALTA-N01,RECOCIDO_SIMULADO,1,TM03,ALM-CENTRAL,1,10
BASE,SIMULACION_CINCO_DIAS-ALTA-N01,RECOCIDO_SIMULADO,1,TM03,ALM-CENTRAL,2,339
BASE,SIMULACION_CINCO_DIAS-ALTA-N01,RECOCIDO_SIMULADO,1,TM04,ALM-CENTRAL,1,18
BASE,SIMULACION_CINCO_DIAS-ALTA-N01,RECOCIDO_SIMULADO,1,TM04,ALM-CENTRAL,2,201
BASE,SIMULACION_CINCO_DIAS-ALTA-N01,RECOCIDO_SIMULADO,1,TM04,ALM-CENTRAL,3,675
BASE,SIMULACION_CINCO_DIAS-ALTA-N01,RECOCIDO_SIMULADO,1,TM05,ALM-CENTRAL,1,24
BASE,SIMULACION_CINCO_DIAS-ALTA-N01,RECOCIDO_SIMULADO,1,TM05,ALM-CENTRAL,2,21
BASE,SIMULACION_CINCO_DIAS-ALTA-N01,RECOCIDO_SIMULADO,1,TM05,ALM-CENTRAL,3,328
BASE,SIMULACION_CINCO_DIAS-ALTA-N01,RECOCIDO_SIMULADO,1,TM05,ALM-CENTRAL,4,677
BASE,SIMULACION_CINCO_DIAS-ALTA-N01,RECOCIDO_SIMULADO,1,TM06,ALM-CENTRAL,1,213
BASE,SIMULACION_CINCO_DIAS-ALTA-N01,RECOCIDO_SIMULADO,1,TM06,ALM-CENTRAL,2,35
BASE,SIMULACION_CINCO_DIAS-ALTA-N01,RECOCIDO_SIMULADO,1,TM07,ALM-CENTRAL,1,354
BASE,SIMULACION_CINCO_DIAS-ALTA-N01,RECOCIDO_SIMULADO,1,TM07,ALM-CENTRAL,2,7
BASE,SIMULACION_CINCO_DIAS-ALTA-N01,RECOCIDO_SIMULADO,1,TM08,ALM-CENTRAL,1,4
BASE,SIMULACION_CINCO_DIAS-ALTA-N01,RECOCIDO_SIMULADO,1,TM08,ALM-CENTRAL,2,329
BASE,SIMULACION_CINCO_DIAS-ALTA-N01,RECOCIDO_SIMULADO,1,TM09,ALM-CENTRAL,1,5
BASE,SIMULACION_CINCO_DIAS-ALTA-N01,RECOCIDO_SIMULADO,1,TM09,ALM-CENTRAL,2,351
BASE,SIMULACION_CINCO_DIAS-ALTA-N01,RECOCIDO_SIMULADO,1,TM10,ALM-CENTRAL,1,12
BASE,SIMULACION_CINCO_DIAS-ALTA-N01,RECOCIDO_SIMULADO,1,TM10,ALM-CENTRAL,2,209
BASE,SIMULACION_CINCO_DIAS-ALTA-N01,RECOCIDO_SIMULADO,1,TM10,ALM-CENTRAL,3,651
BASE,SIMULACION_CINCO_DIAS-ALTA-N01,RECOCIDO_SIMULADO,1,TM11,ALM-CENTRAL,1,13
BASE,SIMULACION_CINCO_DIAS-ALTA-N01,RECOCIDO_SIMULADO,1,TM11,ALM-CENTRAL,2,217
BASE,SIMULACION_CINCO_DIAS-ALTA-N01,RECOCIDO_SIMULADO,1,TM12,ALM-CENTRAL,1,16
BASE,SIMULACION_CINCO_DIAS-ALTA-N01,RECOCIDO_SIMULADO,1,TM12,ALM-CENTRAL,2,20
BASE,SIMULACION_CINCO_DIAS-ALTA-N01,RECOCIDO_SIMULADO,1,TM12,ALM-CENTRAL,3,668
BASE,SIMULACION_CINCO_DIAS-ALTA-N01,RECOCIDO_SIMULADO,1,TM13,ALM-CENTRAL,1,9
BASE,SIMULACION_CINCO_DIAS-ALTA-N01,RECOCIDO_SIMULADO,1,TM13,ALM-CENTRAL,2,491
BASE,SIMULACION_CINCO_DIAS-ALTA-N01,RECOCIDO_SIMULADO,1,TM13,ALM-CENTRAL,3,27
BASE,SIMULACION_CINCO_DIAS-ALTA-N01,RECOCIDO_SIMULADO,1,TM14,ALM-CENTRAL,1,3
BASE,SIMULACION_CINCO_DIAS-ALTA-N01,RECOCIDO_SIMULADO,1,TM14,ALM-CENTRAL,2,198
BASE,SIMULACION_CINCO_DIAS-ALTA-N01,RECOCIDO_SIMULADO,1,TM15,ALM-CENTRAL,1,204
BASE,SIMULACION_CINCO_DIAS-ALTA-N01,RECOCIDO_SIMULADO,1,NO_ASIGNADO,,,192
BASE,SIMULACION_CINCO_DIAS-ALTA-N01,RECOCIDO_SIMULADO,1,NO_ASIGNADO,,,195
BASE,SIMULACION_CINCO_DIAS-ALTA-N01,RECOCIDO_SIMULADO,1,NO_ASIGNADO,,,202
BASE,SIMULACION_CINCO_DIAS-ALTA-N01,RECOCIDO_SIMULADO,1,NO_ASIGNADO,,,208
BASE,SIMULACION_CINCO_DIAS-ALTA-N01,RECOCIDO_SIMULADO,1,NO_ASIGNADO,,,210
BASE,SIMULACION_CINCO_DIAS-ALTA-N01,RECOCIDO_SIMULADO,1,NO_ASIGNADO,,,211
BASE,SIMULACION_CINCO_DIAS-ALTA-N01,RECOCIDO_SIMULADO,1,NO_ASIGNADO,,,218
BASE,SIMULACION_CINCO_DIAS-ALTA-N01,RECOCIDO_SIMULADO,1,NO_ASIGNADO,,,219
BASE,SIMULACION_CINCO_DIAS-ALTA-N01,RECOCIDO_SIMULADO,1,NO_ASIGNADO,,,223
BASE,SIMULACION_CINCO_DIAS-ALTA-N01,RECOCIDO_SIMULADO,1,NO_ASIGNADO,,,225
BASE,SIMULACION_CINCO_DIAS-ALTA-N01,RECOCIDO_SIMULADO,1,NO_ASIGNADO,,,318
BASE,SIMULACION_CINCO_DIAS-ALTA-N01,RECOCIDO_SIMULADO,1,NO_ASIGNADO,,,319
BASE,SIMULACION_CINCO_DIAS-ALTA-N01,RECOCIDO_SIMULADO,1,NO_ASIGNADO,,,322
BASE,SIMULACION_CINCO_DIAS-ALTA-N01,RECOCIDO_SIMULADO,1,NO_ASIGNADO,,,323
BASE,SIMULACION_CINCO_DIAS-ALTA-N01,RECOCIDO_SIMULADO,1,NO_ASIGNADO,,,324
BASE,SIMULACION_CINCO_DIAS-ALTA-N01,RECOCIDO_SIMULADO,1,NO_ASIGNADO,,,325
BASE,SIMULACION_CINCO_DIAS-ALTA-N01,RECOCIDO_SIMULADO,1,NO_ASIGNADO,,,327
BASE,SIMULACION_CINCO_DIAS-ALTA-N01,RECOCIDO_SIMULADO,1,NO_ASIGNADO,,,331
BASE,SIMULACION_CINCO_DIAS-ALTA-N01,RECOCIDO_SIMULADO,1,NO_ASIGNADO,,,332
BASE,SIMULACION_CINCO_DIAS-ALTA-N01,RECOCIDO_SIMULADO,1,NO_ASIGNADO,,,334
BASE,SIMULACION_CINCO_DIAS-ALTA-N01,RECOCIDO_SIMULADO,1,NO_ASIGNADO,,,335
BASE,SIMULACION_CINCO_DIAS-ALTA-N01,RECOCIDO_SIMULADO,1,NO_ASIGNADO,,,337
BASE,SIMULACION_CINCO_DIAS-ALTA-N01,RECOCIDO_SIMULADO,1,NO_ASIGNADO,,,338
BASE,SIMULACION_CINCO_DIAS-ALTA-N01,RECOCIDO_SIMULADO,1,NO_ASIGNADO,,,340
BASE,SIMULACION_CINCO_DIAS-ALTA-N01,RECOCIDO_SIMULADO,1,NO_ASIGNADO,,,341
BASE,SIMULACION_CINCO_DIAS-ALTA-N01,RECOCIDO_SIMULADO,1,NO_ASIGNADO,,,343
BASE,SIMULACION_CINCO_DIAS-ALTA-N01,RECOCIDO_SIMULADO,1,NO_ASIGNADO,,,344
BASE,SIMULACION_CINCO_DIAS-ALTA-N01,RECOCIDO_SIMULADO,1,NO_ASIGNADO,,,345
BASE,SIMULACION_CINCO_DIAS-ALTA-N01,RECOCIDO_SIMULADO,1,NO_ASIGNADO,,,346
BASE,SIMULACION_CINCO_DIAS-ALTA-N01,RECOCIDO_SIMULADO,1,NO_ASIGNADO,,,347
BASE,SIMULACION_CINCO_DIAS-ALTA-N01,RECOCIDO_SIMULADO,1,NO_ASIGNADO,,,348
BASE,SIMULACION_CINCO_DIAS-ALTA-N01,RECOCIDO_SIMULADO,1,NO_ASIGNADO,,,349
BASE,SIMULACION_CINCO_DIAS-ALTA-N01,RECOCIDO_SIMULADO,1,NO_ASIGNADO,,,350
BASE,SIMULACION_CINCO_DIAS-ALTA-N01,RECOCIDO_SIMULADO,1,NO_ASIGNADO,,,352
BASE,SIMULACION_CINCO_DIAS-ALTA-N01,RECOCIDO_SIMULADO,1,NO_ASIGNADO,,,353
BASE,SIMULACION_CINCO_DIAS-ALTA-N01,RECOCIDO_SIMULADO,1,NO_ASIGNADO,,,487
BASE,SIMULACION_CINCO_DIAS-ALTA-N01,RECOCIDO_SIMULADO,1,NO_ASIGNADO,,,488
BASE,SIMULACION_CINCO_DIAS-ALTA-N01,RECOCIDO_SIMULADO,1,NO_ASIGNADO,,,489
BASE,SIMULACION_CINCO_DIAS-ALTA-N01,RECOCIDO_SIMULADO,1,NO_ASIGNADO,,,490
BASE,SIMULACION_CINCO_DIAS-ALTA-N01,RECOCIDO_SIMULADO,1,NO_ASIGNADO,,,492
BASE,SIMULACION_CINCO_DIAS-ALTA-N01,RECOCIDO_SIMULADO,1,NO_ASIGNADO,,,493
BASE,SIMULACION_CINCO_DIAS-ALTA-N01,RECOCIDO_SIMULADO,1,NO_ASIGNADO,,,494
BASE,SIMULACION_CINCO_DIAS-ALTA-N01,RECOCIDO_SIMULADO,1,NO_ASIGNADO,,,495
BASE,SIMULACION_CINCO_DIAS-ALTA-N01,RECOCIDO_SIMULADO,1,NO_ASIGNADO,,,496
BASE,SIMULACION_CINCO_DIAS-ALTA-N01,RECOCIDO_SIMULADO,1,NO_ASIGNADO,,,497
BASE,SIMULACION_CINCO_DIAS-ALTA-N01,RECOCIDO_SIMULADO,1,NO_ASIGNADO,,,499
BASE,SIMULACION_CINCO_DIAS-ALTA-N01,RECOCIDO_SIMULADO,1,NO_ASIGNADO,,,500
BASE,SIMULACION_CINCO_DIAS-ALTA-N01,RECOCIDO_SIMULADO,1,NO_ASIGNADO,,,501
BASE,SIMULACION_CINCO_DIAS-ALTA-N01,RECOCIDO_SIMULADO,1,NO_ASIGNADO,,,502
BASE,SIMULACION_CINCO_DIAS-ALTA-N01,RECOCIDO_SIMULADO,1,NO_ASIGNADO,,,503
BASE,SIMULACION_CINCO_DIAS-ALTA-N01,RECOCIDO_SIMULADO,1,NO_ASIGNADO,,,504
BASE,SIMULACION_CINCO_DIAS-ALTA-N01,RECOCIDO_SIMULADO,1,NO_ASIGNADO,,,505
BASE,SIMULACION_CINCO_DIAS-ALTA-N01,RECOCIDO_SIMULADO,1,NO_ASIGNADO,,,506
BASE,SIMULACION_CINCO_DIAS-ALTA-N01,RECOCIDO_SIMULADO,1,NO_ASIGNADO,,,507
BASE,SIMULACION_CINCO_DIAS-ALTA-N01,RECOCIDO_SIMULADO,1,NO_ASIGNADO,,,508
BASE,SIMULACION_CINCO_DIAS-ALTA-N01,RECOCIDO_SIMULADO,1,NO_ASIGNADO,,,509
BASE,SIMULACION_CINCO_DIAS-ALTA-N01,RECOCIDO_SIMULADO,1,NO_ASIGNADO,,,510
BASE,SIMULACION_CINCO_DIAS-ALTA-N01,RECOCIDO_SIMULADO,1,NO_ASIGNADO,,,512
BASE,SIMULACION_CINCO_DIAS-ALTA-N01,RECOCIDO_SIMULADO,1,NO_ASIGNADO,,,513
BASE,SIMULACION_CINCO_DIAS-ALTA-N01,RECOCIDO_SIMULADO,1,NO_ASIGNADO,,,514
BASE,SIMULACION_CINCO_DIAS-ALTA-N01,RECOCIDO_SIMULADO,1,NO_ASIGNADO,,,516
BASE,SIMULACION_CINCO_DIAS-ALTA-N01,RECOCIDO_SIMULADO,1,NO_ASIGNADO,,,517
BASE,SIMULACION_CINCO_DIAS-ALTA-N01,RECOCIDO_SIMULADO,1,NO_ASIGNADO,,,519
BASE,SIMULACION_CINCO_DIAS-ALTA-N01,RECOCIDO_SIMULADO,1,NO_ASIGNADO,,,520
BASE,SIMULACION_CINCO_DIAS-ALTA-N01,RECOCIDO_SIMULADO,1,NO_ASIGNADO,,,521
BASE,SIMULACION_CINCO_DIAS-ALTA-N01,RECOCIDO_SIMULADO,1,NO_ASIGNADO,,,522
BASE,SIMULACION_CINCO_DIAS-ALTA-N01,RECOCIDO_SIMULADO,1,NO_ASIGNADO,,,644
BASE,SIMULACION_CINCO_DIAS-ALTA-N01,RECOCIDO_SIMULADO,1,NO_ASIGNADO,,,645
BASE,SIMULACION_CINCO_DIAS-ALTA-N01,RECOCIDO_SIMULADO,1,NO_ASIGNADO,,,646
BASE,SIMULACION_CINCO_DIAS-ALTA-N01,RECOCIDO_SIMULADO,1,NO_ASIGNADO,,,647
BASE,SIMULACION_CINCO_DIAS-ALTA-N01,RECOCIDO_SIMULADO,1,NO_ASIGNADO,,,648
BASE,SIMULACION_CINCO_DIAS-ALTA-N01,RECOCIDO_SIMULADO,1,NO_ASIGNADO,,,649
BASE,SIMULACION_CINCO_DIAS-ALTA-N01,RECOCIDO_SIMULADO,1,NO_ASIGNADO,,,653
BASE,SIMULACION_CINCO_DIAS-ALTA-N01,RECOCIDO_SIMULADO,1,NO_ASIGNADO,,,654
BASE,SIMULACION_CINCO_DIAS-ALTA-N01,RECOCIDO_SIMULADO,1,NO_ASIGNADO,,,655
BASE,SIMULACION_CINCO_DIAS-ALTA-N01,RECOCIDO_SIMULADO,1,NO_ASIGNADO,,,656
BASE,SIMULACION_CINCO_DIAS-ALTA-N01,RECOCIDO_SIMULADO,1,NO_ASIGNADO,,,657
BASE,SIMULACION_CINCO_DIAS-ALTA-N01,RECOCIDO_SIMULADO,1,NO_ASIGNADO,,,658
BASE,SIMULACION_CINCO_DIAS-ALTA-N01,RECOCIDO_SIMULADO,1,NO_ASIGNADO,,,659
BASE,SIMULACION_CINCO_DIAS-ALTA-N01,RECOCIDO_SIMULADO,1,NO_ASIGNADO,,,660
BASE,SIMULACION_CINCO_DIAS-ALTA-N01,RECOCIDO_SIMULADO,1,NO_ASIGNADO,,,661
BASE,SIMULACION_CINCO_DIAS-ALTA-N01,RECOCIDO_SIMULADO,1,NO_ASIGNADO,,,663
BASE,SIMULACION_CINCO_DIAS-ALTA-N01,RECOCIDO_SIMULADO,1,NO_ASIGNADO,,,667
BASE,SIMULACION_CINCO_DIAS-ALTA-N01,RECOCIDO_SIMULADO,1,NO_ASIGNADO,,,669
BASE,SIMULACION_CINCO_DIAS-ALTA-N01,RECOCIDO_SIMULADO,1,NO_ASIGNADO,,,670
BASE,SIMULACION_CINCO_DIAS-ALTA-N01,RECOCIDO_SIMULADO,1,NO_ASIGNADO,,,672
BASE,SIMULACION_CINCO_DIAS-ALTA-N01,RECOCIDO_SIMULADO,1,NO_ASIGNADO,,,673
BASE,SIMULACION_CINCO_DIAS-ALTA-N01,RECOCIDO_SIMULADO,1,NO_ASIGNADO,,,676
BASE,SIMULACION_CINCO_DIAS-ALTA-N01,RECOCIDO_SIMULADO,1,NO_ASIGNADO,,,678
BASE,SIMULACION_CINCO_DIAS-ALTA-N01,RECOCIDO_SIMULADO,1,NO_ASIGNADO,,,679
BASE,SIMULACION_CINCO_DIAS-ALTA-N01,RECOCIDO_SIMULADO,1,NO_ASIGNADO,,,681
BASE,SIMULACION_CINCO_DIAS-ALTA-N01,GENETICO,1,TA01,ALM-CENTRAL,1,355
BASE,SIMULACION_CINCO_DIAS-ALTA-N01,GENETICO,1,TA01,ALM-CENTRAL,2,522
BASE,SIMULACION_CINCO_DIAS-ALTA-N01,GENETICO,1,TA01,ALM-CENTRAL,3,319
BASE,SIMULACION_CINCO_DIAS-ALTA-N01,GENETICO,1,TA02,ALM-CENTRAL,1,198
BASE,SIMULACION_CINCO_DIAS-ALTA-N01,GENETICO,1,TA02,ALM-CENTRAL,2,334
BASE,SIMULACION_CINCO_DIAS-ALTA-N01,GENETICO,1,TA02,ALM-CENTRAL,3,24
BASE,SIMULACION_CINCO_DIAS-ALTA-N01,GENETICO,1,TA02,ALM-CENTRAL,4,670
BASE,SIMULACION_CINCO_DIAS-ALTA-N01,GENETICO,1,TA03,ALM-CENTRAL,1,502
BASE,SIMULACION_CINCO_DIAS-ALTA-N01,GENETICO,1,TA03,ALM-CENTRAL,2,501
BASE,SIMULACION_CINCO_DIAS-ALTA-N01,GENETICO,1,TA03,ALM-CENTRAL,3,499
BASE,SIMULACION_CINCO_DIAS-ALTA-N01,GENETICO,1,TA03,ALM-CENTRAL,4,220
BASE,SIMULACION_CINCO_DIAS-ALTA-N01,GENETICO,1,TA04,ALM-CENTRAL,1,339
BASE,SIMULACION_CINCO_DIAS-ALTA-N01,GENETICO,1,TA04,ALM-CENTRAL,2,488
BASE,SIMULACION_CINCO_DIAS-ALTA-N01,GENETICO,1,TA04,ALM-CENTRAL,3,647
BASE,SIMULACION_CINCO_DIAS-ALTA-N01,GENETICO,1,TA04,ALM-CENTRAL,4,644
BASE,SIMULACION_CINCO_DIAS-ALTA-N01,GENETICO,1,TA05,ALM-CENTRAL,1,353
BASE,SIMULACION_CINCO_DIAS-ALTA-N01,GENETICO,1,TA05,ALM-CENTRAL,2,324
BASE,SIMULACION_CINCO_DIAS-ALTA-N01,GENETICO,1,TA05,ALM-CENTRAL,3,657
BASE,SIMULACION_CINCO_DIAS-ALTA-N01,GENETICO,1,TA05,ALM-CENTRAL,4,671
BASE,SIMULACION_CINCO_DIAS-ALTA-N01,GENETICO,1,TA06,ALM-CENTRAL,1,201
BASE,SIMULACION_CINCO_DIAS-ALTA-N01,GENETICO,1,TA06,ALM-CENTRAL,2,491
BASE,SIMULACION_CINCO_DIAS-ALTA-N01,GENETICO,1,TA06,ALM-CENTRAL,3,646
BASE,SIMULACION_CINCO_DIAS-ALTA-N01,GENETICO,1,TA06,ALM-CENTRAL,4,520
BASE,SIMULACION_CINCO_DIAS-ALTA-N01,GENETICO,1,TA07,ALM-CENTRAL,1,216
BASE,SIMULACION_CINCO_DIAS-ALTA-N01,GENETICO,1,TA07,ALM-CENTRAL,2,192
BASE,SIMULACION_CINCO_DIAS-ALTA-N01,GENETICO,1,TA07,ALM-CENTRAL,3,496
BASE,SIMULACION_CINCO_DIAS-ALTA-N01,GENETICO,1,TA07,ALM-CENTRAL,4,516
BASE,SIMULACION_CINCO_DIAS-ALTA-N01,GENETICO,1,TA08,ALM-CENTRAL,1,188
BASE,SIMULACION_CINCO_DIAS-ALTA-N01,GENETICO,1,TA08,ALM-CENTRAL,2,219
BASE,SIMULACION_CINCO_DIAS-ALTA-N01,GENETICO,1,TA08,ALM-CENTRAL,3,489
BASE,SIMULACION_CINCO_DIAS-ALTA-N01,GENETICO,1,TA08,ALM-CENTRAL,4,4
BASE,SIMULACION_CINCO_DIAS-ALTA-N01,GENETICO,1,TA09,ALM-CENTRAL,1,349
BASE,SIMULACION_CINCO_DIAS-ALTA-N01,GENETICO,1,TA09,ALM-CENTRAL,2,649
BASE,SIMULACION_CINCO_DIAS-ALTA-N01,GENETICO,1,TA09,ALM-CENTRAL,3,517
BASE,SIMULACION_CINCO_DIAS-ALTA-N01,GENETICO,1,TA10,ALM-CENTRAL,1,521
BASE,SIMULACION_CINCO_DIAS-ALTA-N01,GENETICO,1,TA10,ALM-CENTRAL,2,21
BASE,SIMULACION_CINCO_DIAS-ALTA-N01,GENETICO,1,TA10,ALM-CENTRAL,3,676
BASE,SIMULACION_CINCO_DIAS-ALTA-N01,GENETICO,1,TA10,ALM-CENTRAL,4,217
BASE,SIMULACION_CINCO_DIAS-ALTA-N01,GENETICO,1,TA10,ALM-CENTRAL,5,673
BASE,SIMULACION_CINCO_DIAS-ALTA-N01,GENETICO,1,TB01,ALM-CENTRAL,1,213
BASE,SIMULACION_CINCO_DIAS-ALTA-N01,GENETICO,1,TB01,ALM-CENTRAL,2,518
BASE,SIMULACION_CINCO_DIAS-ALTA-N01,GENETICO,1,TB02,ALM-CENTRAL,1,336
BASE,SIMULACION_CINCO_DIAS-ALTA-N01,GENETICO,1,TB02,ALM-CENTRAL,2,6
BASE,SIMULACION_CINCO_DIAS-ALTA-N01,GENETICO,1,TB02,ALM-CENTRAL,3,668
BASE,SIMULACION_CINCO_DIAS-ALTA-N01,GENETICO,1,TB03,ALM-CENTRAL,1,680
BASE,SIMULACION_CINCO_DIAS-ALTA-N01,GENETICO,1,TB03,ALM-CENTRAL,2,662
BASE,SIMULACION_CINCO_DIAS-ALTA-N01,GENETICO,1,TB04,ALM-CENTRAL,1,665
BASE,SIMULACION_CINCO_DIAS-ALTA-N01,GENETICO,1,TB04,ALM-CENTRAL,2,674
BASE,SIMULACION_CINCO_DIAS-ALTA-N01,GENETICO,1,TB05,ALM-CENTRAL,1,322
BASE,SIMULACION_CINCO_DIAS-ALTA-N01,GENETICO,1,TB06,ALM-CENTRAL,1,29
BASE,SIMULACION_CINCO_DIAS-ALTA-N01,GENETICO,1,TB06,ALM-CENTRAL,2,675
BASE,SIMULACION_CINCO_DIAS-ALTA-N01,GENETICO,1,TB07,ALM-CENTRAL,1,33
BASE,SIMULACION_CINCO_DIAS-ALTA-N01,GENETICO,1,TB07,ALM-CENTRAL,2,515
BASE,SIMULACION_CINCO_DIAS-ALTA-N01,GENETICO,1,TB08,ALM-CENTRAL,1,19
BASE,SIMULACION_CINCO_DIAS-ALTA-N01,GENETICO,1,TB08,ALM-CENTRAL,2,191
BASE,SIMULACION_CINCO_DIAS-ALTA-N01,GENETICO,1,TB09,ALM-CENTRAL,1,31
BASE,SIMULACION_CINCO_DIAS-ALTA-N01,GENETICO,1,TB09,ALM-CENTRAL,2,678
BASE,SIMULACION_CINCO_DIAS-ALTA-N01,GENETICO,1,TB10,ALM-CENTRAL,1,14
BASE,SIMULACION_CINCO_DIAS-ALTA-N01,GENETICO,1,TB10,ALM-CENTRAL,2,677
BASE,SIMULACION_CINCO_DIAS-ALTA-N01,GENETICO,1,TB11,ALM-CENTRAL,1,354
BASE,SIMULACION_CINCO_DIAS-ALTA-N01,GENETICO,1,TB11,ALM-CENTRAL,2,486
BASE,SIMULACION_CINCO_DIAS-ALTA-N01,GENETICO,1,TB12,ALM-CENTRAL,1,209
BASE,SIMULACION_CINCO_DIAS-ALTA-N01,GENETICO,1,TB12,ALM-CENTRAL,2,652
BASE,SIMULACION_CINCO_DIAS-ALTA-N01,GENETICO,1,TM01,ALM-CENTRAL,1,342
BASE,SIMULACION_CINCO_DIAS-ALTA-N01,GENETICO,1,TM01,ALM-CENTRAL,2,26
BASE,SIMULACION_CINCO_DIAS-ALTA-N01,GENETICO,1,TM01,ALM-CENTRAL,3,681
BASE,SIMULACION_CINCO_DIAS-ALTA-N01,GENETICO,1,TM02,ALM-CENTRAL,1,320
BASE,SIMULACION_CINCO_DIAS-ALTA-N01,GENETICO,1,TM02,ALM-CENTRAL,2,655
BASE,SIMULACION_CINCO_DIAS-ALTA-N01,GENETICO,1,TM03,ALM-CENTRAL,1,664
BASE,SIMULACION_CINCO_DIAS-ALTA-N01,GENETICO,1,TM03,ALM-CENTRAL,2,500
BASE,SIMULACION_CINCO_DIAS-ALTA-N01,GENETICO,1,TM04,ALM-CENTRAL,1,197
BASE,SIMULACION_CINCO_DIAS-ALTA-N01,GENETICO,1,TM04,ALM-CENTRAL,2,660
BASE,SIMULACION_CINCO_DIAS-ALTA-N01,GENETICO,1,TM05,ALM-CENTRAL,1,490
BASE,SIMULACION_CINCO_DIAS-ALTA-N01,GENETICO,1,TM05,ALM-CENTRAL,2,9
BASE,SIMULACION_CINCO_DIAS-ALTA-N01,GENETICO,1,TM06,ALM-CENTRAL,1,200
BASE,SIMULACION_CINCO_DIAS-ALTA-N01,GENETICO,1,TM06,ALM-CENTRAL,2,650
BASE,SIMULACION_CINCO_DIAS-ALTA-N01,GENETICO,1,TM06,ALM-CENTRAL,3,658
BASE,SIMULACION_CINCO_DIAS-ALTA-N01,GENETICO,1,TM07,ALM-CENTRAL,1,18
BASE,SIMULACION_CINCO_DIAS-ALTA-N01,GENETICO,1,TM07,ALM-CENTRAL,2,37
BASE,SIMULACION_CINCO_DIAS-ALTA-N01,GENETICO,1,TM07,ALM-CENTRAL,3,651
BASE,SIMULACION_CINCO_DIAS-ALTA-N01,GENETICO,1,TM08,ALM-CENTRAL,1,22
BASE,SIMULACION_CINCO_DIAS-ALTA-N01,GENETICO,1,TM08,ALM-CENTRAL,2,506
BASE,SIMULACION_CINCO_DIAS-ALTA-N01,GENETICO,1,TM09,ALM-CENTRAL,1,190
BASE,SIMULACION_CINCO_DIAS-ALTA-N01,GENETICO,1,TM09,ALM-CENTRAL,2,492
BASE,SIMULACION_CINCO_DIAS-ALTA-N01,GENETICO,1,TM10,ALM-CENTRAL,1,333
BASE,SIMULACION_CINCO_DIAS-ALTA-N01,GENETICO,1,TM10,ALM-CENTRAL,2,511
BASE,SIMULACION_CINCO_DIAS-ALTA-N01,GENETICO,1,TM11,ALM-CENTRAL,1,12
BASE,SIMULACION_CINCO_DIAS-ALTA-N01,GENETICO,1,TM11,ALM-CENTRAL,2,351
BASE,SIMULACION_CINCO_DIAS-ALTA-N01,GENETICO,1,TM11,ALM-CENTRAL,3,666
BASE,SIMULACION_CINCO_DIAS-ALTA-N01,GENETICO,1,TM12,ALM-CENTRAL,1,498
BASE,SIMULACION_CINCO_DIAS-ALTA-N01,GENETICO,1,TM12,ALM-CENTRAL,2,485
BASE,SIMULACION_CINCO_DIAS-ALTA-N01,GENETICO,1,TM12,ALM-CENTRAL,3,659
BASE,SIMULACION_CINCO_DIAS-ALTA-N01,GENETICO,1,TM13,ALM-CENTRAL,1,30
BASE,SIMULACION_CINCO_DIAS-ALTA-N01,GENETICO,1,TM14,ALM-CENTRAL,1,32
BASE,SIMULACION_CINCO_DIAS-ALTA-N01,GENETICO,1,TM14,ALM-CENTRAL,2,36
BASE,SIMULACION_CINCO_DIAS-ALTA-N01,GENETICO,1,TM14,ALM-CENTRAL,3,663
BASE,SIMULACION_CINCO_DIAS-ALTA-N01,GENETICO,1,TM15,ALM-CENTRAL,1,196
BASE,SIMULACION_CINCO_DIAS-ALTA-N01,GENETICO,1,TM15,ALM-CENTRAL,2,328
BASE,SIMULACION_CINCO_DIAS-ALTA-N01,GENETICO,1,TM15,ALM-CENTRAL,3,16
BASE,SIMULACION_CINCO_DIAS-ALTA-N01,GENETICO,1,NO_ASIGNADO,,,1
BASE,SIMULACION_CINCO_DIAS-ALTA-N01,GENETICO,1,NO_ASIGNADO,,,2
BASE,SIMULACION_CINCO_DIAS-ALTA-N01,GENETICO,1,NO_ASIGNADO,,,3
BASE,SIMULACION_CINCO_DIAS-ALTA-N01,GENETICO,1,NO_ASIGNADO,,,5
BASE,SIMULACION_CINCO_DIAS-ALTA-N01,GENETICO,1,NO_ASIGNADO,,,7
BASE,SIMULACION_CINCO_DIAS-ALTA-N01,GENETICO,1,NO_ASIGNADO,,,8
BASE,SIMULACION_CINCO_DIAS-ALTA-N01,GENETICO,1,NO_ASIGNADO,,,10
BASE,SIMULACION_CINCO_DIAS-ALTA-N01,GENETICO,1,NO_ASIGNADO,,,11
BASE,SIMULACION_CINCO_DIAS-ALTA-N01,GENETICO,1,NO_ASIGNADO,,,13
BASE,SIMULACION_CINCO_DIAS-ALTA-N01,GENETICO,1,NO_ASIGNADO,,,15
BASE,SIMULACION_CINCO_DIAS-ALTA-N01,GENETICO,1,NO_ASIGNADO,,,17
BASE,SIMULACION_CINCO_DIAS-ALTA-N01,GENETICO,1,NO_ASIGNADO,,,20
BASE,SIMULACION_CINCO_DIAS-ALTA-N01,GENETICO,1,NO_ASIGNADO,,,23
BASE,SIMULACION_CINCO_DIAS-ALTA-N01,GENETICO,1,NO_ASIGNADO,,,25
BASE,SIMULACION_CINCO_DIAS-ALTA-N01,GENETICO,1,NO_ASIGNADO,,,27
BASE,SIMULACION_CINCO_DIAS-ALTA-N01,GENETICO,1,NO_ASIGNADO,,,28
BASE,SIMULACION_CINCO_DIAS-ALTA-N01,GENETICO,1,NO_ASIGNADO,,,34
BASE,SIMULACION_CINCO_DIAS-ALTA-N01,GENETICO,1,NO_ASIGNADO,,,35
BASE,SIMULACION_CINCO_DIAS-ALTA-N01,GENETICO,1,NO_ASIGNADO,,,38
BASE,SIMULACION_CINCO_DIAS-ALTA-N01,GENETICO,1,NO_ASIGNADO,,,189
BASE,SIMULACION_CINCO_DIAS-ALTA-N01,GENETICO,1,NO_ASIGNADO,,,193
BASE,SIMULACION_CINCO_DIAS-ALTA-N01,GENETICO,1,NO_ASIGNADO,,,194
BASE,SIMULACION_CINCO_DIAS-ALTA-N01,GENETICO,1,NO_ASIGNADO,,,195
BASE,SIMULACION_CINCO_DIAS-ALTA-N01,GENETICO,1,NO_ASIGNADO,,,199
BASE,SIMULACION_CINCO_DIAS-ALTA-N01,GENETICO,1,NO_ASIGNADO,,,202
BASE,SIMULACION_CINCO_DIAS-ALTA-N01,GENETICO,1,NO_ASIGNADO,,,203
BASE,SIMULACION_CINCO_DIAS-ALTA-N01,GENETICO,1,NO_ASIGNADO,,,204
BASE,SIMULACION_CINCO_DIAS-ALTA-N01,GENETICO,1,NO_ASIGNADO,,,205
BASE,SIMULACION_CINCO_DIAS-ALTA-N01,GENETICO,1,NO_ASIGNADO,,,206
BASE,SIMULACION_CINCO_DIAS-ALTA-N01,GENETICO,1,NO_ASIGNADO,,,207
BASE,SIMULACION_CINCO_DIAS-ALTA-N01,GENETICO,1,NO_ASIGNADO,,,208
BASE,SIMULACION_CINCO_DIAS-ALTA-N01,GENETICO,1,NO_ASIGNADO,,,210
BASE,SIMULACION_CINCO_DIAS-ALTA-N01,GENETICO,1,NO_ASIGNADO,,,211
BASE,SIMULACION_CINCO_DIAS-ALTA-N01,GENETICO,1,NO_ASIGNADO,,,212
BASE,SIMULACION_CINCO_DIAS-ALTA-N01,GENETICO,1,NO_ASIGNADO,,,214
BASE,SIMULACION_CINCO_DIAS-ALTA-N01,GENETICO,1,NO_ASIGNADO,,,215
BASE,SIMULACION_CINCO_DIAS-ALTA-N01,GENETICO,1,NO_ASIGNADO,,,218
BASE,SIMULACION_CINCO_DIAS-ALTA-N01,GENETICO,1,NO_ASIGNADO,,,221
BASE,SIMULACION_CINCO_DIAS-ALTA-N01,GENETICO,1,NO_ASIGNADO,,,222
BASE,SIMULACION_CINCO_DIAS-ALTA-N01,GENETICO,1,NO_ASIGNADO,,,223
BASE,SIMULACION_CINCO_DIAS-ALTA-N01,GENETICO,1,NO_ASIGNADO,,,224
BASE,SIMULACION_CINCO_DIAS-ALTA-N01,GENETICO,1,NO_ASIGNADO,,,225
BASE,SIMULACION_CINCO_DIAS-ALTA-N01,GENETICO,1,NO_ASIGNADO,,,318
BASE,SIMULACION_CINCO_DIAS-ALTA-N01,GENETICO,1,NO_ASIGNADO,,,321
BASE,SIMULACION_CINCO_DIAS-ALTA-N01,GENETICO,1,NO_ASIGNADO,,,323
BASE,SIMULACION_CINCO_DIAS-ALTA-N01,GENETICO,1,NO_ASIGNADO,,,325
BASE,SIMULACION_CINCO_DIAS-ALTA-N01,GENETICO,1,NO_ASIGNADO,,,326
BASE,SIMULACION_CINCO_DIAS-ALTA-N01,GENETICO,1,NO_ASIGNADO,,,327
BASE,SIMULACION_CINCO_DIAS-ALTA-N01,GENETICO,1,NO_ASIGNADO,,,329
BASE,SIMULACION_CINCO_DIAS-ALTA-N01,GENETICO,1,NO_ASIGNADO,,,330
BASE,SIMULACION_CINCO_DIAS-ALTA-N01,GENETICO,1,NO_ASIGNADO,,,331
BASE,SIMULACION_CINCO_DIAS-ALTA-N01,GENETICO,1,NO_ASIGNADO,,,332
BASE,SIMULACION_CINCO_DIAS-ALTA-N01,GENETICO,1,NO_ASIGNADO,,,335
BASE,SIMULACION_CINCO_DIAS-ALTA-N01,GENETICO,1,NO_ASIGNADO,,,337
BASE,SIMULACION_CINCO_DIAS-ALTA-N01,GENETICO,1,NO_ASIGNADO,,,338
BASE,SIMULACION_CINCO_DIAS-ALTA-N01,GENETICO,1,NO_ASIGNADO,,,340
BASE,SIMULACION_CINCO_DIAS-ALTA-N01,GENETICO,1,NO_ASIGNADO,,,341
BASE,SIMULACION_CINCO_DIAS-ALTA-N01,GENETICO,1,NO_ASIGNADO,,,343
BASE,SIMULACION_CINCO_DIAS-ALTA-N01,GENETICO,1,NO_ASIGNADO,,,344
BASE,SIMULACION_CINCO_DIAS-ALTA-N01,GENETICO,1,NO_ASIGNADO,,,345
BASE,SIMULACION_CINCO_DIAS-ALTA-N01,GENETICO,1,NO_ASIGNADO,,,346
BASE,SIMULACION_CINCO_DIAS-ALTA-N01,GENETICO,1,NO_ASIGNADO,,,347
BASE,SIMULACION_CINCO_DIAS-ALTA-N01,GENETICO,1,NO_ASIGNADO,,,348
BASE,SIMULACION_CINCO_DIAS-ALTA-N01,GENETICO,1,NO_ASIGNADO,,,350
BASE,SIMULACION_CINCO_DIAS-ALTA-N01,GENETICO,1,NO_ASIGNADO,,,352
BASE,SIMULACION_CINCO_DIAS-ALTA-N01,GENETICO,1,NO_ASIGNADO,,,487
BASE,SIMULACION_CINCO_DIAS-ALTA-N01,GENETICO,1,NO_ASIGNADO,,,493
BASE,SIMULACION_CINCO_DIAS-ALTA-N01,GENETICO,1,NO_ASIGNADO,,,494
BASE,SIMULACION_CINCO_DIAS-ALTA-N01,GENETICO,1,NO_ASIGNADO,,,495
BASE,SIMULACION_CINCO_DIAS-ALTA-N01,GENETICO,1,NO_ASIGNADO,,,497
BASE,SIMULACION_CINCO_DIAS-ALTA-N01,GENETICO,1,NO_ASIGNADO,,,503
BASE,SIMULACION_CINCO_DIAS-ALTA-N01,GENETICO,1,NO_ASIGNADO,,,504
BASE,SIMULACION_CINCO_DIAS-ALTA-N01,GENETICO,1,NO_ASIGNADO,,,505
BASE,SIMULACION_CINCO_DIAS-ALTA-N01,GENETICO,1,NO_ASIGNADO,,,507
BASE,SIMULACION_CINCO_DIAS-ALTA-N01,GENETICO,1,NO_ASIGNADO,,,508
BASE,SIMULACION_CINCO_DIAS-ALTA-N01,GENETICO,1,NO_ASIGNADO,,,509
BASE,SIMULACION_CINCO_DIAS-ALTA-N01,GENETICO,1,NO_ASIGNADO,,,510
BASE,SIMULACION_CINCO_DIAS-ALTA-N01,GENETICO,1,NO_ASIGNADO,,,512
BASE,SIMULACION_CINCO_DIAS-ALTA-N01,GENETICO,1,NO_ASIGNADO,,,513
BASE,SIMULACION_CINCO_DIAS-ALTA-N01,GENETICO,1,NO_ASIGNADO,,,514
BASE,SIMULACION_CINCO_DIAS-ALTA-N01,GENETICO,1,NO_ASIGNADO,,,519
BASE,SIMULACION_CINCO_DIAS-ALTA-N01,GENETICO,1,NO_ASIGNADO,,,645
BASE,SIMULACION_CINCO_DIAS-ALTA-N01,GENETICO,1,NO_ASIGNADO,,,648
BASE,SIMULACION_CINCO_DIAS-ALTA-N01,GENETICO,1,NO_ASIGNADO,,,653
BASE,SIMULACION_CINCO_DIAS-ALTA-N01,GENETICO,1,NO_ASIGNADO,,,654
BASE,SIMULACION_CINCO_DIAS-ALTA-N01,GENETICO,1,NO_ASIGNADO,,,656
BASE,SIMULACION_CINCO_DIAS-ALTA-N01,GENETICO,1,NO_ASIGNADO,,,661
BASE,SIMULACION_CINCO_DIAS-ALTA-N01,GENETICO,1,NO_ASIGNADO,,,667
BASE,SIMULACION_CINCO_DIAS-ALTA-N01,GENETICO,1,NO_ASIGNADO,,,669
BASE,SIMULACION_CINCO_DIAS-ALTA-N01,GENETICO,1,NO_ASIGNADO,,,672
BASE,SIMULACION_CINCO_DIAS-ALTA-N01,GENETICO,1,NO_ASIGNADO,,,679
BASE,SIMULACION_CINCO_DIAS-CRITICA-N01,GENETICO,0,TA02,ALM-CENTRAL,1,214
BASE,SIMULACION_CINCO_DIAS-CRITICA-N01,GENETICO,0,TA02,ALM-CENTRAL,2,657
BASE,SIMULACION_CINCO_DIAS-CRITICA-N01,GENETICO,0,TA02,ALM-CENTRAL,3,653
BASE,SIMULACION_CINCO_DIAS-CRITICA-N01,GENETICO,0,TA02,ALM-CENTRAL,4,679
BASE,SIMULACION_CINCO_DIAS-CRITICA-N01,GENETICO,0,TA03,ALM-CENTRAL,1,12
BASE,SIMULACION_CINCO_DIAS-CRITICA-N01,GENETICO,0,TA03,ALM-CENTRAL,2,496
BASE,SIMULACION_CINCO_DIAS-CRITICA-N01,GENETICO,0,TA03,ALM-CENTRAL,3,681
BASE,SIMULACION_CINCO_DIAS-CRITICA-N01,GENETICO,0,TA03,ALM-CENTRAL,4,675
BASE,SIMULACION_CINCO_DIAS-CRITICA-N01,GENETICO,0,TA03,ALM-CENTRAL,5,509
BASE,SIMULACION_CINCO_DIAS-CRITICA-N01,GENETICO,0,TA04,ALM-CENTRAL,1,497
BASE,SIMULACION_CINCO_DIAS-CRITICA-N01,GENETICO,0,TA04,ALM-CENTRAL,2,45
BASE,SIMULACION_CINCO_DIAS-CRITICA-N01,GENETICO,0,TA04,ALM-CENTRAL,3,697
BASE,SIMULACION_CINCO_DIAS-CRITICA-N01,GENETICO,0,TA04,ALM-CENTRAL,4,516
BASE,SIMULACION_CINCO_DIAS-CRITICA-N01,GENETICO,0,TA04,ALM-CENTRAL,5,527
BASE,SIMULACION_CINCO_DIAS-CRITICA-N01,GENETICO,0,TA05,ALM-CENTRAL,1,221
BASE,SIMULACION_CINCO_DIAS-CRITICA-N01,GENETICO,0,TA05,ALM-CENTRAL,2,211
BASE,SIMULACION_CINCO_DIAS-CRITICA-N01,GENETICO,0,TA05,ALM-CENTRAL,3,504
BASE,SIMULACION_CINCO_DIAS-CRITICA-N01,GENETICO,0,TA06,ALM-CENTRAL,1,344
BASE,SIMULACION_CINCO_DIAS-CRITICA-N01,GENETICO,0,TA06,ALM-CENTRAL,2,337
BASE,SIMULACION_CINCO_DIAS-CRITICA-N01,GENETICO,0,TA06,ALM-CENTRAL,3,209
BASE,SIMULACION_CINCO_DIAS-CRITICA-N01,GENETICO,0,TA06,ALM-CENTRAL,4,488
BASE,SIMULACION_CINCO_DIAS-CRITICA-N01,GENETICO,0,TA07,ALM-CENTRAL,1,23
BASE,SIMULACION_CINCO_DIAS-CRITICA-N01,GENETICO,0,TA07,ALM-CENTRAL,2,502
BASE,SIMULACION_CINCO_DIAS-CRITICA-N01,GENETICO,0,TA07,ALM-CENTRAL,3,485
BASE,SIMULACION_CINCO_DIAS-CRITICA-N01,GENETICO,0,TA07,ALM-CENTRAL,4,667
BASE,SIMULACION_CINCO_DIAS-CRITICA-N01,GENETICO,0,TA08,ALM-CENTRAL,1,539
BASE,SIMULACION_CINCO_DIAS-CRITICA-N01,GENETICO,0,TA08,ALM-CENTRAL,2,324
BASE,SIMULACION_CINCO_DIAS-CRITICA-N01,GENETICO,0,TA08,ALM-CENTRAL,3,513
BASE,SIMULACION_CINCO_DIAS-CRITICA-N01,GENETICO,0,TA09,ALM-CENTRAL,1,370
BASE,SIMULACION_CINCO_DIAS-CRITICA-N01,GENETICO,0,TA09,ALM-CENTRAL,2,191
BASE,SIMULACION_CINCO_DIAS-CRITICA-N01,GENETICO,0,TA09,ALM-CENTRAL,3,645
BASE,SIMULACION_CINCO_DIAS-CRITICA-N01,GENETICO,0,TA09,ALM-CENTRAL,4,649
BASE,SIMULACION_CINCO_DIAS-CRITICA-N01,GENETICO,0,TA10,ALM-CENTRAL,1,536
BASE,SIMULACION_CINCO_DIAS-CRITICA-N01,GENETICO,0,TA10,ALM-CENTRAL,2,511
BASE,SIMULACION_CINCO_DIAS-CRITICA-N01,GENETICO,0,TA10,ALM-CENTRAL,3,235
BASE,SIMULACION_CINCO_DIAS-CRITICA-N01,GENETICO,0,TA10,ALM-CENTRAL,4,659
BASE,SIMULACION_CINCO_DIAS-CRITICA-N01,GENETICO,0,TA10,ALM-CENTRAL,5,652
BASE,SIMULACION_CINCO_DIAS-CRITICA-N01,GENETICO,0,TB01,ALM-CENTRAL,1,322
BASE,SIMULACION_CINCO_DIAS-CRITICA-N01,GENETICO,0,TB02,ALM-CENTRAL,1,486
BASE,SIMULACION_CINCO_DIAS-CRITICA-N01,GENETICO,0,TB02,ALM-CENTRAL,2,49
BASE,SIMULACION_CINCO_DIAS-CRITICA-N01,GENETICO,0,TB03,ALM-CENTRAL,1,499
BASE,SIMULACION_CINCO_DIAS-CRITICA-N01,GENETICO,0,TB04,ALM-CENTRAL,1,359
BASE,SIMULACION_CINCO_DIAS-CRITICA-N01,GENETICO,0,TB04,ALM-CENTRAL,2,31
BASE,SIMULACION_CINCO_DIAS-CRITICA-N01,GENETICO,0,TB05,ALM-CENTRAL,1,200
BASE,SIMULACION_CINCO_DIAS-CRITICA-N01,GENETICO,0,TB05,ALM-CENTRAL,2,686
BASE,SIMULACION_CINCO_DIAS-CRITICA-N01,GENETICO,0,TB06,ALM-CENTRAL,1,662
BASE,SIMULACION_CINCO_DIAS-CRITICA-N01,GENETICO,0,TB06,ALM-CENTRAL,2,668
BASE,SIMULACION_CINCO_DIAS-CRITICA-N01,GENETICO,0,TB07,ALM-CENTRAL,1,532
BASE,SIMULACION_CINCO_DIAS-CRITICA-N01,GENETICO,0,TB07,ALM-CENTRAL,2,42
BASE,SIMULACION_CINCO_DIAS-CRITICA-N01,GENETICO,0,TB08,ALM-CENTRAL,1,357
BASE,SIMULACION_CINCO_DIAS-CRITICA-N01,GENETICO,0,TB08,ALM-CENTRAL,2,534
BASE,SIMULACION_CINCO_DIAS-CRITICA-N01,GENETICO,0,TB09,ALM-CENTRAL,1,684
BASE,SIMULACION_CINCO_DIAS-CRITICA-N01,GENETICO,0,TB10,ALM-CENTRAL,1,26
BASE,SIMULACION_CINCO_DIAS-CRITICA-N01,GENETICO,0,TB10,ALM-CENTRAL,2,665
BASE,SIMULACION_CINCO_DIAS-CRITICA-N01,GENETICO,0,TB11,ALM-CENTRAL,1,213
BASE,SIMULACION_CINCO_DIAS-CRITICA-N01,GENETICO,0,TB11,ALM-CENTRAL,2,333
BASE,SIMULACION_CINCO_DIAS-CRITICA-N01,GENETICO,0,TB11,ALM-CENTRAL,3,190
BASE,SIMULACION_CINCO_DIAS-CRITICA-N01,GENETICO,0,TB12,ALM-CENTRAL,1,690
BASE,SIMULACION_CINCO_DIAS-CRITICA-N01,GENETICO,0,TM01,ALM-CENTRAL,1,332
BASE,SIMULACION_CINCO_DIAS-CRITICA-N01,GENETICO,0,TM01,ALM-CENTRAL,2,680
BASE,SIMULACION_CINCO_DIAS-CRITICA-N01,GENETICO,0,TM01,ALM-CENTRAL,3,666
BASE,SIMULACION_CINCO_DIAS-CRITICA-N01,GENETICO,0,TM02,ALM-CENTRAL,1,18
BASE,SIMULACION_CINCO_DIAS-CRITICA-N01,GENETICO,0,TM02,ALM-CENTRAL,2,351
BASE,SIMULACION_CINCO_DIAS-CRITICA-N01,GENETICO,0,TM02,ALM-CENTRAL,3,658
BASE,SIMULACION_CINCO_DIAS-CRITICA-N01,GENETICO,0,TM03,ALM-CENTRAL,1,498
BASE,SIMULACION_CINCO_DIAS-CRITICA-N01,GENETICO,0,TM03,ALM-CENTRAL,2,368
BASE,SIMULACION_CINCO_DIAS-CRITICA-N01,GENETICO,0,TM03,ALM-CENTRAL,3,685
BASE,SIMULACION_CINCO_DIAS-CRITICA-N01,GENETICO,0,TM04,ALM-CENTRAL,1,664
BASE,SIMULACION_CINCO_DIAS-CRITICA-N01,GENETICO,0,TM04,ALM-CENTRAL,2,500
BASE,SIMULACION_CINCO_DIAS-CRITICA-N01,GENETICO,0,TM05,ALM-CENTRAL,1,342
BASE,SIMULACION_CINCO_DIAS-CRITICA-N01,GENETICO,0,TM05,ALM-CENTRAL,2,16
BASE,SIMULACION_CINCO_DIAS-CRITICA-N01,GENETICO,0,TM05,ALM-CENTRAL,3,651
BASE,SIMULACION_CINCO_DIAS-CRITICA-N01,GENETICO,0,TM06,ALM-CENTRAL,1,654
BASE,SIMULACION_CINCO_DIAS-CRITICA-N01,GENETICO,0,TM06,ALM-CENTRAL,2,515
BASE,SIMULACION_CINCO_DIAS-CRITICA-N01,GENETICO,0,TM06,ALM-CENTRAL,3,671
BASE,SIMULACION_CINCO_DIAS-CRITICA-N01,GENETICO,0,TM07,ALM-CENTRAL,1,34
BASE,SIMULACION_CINCO_DIAS-CRITICA-N01,GENETICO,0,TM07,ALM-CENTRAL,2,14
BASE,SIMULACION_CINCO_DIAS-CRITICA-N01,GENETICO,0,TM07,ALM-CENTRAL,3,197
BASE,SIMULACION_CINCO_DIAS-CRITICA-N01,GENETICO,0,TM07,ALM-CENTRAL,4,677
BASE,SIMULACION_CINCO_DIAS-CRITICA-N01,GENETICO,0,TM08,ALM-CENTRAL,1,36
BASE,SIMULACION_CINCO_DIAS-CRITICA-N01,GENETICO,0,TM08,ALM-CENTRAL,2,673
BASE,SIMULACION_CINCO_DIAS-CRITICA-N01,GENETICO,0,TM09,ALM-CENTRAL,1,660
BASE,SIMULACION_CINCO_DIAS-CRITICA-N01,GENETICO,0,TM09,ALM-CENTRAL,2,491
BASE,SIMULACION_CINCO_DIAS-CRITICA-N01,GENETICO,0,TM10,ALM-CENTRAL,1,320
BASE,SIMULACION_CINCO_DIAS-CRITICA-N01,GENETICO,0,TM10,ALM-CENTRAL,2,655
BASE,SIMULACION_CINCO_DIAS-CRITICA-N01,GENETICO,0,TM11,ALM-CENTRAL,1,336
BASE,SIMULACION_CINCO_DIAS-CRITICA-N01,GENETICO,0,TM11,ALM-CENTRAL,2,688
BASE,SIMULACION_CINCO_DIAS-CRITICA-N01,GENETICO,0,TM11,ALM-CENTRAL,3,687
BASE,SIMULACION_CINCO_DIAS-CRITICA-N01,GENETICO,0,TM12,ALM-CENTRAL,1,507
BASE,SIMULACION_CINCO_DIAS-CRITICA-N01,GENETICO,0,TM12,ALM-CENTRAL,2,674
BASE,SIMULACION_CINCO_DIAS-CRITICA-N01,GENETICO,0,TM13,ALM-CENTRAL,1,13
BASE,SIMULACION_CINCO_DIAS-CRITICA-N01,GENETICO,0,TM13,ALM-CENTRAL,2,21
BASE,SIMULACION_CINCO_DIAS-CRITICA-N01,GENETICO,0,TM13,ALM-CENTRAL,3,328
BASE,SIMULACION_CINCO_DIAS-CRITICA-N01,GENETICO,0,TM14,ALM-CENTRAL,1,27
BASE,SIMULACION_CINCO_DIAS-CRITICA-N01,GENETICO,0,TM14,ALM-CENTRAL,2,339
BASE,SIMULACION_CINCO_DIAS-CRITICA-N01,GENETICO,0,TM14,ALM-CENTRAL,3,650
BASE,SIMULACION_CINCO_DIAS-CRITICA-N01,GENETICO,0,TM15,ALM-CENTRAL,1,517
BASE,SIMULACION_CINCO_DIAS-CRITICA-N01,GENETICO,0,TM15,ALM-CENTRAL,2,694
BASE,SIMULACION_CINCO_DIAS-CRITICA-N01,GENETICO,0,NO_ASIGNADO,,,1
BASE,SIMULACION_CINCO_DIAS-CRITICA-N01,GENETICO,0,NO_ASIGNADO,,,2
BASE,SIMULACION_CINCO_DIAS-CRITICA-N01,GENETICO,0,NO_ASIGNADO,,,3
BASE,SIMULACION_CINCO_DIAS-CRITICA-N01,GENETICO,0,NO_ASIGNADO,,,4
BASE,SIMULACION_CINCO_DIAS-CRITICA-N01,GENETICO,0,NO_ASIGNADO,,,5
BASE,SIMULACION_CINCO_DIAS-CRITICA-N01,GENETICO,0,NO_ASIGNADO,,,6
BASE,SIMULACION_CINCO_DIAS-CRITICA-N01,GENETICO,0,NO_ASIGNADO,,,7
BASE,SIMULACION_CINCO_DIAS-CRITICA-N01,GENETICO,0,NO_ASIGNADO,,,8
BASE,SIMULACION_CINCO_DIAS-CRITICA-N01,GENETICO,0,NO_ASIGNADO,,,9
BASE,SIMULACION_CINCO_DIAS-CRITICA-N01,GENETICO,0,NO_ASIGNADO,,,10
BASE,SIMULACION_CINCO_DIAS-CRITICA-N01,GENETICO,0,NO_ASIGNADO,,,11
BASE,SIMULACION_CINCO_DIAS-CRITICA-N01,GENETICO,0,NO_ASIGNADO,,,15
BASE,SIMULACION_CINCO_DIAS-CRITICA-N01,GENETICO,0,NO_ASIGNADO,,,17
BASE,SIMULACION_CINCO_DIAS-CRITICA-N01,GENETICO,0,NO_ASIGNADO,,,19
BASE,SIMULACION_CINCO_DIAS-CRITICA-N01,GENETICO,0,NO_ASIGNADO,,,20
BASE,SIMULACION_CINCO_DIAS-CRITICA-N01,GENETICO,0,NO_ASIGNADO,,,22
BASE,SIMULACION_CINCO_DIAS-CRITICA-N01,GENETICO,0,NO_ASIGNADO,,,24
BASE,SIMULACION_CINCO_DIAS-CRITICA-N01,GENETICO,0,NO_ASIGNADO,,,25
BASE,SIMULACION_CINCO_DIAS-CRITICA-N01,GENETICO,0,NO_ASIGNADO,,,28
BASE,SIMULACION_CINCO_DIAS-CRITICA-N01,GENETICO,0,NO_ASIGNADO,,,29
BASE,SIMULACION_CINCO_DIAS-CRITICA-N01,GENETICO,0,NO_ASIGNADO,,,30
BASE,SIMULACION_CINCO_DIAS-CRITICA-N01,GENETICO,0,NO_ASIGNADO,,,32
BASE,SIMULACION_CINCO_DIAS-CRITICA-N01,GENETICO,0,NO_ASIGNADO,,,33
BASE,SIMULACION_CINCO_DIAS-CRITICA-N01,GENETICO,0,NO_ASIGNADO,,,35
BASE,SIMULACION_CINCO_DIAS-CRITICA-N01,GENETICO,0,NO_ASIGNADO,,,37
BASE,SIMULACION_CINCO_DIAS-CRITICA-N01,GENETICO,0,NO_ASIGNADO,,,38
BASE,SIMULACION_CINCO_DIAS-CRITICA-N01,GENETICO,0,NO_ASIGNADO,,,39
BASE,SIMULACION_CINCO_DIAS-CRITICA-N01,GENETICO,0,NO_ASIGNADO,,,40
BASE,SIMULACION_CINCO_DIAS-CRITICA-N01,GENETICO,0,NO_ASIGNADO,,,41
BASE,SIMULACION_CINCO_DIAS-CRITICA-N01,GENETICO,0,NO_ASIGNADO,,,43
BASE,SIMULACION_CINCO_DIAS-CRITICA-N01,GENETICO,0,NO_ASIGNADO,,,44
BASE,SIMULACION_CINCO_DIAS-CRITICA-N01,GENETICO,0,NO_ASIGNADO,,,46
BASE,SIMULACION_CINCO_DIAS-CRITICA-N01,GENETICO,0,NO_ASIGNADO,,,47
BASE,SIMULACION_CINCO_DIAS-CRITICA-N01,GENETICO,0,NO_ASIGNADO,,,48
BASE,SIMULACION_CINCO_DIAS-CRITICA-N01,GENETICO,0,NO_ASIGNADO,,,50
BASE,SIMULACION_CINCO_DIAS-CRITICA-N01,GENETICO,0,NO_ASIGNADO,,,51
BASE,SIMULACION_CINCO_DIAS-CRITICA-N01,GENETICO,0,NO_ASIGNADO,,,52
BASE,SIMULACION_CINCO_DIAS-CRITICA-N01,GENETICO,0,NO_ASIGNADO,,,53
BASE,SIMULACION_CINCO_DIAS-CRITICA-N01,GENETICO,0,NO_ASIGNADO,,,54
BASE,SIMULACION_CINCO_DIAS-CRITICA-N01,GENETICO,0,NO_ASIGNADO,,,55
BASE,SIMULACION_CINCO_DIAS-CRITICA-N01,GENETICO,0,NO_ASIGNADO,,,188
BASE,SIMULACION_CINCO_DIAS-CRITICA-N01,GENETICO,0,NO_ASIGNADO,,,189
BASE,SIMULACION_CINCO_DIAS-CRITICA-N01,GENETICO,0,NO_ASIGNADO,,,192
BASE,SIMULACION_CINCO_DIAS-CRITICA-N01,GENETICO,0,NO_ASIGNADO,,,193
BASE,SIMULACION_CINCO_DIAS-CRITICA-N01,GENETICO,0,NO_ASIGNADO,,,194
BASE,SIMULACION_CINCO_DIAS-CRITICA-N01,GENETICO,0,NO_ASIGNADO,,,195
BASE,SIMULACION_CINCO_DIAS-CRITICA-N01,GENETICO,0,NO_ASIGNADO,,,196
BASE,SIMULACION_CINCO_DIAS-CRITICA-N01,GENETICO,0,NO_ASIGNADO,,,198
BASE,SIMULACION_CINCO_DIAS-CRITICA-N01,GENETICO,0,NO_ASIGNADO,,,199
BASE,SIMULACION_CINCO_DIAS-CRITICA-N01,GENETICO,0,NO_ASIGNADO,,,201
BASE,SIMULACION_CINCO_DIAS-CRITICA-N01,GENETICO,0,NO_ASIGNADO,,,202
BASE,SIMULACION_CINCO_DIAS-CRITICA-N01,GENETICO,0,NO_ASIGNADO,,,203
BASE,SIMULACION_CINCO_DIAS-CRITICA-N01,GENETICO,0,NO_ASIGNADO,,,204
BASE,SIMULACION_CINCO_DIAS-CRITICA-N01,GENETICO,0,NO_ASIGNADO,,,205
BASE,SIMULACION_CINCO_DIAS-CRITICA-N01,GENETICO,0,NO_ASIGNADO,,,206
BASE,SIMULACION_CINCO_DIAS-CRITICA-N01,GENETICO,0,NO_ASIGNADO,,,207
BASE,SIMULACION_CINCO_DIAS-CRITICA-N01,GENETICO,0,NO_ASIGNADO,,,208
BASE,SIMULACION_CINCO_DIAS-CRITICA-N01,GENETICO,0,NO_ASIGNADO,,,210
BASE,SIMULACION_CINCO_DIAS-CRITICA-N01,GENETICO,0,NO_ASIGNADO,,,212
BASE,SIMULACION_CINCO_DIAS-CRITICA-N01,GENETICO,0,NO_ASIGNADO,,,215
BASE,SIMULACION_CINCO_DIAS-CRITICA-N01,GENETICO,0,NO_ASIGNADO,,,216
BASE,SIMULACION_CINCO_DIAS-CRITICA-N01,GENETICO,0,NO_ASIGNADO,,,217
BASE,SIMULACION_CINCO_DIAS-CRITICA-N01,GENETICO,0,NO_ASIGNADO,,,218
BASE,SIMULACION_CINCO_DIAS-CRITICA-N01,GENETICO,0,NO_ASIGNADO,,,219
BASE,SIMULACION_CINCO_DIAS-CRITICA-N01,GENETICO,0,NO_ASIGNADO,,,220
BASE,SIMULACION_CINCO_DIAS-CRITICA-N01,GENETICO,0,NO_ASIGNADO,,,222
BASE,SIMULACION_CINCO_DIAS-CRITICA-N01,GENETICO,0,NO_ASIGNADO,,,223
BASE,SIMULACION_CINCO_DIAS-CRITICA-N01,GENETICO,0,NO_ASIGNADO,,,224
BASE,SIMULACION_CINCO_DIAS-CRITICA-N01,GENETICO,0,NO_ASIGNADO,,,225
BASE,SIMULACION_CINCO_DIAS-CRITICA-N01,GENETICO,0,NO_ASIGNADO,,,226
BASE,SIMULACION_CINCO_DIAS-CRITICA-N01,GENETICO,0,NO_ASIGNADO,,,227
BASE,SIMULACION_CINCO_DIAS-CRITICA-N01,GENETICO,0,NO_ASIGNADO,,,228
BASE,SIMULACION_CINCO_DIAS-CRITICA-N01,GENETICO,0,NO_ASIGNADO,,,229
BASE,SIMULACION_CINCO_DIAS-CRITICA-N01,GENETICO,0,NO_ASIGNADO,,,230
BASE,SIMULACION_CINCO_DIAS-CRITICA-N01,GENETICO,0,NO_ASIGNADO,,,231
BASE,SIMULACION_CINCO_DIAS-CRITICA-N01,GENETICO,0,NO_ASIGNADO,,,232
BASE,SIMULACION_CINCO_DIAS-CRITICA-N01,GENETICO,0,NO_ASIGNADO,,,233
BASE,SIMULACION_CINCO_DIAS-CRITICA-N01,GENETICO,0,NO_ASIGNADO,,,234
BASE,SIMULACION_CINCO_DIAS-CRITICA-N01,GENETICO,0,NO_ASIGNADO,,,236
BASE,SIMULACION_CINCO_DIAS-CRITICA-N01,GENETICO,0,NO_ASIGNADO,,,237
BASE,SIMULACION_CINCO_DIAS-CRITICA-N01,GENETICO,0,NO_ASIGNADO,,,238
BASE,SIMULACION_CINCO_DIAS-CRITICA-N01,GENETICO,0,NO_ASIGNADO,,,239
BASE,SIMULACION_CINCO_DIAS-CRITICA-N01,GENETICO,0,NO_ASIGNADO,,,240
BASE,SIMULACION_CINCO_DIAS-CRITICA-N01,GENETICO,0,NO_ASIGNADO,,,241
BASE,SIMULACION_CINCO_DIAS-CRITICA-N01,GENETICO,0,NO_ASIGNADO,,,242
BASE,SIMULACION_CINCO_DIAS-CRITICA-N01,GENETICO,0,NO_ASIGNADO,,,318
BASE,SIMULACION_CINCO_DIAS-CRITICA-N01,GENETICO,0,NO_ASIGNADO,,,319
BASE,SIMULACION_CINCO_DIAS-CRITICA-N01,GENETICO,0,NO_ASIGNADO,,,321
BASE,SIMULACION_CINCO_DIAS-CRITICA-N01,GENETICO,0,NO_ASIGNADO,,,323
BASE,SIMULACION_CINCO_DIAS-CRITICA-N01,GENETICO,0,NO_ASIGNADO,,,325
BASE,SIMULACION_CINCO_DIAS-CRITICA-N01,GENETICO,0,NO_ASIGNADO,,,326
BASE,SIMULACION_CINCO_DIAS-CRITICA-N01,GENETICO,0,NO_ASIGNADO,,,327
BASE,SIMULACION_CINCO_DIAS-CRITICA-N01,GENETICO,0,NO_ASIGNADO,,,329
BASE,SIMULACION_CINCO_DIAS-CRITICA-N01,GENETICO,0,NO_ASIGNADO,,,330
BASE,SIMULACION_CINCO_DIAS-CRITICA-N01,GENETICO,0,NO_ASIGNADO,,,331
BASE,SIMULACION_CINCO_DIAS-CRITICA-N01,GENETICO,0,NO_ASIGNADO,,,334
BASE,SIMULACION_CINCO_DIAS-CRITICA-N01,GENETICO,0,NO_ASIGNADO,,,335
BASE,SIMULACION_CINCO_DIAS-CRITICA-N01,GENETICO,0,NO_ASIGNADO,,,338
BASE,SIMULACION_CINCO_DIAS-CRITICA-N01,GENETICO,0,NO_ASIGNADO,,,340
BASE,SIMULACION_CINCO_DIAS-CRITICA-N01,GENETICO,0,NO_ASIGNADO,,,341
BASE,SIMULACION_CINCO_DIAS-CRITICA-N01,GENETICO,0,NO_ASIGNADO,,,343
BASE,SIMULACION_CINCO_DIAS-CRITICA-N01,GENETICO,0,NO_ASIGNADO,,,345
BASE,SIMULACION_CINCO_DIAS-CRITICA-N01,GENETICO,0,NO_ASIGNADO,,,346
BASE,SIMULACION_CINCO_DIAS-CRITICA-N01,GENETICO,0,NO_ASIGNADO,,,347
BASE,SIMULACION_CINCO_DIAS-CRITICA-N01,GENETICO,0,NO_ASIGNADO,,,348
BASE,SIMULACION_CINCO_DIAS-CRITICA-N01,GENETICO,0,NO_ASIGNADO,,,349
BASE,SIMULACION_CINCO_DIAS-CRITICA-N01,GENETICO,0,NO_ASIGNADO,,,350
BASE,SIMULACION_CINCO_DIAS-CRITICA-N01,GENETICO,0,NO_ASIGNADO,,,352
BASE,SIMULACION_CINCO_DIAS-CRITICA-N01,GENETICO,0,NO_ASIGNADO,,,353
BASE,SIMULACION_CINCO_DIAS-CRITICA-N01,GENETICO,0,NO_ASIGNADO,,,354
BASE,SIMULACION_CINCO_DIAS-CRITICA-N01,GENETICO,0,NO_ASIGNADO,,,355
BASE,SIMULACION_CINCO_DIAS-CRITICA-N01,GENETICO,0,NO_ASIGNADO,,,356
BASE,SIMULACION_CINCO_DIAS-CRITICA-N01,GENETICO,0,NO_ASIGNADO,,,358
BASE,SIMULACION_CINCO_DIAS-CRITICA-N01,GENETICO,0,NO_ASIGNADO,,,360
BASE,SIMULACION_CINCO_DIAS-CRITICA-N01,GENETICO,0,NO_ASIGNADO,,,361
BASE,SIMULACION_CINCO_DIAS-CRITICA-N01,GENETICO,0,NO_ASIGNADO,,,362
BASE,SIMULACION_CINCO_DIAS-CRITICA-N01,GENETICO,0,NO_ASIGNADO,,,363
BASE,SIMULACION_CINCO_DIAS-CRITICA-N01,GENETICO,0,NO_ASIGNADO,,,364
BASE,SIMULACION_CINCO_DIAS-CRITICA-N01,GENETICO,0,NO_ASIGNADO,,,365
BASE,SIMULACION_CINCO_DIAS-CRITICA-N01,GENETICO,0,NO_ASIGNADO,,,366
BASE,SIMULACION_CINCO_DIAS-CRITICA-N01,GENETICO,0,NO_ASIGNADO,,,367
BASE,SIMULACION_CINCO_DIAS-CRITICA-N01,GENETICO,0,NO_ASIGNADO,,,369
BASE,SIMULACION_CINCO_DIAS-CRITICA-N01,GENETICO,0,NO_ASIGNADO,,,371
BASE,SIMULACION_CINCO_DIAS-CRITICA-N01,GENETICO,0,NO_ASIGNADO,,,372
BASE,SIMULACION_CINCO_DIAS-CRITICA-N01,GENETICO,0,NO_ASIGNADO,,,487
BASE,SIMULACION_CINCO_DIAS-CRITICA-N01,GENETICO,0,NO_ASIGNADO,,,489
BASE,SIMULACION_CINCO_DIAS-CRITICA-N01,GENETICO,0,NO_ASIGNADO,,,490
BASE,SIMULACION_CINCO_DIAS-CRITICA-N01,GENETICO,0,NO_ASIGNADO,,,492
BASE,SIMULACION_CINCO_DIAS-CRITICA-N01,GENETICO,0,NO_ASIGNADO,,,493
BASE,SIMULACION_CINCO_DIAS-CRITICA-N01,GENETICO,0,NO_ASIGNADO,,,494
BASE,SIMULACION_CINCO_DIAS-CRITICA-N01,GENETICO,0,NO_ASIGNADO,,,495
BASE,SIMULACION_CINCO_DIAS-CRITICA-N01,GENETICO,0,NO_ASIGNADO,,,501
BASE,SIMULACION_CINCO_DIAS-CRITICA-N01,GENETICO,0,NO_ASIGNADO,,,503
BASE,SIMULACION_CINCO_DIAS-CRITICA-N01,GENETICO,0,NO_ASIGNADO,,,505
BASE,SIMULACION_CINCO_DIAS-CRITICA-N01,GENETICO,0,NO_ASIGNADO,,,506
BASE,SIMULACION_CINCO_DIAS-CRITICA-N01,GENETICO,0,NO_ASIGNADO,,,508
BASE,SIMULACION_CINCO_DIAS-CRITICA-N01,GENETICO,0,NO_ASIGNADO,,,510
BASE,SIMULACION_CINCO_DIAS-CRITICA-N01,GENETICO,0,NO_ASIGNADO,,,512
BASE,SIMULACION_CINCO_DIAS-CRITICA-N01,GENETICO,0,NO_ASIGNADO,,,514
BASE,SIMULACION_CINCO_DIAS-CRITICA-N01,GENETICO,0,NO_ASIGNADO,,,518
BASE,SIMULACION_CINCO_DIAS-CRITICA-N01,GENETICO,0,NO_ASIGNADO,,,519
BASE,SIMULACION_CINCO_DIAS-CRITICA-N01,GENETICO,0,NO_ASIGNADO,,,520
BASE,SIMULACION_CINCO_DIAS-CRITICA-N01,GENETICO,0,NO_ASIGNADO,,,521
BASE,SIMULACION_CINCO_DIAS-CRITICA-N01,GENETICO,0,NO_ASIGNADO,,,522
BASE,SIMULACION_CINCO_DIAS-CRITICA-N01,GENETICO,0,NO_ASIGNADO,,,523
BASE,SIMULACION_CINCO_DIAS-CRITICA-N01,GENETICO,0,NO_ASIGNADO,,,524
BASE,SIMULACION_CINCO_DIAS-CRITICA-N01,GENETICO,0,NO_ASIGNADO,,,525
BASE,SIMULACION_CINCO_DIAS-CRITICA-N01,GENETICO,0,NO_ASIGNADO,,,526
BASE,SIMULACION_CINCO_DIAS-CRITICA-N01,GENETICO,0,NO_ASIGNADO,,,528
BASE,SIMULACION_CINCO_DIAS-CRITICA-N01,GENETICO,0,NO_ASIGNADO,,,529
BASE,SIMULACION_CINCO_DIAS-CRITICA-N01,GENETICO,0,NO_ASIGNADO,,,530
BASE,SIMULACION_CINCO_DIAS-CRITICA-N01,GENETICO,0,NO_ASIGNADO,,,531
BASE,SIMULACION_CINCO_DIAS-CRITICA-N01,GENETICO,0,NO_ASIGNADO,,,533
BASE,SIMULACION_CINCO_DIAS-CRITICA-N01,GENETICO,0,NO_ASIGNADO,,,535
BASE,SIMULACION_CINCO_DIAS-CRITICA-N01,GENETICO,0,NO_ASIGNADO,,,537
BASE,SIMULACION_CINCO_DIAS-CRITICA-N01,GENETICO,0,NO_ASIGNADO,,,538
BASE,SIMULACION_CINCO_DIAS-CRITICA-N01,GENETICO,0,NO_ASIGNADO,,,644
BASE,SIMULACION_CINCO_DIAS-CRITICA-N01,GENETICO,0,NO_ASIGNADO,,,646
BASE,SIMULACION_CINCO_DIAS-CRITICA-N01,GENETICO,0,NO_ASIGNADO,,,647
BASE,SIMULACION_CINCO_DIAS-CRITICA-N01,GENETICO,0,NO_ASIGNADO,,,648
BASE,SIMULACION_CINCO_DIAS-CRITICA-N01,GENETICO,0,NO_ASIGNADO,,,656
BASE,SIMULACION_CINCO_DIAS-CRITICA-N01,GENETICO,0,NO_ASIGNADO,,,661
BASE,SIMULACION_CINCO_DIAS-CRITICA-N01,GENETICO,0,NO_ASIGNADO,,,663
BASE,SIMULACION_CINCO_DIAS-CRITICA-N01,GENETICO,0,NO_ASIGNADO,,,669
BASE,SIMULACION_CINCO_DIAS-CRITICA-N01,GENETICO,0,NO_ASIGNADO,,,670
BASE,SIMULACION_CINCO_DIAS-CRITICA-N01,GENETICO,0,NO_ASIGNADO,,,672
BASE,SIMULACION_CINCO_DIAS-CRITICA-N01,GENETICO,0,NO_ASIGNADO,,,676
BASE,SIMULACION_CINCO_DIAS-CRITICA-N01,GENETICO,0,NO_ASIGNADO,,,678
BASE,SIMULACION_CINCO_DIAS-CRITICA-N01,GENETICO,0,NO_ASIGNADO,,,682
BASE,SIMULACION_CINCO_DIAS-CRITICA-N01,GENETICO,0,NO_ASIGNADO,,,683
BASE,SIMULACION_CINCO_DIAS-CRITICA-N01,GENETICO,0,NO_ASIGNADO,,,689
BASE,SIMULACION_CINCO_DIAS-CRITICA-N01,GENETICO,0,NO_ASIGNADO,,,691
BASE,SIMULACION_CINCO_DIAS-CRITICA-N01,GENETICO,0,NO_ASIGNADO,,,692
BASE,SIMULACION_CINCO_DIAS-CRITICA-N01,GENETICO,0,NO_ASIGNADO,,,693
BASE,SIMULACION_CINCO_DIAS-CRITICA-N01,GENETICO,0,NO_ASIGNADO,,,695
BASE,SIMULACION_CINCO_DIAS-CRITICA-N01,GENETICO,0,NO_ASIGNADO,,,696
BASE,SIMULACION_CINCO_DIAS-CRITICA-N01,GENETICO,0,NO_ASIGNADO,,,698
BASE,SIMULACION_CINCO_DIAS-CRITICA-N01,RECOCIDO_SIMULADO,0,TA02,ALM-CENTRAL,1,498
BASE,SIMULACION_CINCO_DIAS-CRITICA-N01,RECOCIDO_SIMULADO,0,TA02,ALM-CENTRAL,2,6
BASE,SIMULACION_CINCO_DIAS-CRITICA-N01,RECOCIDO_SIMULADO,0,TA02,ALM-CENTRAL,3,222
BASE,SIMULACION_CINCO_DIAS-CRITICA-N01,RECOCIDO_SIMULADO,0,TA02,ALM-CENTRAL,4,25
BASE,SIMULACION_CINCO_DIAS-CRITICA-N01,RECOCIDO_SIMULADO,0,TA02,ALM-CENTRAL,5,4
BASE,SIMULACION_CINCO_DIAS-CRITICA-N01,RECOCIDO_SIMULADO,0,TA03,ALM-CENTRAL,1,9
BASE,SIMULACION_CINCO_DIAS-CRITICA-N01,RECOCIDO_SIMULADO,0,TA03,ALM-CENTRAL,2,17
BASE,SIMULACION_CINCO_DIAS-CRITICA-N01,RECOCIDO_SIMULADO,0,TA03,ALM-CENTRAL,3,205
BASE,SIMULACION_CINCO_DIAS-CRITICA-N01,RECOCIDO_SIMULADO,0,TA03,ALM-CENTRAL,4,238
BASE,SIMULACION_CINCO_DIAS-CRITICA-N01,RECOCIDO_SIMULADO,0,TA04,ALM-CENTRAL,1,29
BASE,SIMULACION_CINCO_DIAS-CRITICA-N01,RECOCIDO_SIMULADO,0,TA04,ALM-CENTRAL,2,12
BASE,SIMULACION_CINCO_DIAS-CRITICA-N01,RECOCIDO_SIMULADO,0,TA04,ALM-CENTRAL,3,206
BASE,SIMULACION_CINCO_DIAS-CRITICA-N01,RECOCIDO_SIMULADO,0,TA04,ALM-CENTRAL,4,207
BASE,SIMULACION_CINCO_DIAS-CRITICA-N01,RECOCIDO_SIMULADO,0,TA05,ALM-CENTRAL,1,31
BASE,SIMULACION_CINCO_DIAS-CRITICA-N01,RECOCIDO_SIMULADO,0,TA05,ALM-CENTRAL,2,8
BASE,SIMULACION_CINCO_DIAS-CRITICA-N01,RECOCIDO_SIMULADO,0,TA05,ALM-CENTRAL,3,326
BASE,SIMULACION_CINCO_DIAS-CRITICA-N01,RECOCIDO_SIMULADO,0,TA05,ALM-CENTRAL,4,203
BASE,SIMULACION_CINCO_DIAS-CRITICA-N01,RECOCIDO_SIMULADO,0,TA06,ALM-CENTRAL,1,536
BASE,SIMULACION_CINCO_DIAS-CRITICA-N01,RECOCIDO_SIMULADO,0,TA06,ALM-CENTRAL,2,229
BASE,SIMULACION_CINCO_DIAS-CRITICA-N01,RECOCIDO_SIMULADO,0,TA06,ALM-CENTRAL,3,50
BASE,SIMULACION_CINCO_DIAS-CRITICA-N01,RECOCIDO_SIMULADO,0,TA06,ALM-CENTRAL,4,2
BASE,SIMULACION_CINCO_DIAS-CRITICA-N01,RECOCIDO_SIMULADO,0,TA07,ALM-CENTRAL,1,28
BASE,SIMULACION_CINCO_DIAS-CRITICA-N01,RECOCIDO_SIMULADO,0,TA07,ALM-CENTRAL,2,535
BASE,SIMULACION_CINCO_DIAS-CRITICA-N01,RECOCIDO_SIMULADO,0,TA07,ALM-CENTRAL,3,10
BASE,SIMULACION_CINCO_DIAS-CRITICA-N01,RECOCIDO_SIMULADO,0,TA07,ALM-CENTRAL,4,38
BASE,SIMULACION_CINCO_DIAS-CRITICA-N01,RECOCIDO_SIMULADO,0,TA07,ALM-CENTRAL,5,20
BASE,SIMULACION_CINCO_DIAS-CRITICA-N01,RECOCIDO_SIMULADO,0,TA08,ALM-CENTRAL,1,3
BASE,SIMULACION_CINCO_DIAS-CRITICA-N01,RECOCIDO_SIMULADO,0,TA08,ALM-CENTRAL,2,193
BASE,SIMULACION_CINCO_DIAS-CRITICA-N01,RECOCIDO_SIMULADO,0,TA08,ALM-CENTRAL,3,40
BASE,SIMULACION_CINCO_DIAS-CRITICA-N01,RECOCIDO_SIMULADO,0,TA09,ALM-CENTRAL,1,5
BASE,SIMULACION_CINCO_DIAS-CRITICA-N01,RECOCIDO_SIMULADO,0,TA09,ALM-CENTRAL,2,11
BASE,SIMULACION_CINCO_DIAS-CRITICA-N01,RECOCIDO_SIMULADO,0,TA09,ALM-CENTRAL,3,204
BASE,SIMULACION_CINCO_DIAS-CRITICA-N01,RECOCIDO_SIMULADO,0,TA09,ALM-CENTRAL,4,201
BASE,SIMULACION_CINCO_DIAS-CRITICA-N01,RECOCIDO_SIMULADO,0,TA10,ALM-CENTRAL,1,19
BASE,SIMULACION_CINCO_DIAS-CRITICA-N01,RECOCIDO_SIMULADO,0,TA10,ALM-CENTRAL,2,215
BASE,SIMULACION_CINCO_DIAS-CRITICA-N01,RECOCIDO_SIMULADO,0,TA10,ALM-CENTRAL,3,13
BASE,SIMULACION_CINCO_DIAS-CRITICA-N01,RECOCIDO_SIMULADO,0,TA10,ALM-CENTRAL,4,320
BASE,SIMULACION_CINCO_DIAS-CRITICA-N01,RECOCIDO_SIMULADO,0,TA10,ALM-CENTRAL,5,674
BASE,SIMULACION_CINCO_DIAS-CRITICA-N01,RECOCIDO_SIMULADO,0,TB01,ALM-CENTRAL,1,44
BASE,SIMULACION_CINCO_DIAS-CRITICA-N01,RECOCIDO_SIMULADO,0,TB01,ALM-CENTRAL,2,668
BASE,SIMULACION_CINCO_DIAS-CRITICA-N01,RECOCIDO_SIMULADO,0,TB02,ALM-CENTRAL,1,213
BASE,SIMULACION_CINCO_DIAS-CRITICA-N01,RECOCIDO_SIMULADO,0,TB02,ALM-CENTRAL,2,198
BASE,SIMULACION_CINCO_DIAS-CRITICA-N01,RECOCIDO_SIMULADO,0,TB03,ALM-CENTRAL,1,188
BASE,SIMULACION_CINCO_DIAS-CRITICA-N01,RECOCIDO_SIMULADO,0,TB04,ALM-CENTRAL,1,230
BASE,SIMULACION_CINCO_DIAS-CRITICA-N01,RECOCIDO_SIMULADO,0,TB05,ALM-CENTRAL,1,15
BASE,SIMULACION_CINCO_DIAS-CRITICA-N01,RECOCIDO_SIMULADO,0,TB06,ALM-CENTRAL,1,191
BASE,SIMULACION_CINCO_DIAS-CRITICA-N01,RECOCIDO_SIMULADO,0,TB06,ALM-CENTRAL,2,32
BASE,SIMULACION_CINCO_DIAS-CRITICA-N01,RECOCIDO_SIMULADO,0,TB06,ALM-CENTRAL,3,328
BASE,SIMULACION_CINCO_DIAS-CRITICA-N01,RECOCIDO_SIMULADO,0,TB07,ALM-CENTRAL,1,33
BASE,SIMULACION_CINCO_DIAS-CRITICA-N01,RECOCIDO_SIMULADO,0,TB07,ALM-CENTRAL,2,532
BASE,SIMULACION_CINCO_DIAS-CRITICA-N01,RECOCIDO_SIMULADO,0,TB08,ALM-CENTRAL,1,37
BASE,SIMULACION_CINCO_DIAS-CRITICA-N01,RECOCIDO_SIMULADO,0,TB09,ALM-CENTRAL,1,233
BASE,SIMULACION_CINCO_DIAS-CRITICA-N01,RECOCIDO_SIMULADO,0,TB10,ALM-CENTRAL,1,39
BASE,SIMULACION_CINCO_DIAS-CRITICA-N01,RECOCIDO_SIMULADO,0,TB11,ALM-CENTRAL,1,45
BASE,SIMULACION_CINCO_DIAS-CRITICA-N01,RECOCIDO_SIMULADO,0,TB12,ALM-CENTRAL,1,55
BASE,SIMULACION_CINCO_DIAS-CRITICA-N01,RECOCIDO_SIMULADO,0,TM01,ALM-CENTRAL,1,7
BASE,SIMULACION_CINCO_DIAS-CRITICA-N01,RECOCIDO_SIMULADO,0,TM01,ALM-CENTRAL,2,22
BASE,SIMULACION_CINCO_DIAS-CRITICA-N01,RECOCIDO_SIMULADO,0,TM02,ALM-CENTRAL,1,23
BASE,SIMULACION_CINCO_DIAS-CRITICA-N01,RECOCIDO_SIMULADO,0,TM02,ALM-CENTRAL,2,14
BASE,SIMULACION_CINCO_DIAS-CRITICA-N01,RECOCIDO_SIMULADO,0,TM03,ALM-CENTRAL,1,54
BASE,SIMULACION_CINCO_DIAS-CRITICA-N01,RECOCIDO_SIMULADO,0,TM03,ALM-CENTRAL,2,200
BASE,SIMULACION_CINCO_DIAS-CRITICA-N01,RECOCIDO_SIMULADO,0,TM04,ALM-CENTRAL,1,214
BASE,SIMULACION_CINCO_DIAS-CRITICA-N01,RECOCIDO_SIMULADO,0,TM04,ALM-CENTRAL,2,680
BASE,SIMULACION_CINCO_DIAS-CRITICA-N01,RECOCIDO_SIMULADO,0,TM04,ALM-CENTRAL,3,26
BASE,SIMULACION_CINCO_DIAS-CRITICA-N01,RECOCIDO_SIMULADO,0,TM05,ALM-CENTRAL,1,34
BASE,SIMULACION_CINCO_DIAS-CRITICA-N01,RECOCIDO_SIMULADO,0,TM05,ALM-CENTRAL,2,217
BASE,SIMULACION_CINCO_DIAS-CRITICA-N01,RECOCIDO_SIMULADO,0,TM05,ALM-CENTRAL,3,336
BASE,SIMULACION_CINCO_DIAS-CRITICA-N01,RECOCIDO_SIMULADO,0,TM06,ALM-CENTRAL,1,42
BASE,SIMULACION_CINCO_DIAS-CRITICA-N01,RECOCIDO_SIMULADO,0,TM06,ALM-CENTRAL,2,221
BASE,SIMULACION_CINCO_DIAS-CRITICA-N01,RECOCIDO_SIMULADO,0,TM07,ALM-CENTRAL,1,49
BASE,SIMULACION_CINCO_DIAS-CRITICA-N01,RECOCIDO_SIMULADO,0,TM07,ALM-CENTRAL,2,226
BASE,SIMULACION_CINCO_DIAS-CRITICA-N01,RECOCIDO_SIMULADO,0,TM08,ALM-CENTRAL,1,52
BASE,SIMULACION_CINCO_DIAS-CRITICA-N01,RECOCIDO_SIMULADO,0,TM08,ALM-CENTRAL,2,351
BASE,SIMULACION_CINCO_DIAS-CRITICA-N01,RECOCIDO_SIMULADO,0,TM09,ALM-CENTRAL,1,1
BASE,SIMULACION_CINCO_DIAS-CRITICA-N01,RECOCIDO_SIMULADO,0,TM09,ALM-CENTRAL,2,16
BASE,SIMULACION_CINCO_DIAS-CRITICA-N01,RECOCIDO_SIMULADO,0,TM10,ALM-CENTRAL,1,18
BASE,SIMULACION_CINCO_DIAS-CRITICA-N01,RECOCIDO_SIMULADO,0,TM10,ALM-CENTRAL,2,27
BASE,SIMULACION_CINCO_DIAS-CRITICA-N01,RECOCIDO_SIMULADO,0,TM10,ALM-CENTRAL,3,339
BASE,SIMULACION_CINCO_DIAS-CRITICA-N01,RECOCIDO_SIMULADO,0,TM11,ALM-CENTRAL,1,24
BASE,SIMULACION_CINCO_DIAS-CRITICA-N01,RECOCIDO_SIMULADO,0,TM11,ALM-CENTRAL,2,21
BASE,SIMULACION_CINCO_DIAS-CRITICA-N01,RECOCIDO_SIMULADO,0,TM11,ALM-CENTRAL,3,486
BASE,SIMULACION_CINCO_DIAS-CRITICA-N01,RECOCIDO_SIMULADO,0,TM11,ALM-CENTRAL,4,357
BASE,SIMULACION_CINCO_DIAS-CRITICA-N01,RECOCIDO_SIMULADO,0,TM12,ALM-CENTRAL,1,209
BASE,SIMULACION_CINCO_DIAS-CRITICA-N01,RECOCIDO_SIMULADO,0,TM12,ALM-CENTRAL,2,35
BASE,SIMULACION_CINCO_DIAS-CRITICA-N01,RECOCIDO_SIMULADO,0,TM13,ALM-CENTRAL,1,354
BASE,SIMULACION_CINCO_DIAS-CRITICA-N01,RECOCIDO_SIMULADO,0,TM13,ALM-CENTRAL,2,36
BASE,SIMULACION_CINCO_DIAS-CRITICA-N01,RECOCIDO_SIMULADO,0,TM13,ALM-CENTRAL,3,51
BASE,SIMULACION_CINCO_DIAS-CRITICA-N01,RECOCIDO_SIMULADO,0,TM14,ALM-CENTRAL,1,190
BASE,SIMULACION_CINCO_DIAS-CRITICA-N01,RECOCIDO_SIMULADO,0,TM14,ALM-CENTRAL,2,485
BASE,SIMULACION_CINCO_DIAS-CRITICA-N01,RECOCIDO_SIMULADO,0,TM14,ALM-CENTRAL,3,41
BASE,SIMULACION_CINCO_DIAS-CRITICA-N01,RECOCIDO_SIMULADO,0,TM15,ALM-CENTRAL,1,48
BASE,SIMULACION_CINCO_DIAS-CRITICA-N01,RECOCIDO_SIMULADO,0,TM15,ALM-CENTRAL,2,197
BASE,SIMULACION_CINCO_DIAS-CRITICA-N01,RECOCIDO_SIMULADO,0,NO_ASIGNADO,,,30
BASE,SIMULACION_CINCO_DIAS-CRITICA-N01,RECOCIDO_SIMULADO,0,NO_ASIGNADO,,,43
BASE,SIMULACION_CINCO_DIAS-CRITICA-N01,RECOCIDO_SIMULADO,0,NO_ASIGNADO,,,46
BASE,SIMULACION_CINCO_DIAS-CRITICA-N01,RECOCIDO_SIMULADO,0,NO_ASIGNADO,,,47
BASE,SIMULACION_CINCO_DIAS-CRITICA-N01,RECOCIDO_SIMULADO,0,NO_ASIGNADO,,,53
BASE,SIMULACION_CINCO_DIAS-CRITICA-N01,RECOCIDO_SIMULADO,0,NO_ASIGNADO,,,189
BASE,SIMULACION_CINCO_DIAS-CRITICA-N01,RECOCIDO_SIMULADO,0,NO_ASIGNADO,,,192
BASE,SIMULACION_CINCO_DIAS-CRITICA-N01,RECOCIDO_SIMULADO,0,NO_ASIGNADO,,,194
BASE,SIMULACION_CINCO_DIAS-CRITICA-N01,RECOCIDO_SIMULADO,0,NO_ASIGNADO,,,195
BASE,SIMULACION_CINCO_DIAS-CRITICA-N01,RECOCIDO_SIMULADO,0,NO_ASIGNADO,,,196
BASE,SIMULACION_CINCO_DIAS-CRITICA-N01,RECOCIDO_SIMULADO,0,NO_ASIGNADO,,,199
BASE,SIMULACION_CINCO_DIAS-CRITICA-N01,RECOCIDO_SIMULADO,0,NO_ASIGNADO,,,202
BASE,SIMULACION_CINCO_DIAS-CRITICA-N01,RECOCIDO_SIMULADO,0,NO_ASIGNADO,,,208
BASE,SIMULACION_CINCO_DIAS-CRITICA-N01,RECOCIDO_SIMULADO,0,NO_ASIGNADO,,,210
BASE,SIMULACION_CINCO_DIAS-CRITICA-N01,RECOCIDO_SIMULADO,0,NO_ASIGNADO,,,211
BASE,SIMULACION_CINCO_DIAS-CRITICA-N01,RECOCIDO_SIMULADO,0,NO_ASIGNADO,,,212
BASE,SIMULACION_CINCO_DIAS-CRITICA-N01,RECOCIDO_SIMULADO,0,NO_ASIGNADO,,,216
BASE,SIMULACION_CINCO_DIAS-CRITICA-N01,RECOCIDO_SIMULADO,0,NO_ASIGNADO,,,218
BASE,SIMULACION_CINCO_DIAS-CRITICA-N01,RECOCIDO_SIMULADO,0,NO_ASIGNADO,,,219
BASE,SIMULACION_CINCO_DIAS-CRITICA-N01,RECOCIDO_SIMULADO,0,NO_ASIGNADO,,,220
BASE,SIMULACION_CINCO_DIAS-CRITICA-N01,RECOCIDO_SIMULADO,0,NO_ASIGNADO,,,223
BASE,SIMULACION_CINCO_DIAS-CRITICA-N01,RECOCIDO_SIMULADO,0,NO_ASIGNADO,,,224
BASE,SIMULACION_CINCO_DIAS-CRITICA-N01,RECOCIDO_SIMULADO,0,NO_ASIGNADO,,,225
BASE,SIMULACION_CINCO_DIAS-CRITICA-N01,RECOCIDO_SIMULADO,0,NO_ASIGNADO,,,227
BASE,SIMULACION_CINCO_DIAS-CRITICA-N01,RECOCIDO_SIMULADO,0,NO_ASIGNADO,,,228
BASE,SIMULACION_CINCO_DIAS-CRITICA-N01,RECOCIDO_SIMULADO,0,NO_ASIGNADO,,,231
BASE,SIMULACION_CINCO_DIAS-CRITICA-N01,RECOCIDO_SIMULADO,0,NO_ASIGNADO,,,232
BASE,SIMULACION_CINCO_DIAS-CRITICA-N01,RECOCIDO_SIMULADO,0,NO_ASIGNADO,,,234
BASE,SIMULACION_CINCO_DIAS-CRITICA-N01,RECOCIDO_SIMULADO,0,NO_ASIGNADO,,,235
BASE,SIMULACION_CINCO_DIAS-CRITICA-N01,RECOCIDO_SIMULADO,0,NO_ASIGNADO,,,236
BASE,SIMULACION_CINCO_DIAS-CRITICA-N01,RECOCIDO_SIMULADO,0,NO_ASIGNADO,,,237
BASE,SIMULACION_CINCO_DIAS-CRITICA-N01,RECOCIDO_SIMULADO,0,NO_ASIGNADO,,,239
BASE,SIMULACION_CINCO_DIAS-CRITICA-N01,RECOCIDO_SIMULADO,0,NO_ASIGNADO,,,240
BASE,SIMULACION_CINCO_DIAS-CRITICA-N01,RECOCIDO_SIMULADO,0,NO_ASIGNADO,,,241
BASE,SIMULACION_CINCO_DIAS-CRITICA-N01,RECOCIDO_SIMULADO,0,NO_ASIGNADO,,,242
BASE,SIMULACION_CINCO_DIAS-CRITICA-N01,RECOCIDO_SIMULADO,0,NO_ASIGNADO,,,318
BASE,SIMULACION_CINCO_DIAS-CRITICA-N01,RECOCIDO_SIMULADO,0,NO_ASIGNADO,,,319
BASE,SIMULACION_CINCO_DIAS-CRITICA-N01,RECOCIDO_SIMULADO,0,NO_ASIGNADO,,,321
BASE,SIMULACION_CINCO_DIAS-CRITICA-N01,RECOCIDO_SIMULADO,0,NO_ASIGNADO,,,322
BASE,SIMULACION_CINCO_DIAS-CRITICA-N01,RECOCIDO_SIMULADO,0,NO_ASIGNADO,,,323
BASE,SIMULACION_CINCO_DIAS-CRITICA-N01,RECOCIDO_SIMULADO,0,NO_ASIGNADO,,,324
BASE,SIMULACION_CINCO_DIAS-CRITICA-N01,RECOCIDO_SIMULADO,0,NO_ASIGNADO,,,325
BASE,SIMULACION_CINCO_DIAS-CRITICA-N01,RECOCIDO_SIMULADO,0,NO_ASIGNADO,,,327
BASE,SIMULACION_CINCO_DIAS-CRITICA-N01,RECOCIDO_SIMULADO,0,NO_ASIGNADO,,,329
BASE,SIMULACION_CINCO_DIAS-CRITICA-N01,RECOCIDO_SIMULADO,0,NO_ASIGNADO,,,330
BASE,SIMULACION_CINCO_DIAS-CRITICA-N01,RECOCIDO_SIMULADO,0,NO_ASIGNADO,,,331
BASE,SIMULACION_CINCO_DIAS-CRITICA-N01,RECOCIDO_SIMULADO,0,NO_ASIGNADO,,,332
BASE,SIMULACION_CINCO_DIAS-CRITICA-N01,RECOCIDO_SIMULADO,0,NO_ASIGNADO,,,333
BASE,SIMULACION_CINCO_DIAS-CRITICA-N01,RECOCIDO_SIMULADO,0,NO_ASIGNADO,,,334
BASE,SIMULACION_CINCO_DIAS-CRITICA-N01,RECOCIDO_SIMULADO,0,NO_ASIGNADO,,,335
BASE,SIMULACION_CINCO_DIAS-CRITICA-N01,RECOCIDO_SIMULADO,0,NO_ASIGNADO,,,337
BASE,SIMULACION_CINCO_DIAS-CRITICA-N01,RECOCIDO_SIMULADO,0,NO_ASIGNADO,,,338
BASE,SIMULACION_CINCO_DIAS-CRITICA-N01,RECOCIDO_SIMULADO,0,NO_ASIGNADO,,,340
BASE,SIMULACION_CINCO_DIAS-CRITICA-N01,RECOCIDO_SIMULADO,0,NO_ASIGNADO,,,341
BASE,SIMULACION_CINCO_DIAS-CRITICA-N01,RECOCIDO_SIMULADO,0,NO_ASIGNADO,,,342
BASE,SIMULACION_CINCO_DIAS-CRITICA-N01,RECOCIDO_SIMULADO,0,NO_ASIGNADO,,,343
BASE,SIMULACION_CINCO_DIAS-CRITICA-N01,RECOCIDO_SIMULADO,0,NO_ASIGNADO,,,344
BASE,SIMULACION_CINCO_DIAS-CRITICA-N01,RECOCIDO_SIMULADO,0,NO_ASIGNADO,,,345
BASE,SIMULACION_CINCO_DIAS-CRITICA-N01,RECOCIDO_SIMULADO,0,NO_ASIGNADO,,,346
BASE,SIMULACION_CINCO_DIAS-CRITICA-N01,RECOCIDO_SIMULADO,0,NO_ASIGNADO,,,347
BASE,SIMULACION_CINCO_DIAS-CRITICA-N01,RECOCIDO_SIMULADO,0,NO_ASIGNADO,,,348
BASE,SIMULACION_CINCO_DIAS-CRITICA-N01,RECOCIDO_SIMULADO,0,NO_ASIGNADO,,,349
BASE,SIMULACION_CINCO_DIAS-CRITICA-N01,RECOCIDO_SIMULADO,0,NO_ASIGNADO,,,350
BASE,SIMULACION_CINCO_DIAS-CRITICA-N01,RECOCIDO_SIMULADO,0,NO_ASIGNADO,,,352
BASE,SIMULACION_CINCO_DIAS-CRITICA-N01,RECOCIDO_SIMULADO,0,NO_ASIGNADO,,,353
BASE,SIMULACION_CINCO_DIAS-CRITICA-N01,RECOCIDO_SIMULADO,0,NO_ASIGNADO,,,355
BASE,SIMULACION_CINCO_DIAS-CRITICA-N01,RECOCIDO_SIMULADO,0,NO_ASIGNADO,,,356
BASE,SIMULACION_CINCO_DIAS-CRITICA-N01,RECOCIDO_SIMULADO,0,NO_ASIGNADO,,,358
BASE,SIMULACION_CINCO_DIAS-CRITICA-N01,RECOCIDO_SIMULADO,0,NO_ASIGNADO,,,359
BASE,SIMULACION_CINCO_DIAS-CRITICA-N01,RECOCIDO_SIMULADO,0,NO_ASIGNADO,,,360
BASE,SIMULACION_CINCO_DIAS-CRITICA-N01,RECOCIDO_SIMULADO,0,NO_ASIGNADO,,,361
BASE,SIMULACION_CINCO_DIAS-CRITICA-N01,RECOCIDO_SIMULADO,0,NO_ASIGNADO,,,362
BASE,SIMULACION_CINCO_DIAS-CRITICA-N01,RECOCIDO_SIMULADO,0,NO_ASIGNADO,,,363
BASE,SIMULACION_CINCO_DIAS-CRITICA-N01,RECOCIDO_SIMULADO,0,NO_ASIGNADO,,,364
BASE,SIMULACION_CINCO_DIAS-CRITICA-N01,RECOCIDO_SIMULADO,0,NO_ASIGNADO,,,365
BASE,SIMULACION_CINCO_DIAS-CRITICA-N01,RECOCIDO_SIMULADO,0,NO_ASIGNADO,,,366
BASE,SIMULACION_CINCO_DIAS-CRITICA-N01,RECOCIDO_SIMULADO,0,NO_ASIGNADO,,,367
BASE,SIMULACION_CINCO_DIAS-CRITICA-N01,RECOCIDO_SIMULADO,0,NO_ASIGNADO,,,368
BASE,SIMULACION_CINCO_DIAS-CRITICA-N01,RECOCIDO_SIMULADO,0,NO_ASIGNADO,,,369
BASE,SIMULACION_CINCO_DIAS-CRITICA-N01,RECOCIDO_SIMULADO,0,NO_ASIGNADO,,,370
BASE,SIMULACION_CINCO_DIAS-CRITICA-N01,RECOCIDO_SIMULADO,0,NO_ASIGNADO,,,371
BASE,SIMULACION_CINCO_DIAS-CRITICA-N01,RECOCIDO_SIMULADO,0,NO_ASIGNADO,,,372
BASE,SIMULACION_CINCO_DIAS-CRITICA-N01,RECOCIDO_SIMULADO,0,NO_ASIGNADO,,,487
BASE,SIMULACION_CINCO_DIAS-CRITICA-N01,RECOCIDO_SIMULADO,0,NO_ASIGNADO,,,488
BASE,SIMULACION_CINCO_DIAS-CRITICA-N01,RECOCIDO_SIMULADO,0,NO_ASIGNADO,,,489
BASE,SIMULACION_CINCO_DIAS-CRITICA-N01,RECOCIDO_SIMULADO,0,NO_ASIGNADO,,,490
BASE,SIMULACION_CINCO_DIAS-CRITICA-N01,RECOCIDO_SIMULADO,0,NO_ASIGNADO,,,491
BASE,SIMULACION_CINCO_DIAS-CRITICA-N01,RECOCIDO_SIMULADO,0,NO_ASIGNADO,,,492
BASE,SIMULACION_CINCO_DIAS-CRITICA-N01,RECOCIDO_SIMULADO,0,NO_ASIGNADO,,,493
BASE,SIMULACION_CINCO_DIAS-CRITICA-N01,RECOCIDO_SIMULADO,0,NO_ASIGNADO,,,494
BASE,SIMULACION_CINCO_DIAS-CRITICA-N01,RECOCIDO_SIMULADO,0,NO_ASIGNADO,,,495
BASE,SIMULACION_CINCO_DIAS-CRITICA-N01,RECOCIDO_SIMULADO,0,NO_ASIGNADO,,,496
BASE,SIMULACION_CINCO_DIAS-CRITICA-N01,RECOCIDO_SIMULADO,0,NO_ASIGNADO,,,497
BASE,SIMULACION_CINCO_DIAS-CRITICA-N01,RECOCIDO_SIMULADO,0,NO_ASIGNADO,,,499
BASE,SIMULACION_CINCO_DIAS-CRITICA-N01,RECOCIDO_SIMULADO,0,NO_ASIGNADO,,,500
BASE,SIMULACION_CINCO_DIAS-CRITICA-N01,RECOCIDO_SIMULADO,0,NO_ASIGNADO,,,501
BASE,SIMULACION_CINCO_DIAS-CRITICA-N01,RECOCIDO_SIMULADO,0,NO_ASIGNADO,,,502
BASE,SIMULACION_CINCO_DIAS-CRITICA-N01,RECOCIDO_SIMULADO,0,NO_ASIGNADO,,,503
BASE,SIMULACION_CINCO_DIAS-CRITICA-N01,RECOCIDO_SIMULADO,0,NO_ASIGNADO,,,504
BASE,SIMULACION_CINCO_DIAS-CRITICA-N01,RECOCIDO_SIMULADO,0,NO_ASIGNADO,,,505
BASE,SIMULACION_CINCO_DIAS-CRITICA-N01,RECOCIDO_SIMULADO,0,NO_ASIGNADO,,,506
BASE,SIMULACION_CINCO_DIAS-CRITICA-N01,RECOCIDO_SIMULADO,0,NO_ASIGNADO,,,507
BASE,SIMULACION_CINCO_DIAS-CRITICA-N01,RECOCIDO_SIMULADO,0,NO_ASIGNADO,,,508
BASE,SIMULACION_CINCO_DIAS-CRITICA-N01,RECOCIDO_SIMULADO,0,NO_ASIGNADO,,,509
BASE,SIMULACION_CINCO_DIAS-CRITICA-N01,RECOCIDO_SIMULADO,0,NO_ASIGNADO,,,510
BASE,SIMULACION_CINCO_DIAS-CRITICA-N01,RECOCIDO_SIMULADO,0,NO_ASIGNADO,,,511
BASE,SIMULACION_CINCO_DIAS-CRITICA-N01,RECOCIDO_SIMULADO,0,NO_ASIGNADO,,,512
BASE,SIMULACION_CINCO_DIAS-CRITICA-N01,RECOCIDO_SIMULADO,0,NO_ASIGNADO,,,513
BASE,SIMULACION_CINCO_DIAS-CRITICA-N01,RECOCIDO_SIMULADO,0,NO_ASIGNADO,,,514
BASE,SIMULACION_CINCO_DIAS-CRITICA-N01,RECOCIDO_SIMULADO,0,NO_ASIGNADO,,,515
BASE,SIMULACION_CINCO_DIAS-CRITICA-N01,RECOCIDO_SIMULADO,0,NO_ASIGNADO,,,516
BASE,SIMULACION_CINCO_DIAS-CRITICA-N01,RECOCIDO_SIMULADO,0,NO_ASIGNADO,,,517
BASE,SIMULACION_CINCO_DIAS-CRITICA-N01,RECOCIDO_SIMULADO,0,NO_ASIGNADO,,,518
BASE,SIMULACION_CINCO_DIAS-CRITICA-N01,RECOCIDO_SIMULADO,0,NO_ASIGNADO,,,519
BASE,SIMULACION_CINCO_DIAS-CRITICA-N01,RECOCIDO_SIMULADO,0,NO_ASIGNADO,,,520
BASE,SIMULACION_CINCO_DIAS-CRITICA-N01,RECOCIDO_SIMULADO,0,NO_ASIGNADO,,,521
BASE,SIMULACION_CINCO_DIAS-CRITICA-N01,RECOCIDO_SIMULADO,0,NO_ASIGNADO,,,522
BASE,SIMULACION_CINCO_DIAS-CRITICA-N01,RECOCIDO_SIMULADO,0,NO_ASIGNADO,,,523
BASE,SIMULACION_CINCO_DIAS-CRITICA-N01,RECOCIDO_SIMULADO,0,NO_ASIGNADO,,,524
BASE,SIMULACION_CINCO_DIAS-CRITICA-N01,RECOCIDO_SIMULADO,0,NO_ASIGNADO,,,525
BASE,SIMULACION_CINCO_DIAS-CRITICA-N01,RECOCIDO_SIMULADO,0,NO_ASIGNADO,,,526
BASE,SIMULACION_CINCO_DIAS-CRITICA-N01,RECOCIDO_SIMULADO,0,NO_ASIGNADO,,,527
BASE,SIMULACION_CINCO_DIAS-CRITICA-N01,RECOCIDO_SIMULADO,0,NO_ASIGNADO,,,528
BASE,SIMULACION_CINCO_DIAS-CRITICA-N01,RECOCIDO_SIMULADO,0,NO_ASIGNADO,,,529
BASE,SIMULACION_CINCO_DIAS-CRITICA-N01,RECOCIDO_SIMULADO,0,NO_ASIGNADO,,,530
BASE,SIMULACION_CINCO_DIAS-CRITICA-N01,RECOCIDO_SIMULADO,0,NO_ASIGNADO,,,531
BASE,SIMULACION_CINCO_DIAS-CRITICA-N01,RECOCIDO_SIMULADO,0,NO_ASIGNADO,,,533
BASE,SIMULACION_CINCO_DIAS-CRITICA-N01,RECOCIDO_SIMULADO,0,NO_ASIGNADO,,,534
BASE,SIMULACION_CINCO_DIAS-CRITICA-N01,RECOCIDO_SIMULADO,0,NO_ASIGNADO,,,537
BASE,SIMULACION_CINCO_DIAS-CRITICA-N01,RECOCIDO_SIMULADO,0,NO_ASIGNADO,,,538
BASE,SIMULACION_CINCO_DIAS-CRITICA-N01,RECOCIDO_SIMULADO,0,NO_ASIGNADO,,,539
BASE,SIMULACION_CINCO_DIAS-CRITICA-N01,RECOCIDO_SIMULADO,0,NO_ASIGNADO,,,644
BASE,SIMULACION_CINCO_DIAS-CRITICA-N01,RECOCIDO_SIMULADO,0,NO_ASIGNADO,,,645
BASE,SIMULACION_CINCO_DIAS-CRITICA-N01,RECOCIDO_SIMULADO,0,NO_ASIGNADO,,,646
BASE,SIMULACION_CINCO_DIAS-CRITICA-N01,RECOCIDO_SIMULADO,0,NO_ASIGNADO,,,647
BASE,SIMULACION_CINCO_DIAS-CRITICA-N01,RECOCIDO_SIMULADO,0,NO_ASIGNADO,,,648
BASE,SIMULACION_CINCO_DIAS-CRITICA-N01,RECOCIDO_SIMULADO,0,NO_ASIGNADO,,,649
BASE,SIMULACION_CINCO_DIAS-CRITICA-N01,RECOCIDO_SIMULADO,0,NO_ASIGNADO,,,650
BASE,SIMULACION_CINCO_DIAS-CRITICA-N01,RECOCIDO_SIMULADO,0,NO_ASIGNADO,,,651
BASE,SIMULACION_CINCO_DIAS-CRITICA-N01,RECOCIDO_SIMULADO,0,NO_ASIGNADO,,,652
BASE,SIMULACION_CINCO_DIAS-CRITICA-N01,RECOCIDO_SIMULADO,0,NO_ASIGNADO,,,653
BASE,SIMULACION_CINCO_DIAS-CRITICA-N01,RECOCIDO_SIMULADO,0,NO_ASIGNADO,,,654
BASE,SIMULACION_CINCO_DIAS-CRITICA-N01,RECOCIDO_SIMULADO,0,NO_ASIGNADO,,,655
BASE,SIMULACION_CINCO_DIAS-CRITICA-N01,RECOCIDO_SIMULADO,0,NO_ASIGNADO,,,656
BASE,SIMULACION_CINCO_DIAS-CRITICA-N01,RECOCIDO_SIMULADO,0,NO_ASIGNADO,,,657
BASE,SIMULACION_CINCO_DIAS-CRITICA-N01,RECOCIDO_SIMULADO,0,NO_ASIGNADO,,,658
BASE,SIMULACION_CINCO_DIAS-CRITICA-N01,RECOCIDO_SIMULADO,0,NO_ASIGNADO,,,659
BASE,SIMULACION_CINCO_DIAS-CRITICA-N01,RECOCIDO_SIMULADO,0,NO_ASIGNADO,,,660
BASE,SIMULACION_CINCO_DIAS-CRITICA-N01,RECOCIDO_SIMULADO,0,NO_ASIGNADO,,,661
BASE,SIMULACION_CINCO_DIAS-CRITICA-N01,RECOCIDO_SIMULADO,0,NO_ASIGNADO,,,662
BASE,SIMULACION_CINCO_DIAS-CRITICA-N01,RECOCIDO_SIMULADO,0,NO_ASIGNADO,,,663
BASE,SIMULACION_CINCO_DIAS-CRITICA-N01,RECOCIDO_SIMULADO,0,NO_ASIGNADO,,,664
BASE,SIMULACION_CINCO_DIAS-CRITICA-N01,RECOCIDO_SIMULADO,0,NO_ASIGNADO,,,665
BASE,SIMULACION_CINCO_DIAS-CRITICA-N01,RECOCIDO_SIMULADO,0,NO_ASIGNADO,,,666
BASE,SIMULACION_CINCO_DIAS-CRITICA-N01,RECOCIDO_SIMULADO,0,NO_ASIGNADO,,,667
BASE,SIMULACION_CINCO_DIAS-CRITICA-N01,RECOCIDO_SIMULADO,0,NO_ASIGNADO,,,669
BASE,SIMULACION_CINCO_DIAS-CRITICA-N01,RECOCIDO_SIMULADO,0,NO_ASIGNADO,,,670
BASE,SIMULACION_CINCO_DIAS-CRITICA-N01,RECOCIDO_SIMULADO,0,NO_ASIGNADO,,,671
BASE,SIMULACION_CINCO_DIAS-CRITICA-N01,RECOCIDO_SIMULADO,0,NO_ASIGNADO,,,672
BASE,SIMULACION_CINCO_DIAS-CRITICA-N01,RECOCIDO_SIMULADO,0,NO_ASIGNADO,,,673
BASE,SIMULACION_CINCO_DIAS-CRITICA-N01,RECOCIDO_SIMULADO,0,NO_ASIGNADO,,,675
BASE,SIMULACION_CINCO_DIAS-CRITICA-N01,RECOCIDO_SIMULADO,0,NO_ASIGNADO,,,676
BASE,SIMULACION_CINCO_DIAS-CRITICA-N01,RECOCIDO_SIMULADO,0,NO_ASIGNADO,,,677
BASE,SIMULACION_CINCO_DIAS-CRITICA-N01,RECOCIDO_SIMULADO,0,NO_ASIGNADO,,,678
BASE,SIMULACION_CINCO_DIAS-CRITICA-N01,RECOCIDO_SIMULADO,0,NO_ASIGNADO,,,679
BASE,SIMULACION_CINCO_DIAS-CRITICA-N01,RECOCIDO_SIMULADO,0,NO_ASIGNADO,,,681
BASE,SIMULACION_CINCO_DIAS-CRITICA-N01,RECOCIDO_SIMULADO,0,NO_ASIGNADO,,,682
BASE,SIMULACION_CINCO_DIAS-CRITICA-N01,RECOCIDO_SIMULADO,0,NO_ASIGNADO,,,683
BASE,SIMULACION_CINCO_DIAS-CRITICA-N01,RECOCIDO_SIMULADO,0,NO_ASIGNADO,,,684
BASE,SIMULACION_CINCO_DIAS-CRITICA-N01,RECOCIDO_SIMULADO,0,NO_ASIGNADO,,,685
BASE,SIMULACION_CINCO_DIAS-CRITICA-N01,RECOCIDO_SIMULADO,0,NO_ASIGNADO,,,686
BASE,SIMULACION_CINCO_DIAS-CRITICA-N01,RECOCIDO_SIMULADO,0,NO_ASIGNADO,,,687
BASE,SIMULACION_CINCO_DIAS-CRITICA-N01,RECOCIDO_SIMULADO,0,NO_ASIGNADO,,,688
BASE,SIMULACION_CINCO_DIAS-CRITICA-N01,RECOCIDO_SIMULADO,0,NO_ASIGNADO,,,689
BASE,SIMULACION_CINCO_DIAS-CRITICA-N01,RECOCIDO_SIMULADO,0,NO_ASIGNADO,,,690
BASE,SIMULACION_CINCO_DIAS-CRITICA-N01,RECOCIDO_SIMULADO,0,NO_ASIGNADO,,,691
BASE,SIMULACION_CINCO_DIAS-CRITICA-N01,RECOCIDO_SIMULADO,0,NO_ASIGNADO,,,692
BASE,SIMULACION_CINCO_DIAS-CRITICA-N01,RECOCIDO_SIMULADO,0,NO_ASIGNADO,,,693
BASE,SIMULACION_CINCO_DIAS-CRITICA-N01,RECOCIDO_SIMULADO,0,NO_ASIGNADO,,,694
BASE,SIMULACION_CINCO_DIAS-CRITICA-N01,RECOCIDO_SIMULADO,0,NO_ASIGNADO,,,695
BASE,SIMULACION_CINCO_DIAS-CRITICA-N01,RECOCIDO_SIMULADO,0,NO_ASIGNADO,,,696
BASE,SIMULACION_CINCO_DIAS-CRITICA-N01,RECOCIDO_SIMULADO,0,NO_ASIGNADO,,,697
BASE,SIMULACION_CINCO_DIAS-CRITICA-N01,RECOCIDO_SIMULADO,0,NO_ASIGNADO,,,698
BASE,SIMULACION_CINCO_DIAS-CRITICA-N01,RECOCIDO_SIMULADO,1,TA02,ALM-CENTRAL,1,25
BASE,SIMULACION_CINCO_DIAS-CRITICA-N01,RECOCIDO_SIMULADO,1,TA02,ALM-CENTRAL,2,222
BASE,SIMULACION_CINCO_DIAS-CRITICA-N01,RECOCIDO_SIMULADO,1,TA02,ALM-CENTRAL,3,6
BASE,SIMULACION_CINCO_DIAS-CRITICA-N01,RECOCIDO_SIMULADO,1,TA02,ALM-CENTRAL,4,498
BASE,SIMULACION_CINCO_DIAS-CRITICA-N01,RECOCIDO_SIMULADO,1,TA02,ALM-CENTRAL,5,4
BASE,SIMULACION_CINCO_DIAS-CRITICA-N01,RECOCIDO_SIMULADO,1,TA03,ALM-CENTRAL,1,9
BASE,SIMULACION_CINCO_DIAS-CRITICA-N01,RECOCIDO_SIMULADO,1,TA03,ALM-CENTRAL,2,205
BASE,SIMULACION_CINCO_DIAS-CRITICA-N01,RECOCIDO_SIMULADO,1,TA03,ALM-CENTRAL,3,17
BASE,SIMULACION_CINCO_DIAS-CRITICA-N01,RECOCIDO_SIMULADO,1,TA03,ALM-CENTRAL,4,201
BASE,SIMULACION_CINCO_DIAS-CRITICA-N01,RECOCIDO_SIMULADO,1,TA04,ALM-CENTRAL,1,29
BASE,SIMULACION_CINCO_DIAS-CRITICA-N01,RECOCIDO_SIMULADO,1,TA04,ALM-CENTRAL,2,12
BASE,SIMULACION_CINCO_DIAS-CRITICA-N01,RECOCIDO_SIMULADO,1,TA04,ALM-CENTRAL,3,206
BASE,SIMULACION_CINCO_DIAS-CRITICA-N01,RECOCIDO_SIMULADO,1,TA04,ALM-CENTRAL,4,207
BASE,SIMULACION_CINCO_DIAS-CRITICA-N01,RECOCIDO_SIMULADO,1,TA05,ALM-CENTRAL,1,31
BASE,SIMULACION_CINCO_DIAS-CRITICA-N01,RECOCIDO_SIMULADO,1,TA05,ALM-CENTRAL,2,8
BASE,SIMULACION_CINCO_DIAS-CRITICA-N01,RECOCIDO_SIMULADO,1,TA05,ALM-CENTRAL,3,204
BASE,SIMULACION_CINCO_DIAS-CRITICA-N01,RECOCIDO_SIMULADO,1,TA05,ALM-CENTRAL,4,10
BASE,SIMULACION_CINCO_DIAS-CRITICA-N01,RECOCIDO_SIMULADO,1,TA06,ALM-CENTRAL,1,536
BASE,SIMULACION_CINCO_DIAS-CRITICA-N01,RECOCIDO_SIMULADO,1,TA06,ALM-CENTRAL,2,229
BASE,SIMULACION_CINCO_DIAS-CRITICA-N01,RECOCIDO_SIMULADO,1,TA06,ALM-CENTRAL,3,50
BASE,SIMULACION_CINCO_DIAS-CRITICA-N01,RECOCIDO_SIMULADO,1,TA06,ALM-CENTRAL,4,2
BASE,SIMULACION_CINCO_DIAS-CRITICA-N01,RECOCIDO_SIMULADO,1,TA07,ALM-CENTRAL,1,214
BASE,SIMULACION_CINCO_DIAS-CRITICA-N01,RECOCIDO_SIMULADO,1,TA07,ALM-CENTRAL,2,38
BASE,SIMULACION_CINCO_DIAS-CRITICA-N01,RECOCIDO_SIMULADO,1,TA07,ALM-CENTRAL,3,20
BASE,SIMULACION_CINCO_DIAS-CRITICA-N01,RECOCIDO_SIMULADO,1,TA07,ALM-CENTRAL,4,674
BASE,SIMULACION_CINCO_DIAS-CRITICA-N01,RECOCIDO_SIMULADO,1,TA07,ALM-CENTRAL,5,30
BASE,SIMULACION_CINCO_DIAS-CRITICA-N01,RECOCIDO_SIMULADO,1,TA08,ALM-CENTRAL,1,3
BASE,SIMULACION_CINCO_DIAS-CRITICA-N01,RECOCIDO_SIMULADO,1,TA08,ALM-CENTRAL,2,193
BASE,SIMULACION_CINCO_DIAS-CRITICA-N01,RECOCIDO_SIMULADO,1,TA08,ALM-CENTRAL,3,40
BASE,SIMULACION_CINCO_DIAS-CRITICA-N01,RECOCIDO_SIMULADO,1,TA09,ALM-CENTRAL,1,5
BASE,SIMULACION_CINCO_DIAS-CRITICA-N01,RECOCIDO_SIMULADO,1,TA09,ALM-CENTRAL,2,11
BASE,SIMULACION_CINCO_DIAS-CRITICA-N01,RECOCIDO_SIMULADO,1,TA09,ALM-CENTRAL,3,320
BASE,SIMULACION_CINCO_DIAS-CRITICA-N01,RECOCIDO_SIMULADO,1,TA09,ALM-CENTRAL,4,203
BASE,SIMULACION_CINCO_DIAS-CRITICA-N01,RECOCIDO_SIMULADO,1,TA10,ALM-CENTRAL,1,19
BASE,SIMULACION_CINCO_DIAS-CRITICA-N01,RECOCIDO_SIMULADO,1,TA10,ALM-CENTRAL,2,215
BASE,SIMULACION_CINCO_DIAS-CRITICA-N01,RECOCIDO_SIMULADO,1,TA10,ALM-CENTRAL,3,13
BASE,SIMULACION_CINCO_DIAS-CRITICA-N01,RECOCIDO_SIMULADO,1,TA10,ALM-CENTRAL,4,238
BASE,SIMULACION_CINCO_DIAS-CRITICA-N01,RECOCIDO_SIMULADO,1,TB01,ALM-CENTRAL,1,44
BASE,SIMULACION_CINCO_DIAS-CRITICA-N01,RECOCIDO_SIMULADO,1,TB01,ALM-CENTRAL,2,668
BASE,SIMULACION_CINCO_DIAS-CRITICA-N01,RECOCIDO_SIMULADO,1,TB02,ALM-CENTRAL,1,213
BASE,SIMULACION_CINCO_DIAS-CRITICA-N01,RECOCIDO_SIMULADO,1,TB02,ALM-CENTRAL,2,198
BASE,SIMULACION_CINCO_DIAS-CRITICA-N01,RECOCIDO_SIMULADO,1,TB03,ALM-CENTRAL,1,188
BASE,SIMULACION_CINCO_DIAS-CRITICA-N01,RECOCIDO_SIMULADO,1,TB04,ALM-CENTRAL,1,230
BASE,SIMULACION_CINCO_DIAS-CRITICA-N01,RECOCIDO_SIMULADO,1,TB05,ALM-CENTRAL,1,15
BASE,SIMULACION_CINCO_DIAS-CRITICA-N01,RECOCIDO_SIMULADO,1,TB06,ALM-CENTRAL,1,191
BASE,SIMULACION_CINCO_DIAS-CRITICA-N01,RECOCIDO_SIMULADO,1,TB06,ALM-CENTRAL,2,32
BASE,SIMULACION_CINCO_DIAS-CRITICA-N01,RECOCIDO_SIMULADO,1,TB06,ALM-CENTRAL,3,328
BASE,SIMULACION_CINCO_DIAS-CRITICA-N01,RECOCIDO_SIMULADO,1,TB07,ALM-CENTRAL,1,33
BASE,SIMULACION_CINCO_DIAS-CRITICA-N01,RECOCIDO_SIMULADO,1,TB07,ALM-CENTRAL,2,532
BASE,SIMULACION_CINCO_DIAS-CRITICA-N01,RECOCIDO_SIMULADO,1,TB08,ALM-CENTRAL,1,37
BASE,SIMULACION_CINCO_DIAS-CRITICA-N01,RECOCIDO_SIMULADO,1,TB09,ALM-CENTRAL,1,233
BASE,SIMULACION_CINCO_DIAS-CRITICA-N01,RECOCIDO_SIMULADO,1,TB10,ALM-CENTRAL,1,39
BASE,SIMULACION_CINCO_DIAS-CRITICA-N01,RECOCIDO_SIMULADO,1,TB11,ALM-CENTRAL,1,45
BASE,SIMULACION_CINCO_DIAS-CRITICA-N01,RECOCIDO_SIMULADO,1,TB12,ALM-CENTRAL,1,55
BASE,SIMULACION_CINCO_DIAS-CRITICA-N01,RECOCIDO_SIMULADO,1,TM01,ALM-CENTRAL,1,7
BASE,SIMULACION_CINCO_DIAS-CRITICA-N01,RECOCIDO_SIMULADO,1,TM01,ALM-CENTRAL,2,22
BASE,SIMULACION_CINCO_DIAS-CRITICA-N01,RECOCIDO_SIMULADO,1,TM02,ALM-CENTRAL,1,23
BASE,SIMULACION_CINCO_DIAS-CRITICA-N01,RECOCIDO_SIMULADO,1,TM02,ALM-CENTRAL,2,14
BASE,SIMULACION_CINCO_DIAS-CRITICA-N01,RECOCIDO_SIMULADO,1,TM03,ALM-CENTRAL,1,54
BASE,SIMULACION_CINCO_DIAS-CRITICA-N01,RECOCIDO_SIMULADO,1,TM03,ALM-CENTRAL,2,200
BASE,SIMULACION_CINCO_DIAS-CRITICA-N01,RECOCIDO_SIMULADO,1,TM04,ALM-CENTRAL,1,680
BASE,SIMULACION_CINCO_DIAS-CRITICA-N01,RECOCIDO_SIMULADO,1,TM04,ALM-CENTRAL,2,221
BASE,SIMULACION_CINCO_DIAS-CRITICA-N01,RECOCIDO_SIMULADO,1,TM04,ALM-CENTRAL,3,26
BASE,SIMULACION_CINCO_DIAS-CRITICA-N01,RECOCIDO_SIMULADO,1,TM05,ALM-CENTRAL,1,34
BASE,SIMULACION_CINCO_DIAS-CRITICA-N01,RECOCIDO_SIMULADO,1,TM05,ALM-CENTRAL,2,217
BASE,SIMULACION_CINCO_DIAS-CRITICA-N01,RECOCIDO_SIMULADO,1,TM05,ALM-CENTRAL,3,336
BASE,SIMULACION_CINCO_DIAS-CRITICA-N01,RECOCIDO_SIMULADO,1,TM06,ALM-CENTRAL,1,28
BASE,SIMULACION_CINCO_DIAS-CRITICA-N01,RECOCIDO_SIMULADO,1,TM06,ALM-CENTRAL,2,42
BASE,SIMULACION_CINCO_DIAS-CRITICA-N01,RECOCIDO_SIMULADO,1,TM07,ALM-CENTRAL,1,49
BASE,SIMULACION_CINCO_DIAS-CRITICA-N01,RECOCIDO_SIMULADO,1,TM07,ALM-CENTRAL,2,226
BASE,SIMULACION_CINCO_DIAS-CRITICA-N01,RECOCIDO_SIMULADO,1,TM08,ALM-CENTRAL,1,52
BASE,SIMULACION_CINCO_DIAS-CRITICA-N01,RECOCIDO_SIMULADO,1,TM08,ALM-CENTRAL,2,351
BASE,SIMULACION_CINCO_DIAS-CRITICA-N01,RECOCIDO_SIMULADO,1,TM09,ALM-CENTRAL,1,1
BASE,SIMULACION_CINCO_DIAS-CRITICA-N01,RECOCIDO_SIMULADO,1,TM09,ALM-CENTRAL,2,16
BASE,SIMULACION_CINCO_DIAS-CRITICA-N01,RECOCIDO_SIMULADO,1,TM10,ALM-CENTRAL,1,18
BASE,SIMULACION_CINCO_DIAS-CRITICA-N01,RECOCIDO_SIMULADO,1,TM10,ALM-CENTRAL,2,27
BASE,SIMULACION_CINCO_DIAS-CRITICA-N01,RECOCIDO_SIMULADO,1,TM10,ALM-CENTRAL,3,339
BASE,SIMULACION_CINCO_DIAS-CRITICA-N01,RECOCIDO_SIMULADO,1,TM11,ALM-CENTRAL,1,24
BASE,SIMULACION_CINCO_DIAS-CRITICA-N01,RECOCIDO_SIMULADO,1,TM11,ALM-CENTRAL,2,21
BASE,SIMULACION_CINCO_DIAS-CRITICA-N01,RECOCIDO_SIMULADO,1,TM11,ALM-CENTRAL,3,486
BASE,SIMULACION_CINCO_DIAS-CRITICA-N01,RECOCIDO_SIMULADO,1,TM11,ALM-CENTRAL,4,357
BASE,SIMULACION_CINCO_DIAS-CRITICA-N01,RECOCIDO_SIMULADO,1,TM12,ALM-CENTRAL,1,209
BASE,SIMULACION_CINCO_DIAS-CRITICA-N01,RECOCIDO_SIMULADO,1,TM12,ALM-CENTRAL,2,35
BASE,SIMULACION_CINCO_DIAS-CRITICA-N01,RECOCIDO_SIMULADO,1,TM13,ALM-CENTRAL,1,354
BASE,SIMULACION_CINCO_DIAS-CRITICA-N01,RECOCIDO_SIMULADO,1,TM13,ALM-CENTRAL,2,36
BASE,SIMULACION_CINCO_DIAS-CRITICA-N01,RECOCIDO_SIMULADO,1,TM13,ALM-CENTRAL,3,51
BASE,SIMULACION_CINCO_DIAS-CRITICA-N01,RECOCIDO_SIMULADO,1,TM14,ALM-CENTRAL,1,190
BASE,SIMULACION_CINCO_DIAS-CRITICA-N01,RECOCIDO_SIMULADO,1,TM14,ALM-CENTRAL,2,485
BASE,SIMULACION_CINCO_DIAS-CRITICA-N01,RECOCIDO_SIMULADO,1,TM14,ALM-CENTRAL,3,41
BASE,SIMULACION_CINCO_DIAS-CRITICA-N01,RECOCIDO_SIMULADO,1,TM15,ALM-CENTRAL,1,48
BASE,SIMULACION_CINCO_DIAS-CRITICA-N01,RECOCIDO_SIMULADO,1,TM15,ALM-CENTRAL,2,197
BASE,SIMULACION_CINCO_DIAS-CRITICA-N01,RECOCIDO_SIMULADO,1,NO_ASIGNADO,,,43
BASE,SIMULACION_CINCO_DIAS-CRITICA-N01,RECOCIDO_SIMULADO,1,NO_ASIGNADO,,,46
BASE,SIMULACION_CINCO_DIAS-CRITICA-N01,RECOCIDO_SIMULADO,1,NO_ASIGNADO,,,47
BASE,SIMULACION_CINCO_DIAS-CRITICA-N01,RECOCIDO_SIMULADO,1,NO_ASIGNADO,,,53
BASE,SIMULACION_CINCO_DIAS-CRITICA-N01,RECOCIDO_SIMULADO,1,NO_ASIGNADO,,,189
BASE,SIMULACION_CINCO_DIAS-CRITICA-N01,RECOCIDO_SIMULADO,1,NO_ASIGNADO,,,192
BASE,SIMULACION_CINCO_DIAS-CRITICA-N01,RECOCIDO_SIMULADO,1,NO_ASIGNADO,,,194
BASE,SIMULACION_CINCO_DIAS-CRITICA-N01,RECOCIDO_SIMULADO,1,NO_ASIGNADO,,,195
BASE,SIMULACION_CINCO_DIAS-CRITICA-N01,RECOCIDO_SIMULADO,1,NO_ASIGNADO,,,196
BASE,SIMULACION_CINCO_DIAS-CRITICA-N01,RECOCIDO_SIMULADO,1,NO_ASIGNADO,,,199
BASE,SIMULACION_CINCO_DIAS-CRITICA-N01,RECOCIDO_SIMULADO,1,NO_ASIGNADO,,,202
BASE,SIMULACION_CINCO_DIAS-CRITICA-N01,RECOCIDO_SIMULADO,1,NO_ASIGNADO,,,208
BASE,SIMULACION_CINCO_DIAS-CRITICA-N01,RECOCIDO_SIMULADO,1,NO_ASIGNADO,,,210
BASE,SIMULACION_CINCO_DIAS-CRITICA-N01,RECOCIDO_SIMULADO,1,NO_ASIGNADO,,,211
BASE,SIMULACION_CINCO_DIAS-CRITICA-N01,RECOCIDO_SIMULADO,1,NO_ASIGNADO,,,212
BASE,SIMULACION_CINCO_DIAS-CRITICA-N01,RECOCIDO_SIMULADO,1,NO_ASIGNADO,,,216
BASE,SIMULACION_CINCO_DIAS-CRITICA-N01,RECOCIDO_SIMULADO,1,NO_ASIGNADO,,,218
BASE,SIMULACION_CINCO_DIAS-CRITICA-N01,RECOCIDO_SIMULADO,1,NO_ASIGNADO,,,219
BASE,SIMULACION_CINCO_DIAS-CRITICA-N01,RECOCIDO_SIMULADO,1,NO_ASIGNADO,,,220
BASE,SIMULACION_CINCO_DIAS-CRITICA-N01,RECOCIDO_SIMULADO,1,NO_ASIGNADO,,,223
BASE,SIMULACION_CINCO_DIAS-CRITICA-N01,RECOCIDO_SIMULADO,1,NO_ASIGNADO,,,224
BASE,SIMULACION_CINCO_DIAS-CRITICA-N01,RECOCIDO_SIMULADO,1,NO_ASIGNADO,,,225
BASE,SIMULACION_CINCO_DIAS-CRITICA-N01,RECOCIDO_SIMULADO,1,NO_ASIGNADO,,,227
BASE,SIMULACION_CINCO_DIAS-CRITICA-N01,RECOCIDO_SIMULADO,1,NO_ASIGNADO,,,228
BASE,SIMULACION_CINCO_DIAS-CRITICA-N01,RECOCIDO_SIMULADO,1,NO_ASIGNADO,,,231
BASE,SIMULACION_CINCO_DIAS-CRITICA-N01,RECOCIDO_SIMULADO,1,NO_ASIGNADO,,,232
BASE,SIMULACION_CINCO_DIAS-CRITICA-N01,RECOCIDO_SIMULADO,1,NO_ASIGNADO,,,234
BASE,SIMULACION_CINCO_DIAS-CRITICA-N01,RECOCIDO_SIMULADO,1,NO_ASIGNADO,,,235
BASE,SIMULACION_CINCO_DIAS-CRITICA-N01,RECOCIDO_SIMULADO,1,NO_ASIGNADO,,,236
BASE,SIMULACION_CINCO_DIAS-CRITICA-N01,RECOCIDO_SIMULADO,1,NO_ASIGNADO,,,237
BASE,SIMULACION_CINCO_DIAS-CRITICA-N01,RECOCIDO_SIMULADO,1,NO_ASIGNADO,,,239
BASE,SIMULACION_CINCO_DIAS-CRITICA-N01,RECOCIDO_SIMULADO,1,NO_ASIGNADO,,,240
BASE,SIMULACION_CINCO_DIAS-CRITICA-N01,RECOCIDO_SIMULADO,1,NO_ASIGNADO,,,241
BASE,SIMULACION_CINCO_DIAS-CRITICA-N01,RECOCIDO_SIMULADO,1,NO_ASIGNADO,,,242
BASE,SIMULACION_CINCO_DIAS-CRITICA-N01,RECOCIDO_SIMULADO,1,NO_ASIGNADO,,,318
BASE,SIMULACION_CINCO_DIAS-CRITICA-N01,RECOCIDO_SIMULADO,1,NO_ASIGNADO,,,319
BASE,SIMULACION_CINCO_DIAS-CRITICA-N01,RECOCIDO_SIMULADO,1,NO_ASIGNADO,,,321
BASE,SIMULACION_CINCO_DIAS-CRITICA-N01,RECOCIDO_SIMULADO,1,NO_ASIGNADO,,,322
BASE,SIMULACION_CINCO_DIAS-CRITICA-N01,RECOCIDO_SIMULADO,1,NO_ASIGNADO,,,323
BASE,SIMULACION_CINCO_DIAS-CRITICA-N01,RECOCIDO_SIMULADO,1,NO_ASIGNADO,,,324
BASE,SIMULACION_CINCO_DIAS-CRITICA-N01,RECOCIDO_SIMULADO,1,NO_ASIGNADO,,,325
BASE,SIMULACION_CINCO_DIAS-CRITICA-N01,RECOCIDO_SIMULADO,1,NO_ASIGNADO,,,326
BASE,SIMULACION_CINCO_DIAS-CRITICA-N01,RECOCIDO_SIMULADO,1,NO_ASIGNADO,,,327
BASE,SIMULACION_CINCO_DIAS-CRITICA-N01,RECOCIDO_SIMULADO,1,NO_ASIGNADO,,,329
BASE,SIMULACION_CINCO_DIAS-CRITICA-N01,RECOCIDO_SIMULADO,1,NO_ASIGNADO,,,330
BASE,SIMULACION_CINCO_DIAS-CRITICA-N01,RECOCIDO_SIMULADO,1,NO_ASIGNADO,,,331
BASE,SIMULACION_CINCO_DIAS-CRITICA-N01,RECOCIDO_SIMULADO,1,NO_ASIGNADO,,,332
BASE,SIMULACION_CINCO_DIAS-CRITICA-N01,RECOCIDO_SIMULADO,1,NO_ASIGNADO,,,333
BASE,SIMULACION_CINCO_DIAS-CRITICA-N01,RECOCIDO_SIMULADO,1,NO_ASIGNADO,,,334
BASE,SIMULACION_CINCO_DIAS-CRITICA-N01,RECOCIDO_SIMULADO,1,NO_ASIGNADO,,,335
BASE,SIMULACION_CINCO_DIAS-CRITICA-N01,RECOCIDO_SIMULADO,1,NO_ASIGNADO,,,337
BASE,SIMULACION_CINCO_DIAS-CRITICA-N01,RECOCIDO_SIMULADO,1,NO_ASIGNADO,,,338
BASE,SIMULACION_CINCO_DIAS-CRITICA-N01,RECOCIDO_SIMULADO,1,NO_ASIGNADO,,,340
BASE,SIMULACION_CINCO_DIAS-CRITICA-N01,RECOCIDO_SIMULADO,1,NO_ASIGNADO,,,341
BASE,SIMULACION_CINCO_DIAS-CRITICA-N01,RECOCIDO_SIMULADO,1,NO_ASIGNADO,,,342
BASE,SIMULACION_CINCO_DIAS-CRITICA-N01,RECOCIDO_SIMULADO,1,NO_ASIGNADO,,,343
BASE,SIMULACION_CINCO_DIAS-CRITICA-N01,RECOCIDO_SIMULADO,1,NO_ASIGNADO,,,344
BASE,SIMULACION_CINCO_DIAS-CRITICA-N01,RECOCIDO_SIMULADO,1,NO_ASIGNADO,,,345
BASE,SIMULACION_CINCO_DIAS-CRITICA-N01,RECOCIDO_SIMULADO,1,NO_ASIGNADO,,,346
BASE,SIMULACION_CINCO_DIAS-CRITICA-N01,RECOCIDO_SIMULADO,1,NO_ASIGNADO,,,347
BASE,SIMULACION_CINCO_DIAS-CRITICA-N01,RECOCIDO_SIMULADO,1,NO_ASIGNADO,,,348
BASE,SIMULACION_CINCO_DIAS-CRITICA-N01,RECOCIDO_SIMULADO,1,NO_ASIGNADO,,,349
BASE,SIMULACION_CINCO_DIAS-CRITICA-N01,RECOCIDO_SIMULADO,1,NO_ASIGNADO,,,350
BASE,SIMULACION_CINCO_DIAS-CRITICA-N01,RECOCIDO_SIMULADO,1,NO_ASIGNADO,,,352
BASE,SIMULACION_CINCO_DIAS-CRITICA-N01,RECOCIDO_SIMULADO,1,NO_ASIGNADO,,,353
BASE,SIMULACION_CINCO_DIAS-CRITICA-N01,RECOCIDO_SIMULADO,1,NO_ASIGNADO,,,355
BASE,SIMULACION_CINCO_DIAS-CRITICA-N01,RECOCIDO_SIMULADO,1,NO_ASIGNADO,,,356
BASE,SIMULACION_CINCO_DIAS-CRITICA-N01,RECOCIDO_SIMULADO,1,NO_ASIGNADO,,,358
BASE,SIMULACION_CINCO_DIAS-CRITICA-N01,RECOCIDO_SIMULADO,1,NO_ASIGNADO,,,359
BASE,SIMULACION_CINCO_DIAS-CRITICA-N01,RECOCIDO_SIMULADO,1,NO_ASIGNADO,,,360
BASE,SIMULACION_CINCO_DIAS-CRITICA-N01,RECOCIDO_SIMULADO,1,NO_ASIGNADO,,,361
BASE,SIMULACION_CINCO_DIAS-CRITICA-N01,RECOCIDO_SIMULADO,1,NO_ASIGNADO,,,362
BASE,SIMULACION_CINCO_DIAS-CRITICA-N01,RECOCIDO_SIMULADO,1,NO_ASIGNADO,,,363
BASE,SIMULACION_CINCO_DIAS-CRITICA-N01,RECOCIDO_SIMULADO,1,NO_ASIGNADO,,,364
BASE,SIMULACION_CINCO_DIAS-CRITICA-N01,RECOCIDO_SIMULADO,1,NO_ASIGNADO,,,365
BASE,SIMULACION_CINCO_DIAS-CRITICA-N01,RECOCIDO_SIMULADO,1,NO_ASIGNADO,,,366
BASE,SIMULACION_CINCO_DIAS-CRITICA-N01,RECOCIDO_SIMULADO,1,NO_ASIGNADO,,,367
BASE,SIMULACION_CINCO_DIAS-CRITICA-N01,RECOCIDO_SIMULADO,1,NO_ASIGNADO,,,368
BASE,SIMULACION_CINCO_DIAS-CRITICA-N01,RECOCIDO_SIMULADO,1,NO_ASIGNADO,,,369
BASE,SIMULACION_CINCO_DIAS-CRITICA-N01,RECOCIDO_SIMULADO,1,NO_ASIGNADO,,,370
BASE,SIMULACION_CINCO_DIAS-CRITICA-N01,RECOCIDO_SIMULADO,1,NO_ASIGNADO,,,371
BASE,SIMULACION_CINCO_DIAS-CRITICA-N01,RECOCIDO_SIMULADO,1,NO_ASIGNADO,,,372
BASE,SIMULACION_CINCO_DIAS-CRITICA-N01,RECOCIDO_SIMULADO,1,NO_ASIGNADO,,,487
BASE,SIMULACION_CINCO_DIAS-CRITICA-N01,RECOCIDO_SIMULADO,1,NO_ASIGNADO,,,488
BASE,SIMULACION_CINCO_DIAS-CRITICA-N01,RECOCIDO_SIMULADO,1,NO_ASIGNADO,,,489
BASE,SIMULACION_CINCO_DIAS-CRITICA-N01,RECOCIDO_SIMULADO,1,NO_ASIGNADO,,,490
BASE,SIMULACION_CINCO_DIAS-CRITICA-N01,RECOCIDO_SIMULADO,1,NO_ASIGNADO,,,491
BASE,SIMULACION_CINCO_DIAS-CRITICA-N01,RECOCIDO_SIMULADO,1,NO_ASIGNADO,,,492
BASE,SIMULACION_CINCO_DIAS-CRITICA-N01,RECOCIDO_SIMULADO,1,NO_ASIGNADO,,,493
BASE,SIMULACION_CINCO_DIAS-CRITICA-N01,RECOCIDO_SIMULADO,1,NO_ASIGNADO,,,494
BASE,SIMULACION_CINCO_DIAS-CRITICA-N01,RECOCIDO_SIMULADO,1,NO_ASIGNADO,,,495
BASE,SIMULACION_CINCO_DIAS-CRITICA-N01,RECOCIDO_SIMULADO,1,NO_ASIGNADO,,,496
BASE,SIMULACION_CINCO_DIAS-CRITICA-N01,RECOCIDO_SIMULADO,1,NO_ASIGNADO,,,497
BASE,SIMULACION_CINCO_DIAS-CRITICA-N01,RECOCIDO_SIMULADO,1,NO_ASIGNADO,,,499
BASE,SIMULACION_CINCO_DIAS-CRITICA-N01,RECOCIDO_SIMULADO,1,NO_ASIGNADO,,,500
BASE,SIMULACION_CINCO_DIAS-CRITICA-N01,RECOCIDO_SIMULADO,1,NO_ASIGNADO,,,501
BASE,SIMULACION_CINCO_DIAS-CRITICA-N01,RECOCIDO_SIMULADO,1,NO_ASIGNADO,,,502
BASE,SIMULACION_CINCO_DIAS-CRITICA-N01,RECOCIDO_SIMULADO,1,NO_ASIGNADO,,,503
BASE,SIMULACION_CINCO_DIAS-CRITICA-N01,RECOCIDO_SIMULADO,1,NO_ASIGNADO,,,504
BASE,SIMULACION_CINCO_DIAS-CRITICA-N01,RECOCIDO_SIMULADO,1,NO_ASIGNADO,,,505
BASE,SIMULACION_CINCO_DIAS-CRITICA-N01,RECOCIDO_SIMULADO,1,NO_ASIGNADO,,,506
BASE,SIMULACION_CINCO_DIAS-CRITICA-N01,RECOCIDO_SIMULADO,1,NO_ASIGNADO,,,507
BASE,SIMULACION_CINCO_DIAS-CRITICA-N01,RECOCIDO_SIMULADO,1,NO_ASIGNADO,,,508
BASE,SIMULACION_CINCO_DIAS-CRITICA-N01,RECOCIDO_SIMULADO,1,NO_ASIGNADO,,,509
BASE,SIMULACION_CINCO_DIAS-CRITICA-N01,RECOCIDO_SIMULADO,1,NO_ASIGNADO,,,510
BASE,SIMULACION_CINCO_DIAS-CRITICA-N01,RECOCIDO_SIMULADO,1,NO_ASIGNADO,,,511
BASE,SIMULACION_CINCO_DIAS-CRITICA-N01,RECOCIDO_SIMULADO,1,NO_ASIGNADO,,,512
BASE,SIMULACION_CINCO_DIAS-CRITICA-N01,RECOCIDO_SIMULADO,1,NO_ASIGNADO,,,513
BASE,SIMULACION_CINCO_DIAS-CRITICA-N01,RECOCIDO_SIMULADO,1,NO_ASIGNADO,,,514
BASE,SIMULACION_CINCO_DIAS-CRITICA-N01,RECOCIDO_SIMULADO,1,NO_ASIGNADO,,,515
BASE,SIMULACION_CINCO_DIAS-CRITICA-N01,RECOCIDO_SIMULADO,1,NO_ASIGNADO,,,516
BASE,SIMULACION_CINCO_DIAS-CRITICA-N01,RECOCIDO_SIMULADO,1,NO_ASIGNADO,,,517
BASE,SIMULACION_CINCO_DIAS-CRITICA-N01,RECOCIDO_SIMULADO,1,NO_ASIGNADO,,,518
BASE,SIMULACION_CINCO_DIAS-CRITICA-N01,RECOCIDO_SIMULADO,1,NO_ASIGNADO,,,519
BASE,SIMULACION_CINCO_DIAS-CRITICA-N01,RECOCIDO_SIMULADO,1,NO_ASIGNADO,,,520
BASE,SIMULACION_CINCO_DIAS-CRITICA-N01,RECOCIDO_SIMULADO,1,NO_ASIGNADO,,,521
BASE,SIMULACION_CINCO_DIAS-CRITICA-N01,RECOCIDO_SIMULADO,1,NO_ASIGNADO,,,522
BASE,SIMULACION_CINCO_DIAS-CRITICA-N01,RECOCIDO_SIMULADO,1,NO_ASIGNADO,,,523
BASE,SIMULACION_CINCO_DIAS-CRITICA-N01,RECOCIDO_SIMULADO,1,NO_ASIGNADO,,,524
BASE,SIMULACION_CINCO_DIAS-CRITICA-N01,RECOCIDO_SIMULADO,1,NO_ASIGNADO,,,525
BASE,SIMULACION_CINCO_DIAS-CRITICA-N01,RECOCIDO_SIMULADO,1,NO_ASIGNADO,,,526
BASE,SIMULACION_CINCO_DIAS-CRITICA-N01,RECOCIDO_SIMULADO,1,NO_ASIGNADO,,,527
BASE,SIMULACION_CINCO_DIAS-CRITICA-N01,RECOCIDO_SIMULADO,1,NO_ASIGNADO,,,528
BASE,SIMULACION_CINCO_DIAS-CRITICA-N01,RECOCIDO_SIMULADO,1,NO_ASIGNADO,,,529
BASE,SIMULACION_CINCO_DIAS-CRITICA-N01,RECOCIDO_SIMULADO,1,NO_ASIGNADO,,,530
BASE,SIMULACION_CINCO_DIAS-CRITICA-N01,RECOCIDO_SIMULADO,1,NO_ASIGNADO,,,531
BASE,SIMULACION_CINCO_DIAS-CRITICA-N01,RECOCIDO_SIMULADO,1,NO_ASIGNADO,,,533
BASE,SIMULACION_CINCO_DIAS-CRITICA-N01,RECOCIDO_SIMULADO,1,NO_ASIGNADO,,,534
BASE,SIMULACION_CINCO_DIAS-CRITICA-N01,RECOCIDO_SIMULADO,1,NO_ASIGNADO,,,535
BASE,SIMULACION_CINCO_DIAS-CRITICA-N01,RECOCIDO_SIMULADO,1,NO_ASIGNADO,,,537
BASE,SIMULACION_CINCO_DIAS-CRITICA-N01,RECOCIDO_SIMULADO,1,NO_ASIGNADO,,,538
BASE,SIMULACION_CINCO_DIAS-CRITICA-N01,RECOCIDO_SIMULADO,1,NO_ASIGNADO,,,539
BASE,SIMULACION_CINCO_DIAS-CRITICA-N01,RECOCIDO_SIMULADO,1,NO_ASIGNADO,,,644
BASE,SIMULACION_CINCO_DIAS-CRITICA-N01,RECOCIDO_SIMULADO,1,NO_ASIGNADO,,,645
BASE,SIMULACION_CINCO_DIAS-CRITICA-N01,RECOCIDO_SIMULADO,1,NO_ASIGNADO,,,646
BASE,SIMULACION_CINCO_DIAS-CRITICA-N01,RECOCIDO_SIMULADO,1,NO_ASIGNADO,,,647
BASE,SIMULACION_CINCO_DIAS-CRITICA-N01,RECOCIDO_SIMULADO,1,NO_ASIGNADO,,,648
BASE,SIMULACION_CINCO_DIAS-CRITICA-N01,RECOCIDO_SIMULADO,1,NO_ASIGNADO,,,649
BASE,SIMULACION_CINCO_DIAS-CRITICA-N01,RECOCIDO_SIMULADO,1,NO_ASIGNADO,,,650
BASE,SIMULACION_CINCO_DIAS-CRITICA-N01,RECOCIDO_SIMULADO,1,NO_ASIGNADO,,,651
BASE,SIMULACION_CINCO_DIAS-CRITICA-N01,RECOCIDO_SIMULADO,1,NO_ASIGNADO,,,652
BASE,SIMULACION_CINCO_DIAS-CRITICA-N01,RECOCIDO_SIMULADO,1,NO_ASIGNADO,,,653
BASE,SIMULACION_CINCO_DIAS-CRITICA-N01,RECOCIDO_SIMULADO,1,NO_ASIGNADO,,,654
BASE,SIMULACION_CINCO_DIAS-CRITICA-N01,RECOCIDO_SIMULADO,1,NO_ASIGNADO,,,655
BASE,SIMULACION_CINCO_DIAS-CRITICA-N01,RECOCIDO_SIMULADO,1,NO_ASIGNADO,,,656
BASE,SIMULACION_CINCO_DIAS-CRITICA-N01,RECOCIDO_SIMULADO,1,NO_ASIGNADO,,,657
BASE,SIMULACION_CINCO_DIAS-CRITICA-N01,RECOCIDO_SIMULADO,1,NO_ASIGNADO,,,658
BASE,SIMULACION_CINCO_DIAS-CRITICA-N01,RECOCIDO_SIMULADO,1,NO_ASIGNADO,,,659
BASE,SIMULACION_CINCO_DIAS-CRITICA-N01,RECOCIDO_SIMULADO,1,NO_ASIGNADO,,,660
BASE,SIMULACION_CINCO_DIAS-CRITICA-N01,RECOCIDO_SIMULADO,1,NO_ASIGNADO,,,661
BASE,SIMULACION_CINCO_DIAS-CRITICA-N01,RECOCIDO_SIMULADO,1,NO_ASIGNADO,,,662
BASE,SIMULACION_CINCO_DIAS-CRITICA-N01,RECOCIDO_SIMULADO,1,NO_ASIGNADO,,,663
BASE,SIMULACION_CINCO_DIAS-CRITICA-N01,RECOCIDO_SIMULADO,1,NO_ASIGNADO,,,664
BASE,SIMULACION_CINCO_DIAS-CRITICA-N01,RECOCIDO_SIMULADO,1,NO_ASIGNADO,,,665
BASE,SIMULACION_CINCO_DIAS-CRITICA-N01,RECOCIDO_SIMULADO,1,NO_ASIGNADO,,,666
BASE,SIMULACION_CINCO_DIAS-CRITICA-N01,RECOCIDO_SIMULADO,1,NO_ASIGNADO,,,667
BASE,SIMULACION_CINCO_DIAS-CRITICA-N01,RECOCIDO_SIMULADO,1,NO_ASIGNADO,,,669
BASE,SIMULACION_CINCO_DIAS-CRITICA-N01,RECOCIDO_SIMULADO,1,NO_ASIGNADO,,,670
BASE,SIMULACION_CINCO_DIAS-CRITICA-N01,RECOCIDO_SIMULADO,1,NO_ASIGNADO,,,671
BASE,SIMULACION_CINCO_DIAS-CRITICA-N01,RECOCIDO_SIMULADO,1,NO_ASIGNADO,,,672
BASE,SIMULACION_CINCO_DIAS-CRITICA-N01,RECOCIDO_SIMULADO,1,NO_ASIGNADO,,,673
BASE,SIMULACION_CINCO_DIAS-CRITICA-N01,RECOCIDO_SIMULADO,1,NO_ASIGNADO,,,675
BASE,SIMULACION_CINCO_DIAS-CRITICA-N01,RECOCIDO_SIMULADO,1,NO_ASIGNADO,,,676
BASE,SIMULACION_CINCO_DIAS-CRITICA-N01,RECOCIDO_SIMULADO,1,NO_ASIGNADO,,,677
BASE,SIMULACION_CINCO_DIAS-CRITICA-N01,RECOCIDO_SIMULADO,1,NO_ASIGNADO,,,678
BASE,SIMULACION_CINCO_DIAS-CRITICA-N01,RECOCIDO_SIMULADO,1,NO_ASIGNADO,,,679
BASE,SIMULACION_CINCO_DIAS-CRITICA-N01,RECOCIDO_SIMULADO,1,NO_ASIGNADO,,,681
BASE,SIMULACION_CINCO_DIAS-CRITICA-N01,RECOCIDO_SIMULADO,1,NO_ASIGNADO,,,682
BASE,SIMULACION_CINCO_DIAS-CRITICA-N01,RECOCIDO_SIMULADO,1,NO_ASIGNADO,,,683
BASE,SIMULACION_CINCO_DIAS-CRITICA-N01,RECOCIDO_SIMULADO,1,NO_ASIGNADO,,,684
BASE,SIMULACION_CINCO_DIAS-CRITICA-N01,RECOCIDO_SIMULADO,1,NO_ASIGNADO,,,685
BASE,SIMULACION_CINCO_DIAS-CRITICA-N01,RECOCIDO_SIMULADO,1,NO_ASIGNADO,,,686
BASE,SIMULACION_CINCO_DIAS-CRITICA-N01,RECOCIDO_SIMULADO,1,NO_ASIGNADO,,,687
BASE,SIMULACION_CINCO_DIAS-CRITICA-N01,RECOCIDO_SIMULADO,1,NO_ASIGNADO,,,688
BASE,SIMULACION_CINCO_DIAS-CRITICA-N01,RECOCIDO_SIMULADO,1,NO_ASIGNADO,,,689
BASE,SIMULACION_CINCO_DIAS-CRITICA-N01,RECOCIDO_SIMULADO,1,NO_ASIGNADO,,,690
BASE,SIMULACION_CINCO_DIAS-CRITICA-N01,RECOCIDO_SIMULADO,1,NO_ASIGNADO,,,691
BASE,SIMULACION_CINCO_DIAS-CRITICA-N01,RECOCIDO_SIMULADO,1,NO_ASIGNADO,,,692
BASE,SIMULACION_CINCO_DIAS-CRITICA-N01,RECOCIDO_SIMULADO,1,NO_ASIGNADO,,,693
BASE,SIMULACION_CINCO_DIAS-CRITICA-N01,RECOCIDO_SIMULADO,1,NO_ASIGNADO,,,694
BASE,SIMULACION_CINCO_DIAS-CRITICA-N01,RECOCIDO_SIMULADO,1,NO_ASIGNADO,,,695
BASE,SIMULACION_CINCO_DIAS-CRITICA-N01,RECOCIDO_SIMULADO,1,NO_ASIGNADO,,,696
BASE,SIMULACION_CINCO_DIAS-CRITICA-N01,RECOCIDO_SIMULADO,1,NO_ASIGNADO,,,697
BASE,SIMULACION_CINCO_DIAS-CRITICA-N01,RECOCIDO_SIMULADO,1,NO_ASIGNADO,,,698
BASE,SIMULACION_CINCO_DIAS-CRITICA-N01,GENETICO,1,TA02,ALM-CENTRAL,1,332
BASE,SIMULACION_CINCO_DIAS-CRITICA-N01,GENETICO,1,TA02,ALM-CENTRAL,2,488
BASE,SIMULACION_CINCO_DIAS-CRITICA-N01,GENETICO,1,TA02,ALM-CENTRAL,3,339
BASE,SIMULACION_CINCO_DIAS-CRITICA-N01,GENETICO,1,TA02,ALM-CENTRAL,4,664
BASE,SIMULACION_CINCO_DIAS-CRITICA-N01,GENETICO,1,TA02,ALM-CENTRAL,5,679
BASE,SIMULACION_CINCO_DIAS-CRITICA-N01,GENETICO,1,TA03,ALM-CENTRAL,1,529
BASE,SIMULACION_CINCO_DIAS-CRITICA-N01,GENETICO,1,TA03,ALM-CENTRAL,2,191
BASE,SIMULACION_CINCO_DIAS-CRITICA-N01,GENETICO,1,TA03,ALM-CENTRAL,3,368
BASE,SIMULACION_CINCO_DIAS-CRITICA-N01,GENETICO,1,TA03,ALM-CENTRAL,4,648
BASE,SIMULACION_CINCO_DIAS-CRITICA-N01,GENETICO,1,TA04,ALM-CENTRAL,1,335
BASE,SIMULACION_CINCO_DIAS-CRITICA-N01,GENETICO,1,TA04,ALM-CENTRAL,2,502
BASE,SIMULACION_CINCO_DIAS-CRITICA-N01,GENETICO,1,TA04,ALM-CENTRAL,3,512
BASE,SIMULACION_CINCO_DIAS-CRITICA-N01,GENETICO,1,TA04,ALM-CENTRAL,4,662
BASE,SIMULACION_CINCO_DIAS-CRITICA-N01,GENETICO,1,TA05,ALM-CENTRAL,1,336
BASE,SIMULACION_CINCO_DIAS-CRITICA-N01,GENETICO,1,TA05,ALM-CENTRAL,2,487
BASE,SIMULACION_CINCO_DIAS-CRITICA-N01,GENETICO,1,TA05,ALM-CENTRAL,3,509
BASE,SIMULACION_CINCO_DIAS-CRITICA-N01,GENETICO,1,TA05,ALM-CENTRAL,4,652
BASE,SIMULACION_CINCO_DIAS-CRITICA-N01,GENETICO,1,TA06,ALM-CENTRAL,1,33
BASE,SIMULACION_CINCO_DIAS-CRITICA-N01,GENETICO,1,TA06,ALM-CENTRAL,2,693
BASE,SIMULACION_CINCO_DIAS-CRITICA-N01,GENETICO,1,TA06,ALM-CENTRAL,3,692
BASE,SIMULACION_CINCO_DIAS-CRITICA-N01,GENETICO,1,TA06,ALM-CENTRAL,4,651
BASE,SIMULACION_CINCO_DIAS-CRITICA-N01,GENETICO,1,TA07,ALM-CENTRAL,1,519
BASE,SIMULACION_CINCO_DIAS-CRITICA-N01,GENETICO,1,TA07,ALM-CENTRAL,2,535
BASE,SIMULACION_CINCO_DIAS-CRITICA-N01,GENETICO,1,TA07,ALM-CENTRAL,3,233
BASE,SIMULACION_CINCO_DIAS-CRITICA-N01,GENETICO,1,TA07,ALM-CENTRAL,4,645
BASE,SIMULACION_CINCO_DIAS-CRITICA-N01,GENETICO,1,TA08,ALM-CENTRAL,1,31
BASE,SIMULACION_CINCO_DIAS-CRITICA-N01,GENETICO,1,TA08,ALM-CENTRAL,2,497
BASE,SIMULACION_CINCO_DIAS-CRITICA-N01,GENETICO,1,TA08,ALM-CENTRAL,3,537
BASE,SIMULACION_CINCO_DIAS-CRITICA-N01,GENETICO,1,TA08,ALM-CENTRAL,4,647
BASE,SIMULACION_CINCO_DIAS-CRITICA-N01,GENETICO,1,TA09,ALM-CENTRAL,1,353
BASE,SIMULACION_CINCO_DIAS-CRITICA-N01,GENETICO,1,TA09,ALM-CENTRAL,2,369
BASE,SIMULACION_CINCO_DIAS-CRITICA-N01,GENETICO,1,TA09,ALM-CENTRAL,3,491
BASE,SIMULACION_CINCO_DIAS-CRITICA-N01,GENETICO,1,TA09,ALM-CENTRAL,4,220
BASE,SIMULACION_CINCO_DIAS-CRITICA-N01,GENETICO,1,TA10,ALM-CENTRAL,1,498
BASE,SIMULACION_CINCO_DIAS-CRITICA-N01,GENETICO,1,TA10,ALM-CENTRAL,2,234
BASE,SIMULACION_CINCO_DIAS-CRITICA-N01,GENETICO,1,TA10,ALM-CENTRAL,3,20
BASE,SIMULACION_CINCO_DIAS-CRITICA-N01,GENETICO,1,TA10,ALM-CENTRAL,4,538
BASE,SIMULACION_CINCO_DIAS-CRITICA-N01,GENETICO,1,TB01,ALM-CENTRAL,1,190
BASE,SIMULACION_CINCO_DIAS-CRITICA-N01,GENETICO,1,TB01,ALM-CENTRAL,2,665
BASE,SIMULACION_CINCO_DIAS-CRITICA-N01,GENETICO,1,TB02,ALM-CENTRAL,1,351
BASE,SIMULACION_CINCO_DIAS-CRITICA-N01,GENETICO,1,TB02,ALM-CENTRAL,2,688
BASE,SIMULACION_CINCO_DIAS-CRITICA-N01,GENETICO,1,TB03,ALM-CENTRAL,1,687
BASE,SIMULACION_CINCO_DIAS-CRITICA-N01,GENETICO,1,TB04,ALM-CENTRAL,1,197
BASE,SIMULACION_CINCO_DIAS-CRITICA-N01,GENETICO,1,TB04,ALM-CENTRAL,2,534
BASE,SIMULACION_CINCO_DIAS-CRITICA-N01,GENETICO,1,TB05,ALM-CENTRAL,1,209
BASE,SIMULACION_CINCO_DIAS-CRITICA-N01,GENETICO,1,TB05,ALM-CENTRAL,2,680
BASE,SIMULACION_CINCO_DIAS-CRITICA-N01,GENETICO,1,TB05,ALM-CENTRAL,3,518
BASE,SIMULACION_CINCO_DIAS-CRITICA-N01,GENETICO,1,TB06,ALM-CENTRAL,1,26
BASE,SIMULACION_CINCO_DIAS-CRITICA-N01,GENETICO,1,TB06,ALM-CENTRAL,2,650
BASE,SIMULACION_CINCO_DIAS-CRITICA-N01,GENETICO,1,TB07,ALM-CENTRAL,1,485
BASE,SIMULACION_CINCO_DIAS-CRITICA-N01,GENETICO,1,TB07,ALM-CENTRAL,2,666
BASE,SIMULACION_CINCO_DIAS-CRITICA-N01,GENETICO,1,TB08,ALM-CENTRAL,1,691
BASE,SIMULACION_CINCO_DIAS-CRITICA-N01,GENETICO,1,TB09,ALM-CENTRAL,1,536
BASE,SIMULACION_CINCO_DIAS-CRITICA-N01,GENETICO,1,TB09,ALM-CENTRAL,2,674
BASE,SIMULACION_CINCO_DIAS-CRITICA-N01,GENETICO,1,TB10,ALM-CENTRAL,1,681
BASE,SIMULACION_CINCO_DIAS-CRITICA-N01,GENETICO,1,TB10,ALM-CENTRAL,2,675
BASE,SIMULACION_CINCO_DIAS-CRITICA-N01,GENETICO,1,TB11,ALM-CENTRAL,1,698
BASE,SIMULACION_CINCO_DIAS-CRITICA-N01,GENETICO,1,TB12,ALM-CENTRAL,1,217
BASE,SIMULACION_CINCO_DIAS-CRITICA-N01,GENETICO,1,TB12,ALM-CENTRAL,2,357
BASE,SIMULACION_CINCO_DIAS-CRITICA-N01,GENETICO,1,TM01,ALM-CENTRAL,1,532
BASE,SIMULACION_CINCO_DIAS-CRITICA-N01,GENETICO,1,TM01,ALM-CENTRAL,2,328
BASE,SIMULACION_CINCO_DIAS-CRITICA-N01,GENETICO,1,TM01,ALM-CENTRAL,3,670
BASE,SIMULACION_CINCO_DIAS-CRITICA-N01,GENETICO,1,TM02,ALM-CENTRAL,1,200
BASE,SIMULACION_CINCO_DIAS-CRITICA-N01,GENETICO,1,TM02,ALM-CENTRAL,2,500
BASE,SIMULACION_CINCO_DIAS-CRITICA-N01,GENETICO,1,TM02,ALM-CENTRAL,3,697
BASE,SIMULACION_CINCO_DIAS-CRITICA-N01,GENETICO,1,TM03,ALM-CENTRAL,1,514
BASE,SIMULACION_CINCO_DIAS-CRITICA-N01,GENETICO,1,TM03,ALM-CENTRAL,2,671
BASE,SIMULACION_CINCO_DIAS-CRITICA-N01,GENETICO,1,TM03,ALM-CENTRAL,3,677
BASE,SIMULACION_CINCO_DIAS-CRITICA-N01,GENETICO,1,TM04,ALM-CENTRAL,1,213
BASE,SIMULACION_CINCO_DIAS-CRITICA-N01,GENETICO,1,TM04,ALM-CENTRAL,2,327
BASE,SIMULACION_CINCO_DIAS-CRITICA-N01,GENETICO,1,TM04,ALM-CENTRAL,3,14
BASE,SIMULACION_CINCO_DIAS-CRITICA-N01,GENETICO,1,TM05,ALM-CENTRAL,1,521
BASE,SIMULACION_CINCO_DIAS-CRITICA-N01,GENETICO,1,TM05,ALM-CENTRAL,2,21
BASE,SIMULACION_CINCO_DIAS-CRITICA-N01,GENETICO,1,TM06,ALM-CENTRAL,1,510
BASE,SIMULACION_CINCO_DIAS-CRITICA-N01,GENETICO,1,TM06,ALM-CENTRAL,2,36
BASE,SIMULACION_CINCO_DIAS-CRITICA-N01,GENETICO,1,TM07,ALM-CENTRAL,1,18
BASE,SIMULACION_CINCO_DIAS-CRITICA-N01,GENETICO,1,TM07,ALM-CENTRAL,2,496
BASE,SIMULACION_CINCO_DIAS-CRITICA-N01,GENETICO,1,TM07,ALM-CENTRAL,3,668
BASE,SIMULACION_CINCO_DIAS-CRITICA-N01,GENETICO,1,TM08,ALM-CENTRAL,1,486
BASE,SIMULACION_CINCO_DIAS-CRITICA-N01,GENETICO,1,TM08,ALM-CENTRAL,2,492
BASE,SIMULACION_CINCO_DIAS-CRITICA-N01,GENETICO,1,TM09,ALM-CENTRAL,1,367
BASE,SIMULACION_CINCO_DIAS-CRITICA-N01,GENETICO,1,TM10,ALM-CENTRAL,1,683
BASE,SIMULACION_CINCO_DIAS-CRITICA-N01,GENETICO,1,TM10,ALM-CENTRAL,2,694
BASE,SIMULACION_CINCO_DIAS-CRITICA-N01,GENETICO,1,TM11,ALM-CENTRAL,1,29
BASE,SIMULACION_CINCO_DIAS-CRITICA-N01,GENETICO,1,TM11,ALM-CENTRAL,2,354
BASE,SIMULACION_CINCO_DIAS-CRITICA-N01,GENETICO,1,TM11,ALM-CENTRAL,3,686
BASE,SIMULACION_CINCO_DIAS-CRITICA-N01,GENETICO,1,TM12,ALM-CENTRAL,1,515
BASE,SIMULACION_CINCO_DIAS-CRITICA-N01,GENETICO,1,TM12,ALM-CENTRAL,2,527
BASE,SIMULACION_CINCO_DIAS-CRITICA-N01,GENETICO,1,TM12,ALM-CENTRAL,3,685
BASE,SIMULACION_CINCO_DIAS-CRITICA-N01,GENETICO,1,TM13,ALM-CENTRAL,1,499
BASE,SIMULACION_CINCO_DIAS-CRITICA-N01,GENETICO,1,TM13,ALM-CENTRAL,2,684
BASE,SIMULACION_CINCO_DIAS-CRITICA-N01,GENETICO,1,TM14,ALM-CENTRAL,1,320
BASE,SIMULACION_CINCO_DIAS-CRITICA-N01,GENETICO,1,TM14,ALM-CENTRAL,2,690
BASE,SIMULACION_CINCO_DIAS-CRITICA-N01,GENETICO,1,TM15,ALM-CENTRAL,1,16
BASE,SIMULACION_CINCO_DIAS-CRITICA-N01,GENETICO,1,TM15,ALM-CENTRAL,2,225
BASE,SIMULACION_CINCO_DIAS-CRITICA-N01,GENETICO,1,NO_ASIGNADO,,,1
BASE,SIMULACION_CINCO_DIAS-CRITICA-N01,GENETICO,1,NO_ASIGNADO,,,2
BASE,SIMULACION_CINCO_DIAS-CRITICA-N01,GENETICO,1,NO_ASIGNADO,,,3
BASE,SIMULACION_CINCO_DIAS-CRITICA-N01,GENETICO,1,NO_ASIGNADO,,,4
BASE,SIMULACION_CINCO_DIAS-CRITICA-N01,GENETICO,1,NO_ASIGNADO,,,5
BASE,SIMULACION_CINCO_DIAS-CRITICA-N01,GENETICO,1,NO_ASIGNADO,,,6
BASE,SIMULACION_CINCO_DIAS-CRITICA-N01,GENETICO,1,NO_ASIGNADO,,,7
BASE,SIMULACION_CINCO_DIAS-CRITICA-N01,GENETICO,1,NO_ASIGNADO,,,8
BASE,SIMULACION_CINCO_DIAS-CRITICA-N01,GENETICO,1,NO_ASIGNADO,,,9
BASE,SIMULACION_CINCO_DIAS-CRITICA-N01,GENETICO,1,NO_ASIGNADO,,,10
BASE,SIMULACION_CINCO_DIAS-CRITICA-N01,GENETICO,1,NO_ASIGNADO,,,11
BASE,SIMULACION_CINCO_DIAS-CRITICA-N01,GENETICO,1,NO_ASIGNADO,,,12
BASE,SIMULACION_CINCO_DIAS-CRITICA-N01,GENETICO,1,NO_ASIGNADO,,,13
BASE,SIMULACION_CINCO_DIAS-CRITICA-N01,GENETICO,1,NO_ASIGNADO,,,15
BASE,SIMULACION_CINCO_DIAS-CRITICA-N01,GENETICO,1,NO_ASIGNADO,,,17
BASE,SIMULACION_CINCO_DIAS-CRITICA-N01,GENETICO,1,NO_ASIGNADO,,,19
BASE,SIMULACION_CINCO_DIAS-CRITICA-N01,GENETICO,1,NO_ASIGNADO,,,22
BASE,SIMULACION_CINCO_DIAS-CRITICA-N01,GENETICO,1,NO_ASIGNADO,,,23
BASE,SIMULACION_CINCO_DIAS-CRITICA-N01,GENETICO,1,NO_ASIGNADO,,,24
BASE,SIMULACION_CINCO_DIAS-CRITICA-N01,GENETICO,1,NO_ASIGNADO,,,25
BASE,SIMULACION_CINCO_DIAS-CRITICA-N01,GENETICO,1,NO_ASIGNADO,,,27
BASE,SIMULACION_CINCO_DIAS-CRITICA-N01,GENETICO,1,NO_ASIGNADO,,,28
BASE,SIMULACION_CINCO_DIAS-CRITICA-N01,GENETICO,1,NO_ASIGNADO,,,30
BASE,SIMULACION_CINCO_DIAS-CRITICA-N01,GENETICO,1,NO_ASIGNADO,,,32
BASE,SIMULACION_CINCO_DIAS-CRITICA-N01,GENETICO,1,NO_ASIGNADO,,,34
BASE,SIMULACION_CINCO_DIAS-CRITICA-N01,GENETICO,1,NO_ASIGNADO,,,35
BASE,SIMULACION_CINCO_DIAS-CRITICA-N01,GENETICO,1,NO_ASIGNADO,,,37
BASE,SIMULACION_CINCO_DIAS-CRITICA-N01,GENETICO,1,NO_ASIGNADO,,,38
BASE,SIMULACION_CINCO_DIAS-CRITICA-N01,GENETICO,1,NO_ASIGNADO,,,39
BASE,SIMULACION_CINCO_DIAS-CRITICA-N01,GENETICO,1,NO_ASIGNADO,,,40
BASE,SIMULACION_CINCO_DIAS-CRITICA-N01,GENETICO,1,NO_ASIGNADO,,,41
BASE,SIMULACION_CINCO_DIAS-CRITICA-N01,GENETICO,1,NO_ASIGNADO,,,42
BASE,SIMULACION_CINCO_DIAS-CRITICA-N01,GENETICO,1,NO_ASIGNADO,,,43
BASE,SIMULACION_CINCO_DIAS-CRITICA-N01,GENETICO,1,NO_ASIGNADO,,,44
BASE,SIMULACION_CINCO_DIAS-CRITICA-N01,GENETICO,1,NO_ASIGNADO,,,45
BASE,SIMULACION_CINCO_DIAS-CRITICA-N01,GENETICO,1,NO_ASIGNADO,,,46
BASE,SIMULACION_CINCO_DIAS-CRITICA-N01,GENETICO,1,NO_ASIGNADO,,,47
BASE,SIMULACION_CINCO_DIAS-CRITICA-N01,GENETICO,1,NO_ASIGNADO,,,48
BASE,SIMULACION_CINCO_DIAS-CRITICA-N01,GENETICO,1,NO_ASIGNADO,,,49
BASE,SIMULACION_CINCO_DIAS-CRITICA-N01,GENETICO,1,NO_ASIGNADO,,,50
BASE,SIMULACION_CINCO_DIAS-CRITICA-N01,GENETICO,1,NO_ASIGNADO,,,51
BASE,SIMULACION_CINCO_DIAS-CRITICA-N01,GENETICO,1,NO_ASIGNADO,,,52
BASE,SIMULACION_CINCO_DIAS-CRITICA-N01,GENETICO,1,NO_ASIGNADO,,,53
BASE,SIMULACION_CINCO_DIAS-CRITICA-N01,GENETICO,1,NO_ASIGNADO,,,54
BASE,SIMULACION_CINCO_DIAS-CRITICA-N01,GENETICO,1,NO_ASIGNADO,,,55
BASE,SIMULACION_CINCO_DIAS-CRITICA-N01,GENETICO,1,NO_ASIGNADO,,,188
BASE,SIMULACION_CINCO_DIAS-CRITICA-N01,GENETICO,1,NO_ASIGNADO,,,189
BASE,SIMULACION_CINCO_DIAS-CRITICA-N01,GENETICO,1,NO_ASIGNADO,,,192
BASE,SIMULACION_CINCO_DIAS-CRITICA-N01,GENETICO,1,NO_ASIGNADO,,,193
BASE,SIMULACION_CINCO_DIAS-CRITICA-N01,GENETICO,1,NO_ASIGNADO,,,194
BASE,SIMULACION_CINCO_DIAS-CRITICA-N01,GENETICO,1,NO_ASIGNADO,,,195
BASE,SIMULACION_CINCO_DIAS-CRITICA-N01,GENETICO,1,NO_ASIGNADO,,,196
BASE,SIMULACION_CINCO_DIAS-CRITICA-N01,GENETICO,1,NO_ASIGNADO,,,198
BASE,SIMULACION_CINCO_DIAS-CRITICA-N01,GENETICO,1,NO_ASIGNADO,,,199
BASE,SIMULACION_CINCO_DIAS-CRITICA-N01,GENETICO,1,NO_ASIGNADO,,,201
BASE,SIMULACION_CINCO_DIAS-CRITICA-N01,GENETICO,1,NO_ASIGNADO,,,202
BASE,SIMULACION_CINCO_DIAS-CRITICA-N01,GENETICO,1,NO_ASIGNADO,,,203
BASE,SIMULACION_CINCO_DIAS-CRITICA-N01,GENETICO,1,NO_ASIGNADO,,,204
BASE,SIMULACION_CINCO_DIAS-CRITICA-N01,GENETICO,1,NO_ASIGNADO,,,205
BASE,SIMULACION_CINCO_DIAS-CRITICA-N01,GENETICO,1,NO_ASIGNADO,,,206
BASE,SIMULACION_CINCO_DIAS-CRITICA-N01,GENETICO,1,NO_ASIGNADO,,,207
BASE,SIMULACION_CINCO_DIAS-CRITICA-N01,GENETICO,1,NO_ASIGNADO,,,208
BASE,SIMULACION_CINCO_DIAS-CRITICA-N01,GENETICO,1,NO_ASIGNADO,,,210
BASE,SIMULACION_CINCO_DIAS-CRITICA-N01,GENETICO,1,NO_ASIGNADO,,,211
BASE,SIMULACION_CINCO_DIAS-CRITICA-N01,GENETICO,1,NO_ASIGNADO,,,212
BASE,SIMULACION_CINCO_DIAS-CRITICA-N01,GENETICO,1,NO_ASIGNADO,,,214
BASE,SIMULACION_CINCO_DIAS-CRITICA-N01,GENETICO,1,NO_ASIGNADO,,,215
BASE,SIMULACION_CINCO_DIAS-CRITICA-N01,GENETICO,1,NO_ASIGNADO,,,216
BASE,SIMULACION_CINCO_DIAS-CRITICA-N01,GENETICO,1,NO_ASIGNADO,,,218
BASE,SIMULACION_CINCO_DIAS-CRITICA-N01,GENETICO,1,NO_ASIGNADO,,,219
BASE,SIMULACION_CINCO_DIAS-CRITICA-N01,GENETICO,1,NO_ASIGNADO,,,221
BASE,SIMULACION_CINCO_DIAS-CRITICA-N01,GENETICO,1,NO_ASIGNADO,,,222
BASE,SIMULACION_CINCO_DIAS-CRITICA-N01,GENETICO,1,NO_ASIGNADO,,,223
BASE,SIMULACION_CINCO_DIAS-CRITICA-N01,GENETICO,1,NO_ASIGNADO,,,224
BASE,SIMULACION_CINCO_DIAS-CRITICA-N01,GENETICO,1,NO_ASIGNADO,,,226
BASE,SIMULACION_CINCO_DIAS-CRITICA-N01,GENETICO,1,NO_ASIGNADO,,,227
BASE,SIMULACION_CINCO_DIAS-CRITICA-N01,GENETICO,1,NO_ASIGNADO,,,228
BASE,SIMULACION_CINCO_DIAS-CRITICA-N01,GENETICO,1,NO_ASIGNADO,,,229
BASE,SIMULACION_CINCO_DIAS-CRITICA-N01,GENETICO,1,NO_ASIGNADO,,,230
BASE,SIMULACION_CINCO_DIAS-CRITICA-N01,GENETICO,1,NO_ASIGNADO,,,231
BASE,SIMULACION_CINCO_DIAS-CRITICA-N01,GENETICO,1,NO_ASIGNADO,,,232
BASE,SIMULACION_CINCO_DIAS-CRITICA-N01,GENETICO,1,NO_ASIGNADO,,,235
BASE,SIMULACION_CINCO_DIAS-CRITICA-N01,GENETICO,1,NO_ASIGNADO,,,236
BASE,SIMULACION_CINCO_DIAS-CRITICA-N01,GENETICO,1,NO_ASIGNADO,,,237
BASE,SIMULACION_CINCO_DIAS-CRITICA-N01,GENETICO,1,NO_ASIGNADO,,,238
BASE,SIMULACION_CINCO_DIAS-CRITICA-N01,GENETICO,1,NO_ASIGNADO,,,239
BASE,SIMULACION_CINCO_DIAS-CRITICA-N01,GENETICO,1,NO_ASIGNADO,,,240
BASE,SIMULACION_CINCO_DIAS-CRITICA-N01,GENETICO,1,NO_ASIGNADO,,,241
BASE,SIMULACION_CINCO_DIAS-CRITICA-N01,GENETICO,1,NO_ASIGNADO,,,242
BASE,SIMULACION_CINCO_DIAS-CRITICA-N01,GENETICO,1,NO_ASIGNADO,,,318
BASE,SIMULACION_CINCO_DIAS-CRITICA-N01,GENETICO,1,NO_ASIGNADO,,,319
BASE,SIMULACION_CINCO_DIAS-CRITICA-N01,GENETICO,1,NO_ASIGNADO,,,321
BASE,SIMULACION_CINCO_DIAS-CRITICA-N01,GENETICO,1,NO_ASIGNADO,,,322
BASE,SIMULACION_CINCO_DIAS-CRITICA-N01,GENETICO,1,NO_ASIGNADO,,,323
BASE,SIMULACION_CINCO_DIAS-CRITICA-N01,GENETICO,1,NO_ASIGNADO,,,324
BASE,SIMULACION_CINCO_DIAS-CRITICA-N01,GENETICO,1,NO_ASIGNADO,,,325
BASE,SIMULACION_CINCO_DIAS-CRITICA-N01,GENETICO,1,NO_ASIGNADO,,,326
BASE,SIMULACION_CINCO_DIAS-CRITICA-N01,GENETICO,1,NO_ASIGNADO,,,329
BASE,SIMULACION_CINCO_DIAS-CRITICA-N01,GENETICO,1,NO_ASIGNADO,,,330
BASE,SIMULACION_CINCO_DIAS-CRITICA-N01,GENETICO,1,NO_ASIGNADO,,,331
BASE,SIMULACION_CINCO_DIAS-CRITICA-N01,GENETICO,1,NO_ASIGNADO,,,333
BASE,SIMULACION_CINCO_DIAS-CRITICA-N01,GENETICO,1,NO_ASIGNADO,,,334
BASE,SIMULACION_CINCO_DIAS-CRITICA-N01,GENETICO,1,NO_ASIGNADO,,,337
BASE,SIMULACION_CINCO_DIAS-CRITICA-N01,GENETICO,1,NO_ASIGNADO,,,338
BASE,SIMULACION_CINCO_DIAS-CRITICA-N01,GENETICO,1,NO_ASIGNADO,,,340
BASE,SIMULACION_CINCO_DIAS-CRITICA-N01,GENETICO,1,NO_ASIGNADO,,,341
BASE,SIMULACION_CINCO_DIAS-CRITICA-N01,GENETICO,1,NO_ASIGNADO,,,342
BASE,SIMULACION_CINCO_DIAS-CRITICA-N01,GENETICO,1,NO_ASIGNADO,,,343
BASE,SIMULACION_CINCO_DIAS-CRITICA-N01,GENETICO,1,NO_ASIGNADO,,,344
BASE,SIMULACION_CINCO_DIAS-CRITICA-N01,GENETICO,1,NO_ASIGNADO,,,345
BASE,SIMULACION_CINCO_DIAS-CRITICA-N01,GENETICO,1,NO_ASIGNADO,,,346
BASE,SIMULACION_CINCO_DIAS-CRITICA-N01,GENETICO,1,NO_ASIGNADO,,,347
BASE,SIMULACION_CINCO_DIAS-CRITICA-N01,GENETICO,1,NO_ASIGNADO,,,348
BASE,SIMULACION_CINCO_DIAS-CRITICA-N01,GENETICO,1,NO_ASIGNADO,,,349
BASE,SIMULACION_CINCO_DIAS-CRITICA-N01,GENETICO,1,NO_ASIGNADO,,,350
BASE,SIMULACION_CINCO_DIAS-CRITICA-N01,GENETICO,1,NO_ASIGNADO,,,352
BASE,SIMULACION_CINCO_DIAS-CRITICA-N01,GENETICO,1,NO_ASIGNADO,,,355
BASE,SIMULACION_CINCO_DIAS-CRITICA-N01,GENETICO,1,NO_ASIGNADO,,,356
BASE,SIMULACION_CINCO_DIAS-CRITICA-N01,GENETICO,1,NO_ASIGNADO,,,358
BASE,SIMULACION_CINCO_DIAS-CRITICA-N01,GENETICO,1,NO_ASIGNADO,,,359
BASE,SIMULACION_CINCO_DIAS-CRITICA-N01,GENETICO,1,NO_ASIGNADO,,,360
BASE,SIMULACION_CINCO_DIAS-CRITICA-N01,GENETICO,1,NO_ASIGNADO,,,361
BASE,SIMULACION_CINCO_DIAS-CRITICA-N01,GENETICO,1,NO_ASIGNADO,,,362
BASE,SIMULACION_CINCO_DIAS-CRITICA-N01,GENETICO,1,NO_ASIGNADO,,,363
BASE,SIMULACION_CINCO_DIAS-CRITICA-N01,GENETICO,1,NO_ASIGNADO,,,364
BASE,SIMULACION_CINCO_DIAS-CRITICA-N01,GENETICO,1,NO_ASIGNADO,,,365
BASE,SIMULACION_CINCO_DIAS-CRITICA-N01,GENETICO,1,NO_ASIGNADO,,,366
BASE,SIMULACION_CINCO_DIAS-CRITICA-N01,GENETICO,1,NO_ASIGNADO,,,370
BASE,SIMULACION_CINCO_DIAS-CRITICA-N01,GENETICO,1,NO_ASIGNADO,,,371
BASE,SIMULACION_CINCO_DIAS-CRITICA-N01,GENETICO,1,NO_ASIGNADO,,,372
BASE,SIMULACION_CINCO_DIAS-CRITICA-N01,GENETICO,1,NO_ASIGNADO,,,489
BASE,SIMULACION_CINCO_DIAS-CRITICA-N01,GENETICO,1,NO_ASIGNADO,,,490
BASE,SIMULACION_CINCO_DIAS-CRITICA-N01,GENETICO,1,NO_ASIGNADO,,,493
BASE,SIMULACION_CINCO_DIAS-CRITICA-N01,GENETICO,1,NO_ASIGNADO,,,494
BASE,SIMULACION_CINCO_DIAS-CRITICA-N01,GENETICO,1,NO_ASIGNADO,,,495
BASE,SIMULACION_CINCO_DIAS-CRITICA-N01,GENETICO,1,NO_ASIGNADO,,,501
BASE,SIMULACION_CINCO_DIAS-CRITICA-N01,GENETICO,1,NO_ASIGNADO,,,503
BASE,SIMULACION_CINCO_DIAS-CRITICA-N01,GENETICO,1,NO_ASIGNADO,,,504
BASE,SIMULACION_CINCO_DIAS-CRITICA-N01,GENETICO,1,NO_ASIGNADO,,,505
BASE,SIMULACION_CINCO_DIAS-CRITICA-N01,GENETICO,1,NO_ASIGNADO,,,506
BASE,SIMULACION_CINCO_DIAS-CRITICA-N01,GENETICO,1,NO_ASIGNADO,,,507
BASE,SIMULACION_CINCO_DIAS-CRITICA-N01,GENETICO,1,NO_ASIGNADO,,,508
BASE,SIMULACION_CINCO_DIAS-CRITICA-N01,GENETICO,1,NO_ASIGNADO,,,511
BASE,SIMULACION_CINCO_DIAS-CRITICA-N01,GENETICO,1,NO_ASIGNADO,,,513
BASE,SIMULACION_CINCO_DIAS-CRITICA-N01,GENETICO,1,NO_ASIGNADO,,,516
BASE,SIMULACION_CINCO_DIAS-CRITICA-N01,GENETICO,1,NO_ASIGNADO,,,517
BASE,SIMULACION_CINCO_DIAS-CRITICA-N01,GENETICO,1,NO_ASIGNADO,,,520
BASE,SIMULACION_CINCO_DIAS-CRITICA-N01,GENETICO,1,NO_ASIGNADO,,,522
BASE,SIMULACION_CINCO_DIAS-CRITICA-N01,GENETICO,1,NO_ASIGNADO,,,523
BASE,SIMULACION_CINCO_DIAS-CRITICA-N01,GENETICO,1,NO_ASIGNADO,,,524
BASE,SIMULACION_CINCO_DIAS-CRITICA-N01,GENETICO,1,NO_ASIGNADO,,,525
BASE,SIMULACION_CINCO_DIAS-CRITICA-N01,GENETICO,1,NO_ASIGNADO,,,526
BASE,SIMULACION_CINCO_DIAS-CRITICA-N01,GENETICO,1,NO_ASIGNADO,,,528
BASE,SIMULACION_CINCO_DIAS-CRITICA-N01,GENETICO,1,NO_ASIGNADO,,,530
BASE,SIMULACION_CINCO_DIAS-CRITICA-N01,GENETICO,1,NO_ASIGNADO,,,531
BASE,SIMULACION_CINCO_DIAS-CRITICA-N01,GENETICO,1,NO_ASIGNADO,,,533
BASE,SIMULACION_CINCO_DIAS-CRITICA-N01,GENETICO,1,NO_ASIGNADO,,,539
BASE,SIMULACION_CINCO_DIAS-CRITICA-N01,GENETICO,1,NO_ASIGNADO,,,644
BASE,SIMULACION_CINCO_DIAS-CRITICA-N01,GENETICO,1,NO_ASIGNADO,,,646
BASE,SIMULACION_CINCO_DIAS-CRITICA-N01,GENETICO,1,NO_ASIGNADO,,,649
BASE,SIMULACION_CINCO_DIAS-CRITICA-N01,GENETICO,1,NO_ASIGNADO,,,653
BASE,SIMULACION_CINCO_DIAS-CRITICA-N01,GENETICO,1,NO_ASIGNADO,,,654
BASE,SIMULACION_CINCO_DIAS-CRITICA-N01,GENETICO,1,NO_ASIGNADO,,,655
BASE,SIMULACION_CINCO_DIAS-CRITICA-N01,GENETICO,1,NO_ASIGNADO,,,656
BASE,SIMULACION_CINCO_DIAS-CRITICA-N01,GENETICO,1,NO_ASIGNADO,,,657
BASE,SIMULACION_CINCO_DIAS-CRITICA-N01,GENETICO,1,NO_ASIGNADO,,,658
BASE,SIMULACION_CINCO_DIAS-CRITICA-N01,GENETICO,1,NO_ASIGNADO,,,659
BASE,SIMULACION_CINCO_DIAS-CRITICA-N01,GENETICO,1,NO_ASIGNADO,,,660
BASE,SIMULACION_CINCO_DIAS-CRITICA-N01,GENETICO,1,NO_ASIGNADO,,,661
BASE,SIMULACION_CINCO_DIAS-CRITICA-N01,GENETICO,1,NO_ASIGNADO,,,663
BASE,SIMULACION_CINCO_DIAS-CRITICA-N01,GENETICO,1,NO_ASIGNADO,,,667
BASE,SIMULACION_CINCO_DIAS-CRITICA-N01,GENETICO,1,NO_ASIGNADO,,,669
BASE,SIMULACION_CINCO_DIAS-CRITICA-N01,GENETICO,1,NO_ASIGNADO,,,672
BASE,SIMULACION_CINCO_DIAS-CRITICA-N01,GENETICO,1,NO_ASIGNADO,,,673
BASE,SIMULACION_CINCO_DIAS-CRITICA-N01,GENETICO,1,NO_ASIGNADO,,,676
BASE,SIMULACION_CINCO_DIAS-CRITICA-N01,GENETICO,1,NO_ASIGNADO,,,678
BASE,SIMULACION_CINCO_DIAS-CRITICA-N01,GENETICO,1,NO_ASIGNADO,,,682
BASE,SIMULACION_CINCO_DIAS-CRITICA-N01,GENETICO,1,NO_ASIGNADO,,,689
BASE,SIMULACION_CINCO_DIAS-CRITICA-N01,GENETICO,1,NO_ASIGNADO,,,695
BASE,SIMULACION_CINCO_DIAS-CRITICA-N01,GENETICO,1,NO_ASIGNADO,,,696
BASE,COLAPSO_LOGISTICO-NORMAL-N01,GENETICO,0,TA02,ALM-CENTRAL,1,18
BASE,COLAPSO_LOGISTICO-NORMAL-N01,GENETICO,0,TA03,ALM-CENTRAL,1,14
BASE,COLAPSO_LOGISTICO-NORMAL-N01,GENETICO,0,TA04,ALM-CENTRAL,1,20
BASE,COLAPSO_LOGISTICO-NORMAL-N01,GENETICO,0,TA05,ALM-CENTRAL,1,4
BASE,COLAPSO_LOGISTICO-NORMAL-N01,GENETICO,0,TA06,ALM-CENTRAL,1,15
BASE,COLAPSO_LOGISTICO-NORMAL-N01,GENETICO,0,TA07,ALM-CENTRAL,1,22
BASE,COLAPSO_LOGISTICO-NORMAL-N01,GENETICO,0,TA08,ALM-CENTRAL,1,16
BASE,COLAPSO_LOGISTICO-NORMAL-N01,GENETICO,0,TA08,ALM-CENTRAL,2,17
BASE,COLAPSO_LOGISTICO-NORMAL-N01,GENETICO,0,TA09,ALM-CENTRAL,1,8
BASE,COLAPSO_LOGISTICO-NORMAL-N01,GENETICO,0,TA10,ALM-CENTRAL,1,6
BASE,COLAPSO_LOGISTICO-NORMAL-N01,GENETICO,0,TM01,ALM-CENTRAL,1,23
BASE,COLAPSO_LOGISTICO-NORMAL-N01,GENETICO,0,TM02,ALM-CENTRAL,1,12
BASE,COLAPSO_LOGISTICO-NORMAL-N01,GENETICO,0,TM03,ALM-CENTRAL,1,2
BASE,COLAPSO_LOGISTICO-NORMAL-N01,GENETICO,0,TM04,ALM-CENTRAL,1,3
BASE,COLAPSO_LOGISTICO-NORMAL-N01,GENETICO,0,TM05,ALM-CENTRAL,1,21
BASE,COLAPSO_LOGISTICO-NORMAL-N01,GENETICO,0,TM06,ALM-CENTRAL,1,13
BASE,COLAPSO_LOGISTICO-NORMAL-N01,GENETICO,0,TM07,ALM-CENTRAL,1,11
BASE,COLAPSO_LOGISTICO-NORMAL-N01,GENETICO,0,TM08,ALM-CENTRAL,1,1
BASE,COLAPSO_LOGISTICO-NORMAL-N01,GENETICO,0,TM09,ALM-CENTRAL,1,9
BASE,COLAPSO_LOGISTICO-NORMAL-N01,GENETICO,0,TM10,ALM-CENTRAL,1,7
BASE,COLAPSO_LOGISTICO-NORMAL-N01,GENETICO,0,TM11,ALM-CENTRAL,1,19
BASE,COLAPSO_LOGISTICO-NORMAL-N01,GENETICO,0,TM12,ALM-CENTRAL,1,5
BASE,COLAPSO_LOGISTICO-NORMAL-N01,GENETICO,0,TM13,ALM-CENTRAL,1,24
BASE,COLAPSO_LOGISTICO-NORMAL-N01,GENETICO,0,TM14,ALM-CENTRAL,1,10
BASE,COLAPSO_LOGISTICO-NORMAL-N01,GENETICO,0,TM15,ALM-CENTRAL,1,25
BASE,COLAPSO_LOGISTICO-NORMAL-N01,RECOCIDO_SIMULADO,0,TA02,ALM-CENTRAL,1,6
BASE,COLAPSO_LOGISTICO-NORMAL-N01,RECOCIDO_SIMULADO,0,TA03,ALM-CENTRAL,1,9
BASE,COLAPSO_LOGISTICO-NORMAL-N01,RECOCIDO_SIMULADO,0,TA04,ALM-CENTRAL,1,2
BASE,COLAPSO_LOGISTICO-NORMAL-N01,RECOCIDO_SIMULADO,0,TA05,ALM-CENTRAL,1,11
BASE,COLAPSO_LOGISTICO-NORMAL-N01,RECOCIDO_SIMULADO,0,TA06,ALM-CENTRAL,1,19
BASE,COLAPSO_LOGISTICO-NORMAL-N01,RECOCIDO_SIMULADO,0,TA07,ALM-CENTRAL,1,23
BASE,COLAPSO_LOGISTICO-NORMAL-N01,RECOCIDO_SIMULADO,0,TA07,ALM-CENTRAL,2,17
BASE,COLAPSO_LOGISTICO-NORMAL-N01,RECOCIDO_SIMULADO,0,TA08,ALM-CENTRAL,1,22
BASE,COLAPSO_LOGISTICO-NORMAL-N01,RECOCIDO_SIMULADO,0,TA09,ALM-CENTRAL,1,8
BASE,COLAPSO_LOGISTICO-NORMAL-N01,RECOCIDO_SIMULADO,0,TA10,ALM-CENTRAL,1,16
BASE,COLAPSO_LOGISTICO-NORMAL-N01,RECOCIDO_SIMULADO,0,TM01,ALM-CENTRAL,1,18
BASE,COLAPSO_LOGISTICO-NORMAL-N01,RECOCIDO_SIMULADO,0,TM02,ALM-CENTRAL,1,24
BASE,COLAPSO_LOGISTICO-NORMAL-N01,RECOCIDO_SIMULADO,0,TM03,ALM-CENTRAL,1,4
BASE,COLAPSO_LOGISTICO-NORMAL-N01,RECOCIDO_SIMULADO,0,TM04,ALM-CENTRAL,1,5
BASE,COLAPSO_LOGISTICO-NORMAL-N01,RECOCIDO_SIMULADO,0,TM05,ALM-CENTRAL,1,12
BASE,COLAPSO_LOGISTICO-NORMAL-N01,RECOCIDO_SIMULADO,0,TM06,ALM-CENTRAL,1,13
BASE,COLAPSO_LOGISTICO-NORMAL-N01,RECOCIDO_SIMULADO,0,TM07,ALM-CENTRAL,1,20
BASE,COLAPSO_LOGISTICO-NORMAL-N01,RECOCIDO_SIMULADO,0,TM08,ALM-CENTRAL,1,1
BASE,COLAPSO_LOGISTICO-NORMAL-N01,RECOCIDO_SIMULADO,0,TM09,ALM-CENTRAL,1,3
BASE,COLAPSO_LOGISTICO-NORMAL-N01,RECOCIDO_SIMULADO,0,TM10,ALM-CENTRAL,1,7
BASE,COLAPSO_LOGISTICO-NORMAL-N01,RECOCIDO_SIMULADO,0,TM11,ALM-CENTRAL,1,10
BASE,COLAPSO_LOGISTICO-NORMAL-N01,RECOCIDO_SIMULADO,0,TM12,ALM-CENTRAL,1,14
BASE,COLAPSO_LOGISTICO-NORMAL-N01,RECOCIDO_SIMULADO,0,TM13,ALM-CENTRAL,1,15
BASE,COLAPSO_LOGISTICO-NORMAL-N01,RECOCIDO_SIMULADO,0,TM14,ALM-CENTRAL,1,21
BASE,COLAPSO_LOGISTICO-NORMAL-N01,RECOCIDO_SIMULADO,0,TM15,ALM-CENTRAL,1,25
BASE,COLAPSO_LOGISTICO-NORMAL-N01,RECOCIDO_SIMULADO,1,TA02,ALM-CENTRAL,1,6
BASE,COLAPSO_LOGISTICO-NORMAL-N01,RECOCIDO_SIMULADO,1,TA03,ALM-CENTRAL,1,9
BASE,COLAPSO_LOGISTICO-NORMAL-N01,RECOCIDO_SIMULADO,1,TA04,ALM-CENTRAL,1,2
BASE,COLAPSO_LOGISTICO-NORMAL-N01,RECOCIDO_SIMULADO,1,TA05,ALM-CENTRAL,1,11
BASE,COLAPSO_LOGISTICO-NORMAL-N01,RECOCIDO_SIMULADO,1,TA06,ALM-CENTRAL,1,19
BASE,COLAPSO_LOGISTICO-NORMAL-N01,RECOCIDO_SIMULADO,1,TA07,ALM-CENTRAL,1,22
BASE,COLAPSO_LOGISTICO-NORMAL-N01,RECOCIDO_SIMULADO,1,TA08,ALM-CENTRAL,1,23
BASE,COLAPSO_LOGISTICO-NORMAL-N01,RECOCIDO_SIMULADO,1,TA08,ALM-CENTRAL,2,17
BASE,COLAPSO_LOGISTICO-NORMAL-N01,RECOCIDO_SIMULADO,1,TA09,ALM-CENTRAL,1,8
BASE,COLAPSO_LOGISTICO-NORMAL-N01,RECOCIDO_SIMULADO,1,TA10,ALM-CENTRAL,1,16
BASE,COLAPSO_LOGISTICO-NORMAL-N01,RECOCIDO_SIMULADO,1,TM01,ALM-CENTRAL,1,18
BASE,COLAPSO_LOGISTICO-NORMAL-N01,RECOCIDO_SIMULADO,1,TM02,ALM-CENTRAL,1,24
BASE,COLAPSO_LOGISTICO-NORMAL-N01,RECOCIDO_SIMULADO,1,TM03,ALM-CENTRAL,1,4
BASE,COLAPSO_LOGISTICO-NORMAL-N01,RECOCIDO_SIMULADO,1,TM04,ALM-CENTRAL,1,5
BASE,COLAPSO_LOGISTICO-NORMAL-N01,RECOCIDO_SIMULADO,1,TM05,ALM-CENTRAL,1,12
BASE,COLAPSO_LOGISTICO-NORMAL-N01,RECOCIDO_SIMULADO,1,TM06,ALM-CENTRAL,1,13
BASE,COLAPSO_LOGISTICO-NORMAL-N01,RECOCIDO_SIMULADO,1,TM07,ALM-CENTRAL,1,20
BASE,COLAPSO_LOGISTICO-NORMAL-N01,RECOCIDO_SIMULADO,1,TM08,ALM-CENTRAL,1,1
BASE,COLAPSO_LOGISTICO-NORMAL-N01,RECOCIDO_SIMULADO,1,TM09,ALM-CENTRAL,1,3
BASE,COLAPSO_LOGISTICO-NORMAL-N01,RECOCIDO_SIMULADO,1,TM10,ALM-CENTRAL,1,7
BASE,COLAPSO_LOGISTICO-NORMAL-N01,RECOCIDO_SIMULADO,1,TM11,ALM-CENTRAL,1,10
BASE,COLAPSO_LOGISTICO-NORMAL-N01,RECOCIDO_SIMULADO,1,TM12,ALM-CENTRAL,1,14
BASE,COLAPSO_LOGISTICO-NORMAL-N01,RECOCIDO_SIMULADO,1,TM13,ALM-CENTRAL,1,15
BASE,COLAPSO_LOGISTICO-NORMAL-N01,RECOCIDO_SIMULADO,1,TM14,ALM-CENTRAL,1,21
BASE,COLAPSO_LOGISTICO-NORMAL-N01,RECOCIDO_SIMULADO,1,TM15,ALM-CENTRAL,1,25
BASE,COLAPSO_LOGISTICO-NORMAL-N01,GENETICO,1,TA02,ALM-CENTRAL,1,4
BASE,COLAPSO_LOGISTICO-NORMAL-N01,GENETICO,1,TA03,ALM-CENTRAL,1,9
BASE,COLAPSO_LOGISTICO-NORMAL-N01,GENETICO,1,TA03,ALM-CENTRAL,2,15
BASE,COLAPSO_LOGISTICO-NORMAL-N01,GENETICO,1,TA04,ALM-CENTRAL,1,20
BASE,COLAPSO_LOGISTICO-NORMAL-N01,GENETICO,1,TA05,ALM-CENTRAL,1,8
BASE,COLAPSO_LOGISTICO-NORMAL-N01,GENETICO,1,TA06,ALM-CENTRAL,1,22
BASE,COLAPSO_LOGISTICO-NORMAL-N01,GENETICO,1,TA07,ALM-CENTRAL,1,17
BASE,COLAPSO_LOGISTICO-NORMAL-N01,GENETICO,1,TA08,ALM-CENTRAL,1,6
BASE,COLAPSO_LOGISTICO-NORMAL-N01,GENETICO,1,TA09,ALM-CENTRAL,1,14
BASE,COLAPSO_LOGISTICO-NORMAL-N01,GENETICO,1,TA10,ALM-CENTRAL,1,18
BASE,COLAPSO_LOGISTICO-NORMAL-N01,GENETICO,1,TM01,ALM-CENTRAL,1,13
BASE,COLAPSO_LOGISTICO-NORMAL-N01,GENETICO,1,TM02,ALM-CENTRAL,1,1
BASE,COLAPSO_LOGISTICO-NORMAL-N01,GENETICO,1,TM03,ALM-CENTRAL,1,16
BASE,COLAPSO_LOGISTICO-NORMAL-N01,GENETICO,1,TM04,ALM-CENTRAL,1,11
BASE,COLAPSO_LOGISTICO-NORMAL-N01,GENETICO,1,TM05,ALM-CENTRAL,1,21
BASE,COLAPSO_LOGISTICO-NORMAL-N01,GENETICO,1,TM06,ALM-CENTRAL,1,25
BASE,COLAPSO_LOGISTICO-NORMAL-N01,GENETICO,1,TM07,ALM-CENTRAL,1,3
BASE,COLAPSO_LOGISTICO-NORMAL-N01,GENETICO,1,TM08,ALM-CENTRAL,1,10
BASE,COLAPSO_LOGISTICO-NORMAL-N01,GENETICO,1,TM09,ALM-CENTRAL,1,2
BASE,COLAPSO_LOGISTICO-NORMAL-N01,GENETICO,1,TM10,ALM-CENTRAL,1,23
BASE,COLAPSO_LOGISTICO-NORMAL-N01,GENETICO,1,TM11,ALM-CENTRAL,1,12
BASE,COLAPSO_LOGISTICO-NORMAL-N01,GENETICO,1,TM12,ALM-CENTRAL,1,19
BASE,COLAPSO_LOGISTICO-NORMAL-N01,GENETICO,1,TM13,ALM-CENTRAL,1,24
BASE,COLAPSO_LOGISTICO-NORMAL-N01,GENETICO,1,TM14,ALM-CENTRAL,1,5
BASE,COLAPSO_LOGISTICO-NORMAL-N01,GENETICO,1,TM15,ALM-CENTRAL,1,7
BASE,COLAPSO_LOGISTICO-ALTA-N01,GENETICO,0,TA02,ALM-CENTRAL,1,6
BASE,COLAPSO_LOGISTICO-ALTA-N01,GENETICO,0,TA02,ALM-CENTRAL,2,17
BASE,COLAPSO_LOGISTICO-ALTA-N01,GENETICO,0,TA03,ALM-CENTRAL,1,9
BASE,COLAPSO_LOGISTICO-ALTA-N01,GENETICO,0,TA03,ALM-CENTRAL,2,10
BASE,COLAPSO_LOGISTICO-ALTA-N01,GENETICO,0,TA04,ALM-CENTRAL,1,8
BASE,COLAPSO_LOGISTICO-ALTA-N01,GENETICO,0,TA04,ALM-CENTRAL,2,20
BASE,COLAPSO_LOGISTICO-ALTA-N01,GENETICO,0,TA05,ALM-CENTRAL,1,31
BASE,COLAPSO_LOGISTICO-ALTA-N01,GENETICO,0,TA05,ALM-CENTRAL,2,27
BASE,COLAPSO_LOGISTICO-ALTA-N01,GENETICO,0,TA06,ALM-CENTRAL,1,16
BASE,COLAPSO_LOGISTICO-ALTA-N01,GENETICO,0,TA06,ALM-CENTRAL,2,35
BASE,COLAPSO_LOGISTICO-ALTA-N01,GENETICO,0,TA07,ALM-CENTRAL,1,38
BASE,COLAPSO_LOGISTICO-ALTA-N01,GENETICO,0,TA07,ALM-CENTRAL,2,4
BASE,COLAPSO_LOGISTICO-ALTA-N01,GENETICO,0,TA08,ALM-CENTRAL,1,25
BASE,COLAPSO_LOGISTICO-ALTA-N01,GENETICO,0,TA08,ALM-CENTRAL,2,12
BASE,COLAPSO_LOGISTICO-ALTA-N01,GENETICO,0,TA09,ALM-CENTRAL,1,36
BASE,COLAPSO_LOGISTICO-ALTA-N01,GENETICO,0,TA09,ALM-CENTRAL,2,30
BASE,COLAPSO_LOGISTICO-ALTA-N01,GENETICO,0,TA10,ALM-CENTRAL,1,15
BASE,COLAPSO_LOGISTICO-ALTA-N01,GENETICO,0,TA10,ALM-CENTRAL,2,22
BASE,COLAPSO_LOGISTICO-ALTA-N01,GENETICO,0,TB02,ALM-CENTRAL,1,33
BASE,COLAPSO_LOGISTICO-ALTA-N01,GENETICO,0,TB04,ALM-CENTRAL,1,29
BASE,COLAPSO_LOGISTICO-ALTA-N01,GENETICO,0,TB05,ALM-CENTRAL,1,19
BASE,COLAPSO_LOGISTICO-ALTA-N01,GENETICO,0,TM01,ALM-CENTRAL,1,34
BASE,COLAPSO_LOGISTICO-ALTA-N01,GENETICO,0,TM02,ALM-CENTRAL,1,26
BASE,COLAPSO_LOGISTICO-ALTA-N01,GENETICO,0,TM03,ALM-CENTRAL,1,23
BASE,COLAPSO_LOGISTICO-ALTA-N01,GENETICO,0,TM04,ALM-CENTRAL,1,21
BASE,COLAPSO_LOGISTICO-ALTA-N01,GENETICO,0,TM05,ALM-CENTRAL,1,18
BASE,COLAPSO_LOGISTICO-ALTA-N01,GENETICO,0,TM06,ALM-CENTRAL,1,24
BASE,COLAPSO_LOGISTICO-ALTA-N01,GENETICO,0,TM07,ALM-CENTRAL,1,2
BASE,COLAPSO_LOGISTICO-ALTA-N01,GENETICO,0,TM08,ALM-CENTRAL,1,3
BASE,COLAPSO_LOGISTICO-ALTA-N01,GENETICO,0,TM09,ALM-CENTRAL,1,5
BASE,COLAPSO_LOGISTICO-ALTA-N01,GENETICO,0,TM10,ALM-CENTRAL,1,1
BASE,COLAPSO_LOGISTICO-ALTA-N01,GENETICO,0,TM10,ALM-CENTRAL,2,32
BASE,COLAPSO_LOGISTICO-ALTA-N01,GENETICO,0,TM11,ALM-CENTRAL,1,11
BASE,COLAPSO_LOGISTICO-ALTA-N01,GENETICO,0,TM11,ALM-CENTRAL,2,37
BASE,COLAPSO_LOGISTICO-ALTA-N01,GENETICO,0,TM12,ALM-CENTRAL,1,13
BASE,COLAPSO_LOGISTICO-ALTA-N01,GENETICO,0,TM13,ALM-CENTRAL,1,28
BASE,COLAPSO_LOGISTICO-ALTA-N01,GENETICO,0,TM14,ALM-CENTRAL,1,7
BASE,COLAPSO_LOGISTICO-ALTA-N01,GENETICO,0,TM15,ALM-CENTRAL,1,14
BASE,COLAPSO_LOGISTICO-ALTA-N01,RECOCIDO_SIMULADO,0,TA02,ALM-CENTRAL,1,6
BASE,COLAPSO_LOGISTICO-ALTA-N01,RECOCIDO_SIMULADO,0,TA02,ALM-CENTRAL,2,17
BASE,COLAPSO_LOGISTICO-ALTA-N01,RECOCIDO_SIMULADO,0,TA03,ALM-CENTRAL,1,9
BASE,COLAPSO_LOGISTICO-ALTA-N01,RECOCIDO_SIMULADO,0,TA03,ALM-CENTRAL,2,10
BASE,COLAPSO_LOGISTICO-ALTA-N01,RECOCIDO_SIMULADO,0,TA04,ALM-CENTRAL,1,29
BASE,COLAPSO_LOGISTICO-ALTA-N01,RECOCIDO_SIMULADO,0,TA04,ALM-CENTRAL,2,3
BASE,COLAPSO_LOGISTICO-ALTA-N01,RECOCIDO_SIMULADO,0,TA05,ALM-CENTRAL,1,31
BASE,COLAPSO_LOGISTICO-ALTA-N01,RECOCIDO_SIMULADO,0,TA05,ALM-CENTRAL,2,8
BASE,COLAPSO_LOGISTICO-ALTA-N01,RECOCIDO_SIMULADO,0,TA06,ALM-CENTRAL,1,2
BASE,COLAPSO_LOGISTICO-ALTA-N01,RECOCIDO_SIMULADO,0,TA06,ALM-CENTRAL,2,15
BASE,COLAPSO_LOGISTICO-ALTA-N01,RECOCIDO_SIMULADO,0,TA07,ALM-CENTRAL,1,38
BASE,COLAPSO_LOGISTICO-ALTA-N01,RECOCIDO_SIMULADO,0,TA08,ALM-CENTRAL,1,11
BASE,COLAPSO_LOGISTICO-ALTA-N01,RECOCIDO_SIMULADO,0,TA08,ALM-CENTRAL,2,25
BASE,COLAPSO_LOGISTICO-ALTA-N01,RECOCIDO_SIMULADO,0,TA09,ALM-CENTRAL,1,19
BASE,COLAPSO_LOGISTICO-ALTA-N01,RECOCIDO_SIMULADO,0,TA09,ALM-CENTRAL,2,7
BASE,COLAPSO_LOGISTICO-ALTA-N01,RECOCIDO_SIMULADO,0,TA10,ALM-CENTRAL,1,22
BASE,COLAPSO_LOGISTICO-ALTA-N01,RECOCIDO_SIMULADO,0,TA10,ALM-CENTRAL,2,30
BASE,COLAPSO_LOGISTICO-ALTA-N01,RECOCIDO_SIMULADO,0,TB01,ALM-CENTRAL,1,32
BASE,COLAPSO_LOGISTICO-ALTA-N01,RECOCIDO_SIMULADO,0,TB02,ALM-CENTRAL,1,33
BASE,COLAPSO_LOGISTICO-ALTA-N01,RECOCIDO_SIMULADO,0,TB03,ALM-CENTRAL,1,37
BASE,COLAPSO_LOGISTICO-ALTA-N01,RECOCIDO_SIMULADO,0,TM01,ALM-CENTRAL,1,23
BASE,COLAPSO_LOGISTICO-ALTA-N01,RECOCIDO_SIMULADO,0,TM01,ALM-CENTRAL,2,14
BASE,COLAPSO_LOGISTICO-ALTA-N01,RECOCIDO_SIMULADO,0,TM02,ALM-CENTRAL,1,26
BASE,COLAPSO_LOGISTICO-ALTA-N01,RECOCIDO_SIMULADO,0,TM03,ALM-CENTRAL,1,34
BASE,COLAPSO_LOGISTICO-ALTA-N01,RECOCIDO_SIMULADO,0,TM04,ALM-CENTRAL,1,16
BASE,COLAPSO_LOGISTICO-ALTA-N01,RECOCIDO_SIMULADO,0,TM05,ALM-CENTRAL,1,18
BASE,COLAPSO_LOGISTICO-ALTA-N01,RECOCIDO_SIMULADO,0,TM06,ALM-CENTRAL,1,24
BASE,COLAPSO_LOGISTICO-ALTA-N01,RECOCIDO_SIMULADO,0,TM07,ALM-CENTRAL,1,35
BASE,COLAPSO_LOGISTICO-ALTA-N01,RECOCIDO_SIMULADO,0,TM08,ALM-CENTRAL,1,36
BASE,COLAPSO_LOGISTICO-ALTA-N01,RECOCIDO_SIMULADO,0,TM08,ALM-CENTRAL,2,28
BASE,COLAPSO_LOGISTICO-ALTA-N01,RECOCIDO_SIMULADO,0,TM09,ALM-CENTRAL,1,4
BASE,COLAPSO_LOGISTICO-ALTA-N01,RECOCIDO_SIMULADO,0,TM10,ALM-CENTRAL,1,5
BASE,COLAPSO_LOGISTICO-ALTA-N01,RECOCIDO_SIMULADO,0,TM11,ALM-CENTRAL,1,12
BASE,COLAPSO_LOGISTICO-ALTA-N01,RECOCIDO_SIMULADO,0,TM12,ALM-CENTRAL,1,13
BASE,COLAPSO_LOGISTICO-ALTA-N01,RECOCIDO_SIMULADO,0,TM13,ALM-CENTRAL,1,20
BASE,COLAPSO_LOGISTICO-ALTA-N01,RECOCIDO_SIMULADO,0,TM14,ALM-CENTRAL,1,27
BASE,COLAPSO_LOGISTICO-ALTA-N01,RECOCIDO_SIMULADO,0,TM15,ALM-CENTRAL,1,1
BASE,COLAPSO_LOGISTICO-ALTA-N01,RECOCIDO_SIMULADO,0,TM15,ALM-CENTRAL,2,21
BASE,COLAPSO_LOGISTICO-ALTA-N01,RECOCIDO_SIMULADO,1,TA02,ALM-CENTRAL,1,6
BASE,COLAPSO_LOGISTICO-ALTA-N01,RECOCIDO_SIMULADO,1,TA02,ALM-CENTRAL,2,17
BASE,COLAPSO_LOGISTICO-ALTA-N01,RECOCIDO_SIMULADO,1,TA03,ALM-CENTRAL,1,9
BASE,COLAPSO_LOGISTICO-ALTA-N01,RECOCIDO_SIMULADO,1,TA03,ALM-CENTRAL,2,10
BASE,COLAPSO_LOGISTICO-ALTA-N01,RECOCIDO_SIMULADO,1,TA04,ALM-CENTRAL,1,3
BASE,COLAPSO_LOGISTICO-ALTA-N01,RECOCIDO_SIMULADO,1,TA04,ALM-CENTRAL,2,29
BASE,COLAPSO_LOGISTICO-ALTA-N01,RECOCIDO_SIMULADO,1,TA05,ALM-CENTRAL,1,31
BASE,COLAPSO_LOGISTICO-ALTA-N01,RECOCIDO_SIMULADO,1,TA05,ALM-CENTRAL,2,8
BASE,COLAPSO_LOGISTICO-ALTA-N01,RECOCIDO_SIMULADO,1,TA06,ALM-CENTRAL,1,2
BASE,COLAPSO_LOGISTICO-ALTA-N01,RECOCIDO_SIMULADO,1,TA06,ALM-CENTRAL,2,15
BASE,COLAPSO_LOGISTICO-ALTA-N01,RECOCIDO_SIMULADO,1,TA07,ALM-CENTRAL,1,38
BASE,COLAPSO_LOGISTICO-ALTA-N01,RECOCIDO_SIMULADO,1,TA08,ALM-CENTRAL,1,11
BASE,COLAPSO_LOGISTICO-ALTA-N01,RECOCIDO_SIMULADO,1,TA08,ALM-CENTRAL,2,25
BASE,COLAPSO_LOGISTICO-ALTA-N01,RECOCIDO_SIMULADO,1,TA09,ALM-CENTRAL,1,19
BASE,COLAPSO_LOGISTICO-ALTA-N01,RECOCIDO_SIMULADO,1,TA09,ALM-CENTRAL,2,7
BASE,COLAPSO_LOGISTICO-ALTA-N01,RECOCIDO_SIMULADO,1,TA10,ALM-CENTRAL,1,22
BASE,COLAPSO_LOGISTICO-ALTA-N01,RECOCIDO_SIMULADO,1,TA10,ALM-CENTRAL,2,30
BASE,COLAPSO_LOGISTICO-ALTA-N01,RECOCIDO_SIMULADO,1,TB01,ALM-CENTRAL,1,32
BASE,COLAPSO_LOGISTICO-ALTA-N01,RECOCIDO_SIMULADO,1,TB02,ALM-CENTRAL,1,33
BASE,COLAPSO_LOGISTICO-ALTA-N01,RECOCIDO_SIMULADO,1,TB03,ALM-CENTRAL,1,37
BASE,COLAPSO_LOGISTICO-ALTA-N01,RECOCIDO_SIMULADO,1,TM01,ALM-CENTRAL,1,23
BASE,COLAPSO_LOGISTICO-ALTA-N01,RECOCIDO_SIMULADO,1,TM01,ALM-CENTRAL,2,14
BASE,COLAPSO_LOGISTICO-ALTA-N01,RECOCIDO_SIMULADO,1,TM02,ALM-CENTRAL,1,26
BASE,COLAPSO_LOGISTICO-ALTA-N01,RECOCIDO_SIMULADO,1,TM03,ALM-CENTRAL,1,34
BASE,COLAPSO_LOGISTICO-ALTA-N01,RECOCIDO_SIMULADO,1,TM04,ALM-CENTRAL,1,16
BASE,COLAPSO_LOGISTICO-ALTA-N01,RECOCIDO_SIMULADO,1,TM05,ALM-CENTRAL,1,18
BASE,COLAPSO_LOGISTICO-ALTA-N01,RECOCIDO_SIMULADO,1,TM06,ALM-CENTRAL,1,24
BASE,COLAPSO_LOGISTICO-ALTA-N01,RECOCIDO_SIMULADO,1,TM07,ALM-CENTRAL,1,35
BASE,COLAPSO_LOGISTICO-ALTA-N01,RECOCIDO_SIMULADO,1,TM08,ALM-CENTRAL,1,36
BASE,COLAPSO_LOGISTICO-ALTA-N01,RECOCIDO_SIMULADO,1,TM08,ALM-CENTRAL,2,28
BASE,COLAPSO_LOGISTICO-ALTA-N01,RECOCIDO_SIMULADO,1,TM09,ALM-CENTRAL,1,4
BASE,COLAPSO_LOGISTICO-ALTA-N01,RECOCIDO_SIMULADO,1,TM10,ALM-CENTRAL,1,5
BASE,COLAPSO_LOGISTICO-ALTA-N01,RECOCIDO_SIMULADO,1,TM11,ALM-CENTRAL,1,12
BASE,COLAPSO_LOGISTICO-ALTA-N01,RECOCIDO_SIMULADO,1,TM12,ALM-CENTRAL,1,13
BASE,COLAPSO_LOGISTICO-ALTA-N01,RECOCIDO_SIMULADO,1,TM13,ALM-CENTRAL,1,20
BASE,COLAPSO_LOGISTICO-ALTA-N01,RECOCIDO_SIMULADO,1,TM14,ALM-CENTRAL,1,27
BASE,COLAPSO_LOGISTICO-ALTA-N01,RECOCIDO_SIMULADO,1,TM15,ALM-CENTRAL,1,1
BASE,COLAPSO_LOGISTICO-ALTA-N01,RECOCIDO_SIMULADO,1,TM15,ALM-CENTRAL,2,21
BASE,COLAPSO_LOGISTICO-ALTA-N01,GENETICO,1,TA02,ALM-CENTRAL,1,6
BASE,COLAPSO_LOGISTICO-ALTA-N01,GENETICO,1,TA02,ALM-CENTRAL,2,17
BASE,COLAPSO_LOGISTICO-ALTA-N01,GENETICO,1,TA03,ALM-CENTRAL,1,9
BASE,COLAPSO_LOGISTICO-ALTA-N01,GENETICO,1,TA03,ALM-CENTRAL,2,10
BASE,COLAPSO_LOGISTICO-ALTA-N01,GENETICO,1,TA04,ALM-CENTRAL,1,37
BASE,COLAPSO_LOGISTICO-ALTA-N01,GENETICO,1,TA04,ALM-CENTRAL,2,20
BASE,COLAPSO_LOGISTICO-ALTA-N01,GENETICO,1,TA05,ALM-CENTRAL,1,31
BASE,COLAPSO_LOGISTICO-ALTA-N01,GENETICO,1,TA05,ALM-CENTRAL,2,8
BASE,COLAPSO_LOGISTICO-ALTA-N01,GENETICO,1,TA06,ALM-CENTRAL,1,2
BASE,COLAPSO_LOGISTICO-ALTA-N01,GENETICO,1,TA06,ALM-CENTRAL,2,15
BASE,COLAPSO_LOGISTICO-ALTA-N01,GENETICO,1,TA07,ALM-CENTRAL,1,38
BASE,COLAPSO_LOGISTICO-ALTA-N01,GENETICO,1,TA07,ALM-CENTRAL,2,4
BASE,COLAPSO_LOGISTICO-ALTA-N01,GENETICO,1,TA08,ALM-CENTRAL,1,23
BASE,COLAPSO_LOGISTICO-ALTA-N01,GENETICO,1,TA08,ALM-CENTRAL,2,16
BASE,COLAPSO_LOGISTICO-ALTA-N01,GENETICO,1,TA09,ALM-CENTRAL,1,14
BASE,COLAPSO_LOGISTICO-ALTA-N01,GENETICO,1,TA09,ALM-CENTRAL,2,35
BASE,COLAPSO_LOGISTICO-ALTA-N01,GENETICO,1,TA10,ALM-CENTRAL,1,30
BASE,COLAPSO_LOGISTICO-ALTA-N01,GENETICO,1,TA10,ALM-CENTRAL,2,22
BASE,COLAPSO_LOGISTICO-ALTA-N01,GENETICO,1,TB02,ALM-CENTRAL,1,29
BASE,COLAPSO_LOGISTICO-ALTA-N01,GENETICO,1,TB03,ALM-CENTRAL,1,19
BASE,COLAPSO_LOGISTICO-ALTA-N01,GENETICO,1,TB11,ALM-CENTRAL,1,33
BASE,COLAPSO_LOGISTICO-ALTA-N01,GENETICO,1,TM01,ALM-CENTRAL,1,3
BASE,COLAPSO_LOGISTICO-ALTA-N01,GENETICO,1,TM02,ALM-CENTRAL,1,26
BASE,COLAPSO_LOGISTICO-ALTA-N01,GENETICO,1,TM03,ALM-CENTRAL,1,34
BASE,COLAPSO_LOGISTICO-ALTA-N01,GENETICO,1,TM04,ALM-CENTRAL,1,12
BASE,COLAPSO_LOGISTICO-ALTA-N01,GENETICO,1,TM05,ALM-CENTRAL,1,18
BASE,COLAPSO_LOGISTICO-ALTA-N01,GENETICO,1,TM05,ALM-CENTRAL,2,27
BASE,COLAPSO_LOGISTICO-ALTA-N01,GENETICO,1,TM06,ALM-CENTRAL,1,24
BASE,COLAPSO_LOGISTICO-ALTA-N01,GENETICO,1,TM07,ALM-CENTRAL,1,13
BASE,COLAPSO_LOGISTICO-ALTA-N01,GENETICO,1,TM08,ALM-CENTRAL,1,5
BASE,COLAPSO_LOGISTICO-ALTA-N01,GENETICO,1,TM09,ALM-CENTRAL,1,36
BASE,COLAPSO_LOGISTICO-ALTA-N01,GENETICO,1,TM10,ALM-CENTRAL,1,25
BASE,COLAPSO_LOGISTICO-ALTA-N01,GENETICO,1,TM11,ALM-CENTRAL,1,1
BASE,COLAPSO_LOGISTICO-ALTA-N01,GENETICO,1,TM11,ALM-CENTRAL,2,21
BASE,COLAPSO_LOGISTICO-ALTA-N01,GENETICO,1,TM12,ALM-CENTRAL,1,32
BASE,COLAPSO_LOGISTICO-ALTA-N01,GENETICO,1,TM13,ALM-CENTRAL,1,11
BASE,COLAPSO_LOGISTICO-ALTA-N01,GENETICO,1,TM14,ALM-CENTRAL,1,7
BASE,COLAPSO_LOGISTICO-ALTA-N01,GENETICO,1,TM15,ALM-CENTRAL,1,28
BASE,COLAPSO_LOGISTICO-CRITICA-N01,GENETICO,0,TA02,ALM-CENTRAL,1,6
BASE,COLAPSO_LOGISTICO-CRITICA-N01,GENETICO,0,TA02,ALM-CENTRAL,2,45
BASE,COLAPSO_LOGISTICO-CRITICA-N01,GENETICO,0,TA02,ALM-CENTRAL,3,4
BASE,COLAPSO_LOGISTICO-CRITICA-N01,GENETICO,0,TA03,ALM-CENTRAL,1,9
BASE,COLAPSO_LOGISTICO-CRITICA-N01,GENETICO,0,TA03,ALM-CENTRAL,2,47
BASE,COLAPSO_LOGISTICO-CRITICA-N01,GENETICO,0,TA03,ALM-CENTRAL,3,17
BASE,COLAPSO_LOGISTICO-CRITICA-N01,GENETICO,0,TA04,ALM-CENTRAL,1,50
BASE,COLAPSO_LOGISTICO-CRITICA-N01,GENETICO,0,TA04,ALM-CENTRAL,2,35
BASE,COLAPSO_LOGISTICO-CRITICA-N01,GENETICO,0,TA05,ALM-CENTRAL,1,31
BASE,COLAPSO_LOGISTICO-CRITICA-N01,GENETICO,0,TA05,ALM-CENTRAL,2,8
BASE,COLAPSO_LOGISTICO-CRITICA-N01,GENETICO,0,TA05,ALM-CENTRAL,3,7
BASE,COLAPSO_LOGISTICO-CRITICA-N01,GENETICO,0,TA06,ALM-CENTRAL,1,2
BASE,COLAPSO_LOGISTICO-CRITICA-N01,GENETICO,0,TA06,ALM-CENTRAL,2,30
BASE,COLAPSO_LOGISTICO-CRITICA-N01,GENETICO,0,TA06,ALM-CENTRAL,3,15
BASE,COLAPSO_LOGISTICO-CRITICA-N01,GENETICO,0,TA07,ALM-CENTRAL,1,38
BASE,COLAPSO_LOGISTICO-CRITICA-N01,GENETICO,0,TA07,ALM-CENTRAL,2,20
BASE,COLAPSO_LOGISTICO-CRITICA-N01,GENETICO,0,TA08,ALM-CENTRAL,1,1
BASE,COLAPSO_LOGISTICO-CRITICA-N01,GENETICO,0,TA08,ALM-CENTRAL,2,40
BASE,COLAPSO_LOGISTICO-CRITICA-N01,GENETICO,0,TA08,ALM-CENTRAL,3,28
BASE,COLAPSO_LOGISTICO-CRITICA-N01,GENETICO,0,TA09,ALM-CENTRAL,1,5
BASE,COLAPSO_LOGISTICO-CRITICA-N01,GENETICO,0,TA09,ALM-CENTRAL,2,11
BASE,COLAPSO_LOGISTICO-CRITICA-N01,GENETICO,0,TA09,ALM-CENTRAL,3,25
BASE,COLAPSO_LOGISTICO-CRITICA-N01,GENETICO,0,TA10,ALM-CENTRAL,1,48
BASE,COLAPSO_LOGISTICO-CRITICA-N01,GENETICO,0,TA10,ALM-CENTRAL,2,43
BASE,COLAPSO_LOGISTICO-CRITICA-N01,GENETICO,0,TB01,ALM-CENTRAL,1,44
BASE,COLAPSO_LOGISTICO-CRITICA-N01,GENETICO,0,TB02,ALM-CENTRAL,1,32
BASE,COLAPSO_LOGISTICO-CRITICA-N01,GENETICO,0,TB03,ALM-CENTRAL,1,33
BASE,COLAPSO_LOGISTICO-CRITICA-N01,GENETICO,0,TB04,ALM-CENTRAL,1,19
BASE,COLAPSO_LOGISTICO-CRITICA-N01,GENETICO,0,TB05,ALM-CENTRAL,1,39
BASE,COLAPSO_LOGISTICO-CRITICA-N01,GENETICO,0,TB06,ALM-CENTRAL,1,55
BASE,COLAPSO_LOGISTICO-CRITICA-N01,GENETICO,0,TB07,ALM-CENTRAL,1,36
BASE,COLAPSO_LOGISTICO-CRITICA-N01,GENETICO,0,TB08,ALM-CENTRAL,1,37
BASE,COLAPSO_LOGISTICO-CRITICA-N01,GENETICO,0,TM01,ALM-CENTRAL,1,23
BASE,COLAPSO_LOGISTICO-CRITICA-N01,GENETICO,0,TM01,ALM-CENTRAL,2,14
BASE,COLAPSO_LOGISTICO-CRITICA-N01,GENETICO,0,TM02,ALM-CENTRAL,1,29
BASE,COLAPSO_LOGISTICO-CRITICA-N01,GENETICO,0,TM02,ALM-CENTRAL,2,42
BASE,COLAPSO_LOGISTICO-CRITICA-N01,GENETICO,0,TM03,ALM-CENTRAL,1,54
BASE,COLAPSO_LOGISTICO-CRITICA-N01,GENETICO,0,TM04,ALM-CENTRAL,1,26
BASE,COLAPSO_LOGISTICO-CRITICA-N01,GENETICO,0,TM04,ALM-CENTRAL,2,52
BASE,COLAPSO_LOGISTICO-CRITICA-N01,GENETICO,0,TM05,ALM-CENTRAL,1,34
BASE,COLAPSO_LOGISTICO-CRITICA-N01,GENETICO,0,TM05,ALM-CENTRAL,2,49
BASE,COLAPSO_LOGISTICO-CRITICA-N01,GENETICO,0,TM06,ALM-CENTRAL,1,12
BASE,COLAPSO_LOGISTICO-CRITICA-N01,GENETICO,0,TM07,ALM-CENTRAL,1,10
BASE,COLAPSO_LOGISTICO-CRITICA-N01,GENETICO,0,TM07,ALM-CENTRAL,2,22
BASE,COLAPSO_LOGISTICO-CRITICA-N01,GENETICO,0,TM08,ALM-CENTRAL,1,41
BASE,COLAPSO_LOGISTICO-CRITICA-N01,GENETICO,0,TM09,ALM-CENTRAL,1,3
BASE,COLAPSO_LOGISTICO-CRITICA-N01,GENETICO,0,TM09,ALM-CENTRAL,2,16
BASE,COLAPSO_LOGISTICO-CRITICA-N01,GENETICO,0,TM10,ALM-CENTRAL,1,18
BASE,COLAPSO_LOGISTICO-CRITICA-N01,GENETICO,0,TM10,ALM-CENTRAL,2,27
BASE,COLAPSO_LOGISTICO-CRITICA-N01,GENETICO,0,TM11,ALM-CENTRAL,1,53
BASE,COLAPSO_LOGISTICO-CRITICA-N01,GENETICO,0,TM12,ALM-CENTRAL,1,24
BASE,COLAPSO_LOGISTICO-CRITICA-N01,GENETICO,0,TM12,ALM-CENTRAL,2,21
BASE,COLAPSO_LOGISTICO-CRITICA-N01,GENETICO,0,TM13,ALM-CENTRAL,1,51
BASE,COLAPSO_LOGISTICO-CRITICA-N01,GENETICO,0,TM14,ALM-CENTRAL,1,13
BASE,COLAPSO_LOGISTICO-CRITICA-N01,GENETICO,0,TM15,ALM-CENTRAL,1,46
BASE,COLAPSO_LOGISTICO-CRITICA-N01,RECOCIDO_SIMULADO,0,TA02,ALM-CENTRAL,1,6
BASE,COLAPSO_LOGISTICO-CRITICA-N01,RECOCIDO_SIMULADO,0,TA02,ALM-CENTRAL,2,4
BASE,COLAPSO_LOGISTICO-CRITICA-N01,RECOCIDO_SIMULADO,0,TA02,ALM-CENTRAL,3,45
BASE,COLAPSO_LOGISTICO-CRITICA-N01,RECOCIDO_SIMULADO,0,TA03,ALM-CENTRAL,1,9
BASE,COLAPSO_LOGISTICO-CRITICA-N01,RECOCIDO_SIMULADO,0,TA03,ALM-CENTRAL,2,17
BASE,COLAPSO_LOGISTICO-CRITICA-N01,RECOCIDO_SIMULADO,0,TA03,ALM-CENTRAL,3,46
BASE,COLAPSO_LOGISTICO-CRITICA-N01,RECOCIDO_SIMULADO,0,TA04,ALM-CENTRAL,1,29
BASE,COLAPSO_LOGISTICO-CRITICA-N01,RECOCIDO_SIMULADO,0,TA04,ALM-CENTRAL,2,12
BASE,COLAPSO_LOGISTICO-CRITICA-N01,RECOCIDO_SIMULADO,0,TA04,ALM-CENTRAL,3,30
BASE,COLAPSO_LOGISTICO-CRITICA-N01,RECOCIDO_SIMULADO,0,TA05,ALM-CENTRAL,1,31
BASE,COLAPSO_LOGISTICO-CRITICA-N01,RECOCIDO_SIMULADO,0,TA05,ALM-CENTRAL,2,8
BASE,COLAPSO_LOGISTICO-CRITICA-N01,RECOCIDO_SIMULADO,0,TA05,ALM-CENTRAL,3,7
BASE,COLAPSO_LOGISTICO-CRITICA-N01,RECOCIDO_SIMULADO,0,TA05,ALM-CENTRAL,4,47
BASE,COLAPSO_LOGISTICO-CRITICA-N01,RECOCIDO_SIMULADO,0,TA06,ALM-CENTRAL,1,2
BASE,COLAPSO_LOGISTICO-CRITICA-N01,RECOCIDO_SIMULADO,0,TA06,ALM-CENTRAL,2,50
BASE,COLAPSO_LOGISTICO-CRITICA-N01,RECOCIDO_SIMULADO,0,TA07,ALM-CENTRAL,1,38
BASE,COLAPSO_LOGISTICO-CRITICA-N01,RECOCIDO_SIMULADO,0,TA07,ALM-CENTRAL,2,20
BASE,COLAPSO_LOGISTICO-CRITICA-N01,RECOCIDO_SIMULADO,0,TA07,ALM-CENTRAL,3,53
BASE,COLAPSO_LOGISTICO-CRITICA-N01,RECOCIDO_SIMULADO,0,TA08,ALM-CENTRAL,1,40
BASE,COLAPSO_LOGISTICO-CRITICA-N01,RECOCIDO_SIMULADO,0,TA08,ALM-CENTRAL,2,1
BASE,COLAPSO_LOGISTICO-CRITICA-N01,RECOCIDO_SIMULADO,0,TA08,ALM-CENTRAL,3,28
BASE,COLAPSO_LOGISTICO-CRITICA-N01,RECOCIDO_SIMULADO,0,TA09,ALM-CENTRAL,1,11
BASE,COLAPSO_LOGISTICO-CRITICA-N01,RECOCIDO_SIMULADO,0,TA09,ALM-CENTRAL,2,5
BASE,COLAPSO_LOGISTICO-CRITICA-N01,RECOCIDO_SIMULADO,0,TA09,ALM-CENTRAL,3,25
BASE,COLAPSO_LOGISTICO-CRITICA-N01,RECOCIDO_SIMULADO,0,TA10,ALM-CENTRAL,1,19
BASE,COLAPSO_LOGISTICO-CRITICA-N01,RECOCIDO_SIMULADO,0,TA10,ALM-CENTRAL,2,13
BASE,COLAPSO_LOGISTICO-CRITICA-N01,RECOCIDO_SIMULADO,0,TA10,ALM-CENTRAL,3,43
BASE,COLAPSO_LOGISTICO-CRITICA-N01,RECOCIDO_SIMULADO,0,TB01,ALM-CENTRAL,1,44
BASE,COLAPSO_LOGISTICO-CRITICA-N01,RECOCIDO_SIMULADO,0,TB02,ALM-CENTRAL,1,32
BASE,COLAPSO_LOGISTICO-CRITICA-N01,RECOCIDO_SIMULADO,0,TB03,ALM-CENTRAL,1,33
BASE,COLAPSO_LOGISTICO-CRITICA-N01,RECOCIDO_SIMULADO,0,TB04,ALM-CENTRAL,1,37
BASE,COLAPSO_LOGISTICO-CRITICA-N01,RECOCIDO_SIMULADO,0,TB05,ALM-CENTRAL,1,39
BASE,COLAPSO_LOGISTICO-CRITICA-N01,RECOCIDO_SIMULADO,0,TB06,ALM-CENTRAL,1,55
BASE,COLAPSO_LOGISTICO-CRITICA-N01,RECOCIDO_SIMULADO,0,TM01,ALM-CENTRAL,1,23
BASE,COLAPSO_LOGISTICO-CRITICA-N01,RECOCIDO_SIMULADO,0,TM01,ALM-CENTRAL,2,14
BASE,COLAPSO_LOGISTICO-CRITICA-N01,RECOCIDO_SIMULADO,0,TM02,ALM-CENTRAL,1,22
BASE,COLAPSO_LOGISTICO-CRITICA-N01,RECOCIDO_SIMULADO,0,TM02,ALM-CENTRAL,2,15
BASE,COLAPSO_LOGISTICO-CRITICA-N01,RECOCIDO_SIMULADO,0,TM03,ALM-CENTRAL,1,54
BASE,COLAPSO_LOGISTICO-CRITICA-N01,RECOCIDO_SIMULADO,0,TM04,ALM-CENTRAL,1,26
BASE,COLAPSO_LOGISTICO-CRITICA-N01,RECOCIDO_SIMULADO,0,TM05,ALM-CENTRAL,1,34
BASE,COLAPSO_LOGISTICO-CRITICA-N01,RECOCIDO_SIMULADO,0,TM06,ALM-CENTRAL,1,42
BASE,COLAPSO_LOGISTICO-CRITICA-N01,RECOCIDO_SIMULADO,0,TM07,ALM-CENTRAL,1,49
BASE,COLAPSO_LOGISTICO-CRITICA-N01,RECOCIDO_SIMULADO,0,TM07,ALM-CENTRAL,2,10
BASE,COLAPSO_LOGISTICO-CRITICA-N01,RECOCIDO_SIMULADO,0,TM08,ALM-CENTRAL,1,52
BASE,COLAPSO_LOGISTICO-CRITICA-N01,RECOCIDO_SIMULADO,0,TM09,ALM-CENTRAL,1,16
BASE,COLAPSO_LOGISTICO-CRITICA-N01,RECOCIDO_SIMULADO,0,TM09,ALM-CENTRAL,2,3
BASE,COLAPSO_LOGISTICO-CRITICA-N01,RECOCIDO_SIMULADO,0,TM10,ALM-CENTRAL,1,18
BASE,COLAPSO_LOGISTICO-CRITICA-N01,RECOCIDO_SIMULADO,0,TM10,ALM-CENTRAL,2,27
BASE,COLAPSO_LOGISTICO-CRITICA-N01,RECOCIDO_SIMULADO,0,TM11,ALM-CENTRAL,1,24
BASE,COLAPSO_LOGISTICO-CRITICA-N01,RECOCIDO_SIMULADO,0,TM11,ALM-CENTRAL,2,21
BASE,COLAPSO_LOGISTICO-CRITICA-N01,RECOCIDO_SIMULADO,0,TM12,ALM-CENTRAL,1,35
BASE,COLAPSO_LOGISTICO-CRITICA-N01,RECOCIDO_SIMULADO,0,TM13,ALM-CENTRAL,1,36
BASE,COLAPSO_LOGISTICO-CRITICA-N01,RECOCIDO_SIMULADO,0,TM13,ALM-CENTRAL,2,51
BASE,COLAPSO_LOGISTICO-CRITICA-N01,RECOCIDO_SIMULADO,0,TM14,ALM-CENTRAL,1,41
BASE,COLAPSO_LOGISTICO-CRITICA-N01,RECOCIDO_SIMULADO,0,TM15,ALM-CENTRAL,1,48
BASE,COLAPSO_LOGISTICO-CRITICA-N01,RECOCIDO_SIMULADO,1,TA02,ALM-CENTRAL,1,6
BASE,COLAPSO_LOGISTICO-CRITICA-N01,RECOCIDO_SIMULADO,1,TA02,ALM-CENTRAL,2,4
BASE,COLAPSO_LOGISTICO-CRITICA-N01,RECOCIDO_SIMULADO,1,TA02,ALM-CENTRAL,3,45
BASE,COLAPSO_LOGISTICO-CRITICA-N01,RECOCIDO_SIMULADO,1,TA03,ALM-CENTRAL,1,9
BASE,COLAPSO_LOGISTICO-CRITICA-N01,RECOCIDO_SIMULADO,1,TA03,ALM-CENTRAL,2,17
BASE,COLAPSO_LOGISTICO-CRITICA-N01,RECOCIDO_SIMULADO,1,TA03,ALM-CENTRAL,3,46
BASE,COLAPSO_LOGISTICO-CRITICA-N01,RECOCIDO_SIMULADO,1,TA04,ALM-CENTRAL,1,29
BASE,COLAPSO_LOGISTICO-CRITICA-N01,RECOCIDO_SIMULADO,1,TA04,ALM-CENTRAL,2,12
BASE,COLAPSO_LOGISTICO-CRITICA-N01,RECOCIDO_SIMULADO,1,TA04,ALM-CENTRAL,3,30
BASE,COLAPSO_LOGISTICO-CRITICA-N01,RECOCIDO_SIMULADO,1,TA05,ALM-CENTRAL,1,31
BASE,COLAPSO_LOGISTICO-CRITICA-N01,RECOCIDO_SIMULADO,1,TA05,ALM-CENTRAL,2,8
BASE,COLAPSO_LOGISTICO-CRITICA-N01,RECOCIDO_SIMULADO,1,TA05,ALM-CENTRAL,3,7
BASE,COLAPSO_LOGISTICO-CRITICA-N01,RECOCIDO_SIMULADO,1,TA05,ALM-CENTRAL,4,47
BASE,COLAPSO_LOGISTICO-CRITICA-N01,RECOCIDO_SIMULADO,1,TA06,ALM-CENTRAL,1,2
BASE,COLAPSO_LOGISTICO-CRITICA-N01,RECOCIDO_SIMULADO,1,TA06,ALM-CENTRAL,2,50
BASE,COLAPSO_LOGISTICO-CRITICA-N01,RECOCIDO_SIMULADO,1,TA07,ALM-CENTRAL,1,38
BASE,COLAPSO_LOGISTICO-CRITICA-N01,RECOCIDO_SIMULADO,1,TA07,ALM-CENTRAL,2,20
BASE,COLAPSO_LOGISTICO-CRITICA-N01,RECOCIDO_SIMULADO,1,TA07,ALM-CENTRAL,3,53
BASE,COLAPSO_LOGISTICO-CRITICA-N01,RECOCIDO_SIMULADO,1,TA08,ALM-CENTRAL,1,40
BASE,COLAPSO_LOGISTICO-CRITICA-N01,RECOCIDO_SIMULADO,1,TA08,ALM-CENTRAL,2,1
BASE,COLAPSO_LOGISTICO-CRITICA-N01,RECOCIDO_SIMULADO,1,TA08,ALM-CENTRAL,3,28
BASE,COLAPSO_LOGISTICO-CRITICA-N01,RECOCIDO_SIMULADO,1,TA09,ALM-CENTRAL,1,11
BASE,COLAPSO_LOGISTICO-CRITICA-N01,RECOCIDO_SIMULADO,1,TA09,ALM-CENTRAL,2,5
BASE,COLAPSO_LOGISTICO-CRITICA-N01,RECOCIDO_SIMULADO,1,TA09,ALM-CENTRAL,3,25
BASE,COLAPSO_LOGISTICO-CRITICA-N01,RECOCIDO_SIMULADO,1,TA10,ALM-CENTRAL,1,19
BASE,COLAPSO_LOGISTICO-CRITICA-N01,RECOCIDO_SIMULADO,1,TA10,ALM-CENTRAL,2,43
BASE,COLAPSO_LOGISTICO-CRITICA-N01,RECOCIDO_SIMULADO,1,TB01,ALM-CENTRAL,1,44
BASE,COLAPSO_LOGISTICO-CRITICA-N01,RECOCIDO_SIMULADO,1,TB02,ALM-CENTRAL,1,32
BASE,COLAPSO_LOGISTICO-CRITICA-N01,RECOCIDO_SIMULADO,1,TB03,ALM-CENTRAL,1,33
BASE,COLAPSO_LOGISTICO-CRITICA-N01,RECOCIDO_SIMULADO,1,TB04,ALM-CENTRAL,1,37
BASE,COLAPSO_LOGISTICO-CRITICA-N01,RECOCIDO_SIMULADO,1,TB05,ALM-CENTRAL,1,39
BASE,COLAPSO_LOGISTICO-CRITICA-N01,RECOCIDO_SIMULADO,1,TB06,ALM-CENTRAL,1,55
BASE,COLAPSO_LOGISTICO-CRITICA-N01,RECOCIDO_SIMULADO,1,TM01,ALM-CENTRAL,1,22
BASE,COLAPSO_LOGISTICO-CRITICA-N01,RECOCIDO_SIMULADO,1,TM01,ALM-CENTRAL,2,15
BASE,COLAPSO_LOGISTICO-CRITICA-N01,RECOCIDO_SIMULADO,1,TM02,ALM-CENTRAL,1,14
BASE,COLAPSO_LOGISTICO-CRITICA-N01,RECOCIDO_SIMULADO,1,TM02,ALM-CENTRAL,2,23
BASE,COLAPSO_LOGISTICO-CRITICA-N01,RECOCIDO_SIMULADO,1,TM03,ALM-CENTRAL,1,54
BASE,COLAPSO_LOGISTICO-CRITICA-N01,RECOCIDO_SIMULADO,1,TM04,ALM-CENTRAL,1,26
BASE,COLAPSO_LOGISTICO-CRITICA-N01,RECOCIDO_SIMULADO,1,TM05,ALM-CENTRAL,1,34
BASE,COLAPSO_LOGISTICO-CRITICA-N01,RECOCIDO_SIMULADO,1,TM06,ALM-CENTRAL,1,13
BASE,COLAPSO_LOGISTICO-CRITICA-N01,RECOCIDO_SIMULADO,1,TM06,ALM-CENTRAL,2,42
BASE,COLAPSO_LOGISTICO-CRITICA-N01,RECOCIDO_SIMULADO,1,TM07,ALM-CENTRAL,1,10
BASE,COLAPSO_LOGISTICO-CRITICA-N01,RECOCIDO_SIMULADO,1,TM07,ALM-CENTRAL,2,49
BASE,COLAPSO_LOGISTICO-CRITICA-N01,RECOCIDO_SIMULADO,1,TM08,ALM-CENTRAL,1,52
BASE,COLAPSO_LOGISTICO-CRITICA-N01,RECOCIDO_SIMULADO,1,TM09,ALM-CENTRAL,1,16
BASE,COLAPSO_LOGISTICO-CRITICA-N01,RECOCIDO_SIMULADO,1,TM09,ALM-CENTRAL,2,3
BASE,COLAPSO_LOGISTICO-CRITICA-N01,RECOCIDO_SIMULADO,1,TM10,ALM-CENTRAL,1,18
BASE,COLAPSO_LOGISTICO-CRITICA-N01,RECOCIDO_SIMULADO,1,TM10,ALM-CENTRAL,2,27
BASE,COLAPSO_LOGISTICO-CRITICA-N01,RECOCIDO_SIMULADO,1,TM11,ALM-CENTRAL,1,24
BASE,COLAPSO_LOGISTICO-CRITICA-N01,RECOCIDO_SIMULADO,1,TM11,ALM-CENTRAL,2,21
BASE,COLAPSO_LOGISTICO-CRITICA-N01,RECOCIDO_SIMULADO,1,TM12,ALM-CENTRAL,1,35
BASE,COLAPSO_LOGISTICO-CRITICA-N01,RECOCIDO_SIMULADO,1,TM13,ALM-CENTRAL,1,36
BASE,COLAPSO_LOGISTICO-CRITICA-N01,RECOCIDO_SIMULADO,1,TM13,ALM-CENTRAL,2,51
BASE,COLAPSO_LOGISTICO-CRITICA-N01,RECOCIDO_SIMULADO,1,TM14,ALM-CENTRAL,1,41
BASE,COLAPSO_LOGISTICO-CRITICA-N01,RECOCIDO_SIMULADO,1,TM15,ALM-CENTRAL,1,48
BASE,COLAPSO_LOGISTICO-CRITICA-N01,GENETICO,1,TA02,ALM-CENTRAL,1,6
BASE,COLAPSO_LOGISTICO-CRITICA-N01,GENETICO,1,TA02,ALM-CENTRAL,2,45
BASE,COLAPSO_LOGISTICO-CRITICA-N01,GENETICO,1,TA02,ALM-CENTRAL,3,4
BASE,COLAPSO_LOGISTICO-CRITICA-N01,GENETICO,1,TA03,ALM-CENTRAL,1,9
BASE,COLAPSO_LOGISTICO-CRITICA-N01,GENETICO,1,TA03,ALM-CENTRAL,2,46
BASE,COLAPSO_LOGISTICO-CRITICA-N01,GENETICO,1,TA03,ALM-CENTRAL,3,17
BASE,COLAPSO_LOGISTICO-CRITICA-N01,GENETICO,1,TA04,ALM-CENTRAL,1,29
BASE,COLAPSO_LOGISTICO-CRITICA-N01,GENETICO,1,TA04,ALM-CENTRAL,2,12
BASE,COLAPSO_LOGISTICO-CRITICA-N01,GENETICO,1,TA04,ALM-CENTRAL,3,30
BASE,COLAPSO_LOGISTICO-CRITICA-N01,GENETICO,1,TA05,ALM-CENTRAL,1,31
BASE,COLAPSO_LOGISTICO-CRITICA-N01,GENETICO,1,TA05,ALM-CENTRAL,2,7
BASE,COLAPSO_LOGISTICO-CRITICA-N01,GENETICO,1,TA05,ALM-CENTRAL,3,47
BASE,COLAPSO_LOGISTICO-CRITICA-N01,GENETICO,1,TA06,ALM-CENTRAL,1,2
BASE,COLAPSO_LOGISTICO-CRITICA-N01,GENETICO,1,TA06,ALM-CENTRAL,2,50
BASE,COLAPSO_LOGISTICO-CRITICA-N01,GENETICO,1,TA07,ALM-CENTRAL,1,38
BASE,COLAPSO_LOGISTICO-CRITICA-N01,GENETICO,1,TA07,ALM-CENTRAL,2,53
BASE,COLAPSO_LOGISTICO-CRITICA-N01,GENETICO,1,TA08,ALM-CENTRAL,1,1
BASE,COLAPSO_LOGISTICO-CRITICA-N01,GENETICO,1,TA08,ALM-CENTRAL,2,40
BASE,COLAPSO_LOGISTICO-CRITICA-N01,GENETICO,1,TA08,ALM-CENTRAL,3,28
BASE,COLAPSO_LOGISTICO-CRITICA-N01,GENETICO,1,TA09,ALM-CENTRAL,1,5
BASE,COLAPSO_LOGISTICO-CRITICA-N01,GENETICO,1,TA09,ALM-CENTRAL,2,25
BASE,COLAPSO_LOGISTICO-CRITICA-N01,GENETICO,1,TA10,ALM-CENTRAL,1,13
BASE,COLAPSO_LOGISTICO-CRITICA-N01,GENETICO,1,TA10,ALM-CENTRAL,2,8
BASE,COLAPSO_LOGISTICO-CRITICA-N01,GENETICO,1,TA10,ALM-CENTRAL,3,43
BASE,COLAPSO_LOGISTICO-CRITICA-N01,GENETICO,1,TB01,ALM-CENTRAL,1,37
BASE,COLAPSO_LOGISTICO-CRITICA-N01,GENETICO,1,TB02,ALM-CENTRAL,1,32
BASE,COLAPSO_LOGISTICO-CRITICA-N01,GENETICO,1,TB03,ALM-CENTRAL,1,33
BASE,COLAPSO_LOGISTICO-CRITICA-N01,GENETICO,1,TB04,ALM-CENTRAL,1,11
BASE,COLAPSO_LOGISTICO-CRITICA-N01,GENETICO,1,TB05,ALM-CENTRAL,1,39
BASE,COLAPSO_LOGISTICO-CRITICA-N01,GENETICO,1,TB06,ALM-CENTRAL,1,55
BASE,COLAPSO_LOGISTICO-CRITICA-N01,GENETICO,1,TB07,ALM-CENTRAL,1,36
BASE,COLAPSO_LOGISTICO-CRITICA-N01,GENETICO,1,TB08,ALM-CENTRAL,1,19
BASE,COLAPSO_LOGISTICO-CRITICA-N01,GENETICO,1,TB09,ALM-CENTRAL,1,44
BASE,COLAPSO_LOGISTICO-CRITICA-N01,GENETICO,1,TM01,ALM-CENTRAL,1,15
BASE,COLAPSO_LOGISTICO-CRITICA-N01,GENETICO,1,TM01,ALM-CENTRAL,2,22
BASE,COLAPSO_LOGISTICO-CRITICA-N01,GENETICO,1,TM02,ALM-CENTRAL,1,23
BASE,COLAPSO_LOGISTICO-CRITICA-N01,GENETICO,1,TM02,ALM-CENTRAL,2,14
BASE,COLAPSO_LOGISTICO-CRITICA-N01,GENETICO,1,TM03,ALM-CENTRAL,1,54
BASE,COLAPSO_LOGISTICO-CRITICA-N01,GENETICO,1,TM04,ALM-CENTRAL,1,26
BASE,COLAPSO_LOGISTICO-CRITICA-N01,GENETICO,1,TM05,ALM-CENTRAL,1,34
BASE,COLAPSO_LOGISTICO-CRITICA-N01,GENETICO,1,TM05,ALM-CENTRAL,2,49
BASE,COLAPSO_LOGISTICO-CRITICA-N01,GENETICO,1,TM06,ALM-CENTRAL,1,42
BASE,COLAPSO_LOGISTICO-CRITICA-N01,GENETICO,1,TM06,ALM-CENTRAL,2,20
BASE,COLAPSO_LOGISTICO-CRITICA-N01,GENETICO,1,TM07,ALM-CENTRAL,1,10
BASE,COLAPSO_LOGISTICO-CRITICA-N01,GENETICO,1,TM08,ALM-CENTRAL,1,52
BASE,COLAPSO_LOGISTICO-CRITICA-N01,GENETICO,1,TM09,ALM-CENTRAL,1,3
BASE,COLAPSO_LOGISTICO-CRITICA-N01,GENETICO,1,TM09,ALM-CENTRAL,2,16
BASE,COLAPSO_LOGISTICO-CRITICA-N01,GENETICO,1,TM10,ALM-CENTRAL,1,18
BASE,COLAPSO_LOGISTICO-CRITICA-N01,GENETICO,1,TM10,ALM-CENTRAL,2,27
BASE,COLAPSO_LOGISTICO-CRITICA-N01,GENETICO,1,TM11,ALM-CENTRAL,1,24
BASE,COLAPSO_LOGISTICO-CRITICA-N01,GENETICO,1,TM11,ALM-CENTRAL,2,21
BASE,COLAPSO_LOGISTICO-CRITICA-N01,GENETICO,1,TM12,ALM-CENTRAL,1,35
BASE,COLAPSO_LOGISTICO-CRITICA-N01,GENETICO,1,TM13,ALM-CENTRAL,1,51
BASE,COLAPSO_LOGISTICO-CRITICA-N01,GENETICO,1,TM14,ALM-CENTRAL,1,41
BASE,COLAPSO_LOGISTICO-CRITICA-N01,GENETICO,1,TM15,ALM-CENTRAL,1,48
