escenario,inicio,fin,activo_al_instante_planificacion,vertices
OPERACION_DIARIA-NORMAL-N01,2026-04-01T00:59,2026-04-01T03:59,false,"(36,18) (44,18)"
OPERACION_DIARIA-NORMAL-N01,2026-04-01T02:56,2026-04-01T05:06,false,"(37,26) (45,26)"
OPERACION_DIARIA-NORMAL-N01,2026-04-01T05:14,2026-04-01T07:30,false,"(4,35) (11,35) (11,40) (26,40) (26,44)"
OPERACION_DIARIA-NORMAL-N01,2026-04-01T05:41,2026-04-01T06:27,false,"(39,9) (39,24)"
OPERACION_DIARIA-NORMAL-N01,2026-04-01T05:41,2026-04-01T09:11,false,"(53,4) (53,24) (65,24)"
OPERACION_DIARIA-NORMAL-N01,2026-04-01T08:00,2026-04-01T08:39,false,"(26,15) (34,15)"
OPERACION_DIARIA-NORMAL-N01,2026-04-01T08:14,2026-04-01T11:16,false,"(53,33) (68,33) (68,41)"
OPERACION_DIARIA-NORMAL-N01,2026-04-01T08:55,2026-04-01T10:05,false,"(13,45) (13,30)"
OPERACION_DIARIA-NORMAL-N01,2026-04-01T09:01,2026-04-01T10:23,false,"(33,34) (63,34) (63,49)"
OPERACION_DIARIA-NORMAL-N01,2026-04-01T09:05,2026-04-01T11:07,false,"(36,40) (41,40) (41,45) (46,45)"
OPERACION_DIARIA-NORMAL-N01,2026-04-01T10:01,2026-04-01T12:09,false,"(17,19) (17,39) (29,39)"
OPERACION_DIARIA-NORMAL-N01,2026-04-01T12:06,2026-04-01T15:41,false,"(28,31) (58,31) (58,46)"
OPERACION_DIARIA-NORMAL-N01,2026-04-01T12:17,2026-04-01T15:48,false,"(57,18) (62,18) (62,23) (67,23)"
OPERACION_DIARIA-NORMAL-N01,2026-04-01T14:03,2026-04-01T16:40,false,"(48,10) (56,10)"
OPERACION_DIARIA-NORMAL-N01,2026-04-01T14:35,2026-04-01T15:47,false,"(33,40) (53,40) (53,35)"
OPERACION_DIARIA-NORMAL-N01,2026-04-01T15:54,2026-04-01T18:29,false,"(49,0) (49,15)"
OPERACION_DIARIA-NORMAL-N01,2026-04-01T17:12,2026-04-01T18:32,false,"(4,6) (4,21)"
OPERACION_DIARIA-NORMAL-N01,2026-04-01T17:43,2026-04-01T21:16,false,"(48,19) (56,19)"
OPERACION_DIARIA-NORMAL-N01,2026-04-01T17:55,2026-04-01T20:50,false,"(21,3) (51,3) (51,18)"
OPERACION_DIARIA-NORMAL-N01,2026-04-01T18:47,2026-04-01T22:14,false,"(25,16) (33,16)"
OPERACION_DIARIA-NORMAL-N01,2026-04-01T19:21,2026-04-01T21:08,false,"(42,28) (47,28) (47,33) (52,33)"
OPERACION_DIARIA-NORMAL-N01,2026-04-01T20:43,2026-04-01T23:56,false,"(56,42) (64,42)"
OPERACION_DIARIA-NORMAL-N01,2026-04-01T21:17,2026-04-01T22:41,false,"(4,15) (9,15) (9,30)"
OPERACION_DIARIA-NORMAL-N02,2026-04-01T00:15,2026-04-01T00:51,false,"(59,33) (59,48)"
OPERACION_DIARIA-NORMAL-N02,2026-04-01T00:52,2026-04-01T01:36,false,"(62,25) (62,40)"
OPERACION_DIARIA-NORMAL-N02,2026-04-01T01:33,2026-04-01T03:32,false,"(16,13) (46,13) (46,28)"
OPERACION_DIARIA-NORMAL-N02,2026-04-01T02:27,2026-04-01T03:38,false,"(21,38) (33,38)"
OPERACION_DIARIA-NORMAL-N02,2026-04-01T02:57,2026-04-01T04:08,false,"(13,2) (18,2) (18,7) (23,7)"
OPERACION_DIARIA-NORMAL-N02,2026-04-01T04:35,2026-04-01T04:53,false,"(18,17) (18,22) (23,22) (23,27) (33,27) (33,32)"
OPERACION_DIARIA-NORMAL-N02,2026-04-01T06:01,2026-04-01T09:58,false,"(42,31) (42,38) (47,38) (47,50) (55,50)"
OPERACION_DIARIA-NORMAL-N02,2026-04-01T06:40,2026-04-01T08:00,false,"(55,17) (55,32)"
OPERACION_DIARIA-NORMAL-N02,2026-04-01T08:09,2026-04-01T08:34,false,"(25,38) (37,38)"
OPERACION_DIARIA-NORMAL-N02,2026-04-01T08:25,2026-04-01T12:05,false,"(32,12) (32,19) (37,19) (37,31) (45,31)"
OPERACION_DIARIA-NORMAL-N02,2026-04-01T09:46,2026-04-01T11:52,false,"(20,11) (25,11) (25,26)"
OPERACION_DIARIA-NORMAL-N02,2026-04-01T11:44,2026-04-01T13:30,false,"(17,11) (25,11)"
OPERACION_DIARIA-NORMAL-N02,2026-04-01T12:16,2026-04-01T15:32,false,"(18,40) (25,40) (25,45) (40,45) (40,49)"
OPERACION_DIARIA-NORMAL-N02,2026-04-01T15:49,2026-04-01T18:06,false,"(6,32) (11,32) (11,47)"
OPERACION_DIARIA-NORMAL-N02,2026-04-01T16:25,2026-04-01T17:17,false,"(55,4) (70,4) (70,12)"
OPERACION_DIARIA-NORMAL-N02,2026-04-01T18:34,2026-04-01T20:46,false,"(1,28) (1,33) (6,33) (6,38) (16,38) (16,43)"
OPERACION_DIARIA-NORMAL-N02,2026-04-01T18:53,2026-04-01T20:58,false,"(49,19) (49,34)"
OPERACION_DIARIA-NORMAL-N02,2026-04-01T19:25,2026-04-01T22:56,false,"(52,33) (57,33) (57,38) (62,38)"
OPERACION_DIARIA-NORMAL-N02,2026-04-01T21:34,2026-04-01T23:25,false,"(29,8) (49,8) (49,3)"
OPERACION_DIARIA-NORMAL-N02,2026-04-01T21:56,2026-04-02T00:15,false,"(69,30) (69,45)"
OPERACION_DIARIA-NORMAL-N03,2026-04-01T00:20,2026-04-01T03:29,false,"(42,1) (49,1) (49,6) (64,6) (64,10)"
OPERACION_DIARIA-NORMAL-N03,2026-04-01T03:53,2026-04-01T05:56,false,"(13,25) (43,25) (43,40)"
OPERACION_DIARIA-NORMAL-N03,2026-04-01T05:31,2026-04-01T06:41,false,"(33,8) (38,8) (38,23)"
OPERACION_DIARIA-NORMAL-N03,2026-04-01T06:18,2026-04-01T09:11,false,"(22,20) (22,5)"
OPERACION_DIARIA-NORMAL-N03,2026-04-01T07:53,2026-04-01T11:16,false,"(36,1) (36,16)"
OPERACION_DIARIA-NORMAL-N03,2026-04-01T08:09,2026-04-01T09:52,false,"(23,24) (35,24)"
OPERACION_DIARIA-NORMAL-N03,2026-04-01T09:16,2026-04-01T09:54,false,"(20,15) (27,15) (27,20) (42,20) (42,24)"
OPERACION_DIARIA-NORMAL-N03,2026-04-01T09:33,2026-04-01T12:52,false,"(16,28) (16,48) (28,48)"
OPERACION_DIARIA-NORMAL-N03,2026-04-01T09:45,2026-04-01T12:29,false,"(5,23) (5,38)"
OPERACION_DIARIA-NORMAL-N03,2026-04-01T10:18,2026-04-01T10:44,false,"(14,11) (34,11) (34,6)"
OPERACION_DIARIA-NORMAL-N03,2026-04-01T11:54,2026-04-01T14:13,false,"(10,20) (30,20) (30,15)"
OPERACION_DIARIA-NORMAL-N03,2026-04-01T12:40,2026-04-01T13:41,false,"(36,8) (66,8) (66,23)"
OPERACION_DIARIA-NORMAL-N03,2026-04-01T12:57,2026-04-01T16:06,false,"(62,1) (62,16)"
OPERACION_DIARIA-NORMAL-N03,2026-04-01T14:15,2026-04-01T17:26,false,"(29,17) (29,22) (34,22) (34,27) (44,27) (44,32)"
OPERACION_DIARIA-NORMAL-N03,2026-04-01T14:30,2026-04-01T16:32,false,"(4,46) (16,46)"
OPERACION_DIARIA-NORMAL-N03,2026-04-01T15:25,2026-04-01T17:56,false,"(9,11) (16,11) (16,16) (31,16) (31,20)"
OPERACION_DIARIA-NORMAL-N03,2026-04-01T17:20,2026-04-01T19:19,false,"(42,6) (47,6) (47,11) (52,11)"
OPERACION_DIARIA-NORMAL-N03,2026-04-01T17:21,2026-04-01T20:21,false,"(51,10) (56,10) (56,25)"
OPERACION_DIARIA-NORMAL-N03,2026-04-01T18:18,2026-04-01T20:21,false,"(50,6) (65,6) (65,14)"
OPERACION_DIARIA-NORMAL-N03,2026-04-01T18:32,2026-04-01T20:36,false,"(30,2) (30,17)"
OPERACION_DIARIA-NORMAL-N03,2026-04-01T18:35,2026-04-01T19:19,false,"(6,7) (6,27) (18,27)"
OPERACION_DIARIA-NORMAL-N03,2026-04-01T18:59,2026-04-01T22:55,false,"(13,47) (21,47)"
OPERACION_DIARIA-NORMAL-N03,2026-04-01T20:13,2026-04-01T21:38,false,"(34,7) (34,22)"
OPERACION_DIARIA-NORMAL-N04,2026-04-01T02:02,2026-04-01T03:55,false,"(55,27) (55,47) (67,47)"
OPERACION_DIARIA-NORMAL-N04,2026-04-01T02:03,2026-04-01T04:58,false,"(12,2) (17,2) (17,7) (22,7)"
OPERACION_DIARIA-NORMAL-N04,2026-04-01T03:15,2026-04-01T03:47,false,"(1,21) (13,21)"
OPERACION_DIARIA-NORMAL-N04,2026-04-01T05:02,2026-04-01T05:24,false,"(40,33) (45,33) (45,38) (50,38)"
OPERACION_DIARIA-NORMAL-N04,2026-04-01T07:14,2026-04-01T09:44,false,"(47,20) (47,35)"
OPERACION_DIARIA-NORMAL-N04,2026-04-01T07:16,2026-04-01T08:49,false,"(4,15) (4,30)"
OPERACION_DIARIA-NORMAL-N04,2026-04-01T08:21,2026-04-01T11:56,false,"(20,33) (25,33) (25,48)"
OPERACION_DIARIA-NORMAL-N04,2026-04-01T09:51,2026-04-01T12:26,false,"(13,21) (13,36)"
OPERACION_DIARIA-NORMAL-N04,2026-04-01T10:36,2026-04-01T13:01,false,"(30,2) (30,9) (35,9) (35,21) (43,21)"
OPERACION_DIARIA-NORMAL-N04,2026-04-01T10:38,2026-04-01T12:43,false,"(65,19) (65,34)"
OPERACION_DIARIA-NORMAL-N04,2026-04-01T12:18,2026-04-01T14:29,false,"(12,20) (12,40) (24,40)"
OPERACION_DIARIA-NORMAL-N04,2026-04-01T15:23,2026-04-01T17:54,false,"(8,3) (38,3) (38,18)"
OPERACION_DIARIA-NORMAL-N04,2026-04-01T16:09,2026-04-01T19:33,false,"(42,17) (42,24) (47,24) (47,36) (55,36)"
OPERACION_DIARIA-NORMAL-N04,2026-04-01T17:17,2026-04-01T17:53,false,"(46,21) (46,28) (51,28) (51,40) (59,40)"
OPERACION_DIARIA-NORMAL-N04,2026-04-01T18:48,2026-04-01T21:40,false,"(36,19) (66,19) (66,34)"
OPERACION_DIARIA-NORMAL-N04,2026-04-01T19:01,2026-04-01T20:41,false,"(36,5) (36,25) (48,25)"
OPERACION_DIARIA-NORMAL-N04,2026-04-01T19:21,2026-04-01T21:08,false,"(48,25) (53,25) (53,30) (58,30)"
OPERACION_DIARIA-NORMAL-N04,2026-04-01T19:25,2026-04-01T21:38,false,"(57,2) (69,2)"
OPERACION_DIARIA-NORMAL-N04,2026-04-01T19:40,2026-04-01T22:59,false,"(31,30) (31,15)"
OPERACION_DIARIA-NORMAL-N04,2026-04-01T21:39,2026-04-01T21:56,false,"(29,22) (59,22) (59,37)"
OPERACION_DIARIA-NORMAL-N05,2026-04-01T00:02,2026-04-01T03:03,false,"(10,9) (10,29) (22,29)"
OPERACION_DIARIA-NORMAL-N05,2026-04-01T00:32,2026-04-01T03:20,false,"(38,16) (38,36) (50,36)"
OPERACION_DIARIA-NORMAL-N05,2026-04-01T03:41,2026-04-01T05:45,false,"(53,19) (53,39) (65,39)"
OPERACION_DIARIA-NORMAL-N05,2026-04-01T04:21,2026-04-01T07:46,false,"(65,3) (65,18)"
OPERACION_DIARIA-NORMAL-N05,2026-04-01T07:53,2026-04-01T11:16,false,"(59,30) (59,45)"
OPERACION_DIARIA-NORMAL-N05,2026-04-01T08:34,2026-04-01T09:01,false,"(63,33) (63,48)"
OPERACION_DIARIA-NORMAL-N05,2026-04-01T09:46,2026-04-01T11:17,false,"(38,36) (58,36) (58,31)"
OPERACION_DIARIA-NORMAL-N05,2026-04-01T09:57,2026-04-01T13:22,false,"(14,9) (14,16) (19,16) (19,28) (27,28)"
OPERACION_DIARIA-NORMAL-N05,2026-04-01T10:28,2026-04-01T11:12,false,"(11,13) (41,13) (41,28)"
OPERACION_DIARIA-NORMAL-N05,2026-04-01T12:44,2026-04-01T15:45,false,"(6,1) (18,1)"
OPERACION_DIARIA-NORMAL-N05,2026-04-01T13:17,2026-04-01T15:54,false,"(39,6) (39,13) (44,13) (44,25) (52,25)"
OPERACION_DIARIA-NORMAL-N05,2026-04-01T16:41,2026-04-01T19:37,false,"(15,6) (35,6) (35,1)"
OPERACION_DIARIA-NORMAL-N05,2026-04-01T18:31,2026-04-01T21:27,false,"(53,41) (65,41)"
OPERACION_DIARIA-NORMAL-N05,2026-04-01T19:02,2026-04-01T20:02,false,"(29,27) (29,42)"
OPERACION_DIARIA-NORMAL-N05,2026-04-01T19:14,2026-04-01T20:10,false,"(56,9) (56,29) (68,29)"
OPERACION_DIARIA-NORMAL-N05,2026-04-01T19:51,2026-04-01T22:52,false,"(29,27) (44,27) (44,35)"
OPERACION_DIARIA-NORMAL-N05,2026-04-01T22:11,2026-04-01T23:38,false,"(28,23) (28,43) (40,43)"
OPERACION_DIARIA-NORMAL-N05,2026-04-01T22:25,2026-04-02T02:09,false,"(16,31) (21,31) (21,46)"
OPERACION_DIARIA-NORMAL-N05,2026-04-01T22:44,2026-04-02T00:41,false,"(49,3) (57,3)"
OPERACION_DIARIA-NORMAL-N05,2026-04-01T22:58,2026-04-02T01:48,false,"(48,0) (48,15)"
OPERACION_DIARIA-NORMAL-N05,2026-04-01T23:33,2026-04-02T02:32,false,"(48,35) (48,50)"
OPERACION_DIARIA-ALTA-N01,2026-04-01T00:59,2026-04-01T03:59,false,"(36,18) (44,18)"
OPERACION_DIARIA-ALTA-N01,2026-04-01T02:55,2026-04-01T05:51,false,"(25,34) (30,34) (30,49)"
OPERACION_DIARIA-ALTA-N01,2026-04-01T02:56,2026-04-01T05:06,false,"(37,26) (45,26)"
OPERACION_DIARIA-ALTA-N01,2026-04-01T03:04,2026-04-01T05:13,false,"(11,25) (41,25) (41,40)"
OPERACION_DIARIA-ALTA-N01,2026-04-01T05:14,2026-04-01T07:30,false,"(4,35) (11,35) (11,40) (26,40) (26,44)"
OPERACION_DIARIA-ALTA-N01,2026-04-01T05:41,2026-04-01T06:27,false,"(39,9) (39,24)"
OPERACION_DIARIA-ALTA-N01,2026-04-01T05:41,2026-04-01T09:11,false,"(53,4) (53,24) (65,24)"
OPERACION_DIARIA-ALTA-N01,2026-04-01T08:00,2026-04-01T08:39,false,"(26,15) (34,15)"
OPERACION_DIARIA-ALTA-N01,2026-04-01T08:14,2026-04-01T11:16,false,"(53,33) (68,33) (68,41)"
OPERACION_DIARIA-ALTA-N01,2026-04-01T08:55,2026-04-01T10:05,false,"(13,45) (13,30)"
OPERACION_DIARIA-ALTA-N01,2026-04-01T09:01,2026-04-01T10:23,false,"(33,34) (63,34) (63,49)"
OPERACION_DIARIA-ALTA-N01,2026-04-01T09:05,2026-04-01T11:07,false,"(36,40) (41,40) (41,45) (46,45)"
OPERACION_DIARIA-ALTA-N01,2026-04-01T10:01,2026-04-01T12:09,false,"(17,19) (17,39) (29,39)"
OPERACION_DIARIA-ALTA-N01,2026-04-01T12:06,2026-04-01T15:41,false,"(28,31) (58,31) (58,46)"
OPERACION_DIARIA-ALTA-N01,2026-04-01T12:17,2026-04-01T15:48,false,"(57,18) (62,18) (62,23) (67,23)"
OPERACION_DIARIA-ALTA-N01,2026-04-01T12:55,2026-04-01T14:21,false,"(11,27) (11,42)"
OPERACION_DIARIA-ALTA-N01,2026-04-01T14:03,2026-04-01T15:20,false,"(30,0) (38,0)"
OPERACION_DIARIA-ALTA-N01,2026-04-01T14:03,2026-04-01T16:40,false,"(48,10) (56,10)"
OPERACION_DIARIA-ALTA-N01,2026-04-01T14:35,2026-04-01T15:47,false,"(33,40) (53,40) (53,35)"
OPERACION_DIARIA-ALTA-N01,2026-04-01T15:54,2026-04-01T18:29,false,"(49,0) (49,15)"
OPERACION_DIARIA-ALTA-N01,2026-04-01T17:12,2026-04-01T18:32,false,"(4,6) (4,21)"
OPERACION_DIARIA-ALTA-N01,2026-04-01T17:43,2026-04-01T21:16,false,"(48,19) (56,19)"
OPERACION_DIARIA-ALTA-N01,2026-04-01T17:55,2026-04-01T20:50,false,"(21,3) (51,3) (51,18)"
OPERACION_DIARIA-ALTA-N01,2026-04-01T18:47,2026-04-01T22:14,false,"(25,16) (33,16)"
OPERACION_DIARIA-ALTA-N01,2026-04-01T19:19,2026-04-01T22:48,false,"(13,10) (13,25)"
OPERACION_DIARIA-ALTA-N01,2026-04-01T19:21,2026-04-01T21:08,false,"(42,28) (47,28) (47,33) (52,33)"
OPERACION_DIARIA-ALTA-N01,2026-04-01T20:43,2026-04-01T23:56,false,"(56,42) (64,42)"
OPERACION_DIARIA-ALTA-N01,2026-04-01T21:17,2026-04-01T22:41,false,"(4,15) (9,15) (9,30)"
OPERACION_DIARIA-ALTA-N01,2026-04-01T23:42,2026-04-02T01:10,false,"(27,30) (27,37) (32,37) (32,49) (40,49)"
OPERACION_DIARIA-ALTA-N02,2026-04-01T00:15,2026-04-01T00:51,false,"(59,33) (59,48)"
OPERACION_DIARIA-ALTA-N02,2026-04-01T00:52,2026-04-01T01:36,false,"(62,25) (62,40)"
OPERACION_DIARIA-ALTA-N02,2026-04-01T01:11,2026-04-01T01:56,false,"(23,17) (23,2)"
OPERACION_DIARIA-ALTA-N02,2026-04-01T01:33,2026-04-01T03:32,false,"(16,13) (46,13) (46,28)"
OPERACION_DIARIA-ALTA-N02,2026-04-01T01:45,2026-04-01T04:53,false,"(26,18) (46,18) (46,13)"
OPERACION_DIARIA-ALTA-N02,2026-04-01T02:27,2026-04-01T03:38,false,"(21,38) (33,38)"
OPERACION_DIARIA-ALTA-N02,2026-04-01T02:57,2026-04-01T04:08,false,"(13,2) (18,2) (18,7) (23,7)"
OPERACION_DIARIA-ALTA-N02,2026-04-01T04:35,2026-04-01T04:53,false,"(18,17) (18,22) (23,22) (23,27) (33,27) (33,32)"
OPERACION_DIARIA-ALTA-N02,2026-04-01T06:01,2026-04-01T09:58,false,"(42,31) (42,38) (47,38) (47,50) (55,50)"
OPERACION_DIARIA-ALTA-N02,2026-04-01T06:40,2026-04-01T08:00,false,"(55,17) (55,32)"
OPERACION_DIARIA-ALTA-N02,2026-04-01T08:09,2026-04-01T08:34,false,"(25,38) (37,38)"
OPERACION_DIARIA-ALTA-N02,2026-04-01T08:25,2026-04-01T12:05,false,"(32,12) (32,19) (37,19) (37,31) (45,31)"
OPERACION_DIARIA-ALTA-N02,2026-04-01T08:35,2026-04-01T11:52,false,"(20,47) (32,47)"
OPERACION_DIARIA-ALTA-N02,2026-04-01T09:46,2026-04-01T11:52,false,"(20,11) (25,11) (25,26)"
OPERACION_DIARIA-ALTA-N02,2026-04-01T11:44,2026-04-01T13:30,false,"(17,11) (25,11)"
OPERACION_DIARIA-ALTA-N02,2026-04-01T12:16,2026-04-01T15:32,false,"(18,40) (25,40) (25,45) (40,45) (40,49)"
OPERACION_DIARIA-ALTA-N02,2026-04-01T15:49,2026-04-01T18:06,false,"(6,32) (11,32) (11,47)"
OPERACION_DIARIA-ALTA-N02,2026-04-01T16:24,2026-04-01T17:16,false,"(58,50) (70,50)"
OPERACION_DIARIA-ALTA-N02,2026-04-01T16:25,2026-04-01T17:17,false,"(55,4) (70,4) (70,12)"
OPERACION_DIARIA-ALTA-N02,2026-04-01T17:09,2026-04-01T20:17,false,"(49,14) (49,21) (54,21) (54,33) (62,33)"
OPERACION_DIARIA-ALTA-N02,2026-04-01T18:34,2026-04-01T20:46,false,"(1,28) (1,33) (6,33) (6,38) (16,38) (16,43)"
OPERACION_DIARIA-ALTA-N02,2026-04-01T18:53,2026-04-01T20:58,false,"(49,19) (49,34)"
OPERACION_DIARIA-ALTA-N02,2026-04-01T19:25,2026-04-01T22:56,false,"(52,33) (57,33) (57,38) (62,38)"
OPERACION_DIARIA-ALTA-N02,2026-04-01T21:34,2026-04-01T23:25,false,"(29,8) (49,8) (49,3)"
OPERACION_DIARIA-ALTA-N02,2026-04-01T21:56,2026-04-02T00:15,false,"(69,30) (69,45)"
OPERACION_DIARIA-ALTA-N03,2026-04-01T00:20,2026-04-01T03:29,false,"(42,1) (49,1) (49,6) (64,6) (64,10)"
OPERACION_DIARIA-ALTA-N03,2026-04-01T03:53,2026-04-01T05:56,false,"(13,25) (43,25) (43,40)"
OPERACION_DIARIA-ALTA-N03,2026-04-01T05:31,2026-04-01T06:41,false,"(33,8) (38,8) (38,23)"
OPERACION_DIARIA-ALTA-N03,2026-04-01T06:18,2026-04-01T09:11,false,"(22,20) (22,5)"
OPERACION_DIARIA-ALTA-N03,2026-04-01T07:53,2026-04-01T11:16,false,"(36,1) (36,16)"
OPERACION_DIARIA-ALTA-N03,2026-04-01T08:09,2026-04-01T09:52,false,"(23,24) (35,24)"
OPERACION_DIARIA-ALTA-N03,2026-04-01T09:16,2026-04-01T09:54,false,"(20,15) (27,15) (27,20) (42,20) (42,24)"
OPERACION_DIARIA-ALTA-N03,2026-04-01T09:18,2026-04-01T12:16,false,"(47,10) (47,25)"
OPERACION_DIARIA-ALTA-N03,2026-04-01T09:33,2026-04-01T12:52,false,"(16,28) (16,48) (28,48)"
OPERACION_DIARIA-ALTA-N03,2026-04-01T09:45,2026-04-01T12:29,false,"(5,23) (5,38)"
OPERACION_DIARIA-ALTA-N03,2026-04-01T10:18,2026-04-01T10:44,false,"(14,11) (34,11) (34,6)"
OPERACION_DIARIA-ALTA-N03,2026-04-01T11:54,2026-04-01T14:13,false,"(10,20) (30,20) (30,15)"
OPERACION_DIARIA-ALTA-N03,2026-04-01T12:40,2026-04-01T13:41,false,"(36,8) (66,8) (66,23)"
OPERACION_DIARIA-ALTA-N03,2026-04-01T12:57,2026-04-01T16:06,false,"(62,1) (62,16)"
OPERACION_DIARIA-ALTA-N03,2026-04-01T14:15,2026-04-01T17:26,false,"(29,17) (29,22) (34,22) (34,27) (44,27) (44,32)"
OPERACION_DIARIA-ALTA-N03,2026-04-01T14:30,2026-04-01T16:32,false,"(4,46) (16,46)"
OPERACION_DIARIA-ALTA-N03,2026-04-01T15:25,2026-04-01T17:56,false,"(9,11) (16,11) (16,16) (31,16) (31,20)"
OPERACION_DIARIA-ALTA-N03,2026-04-01T17:20,2026-04-01T19:19,false,"(42,6) (47,6) (47,11) (52,11)"
OPERACION_DIARIA-ALTA-N03,2026-04-01T17:21,2026-04-01T20:21,false,"(51,10) (56,10) (56,25)"
OPERACION_DIARIA-ALTA-N03,2026-04-01T18:18,2026-04-01T20:21,false,"(50,6) (65,6) (65,14)"
OPERACION_DIARIA-ALTA-N03,2026-04-01T18:32,2026-04-01T20:36,false,"(30,2) (30,17)"
OPERACION_DIARIA-ALTA-N03,2026-04-01T18:35,2026-04-01T19:19,false,"(6,7) (6,27) (18,27)"
OPERACION_DIARIA-ALTA-N03,2026-04-01T18:59,2026-04-01T22:55,false,"(13,47) (21,47)"
OPERACION_DIARIA-ALTA-N03,2026-04-01T20:13,2026-04-01T21:38,false,"(34,7) (34,22)"
OPERACION_DIARIA-ALTA-N04,2026-04-01T02:02,2026-04-01T03:55,false,"(55,27) (55,47) (67,47)"
OPERACION_DIARIA-ALTA-N04,2026-04-01T02:03,2026-04-01T04:58,false,"(12,2) (17,2) (17,7) (22,7)"
OPERACION_DIARIA-ALTA-N04,2026-04-01T03:15,2026-04-01T03:47,false,"(1,21) (13,21)"
OPERACION_DIARIA-ALTA-N04,2026-04-01T05:02,2026-04-01T05:24,false,"(40,33) (45,33) (45,38) (50,38)"
OPERACION_DIARIA-ALTA-N04,2026-04-01T06:25,2026-04-01T09:11,false,"(17,13) (17,28)"
OPERACION_DIARIA-ALTA-N04,2026-04-01T07:14,2026-04-01T09:44,false,"(47,20) (47,35)"
OPERACION_DIARIA-ALTA-N04,2026-04-01T07:16,2026-04-01T08:49,false,"(4,15) (4,30)"
OPERACION_DIARIA-ALTA-N04,2026-04-01T08:21,2026-04-01T11:56,false,"(20,33) (25,33) (25,48)"
OPERACION_DIARIA-ALTA-N04,2026-04-01T09:51,2026-04-01T12:26,false,"(13,21) (13,36)"
OPERACION_DIARIA-ALTA-N04,2026-04-01T10:36,2026-04-01T13:01,false,"(30,2) (30,9) (35,9) (35,21) (43,21)"
OPERACION_DIARIA-ALTA-N04,2026-04-01T10:38,2026-04-01T12:43,false,"(65,19) (65,34)"
OPERACION_DIARIA-ALTA-N04,2026-04-01T12:18,2026-04-01T14:29,false,"(12,20) (12,40) (24,40)"
OPERACION_DIARIA-ALTA-N04,2026-04-01T13:42,2026-04-01T14:50,false,"(24,7) (24,14) (29,14) (29,26) (37,26)"
OPERACION_DIARIA-ALTA-N04,2026-04-01T14:06,2026-04-01T15:09,false,"(33,12) (41,12)"
OPERACION_DIARIA-ALTA-N04,2026-04-01T15:23,2026-04-01T17:54,false,"(8,3) (38,3) (38,18)"
OPERACION_DIARIA-ALTA-N04,2026-04-01T16:09,2026-04-01T19:33,false,"(42,17) (42,24) (47,24) (47,36) (55,36)"
OPERACION_DIARIA-ALTA-N04,2026-04-01T17:17,2026-04-01T17:53,false,"(46,21) (46,28) (51,28) (51,40) (59,40)"
OPERACION_DIARIA-ALTA-N04,2026-04-01T18:48,2026-04-01T21:40,false,"(36,19) (66,19) (66,34)"
OPERACION_DIARIA-ALTA-N04,2026-04-01T19:01,2026-04-01T20:41,false,"(36,5) (36,25) (48,25)"
OPERACION_DIARIA-ALTA-N04,2026-04-01T19:21,2026-04-01T21:08,false,"(48,25) (53,25) (53,30) (58,30)"
OPERACION_DIARIA-ALTA-N04,2026-04-01T19:25,2026-04-01T21:38,false,"(57,2) (69,2)"
OPERACION_DIARIA-ALTA-N04,2026-04-01T19:28,2026-04-01T20:42,false,"(51,27) (51,42)"
OPERACION_DIARIA-ALTA-N04,2026-04-01T19:40,2026-04-01T22:59,false,"(31,30) (31,15)"
OPERACION_DIARIA-ALTA-N04,2026-04-01T20:01,2026-04-01T23:56,false,"(15,44) (35,44) (35,39)"
OPERACION_DIARIA-ALTA-N04,2026-04-01T21:39,2026-04-01T21:56,false,"(29,22) (59,22) (59,37)"
OPERACION_DIARIA-ALTA-N05,2026-04-01T00:02,2026-04-01T03:03,false,"(10,9) (10,29) (22,29)"
OPERACION_DIARIA-ALTA-N05,2026-04-01T00:32,2026-04-01T03:20,false,"(38,16) (38,36) (50,36)"
OPERACION_DIARIA-ALTA-N05,2026-04-01T03:41,2026-04-01T05:45,false,"(53,19) (53,39) (65,39)"
OPERACION_DIARIA-ALTA-N05,2026-04-01T04:21,2026-04-01T07:46,false,"(65,3) (65,18)"
OPERACION_DIARIA-ALTA-N05,2026-04-01T07:53,2026-04-01T11:16,false,"(59,30) (59,45)"
OPERACION_DIARIA-ALTA-N05,2026-04-01T08:34,2026-04-01T09:01,false,"(63,33) (63,48)"
OPERACION_DIARIA-ALTA-N05,2026-04-01T09:13,2026-04-01T12:41,false,"(70,9) (70,24)"
OPERACION_DIARIA-ALTA-N05,2026-04-01T09:46,2026-04-01T11:17,false,"(38,36) (58,36) (58,31)"
OPERACION_DIARIA-ALTA-N05,2026-04-01T09:57,2026-04-01T13:22,false,"(14,9) (14,16) (19,16) (19,28) (27,28)"
OPERACION_DIARIA-ALTA-N05,2026-04-01T10:03,2026-04-01T11:00,false,"(51,2) (51,22) (63,22)"
OPERACION_DIARIA-ALTA-N05,2026-04-01T10:28,2026-04-01T11:12,false,"(11,13) (41,13) (41,28)"
OPERACION_DIARIA-ALTA-N05,2026-04-01T11:16,2026-04-01T14:40,false,"(45,32) (60,32) (60,40)"
OPERACION_DIARIA-ALTA-N05,2026-04-01T12:44,2026-04-01T15:45,false,"(6,1) (18,1)"
OPERACION_DIARIA-ALTA-N05,2026-04-01T13:17,2026-04-01T15:54,false,"(39,6) (39,13) (44,13) (44,25) (52,25)"
OPERACION_DIARIA-ALTA-N05,2026-04-01T16:11,2026-04-01T18:50,false,"(5,19) (10,19) (10,34)"
OPERACION_DIARIA-ALTA-N05,2026-04-01T16:41,2026-04-01T19:37,false,"(15,6) (35,6) (35,1)"
OPERACION_DIARIA-ALTA-N05,2026-04-01T18:31,2026-04-01T21:27,false,"(53,41) (65,41)"
OPERACION_DIARIA-ALTA-N05,2026-04-01T19:02,2026-04-01T20:02,false,"(29,27) (29,42)"
OPERACION_DIARIA-ALTA-N05,2026-04-01T19:14,2026-04-01T20:10,false,"(56,9) (56,29) (68,29)"
OPERACION_DIARIA-ALTA-N05,2026-04-01T19:51,2026-04-01T22:52,false,"(29,27) (44,27) (44,35)"
OPERACION_DIARIA-ALTA-N05,2026-04-01T22:11,2026-04-01T23:38,false,"(28,23) (28,43) (40,43)"
OPERACION_DIARIA-ALTA-N05,2026-04-01T22:25,2026-04-02T02:09,false,"(16,31) (21,31) (21,46)"
OPERACION_DIARIA-ALTA-N05,2026-04-01T22:42,2026-04-02T02:34,false,"(29,16) (41,16)"
OPERACION_DIARIA-ALTA-N05,2026-04-01T22:44,2026-04-02T00:41,false,"(49,3) (57,3)"
OPERACION_DIARIA-ALTA-N05,2026-04-01T22:58,2026-04-02T01:48,false,"(48,0) (48,15)"
OPERACION_DIARIA-ALTA-N05,2026-04-01T23:33,2026-04-02T02:32,false,"(48,35) (48,50)"
OPERACION_DIARIA-CRITICA-N01,2026-04-01T00:59,2026-04-01T03:59,false,"(36,18) (44,18)"
OPERACION_DIARIA-CRITICA-N01,2026-04-01T02:55,2026-04-01T05:51,false,"(25,34) (30,34) (30,49)"
OPERACION_DIARIA-CRITICA-N01,2026-04-01T02:56,2026-04-01T05:06,false,"(37,26) (45,26)"
OPERACION_DIARIA-CRITICA-N01,2026-04-01T03:04,2026-04-01T05:13,false,"(11,25) (41,25) (41,40)"
OPERACION_DIARIA-CRITICA-N01,2026-04-01T03:49,2026-04-01T05:44,false,"(6,37) (6,22)"
OPERACION_DIARIA-CRITICA-N01,2026-04-01T05:14,2026-04-01T07:30,false,"(4,35) (11,35) (11,40) (26,40) (26,44)"
OPERACION_DIARIA-CRITICA-N01,2026-04-01T05:41,2026-04-01T06:27,false,"(39,9) (39,24)"
OPERACION_DIARIA-CRITICA-N01,2026-04-01T05:41,2026-04-01T09:11,false,"(53,4) (53,24) (65,24)"
OPERACION_DIARIA-CRITICA-N01,2026-04-01T08:00,2026-04-01T08:39,false,"(26,15) (34,15)"
OPERACION_DIARIA-CRITICA-N01,2026-04-01T08:14,2026-04-01T11:16,false,"(53,33) (68,33) (68,41)"
OPERACION_DIARIA-CRITICA-N01,2026-04-01T08:55,2026-04-01T10:05,false,"(13,45) (13,30)"
OPERACION_DIARIA-CRITICA-N01,2026-04-01T09:01,2026-04-01T10:23,false,"(33,34) (63,34) (63,49)"
OPERACION_DIARIA-CRITICA-N01,2026-04-01T09:05,2026-04-01T11:07,false,"(36,40) (41,40) (41,45) (46,45)"
OPERACION_DIARIA-CRITICA-N01,2026-04-01T10:01,2026-04-01T12:09,false,"(17,19) (17,39) (29,39)"
OPERACION_DIARIA-CRITICA-N01,2026-04-01T12:06,2026-04-01T15:41,false,"(28,31) (58,31) (58,46)"
OPERACION_DIARIA-CRITICA-N01,2026-04-01T12:17,2026-04-01T15:48,false,"(57,18) (62,18) (62,23) (67,23)"
OPERACION_DIARIA-CRITICA-N01,2026-04-01T12:55,2026-04-01T14:21,false,"(11,27) (11,42)"
OPERACION_DIARIA-CRITICA-N01,2026-04-01T14:03,2026-04-01T15:20,false,"(30,0) (38,0)"
OPERACION_DIARIA-CRITICA-N01,2026-04-01T14:03,2026-04-01T16:40,false,"(48,10) (56,10)"
OPERACION_DIARIA-CRITICA-N01,2026-04-01T14:35,2026-04-01T15:47,false,"(33,40) (53,40) (53,35)"
OPERACION_DIARIA-CRITICA-N01,2026-04-01T15:54,2026-04-01T18:29,false,"(49,0) (49,15)"
OPERACION_DIARIA-CRITICA-N01,2026-04-01T17:12,2026-04-01T18:32,false,"(4,6) (4,21)"
OPERACION_DIARIA-CRITICA-N01,2026-04-01T17:43,2026-04-01T21:16,false,"(48,19) (56,19)"
OPERACION_DIARIA-CRITICA-N01,2026-04-01T17:55,2026-04-01T20:50,false,"(21,3) (51,3) (51,18)"
OPERACION_DIARIA-CRITICA-N01,2026-04-01T18:47,2026-04-01T22:14,false,"(25,16) (33,16)"
OPERACION_DIARIA-CRITICA-N01,2026-04-01T19:19,2026-04-01T22:48,false,"(13,10) (13,25)"
OPERACION_DIARIA-CRITICA-N01,2026-04-01T19:21,2026-04-01T21:08,false,"(42,28) (47,28) (47,33) (52,33)"
OPERACION_DIARIA-CRITICA-N01,2026-04-01T20:43,2026-04-01T23:56,false,"(56,42) (64,42)"
OPERACION_DIARIA-CRITICA-N01,2026-04-01T21:17,2026-04-01T22:41,false,"(4,15) (9,15) (9,30)"
OPERACION_DIARIA-CRITICA-N01,2026-04-01T23:42,2026-04-02T01:10,false,"(27,30) (27,37) (32,37) (32,49) (40,49)"
OPERACION_DIARIA-CRITICA-N02,2026-04-01T00:15,2026-04-01T00:51,false,"(59,33) (59,48)"
OPERACION_DIARIA-CRITICA-N02,2026-04-01T00:52,2026-04-01T01:36,false,"(62,25) (62,40)"
OPERACION_DIARIA-CRITICA-N02,2026-04-01T01:11,2026-04-01T01:56,false,"(23,17) (23,2)"
OPERACION_DIARIA-CRITICA-N02,2026-04-01T01:33,2026-04-01T03:32,false,"(16,13) (46,13) (46,28)"
OPERACION_DIARIA-CRITICA-N02,2026-04-01T01:45,2026-04-01T04:53,false,"(26,18) (46,18) (46,13)"
OPERACION_DIARIA-CRITICA-N02,2026-04-01T02:27,2026-04-01T03:38,false,"(21,38) (33,38)"
OPERACION_DIARIA-CRITICA-N02,2026-04-01T02:57,2026-04-01T04:08,false,"(13,2) (18,2) (18,7) (23,7)"
OPERACION_DIARIA-CRITICA-N02,2026-04-01T04:35,2026-04-01T04:53,false,"(18,17) (18,22) (23,22) (23,27) (33,27) (33,32)"
OPERACION_DIARIA-CRITICA-N02,2026-04-01T05:18,2026-04-01T07:01,false,"(7,34) (15,34)"
OPERACION_DIARIA-CRITICA-N02,2026-04-01T05:27,2026-04-01T06:55,false,"(56,10) (56,30) (68,30)"
OPERACION_DIARIA-CRITICA-N02,2026-04-01T06:01,2026-04-01T09:58,false,"(42,31) (42,38) (47,38) (47,50) (55,50)"
OPERACION_DIARIA-CRITICA-N02,2026-04-01T06:05,2026-04-01T07:43,false,"(6,33) (6,38) (11,38) (11,43) (21,43) (21,48)"
OPERACION_DIARIA-CRITICA-N02,2026-04-01T06:40,2026-04-01T08:00,false,"(55,17) (55,32)"
OPERACION_DIARIA-CRITICA-N02,2026-04-01T08:09,2026-04-01T08:34,false,"(25,38) (37,38)"
OPERACION_DIARIA-CRITICA-N02,2026-04-01T08:23,2026-04-01T10:01,false,"(43,0) (43,15)"
OPERACION_DIARIA-CRITICA-N02,2026-04-01T08:25,2026-04-01T12:05,false,"(32,12) (32,19) (37,19) (37,31) (45,31)"
OPERACION_DIARIA-CRITICA-N02,2026-04-01T08:35,2026-04-01T11:52,false,"(20,47) (32,47)"
OPERACION_DIARIA-CRITICA-N02,2026-04-01T09:46,2026-04-01T11:52,false,"(20,11) (25,11) (25,26)"
OPERACION_DIARIA-CRITICA-N02,2026-04-01T11:44,2026-04-01T13:30,false,"(17,11) (25,11)"
OPERACION_DIARIA-CRITICA-N02,2026-04-01T12:16,2026-04-01T15:32,false,"(18,40) (25,40) (25,45) (40,45) (40,49)"
OPERACION_DIARIA-CRITICA-N02,2026-04-01T15:49,2026-04-01T18:06,false,"(6,32) (11,32) (11,47)"
OPERACION_DIARIA-CRITICA-N02,2026-04-01T16:24,2026-04-01T17:16,false,"(58,50) (70,50)"
OPERACION_DIARIA-CRITICA-N02,2026-04-01T16:25,2026-04-01T17:17,false,"(55,4) (70,4) (70,12)"
OPERACION_DIARIA-CRITICA-N02,2026-04-01T17:09,2026-04-01T20:17,false,"(49,14) (49,21) (54,21) (54,33) (62,33)"
OPERACION_DIARIA-CRITICA-N02,2026-04-01T18:34,2026-04-01T20:46,false,"(1,28) (1,33) (6,33) (6,38) (16,38) (16,43)"
OPERACION_DIARIA-CRITICA-N02,2026-04-01T18:53,2026-04-01T20:58,false,"(49,19) (49,34)"
OPERACION_DIARIA-CRITICA-N02,2026-04-01T19:25,2026-04-01T22:56,false,"(52,33) (57,33) (57,38) (62,38)"
OPERACION_DIARIA-CRITICA-N02,2026-04-01T20:18,2026-04-01T21:55,false,"(29,29) (29,36) (34,36) (34,48) (42,48)"
OPERACION_DIARIA-CRITICA-N02,2026-04-01T21:34,2026-04-01T23:25,false,"(29,8) (49,8) (49,3)"
OPERACION_DIARIA-CRITICA-N02,2026-04-01T21:56,2026-04-02T00:15,false,"(69,30) (69,45)"
OPERACION_DIARIA-CRITICA-N03,2026-04-01T00:20,2026-04-01T03:29,false,"(42,1) (49,1) (49,6) (64,6) (64,10)"
OPERACION_DIARIA-CRITICA-N03,2026-04-01T03:15,2026-04-01T03:47,false,"(57,36) (69,36)"
OPERACION_DIARIA-CRITICA-N03,2026-04-01T03:53,2026-04-01T05:56,false,"(13,25) (43,25) (43,40)"
OPERACION_DIARIA-CRITICA-N03,2026-04-01T05:31,2026-04-01T06:41,false,"(33,8) (38,8) (38,23)"
OPERACION_DIARIA-CRITICA-N03,2026-04-01T06:03,2026-04-01T09:03,false,"(30,4) (30,9) (35,9) (35,14) (45,14) (45,19)"
OPERACION_DIARIA-CRITICA-N03,2026-04-01T06:18,2026-04-01T09:11,false,"(22,20) (22,5)"
OPERACION_DIARIA-CRITICA-N03,2026-04-01T07:53,2026-04-01T11:16,false,"(36,1) (36,16)"
OPERACION_DIARIA-CRITICA-N03,2026-04-01T08:09,2026-04-01T09:52,false,"(23,24) (35,24)"
OPERACION_DIARIA-CRITICA-N03,2026-04-01T09:16,2026-04-01T09:54,false,"(20,15) (27,15) (27,20) (42,20) (42,24)"
OPERACION_DIARIA-CRITICA-N03,2026-04-01T09:18,2026-04-01T12:16,false,"(47,10) (47,25)"
OPERACION_DIARIA-CRITICA-N03,2026-04-01T09:33,2026-04-01T12:52,false,"(16,28) (16,48) (28,48)"
OPERACION_DIARIA-CRITICA-N03,2026-04-01T09:45,2026-04-01T12:29,false,"(5,23) (5,38)"
OPERACION_DIARIA-CRITICA-N03,2026-04-01T10:18,2026-04-01T10:44,false,"(14,11) (34,11) (34,6)"
OPERACION_DIARIA-CRITICA-N03,2026-04-01T11:54,2026-04-01T14:13,false,"(10,20) (30,20) (30,15)"
OPERACION_DIARIA-CRITICA-N03,2026-04-01T12:40,2026-04-01T13:41,false,"(36,8) (66,8) (66,23)"
OPERACION_DIARIA-CRITICA-N03,2026-04-01T12:57,2026-04-01T16:06,false,"(62,1) (62,16)"
OPERACION_DIARIA-CRITICA-N03,2026-04-01T14:12,2026-04-01T16:13,false,"(34,17) (34,37) (46,37)"
OPERACION_DIARIA-CRITICA-N03,2026-04-01T14:15,2026-04-01T17:26,false,"(29,17) (29,22) (34,22) (34,27) (44,27) (44,32)"
OPERACION_DIARIA-CRITICA-N03,2026-04-01T14:30,2026-04-01T16:32,false,"(4,46) (16,46)"
OPERACION_DIARIA-CRITICA-N03,2026-04-01T15:25,2026-04-01T17:56,false,"(9,11) (16,11) (16,16) (31,16) (31,20)"
OPERACION_DIARIA-CRITICA-N03,2026-04-01T17:20,2026-04-01T19:19,false,"(42,6) (47,6) (47,11) (52,11)"
OPERACION_DIARIA-CRITICA-N03,2026-04-01T17:21,2026-04-01T20:21,false,"(51,10) (56,10) (56,25)"
OPERACION_DIARIA-CRITICA-N03,2026-04-01T17:43,2026-04-01T21:16,false,"(42,0) (50,0)"
OPERACION_DIARIA-CRITICA-N03,2026-04-01T18:18,2026-04-01T20:21,false,"(50,6) (65,6) (65,14)"
OPERACION_DIARIA-CRITICA-N03,2026-04-01T18:32,2026-04-01T20:36,false,"(30,2) (30,17)"
OPERACION_DIARIA-CRITICA-N03,2026-04-01T18:35,2026-04-01T19:19,false,"(6,7) (6,27) (18,27)"
OPERACION_DIARIA-CRITICA-N03,2026-04-01T18:59,2026-04-01T22:55,false,"(13,47) (21,47)"
OPERACION_DIARIA-CRITICA-N03,2026-04-01T20:13,2026-04-01T21:38,false,"(34,7) (34,22)"
OPERACION_DIARIA-CRITICA-N04,2026-04-01T02:02,2026-04-01T03:55,false,"(55,27) (55,47) (67,47)"
OPERACION_DIARIA-CRITICA-N04,2026-04-01T02:03,2026-04-01T04:58,false,"(12,2) (17,2) (17,7) (22,7)"
OPERACION_DIARIA-CRITICA-N04,2026-04-01T03:15,2026-04-01T03:47,false,"(1,21) (13,21)"
OPERACION_DIARIA-CRITICA-N04,2026-04-01T05:02,2026-04-01T05:24,false,"(40,33) (45,33) (45,38) (50,38)"
OPERACION_DIARIA-CRITICA-N04,2026-04-01T06:25,2026-04-01T09:11,false,"(17,13) (17,28)"
OPERACION_DIARIA-CRITICA-N04,2026-04-01T07:14,2026-04-01T09:44,false,"(47,20) (47,35)"
OPERACION_DIARIA-CRITICA-N04,2026-04-01T07:16,2026-04-01T08:49,false,"(4,15) (4,30)"
OPERACION_DIARIA-CRITICA-N04,2026-04-01T08:19,2026-04-01T09:34,false,"(41,22) (41,29) (46,29) (46,41) (54,41)"
OPERACION_DIARIA-CRITICA-N04,2026-04-01T08:21,2026-04-01T11:56,false,"(20,33) (25,33) (25,48)"
OPERACION_DIARIA-CRITICA-N04,2026-04-01T09:51,2026-04-01T12:26,false,"(13,21) (13,36)"
OPERACION_DIARIA-CRITICA-N04,2026-04-01T10:36,2026-04-01T13:01,false,"(30,2) (30,9) (35,9) (35,21) (43,21)"
OPERACION_DIARIA-CRITICA-N04,2026-04-01T10:38,2026-04-01T12:43,false,"(65,19) (65,34)"
OPERACION_DIARIA-CRITICA-N04,2026-04-01T12:18,2026-04-01T14:29,false,"(12,20) (12,40) (24,40)"
OPERACION_DIARIA-CRITICA-N04,2026-04-01T13:42,2026-04-01T14:50,false,"(24,7) (24,14) (29,14) (29,26) (37,26)"
OPERACION_DIARIA-CRITICA-N04,2026-04-01T14:06,2026-04-01T15:09,false,"(33,12) (41,12)"
OPERACION_DIARIA-CRITICA-N04,2026-04-01T15:23,2026-04-01T17:54,false,"(8,3) (38,3) (38,18)"
OPERACION_DIARIA-CRITICA-N04,2026-04-01T16:09,2026-04-01T19:33,false,"(42,17) (42,24) (47,24) (47,36) (55,36)"
OPERACION_DIARIA-CRITICA-N04,2026-04-01T17:17,2026-04-01T17:53,false,"(46,21) (46,28) (51,28) (51,40) (59,40)"
OPERACION_DIARIA-CRITICA-N04,2026-04-01T18:48,2026-04-01T21:40,false,"(36,19) (66,19) (66,34)"
OPERACION_DIARIA-CRITICA-N04,2026-04-01T19:01,2026-04-01T20:41,false,"(36,5) (36,25) (48,25)"
OPERACION_DIARIA-CRITICA-N04,2026-04-01T19:21,2026-04-01T21:08,false,"(48,25) (53,25) (53,30) (58,30)"
OPERACION_DIARIA-CRITICA-N04,2026-04-01T19:25,2026-04-01T21:38,false,"(57,2) (69,2)"
OPERACION_DIARIA-CRITICA-N04,2026-04-01T19:28,2026-04-01T20:42,false,"(51,27) (51,42)"
OPERACION_DIARIA-CRITICA-N04,2026-04-01T19:40,2026-04-01T22:59,false,"(31,30) (31,15)"
OPERACION_DIARIA-CRITICA-N04,2026-04-01T20:01,2026-04-01T23:56,false,"(15,44) (35,44) (35,39)"
OPERACION_DIARIA-CRITICA-N04,2026-04-01T21:39,2026-04-01T21:56,false,"(29,22) (59,22) (59,37)"
OPERACION_DIARIA-CRITICA-N05,2026-04-01T00:02,2026-04-01T03:03,false,"(10,9) (10,29) (22,29)"
OPERACION_DIARIA-CRITICA-N05,2026-04-01T00:32,2026-04-01T03:20,false,"(38,16) (38,36) (50,36)"
OPERACION_DIARIA-CRITICA-N05,2026-04-01T03:41,2026-04-01T05:45,false,"(53,19) (53,39) (65,39)"
OPERACION_DIARIA-CRITICA-N05,2026-04-01T04:21,2026-04-01T07:46,false,"(65,3) (65,18)"
OPERACION_DIARIA-CRITICA-N05,2026-04-01T04:25,2026-04-01T07:15,false,"(43,23) (43,28) (48,28) (48,33) (58,33) (58,38)"
OPERACION_DIARIA-CRITICA-N05,2026-04-01T07:53,2026-04-01T11:16,false,"(59,30) (59,45)"
OPERACION_DIARIA-CRITICA-N05,2026-04-01T08:34,2026-04-01T09:01,false,"(63,33) (63,48)"
OPERACION_DIARIA-CRITICA-N05,2026-04-01T09:13,2026-04-01T12:41,false,"(70,9) (70,24)"
OPERACION_DIARIA-CRITICA-N05,2026-04-01T09:46,2026-04-01T11:17,false,"(38,36) (58,36) (58,31)"
OPERACION_DIARIA-CRITICA-N05,2026-04-01T09:57,2026-04-01T13:22,false,"(14,9) (14,16) (19,16) (19,28) (27,28)"
OPERACION_DIARIA-CRITICA-N05,2026-04-01T10:03,2026-04-01T11:00,false,"(51,2) (51,22) (63,22)"
OPERACION_DIARIA-CRITICA-N05,2026-04-01T10:04,2026-04-01T12:33,false,"(2,19) (32,19) (32,34)"
OPERACION_DIARIA-CRITICA-N05,2026-04-01T10:28,2026-04-01T11:12,false,"(11,13) (41,13) (41,28)"
OPERACION_DIARIA-CRITICA-N05,2026-04-01T11:16,2026-04-01T14:40,false,"(45,32) (60,32) (60,40)"
OPERACION_DIARIA-CRITICA-N05,2026-04-01T12:44,2026-04-01T15:45,false,"(6,1) (18,1)"
OPERACION_DIARIA-CRITICA-N05,2026-04-01T13:17,2026-04-01T15:54,false,"(39,6) (39,13) (44,13) (44,25) (52,25)"
OPERACION_DIARIA-CRITICA-N05,2026-04-01T16:11,2026-04-01T18:50,false,"(5,19) (10,19) (10,34)"
OPERACION_DIARIA-CRITICA-N05,2026-04-01T16:41,2026-04-01T19:37,false,"(15,6) (35,6) (35,1)"
OPERACION_DIARIA-CRITICA-N05,2026-04-01T18:31,2026-04-01T21:27,false,"(53,41) (65,41)"
OPERACION_DIARIA-CRITICA-N05,2026-04-01T18:32,2026-04-01T20:16,false,"(21,13) (41,13) (41,8)"
OPERACION_DIARIA-CRITICA-N05,2026-04-01T19:02,2026-04-01T20:02,false,"(29,27) (29,42)"
OPERACION_DIARIA-CRITICA-N05,2026-04-01T19:14,2026-04-01T20:10,false,"(56,9) (56,29) (68,29)"
OPERACION_DIARIA-CRITICA-N05,2026-04-01T19:51,2026-04-01T22:52,false,"(29,27) (44,27) (44,35)"
OPERACION_DIARIA-CRITICA-N05,2026-04-01T22:11,2026-04-01T23:38,false,"(28,23) (28,43) (40,43)"
OPERACION_DIARIA-CRITICA-N05,2026-04-01T22:25,2026-04-02T02:09,false,"(16,31) (21,31) (21,46)"
OPERACION_DIARIA-CRITICA-N05,2026-04-01T22:42,2026-04-02T02:34,false,"(29,16) (41,16)"
OPERACION_DIARIA-CRITICA-N05,2026-04-01T22:44,2026-04-02T00:41,false,"(49,3) (57,3)"
OPERACION_DIARIA-CRITICA-N05,2026-04-01T22:58,2026-04-02T01:48,false,"(48,0) (48,15)"
OPERACION_DIARIA-CRITICA-N05,2026-04-01T23:33,2026-04-02T02:32,false,"(48,35) (48,50)"
SIMULACION_CINCO_DIAS-NORMAL-N01,2026-04-01T00:30,2026-04-01T02:11,false,"(48,9) (53,9) (53,14) (58,14)"
SIMULACION_CINCO_DIAS-NORMAL-N01,2026-04-01T00:51,2026-04-01T01:37,false,"(42,13) (47,13) (47,18) (52,18)"
SIMULACION_CINCO_DIAS-NORMAL-N01,2026-04-01T00:52,2026-04-01T01:36,false,"(28,25) (28,40)"
SIMULACION_CINCO_DIAS-NORMAL-N01,2026-04-01T02:22,2026-04-01T04:42,false,"(39,13) (59,13) (59,8)"
SIMULACION_CINCO_DIAS-NORMAL-N01,2026-04-01T02:27,2026-04-01T05:26,false,"(38,24) (46,24)"
SIMULACION_CINCO_DIAS-NORMAL-N01,2026-04-01T02:29,2026-04-01T05:26,false,"(24,18) (31,18) (31,23) (46,23) (46,27)"
SIMULACION_CINCO_DIAS-NORMAL-N01,2026-04-01T02:56,2026-04-01T05:06,false,"(3,32) (11,32)"
SIMULACION_CINCO_DIAS-NORMAL-N01,2026-04-01T04:12,2026-04-01T04:48,false,"(47,5) (55,5)"
SIMULACION_CINCO_DIAS-NORMAL-N01,2026-04-01T08:07,2026-04-01T11:19,false,"(29,16) (34,16) (34,31)"
SIMULACION_CINCO_DIAS-NORMAL-N01,2026-04-01T08:39,2026-04-01T08:55,false,"(7,22) (7,37)"
SIMULACION_CINCO_DIAS-NORMAL-N01,2026-04-01T10:18,2026-04-01T11:35,false,"(29,40) (41,40)"
SIMULACION_CINCO_DIAS-NORMAL-N01,2026-04-01T10:56,2026-04-01T12:54,false,"(46,23) (53,23) (53,28) (68,28) (68,32)"
SIMULACION_CINCO_DIAS-NORMAL-N01,2026-04-01T11:40,2026-04-01T13:17,false,"(24,3) (24,18)"
SIMULACION_CINCO_DIAS-NORMAL-N01,2026-04-01T13:18,2026-04-01T15:55,false,"(62,13) (62,28)"
SIMULACION_CINCO_DIAS-NORMAL-N01,2026-04-01T14:00,2026-04-01T14:42,false,"(41,33) (41,48)"
SIMULACION_CINCO_DIAS-NORMAL-N01,2026-04-01T17:18,2026-04-01T18:18,false,"(21,34) (26,34) (26,39) (31,39)"
SIMULACION_CINCO_DIAS-NORMAL-N01,2026-04-01T17:18,2026-04-01T18:34,false,"(53,17) (58,17) (58,32)"
SIMULACION_CINCO_DIAS-NORMAL-N01,2026-04-01T18:43,2026-04-01T20:12,false,"(42,7) (42,27) (54,27)"
SIMULACION_CINCO_DIAS-NORMAL-N01,2026-04-01T20:03,2026-04-01T22:21,false,"(33,22) (33,29) (38,29) (38,41) (46,41)"
SIMULACION_CINCO_DIAS-NORMAL-N01,2026-04-01T21:55,2026-04-01T22:27,false,"(24,18) (29,18) (29,23) (34,23)"
SIMULACION_CINCO_DIAS-NORMAL-N01,2026-04-01T22:09,2026-04-01T23:50,false,"(28,40) (35,40) (35,45) (50,45) (50,49)"
SIMULACION_CINCO_DIAS-NORMAL-N01,2026-04-01T23:05,2026-04-02T02:29,false,"(28,5) (28,20)"
SIMULACION_CINCO_DIAS-NORMAL-N01,2026-04-01T23:42,2026-04-02T02:34,false,"(24,19) (31,19) (31,24) (46,24) (46,28)"
SIMULACION_CINCO_DIAS-NORMAL-N01,2026-04-02T00:27,2026-04-02T02:53,false,"(2,29) (9,29) (9,34) (24,34) (24,38)"
SIMULACION_CINCO_DIAS-NORMAL-N01,2026-04-02T02:11,2026-04-02T04:16,false,"(63,0) (63,15)"
SIMULACION_CINCO_DIAS-NORMAL-N01,2026-04-02T02:59,2026-04-02T05:46,false,"(15,29) (15,44)"
SIMULACION_CINCO_DIAS-NORMAL-N01,2026-04-02T03:56,2026-04-02T07:53,false,"(24,10) (39,10) (39,18)"
SIMULACION_CINCO_DIAS-NORMAL-N01,2026-04-02T05:21,2026-04-02T06:11,false,"(6,8) (21,8) (21,16)"
SIMULACION_CINCO_DIAS-NORMAL-N01,2026-04-02T06:06,2026-04-02T08:17,false,"(32,9) (39,9) (39,14) (54,14) (54,18)"
SIMULACION_CINCO_DIAS-NORMAL-N01,2026-04-02T06:26,2026-04-02T07:29,false,"(46,12) (53,12) (53,17) (68,17) (68,21)"
SIMULACION_CINCO_DIAS-NORMAL-N01,2026-04-02T07:14,2026-04-02T09:44,false,"(13,46) (33,46) (33,41)"
SIMULACION_CINCO_DIAS-NORMAL-N01,2026-04-02T09:01,2026-04-02T10:23,false,"(26,28) (56,28) (56,43)"
SIMULACION_CINCO_DIAS-NORMAL-N01,2026-04-02T09:14,2026-04-02T10:21,false,"(6,8) (36,8) (36,23)"
SIMULACION_CINCO_DIAS-NORMAL-N01,2026-04-02T09:18,2026-04-02T12:14,false,"(9,8) (9,23)"
SIMULACION_CINCO_DIAS-NORMAL-N01,2026-04-02T10:20,2026-04-02T11:50,false,"(56,36) (56,21)"
SIMULACION_CINCO_DIAS-NORMAL-N01,2026-04-02T12:00,2026-04-02T12:27,false,"(32,33) (62,33) (62,48)"
SIMULACION_CINCO_DIAS-NORMAL-N01,2026-04-02T12:19,2026-04-02T16:16,false,"(35,9) (35,24)"
SIMULACION_CINCO_DIAS-NORMAL-N01,2026-04-02T13:14,2026-04-02T16:20,false,"(14,22) (34,22) (34,17)"
SIMULACION_CINCO_DIAS-NORMAL-N01,2026-04-02T14:06,2026-04-02T16:55,false,"(29,25) (37,25)"
SIMULACION_CINCO_DIAS-NORMAL-N01,2026-04-02T16:21,2026-04-02T19:27,false,"(6,35) (18,35)"
SIMULACION_CINCO_DIAS-NORMAL-N01,2026-04-02T17:12,2026-04-02T18:32,false,"(35,28) (35,43)"
SIMULACION_CINCO_DIAS-NORMAL-N01,2026-04-02T17:58,2026-04-02T21:46,false,"(25,34) (30,34) (30,39) (35,39)"
SIMULACION_CINCO_DIAS-NORMAL-N01,2026-04-02T18:26,2026-04-02T21:05,false,"(0,2) (7,2) (7,7) (22,7) (22,11)"
SIMULACION_CINCO_DIAS-NORMAL-N01,2026-04-02T19:01,2026-04-02T20:41,false,"(29,7) (29,27) (41,27)"
SIMULACION_CINCO_DIAS-NORMAL-N01,2026-04-02T19:14,2026-04-02T21:03,false,"(1,50) (13,50)"
SIMULACION_CINCO_DIAS-NORMAL-N01,2026-04-02T20:23,2026-04-02T23:41,false,"(37,28) (49,28)"
SIMULACION_CINCO_DIAS-NORMAL-N01,2026-04-02T20:41,2026-04-02T22:20,false,"(26,23) (26,28) (31,28) (31,33) (41,33) (41,38)"
SIMULACION_CINCO_DIAS-NORMAL-N01,2026-04-02T23:42,2026-04-03T02:34,false,"(37,36) (44,36) (44,41) (59,41) (59,45)"
SIMULACION_CINCO_DIAS-NORMAL-N01,2026-04-03T00:59,2026-04-03T04:30,false,"(4,36) (24,36) (24,31)"
SIMULACION_CINCO_DIAS-NORMAL-N01,2026-04-03T01:06,2026-04-03T03:57,false,"(35,12) (35,17) (40,17) (40,22) (50,22) (50,27)"
SIMULACION_CINCO_DIAS-NORMAL-N01,2026-04-03T01:21,2026-04-03T05:05,false,"(48,26) (48,41)"
SIMULACION_CINCO_DIAS-NORMAL-N01,2026-04-03T01:42,2026-04-03T04:07,false,"(33,19) (63,19) (63,34)"
SIMULACION_CINCO_DIAS-NORMAL-N01,2026-04-03T04:24,2026-04-03T06:50,false,"(13,18) (13,33)"
SIMULACION_CINCO_DIAS-NORMAL-N01,2026-04-03T07:41,2026-04-03T11:04,false,"(48,7) (68,7) (68,2)"
SIMULACION_CINCO_DIAS-NORMAL-N01,2026-04-03T18:26,2026-04-03T19:40,false,"(13,10) (33,10) (33,5)"
SIMULACION_CINCO_DIAS-NORMAL-N01,2026-04-03T18:34,2026-04-03T21:14,false,"(29,4) (37,4)"
SIMULACION_CINCO_DIAS-NORMAL-N01,2026-04-03T20:06,2026-04-03T23:24,false,"(51,20) (51,35)"
SIMULACION_CINCO_DIAS-NORMAL-N01,2026-04-03T21:12,2026-04-03T23:26,false,"(54,9) (59,9) (59,14) (64,14)"
SIMULACION_CINCO_DIAS-NORMAL-N01,2026-04-03T23:22,2026-04-04T02:56,false,"(9,40) (24,40) (24,48)"
SIMULACION_CINCO_DIAS-NORMAL-N01,2026-04-04T00:16,2026-04-04T02:05,false,"(55,35) (55,50)"
SIMULACION_CINCO_DIAS-NORMAL-N01,2026-04-04T00:44,2026-04-04T03:25,false,"(1,46) (1,31)"
SIMULACION_CINCO_DIAS-NORMAL-N01,2026-04-04T00:54,2026-04-04T03:01,false,"(20,29) (35,29) (35,37)"
SIMULACION_CINCO_DIAS-NORMAL-N01,2026-04-04T02:21,2026-04-04T04:11,false,"(69,16) (69,31)"
SIMULACION_CINCO_DIAS-NORMAL-N01,2026-04-04T02:43,2026-04-04T05:48,false,"(13,18) (28,18) (28,26)"
SIMULACION_CINCO_DIAS-NORMAL-N01,2026-04-04T04:53,2026-04-04T06:59,false,"(49,6) (54,6) (54,11) (59,11)"
SIMULACION_CINCO_DIAS-NORMAL-N01,2026-04-04T05:18,2026-04-04T05:35,false,"(19,40) (26,40) (26,45) (41,45) (41,49)"
SIMULACION_CINCO_DIAS-NORMAL-N01,2026-04-04T05:58,2026-04-04T07:06,false,"(37,7) (52,7) (52,15)"
SIMULACION_CINCO_DIAS-NORMAL-N01,2026-04-04T06:10,2026-04-04T06:53,false,"(48,31) (55,31) (55,36) (70,36) (70,40)"
SIMULACION_CINCO_DIAS-NORMAL-N01,2026-04-04T08:34,2026-04-04T09:01,false,"(39,28) (39,43)"
SIMULACION_CINCO_DIAS-NORMAL-N01,2026-04-04T16:25,2026-04-04T17:17,false,"(50,37) (65,37) (65,45)"
SIMULACION_CINCO_DIAS-NORMAL-N01,2026-04-04T17:35,2026-04-04T18:45,false,"(40,24) (40,39)"
SIMULACION_CINCO_DIAS-NORMAL-N01,2026-04-04T18:10,2026-04-04T19:37,false,"(7,7) (27,7) (27,2)"
SIMULACION_CINCO_DIAS-NORMAL-N01,2026-04-04T18:58,2026-04-04T19:40,false,"(6,1) (6,16)"
SIMULACION_CINCO_DIAS-NORMAL-N01,2026-04-04T19:40,2026-04-04T21:16,false,"(23,34) (23,19)"
SIMULACION_CINCO_DIAS-NORMAL-N01,2026-04-04T19:43,2026-04-04T22:00,false,"(25,10) (25,25)"
SIMULACION_CINCO_DIAS-NORMAL-N01,2026-04-05T02:27,2026-04-05T03:38,false,"(41,9) (53,9)"
SIMULACION_CINCO_DIAS-NORMAL-N01,2026-04-05T03:49,2026-04-05T05:44,false,"(2,16) (2,1)"
SIMULACION_CINCO_DIAS-NORMAL-N01,2026-04-05T05:02,2026-04-05T05:24,false,"(54,24) (59,24) (59,29) (64,29)"
SIMULACION_CINCO_DIAS-NORMAL-N01,2026-04-05T05:21,2026-04-05T08:42,false,"(26,33) (31,33) (31,48)"
SIMULACION_CINCO_DIAS-NORMAL-N01,2026-04-05T07:11,2026-04-05T10:32,false,"(1,1) (6,1) (6,16)"
SIMULACION_CINCO_DIAS-NORMAL-N01,2026-04-05T07:33,2026-04-05T10:47,false,"(53,16) (53,36) (65,36)"
SIMULACION_CINCO_DIAS-NORMAL-N01,2026-04-05T08:11,2026-04-05T12:04,false,"(5,25) (13,25)"
SIMULACION_CINCO_DIAS-NORMAL-N01,2026-04-05T08:15,2026-04-05T09:17,false,"(51,36) (51,21)"
SIMULACION_CINCO_DIAS-NORMAL-N01,2026-04-05T08:25,2026-04-05T09:06,false,"(23,33) (35,33)"
SIMULACION_CINCO_DIAS-NORMAL-N01,2026-04-05T08:34,2026-04-05T09:01,false,"(5,27) (5,42)"
SIMULACION_CINCO_DIAS-NORMAL-N01,2026-04-05T09:29,2026-04-05T12:20,false,"(26,24) (26,39)"
SIMULACION_CINCO_DIAS-NORMAL-N01,2026-04-05T09:47,2026-04-05T10:27,false,"(3,18) (3,33)"
SIMULACION_CINCO_DIAS-NORMAL-N01,2026-04-05T12:25,2026-04-05T13:52,false,"(17,10) (24,10) (24,15) (39,15) (39,19)"
SIMULACION_CINCO_DIAS-NORMAL-N01,2026-04-05T12:47,2026-04-05T16:17,false,"(50,1) (50,16)"
SIMULACION_CINCO_DIAS-NORMAL-N01,2026-04-05T14:53,2026-04-05T18:17,false,"(44,2) (44,9) (49,9) (49,21) (57,21)"
SIMULACION_CINCO_DIAS-NORMAL-N01,2026-04-05T14:55,2026-04-05T18:10,false,"(46,35) (51,35) (51,50)"
SIMULACION_CINCO_DIAS-NORMAL-N01,2026-04-05T15:59,2026-04-05T16:56,false,"(10,13) (25,13) (25,21)"
SIMULACION_CINCO_DIAS-NORMAL-N01,2026-04-05T16:17,2026-04-05T17:20,false,"(64,5) (64,20)"
SIMULACION_CINCO_DIAS-NORMAL-N01,2026-04-05T18:26,2026-04-05T19:31,false,"(4,32) (34,32) (34,47)"
SIMULACION_CINCO_DIAS-NORMAL-N01,2026-04-05T21:31,2026-04-05T23:55,false,"(36,24) (56,24) (56,19)"
SIMULACION_CINCO_DIAS-NORMAL-N01,2026-04-05T22:03,2026-04-06T00:24,false,"(51,9) (51,29) (63,29)"
SIMULACION_CINCO_DIAS-NORMAL-N02,2026-04-01T02:55,2026-04-01T05:59,false,"(39,6) (59,6) (59,1)"
SIMULACION_CINCO_DIAS-NORMAL-N02,2026-04-01T05:35,2026-04-01T07:07,false,"(48,0) (48,20) (60,20)"
SIMULACION_CINCO_DIAS-NORMAL-N02,2026-04-01T07:14,2026-04-01T09:44,false,"(30,3) (30,18)"
SIMULACION_CINCO_DIAS-NORMAL-N02,2026-04-01T10:03,2026-04-01T11:00,false,"(19,19) (19,39) (31,39)"
SIMULACION_CINCO_DIAS-NORMAL-N02,2026-04-01T11:14,2026-04-01T13:33,false,"(30,5) (35,5) (35,10) (40,10)"
SIMULACION_CINCO_DIAS-NORMAL-N02,2026-04-01T12:26,2026-04-01T12:58,false,"(52,35) (57,35) (57,40) (62,40)"
SIMULACION_CINCO_DIAS-NORMAL-N02,2026-04-01T12:37,2026-04-01T12:57,false,"(36,21) (36,6)"
SIMULACION_CINCO_DIAS-NORMAL-N02,2026-04-01T12:47,2026-04-01T16:06,false,"(3,2) (18,2) (18,10)"
SIMULACION_CINCO_DIAS-NORMAL-N02,2026-04-01T14:15,2026-04-01T16:49,false,"(12,30) (12,35) (17,35) (17,40) (27,40) (27,45)"
SIMULACION_CINCO_DIAS-NORMAL-N02,2026-04-01T15:29,2026-04-01T16:07,false,"(50,30) (70,30) (70,25)"
SIMULACION_CINCO_DIAS-NORMAL-N02,2026-04-01T16:17,2026-04-01T17:31,false,"(45,21) (45,26) (50,26) (50,31) (60,31) (60,36)"
SIMULACION_CINCO_DIAS-NORMAL-N02,2026-04-01T17:44,2026-04-01T19:57,false,"(17,33) (24,33) (24,38) (39,38) (39,42)"
SIMULACION_CINCO_DIAS-NORMAL-N02,2026-04-01T19:00,2026-04-01T22:25,false,"(20,13) (20,18) (25,18) (25,23) (35,23) (35,28)"
SIMULACION_CINCO_DIAS-NORMAL-N02,2026-04-01T20:22,2026-04-01T23:15,false,"(49,22) (49,27) (54,27) (54,32) (64,32) (64,37)"
SIMULACION_CINCO_DIAS-NORMAL-N02,2026-04-01T20:53,2026-04-01T21:10,false,"(21,31) (21,38) (26,38) (26,50) (34,50)"
SIMULACION_CINCO_DIAS-NORMAL-N02,2026-04-01T21:28,2026-04-01T22:20,false,"(59,11) (64,11) (64,16) (69,16)"
SIMULACION_CINCO_DIAS-NORMAL-N02,2026-04-01T22:29,2026-04-02T01:30,false,"(12,31) (12,16)"
SIMULACION_CINCO_DIAS-NORMAL-N02,2026-04-01T23:42,2026-04-02T01:10,false,"(47,28) (47,35) (52,35) (52,47) (60,47)"
SIMULACION_CINCO_DIAS-NORMAL-N02,2026-04-02T01:54,2026-04-02T03:01,false,"(7,48) (27,48) (27,43)"
SIMULACION_CINCO_DIAS-NORMAL-N02,2026-04-02T03:15,2026-04-02T04:28,false,"(43,28) (50,28) (50,33) (65,33) (65,37)"
SIMULACION_CINCO_DIAS-NORMAL-N02,2026-04-02T03:40,2026-04-02T05:41,false,"(2,6) (2,26) (14,26)"
SIMULACION_CINCO_DIAS-NORMAL-N02,2026-04-02T04:02,2026-04-02T05:51,false,"(32,32) (47,32) (47,40)"
SIMULACION_CINCO_DIAS-NORMAL-N02,2026-04-02T04:32,2026-04-02T08:14,false,"(16,5) (46,5) (46,20)"
SIMULACION_CINCO_DIAS-NORMAL-N02,2026-04-02T05:52,2026-04-02T08:34,false,"(57,4) (57,19)"
SIMULACION_CINCO_DIAS-NORMAL-N02,2026-04-02T07:57,2026-04-02T11:16,false,"(47,25) (47,30) (52,30) (52,35) (62,35) (62,40)"
SIMULACION_CINCO_DIAS-NORMAL-N02,2026-04-02T08:45,2026-04-02T12:26,false,"(1,15) (1,35) (13,35)"
SIMULACION_CINCO_DIAS-NORMAL-N02,2026-04-02T13:18,2026-04-02T15:55,false,"(66,1) (66,16)"
SIMULACION_CINCO_DIAS-NORMAL-N02,2026-04-02T13:57,2026-04-02T17:57,false,"(27,18) (27,23) (32,23) (32,28) (42,28) (42,33)"
SIMULACION_CINCO_DIAS-NORMAL-N02,2026-04-02T14:32,2026-04-02T16:10,false,"(32,13) (32,28)"
SIMULACION_CINCO_DIAS-NORMAL-N02,2026-04-02T15:23,2026-04-02T17:54,false,"(37,30) (67,30) (67,45)"
SIMULACION_CINCO_DIAS-NORMAL-N02,2026-04-02T19:40,2026-04-02T23:07,false,"(65,0) (65,15)"
SIMULACION_CINCO_DIAS-NORMAL-N02,2026-04-02T22:34,2026-04-03T01:20,false,"(55,4) (63,4)"
SIMULACION_CINCO_DIAS-NORMAL-N02,2026-04-03T00:08,2026-04-03T01:22,false,"(0,25) (0,40)"
SIMULACION_CINCO_DIAS-NORMAL-N02,2026-04-03T00:20,2026-04-03T01:47,false,"(10,49) (22,49)"
SIMULACION_CINCO_DIAS-NORMAL-N02,2026-04-03T00:21,2026-04-03T01:19,false,"(2,43) (14,43)"
SIMULACION_CINCO_DIAS-NORMAL-N02,2026-04-03T04:04,2026-04-03T05:23,false,"(17,26) (37,26) (37,21)"
SIMULACION_CINCO_DIAS-NORMAL-N02,2026-04-03T04:46,2026-04-03T06:02,false,"(37,10) (44,10) (44,15) (59,15) (59,19)"
SIMULACION_CINCO_DIAS-NORMAL-N02,2026-04-03T05:46,2026-04-03T09:21,false,"(47,21) (62,21) (62,29)"
SIMULACION_CINCO_DIAS-NORMAL-N02,2026-04-03T07:05,2026-04-03T08:43,false,"(37,25) (37,40)"
SIMULACION_CINCO_DIAS-NORMAL-N02,2026-04-03T07:33,2026-04-03T08:50,false,"(12,12) (42,12) (42,27)"
SIMULACION_CINCO_DIAS-NORMAL-N02,2026-04-03T09:46,2026-04-03T13:25,false,"(50,18) (50,33)"
SIMULACION_CINCO_DIAS-NORMAL-N02,2026-04-03T09:51,2026-04-03T12:54,false,"(65,5) (70,5) (70,20)"
SIMULACION_CINCO_DIAS-NORMAL-N02,2026-04-03T12:26,2026-04-03T12:58,false,"(13,39) (18,39) (18,44) (23,44)"
SIMULACION_CINCO_DIAS-NORMAL-N02,2026-04-03T14:03,2026-04-03T14:44,false,"(59,40) (59,25)"
SIMULACION_CINCO_DIAS-NORMAL-N02,2026-04-03T15:47,2026-04-03T18:38,false,"(17,30) (17,45)"
SIMULACION_CINCO_DIAS-NORMAL-N02,2026-04-03T17:24,2026-04-03T21:00,false,"(0,36) (12,36)"
SIMULACION_CINCO_DIAS-NORMAL-N02,2026-04-03T17:41,2026-04-03T21:17,false,"(52,35) (57,35) (57,40) (62,40)"
SIMULACION_CINCO_DIAS-NORMAL-N02,2026-04-03T18:34,2026-04-03T21:14,false,"(28,31) (36,31)"
SIMULACION_CINCO_DIAS-NORMAL-N02,2026-04-04T00:46,2026-04-04T01:01,false,"(24,32) (54,32) (54,47)"
SIMULACION_CINCO_DIAS-NORMAL-N02,2026-04-04T02:34,2026-04-04T05:12,false,"(31,30) (31,45)"
SIMULACION_CINCO_DIAS-NORMAL-N02,2026-04-04T02:49,2026-04-04T05:16,false,"(52,45) (64,45)"
SIMULACION_CINCO_DIAS-NORMAL-N02,2026-04-04T03:40,2026-04-04T05:46,false,"(19,34) (27,34)"
SIMULACION_CINCO_DIAS-NORMAL-N02,2026-04-04T04:15,2026-04-04T06:51,false,"(37,1) (67,1) (67,16)"
SIMULACION_CINCO_DIAS-NORMAL-N02,2026-04-04T04:32,2026-04-04T08:08,false,"(52,10) (52,25)"
SIMULACION_CINCO_DIAS-NORMAL-N02,2026-04-04T06:32,2026-04-04T09:36,false,"(52,15) (57,15) (57,30)"
SIMULACION_CINCO_DIAS-NORMAL-N02,2026-04-04T08:22,2026-04-04T12:17,false,"(20,14) (50,14) (50,29)"
SIMULACION_CINCO_DIAS-NORMAL-N02,2026-04-04T09:52,2026-04-04T11:36,false,"(36,33) (56,33) (56,28)"
SIMULACION_CINCO_DIAS-NORMAL-N02,2026-04-04T14:38,2026-04-04T16:21,false,"(44,15) (52,15)"
SIMULACION_CINCO_DIAS-NORMAL-N02,2026-04-04T15:01,2026-04-04T17:34,false,"(49,11) (49,16) (54,16) (54,21) (64,21) (64,26)"
SIMULACION_CINCO_DIAS-NORMAL-N02,2026-04-04T16:54,2026-04-04T17:49,false,"(8,16) (8,1)"
SIMULACION_CINCO_DIAS-NORMAL-N02,2026-04-04T17:18,2026-04-04T18:18,false,"(42,35) (47,35) (47,40) (52,40)"
SIMULACION_CINCO_DIAS-NORMAL-N02,2026-04-04T18:55,2026-04-04T21:23,false,"(35,46) (35,31)"
SIMULACION_CINCO_DIAS-NORMAL-N02,2026-04-04T19:28,2026-04-04T20:42,false,"(32,32) (32,47)"
SIMULACION_CINCO_DIAS-NORMAL-N02,2026-04-04T19:43,2026-04-04T21:47,false,"(20,23) (50,23) (50,38)"
SIMULACION_CINCO_DIAS-NORMAL-N02,2026-04-04T20:03,2026-04-04T20:46,false,"(2,33) (22,33) (22,28)"
SIMULACION_CINCO_DIAS-NORMAL-N02,2026-04-04T22:52,2026-04-05T01:25,false,"(39,9) (69,9) (69,24)"
SIMULACION_CINCO_DIAS-NORMAL-N02,2026-04-05T01:33,2026-04-05T03:32,false,"(17,33) (47,33) (47,48)"
SIMULACION_CINCO_DIAS-NORMAL-N02,2026-04-05T01:42,2026-04-05T04:07,false,"(37,7) (67,7) (67,22)"
SIMULACION_CINCO_DIAS-NORMAL-N02,2026-04-05T02:10,2026-04-05T04:07,false,"(33,25) (63,25) (63,40)"
SIMULACION_CINCO_DIAS-NORMAL-N02,2026-04-05T03:16,2026-04-05T06:55,false,"(31,15) (61,15) (61,30)"
SIMULACION_CINCO_DIAS-NORMAL-N02,2026-04-05T04:26,2026-04-05T07:55,false,"(43,33) (43,18)"
SIMULACION_CINCO_DIAS-NORMAL-N02,2026-04-05T04:50,2026-04-05T05:41,false,"(36,14) (66,14) (66,29)"
SIMULACION_CINCO_DIAS-NORMAL-N02,2026-04-05T06:10,2026-04-05T10:01,false,"(57,12) (57,32) (69,32)"
SIMULACION_CINCO_DIAS-NORMAL-N02,2026-04-05T08:14,2026-04-05T12:14,false,"(13,4) (13,19)"
SIMULACION_CINCO_DIAS-NORMAL-N02,2026-04-05T09:25,2026-04-05T10:20,false,"(47,26) (52,26) (52,31) (57,31)"
SIMULACION_CINCO_DIAS-NORMAL-N02,2026-04-05T09:38,2026-04-05T12:55,false,"(10,17) (10,37) (22,37)"
SIMULACION_CINCO_DIAS-NORMAL-N02,2026-04-05T10:23,2026-04-05T12:54,false,"(52,1) (52,16)"
SIMULACION_CINCO_DIAS-NORMAL-N02,2026-04-05T10:36,2026-04-05T13:01,false,"(54,8) (54,15) (59,15) (59,27) (67,27)"
SIMULACION_CINCO_DIAS-NORMAL-N02,2026-04-05T12:20,2026-04-05T15:04,false,"(27,28) (32,28) (32,33) (37,33)"
SIMULACION_CINCO_DIAS-NORMAL-N02,2026-04-05T13:21,2026-04-05T14:07,false,"(10,40) (17,40) (17,45) (32,45) (32,49)"
SIMULACION_CINCO_DIAS-NORMAL-N02,2026-04-05T16:32,2026-04-05T19:52,false,"(39,31) (39,36) (44,36) (44,41) (54,41) (54,46)"
SIMULACION_CINCO_DIAS-NORMAL-N02,2026-04-05T16:52,2026-04-05T20:18,false,"(51,13) (51,18) (56,18) (56,23) (66,23) (66,28)"
SIMULACION_CINCO_DIAS-NORMAL-N02,2026-04-05T17:41,2026-04-05T21:17,false,"(34,23) (39,23) (39,28) (44,28)"
SIMULACION_CINCO_DIAS-NORMAL-N02,2026-04-05T18:43,2026-04-05T21:09,false,"(61,6) (66,6) (66,21)"
SIMULACION_CINCO_DIAS-NORMAL-N02,2026-04-05T20:17,2026-04-05T21:50,false,"(19,3) (19,18)"
SIMULACION_CINCO_DIAS-NORMAL-N02,2026-04-05T20:18,2026-04-05T22:08,false,"(38,24) (45,24) (45,29) (60,29) (60,33)"
SIMULACION_CINCO_DIAS-NORMAL-N02,2026-04-05T22:49,2026-04-06T01:36,false,"(38,26) (43,26) (43,41)"
SIMULACION_CINCO_DIAS-NORMAL-N02,2026-04-05T23:29,2026-04-06T02:04,false,"(26,18) (26,3)"
SIMULACION_CINCO_DIAS-NORMAL-N02,2026-04-05T23:36,2026-04-06T01:29,false,"(55,20) (55,35)"
SIMULACION_CINCO_DIAS-NORMAL-N03,2026-04-01T01:10,2026-04-01T04:19,false,"(8,29) (38,29) (38,44)"
SIMULACION_CINCO_DIAS-NORMAL-N03,2026-04-01T02:18,2026-04-01T04:28,false,"(33,16) (33,23) (38,23) (38,35) (46,35)"
SIMULACION_CINCO_DIAS-NORMAL-N03,2026-04-01T02:31,2026-04-01T05:50,false,"(53,21) (53,41) (65,41)"
SIMULACION_CINCO_DIAS-NORMAL-N03,2026-04-01T03:03,2026-04-01T04:46,false,"(23,17) (35,17)"
SIMULACION_CINCO_DIAS-NORMAL-N03,2026-04-01T03:04,2026-04-01T04:36,false,"(33,1) (41,1)"
SIMULACION_CINCO_DIAS-NORMAL-N03,2026-04-01T04:03,2026-04-01T04:41,false,"(2,8) (2,23)"
SIMULACION_CINCO_DIAS-NORMAL-N03,2026-04-01T04:07,2026-04-01T07:57,false,"(42,33) (42,48)"
SIMULACION_CINCO_DIAS-NORMAL-N03,2026-04-01T07:30,2026-04-01T09:05,false,"(32,39) (52,39) (52,34)"
SIMULACION_CINCO_DIAS-NORMAL-N03,2026-04-01T07:38,2026-04-01T10:11,false,"(46,4) (53,4) (53,9) (68,9) (68,13)"
SIMULACION_CINCO_DIAS-NORMAL-N03,2026-04-01T08:36,2026-04-01T11:55,false,"(29,10) (29,25)"
SIMULACION_CINCO_DIAS-NORMAL-N03,2026-04-01T09:51,2026-04-01T12:03,false,"(42,13) (57,13) (57,21)"
SIMULACION_CINCO_DIAS-NORMAL-N03,2026-04-01T10:37,2026-04-01T13:30,false,"(47,24) (59,24)"
SIMULACION_CINCO_DIAS-NORMAL-N03,2026-04-01T12:19,2026-04-01T16:16,false,"(35,13) (35,28)"
SIMULACION_CINCO_DIAS-NORMAL-N03,2026-04-01T12:44,2026-04-01T14:48,false,"(39,33) (44,33) (44,48)"
SIMULACION_CINCO_DIAS-NORMAL-N03,2026-04-01T12:55,2026-04-01T14:21,false,"(21,15) (21,30)"
SIMULACION_CINCO_DIAS-NORMAL-N03,2026-04-01T12:55,2026-04-01T14:21,false,"(30,2) (30,17)"
SIMULACION_CINCO_DIAS-NORMAL-N03,2026-04-01T13:12,2026-04-01T14:24,false,"(16,2) (24,2)"
SIMULACION_CINCO_DIAS-NORMAL-N03,2026-04-01T14:53,2026-04-01T18:17,false,"(38,25) (38,32) (43,32) (43,44) (51,44)"
SIMULACION_CINCO_DIAS-NORMAL-N03,2026-04-01T15:14,2026-04-01T16:51,false,"(9,35) (9,50)"
SIMULACION_CINCO_DIAS-NORMAL-N03,2026-04-01T17:00,2026-04-01T17:15,false,"(63,21) (63,36)"
SIMULACION_CINCO_DIAS-NORMAL-N03,2026-04-01T17:08,2026-04-01T19:49,false,"(59,36) (64,36) (64,41) (69,41)"
SIMULACION_CINCO_DIAS-NORMAL-N03,2026-04-01T18:26,2026-04-01T19:27,false,"(38,18) (68,18) (68,33)"
SIMULACION_CINCO_DIAS-NORMAL-N03,2026-04-01T19:10,2026-04-01T20:33,false,"(27,32) (27,37) (32,37) (32,42) (42,42) (42,47)"
SIMULACION_CINCO_DIAS-NORMAL-N03,2026-04-01T19:21,2026-04-01T21:08,false,"(31,35) (36,35) (36,40) (41,40)"
SIMULACION_CINCO_DIAS-NORMAL-N03,2026-04-02T03:48,2026-04-02T07:22,false,"(64,5) (64,20)"
SIMULACION_CINCO_DIAS-NORMAL-N03,2026-04-02T04:11,2026-04-02T07:33,false,"(15,12) (35,12) (35,7)"
SIMULACION_CINCO_DIAS-NORMAL-N03,2026-04-02T05:21,2026-04-02T08:42,false,"(37,20) (42,20) (42,35)"
SIMULACION_CINCO_DIAS-NORMAL-N03,2026-04-02T09:13,2026-04-02T10:26,false,"(29,6) (29,21)"
SIMULACION_CINCO_DIAS-NORMAL-N03,2026-04-02T09:18,2026-04-02T09:42,false,"(24,1) (24,6) (29,6) (29,11) (39,11) (39,16)"
SIMULACION_CINCO_DIAS-NORMAL-N03,2026-04-02T09:52,2026-04-02T11:36,false,"(45,10) (65,10) (65,5)"
SIMULACION_CINCO_DIAS-NORMAL-N03,2026-04-02T10:53,2026-04-02T14:00,false,"(13,8) (13,13) (18,13) (18,18) (28,18) (28,23)"
SIMULACION_CINCO_DIAS-NORMAL-N03,2026-04-02T11:33,2026-04-02T15:21,false,"(38,25) (43,25) (43,40)"
SIMULACION_CINCO_DIAS-NORMAL-N03,2026-04-02T12:17,2026-04-02T13:36,false,"(1,30) (1,45)"
SIMULACION_CINCO_DIAS-NORMAL-N03,2026-04-02T12:22,2026-04-02T15:29,false,"(51,8) (66,8) (66,16)"
SIMULACION_CINCO_DIAS-NORMAL-N03,2026-04-02T13:34,2026-04-02T13:59,false,"(11,9) (11,29) (23,29)"
SIMULACION_CINCO_DIAS-NORMAL-N03,2026-04-02T15:25,2026-04-02T17:31,false,"(10,0) (40,0) (40,15)"
SIMULACION_CINCO_DIAS-NORMAL-N03,2026-04-02T15:50,2026-04-02T17:16,false,"(34,20) (34,27) (39,27) (39,39) (47,39)"
SIMULACION_CINCO_DIAS-NORMAL-N03,2026-04-02T18:22,2026-04-02T21:44,false,"(0,31) (0,46)"
SIMULACION_CINCO_DIAS-NORMAL-N03,2026-04-02T18:32,2026-04-02T20:36,false,"(32,24) (32,39)"
SIMULACION_CINCO_DIAS-NORMAL-N03,2026-04-02T18:34,2026-04-02T21:14,false,"(0,5) (8,5)"
SIMULACION_CINCO_DIAS-NORMAL-N03,2026-04-02T19:44,2026-04-02T20:07,false,"(24,45) (24,30)"
SIMULACION_CINCO_DIAS-NORMAL-N03,2026-04-02T20:46,2026-04-03T00:38,false,"(17,4) (22,4) (22,9) (27,9)"
SIMULACION_CINCO_DIAS-NORMAL-N03,2026-04-02T20:50,2026-04-02T22:45,false,"(9,21) (9,6)"
SIMULACION_CINCO_DIAS-NORMAL-N03,2026-04-02T22:53,2026-04-03T00:15,false,"(19,31) (39,31) (39,26)"
SIMULACION_CINCO_DIAS-NORMAL-N03,2026-04-02T23:49,2026-04-03T00:07,false,"(50,27) (50,42)"
SIMULACION_CINCO_DIAS-NORMAL-N03,2026-04-03T01:12,2026-04-03T02:00,false,"(11,34) (41,34) (41,49)"
SIMULACION_CINCO_DIAS-NORMAL-N03,2026-04-03T03:04,2026-04-03T03:56,false,"(20,25) (27,25) (27,30) (42,30) (42,34)"
SIMULACION_CINCO_DIAS-NORMAL-N03,2026-04-03T03:12,2026-04-03T05:46,false,"(19,4) (19,11) (24,11) (24,23) (32,23)"
SIMULACION_CINCO_DIAS-NORMAL-N03,2026-04-03T03:57,2026-04-03T04:56,false,"(46,18) (46,3)"
SIMULACION_CINCO_DIAS-NORMAL-N03,2026-04-03T04:57,2026-04-03T08:27,false,"(47,6) (47,21)"
SIMULACION_CINCO_DIAS-NORMAL-N03,2026-04-03T05:56,2026-04-03T06:44,false,"(50,35) (62,35)"
SIMULACION_CINCO_DIAS-NORMAL-N03,2026-04-03T06:22,2026-04-03T08:00,false,"(30,40) (45,40) (45,48)"
SIMULACION_CINCO_DIAS-NORMAL-N03,2026-04-03T08:02,2026-04-03T10:55,false,"(27,12) (39,12)"
SIMULACION_CINCO_DIAS-NORMAL-N03,2026-04-03T08:42,2026-04-03T09:43,false,"(51,19) (59,19)"
SIMULACION_CINCO_DIAS-NORMAL-N03,2026-04-03T09:01,2026-04-03T11:34,false,"(40,29) (40,44)"
SIMULACION_CINCO_DIAS-NORMAL-N03,2026-04-03T09:08,2026-04-03T12:14,false,"(55,19) (55,39) (67,39)"
SIMULACION_CINCO_DIAS-NORMAL-N03,2026-04-03T09:27,2026-04-03T13:23,false,"(17,19) (17,34)"
SIMULACION_CINCO_DIAS-NORMAL-N03,2026-04-03T12:02,2026-04-03T15:06,false,"(58,30) (63,30) (63,45)"
SIMULACION_CINCO_DIAS-NORMAL-N03,2026-04-03T12:06,2026-04-03T12:43,false,"(70,1) (70,16)"
SIMULACION_CINCO_DIAS-NORMAL-N03,2026-04-03T12:40,2026-04-03T13:41,false,"(3,31) (33,31) (33,46)"
SIMULACION_CINCO_DIAS-NORMAL-N03,2026-04-03T12:58,2026-04-03T16:35,false,"(21,32) (41,32) (41,27)"
SIMULACION_CINCO_DIAS-NORMAL-N03,2026-04-03T13:46,2026-04-03T15:27,false,"(12,33) (42,33) (42,48)"
SIMULACION_CINCO_DIAS-NORMAL-N03,2026-04-03T15:14,2026-04-03T16:51,false,"(20,16) (20,31)"
SIMULACION_CINCO_DIAS-NORMAL-N03,2026-04-03T16:20,2026-04-03T18:07,false,"(63,14) (63,29)"
SIMULACION_CINCO_DIAS-NORMAL-N03,2026-04-03T16:28,2026-04-03T17:51,false,"(7,23) (37,23) (37,38)"
SIMULACION_CINCO_DIAS-NORMAL-N03,2026-04-03T20:05,2026-04-03T22:42,false,"(40,21) (40,36)"
SIMULACION_CINCO_DIAS-NORMAL-N03,2026-04-03T22:00,2026-04-03T23:28,false,"(18,29) (38,29) (38,24)"
SIMULACION_CINCO_DIAS-NORMAL-N03,2026-04-03T22:12,2026-04-03T23:13,false,"(12,23) (12,43) (24,43)"
SIMULACION_CINCO_DIAS-NORMAL-N03,2026-04-03T22:47,2026-04-04T02:24,false,"(52,10) (64,10)"
SIMULACION_CINCO_DIAS-NORMAL-N03,2026-04-04T01:20,2026-04-04T02:58,false,"(4,33) (34,33) (34,48)"
SIMULACION_CINCO_DIAS-NORMAL-N03,2026-04-04T03:12,2026-04-04T05:46,false,"(27,3) (27,10) (32,10) (32,22) (40,22)"
SIMULACION_CINCO_DIAS-NORMAL-N03,2026-04-04T03:12,2026-04-04T05:46,false,"(20,14) (20,21) (25,21) (25,33) (33,33)"
SIMULACION_CINCO_DIAS-NORMAL-N03,2026-04-04T08:25,2026-04-04T11:46,false,"(3,20) (8,20) (8,25) (13,25)"
SIMULACION_CINCO_DIAS-NORMAL-N03,2026-04-04T09:04,2026-04-04T12:11,false,"(27,20) (32,20) (32,35)"
SIMULACION_CINCO_DIAS-NORMAL-N03,2026-04-04T09:23,2026-04-04T09:50,false,"(22,19) (52,19) (52,34)"
SIMULACION_CINCO_DIAS-NORMAL-N03,2026-04-04T10:19,2026-04-04T11:00,false,"(19,26) (19,33) (24,33) (24,45) (32,45)"
SIMULACION_CINCO_DIAS-NORMAL-N03,2026-04-04T12:22,2026-04-04T15:29,false,"(31,21) (46,21) (46,29)"
SIMULACION_CINCO_DIAS-NORMAL-N03,2026-04-04T12:56,2026-04-04T14:55,false,"(39,7) (44,7) (44,22)"
SIMULACION_CINCO_DIAS-NORMAL-N03,2026-04-04T13:49,2026-04-04T14:32,false,"(4,35) (4,20)"
SIMULACION_CINCO_DIAS-NORMAL-N03,2026-04-04T16:40,2026-04-04T19:00,false,"(9,7) (39,7) (39,22)"
SIMULACION_CINCO_DIAS-NORMAL-N03,2026-04-04T16:45,2026-04-04T19:52,false,"(43,31) (55,31)"
SIMULACION_CINCO_DIAS-NORMAL-N03,2026-04-04T20:13,2026-04-04T22:05,false,"(54,30) (59,30) (59,45)"
SIMULACION_CINCO_DIAS-NORMAL-N03,2026-04-04T22:16,2026-04-05T01:29,false,"(9,20) (17,20)"
SIMULACION_CINCO_DIAS-NORMAL-N03,2026-04-05T00:03,2026-04-05T03:27,false,"(40,18) (40,38) (52,38)"
SIMULACION_CINCO_DIAS-NORMAL-N03,2026-04-05T00:59,2026-04-05T03:59,false,"(8,21) (16,21)"
SIMULACION_CINCO_DIAS-NORMAL-N03,2026-04-05T04:59,2026-04-05T07:33,false,"(7,35) (7,40) (12,40) (12,45) (22,45) (22,50)"
SIMULACION_CINCO_DIAS-NORMAL-N03,2026-04-05T05:14,2026-04-05T07:30,false,"(35,41) (42,41) (42,46) (57,46) (57,50)"
SIMULACION_CINCO_DIAS-NORMAL-N03,2026-04-05T05:52,2026-04-05T08:34,false,"(12,18) (12,33)"
SIMULACION_CINCO_DIAS-NORMAL-N03,2026-04-05T06:26,2026-04-05T07:29,false,"(21,23) (28,23) (28,28) (43,28) (43,32)"
SIMULACION_CINCO_DIAS-NORMAL-N03,2026-04-05T08:41,2026-04-05T09:44,false,"(36,31) (41,31) (41,46)"
SIMULACION_CINCO_DIAS-NORMAL-N03,2026-04-05T11:46,2026-04-05T14:52,false,"(17,27) (24,27) (24,32) (39,32) (39,36)"
SIMULACION_CINCO_DIAS-NORMAL-N03,2026-04-05T12:01,2026-04-05T13:09,false,"(7,7) (15,7)"
SIMULACION_CINCO_DIAS-NORMAL-N03,2026-04-05T12:34,2026-04-05T14:39,false,"(11,21) (11,36)"
SIMULACION_CINCO_DIAS-NORMAL-N03,2026-04-05T17:59,2026-04-05T21:49,false,"(0,7) (30,7) (30,22)"
SIMULACION_CINCO_DIAS-NORMAL-N03,2026-04-05T18:59,2026-04-05T22:55,false,"(42,23) (50,23)"
SIMULACION_CINCO_DIAS-NORMAL-N03,2026-04-05T19:53,2026-04-05T22:35,false,"(26,12) (26,32) (38,32)"
SIMULACION_CINCO_DIAS-NORMAL-N03,2026-04-05T20:46,2026-04-06T00:38,false,"(42,28) (47,28) (47,33) (52,33)"
SIMULACION_CINCO_DIAS-NORMAL-N03,2026-04-05T22:31,2026-04-06T02:31,false,"(16,20) (23,20) (23,25) (38,25) (38,29)"
SIMULACION_CINCO_DIAS-NORMAL-N03,2026-04-05T23:28,2026-04-06T02:01,false,"(30,27) (35,27) (35,42)"
SIMULACION_CINCO_DIAS-NORMAL-N03,2026-04-05T23:54,2026-04-06T03:29,false,"(0,5) (0,20)"
SIMULACION_CINCO_DIAS-NORMAL-N04,2026-04-01T02:22,2026-04-01T04:42,false,"(46,12) (66,12) (66,7)"
SIMULACION_CINCO_DIAS-NORMAL-N04,2026-04-01T03:39,2026-04-01T06:49,false,"(29,35) (37,35)"
SIMULACION_CINCO_DIAS-NORMAL-N04,2026-04-01T04:25,2026-04-01T07:15,false,"(23,6) (23,11) (28,11) (28,16) (38,16) (38,21)"
SIMULACION_CINCO_DIAS-NORMAL-N04,2026-04-01T04:36,2026-04-01T06:49,false,"(2,32) (9,32) (9,37) (24,37) (24,41)"
SIMULACION_CINCO_DIAS-NORMAL-N04,2026-04-01T04:53,2026-04-01T05:32,false,"(37,16) (42,16) (42,21) (47,21)"
SIMULACION_CINCO_DIAS-NORMAL-N04,2026-04-01T04:55,2026-04-01T07:13,false,"(55,17) (55,32)"
SIMULACION_CINCO_DIAS-NORMAL-N04,2026-04-01T07:58,2026-04-01T11:37,false,"(30,16) (42,16)"
SIMULACION_CINCO_DIAS-NORMAL-N04,2026-04-01T08:10,2026-04-01T10:10,false,"(24,27) (36,27)"
SIMULACION_CINCO_DIAS-NORMAL-N04,2026-04-01T09:01,2026-04-01T10:23,false,"(9,14) (39,14) (39,29)"
SIMULACION_CINCO_DIAS-NORMAL-N04,2026-04-01T09:39,2026-04-01T10:05,false,"(17,35) (17,20)"
SIMULACION_CINCO_DIAS-NORMAL-N04,2026-04-01T11:38,2026-04-01T15:30,false,"(14,2) (21,2) (21,7) (36,7) (36,11)"
SIMULACION_CINCO_DIAS-NORMAL-N04,2026-04-01T12:42,2026-04-01T15:55,false,"(39,3) (54,3) (54,11)"
SIMULACION_CINCO_DIAS-NORMAL-N04,2026-04-01T13:20,2026-04-01T14:47,false,"(35,4) (47,4)"
SIMULACION_CINCO_DIAS-NORMAL-N04,2026-04-01T14:55,2026-04-01T18:10,false,"(2,3) (7,3) (7,18)"
SIMULACION_CINCO_DIAS-NORMAL-N04,2026-04-01T15:14,2026-04-01T16:51,false,"(39,13) (46,13) (46,18) (61,18) (61,22)"
SIMULACION_CINCO_DIAS-NORMAL-N04,2026-04-01T15:39,2026-04-01T16:41,false,"(10,28) (15,28) (15,33) (20,33)"
SIMULACION_CINCO_DIAS-NORMAL-N04,2026-04-01T18:03,2026-04-01T19:00,false,"(5,33) (20,33) (20,41)"
SIMULACION_CINCO_DIAS-NORMAL-N04,2026-04-01T20:41,2026-04-01T22:20,false,"(43,5) (43,10) (48,10) (48,15) (58,15) (58,20)"
SIMULACION_CINCO_DIAS-NORMAL-N04,2026-04-01T21:26,2026-04-01T23:46,false,"(10,23) (15,23) (15,28) (20,28)"
SIMULACION_CINCO_DIAS-NORMAL-N04,2026-04-01T21:29,2026-04-01T21:46,false,"(42,34) (50,34)"
SIMULACION_CINCO_DIAS-NORMAL-N04,2026-04-01T22:15,2026-04-02T00:11,false,"(14,27) (19,27) (19,32) (24,32)"
SIMULACION_CINCO_DIAS-NORMAL-N04,2026-04-02T00:29,2026-04-02T00:48,false,"(18,33) (48,33) (48,48)"
SIMULACION_CINCO_DIAS-NORMAL-N04,2026-04-02T00:32,2026-04-02T03:57,false,"(45,34) (50,34) (50,49)"
SIMULACION_CINCO_DIAS-NORMAL-N04,2026-04-02T00:40,2026-04-02T03:53,false,"(9,40) (24,40) (24,48)"
SIMULACION_CINCO_DIAS-NORMAL-N04,2026-04-02T01:11,2026-04-02T03:08,false,"(12,9) (12,16) (17,16) (17,28) (25,28)"
SIMULACION_CINCO_DIAS-NORMAL-N04,2026-04-02T03:42,2026-04-02T05:43,false,"(31,11) (31,16) (36,16) (36,21) (46,21) (46,26)"
SIMULACION_CINCO_DIAS-NORMAL-N04,2026-04-02T07:14,2026-04-02T09:44,false,"(67,29) (67,44)"
SIMULACION_CINCO_DIAS-NORMAL-N04,2026-04-02T07:19,2026-04-02T07:52,false,"(61,10) (61,25)"
SIMULACION_CINCO_DIAS-NORMAL-N04,2026-04-02T07:31,2026-04-02T10:48,false,"(13,8) (43,8) (43,23)"
SIMULACION_CINCO_DIAS-NORMAL-N04,2026-04-02T07:55,2026-04-02T11:47,false,"(35,22) (35,42) (47,42)"
SIMULACION_CINCO_DIAS-NORMAL-N04,2026-04-02T09:40,2026-04-02T13:30,false,"(25,6) (25,11) (30,11) (30,16) (40,16) (40,21)"
SIMULACION_CINCO_DIAS-NORMAL-N04,2026-04-02T09:58,2026-04-02T10:24,false,"(22,30) (22,45)"
SIMULACION_CINCO_DIAS-NORMAL-N04,2026-04-02T10:11,2026-04-02T10:36,false,"(17,3) (32,3) (32,11)"
SIMULACION_CINCO_DIAS-NORMAL-N04,2026-04-02T10:28,2026-04-02T11:12,false,"(24,0) (54,0) (54,15)"
SIMULACION_CINCO_DIAS-NORMAL-N04,2026-04-02T11:01,2026-04-02T12:21,false,"(51,21) (51,36)"
SIMULACION_CINCO_DIAS-NORMAL-N04,2026-04-02T12:05,2026-04-02T15:40,false,"(36,29) (36,49) (48,49)"
SIMULACION_CINCO_DIAS-NORMAL-N04,2026-04-02T12:54,2026-04-02T15:51,false,"(26,35) (26,50)"
SIMULACION_CINCO_DIAS-NORMAL-N04,2026-04-02T14:02,2026-04-02T15:30,false,"(50,15) (65,15) (65,23)"
SIMULACION_CINCO_DIAS-NORMAL-N04,2026-04-02T15:14,2026-04-02T18:26,false,"(3,30) (15,30)"
SIMULACION_CINCO_DIAS-NORMAL-N04,2026-04-02T19:08,2026-04-02T21:32,false,"(2,6) (2,26) (14,26)"
SIMULACION_CINCO_DIAS-NORMAL-N04,2026-04-02T19:25,2026-04-02T22:56,false,"(34,2) (39,2) (39,7) (44,7)"
SIMULACION_CINCO_DIAS-NORMAL-N04,2026-04-02T20:36,2026-04-02T22:04,false,"(4,15) (19,15) (19,23)"
SIMULACION_CINCO_DIAS-NORMAL-N04,2026-04-02T21:37,2026-04-03T00:56,false,"(42,22) (57,22) (57,30)"
SIMULACION_CINCO_DIAS-NORMAL-N04,2026-04-03T00:29,2026-04-03T00:48,false,"(25,4) (55,4) (55,19)"
SIMULACION_CINCO_DIAS-NORMAL-N04,2026-04-03T01:39,2026-04-03T01:59,false,"(63,9) (63,24)"
SIMULACION_CINCO_DIAS-NORMAL-N04,2026-04-03T03:26,2026-04-03T04:29,false,"(44,21) (51,21) (51,26) (66,26) (66,30)"
SIMULACION_CINCO_DIAS-NORMAL-N04,2026-04-03T03:56,2026-04-03T07:16,false,"(22,34) (30,34)"
SIMULACION_CINCO_DIAS-NORMAL-N04,2026-04-03T05:17,2026-04-03T06:06,false,"(31,34) (31,19)"
SIMULACION_CINCO_DIAS-NORMAL-N04,2026-04-03T06:58,2026-04-03T09:59,false,"(31,32) (36,32) (36,47)"
SIMULACION_CINCO_DIAS-NORMAL-N04,2026-04-03T07:51,2026-04-03T08:44,false,"(34,32) (54,32) (54,27)"
SIMULACION_CINCO_DIAS-NORMAL-N04,2026-04-03T08:12,2026-04-03T10:32,false,"(50,35) (70,35) (70,30)"
SIMULACION_CINCO_DIAS-NORMAL-N04,2026-04-03T10:00,2026-04-03T13:58,false,"(43,14) (58,14) (58,22)"
SIMULACION_CINCO_DIAS-NORMAL-N04,2026-04-03T11:43,2026-04-03T13:59,false,"(59,26) (59,11)"
SIMULACION_CINCO_DIAS-NORMAL-N04,2026-04-03T11:58,2026-04-03T12:18,false,"(0,24) (0,29) (5,29) (5,34) (15,34) (15,39)"
SIMULACION_CINCO_DIAS-NORMAL-N04,2026-04-03T14:02,2026-04-03T15:30,false,"(14,13) (29,13) (29,21)"
SIMULACION_CINCO_DIAS-NORMAL-N04,2026-04-03T14:38,2026-04-03T18:02,false,"(25,17) (40,17) (40,25)"
SIMULACION_CINCO_DIAS-NORMAL-N04,2026-04-03T15:04,2026-04-03T18:43,false,"(12,38) (27,38) (27,46)"
SIMULACION_CINCO_DIAS-NORMAL-N04,2026-04-03T16:42,2026-04-03T19:20,false,"(17,12) (17,27)"
SIMULACION_CINCO_DIAS-NORMAL-N04,2026-04-03T17:41,2026-04-03T21:14,false,"(18,4) (48,4) (48,19)"
SIMULACION_CINCO_DIAS-NORMAL-N04,2026-04-03T18:31,2026-04-03T19:45,false,"(48,25) (68,25) (68,20)"
SIMULACION_CINCO_DIAS-NORMAL-N04,2026-04-03T19:01,2026-04-03T22:34,false,"(38,4) (43,4) (43,19)"
SIMULACION_CINCO_DIAS-NORMAL-N04,2026-04-03T21:59,2026-04-03T23:22,false,"(50,22) (50,42) (62,42)"
SIMULACION_CINCO_DIAS-NORMAL-N04,2026-04-03T22:12,2026-04-03T23:13,false,"(35,13) (35,33) (47,33)"
SIMULACION_CINCO_DIAS-NORMAL-N04,2026-04-04T00:54,2026-04-04T03:01,false,"(4,23) (19,23) (19,31)"
SIMULACION_CINCO_DIAS-NORMAL-N04,2026-04-04T01:56,2026-04-04T03:16,false,"(16,25) (23,25) (23,30) (38,30) (38,34)"
SIMULACION_CINCO_DIAS-NORMAL-N04,2026-04-04T01:59,2026-04-04T05:03,false,"(51,10) (51,15) (56,15) (56,20) (66,20) (66,25)"
SIMULACION_CINCO_DIAS-NORMAL-N04,2026-04-04T02:27,2026-04-04T06:03,false,"(53,33) (53,48)"
SIMULACION_CINCO_DIAS-NORMAL-N04,2026-04-04T05:21,2026-04-04T08:42,false,"(5,20) (10,20) (10,35)"
SIMULACION_CINCO_DIAS-NORMAL-N04,2026-04-04T05:41,2026-04-04T09:11,false,"(15,26) (15,46) (27,46)"
SIMULACION_CINCO_DIAS-NORMAL-N04,2026-04-04T09:14,2026-04-04T10:21,false,"(15,15) (45,15) (45,30)"
SIMULACION_CINCO_DIAS-NORMAL-N04,2026-04-04T09:21,2026-04-04T12:05,false,"(11,16) (19,16)"
SIMULACION_CINCO_DIAS-NORMAL-N04,2026-04-04T10:16,2026-04-04T12:39,false,"(21,17) (28,17) (28,22) (43,22) (43,26)"
SIMULACION_CINCO_DIAS-NORMAL-N04,2026-04-04T10:24,2026-04-04T12:44,false,"(44,3) (56,3)"
SIMULACION_CINCO_DIAS-NORMAL-N04,2026-04-04T10:37,2026-04-04T13:30,false,"(16,40) (28,40)"
SIMULACION_CINCO_DIAS-NORMAL-N04,2026-04-04T12:00,2026-04-04T12:27,false,"(26,3) (56,3) (56,18)"
SIMULACION_CINCO_DIAS-NORMAL-N04,2026-04-04T12:01,2026-04-04T14:40,false,"(64,34) (69,34) (69,49)"
SIMULACION_CINCO_DIAS-NORMAL-N04,2026-04-04T13:01,2026-04-04T13:32,false,"(67,24) (67,39)"
SIMULACION_CINCO_DIAS-NORMAL-N04,2026-04-04T13:28,2026-04-04T16:03,false,"(28,2) (28,17)"
SIMULACION_CINCO_DIAS-NORMAL-N04,2026-04-04T14:12,2026-04-04T16:13,false,"(34,1) (34,21) (46,21)"
SIMULACION_CINCO_DIAS-NORMAL-N04,2026-04-04T14:36,2026-04-04T15:58,false,"(22,17) (34,17)"
SIMULACION_CINCO_DIAS-NORMAL-N04,2026-04-04T16:06,2026-04-04T20:02,false,"(8,15) (8,30)"
SIMULACION_CINCO_DIAS-NORMAL-N04,2026-04-04T17:08,2026-04-04T20:20,false,"(58,11) (58,26)"
SIMULACION_CINCO_DIAS-NORMAL-N04,2026-04-04T17:57,2026-04-04T21:50,false,"(39,8) (39,28) (51,28)"
SIMULACION_CINCO_DIAS-NORMAL-N04,2026-04-04T22:37,2026-04-05T00:18,false,"(48,8) (53,8) (53,23)"
SIMULACION_CINCO_DIAS-NORMAL-N04,2026-04-05T00:27,2026-04-05T04:20,false,"(61,0) (61,15)"
SIMULACION_CINCO_DIAS-NORMAL-N04,2026-04-05T00:59,2026-04-05T04:30,false,"(30,47) (50,47) (50,42)"
SIMULACION_CINCO_DIAS-NORMAL-N04,2026-04-05T02:27,2026-04-05T06:03,false,"(64,12) (64,27)"
SIMULACION_CINCO_DIAS-NORMAL-N04,2026-04-05T03:12,2026-04-05T05:47,false,"(51,19) (51,39) (63,39)"
SIMULACION_CINCO_DIAS-NORMAL-N04,2026-04-05T04:22,2026-04-05T07:00,false,"(39,20) (47,20)"
SIMULACION_CINCO_DIAS-NORMAL-N04,2026-04-05T12:48,2026-04-05T14:31,false,"(17,11) (47,11) (47,26)"
SIMULACION_CINCO_DIAS-NORMAL-N04,2026-04-05T14:12,2026-04-05T14:28,false,"(46,19) (46,4)"
SIMULACION_CINCO_DIAS-NORMAL-N04,2026-04-05T14:44,2026-04-05T18:09,false,"(43,27) (43,42)"
SIMULACION_CINCO_DIAS-NORMAL-N04,2026-04-05T15:54,2026-04-05T18:47,false,"(4,1) (9,1) (9,6) (14,6)"
SIMULACION_CINCO_DIAS-NORMAL-N04,2026-04-05T16:20,2026-04-05T18:07,false,"(37,35) (37,50)"
SIMULACION_CINCO_DIAS-NORMAL-N04,2026-04-05T18:53,2026-04-05T20:59,false,"(33,21) (40,21) (40,26) (55,26) (55,30)"
SIMULACION_CINCO_DIAS-NORMAL-N04,2026-04-05T19:42,2026-04-05T20:59,false,"(11,19) (11,4)"
SIMULACION_CINCO_DIAS-NORMAL-N04,2026-04-05T20:02,2026-04-05T22:17,false,"(5,46) (5,31)"
SIMULACION_CINCO_DIAS-NORMAL-N04,2026-04-05T20:14,2026-04-05T22:50,false,"(44,26) (64,26) (64,21)"
SIMULACION_CINCO_DIAS-NORMAL-N04,2026-04-05T20:22,2026-04-05T23:15,false,"(51,25) (51,30) (56,30) (56,35) (66,35) (66,40)"
SIMULACION_CINCO_DIAS-NORMAL-N04,2026-04-05T20:38,2026-04-05T22:58,false,"(61,4) (69,4)"
SIMULACION_CINCO_DIAS-NORMAL-N04,2026-04-05T21:12,2026-04-05T23:26,false,"(59,39) (64,39) (64,44) (69,44)"
SIMULACION_CINCO_DIAS-NORMAL-N04,2026-04-05T21:15,2026-04-05T22:34,false,"(35,34) (35,49)"
SIMULACION_CINCO_DIAS-NORMAL-N04,2026-04-05T22:38,2026-04-06T00:27,false,"(31,32) (36,32) (36,37) (41,37)"
SIMULACION_CINCO_DIAS-NORMAL-N05,2026-04-01T00:22,2026-04-01T02:30,false,"(46,3) (61,3) (61,11)"
SIMULACION_CINCO_DIAS-NORMAL-N05,2026-04-01T02:52,2026-04-01T04:54,false,"(30,6) (35,6) (35,21)"
SIMULACION_CINCO_DIAS-NORMAL-N05,2026-04-01T06:23,2026-04-01T09:18,false,"(12,11) (19,11) (19,16) (34,16) (34,20)"
SIMULACION_CINCO_DIAS-NORMAL-N05,2026-04-01T06:42,2026-04-01T07:30,false,"(27,17) (42,17) (42,25)"
SIMULACION_CINCO_DIAS-NORMAL-N05,2026-04-01T08:41,2026-04-01T12:41,false,"(32,8) (32,28) (44,28)"
SIMULACION_CINCO_DIAS-NORMAL-N05,2026-04-01T09:06,2026-04-01T09:46,false,"(13,35) (28,35) (28,43)"
SIMULACION_CINCO_DIAS-NORMAL-N05,2026-04-01T09:27,2026-04-01T13:23,false,"(45,8) (45,23)"
SIMULACION_CINCO_DIAS-NORMAL-N05,2026-04-01T09:53,2026-04-01T12:04,false,"(29,25) (59,25) (59,40)"
SIMULACION_CINCO_DIAS-NORMAL-N05,2026-04-01T10:36,2026-04-01T13:01,false,"(19,19) (19,26) (24,26) (24,38) (32,38)"
SIMULACION_CINCO_DIAS-NORMAL-N05,2026-04-01T11:01,2026-04-01T11:57,false,"(16,46) (28,46)"
SIMULACION_CINCO_DIAS-NORMAL-N05,2026-04-01T11:43,2026-04-01T13:07,false,"(54,29) (69,29) (69,37)"
SIMULACION_CINCO_DIAS-NORMAL-N05,2026-04-01T12:11,2026-04-01T15:15,false,"(22,31) (22,36) (27,36) (27,41) (37,41) (37,46)"
SIMULACION_CINCO_DIAS-NORMAL-N05,2026-04-01T13:18,2026-04-01T15:55,false,"(36,15) (36,30)"
SIMULACION_CINCO_DIAS-NORMAL-N05,2026-04-01T14:01,2026-04-01T15:59,false,"(27,7) (27,22)"
SIMULACION_CINCO_DIAS-NORMAL-N05,2026-04-01T16:37,2026-04-01T18:36,false,"(8,5) (8,20)"
SIMULACION_CINCO_DIAS-NORMAL-N05,2026-04-01T16:48,2026-04-01T19:58,false,"(25,2) (32,2) (32,7) (47,7) (47,11)"
SIMULACION_CINCO_DIAS-NORMAL-N05,2026-04-01T19:07,2026-04-01T21:53,false,"(38,35) (46,35)"
SIMULACION_CINCO_DIAS-NORMAL-N05,2026-04-01T21:28,2026-04-01T22:20,false,"(4,22) (9,22) (9,27) (14,27)"
SIMULACION_CINCO_DIAS-NORMAL-N05,2026-04-01T21:59,2026-04-01T22:40,false,"(43,41) (51,41)"
SIMULACION_CINCO_DIAS-NORMAL-N05,2026-04-01T23:26,2026-04-02T02:30,false,"(25,18) (37,18)"
SIMULACION_CINCO_DIAS-NORMAL-N05,2026-04-01T23:52,2026-04-02T02:03,false,"(11,29) (26,29) (26,37)"
SIMULACION_CINCO_DIAS-NORMAL-N05,2026-04-02T00:55,2026-04-02T01:10,false,"(40,12) (48,12)"
SIMULACION_CINCO_DIAS-NORMAL-N05,2026-04-02T05:43,2026-04-02T07:48,false,"(42,27) (42,32) (47,32) (47,37) (57,37) (57,42)"
SIMULACION_CINCO_DIAS-NORMAL-N05,2026-04-02T08:12,2026-04-02T10:32,false,"(16,7) (36,7) (36,2)"
SIMULACION_CINCO_DIAS-NORMAL-N05,2026-04-02T10:38,2026-04-02T12:43,false,"(54,22) (54,37)"
SIMULACION_CINCO_DIAS-NORMAL-N05,2026-04-02T11:33,2026-04-02T12:55,false,"(33,22) (33,29) (38,29) (38,41) (46,41)"
SIMULACION_CINCO_DIAS-NORMAL-N05,2026-04-02T12:02,2026-04-02T14:17,false,"(18,9) (18,14) (23,14) (23,19) (33,19) (33,24)"
SIMULACION_CINCO_DIAS-NORMAL-N05,2026-04-02T14:35,2026-04-02T15:34,false,"(38,9) (50,9)"
SIMULACION_CINCO_DIAS-NORMAL-N05,2026-04-02T14:42,2026-04-02T15:04,false,"(60,27) (60,12)"
SIMULACION_CINCO_DIAS-NORMAL-N05,2026-04-02T14:42,2026-04-02T15:23,false,"(17,17) (47,17) (47,32)"
SIMULACION_CINCO_DIAS-NORMAL-N05,2026-04-02T17:17,2026-04-02T17:53,false,"(48,9) (48,16) (53,16) (53,28) (61,28)"
SIMULACION_CINCO_DIAS-NORMAL-N05,2026-04-02T18:03,2026-04-02T19:00,false,"(16,21) (31,21) (31,29)"
SIMULACION_CINCO_DIAS-NORMAL-N05,2026-04-02T19:00,2026-04-02T21:07,false,"(49,2) (54,2) (54,17)"
SIMULACION_CINCO_DIAS-NORMAL-N05,2026-04-02T19:09,2026-04-02T22:02,false,"(16,9) (36,9) (36,4)"
SIMULACION_CINCO_DIAS-NORMAL-N05,2026-04-02T19:18,2026-04-02T20:19,false,"(1,26) (21,26) (21,21)"
SIMULACION_CINCO_DIAS-NORMAL-N05,2026-04-02T19:22,2026-04-02T23:09,false,"(31,31) (31,38) (36,38) (36,50) (44,50)"
SIMULACION_CINCO_DIAS-NORMAL-N05,2026-04-02T19:33,2026-04-02T22:43,false,"(47,12) (47,19) (52,19) (52,31) (60,31)"
SIMULACION_CINCO_DIAS-NORMAL-N05,2026-04-02T20:14,2026-04-02T22:50,false,"(19,37) (39,37) (39,32)"
SIMULACION_CINCO_DIAS-NORMAL-N05,2026-04-02T23:44,2026-04-03T01:36,false,"(24,10) (24,25)"
SIMULACION_CINCO_DIAS-NORMAL-N05,2026-04-03T00:03,2026-04-03T03:45,false,"(34,35) (34,50)"
SIMULACION_CINCO_DIAS-NORMAL-N05,2026-04-03T01:44,2026-04-03T03:37,false,"(45,34) (45,39) (50,39) (50,44) (60,44) (60,49)"
SIMULACION_CINCO_DIAS-NORMAL-N05,2026-04-03T02:57,2026-04-03T05:22,false,"(6,2) (36,2) (36,17)"
SIMULACION_CINCO_DIAS-NORMAL-N05,2026-04-03T03:51,2026-04-03T04:10,false,"(8,14) (8,19) (13,19) (13,24) (23,24) (23,29)"
SIMULACION_CINCO_DIAS-NORMAL-N05,2026-04-03T06:06,2026-04-03T08:51,false,"(55,1) (55,16)"
SIMULACION_CINCO_DIAS-NORMAL-N05,2026-04-03T07:10,2026-04-03T10:01,false,"(2,29) (2,44)"
SIMULACION_CINCO_DIAS-NORMAL-N05,2026-04-03T08:20,2026-04-03T11:00,false,"(14,13) (44,13) (44,28)"
SIMULACION_CINCO_DIAS-NORMAL-N05,2026-04-03T16:31,2026-04-03T19:09,false,"(41,12) (41,27)"
SIMULACION_CINCO_DIAS-NORMAL-N05,2026-04-03T21:58,2026-04-04T00:29,false,"(46,12) (51,12) (51,27)"
SIMULACION_CINCO_DIAS-NORMAL-N05,2026-04-03T22:16,2026-04-04T01:29,false,"(25,21) (33,21)"
SIMULACION_CINCO_DIAS-NORMAL-N05,2026-04-04T00:51,2026-04-04T01:37,false,"(24,31) (29,31) (29,36) (34,36)"
SIMULACION_CINCO_DIAS-NORMAL-N05,2026-04-04T01:28,2026-04-04T04:15,false,"(47,19) (47,26) (52,26) (52,38) (60,38)"
SIMULACION_CINCO_DIAS-NORMAL-N05,2026-04-04T01:32,2026-04-04T04:57,false,"(43,18) (48,18) (48,33)"
SIMULACION_CINCO_DIAS-NORMAL-N05,2026-04-04T01:45,2026-04-04T04:53,false,"(37,31) (57,31) (57,26)"
SIMULACION_CINCO_DIAS-NORMAL-N05,2026-04-04T02:06,2026-04-04T06:02,false,"(29,0) (29,15)"
SIMULACION_CINCO_DIAS-NORMAL-N05,2026-04-04T03:56,2026-04-04T07:16,false,"(39,25) (47,25)"
SIMULACION_CINCO_DIAS-NORMAL-N05,2026-04-04T04:26,2026-04-04T05:38,false,"(9,33) (9,48)"
SIMULACION_CINCO_DIAS-NORMAL-N05,2026-04-04T04:59,2026-04-04T07:33,false,"(54,19) (54,24) (59,24) (59,29) (69,29) (69,34)"
SIMULACION_CINCO_DIAS-NORMAL-N05,2026-04-04T06:22,2026-04-04T08:00,false,"(23,33) (38,33) (38,41)"
SIMULACION_CINCO_DIAS-NORMAL-N05,2026-04-04T07:36,2026-04-04T09:44,false,"(0,20) (0,25) (5,25) (5,30) (15,30) (15,35)"
SIMULACION_CINCO_DIAS-NORMAL-N05,2026-04-04T07:38,2026-04-04T10:11,false,"(28,17) (35,17) (35,22) (50,22) (50,26)"
SIMULACION_CINCO_DIAS-NORMAL-N05,2026-04-04T10:10,2026-04-04T12:46,false,"(23,9) (28,9) (28,14) (33,14)"
SIMULACION_CINCO_DIAS-NORMAL-N05,2026-04-04T11:43,2026-04-04T13:59,false,"(16,21) (16,6)"
SIMULACION_CINCO_DIAS-NORMAL-N05,2026-04-04T14:11,2026-04-04T15:15,false,"(27,3) (42,3) (42,11)"
SIMULACION_CINCO_DIAS-NORMAL-N05,2026-04-04T14:56,2026-04-04T16:16,false,"(13,22) (18,22) (18,27) (23,27)"
SIMULACION_CINCO_DIAS-NORMAL-N05,2026-04-04T15:51,2026-04-04T16:36,false,"(19,32) (31,32)"
SIMULACION_CINCO_DIAS-NORMAL-N05,2026-04-04T17:17,2026-04-04T17:53,false,"(11,20) (11,27) (16,27) (16,39) (24,39)"
SIMULACION_CINCO_DIAS-NORMAL-N05,2026-04-04T18:09,2026-04-04T18:57,false,"(14,30) (14,37) (19,37) (19,49) (27,49)"
SIMULACION_CINCO_DIAS-NORMAL-N05,2026-04-04T21:09,2026-04-04T23:14,false,"(2,43) (2,28)"
SIMULACION_CINCO_DIAS-NORMAL-N05,2026-04-04T21:14,2026-04-04T22:57,false,"(2,36) (17,36) (17,44)"
SIMULACION_CINCO_DIAS-NORMAL-N05,2026-04-04T22:29,2026-04-05T01:30,false,"(41,20) (41,5)"
SIMULACION_CINCO_DIAS-NORMAL-N05,2026-04-05T00:22,2026-04-05T02:30,false,"(40,10) (55,10) (55,18)"
SIMULACION_CINCO_DIAS-NORMAL-N05,2026-04-05T00:25,2026-04-05T03:41,false,"(24,22) (31,22) (31,27) (46,27) (46,31)"
SIMULACION_CINCO_DIAS-NORMAL-N05,2026-04-05T02:29,2026-04-05T05:26,false,"(47,41) (54,41) (54,46) (69,46) (69,50)"
SIMULACION_CINCO_DIAS-NORMAL-N05,2026-04-05T02:44,2026-04-05T06:40,false,"(29,29) (29,34) (34,34) (34,39) (44,39) (44,44)"
SIMULACION_CINCO_DIAS-NORMAL-N05,2026-04-05T05:21,2026-04-05T07:35,false,"(22,4) (34,4)"
SIMULACION_CINCO_DIAS-NORMAL-N05,2026-04-05T06:37,2026-04-05T08:53,false,"(41,0) (46,0) (46,5) (51,5)"
SIMULACION_CINCO_DIAS-NORMAL-N05,2026-04-05T06:59,2026-04-05T08:10,false,"(19,5) (19,10) (24,10) (24,15) (34,15) (34,20)"
SIMULACION_CINCO_DIAS-NORMAL-N05,2026-04-05T07:30,2026-04-05T11:07,false,"(47,10) (67,10) (67,5)"
SIMULACION_CINCO_DIAS-NORMAL-N05,2026-04-05T08:17,2026-04-05T10:22,false,"(22,7) (22,27) (34,27)"
SIMULACION_CINCO_DIAS-NORMAL-N05,2026-04-05T08:19,2026-04-05T09:34,false,"(35,0) (35,7) (40,7) (40,19) (48,19)"
SIMULACION_CINCO_DIAS-NORMAL-N05,2026-04-05T08:45,2026-04-05T12:26,false,"(30,16) (30,36) (42,36)"
SIMULACION_CINCO_DIAS-NORMAL-N05,2026-04-05T09:01,2026-04-05T10:23,false,"(11,29) (41,29) (41,44)"
SIMULACION_CINCO_DIAS-NORMAL-N05,2026-04-05T09:16,2026-04-05T09:54,false,"(47,12) (54,12) (54,17) (69,17) (69,21)"
SIMULACION_CINCO_DIAS-NORMAL-N05,2026-04-05T09:45,2026-04-05T12:10,false,"(22,24) (27,24) (27,39)"
SIMULACION_CINCO_DIAS-NORMAL-N05,2026-04-05T10:01,2026-04-05T12:09,false,"(19,22) (19,42) (31,42)"
SIMULACION_CINCO_DIAS-NORMAL-N05,2026-04-05T10:46,2026-04-05T12:34,false,"(46,28) (58,28)"
SIMULACION_CINCO_DIAS-NORMAL-N05,2026-04-05T11:32,2026-04-05T14:32,false,"(25,3) (25,18)"
SIMULACION_CINCO_DIAS-NORMAL-N05,2026-04-05T15:10,2026-04-05T16:40,false,"(43,5) (48,5) (48,20)"
SIMULACION_CINCO_DIAS-NORMAL-N05,2026-04-05T15:20,2026-04-05T16:19,false,"(19,15) (19,30)"
SIMULACION_CINCO_DIAS-NORMAL-N05,2026-04-05T16:21,2026-04-05T18:33,false,"(38,17) (38,32)"
SIMULACION_CINCO_DIAS-NORMAL-N05,2026-04-05T19:06,2026-04-05T19:21,false,"(18,23) (18,28) (23,28) (23,33) (33,33) (33,38)"
SIMULACION_CINCO_DIAS-NORMAL-N05,2026-04-05T19:32,2026-04-05T23:20,false,"(5,25) (12,25) (12,30) (27,30) (27,34)"
SIMULACION_CINCO_DIAS-NORMAL-N05,2026-04-05T20:36,2026-04-05T23:03,false,"(35,42) (35,27)"
SIMULACION_CINCO_DIAS-NORMAL-N05,2026-04-05T21:39,2026-04-05T21:56,false,"(5,29) (35,29) (35,44)"
SIMULACION_CINCO_DIAS-NORMAL-N05,2026-04-05T22:51,2026-04-05T23:39,false,"(6,7) (6,27) (18,27)"
SIMULACION_CINCO_DIAS-ALTA-N01,2026-04-01T00:30,2026-04-01T02:11,false,"(48,9) (53,9) (53,14) (58,14)"
SIMULACION_CINCO_DIAS-ALTA-N01,2026-04-01T00:51,2026-04-01T01:37,false,"(42,13) (47,13) (47,18) (52,18)"
SIMULACION_CINCO_DIAS-ALTA-N01,2026-04-01T00:52,2026-04-01T01:36,false,"(28,25) (28,40)"
SIMULACION_CINCO_DIAS-ALTA-N01,2026-04-01T02:22,2026-04-01T04:42,false,"(39,13) (59,13) (59,8)"
SIMULACION_CINCO_DIAS-ALTA-N01,2026-04-01T02:27,2026-04-01T05:26,false,"(38,24) (46,24)"
SIMULACION_CINCO_DIAS-ALTA-N01,2026-04-01T02:29,2026-04-01T05:26,false,"(24,18) (31,18) (31,23) (46,23) (46,27)"
SIMULACION_CINCO_DIAS-ALTA-N01,2026-04-01T02:56,2026-04-01T05:06,false,"(3,32) (11,32)"
SIMULACION_CINCO_DIAS-ALTA-N01,2026-04-01T04:12,2026-04-01T04:48,false,"(47,5) (55,5)"
SIMULACION_CINCO_DIAS-ALTA-N01,2026-04-01T06:40,2026-04-01T08:00,false,"(67,34) (67,49)"
SIMULACION_CINCO_DIAS-ALTA-N01,2026-04-01T08:07,2026-04-01T11:19,false,"(29,16) (34,16) (34,31)"
SIMULACION_CINCO_DIAS-ALTA-N01,2026-04-01T08:39,2026-04-01T08:55,false,"(7,22) (7,37)"
SIMULACION_CINCO_DIAS-ALTA-N01,2026-04-01T10:03,2026-04-01T10:26,false,"(44,2) (59,2) (59,10)"
SIMULACION_CINCO_DIAS-ALTA-N01,2026-04-01T10:18,2026-04-01T11:35,false,"(29,40) (41,40)"
SIMULACION_CINCO_DIAS-ALTA-N01,2026-04-01T10:26,2026-04-01T13:25,false,"(45,49) (65,49) (65,44)"
SIMULACION_CINCO_DIAS-ALTA-N01,2026-04-01T10:56,2026-04-01T12:54,false,"(46,23) (53,23) (53,28) (68,28) (68,32)"
SIMULACION_CINCO_DIAS-ALTA-N01,2026-04-01T11:40,2026-04-01T13:17,false,"(24,3) (24,18)"
SIMULACION_CINCO_DIAS-ALTA-N01,2026-04-01T13:18,2026-04-01T15:55,false,"(62,13) (62,28)"
SIMULACION_CINCO_DIAS-ALTA-N01,2026-04-01T14:00,2026-04-01T14:42,false,"(41,33) (41,48)"
SIMULACION_CINCO_DIAS-ALTA-N01,2026-04-01T14:36,2026-04-01T15:58,false,"(42,22) (54,22)"
SIMULACION_CINCO_DIAS-ALTA-N01,2026-04-01T17:06,2026-04-01T18:32,false,"(47,12) (62,12) (62,20)"
SIMULACION_CINCO_DIAS-ALTA-N01,2026-04-01T17:18,2026-04-01T18:18,false,"(21,34) (26,34) (26,39) (31,39)"
SIMULACION_CINCO_DIAS-ALTA-N01,2026-04-01T17:18,2026-04-01T18:34,false,"(53,17) (58,17) (58,32)"
SIMULACION_CINCO_DIAS-ALTA-N01,2026-04-01T17:27,2026-04-01T18:26,false,"(30,8) (50,8) (50,3)"
SIMULACION_CINCO_DIAS-ALTA-N01,2026-04-01T18:43,2026-04-01T20:12,false,"(42,7) (42,27) (54,27)"
SIMULACION_CINCO_DIAS-ALTA-N01,2026-04-01T19:55,2026-04-01T23:49,false,"(17,32) (25,32)"
SIMULACION_CINCO_DIAS-ALTA-N01,2026-04-01T20:03,2026-04-01T22:21,false,"(33,22) (33,29) (38,29) (38,41) (46,41)"
SIMULACION_CINCO_DIAS-ALTA-N01,2026-04-01T21:55,2026-04-01T22:27,false,"(24,18) (29,18) (29,23) (34,23)"
SIMULACION_CINCO_DIAS-ALTA-N01,2026-04-01T22:09,2026-04-01T23:50,false,"(28,40) (35,40) (35,45) (50,45) (50,49)"
SIMULACION_CINCO_DIAS-ALTA-N01,2026-04-01T23:05,2026-04-02T02:29,false,"(28,5) (28,20)"
SIMULACION_CINCO_DIAS-ALTA-N01,2026-04-01T23:42,2026-04-02T02:34,false,"(24,19) (31,19) (31,24) (46,24) (46,28)"
SIMULACION_CINCO_DIAS-ALTA-N01,2026-04-02T00:20,2026-04-02T03:29,false,"(45,15) (52,15) (52,20) (67,20) (67,24)"
SIMULACION_CINCO_DIAS-ALTA-N01,2026-04-02T00:27,2026-04-02T02:53,false,"(2,29) (9,29) (9,34) (24,34) (24,38)"
SIMULACION_CINCO_DIAS-ALTA-N01,2026-04-02T02:11,2026-04-02T04:16,false,"(63,0) (63,15)"
SIMULACION_CINCO_DIAS-ALTA-N01,2026-04-02T02:59,2026-04-02T05:46,false,"(15,29) (15,44)"
SIMULACION_CINCO_DIAS-ALTA-N01,2026-04-02T03:56,2026-04-02T07:53,false,"(24,10) (39,10) (39,18)"
SIMULACION_CINCO_DIAS-ALTA-N01,2026-04-02T05:05,2026-04-02T05:44,false,"(46,22) (51,22) (51,37)"
SIMULACION_CINCO_DIAS-ALTA-N01,2026-04-02T05:21,2026-04-02T06:11,false,"(6,8) (21,8) (21,16)"
SIMULACION_CINCO_DIAS-ALTA-N01,2026-04-02T06:06,2026-04-02T08:17,false,"(32,9) (39,9) (39,14) (54,14) (54,18)"
SIMULACION_CINCO_DIAS-ALTA-N01,2026-04-02T06:26,2026-04-02T07:29,false,"(46,12) (53,12) (53,17) (68,17) (68,21)"
SIMULACION_CINCO_DIAS-ALTA-N01,2026-04-02T06:36,2026-04-02T09:36,false,"(56,19) (61,19) (61,34)"
SIMULACION_CINCO_DIAS-ALTA-N01,2026-04-02T07:14,2026-04-02T09:44,false,"(13,46) (33,46) (33,41)"
SIMULACION_CINCO_DIAS-ALTA-N01,2026-04-02T08:22,2026-04-02T09:20,false,"(7,34) (12,34) (12,49)"
SIMULACION_CINCO_DIAS-ALTA-N01,2026-04-02T09:01,2026-04-02T10:23,false,"(26,28) (56,28) (56,43)"
SIMULACION_CINCO_DIAS-ALTA-N01,2026-04-02T09:01,2026-04-02T11:34,false,"(36,6) (36,21)"
SIMULACION_CINCO_DIAS-ALTA-N01,2026-04-02T09:14,2026-04-02T10:21,false,"(6,8) (36,8) (36,23)"
SIMULACION_CINCO_DIAS-ALTA-N01,2026-04-02T09:18,2026-04-02T12:14,false,"(9,8) (9,23)"
SIMULACION_CINCO_DIAS-ALTA-N01,2026-04-02T10:20,2026-04-02T11:50,false,"(56,36) (56,21)"
SIMULACION_CINCO_DIAS-ALTA-N01,2026-04-02T12:00,2026-04-02T12:27,false,"(32,33) (62,33) (62,48)"
SIMULACION_CINCO_DIAS-ALTA-N01,2026-04-02T12:19,2026-04-02T16:16,false,"(35,9) (35,24)"
SIMULACION_CINCO_DIAS-ALTA-N01,2026-04-02T13:14,2026-04-02T16:20,false,"(14,22) (34,22) (34,17)"
SIMULACION_CINCO_DIAS-ALTA-N01,2026-04-02T14:06,2026-04-02T16:55,false,"(29,25) (37,25)"
SIMULACION_CINCO_DIAS-ALTA-N01,2026-04-02T16:21,2026-04-02T19:27,false,"(6,35) (18,35)"
SIMULACION_CINCO_DIAS-ALTA-N01,2026-04-02T16:25,2026-04-02T17:17,false,"(35,6) (50,6) (50,14)"
SIMULACION_CINCO_DIAS-ALTA-N01,2026-04-02T17:12,2026-04-02T18:32,false,"(35,28) (35,43)"
SIMULACION_CINCO_DIAS-ALTA-N01,2026-04-02T17:58,2026-04-02T21:46,false,"(25,34) (30,34) (30,39) (35,39)"
SIMULACION_CINCO_DIAS-ALTA-N01,2026-04-02T18:26,2026-04-02T21:05,false,"(0,2) (7,2) (7,7) (22,7) (22,11)"
SIMULACION_CINCO_DIAS-ALTA-N01,2026-04-02T19:01,2026-04-02T20:41,false,"(29,7) (29,27) (41,27)"
SIMULACION_CINCO_DIAS-ALTA-N01,2026-04-02T19:14,2026-04-02T21:03,false,"(1,50) (13,50)"
SIMULACION_CINCO_DIAS-ALTA-N01,2026-04-02T19:17,2026-04-02T22:47,false,"(17,35) (17,50)"
SIMULACION_CINCO_DIAS-ALTA-N01,2026-04-02T20:23,2026-04-02T23:41,false,"(37,28) (49,28)"
SIMULACION_CINCO_DIAS-ALTA-N01,2026-04-02T20:41,2026-04-02T22:20,false,"(26,23) (26,28) (31,28) (31,33) (41,33) (41,38)"
SIMULACION_CINCO_DIAS-ALTA-N01,2026-04-02T23:07,2026-04-03T03:05,false,"(22,15) (27,15) (27,30)"
SIMULACION_CINCO_DIAS-ALTA-N01,2026-04-02T23:42,2026-04-03T02:34,false,"(37,36) (44,36) (44,41) (59,41) (59,45)"
SIMULACION_CINCO_DIAS-ALTA-N01,2026-04-03T00:59,2026-04-03T04:30,false,"(4,36) (24,36) (24,31)"
SIMULACION_CINCO_DIAS-ALTA-N01,2026-04-03T01:06,2026-04-03T03:57,false,"(35,12) (35,17) (40,17) (40,22) (50,22) (50,27)"
SIMULACION_CINCO_DIAS-ALTA-N01,2026-04-03T01:21,2026-04-03T05:05,false,"(48,26) (48,41)"
SIMULACION_CINCO_DIAS-ALTA-N01,2026-04-03T01:42,2026-04-03T04:07,false,"(33,19) (63,19) (63,34)"
SIMULACION_CINCO_DIAS-ALTA-N01,2026-04-03T04:02,2026-04-03T05:51,false,"(12,11) (27,11) (27,19)"
SIMULACION_CINCO_DIAS-ALTA-N01,2026-04-03T04:24,2026-04-03T06:50,false,"(13,18) (13,33)"
SIMULACION_CINCO_DIAS-ALTA-N01,2026-04-03T07:41,2026-04-03T11:04,false,"(48,7) (68,7) (68,2)"
SIMULACION_CINCO_DIAS-ALTA-N01,2026-04-03T10:55,2026-04-03T12:57,false,"(56,35) (56,50)"
SIMULACION_CINCO_DIAS-ALTA-N01,2026-04-03T12:25,2026-04-03T13:52,false,"(38,9) (45,9) (45,14) (60,14) (60,18)"
SIMULACION_CINCO_DIAS-ALTA-N01,2026-04-03T14:12,2026-04-03T16:17,false,"(29,14) (44,14) (44,22)"
SIMULACION_CINCO_DIAS-ALTA-N01,2026-04-03T14:41,2026-04-03T15:00,false,"(38,43) (46,43)"
SIMULACION_CINCO_DIAS-ALTA-N01,2026-04-03T18:26,2026-04-03T19:40,false,"(13,10) (33,10) (33,5)"
SIMULACION_CINCO_DIAS-ALTA-N01,2026-04-03T18:34,2026-04-03T21:14,false,"(29,4) (37,4)"
SIMULACION_CINCO_DIAS-ALTA-N01,2026-04-03T18:53,2026-04-03T20:58,false,"(69,26) (69,41)"
SIMULACION_CINCO_DIAS-ALTA-N01,2026-04-03T20:06,2026-04-03T23:24,false,"(51,20) (51,35)"
SIMULACION_CINCO_DIAS-ALTA-N01,2026-04-03T21:12,2026-04-03T23:26,false,"(54,9) (59,9) (59,14) (64,14)"
SIMULACION_CINCO_DIAS-ALTA-N01,2026-04-03T23:22,2026-04-04T02:56,false,"(9,40) (24,40) (24,48)"
SIMULACION_CINCO_DIAS-ALTA-N01,2026-04-04T00:16,2026-04-04T02:05,false,"(55,35) (55,50)"
SIMULACION_CINCO_DIAS-ALTA-N01,2026-04-04T00:44,2026-04-04T03:25,false,"(1,46) (1,31)"
SIMULACION_CINCO_DIAS-ALTA-N01,2026-04-04T00:54,2026-04-04T03:01,false,"(20,29) (35,29) (35,37)"
SIMULACION_CINCO_DIAS-ALTA-N01,2026-04-04T02:21,2026-04-04T04:11,false,"(69,16) (69,31)"
SIMULACION_CINCO_DIAS-ALTA-N01,2026-04-04T02:43,2026-04-04T05:48,false,"(13,18) (28,18) (28,26)"
SIMULACION_CINCO_DIAS-ALTA-N01,2026-04-04T04:53,2026-04-04T06:59,false,"(49,6) (54,6) (54,11) (59,11)"
SIMULACION_CINCO_DIAS-ALTA-N01,2026-04-04T05:18,2026-04-04T05:35,false,"(19,40) (26,40) (26,45) (41,45) (41,49)"
SIMULACION_CINCO_DIAS-ALTA-N01,2026-04-04T05:21,2026-04-04T08:42,false,"(64,10) (69,10) (69,25)"
SIMULACION_CINCO_DIAS-ALTA-N01,2026-04-04T05:40,2026-04-04T06:32,false,"(54,32) (59,32) (59,37) (64,37)"
SIMULACION_CINCO_DIAS-ALTA-N01,2026-04-04T05:58,2026-04-04T07:06,false,"(37,7) (52,7) (52,15)"
SIMULACION_CINCO_DIAS-ALTA-N01,2026-04-04T06:10,2026-04-04T06:53,false,"(48,31) (55,31) (55,36) (70,36) (70,40)"
SIMULACION_CINCO_DIAS-ALTA-N01,2026-04-04T06:30,2026-04-04T07:06,false,"(19,21) (19,28) (24,28) (24,40) (32,40)"
SIMULACION_CINCO_DIAS-ALTA-N01,2026-04-04T08:34,2026-04-04T09:01,false,"(39,28) (39,43)"
SIMULACION_CINCO_DIAS-ALTA-N01,2026-04-04T08:35,2026-04-04T11:52,false,"(50,14) (62,14)"
SIMULACION_CINCO_DIAS-ALTA-N01,2026-04-04T12:02,2026-04-04T13:13,false,"(12,20) (24,20)"
SIMULACION_CINCO_DIAS-ALTA-N01,2026-04-04T15:29,2026-04-04T16:07,false,"(44,42) (64,42) (64,37)"
SIMULACION_CINCO_DIAS-ALTA-N01,2026-04-04T16:25,2026-04-04T17:17,false,"(50,37) (65,37) (65,45)"
SIMULACION_CINCO_DIAS-ALTA-N01,2026-04-04T16:34,2026-04-04T20:29,false,"(55,16) (55,21) (60,21) (60,26) (70,26) (70,31)"
SIMULACION_CINCO_DIAS-ALTA-N01,2026-04-04T17:35,2026-04-04T18:45,false,"(40,24) (40,39)"
SIMULACION_CINCO_DIAS-ALTA-N01,2026-04-04T18:10,2026-04-04T19:37,false,"(7,7) (27,7) (27,2)"
SIMULACION_CINCO_DIAS-ALTA-N01,2026-04-04T18:58,2026-04-04T19:40,false,"(6,1) (6,16)"
SIMULACION_CINCO_DIAS-ALTA-N01,2026-04-04T19:40,2026-04-04T21:16,false,"(23,34) (23,19)"
SIMULACION_CINCO_DIAS-ALTA-N01,2026-04-04T19:43,2026-04-04T22:00,false,"(25,10) (25,25)"
SIMULACION_CINCO_DIAS-ALTA-N01,2026-04-04T20:31,2026-04-04T20:58,false,"(44,13) (52,13)"
SIMULACION_CINCO_DIAS-ALTA-N01,2026-04-04T20:36,2026-04-04T23:40,false,"(40,39) (48,39)"
SIMULACION_CINCO_DIAS-ALTA-N01,2026-04-04T23:50,2026-04-05T03:22,false,"(5,0) (12,0) (12,5) (27,5) (27,9)"
SIMULACION_CINCO_DIAS-ALTA-N01,2026-04-05T02:27,2026-04-05T03:38,false,"(41,9) (53,9)"
SIMULACION_CINCO_DIAS-ALTA-N01,2026-04-05T03:49,2026-04-05T05:44,false,"(2,16) (2,1)"
SIMULACION_CINCO_DIAS-ALTA-N01,2026-04-05T05:02,2026-04-05T05:24,false,"(54,24) (59,24) (59,29) (64,29)"
SIMULACION_CINCO_DIAS-ALTA-N01,2026-04-05T05:21,2026-04-05T08:42,false,"(26,33) (31,33) (31,48)"
SIMULACION_CINCO_DIAS-ALTA-N01,2026-04-05T07:11,2026-04-05T10:32,false,"(1,1) (6,1) (6,16)"
SIMULACION_CINCO_DIAS-ALTA-N01,2026-04-05T07:33,2026-04-05T10:47,false,"(53,16) (53,36) (65,36)"
SIMULACION_CINCO_DIAS-ALTA-N01,2026-04-05T08:11,2026-04-05T12:04,false,"(5,25) (13,25)"
SIMULACION_CINCO_DIAS-ALTA-N01,2026-04-05T08:15,2026-04-05T09:17,false,"(51,36) (51,21)"
SIMULACION_CINCO_DIAS-ALTA-N01,2026-04-05T08:25,2026-04-05T09:06,false,"(23,33) (35,33)"
SIMULACION_CINCO_DIAS-ALTA-N01,2026-04-05T08:34,2026-04-05T09:01,false,"(5,27) (5,42)"
SIMULACION_CINCO_DIAS-ALTA-N01,2026-04-05T09:29,2026-04-05T12:20,false,"(26,24) (26,39)"
SIMULACION_CINCO_DIAS-ALTA-N01,2026-04-05T09:47,2026-04-05T10:27,false,"(3,18) (3,33)"
SIMULACION_CINCO_DIAS-ALTA-N01,2026-04-05T10:28,2026-04-05T11:12,false,"(12,21) (42,21) (42,36)"
SIMULACION_CINCO_DIAS-ALTA-N01,2026-04-05T10:31,2026-04-05T14:17,false,"(55,4) (63,4)"
SIMULACION_CINCO_DIAS-ALTA-N01,2026-04-05T12:20,2026-04-05T13:18,false,"(7,16) (7,31)"
SIMULACION_CINCO_DIAS-ALTA-N01,2026-04-05T12:25,2026-04-05T13:52,false,"(17,10) (24,10) (24,15) (39,15) (39,19)"
SIMULACION_CINCO_DIAS-ALTA-N01,2026-04-05T12:47,2026-04-05T16:17,false,"(50,1) (50,16)"
SIMULACION_CINCO_DIAS-ALTA-N01,2026-04-05T14:53,2026-04-05T18:17,false,"(44,2) (44,9) (49,9) (49,21) (57,21)"
SIMULACION_CINCO_DIAS-ALTA-N01,2026-04-05T14:55,2026-04-05T18:10,false,"(46,35) (51,35) (51,50)"
SIMULACION_CINCO_DIAS-ALTA-N01,2026-04-05T15:59,2026-04-05T16:56,false,"(10,13) (25,13) (25,21)"
SIMULACION_CINCO_DIAS-ALTA-N01,2026-04-05T16:17,2026-04-05T17:20,false,"(64,5) (64,20)"
SIMULACION_CINCO_DIAS-ALTA-N01,2026-04-05T18:26,2026-04-05T19:31,false,"(4,32) (34,32) (34,47)"
SIMULACION_CINCO_DIAS-ALTA-N01,2026-04-05T20:00,2026-04-05T22:07,false,"(6,4) (11,4) (11,19)"
SIMULACION_CINCO_DIAS-ALTA-N01,2026-04-05T21:31,2026-04-05T23:55,false,"(36,24) (56,24) (56,19)"
SIMULACION_CINCO_DIAS-ALTA-N01,2026-04-05T22:03,2026-04-06T00:24,false,"(51,9) (51,29) (63,29)"
SIMULACION_CINCO_DIAS-ALTA-N02,2026-04-01T02:55,2026-04-01T05:59,false,"(39,6) (59,6) (59,1)"
SIMULACION_CINCO_DIAS-ALTA-N02,2026-04-01T03:40,2026-04-01T05:16,false,"(19,23) (26,23) (26,28) (41,28) (41,32)"
SIMULACION_CINCO_DIAS-ALTA-N02,2026-04-01T05:35,2026-04-01T07:07,false,"(48,0) (48,20) (60,20)"
SIMULACION_CINCO_DIAS-ALTA-N02,2026-04-01T06:01,2026-04-01T09:58,false,"(1,18) (1,25) (6,25) (6,37) (14,37)"
SIMULACION_CINCO_DIAS-ALTA-N02,2026-04-01T07:14,2026-04-01T09:44,false,"(30,3) (30,18)"
SIMULACION_CINCO_DIAS-ALTA-N02,2026-04-01T10:03,2026-04-01T11:00,false,"(19,19) (19,39) (31,39)"
SIMULACION_CINCO_DIAS-ALTA-N02,2026-04-01T11:14,2026-04-01T13:33,false,"(30,5) (35,5) (35,10) (40,10)"
SIMULACION_CINCO_DIAS-ALTA-N02,2026-04-01T12:26,2026-04-01T12:58,false,"(52,35) (57,35) (57,40) (62,40)"
SIMULACION_CINCO_DIAS-ALTA-N02,2026-04-01T12:37,2026-04-01T12:57,false,"(36,21) (36,6)"
SIMULACION_CINCO_DIAS-ALTA-N02,2026-04-01T12:47,2026-04-01T16:06,false,"(3,2) (18,2) (18,10)"
SIMULACION_CINCO_DIAS-ALTA-N02,2026-04-01T13:21,2026-04-01T16:46,false,"(33,17) (63,17) (63,32)"
SIMULACION_CINCO_DIAS-ALTA-N02,2026-04-01T14:07,2026-04-01T14:52,false,"(33,13) (48,13) (48,21)"
SIMULACION_CINCO_DIAS-ALTA-N02,2026-04-01T14:15,2026-04-01T16:49,false,"(12,30) (12,35) (17,35) (17,40) (27,40) (27,45)"
SIMULACION_CINCO_DIAS-ALTA-N02,2026-04-01T14:31,2026-04-01T15:33,false,"(60,8) (65,8) (65,23)"
SIMULACION_CINCO_DIAS-ALTA-N02,2026-04-01T14:58,2026-04-01T18:54,false,"(39,1) (54,1) (54,9)"
SIMULACION_CINCO_DIAS-ALTA-N02,2026-04-01T15:29,2026-04-01T16:07,false,"(50,30) (70,30) (70,25)"
SIMULACION_CINCO_DIAS-ALTA-N02,2026-04-01T16:17,2026-04-01T17:31,false,"(45,21) (45,26) (50,26) (50,31) (60,31) (60,36)"
SIMULACION_CINCO_DIAS-ALTA-N02,2026-04-01T17:44,2026-04-01T19:57,false,"(17,33) (24,33) (24,38) (39,38) (39,42)"
SIMULACION_CINCO_DIAS-ALTA-N02,2026-04-01T17:58,2026-04-01T21:46,false,"(58,5) (63,5) (63,10) (68,10)"
SIMULACION_CINCO_DIAS-ALTA-N02,2026-04-01T19:00,2026-04-01T22:25,false,"(20,13) (20,18) (25,18) (25,23) (35,23) (35,28)"
SIMULACION_CINCO_DIAS-ALTA-N02,2026-04-01T19:20,2026-04-01T21:13,false,"(52,1) (52,16)"
SIMULACION_CINCO_DIAS-ALTA-N02,2026-04-01T20:22,2026-04-01T23:15,false,"(49,22) (49,27) (54,27) (54,32) (64,32) (64,37)"
SIMULACION_CINCO_DIAS-ALTA-N02,2026-04-01T20:53,2026-04-01T21:10,false,"(21,31) (21,38) (26,38) (26,50) (34,50)"
SIMULACION_CINCO_DIAS-ALTA-N02,2026-04-01T21:28,2026-04-01T22:20,false,"(59,11) (64,11) (64,16) (69,16)"
SIMULACION_CINCO_DIAS-ALTA-N02,2026-04-01T22:29,2026-04-02T01:30,false,"(12,31) (12,16)"
SIMULACION_CINCO_DIAS-ALTA-N02,2026-04-01T23:42,2026-04-02T01:10,false,"(47,28) (47,35) (52,35) (52,47) (60,47)"
SIMULACION_CINCO_DIAS-ALTA-N02,2026-04-02T00:36,2026-04-02T02:49,false,"(45,16) (45,31)"
SIMULACION_CINCO_DIAS-ALTA-N02,2026-04-02T01:54,2026-04-02T03:01,false,"(7,48) (27,48) (27,43)"
SIMULACION_CINCO_DIAS-ALTA-N02,2026-04-02T03:15,2026-04-02T04:28,false,"(43,28) (50,28) (50,33) (65,33) (65,37)"
SIMULACION_CINCO_DIAS-ALTA-N02,2026-04-02T03:27,2026-04-02T04:36,false,"(13,20) (43,20) (43,35)"
SIMULACION_CINCO_DIAS-ALTA-N02,2026-04-02T03:40,2026-04-02T05:41,false,"(2,6) (2,26) (14,26)"
SIMULACION_CINCO_DIAS-ALTA-N02,2026-04-02T04:02,2026-04-02T05:51,false,"(32,32) (47,32) (47,40)"
SIMULACION_CINCO_DIAS-ALTA-N02,2026-04-02T04:32,2026-04-02T08:14,false,"(16,5) (46,5) (46,20)"
SIMULACION_CINCO_DIAS-ALTA-N02,2026-04-02T05:52,2026-04-02T08:34,false,"(57,4) (57,19)"
SIMULACION_CINCO_DIAS-ALTA-N02,2026-04-02T06:47,2026-04-02T10:00,false,"(30,9) (30,16) (35,16) (35,28) (43,28)"
SIMULACION_CINCO_DIAS-ALTA-N02,2026-04-02T07:57,2026-04-02T11:16,false,"(47,25) (47,30) (52,30) (52,35) (62,35) (62,40)"
SIMULACION_CINCO_DIAS-ALTA-N02,2026-04-02T08:45,2026-04-02T12:26,false,"(1,15) (1,35) (13,35)"
SIMULACION_CINCO_DIAS-ALTA-N02,2026-04-02T12:40,2026-04-02T16:03,false,"(54,3) (54,18)"
SIMULACION_CINCO_DIAS-ALTA-N02,2026-04-02T13:18,2026-04-02T15:55,false,"(66,1) (66,16)"
SIMULACION_CINCO_DIAS-ALTA-N02,2026-04-02T13:57,2026-04-02T17:57,false,"(27,18) (27,23) (32,23) (32,28) (42,28) (42,33)"
SIMULACION_CINCO_DIAS-ALTA-N02,2026-04-02T14:32,2026-04-02T16:10,false,"(32,13) (32,28)"
SIMULACION_CINCO_DIAS-ALTA-N02,2026-04-02T15:23,2026-04-02T17:54,false,"(37,30) (67,30) (67,45)"
SIMULACION_CINCO_DIAS-ALTA-N02,2026-04-02T15:57,2026-04-02T17:36,false,"(46,28) (51,28) (51,33) (56,33)"
SIMULACION_CINCO_DIAS-ALTA-N02,2026-04-02T19:40,2026-04-02T23:07,false,"(65,0) (65,15)"
SIMULACION_CINCO_DIAS-ALTA-N02,2026-04-02T21:51,2026-04-02T23:28,false,"(14,33) (22,33)"
SIMULACION_CINCO_DIAS-ALTA-N02,2026-04-02T22:34,2026-04-03T01:20,false,"(55,4) (63,4)"
SIMULACION_CINCO_DIAS-ALTA-N02,2026-04-03T00:08,2026-04-03T01:22,false,"(0,25) (0,40)"
SIMULACION_CINCO_DIAS-ALTA-N02,2026-04-03T00:20,2026-04-03T01:47,false,"(10,49) (22,49)"
SIMULACION_CINCO_DIAS-ALTA-N02,2026-04-03T00:21,2026-04-03T01:19,false,"(2,43) (14,43)"
SIMULACION_CINCO_DIAS-ALTA-N02,2026-04-03T00:44,2026-04-03T03:25,false,"(15,41) (15,26)"
SIMULACION_CINCO_DIAS-ALTA-N02,2026-04-03T04:04,2026-04-03T05:23,false,"(17,26) (37,26) (37,21)"
SIMULACION_CINCO_DIAS-ALTA-N02,2026-04-03T04:46,2026-04-03T06:02,false,"(37,10) (44,10) (44,15) (59,15) (59,19)"
SIMULACION_CINCO_DIAS-ALTA-N02,2026-04-03T04:49,2026-04-03T07:20,false,"(27,30) (57,30) (57,45)"
SIMULACION_CINCO_DIAS-ALTA-N02,2026-04-03T05:46,2026-04-03T09:21,false,"(47,21) (62,21) (62,29)"
SIMULACION_CINCO_DIAS-ALTA-N02,2026-04-03T07:05,2026-04-03T08:43,false,"(37,25) (37,40)"
SIMULACION_CINCO_DIAS-ALTA-N02,2026-04-03T07:33,2026-04-03T08:50,false,"(12,12) (42,12) (42,27)"
SIMULACION_CINCO_DIAS-ALTA-N02,2026-04-03T09:46,2026-04-03T13:25,false,"(50,18) (50,33)"
SIMULACION_CINCO_DIAS-ALTA-N02,2026-04-03T09:51,2026-04-03T12:54,false,"(65,5) (70,5) (70,20)"
SIMULACION_CINCO_DIAS-ALTA-N02,2026-04-03T12:26,2026-04-03T12:58,false,"(13,39) (18,39) (18,44) (23,44)"
SIMULACION_CINCO_DIAS-ALTA-N02,2026-04-03T14:03,2026-04-03T14:44,false,"(59,40) (59,25)"
SIMULACION_CINCO_DIAS-ALTA-N02,2026-04-03T15:47,2026-04-03T18:38,false,"(17,30) (17,45)"
SIMULACION_CINCO_DIAS-ALTA-N02,2026-04-03T17:24,2026-04-03T21:00,false,"(0,36) (12,36)"
SIMULACION_CINCO_DIAS-ALTA-N02,2026-04-03T17:41,2026-04-03T21:17,false,"(52,35) (57,35) (57,40) (62,40)"
SIMULACION_CINCO_DIAS-ALTA-N02,2026-04-03T18:34,2026-04-03T21:14,false,"(28,31) (36,31)"
SIMULACION_CINCO_DIAS-ALTA-N02,2026-04-03T23:33,2026-04-04T02:14,false,"(12,20) (32,20) (32,15)"
SIMULACION_CINCO_DIAS-ALTA-N02,2026-04-04T00:19,2026-04-04T04:19,false,"(31,16) (31,1)"
SIMULACION_CINCO_DIAS-ALTA-N02,2026-04-04T00:46,2026-04-04T01:01,false,"(24,32) (54,32) (54,47)"
SIMULACION_CINCO_DIAS-ALTA-N02,2026-04-04T02:34,2026-04-04T05:12,false,"(31,30) (31,45)"
SIMULACION_CINCO_DIAS-ALTA-N02,2026-04-04T02:49,2026-04-04T05:16,false,"(52,45) (64,45)"
SIMULACION_CINCO_DIAS-ALTA-N02,2026-04-04T03:40,2026-04-04T05:46,false,"(19,34) (27,34)"
SIMULACION_CINCO_DIAS-ALTA-N02,2026-04-04T04:15,2026-04-04T06:51,false,"(37,1) (67,1) (67,16)"
SIMULACION_CINCO_DIAS-ALTA-N02,2026-04-04T04:32,2026-04-04T08:08,false,"(52,10) (52,25)"
SIMULACION_CINCO_DIAS-ALTA-N02,2026-04-04T06:32,2026-04-04T09:36,false,"(52,15) (57,15) (57,30)"
SIMULACION_CINCO_DIAS-ALTA-N02,2026-04-04T07:52,2026-04-04T08:59,false,"(8,16) (23,16) (23,24)"
SIMULACION_CINCO_DIAS-ALTA-N02,2026-04-04T08:22,2026-04-04T12:17,false,"(20,14) (50,14) (50,29)"
SIMULACION_CINCO_DIAS-ALTA-N02,2026-04-04T09:28,2026-04-04T12:20,false,"(20,19) (32,19)"
SIMULACION_CINCO_DIAS-ALTA-N02,2026-04-04T09:52,2026-04-04T11:36,false,"(36,33) (56,33) (56,28)"
SIMULACION_CINCO_DIAS-ALTA-N02,2026-04-04T14:38,2026-04-04T16:21,false,"(44,15) (52,15)"
SIMULACION_CINCO_DIAS-ALTA-N02,2026-04-04T15:01,2026-04-04T17:34,false,"(49,11) (49,16) (54,16) (54,21) (64,21) (64,26)"
SIMULACION_CINCO_DIAS-ALTA-N02,2026-04-04T16:54,2026-04-04T17:49,false,"(8,16) (8,1)"
SIMULACION_CINCO_DIAS-ALTA-N02,2026-04-04T17:18,2026-04-04T18:18,false,"(42,35) (47,35) (47,40) (52,40)"
SIMULACION_CINCO_DIAS-ALTA-N02,2026-04-04T17:58,2026-04-04T21:46,false,"(13,45) (18,45) (18,50) (23,50)"
SIMULACION_CINCO_DIAS-ALTA-N02,2026-04-04T18:55,2026-04-04T21:23,false,"(35,46) (35,31)"
SIMULACION_CINCO_DIAS-ALTA-N02,2026-04-04T19:28,2026-04-04T20:42,false,"(32,32) (32,47)"
SIMULACION_CINCO_DIAS-ALTA-N02,2026-04-04T19:43,2026-04-04T21:47,false,"(20,23) (50,23) (50,38)"
SIMULACION_CINCO_DIAS-ALTA-N02,2026-04-04T20:03,2026-04-04T20:46,false,"(2,33) (22,33) (22,28)"
SIMULACION_CINCO_DIAS-ALTA-N02,2026-04-04T22:52,2026-04-05T01:25,false,"(39,9) (69,9) (69,24)"
SIMULACION_CINCO_DIAS-ALTA-N02,2026-04-05T01:33,2026-04-05T03:32,false,"(17,33) (47,33) (47,48)"
SIMULACION_CINCO_DIAS-ALTA-N02,2026-04-05T01:42,2026-04-05T04:07,false,"(37,7) (67,7) (67,22)"
SIMULACION_CINCO_DIAS-ALTA-N02,2026-04-05T02:10,2026-04-05T04:07,false,"(33,25) (63,25) (63,40)"
SIMULACION_CINCO_DIAS-ALTA-N02,2026-04-05T02:59,2026-04-05T05:46,false,"(60,19) (60,34)"
SIMULACION_CINCO_DIAS-ALTA-N02,2026-04-05T03:16,2026-04-05T06:55,false,"(31,15) (61,15) (61,30)"
SIMULACION_CINCO_DIAS-ALTA-N02,2026-04-05T04:26,2026-04-05T07:55,false,"(43,33) (43,18)"
SIMULACION_CINCO_DIAS-ALTA-N02,2026-04-05T04:50,2026-04-05T05:41,false,"(36,14) (66,14) (66,29)"
SIMULACION_CINCO_DIAS-ALTA-N02,2026-04-05T06:10,2026-04-05T10:01,false,"(57,12) (57,32) (69,32)"
SIMULACION_CINCO_DIAS-ALTA-N02,2026-04-05T06:22,2026-04-05T06:58,false,"(21,38) (41,38) (41,33)"
SIMULACION_CINCO_DIAS-ALTA-N02,2026-04-05T06:40,2026-04-05T08:32,false,"(16,22) (16,37)"
SIMULACION_CINCO_DIAS-ALTA-N02,2026-04-05T06:47,2026-04-05T10:00,false,"(14,19) (14,26) (19,26) (19,38) (27,38)"
SIMULACION_CINCO_DIAS-ALTA-N02,2026-04-05T08:14,2026-04-05T12:14,false,"(13,4) (13,19)"
SIMULACION_CINCO_DIAS-ALTA-N02,2026-04-05T09:25,2026-04-05T10:20,false,"(47,26) (52,26) (52,31) (57,31)"
SIMULACION_CINCO_DIAS-ALTA-N02,2026-04-05T09:38,2026-04-05T12:55,false,"(10,17) (10,37) (22,37)"
SIMULACION_CINCO_DIAS-ALTA-N02,2026-04-05T10:23,2026-04-05T12:54,false,"(52,1) (52,16)"
SIMULACION_CINCO_DIAS-ALTA-N02,2026-04-05T10:36,2026-04-05T13:01,false,"(54,8) (54,15) (59,15) (59,27) (67,27)"
SIMULACION_CINCO_DIAS-ALTA-N02,2026-04-05T12:20,2026-04-05T15:04,false,"(27,28) (32,28) (32,33) (37,33)"
SIMULACION_CINCO_DIAS-ALTA-N02,2026-04-05T13:21,2026-04-05T14:07,false,"(10,40) (17,40) (17,45) (32,45) (32,49)"
SIMULACION_CINCO_DIAS-ALTA-N02,2026-04-05T13:33,2026-04-05T17:29,false,"(31,24) (31,44) (43,44)"
SIMULACION_CINCO_DIAS-ALTA-N02,2026-04-05T15:54,2026-04-05T18:29,false,"(49,5) (49,20)"
SIMULACION_CINCO_DIAS-ALTA-N02,2026-04-05T15:54,2026-04-05T18:47,false,"(8,23) (13,23) (13,28) (18,28)"
SIMULACION_CINCO_DIAS-ALTA-N02,2026-04-05T16:32,2026-04-05T19:52,false,"(39,31) (39,36) (44,36) (44,41) (54,41) (54,46)"
SIMULACION_CINCO_DIAS-ALTA-N02,2026-04-05T16:52,2026-04-05T20:18,false,"(51,13) (51,18) (56,18) (56,23) (66,23) (66,28)"
SIMULACION_CINCO_DIAS-ALTA-N02,2026-04-05T17:20,2026-04-05T20:27,false,"(27,0) (32,0) (32,15)"
SIMULACION_CINCO_DIAS-ALTA-N02,2026-04-05T17:41,2026-04-05T21:17,false,"(34,23) (39,23) (39,28) (44,28)"
SIMULACION_CINCO_DIAS-ALTA-N02,2026-04-05T18:43,2026-04-05T21:09,false,"(61,6) (66,6) (66,21)"
SIMULACION_CINCO_DIAS-ALTA-N02,2026-04-05T20:17,2026-04-05T21:50,false,"(19,3) (19,18)"
SIMULACION_CINCO_DIAS-ALTA-N02,2026-04-05T20:18,2026-04-05T22:08,false,"(38,24) (45,24) (45,29) (60,29) (60,33)"
SIMULACION_CINCO_DIAS-ALTA-N02,2026-04-05T21:27,2026-04-05T21:42,false,"(22,10) (22,15) (27,15) (27,20) (37,20) (37,25)"
SIMULACION_CINCO_DIAS-ALTA-N02,2026-04-05T22:49,2026-04-06T01:36,false,"(38,26) (43,26) (43,41)"
SIMULACION_CINCO_DIAS-ALTA-N02,2026-04-05T23:29,2026-04-06T02:04,false,"(26,18) (26,3)"
SIMULACION_CINCO_DIAS-ALTA-N02,2026-04-05T23:36,2026-04-06T01:29,false,"(55,20) (55,35)"
SIMULACION_CINCO_DIAS-ALTA-N03,2026-04-01T01:10,2026-04-01T02:40,false,"(19,22) (19,42) (31,42)"
SIMULACION_CINCO_DIAS-ALTA-N03,2026-04-01T01:10,2026-04-01T04:19,false,"(8,29) (38,29) (38,44)"
SIMULACION_CINCO_DIAS-ALTA-N03,2026-04-01T02:18,2026-04-01T04:28,false,"(33,16) (33,23) (38,23) (38,35) (46,35)"
SIMULACION_CINCO_DIAS-ALTA-N03,2026-04-01T02:31,2026-04-01T05:50,false,"(53,21) (53,41) (65,41)"
SIMULACION_CINCO_DIAS-ALTA-N03,2026-04-01T03:03,2026-04-01T04:46,false,"(23,17) (35,17)"
SIMULACION_CINCO_DIAS-ALTA-N03,2026-04-01T03:04,2026-04-01T04:36,false,"(33,1) (41,1)"
SIMULACION_CINCO_DIAS-ALTA-N03,2026-04-01T03:47,2026-04-01T04:27,false,"(53,32) (53,37) (58,37) (58,42) (68,42) (68,47)"
SIMULACION_CINCO_DIAS-ALTA-N03,2026-04-01T04:03,2026-04-01T04:41,false,"(2,8) (2,23)"
SIMULACION_CINCO_DIAS-ALTA-N03,2026-04-01T04:07,2026-04-01T07:57,false,"(42,33) (42,48)"
SIMULACION_CINCO_DIAS-ALTA-N03,2026-04-01T07:30,2026-04-01T09:05,false,"(32,39) (52,39) (52,34)"
SIMULACION_CINCO_DIAS-ALTA-N03,2026-04-01T07:38,2026-04-01T10:11,false,"(46,4) (53,4) (53,9) (68,9) (68,13)"
SIMULACION_CINCO_DIAS-ALTA-N03,2026-04-01T08:36,2026-04-01T11:55,false,"(29,10) (29,25)"
SIMULACION_CINCO_DIAS-ALTA-N03,2026-04-01T09:51,2026-04-01T12:03,false,"(42,13) (57,13) (57,21)"
SIMULACION_CINCO_DIAS-ALTA-N03,2026-04-01T10:37,2026-04-01T13:30,false,"(47,24) (59,24)"
SIMULACION_CINCO_DIAS-ALTA-N03,2026-04-01T12:19,2026-04-01T16:16,false,"(35,13) (35,28)"
SIMULACION_CINCO_DIAS-ALTA-N03,2026-04-01T12:44,2026-04-01T14:48,false,"(39,33) (44,33) (44,48)"
SIMULACION_CINCO_DIAS-ALTA-N03,2026-04-01T12:55,2026-04-01T14:21,false,"(21,15) (21,30)"
SIMULACION_CINCO_DIAS-ALTA-N03,2026-04-01T12:55,2026-04-01T14:21,false,"(30,2) (30,17)"
SIMULACION_CINCO_DIAS-ALTA-N03,2026-04-01T13:12,2026-04-01T14:24,false,"(16,2) (24,2)"
SIMULACION_CINCO_DIAS-ALTA-N03,2026-04-01T14:53,2026-04-01T18:17,false,"(38,25) (38,32) (43,32) (43,44) (51,44)"
SIMULACION_CINCO_DIAS-ALTA-N03,2026-04-01T15:14,2026-04-01T16:51,false,"(9,35) (9,50)"
SIMULACION_CINCO_DIAS-ALTA-N03,2026-04-01T17:00,2026-04-01T17:15,false,"(63,21) (63,36)"
SIMULACION_CINCO_DIAS-ALTA-N03,2026-04-01T17:08,2026-04-01T19:49,false,"(59,36) (64,36) (64,41) (69,41)"
SIMULACION_CINCO_DIAS-ALTA-N03,2026-04-01T18:26,2026-04-01T19:27,false,"(38,18) (68,18) (68,33)"
SIMULACION_CINCO_DIAS-ALTA-N03,2026-04-01T19:10,2026-04-01T20:33,false,"(27,32) (27,37) (32,37) (32,42) (42,42) (42,47)"
SIMULACION_CINCO_DIAS-ALTA-N03,2026-04-01T19:21,2026-04-01T21:08,false,"(31,35) (36,35) (36,40) (41,40)"
SIMULACION_CINCO_DIAS-ALTA-N03,2026-04-02T00:46,2026-04-02T01:01,false,"(18,25) (48,25) (48,40)"
SIMULACION_CINCO_DIAS-ALTA-N03,2026-04-02T03:48,2026-04-02T07:22,false,"(64,5) (64,20)"
SIMULACION_CINCO_DIAS-ALTA-N03,2026-04-02T04:11,2026-04-02T07:33,false,"(15,12) (35,12) (35,7)"
SIMULACION_CINCO_DIAS-ALTA-N03,2026-04-02T05:21,2026-04-02T08:42,false,"(37,20) (42,20) (42,35)"
SIMULACION_CINCO_DIAS-ALTA-N03,2026-04-02T09:13,2026-04-02T10:26,false,"(29,6) (29,21)"
SIMULACION_CINCO_DIAS-ALTA-N03,2026-04-02T09:18,2026-04-02T09:42,false,"(24,1) (24,6) (29,6) (29,11) (39,11) (39,16)"
SIMULACION_CINCO_DIAS-ALTA-N03,2026-04-02T09:52,2026-04-02T11:36,false,"(45,10) (65,10) (65,5)"
SIMULACION_CINCO_DIAS-ALTA-N03,2026-04-02T10:53,2026-04-02T14:00,false,"(13,8) (13,13) (18,13) (18,18) (28,18) (28,23)"
SIMULACION_CINCO_DIAS-ALTA-N03,2026-04-02T11:33,2026-04-02T15:21,false,"(38,25) (43,25) (43,40)"
SIMULACION_CINCO_DIAS-ALTA-N03,2026-04-02T12:17,2026-04-02T13:36,false,"(1,30) (1,45)"
SIMULACION_CINCO_DIAS-ALTA-N03,2026-04-02T12:22,2026-04-02T15:29,false,"(51,8) (66,8) (66,16)"
SIMULACION_CINCO_DIAS-ALTA-N03,2026-04-02T13:34,2026-04-02T13:59,false,"(11,9) (11,29) (23,29)"
SIMULACION_CINCO_DIAS-ALTA-N03,2026-04-02T15:25,2026-04-02T17:31,false,"(10,0) (40,0) (40,15)"
SIMULACION_CINCO_DIAS-ALTA-N03,2026-04-02T15:50,2026-04-02T17:16,false,"(34,20) (34,27) (39,27) (39,39) (47,39)"
SIMULACION_CINCO_DIAS-ALTA-N03,2026-04-02T16:48,2026-04-02T19:58,false,"(10,38) (17,38) (17,43) (32,43) (32,47)"
SIMULACION_CINCO_DIAS-ALTA-N03,2026-04-02T18:22,2026-04-02T21:44,false,"(0,31) (0,46)"
SIMULACION_CINCO_DIAS-ALTA-N03,2026-04-02T18:32,2026-04-02T20:36,false,"(32,24) (32,39)"
SIMULACION_CINCO_DIAS-ALTA-N03,2026-04-02T18:34,2026-04-02T21:14,false,"(0,5) (8,5)"
SIMULACION_CINCO_DIAS-ALTA-N03,2026-04-02T19:44,2026-04-02T20:07,false,"(24,45) (24,30)"
SIMULACION_CINCO_DIAS-ALTA-N03,2026-04-02T20:46,2026-04-03T00:38,false,"(17,4) (22,4) (22,9) (27,9)"
SIMULACION_CINCO_DIAS-ALTA-N03,2026-04-02T20:50,2026-04-02T22:45,false,"(9,21) (9,6)"
SIMULACION_CINCO_DIAS-ALTA-N03,2026-04-02T22:53,2026-04-03T00:15,false,"(19,31) (39,31) (39,26)"
SIMULACION_CINCO_DIAS-ALTA-N03,2026-04-02T23:49,2026-04-03T00:07,false,"(50,27) (50,42)"
SIMULACION_CINCO_DIAS-ALTA-N03,2026-04-03T01:12,2026-04-03T02:00,false,"(11,34) (41,34) (41,49)"
SIMULACION_CINCO_DIAS-ALTA-N03,2026-04-03T01:47,2026-04-03T03:39,false,"(4,31) (19,31) (19,39)"
SIMULACION_CINCO_DIAS-ALTA-N03,2026-04-03T03:04,2026-04-03T03:56,false,"(20,25) (27,25) (27,30) (42,30) (42,34)"
SIMULACION_CINCO_DIAS-ALTA-N03,2026-04-03T03:12,2026-04-03T05:46,false,"(19,4) (19,11) (24,11) (24,23) (32,23)"
SIMULACION_CINCO_DIAS-ALTA-N03,2026-04-03T03:47,2026-04-03T04:27,false,"(3,10) (3,15) (8,15) (8,20) (18,20) (18,25)"
SIMULACION_CINCO_DIAS-ALTA-N03,2026-04-03T03:57,2026-04-03T04:56,false,"(46,18) (46,3)"
SIMULACION_CINCO_DIAS-ALTA-N03,2026-04-03T04:57,2026-04-03T08:27,false,"(47,6) (47,21)"
SIMULACION_CINCO_DIAS-ALTA-N03,2026-04-03T05:56,2026-04-03T06:44,false,"(50,35) (62,35)"
SIMULACION_CINCO_DIAS-ALTA-N03,2026-04-03T06:22,2026-04-03T08:00,false,"(30,40) (45,40) (45,48)"
SIMULACION_CINCO_DIAS-ALTA-N03,2026-04-03T08:02,2026-04-03T10:55,false,"(27,12) (39,12)"
SIMULACION_CINCO_DIAS-ALTA-N03,2026-04-03T08:42,2026-04-03T09:43,false,"(51,19) (59,19)"
SIMULACION_CINCO_DIAS-ALTA-N03,2026-04-03T09:01,2026-04-03T11:34,false,"(40,29) (40,44)"
SIMULACION_CINCO_DIAS-ALTA-N03,2026-04-03T09:08,2026-04-03T12:14,false,"(55,19) (55,39) (67,39)"
SIMULACION_CINCO_DIAS-ALTA-N03,2026-04-03T09:27,2026-04-03T13:23,false,"(17,19) (17,34)"
SIMULACION_CINCO_DIAS-ALTA-N03,2026-04-03T12:02,2026-04-03T15:06,false,"(58,30) (63,30) (63,45)"
SIMULACION_CINCO_DIAS-ALTA-N03,2026-04-03T12:06,2026-04-03T12:43,false,"(70,1) (70,16)"
SIMULACION_CINCO_DIAS-ALTA-N03,2026-04-03T12:40,2026-04-03T13:41,false,"(3,31) (33,31) (33,46)"
SIMULACION_CINCO_DIAS-ALTA-N03,2026-04-03T12:58,2026-04-03T16:35,false,"(21,32) (41,32) (41,27)"
SIMULACION_CINCO_DIAS-ALTA-N03,2026-04-03T13:46,2026-04-03T15:27,false,"(12,33) (42,33) (42,48)"
SIMULACION_CINCO_DIAS-ALTA-N03,2026-04-03T15:14,2026-04-03T16:51,false,"(20,16) (20,31)"
SIMULACION_CINCO_DIAS-ALTA-N03,2026-04-03T15:50,2026-04-03T16:58,false,"(17,25) (32,25) (32,33)"
SIMULACION_CINCO_DIAS-ALTA-N03,2026-04-03T15:57,2026-04-03T17:36,false,"(41,9) (46,9) (46,14) (51,14)"
SIMULACION_CINCO_DIAS-ALTA-N03,2026-04-03T16:20,2026-04-03T18:07,false,"(63,14) (63,29)"
SIMULACION_CINCO_DIAS-ALTA-N03,2026-04-03T16:28,2026-04-03T17:51,false,"(7,23) (37,23) (37,38)"
SIMULACION_CINCO_DIAS-ALTA-N03,2026-04-03T19:25,2026-04-03T21:38,false,"(45,22) (57,22)"
SIMULACION_CINCO_DIAS-ALTA-N03,2026-04-03T20:05,2026-04-03T22:42,false,"(40,21) (40,36)"
SIMULACION_CINCO_DIAS-ALTA-N03,2026-04-03T22:00,2026-04-03T23:28,false,"(18,29) (38,29) (38,24)"
SIMULACION_CINCO_DIAS-ALTA-N03,2026-04-03T22:12,2026-04-03T23:13,false,"(12,23) (12,43) (24,43)"
SIMULACION_CINCO_DIAS-ALTA-N03,2026-04-03T22:16,2026-04-04T01:29,false,"(42,50) (50,50)"
SIMULACION_CINCO_DIAS-ALTA-N03,2026-04-03T22:47,2026-04-04T02:24,false,"(52,10) (64,10)"
SIMULACION_CINCO_DIAS-ALTA-N03,2026-04-04T01:20,2026-04-04T02:58,false,"(4,33) (34,33) (34,48)"
SIMULACION_CINCO_DIAS-ALTA-N03,2026-04-04T01:35,2026-04-04T02:38,false,"(37,2) (37,9) (42,9) (42,21) (50,21)"
SIMULACION_CINCO_DIAS-ALTA-N03,2026-04-04T03:12,2026-04-04T05:46,false,"(27,3) (27,10) (32,10) (32,22) (40,22)"
SIMULACION_CINCO_DIAS-ALTA-N03,2026-04-04T03:12,2026-04-04T05:46,false,"(20,14) (20,21) (25,21) (25,33) (33,33)"
SIMULACION_CINCO_DIAS-ALTA-N03,2026-04-04T03:51,2026-04-04T04:10,false,"(16,13) (16,18) (21,18) (21,23) (31,23) (31,28)"
SIMULACION_CINCO_DIAS-ALTA-N03,2026-04-04T08:25,2026-04-04T11:46,false,"(3,20) (8,20) (8,25) (13,25)"
SIMULACION_CINCO_DIAS-ALTA-N03,2026-04-04T09:04,2026-04-04T12:11,false,"(27,20) (32,20) (32,35)"
SIMULACION_CINCO_DIAS-ALTA-N03,2026-04-04T09:23,2026-04-04T09:50,false,"(22,19) (52,19) (52,34)"
SIMULACION_CINCO_DIAS-ALTA-N03,2026-04-04T10:19,2026-04-04T11:00,false,"(19,26) (19,33) (24,33) (24,45) (32,45)"
SIMULACION_CINCO_DIAS-ALTA-N03,2026-04-04T12:22,2026-04-04T15:29,false,"(31,21) (46,21) (46,29)"
SIMULACION_CINCO_DIAS-ALTA-N03,2026-04-04T12:56,2026-04-04T14:55,false,"(39,7) (44,7) (44,22)"
SIMULACION_CINCO_DIAS-ALTA-N03,2026-04-04T13:49,2026-04-04T14:32,false,"(4,35) (4,20)"
SIMULACION_CINCO_DIAS-ALTA-N03,2026-04-04T15:54,2026-04-04T19:30,false,"(31,33) (39,33)"
SIMULACION_CINCO_DIAS-ALTA-N03,2026-04-04T16:40,2026-04-04T19:00,false,"(9,7) (39,7) (39,22)"
SIMULACION_CINCO_DIAS-ALTA-N03,2026-04-04T16:45,2026-04-04T19:52,false,"(43,31) (55,31)"
SIMULACION_CINCO_DIAS-ALTA-N03,2026-04-04T17:27,2026-04-04T18:26,false,"(26,42) (46,42) (46,37)"
SIMULACION_CINCO_DIAS-ALTA-N03,2026-04-04T20:13,2026-04-04T22:05,false,"(54,30) (59,30) (59,45)"
SIMULACION_CINCO_DIAS-ALTA-N03,2026-04-04T22:16,2026-04-05T01:29,false,"(9,20) (17,20)"
SIMULACION_CINCO_DIAS-ALTA-N03,2026-04-05T00:03,2026-04-05T03:27,false,"(40,18) (40,38) (52,38)"
SIMULACION_CINCO_DIAS-ALTA-N03,2026-04-05T00:29,2026-04-05T00:48,false,"(10,10) (40,10) (40,25)"
SIMULACION_CINCO_DIAS-ALTA-N03,2026-04-05T00:59,2026-04-05T03:59,false,"(8,21) (16,21)"
SIMULACION_CINCO_DIAS-ALTA-N03,2026-04-05T03:33,2026-04-05T06:34,false,"(51,44) (51,29)"
SIMULACION_CINCO_DIAS-ALTA-N03,2026-04-05T04:59,2026-04-05T07:33,false,"(7,35) (7,40) (12,40) (12,45) (22,45) (22,50)"
SIMULACION_CINCO_DIAS-ALTA-N03,2026-04-05T05:14,2026-04-05T07:30,false,"(35,41) (42,41) (42,46) (57,46) (57,50)"
SIMULACION_CINCO_DIAS-ALTA-N03,2026-04-05T05:52,2026-04-05T08:34,false,"(12,18) (12,33)"
SIMULACION_CINCO_DIAS-ALTA-N03,2026-04-05T06:26,2026-04-05T07:29,false,"(21,23) (28,23) (28,28) (43,28) (43,32)"
SIMULACION_CINCO_DIAS-ALTA-N03,2026-04-05T08:41,2026-04-05T09:44,false,"(36,31) (41,31) (41,46)"
SIMULACION_CINCO_DIAS-ALTA-N03,2026-04-05T08:42,2026-04-05T10:46,false,"(0,36) (15,36) (15,44)"
SIMULACION_CINCO_DIAS-ALTA-N03,2026-04-05T10:18,2026-04-05T11:35,false,"(57,16) (69,16)"
SIMULACION_CINCO_DIAS-ALTA-N03,2026-04-05T10:54,2026-04-05T14:29,false,"(56,30) (61,30) (61,45)"
SIMULACION_CINCO_DIAS-ALTA-N03,2026-04-05T11:46,2026-04-05T14:52,false,"(17,27) (24,27) (24,32) (39,32) (39,36)"
SIMULACION_CINCO_DIAS-ALTA-N03,2026-04-05T12:01,2026-04-05T13:09,false,"(7,7) (15,7)"
SIMULACION_CINCO_DIAS-ALTA-N03,2026-04-05T12:34,2026-04-05T14:39,false,"(11,21) (11,36)"
SIMULACION_CINCO_DIAS-ALTA-N03,2026-04-05T16:53,2026-04-05T17:28,false,"(54,48) (66,48)"
SIMULACION_CINCO_DIAS-ALTA-N03,2026-04-05T17:05,2026-04-05T18:41,false,"(33,8) (33,28) (45,28)"
SIMULACION_CINCO_DIAS-ALTA-N03,2026-04-05T17:59,2026-04-05T21:49,false,"(0,7) (30,7) (30,22)"
SIMULACION_CINCO_DIAS-ALTA-N03,2026-04-05T18:48,2026-04-05T21:40,false,"(40,29) (70,29) (70,44)"
SIMULACION_CINCO_DIAS-ALTA-N03,2026-04-05T18:59,2026-04-05T22:55,false,"(42,23) (50,23)"
SIMULACION_CINCO_DIAS-ALTA-N03,2026-04-05T19:53,2026-04-05T22:35,false,"(26,12) (26,32) (38,32)"
SIMULACION_CINCO_DIAS-ALTA-N03,2026-04-05T20:46,2026-04-06T00:38,false,"(42,28) (47,28) (47,33) (52,33)"
SIMULACION_CINCO_DIAS-ALTA-N03,2026-04-05T22:31,2026-04-06T02:31,false,"(16,20) (23,20) (23,25) (38,25) (38,29)"
SIMULACION_CINCO_DIAS-ALTA-N03,2026-04-05T23:28,2026-04-06T02:01,false,"(30,27) (35,27) (35,42)"
SIMULACION_CINCO_DIAS-ALTA-N03,2026-04-05T23:54,2026-04-06T03:29,false,"(0,5) (0,20)"
SIMULACION_CINCO_DIAS-ALTA-N04,2026-04-01T02:22,2026-04-01T04:42,false,"(46,12) (66,12) (66,7)"
SIMULACION_CINCO_DIAS-ALTA-N04,2026-04-01T02:27,2026-04-01T03:38,false,"(52,12) (64,12)"
SIMULACION_CINCO_DIAS-ALTA-N04,2026-04-01T03:39,2026-04-01T06:49,false,"(29,35) (37,35)"
SIMULACION_CINCO_DIAS-ALTA-N04,2026-04-01T03:41,2026-04-01T05:45,false,"(45,15) (45,35) (57,35)"
SIMULACION_CINCO_DIAS-ALTA-N04,2026-04-01T04:25,2026-04-01T07:15,false,"(23,6) (23,11) (28,11) (28,16) (38,16) (38,21)"
SIMULACION_CINCO_DIAS-ALTA-N04,2026-04-01T04:36,2026-04-01T06:49,false,"(2,32) (9,32) (9,37) (24,37) (24,41)"
SIMULACION_CINCO_DIAS-ALTA-N04,2026-04-01T04:53,2026-04-01T05:32,false,"(37,16) (42,16) (42,21) (47,21)"
SIMULACION_CINCO_DIAS-ALTA-N04,2026-04-01T04:55,2026-04-01T07:13,false,"(55,17) (55,32)"
SIMULACION_CINCO_DIAS-ALTA-N04,2026-04-01T07:58,2026-04-01T11:37,false,"(30,16) (42,16)"
SIMULACION_CINCO_DIAS-ALTA-N04,2026-04-01T08:10,2026-04-01T10:10,false,"(24,27) (36,27)"
SIMULACION_CINCO_DIAS-ALTA-N04,2026-04-01T09:01,2026-04-01T10:23,false,"(9,14) (39,14) (39,29)"
SIMULACION_CINCO_DIAS-ALTA-N04,2026-04-01T09:39,2026-04-01T10:05,false,"(17,35) (17,20)"
SIMULACION_CINCO_DIAS-ALTA-N04,2026-04-01T11:38,2026-04-01T15:30,false,"(14,2) (21,2) (21,7) (36,7) (36,11)"
SIMULACION_CINCO_DIAS-ALTA-N04,2026-04-01T12:42,2026-04-01T15:55,false,"(39,3) (54,3) (54,11)"
SIMULACION_CINCO_DIAS-ALTA-N04,2026-04-01T13:20,2026-04-01T14:47,false,"(35,4) (47,4)"
SIMULACION_CINCO_DIAS-ALTA-N04,2026-04-01T14:55,2026-04-01T18:10,false,"(2,3) (7,3) (7,18)"
SIMULACION_CINCO_DIAS-ALTA-N04,2026-04-01T15:14,2026-04-01T16:51,false,"(39,13) (46,13) (46,18) (61,18) (61,22)"
SIMULACION_CINCO_DIAS-ALTA-N04,2026-04-01T15:39,2026-04-01T16:41,false,"(10,28) (15,28) (15,33) (20,33)"
SIMULACION_CINCO_DIAS-ALTA-N04,2026-04-01T16:53,2026-04-01T20:39,false,"(19,5) (49,5) (49,20)"
SIMULACION_CINCO_DIAS-ALTA-N04,2026-04-01T18:03,2026-04-01T19:00,false,"(5,33) (20,33) (20,41)"
SIMULACION_CINCO_DIAS-ALTA-N04,2026-04-01T20:03,2026-04-01T20:46,false,"(0,10) (20,10) (20,5)"
SIMULACION_CINCO_DIAS-ALTA-N04,2026-04-01T20:41,2026-04-01T22:20,false,"(43,5) (43,10) (48,10) (48,15) (58,15) (58,20)"
SIMULACION_CINCO_DIAS-ALTA-N04,2026-04-01T21:26,2026-04-01T23:46,false,"(10,23) (15,23) (15,28) (20,28)"
SIMULACION_CINCO_DIAS-ALTA-N04,2026-04-01T21:29,2026-04-01T21:46,false,"(42,34) (50,34)"
SIMULACION_CINCO_DIAS-ALTA-N04,2026-04-01T22:15,2026-04-02T00:11,false,"(14,27) (19,27) (19,32) (24,32)"
SIMULACION_CINCO_DIAS-ALTA-N04,2026-04-02T00:29,2026-04-02T00:48,false,"(18,33) (48,33) (48,48)"
SIMULACION_CINCO_DIAS-ALTA-N04,2026-04-02T00:32,2026-04-02T03:57,false,"(45,34) (50,34) (50,49)"
SIMULACION_CINCO_DIAS-ALTA-N04,2026-04-02T00:40,2026-04-02T03:53,false,"(9,40) (24,40) (24,48)"
SIMULACION_CINCO_DIAS-ALTA-N04,2026-04-02T01:11,2026-04-02T03:08,false,"(12,9) (12,16) (17,16) (17,28) (25,28)"
SIMULACION_CINCO_DIAS-ALTA-N04,2026-04-02T03:42,2026-04-02T05:43,false,"(31,11) (31,16) (36,16) (36,21) (46,21) (46,26)"
SIMULACION_CINCO_DIAS-ALTA-N04,2026-04-02T07:14,2026-04-02T09:44,false,"(67,29) (67,44)"
SIMULACION_CINCO_DIAS-ALTA-N04,2026-04-02T07:19,2026-04-02T07:52,false,"(61,10) (61,25)"
SIMULACION_CINCO_DIAS-ALTA-N04,2026-04-02T07:31,2026-04-02T10:48,false,"(13,8) (43,8) (43,23)"
SIMULACION_CINCO_DIAS-ALTA-N04,2026-04-02T07:55,2026-04-02T11:47,false,"(35,22) (35,42) (47,42)"
SIMULACION_CINCO_DIAS-ALTA-N04,2026-04-02T09:13,2026-04-02T11:42,false,"(52,13) (57,13) (57,28)"
SIMULACION_CINCO_DIAS-ALTA-N04,2026-04-02T09:40,2026-04-02T13:30,false,"(43,32) (43,37) (48,37) (48,42) (58,42) (58,47)"
SIMULACION_CINCO_DIAS-ALTA-N04,2026-04-02T09:40,2026-04-02T13:30,false,"(25,6) (25,11) (30,11) (30,16) (40,16) (40,21)"
SIMULACION_CINCO_DIAS-ALTA-N04,2026-04-02T09:58,2026-04-02T10:24,false,"(22,30) (22,45)"
SIMULACION_CINCO_DIAS-ALTA-N04,2026-04-02T10:01,2026-04-02T12:09,false,"(45,1) (45,21) (57,21)"
SIMULACION_CINCO_DIAS-ALTA-N04,2026-04-02T10:11,2026-04-02T10:36,false,"(17,3) (32,3) (32,11)"
SIMULACION_CINCO_DIAS-ALTA-N04,2026-04-02T10:28,2026-04-02T11:12,false,"(24,0) (54,0) (54,15)"
SIMULACION_CINCO_DIAS-ALTA-N04,2026-04-02T11:01,2026-04-02T12:21,false,"(51,21) (51,36)"
SIMULACION_CINCO_DIAS-ALTA-N04,2026-04-02T11:31,2026-04-02T14:29,false,"(16,11) (23,11) (23,16) (38,16) (38,20)"
SIMULACION_CINCO_DIAS-ALTA-N04,2026-04-02T12:05,2026-04-02T15:40,false,"(36,29) (36,49) (48,49)"
SIMULACION_CINCO_DIAS-ALTA-N04,2026-04-02T12:06,2026-04-02T15:41,false,"(18,16) (48,16) (48,31)"
SIMULACION_CINCO_DIAS-ALTA-N04,2026-04-02T12:39,2026-04-02T14:58,false,"(18,9) (48,9) (48,24)"
SIMULACION_CINCO_DIAS-ALTA-N04,2026-04-02T12:54,2026-04-02T15:51,false,"(26,35) (26,50)"
SIMULACION_CINCO_DIAS-ALTA-N04,2026-04-02T13:46,2026-04-02T17:29,false,"(56,32) (56,17)"
SIMULACION_CINCO_DIAS-ALTA-N04,2026-04-02T14:02,2026-04-02T15:30,false,"(50,15) (65,15) (65,23)"
SIMULACION_CINCO_DIAS-ALTA-N04,2026-04-02T15:14,2026-04-02T18:26,false,"(3,30) (15,30)"
SIMULACION_CINCO_DIAS-ALTA-N04,2026-04-02T16:28,2026-04-02T17:44,false,"(13,30) (13,35) (18,35) (18,40) (28,40) (28,45)"
SIMULACION_CINCO_DIAS-ALTA-N04,2026-04-02T16:47,2026-04-02T18:35,false,"(58,15) (58,30)"
SIMULACION_CINCO_DIAS-ALTA-N04,2026-04-02T18:30,2026-04-02T21:28,false,"(52,33) (52,38) (57,38) (57,43) (67,43) (67,48)"
SIMULACION_CINCO_DIAS-ALTA-N04,2026-04-02T19:08,2026-04-02T21:32,false,"(2,6) (2,26) (14,26)"
SIMULACION_CINCO_DIAS-ALTA-N04,2026-04-02T19:25,2026-04-02T22:56,false,"(34,2) (39,2) (39,7) (44,7)"
SIMULACION_CINCO_DIAS-ALTA-N04,2026-04-02T20:36,2026-04-02T22:04,false,"(4,15) (19,15) (19,23)"
SIMULACION_CINCO_DIAS-ALTA-N04,2026-04-02T21:13,2026-04-03T00:03,false,"(49,3) (64,3) (64,11)"
SIMULACION_CINCO_DIAS-ALTA-N04,2026-04-02T21:37,2026-04-03T00:56,false,"(42,22) (57,22) (57,30)"
SIMULACION_CINCO_DIAS-ALTA-N04,2026-04-02T23:08,2026-04-03T02:24,false,"(26,27) (34,27)"
SIMULACION_CINCO_DIAS-ALTA-N04,2026-04-03T00:29,2026-04-03T00:48,false,"(25,4) (55,4) (55,19)"
SIMULACION_CINCO_DIAS-ALTA-N04,2026-04-03T01:39,2026-04-03T01:59,false,"(63,9) (63,24)"
SIMULACION_CINCO_DIAS-ALTA-N04,2026-04-03T03:26,2026-04-03T04:29,false,"(44,21) (51,21) (51,26) (66,26) (66,30)"
SIMULACION_CINCO_DIAS-ALTA-N04,2026-04-03T03:49,2026-04-03T05:44,false,"(28,40) (28,25)"
SIMULACION_CINCO_DIAS-ALTA-N04,2026-04-03T03:56,2026-04-03T07:16,false,"(22,34) (30,34)"
SIMULACION_CINCO_DIAS-ALTA-N04,2026-04-03T05:17,2026-04-03T06:06,false,"(31,34) (31,19)"
SIMULACION_CINCO_DIAS-ALTA-N04,2026-04-03T06:58,2026-04-03T09:59,false,"(31,32) (36,32) (36,47)"
SIMULACION_CINCO_DIAS-ALTA-N04,2026-04-03T07:04,2026-04-03T07:30,false,"(61,45) (69,45)"
SIMULACION_CINCO_DIAS-ALTA-N04,2026-04-03T07:51,2026-04-03T08:44,false,"(34,32) (54,32) (54,27)"
SIMULACION_CINCO_DIAS-ALTA-N04,2026-04-03T08:11,2026-04-03T12:04,false,"(34,12) (42,12)"
SIMULACION_CINCO_DIAS-ALTA-N04,2026-04-03T08:12,2026-04-03T10:32,false,"(50,35) (70,35) (70,30)"
SIMULACION_CINCO_DIAS-ALTA-N04,2026-04-03T10:00,2026-04-03T13:58,false,"(43,14) (58,14) (58,22)"
SIMULACION_CINCO_DIAS-ALTA-N04,2026-04-03T11:43,2026-04-03T13:59,false,"(59,26) (59,11)"
SIMULACION_CINCO_DIAS-ALTA-N04,2026-04-03T11:58,2026-04-03T12:18,false,"(0,24) (0,29) (5,29) (5,34) (15,34) (15,39)"
SIMULACION_CINCO_DIAS-ALTA-N04,2026-04-03T14:02,2026-04-03T15:30,false,"(14,13) (29,13) (29,21)"
SIMULACION_CINCO_DIAS-ALTA-N04,2026-04-03T14:35,2026-04-03T15:47,false,"(16,10) (36,10) (36,5)"
SIMULACION_CINCO_DIAS-ALTA-N04,2026-04-03T14:38,2026-04-03T18:02,false,"(25,17) (40,17) (40,25)"
SIMULACION_CINCO_DIAS-ALTA-N04,2026-04-03T15:04,2026-04-03T18:43,false,"(12,38) (27,38) (27,46)"
SIMULACION_CINCO_DIAS-ALTA-N04,2026-04-03T16:20,2026-04-03T18:07,false,"(54,22) (54,37)"
SIMULACION_CINCO_DIAS-ALTA-N04,2026-04-03T16:25,2026-04-03T17:17,false,"(12,26) (27,26) (27,34)"
SIMULACION_CINCO_DIAS-ALTA-N04,2026-04-03T16:42,2026-04-03T19:20,false,"(17,12) (17,27)"
SIMULACION_CINCO_DIAS-ALTA-N04,2026-04-03T17:41,2026-04-03T21:14,false,"(18,4) (48,4) (48,19)"
SIMULACION_CINCO_DIAS-ALTA-N04,2026-04-03T18:31,2026-04-03T19:45,false,"(48,25) (68,25) (68,20)"
SIMULACION_CINCO_DIAS-ALTA-N04,2026-04-03T19:01,2026-04-03T22:34,false,"(38,4) (43,4) (43,19)"
SIMULACION_CINCO_DIAS-ALTA-N04,2026-04-03T21:59,2026-04-03T23:22,false,"(50,22) (50,42) (62,42)"
SIMULACION_CINCO_DIAS-ALTA-N04,2026-04-03T22:12,2026-04-03T23:13,false,"(35,13) (35,33) (47,33)"
SIMULACION_CINCO_DIAS-ALTA-N04,2026-04-04T00:54,2026-04-04T03:01,false,"(4,23) (19,23) (19,31)"
SIMULACION_CINCO_DIAS-ALTA-N04,2026-04-04T01:12,2026-04-04T02:00,false,"(25,25) (55,25) (55,40)"
SIMULACION_CINCO_DIAS-ALTA-N04,2026-04-04T01:56,2026-04-04T03:16,false,"(16,25) (23,25) (23,30) (38,30) (38,34)"
SIMULACION_CINCO_DIAS-ALTA-N04,2026-04-04T01:59,2026-04-04T05:03,false,"(51,10) (51,15) (56,15) (56,20) (66,20) (66,25)"
SIMULACION_CINCO_DIAS-ALTA-N04,2026-04-04T02:27,2026-04-04T06:03,false,"(53,33) (53,48)"
SIMULACION_CINCO_DIAS-ALTA-N04,2026-04-04T03:39,2026-04-04T05:12,false,"(50,18) (55,18) (55,33)"
SIMULACION_CINCO_DIAS-ALTA-N04,2026-04-04T05:21,2026-04-04T08:42,false,"(5,20) (10,20) (10,35)"
SIMULACION_CINCO_DIAS-ALTA-N04,2026-04-04T05:41,2026-04-04T09:11,false,"(15,26) (15,46) (27,46)"
SIMULACION_CINCO_DIAS-ALTA-N04,2026-04-04T09:14,2026-04-04T10:21,false,"(15,15) (45,15) (45,30)"
SIMULACION_CINCO_DIAS-ALTA-N04,2026-04-04T09:21,2026-04-04T12:05,false,"(11,16) (19,16)"
SIMULACION_CINCO_DIAS-ALTA-N04,2026-04-04T09:25,2026-04-04T10:20,false,"(52,17) (57,17) (57,22) (62,22)"
SIMULACION_CINCO_DIAS-ALTA-N04,2026-04-04T10:16,2026-04-04T12:39,false,"(21,17) (28,17) (28,22) (43,22) (43,26)"
SIMULACION_CINCO_DIAS-ALTA-N04,2026-04-04T10:24,2026-04-04T12:44,false,"(44,3) (56,3)"
SIMULACION_CINCO_DIAS-ALTA-N04,2026-04-04T10:36,2026-04-04T13:36,false,"(55,9) (55,29) (67,29)"
SIMULACION_CINCO_DIAS-ALTA-N04,2026-04-04T10:37,2026-04-04T13:30,false,"(16,40) (28,40)"
SIMULACION_CINCO_DIAS-ALTA-N04,2026-04-04T12:00,2026-04-04T12:27,false,"(26,3) (56,3) (56,18)"
SIMULACION_CINCO_DIAS-ALTA-N04,2026-04-04T12:01,2026-04-04T14:40,false,"(64,34) (69,34) (69,49)"
SIMULACION_CINCO_DIAS-ALTA-N04,2026-04-04T13:01,2026-04-04T13:32,false,"(67,24) (67,39)"
SIMULACION_CINCO_DIAS-ALTA-N04,2026-04-04T13:28,2026-04-04T16:03,false,"(28,2) (28,17)"
SIMULACION_CINCO_DIAS-ALTA-N04,2026-04-04T14:12,2026-04-04T16:13,false,"(34,1) (34,21) (46,21)"
SIMULACION_CINCO_DIAS-ALTA-N04,2026-04-04T14:36,2026-04-04T15:58,false,"(22,17) (34,17)"
SIMULACION_CINCO_DIAS-ALTA-N04,2026-04-04T16:06,2026-04-04T20:02,false,"(8,15) (8,30)"
SIMULACION_CINCO_DIAS-ALTA-N04,2026-04-04T16:25,2026-04-04T18:48,false,"(9,35) (9,20)"
SIMULACION_CINCO_DIAS-ALTA-N04,2026-04-04T17:08,2026-04-04T20:20,false,"(58,11) (58,26)"
SIMULACION_CINCO_DIAS-ALTA-N04,2026-04-04T17:20,2026-04-04T20:27,false,"(4,25) (9,25) (9,40)"
SIMULACION_CINCO_DIAS-ALTA-N04,2026-04-04T17:57,2026-04-04T21:50,false,"(39,8) (39,28) (51,28)"
SIMULACION_CINCO_DIAS-ALTA-N04,2026-04-04T18:30,2026-04-04T20:41,false,"(56,27) (56,42)"
SIMULACION_CINCO_DIAS-ALTA-N04,2026-04-04T19:40,2026-04-04T22:59,false,"(16,27) (16,12)"
SIMULACION_CINCO_DIAS-ALTA-N04,2026-04-04T20:52,2026-04-05T00:44,false,"(2,36) (2,21)"
SIMULACION_CINCO_DIAS-ALTA-N04,2026-04-04T22:36,2026-04-05T01:52,false,"(42,4) (42,19)"
SIMULACION_CINCO_DIAS-ALTA-N04,2026-04-04T22:37,2026-04-05T00:18,false,"(48,8) (53,8) (53,23)"
SIMULACION_CINCO_DIAS-ALTA-N04,2026-04-05T00:27,2026-04-05T04:20,false,"(61,0) (61,15)"
SIMULACION_CINCO_DIAS-ALTA-N04,2026-04-05T00:59,2026-04-05T04:30,false,"(30,47) (50,47) (50,42)"
SIMULACION_CINCO_DIAS-ALTA-N04,2026-04-05T02:27,2026-04-05T06:03,false,"(64,12) (64,27)"
SIMULACION_CINCO_DIAS-ALTA-N04,2026-04-05T03:12,2026-04-05T05:47,false,"(51,19) (51,39) (63,39)"
SIMULACION_CINCO_DIAS-ALTA-N04,2026-04-05T04:22,2026-04-05T07:00,false,"(39,20) (47,20)"
SIMULACION_CINCO_DIAS-ALTA-N04,2026-04-05T08:29,2026-04-05T09:50,false,"(28,23) (28,43) (40,43)"
SIMULACION_CINCO_DIAS-ALTA-N04,2026-04-05T12:48,2026-04-05T14:31,false,"(17,11) (47,11) (47,26)"
SIMULACION_CINCO_DIAS-ALTA-N04,2026-04-05T14:12,2026-04-05T14:28,false,"(46,19) (46,4)"
SIMULACION_CINCO_DIAS-ALTA-N04,2026-04-05T14:44,2026-04-05T18:09,false,"(43,27) (43,42)"
SIMULACION_CINCO_DIAS-ALTA-N04,2026-04-05T15:54,2026-04-05T18:47,false,"(4,1) (9,1) (9,6) (14,6)"
SIMULACION_CINCO_DIAS-ALTA-N04,2026-04-05T16:20,2026-04-05T18:07,false,"(37,35) (37,50)"
SIMULACION_CINCO_DIAS-ALTA-N04,2026-04-05T18:53,2026-04-05T20:59,false,"(33,21) (40,21) (40,26) (55,26) (55,30)"
SIMULACION_CINCO_DIAS-ALTA-N04,2026-04-05T19:22,2026-04-05T21:09,false,"(16,23) (16,38)"
SIMULACION_CINCO_DIAS-ALTA-N04,2026-04-05T19:42,2026-04-05T20:59,false,"(11,19) (11,4)"
SIMULACION_CINCO_DIAS-ALTA-N04,2026-04-05T20:02,2026-04-05T22:17,false,"(5,46) (5,31)"
SIMULACION_CINCO_DIAS-ALTA-N04,2026-04-05T20:14,2026-04-05T22:50,false,"(44,26) (64,26) (64,21)"
SIMULACION_CINCO_DIAS-ALTA-N04,2026-04-05T20:22,2026-04-05T23:15,false,"(51,25) (51,30) (56,30) (56,35) (66,35) (66,40)"
SIMULACION_CINCO_DIAS-ALTA-N04,2026-04-05T20:38,2026-04-05T22:58,false,"(61,4) (69,4)"
SIMULACION_CINCO_DIAS-ALTA-N04,2026-04-05T21:12,2026-04-05T23:26,false,"(59,39) (64,39) (64,44) (69,44)"
SIMULACION_CINCO_DIAS-ALTA-N04,2026-04-05T21:15,2026-04-05T22:34,false,"(35,34) (35,49)"
SIMULACION_CINCO_DIAS-ALTA-N04,2026-04-05T22:38,2026-04-06T00:27,false,"(31,32) (36,32) (36,37) (41,37)"
SIMULACION_CINCO_DIAS-ALTA-N05,2026-04-01T00:22,2026-04-01T02:30,false,"(46,3) (61,3) (61,11)"
SIMULACION_CINCO_DIAS-ALTA-N05,2026-04-01T02:52,2026-04-01T04:54,false,"(30,6) (35,6) (35,21)"
SIMULACION_CINCO_DIAS-ALTA-N05,2026-04-01T05:21,2026-04-01T06:42,false,"(30,22) (35,22) (35,37)"
SIMULACION_CINCO_DIAS-ALTA-N05,2026-04-01T06:23,2026-04-01T09:18,false,"(12,11) (19,11) (19,16) (34,16) (34,20)"
SIMULACION_CINCO_DIAS-ALTA-N05,2026-04-01T06:42,2026-04-01T07:30,false,"(27,17) (42,17) (42,25)"
SIMULACION_CINCO_DIAS-ALTA-N05,2026-04-01T08:41,2026-04-01T12:41,false,"(32,8) (32,28) (44,28)"
SIMULACION_CINCO_DIAS-ALTA-N05,2026-04-01T09:06,2026-04-01T09:46,false,"(13,35) (28,35) (28,43)"
SIMULACION_CINCO_DIAS-ALTA-N05,2026-04-01T09:27,2026-04-01T13:23,false,"(45,8) (45,23)"
SIMULACION_CINCO_DIAS-ALTA-N05,2026-04-01T09:53,2026-04-01T12:04,false,"(29,25) (59,25) (59,40)"
SIMULACION_CINCO_DIAS-ALTA-N05,2026-04-01T10:36,2026-04-01T13:01,false,"(19,19) (19,26) (24,26) (24,38) (32,38)"
SIMULACION_CINCO_DIAS-ALTA-N05,2026-04-01T11:01,2026-04-01T11:57,false,"(16,46) (28,46)"
SIMULACION_CINCO_DIAS-ALTA-N05,2026-04-01T11:43,2026-04-01T13:07,false,"(54,29) (69,29) (69,37)"
SIMULACION_CINCO_DIAS-ALTA-N05,2026-04-01T12:11,2026-04-01T15:15,false,"(22,31) (22,36) (27,36) (27,41) (37,41) (37,46)"
SIMULACION_CINCO_DIAS-ALTA-N05,2026-04-01T13:18,2026-04-01T15:55,false,"(36,15) (36,30)"
SIMULACION_CINCO_DIAS-ALTA-N05,2026-04-01T14:01,2026-04-01T15:59,false,"(27,7) (27,22)"
SIMULACION_CINCO_DIAS-ALTA-N05,2026-04-01T15:06,2026-04-01T18:58,false,"(51,16) (63,16)"
SIMULACION_CINCO_DIAS-ALTA-N05,2026-04-01T16:37,2026-04-01T18:36,false,"(8,5) (8,20)"
SIMULACION_CINCO_DIAS-ALTA-N05,2026-04-01T16:48,2026-04-01T19:58,false,"(25,2) (32,2) (32,7) (47,7) (47,11)"
SIMULACION_CINCO_DIAS-ALTA-N05,2026-04-01T19:07,2026-04-01T21:53,false,"(38,35) (46,35)"
SIMULACION_CINCO_DIAS-ALTA-N05,2026-04-01T21:28,2026-04-01T22:20,false,"(4,22) (9,22) (9,27) (14,27)"
SIMULACION_CINCO_DIAS-ALTA-N05,2026-04-01T21:59,2026-04-01T22:40,false,"(43,41) (51,41)"
SIMULACION_CINCO_DIAS-ALTA-N05,2026-04-01T23:26,2026-04-02T02:30,false,"(25,18) (37,18)"
SIMULACION_CINCO_DIAS-ALTA-N05,2026-04-01T23:52,2026-04-02T02:03,false,"(11,29) (26,29) (26,37)"
SIMULACION_CINCO_DIAS-ALTA-N05,2026-04-02T00:20,2026-04-02T03:29,false,"(33,38) (40,38) (40,43) (55,43) (55,47)"
SIMULACION_CINCO_DIAS-ALTA-N05,2026-04-02T00:55,2026-04-02T01:10,false,"(40,12) (48,12)"
SIMULACION_CINCO_DIAS-ALTA-N05,2026-04-02T02:42,2026-04-02T06:15,false,"(0,14) (5,14) (5,19) (10,19)"
SIMULACION_CINCO_DIAS-ALTA-N05,2026-04-02T05:43,2026-04-02T07:48,false,"(42,27) (42,32) (47,32) (47,37) (57,37) (57,42)"
SIMULACION_CINCO_DIAS-ALTA-N05,2026-04-02T08:12,2026-04-02T10:32,false,"(16,7) (36,7) (36,2)"
SIMULACION_CINCO_DIAS-ALTA-N05,2026-04-02T10:38,2026-04-02T12:43,false,"(54,22) (54,37)"
SIMULACION_CINCO_DIAS-ALTA-N05,2026-04-02T11:33,2026-04-02T12:55,false,"(33,22) (33,29) (38,29) (38,41) (46,41)"
SIMULACION_CINCO_DIAS-ALTA-N05,2026-04-02T12:02,2026-04-02T14:17,false,"(18,9) (18,14) (23,14) (23,19) (33,19) (33,24)"
SIMULACION_CINCO_DIAS-ALTA-N05,2026-04-02T14:35,2026-04-02T15:34,false,"(38,9) (50,9)"
SIMULACION_CINCO_DIAS-ALTA-N05,2026-04-02T14:42,2026-04-02T15:04,false,"(60,27) (60,12)"
SIMULACION_CINCO_DIAS-ALTA-N05,2026-04-02T14:42,2026-04-02T15:23,false,"(17,17) (47,17) (47,32)"
SIMULACION_CINCO_DIAS-ALTA-N05,2026-04-02T17:17,2026-04-02T17:53,false,"(48,9) (48,16) (53,16) (53,28) (61,28)"
SIMULACION_CINCO_DIAS-ALTA-N05,2026-04-02T18:03,2026-04-02T19:00,false,"(16,21) (31,21) (31,29)"
SIMULACION_CINCO_DIAS-ALTA-N05,2026-04-02T19:00,2026-04-02T21:07,false,"(49,2) (54,2) (54,17)"
SIMULACION_CINCO_DIAS-ALTA-N05,2026-04-02T19:09,2026-04-02T22:02,false,"(16,9) (36,9) (36,4)"
SIMULACION_CINCO_DIAS-ALTA-N05,2026-04-02T19:18,2026-04-02T20:19,false,"(1,26) (21,26) (21,21)"
SIMULACION_CINCO_DIAS-ALTA-N05,2026-04-02T19:22,2026-04-02T23:09,false,"(31,31) (31,38) (36,38) (36,50) (44,50)"
SIMULACION_CINCO_DIAS-ALTA-N05,2026-04-02T19:33,2026-04-02T22:43,false,"(47,12) (47,19) (52,19) (52,31) (60,31)"
SIMULACION_CINCO_DIAS-ALTA-N05,2026-04-02T20:14,2026-04-02T22:50,false,"(19,37) (39,37) (39,32)"
SIMULACION_CINCO_DIAS-ALTA-N05,2026-04-02T23:44,2026-04-03T01:36,false,"(24,10) (24,25)"
SIMULACION_CINCO_DIAS-ALTA-N05,2026-04-03T00:03,2026-04-03T03:45,false,"(34,35) (34,50)"
SIMULACION_CINCO_DIAS-ALTA-N05,2026-04-03T01:44,2026-04-03T03:37,false,"(45,34) (45,39) (50,39) (50,44) (60,44) (60,49)"
SIMULACION_CINCO_DIAS-ALTA-N05,2026-04-03T02:26,2026-04-03T05:51,false,"(19,32) (19,37) (24,37) (24,42) (34,42) (34,47)"
SIMULACION_CINCO_DIAS-ALTA-N05,2026-04-03T02:57,2026-04-03T05:22,false,"(6,2) (36,2) (36,17)"
SIMULACION_CINCO_DIAS-ALTA-N05,2026-04-03T03:51,2026-04-03T04:10,false,"(8,14) (8,19) (13,19) (13,24) (23,24) (23,29)"
SIMULACION_CINCO_DIAS-ALTA-N05,2026-04-03T06:06,2026-04-03T08:51,false,"(55,1) (55,16)"
SIMULACION_CINCO_DIAS-ALTA-N05,2026-04-03T07:10,2026-04-03T10:01,false,"(2,29) (2,44)"
SIMULACION_CINCO_DIAS-ALTA-N05,2026-04-03T08:20,2026-04-03T11:00,false,"(14,13) (44,13) (44,28)"
SIMULACION_CINCO_DIAS-ALTA-N05,2026-04-03T14:49,2026-04-03T17:49,false,"(9,33) (9,48)"
SIMULACION_CINCO_DIAS-ALTA-N05,2026-04-03T16:31,2026-04-03T19:09,false,"(41,12) (41,27)"
SIMULACION_CINCO_DIAS-ALTA-N05,2026-04-03T21:22,2026-04-04T00:11,false,"(9,8) (9,13) (14,13) (14,18) (24,18) (24,23)"
SIMULACION_CINCO_DIAS-ALTA-N05,2026-04-03T21:58,2026-04-04T00:29,false,"(46,12) (51,12) (51,27)"
SIMULACION_CINCO_DIAS-ALTA-N05,2026-04-03T22:16,2026-04-04T01:29,false,"(25,21) (33,21)"
SIMULACION_CINCO_DIAS-ALTA-N05,2026-04-04T00:51,2026-04-04T01:37,false,"(24,31) (29,31) (29,36) (34,36)"
SIMULACION_CINCO_DIAS-ALTA-N05,2026-04-04T01:18,2026-04-04T03:27,false,"(19,1) (31,1)"
SIMULACION_CINCO_DIAS-ALTA-N05,2026-04-04T01:28,2026-04-04T04:15,false,"(47,19) (47,26) (52,26) (52,38) (60,38)"
SIMULACION_CINCO_DIAS-ALTA-N05,2026-04-04T01:32,2026-04-04T04:57,false,"(43,18) (48,18) (48,33)"
SIMULACION_CINCO_DIAS-ALTA-N05,2026-04-04T01:45,2026-04-04T04:53,false,"(37,31) (57,31) (57,26)"
SIMULACION_CINCO_DIAS-ALTA-N05,2026-04-04T02:06,2026-04-04T06:02,false,"(29,0) (29,15)"
SIMULACION_CINCO_DIAS-ALTA-N05,2026-04-04T03:56,2026-04-04T07:16,false,"(39,25) (47,25)"
SIMULACION_CINCO_DIAS-ALTA-N05,2026-04-04T04:26,2026-04-04T05:38,false,"(9,33) (9,48)"
SIMULACION_CINCO_DIAS-ALTA-N05,2026-04-04T04:26,2026-04-04T07:35,false,"(16,4) (24,4)"
SIMULACION_CINCO_DIAS-ALTA-N05,2026-04-04T04:59,2026-04-04T07:33,false,"(54,19) (54,24) (59,24) (59,29) (69,29) (69,34)"
SIMULACION_CINCO_DIAS-ALTA-N05,2026-04-04T06:22,2026-04-04T08:00,false,"(23,33) (38,33) (38,41)"
SIMULACION_CINCO_DIAS-ALTA-N05,2026-04-04T07:36,2026-04-04T09:44,false,"(0,20) (0,25) (5,25) (5,30) (15,30) (15,35)"
SIMULACION_CINCO_DIAS-ALTA-N05,2026-04-04T07:38,2026-04-04T10:11,false,"(28,17) (35,17) (35,22) (50,22) (50,26)"
SIMULACION_CINCO_DIAS-ALTA-N05,2026-04-04T08:26,2026-04-04T11:48,false,"(26,26) (26,41)"
SIMULACION_CINCO_DIAS-ALTA-N05,2026-04-04T10:10,2026-04-04T12:46,false,"(23,9) (28,9) (28,14) (33,14)"
SIMULACION_CINCO_DIAS-ALTA-N05,2026-04-04T11:36,2026-04-04T14:57,false,"(67,33) (67,48)"
SIMULACION_CINCO_DIAS-ALTA-N05,2026-04-04T11:43,2026-04-04T13:59,false,"(16,21) (16,6)"
SIMULACION_CINCO_DIAS-ALTA-N05,2026-04-04T14:11,2026-04-04T15:15,false,"(27,3) (42,3) (42,11)"
SIMULACION_CINCO_DIAS-ALTA-N05,2026-04-04T14:56,2026-04-04T16:16,false,"(13,22) (18,22) (18,27) (23,27)"
SIMULACION_CINCO_DIAS-ALTA-N05,2026-04-04T15:51,2026-04-04T16:36,false,"(19,32) (31,32)"
SIMULACION_CINCO_DIAS-ALTA-N05,2026-04-04T17:17,2026-04-04T17:53,false,"(11,20) (11,27) (16,27) (16,39) (24,39)"
SIMULACION_CINCO_DIAS-ALTA-N05,2026-04-04T18:03,2026-04-04T19:00,false,"(36,17) (51,17) (51,25)"
SIMULACION_CINCO_DIAS-ALTA-N05,2026-04-04T18:09,2026-04-04T18:57,false,"(14,30) (14,37) (19,37) (19,49) (27,49)"
SIMULACION_CINCO_DIAS-ALTA-N05,2026-04-04T21:09,2026-04-04T23:14,false,"(2,43) (2,28)"
SIMULACION_CINCO_DIAS-ALTA-N05,2026-04-04T21:14,2026-04-04T22:57,false,"(2,36) (17,36) (17,44)"
SIMULACION_CINCO_DIAS-ALTA-N05,2026-04-04T22:29,2026-04-05T01:30,false,"(41,20) (41,5)"
SIMULACION_CINCO_DIAS-ALTA-N05,2026-04-05T00:22,2026-04-05T02:30,false,"(40,10) (55,10) (55,18)"
SIMULACION_CINCO_DIAS-ALTA-N05,2026-04-05T00:25,2026-04-05T03:41,false,"(24,22) (31,22) (31,27) (46,27) (46,31)"
SIMULACION_CINCO_DIAS-ALTA-N05,2026-04-05T02:29,2026-04-05T05:26,false,"(47,41) (54,41) (54,46) (69,46) (69,50)"
SIMULACION_CINCO_DIAS-ALTA-N05,2026-04-05T02:44,2026-04-05T06:40,false,"(29,29) (29,34) (34,34) (34,39) (44,39) (44,44)"
SIMULACION_CINCO_DIAS-ALTA-N05,2026-04-05T04:30,2026-04-05T06:41,false,"(14,31) (14,46)"
SIMULACION_CINCO_DIAS-ALTA-N05,2026-04-05T05:21,2026-04-05T07:35,false,"(22,4) (34,4)"
SIMULACION_CINCO_DIAS-ALTA-N05,2026-04-05T06:37,2026-04-05T08:53,false,"(41,0) (46,0) (46,5) (51,5)"
SIMULACION_CINCO_DIAS-ALTA-N05,2026-04-05T06:59,2026-04-05T08:10,false,"(19,5) (19,10) (24,10) (24,15) (34,15) (34,20)"
SIMULACION_CINCO_DIAS-ALTA-N05,2026-04-05T07:11,2026-04-05T10:32,false,"(29,31) (34,31) (34,46)"
SIMULACION_CINCO_DIAS-ALTA-N05,2026-04-05T07:30,2026-04-05T11:07,false,"(47,10) (67,10) (67,5)"
SIMULACION_CINCO_DIAS-ALTA-N05,2026-04-05T07:31,2026-04-05T10:48,false,"(35,17) (65,17) (65,32)"
SIMULACION_CINCO_DIAS-ALTA-N05,2026-04-05T08:17,2026-04-05T10:22,false,"(22,7) (22,27) (34,27)"
SIMULACION_CINCO_DIAS-ALTA-N05,2026-04-05T08:19,2026-04-05T09:34,false,"(35,0) (35,7) (40,7) (40,19) (48,19)"
SIMULACION_CINCO_DIAS-ALTA-N05,2026-04-05T08:45,2026-04-05T12:26,false,"(30,16) (30,36) (42,36)"
SIMULACION_CINCO_DIAS-ALTA-N05,2026-04-05T09:01,2026-04-05T10:23,false,"(11,29) (41,29) (41,44)"
SIMULACION_CINCO_DIAS-ALTA-N05,2026-04-05T09:16,2026-04-05T09:54,false,"(47,12) (54,12) (54,17) (69,17) (69,21)"
SIMULACION_CINCO_DIAS-ALTA-N05,2026-04-05T09:45,2026-04-05T12:10,false,"(22,24) (27,24) (27,39)"
SIMULACION_CINCO_DIAS-ALTA-N05,2026-04-05T09:50,2026-04-05T12:29,false,"(51,24) (51,31) (56,31) (56,43) (64,43)"
SIMULACION_CINCO_DIAS-ALTA-N05,2026-04-05T10:01,2026-04-05T12:09,false,"(19,22) (19,42) (31,42)"
SIMULACION_CINCO_DIAS-ALTA-N05,2026-04-05T10:46,2026-04-05T12:34,false,"(46,28) (58,28)"
SIMULACION_CINCO_DIAS-ALTA-N05,2026-04-05T11:32,2026-04-05T14:32,false,"(25,3) (25,18)"
SIMULACION_CINCO_DIAS-ALTA-N05,2026-04-05T15:10,2026-04-05T16:40,false,"(43,5) (48,5) (48,20)"
SIMULACION_CINCO_DIAS-ALTA-N05,2026-04-05T15:17,2026-04-05T15:39,false,"(39,29) (51,29)"
SIMULACION_CINCO_DIAS-ALTA-N05,2026-04-05T15:20,2026-04-05T16:19,false,"(19,15) (19,30)"
SIMULACION_CINCO_DIAS-ALTA-N05,2026-04-05T15:51,2026-04-05T16:36,false,"(19,25) (31,25)"
SIMULACION_CINCO_DIAS-ALTA-N05,2026-04-05T16:21,2026-04-05T18:33,false,"(38,17) (38,32)"
SIMULACION_CINCO_DIAS-ALTA-N05,2026-04-05T19:06,2026-04-05T19:21,false,"(18,23) (18,28) (23,28) (23,33) (33,33) (33,38)"
SIMULACION_CINCO_DIAS-ALTA-N05,2026-04-05T19:32,2026-04-05T23:20,false,"(5,25) (12,25) (12,30) (27,30) (27,34)"
SIMULACION_CINCO_DIAS-ALTA-N05,2026-04-05T19:40,2026-04-05T21:16,false,"(26,39) (26,24)"
SIMULACION_CINCO_DIAS-ALTA-N05,2026-04-05T20:36,2026-04-05T23:03,false,"(35,42) (35,27)"
SIMULACION_CINCO_DIAS-ALTA-N05,2026-04-05T21:39,2026-04-05T21:56,false,"(5,29) (35,29) (35,44)"
SIMULACION_CINCO_DIAS-ALTA-N05,2026-04-05T22:51,2026-04-05T23:39,false,"(6,7) (6,27) (18,27)"
SIMULACION_CINCO_DIAS-CRITICA-N01,2026-04-01T00:30,2026-04-01T02:11,false,"(48,9) (53,9) (53,14) (58,14)"
SIMULACION_CINCO_DIAS-CRITICA-N01,2026-04-01T00:51,2026-04-01T01:37,false,"(42,13) (47,13) (47,18) (52,18)"
SIMULACION_CINCO_DIAS-CRITICA-N01,2026-04-01T00:52,2026-04-01T01:36,false,"(28,25) (28,40)"
SIMULACION_CINCO_DIAS-CRITICA-N01,2026-04-01T02:22,2026-04-01T04:42,false,"(39,13) (59,13) (59,8)"
SIMULACION_CINCO_DIAS-CRITICA-N01,2026-04-01T02:27,2026-04-01T05:26,false,"(38,24) (46,24)"
SIMULACION_CINCO_DIAS-CRITICA-N01,2026-04-01T02:29,2026-04-01T05:26,false,"(24,18) (31,18) (31,23) (46,23) (46,27)"
SIMULACION_CINCO_DIAS-CRITICA-N01,2026-04-01T02:56,2026-04-01T05:06,false,"(3,32) (11,32)"
SIMULACION_CINCO_DIAS-CRITICA-N01,2026-04-01T04:12,2026-04-01T04:48,false,"(47,5) (55,5)"
SIMULACION_CINCO_DIAS-CRITICA-N01,2026-04-01T06:40,2026-04-01T08:00,false,"(67,34) (67,49)"
SIMULACION_CINCO_DIAS-CRITICA-N01,2026-04-01T08:07,2026-04-01T11:19,false,"(29,16) (34,16) (34,31)"
SIMULACION_CINCO_DIAS-CRITICA-N01,2026-04-01T08:39,2026-04-01T08:55,false,"(7,22) (7,37)"
SIMULACION_CINCO_DIAS-CRITICA-N01,2026-04-01T09:15,2026-04-01T12:33,false,"(43,3) (43,23) (55,23)"
SIMULACION_CINCO_DIAS-CRITICA-N01,2026-04-01T10:03,2026-04-01T10:26,false,"(44,2) (59,2) (59,10)"
SIMULACION_CINCO_DIAS-CRITICA-N01,2026-04-01T10:18,2026-04-01T11:35,false,"(29,40) (41,40)"
SIMULACION_CINCO_DIAS-CRITICA-N01,2026-04-01T10:20,2026-04-01T13:03,false,"(48,31) (60,31)"
SIMULACION_CINCO_DIAS-CRITICA-N01,2026-04-01T10:26,2026-04-01T13:25,false,"(45,49) (65,49) (65,44)"
SIMULACION_CINCO_DIAS-CRITICA-N01,2026-04-01T10:56,2026-04-01T12:54,false,"(46,23) (53,23) (53,28) (68,28) (68,32)"
SIMULACION_CINCO_DIAS-CRITICA-N01,2026-04-01T11:40,2026-04-01T13:17,false,"(24,3) (24,18)"
SIMULACION_CINCO_DIAS-CRITICA-N01,2026-04-01T13:18,2026-04-01T15:55,false,"(62,13) (62,28)"
SIMULACION_CINCO_DIAS-CRITICA-N01,2026-04-01T14:00,2026-04-01T14:42,false,"(41,33) (41,48)"
SIMULACION_CINCO_DIAS-CRITICA-N01,2026-04-01T14:35,2026-04-01T15:34,false,"(46,49) (58,49)"
SIMULACION_CINCO_DIAS-CRITICA-N01,2026-04-01T14:36,2026-04-01T15:58,false,"(42,22) (54,22)"
SIMULACION_CINCO_DIAS-CRITICA-N01,2026-04-01T16:42,2026-04-01T19:53,false,"(40,20) (70,20) (70,35)"
SIMULACION_CINCO_DIAS-CRITICA-N01,2026-04-01T17:06,2026-04-01T18:32,false,"(47,12) (62,12) (62,20)"
SIMULACION_CINCO_DIAS-CRITICA-N01,2026-04-01T17:18,2026-04-01T18:18,false,"(21,34) (26,34) (26,39) (31,39)"
SIMULACION_CINCO_DIAS-CRITICA-N01,2026-04-01T17:18,2026-04-01T18:34,false,"(53,17) (58,17) (58,32)"
SIMULACION_CINCO_DIAS-CRITICA-N01,2026-04-01T17:27,2026-04-01T18:26,false,"(30,8) (50,8) (50,3)"
SIMULACION_CINCO_DIAS-CRITICA-N01,2026-04-01T18:43,2026-04-01T20:12,false,"(42,7) (42,27) (54,27)"
SIMULACION_CINCO_DIAS-CRITICA-N01,2026-04-01T19:55,2026-04-01T23:49,false,"(17,32) (25,32)"
SIMULACION_CINCO_DIAS-CRITICA-N01,2026-04-01T20:03,2026-04-01T22:21,false,"(33,22) (33,29) (38,29) (38,41) (46,41)"
SIMULACION_CINCO_DIAS-CRITICA-N01,2026-04-01T21:46,2026-04-02T00:13,false,"(49,25) (54,25) (54,40)"
SIMULACION_CINCO_DIAS-CRITICA-N01,2026-04-01T21:55,2026-04-01T22:27,false,"(24,18) (29,18) (29,23) (34,23)"
SIMULACION_CINCO_DIAS-CRITICA-N01,2026-04-01T22:09,2026-04-01T23:50,false,"(28,40) (35,40) (35,45) (50,45) (50,49)"
SIMULACION_CINCO_DIAS-CRITICA-N01,2026-04-01T23:05,2026-04-02T02:29,false,"(28,5) (28,20)"
SIMULACION_CINCO_DIAS-CRITICA-N01,2026-04-01T23:42,2026-04-02T02:34,false,"(24,19) (31,19) (31,24) (46,24) (46,28)"
SIMULACION_CINCO_DIAS-CRITICA-N01,2026-04-02T00:20,2026-04-02T03:29,false,"(45,15) (52,15) (52,20) (67,20) (67,24)"
SIMULACION_CINCO_DIAS-CRITICA-N01,2026-04-02T00:27,2026-04-02T02:53,false,"(2,29) (9,29) (9,34) (24,34) (24,38)"
SIMULACION_CINCO_DIAS-CRITICA-N01,2026-04-02T02:11,2026-04-02T04:16,false,"(63,0) (63,15)"
SIMULACION_CINCO_DIAS-CRITICA-N01,2026-04-02T02:59,2026-04-02T05:46,false,"(15,29) (15,44)"
SIMULACION_CINCO_DIAS-CRITICA-N01,2026-04-02T03:56,2026-04-02T07:53,false,"(24,10) (39,10) (39,18)"
SIMULACION_CINCO_DIAS-CRITICA-N01,2026-04-02T05:05,2026-04-02T05:44,false,"(46,22) (51,22) (51,37)"
SIMULACION_CINCO_DIAS-CRITICA-N01,2026-04-02T05:21,2026-04-02T06:11,false,"(6,8) (21,8) (21,16)"
SIMULACION_CINCO_DIAS-CRITICA-N01,2026-04-02T06:06,2026-04-02T08:17,false,"(32,9) (39,9) (39,14) (54,14) (54,18)"
SIMULACION_CINCO_DIAS-CRITICA-N01,2026-04-02T06:26,2026-04-02T07:29,false,"(46,12) (53,12) (53,17) (68,17) (68,21)"
SIMULACION_CINCO_DIAS-CRITICA-N01,2026-04-02T06:36,2026-04-02T09:36,false,"(56,19) (61,19) (61,34)"
SIMULACION_CINCO_DIAS-CRITICA-N01,2026-04-02T07:14,2026-04-02T09:44,false,"(13,46) (33,46) (33,41)"
SIMULACION_CINCO_DIAS-CRITICA-N01,2026-04-02T08:22,2026-04-02T09:20,false,"(7,34) (12,34) (12,49)"
SIMULACION_CINCO_DIAS-CRITICA-N01,2026-04-02T09:01,2026-04-02T10:23,false,"(26,28) (56,28) (56,43)"
SIMULACION_CINCO_DIAS-CRITICA-N01,2026-04-02T09:01,2026-04-02T11:34,false,"(36,6) (36,21)"
SIMULACION_CINCO_DIAS-CRITICA-N01,2026-04-02T09:14,2026-04-02T10:21,false,"(6,8) (36,8) (36,23)"
SIMULACION_CINCO_DIAS-CRITICA-N01,2026-04-02T09:18,2026-04-02T12:14,false,"(9,8) (9,23)"
SIMULACION_CINCO_DIAS-CRITICA-N01,2026-04-02T10:20,2026-04-02T11:50,false,"(56,36) (56,21)"
SIMULACION_CINCO_DIAS-CRITICA-N01,2026-04-02T12:00,2026-04-02T12:27,false,"(32,33) (62,33) (62,48)"
SIMULACION_CINCO_DIAS-CRITICA-N01,2026-04-02T12:19,2026-04-02T16:16,false,"(35,9) (35,24)"
SIMULACION_CINCO_DIAS-CRITICA-N01,2026-04-02T13:14,2026-04-02T16:20,false,"(14,22) (34,22) (34,17)"
SIMULACION_CINCO_DIAS-CRITICA-N01,2026-04-02T14:06,2026-04-02T16:55,false,"(29,25) (37,25)"
SIMULACION_CINCO_DIAS-CRITICA-N01,2026-04-02T16:21,2026-04-02T19:27,false,"(6,35) (18,35)"
SIMULACION_CINCO_DIAS-CRITICA-N01,2026-04-02T16:25,2026-04-02T17:17,false,"(35,6) (50,6) (50,14)"
SIMULACION_CINCO_DIAS-CRITICA-N01,2026-04-02T17:12,2026-04-02T18:32,false,"(35,28) (35,43)"
SIMULACION_CINCO_DIAS-CRITICA-N01,2026-04-02T17:58,2026-04-02T21:46,false,"(25,34) (30,34) (30,39) (35,39)"
SIMULACION_CINCO_DIAS-CRITICA-N01,2026-04-02T18:26,2026-04-02T21:05,false,"(0,2) (7,2) (7,7) (22,7) (22,11)"
SIMULACION_CINCO_DIAS-CRITICA-N01,2026-04-02T19:01,2026-04-02T20:41,false,"(29,7) (29,27) (41,27)"
SIMULACION_CINCO_DIAS-CRITICA-N01,2026-04-02T19:14,2026-04-02T21:03,false,"(1,50) (13,50)"
SIMULACION_CINCO_DIAS-CRITICA-N01,2026-04-02T19:17,2026-04-02T22:47,false,"(17,35) (17,50)"
SIMULACION_CINCO_DIAS-CRITICA-N01,2026-04-02T20:23,2026-04-02T23:41,false,"(37,28) (49,28)"
SIMULACION_CINCO_DIAS-CRITICA-N01,2026-04-02T20:41,2026-04-02T22:20,false,"(26,23) (26,28) (31,28) (31,33) (41,33) (41,38)"
SIMULACION_CINCO_DIAS-CRITICA-N01,2026-04-02T23:07,2026-04-03T03:05,false,"(22,15) (27,15) (27,30)"
SIMULACION_CINCO_DIAS-CRITICA-N01,2026-04-02T23:42,2026-04-03T02:34,false,"(37,36) (44,36) (44,41) (59,41) (59,45)"
SIMULACION_CINCO_DIAS-CRITICA-N01,2026-04-03T00:59,2026-04-03T04:30,false,"(4,36) (24,36) (24,31)"
SIMULACION_CINCO_DIAS-CRITICA-N01,2026-04-03T01:06,2026-04-03T03:57,false,"(35,12) (35,17) (40,17) (40,22) (50,22) (50,27)"
SIMULACION_CINCO_DIAS-CRITICA-N01,2026-04-03T01:21,2026-04-03T05:05,false,"(48,26) (48,41)"
SIMULACION_CINCO_DIAS-CRITICA-N01,2026-04-03T01:42,2026-04-03T04:07,false,"(33,19) (63,19) (63,34)"
SIMULACION_CINCO_DIAS-CRITICA-N01,2026-04-03T04:02,2026-04-03T05:51,false,"(12,11) (27,11) (27,19)"
SIMULACION_CINCO_DIAS-CRITICA-N01,2026-04-03T04:24,2026-04-03T06:50,false,"(13,18) (13,33)"
SIMULACION_CINCO_DIAS-CRITICA-N01,2026-04-03T07:41,2026-04-03T11:04,false,"(48,7) (68,7) (68,2)"
SIMULACION_CINCO_DIAS-CRITICA-N01,2026-04-03T10:55,2026-04-03T12:57,false,"(56,35) (56,50)"
SIMULACION_CINCO_DIAS-CRITICA-N01,2026-04-03T12:25,2026-04-03T13:52,false,"(38,9) (45,9) (45,14) (60,14) (60,18)"
SIMULACION_CINCO_DIAS-CRITICA-N01,2026-04-03T14:12,2026-04-03T16:17,false,"(29,14) (44,14) (44,22)"
SIMULACION_CINCO_DIAS-CRITICA-N01,2026-04-03T14:35,2026-04-03T17:21,false,"(36,21) (36,36)"
SIMULACION_CINCO_DIAS-CRITICA-N01,2026-04-03T14:41,2026-04-03T15:00,false,"(38,43) (46,43)"
SIMULACION_CINCO_DIAS-CRITICA-N01,2026-04-03T18:26,2026-04-03T19:40,false,"(13,10) (33,10) (33,5)"
SIMULACION_CINCO_DIAS-CRITICA-N01,2026-04-03T18:34,2026-04-03T21:14,false,"(29,4) (37,4)"
SIMULACION_CINCO_DIAS-CRITICA-N01,2026-04-03T18:53,2026-04-03T20:58,false,"(69,26) (69,41)"
SIMULACION_CINCO_DIAS-CRITICA-N01,2026-04-03T19:13,2026-04-03T22:58,false,"(0,13) (20,13) (20,8)"
SIMULACION_CINCO_DIAS-CRITICA-N01,2026-04-03T20:06,2026-04-03T23:24,false,"(51,20) (51,35)"
SIMULACION_CINCO_DIAS-CRITICA-N01,2026-04-03T21:12,2026-04-03T23:26,false,"(54,9) (59,9) (59,14) (64,14)"
SIMULACION_CINCO_DIAS-CRITICA-N01,2026-04-03T23:17,2026-04-04T00:33,false,"(51,15) (63,15)"
SIMULACION_CINCO_DIAS-CRITICA-N01,2026-04-03T23:22,2026-04-04T02:56,false,"(9,40) (24,40) (24,48)"
SIMULACION_CINCO_DIAS-CRITICA-N01,2026-04-04T00:16,2026-04-04T02:05,false,"(55,35) (55,50)"
SIMULACION_CINCO_DIAS-CRITICA-N01,2026-04-04T00:44,2026-04-04T03:25,false,"(1,46) (1,31)"
SIMULACION_CINCO_DIAS-CRITICA-N01,2026-04-04T00:54,2026-04-04T03:01,false,"(20,29) (35,29) (35,37)"
SIMULACION_CINCO_DIAS-CRITICA-N01,2026-04-04T02:21,2026-04-04T04:11,false,"(69,16) (69,31)"
SIMULACION_CINCO_DIAS-CRITICA-N01,2026-04-04T02:43,2026-04-04T05:48,false,"(13,18) (28,18) (28,26)"
SIMULACION_CINCO_DIAS-CRITICA-N01,2026-04-04T04:53,2026-04-04T06:59,false,"(49,6) (54,6) (54,11) (59,11)"
SIMULACION_CINCO_DIAS-CRITICA-N01,2026-04-04T05:18,2026-04-04T05:35,false,"(19,40) (26,40) (26,45) (41,45) (41,49)"
SIMULACION_CINCO_DIAS-CRITICA-N01,2026-04-04T05:21,2026-04-04T08:42,false,"(64,10) (69,10) (69,25)"
SIMULACION_CINCO_DIAS-CRITICA-N01,2026-04-04T05:26,2026-04-04T06:33,false,"(8,31) (20,31)"
SIMULACION_CINCO_DIAS-CRITICA-N01,2026-04-04T05:40,2026-04-04T06:32,false,"(54,32) (59,32) (59,37) (64,37)"
SIMULACION_CINCO_DIAS-CRITICA-N01,2026-04-04T05:58,2026-04-04T07:06,false,"(37,7) (52,7) (52,15)"
SIMULACION_CINCO_DIAS-CRITICA-N01,2026-04-04T06:10,2026-04-04T06:53,false,"(48,31) (55,31) (55,36) (70,36) (70,40)"
SIMULACION_CINCO_DIAS-CRITICA-N01,2026-04-04T06:30,2026-04-04T07:06,false,"(19,21) (19,28) (24,28) (24,40) (32,40)"
SIMULACION_CINCO_DIAS-CRITICA-N01,2026-04-04T08:34,2026-04-04T09:01,false,"(39,28) (39,43)"
SIMULACION_CINCO_DIAS-CRITICA-N01,2026-04-04T08:35,2026-04-04T11:52,false,"(50,14) (62,14)"
SIMULACION_CINCO_DIAS-CRITICA-N01,2026-04-04T11:43,2026-04-04T13:59,false,"(57,47) (57,32)"
SIMULACION_CINCO_DIAS-CRITICA-N01,2026-04-04T12:02,2026-04-04T13:13,false,"(12,20) (24,20)"
SIMULACION_CINCO_DIAS-CRITICA-N01,2026-04-04T15:29,2026-04-04T16:07,false,"(44,42) (64,42) (64,37)"
SIMULACION_CINCO_DIAS-CRITICA-N01,2026-04-04T16:25,2026-04-04T17:17,false,"(50,37) (65,37) (65,45)"
SIMULACION_CINCO_DIAS-CRITICA-N01,2026-04-04T16:34,2026-04-04T20:29,false,"(55,16) (55,21) (60,21) (60,26) (70,26) (70,31)"
SIMULACION_CINCO_DIAS-CRITICA-N01,2026-04-04T17:35,2026-04-04T18:45,false,"(40,24) (40,39)"
SIMULACION_CINCO_DIAS-CRITICA-N01,2026-04-04T18:10,2026-04-04T19:37,false,"(7,7) (27,7) (27,2)"
SIMULACION_CINCO_DIAS-CRITICA-N01,2026-04-04T18:58,2026-04-04T19:40,false,"(6,1) (6,16)"
SIMULACION_CINCO_DIAS-CRITICA-N01,2026-04-04T19:25,2026-04-04T21:35,false,"(49,22) (57,22)"
SIMULACION_CINCO_DIAS-CRITICA-N01,2026-04-04T19:40,2026-04-04T21:16,false,"(23,34) (23,19)"
SIMULACION_CINCO_DIAS-CRITICA-N01,2026-04-04T19:43,2026-04-04T22:00,false,"(25,10) (25,25)"
SIMULACION_CINCO_DIAS-CRITICA-N01,2026-04-04T20:31,2026-04-04T20:58,false,"(44,13) (52,13)"
SIMULACION_CINCO_DIAS-CRITICA-N01,2026-04-04T20:36,2026-04-04T23:40,false,"(40,39) (48,39)"
SIMULACION_CINCO_DIAS-CRITICA-N01,2026-04-04T23:50,2026-04-05T03:22,false,"(5,0) (12,0) (12,5) (27,5) (27,9)"
SIMULACION_CINCO_DIAS-CRITICA-N01,2026-04-05T02:27,2026-04-05T03:38,false,"(41,9) (53,9)"
SIMULACION_CINCO_DIAS-CRITICA-N01,2026-04-05T03:49,2026-04-05T05:44,false,"(2,16) (2,1)"
SIMULACION_CINCO_DIAS-CRITICA-N01,2026-04-05T05:02,2026-04-05T05:24,false,"(54,24) (59,24) (59,29) (64,29)"
SIMULACION_CINCO_DIAS-CRITICA-N01,2026-04-05T05:21,2026-04-05T08:42,false,"(26,33) (31,33) (31,48)"
SIMULACION_CINCO_DIAS-CRITICA-N01,2026-04-05T05:42,2026-04-05T08:21,false,"(24,31) (24,46)"
SIMULACION_CINCO_DIAS-CRITICA-N01,2026-04-05T07:11,2026-04-05T10:32,false,"(1,1) (6,1) (6,16)"
SIMULACION_CINCO_DIAS-CRITICA-N01,2026-04-05T07:33,2026-04-05T10:47,false,"(53,16) (53,36) (65,36)"
SIMULACION_CINCO_DIAS-CRITICA-N01,2026-04-05T08:11,2026-04-05T12:04,false,"(5,25) (13,25)"
SIMULACION_CINCO_DIAS-CRITICA-N01,2026-04-05T08:15,2026-04-05T09:17,false,"(51,36) (51,21)"
SIMULACION_CINCO_DIAS-CRITICA-N01,2026-04-05T08:25,2026-04-05T09:06,false,"(23,33) (35,33)"
SIMULACION_CINCO_DIAS-CRITICA-N01,2026-04-05T08:34,2026-04-05T09:01,false,"(5,27) (5,42)"
SIMULACION_CINCO_DIAS-CRITICA-N01,2026-04-05T09:29,2026-04-05T12:20,false,"(26,24) (26,39)"
SIMULACION_CINCO_DIAS-CRITICA-N01,2026-04-05T09:47,2026-04-05T10:27,false,"(3,18) (3,33)"
SIMULACION_CINCO_DIAS-CRITICA-N01,2026-04-05T09:53,2026-04-05T11:55,false,"(48,27) (68,27) (68,22)"
SIMULACION_CINCO_DIAS-CRITICA-N01,2026-04-05T10:28,2026-04-05T11:12,false,"(12,21) (42,21) (42,36)"
SIMULACION_CINCO_DIAS-CRITICA-N01,2026-04-05T10:31,2026-04-05T14:17,false,"(55,4) (63,4)"
SIMULACION_CINCO_DIAS-CRITICA-N01,2026-04-05T12:20,2026-04-05T13:18,false,"(7,16) (7,31)"
SIMULACION_CINCO_DIAS-CRITICA-N01,2026-04-05T12:25,2026-04-05T13:52,false,"(17,10) (24,10) (24,15) (39,15) (39,19)"
SIMULACION_CINCO_DIAS-CRITICA-N01,2026-04-05T12:47,2026-04-05T16:17,false,"(50,1) (50,16)"
SIMULACION_CINCO_DIAS-CRITICA-N01,2026-04-05T14:18,2026-04-05T17:04,false,"(54,6) (54,21)"
SIMULACION_CINCO_DIAS-CRITICA-N01,2026-04-05T14:53,2026-04-05T18:17,false,"(44,2) (44,9) (49,9) (49,21) (57,21)"
SIMULACION_CINCO_DIAS-CRITICA-N01,2026-04-05T14:55,2026-04-05T18:10,false,"(46,35) (51,35) (51,50)"
SIMULACION_CINCO_DIAS-CRITICA-N01,2026-04-05T15:59,2026-04-05T16:56,false,"(10,13) (25,13) (25,21)"
SIMULACION_CINCO_DIAS-CRITICA-N01,2026-04-05T16:17,2026-04-05T17:20,false,"(64,5) (64,20)"
SIMULACION_CINCO_DIAS-CRITICA-N01,2026-04-05T16:18,2026-04-05T17:45,false,"(6,30) (26,30) (26,25)"
SIMULACION_CINCO_DIAS-CRITICA-N01,2026-04-05T16:41,2026-04-05T18:47,false,"(4,2) (9,2) (9,17)"
SIMULACION_CINCO_DIAS-CRITICA-N01,2026-04-05T18:26,2026-04-05T19:31,false,"(4,32) (34,32) (34,47)"
SIMULACION_CINCO_DIAS-CRITICA-N01,2026-04-05T20:00,2026-04-05T22:07,false,"(6,4) (11,4) (11,19)"
SIMULACION_CINCO_DIAS-CRITICA-N01,2026-04-05T21:31,2026-04-05T23:55,false,"(36,24) (56,24) (56,19)"
SIMULACION_CINCO_DIAS-CRITICA-N01,2026-04-05T21:37,2026-04-05T22:43,false,"(16,34) (28,34)"
SIMULACION_CINCO_DIAS-CRITICA-N01,2026-04-05T22:03,2026-04-06T00:24,false,"(51,9) (51,29) (63,29)"
SIMULACION_CINCO_DIAS-CRITICA-N01,2026-04-05T22:44,2026-04-06T00:41,false,"(57,46) (65,46)"
SIMULACION_CINCO_DIAS-CRITICA-N01,2026-04-05T23:17,2026-04-06T00:33,false,"(42,40) (54,40)"
SIMULACION_CINCO_DIAS-CRITICA-N02,2026-04-01T02:55,2026-04-01T05:59,false,"(39,6) (59,6) (59,1)"
SIMULACION_CINCO_DIAS-CRITICA-N02,2026-04-01T03:40,2026-04-01T05:16,false,"(19,23) (26,23) (26,28) (41,28) (41,32)"
SIMULACION_CINCO_DIAS-CRITICA-N02,2026-04-01T05:35,2026-04-01T07:07,false,"(48,0) (48,20) (60,20)"
SIMULACION_CINCO_DIAS-CRITICA-N02,2026-04-01T06:01,2026-04-01T09:58,false,"(1,18) (1,25) (6,25) (6,37) (14,37)"
SIMULACION_CINCO_DIAS-CRITICA-N02,2026-04-01T07:14,2026-04-01T09:44,false,"(30,3) (30,18)"
SIMULACION_CINCO_DIAS-CRITICA-N02,2026-04-01T08:39,2026-04-01T12:23,false,"(13,15) (33,15) (33,10)"
SIMULACION_CINCO_DIAS-CRITICA-N02,2026-04-01T10:03,2026-04-01T11:00,false,"(19,19) (19,39) (31,39)"
SIMULACION_CINCO_DIAS-CRITICA-N02,2026-04-01T11:14,2026-04-01T13:33,false,"(30,5) (35,5) (35,10) (40,10)"
SIMULACION_CINCO_DIAS-CRITICA-N02,2026-04-01T12:26,2026-04-01T12:58,false,"(52,35) (57,35) (57,40) (62,40)"
SIMULACION_CINCO_DIAS-CRITICA-N02,2026-04-01T12:37,2026-04-01T12:57,false,"(36,21) (36,6)"
SIMULACION_CINCO_DIAS-CRITICA-N02,2026-04-01T12:47,2026-04-01T16:06,false,"(3,2) (18,2) (18,10)"
SIMULACION_CINCO_DIAS-CRITICA-N02,2026-04-01T13:21,2026-04-01T16:46,false,"(33,17) (63,17) (63,32)"
SIMULACION_CINCO_DIAS-CRITICA-N02,2026-04-01T14:07,2026-04-01T14:52,false,"(33,13) (48,13) (48,21)"
SIMULACION_CINCO_DIAS-CRITICA-N02,2026-04-01T14:15,2026-04-01T16:49,false,"(12,30) (12,35) (17,35) (17,40) (27,40) (27,45)"
SIMULACION_CINCO_DIAS-CRITICA-N02,2026-04-01T14:31,2026-04-01T15:33,false,"(60,8) (65,8) (65,23)"
SIMULACION_CINCO_DIAS-CRITICA-N02,2026-04-01T14:58,2026-04-01T18:54,false,"(39,1) (54,1) (54,9)"
SIMULACION_CINCO_DIAS-CRITICA-N02,2026-04-01T15:29,2026-04-01T16:07,false,"(50,30) (70,30) (70,25)"
SIMULACION_CINCO_DIAS-CRITICA-N02,2026-04-01T16:17,2026-04-01T17:31,false,"(45,21) (45,26) (50,26) (50,31) (60,31) (60,36)"
SIMULACION_CINCO_DIAS-CRITICA-N02,2026-04-01T17:44,2026-04-01T19:57,false,"(17,33) (24,33) (24,38) (39,38) (39,42)"
SIMULACION_CINCO_DIAS-CRITICA-N02,2026-04-01T17:58,2026-04-01T21:46,false,"(58,5) (63,5) (63,10) (68,10)"
SIMULACION_CINCO_DIAS-CRITICA-N02,2026-04-01T19:00,2026-04-01T22:25,false,"(20,13) (20,18) (25,18) (25,23) (35,23) (35,28)"
SIMULACION_CINCO_DIAS-CRITICA-N02,2026-04-01T19:20,2026-04-01T21:13,false,"(52,1) (52,16)"
SIMULACION_CINCO_DIAS-CRITICA-N02,2026-04-01T20:22,2026-04-01T23:15,false,"(49,22) (49,27) (54,27) (54,32) (64,32) (64,37)"
SIMULACION_CINCO_DIAS-CRITICA-N02,2026-04-01T20:53,2026-04-01T21:10,false,"(21,31) (21,38) (26,38) (26,50) (34,50)"
SIMULACION_CINCO_DIAS-CRITICA-N02,2026-04-01T21:28,2026-04-01T22:20,false,"(59,11) (64,11) (64,16) (69,16)"
SIMULACION_CINCO_DIAS-CRITICA-N02,2026-04-01T22:29,2026-04-02T01:30,false,"(12,31) (12,16)"
SIMULACION_CINCO_DIAS-CRITICA-N02,2026-04-01T23:42,2026-04-02T01:10,false,"(47,28) (47,35) (52,35) (52,47) (60,47)"
SIMULACION_CINCO_DIAS-CRITICA-N02,2026-04-02T00:36,2026-04-02T02:49,false,"(45,16) (45,31)"
SIMULACION_CINCO_DIAS-CRITICA-N02,2026-04-02T01:54,2026-04-02T03:01,false,"(7,48) (27,48) (27,43)"
SIMULACION_CINCO_DIAS-CRITICA-N02,2026-04-02T03:15,2026-04-02T04:28,false,"(43,28) (50,28) (50,33) (65,33) (65,37)"
SIMULACION_CINCO_DIAS-CRITICA-N02,2026-04-02T03:27,2026-04-02T04:36,false,"(13,20) (43,20) (43,35)"
SIMULACION_CINCO_DIAS-CRITICA-N02,2026-04-02T03:40,2026-04-02T05:41,false,"(2,6) (2,26) (14,26)"
SIMULACION_CINCO_DIAS-CRITICA-N02,2026-04-02T03:59,2026-04-02T04:53,false,"(2,15) (2,30)"
SIMULACION_CINCO_DIAS-CRITICA-N02,2026-04-02T04:02,2026-04-02T05:51,false,"(32,32) (47,32) (47,40)"
SIMULACION_CINCO_DIAS-CRITICA-N02,2026-04-02T04:32,2026-04-02T08:14,false,"(16,5) (46,5) (46,20)"
SIMULACION_CINCO_DIAS-CRITICA-N02,2026-04-02T05:52,2026-04-02T08:34,false,"(57,4) (57,19)"
SIMULACION_CINCO_DIAS-CRITICA-N02,2026-04-02T06:47,2026-04-02T10:00,false,"(30,9) (30,16) (35,16) (35,28) (43,28)"
SIMULACION_CINCO_DIAS-CRITICA-N02,2026-04-02T07:57,2026-04-02T11:16,false,"(47,25) (47,30) (52,30) (52,35) (62,35) (62,40)"
SIMULACION_CINCO_DIAS-CRITICA-N02,2026-04-02T08:45,2026-04-02T12:26,false,"(1,15) (1,35) (13,35)"
SIMULACION_CINCO_DIAS-CRITICA-N02,2026-04-02T12:36,2026-04-02T14:44,false,"(61,28) (61,43)"
SIMULACION_CINCO_DIAS-CRITICA-N02,2026-04-02T12:40,2026-04-02T16:03,false,"(54,3) (54,18)"
SIMULACION_CINCO_DIAS-CRITICA-N02,2026-04-02T13:18,2026-04-02T15:55,false,"(66,1) (66,16)"
SIMULACION_CINCO_DIAS-CRITICA-N02,2026-04-02T13:57,2026-04-02T17:57,false,"(27,18) (27,23) (32,23) (32,28) (42,28) (42,33)"
SIMULACION_CINCO_DIAS-CRITICA-N02,2026-04-02T14:32,2026-04-02T16:10,false,"(32,13) (32,28)"
SIMULACION_CINCO_DIAS-CRITICA-N02,2026-04-02T15:20,2026-04-02T18:57,false,"(26,10) (34,10)"
SIMULACION_CINCO_DIAS-CRITICA-N02,2026-04-02T15:23,2026-04-02T17:54,false,"(37,30) (67,30) (67,45)"
SIMULACION_CINCO_DIAS-CRITICA-N02,2026-04-02T15:57,2026-04-02T17:36,false,"(46,28) (51,28) (51,33) (56,33)"
SIMULACION_CINCO_DIAS-CRITICA-N02,2026-04-02T19:40,2026-04-02T23:07,false,"(65,0) (65,15)"
SIMULACION_CINCO_DIAS-CRITICA-N02,2026-04-02T20:14,2026-04-02T22:50,false,"(23,31) (43,31) (43,26)"
SIMULACION_CINCO_DIAS-CRITICA-N02,2026-04-02T21:51,2026-04-02T23:28,false,"(14,33) (22,33)"
SIMULACION_CINCO_DIAS-CRITICA-N02,2026-04-02T22:34,2026-04-03T01:20,false,"(55,4) (63,4)"
SIMULACION_CINCO_DIAS-CRITICA-N02,2026-04-03T00:08,2026-04-03T01:22,false,"(0,25) (0,40)"
SIMULACION_CINCO_DIAS-CRITICA-N02,2026-04-03T00:20,2026-04-03T01:47,false,"(10,49) (22,49)"
SIMULACION_CINCO_DIAS-CRITICA-N02,2026-04-03T00:21,2026-04-03T01:19,false,"(2,43) (14,43)"
SIMULACION_CINCO_DIAS-CRITICA-N02,2026-04-03T00:44,2026-04-03T03:25,false,"(15,41) (15,26)"
SIMULACION_CINCO_DIAS-CRITICA-N02,2026-04-03T04:04,2026-04-03T05:23,false,"(17,26) (37,26) (37,21)"
SIMULACION_CINCO_DIAS-CRITICA-N02,2026-04-03T04:46,2026-04-03T06:02,false,"(37,10) (44,10) (44,15) (59,15) (59,19)"
SIMULACION_CINCO_DIAS-CRITICA-N02,2026-04-03T04:49,2026-04-03T07:20,false,"(27,30) (57,30) (57,45)"
SIMULACION_CINCO_DIAS-CRITICA-N02,2026-04-03T05:46,2026-04-03T09:21,false,"(47,21) (62,21) (62,29)"
SIMULACION_CINCO_DIAS-CRITICA-N02,2026-04-03T07:05,2026-04-03T08:43,false,"(37,25) (37,40)"
SIMULACION_CINCO_DIAS-CRITICA-N02,2026-04-03T07:33,2026-04-03T08:50,false,"(12,12) (42,12) (42,27)"
SIMULACION_CINCO_DIAS-CRITICA-N02,2026-04-03T09:46,2026-04-03T13:25,false,"(50,18) (50,33)"
SIMULACION_CINCO_DIAS-CRITICA-N02,2026-04-03T09:51,2026-04-03T12:54,false,"(65,5) (70,5) (70,20)"
SIMULACION_CINCO_DIAS-CRITICA-N02,2026-04-03T10:24,2026-04-03T14:00,false,"(52,32) (52,17)"
SIMULACION_CINCO_DIAS-CRITICA-N02,2026-04-03T12:26,2026-04-03T12:58,false,"(13,39) (18,39) (18,44) (23,44)"
SIMULACION_CINCO_DIAS-CRITICA-N02,2026-04-03T12:34,2026-04-03T14:36,false,"(13,11) (13,26)"
SIMULACION_CINCO_DIAS-CRITICA-N02,2026-04-03T14:03,2026-04-03T14:44,false,"(59,40) (59,25)"
SIMULACION_CINCO_DIAS-CRITICA-N02,2026-04-03T15:47,2026-04-03T18:38,false,"(17,30) (17,45)"
SIMULACION_CINCO_DIAS-CRITICA-N02,2026-04-03T17:24,2026-04-03T21:00,false,"(0,36) (12,36)"
SIMULACION_CINCO_DIAS-CRITICA-N02,2026-04-03T17:41,2026-04-03T21:17,false,"(52,35) (57,35) (57,40) (62,40)"
SIMULACION_CINCO_DIAS-CRITICA-N02,2026-04-03T18:34,2026-04-03T21:14,false,"(28,31) (36,31)"
SIMULACION_CINCO_DIAS-CRITICA-N02,2026-04-03T23:33,2026-04-04T02:14,false,"(12,20) (32,20) (32,15)"
SIMULACION_CINCO_DIAS-CRITICA-N02,2026-04-04T00:19,2026-04-04T04:19,false,"(31,16) (31,1)"
SIMULACION_CINCO_DIAS-CRITICA-N02,2026-04-04T00:46,2026-04-04T01:01,false,"(24,32) (54,32) (54,47)"
SIMULACION_CINCO_DIAS-CRITICA-N02,2026-04-04T02:34,2026-04-04T05:12,false,"(31,30) (31,45)"
SIMULACION_CINCO_DIAS-CRITICA-N02,2026-04-04T02:44,2026-04-04T06:11,false,"(1,7) (8,7) (8,12) (23,12) (23,16)"
SIMULACION_CINCO_DIAS-CRITICA-N02,2026-04-04T02:49,2026-04-04T05:16,false,"(52,45) (64,45)"
SIMULACION_CINCO_DIAS-CRITICA-N02,2026-04-04T03:40,2026-04-04T05:46,false,"(19,34) (27,34)"
SIMULACION_CINCO_DIAS-CRITICA-N02,2026-04-04T04:15,2026-04-04T06:51,false,"(37,1) (67,1) (67,16)"
SIMULACION_CINCO_DIAS-CRITICA-N02,2026-04-04T04:32,2026-04-04T08:08,false,"(52,10) (52,25)"
SIMULACION_CINCO_DIAS-CRITICA-N02,2026-04-04T06:32,2026-04-04T09:36,false,"(52,15) (57,15) (57,30)"
SIMULACION_CINCO_DIAS-CRITICA-N02,2026-04-04T07:10,2026-04-04T10:01,false,"(44,26) (44,41)"
SIMULACION_CINCO_DIAS-CRITICA-N02,2026-04-04T07:52,2026-04-04T08:59,false,"(8,16) (23,16) (23,24)"
SIMULACION_CINCO_DIAS-CRITICA-N02,2026-04-04T08:22,2026-04-04T12:17,false,"(20,14) (50,14) (50,29)"
SIMULACION_CINCO_DIAS-CRITICA-N02,2026-04-04T09:28,2026-04-04T12:20,false,"(20,19) (32,19)"
SIMULACION_CINCO_DIAS-CRITICA-N02,2026-04-04T09:52,2026-04-04T11:36,false,"(36,33) (56,33) (56,28)"
SIMULACION_CINCO_DIAS-CRITICA-N02,2026-04-04T14:38,2026-04-04T16:21,false,"(44,15) (52,15)"
SIMULACION_CINCO_DIAS-CRITICA-N02,2026-04-04T15:01,2026-04-04T17:34,false,"(49,11) (49,16) (54,16) (54,21) (64,21) (64,26)"
SIMULACION_CINCO_DIAS-CRITICA-N02,2026-04-04T16:54,2026-04-04T17:49,false,"(8,16) (8,1)"
SIMULACION_CINCO_DIAS-CRITICA-N02,2026-04-04T17:18,2026-04-04T18:18,false,"(42,35) (47,35) (47,40) (52,40)"
SIMULACION_CINCO_DIAS-CRITICA-N02,2026-04-04T17:58,2026-04-04T21:46,false,"(13,45) (18,45) (18,50) (23,50)"
SIMULACION_CINCO_DIAS-CRITICA-N02,2026-04-04T18:55,2026-04-04T21:23,false,"(35,46) (35,31)"
SIMULACION_CINCO_DIAS-CRITICA-N02,2026-04-04T19:28,2026-04-04T20:42,false,"(32,32) (32,47)"
SIMULACION_CINCO_DIAS-CRITICA-N02,2026-04-04T19:43,2026-04-04T21:47,false,"(20,23) (50,23) (50,38)"
SIMULACION_CINCO_DIAS-CRITICA-N02,2026-04-04T20:03,2026-04-04T20:46,false,"(2,33) (22,33) (22,28)"
SIMULACION_CINCO_DIAS-CRITICA-N02,2026-04-04T22:40,2026-04-05T01:40,false,"(19,19) (27,19)"
SIMULACION_CINCO_DIAS-CRITICA-N02,2026-04-04T22:52,2026-04-05T01:25,false,"(39,9) (69,9) (69,24)"
SIMULACION_CINCO_DIAS-CRITICA-N02,2026-04-04T23:24,2026-04-05T00:46,false,"(60,7) (65,7) (65,22)"
SIMULACION_CINCO_DIAS-CRITICA-N02,2026-04-05T01:33,2026-04-05T03:32,false,"(17,33) (47,33) (47,48)"
SIMULACION_CINCO_DIAS-CRITICA-N02,2026-04-05T01:42,2026-04-05T04:07,false,"(37,7) (67,7) (67,22)"
SIMULACION_CINCO_DIAS-CRITICA-N02,2026-04-05T02:10,2026-04-05T04:07,false,"(33,25) (63,25) (63,40)"
SIMULACION_CINCO_DIAS-CRITICA-N02,2026-04-05T02:59,2026-04-05T05:46,false,"(60,19) (60,34)"
SIMULACION_CINCO_DIAS-CRITICA-N02,2026-04-05T03:16,2026-04-05T06:55,false,"(31,15) (61,15) (61,30)"
SIMULACION_CINCO_DIAS-CRITICA-N02,2026-04-05T04:26,2026-04-05T07:55,false,"(43,33) (43,18)"
SIMULACION_CINCO_DIAS-CRITICA-N02,2026-04-05T04:50,2026-04-05T05:41,false,"(36,14) (66,14) (66,29)"
SIMULACION_CINCO_DIAS-CRITICA-N02,2026-04-05T06:10,2026-04-05T10:01,false,"(57,12) (57,32) (69,32)"
SIMULACION_CINCO_DIAS-CRITICA-N02,2026-04-05T06:22,2026-04-05T06:58,false,"(21,38) (41,38) (41,33)"
SIMULACION_CINCO_DIAS-CRITICA-N02,2026-04-05T06:40,2026-04-05T08:32,false,"(16,22) (16,37)"
SIMULACION_CINCO_DIAS-CRITICA-N02,2026-04-05T06:47,2026-04-05T10:00,false,"(14,19) (14,26) (19,26) (19,38) (27,38)"
SIMULACION_CINCO_DIAS-CRITICA-N02,2026-04-05T08:14,2026-04-05T12:14,false,"(13,4) (13,19)"
SIMULACION_CINCO_DIAS-CRITICA-N02,2026-04-05T09:25,2026-04-05T10:20,false,"(47,26) (52,26) (52,31) (57,31)"
SIMULACION_CINCO_DIAS-CRITICA-N02,2026-04-05T09:38,2026-04-05T12:55,false,"(10,17) (10,37) (22,37)"
SIMULACION_CINCO_DIAS-CRITICA-N02,2026-04-05T10:23,2026-04-05T12:54,false,"(52,1) (52,16)"
SIMULACION_CINCO_DIAS-CRITICA-N02,2026-04-05T10:36,2026-04-05T13:01,false,"(54,8) (54,15) (59,15) (59,27) (67,27)"
SIMULACION_CINCO_DIAS-CRITICA-N02,2026-04-05T12:20,2026-04-05T15:04,false,"(27,28) (32,28) (32,33) (37,33)"
SIMULACION_CINCO_DIAS-CRITICA-N02,2026-04-05T13:21,2026-04-05T14:07,false,"(10,40) (17,40) (17,45) (32,45) (32,49)"
SIMULACION_CINCO_DIAS-CRITICA-N02,2026-04-05T13:33,2026-04-05T17:29,false,"(31,24) (31,44) (43,44)"
SIMULACION_CINCO_DIAS-CRITICA-N02,2026-04-05T15:54,2026-04-05T18:29,false,"(49,5) (49,20)"
SIMULACION_CINCO_DIAS-CRITICA-N02,2026-04-05T15:54,2026-04-05T18:47,false,"(8,23) (13,23) (13,28) (18,28)"
SIMULACION_CINCO_DIAS-CRITICA-N02,2026-04-05T16:32,2026-04-05T19:52,false,"(39,31) (39,36) (44,36) (44,41) (54,41) (54,46)"
SIMULACION_CINCO_DIAS-CRITICA-N02,2026-04-05T16:52,2026-04-05T20:18,false,"(51,13) (51,18) (56,18) (56,23) (66,23) (66,28)"
SIMULACION_CINCO_DIAS-CRITICA-N02,2026-04-05T17:20,2026-04-05T20:27,false,"(27,0) (32,0) (32,15)"
SIMULACION_CINCO_DIAS-CRITICA-N02,2026-04-05T17:41,2026-04-05T21:17,false,"(34,23) (39,23) (39,28) (44,28)"
SIMULACION_CINCO_DIAS-CRITICA-N02,2026-04-05T18:05,2026-04-05T22:02,false,"(16,13) (21,13) (21,18) (26,18)"
SIMULACION_CINCO_DIAS-CRITICA-N02,2026-04-05T18:43,2026-04-05T21:09,false,"(61,6) (66,6) (66,21)"
SIMULACION_CINCO_DIAS-CRITICA-N02,2026-04-05T20:17,2026-04-05T21:50,false,"(19,3) (19,18)"
SIMULACION_CINCO_DIAS-CRITICA-N02,2026-04-05T20:18,2026-04-05T22:08,false,"(38,24) (45,24) (45,29) (60,29) (60,33)"
SIMULACION_CINCO_DIAS-CRITICA-N02,2026-04-05T20:21,2026-04-05T21:05,false,"(25,35) (25,40) (30,40) (30,45) (40,45) (40,50)"
SIMULACION_CINCO_DIAS-CRITICA-N02,2026-04-05T21:27,2026-04-05T21:42,false,"(22,10) (22,15) (27,15) (27,20) (37,20) (37,25)"
SIMULACION_CINCO_DIAS-CRITICA-N02,2026-04-05T21:57,2026-04-06T00:51,false,"(39,3) (69,3) (69,18)"
SIMULACION_CINCO_DIAS-CRITICA-N02,2026-04-05T22:49,2026-04-06T01:36,false,"(38,26) (43,26) (43,41)"
SIMULACION_CINCO_DIAS-CRITICA-N02,2026-04-05T22:57,2026-04-06T00:18,false,"(33,4) (33,19)"
SIMULACION_CINCO_DIAS-CRITICA-N02,2026-04-05T23:29,2026-04-06T02:04,false,"(26,18) (26,3)"
SIMULACION_CINCO_DIAS-CRITICA-N02,2026-04-05T23:36,2026-04-06T01:29,false,"(55,20) (55,35)"
SIMULACION_CINCO_DIAS-CRITICA-N02,2026-04-05T23:52,2026-04-06T02:03,false,"(52,23) (67,23) (67,31)"
SIMULACION_CINCO_DIAS-CRITICA-N03,2026-04-01T01:10,2026-04-01T02:40,false,"(19,22) (19,42) (31,42)"
SIMULACION_CINCO_DIAS-CRITICA-N03,2026-04-01T01:10,2026-04-01T04:19,false,"(8,29) (38,29) (38,44)"
SIMULACION_CINCO_DIAS-CRITICA-N03,2026-04-01T02:18,2026-04-01T04:28,false,"(33,16) (33,23) (38,23) (38,35) (46,35)"
SIMULACION_CINCO_DIAS-CRITICA-N03,2026-04-01T02:31,2026-04-01T05:50,false,"(53,21) (53,41) (65,41)"
SIMULACION_CINCO_DIAS-CRITICA-N03,2026-04-01T03:03,2026-04-01T04:46,false,"(23,17) (35,17)"
SIMULACION_CINCO_DIAS-CRITICA-N03,2026-04-01T03:04,2026-04-01T04:36,false,"(33,1) (41,1)"
SIMULACION_CINCO_DIAS-CRITICA-N03,2026-04-01T03:47,2026-04-01T04:27,false,"(53,32) (53,37) (58,37) (58,42) (68,42) (68,47)"
SIMULACION_CINCO_DIAS-CRITICA-N03,2026-04-01T04:03,2026-04-01T04:41,false,"(2,8) (2,23)"
SIMULACION_CINCO_DIAS-CRITICA-N03,2026-04-01T04:07,2026-04-01T07:57,false,"(42,33) (42,48)"
SIMULACION_CINCO_DIAS-CRITICA-N03,2026-04-01T07:30,2026-04-01T09:05,false,"(32,39) (52,39) (52,34)"
SIMULACION_CINCO_DIAS-CRITICA-N03,2026-04-01T07:38,2026-04-01T10:11,false,"(46,4) (53,4) (53,9) (68,9) (68,13)"
SIMULACION_CINCO_DIAS-CRITICA-N03,2026-04-01T08:36,2026-04-01T11:55,false,"(29,10) (29,25)"
SIMULACION_CINCO_DIAS-CRITICA-N03,2026-04-01T09:41,2026-04-01T11:14,false,"(31,14) (61,14) (61,29)"
SIMULACION_CINCO_DIAS-CRITICA-N03,2026-04-01T09:51,2026-04-01T12:03,false,"(42,13) (57,13) (57,21)"
SIMULACION_CINCO_DIAS-CRITICA-N03,2026-04-01T10:37,2026-04-01T13:30,false,"(47,24) (59,24)"
SIMULACION_CINCO_DIAS-CRITICA-N03,2026-04-01T12:19,2026-04-01T16:16,false,"(35,13) (35,28)"
SIMULACION_CINCO_DIAS-CRITICA-N03,2026-04-01T12:44,2026-04-01T14:48,false,"(39,33) (44,33) (44,48)"
SIMULACION_CINCO_DIAS-CRITICA-N03,2026-04-01T12:55,2026-04-01T14:21,false,"(21,15) (21,30)"
SIMULACION_CINCO_DIAS-CRITICA-N03,2026-04-01T12:55,2026-04-01T14:21,false,"(30,2) (30,17)"
SIMULACION_CINCO_DIAS-CRITICA-N03,2026-04-01T13:12,2026-04-01T14:24,false,"(16,2) (24,2)"
SIMULACION_CINCO_DIAS-CRITICA-N03,2026-04-01T14:53,2026-04-01T18:17,false,"(38,25) (38,32) (43,32) (43,44) (51,44)"
SIMULACION_CINCO_DIAS-CRITICA-N03,2026-04-01T15:14,2026-04-01T16:51,false,"(9,35) (9,50)"
SIMULACION_CINCO_DIAS-CRITICA-N03,2026-04-01T17:00,2026-04-01T17:15,false,"(63,21) (63,36)"
SIMULACION_CINCO_DIAS-CRITICA-N03,2026-04-01T17:08,2026-04-01T19:49,false,"(59,36) (64,36) (64,41) (69,41)"
SIMULACION_CINCO_DIAS-CRITICA-N03,2026-04-01T18:26,2026-04-01T19:27,false,"(38,18) (68,18) (68,33)"
SIMULACION_CINCO_DIAS-CRITICA-N03,2026-04-01T19:10,2026-04-01T20:33,false,"(27,32) (27,37) (32,37) (32,42) (42,42) (42,47)"
SIMULACION_CINCO_DIAS-CRITICA-N03,2026-04-01T19:21,2026-04-01T21:08,false,"(31,35) (36,35) (36,40) (41,40)"
SIMULACION_CINCO_DIAS-CRITICA-N03,2026-04-02T00:46,2026-04-02T01:01,false,"(18,25) (48,25) (48,40)"
SIMULACION_CINCO_DIAS-CRITICA-N03,2026-04-02T01:10,2026-04-02T04:19,false,"(19,26) (49,26) (49,41)"
SIMULACION_CINCO_DIAS-CRITICA-N03,2026-04-02T02:53,2026-04-02T04:49,false,"(8,2) (38,2) (38,17)"
SIMULACION_CINCO_DIAS-CRITICA-N03,2026-04-02T03:48,2026-04-02T07:22,false,"(64,5) (64,20)"
SIMULACION_CINCO_DIAS-CRITICA-N03,2026-04-02T04:11,2026-04-02T07:33,false,"(15,12) (35,12) (35,7)"
SIMULACION_CINCO_DIAS-CRITICA-N03,2026-04-02T04:54,2026-04-02T06:44,false,"(55,11) (55,26)"
SIMULACION_CINCO_DIAS-CRITICA-N03,2026-04-02T05:21,2026-04-02T08:42,false,"(37,20) (42,20) (42,35)"
SIMULACION_CINCO_DIAS-CRITICA-N03,2026-04-02T09:13,2026-04-02T10:26,false,"(29,6) (29,21)"
SIMULACION_CINCO_DIAS-CRITICA-N03,2026-04-02T09:18,2026-04-02T09:42,false,"(24,1) (24,6) (29,6) (29,11) (39,11) (39,16)"
SIMULACION_CINCO_DIAS-CRITICA-N03,2026-04-02T09:52,2026-04-02T11:36,false,"(45,10) (65,10) (65,5)"
SIMULACION_CINCO_DIAS-CRITICA-N03,2026-04-02T10:11,2026-04-02T10:36,false,"(0,26) (15,26) (15,34)"
SIMULACION_CINCO_DIAS-CRITICA-N03,2026-04-02T10:53,2026-04-02T14:00,false,"(13,8) (13,13) (18,13) (18,18) (28,18) (28,23)"
SIMULACION_CINCO_DIAS-CRITICA-N03,2026-04-02T11:33,2026-04-02T15:21,false,"(38,25) (43,25) (43,40)"
SIMULACION_CINCO_DIAS-CRITICA-N03,2026-04-02T12:17,2026-04-02T13:36,false,"(1,30) (1,45)"
SIMULACION_CINCO_DIAS-CRITICA-N03,2026-04-02T12:22,2026-04-02T15:29,false,"(51,8) (66,8) (66,16)"
SIMULACION_CINCO_DIAS-CRITICA-N03,2026-04-02T13:34,2026-04-02T13:59,false,"(11,9) (11,29) (23,29)"
SIMULACION_CINCO_DIAS-CRITICA-N03,2026-04-02T15:25,2026-04-02T17:31,false,"(10,0) (40,0) (40,15)"
SIMULACION_CINCO_DIAS-CRITICA-N03,2026-04-02T15:50,2026-04-02T17:16,false,"(34,20) (34,27) (39,27) (39,39) (47,39)"
SIMULACION_CINCO_DIAS-CRITICA-N03,2026-04-02T16:48,2026-04-02T19:58,false,"(10,38) (17,38) (17,43) (32,43) (32,47)"
SIMULACION_CINCO_DIAS-CRITICA-N03,2026-04-02T18:22,2026-04-02T21:44,false,"(0,31) (0,46)"
SIMULACION_CINCO_DIAS-CRITICA-N03,2026-04-02T18:32,2026-04-02T20:36,false,"(32,24) (32,39)"
SIMULACION_CINCO_DIAS-CRITICA-N03,2026-04-02T18:34,2026-04-02T21:14,false,"(0,5) (8,5)"
SIMULACION_CINCO_DIAS-CRITICA-N03,2026-04-02T19:44,2026-04-02T20:07,false,"(24,45) (24,30)"
SIMULACION_CINCO_DIAS-CRITICA-N03,2026-04-02T20:46,2026-04-03T00:38,false,"(17,4) (22,4) (22,9) (27,9)"
SIMULACION_CINCO_DIAS-CRITICA-N03,2026-04-02T20:50,2026-04-02T22:45,false,"(9,21) (9,6)"
SIMULACION_CINCO_DIAS-CRITICA-N03,2026-04-02T22:53,2026-04-03T00:15,false,"(19,31) (39,31) (39,26)"
SIMULACION_CINCO_DIAS-CRITICA-N03,2026-04-02T23:49,2026-04-03T00:07,false,"(50,27) (50,42)"
SIMULACION_CINCO_DIAS-CRITICA-N03,2026-04-03T00:26,2026-04-03T03:55,false,"(56,47) (56,32)"
SIMULACION_CINCO_DIAS-CRITICA-N03,2026-04-03T01:12,2026-04-03T02:00,false,"(11,34) (41,34) (41,49)"
SIMULACION_CINCO_DIAS-CRITICA-N03,2026-04-03T01:47,2026-04-03T03:39,false,"(4,31) (19,31) (19,39)"
SIMULACION_CINCO_DIAS-CRITICA-N03,2026-04-03T03:04,2026-04-03T03:56,false,"(20,25) (27,25) (27,30) (42,30) (42,34)"
SIMULACION_CINCO_DIAS-CRITICA-N03,2026-04-03T03:12,2026-04-03T05:46,false,"(19,4) (19,11) (24,11) (24,23) (32,23)"
SIMULACION_CINCO_DIAS-CRITICA-N03,2026-04-03T03:47,2026-04-03T04:27,false,"(3,10) (3,15) (8,15) (8,20) (18,20) (18,25)"
SIMULACION_CINCO_DIAS-CRITICA-N03,2026-04-03T03:57,2026-04-03T04:56,false,"(46,18) (46,3)"
SIMULACION_CINCO_DIAS-CRITICA-N03,2026-04-03T04:57,2026-04-03T08:27,false,"(47,6) (47,21)"
SIMULACION_CINCO_DIAS-CRITICA-N03,2026-04-03T05:56,2026-04-03T06:44,false,"(50,35) (62,35)"
SIMULACION_CINCO_DIAS-CRITICA-N03,2026-04-03T06:22,2026-04-03T08:00,false,"(30,40) (45,40) (45,48)"
SIMULACION_CINCO_DIAS-CRITICA-N03,2026-04-03T08:02,2026-04-03T10:55,false,"(27,12) (39,12)"
SIMULACION_CINCO_DIAS-CRITICA-N03,2026-04-03T08:42,2026-04-03T09:43,false,"(51,19) (59,19)"
SIMULACION_CINCO_DIAS-CRITICA-N03,2026-04-03T09:01,2026-04-03T11:34,false,"(40,29) (40,44)"
SIMULACION_CINCO_DIAS-CRITICA-N03,2026-04-03T09:08,2026-04-03T12:14,false,"(55,19) (55,39) (67,39)"
SIMULACION_CINCO_DIAS-CRITICA-N03,2026-04-03T09:27,2026-04-03T13:23,false,"(17,19) (17,34)"
SIMULACION_CINCO_DIAS-CRITICA-N03,2026-04-03T10:20,2026-04-03T13:33,false,"(55,20) (55,25) (60,25) (60,30) (70,30) (70,35)"
SIMULACION_CINCO_DIAS-CRITICA-N03,2026-04-03T12:02,2026-04-03T15:06,false,"(58,30) (63,30) (63,45)"
SIMULACION_CINCO_DIAS-CRITICA-N03,2026-04-03T12:06,2026-04-03T12:43,false,"(70,1) (70,16)"
SIMULACION_CINCO_DIAS-CRITICA-N03,2026-04-03T12:40,2026-04-03T13:41,false,"(3,31) (33,31) (33,46)"
SIMULACION_CINCO_DIAS-CRITICA-N03,2026-04-03T12:58,2026-04-03T16:35,false,"(21,32) (41,32) (41,27)"
SIMULACION_CINCO_DIAS-CRITICA-N03,2026-04-03T13:46,2026-04-03T15:27,false,"(12,33) (42,33) (42,48)"
SIMULACION_CINCO_DIAS-CRITICA-N03,2026-04-03T15:14,2026-04-03T16:51,false,"(20,16) (20,31)"
SIMULACION_CINCO_DIAS-CRITICA-N03,2026-04-03T15:50,2026-04-03T16:58,false,"(17,25) (32,25) (32,33)"
SIMULACION_CINCO_DIAS-CRITICA-N03,2026-04-03T15:57,2026-04-03T17:36,false,"(41,9) (46,9) (46,14) (51,14)"
SIMULACION_CINCO_DIAS-CRITICA-N03,2026-04-03T16:10,2026-04-03T18:43,false,"(40,9) (48,9)"
SIMULACION_CINCO_DIAS-CRITICA-N03,2026-04-03T16:20,2026-04-03T18:07,false,"(63,14) (63,29)"
SIMULACION_CINCO_DIAS-CRITICA-N03,2026-04-03T16:28,2026-04-03T17:51,false,"(7,23) (37,23) (37,38)"
SIMULACION_CINCO_DIAS-CRITICA-N03,2026-04-03T19:25,2026-04-03T21:38,false,"(45,22) (57,22)"
SIMULACION_CINCO_DIAS-CRITICA-N03,2026-04-03T20:05,2026-04-03T22:42,false,"(40,21) (40,36)"
SIMULACION_CINCO_DIAS-CRITICA-N03,2026-04-03T20:06,2026-04-03T23:24,false,"(59,32) (59,47)"
SIMULACION_CINCO_DIAS-CRITICA-N03,2026-04-03T22:00,2026-04-03T23:28,false,"(18,29) (38,29) (38,24)"
SIMULACION_CINCO_DIAS-CRITICA-N03,2026-04-03T22:12,2026-04-03T23:13,false,"(12,23) (12,43) (24,43)"
SIMULACION_CINCO_DIAS-CRITICA-N03,2026-04-03T22:16,2026-04-04T01:29,false,"(42,50) (50,50)"
SIMULACION_CINCO_DIAS-CRITICA-N03,2026-04-03T22:47,2026-04-04T02:24,false,"(52,10) (64,10)"
SIMULACION_CINCO_DIAS-CRITICA-N03,2026-04-03T23:37,2026-04-04T02:23,false,"(68,43) (68,28)"
SIMULACION_CINCO_DIAS-CRITICA-N03,2026-04-04T01:20,2026-04-04T02:58,false,"(4,33) (34,33) (34,48)"
SIMULACION_CINCO_DIAS-CRITICA-N03,2026-04-04T01:35,2026-04-04T02:38,false,"(37,2) (37,9) (42,9) (42,21) (50,21)"
SIMULACION_CINCO_DIAS-CRITICA-N03,2026-04-04T03:12,2026-04-04T05:46,false,"(27,3) (27,10) (32,10) (32,22) (40,22)"
SIMULACION_CINCO_DIAS-CRITICA-N03,2026-04-04T03:12,2026-04-04T05:46,false,"(20,14) (20,21) (25,21) (25,33) (33,33)"
SIMULACION_CINCO_DIAS-CRITICA-N03,2026-04-04T03:51,2026-04-04T04:10,false,"(16,13) (16,18) (21,18) (21,23) (31,23) (31,28)"
SIMULACION_CINCO_DIAS-CRITICA-N03,2026-04-04T08:25,2026-04-04T11:46,false,"(3,20) (8,20) (8,25) (13,25)"
SIMULACION_CINCO_DIAS-CRITICA-N03,2026-04-04T09:04,2026-04-04T12:11,false,"(27,20) (32,20) (32,35)"
SIMULACION_CINCO_DIAS-CRITICA-N03,2026-04-04T09:23,2026-04-04T09:50,false,"(22,19) (52,19) (52,34)"
SIMULACION_CINCO_DIAS-CRITICA-N03,2026-04-04T10:19,2026-04-04T11:00,false,"(19,26) (19,33) (24,33) (24,45) (32,45)"
SIMULACION_CINCO_DIAS-CRITICA-N03,2026-04-04T10:30,2026-04-04T11:26,false,"(17,49) (25,49)"
SIMULACION_CINCO_DIAS-CRITICA-N03,2026-04-04T11:24,2026-04-04T13:46,false,"(9,50) (29,50) (29,45)"
SIMULACION_CINCO_DIAS-CRITICA-N03,2026-04-04T12:22,2026-04-04T15:29,false,"(31,21) (46,21) (46,29)"
SIMULACION_CINCO_DIAS-CRITICA-N03,2026-04-04T12:56,2026-04-04T14:55,false,"(39,7) (44,7) (44,22)"
SIMULACION_CINCO_DIAS-CRITICA-N03,2026-04-04T13:49,2026-04-04T14:32,false,"(4,35) (4,20)"
SIMULACION_CINCO_DIAS-CRITICA-N03,2026-04-04T15:54,2026-04-04T19:30,false,"(31,33) (39,33)"
SIMULACION_CINCO_DIAS-CRITICA-N03,2026-04-04T16:40,2026-04-04T19:00,false,"(9,7) (39,7) (39,22)"
SIMULACION_CINCO_DIAS-CRITICA-N03,2026-04-04T16:45,2026-04-04T19:52,false,"(43,31) (55,31)"
SIMULACION_CINCO_DIAS-CRITICA-N03,2026-04-04T17:27,2026-04-04T18:26,false,"(26,42) (46,42) (46,37)"
SIMULACION_CINCO_DIAS-CRITICA-N03,2026-04-04T19:58,2026-04-04T21:12,false,"(5,28) (5,35) (10,35) (10,47) (18,47)"
SIMULACION_CINCO_DIAS-CRITICA-N03,2026-04-04T20:13,2026-04-04T22:05,false,"(54,30) (59,30) (59,45)"
SIMULACION_CINCO_DIAS-CRITICA-N03,2026-04-04T22:16,2026-04-05T01:29,false,"(9,20) (17,20)"
SIMULACION_CINCO_DIAS-CRITICA-N03,2026-04-05T00:03,2026-04-05T03:27,false,"(40,18) (40,38) (52,38)"
SIMULACION_CINCO_DIAS-CRITICA-N03,2026-04-05T00:29,2026-04-05T00:48,false,"(10,10) (40,10) (40,25)"
SIMULACION_CINCO_DIAS-CRITICA-N03,2026-04-05T00:59,2026-04-05T03:59,false,"(8,21) (16,21)"
SIMULACION_CINCO_DIAS-CRITICA-N03,2026-04-05T02:11,2026-04-05T05:47,false,"(21,13) (51,13) (51,28)"
SIMULACION_CINCO_DIAS-CRITICA-N03,2026-04-05T02:27,2026-04-05T03:38,false,"(4,1) (16,1)"
SIMULACION_CINCO_DIAS-CRITICA-N03,2026-04-05T03:04,2026-04-05T04:10,false,"(11,30) (19,30)"
SIMULACION_CINCO_DIAS-CRITICA-N03,2026-04-05T03:33,2026-04-05T06:34,false,"(51,44) (51,29)"
SIMULACION_CINCO_DIAS-CRITICA-N03,2026-04-05T04:59,2026-04-05T07:33,false,"(7,35) (7,40) (12,40) (12,45) (22,45) (22,50)"
SIMULACION_CINCO_DIAS-CRITICA-N03,2026-04-05T05:14,2026-04-05T07:30,false,"(35,41) (42,41) (42,46) (57,46) (57,50)"
SIMULACION_CINCO_DIAS-CRITICA-N03,2026-04-05T05:52,2026-04-05T08:34,false,"(12,18) (12,33)"
SIMULACION_CINCO_DIAS-CRITICA-N03,2026-04-05T06:26,2026-04-05T07:29,false,"(21,23) (28,23) (28,28) (43,28) (43,32)"
SIMULACION_CINCO_DIAS-CRITICA-N03,2026-04-05T08:41,2026-04-05T09:44,false,"(36,31) (41,31) (41,46)"
SIMULACION_CINCO_DIAS-CRITICA-N03,2026-04-05T08:42,2026-04-05T10:46,false,"(0,36) (15,36) (15,44)"
SIMULACION_CINCO_DIAS-CRITICA-N03,2026-04-05T10:18,2026-04-05T11:35,false,"(57,16) (69,16)"
SIMULACION_CINCO_DIAS-CRITICA-N03,2026-04-05T10:54,2026-04-05T14:29,false,"(56,30) (61,30) (61,45)"
SIMULACION_CINCO_DIAS-CRITICA-N03,2026-04-05T11:46,2026-04-05T14:52,false,"(17,27) (24,27) (24,32) (39,32) (39,36)"
SIMULACION_CINCO_DIAS-CRITICA-N03,2026-04-05T12:01,2026-04-05T13:09,false,"(7,7) (15,7)"
SIMULACION_CINCO_DIAS-CRITICA-N03,2026-04-05T12:34,2026-04-05T14:39,false,"(11,21) (11,36)"
SIMULACION_CINCO_DIAS-CRITICA-N03,2026-04-05T16:53,2026-04-05T17:28,false,"(54,48) (66,48)"
SIMULACION_CINCO_DIAS-CRITICA-N03,2026-04-05T17:05,2026-04-05T18:41,false,"(33,8) (33,28) (45,28)"
SIMULACION_CINCO_DIAS-CRITICA-N03,2026-04-05T17:59,2026-04-05T21:49,false,"(0,7) (30,7) (30,22)"
SIMULACION_CINCO_DIAS-CRITICA-N03,2026-04-05T18:48,2026-04-05T21:40,false,"(40,29) (70,29) (70,44)"
SIMULACION_CINCO_DIAS-CRITICA-N03,2026-04-05T18:59,2026-04-05T22:55,false,"(42,23) (50,23)"
SIMULACION_CINCO_DIAS-CRITICA-N03,2026-04-05T19:53,2026-04-05T22:35,false,"(26,12) (26,32) (38,32)"
SIMULACION_CINCO_DIAS-CRITICA-N03,2026-04-05T20:46,2026-04-06T00:38,false,"(42,28) (47,28) (47,33) (52,33)"
SIMULACION_CINCO_DIAS-CRITICA-N03,2026-04-05T22:31,2026-04-06T02:31,false,"(16,20) (23,20) (23,25) (38,25) (38,29)"
SIMULACION_CINCO_DIAS-CRITICA-N03,2026-04-05T23:28,2026-04-06T02:01,false,"(30,27) (35,27) (35,42)"
SIMULACION_CINCO_DIAS-CRITICA-N03,2026-04-05T23:54,2026-04-06T03:29,false,"(0,5) (0,20)"
SIMULACION_CINCO_DIAS-CRITICA-N04,2026-04-01T00:30,2026-04-01T02:11,false,"(14,20) (19,20) (19,25) (24,25)"
SIMULACION_CINCO_DIAS-CRITICA-N04,2026-04-01T00:58,2026-04-01T03:03,false,"(28,50) (40,50)"
SIMULACION_CINCO_DIAS-CRITICA-N04,2026-04-01T02:22,2026-04-01T04:42,false,"(46,12) (66,12) (66,7)"
SIMULACION_CINCO_DIAS-CRITICA-N04,2026-04-01T02:27,2026-04-01T03:38,false,"(52,12) (64,12)"
SIMULACION_CINCO_DIAS-CRITICA-N04,2026-04-01T03:39,2026-04-01T06:49,false,"(29,35) (37,35)"
SIMULACION_CINCO_DIAS-CRITICA-N04,2026-04-01T03:41,2026-04-01T05:45,false,"(45,15) (45,35) (57,35)"
SIMULACION_CINCO_DIAS-CRITICA-N04,2026-04-01T04:25,2026-04-01T07:15,false,"(23,6) (23,11) (28,11) (28,16) (38,16) (38,21)"
SIMULACION_CINCO_DIAS-CRITICA-N04,2026-04-01T04:36,2026-04-01T06:49,false,"(2,32) (9,32) (9,37) (24,37) (24,41)"
SIMULACION_CINCO_DIAS-CRITICA-N04,2026-04-01T04:53,2026-04-01T05:32,false,"(37,16) (42,16) (42,21) (47,21)"
SIMULACION_CINCO_DIAS-CRITICA-N04,2026-04-01T04:55,2026-04-01T07:13,false,"(55,17) (55,32)"
SIMULACION_CINCO_DIAS-CRITICA-N04,2026-04-01T07:58,2026-04-01T11:37,false,"(30,16) (42,16)"
SIMULACION_CINCO_DIAS-CRITICA-N04,2026-04-01T08:10,2026-04-01T10:10,false,"(24,27) (36,27)"
SIMULACION_CINCO_DIAS-CRITICA-N04,2026-04-01T09:01,2026-04-01T10:23,false,"(9,14) (39,14) (39,29)"
SIMULACION_CINCO_DIAS-CRITICA-N04,2026-04-01T09:39,2026-04-01T10:05,false,"(17,35) (17,20)"
SIMULACION_CINCO_DIAS-CRITICA-N04,2026-04-01T11:38,2026-04-01T15:30,false,"(14,2) (21,2) (21,7) (36,7) (36,11)"
SIMULACION_CINCO_DIAS-CRITICA-N04,2026-04-01T12:42,2026-04-01T15:55,false,"(39,3) (54,3) (54,11)"
SIMULACION_CINCO_DIAS-CRITICA-N04,2026-04-01T13:20,2026-04-01T14:47,false,"(35,4) (47,4)"
SIMULACION_CINCO_DIAS-CRITICA-N04,2026-04-01T14:55,2026-04-01T18:10,false,"(2,3) (7,3) (7,18)"
SIMULACION_CINCO_DIAS-CRITICA-N04,2026-04-01T15:14,2026-04-01T16:51,false,"(39,13) (46,13) (46,18) (61,18) (61,22)"
SIMULACION_CINCO_DIAS-CRITICA-N04,2026-04-01T15:39,2026-04-01T16:41,false,"(10,28) (15,28) (15,33) (20,33)"
SIMULACION_CINCO_DIAS-CRITICA-N04,2026-04-01T16:28,2026-04-01T17:44,false,"(13,8) (13,13) (18,13) (18,18) (28,18) (28,23)"
SIMULACION_CINCO_DIAS-CRITICA-N04,2026-04-01T16:40,2026-04-01T19:54,false,"(22,27) (22,34) (27,34) (27,46) (35,46)"
SIMULACION_CINCO_DIAS-CRITICA-N04,2026-04-01T16:53,2026-04-01T20:39,false,"(19,5) (49,5) (49,20)"
SIMULACION_CINCO_DIAS-CRITICA-N04,2026-04-01T18:03,2026-04-01T19:00,false,"(5,33) (20,33) (20,41)"
SIMULACION_CINCO_DIAS-CRITICA-N04,2026-04-01T20:03,2026-04-01T20:46,false,"(0,10) (20,10) (20,5)"
SIMULACION_CINCO_DIAS-CRITICA-N04,2026-04-01T20:41,2026-04-01T22:20,false,"(43,5) (43,10) (48,10) (48,15) (58,15) (58,20)"
SIMULACION_CINCO_DIAS-CRITICA-N04,2026-04-01T21:26,2026-04-01T23:46,false,"(10,23) (15,23) (15,28) (20,28)"
SIMULACION_CINCO_DIAS-CRITICA-N04,2026-04-01T21:29,2026-04-01T21:46,false,"(42,34) (50,34)"
SIMULACION_CINCO_DIAS-CRITICA-N04,2026-04-01T22:15,2026-04-02T00:11,false,"(14,27) (19,27) (19,32) (24,32)"
SIMULACION_CINCO_DIAS-CRITICA-N04,2026-04-02T00:29,2026-04-02T00:48,false,"(18,33) (48,33) (48,48)"
SIMULACION_CINCO_DIAS-CRITICA-N04,2026-04-02T00:32,2026-04-02T03:57,false,"(45,34) (50,34) (50,49)"
SIMULACION_CINCO_DIAS-CRITICA-N04,2026-04-02T00:40,2026-04-02T03:53,false,"(9,40) (24,40) (24,48)"
SIMULACION_CINCO_DIAS-CRITICA-N04,2026-04-02T01:11,2026-04-02T03:08,false,"(12,9) (12,16) (17,16) (17,28) (25,28)"
SIMULACION_CINCO_DIAS-CRITICA-N04,2026-04-02T03:42,2026-04-02T05:43,false,"(31,11) (31,16) (36,16) (36,21) (46,21) (46,26)"
SIMULACION_CINCO_DIAS-CRITICA-N04,2026-04-02T06:55,2026-04-02T07:21,false,"(4,10) (4,17) (9,17) (9,29) (17,29)"
SIMULACION_CINCO_DIAS-CRITICA-N04,2026-04-02T07:14,2026-04-02T09:44,false,"(67,29) (67,44)"
SIMULACION_CINCO_DIAS-CRITICA-N04,2026-04-02T07:19,2026-04-02T07:52,false,"(61,10) (61,25)"
SIMULACION_CINCO_DIAS-CRITICA-N04,2026-04-02T07:31,2026-04-02T10:48,false,"(13,8) (43,8) (43,23)"
SIMULACION_CINCO_DIAS-CRITICA-N04,2026-04-02T07:55,2026-04-02T11:47,false,"(35,22) (35,42) (47,42)"
SIMULACION_CINCO_DIAS-CRITICA-N04,2026-04-02T09:13,2026-04-02T11:42,false,"(52,13) (57,13) (57,28)"
SIMULACION_CINCO_DIAS-CRITICA-N04,2026-04-02T09:35,2026-04-02T12:04,false,"(40,12) (48,12)"
SIMULACION_CINCO_DIAS-CRITICA-N04,2026-04-02T09:40,2026-04-02T13:30,false,"(43,32) (43,37) (48,37) (48,42) (58,42) (58,47)"
SIMULACION_CINCO_DIAS-CRITICA-N04,2026-04-02T09:40,2026-04-02T13:30,false,"(25,6) (25,11) (30,11) (30,16) (40,16) (40,21)"
SIMULACION_CINCO_DIAS-CRITICA-N04,2026-04-02T09:58,2026-04-02T10:24,false,"(22,30) (22,45)"
SIMULACION_CINCO_DIAS-CRITICA-N04,2026-04-02T10:01,2026-04-02T12:09,false,"(45,1) (45,21) (57,21)"
SIMULACION_CINCO_DIAS-CRITICA-N04,2026-04-02T10:11,2026-04-02T10:36,false,"(17,3) (32,3) (32,11)"
SIMULACION_CINCO_DIAS-CRITICA-N04,2026-04-02T10:28,2026-04-02T11:12,false,"(24,0) (54,0) (54,15)"
SIMULACION_CINCO_DIAS-CRITICA-N04,2026-04-02T11:01,2026-04-02T12:21,false,"(51,21) (51,36)"
SIMULACION_CINCO_DIAS-CRITICA-N04,2026-04-02T11:31,2026-04-02T14:29,false,"(16,11) (23,11) (23,16) (38,16) (38,20)"
SIMULACION_CINCO_DIAS-CRITICA-N04,2026-04-02T12:05,2026-04-02T15:40,false,"(36,29) (36,49) (48,49)"
SIMULACION_CINCO_DIAS-CRITICA-N04,2026-04-02T12:06,2026-04-02T15:41,false,"(18,16) (48,16) (48,31)"
SIMULACION_CINCO_DIAS-CRITICA-N04,2026-04-02T12:39,2026-04-02T14:58,false,"(18,9) (48,9) (48,24)"
SIMULACION_CINCO_DIAS-CRITICA-N04,2026-04-02T12:54,2026-04-02T15:51,false,"(26,35) (26,50)"
SIMULACION_CINCO_DIAS-CRITICA-N04,2026-04-02T13:46,2026-04-02T17:29,false,"(56,32) (56,17)"
SIMULACION_CINCO_DIAS-CRITICA-N04,2026-04-02T14:02,2026-04-02T15:30,false,"(50,15) (65,15) (65,23)"
SIMULACION_CINCO_DIAS-CRITICA-N04,2026-04-02T15:14,2026-04-02T18:26,false,"(3,30) (15,30)"
SIMULACION_CINCO_DIAS-CRITICA-N04,2026-04-02T16:28,2026-04-02T17:44,false,"(13,30) (13,35) (18,35) (18,40) (28,40) (28,45)"
SIMULACION_CINCO_DIAS-CRITICA-N04,2026-04-02T16:47,2026-04-02T18:35,false,"(58,15) (58,30)"
SIMULACION_CINCO_DIAS-CRITICA-N04,2026-04-02T17:21,2026-04-02T20:21,false,"(45,31) (50,31) (50,46)"
SIMULACION_CINCO_DIAS-CRITICA-N04,2026-04-02T18:30,2026-04-02T21:28,false,"(52,33) (52,38) (57,38) (57,43) (67,43) (67,48)"
SIMULACION_CINCO_DIAS-CRITICA-N04,2026-04-02T19:08,2026-04-02T21:32,false,"(2,6) (2,26) (14,26)"
SIMULACION_CINCO_DIAS-CRITICA-N04,2026-04-02T19:25,2026-04-02T22:56,false,"(34,2) (39,2) (39,7) (44,7)"
SIMULACION_CINCO_DIAS-CRITICA-N04,2026-04-02T20:36,2026-04-02T22:04,false,"(4,15) (19,15) (19,23)"
SIMULACION_CINCO_DIAS-CRITICA-N04,2026-04-02T21:13,2026-04-03T00:03,false,"(49,3) (64,3) (64,11)"
SIMULACION_CINCO_DIAS-CRITICA-N04,2026-04-02T21:31,2026-04-02T23:55,false,"(18,41) (38,41) (38,36)"
SIMULACION_CINCO_DIAS-CRITICA-N04,2026-04-02T21:37,2026-04-03T00:56,false,"(42,22) (57,22) (57,30)"
SIMULACION_CINCO_DIAS-CRITICA-N04,2026-04-02T23:08,2026-04-03T02:24,false,"(26,27) (34,27)"
SIMULACION_CINCO_DIAS-CRITICA-N04,2026-04-03T00:29,2026-04-03T00:48,false,"(25,4) (55,4) (55,19)"
SIMULACION_CINCO_DIAS-CRITICA-N04,2026-04-03T01:12,2026-04-03T03:34,false,"(28,5) (28,10) (33,10) (33,15) (43,15) (43,20)"
SIMULACION_CINCO_DIAS-CRITICA-N04,2026-04-03T01:39,2026-04-03T01:59,false,"(63,9) (63,24)"
SIMULACION_CINCO_DIAS-CRITICA-N04,2026-04-03T03:26,2026-04-03T04:29,false,"(44,21) (51,21) (51,26) (66,26) (66,30)"
SIMULACION_CINCO_DIAS-CRITICA-N04,2026-04-03T03:49,2026-04-03T05:44,false,"(28,40) (28,25)"
SIMULACION_CINCO_DIAS-CRITICA-N04,2026-04-03T03:56,2026-04-03T07:16,false,"(22,34) (30,34)"
SIMULACION_CINCO_DIAS-CRITICA-N04,2026-04-03T05:17,2026-04-03T06:06,false,"(31,34) (31,19)"
SIMULACION_CINCO_DIAS-CRITICA-N04,2026-04-03T06:58,2026-04-03T09:59,false,"(31,32) (36,32) (36,47)"
SIMULACION_CINCO_DIAS-CRITICA-N04,2026-04-03T07:04,2026-04-03T07:30,false,"(61,45) (69,45)"
SIMULACION_CINCO_DIAS-CRITICA-N04,2026-04-03T07:27,2026-04-03T08:23,false,"(57,16) (57,36) (69,36)"
SIMULACION_CINCO_DIAS-CRITICA-N04,2026-04-03T07:51,2026-04-03T08:44,false,"(34,32) (54,32) (54,27)"
SIMULACION_CINCO_DIAS-CRITICA-N04,2026-04-03T08:11,2026-04-03T12:04,false,"(34,12) (42,12)"
SIMULACION_CINCO_DIAS-CRITICA-N04,2026-04-03T08:12,2026-04-03T10:32,false,"(50,35) (70,35) (70,30)"
SIMULACION_CINCO_DIAS-CRITICA-N04,2026-04-03T10:00,2026-04-03T13:58,false,"(43,14) (58,14) (58,22)"
SIMULACION_CINCO_DIAS-CRITICA-N04,2026-04-03T11:43,2026-04-03T13:59,false,"(59,26) (59,11)"
SIMULACION_CINCO_DIAS-CRITICA-N04,2026-04-03T11:58,2026-04-03T12:18,false,"(0,24) (0,29) (5,29) (5,34) (15,34) (15,39)"
SIMULACION_CINCO_DIAS-CRITICA-N04,2026-04-03T14:02,2026-04-03T15:30,false,"(14,13) (29,13) (29,21)"
SIMULACION_CINCO_DIAS-CRITICA-N04,2026-04-03T14:35,2026-04-03T15:47,false,"(16,10) (36,10) (36,5)"
SIMULACION_CINCO_DIAS-CRITICA-N04,2026-04-03T14:38,2026-04-03T18:02,false,"(25,17) (40,17) (40,25)"
SIMULACION_CINCO_DIAS-CRITICA-N04,2026-04-03T15:04,2026-04-03T18:43,false,"(12,38) (27,38) (27,46)"
SIMULACION_CINCO_DIAS-CRITICA-N04,2026-04-03T16:20,2026-04-03T18:07,false,"(54,22) (54,37)"
SIMULACION_CINCO_DIAS-CRITICA-N04,2026-04-03T16:25,2026-04-03T17:17,false,"(12,26) (27,26) (27,34)"
SIMULACION_CINCO_DIAS-CRITICA-N04,2026-04-03T16:42,2026-04-03T19:20,false,"(17,12) (17,27)"
SIMULACION_CINCO_DIAS-CRITICA-N04,2026-04-03T17:41,2026-04-03T21:14,false,"(18,4) (48,4) (48,19)"
SIMULACION_CINCO_DIAS-CRITICA-N04,2026-04-03T18:31,2026-04-03T19:45,false,"(48,25) (68,25) (68,20)"
SIMULACION_CINCO_DIAS-CRITICA-N04,2026-04-03T19:01,2026-04-03T22:34,false,"(38,4) (43,4) (43,19)"
SIMULACION_CINCO_DIAS-CRITICA-N04,2026-04-03T20:13,2026-04-03T22:05,false,"(21,13) (26,13) (26,28)"
SIMULACION_CINCO_DIAS-CRITICA-N04,2026-04-03T21:59,2026-04-03T23:22,false,"(50,22) (50,42) (62,42)"
SIMULACION_CINCO_DIAS-CRITICA-N04,2026-04-03T22:12,2026-04-03T23:13,false,"(35,13) (35,33) (47,33)"
SIMULACION_CINCO_DIAS-CRITICA-N04,2026-04-04T00:54,2026-04-04T03:01,false,"(4,23) (19,23) (19,31)"
SIMULACION_CINCO_DIAS-CRITICA-N04,2026-04-04T01:12,2026-04-04T02:00,false,"(25,25) (55,25) (55,40)"
SIMULACION_CINCO_DIAS-CRITICA-N04,2026-04-04T01:56,2026-04-04T03:16,false,"(16,25) (23,25) (23,30) (38,30) (38,34)"
SIMULACION_CINCO_DIAS-CRITICA-N04,2026-04-04T01:59,2026-04-04T05:03,false,"(51,10) (51,15) (56,15) (56,20) (66,20) (66,25)"
SIMULACION_CINCO_DIAS-CRITICA-N04,2026-04-04T02:27,2026-04-04T06:03,false,"(53,33) (53,48)"
SIMULACION_CINCO_DIAS-CRITICA-N04,2026-04-04T03:39,2026-04-04T05:12,false,"(50,18) (55,18) (55,33)"
SIMULACION_CINCO_DIAS-CRITICA-N04,2026-04-04T05:21,2026-04-04T08:42,false,"(5,20) (10,20) (10,35)"
SIMULACION_CINCO_DIAS-CRITICA-N04,2026-04-04T05:41,2026-04-04T09:11,false,"(15,26) (15,46) (27,46)"
SIMULACION_CINCO_DIAS-CRITICA-N04,2026-04-04T09:14,2026-04-04T10:21,false,"(15,15) (45,15) (45,30)"
SIMULACION_CINCO_DIAS-CRITICA-N04,2026-04-04T09:21,2026-04-04T12:05,false,"(11,16) (19,16)"
SIMULACION_CINCO_DIAS-CRITICA-N04,2026-04-04T09:25,2026-04-04T10:20,false,"(52,17) (57,17) (57,22) (62,22)"
SIMULACION_CINCO_DIAS-CRITICA-N04,2026-04-04T10:16,2026-04-04T12:39,false,"(21,17) (28,17) (28,22) (43,22) (43,26)"
SIMULACION_CINCO_DIAS-CRITICA-N04,2026-04-04T10:23,2026-04-04T12:15,false,"(22,18) (22,33)"
SIMULACION_CINCO_DIAS-CRITICA-N04,2026-04-04T10:24,2026-04-04T12:44,false,"(44,3) (56,3)"
SIMULACION_CINCO_DIAS-CRITICA-N04,2026-04-04T10:36,2026-04-04T13:36,false,"(55,9) (55,29) (67,29)"
SIMULACION_CINCO_DIAS-CRITICA-N04,2026-04-04T10:37,2026-04-04T13:30,false,"(16,40) (28,40)"
SIMULACION_CINCO_DIAS-CRITICA-N04,2026-04-04T12:00,2026-04-04T12:27,false,"(26,3) (56,3) (56,18)"
SIMULACION_CINCO_DIAS-CRITICA-N04,2026-04-04T12:01,2026-04-04T14:40,false,"(64,34) (69,34) (69,49)"
SIMULACION_CINCO_DIAS-CRITICA-N04,2026-04-04T13:01,2026-04-04T13:32,false,"(67,24) (67,39)"
SIMULACION_CINCO_DIAS-CRITICA-N04,2026-04-04T13:28,2026-04-04T16:03,false,"(28,2) (28,17)"
SIMULACION_CINCO_DIAS-CRITICA-N04,2026-04-04T14:12,2026-04-04T16:13,false,"(34,1) (34,21) (46,21)"
SIMULACION_CINCO_DIAS-CRITICA-N04,2026-04-04T14:36,2026-04-04T15:58,false,"(22,17) (34,17)"
SIMULACION_CINCO_DIAS-CRITICA-N04,2026-04-04T16:06,2026-04-04T20:02,false,"(8,15) (8,30)"
SIMULACION_CINCO_DIAS-CRITICA-N04,2026-04-04T16:25,2026-04-04T18:48,false,"(9,35) (9,20)"
SIMULACION_CINCO_DIAS-CRITICA-N04,2026-04-04T16:40,2026-04-04T19:00,false,"(16,19) (46,19) (46,34)"
SIMULACION_CINCO_DIAS-CRITICA-N04,2026-04-04T17:08,2026-04-04T20:20,false,"(58,11) (58,26)"
SIMULACION_CINCO_DIAS-CRITICA-N04,2026-04-04T17:20,2026-04-04T20:27,false,"(4,25) (9,25) (9,40)"
SIMULACION_CINCO_DIAS-CRITICA-N04,2026-04-04T17:57,2026-04-04T21:50,false,"(39,8) (39,28) (51,28)"
SIMULACION_CINCO_DIAS-CRITICA-N04,2026-04-04T18:30,2026-04-04T20:41,false,"(56,27) (56,42)"
SIMULACION_CINCO_DIAS-CRITICA-N04,2026-04-04T19:40,2026-04-04T22:59,false,"(16,27) (16,12)"
SIMULACION_CINCO_DIAS-CRITICA-N04,2026-04-04T20:52,2026-04-05T00:44,false,"(2,36) (2,21)"
SIMULACION_CINCO_DIAS-CRITICA-N04,2026-04-04T22:36,2026-04-05T01:52,false,"(42,4) (42,19)"
SIMULACION_CINCO_DIAS-CRITICA-N04,2026-04-04T22:37,2026-04-05T00:18,false,"(48,8) (53,8) (53,23)"
SIMULACION_CINCO_DIAS-CRITICA-N04,2026-04-05T00:27,2026-04-05T04:20,false,"(61,0) (61,15)"
SIMULACION_CINCO_DIAS-CRITICA-N04,2026-04-05T00:59,2026-04-05T04:30,false,"(30,47) (50,47) (50,42)"
SIMULACION_CINCO_DIAS-CRITICA-N04,2026-04-05T02:27,2026-04-05T06:03,false,"(64,12) (64,27)"
SIMULACION_CINCO_DIAS-CRITICA-N04,2026-04-05T03:12,2026-04-05T05:47,false,"(51,19) (51,39) (63,39)"
SIMULACION_CINCO_DIAS-CRITICA-N04,2026-04-05T04:22,2026-04-05T07:00,false,"(39,20) (47,20)"
SIMULACION_CINCO_DIAS-CRITICA-N04,2026-04-05T07:19,2026-04-05T07:52,false,"(54,23) (54,38)"
SIMULACION_CINCO_DIAS-CRITICA-N04,2026-04-05T08:29,2026-04-05T09:50,false,"(28,23) (28,43) (40,43)"
SIMULACION_CINCO_DIAS-CRITICA-N04,2026-04-05T12:48,2026-04-05T14:31,false,"(17,11) (47,11) (47,26)"
SIMULACION_CINCO_DIAS-CRITICA-N04,2026-04-05T14:12,2026-04-05T14:28,false,"(46,19) (46,4)"
SIMULACION_CINCO_DIAS-CRITICA-N04,2026-04-05T14:44,2026-04-05T18:09,false,"(43,27) (43,42)"
SIMULACION_CINCO_DIAS-CRITICA-N04,2026-04-05T15:54,2026-04-05T18:47,false,"(4,1) (9,1) (9,6) (14,6)"
SIMULACION_CINCO_DIAS-CRITICA-N04,2026-04-05T16:20,2026-04-05T18:07,false,"(37,35) (37,50)"
SIMULACION_CINCO_DIAS-CRITICA-N04,2026-04-05T17:40,2026-04-05T18:19,false,"(6,28) (6,43)"
SIMULACION_CINCO_DIAS-CRITICA-N04,2026-04-05T18:32,2026-04-05T20:36,false,"(7,7) (7,22)"
SIMULACION_CINCO_DIAS-CRITICA-N04,2026-04-05T18:53,2026-04-05T20:59,false,"(33,21) (40,21) (40,26) (55,26) (55,30)"
SIMULACION_CINCO_DIAS-CRITICA-N04,2026-04-05T19:22,2026-04-05T21:09,false,"(16,23) (16,38)"
SIMULACION_CINCO_DIAS-CRITICA-N04,2026-04-05T19:42,2026-04-05T20:59,false,"(11,19) (11,4)"
SIMULACION_CINCO_DIAS-CRITICA-N04,2026-04-05T20:02,2026-04-05T22:17,false,"(5,46) (5,31)"
SIMULACION_CINCO_DIAS-CRITICA-N04,2026-04-05T20:14,2026-04-05T22:50,false,"(44,26) (64,26) (64,21)"
SIMULACION_CINCO_DIAS-CRITICA-N04,2026-04-05T20:22,2026-04-05T23:15,false,"(51,25) (51,30) (56,30) (56,35) (66,35) (66,40)"
SIMULACION_CINCO_DIAS-CRITICA-N04,2026-04-05T20:38,2026-04-05T22:58,false,"(61,4) (69,4)"
SIMULACION_CINCO_DIAS-CRITICA-N04,2026-04-05T21:12,2026-04-05T23:26,false,"(59,39) (64,39) (64,44) (69,44)"
SIMULACION_CINCO_DIAS-CRITICA-N04,2026-04-05T21:15,2026-04-05T22:34,false,"(35,34) (35,49)"
SIMULACION_CINCO_DIAS-CRITICA-N04,2026-04-05T22:38,2026-04-06T00:27,false,"(31,32) (36,32) (36,37) (41,37)"
SIMULACION_CINCO_DIAS-CRITICA-N05,2026-04-01T00:22,2026-04-01T02:30,false,"(46,3) (61,3) (61,11)"
SIMULACION_CINCO_DIAS-CRITICA-N05,2026-04-01T02:52,2026-04-01T04:54,false,"(30,6) (35,6) (35,21)"
SIMULACION_CINCO_DIAS-CRITICA-N05,2026-04-01T05:21,2026-04-01T06:42,false,"(30,22) (35,22) (35,37)"
SIMULACION_CINCO_DIAS-CRITICA-N05,2026-04-01T05:34,2026-04-01T06:50,false,"(48,13) (48,28)"
SIMULACION_CINCO_DIAS-CRITICA-N05,2026-04-01T06:23,2026-04-01T09:18,false,"(12,11) (19,11) (19,16) (34,16) (34,20)"
SIMULACION_CINCO_DIAS-CRITICA-N05,2026-04-01T06:42,2026-04-01T07:30,false,"(27,17) (42,17) (42,25)"
SIMULACION_CINCO_DIAS-CRITICA-N05,2026-04-01T08:41,2026-04-01T12:41,false,"(32,8) (32,28) (44,28)"
SIMULACION_CINCO_DIAS-CRITICA-N05,2026-04-01T09:06,2026-04-01T09:46,false,"(13,35) (28,35) (28,43)"
SIMULACION_CINCO_DIAS-CRITICA-N05,2026-04-01T09:27,2026-04-01T13:23,false,"(45,8) (45,23)"
SIMULACION_CINCO_DIAS-CRITICA-N05,2026-04-01T09:34,2026-04-01T12:01,false,"(41,2) (48,2) (48,7) (63,7) (63,11)"
SIMULACION_CINCO_DIAS-CRITICA-N05,2026-04-01T09:53,2026-04-01T12:04,false,"(29,25) (59,25) (59,40)"
SIMULACION_CINCO_DIAS-CRITICA-N05,2026-04-01T10:36,2026-04-01T13:01,false,"(19,19) (19,26) (24,26) (24,38) (32,38)"
SIMULACION_CINCO_DIAS-CRITICA-N05,2026-04-01T11:01,2026-04-01T11:57,false,"(16,46) (28,46)"
SIMULACION_CINCO_DIAS-CRITICA-N05,2026-04-01T11:43,2026-04-01T13:07,false,"(54,29) (69,29) (69,37)"
SIMULACION_CINCO_DIAS-CRITICA-N05,2026-04-01T12:11,2026-04-01T15:15,false,"(22,31) (22,36) (27,36) (27,41) (37,41) (37,46)"
SIMULACION_CINCO_DIAS-CRITICA-N05,2026-04-01T12:31,2026-04-01T14:20,false,"(46,12) (46,27)"
SIMULACION_CINCO_DIAS-CRITICA-N05,2026-04-01T12:45,2026-04-01T13:09,false,"(47,41) (55,41)"
SIMULACION_CINCO_DIAS-CRITICA-N05,2026-04-01T13:18,2026-04-01T15:55,false,"(36,15) (36,30)"
SIMULACION_CINCO_DIAS-CRITICA-N05,2026-04-01T14:01,2026-04-01T15:59,false,"(27,7) (27,22)"
SIMULACION_CINCO_DIAS-CRITICA-N05,2026-04-01T15:06,2026-04-01T18:58,false,"(51,16) (63,16)"
SIMULACION_CINCO_DIAS-CRITICA-N05,2026-04-01T16:37,2026-04-01T18:36,false,"(8,5) (8,20)"
SIMULACION_CINCO_DIAS-CRITICA-N05,2026-04-01T16:40,2026-04-01T19:54,false,"(12,31) (12,38) (17,38) (17,50) (25,50)"
SIMULACION_CINCO_DIAS-CRITICA-N05,2026-04-01T16:48,2026-04-01T19:58,false,"(25,2) (32,2) (32,7) (47,7) (47,11)"
SIMULACION_CINCO_DIAS-CRITICA-N05,2026-04-01T18:27,2026-04-01T20:45,false,"(18,19) (23,19) (23,34)"
SIMULACION_CINCO_DIAS-CRITICA-N05,2026-04-01T19:07,2026-04-01T21:53,false,"(38,35) (46,35)"
SIMULACION_CINCO_DIAS-CRITICA-N05,2026-04-01T21:28,2026-04-01T22:20,false,"(4,22) (9,22) (9,27) (14,27)"
SIMULACION_CINCO_DIAS-CRITICA-N05,2026-04-01T21:59,2026-04-01T22:40,false,"(43,41) (51,41)"
SIMULACION_CINCO_DIAS-CRITICA-N05,2026-04-01T23:26,2026-04-02T02:30,false,"(25,18) (37,18)"
SIMULACION_CINCO_DIAS-CRITICA-N05,2026-04-01T23:36,2026-04-02T03:07,false,"(52,36) (57,36) (57,41) (62,41)"
SIMULACION_CINCO_DIAS-CRITICA-N05,2026-04-01T23:52,2026-04-02T02:03,false,"(11,29) (26,29) (26,37)"
SIMULACION_CINCO_DIAS-CRITICA-N05,2026-04-02T00:20,2026-04-02T03:29,false,"(33,38) (40,38) (40,43) (55,43) (55,47)"
SIMULACION_CINCO_DIAS-CRITICA-N05,2026-04-02T00:55,2026-04-02T01:10,false,"(40,12) (48,12)"
SIMULACION_CINCO_DIAS-CRITICA-N05,2026-04-02T02:42,2026-04-02T06:15,false,"(0,14) (5,14) (5,19) (10,19)"
SIMULACION_CINCO_DIAS-CRITICA-N05,2026-04-02T05:43,2026-04-02T07:48,false,"(42,27) (42,32) (47,32) (47,37) (57,37) (57,42)"
SIMULACION_CINCO_DIAS-CRITICA-N05,2026-04-02T07:50,2026-04-02T08:58,false,"(42,0) (42,15)"
SIMULACION_CINCO_DIAS-CRITICA-N05,2026-04-02T08:12,2026-04-02T10:32,false,"(16,7) (36,7) (36,2)"
SIMULACION_CINCO_DIAS-CRITICA-N05,2026-04-02T10:38,2026-04-02T12:43,false,"(54,22) (54,37)"
SIMULACION_CINCO_DIAS-CRITICA-N05,2026-04-02T11:33,2026-04-02T12:55,false,"(33,22) (33,29) (38,29) (38,41) (46,41)"
SIMULACION_CINCO_DIAS-CRITICA-N05,2026-04-02T12:02,2026-04-02T14:17,false,"(18,9) (18,14) (23,14) (23,19) (33,19) (33,24)"
SIMULACION_CINCO_DIAS-CRITICA-N05,2026-04-02T14:35,2026-04-02T15:34,false,"(38,9) (50,9)"
SIMULACION_CINCO_DIAS-CRITICA-N05,2026-04-02T14:42,2026-04-02T15:04,false,"(60,27) (60,12)"
SIMULACION_CINCO_DIAS-CRITICA-N05,2026-04-02T14:42,2026-04-02T15:23,false,"(17,17) (47,17) (47,32)"
SIMULACION_CINCO_DIAS-CRITICA-N05,2026-04-02T17:17,2026-04-02T17:53,false,"(48,9) (48,16) (53,16) (53,28) (61,28)"
SIMULACION_CINCO_DIAS-CRITICA-N05,2026-04-02T18:03,2026-04-02T19:00,false,"(16,21) (31,21) (31,29)"
SIMULACION_CINCO_DIAS-CRITICA-N05,2026-04-02T19:00,2026-04-02T21:07,false,"(49,2) (54,2) (54,17)"
SIMULACION_CINCO_DIAS-CRITICA-N05,2026-04-02T19:09,2026-04-02T22:02,false,"(16,9) (36,9) (36,4)"
SIMULACION_CINCO_DIAS-CRITICA-N05,2026-04-02T19:18,2026-04-02T20:19,false,"(1,26) (21,26) (21,21)"
SIMULACION_CINCO_DIAS-CRITICA-N05,2026-04-02T19:22,2026-04-02T23:09,false,"(31,31) (31,38) (36,38) (36,50) (44,50)"
SIMULACION_CINCO_DIAS-CRITICA-N05,2026-04-02T19:33,2026-04-02T22:43,false,"(47,12) (47,19) (52,19) (52,31) (60,31)"
SIMULACION_CINCO_DIAS-CRITICA-N05,2026-04-02T20:14,2026-04-02T22:50,false,"(19,37) (39,37) (39,32)"
SIMULACION_CINCO_DIAS-CRITICA-N05,2026-04-02T20:36,2026-04-02T23:40,false,"(31,15) (39,15)"
SIMULACION_CINCO_DIAS-CRITICA-N05,2026-04-02T22:15,2026-04-03T00:11,false,"(13,33) (18,33) (18,38) (23,38)"
SIMULACION_CINCO_DIAS-CRITICA-N05,2026-04-02T23:44,2026-04-03T01:36,false,"(24,10) (24,25)"
SIMULACION_CINCO_DIAS-CRITICA-N05,2026-04-03T00:03,2026-04-03T03:45,false,"(34,35) (34,50)"
SIMULACION_CINCO_DIAS-CRITICA-N05,2026-04-03T01:44,2026-04-03T03:37,false,"(45,34) (45,39) (50,39) (50,44) (60,44) (60,49)"
SIMULACION_CINCO_DIAS-CRITICA-N05,2026-04-03T02:21,2026-04-03T04:03,false,"(48,42) (48,27)"
SIMULACION_CINCO_DIAS-CRITICA-N05,2026-04-03T02:26,2026-04-03T05:51,false,"(19,32) (19,37) (24,37) (24,42) (34,42) (34,47)"
SIMULACION_CINCO_DIAS-CRITICA-N05,2026-04-03T02:57,2026-04-03T05:22,false,"(6,2) (36,2) (36,17)"
SIMULACION_CINCO_DIAS-CRITICA-N05,2026-04-03T03:51,2026-04-03T04:10,false,"(8,14) (8,19) (13,19) (13,24) (23,24) (23,29)"
SIMULACION_CINCO_DIAS-CRITICA-N05,2026-04-03T06:06,2026-04-03T08:51,false,"(55,1) (55,16)"
SIMULACION_CINCO_DIAS-CRITICA-N05,2026-04-03T07:10,2026-04-03T10:01,false,"(2,29) (2,44)"
SIMULACION_CINCO_DIAS-CRITICA-N05,2026-04-03T08:20,2026-04-03T11:00,false,"(14,13) (44,13) (44,28)"
SIMULACION_CINCO_DIAS-CRITICA-N05,2026-04-03T10:13,2026-04-03T13:35,false,"(54,14) (59,14) (59,29)"
SIMULACION_CINCO_DIAS-CRITICA-N05,2026-04-03T13:18,2026-04-03T15:37,false,"(28,30) (28,45)"
SIMULACION_CINCO_DIAS-CRITICA-N05,2026-04-03T14:49,2026-04-03T17:49,false,"(9,33) (9,48)"
SIMULACION_CINCO_DIAS-CRITICA-N05,2026-04-03T16:31,2026-04-03T19:09,false,"(41,12) (41,27)"
SIMULACION_CINCO_DIAS-CRITICA-N05,2026-04-03T21:22,2026-04-04T00:11,false,"(9,8) (9,13) (14,13) (14,18) (24,18) (24,23)"
SIMULACION_CINCO_DIAS-CRITICA-N05,2026-04-03T21:41,2026-04-03T22:13,false,"(23,31) (23,46)"
SIMULACION_CINCO_DIAS-CRITICA-N05,2026-04-03T21:58,2026-04-04T00:29,false,"(46,12) (51,12) (51,27)"
SIMULACION_CINCO_DIAS-CRITICA-N05,2026-04-03T22:16,2026-04-04T01:29,false,"(25,21) (33,21)"
SIMULACION_CINCO_DIAS-CRITICA-N05,2026-04-04T00:27,2026-04-04T04:20,false,"(22,30) (22,45)"
SIMULACION_CINCO_DIAS-CRITICA-N05,2026-04-04T00:51,2026-04-04T01:37,false,"(24,31) (29,31) (29,36) (34,36)"
SIMULACION_CINCO_DIAS-CRITICA-N05,2026-04-04T01:18,2026-04-04T03:27,false,"(19,1) (31,1)"
SIMULACION_CINCO_DIAS-CRITICA-N05,2026-04-04T01:28,2026-04-04T04:15,false,"(47,19) (47,26) (52,26) (52,38) (60,38)"
SIMULACION_CINCO_DIAS-CRITICA-N05,2026-04-04T01:32,2026-04-04T04:57,false,"(43,18) (48,18) (48,33)"
SIMULACION_CINCO_DIAS-CRITICA-N05,2026-04-04T01:45,2026-04-04T04:53,false,"(37,31) (57,31) (57,26)"
SIMULACION_CINCO_DIAS-CRITICA-N05,2026-04-04T02:06,2026-04-04T06:02,false,"(29,0) (29,15)"
SIMULACION_CINCO_DIAS-CRITICA-N05,2026-04-04T03:56,2026-04-04T07:16,false,"(39,25) (47,25)"
SIMULACION_CINCO_DIAS-CRITICA-N05,2026-04-04T04:26,2026-04-04T05:38,false,"(9,33) (9,48)"
SIMULACION_CINCO_DIAS-CRITICA-N05,2026-04-04T04:26,2026-04-04T07:35,false,"(16,4) (24,4)"
SIMULACION_CINCO_DIAS-CRITICA-N05,2026-04-04T04:59,2026-04-04T07:33,false,"(54,19) (54,24) (59,24) (59,29) (69,29) (69,34)"
SIMULACION_CINCO_DIAS-CRITICA-N05,2026-04-04T06:22,2026-04-04T08:00,false,"(23,33) (38,33) (38,41)"
SIMULACION_CINCO_DIAS-CRITICA-N05,2026-04-04T06:47,2026-04-04T09:36,false,"(2,3) (2,8) (7,8) (7,13) (17,13) (17,18)"
SIMULACION_CINCO_DIAS-CRITICA-N05,2026-04-04T07:36,2026-04-04T09:44,false,"(0,20) (0,25) (5,25) (5,30) (15,30) (15,35)"
SIMULACION_CINCO_DIAS-CRITICA-N05,2026-04-04T07:38,2026-04-04T10:11,false,"(28,17) (35,17) (35,22) (50,22) (50,26)"
SIMULACION_CINCO_DIAS-CRITICA-N05,2026-04-04T08:26,2026-04-04T11:48,false,"(26,26) (26,41)"
SIMULACION_CINCO_DIAS-CRITICA-N05,2026-04-04T10:10,2026-04-04T12:46,false,"(23,9) (28,9) (28,14) (33,14)"
SIMULACION_CINCO_DIAS-CRITICA-N05,2026-04-04T11:36,2026-04-04T14:57,false,"(67,33) (67,48)"
SIMULACION_CINCO_DIAS-CRITICA-N05,2026-04-04T11:43,2026-04-04T13:59,false,"(16,21) (16,6)"
SIMULACION_CINCO_DIAS-CRITICA-N05,2026-04-04T14:11,2026-04-04T15:15,false,"(27,3) (42,3) (42,11)"
SIMULACION_CINCO_DIAS-CRITICA-N05,2026-04-04T14:56,2026-04-04T16:16,false,"(13,22) (18,22) (18,27) (23,27)"
SIMULACION_CINCO_DIAS-CRITICA-N05,2026-04-04T15:51,2026-04-04T16:36,false,"(19,32) (31,32)"
SIMULACION_CINCO_DIAS-CRITICA-N05,2026-04-04T17:17,2026-04-04T17:53,false,"(11,20) (11,27) (16,27) (16,39) (24,39)"
SIMULACION_CINCO_DIAS-CRITICA-N05,2026-04-04T18:03,2026-04-04T19:00,false,"(36,17) (51,17) (51,25)"
SIMULACION_CINCO_DIAS-CRITICA-N05,2026-04-04T18:09,2026-04-04T18:57,false,"(14,30) (14,37) (19,37) (19,49) (27,49)"
SIMULACION_CINCO_DIAS-CRITICA-N05,2026-04-04T21:09,2026-04-04T23:14,false,"(2,43) (2,28)"
SIMULACION_CINCO_DIAS-CRITICA-N05,2026-04-04T21:14,2026-04-04T22:57,false,"(2,36) (17,36) (17,44)"
SIMULACION_CINCO_DIAS-CRITICA-N05,2026-04-04T22:29,2026-04-05T01:30,false,"(41,20) (41,5)"
SIMULACION_CINCO_DIAS-CRITICA-N05,2026-04-05T00:22,2026-04-05T02:30,false,"(40,10) (55,10) (55,18)"
SIMULACION_CINCO_DIAS-CRITICA-N05,2026-04-05T00:25,2026-04-05T03:41,false,"(24,22) (31,22) (31,27) (46,27) (46,31)"
SIMULACION_CINCO_DIAS-CRITICA-N05,2026-04-05T02:06,2026-04-05T06:02,false,"(36,10) (36,25)"
SIMULACION_CINCO_DIAS-CRITICA-N05,2026-04-05T02:29,2026-04-05T05:26,false,"(47,41) (54,41) (54,46) (69,46) (69,50)"
SIMULACION_CINCO_DIAS-CRITICA-N05,2026-04-05T02:44,2026-04-05T06:40,false,"(29,29) (29,34) (34,34) (34,39) (44,39) (44,44)"
SIMULACION_CINCO_DIAS-CRITICA-N05,2026-04-05T04:30,2026-04-05T06:41,false,"(14,31) (14,46)"
SIMULACION_CINCO_DIAS-CRITICA-N05,2026-04-05T05:21,2026-04-05T07:35,false,"(22,4) (34,4)"
SIMULACION_CINCO_DIAS-CRITICA-N05,2026-04-05T06:01,2026-04-05T09:58,false,"(8,5) (8,12) (13,12) (13,24) (21,24)"
SIMULACION_CINCO_DIAS-CRITICA-N05,2026-04-05T06:37,2026-04-05T08:53,false,"(41,0) (46,0) (46,5) (51,5)"
SIMULACION_CINCO_DIAS-CRITICA-N05,2026-04-05T06:59,2026-04-05T08:10,false,"(19,5) (19,10) (24,10) (24,15) (34,15) (34,20)"
SIMULACION_CINCO_DIAS-CRITICA-N05,2026-04-05T07:11,2026-04-05T10:32,false,"(29,31) (34,31) (34,46)"
SIMULACION_CINCO_DIAS-CRITICA-N05,2026-04-05T07:30,2026-04-05T11:07,false,"(47,10) (67,10) (67,5)"
SIMULACION_CINCO_DIAS-CRITICA-N05,2026-04-05T07:31,2026-04-05T10:48,false,"(35,17) (65,17) (65,32)"
SIMULACION_CINCO_DIAS-CRITICA-N05,2026-04-05T08:17,2026-04-05T10:22,false,"(22,7) (22,27) (34,27)"
SIMULACION_CINCO_DIAS-CRITICA-N05,2026-04-05T08:19,2026-04-05T09:34,false,"(35,0) (35,7) (40,7) (40,19) (48,19)"
SIMULACION_CINCO_DIAS-CRITICA-N05,2026-04-05T08:45,2026-04-05T12:26,false,"(30,16) (30,36) (42,36)"
SIMULACION_CINCO_DIAS-CRITICA-N05,2026-04-05T09:01,2026-04-05T10:23,false,"(11,29) (41,29) (41,44)"
SIMULACION_CINCO_DIAS-CRITICA-N05,2026-04-05T09:16,2026-04-05T09:54,false,"(47,12) (54,12) (54,17) (69,17) (69,21)"
SIMULACION_CINCO_DIAS-CRITICA-N05,2026-04-05T09:45,2026-04-05T12:10,false,"(22,24) (27,24) (27,39)"
SIMULACION_CINCO_DIAS-CRITICA-N05,2026-04-05T09:50,2026-04-05T12:29,false,"(51,24) (51,31) (56,31) (56,43) (64,43)"
SIMULACION_CINCO_DIAS-CRITICA-N05,2026-04-05T10:01,2026-04-05T12:09,false,"(19,22) (19,42) (31,42)"
SIMULACION_CINCO_DIAS-CRITICA-N05,2026-04-05T10:46,2026-04-05T12:34,false,"(46,28) (58,28)"
SIMULACION_CINCO_DIAS-CRITICA-N05,2026-04-05T11:32,2026-04-05T14:32,false,"(25,3) (25,18)"
SIMULACION_CINCO_DIAS-CRITICA-N05,2026-04-05T15:10,2026-04-05T16:40,false,"(43,5) (48,5) (48,20)"
SIMULACION_CINCO_DIAS-CRITICA-N05,2026-04-05T15:17,2026-04-05T15:39,false,"(39,29) (51,29)"
SIMULACION_CINCO_DIAS-CRITICA-N05,2026-04-05T15:20,2026-04-05T16:19,false,"(19,15) (19,30)"
SIMULACION_CINCO_DIAS-CRITICA-N05,2026-04-05T15:50,2026-04-05T16:58,false,"(40,5) (55,5) (55,13)"
SIMULACION_CINCO_DIAS-CRITICA-N05,2026-04-05T15:51,2026-04-05T16:36,false,"(19,25) (31,25)"
SIMULACION_CINCO_DIAS-CRITICA-N05,2026-04-05T16:21,2026-04-05T18:33,false,"(38,17) (38,32)"
SIMULACION_CINCO_DIAS-CRITICA-N05,2026-04-05T19:06,2026-04-05T19:21,false,"(18,23) (18,28) (23,28) (23,33) (33,33) (33,38)"
SIMULACION_CINCO_DIAS-CRITICA-N05,2026-04-05T19:32,2026-04-05T23:20,false,"(5,25) (12,25) (12,30) (27,30) (27,34)"
SIMULACION_CINCO_DIAS-CRITICA-N05,2026-04-05T19:40,2026-04-05T21:16,false,"(26,39) (26,24)"
SIMULACION_CINCO_DIAS-CRITICA-N05,2026-04-05T20:36,2026-04-05T23:03,false,"(35,42) (35,27)"
SIMULACION_CINCO_DIAS-CRITICA-N05,2026-04-05T21:39,2026-04-05T21:56,false,"(5,29) (35,29) (35,44)"
SIMULACION_CINCO_DIAS-CRITICA-N05,2026-04-05T22:51,2026-04-05T23:39,false,"(6,7) (6,27) (18,27)"
SIMULACION_CINCO_DIAS-CRITICA-N05,2026-04-05T22:57,2026-04-06T00:18,false,"(37,12) (37,27)"
COLAPSO_LOGISTICO-NORMAL-N01,2026-04-01T02:15,2026-04-01T03:49,false,"(22,35) (29,35) (29,40) (44,40) (44,44)"
COLAPSO_LOGISTICO-NORMAL-N01,2026-04-01T03:04,2026-04-01T05:13,false,"(30,21) (60,21) (60,36)"
COLAPSO_LOGISTICO-NORMAL-N01,2026-04-01T04:30,2026-04-01T06:41,false,"(17,27) (17,42)"
COLAPSO_LOGISTICO-NORMAL-N01,2026-04-01T05:51,2026-04-01T08:00,false,"(17,34) (25,34)"
COLAPSO_LOGISTICO-NORMAL-N01,2026-04-01T07:33,2026-04-01T10:47,false,"(34,11) (34,31) (46,31)"
COLAPSO_LOGISTICO-NORMAL-N01,2026-04-01T07:34,2026-04-01T07:55,false,"(8,34) (16,34)"
COLAPSO_LOGISTICO-NORMAL-N01,2026-04-01T07:55,2026-04-01T11:47,false,"(38,11) (38,31) (50,31)"
COLAPSO_LOGISTICO-NORMAL-N01,2026-04-01T09:23,2026-04-01T09:50,false,"(3,4) (33,4) (33,19)"
COLAPSO_LOGISTICO-NORMAL-N01,2026-04-01T09:34,2026-04-01T12:44,false,"(50,16) (50,31)"
COLAPSO_LOGISTICO-NORMAL-N01,2026-04-01T12:01,2026-04-01T14:40,false,"(11,35) (16,35) (16,50)"
COLAPSO_LOGISTICO-NORMAL-N01,2026-04-01T12:40,2026-04-01T14:04,false,"(19,34) (19,49)"
COLAPSO_LOGISTICO-NORMAL-N01,2026-04-01T12:50,2026-04-01T15:35,false,"(64,21) (64,6)"
COLAPSO_LOGISTICO-NORMAL-N01,2026-04-01T13:12,2026-04-01T14:18,false,"(38,11) (50,11)"
COLAPSO_LOGISTICO-NORMAL-N01,2026-04-01T13:18,2026-04-01T15:55,false,"(42,20) (42,35)"
COLAPSO_LOGISTICO-NORMAL-N01,2026-04-01T13:29,2026-04-01T14:55,false,"(2,6) (7,6) (7,11) (12,11)"
COLAPSO_LOGISTICO-NORMAL-N01,2026-04-01T14:13,2026-04-01T15:09,false,"(70,9) (70,24)"
COLAPSO_LOGISTICO-NORMAL-N01,2026-04-01T20:08,2026-04-01T21:18,false,"(63,18) (68,18) (68,33)"
COLAPSO_LOGISTICO-NORMAL-N01,2026-04-01T21:51,2026-04-01T23:28,false,"(62,34) (70,34)"
COLAPSO_LOGISTICO-NORMAL-N01,2026-04-01T23:20,2026-04-01T23:55,false,"(70,7) (70,22)"
COLAPSO_LOGISTICO-NORMAL-N01,2026-04-01T23:28,2026-04-02T02:01,false,"(56,18) (61,18) (61,33)"
COLAPSO_LOGISTICO-NORMAL-N02,2026-04-01T00:22,2026-04-01T02:30,false,"(12,7) (27,7) (27,15)"
COLAPSO_LOGISTICO-NORMAL-N02,2026-04-01T03:39,2026-04-01T06:49,false,"(8,38) (16,38)"
COLAPSO_LOGISTICO-NORMAL-N02,2026-04-01T05:05,2026-04-01T07:26,false,"(61,20) (61,35)"
COLAPSO_LOGISTICO-NORMAL-N02,2026-04-01T06:11,2026-04-01T09:19,false,"(6,22) (18,22)"
COLAPSO_LOGISTICO-NORMAL-N02,2026-04-01T06:47,2026-04-01T09:36,false,"(30,27) (30,32) (35,32) (35,37) (45,37) (45,42)"
COLAPSO_LOGISTICO-NORMAL-N02,2026-04-01T09:22,2026-04-01T09:47,false,"(65,6) (65,21)"
COLAPSO_LOGISTICO-NORMAL-N02,2026-04-01T09:45,2026-04-01T12:10,false,"(4,8) (9,8) (9,23)"
COLAPSO_LOGISTICO-NORMAL-N02,2026-04-01T09:46,2026-04-01T11:52,false,"(64,24) (69,24) (69,39)"
COLAPSO_LOGISTICO-NORMAL-N02,2026-04-01T11:07,2026-04-01T12:23,false,"(30,46) (38,46)"
COLAPSO_LOGISTICO-NORMAL-N02,2026-04-01T11:58,2026-04-01T12:18,false,"(21,5) (21,10) (26,10) (26,15) (36,15) (36,20)"
COLAPSO_LOGISTICO-NORMAL-N02,2026-04-01T14:07,2026-04-01T14:52,false,"(12,17) (27,17) (27,25)"
COLAPSO_LOGISTICO-NORMAL-N02,2026-04-01T16:21,2026-04-01T18:33,false,"(51,25) (51,40)"
COLAPSO_LOGISTICO-NORMAL-N02,2026-04-01T16:52,2026-04-01T20:18,false,"(30,11) (30,16) (35,16) (35,21) (45,21) (45,26)"
COLAPSO_LOGISTICO-NORMAL-N02,2026-04-01T17:43,2026-04-01T19:30,false,"(10,34) (40,34) (40,49)"
COLAPSO_LOGISTICO-NORMAL-N02,2026-04-01T18:23,2026-04-01T20:01,false,"(41,6) (49,6)"
COLAPSO_LOGISTICO-NORMAL-N02,2026-04-01T21:32,2026-04-02T00:51,false,"(41,13) (46,13) (46,18) (51,18)"
COLAPSO_LOGISTICO-NORMAL-N02,2026-04-01T22:51,2026-04-01T23:39,false,"(29,5) (29,25) (41,25)"
COLAPSO_LOGISTICO-NORMAL-N02,2026-04-01T23:08,2026-04-02T00:23,false,"(60,26) (65,26) (65,41)"
COLAPSO_LOGISTICO-NORMAL-N02,2026-04-01T23:26,2026-04-02T02:30,false,"(23,38) (35,38)"
COLAPSO_LOGISTICO-NORMAL-N03,2026-04-01T00:07,2026-04-01T02:25,false,"(42,45) (42,30)"
COLAPSO_LOGISTICO-NORMAL-N03,2026-04-01T02:48,2026-04-01T04:22,false,"(1,1) (13,1)"
COLAPSO_LOGISTICO-NORMAL-N03,2026-04-01T04:51,2026-04-01T05:27,false,"(26,19) (56,19) (56,34)"
COLAPSO_LOGISTICO-NORMAL-N03,2026-04-01T10:15,2026-04-01T12:05,false,"(48,4) (63,4) (63,12)"
COLAPSO_LOGISTICO-NORMAL-N03,2026-04-01T11:14,2026-04-01T13:33,false,"(3,5) (8,5) (8,10) (13,10)"
COLAPSO_LOGISTICO-NORMAL-N03,2026-04-01T12:26,2026-04-01T12:58,false,"(45,35) (50,35) (50,40) (55,40)"
COLAPSO_LOGISTICO-NORMAL-N03,2026-04-01T14:00,2026-04-01T14:42,false,"(30,22) (30,37)"
COLAPSO_LOGISTICO-NORMAL-N03,2026-04-01T16:09,2026-04-01T19:33,false,"(30,17) (30,24) (35,24) (35,36) (43,36)"
COLAPSO_LOGISTICO-NORMAL-N03,2026-04-01T16:47,2026-04-01T18:35,false,"(27,7) (27,22)"
COLAPSO_LOGISTICO-NORMAL-N03,2026-04-01T18:06,2026-04-01T20:44,false,"(13,16) (21,16)"
COLAPSO_LOGISTICO-NORMAL-N03,2026-04-01T18:10,2026-04-01T19:37,false,"(7,49) (27,49) (27,44)"
COLAPSO_LOGISTICO-NORMAL-N03,2026-04-01T19:43,2026-04-01T21:47,false,"(5,5) (35,5) (35,20)"
COLAPSO_LOGISTICO-NORMAL-N03,2026-04-01T20:36,2026-04-01T23:40,false,"(6,28) (14,28)"
COLAPSO_LOGISTICO-NORMAL-N03,2026-04-01T21:55,2026-04-01T22:27,false,"(29,9) (34,9) (34,14) (39,14)"
COLAPSO_LOGISTICO-NORMAL-N03,2026-04-01T23:31,2026-04-02T02:51,false,"(47,33) (54,33) (54,38) (69,38) (69,42)"
COLAPSO_LOGISTICO-NORMAL-N04,2026-04-01T00:27,2026-04-01T04:20,false,"(24,19) (24,34)"
COLAPSO_LOGISTICO-NORMAL-N04,2026-04-01T01:00,2026-04-01T01:34,false,"(27,40) (39,40)"
COLAPSO_LOGISTICO-NORMAL-N04,2026-04-01T02:27,2026-04-01T03:38,false,"(4,46) (16,46)"
COLAPSO_LOGISTICO-NORMAL-N04,2026-04-01T02:27,2026-04-01T05:26,false,"(62,45) (70,45)"
COLAPSO_LOGISTICO-NORMAL-N04,2026-04-01T02:47,2026-04-01T03:43,false,"(53,28) (53,48) (65,48)"
COLAPSO_LOGISTICO-NORMAL-N04,2026-04-01T04:13,2026-04-01T04:56,false,"(34,24) (34,31) (39,31) (39,43) (47,43)"
COLAPSO_LOGISTICO-NORMAL-N04,2026-04-01T04:50,2026-04-01T05:41,false,"(6,30) (36,30) (36,45)"
COLAPSO_LOGISTICO-NORMAL-N04,2026-04-01T07:17,2026-04-01T09:32,false,"(64,35) (64,50)"
COLAPSO_LOGISTICO-NORMAL-N04,2026-04-01T07:28,2026-04-01T08:15,false,"(70,32) (70,47)"
COLAPSO_LOGISTICO-NORMAL-N04,2026-04-01T07:54,2026-04-01T10:38,false,"(50,7) (50,12) (55,12) (55,17) (65,17) (65,22)"
COLAPSO_LOGISTICO-NORMAL-N04,2026-04-01T08:02,2026-04-01T09:59,false,"(32,15) (52,15) (52,10)"
COLAPSO_LOGISTICO-NORMAL-N04,2026-04-01T10:37,2026-04-01T11:16,false,"(39,21) (39,28) (44,28) (44,40) (52,40)"
COLAPSO_LOGISTICO-NORMAL-N04,2026-04-01T10:55,2026-04-01T14:05,false,"(34,23) (34,8)"
COLAPSO_LOGISTICO-NORMAL-N04,2026-04-01T11:19,2026-04-01T14:55,false,"(56,27) (68,27)"
COLAPSO_LOGISTICO-NORMAL-N04,2026-04-01T11:25,2026-04-01T13:43,false,"(31,21) (31,36)"
COLAPSO_LOGISTICO-NORMAL-N04,2026-04-01T12:24,2026-04-01T12:39,false,"(54,7) (59,7) (59,22)"
COLAPSO_LOGISTICO-NORMAL-N04,2026-04-01T12:29,2026-04-01T14:47,false,"(12,11) (17,11) (17,16) (22,16)"
COLAPSO_LOGISTICO-NORMAL-N04,2026-04-01T14:01,2026-04-01T16:42,false,"(35,4) (47,4)"
COLAPSO_LOGISTICO-NORMAL-N04,2026-04-01T16:25,2026-04-01T18:48,false,"(68,20) (68,5)"
COLAPSO_LOGISTICO-NORMAL-N04,2026-04-01T16:25,2026-04-01T18:48,false,"(32,38) (32,23)"
COLAPSO_LOGISTICO-NORMAL-N04,2026-04-01T17:31,2026-04-01T18:41,false,"(30,17) (50,17) (50,12)"
COLAPSO_LOGISTICO-NORMAL-N04,2026-04-01T18:37,2026-04-01T19:12,false,"(55,32) (55,47)"
COLAPSO_LOGISTICO-NORMAL-N04,2026-04-01T19:18,2026-04-01T20:19,false,"(7,14) (27,14) (27,9)"
COLAPSO_LOGISTICO-NORMAL-N05,2026-04-01T00:20,2026-04-01T03:10,false,"(15,40) (20,40) (20,45) (25,45)"
COLAPSO_LOGISTICO-NORMAL-N05,2026-04-01T01:25,2026-04-01T04:37,false,"(23,15) (53,15) (53,30)"
COLAPSO_LOGISTICO-NORMAL-N05,2026-04-01T01:26,2026-04-01T04:56,false,"(37,14) (67,14) (67,29)"
COLAPSO_LOGISTICO-NORMAL-N05,2026-04-01T03:56,2026-04-01T07:53,false,"(0,23) (15,23) (15,31)"
COLAPSO_LOGISTICO-NORMAL-N05,2026-04-01T04:55,2026-04-01T07:13,false,"(33,23) (33,38)"
COLAPSO_LOGISTICO-NORMAL-N05,2026-04-01T06:34,2026-04-01T08:25,false,"(30,0) (30,20) (42,20)"
COLAPSO_LOGISTICO-NORMAL-N05,2026-04-01T07:21,2026-04-01T09:00,false,"(4,47) (24,47) (24,42)"
COLAPSO_LOGISTICO-NORMAL-N05,2026-04-01T07:31,2026-04-01T10:35,false,"(54,32) (62,32)"
COLAPSO_LOGISTICO-NORMAL-N05,2026-04-01T17:58,2026-04-01T21:46,false,"(19,26) (24,26) (24,31) (29,31)"
COLAPSO_LOGISTICO-NORMAL-N05,2026-04-01T18:52,2026-04-01T22:05,false,"(46,17) (46,22) (51,22) (51,27) (61,27) (61,32)"
COLAPSO_LOGISTICO-NORMAL-N05,2026-04-01T19:00,2026-04-01T21:07,false,"(41,27) (46,27) (46,42)"
COLAPSO_LOGISTICO-NORMAL-N05,2026-04-01T22:03,2026-04-01T23:30,false,"(22,21) (52,21) (52,36)"
COLAPSO_LOGISTICO-ALTA-N01,2026-04-01T02:15,2026-04-01T03:49,false,"(22,35) (29,35) (29,40) (44,40) (44,44)"
COLAPSO_LOGISTICO-ALTA-N01,2026-04-01T03:04,2026-04-01T05:13,false,"(30,21) (60,21) (60,36)"
COLAPSO_LOGISTICO-ALTA-N01,2026-04-01T04:30,2026-04-01T06:41,false,"(17,27) (17,42)"
COLAPSO_LOGISTICO-ALTA-N01,2026-04-01T05:51,2026-04-01T08:00,false,"(17,34) (25,34)"
COLAPSO_LOGISTICO-ALTA-N01,2026-04-01T07:33,2026-04-01T10:47,false,"(34,11) (34,31) (46,31)"
COLAPSO_LOGISTICO-ALTA-N01,2026-04-01T07:34,2026-04-01T07:55,false,"(8,34) (16,34)"
COLAPSO_LOGISTICO-ALTA-N01,2026-04-01T07:55,2026-04-01T11:47,false,"(38,11) (38,31) (50,31)"
COLAPSO_LOGISTICO-ALTA-N01,2026-04-01T09:23,2026-04-01T09:50,false,"(3,4) (33,4) (33,19)"
COLAPSO_LOGISTICO-ALTA-N01,2026-04-01T09:34,2026-04-01T12:44,false,"(50,16) (50,31)"
COLAPSO_LOGISTICO-ALTA-N01,2026-04-01T12:01,2026-04-01T14:40,false,"(11,35) (16,35) (16,50)"
COLAPSO_LOGISTICO-ALTA-N01,2026-04-01T12:40,2026-04-01T14:04,false,"(19,34) (19,49)"
COLAPSO_LOGISTICO-ALTA-N01,2026-04-01T12:50,2026-04-01T15:35,false,"(64,21) (64,6)"
COLAPSO_LOGISTICO-ALTA-N01,2026-04-01T13:12,2026-04-01T14:18,false,"(38,11) (50,11)"
COLAPSO_LOGISTICO-ALTA-N01,2026-04-01T13:18,2026-04-01T15:55,false,"(42,20) (42,35)"
COLAPSO_LOGISTICO-ALTA-N01,2026-04-01T13:29,2026-04-01T14:55,false,"(2,6) (7,6) (7,11) (12,11)"
COLAPSO_LOGISTICO-ALTA-N01,2026-04-01T14:13,2026-04-01T15:09,false,"(70,9) (70,24)"
COLAPSO_LOGISTICO-ALTA-N01,2026-04-01T20:08,2026-04-01T21:18,false,"(63,18) (68,18) (68,33)"
COLAPSO_LOGISTICO-ALTA-N01,2026-04-01T21:51,2026-04-01T23:28,false,"(62,34) (70,34)"
COLAPSO_LOGISTICO-ALTA-N01,2026-04-01T23:20,2026-04-01T23:55,false,"(70,7) (70,22)"
COLAPSO_LOGISTICO-ALTA-N01,2026-04-01T23:28,2026-04-02T02:01,false,"(56,18) (61,18) (61,33)"
COLAPSO_LOGISTICO-ALTA-N02,2026-04-01T00:22,2026-04-01T02:30,false,"(12,7) (27,7) (27,15)"
COLAPSO_LOGISTICO-ALTA-N02,2026-04-01T03:39,2026-04-01T06:49,false,"(8,38) (16,38)"
COLAPSO_LOGISTICO-ALTA-N02,2026-04-01T05:05,2026-04-01T07:26,false,"(61,20) (61,35)"
COLAPSO_LOGISTICO-ALTA-N02,2026-04-01T06:11,2026-04-01T09:19,false,"(6,22) (18,22)"
COLAPSO_LOGISTICO-ALTA-N02,2026-04-01T06:47,2026-04-01T09:36,false,"(30,27) (30,32) (35,32) (35,37) (45,37) (45,42)"
COLAPSO_LOGISTICO-ALTA-N02,2026-04-01T09:22,2026-04-01T09:47,false,"(65,6) (65,21)"
COLAPSO_LOGISTICO-ALTA-N02,2026-04-01T09:45,2026-04-01T12:10,false,"(4,8) (9,8) (9,23)"
COLAPSO_LOGISTICO-ALTA-N02,2026-04-01T09:46,2026-04-01T11:52,false,"(64,24) (69,24) (69,39)"
COLAPSO_LOGISTICO-ALTA-N02,2026-04-01T11:07,2026-04-01T12:23,false,"(30,46) (38,46)"
COLAPSO_LOGISTICO-ALTA-N02,2026-04-01T11:58,2026-04-01T12:18,false,"(21,5) (21,10) (26,10) (26,15) (36,15) (36,20)"
COLAPSO_LOGISTICO-ALTA-N02,2026-04-01T14:07,2026-04-01T14:52,false,"(12,17) (27,17) (27,25)"
COLAPSO_LOGISTICO-ALTA-N02,2026-04-01T16:21,2026-04-01T18:33,false,"(51,25) (51,40)"
COLAPSO_LOGISTICO-ALTA-N02,2026-04-01T16:52,2026-04-01T20:18,false,"(30,11) (30,16) (35,16) (35,21) (45,21) (45,26)"
COLAPSO_LOGISTICO-ALTA-N02,2026-04-01T17:43,2026-04-01T19:30,false,"(10,34) (40,34) (40,49)"
COLAPSO_LOGISTICO-ALTA-N02,2026-04-01T18:23,2026-04-01T20:01,false,"(41,6) (49,6)"
COLAPSO_LOGISTICO-ALTA-N02,2026-04-01T21:32,2026-04-02T00:51,false,"(41,13) (46,13) (46,18) (51,18)"
COLAPSO_LOGISTICO-ALTA-N02,2026-04-01T22:51,2026-04-01T23:39,false,"(29,5) (29,25) (41,25)"
COLAPSO_LOGISTICO-ALTA-N02,2026-04-01T23:08,2026-04-02T00:23,false,"(60,26) (65,26) (65,41)"
COLAPSO_LOGISTICO-ALTA-N02,2026-04-01T23:26,2026-04-02T02:30,false,"(23,38) (35,38)"
COLAPSO_LOGISTICO-ALTA-N03,2026-04-01T00:07,2026-04-01T02:25,false,"(42,45) (42,30)"
COLAPSO_LOGISTICO-ALTA-N03,2026-04-01T02:48,2026-04-01T04:22,false,"(1,1) (13,1)"
COLAPSO_LOGISTICO-ALTA-N03,2026-04-01T04:51,2026-04-01T05:27,false,"(26,19) (56,19) (56,34)"
COLAPSO_LOGISTICO-ALTA-N03,2026-04-01T10:15,2026-04-01T12:05,false,"(48,4) (63,4) (63,12)"
COLAPSO_LOGISTICO-ALTA-N03,2026-04-01T11:14,2026-04-01T13:33,false,"(3,5) (8,5) (8,10) (13,10)"
COLAPSO_LOGISTICO-ALTA-N03,2026-04-01T12:26,2026-04-01T12:58,false,"(45,35) (50,35) (50,40) (55,40)"
COLAPSO_LOGISTICO-ALTA-N03,2026-04-01T14:00,2026-04-01T14:42,false,"(30,22) (30,37)"
COLAPSO_LOGISTICO-ALTA-N03,2026-04-01T16:09,2026-04-01T19:33,false,"(30,17) (30,24) (35,24) (35,36) (43,36)"
COLAPSO_LOGISTICO-ALTA-N03,2026-04-01T16:47,2026-04-01T18:35,false,"(27,7) (27,22)"
COLAPSO_LOGISTICO-ALTA-N03,2026-04-01T18:06,2026-04-01T20:44,false,"(13,16) (21,16)"
COLAPSO_LOGISTICO-ALTA-N03,2026-04-01T18:10,2026-04-01T19:37,false,"(7,49) (27,49) (27,44)"
COLAPSO_LOGISTICO-ALTA-N03,2026-04-01T19:43,2026-04-01T21:47,false,"(5,5) (35,5) (35,20)"
COLAPSO_LOGISTICO-ALTA-N03,2026-04-01T20:36,2026-04-01T23:40,false,"(6,28) (14,28)"
COLAPSO_LOGISTICO-ALTA-N03,2026-04-01T21:55,2026-04-01T22:27,false,"(29,9) (34,9) (34,14) (39,14)"
COLAPSO_LOGISTICO-ALTA-N03,2026-04-01T23:31,2026-04-02T02:51,false,"(47,33) (54,33) (54,38) (69,38) (69,42)"
COLAPSO_LOGISTICO-ALTA-N04,2026-04-01T00:27,2026-04-01T04:20,false,"(24,19) (24,34)"
COLAPSO_LOGISTICO-ALTA-N04,2026-04-01T01:00,2026-04-01T01:34,false,"(27,40) (39,40)"
COLAPSO_LOGISTICO-ALTA-N04,2026-04-01T02:27,2026-04-01T03:38,false,"(4,46) (16,46)"
COLAPSO_LOGISTICO-ALTA-N04,2026-04-01T02:27,2026-04-01T05:26,false,"(62,45) (70,45)"
COLAPSO_LOGISTICO-ALTA-N04,2026-04-01T02:47,2026-04-01T03:43,false,"(53,28) (53,48) (65,48)"
COLAPSO_LOGISTICO-ALTA-N04,2026-04-01T04:13,2026-04-01T04:56,false,"(34,24) (34,31) (39,31) (39,43) (47,43)"
COLAPSO_LOGISTICO-ALTA-N04,2026-04-01T04:50,2026-04-01T05:41,false,"(6,30) (36,30) (36,45)"
COLAPSO_LOGISTICO-ALTA-N04,2026-04-01T07:17,2026-04-01T09:32,false,"(64,35) (64,50)"
COLAPSO_LOGISTICO-ALTA-N04,2026-04-01T07:28,2026-04-01T08:15,false,"(70,32) (70,47)"
COLAPSO_LOGISTICO-ALTA-N04,2026-04-01T07:54,2026-04-01T10:38,false,"(50,7) (50,12) (55,12) (55,17) (65,17) (65,22)"
COLAPSO_LOGISTICO-ALTA-N04,2026-04-01T08:02,2026-04-01T09:59,false,"(32,15) (52,15) (52,10)"
COLAPSO_LOGISTICO-ALTA-N04,2026-04-01T10:37,2026-04-01T11:16,false,"(39,21) (39,28) (44,28) (44,40) (52,40)"
COLAPSO_LOGISTICO-ALTA-N04,2026-04-01T10:55,2026-04-01T14:05,false,"(34,23) (34,8)"
COLAPSO_LOGISTICO-ALTA-N04,2026-04-01T11:19,2026-04-01T14:55,false,"(56,27) (68,27)"
COLAPSO_LOGISTICO-ALTA-N04,2026-04-01T11:25,2026-04-01T13:43,false,"(31,21) (31,36)"
COLAPSO_LOGISTICO-ALTA-N04,2026-04-01T12:24,2026-04-01T12:39,false,"(54,7) (59,7) (59,22)"
COLAPSO_LOGISTICO-ALTA-N04,2026-04-01T12:29,2026-04-01T14:47,false,"(12,11) (17,11) (17,16) (22,16)"
COLAPSO_LOGISTICO-ALTA-N04,2026-04-01T14:01,2026-04-01T16:42,false,"(35,4) (47,4)"
COLAPSO_LOGISTICO-ALTA-N04,2026-04-01T16:25,2026-04-01T18:48,false,"(68,20) (68,5)"
COLAPSO_LOGISTICO-ALTA-N04,2026-04-01T16:25,2026-04-01T18:48,false,"(32,38) (32,23)"
COLAPSO_LOGISTICO-ALTA-N04,2026-04-01T17:31,2026-04-01T18:41,false,"(30,17) (50,17) (50,12)"
COLAPSO_LOGISTICO-ALTA-N04,2026-04-01T18:37,2026-04-01T19:12,false,"(55,32) (55,47)"
COLAPSO_LOGISTICO-ALTA-N04,2026-04-01T19:18,2026-04-01T20:19,false,"(7,14) (27,14) (27,9)"
COLAPSO_LOGISTICO-ALTA-N05,2026-04-01T00:20,2026-04-01T03:10,false,"(15,40) (20,40) (20,45) (25,45)"
COLAPSO_LOGISTICO-ALTA-N05,2026-04-01T01:25,2026-04-01T04:37,false,"(23,15) (53,15) (53,30)"
COLAPSO_LOGISTICO-ALTA-N05,2026-04-01T01:26,2026-04-01T04:56,false,"(37,14) (67,14) (67,29)"
COLAPSO_LOGISTICO-ALTA-N05,2026-04-01T03:56,2026-04-01T07:53,false,"(0,23) (15,23) (15,31)"
COLAPSO_LOGISTICO-ALTA-N05,2026-04-01T04:55,2026-04-01T07:13,false,"(33,23) (33,38)"
COLAPSO_LOGISTICO-ALTA-N05,2026-04-01T06:34,2026-04-01T08:25,false,"(30,0) (30,20) (42,20)"
COLAPSO_LOGISTICO-ALTA-N05,2026-04-01T07:21,2026-04-01T09:00,false,"(4,47) (24,47) (24,42)"
COLAPSO_LOGISTICO-ALTA-N05,2026-04-01T07:31,2026-04-01T10:35,false,"(54,32) (62,32)"
COLAPSO_LOGISTICO-ALTA-N05,2026-04-01T17:58,2026-04-01T21:46,false,"(19,26) (24,26) (24,31) (29,31)"
COLAPSO_LOGISTICO-ALTA-N05,2026-04-01T18:52,2026-04-01T22:05,false,"(46,17) (46,22) (51,22) (51,27) (61,27) (61,32)"
COLAPSO_LOGISTICO-ALTA-N05,2026-04-01T19:00,2026-04-01T21:07,false,"(41,27) (46,27) (46,42)"
COLAPSO_LOGISTICO-ALTA-N05,2026-04-01T22:03,2026-04-01T23:30,false,"(22,21) (52,21) (52,36)"
COLAPSO_LOGISTICO-CRITICA-N01,2026-04-01T02:15,2026-04-01T03:49,false,"(22,35) (29,35) (29,40) (44,40) (44,44)"
COLAPSO_LOGISTICO-CRITICA-N01,2026-04-01T03:04,2026-04-01T05:13,false,"(30,21) (60,21) (60,36)"
COLAPSO_LOGISTICO-CRITICA-N01,2026-04-01T04:30,2026-04-01T06:41,false,"(17,27) (17,42)"
COLAPSO_LOGISTICO-CRITICA-N01,2026-04-01T05:51,2026-04-01T08:00,false,"(17,34) (25,34)"
COLAPSO_LOGISTICO-CRITICA-N01,2026-04-01T07:33,2026-04-01T10:47,false,"(34,11) (34,31) (46,31)"
COLAPSO_LOGISTICO-CRITICA-N01,2026-04-01T07:34,2026-04-01T07:55,false,"(8,34) (16,34)"
COLAPSO_LOGISTICO-CRITICA-N01,2026-04-01T07:55,2026-04-01T11:47,false,"(38,11) (38,31) (50,31)"
COLAPSO_LOGISTICO-CRITICA-N01,2026-04-01T09:23,2026-04-01T09:50,false,"(3,4) (33,4) (33,19)"
COLAPSO_LOGISTICO-CRITICA-N01,2026-04-01T09:34,2026-04-01T12:44,false,"(50,16) (50,31)"
COLAPSO_LOGISTICO-CRITICA-N01,2026-04-01T12:01,2026-04-01T14:40,false,"(11,35) (16,35) (16,50)"
COLAPSO_LOGISTICO-CRITICA-N01,2026-04-01T12:40,2026-04-01T14:04,false,"(19,34) (19,49)"
COLAPSO_LOGISTICO-CRITICA-N01,2026-04-01T12:50,2026-04-01T15:35,false,"(64,21) (64,6)"
COLAPSO_LOGISTICO-CRITICA-N01,2026-04-01T13:12,2026-04-01T14:18,false,"(38,11) (50,11)"
COLAPSO_LOGISTICO-CRITICA-N01,2026-04-01T13:18,2026-04-01T15:55,false,"(42,20) (42,35)"
COLAPSO_LOGISTICO-CRITICA-N01,2026-04-01T13:29,2026-04-01T14:55,false,"(2,6) (7,6) (7,11) (12,11)"
COLAPSO_LOGISTICO-CRITICA-N01,2026-04-01T14:13,2026-04-01T15:09,false,"(70,9) (70,24)"
COLAPSO_LOGISTICO-CRITICA-N01,2026-04-01T20:08,2026-04-01T21:18,false,"(63,18) (68,18) (68,33)"
COLAPSO_LOGISTICO-CRITICA-N01,2026-04-01T21:51,2026-04-01T23:28,false,"(62,34) (70,34)"
COLAPSO_LOGISTICO-CRITICA-N01,2026-04-01T23:20,2026-04-01T23:55,false,"(70,7) (70,22)"
COLAPSO_LOGISTICO-CRITICA-N01,2026-04-01T23:28,2026-04-02T02:01,false,"(56,18) (61,18) (61,33)"
COLAPSO_LOGISTICO-CRITICA-N02,2026-04-01T00:22,2026-04-01T02:30,false,"(12,7) (27,7) (27,15)"
COLAPSO_LOGISTICO-CRITICA-N02,2026-04-01T03:39,2026-04-01T06:49,false,"(8,38) (16,38)"
COLAPSO_LOGISTICO-CRITICA-N02,2026-04-01T05:05,2026-04-01T07:26,false,"(61,20) (61,35)"
COLAPSO_LOGISTICO-CRITICA-N02,2026-04-01T06:11,2026-04-01T09:19,false,"(6,22) (18,22)"
COLAPSO_LOGISTICO-CRITICA-N02,2026-04-01T06:47,2026-04-01T09:36,false,"(30,27) (30,32) (35,32) (35,37) (45,37) (45,42)"
COLAPSO_LOGISTICO-CRITICA-N02,2026-04-01T09:22,2026-04-01T09:47,false,"(65,6) (65,21)"
COLAPSO_LOGISTICO-CRITICA-N02,2026-04-01T09:45,2026-04-01T12:10,false,"(4,8) (9,8) (9,23)"
COLAPSO_LOGISTICO-CRITICA-N02,2026-04-01T09:46,2026-04-01T11:52,false,"(64,24) (69,24) (69,39)"
COLAPSO_LOGISTICO-CRITICA-N02,2026-04-01T11:07,2026-04-01T12:23,false,"(30,46) (38,46)"
COLAPSO_LOGISTICO-CRITICA-N02,2026-04-01T11:58,2026-04-01T12:18,false,"(21,5) (21,10) (26,10) (26,15) (36,15) (36,20)"
COLAPSO_LOGISTICO-CRITICA-N02,2026-04-01T14:07,2026-04-01T14:52,false,"(12,17) (27,17) (27,25)"
COLAPSO_LOGISTICO-CRITICA-N02,2026-04-01T16:21,2026-04-01T18:33,false,"(51,25) (51,40)"
COLAPSO_LOGISTICO-CRITICA-N02,2026-04-01T16:52,2026-04-01T20:18,false,"(30,11) (30,16) (35,16) (35,21) (45,21) (45,26)"
COLAPSO_LOGISTICO-CRITICA-N02,2026-04-01T17:43,2026-04-01T19:30,false,"(10,34) (40,34) (40,49)"
COLAPSO_LOGISTICO-CRITICA-N02,2026-04-01T18:23,2026-04-01T20:01,false,"(41,6) (49,6)"
COLAPSO_LOGISTICO-CRITICA-N02,2026-04-01T21:32,2026-04-02T00:51,false,"(41,13) (46,13) (46,18) (51,18)"
COLAPSO_LOGISTICO-CRITICA-N02,2026-04-01T22:51,2026-04-01T23:39,false,"(29,5) (29,25) (41,25)"
COLAPSO_LOGISTICO-CRITICA-N02,2026-04-01T23:08,2026-04-02T00:23,false,"(60,26) (65,26) (65,41)"
COLAPSO_LOGISTICO-CRITICA-N02,2026-04-01T23:26,2026-04-02T02:30,false,"(23,38) (35,38)"
COLAPSO_LOGISTICO-CRITICA-N03,2026-04-01T00:07,2026-04-01T02:25,false,"(42,45) (42,30)"
COLAPSO_LOGISTICO-CRITICA-N03,2026-04-01T02:48,2026-04-01T04:22,false,"(1,1) (13,1)"
COLAPSO_LOGISTICO-CRITICA-N03,2026-04-01T04:51,2026-04-01T05:27,false,"(26,19) (56,19) (56,34)"
COLAPSO_LOGISTICO-CRITICA-N03,2026-04-01T10:15,2026-04-01T12:05,false,"(48,4) (63,4) (63,12)"
COLAPSO_LOGISTICO-CRITICA-N03,2026-04-01T11:14,2026-04-01T13:33,false,"(3,5) (8,5) (8,10) (13,10)"
COLAPSO_LOGISTICO-CRITICA-N03,2026-04-01T12:26,2026-04-01T12:58,false,"(45,35) (50,35) (50,40) (55,40)"
COLAPSO_LOGISTICO-CRITICA-N03,2026-04-01T14:00,2026-04-01T14:42,false,"(30,22) (30,37)"
COLAPSO_LOGISTICO-CRITICA-N03,2026-04-01T16:09,2026-04-01T19:33,false,"(30,17) (30,24) (35,24) (35,36) (43,36)"
COLAPSO_LOGISTICO-CRITICA-N03,2026-04-01T16:47,2026-04-01T18:35,false,"(27,7) (27,22)"
COLAPSO_LOGISTICO-CRITICA-N03,2026-04-01T18:06,2026-04-01T20:44,false,"(13,16) (21,16)"
COLAPSO_LOGISTICO-CRITICA-N03,2026-04-01T18:10,2026-04-01T19:37,false,"(7,49) (27,49) (27,44)"
COLAPSO_LOGISTICO-CRITICA-N03,2026-04-01T19:43,2026-04-01T21:47,false,"(5,5) (35,5) (35,20)"
COLAPSO_LOGISTICO-CRITICA-N03,2026-04-01T20:36,2026-04-01T23:40,false,"(6,28) (14,28)"
COLAPSO_LOGISTICO-CRITICA-N03,2026-04-01T21:55,2026-04-01T22:27,false,"(29,9) (34,9) (34,14) (39,14)"
COLAPSO_LOGISTICO-CRITICA-N03,2026-04-01T23:31,2026-04-02T02:51,false,"(47,33) (54,33) (54,38) (69,38) (69,42)"
COLAPSO_LOGISTICO-CRITICA-N04,2026-04-01T00:27,2026-04-01T04:20,false,"(24,19) (24,34)"
COLAPSO_LOGISTICO-CRITICA-N04,2026-04-01T01:00,2026-04-01T01:34,false,"(27,40) (39,40)"
COLAPSO_LOGISTICO-CRITICA-N04,2026-04-01T02:27,2026-04-01T03:38,false,"(4,46) (16,46)"
COLAPSO_LOGISTICO-CRITICA-N04,2026-04-01T02:27,2026-04-01T05:26,false,"(62,45) (70,45)"
COLAPSO_LOGISTICO-CRITICA-N04,2026-04-01T02:47,2026-04-01T03:43,false,"(53,28) (53,48) (65,48)"
COLAPSO_LOGISTICO-CRITICA-N04,2026-04-01T04:13,2026-04-01T04:56,false,"(34,24) (34,31) (39,31) (39,43) (47,43)"
COLAPSO_LOGISTICO-CRITICA-N04,2026-04-01T04:50,2026-04-01T05:41,false,"(6,30) (36,30) (36,45)"
COLAPSO_LOGISTICO-CRITICA-N04,2026-04-01T07:17,2026-04-01T09:32,false,"(64,35) (64,50)"
COLAPSO_LOGISTICO-CRITICA-N04,2026-04-01T07:28,2026-04-01T08:15,false,"(70,32) (70,47)"
COLAPSO_LOGISTICO-CRITICA-N04,2026-04-01T07:54,2026-04-01T10:38,false,"(50,7) (50,12) (55,12) (55,17) (65,17) (65,22)"
COLAPSO_LOGISTICO-CRITICA-N04,2026-04-01T08:02,2026-04-01T09:59,false,"(32,15) (52,15) (52,10)"
COLAPSO_LOGISTICO-CRITICA-N04,2026-04-01T10:37,2026-04-01T11:16,false,"(39,21) (39,28) (44,28) (44,40) (52,40)"
COLAPSO_LOGISTICO-CRITICA-N04,2026-04-01T10:55,2026-04-01T14:05,false,"(34,23) (34,8)"
COLAPSO_LOGISTICO-CRITICA-N04,2026-04-01T11:19,2026-04-01T14:55,false,"(56,27) (68,27)"
COLAPSO_LOGISTICO-CRITICA-N04,2026-04-01T11:25,2026-04-01T13:43,false,"(31,21) (31,36)"
COLAPSO_LOGISTICO-CRITICA-N04,2026-04-01T12:24,2026-04-01T12:39,false,"(54,7) (59,7) (59,22)"
COLAPSO_LOGISTICO-CRITICA-N04,2026-04-01T12:29,2026-04-01T14:47,false,"(12,11) (17,11) (17,16) (22,16)"
COLAPSO_LOGISTICO-CRITICA-N04,2026-04-01T14:01,2026-04-01T16:42,false,"(35,4) (47,4)"
COLAPSO_LOGISTICO-CRITICA-N04,2026-04-01T16:25,2026-04-01T18:48,false,"(68,20) (68,5)"
COLAPSO_LOGISTICO-CRITICA-N04,2026-04-01T16:25,2026-04-01T18:48,false,"(32,38) (32,23)"
COLAPSO_LOGISTICO-CRITICA-N04,2026-04-01T17:31,2026-04-01T18:41,false,"(30,17) (50,17) (50,12)"
COLAPSO_LOGISTICO-CRITICA-N04,2026-04-01T18:37,2026-04-01T19:12,false,"(55,32) (55,47)"
COLAPSO_LOGISTICO-CRITICA-N04,2026-04-01T19:18,2026-04-01T20:19,false,"(7,14) (27,14) (27,9)"
COLAPSO_LOGISTICO-CRITICA-N05,2026-04-01T00:20,2026-04-01T03:10,false,"(15,40) (20,40) (20,45) (25,45)"
COLAPSO_LOGISTICO-CRITICA-N05,2026-04-01T01:25,2026-04-01T04:37,false,"(23,15) (53,15) (53,30)"
COLAPSO_LOGISTICO-CRITICA-N05,2026-04-01T01:26,2026-04-01T04:56,false,"(37,14) (67,14) (67,29)"
COLAPSO_LOGISTICO-CRITICA-N05,2026-04-01T03:56,2026-04-01T07:53,false,"(0,23) (15,23) (15,31)"
COLAPSO_LOGISTICO-CRITICA-N05,2026-04-01T04:55,2026-04-01T07:13,false,"(33,23) (33,38)"
COLAPSO_LOGISTICO-CRITICA-N05,2026-04-01T06:34,2026-04-01T08:25,false,"(30,0) (30,20) (42,20)"
COLAPSO_LOGISTICO-CRITICA-N05,2026-04-01T07:21,2026-04-01T09:00,false,"(4,47) (24,47) (24,42)"
COLAPSO_LOGISTICO-CRITICA-N05,2026-04-01T07:31,2026-04-01T10:35,false,"(54,32) (62,32)"
COLAPSO_LOGISTICO-CRITICA-N05,2026-04-01T17:58,2026-04-01T21:46,false,"(19,26) (24,26) (24,31) (29,31)"
COLAPSO_LOGISTICO-CRITICA-N05,2026-04-01T18:52,2026-04-01T22:05,false,"(46,17) (46,22) (51,22) (51,27) (61,27) (61,32)"
COLAPSO_LOGISTICO-CRITICA-N05,2026-04-01T19:00,2026-04-01T21:07,false,"(41,27) (46,27) (46,42)"
COLAPSO_LOGISTICO-CRITICA-N05,2026-04-01T22:03,2026-04-01T23:30,false,"(22,21) (52,21) (52,36)"
