variante,escenario,escenario_operativo,perfil_presion,instancia,repeticion,semilla,algoritmo,tamanio,tiempo_ms,evaluaciones,F,T_horas,R_horas,N,V,factible,verificada,cumplimiento_pct,cumplimiento_prioritarios_pct,costo,distancia_km,utilizacion_pct,temperatura_inicial,pedidos_afectados_incidencia,vehiculos_averia_incidente,tiempo_replanificacion_ms,replanificacion_exitosa,tamanio_al_colapso,colapso_alcanzado,tiempo_colapso_horas,tiempo_colapso_formato,instante_colapso
BASE,OPERACION_DIARIA-NORMAL-N01,OPERACION_DIARIA,NORMAL,1,0,42,GENETICO,29,4171.6235,9060,5028.425,28.425,0,1,0,true,true,96.551724,95.652174,11248,1406,42.647059,,,,,,,,,,
BASE,OPERACION_DIARIA-NORMAL-N01,OPERACION_DIARIA,NORMAL,1,0,42,RECOCIDO_SIMULADO,29,641.7045,3661,5028.7,28.7,0,1,0,true,true,96.551724,95.652174,11664,1458,42.647059,94.02801,,,,,,,,,
BASE,OPERACION_DIARIA-NORMAL-N01,OPERACION_DIARIA,NORMAL,1,1,43,RECOCIDO_SIMULADO,29,611.5424,3501,5028.7,28.7,0,1,0,true,true,96.551724,95.652174,11664,1458,42.647059,77.684002,,,,,,,,,
BASE,OPERACION_DIARIA-NORMAL-N01,OPERACION_DIARIA,NORMAL,1,1,43,GENETICO,29,2930.6816,9060,5028.425,28.425,0,1,0,true,true,96.551724,95.652174,10952,1386,42.647059,,,,,,,,,,
BASE,OPERACION_DIARIA-NORMAL-N01,OPERACION_DIARIA,NORMAL,1,2,44,GENETICO,29,2894.2152,9060,5028.425,28.425,0,1,0,true,true,96.551724,95.652174,11360,1420,42.647059,,,,,,,,,,
BASE,OPERACION_DIARIA-NORMAL-N01,OPERACION_DIARIA,NORMAL,1,2,44,RECOCIDO_SIMULADO,29,698.8186,4021,5028.7,28.7,0,1,0,true,true,96.551724,95.652174,11664,1458,42.647059,146.557895,,,,,,,,,
BASE,OPERACION_DIARIA-NORMAL-N01,OPERACION_DIARIA,NORMAL,1,3,45,RECOCIDO_SIMULADO,29,624.009,3541,5028.7,28.7,0,1,0,true,true,96.551724,95.652174,11664,1458,42.647059,80.114723,,,,,,,,,
BASE,OPERACION_DIARIA-NORMAL-N01,OPERACION_DIARIA,NORMAL,1,3,45,GENETICO,29,2803.867,9060,5028.7,28.7,0,1,0,true,true,96.551724,95.652174,11664,1458,42.647059,,,,,,,,,,
BASE,OPERACION_DIARIA-NORMAL-N01,OPERACION_DIARIA,NORMAL,1,4,46,GENETICO,29,3284.6449,9060,5028.425,28.425,0,1,0,true,true,96.551724,95.652174,12272,1534,42.647059,,,,,,,,,,
BASE,OPERACION_DIARIA-NORMAL-N01,OPERACION_DIARIA,NORMAL,1,4,46,RECOCIDO_SIMULADO,29,715.4159,4101,5028.7,28.7,0,1,0,true,true,96.551724,95.652174,11664,1458,42.647059,161.690127,,,,,,,,,
BASE,OPERACION_DIARIA-NORMAL-N01,OPERACION_DIARIA,NORMAL,1,5,47,RECOCIDO_SIMULADO,29,709.5963,4061,5028.7,28.7,0,1,0,true,true,96.551724,95.652174,11664,1458,42.647059,153.34122,,,,,,,,,
BASE,OPERACION_DIARIA-NORMAL-N01,OPERACION_DIARIA,NORMAL,1,5,47,GENETICO,29,3606.5268,9060,5028.425,28.425,0,1,0,true,true,96.551724,95.652174,12576,1572,42.647059,,,,,,,,,,
BASE,OPERACION_DIARIA-NORMAL-N01,OPERACION_DIARIA,NORMAL,1,6,48,GENETICO,29,3668.543,9060,5028.425,28.425,0,1,0,true,true,96.551724,95.652174,12808,1616,42.647059,,,,,,,,,,
BASE,OPERACION_DIARIA-NORMAL-N01,OPERACION_DIARIA,NORMAL,1,6,48,RECOCIDO_SIMULADO,29,796.1185,4581,5028.7,28.7,0,1,0,true,true,96.551724,95.652174,11664,1458,42.647059,311.629612,,,,,,,,,
BASE,OPERACION_DIARIA-NORMAL-N01,OPERACION_DIARIA,NORMAL,1,7,49,RECOCIDO_SIMULADO,29,800.7859,4621,5028.7,28.7,0,1,0,true,true,96.551724,95.652174,11664,1458,42.647059,325.056837,,,,,,,,,
BASE,OPERACION_DIARIA-NORMAL-N01,OPERACION_DIARIA,NORMAL,1,7,49,GENETICO,29,3966.1717,9060,5028.425,28.425,0,1,0,true,true,96.551724,95.652174,11680,1460,42.647059,,,,,,,,,,
BASE,OPERACION_DIARIA-NORMAL-N01,OPERACION_DIARIA,NORMAL,1,8,50,GENETICO,29,4252.1486,9060,5028.425,28.425,0,1,0,true,true,96.551724,95.652174,12040,1520,42.647059,,,,,,,,,,
BASE,OPERACION_DIARIA-NORMAL-N01,OPERACION_DIARIA,NORMAL,1,8,50,RECOCIDO_SIMULADO,29,879.1126,5021,5028.7,28.7,0,1,0,true,true,96.551724,95.652174,11664,1458,42.647059,534.263388,,,,,,,,,
BASE,OPERACION_DIARIA-NORMAL-N01,OPERACION_DIARIA,NORMAL,1,9,51,RECOCIDO_SIMULADO,29,645.9953,3701,5028.7,28.7,0,1,0,true,true,96.551724,95.652174,11664,1458,42.647059,98.064633,,,,,,,,,
BASE,OPERACION_DIARIA-NORMAL-N01,OPERACION_DIARIA,NORMAL,1,9,51,GENETICO,29,3416.8213,9060,5028.425,28.425,0,1,0,true,true,96.551724,95.652174,11520,1440,42.647059,,,,,,,,,,
BASE,OPERACION_DIARIA-NORMAL-N01,OPERACION_DIARIA,NORMAL,1,10,52,GENETICO,29,3650.3628,9060,5028.425,28.425,0,1,0,true,true,96.551724,95.652174,11744,1468,42.647059,,,,,,,,,,
BASE,OPERACION_DIARIA-NORMAL-N01,OPERACION_DIARIA,NORMAL,1,10,52,RECOCIDO_SIMULADO,29,741.2031,4261,5028.7,28.7,0,1,0,true,true,96.551724,95.652174,11664,1458,42.647059,198.764366,,,,,,,,,
BASE,OPERACION_DIARIA-NORMAL-N01,OPERACION_DIARIA,NORMAL,1,11,53,RECOCIDO_SIMULADO,29,818.8901,4701,5028.7,28.7,0,1,0,true,true,96.551724,95.652174,11664,1458,42.647059,358.68268,,,,,,,,,
BASE,OPERACION_DIARIA-NORMAL-N01,OPERACION_DIARIA,NORMAL,1,11,53,GENETICO,29,3152.6495,9060,5028.425,28.425,0,1,0,true,true,96.551724,95.652174,12144,1518,42.647059,,,,,,,,,,
BASE,OPERACION_DIARIA-NORMAL-N01,OPERACION_DIARIA,NORMAL,1,12,54,GENETICO,29,2383.4422,9060,5028.7,28.7,0,1,0,true,true,96.551724,95.652174,11664,1458,42.647059,,,,,,,,,,
BASE,OPERACION_DIARIA-NORMAL-N01,OPERACION_DIARIA,NORMAL,1,12,54,RECOCIDO_SIMULADO,29,756.3708,4261,5028.7,28.7,0,1,0,true,true,96.551724,95.652174,11664,1458,42.647059,204.043845,,,,,,,,,
BASE,OPERACION_DIARIA-NORMAL-N01,OPERACION_DIARIA,NORMAL,1,13,55,RECOCIDO_SIMULADO,29,876.4085,5021,5028.7,28.7,0,1,0,true,true,96.551724,95.652174,11664,1458,42.647059,522.694623,,,,,,,,,
BASE,OPERACION_DIARIA-NORMAL-N01,OPERACION_DIARIA,NORMAL,1,13,55,GENETICO,29,2763.9071,9060,5028.425,28.425,0,1,0,true,true,96.551724,95.652174,12032,1504,42.647059,,,,,,,,,,
BASE,OPERACION_DIARIA-NORMAL-N01,OPERACION_DIARIA,NORMAL,1,14,56,GENETICO,29,3815.2259,9060,5028.425,28.425,0,1,0,true,true,96.551724,95.652174,11760,1560,42.647059,,,,,,,,,,
BASE,OPERACION_DIARIA-NORMAL-N01,OPERACION_DIARIA,NORMAL,1,14,56,RECOCIDO_SIMULADO,29,650.0178,3701,5028.7,28.7,0,1,0,true,true,96.551724,95.652174,11664,1458,42.647059,96.994451,,,,,,,,,
BASE,OPERACION_DIARIA-NORMAL-N01,OPERACION_DIARIA,NORMAL,1,15,57,RECOCIDO_SIMULADO,29,631.6513,3621,5028.7,28.7,0,1,0,true,true,96.551724,95.652174,11664,1458,42.647059,87.29641,,,,,,,,,
BASE,OPERACION_DIARIA-NORMAL-N01,OPERACION_DIARIA,NORMAL,1,15,57,GENETICO,29,2659.2512,9060,5028.7,28.7,0,1,0,true,true,96.551724,95.652174,11664,1458,42.647059,,,,,,,,,,
BASE,OPERACION_DIARIA-NORMAL-N01,OPERACION_DIARIA,NORMAL,1,16,58,GENETICO,29,3330.6912,9060,5028.425,28.425,0,1,0,true,true,96.551724,95.652174,11072,1384,42.647059,,,,,,,,,,
BASE,OPERACION_DIARIA-NORMAL-N01,OPERACION_DIARIA,NORMAL,1,16,58,RECOCIDO_SIMULADO,29,715.6351,4101,5028.7,28.7,0,1,0,true,true,96.551724,95.652174,11664,1458,42.647059,161.496069,,,,,,,,,
BASE,OPERACION_DIARIA-NORMAL-N01,OPERACION_DIARIA,NORMAL,1,17,59,RECOCIDO_SIMULADO,29,602.0335,3421,5028.7,28.7,0,1,0,true,true,96.551724,95.652174,11664,1458,42.647059,68.171016,,,,,,,,,
BASE,OPERACION_DIARIA-NORMAL-N01,OPERACION_DIARIA,NORMAL,1,17,59,GENETICO,29,3691.3212,9060,5028.425,28.425,0,1,0,true,true,96.551724,95.652174,11888,1486,42.647059,,,,,,,,,,
BASE,OPERACION_DIARIA-NORMAL-N01,OPERACION_DIARIA,NORMAL,1,18,60,GENETICO,29,2931.8606,9060,5028.425,28.425,0,1,0,true,true,96.551724,95.652174,11880,1564,42.647059,,,,,,,,,,
BASE,OPERACION_DIARIA-NORMAL-N01,OPERACION_DIARIA,NORMAL,1,18,60,RECOCIDO_SIMULADO,29,713.1059,4061,5028.7,28.7,0,1,0,true,true,96.551724,95.652174,11664,1458,42.647059,158.921793,,,,,,,,,
BASE,OPERACION_DIARIA-NORMAL-N01,OPERACION_DIARIA,NORMAL,1,19,61,RECOCIDO_SIMULADO,29,724.4548,4221,5028.7,28.7,0,1,0,true,true,96.551724,95.652174,11664,1458,42.647059,191.95322,,,,,,,,,
BASE,OPERACION_DIARIA-NORMAL-N01,OPERACION_DIARIA,NORMAL,1,19,61,GENETICO,29,3665.889,9060,5028.425,28.425,0,1,0,true,true,96.551724,95.652174,11396,1432,42.647059,,,,,,,,,,
BASE,OPERACION_DIARIA-NORMAL-N01,OPERACION_DIARIA,NORMAL,1,20,62,GENETICO,29,4234.3144,9060,5028.425,28.425,0,1,0,true,true,96.551724,95.652174,11152,1394,42.647059,,,,,,,,,,
BASE,OPERACION_DIARIA-NORMAL-N01,OPERACION_DIARIA,NORMAL,1,20,62,RECOCIDO_SIMULADO,29,741.5292,4181,5028.7,28.7,0,1,0,true,true,96.551724,95.652174,11664,1458,42.647059,182.871938,,,,,,,,,
BASE,OPERACION_DIARIA-NORMAL-N01,OPERACION_DIARIA,NORMAL,1,21,63,RECOCIDO_SIMULADO,29,618.142,3501,5028.7,28.7,0,1,0,true,true,96.551724,95.652174,11664,1458,42.647059,76.199507,,,,,,,,,
BASE,OPERACION_DIARIA-NORMAL-N01,OPERACION_DIARIA,NORMAL,1,21,63,GENETICO,29,4336.6493,9060,5028.425,28.425,0,1,0,true,true,96.551724,95.652174,11936,1492,42.647059,,,,,,,,,,
BASE,OPERACION_DIARIA-NORMAL-N01,OPERACION_DIARIA,NORMAL,1,22,64,GENETICO,29,3797.5176,9060,5028.425,28.425,0,1,0,true,true,96.551724,95.652174,11932,1586,42.647059,,,,,,,,,,
BASE,OPERACION_DIARIA-NORMAL-N01,OPERACION_DIARIA,NORMAL,1,22,64,RECOCIDO_SIMULADO,29,744.429,4301,5028.7,28.7,0,1,0,true,true,96.551724,95.652174,11664,1458,42.647059,216.731238,,,,,,,,,
BASE,OPERACION_DIARIA-NORMAL-N01,OPERACION_DIARIA,NORMAL,1,23,65,RECOCIDO_SIMULADO,29,629.8801,3621,5028.7,28.7,0,1,0,true,true,96.551724,95.652174,11664,1458,42.647059,90.391182,,,,,,,,,
BASE,OPERACION_DIARIA-NORMAL-N01,OPERACION_DIARIA,NORMAL,1,23,65,GENETICO,29,2975.5932,9060,5028.425,28.425,0,1,0,true,true,96.551724,95.652174,12328,1556,42.647059,,,,,,,,,,
BASE,OPERACION_DIARIA-NORMAL-N01,OPERACION_DIARIA,NORMAL,1,24,66,GENETICO,29,4147.3393,9060,5028.425,28.425,0,1,0,true,true,96.551724,95.652174,11952,1494,42.647059,,,,,,,,,,
BASE,OPERACION_DIARIA-NORMAL-N01,OPERACION_DIARIA,NORMAL,1,24,66,RECOCIDO_SIMULADO,29,610.4102,3461,5028.7,28.7,0,1,0,true,true,96.551724,95.652174,11664,1458,42.647059,72.640327,,,,,,,,,
BASE,OPERACION_DIARIA-NORMAL-N01,OPERACION_DIARIA,NORMAL,1,25,67,RECOCIDO_SIMULADO,29,603.9137,3461,5028.7,28.7,0,1,0,true,true,96.551724,95.652174,11664,1458,42.647059,72.656243,,,,,,,,,
BASE,OPERACION_DIARIA-NORMAL-N01,OPERACION_DIARIA,NORMAL,1,25,67,GENETICO,29,2524.3898,9060,5028.7,28.7,0,1,0,true,true,96.551724,95.652174,11664,1458,42.647059,,,,,,,,,,
BASE,OPERACION_DIARIA-NORMAL-N01,OPERACION_DIARIA,NORMAL,1,26,68,GENETICO,29,3957.1616,9060,5028.425,28.425,0,1,0,true,true,96.551724,95.652174,10512,1314,42.647059,,,,,,,,,,
BASE,OPERACION_DIARIA-NORMAL-N01,OPERACION_DIARIA,NORMAL,1,26,68,RECOCIDO_SIMULADO,29,714.9096,4061,5028.7,28.7,0,1,0,true,true,96.551724,95.652174,11664,1458,42.647059,157.743858,,,,,,,,,
BASE,OPERACION_DIARIA-NORMAL-N01,OPERACION_DIARIA,NORMAL,1,27,69,RECOCIDO_SIMULADO,29,705.0248,4061,5028.7,28.7,0,1,0,true,true,96.551724,95.652174,11664,1458,42.647059,155.525176,,,,,,,,,
BASE,OPERACION_DIARIA-NORMAL-N01,OPERACION_DIARIA,NORMAL,1,27,69,GENETICO,29,3741.9479,9060,5028.425,28.425,0,1,0,true,true,96.551724,95.652174,12256,1532,42.647059,,,,,,,,,,
BASE,OPERACION_DIARIA-NORMAL-N01,OPERACION_DIARIA,NORMAL,1,28,70,GENETICO,29,3574.1882,9060,5028.425,28.425,0,1,0,true,true,96.551724,95.652174,11624,1468,42.647059,,,,,,,,,,
BASE,OPERACION_DIARIA-NORMAL-N01,OPERACION_DIARIA,NORMAL,1,28,70,RECOCIDO_SIMULADO,29,743.9997,4341,5028.7,28.7,0,1,0,true,true,96.551724,95.652174,11664,1458,42.647059,224.105613,,,,,,,,,
BASE,OPERACION_DIARIA-NORMAL-N01,OPERACION_DIARIA,NORMAL,1,29,71,RECOCIDO_SIMULADO,29,785.8295,4541,5028.7,28.7,0,1,0,true,true,96.551724,95.652174,11664,1458,42.647059,289.645912,,,,,,,,,
BASE,OPERACION_DIARIA-NORMAL-N01,OPERACION_DIARIA,NORMAL,1,29,71,GENETICO,29,2851.9013,9060,5028.7,28.7,0,1,0,true,true,96.551724,95.652174,11664,1458,42.647059,,,,,,,,,,
BASE,OPERACION_DIARIA-NORMAL-N02,OPERACION_DIARIA,NORMAL,2,0,72,GENETICO,27,5673.4563,9060,5026,26,0,1,0,true,true,96.296296,100,10712,1366,34.313725,,,,,,,,,,
BASE,OPERACION_DIARIA-NORMAL-N02,OPERACION_DIARIA,NORMAL,2,0,72,RECOCIDO_SIMULADO,27,956.0524,4541,5027.125,27.125,0,1,0,true,true,96.296296,100,11520,1440,34.313725,284.409181,,,,,,,,,
BASE,OPERACION_DIARIA-NORMAL-N02,OPERACION_DIARIA,NORMAL,2,1,73,RECOCIDO_SIMULADO,27,705.0282,3301,5026.883333,26.883333,0,1,0,true,true,96.296296,100,11502,1678,34.313725,58.021073,,,,,,,,,
BASE,OPERACION_DIARIA-NORMAL-N02,OPERACION_DIARIA,NORMAL,2,1,73,GENETICO,27,5389.6949,9060,5026,26,0,1,0,true,true,96.296296,100,11004,1380,34.313725,,,,,,,,,,
BASE,OPERACION_DIARIA-NORMAL-N02,OPERACION_DIARIA,NORMAL,2,2,74,GENETICO,27,5010.6296,9060,5026,26,0,1,0,true,true,96.296296,100,11180,1402,34.313725,,,,,,,,,,
BASE,OPERACION_DIARIA-NORMAL-N02,OPERACION_DIARIA,NORMAL,2,2,74,RECOCIDO_SIMULADO,27,682.3661,3181,5026.883333,26.883333,0,1,0,true,true,96.296296,100,11898,1678,34.313725,50.137562,,,,,,,,,
BASE,OPERACION_DIARIA-NORMAL-N02,OPERACION_DIARIA,NORMAL,2,3,75,RECOCIDO_SIMULADO,27,753.8029,3541,5026.883333,26.883333,0,1,0,true,true,96.296296,100,11892,1764,34.313725,80.288923,,,,,,,,,
BASE,OPERACION_DIARIA-NORMAL-N02,OPERACION_DIARIA,NORMAL,2,3,75,GENETICO,27,5249.6526,9060,5026,26,0,1,0,true,true,96.296296,100,11912,1538,34.313725,,,,,,,,,,
BASE,OPERACION_DIARIA-NORMAL-N02,OPERACION_DIARIA,NORMAL,2,4,76,GENETICO,27,5288.3871,9060,5026,26,0,1,0,true,true,96.296296,100,9888,1236,34.313725,,,,,,,,,,
BASE,OPERACION_DIARIA-NORMAL-N02,OPERACION_DIARIA,NORMAL,2,4,76,RECOCIDO_SIMULADO,27,680.4131,3221,5027.125,27.125,0,1,0,true,true,96.296296,100,11520,1440,34.313725,54.306508,,,,,,,,,
BASE,OPERACION_DIARIA-NORMAL-N02,OPERACION_DIARIA,NORMAL,2,5,77,RECOCIDO_SIMULADO,27,814.4775,3821,5026.883333,26.883333,0,1,0,true,true,96.296296,100,12078,1862,34.313725,114.415197,,,,,,,,,
BASE,OPERACION_DIARIA-NORMAL-N02,OPERACION_DIARIA,NORMAL,2,5,77,GENETICO,27,4258.6025,9060,5026,26,0,1,0,true,true,96.296296,100,11824,1478,34.313725,,,,,,,,,,
BASE,OPERACION_DIARIA-NORMAL-N02,OPERACION_DIARIA,NORMAL,2,6,78,GENETICO,27,5138.3831,9060,5026,26,0,1,0,true,true,96.296296,100,11980,1510,34.313725,,,,,,,,,,
BASE,OPERACION_DIARIA-NORMAL-N02,OPERACION_DIARIA,NORMAL,2,6,78,RECOCIDO_SIMULADO,27,776.1007,3621,5027.125,27.125,0,1,0,true,true,96.296296,100,11520,1440,34.313725,86.713398,,,,,,,,,
BASE,OPERACION_DIARIA-NORMAL-N02,OPERACION_DIARIA,NORMAL,2,7,79,RECOCIDO_SIMULADO,27,828.7513,3901,5027.125,27.125,0,1,0,true,true,96.296296,100,11520,1440,34.313725,130.510956,,,,,,,,,
BASE,OPERACION_DIARIA-NORMAL-N02,OPERACION_DIARIA,NORMAL,2,7,79,GENETICO,27,5004.8988,9060,5026,26,0,1,0,true,true,96.296296,100,10912,1364,34.313725,,,,,,,,,,
BASE,OPERACION_DIARIA-NORMAL-N02,OPERACION_DIARIA,NORMAL,2,8,80,GENETICO,27,5157.8667,9060,5026,26,0,1,0,true,true,96.296296,100,10272,1284,34.313725,,,,,,,,,,
BASE,OPERACION_DIARIA-NORMAL-N02,OPERACION_DIARIA,NORMAL,2,8,80,RECOCIDO_SIMULADO,27,774.3741,3661,5027.125,27.125,0,1,0,true,true,96.296296,100,11520,1440,34.313725,91.714555,,,,,,,,,
BASE,OPERACION_DIARIA-NORMAL-N02,OPERACION_DIARIA,NORMAL,2,9,81,RECOCIDO_SIMULADO,27,1023.4114,4821,5027.125,27.125,0,1,0,true,true,96.296296,100,11520,1440,34.313725,415.662372,,,,,,,,,
BASE,OPERACION_DIARIA-NORMAL-N02,OPERACION_DIARIA,NORMAL,2,9,81,GENETICO,27,4743.3626,9060,5026,26,0,1,0,true,true,96.296296,100,9520,1190,34.313725,,,,,,,,,,
BASE,OPERACION_DIARIA-NORMAL-N02,OPERACION_DIARIA,NORMAL,2,10,82,GENETICO,27,3983.4259,9060,5026,26,0,1,0,true,true,96.296296,100,10272,1284,34.313725,,,,,,,,,,
BASE,OPERACION_DIARIA-NORMAL-N02,OPERACION_DIARIA,NORMAL,2,10,82,RECOCIDO_SIMULADO,27,664.8491,3141,5026.883333,26.883333,0,1,0,true,true,96.296296,100,11812,1810,34.313725,47.739652,,,,,,,,,
BASE,OPERACION_DIARIA-NORMAL-N02,OPERACION_DIARIA,NORMAL,2,11,83,RECOCIDO_SIMULADO,27,727.6452,3421,5026.883333,26.883333,0,1,0,true,true,96.296296,100,10812,1588,34.313725,69.054729,,,,,,,,,
BASE,OPERACION_DIARIA-NORMAL-N02,OPERACION_DIARIA,NORMAL,2,11,83,GENETICO,27,4319.6855,9060,5026,26,0,1,0,true,true,96.296296,100,10816,1352,34.313725,,,,,,,,,,
BASE,OPERACION_DIARIA-NORMAL-N02,OPERACION_DIARIA,NORMAL,2,12,84,GENETICO,27,5407.1251,9060,5026,26,0,1,0,true,true,96.296296,100,11532,1446,34.313725,,,,,,,,,,
BASE,OPERACION_DIARIA-NORMAL-N02,OPERACION_DIARIA,NORMAL,2,12,84,RECOCIDO_SIMULADO,27,704.1985,3301,5027.125,27.125,0,1,0,true,true,96.296296,100,11520,1440,34.313725,59.745116,,,,,,,,,
BASE,OPERACION_DIARIA-NORMAL-N02,OPERACION_DIARIA,NORMAL,2,13,85,RECOCIDO_SIMULADO,27,869.0848,4061,5027.125,27.125,0,1,0,true,true,96.296296,100,11520,1440,34.313725,156.924012,,,,,,,,,
BASE,OPERACION_DIARIA-NORMAL-N02,OPERACION_DIARIA,NORMAL,2,13,85,GENETICO,27,4923.424,9060,5026,26,0,1,0,true,true,96.296296,100,11404,1430,34.313725,,,,,,,,,,
BASE,OPERACION_DIARIA-NORMAL-N02,OPERACION_DIARIA,NORMAL,2,14,86,GENETICO,27,5799.3933,9060,5026,26,0,1,0,true,true,96.296296,100,11520,1530,34.313725,,,,,,,,,,
BASE,OPERACION_DIARIA-NORMAL-N02,OPERACION_DIARIA,NORMAL,2,14,86,RECOCIDO_SIMULADO,27,1006.4402,4741,5027.125,27.125,0,1,0,true,true,96.296296,100,11520,1440,34.313725,374.844547,,,,,,,,,
BASE,OPERACION_DIARIA-NORMAL-N02,OPERACION_DIARIA,NORMAL,2,15,87,RECOCIDO_SIMULADO,27,853.6048,4061,5027.125,27.125,0,1,0,true,true,96.296296,100,11520,1440,34.313725,153.903097,,,,,,,,,
BASE,OPERACION_DIARIA-NORMAL-N02,OPERACION_DIARIA,NORMAL,2,15,87,GENETICO,27,5388.7435,9060,5026,26,0,1,0,true,true,96.296296,100,11384,1454,34.313725,,,,,,,,,,
BASE,OPERACION_DIARIA-NORMAL-N02,OPERACION_DIARIA,NORMAL,2,16,88,GENETICO,27,5605.94,9060,5026,26,0,1,0,true,true,96.296296,100,10900,1408,34.313725,,,,,,,,,,
BASE,OPERACION_DIARIA-NORMAL-N02,OPERACION_DIARIA,NORMAL,2,16,88,RECOCIDO_SIMULADO,27,744.8541,3501,5027.125,27.125,0,1,0,true,true,96.296296,100,11520,1440,34.313725,77.776164,,,,,,,,,
BASE,OPERACION_DIARIA-NORMAL-N02,OPERACION_DIARIA,NORMAL,2,17,89,RECOCIDO_SIMULADO,27,689.3625,3261,5027.125,27.125,0,1,0,true,true,96.296296,100,11520,1440,34.313725,57.091472,,,,,,,,,
BASE,OPERACION_DIARIA-NORMAL-N02,OPERACION_DIARIA,NORMAL,2,17,89,GENETICO,27,5778.7744,9060,5026,26,0,1,0,true,true,96.296296,100,12032,1504,34.313725,,,,,,,,,,
BASE,OPERACION_DIARIA-NORMAL-N02,OPERACION_DIARIA,NORMAL,2,18,90,GENETICO,27,5409.0617,9060,5026,26,0,1,0,true,true,96.296296,100,11240,1432,34.313725,,,,,,,,,,
BASE,OPERACION_DIARIA-NORMAL-N02,OPERACION_DIARIA,NORMAL,2,18,90,RECOCIDO_SIMULADO,27,633.2225,2981,5026.883333,26.883333,0,1,0,true,true,96.296296,100,11954,1712,34.313725,39.932101,,,,,,,,,
BASE,OPERACION_DIARIA-NORMAL-N02,OPERACION_DIARIA,NORMAL,2,19,91,RECOCIDO_SIMULADO,27,926.9559,4341,5026.883333,26.883333,0,1,0,true,true,96.296296,100,10696,1588,34.313725,223.731109,,,,,,,,,
BASE,OPERACION_DIARIA-NORMAL-N02,OPERACION_DIARIA,NORMAL,2,19,91,GENETICO,27,5539.9363,9060,5026,26,0,1,0,true,true,96.296296,100,10980,1394,34.313725,,,,,,,,,,
BASE,OPERACION_DIARIA-NORMAL-N02,OPERACION_DIARIA,NORMAL,2,20,92,GENETICO,27,4928.9049,9060,5026,26,0,1,0,true,true,96.296296,100,10800,1350,34.313725,,,,,,,,,,
BASE,OPERACION_DIARIA-NORMAL-N02,OPERACION_DIARIA,NORMAL,2,20,92,RECOCIDO_SIMULADO,27,756.8802,3581,5027.125,27.125,0,1,0,true,true,96.296296,100,11520,1440,34.313725,85.164357,,,,,,,,,
BASE,OPERACION_DIARIA-NORMAL-N02,OPERACION_DIARIA,NORMAL,2,21,93,RECOCIDO_SIMULADO,27,770.3483,3621,5027.125,27.125,0,1,0,true,true,96.296296,100,11520,1440,34.313725,89.002541,,,,,,,,,
BASE,OPERACION_DIARIA-NORMAL-N02,OPERACION_DIARIA,NORMAL,2,21,93,GENETICO,27,5269.429,9060,5026,26,0,1,0,true,true,96.296296,100,10960,1370,34.313725,,,,,,,,,,
BASE,OPERACION_DIARIA-NORMAL-N02,OPERACION_DIARIA,NORMAL,2,22,94,GENETICO,27,4387.2332,9060,5026,26,0,1,0,true,true,96.296296,100,10172,1276,34.313725,,,,,,,,,,
BASE,OPERACION_DIARIA-NORMAL-N02,OPERACION_DIARIA,NORMAL,2,22,94,RECOCIDO_SIMULADO,27,903.5215,4261,5027.125,27.125,0,1,0,true,true,96.296296,100,11520,1440,34.313725,200.61066,,,,,,,,,
BASE,OPERACION_DIARIA-NORMAL-N02,OPERACION_DIARIA,NORMAL,2,23,95,RECOCIDO_SIMULADO,27,736.5109,3461,5027.125,27.125,0,1,0,true,true,96.296296,100,11520,1440,34.313725,74.103209,,,,,,,,,
BASE,OPERACION_DIARIA-NORMAL-N02,OPERACION_DIARIA,NORMAL,2,23,95,GENETICO,27,5824.547,9060,5026,26,0,1,0,true,true,96.296296,100,10928,1366,34.313725,,,,,,,,,,
BASE,OPERACION_DIARIA-NORMAL-N02,OPERACION_DIARIA,NORMAL,2,24,96,GENETICO,27,6149.9623,9060,5026,26,0,1,0,true,true,96.296296,100,10248,1308,34.313725,,,,,,,,,,
BASE,OPERACION_DIARIA-NORMAL-N02,OPERACION_DIARIA,NORMAL,2,24,96,RECOCIDO_SIMULADO,27,692.0128,3261,5026.883333,26.883333,0,1,0,true,true,96.296296,100,11368,1730,34.313725,55.002135,,,,,,,,,
BASE,OPERACION_DIARIA-NORMAL-N02,OPERACION_DIARIA,NORMAL,2,25,97,RECOCIDO_SIMULADO,27,715.1081,3341,5026.883333,26.883333,0,1,0,true,true,96.296296,100,10100,1616,34.313725,63.542667,,,,,,,,,
BASE,OPERACION_DIARIA-NORMAL-N02,OPERACION_DIARIA,NORMAL,2,25,97,GENETICO,27,6120.2772,9060,5026,26,0,1,0,true,true,96.296296,100,12364,1550,34.313725,,,,,,,,,,
BASE,OPERACION_DIARIA-NORMAL-N02,OPERACION_DIARIA,NORMAL,2,26,98,GENETICO,27,5477.1095,9060,5026,26,0,1,0,true,true,96.296296,100,11904,1550,34.313725,,,,,,,,,,
BASE,OPERACION_DIARIA-NORMAL-N02,OPERACION_DIARIA,NORMAL,2,26,98,RECOCIDO_SIMULADO,27,790.4092,3701,5026.883333,26.883333,0,1,0,true,true,96.296296,100,11892,1674,34.313725,98.947326,,,,,,,,,
BASE,OPERACION_DIARIA-NORMAL-N02,OPERACION_DIARIA,NORMAL,2,27,99,RECOCIDO_SIMULADO,27,728.9611,3381,5027.125,27.125,0,1,0,true,true,96.296296,100,11520,1440,34.313725,65.862497,,,,,,,,,
BASE,OPERACION_DIARIA-NORMAL-N02,OPERACION_DIARIA,NORMAL,2,27,99,GENETICO,27,6182.1097,9060,5026,26,0,1,0,true,true,96.296296,100,11052,1444,34.313725,,,,,,,,,,
BASE,OPERACION_DIARIA-NORMAL-N02,OPERACION_DIARIA,NORMAL,2,28,100,GENETICO,27,5713.5417,9060,5026,26,0,1,0,true,true,96.296296,100,10636,1334,34.313725,,,,,,,,,,
BASE,OPERACION_DIARIA-NORMAL-N02,OPERACION_DIARIA,NORMAL,2,28,100,RECOCIDO_SIMULADO,27,693.2367,3261,5027.125,27.125,0,1,0,true,true,96.296296,100,11520,1440,34.313725,55.995325,,,,,,,,,
BASE,OPERACION_DIARIA-NORMAL-N02,OPERACION_DIARIA,NORMAL,2,29,101,RECOCIDO_SIMULADO,27,844.3965,3981,5026.883333,26.883333,0,1,0,true,true,96.296296,100,10576,1750,34.313725,144.578682,,,,,,,,,
BASE,OPERACION_DIARIA-NORMAL-N02,OPERACION_DIARIA,NORMAL,2,29,101,GENETICO,27,5297.178,9060,5026,26,0,1,0,true,true,96.296296,100,10688,1336,34.313725,,,,,,,,,,
BASE,OPERACION_DIARIA-NORMAL-N03,OPERACION_DIARIA,NORMAL,3,0,102,GENETICO,38,3202.1096,9060,38.691667,38.691667,0,0,0,true,true,100,100,14358,1860,51.470588,,,,,,,,,,
BASE,OPERACION_DIARIA-NORMAL-N03,OPERACION_DIARIA,NORMAL,3,0,102,RECOCIDO_SIMULADO,38,463.7808,2901,39.116667,39.116667,0,0,0,true,true,100,100,15088,1886,51.470588,35.306078,,,,,,,,,
BASE,OPERACION_DIARIA-NORMAL-N03,OPERACION_DIARIA,NORMAL,3,1,103,RECOCIDO_SIMULADO,38,514.9071,3181,39.116667,39.116667,0,0,0,true,true,100,100,14532,1890,51.470588,49.874463,,,,,,,,,
BASE,OPERACION_DIARIA-NORMAL-N03,OPERACION_DIARIA,NORMAL,3,1,103,GENETICO,38,2563.0757,9060,38.691667,38.691667,0,0,0,true,true,100,100,14182,1852,51.470588,,,,,,,,,,
BASE,OPERACION_DIARIA-NORMAL-N03,OPERACION_DIARIA,NORMAL,3,2,104,GENETICO,38,3545.5538,9060,38.691667,38.691667,0,0,0,true,true,100,100,14180,1966,51.470588,,,,,,,,,,
BASE,OPERACION_DIARIA-NORMAL-N03,OPERACION_DIARIA,NORMAL,3,2,104,RECOCIDO_SIMULADO,38,490.1074,3061,39.116667,39.116667,0,0,0,true,true,100,100,14864,1858,51.470588,44.383745,,,,,,,,,
BASE,OPERACION_DIARIA-NORMAL-N03,OPERACION_DIARIA,NORMAL,3,3,105,RECOCIDO_SIMULADO,38,505.823,3181,39.116667,39.116667,0,0,0,true,true,100,100,15088,1886,51.470588,49.961344,,,,,,,,,
BASE,OPERACION_DIARIA-NORMAL-N03,OPERACION_DIARIA,NORMAL,3,3,105,GENETICO,38,3794.2807,9060,38.691667,38.691667,0,0,0,true,true,100,100,16152,2204,51.470588,,,,,,,,,,
BASE,OPERACION_DIARIA-NORMAL-N03,OPERACION_DIARIA,NORMAL,3,4,106,GENETICO,38,3453.474,9060,39.111667,39.111667,0,0,0,true,true,100,100,14354,1950,51.470588,,,,,,,,,,
BASE,OPERACION_DIARIA-NORMAL-N03,OPERACION_DIARIA,NORMAL,3,4,106,RECOCIDO_SIMULADO,38,472.8552,2941,39.116667,39.116667,0,0,0,true,true,100,100,15088,1886,51.470588,36.966095,,,,,,,,,
BASE,OPERACION_DIARIA-NORMAL-N03,OPERACION_DIARIA,NORMAL,3,5,107,RECOCIDO_SIMULADO,38,573.9807,3581,39.116667,39.116667,0,0,0,true,true,100,100,14864,1858,51.470588,85.02294,,,,,,,,,
BASE,OPERACION_DIARIA-NORMAL-N03,OPERACION_DIARIA,NORMAL,3,5,107,GENETICO,38,2591.5831,9060,38.691667,38.691667,0,0,0,true,true,100,100,15216,1928,51.470588,,,,,,,,,,
BASE,OPERACION_DIARIA-NORMAL-N03,OPERACION_DIARIA,NORMAL,3,6,108,GENETICO,38,2460.3263,9060,39.111667,39.111667,0,0,0,true,true,100,100,14540,1842,51.470588,,,,,,,,,,
BASE,OPERACION_DIARIA-NORMAL-N03,OPERACION_DIARIA,NORMAL,3,6,108,RECOCIDO_SIMULADO,38,500.574,3101,39.116667,39.116667,0,0,0,true,true,100,100,14864,1858,51.470588,44.835605,,,,,,,,,
BASE,OPERACION_DIARIA-NORMAL-N03,OPERACION_DIARIA,NORMAL,3,7,109,RECOCIDO_SIMULADO,38,633.4357,4021,39.116667,39.116667,0,0,0,true,true,100,100,14864,1858,51.470588,148.828001,,,,,,,,,
BASE,OPERACION_DIARIA-NORMAL-N03,OPERACION_DIARIA,NORMAL,3,7,109,GENETICO,38,3656.196,9060,39.111667,39.111667,0,0,0,true,true,100,100,14856,1898,51.470588,,,,,,,,,,
BASE,OPERACION_DIARIA-NORMAL-N03,OPERACION_DIARIA,NORMAL,3,8,110,GENETICO,38,3078.4075,9060,38.691667,38.691667,0,0,0,true,true,100,100,13730,1862,51.470588,,,,,,,,,,
BASE,OPERACION_DIARIA-NORMAL-N03,OPERACION_DIARIA,NORMAL,3,8,110,RECOCIDO_SIMULADO,38,609.0037,3861,39.116667,39.116667,0,0,0,true,true,100,100,14864,1858,51.470588,121.304819,,,,,,,,,
BASE,OPERACION_DIARIA-NORMAL-N03,OPERACION_DIARIA,NORMAL,3,9,111,RECOCIDO_SIMULADO,38,600.876,3781,39.116667,39.116667,0,0,0,true,true,100,100,14864,1858,51.470588,109.775173,,,,,,,,,
BASE,OPERACION_DIARIA-NORMAL-N03,OPERACION_DIARIA,NORMAL,3,9,111,GENETICO,38,2375.9808,9060,39.111667,39.111667,0,0,0,true,true,100,100,14508,1898,51.470588,,,,,,,,,,
BASE,OPERACION_DIARIA-NORMAL-N03,OPERACION_DIARIA,NORMAL,3,10,112,GENETICO,38,2910.0821,9060,38.691667,38.691667,0,0,0,true,true,100,100,14494,1846,51.470588,,,,,,,,,,
BASE,OPERACION_DIARIA-NORMAL-N03,OPERACION_DIARIA,NORMAL,3,10,112,RECOCIDO_SIMULADO,38,545.2883,3421,39.116667,39.116667,0,0,0,true,true,100,100,14864,1858,51.470588,70.291379,,,,,,,,,
BASE,OPERACION_DIARIA-NORMAL-N03,OPERACION_DIARIA,NORMAL,3,11,113,RECOCIDO_SIMULADO,38,644.631,4021,39.116667,39.116667,0,0,0,true,true,100,100,14864,1858,51.470588,151.13572,,,,,,,,,
BASE,OPERACION_DIARIA-NORMAL-N03,OPERACION_DIARIA,NORMAL,3,11,113,GENETICO,38,3463.1497,9060,38.691667,38.691667,0,0,0,true,true,100,100,15268,2006,51.470588,,,,,,,,,,
BASE,OPERACION_DIARIA-NORMAL-N03,OPERACION_DIARIA,NORMAL,3,12,114,GENETICO,38,3392.3126,9060,38.691667,38.691667,0,0,0,true,true,100,100,14602,1876,51.470588,,,,,,,,,,
BASE,OPERACION_DIARIA-NORMAL-N03,OPERACION_DIARIA,NORMAL,3,12,114,RECOCIDO_SIMULADO,38,671.9621,4301,39.116667,39.116667,0,0,0,true,true,100,100,14864,1858,51.470588,209.680794,,,,,,,,,
BASE,OPERACION_DIARIA-NORMAL-N03,OPERACION_DIARIA,NORMAL,3,13,115,RECOCIDO_SIMULADO,38,457.8333,2861,39.116667,39.116667,0,0,0,true,true,100,100,14864,1858,51.470588,34.353613,,,,,,,,,
BASE,OPERACION_DIARIA-NORMAL-N03,OPERACION_DIARIA,NORMAL,3,13,115,GENETICO,38,2296.2743,9060,39.111667,39.111667,0,0,0,true,true,100,100,14508,1898,51.470588,,,,,,,,,,
BASE,OPERACION_DIARIA-NORMAL-N03,OPERACION_DIARIA,NORMAL,3,14,116,GENETICO,38,2649.0336,9060,38.691667,38.691667,0,0,0,true,true,100,100,14764,1882,51.470588,,,,,,,,,,
BASE,OPERACION_DIARIA-NORMAL-N03,OPERACION_DIARIA,NORMAL,3,14,116,RECOCIDO_SIMULADO,38,599.9989,3741,39.116667,39.116667,0,0,0,true,true,100,100,14864,1858,51.470588,101.417859,,,,,,,,,
BASE,OPERACION_DIARIA-NORMAL-N03,OPERACION_DIARIA,NORMAL,3,15,117,RECOCIDO_SIMULADO,38,581.7884,3621,39.116667,39.116667,0,0,0,true,true,100,100,14864,1858,51.470588,88.040798,,,,,,,,,
BASE,OPERACION_DIARIA-NORMAL-N03,OPERACION_DIARIA,NORMAL,3,15,117,GENETICO,38,2901.1455,9060,39.111667,39.111667,0,0,0,true,true,100,100,14508,1898,51.470588,,,,,,,,,,
BASE,OPERACION_DIARIA-NORMAL-N03,OPERACION_DIARIA,NORMAL,3,16,118,GENETICO,38,2548.7056,9060,38.691667,38.691667,0,0,0,true,true,100,100,14874,1924,51.470588,,,,,,,,,,
BASE,OPERACION_DIARIA-NORMAL-N03,OPERACION_DIARIA,NORMAL,3,16,118,RECOCIDO_SIMULADO,38,505.1763,3141,39.116667,39.116667,0,0,0,true,true,100,100,14864,1858,51.470588,47.018954,,,,,,,,,
BASE,OPERACION_DIARIA-NORMAL-N03,OPERACION_DIARIA,NORMAL,3,17,119,RECOCIDO_SIMULADO,38,547.6909,3461,39.116667,39.116667,0,0,0,true,true,100,100,15088,1886,51.470588,72.902194,,,,,,,,,
BASE,OPERACION_DIARIA-NORMAL-N03,OPERACION_DIARIA,NORMAL,3,17,119,GENETICO,38,3459.9685,9060,38.691667,38.691667,0,0,0,true,true,100,100,14960,2010,51.470588,,,,,,,,,,
BASE,OPERACION_DIARIA-NORMAL-N03,OPERACION_DIARIA,NORMAL,3,18,120,GENETICO,38,2587.2626,9060,39.111667,39.111667,0,0,0,true,true,100,100,14540,1842,51.470588,,,,,,,,,,
BASE,OPERACION_DIARIA-NORMAL-N03,OPERACION_DIARIA,NORMAL,3,18,120,RECOCIDO_SIMULADO,38,510.1141,3221,39.116667,39.116667,0,0,0,true,true,100,100,15088,1886,51.470588,53.244224,,,,,,,,,
BASE,OPERACION_DIARIA-NORMAL-N03,OPERACION_DIARIA,NORMAL,3,19,121,RECOCIDO_SIMULADO,38,428.4509,2701,39.116667,39.116667,0,0,0,true,true,100,100,15088,1886,51.470588,27.974741,,,,,,,,,
BASE,OPERACION_DIARIA-NORMAL-N03,OPERACION_DIARIA,NORMAL,3,19,121,GENETICO,38,2322.8989,9060,38.691667,38.691667,0,0,0,true,true,100,100,14464,1832,51.470588,,,,,,,,,,
BASE,OPERACION_DIARIA-NORMAL-N03,OPERACION_DIARIA,NORMAL,3,20,122,GENETICO,38,2349.5205,9060,39.111667,39.111667,0,0,0,true,true,100,100,14508,1898,51.470588,,,,,,,,,,
BASE,OPERACION_DIARIA-NORMAL-N03,OPERACION_DIARIA,NORMAL,3,20,122,RECOCIDO_SIMULADO,38,482.38,3021,39.116667,39.116667,0,0,0,true,true,100,100,15088,1886,51.470588,40.527147,,,,,,,,,
BASE,OPERACION_DIARIA-NORMAL-N03,OPERACION_DIARIA,NORMAL,3,21,123,RECOCIDO_SIMULADO,38,541.6003,3341,39.116667,39.116667,0,0,0,true,true,100,100,14864,1858,51.470588,61.212112,,,,,,,,,
BASE,OPERACION_DIARIA-NORMAL-N03,OPERACION_DIARIA,NORMAL,3,21,123,GENETICO,38,2262.909,9060,38.691667,38.691667,0,0,0,true,true,100,100,14412,1884,51.470588,,,,,,,,,,
BASE,OPERACION_DIARIA-NORMAL-N03,OPERACION_DIARIA,NORMAL,3,22,124,GENETICO,38,2381.4754,9060,38.691667,38.691667,0,0,0,true,true,100,100,14558,1866,51.470588,,,,,,,,,,
BASE,OPERACION_DIARIA-NORMAL-N03,OPERACION_DIARIA,NORMAL,3,22,124,RECOCIDO_SIMULADO,38,537.5172,3381,39.116667,39.116667,0,0,0,true,true,100,100,14864,1858,51.470588,64.122255,,,,,,,,,
BASE,OPERACION_DIARIA-NORMAL-N03,OPERACION_DIARIA,NORMAL,3,23,125,RECOCIDO_SIMULADO,38,495.4689,3061,39.116667,39.116667,0,0,0,true,true,100,100,15088,1886,51.470588,43.231014,,,,,,,,,
BASE,OPERACION_DIARIA-NORMAL-N03,OPERACION_DIARIA,NORMAL,3,23,125,GENETICO,38,2802.6128,9060,38.691667,38.691667,0,0,0,true,true,100,100,14124,1858,51.470588,,,,,,,,,,
BASE,OPERACION_DIARIA-NORMAL-N03,OPERACION_DIARIA,NORMAL,3,24,126,GENETICO,38,4400.0425,9060,38.691667,38.691667,0,0,0,true,true,100,100,14396,1908,51.470588,,,,,,,,,,
BASE,OPERACION_DIARIA-NORMAL-N03,OPERACION_DIARIA,NORMAL,3,24,126,RECOCIDO_SIMULADO,38,491.492,3061,39.116667,39.116667,0,0,0,true,true,100,100,14864,1858,51.470588,43.295059,,,,,,,,,
BASE,OPERACION_DIARIA-NORMAL-N03,OPERACION_DIARIA,NORMAL,3,25,127,RECOCIDO_SIMULADO,38,457.2516,2861,39.116667,39.116667,0,0,0,true,true,100,100,15088,1886,51.470588,33.312103,,,,,,,,,
BASE,OPERACION_DIARIA-NORMAL-N03,OPERACION_DIARIA,NORMAL,3,25,127,GENETICO,38,2968.091,9060,38.691667,38.691667,0,0,0,true,true,100,100,15220,1982,51.470588,,,,,,,,,,
BASE,OPERACION_DIARIA-NORMAL-N03,OPERACION_DIARIA,NORMAL,3,26,128,GENETICO,38,3009.9928,9060,38.691667,38.691667,0,0,0,true,true,100,100,14492,1868,51.470588,,,,,,,,,,
BASE,OPERACION_DIARIA-NORMAL-N03,OPERACION_DIARIA,NORMAL,3,26,128,RECOCIDO_SIMULADO,38,440.6578,2741,39.116667,39.116667,0,0,0,true,true,100,100,15088,1886,51.470588,28.803455,,,,,,,,,
BASE,OPERACION_DIARIA-NORMAL-N03,OPERACION_DIARIA,NORMAL,3,27,129,RECOCIDO_SIMULADO,38,471.7821,2901,39.116667,39.116667,0,0,0,true,true,100,100,15088,1886,51.470588,34.645817,,,,,,,,,
BASE,OPERACION_DIARIA-NORMAL-N03,OPERACION_DIARIA,NORMAL,3,27,129,GENETICO,38,3125.8947,9060,38.691667,38.691667,0,0,0,true,true,100,100,15004,1990,51.470588,,,,,,,,,,
BASE,OPERACION_DIARIA-NORMAL-N03,OPERACION_DIARIA,NORMAL,3,28,130,GENETICO,38,2800.0457,9060,39.111667,39.111667,0,0,0,true,true,100,100,14508,1898,51.470588,,,,,,,,,,
BASE,OPERACION_DIARIA-NORMAL-N03,OPERACION_DIARIA,NORMAL,3,28,130,RECOCIDO_SIMULADO,38,508.0546,3181,39.116667,39.116667,0,0,0,true,true,100,100,15088,1886,51.470588,51.643465,,,,,,,,,
BASE,OPERACION_DIARIA-NORMAL-N03,OPERACION_DIARIA,NORMAL,3,29,131,RECOCIDO_SIMULADO,38,468.9645,2941,39.116667,39.116667,0,0,0,true,true,100,100,15088,1886,51.470588,37.927143,,,,,,,,,
BASE,OPERACION_DIARIA-NORMAL-N03,OPERACION_DIARIA,NORMAL,3,29,131,GENETICO,38,2329.024,9060,39.111667,39.111667,0,0,0,true,true,100,100,14508,1898,51.470588,,,,,,,,,,
BASE,OPERACION_DIARIA-ALTA-N01,OPERACION_DIARIA,ALTA,1,0,42,GENETICO,34,4566.7043,9060,10032.275,32.275,0,2,0,true,true,94.117647,90,14264,1840,45.588235,,,,,,,,,,
BASE,OPERACION_DIARIA-ALTA-N01,OPERACION_DIARIA,ALTA,1,0,42,RECOCIDO_SIMULADO,34,897.8061,3141,10032.7,32.7,0,2,0,true,true,94.117647,90,15648,1956,45.588235,48.10059,,,,,,,,,
BASE,OPERACION_DIARIA-ALTA-N01,OPERACION_DIARIA,ALTA,1,1,43,RECOCIDO_SIMULADO,34,772.0617,2661,10032.7,32.7,0,2,0,true,true,94.117647,90,15648,1956,45.588235,26.154611,,,,,,,,,
BASE,OPERACION_DIARIA-ALTA-N01,OPERACION_DIARIA,ALTA,1,1,43,GENETICO,34,5091.7497,9060,10032.275,32.275,0,2,0,true,true,94.117647,90,14544,1926,45.588235,,,,,,,,,,
BASE,OPERACION_DIARIA-ALTA-N01,OPERACION_DIARIA,ALTA,1,2,44,GENETICO,34,5144.5442,9060,10032.275,32.275,0,2,0,true,true,94.117647,90,13696,1758,45.588235,,,,,,,,,,
BASE,OPERACION_DIARIA-ALTA-N01,OPERACION_DIARIA,ALTA,1,2,44,RECOCIDO_SIMULADO,34,890.1734,3101,10032.7,32.7,0,2,0,true,true,94.117647,90,15648,1956,45.588235,45.175453,,,,,,,,,
BASE,OPERACION_DIARIA-ALTA-N01,OPERACION_DIARIA,ALTA,1,3,45,RECOCIDO_SIMULADO,34,783.7374,2741,10032.7,32.7,0,2,0,true,true,94.117647,90,15648,1956,45.588235,29.280112,,,,,,,,,
BASE,OPERACION_DIARIA-ALTA-N01,OPERACION_DIARIA,ALTA,1,3,45,GENETICO,34,4839.9991,9060,10032.275,32.275,0,2,0,true,true,94.117647,90,14256,1846,45.588235,,,,,,,,,,
BASE,OPERACION_DIARIA-ALTA-N01,OPERACION_DIARIA,ALTA,1,4,46,GENETICO,34,4344.1869,9060,10032.275,32.275,0,2,0,true,true,94.117647,90,14268,1808,45.588235,,,,,,,,,,
BASE,OPERACION_DIARIA-ALTA-N01,OPERACION_DIARIA,ALTA,1,4,46,RECOCIDO_SIMULADO,34,885.0674,3101,10032.7,32.7,0,2,0,true,true,94.117647,90,15648,1956,45.588235,45.175816,,,,,,,,,
BASE,OPERACION_DIARIA-ALTA-N01,OPERACION_DIARIA,ALTA,1,5,47,RECOCIDO_SIMULADO,34,984.1294,3461,10032.7,32.7,0,2,0,true,true,94.117647,90,15648,1956,45.588235,74.062879,,,,,,,,,
BASE,OPERACION_DIARIA-ALTA-N01,OPERACION_DIARIA,ALTA,1,5,47,GENETICO,34,5582.8289,9060,10032.275,32.275,0,2,0,true,true,94.117647,90,12946,1678,45.588235,,,,,,,,,,
BASE,OPERACION_DIARIA-ALTA-N01,OPERACION_DIARIA,ALTA,1,6,48,GENETICO,34,5270.486,9060,10032.275,32.275,0,2,0,true,true,94.117647,90,14610,1910,45.588235,,,,,,,,,,
BASE,OPERACION_DIARIA-ALTA-N01,OPERACION_DIARIA,ALTA,1,6,48,RECOCIDO_SIMULADO,34,1041.2996,3661,10032.7,32.7,0,2,0,true,true,94.117647,90,15648,1956,45.588235,92.489451,,,,,,,,,
BASE,OPERACION_DIARIA-ALTA-N01,OPERACION_DIARIA,ALTA,1,7,49,RECOCIDO_SIMULADO,34,848.6887,2941,10032.7,32.7,0,2,0,true,true,94.117647,90,15648,1956,45.588235,36.963027,,,,,,,,,
BASE,OPERACION_DIARIA-ALTA-N01,OPERACION_DIARIA,ALTA,1,7,49,GENETICO,34,4891.8311,9060,10032.275,32.275,0,2,0,true,true,94.117647,90,12960,1680,45.588235,,,,,,,,,,
BASE,OPERACION_DIARIA-ALTA-N01,OPERACION_DIARIA,ALTA,1,8,50,GENETICO,34,6300.4644,9060,10032.275,32.275,0,2,0,true,true,94.117647,90,13458,1862,45.588235,,,,,,,,,,
BASE,OPERACION_DIARIA-ALTA-N01,OPERACION_DIARIA,ALTA,1,8,50,RECOCIDO_SIMULADO,34,906.7288,3181,10032.7,32.7,0,2,0,true,true,94.117647,90,15648,1956,45.588235,49.890583,,,,,,,,,
BASE,OPERACION_DIARIA-ALTA-N01,OPERACION_DIARIA,ALTA,1,9,51,RECOCIDO_SIMULADO,34,814.0023,2861,10032.7,32.7,0,2,0,true,true,94.117647,90,15648,1956,45.588235,32.885738,,,,,,,,,
BASE,OPERACION_DIARIA-ALTA-N01,OPERACION_DIARIA,ALTA,1,9,51,GENETICO,34,5443.4754,9060,10032.275,32.275,0,2,0,true,true,94.117647,90,14300,1964,45.588235,,,,,,,,,,
BASE,OPERACION_DIARIA-ALTA-N01,OPERACION_DIARIA,ALTA,1,10,52,GENETICO,34,5356.9441,9060,10032.65,32.65,0,2,0,true,true,94.117647,90,14188,1786,45.588235,,,,,,,,,,
BASE,OPERACION_DIARIA-ALTA-N01,OPERACION_DIARIA,ALTA,1,10,52,RECOCIDO_SIMULADO,34,1004.0308,3501,10032.7,32.7,0,2,0,true,true,94.117647,90,15648,1956,45.588235,74.704748,,,,,,,,,
BASE,OPERACION_DIARIA-ALTA-N01,OPERACION_DIARIA,ALTA,1,11,53,RECOCIDO_SIMULADO,34,1152.9194,4061,10032.7,32.7,0,2,0,true,true,94.117647,90,15648,1956,45.588235,155.888379,,,,,,,,,
BASE,OPERACION_DIARIA-ALTA-N01,OPERACION_DIARIA,ALTA,1,11,53,GENETICO,34,5529.1464,9060,10032.275,32.275,0,2,0,true,true,94.117647,90,14844,2024,45.588235,,,,,,,,,,
BASE,OPERACION_DIARIA-ALTA-N01,OPERACION_DIARIA,ALTA,1,12,54,GENETICO,34,4716.4974,9060,10032.275,32.275,0,2,0,true,true,94.117647,90,13940,1838,45.588235,,,,,,,,,,
BASE,OPERACION_DIARIA-ALTA-N01,OPERACION_DIARIA,ALTA,1,12,54,RECOCIDO_SIMULADO,34,1078.0148,3781,10032.7,32.7,0,2,0,true,true,94.117647,90,15648,1956,45.588235,107.346448,,,,,,,,,
BASE,OPERACION_DIARIA-ALTA-N01,OPERACION_DIARIA,ALTA,1,13,55,RECOCIDO_SIMULADO,34,821.2796,2901,10032.7,32.7,0,2,0,true,true,94.117647,90,15648,1956,45.588235,34.615054,,,,,,,,,
BASE,OPERACION_DIARIA-ALTA-N01,OPERACION_DIARIA,ALTA,1,13,55,GENETICO,34,5377.7212,9060,10032.275,32.275,0,2,0,true,true,94.117647,90,12848,1758,45.588235,,,,,,,,,,
BASE,OPERACION_DIARIA-ALTA-N01,OPERACION_DIARIA,ALTA,1,14,56,GENETICO,34,4904.7203,9060,10032.65,32.65,0,2,0,true,true,94.117647,90,14868,1886,45.588235,,,,,,,,,,
BASE,OPERACION_DIARIA-ALTA-N01,OPERACION_DIARIA,ALTA,1,14,56,RECOCIDO_SIMULADO,34,931.931,3301,10032.7,32.7,0,2,0,true,true,94.117647,90,15648,1956,45.588235,58.061847,,,,,,,,,
BASE,OPERACION_DIARIA-ALTA-N01,OPERACION_DIARIA,ALTA,1,15,57,RECOCIDO_SIMULADO,34,899.4808,3181,10032.7,32.7,0,2,0,true,true,94.117647,90,15648,1956,45.588235,51.375526,,,,,,,,,
BASE,OPERACION_DIARIA-ALTA-N01,OPERACION_DIARIA,ALTA,1,15,57,GENETICO,34,6146.6927,9060,10032.65,32.65,0,2,0,true,true,94.117647,90,14864,1958,45.588235,,,,,,,,,,
BASE,OPERACION_DIARIA-ALTA-N01,OPERACION_DIARIA,ALTA,1,16,58,GENETICO,34,5355.5698,9060,10032.275,32.275,0,2,0,true,true,94.117647,90,13394,1774,45.588235,,,,,,,,,,
BASE,OPERACION_DIARIA-ALTA-N01,OPERACION_DIARIA,ALTA,1,16,58,RECOCIDO_SIMULADO,34,1240.2016,4341,10032.7,32.7,0,2,0,true,true,94.117647,90,15648,1956,45.588235,227.21391,,,,,,,,,
BASE,OPERACION_DIARIA-ALTA-N01,OPERACION_DIARIA,ALTA,1,17,59,RECOCIDO_SIMULADO,34,960.0917,3381,10032.7,32.7,0,2,0,true,true,94.117647,90,15648,1956,45.588235,66.223502,,,,,,,,,
BASE,OPERACION_DIARIA-ALTA-N01,OPERACION_DIARIA,ALTA,1,17,59,GENETICO,34,5780.2539,9060,10032.275,32.275,0,2,0,true,true,94.117647,90,14636,1854,45.588235,,,,,,,,,,
BASE,OPERACION_DIARIA-ALTA-N01,OPERACION_DIARIA,ALTA,1,18,60,GENETICO,34,5977.2192,9060,10032.65,32.65,0,2,0,true,true,94.117647,90,13226,1794,45.588235,,,,,,,,,,
BASE,OPERACION_DIARIA-ALTA-N01,OPERACION_DIARIA,ALTA,1,18,60,RECOCIDO_SIMULADO,34,1014.5104,3541,10032.7,32.7,0,2,0,true,true,94.117647,90,15648,1956,45.588235,79.020375,,,,,,,,,
BASE,OPERACION_DIARIA-ALTA-N01,OPERACION_DIARIA,ALTA,1,19,61,RECOCIDO_SIMULADO,34,915.7191,3261,10032.7,32.7,0,2,0,true,true,94.117647,90,15648,1956,45.588235,56.069219,,,,,,,,,
BASE,OPERACION_DIARIA-ALTA-N01,OPERACION_DIARIA,ALTA,1,19,61,GENETICO,34,4472.7083,9060,10032.275,32.275,0,2,0,true,true,94.117647,90,14080,1800,45.588235,,,,,,,,,,
BASE,OPERACION_DIARIA-ALTA-N01,OPERACION_DIARIA,ALTA,1,20,62,GENETICO,34,4391.5841,9060,10032.275,32.275,0,2,0,true,true,94.117647,90,13924,1744,45.588235,,,,,,,,,,
BASE,OPERACION_DIARIA-ALTA-N01,OPERACION_DIARIA,ALTA,1,20,62,RECOCIDO_SIMULADO,34,884.5785,3101,10032.7,32.7,0,2,0,true,true,94.117647,90,15648,1956,45.588235,44.543795,,,,,,,,,
BASE,OPERACION_DIARIA-ALTA-N01,OPERACION_DIARIA,ALTA,1,21,63,RECOCIDO_SIMULADO,34,936.806,3301,10032.7,32.7,0,2,0,true,true,94.117647,90,15648,1956,45.588235,59.673446,,,,,,,,,
BASE,OPERACION_DIARIA-ALTA-N01,OPERACION_DIARIA,ALTA,1,21,63,GENETICO,34,4511.4662,9060,10032.275,32.275,0,2,0,true,true,94.117647,90,14800,1850,45.588235,,,,,,,,,,
BASE,OPERACION_DIARIA-ALTA-N01,OPERACION_DIARIA,ALTA,1,22,64,GENETICO,34,5372.8088,9060,10032.275,32.275,0,2,0,true,true,94.117647,90,12618,1716,45.588235,,,,,,,,,,
BASE,OPERACION_DIARIA-ALTA-N01,OPERACION_DIARIA,ALTA,1,22,64,RECOCIDO_SIMULADO,34,860.833,3021,10032.7,32.7,0,2,0,true,true,94.117647,90,15648,1956,45.588235,42.112171,,,,,,,,,
BASE,OPERACION_DIARIA-ALTA-N01,OPERACION_DIARIA,ALTA,1,23,65,RECOCIDO_SIMULADO,34,855.5496,2981,10032.7,32.7,0,2,0,true,true,94.117647,90,15648,1956,45.588235,40.152692,,,,,,,,,
BASE,OPERACION_DIARIA-ALTA-N01,OPERACION_DIARIA,ALTA,1,23,65,GENETICO,34,4375.3064,9060,10032.275,32.275,0,2,0,true,true,94.117647,90,15076,1952,45.588235,,,,,,,,,,
BASE,OPERACION_DIARIA-ALTA-N01,OPERACION_DIARIA,ALTA,1,24,66,GENETICO,34,4919.463,9060,10032.65,32.65,0,2,0,true,true,94.117647,90,13990,1860,45.588235,,,,,,,,,,
BASE,OPERACION_DIARIA-ALTA-N01,OPERACION_DIARIA,ALTA,1,24,66,RECOCIDO_SIMULADO,34,926.4299,3301,10032.7,32.7,0,2,0,true,true,94.117647,90,15648,1956,45.588235,58.19463,,,,,,,,,
BASE,OPERACION_DIARIA-ALTA-N01,OPERACION_DIARIA,ALTA,1,25,67,RECOCIDO_SIMULADO,34,1055.8077,3701,10032.7,32.7,0,2,0,true,true,94.117647,90,15648,1956,45.588235,100.08628,,,,,,,,,
BASE,OPERACION_DIARIA-ALTA-N01,OPERACION_DIARIA,ALTA,1,25,67,GENETICO,34,5149.5141,9060,10032.275,32.275,0,2,0,true,true,94.117647,90,15000,2002,45.588235,,,,,,,,,,
BASE,OPERACION_DIARIA-ALTA-N01,OPERACION_DIARIA,ALTA,1,26,68,GENETICO,34,5430.3909,9060,10032.275,32.275,0,2,0,true,true,94.117647,90,12788,1724,45.588235,,,,,,,,,,
BASE,OPERACION_DIARIA-ALTA-N01,OPERACION_DIARIA,ALTA,1,26,68,RECOCIDO_SIMULADO,34,922.7654,3261,10032.7,32.7,0,2,0,true,true,94.117647,90,15648,1956,45.588235,56.679338,,,,,,,,,
BASE,OPERACION_DIARIA-ALTA-N01,OPERACION_DIARIA,ALTA,1,27,69,RECOCIDO_SIMULADO,34,957.8503,3381,10032.7,32.7,0,2,0,true,true,94.117647,90,15648,1956,45.588235,66.771936,,,,,,,,,
BASE,OPERACION_DIARIA-ALTA-N01,OPERACION_DIARIA,ALTA,1,27,69,GENETICO,34,5397.9696,9060,10032.275,32.275,0,2,0,true,true,94.117647,90,13400,1742,45.588235,,,,,,,,,,
BASE,OPERACION_DIARIA-ALTA-N01,OPERACION_DIARIA,ALTA,1,28,70,GENETICO,34,5395.115,9060,10032.275,32.275,0,2,0,true,true,94.117647,90,13228,1674,45.588235,,,,,,,,,,
BASE,OPERACION_DIARIA-ALTA-N01,OPERACION_DIARIA,ALTA,1,28,70,RECOCIDO_SIMULADO,34,907.9856,3221,10032.7,32.7,0,2,0,true,true,94.117647,90,15648,1956,45.588235,52.021772,,,,,,,,,
BASE,OPERACION_DIARIA-ALTA-N01,OPERACION_DIARIA,ALTA,1,29,71,RECOCIDO_SIMULADO,34,926.2931,3221,10032.7,32.7,0,2,0,true,true,94.117647,90,15648,1956,45.588235,52.007898,,,,,,,,,
BASE,OPERACION_DIARIA-ALTA-N01,OPERACION_DIARIA,ALTA,1,29,71,GENETICO,34,5064.0023,9060,10032.275,32.275,0,2,0,true,true,94.117647,90,13932,1760,45.588235,,,,,,,,,,
BASE,OPERACION_DIARIA-ALTA-N02,OPERACION_DIARIA,ALTA,2,0,72,GENETICO,38,4833.2028,9060,10037.4,37.4,0,2,0,true,true,94.736842,95.833333,13562,1834,44.362745,,,,,,,,,,
BASE,OPERACION_DIARIA-ALTA-N02,OPERACION_DIARIA,ALTA,2,0,72,RECOCIDO_SIMULADO,38,919.2506,3581,10038.05,38.05,0,2,0,true,true,94.736842,95.833333,14160,1770,44.362745,83.628247,,,,,,,,,
BASE,OPERACION_DIARIA-ALTA-N02,OPERACION_DIARIA,ALTA,2,1,73,RECOCIDO_SIMULADO,38,825.9764,3341,10038.05,38.05,0,2,0,true,true,94.736842,95.833333,14160,1770,44.362745,63.673665,,,,,,,,,
BASE,OPERACION_DIARIA-ALTA-N02,OPERACION_DIARIA,ALTA,2,1,73,GENETICO,38,4413.078,9060,10037.175,37.175,0,2,0,true,true,94.736842,95.833333,13862,1748,44.362745,,,,,,,,,,
BASE,OPERACION_DIARIA-ALTA-N02,OPERACION_DIARIA,ALTA,2,2,74,GENETICO,38,5416.5751,9060,10037.125,37.125,0,2,0,true,true,94.736842,95.833333,14140,1866,44.362745,,,,,,,,,,
BASE,OPERACION_DIARIA-ALTA-N02,OPERACION_DIARIA,ALTA,2,2,74,RECOCIDO_SIMULADO,38,1029.7306,4101,10038.05,38.05,0,2,0,true,true,94.736842,95.833333,14160,1770,44.362745,167.408212,,,,,,,,,
BASE,OPERACION_DIARIA-ALTA-N02,OPERACION_DIARIA,ALTA,2,3,75,RECOCIDO_SIMULADO,38,805.4806,3221,10038.05,38.05,0,2,0,true,true,94.736842,95.833333,14160,1770,44.362745,54.02544,,,,,,,,,
BASE,OPERACION_DIARIA-ALTA-N02,OPERACION_DIARIA,ALTA,2,3,75,GENETICO,38,5387.2744,9060,10037.125,37.125,0,2,0,true,true,94.736842,95.833333,13798,1726,44.362745,,,,,,,,,,
BASE,OPERACION_DIARIA-ALTA-N02,OPERACION_DIARIA,ALTA,2,4,76,GENETICO,38,6211.9191,9060,10037.175,37.175,0,2,0,true,true,94.736842,95.833333,13740,1930,44.362745,,,,,,,,,,
BASE,OPERACION_DIARIA-ALTA-N02,OPERACION_DIARIA,ALTA,2,4,76,RECOCIDO_SIMULADO,38,921.642,3661,10038.05,38.05,0,2,0,true,true,94.736842,95.833333,14160,1770,44.362745,93.964647,,,,,,,,,
BASE,OPERACION_DIARIA-ALTA-N02,OPERACION_DIARIA,ALTA,2,5,77,RECOCIDO_SIMULADO,38,1105.9825,4341,10038.05,38.05,0,2,0,true,true,94.736842,95.833333,14160,1770,44.362745,229.318919,,,,,,,,,
BASE,OPERACION_DIARIA-ALTA-N02,OPERACION_DIARIA,ALTA,2,5,77,GENETICO,38,5220.5744,9060,10037.4,37.4,0,2,0,true,true,94.736842,95.833333,14348,1876,44.362745,,,,,,,,,,
BASE,OPERACION_DIARIA-ALTA-N02,OPERACION_DIARIA,ALTA,2,6,78,GENETICO,38,4601.5791,9060,10037.175,37.175,0,2,0,true,true,94.736842,95.833333,13574,1698,44.362745,,,,,,,,,,
BASE,OPERACION_DIARIA-ALTA-N02,OPERACION_DIARIA,ALTA,2,6,78,RECOCIDO_SIMULADO,38,899.7919,3581,10038.05,38.05,0,2,0,true,true,94.736842,95.833333,14160,1770,44.362745,85.490792,,,,,,,,,
BASE,OPERACION_DIARIA-ALTA-N02,OPERACION_DIARIA,ALTA,2,7,79,RECOCIDO_SIMULADO,38,930.456,3741,10038.05,38.05,0,2,0,true,true,94.736842,95.833333,14160,1770,44.362745,101.548815,,,,,,,,,
BASE,OPERACION_DIARIA-ALTA-N02,OPERACION_DIARIA,ALTA,2,7,79,GENETICO,38,6561.146,9060,10037.125,37.125,0,2,0,true,true,94.736842,95.833333,14316,1932,44.362745,,,,,,,,,,
BASE,OPERACION_DIARIA-ALTA-N02,OPERACION_DIARIA,ALTA,2,8,80,GENETICO,38,6899.3396,9060,10037.4,37.4,0,2,0,true,true,94.736842,95.833333,14098,1896,44.362745,,,,,,,,,,
BASE,OPERACION_DIARIA-ALTA-N02,OPERACION_DIARIA,ALTA,2,8,80,RECOCIDO_SIMULADO,38,894.7471,3501,10038.05,38.05,0,2,0,true,true,94.736842,95.833333,14160,1770,44.362745,77.584501,,,,,,,,,
BASE,OPERACION_DIARIA-ALTA-N02,OPERACION_DIARIA,ALTA,2,9,81,RECOCIDO_SIMULADO,38,893.6623,3461,10038.05,38.05,0,2,0,true,true,94.736842,95.833333,14160,1770,44.362745,71.175842,,,,,,,,,
BASE,OPERACION_DIARIA-ALTA-N02,OPERACION_DIARIA,ALTA,2,9,81,GENETICO,38,5009.3573,9060,10037.4,37.4,0,2,0,true,true,94.736842,95.833333,13190,1710,44.362745,,,,,,,,,,
BASE,OPERACION_DIARIA-ALTA-N02,OPERACION_DIARIA,ALTA,2,10,82,GENETICO,38,5835.3621,9060,10037.4,37.4,0,2,0,true,true,94.736842,95.833333,13746,1792,44.362745,,,,,,,,,,
BASE,OPERACION_DIARIA-ALTA-N02,OPERACION_DIARIA,ALTA,2,10,82,RECOCIDO_SIMULADO,38,797.5816,3181,10038.05,38.05,0,2,0,true,true,94.736842,95.833333,14160,1770,44.362745,49.840367,,,,,,,,,
BASE,OPERACION_DIARIA-ALTA-N02,OPERACION_DIARIA,ALTA,2,11,83,RECOCIDO_SIMULADO,38,938.7957,3741,10038.05,38.05,0,2,0,true,true,94.736842,95.833333,14160,1770,44.362745,104.526992,,,,,,,,,
BASE,OPERACION_DIARIA-ALTA-N02,OPERACION_DIARIA,ALTA,2,11,83,GENETICO,38,6244.7818,9060,10037.4,37.4,0,2,0,true,true,94.736842,95.833333,15012,1924,44.362745,,,,,,,,,,
BASE,OPERACION_DIARIA-ALTA-N02,OPERACION_DIARIA,ALTA,2,12,84,GENETICO,38,6268.708,9060,10037.125,37.125,0,2,0,true,true,94.736842,95.833333,13094,1782,44.362745,,,,,,,,,,
BASE,OPERACION_DIARIA-ALTA-N02,OPERACION_DIARIA,ALTA,2,12,84,RECOCIDO_SIMULADO,38,1009.8046,3981,10038.05,38.05,0,2,0,true,true,94.736842,95.833333,14160,1770,44.362745,139.300122,,,,,,,,,
BASE,OPERACION_DIARIA-ALTA-N02,OPERACION_DIARIA,ALTA,2,13,85,RECOCIDO_SIMULADO,38,862.826,3461,10038.05,38.05,0,2,0,true,true,94.736842,95.833333,14160,1770,44.362745,72.905497,,,,,,,,,
BASE,OPERACION_DIARIA-ALTA-N02,OPERACION_DIARIA,ALTA,2,13,85,GENETICO,38,4999.731,9060,10037.175,37.175,0,2,0,true,true,94.736842,95.833333,13278,1698,44.362745,,,,,,,,,,
BASE,OPERACION_DIARIA-ALTA-N02,OPERACION_DIARIA,ALTA,2,14,86,GENETICO,38,4967.805,9060,10037.125,37.125,0,2,0,true,true,94.736842,95.833333,12428,1614,44.362745,,,,,,,,,,
BASE,OPERACION_DIARIA-ALTA-N02,OPERACION_DIARIA,ALTA,2,14,86,RECOCIDO_SIMULADO,38,917.0142,3621,10038.05,38.05,0,2,0,true,true,94.736842,95.833333,14160,1770,44.362745,90.120193,,,,,,,,,
BASE,OPERACION_DIARIA-ALTA-N02,OPERACION_DIARIA,ALTA,2,15,87,RECOCIDO_SIMULADO,38,966.8636,3821,10038.05,38.05,0,2,0,true,true,94.736842,95.833333,14160,1770,44.362745,112.983329,,,,,,,,,
BASE,OPERACION_DIARIA-ALTA-N02,OPERACION_DIARIA,ALTA,2,15,87,GENETICO,38,6322.9255,9060,10037.175,37.175,0,2,0,true,true,94.736842,95.833333,13610,1806,44.362745,,,,,,,,,,
BASE,OPERACION_DIARIA-ALTA-N02,OPERACION_DIARIA,ALTA,2,16,88,GENETICO,38,6163.2015,9060,10037.175,37.175,0,2,0,true,true,94.736842,95.833333,13834,1808,44.362745,,,,,,,,,,
BASE,OPERACION_DIARIA-ALTA-N02,OPERACION_DIARIA,ALTA,2,16,88,RECOCIDO_SIMULADO,38,877.029,3501,10038.05,38.05,0,2,0,true,true,94.736842,95.833333,14160,1770,44.362745,76.244615,,,,,,,,,
BASE,OPERACION_DIARIA-ALTA-N02,OPERACION_DIARIA,ALTA,2,17,89,RECOCIDO_SIMULADO,38,953.9369,3781,10038.05,38.05,0,2,0,true,true,94.736842,95.833333,14160,1770,44.362745,109.503309,,,,,,,,,
BASE,OPERACION_DIARIA-ALTA-N02,OPERACION_DIARIA,ALTA,2,17,89,GENETICO,38,6676.223,9060,10037.4,37.4,0,2,0,true,true,94.736842,95.833333,14806,1878,44.362745,,,,,,,,,,
BASE,OPERACION_DIARIA-ALTA-N02,OPERACION_DIARIA,ALTA,2,18,90,GENETICO,38,5555.9867,9060,10037.125,37.125,0,2,0,true,true,94.736842,95.833333,14036,1822,44.362745,,,,,,,,,,
BASE,OPERACION_DIARIA-ALTA-N02,OPERACION_DIARIA,ALTA,2,18,90,RECOCIDO_SIMULADO,38,1015.9413,4101,10038.05,38.05,0,2,0,true,true,94.736842,95.833333,14160,1770,44.362745,162.09786,,,,,,,,,
BASE,OPERACION_DIARIA-ALTA-N02,OPERACION_DIARIA,ALTA,2,19,91,RECOCIDO_SIMULADO,38,1068.3951,4301,10038.05,38.05,0,2,0,true,true,94.736842,95.833333,14160,1770,44.362745,214.840478,,,,,,,,,
BASE,OPERACION_DIARIA-ALTA-N02,OPERACION_DIARIA,ALTA,2,19,91,GENETICO,38,4152.8239,9060,10037.4,37.4,0,2,0,true,true,94.736842,95.833333,13532,1744,44.362745,,,,,,,,,,
BASE,OPERACION_DIARIA-ALTA-N02,OPERACION_DIARIA,ALTA,2,20,92,GENETICO,38,5832.3325,9060,10037.125,37.125,0,2,0,true,true,94.736842,95.833333,14974,1956,44.362745,,,,,,,,,,
BASE,OPERACION_DIARIA-ALTA-N02,OPERACION_DIARIA,ALTA,2,20,92,RECOCIDO_SIMULADO,38,906.6924,3541,10038.05,38.05,0,2,0,true,true,94.736842,95.833333,14160,1770,44.362745,79.08994,,,,,,,,,
BASE,OPERACION_DIARIA-ALTA-N02,OPERACION_DIARIA,ALTA,2,21,93,RECOCIDO_SIMULADO,38,913.2879,3541,10038.05,38.05,0,2,0,true,true,94.736842,95.833333,14160,1770,44.362745,80.364047,,,,,,,,,
BASE,OPERACION_DIARIA-ALTA-N02,OPERACION_DIARIA,ALTA,2,21,93,GENETICO,38,6812.1546,9060,10037.125,37.125,0,2,0,true,true,94.736842,95.833333,14054,1898,44.362745,,,,,,,,,,
BASE,OPERACION_DIARIA-ALTA-N02,OPERACION_DIARIA,ALTA,2,22,94,GENETICO,38,5668.0476,9060,10037.175,37.175,0,2,0,true,true,94.736842,95.833333,13686,1796,44.362745,,,,,,,,,,
BASE,OPERACION_DIARIA-ALTA-N02,OPERACION_DIARIA,ALTA,2,22,94,RECOCIDO_SIMULADO,38,908.3795,3581,10038.05,38.05,0,2,0,true,true,94.736842,95.833333,14160,1770,44.362745,86.362946,,,,,,,,,
BASE,OPERACION_DIARIA-ALTA-N02,OPERACION_DIARIA,ALTA,2,23,95,RECOCIDO_SIMULADO,38,1186.8449,4741,10038.05,38.05,0,2,0,true,true,94.736842,95.833333,14160,1770,44.362745,367.382361,,,,,,,,,
BASE,OPERACION_DIARIA-ALTA-N02,OPERACION_DIARIA,ALTA,2,23,95,GENETICO,38,4571.2364,9060,10037.175,37.175,0,2,0,true,true,94.736842,95.833333,12990,1724,44.362745,,,,,,,,,,
BASE,OPERACION_DIARIA-ALTA-N02,OPERACION_DIARIA,ALTA,2,24,96,GENETICO,38,5548.3318,9060,10037.125,37.125,0,2,0,true,true,94.736842,95.833333,13580,1796,44.362745,,,,,,,,,,
BASE,OPERACION_DIARIA-ALTA-N02,OPERACION_DIARIA,ALTA,2,24,96,RECOCIDO_SIMULADO,38,1085.2177,4341,10038.05,38.05,0,2,0,true,true,94.736842,95.833333,14160,1770,44.362745,218.702562,,,,,,,,,
BASE,OPERACION_DIARIA-ALTA-N02,OPERACION_DIARIA,ALTA,2,25,97,RECOCIDO_SIMULADO,38,956.9446,3821,10038.05,38.05,0,2,0,true,true,94.736842,95.833333,14160,1770,44.362745,116.485968,,,,,,,,,
BASE,OPERACION_DIARIA-ALTA-N02,OPERACION_DIARIA,ALTA,2,25,97,GENETICO,38,5116.0774,9060,10037.175,37.175,0,2,0,true,true,94.736842,95.833333,13450,1810,44.362745,,,,,,,,,,
BASE,OPERACION_DIARIA-ALTA-N02,OPERACION_DIARIA,ALTA,2,26,98,GENETICO,38,6341.6184,9060,10037.4,37.4,0,2,0,true,true,94.736842,95.833333,14924,1994,44.362745,,,,,,,,,,
BASE,OPERACION_DIARIA-ALTA-N02,OPERACION_DIARIA,ALTA,2,26,98,RECOCIDO_SIMULADO,38,860.3432,3381,10038.05,38.05,0,2,0,true,true,94.736842,95.833333,14160,1770,44.362745,65.881395,,,,,,,,,
BASE,OPERACION_DIARIA-ALTA-N02,OPERACION_DIARIA,ALTA,2,27,99,RECOCIDO_SIMULADO,38,876.6017,3381,10038.05,38.05,0,2,0,true,true,94.736842,95.833333,14160,1770,44.362745,65.7228,,,,,,,,,
BASE,OPERACION_DIARIA-ALTA-N02,OPERACION_DIARIA,ALTA,2,27,99,GENETICO,38,5445.2025,9060,10037.125,37.125,0,2,0,true,true,94.736842,95.833333,13024,1748,44.362745,,,,,,,,,,
BASE,OPERACION_DIARIA-ALTA-N02,OPERACION_DIARIA,ALTA,2,28,100,GENETICO,38,5740.7291,9060,10037.175,37.175,0,2,0,true,true,94.736842,95.833333,12650,1680,44.362745,,,,,,,,,,
BASE,OPERACION_DIARIA-ALTA-N02,OPERACION_DIARIA,ALTA,2,28,100,RECOCIDO_SIMULADO,38,830.401,3341,10038.05,38.05,0,2,0,true,true,94.736842,95.833333,14160,1770,44.362745,60.659724,,,,,,,,,
BASE,OPERACION_DIARIA-ALTA-N02,OPERACION_DIARIA,ALTA,2,29,101,RECOCIDO_SIMULADO,38,823.0054,3221,10038.05,38.05,0,2,0,true,true,94.736842,95.833333,14160,1770,44.362745,53.677009,,,,,,,,,
BASE,OPERACION_DIARIA-ALTA-N02,OPERACION_DIARIA,ALTA,2,29,101,GENETICO,38,4564.4005,9060,10037.4,37.4,0,2,0,true,true,94.736842,95.833333,14242,1856,44.362745,,,,,,,,,,
BASE,OPERACION_DIARIA-ALTA-N03,OPERACION_DIARIA,ALTA,3,0,102,GENETICO,46,4190.2576,9060,46.8,46.8,0,0,0,true,true,100,100,17942,2576,61.519608,,,,,,,,,,
BASE,OPERACION_DIARIA-ALTA-N03,OPERACION_DIARIA,ALTA,3,0,102,RECOCIDO_SIMULADO,46,714.3746,3821,49.996667,49.996667,0,0,0,true,true,100,100,18328,2730,61.519608,117.598717,,,,,,,,,
BASE,OPERACION_DIARIA-ALTA-N03,OPERACION_DIARIA,ALTA,3,1,103,RECOCIDO_SIMULADO,46,752.5463,4061,55.071667,55.071667,0,0,0,true,true,100,100,17288,2576,61.519608,157.83376,,,,,,,,,
BASE,OPERACION_DIARIA-ALTA-N03,OPERACION_DIARIA,ALTA,3,1,103,GENETICO,46,3923.8344,9060,46.758333,46.758333,0,0,0,true,true,100,100,18992,2828,61.519608,,,,,,,,,,
BASE,OPERACION_DIARIA-ALTA-N03,OPERACION_DIARIA,ALTA,3,2,104,GENETICO,46,4911.5668,9060,46.758333,46.758333,0,0,0,true,true,100,100,16926,2546,61.519608,,,,,,,,,,
BASE,OPERACION_DIARIA-ALTA-N03,OPERACION_DIARIA,ALTA,3,2,104,RECOCIDO_SIMULADO,46,882.0739,4741,52.233333,52.233333,0,0,0,true,true,100,100,18852,2796,61.519608,375.143914,,,,,,,,,
BASE,OPERACION_DIARIA-ALTA-N03,OPERACION_DIARIA,ALTA,3,3,105,RECOCIDO_SIMULADO,46,682.7692,3661,47.313333,47.313333,0,0,0,true,true,100,100,18710,2860,61.519608,92.762835,,,,,,,,,
BASE,OPERACION_DIARIA-ALTA-N03,OPERACION_DIARIA,ALTA,3,3,105,GENETICO,46,4715.0898,9060,46.758333,46.758333,0,0,0,true,true,100,100,18270,2770,61.519608,,,,,,,,,,
BASE,OPERACION_DIARIA-ALTA-N03,OPERACION_DIARIA,ALTA,3,4,106,GENETICO,46,4544.4527,9060,46.758333,46.758333,0,0,0,true,true,100,100,16446,2440,61.519608,,,,,,,,,,
BASE,OPERACION_DIARIA-ALTA-N03,OPERACION_DIARIA,ALTA,3,4,106,RECOCIDO_SIMULADO,46,832.3638,4501,52.625,52.625,0,0,0,true,true,100,100,18474,2922,61.519608,268.564598,,,,,,,,,
BASE,OPERACION_DIARIA-ALTA-N03,OPERACION_DIARIA,ALTA,3,5,107,RECOCIDO_SIMULADO,46,682.0155,3661,52.188333,52.188333,0,0,0,true,true,100,100,18630,2794,61.519608,93.153628,,,,,,,,,
BASE,OPERACION_DIARIA-ALTA-N03,OPERACION_DIARIA,ALTA,3,5,107,GENETICO,46,4887.5405,9060,46.873333,46.873333,0,0,0,true,true,100,100,17454,2478,61.519608,,,,,,,,,,
BASE,OPERACION_DIARIA-ALTA-N03,OPERACION_DIARIA,ALTA,3,6,108,GENETICO,46,3993.7832,9060,46.758333,46.758333,0,0,0,true,true,100,100,15888,2438,61.519608,,,,,,,,,,
BASE,OPERACION_DIARIA-ALTA-N03,OPERACION_DIARIA,ALTA,3,6,108,RECOCIDO_SIMULADO,46,763.0166,4101,49.471667,49.471667,0,0,0,true,true,100,100,18476,2726,61.519608,162.716011,,,,,,,,,
BASE,OPERACION_DIARIA-ALTA-N03,OPERACION_DIARIA,ALTA,3,7,109,RECOCIDO_SIMULADO,46,771.7647,4141,51.938333,51.938333,0,0,0,true,true,100,100,19804,3074,61.519608,173.762335,,,,,,,,,
BASE,OPERACION_DIARIA-ALTA-N03,OPERACION_DIARIA,ALTA,3,7,109,GENETICO,46,5068.4511,9060,46.873333,46.873333,0,0,0,true,true,100,100,17616,2400,61.519608,,,,,,,,,,
BASE,OPERACION_DIARIA-ALTA-N03,OPERACION_DIARIA,ALTA,3,8,110,GENETICO,46,4650.143,9060,46.873333,46.873333,0,0,0,true,true,100,100,17818,2576,61.519608,,,,,,,,,,
BASE,OPERACION_DIARIA-ALTA-N03,OPERACION_DIARIA,ALTA,3,8,110,RECOCIDO_SIMULADO,46,682.6916,3621,51.738333,51.738333,0,0,0,true,true,100,100,17512,2582,61.519608,88.866014,,,,,,,,,
BASE,OPERACION_DIARIA-ALTA-N03,OPERACION_DIARIA,ALTA,3,9,111,RECOCIDO_SIMULADO,46,650.1742,3461,48.996667,48.996667,0,0,0,true,true,100,100,18706,2860,61.519608,73.860282,,,,,,,,,
BASE,OPERACION_DIARIA-ALTA-N03,OPERACION_DIARIA,ALTA,3,9,111,GENETICO,46,4559.9204,9060,46.873333,46.873333,0,0,0,true,true,100,100,18060,2678,61.519608,,,,,,,,,,
BASE,OPERACION_DIARIA-ALTA-N03,OPERACION_DIARIA,ALTA,3,10,112,GENETICO,46,5738.088,9060,46.758333,46.758333,0,0,0,true,true,100,100,17464,2596,61.519608,,,,,,,,,,
BASE,OPERACION_DIARIA-ALTA-N03,OPERACION_DIARIA,ALTA,3,10,112,RECOCIDO_SIMULADO,46,785.8109,4221,48.963333,48.963333,0,0,0,true,true,100,100,18232,2874,61.519608,188.517413,,,,,,,,,
BASE,OPERACION_DIARIA-ALTA-N03,OPERACION_DIARIA,ALTA,3,11,113,RECOCIDO_SIMULADO,46,713.5879,3861,54.13,54.13,0,0,0,true,true,100,100,18632,2892,61.519608,118.294879,,,,,,,,,
BASE,OPERACION_DIARIA-ALTA-N03,OPERACION_DIARIA,ALTA,3,11,113,GENETICO,46,3727.8039,9060,46.758333,46.758333,0,0,0,true,true,100,100,19118,2808,61.519608,,,,,,,,,,
BASE,OPERACION_DIARIA-ALTA-N03,OPERACION_DIARIA,ALTA,3,12,114,GENETICO,46,4836.6031,9060,46.866667,46.866667,0,0,0,true,true,100,100,15792,2450,61.519608,,,,,,,,,,
BASE,OPERACION_DIARIA-ALTA-N03,OPERACION_DIARIA,ALTA,3,12,114,RECOCIDO_SIMULADO,46,783.0547,4141,49.65,49.65,0,0,0,true,true,100,100,18356,2858,61.519608,177.075926,,,,,,,,,
BASE,OPERACION_DIARIA-ALTA-N03,OPERACION_DIARIA,ALTA,3,13,115,RECOCIDO_SIMULADO,46,759.811,4101,54.565,54.565,0,0,0,true,true,100,100,18700,2876,61.519608,164.88411,,,,,,,,,
BASE,OPERACION_DIARIA-ALTA-N03,OPERACION_DIARIA,ALTA,3,13,115,GENETICO,46,4622.6921,9060,46.873333,46.873333,0,0,0,true,true,100,100,18346,2686,61.519608,,,,,,,,,,
BASE,OPERACION_DIARIA-ALTA-N03,OPERACION_DIARIA,ALTA,3,14,116,GENETICO,46,3976.1409,9060,46.758333,46.758333,0,0,0,true,true,100,100,18048,2560,61.519608,,,,,,,,,,
BASE,OPERACION_DIARIA-ALTA-N03,OPERACION_DIARIA,ALTA,3,14,116,RECOCIDO_SIMULADO,46,667.7789,3581,50.283333,50.283333,0,0,0,true,true,100,100,18190,2814,61.519608,85.307546,,,,,,,,,
BASE,OPERACION_DIARIA-ALTA-N03,OPERACION_DIARIA,ALTA,3,15,117,RECOCIDO_SIMULADO,46,757.0439,4061,51.748333,51.748333,0,0,0,true,true,100,100,18278,2794,61.519608,157.900312,,,,,,,,,
BASE,OPERACION_DIARIA-ALTA-N03,OPERACION_DIARIA,ALTA,3,15,117,GENETICO,46,4472.1575,9060,46.758333,46.758333,0,0,0,true,true,100,100,17522,2508,61.519608,,,,,,,,,,
BASE,OPERACION_DIARIA-ALTA-N03,OPERACION_DIARIA,ALTA,3,16,118,GENETICO,46,4389.4768,9060,46.758333,46.758333,0,0,0,true,true,100,100,16904,2536,61.519608,,,,,,,,,,
BASE,OPERACION_DIARIA-ALTA-N03,OPERACION_DIARIA,ALTA,3,16,118,RECOCIDO_SIMULADO,46,909.3688,4861,50.433333,50.433333,0,0,0,true,true,100,100,19372,2934,61.519608,444.52537,,,,,,,,,
BASE,OPERACION_DIARIA-ALTA-N03,OPERACION_DIARIA,ALTA,3,17,119,RECOCIDO_SIMULADO,46,710.1472,3781,53.496667,53.496667,0,0,0,true,true,100,100,18226,2850,61.519608,107.842256,,,,,,,,,
BASE,OPERACION_DIARIA-ALTA-N03,OPERACION_DIARIA,ALTA,3,17,119,GENETICO,46,4585.4938,9060,46.758333,46.758333,0,0,0,true,true,100,100,18004,2548,61.519608,,,,,,,,,,
BASE,OPERACION_DIARIA-ALTA-N03,OPERACION_DIARIA,ALTA,3,18,120,GENETICO,46,4880.0426,9060,46.758333,46.758333,0,0,0,true,true,100,100,17206,2580,61.519608,,,,,,,,,,
BASE,OPERACION_DIARIA-ALTA-N03,OPERACION_DIARIA,ALTA,3,18,120,RECOCIDO_SIMULADO,46,807.0164,4341,51,51,0,0,0,true,true,100,100,18826,2970,61.519608,220.689378,,,,,,,,,
BASE,OPERACION_DIARIA-ALTA-N03,OPERACION_DIARIA,ALTA,3,19,121,RECOCIDO_SIMULADO,46,878.8437,4741,48.54,48.54,0,0,0,true,true,100,100,17390,2662,61.519608,372.986649,,,,,,,,,
BASE,OPERACION_DIARIA-ALTA-N03,OPERACION_DIARIA,ALTA,3,19,121,GENETICO,46,3836.2302,9060,46.758333,46.758333,0,0,0,true,true,100,100,16898,2562,61.519608,,,,,,,,,,
BASE,OPERACION_DIARIA-ALTA-N03,OPERACION_DIARIA,ALTA,3,20,122,GENETICO,46,4941.9254,9060,48.848333,48.848333,0,0,0,true,true,100,100,17582,2604,61.519608,,,,,,,,,,
BASE,OPERACION_DIARIA-ALTA-N03,OPERACION_DIARIA,ALTA,3,20,122,RECOCIDO_SIMULADO,46,821.0428,4381,48.846667,48.846667,0,0,0,true,true,100,100,18728,2794,61.519608,230.7611,,,,,,,,,
BASE,OPERACION_DIARIA-ALTA-N03,OPERACION_DIARIA,ALTA,3,21,123,RECOCIDO_SIMULADO,46,767.992,4061,48.063333,48.063333,0,0,0,true,true,100,100,18660,2866,61.519608,157.342201,,,,,,,,,
BASE,OPERACION_DIARIA-ALTA-N03,OPERACION_DIARIA,ALTA,3,21,123,GENETICO,46,4548.4925,9060,46.758333,46.758333,0,0,0,true,true,100,100,16832,2544,61.519608,,,,,,,,,,
BASE,OPERACION_DIARIA-ALTA-N03,OPERACION_DIARIA,ALTA,3,22,124,GENETICO,46,4453.9169,9060,46.758333,46.758333,0,0,0,true,true,100,100,17538,2430,61.519608,,,,,,,,,,
BASE,OPERACION_DIARIA-ALTA-N03,OPERACION_DIARIA,ALTA,3,22,124,RECOCIDO_SIMULADO,46,692.0328,3701,49.54,49.54,0,0,0,true,true,100,100,18338,2750,61.519608,96.646074,,,,,,,,,
BASE,OPERACION_DIARIA-ALTA-N03,OPERACION_DIARIA,ALTA,3,23,125,RECOCIDO_SIMULADO,46,704.792,3741,48.586667,48.586667,0,0,0,true,true,100,100,17718,2664,61.519608,104.85861,,,,,,,,,
BASE,OPERACION_DIARIA-ALTA-N03,OPERACION_DIARIA,ALTA,3,23,125,GENETICO,46,4854.5725,9060,46.873333,46.873333,0,0,0,true,true,100,100,18198,2530,61.519608,,,,,,,,,,
BASE,OPERACION_DIARIA-ALTA-N03,OPERACION_DIARIA,ALTA,3,24,126,GENETICO,46,4118.8183,9060,46.758333,46.758333,0,0,0,true,true,100,100,17356,2510,61.519608,,,,,,,,,,
BASE,OPERACION_DIARIA-ALTA-N03,OPERACION_DIARIA,ALTA,3,24,126,RECOCIDO_SIMULADO,46,779.74,4221,50.305,50.305,0,0,0,true,true,100,100,19352,3042,61.519608,190.089959,,,,,,,,,
BASE,OPERACION_DIARIA-ALTA-N03,OPERACION_DIARIA,ALTA,3,25,127,RECOCIDO_SIMULADO,46,768.6681,4101,48.058333,48.058333,0,0,0,true,true,100,100,18228,2802,61.519608,162.615411,,,,,,,,,
BASE,OPERACION_DIARIA-ALTA-N03,OPERACION_DIARIA,ALTA,3,25,127,GENETICO,46,4134.8873,9060,46.758333,46.758333,0,0,0,true,true,100,100,18014,2578,61.519608,,,,,,,,,,
BASE,OPERACION_DIARIA-ALTA-N03,OPERACION_DIARIA,ALTA,3,26,128,GENETICO,46,5430.8988,9060,46.758333,46.758333,0,0,0,true,true,100,100,17084,2548,61.519608,,,,,,,,,,
BASE,OPERACION_DIARIA-ALTA-N03,OPERACION_DIARIA,ALTA,3,26,128,RECOCIDO_SIMULADO,46,602.0524,3221,50.78,50.78,0,0,0,true,true,100,100,19852,2974,61.519608,53.13556,,,,,,,,,
BASE,OPERACION_DIARIA-ALTA-N03,OPERACION_DIARIA,ALTA,3,27,129,RECOCIDO_SIMULADO,46,729.4988,3901,47.316667,47.316667,0,0,0,true,true,100,100,19210,2906,61.519608,125.10286,,,,,,,,,
BASE,OPERACION_DIARIA-ALTA-N03,OPERACION_DIARIA,ALTA,3,27,129,GENETICO,46,4903.2817,9060,46.758333,46.758333,0,0,0,true,true,100,100,17002,2570,61.519608,,,,,,,,,,
BASE,OPERACION_DIARIA-ALTA-N03,OPERACION_DIARIA,ALTA,3,28,130,GENETICO,46,4494.4215,9060,46.873333,46.873333,0,0,0,true,true,100,100,17186,2618,61.519608,,,,,,,,,,
BASE,OPERACION_DIARIA-ALTA-N03,OPERACION_DIARIA,ALTA,3,28,130,RECOCIDO_SIMULADO,46,825.8146,4421,49.966667,49.966667,0,0,0,true,true,100,100,17772,2826,61.519608,253.19884,,,,,,,,,
BASE,OPERACION_DIARIA-ALTA-N03,OPERACION_DIARIA,ALTA,3,29,131,RECOCIDO_SIMULADO,46,840.5278,4501,54.271667,54.271667,0,0,0,true,true,100,100,18920,2842,61.519608,280.035778,,,,,,,,,
BASE,OPERACION_DIARIA-ALTA-N03,OPERACION_DIARIA,ALTA,3,29,131,GENETICO,46,5060.5308,9060,46.758333,46.758333,0,0,0,true,true,100,100,17004,2596,61.519608,,,,,,,,,,
BASE,OPERACION_DIARIA-CRITICA-N01,OPERACION_DIARIA,CRITICA,1,0,42,GENETICO,40,3376.1668,9060,40.19,40.19,0,0,0,true,true,100,100,17364,2218,50.245098,,,,,,,,,,
BASE,OPERACION_DIARIA-CRITICA-N01,OPERACION_DIARIA,CRITICA,1,0,42,RECOCIDO_SIMULADO,40,620.9031,3581,41.74,41.74,0,0,0,true,true,100,100,16744,2670,50.245098,84.392039,,,,,,,,,
BASE,OPERACION_DIARIA-CRITICA-N01,OPERACION_DIARIA,CRITICA,1,1,43,RECOCIDO_SIMULADO,40,592.4407,3421,41.048333,41.048333,0,0,0,true,true,100,100,19106,2924,50.245098,69.132007,,,,,,,,,
BASE,OPERACION_DIARIA-CRITICA-N01,OPERACION_DIARIA,CRITICA,1,1,43,GENETICO,40,4268.7295,9060,40.19,40.19,0,0,0,true,true,100,100,17040,2170,50.245098,,,,,,,,,,
BASE,OPERACION_DIARIA-CRITICA-N01,OPERACION_DIARIA,CRITICA,1,2,44,GENETICO,40,2755.266,9060,40.19,40.19,0,0,0,true,true,100,100,15528,2080,50.245098,,,,,,,,,,
BASE,OPERACION_DIARIA-CRITICA-N01,OPERACION_DIARIA,CRITICA,1,2,44,RECOCIDO_SIMULADO,40,674.8247,3861,41.8,41.8,0,0,0,true,true,100,100,16704,2088,50.245098,124.153401,,,,,,,,,
BASE,OPERACION_DIARIA-CRITICA-N01,OPERACION_DIARIA,CRITICA,1,3,45,RECOCIDO_SIMULADO,40,637.6674,3661,41.8,41.8,0,0,0,true,true,100,100,16704,2088,50.245098,95.657342,,,,,,,,,
BASE,OPERACION_DIARIA-CRITICA-N01,OPERACION_DIARIA,CRITICA,1,3,45,GENETICO,40,3946.0385,9060,40.19,40.19,0,0,0,true,true,100,100,18304,2492,50.245098,,,,,,,,,,
BASE,OPERACION_DIARIA-CRITICA-N01,OPERACION_DIARIA,CRITICA,1,4,46,GENETICO,40,3618.964,9060,40.19,40.19,0,0,0,true,true,100,100,16418,2282,50.245098,,,,,,,,,,
BASE,OPERACION_DIARIA-CRITICA-N01,OPERACION_DIARIA,CRITICA,1,4,46,RECOCIDO_SIMULADO,40,689.0562,4021,41.133333,41.133333,0,0,0,true,true,100,100,17002,2530,50.245098,147.492846,,,,,,,,,
BASE,OPERACION_DIARIA-CRITICA-N01,OPERACION_DIARIA,CRITICA,1,5,47,RECOCIDO_SIMULADO,40,608.2514,3541,41.466667,41.466667,0,0,0,true,true,100,100,18774,2868,50.245098,81.951944,,,,,,,,,
BASE,OPERACION_DIARIA-CRITICA-N01,OPERACION_DIARIA,CRITICA,1,5,47,GENETICO,40,2972.3195,9060,40.19,40.19,0,0,0,true,true,100,100,17564,2288,50.245098,,,,,,,,,,
BASE,OPERACION_DIARIA-CRITICA-N01,OPERACION_DIARIA,CRITICA,1,6,48,GENETICO,40,5041.6499,9060,40,40,0,0,0,true,true,100,100,16138,2132,50.245098,,,,,,,,,,
BASE,OPERACION_DIARIA-CRITICA-N01,OPERACION_DIARIA,CRITICA,1,6,48,RECOCIDO_SIMULADO,40,609.553,3501,41.8,41.8,0,0,0,true,true,100,100,16704,2088,50.245098,75.784839,,,,,,,,,
BASE,OPERACION_DIARIA-CRITICA-N01,OPERACION_DIARIA,CRITICA,1,7,49,RECOCIDO_SIMULADO,40,594.658,3381,41.8,41.8,0,0,0,true,true,100,100,16704,2088,50.245098,66.795547,,,,,,,,,
BASE,OPERACION_DIARIA-CRITICA-N01,OPERACION_DIARIA,CRITICA,1,7,49,GENETICO,40,4968.0988,9060,40.325,40.325,0,0,0,true,true,100,100,16714,2170,50.245098,,,,,,,,,,
BASE,OPERACION_DIARIA-CRITICA-N01,OPERACION_DIARIA,CRITICA,1,8,50,GENETICO,40,3305.5466,9060,40,40,0,0,0,true,true,100,100,15642,2080,50.245098,,,,,,,,,,
BASE,OPERACION_DIARIA-CRITICA-N01,OPERACION_DIARIA,CRITICA,1,8,50,RECOCIDO_SIMULADO,40,589.7391,3381,41.8,41.8,0,0,0,true,true,100,100,16704,2088,50.245098,66.864102,,,,,,,,,
BASE,OPERACION_DIARIA-CRITICA-N01,OPERACION_DIARIA,CRITICA,1,9,51,RECOCIDO_SIMULADO,40,789.6212,4581,41.8,41.8,0,0,0,true,true,100,100,16704,2088,50.245098,308.23164,,,,,,,,,
BASE,OPERACION_DIARIA-CRITICA-N01,OPERACION_DIARIA,CRITICA,1,9,51,GENETICO,40,4353.4174,9060,40.19,40.19,0,0,0,true,true,100,100,17610,2298,50.245098,,,,,,,,,,
BASE,OPERACION_DIARIA-CRITICA-N01,OPERACION_DIARIA,CRITICA,1,10,52,GENETICO,40,3232.093,9060,40.19,40.19,0,0,0,true,true,100,100,16038,2110,50.245098,,,,,,,,,,
BASE,OPERACION_DIARIA-CRITICA-N01,OPERACION_DIARIA,CRITICA,1,10,52,RECOCIDO_SIMULADO,40,586.3134,3381,41.8,41.8,0,0,0,true,true,100,100,16704,2088,50.245098,64.329966,,,,,,,,,
BASE,OPERACION_DIARIA-CRITICA-N01,OPERACION_DIARIA,CRITICA,1,11,53,RECOCIDO_SIMULADO,40,712.7969,4101,41.8,41.8,0,0,0,true,true,100,100,16704,2088,50.245098,161.105199,,,,,,,,,
BASE,OPERACION_DIARIA-CRITICA-N01,OPERACION_DIARIA,CRITICA,1,11,53,GENETICO,40,3411.1512,9060,40.325,40.325,0,0,0,true,true,100,100,16444,2268,50.245098,,,,,,,,,,
BASE,OPERACION_DIARIA-CRITICA-N01,OPERACION_DIARIA,CRITICA,1,12,54,GENETICO,40,2455.2119,9060,40.325,40.325,0,0,0,true,true,100,100,15718,2036,50.245098,,,,,,,,,,
BASE,OPERACION_DIARIA-CRITICA-N01,OPERACION_DIARIA,CRITICA,1,12,54,RECOCIDO_SIMULADO,40,666.2085,3821,41.8,41.8,0,0,0,true,true,100,100,16704,2088,50.245098,117.615213,,,,,,,,,
BASE,OPERACION_DIARIA-CRITICA-N01,OPERACION_DIARIA,CRITICA,1,13,55,RECOCIDO_SIMULADO,40,620.1217,3581,41.8,41.8,0,0,0,true,true,100,100,16704,2088,50.245098,83.825178,,,,,,,,,
BASE,OPERACION_DIARIA-CRITICA-N01,OPERACION_DIARIA,CRITICA,1,13,55,GENETICO,40,2906.5127,9060,40.19,40.19,0,0,0,true,true,100,100,16564,2122,50.245098,,,,,,,,,,
BASE,OPERACION_DIARIA-CRITICA-N01,OPERACION_DIARIA,CRITICA,1,14,56,GENETICO,40,2685.9055,9060,40.19,40.19,0,0,0,true,true,100,100,15550,2054,50.245098,,,,,,,,,,
BASE,OPERACION_DIARIA-CRITICA-N01,OPERACION_DIARIA,CRITICA,1,14,56,RECOCIDO_SIMULADO,40,523.242,3021,41.8,41.8,0,0,0,true,true,100,100,16704,2088,50.245098,41.638796,,,,,,,,,
BASE,OPERACION_DIARIA-CRITICA-N01,OPERACION_DIARIA,CRITICA,1,15,57,RECOCIDO_SIMULADO,40,633.6548,3661,41.201667,41.201667,0,0,0,true,true,100,100,18752,2766,50.245098,93.939995,,,,,,,,,
BASE,OPERACION_DIARIA-CRITICA-N01,OPERACION_DIARIA,CRITICA,1,15,57,GENETICO,40,4322.2934,9060,40.19,40.19,0,0,0,true,true,100,100,17250,2274,50.245098,,,,,,,,,,
BASE,OPERACION_DIARIA-CRITICA-N01,OPERACION_DIARIA,CRITICA,1,16,58,GENETICO,40,4847.7587,9060,40.19,40.19,0,0,0,true,true,100,100,17566,2402,50.245098,,,,,,,,,,
BASE,OPERACION_DIARIA-CRITICA-N01,OPERACION_DIARIA,CRITICA,1,16,58,RECOCIDO_SIMULADO,40,606.5629,3461,41.8,41.8,0,0,0,true,true,100,100,16704,2088,50.245098,70.680728,,,,,,,,,
BASE,OPERACION_DIARIA-CRITICA-N01,OPERACION_DIARIA,CRITICA,1,17,59,RECOCIDO_SIMULADO,40,800.3181,4661,41.8,41.8,0,0,0,true,true,100,100,16704,2088,50.245098,329.718704,,,,,,,,,
BASE,OPERACION_DIARIA-CRITICA-N01,OPERACION_DIARIA,CRITICA,1,17,59,GENETICO,40,4733.7451,9060,40.19,40.19,0,0,0,true,true,100,100,17230,2422,50.245098,,,,,,,,,,
BASE,OPERACION_DIARIA-CRITICA-N01,OPERACION_DIARIA,CRITICA,1,18,60,GENETICO,40,2545.9227,9060,40.325,40.325,0,0,0,true,true,100,100,15756,2122,50.245098,,,,,,,,,,
BASE,OPERACION_DIARIA-CRITICA-N01,OPERACION_DIARIA,CRITICA,1,18,60,RECOCIDO_SIMULADO,40,816.5644,4781,41.635,41.635,0,0,0,true,true,100,100,17058,2654,50.245098,386.480342,,,,,,,,,
BASE,OPERACION_DIARIA-CRITICA-N01,OPERACION_DIARIA,CRITICA,1,19,61,RECOCIDO_SIMULADO,40,641.9723,3701,41.8,41.8,0,0,0,true,true,100,100,16704,2088,50.245098,99.82973,,,,,,,,,
BASE,OPERACION_DIARIA-CRITICA-N01,OPERACION_DIARIA,CRITICA,1,19,61,GENETICO,40,3849.0354,9060,40.19,40.19,0,0,0,true,true,100,100,16142,2218,50.245098,,,,,,,,,,
BASE,OPERACION_DIARIA-CRITICA-N01,OPERACION_DIARIA,CRITICA,1,20,62,GENETICO,40,3183.8372,9060,40.19,40.19,0,0,0,true,true,100,100,15856,2052,50.245098,,,,,,,,,,
BASE,OPERACION_DIARIA-CRITICA-N01,OPERACION_DIARIA,CRITICA,1,20,62,RECOCIDO_SIMULADO,40,690.0167,4021,41.8,41.8,0,0,0,true,true,100,100,16704,2088,50.245098,149.020042,,,,,,,,,
BASE,OPERACION_DIARIA-CRITICA-N01,OPERACION_DIARIA,CRITICA,1,21,63,RECOCIDO_SIMULADO,40,582.8494,3341,41.6,41.6,0,0,0,true,true,100,100,17572,2598,50.245098,63.290155,,,,,,,,,
BASE,OPERACION_DIARIA-CRITICA-N01,OPERACION_DIARIA,CRITICA,1,21,63,GENETICO,40,4119.102,9060,40.19,40.19,0,0,0,true,true,100,100,15654,2164,50.245098,,,,,,,,,,
BASE,OPERACION_DIARIA-CRITICA-N01,OPERACION_DIARIA,CRITICA,1,22,64,GENETICO,40,3816.8202,9060,40,40,0,0,0,true,true,100,100,16462,2300,50.245098,,,,,,,,,,
BASE,OPERACION_DIARIA-CRITICA-N01,OPERACION_DIARIA,CRITICA,1,22,64,RECOCIDO_SIMULADO,40,653.676,3781,41.61,41.61,0,0,0,true,true,100,100,19120,2774,50.245098,109.801643,,,,,,,,,
BASE,OPERACION_DIARIA-CRITICA-N01,OPERACION_DIARIA,CRITICA,1,23,65,RECOCIDO_SIMULADO,40,759.5733,4421,41.8,41.8,0,0,0,true,true,100,100,16704,2088,50.245098,248.935481,,,,,,,,,
BASE,OPERACION_DIARIA-CRITICA-N01,OPERACION_DIARIA,CRITICA,1,23,65,GENETICO,40,2803.7763,9060,40.19,40.19,0,0,0,true,true,100,100,17632,2228,50.245098,,,,,,,,,,
BASE,OPERACION_DIARIA-CRITICA-N01,OPERACION_DIARIA,CRITICA,1,24,66,GENETICO,40,4167.0964,9060,40,40,0,0,0,true,true,100,100,15192,1986,50.245098,,,,,,,,,,
BASE,OPERACION_DIARIA-CRITICA-N01,OPERACION_DIARIA,CRITICA,1,24,66,RECOCIDO_SIMULADO,40,716.3035,4141,40.325,40.325,0,0,0,true,true,100,100,18062,2804,50.245098,172.86383,,,,,,,,,
BASE,OPERACION_DIARIA-CRITICA-N01,OPERACION_DIARIA,CRITICA,1,25,67,RECOCIDO_SIMULADO,40,819.5228,4781,41.8,41.8,0,0,0,true,true,100,100,16704,2088,50.245098,386.472276,,,,,,,,,
BASE,OPERACION_DIARIA-CRITICA-N01,OPERACION_DIARIA,CRITICA,1,25,67,GENETICO,40,5558.9312,9060,40.19,40.19,0,0,0,true,true,100,100,18008,2392,50.245098,,,,,,,,,,
BASE,OPERACION_DIARIA-CRITICA-N01,OPERACION_DIARIA,CRITICA,1,26,68,GENETICO,40,2953.2244,9060,40.19,40.19,0,0,0,true,true,100,100,16350,2144,50.245098,,,,,,,,,,
BASE,OPERACION_DIARIA-CRITICA-N01,OPERACION_DIARIA,CRITICA,1,26,68,RECOCIDO_SIMULADO,40,651.1911,3781,41.8,41.8,0,0,0,true,true,100,100,16704,2088,50.245098,110.06105,,,,,,,,,
BASE,OPERACION_DIARIA-CRITICA-N01,OPERACION_DIARIA,CRITICA,1,27,69,RECOCIDO_SIMULADO,40,670.6919,3901,41.108333,41.108333,0,0,0,true,true,100,100,17526,2662,50.245098,126.556399,,,,,,,,,
BASE,OPERACION_DIARIA-CRITICA-N01,OPERACION_DIARIA,CRITICA,1,27,69,GENETICO,40,3385.3018,9060,40,40,0,0,0,true,true,100,100,14360,1886,50.245098,,,,,,,,,,
BASE,OPERACION_DIARIA-CRITICA-N01,OPERACION_DIARIA,CRITICA,1,28,70,GENETICO,40,4103.3963,9060,40.19,40.19,0,0,0,true,true,100,100,17292,2214,50.245098,,,,,,,,,,
BASE,OPERACION_DIARIA-CRITICA-N01,OPERACION_DIARIA,CRITICA,1,28,70,RECOCIDO_SIMULADO,40,614.8613,3541,41.485,41.485,0,0,0,true,true,100,100,17740,2668,50.245098,80.5263,,,,,,,,,
BASE,OPERACION_DIARIA-CRITICA-N01,OPERACION_DIARIA,CRITICA,1,29,71,RECOCIDO_SIMULADO,40,685.7329,3981,41.8,41.8,0,0,0,true,true,100,100,16704,2088,50.245098,140.506517,,,,,,,,,
BASE,OPERACION_DIARIA-CRITICA-N01,OPERACION_DIARIA,CRITICA,1,29,71,GENETICO,40,2826.6159,9060,40,40,0,0,0,true,true,100,100,16410,2250,50.245098,,,,,,,,,,
BASE,OPERACION_DIARIA-CRITICA-N02,OPERACION_DIARIA,CRITICA,2,0,72,GENETICO,42,4864.8997,9060,5042.375,42.375,0,1,0,true,true,97.619048,96.153846,16958,2372,50.490196,,,,,,,,,,
BASE,OPERACION_DIARIA-CRITICA-N02,OPERACION_DIARIA,CRITICA,2,0,72,RECOCIDO_SIMULADO,42,932.0957,3661,5045.108333,45.108333,0,1,0,true,true,97.619048,96.153846,17458,2264,50.490196,91.868025,,,,,,,,,
BASE,OPERACION_DIARIA-CRITICA-N02,OPERACION_DIARIA,CRITICA,2,1,73,RECOCIDO_SIMULADO,42,1195.8997,4781,5045.108333,45.108333,0,1,0,true,true,97.619048,96.153846,17458,2264,50.490196,395.539736,,,,,,,,,
BASE,OPERACION_DIARIA-CRITICA-N02,OPERACION_DIARIA,CRITICA,2,1,73,GENETICO,42,4487.0934,9060,5042.285,42.285,0,1,0,true,true,97.619048,96.153846,16410,2234,50.490196,,,,,,,,,,
BASE,OPERACION_DIARIA-CRITICA-N02,OPERACION_DIARIA,CRITICA,2,2,74,GENETICO,42,4338.965,9060,5042.285,42.285,0,1,0,true,true,97.619048,96.153846,17848,2386,50.490196,,,,,,,,,,
BASE,OPERACION_DIARIA-CRITICA-N02,OPERACION_DIARIA,CRITICA,2,2,74,RECOCIDO_SIMULADO,42,827.0262,3301,5045.108333,45.108333,0,1,0,true,true,97.619048,96.153846,17458,2264,50.490196,59.109994,,,,,,,,,
BASE,OPERACION_DIARIA-CRITICA-N02,OPERACION_DIARIA,CRITICA,2,3,75,RECOCIDO_SIMULADO,42,775.2772,3101,5045.108333,45.108333,0,1,0,true,true,97.619048,96.153846,17458,2264,50.490196,45.311005,,,,,,,,,
BASE,OPERACION_DIARIA-CRITICA-N02,OPERACION_DIARIA,CRITICA,2,3,75,GENETICO,42,4683.6937,9060,5042,42,0,1,0,true,true,97.619048,96.153846,15970,2158,50.490196,,,,,,,,,,
BASE,OPERACION_DIARIA-CRITICA-N02,OPERACION_DIARIA,CRITICA,2,4,76,GENETICO,42,4684.8001,9060,5042.285,42.285,0,1,0,true,true,97.619048,96.153846,16226,2106,50.490196,,,,,,,,,,
BASE,OPERACION_DIARIA-CRITICA-N02,OPERACION_DIARIA,CRITICA,2,4,76,RECOCIDO_SIMULADO,42,1056.1109,4221,5045.108333,45.108333,0,1,0,true,true,97.619048,96.153846,17458,2264,50.490196,189.61079,,,,,,,,,
BASE,OPERACION_DIARIA-CRITICA-N02,OPERACION_DIARIA,CRITICA,2,5,77,RECOCIDO_SIMULADO,42,858.7171,3421,5045.108333,45.108333,0,1,0,true,true,97.619048,96.153846,17458,2264,50.490196,68.777728,,,,,,,,,
BASE,OPERACION_DIARIA-CRITICA-N02,OPERACION_DIARIA,CRITICA,2,5,77,GENETICO,42,6310.2849,9060,5042.285,42.285,0,1,0,true,true,97.619048,96.153846,16176,2270,50.490196,,,,,,,,,,
BASE,OPERACION_DIARIA-CRITICA-N02,OPERACION_DIARIA,CRITICA,2,6,78,GENETICO,42,4688.9247,9060,5042,42,0,1,0,true,true,97.619048,96.153846,16532,2200,50.490196,,,,,,,,,,
BASE,OPERACION_DIARIA-CRITICA-N02,OPERACION_DIARIA,CRITICA,2,6,78,RECOCIDO_SIMULADO,42,783.1832,3141,5043.803333,43.803333,0,1,0,true,true,97.619048,96.153846,19220,2894,50.490196,48.385813,,,,,,,,,
BASE,OPERACION_DIARIA-CRITICA-N02,OPERACION_DIARIA,CRITICA,2,7,79,RECOCIDO_SIMULADO,42,1049.9593,4221,5044.836667,44.836667,0,1,0,true,true,97.619048,96.153846,20682,3166,50.490196,193.099755,,,,,,,,,
BASE,OPERACION_DIARIA-CRITICA-N02,OPERACION_DIARIA,CRITICA,2,7,79,GENETICO,42,4069.8864,9060,5042,42,0,1,0,true,true,97.619048,96.153846,16966,2214,50.490196,,,,,,,,,,
BASE,OPERACION_DIARIA-CRITICA-N02,OPERACION_DIARIA,CRITICA,2,8,80,GENETICO,42,3788.0085,9060,5042.285,42.285,0,1,0,true,true,97.619048,96.153846,17114,2198,50.490196,,,,,,,,,,
BASE,OPERACION_DIARIA-CRITICA-N02,OPERACION_DIARIA,CRITICA,2,8,80,RECOCIDO_SIMULADO,42,787.5907,3101,5045.108333,45.108333,0,1,0,true,true,97.619048,96.153846,17458,2264,50.490196,45.782257,,,,,,,,,
BASE,OPERACION_DIARIA-CRITICA-N02,OPERACION_DIARIA,CRITICA,2,9,81,RECOCIDO_SIMULADO,42,1050.8054,4181,5044.5,44.5,0,1,0,true,true,97.619048,96.153846,18556,2686,50.490196,180.556446,,,,,,,,,
BASE,OPERACION_DIARIA-CRITICA-N02,OPERACION_DIARIA,CRITICA,2,9,81,GENETICO,42,4032.8987,9060,5042.375,42.375,0,1,0,true,true,97.619048,96.153846,17504,2350,50.490196,,,,,,,,,,
BASE,OPERACION_DIARIA-CRITICA-N02,OPERACION_DIARIA,CRITICA,2,10,82,GENETICO,42,6447.576,9060,5042.285,42.285,0,1,0,true,true,97.619048,96.153846,17076,2494,50.490196,,,,,,,,,,
BASE,OPERACION_DIARIA-CRITICA-N02,OPERACION_DIARIA,CRITICA,2,10,82,RECOCIDO_SIMULADO,42,1086.8934,4381,5045.108333,45.108333,0,1,0,true,true,97.619048,96.153846,17458,2264,50.490196,236.814915,,,,,,,,,
BASE,OPERACION_DIARIA-CRITICA-N02,OPERACION_DIARIA,CRITICA,2,11,83,RECOCIDO_SIMULADO,42,860.0677,3421,5043.025,43.025,0,1,0,true,true,97.619048,96.153846,17078,2248,50.490196,70.371236,,,,,,,,,
BASE,OPERACION_DIARIA-CRITICA-N02,OPERACION_DIARIA,CRITICA,2,11,83,GENETICO,42,4231.0209,9060,5042.285,42.285,0,1,0,true,true,97.619048,96.153846,16900,2252,50.490196,,,,,,,,,,
BASE,OPERACION_DIARIA-CRITICA-N02,OPERACION_DIARIA,CRITICA,2,12,84,GENETICO,42,5384.48,9060,5042.285,42.285,0,1,0,true,true,97.619048,96.153846,15918,2048,50.490196,,,,,,,,,,
BASE,OPERACION_DIARIA-CRITICA-N02,OPERACION_DIARIA,CRITICA,2,12,84,RECOCIDO_SIMULADO,42,994.0872,3981,5045.108333,45.108333,0,1,0,true,true,97.619048,96.153846,17458,2264,50.490196,142.725181,,,,,,,,,
BASE,OPERACION_DIARIA-CRITICA-N02,OPERACION_DIARIA,CRITICA,2,13,85,RECOCIDO_SIMULADO,42,1041.932,4221,5045.108333,45.108333,0,1,0,true,true,97.619048,96.153846,17458,2264,50.490196,196.999643,,,,,,,,,
BASE,OPERACION_DIARIA-CRITICA-N02,OPERACION_DIARIA,CRITICA,2,13,85,GENETICO,42,4555.1329,9060,5042.285,42.285,0,1,0,true,true,97.619048,96.153846,17002,2300,50.490196,,,,,,,,,,
BASE,OPERACION_DIARIA-CRITICA-N02,OPERACION_DIARIA,CRITICA,2,14,86,GENETICO,42,5468.0369,9060,5042.375,42.375,0,1,0,true,true,97.619048,96.153846,16732,2206,50.490196,,,,,,,,,,
BASE,OPERACION_DIARIA-CRITICA-N02,OPERACION_DIARIA,CRITICA,2,14,86,RECOCIDO_SIMULADO,42,797.5854,3141,5045.108333,45.108333,0,1,0,true,true,97.619048,96.153846,17458,2264,50.490196,48.482195,,,,,,,,,
BASE,OPERACION_DIARIA-CRITICA-N02,OPERACION_DIARIA,CRITICA,2,15,87,RECOCIDO_SIMULADO,42,977.2699,3901,5045.108333,45.108333,0,1,0,true,true,97.619048,96.153846,17458,2264,50.490196,130.391815,,,,,,,,,
BASE,OPERACION_DIARIA-CRITICA-N02,OPERACION_DIARIA,CRITICA,2,15,87,GENETICO,42,5005.9104,9060,5042.285,42.285,0,1,0,true,true,97.619048,96.153846,15852,2170,50.490196,,,,,,,,,,
BASE,OPERACION_DIARIA-CRITICA-N02,OPERACION_DIARIA,CRITICA,2,16,88,GENETICO,42,4393.724,9060,5042.285,42.285,0,1,0,true,true,97.619048,96.153846,17512,2352,50.490196,,,,,,,,,,
BASE,OPERACION_DIARIA-CRITICA-N02,OPERACION_DIARIA,CRITICA,2,16,88,RECOCIDO_SIMULADO,42,946.4109,3821,5045.108333,45.108333,0,1,0,true,true,97.619048,96.153846,17458,2264,50.490196,112.747977,,,,,,,,,
BASE,OPERACION_DIARIA-CRITICA-N02,OPERACION_DIARIA,CRITICA,2,17,89,RECOCIDO_SIMULADO,42,765.1636,3021,5045.108333,45.108333,0,1,0,true,true,97.619048,96.153846,17458,2264,50.490196,40.565362,,,,,,,,,
BASE,OPERACION_DIARIA-CRITICA-N02,OPERACION_DIARIA,CRITICA,2,17,89,GENETICO,42,5036.0128,9060,5042.285,42.285,0,1,0,true,true,97.619048,96.153846,17006,2306,50.490196,,,,,,,,,,
BASE,OPERACION_DIARIA-CRITICA-N02,OPERACION_DIARIA,CRITICA,2,18,90,GENETICO,42,3770.9408,9060,5042.285,42.285,0,1,0,true,true,97.619048,96.153846,17192,2304,50.490196,,,,,,,,,,
BASE,OPERACION_DIARIA-CRITICA-N02,OPERACION_DIARIA,CRITICA,2,18,90,RECOCIDO_SIMULADO,42,786.9879,3141,5043.385,43.385,0,1,0,true,true,97.619048,96.153846,16986,2564,50.490196,48.881394,,,,,,,,,
BASE,OPERACION_DIARIA-CRITICA-N02,OPERACION_DIARIA,CRITICA,2,19,91,RECOCIDO_SIMULADO,42,1182.4907,4781,5045.023333,45.023333,0,1,0,true,true,97.619048,96.153846,17644,2872,50.490196,403.14029,,,,,,,,,
BASE,OPERACION_DIARIA-CRITICA-N02,OPERACION_DIARIA,CRITICA,2,19,91,GENETICO,42,6178.0458,9060,5042.285,42.285,0,1,0,true,true,97.619048,96.153846,17734,2490,50.490196,,,,,,,,,,
BASE,OPERACION_DIARIA-CRITICA-N02,OPERACION_DIARIA,CRITICA,2,20,92,GENETICO,42,6306.9576,9060,5042.285,42.285,0,1,0,true,true,97.619048,96.153846,17806,2298,50.490196,,,,,,,,,,
BASE,OPERACION_DIARIA-CRITICA-N02,OPERACION_DIARIA,CRITICA,2,20,92,RECOCIDO_SIMULADO,42,1216.0718,4901,5045.108333,45.108333,0,1,0,true,true,97.619048,96.153846,17458,2264,50.490196,448.350646,,,,,,,,,
BASE,OPERACION_DIARIA-CRITICA-N02,OPERACION_DIARIA,CRITICA,2,21,93,RECOCIDO_SIMULADO,42,962.5262,3821,5044.311667,44.311667,0,1,0,true,true,97.619048,96.153846,17758,2596,50.490196,113.862358,,,,,,,,,
BASE,OPERACION_DIARIA-CRITICA-N02,OPERACION_DIARIA,CRITICA,2,21,93,GENETICO,42,4472.7182,9060,5042.285,42.285,0,1,0,true,true,97.619048,96.153846,17390,2260,50.490196,,,,,,,,,,
BASE,OPERACION_DIARIA-CRITICA-N02,OPERACION_DIARIA,CRITICA,2,22,94,GENETICO,42,3744.8108,9060,5042.285,42.285,0,1,0,true,true,97.619048,96.153846,17130,2324,50.490196,,,,,,,,,,
BASE,OPERACION_DIARIA-CRITICA-N02,OPERACION_DIARIA,CRITICA,2,22,94,RECOCIDO_SIMULADO,42,923.1912,3701,5045.108333,45.108333,0,1,0,true,true,97.619048,96.153846,17458,2264,50.490196,99.053004,,,,,,,,,
BASE,OPERACION_DIARIA-CRITICA-N02,OPERACION_DIARIA,CRITICA,2,23,95,RECOCIDO_SIMULADO,42,817.1997,3221,5045.108333,45.108333,0,1,0,true,true,97.619048,96.153846,17458,2264,50.490196,52.717686,,,,,,,,,
BASE,OPERACION_DIARIA-CRITICA-N02,OPERACION_DIARIA,CRITICA,2,23,95,GENETICO,42,6054.8933,9060,5042,42,0,1,0,true,true,97.619048,96.153846,16948,2298,50.490196,,,,,,,,,,
BASE,OPERACION_DIARIA-CRITICA-N02,OPERACION_DIARIA,CRITICA,2,24,96,GENETICO,42,5284.556,9060,5042,42,0,1,0,true,true,97.619048,96.153846,16450,2308,50.490196,,,,,,,,,,
BASE,OPERACION_DIARIA-CRITICA-N02,OPERACION_DIARIA,CRITICA,2,24,96,RECOCIDO_SIMULADO,42,753.4639,3021,5045.108333,45.108333,0,1,0,true,true,97.619048,96.153846,17458,2264,50.490196,40.285127,,,,,,,,,
BASE,OPERACION_DIARIA-CRITICA-N02,OPERACION_DIARIA,CRITICA,2,25,97,RECOCIDO_SIMULADO,42,1029.2926,4141,5044.691667,44.691667,0,1,0,true,true,97.619048,96.153846,17186,2230,50.490196,170.925671,,,,,,,,,
BASE,OPERACION_DIARIA-CRITICA-N02,OPERACION_DIARIA,CRITICA,2,25,97,GENETICO,42,5221.2472,9060,5042.285,42.285,0,1,0,true,true,97.619048,96.153846,16338,2120,50.490196,,,,,,,,,,
BASE,OPERACION_DIARIA-CRITICA-N02,OPERACION_DIARIA,CRITICA,2,26,98,GENETICO,42,3836.2942,9060,5042.285,42.285,0,1,0,true,true,97.619048,96.153846,16906,2350,50.490196,,,,,,,,,,
BASE,OPERACION_DIARIA-CRITICA-N02,OPERACION_DIARIA,CRITICA,2,26,98,RECOCIDO_SIMULADO,42,948.6731,3741,5045.108333,45.108333,0,1,0,true,true,97.619048,96.153846,17458,2264,50.490196,103.155644,,,,,,,,,
BASE,OPERACION_DIARIA-CRITICA-N02,OPERACION_DIARIA,CRITICA,2,27,99,RECOCIDO_SIMULADO,42,1224.1049,4901,5043.81,43.81,0,1,0,true,true,97.619048,96.153846,17678,2604,50.490196,459.479542,,,,,,,,,
BASE,OPERACION_DIARIA-CRITICA-N02,OPERACION_DIARIA,CRITICA,2,27,99,GENETICO,42,6156.463,9060,5042.285,42.285,0,1,0,true,true,97.619048,96.153846,17722,2472,50.490196,,,,,,,,,,
BASE,OPERACION_DIARIA-CRITICA-N02,OPERACION_DIARIA,CRITICA,2,28,100,GENETICO,42,6657.7977,9060,5042.285,42.285,0,1,0,true,true,97.619048,96.153846,16126,2266,50.490196,,,,,,,,,,
BASE,OPERACION_DIARIA-CRITICA-N02,OPERACION_DIARIA,CRITICA,2,28,100,RECOCIDO_SIMULADO,42,691.6647,2741,5045.108333,45.108333,0,1,0,true,true,97.619048,96.153846,17458,2264,50.490196,28.056428,,,,,,,,,
BASE,OPERACION_DIARIA-CRITICA-N02,OPERACION_DIARIA,CRITICA,2,29,101,RECOCIDO_SIMULADO,42,1191.0754,4781,5045.108333,45.108333,0,1,0,true,true,97.619048,96.153846,17458,2264,50.490196,395.325284,,,,,,,,,
BASE,OPERACION_DIARIA-CRITICA-N02,OPERACION_DIARIA,CRITICA,2,29,101,GENETICO,42,4114.8115,9060,5042,42,0,1,0,true,true,97.619048,96.153846,15442,2150,50.490196,,,,,,,,,,
BASE,OPERACION_DIARIA-CRITICA-N03,OPERACION_DIARIA,CRITICA,3,0,102,GENETICO,52,8053.0107,9060,20048,48,0,4,0,true,true,92.307692,93.75,18772,2698,70.343137,,,,,,,,,,
BASE,OPERACION_DIARIA-CRITICA-N03,OPERACION_DIARIA,CRITICA,3,0,102,RECOCIDO_SIMULADO,52,1940.0732,4021,20057.145,57.145,0,4,0,true,true,92.307692,93.75,20612,3126,70.343137,147.258457,,,,,,,,,
BASE,OPERACION_DIARIA-CRITICA-N03,OPERACION_DIARIA,CRITICA,3,1,103,RECOCIDO_SIMULADO,52,1841.6153,3741,20052.206667,52.206667,0,4,0,true,true,92.307692,93.75,18272,2880,70.343137,101.800637,,,,,,,,,
BASE,OPERACION_DIARIA-CRITICA-N03,OPERACION_DIARIA,CRITICA,3,1,103,GENETICO,52,7957.6326,9060,20048,48,0,4,0,true,true,92.307692,93.75,17736,2696,70.343137,,,,,,,,,,
BASE,OPERACION_DIARIA-CRITICA-N03,OPERACION_DIARIA,CRITICA,3,2,104,GENETICO,52,8002.2243,9060,20048,48,0,4,0,true,true,92.307692,93.75,18120,2708,70.343137,,,,,,,,,,
BASE,OPERACION_DIARIA-CRITICA-N03,OPERACION_DIARIA,CRITICA,3,2,104,RECOCIDO_SIMULADO,52,2091.0036,4341,20055.945,55.945,0,4,0,true,true,92.307692,93.75,19870,3000,70.343137,220.431986,,,,,,,,,
BASE,OPERACION_DIARIA-CRITICA-N03,OPERACION_DIARIA,CRITICA,3,3,105,RECOCIDO_SIMULADO,52,2110.6749,4341,20051.715,51.715,0,4,0,true,true,92.307692,93.75,19366,3116,70.343137,219.421575,,,,,,,,,
BASE,OPERACION_DIARIA-CRITICA-N03,OPERACION_DIARIA,CRITICA,3,3,105,GENETICO,52,8000.3163,9060,20048.408333,48.408333,0,4,0,true,true,92.307692,93.75,17238,2656,70.343137,,,,,,,,,,
BASE,OPERACION_DIARIA-CRITICA-N03,OPERACION_DIARIA,CRITICA,3,4,106,GENETICO,52,7804.0337,9060,20048,48,0,4,0,true,true,92.307692,93.75,20408,3006,70.343137,,,,,,,,,,
BASE,OPERACION_DIARIA-CRITICA-N03,OPERACION_DIARIA,CRITICA,3,4,106,RECOCIDO_SIMULADO,52,1685.0696,3461,20051.561667,51.561667,0,4,0,true,true,92.307692,93.75,18834,2898,70.343137,72.944846,,,,,,,,,
BASE,OPERACION_DIARIA-CRITICA-N03,OPERACION_DIARIA,CRITICA,3,5,107,RECOCIDO_SIMULADO,52,2035.2273,4101,20052.175,52.175,0,4,0,true,true,92.307692,93.75,19222,2918,70.343137,166.581352,,,,,,,,,
BASE,OPERACION_DIARIA-CRITICA-N03,OPERACION_DIARIA,CRITICA,3,5,107,GENETICO,52,7166.1249,9060,20048,48,0,4,0,true,true,92.307692,93.75,19360,2798,70.343137,,,,,,,,,,
BASE,OPERACION_DIARIA-CRITICA-N03,OPERACION_DIARIA,CRITICA,3,6,108,GENETICO,52,7310.3239,9060,20048,48,0,4,0,true,true,92.307692,93.75,20890,3034,70.343137,,,,,,,,,,
BASE,OPERACION_DIARIA-CRITICA-N03,OPERACION_DIARIA,CRITICA,3,6,108,RECOCIDO_SIMULADO,52,1885.8812,3741,20054.048333,54.048333,0,4,0,true,true,92.307692,93.75,21700,3196,70.343137,102.088437,,,,,,,,,
BASE,OPERACION_DIARIA-CRITICA-N03,OPERACION_DIARIA,CRITICA,3,7,109,RECOCIDO_SIMULADO,52,2021.3187,4061,20053.21,53.21,0,4,0,true,true,92.307692,93.75,20296,3006,70.343137,160.05971,,,,,,,,,
BASE,OPERACION_DIARIA-CRITICA-N03,OPERACION_DIARIA,CRITICA,3,7,109,GENETICO,52,8198.1058,9060,20048.258333,48.258333,0,4,0,true,true,92.307692,93.75,18856,2770,70.343137,,,,,,,,,,
BASE,OPERACION_DIARIA-CRITICA-N03,OPERACION_DIARIA,CRITICA,3,8,110,GENETICO,52,8101.4404,9060,20048,48,0,4,0,true,true,92.307692,93.75,19788,2898,70.343137,,,,,,,,,,
BASE,OPERACION_DIARIA-CRITICA-N03,OPERACION_DIARIA,CRITICA,3,8,110,RECOCIDO_SIMULADO,52,2277.4168,4581,20053.128333,53.128333,0,4,0,true,true,92.307692,93.75,20222,3006,70.343137,301.62763,,,,,,,,,
BASE,OPERACION_DIARIA-CRITICA-N03,OPERACION_DIARIA,CRITICA,3,9,111,RECOCIDO_SIMULADO,52,1898.7512,3861,20052.631667,52.631667,0,4,0,true,true,92.307692,93.75,19802,3096,70.343137,118.294568,,,,,,,,,
BASE,OPERACION_DIARIA-CRITICA-N03,OPERACION_DIARIA,CRITICA,3,9,111,GENETICO,52,8635.32,9060,20048,48,0,4,0,true,true,92.307692,93.75,18278,2734,70.343137,,,,,,,,,,
BASE,OPERACION_DIARIA-CRITICA-N03,OPERACION_DIARIA,CRITICA,3,10,112,GENETICO,52,7988.007,9060,20048,48,0,4,0,true,true,92.307692,93.75,17990,2738,70.343137,,,,,,,,,,
BASE,OPERACION_DIARIA-CRITICA-N03,OPERACION_DIARIA,CRITICA,3,10,112,RECOCIDO_SIMULADO,52,1618.5827,3301,20056.75,56.75,0,4,0,true,true,92.307692,93.75,21084,3064,70.343137,60.10547,,,,,,,,,
BASE,OPERACION_DIARIA-CRITICA-N03,OPERACION_DIARIA,CRITICA,3,11,113,RECOCIDO_SIMULADO,52,1709.0149,3381,20052.615,52.615,0,4,0,true,true,92.307692,93.75,20068,3092,70.343137,66.286323,,,,,,,,,
BASE,OPERACION_DIARIA-CRITICA-N03,OPERACION_DIARIA,CRITICA,3,11,113,GENETICO,52,7518.4398,9060,20049.058333,49.058333,0,4,0,true,true,92.307692,93.75,17840,2718,70.343137,,,,,,,,,,
BASE,OPERACION_DIARIA-CRITICA-N03,OPERACION_DIARIA,CRITICA,3,12,114,GENETICO,52,7206.1654,9060,20048,48,0,4,0,true,true,92.307692,93.75,20214,2864,70.343137,,,,,,,,,,
BASE,OPERACION_DIARIA-CRITICA-N03,OPERACION_DIARIA,CRITICA,3,12,114,RECOCIDO_SIMULADO,52,2063.3252,4221,20051.923333,51.923333,0,4,0,true,true,92.307692,93.75,20594,3178,70.343137,192.076745,,,,,,,,,
BASE,OPERACION_DIARIA-CRITICA-N03,OPERACION_DIARIA,CRITICA,3,13,115,RECOCIDO_SIMULADO,52,1698.1862,3461,20052.891667,52.891667,0,4,0,true,true,92.307692,93.75,18606,2880,70.343137,70.643155,,,,,,,,,
BASE,OPERACION_DIARIA-CRITICA-N03,OPERACION_DIARIA,CRITICA,3,13,115,GENETICO,52,7472.4061,9060,20048.208333,48.208333,0,4,0,true,true,92.307692,93.75,19406,2750,70.343137,,,,,,,,,,
BASE,OPERACION_DIARIA-CRITICA-N03,OPERACION_DIARIA,CRITICA,3,14,116,GENETICO,52,7137.2129,9060,20048,48,0,4,0,true,true,92.307692,93.75,17602,2504,70.343137,,,,,,,,,,
BASE,OPERACION_DIARIA-CRITICA-N03,OPERACION_DIARIA,CRITICA,3,14,116,RECOCIDO_SIMULADO,52,1723.643,3541,20050.686667,50.686667,0,4,0,true,true,92.307692,93.75,20422,3122,70.343137,81.116491,,,,,,,,,
BASE,OPERACION_DIARIA-CRITICA-N03,OPERACION_DIARIA,CRITICA,3,15,117,RECOCIDO_SIMULADO,52,2334.4818,4781,20053.39,53.39,0,4,0,true,true,92.307692,93.75,19292,2870,70.343137,396.756845,,,,,,,,,
BASE,OPERACION_DIARIA-CRITICA-N03,OPERACION_DIARIA,CRITICA,3,15,117,GENETICO,52,8183.2402,9060,20050.166667,50.166667,0,4,0,true,true,92.307692,93.75,17872,2740,70.343137,,,,,,,,,,
BASE,OPERACION_DIARIA-CRITICA-N03,OPERACION_DIARIA,CRITICA,3,16,118,GENETICO,52,7201.0678,9060,20048,48,0,4,0,true,true,92.307692,93.75,18460,2808,70.343137,,,,,,,,,,
BASE,OPERACION_DIARIA-CRITICA-N03,OPERACION_DIARIA,CRITICA,3,16,118,RECOCIDO_SIMULADO,52,2048.8845,4181,20053.078333,53.078333,0,4,0,true,true,92.307692,93.75,20830,3194,70.343137,184.207891,,,,,,,,,
BASE,OPERACION_DIARIA-CRITICA-N03,OPERACION_DIARIA,CRITICA,3,17,119,RECOCIDO_SIMULADO,52,2110.7415,4341,20051.973333,51.973333,0,4,0,true,true,92.307692,93.75,19414,3022,70.343137,227.321257,,,,,,,,,
BASE,OPERACION_DIARIA-CRITICA-N03,OPERACION_DIARIA,CRITICA,3,17,119,GENETICO,52,7773.696,9060,20048.258333,48.258333,0,4,0,true,true,92.307692,93.75,19408,2860,70.343137,,,,,,,,,,
BASE,OPERACION_DIARIA-CRITICA-N03,OPERACION_DIARIA,CRITICA,3,18,120,GENETICO,52,7751.2816,9060,20050.275,50.275,0,4,0,true,true,92.307692,93.75,18302,2682,70.343137,,,,,,,,,,
BASE,OPERACION_DIARIA-CRITICA-N03,OPERACION_DIARIA,CRITICA,3,18,120,RECOCIDO_SIMULADO,52,1649.3482,3301,20052.31,52.31,0,4,0,true,true,92.307692,93.75,20666,3130,70.343137,59.330428,,,,,,,,,
BASE,OPERACION_DIARIA-CRITICA-N03,OPERACION_DIARIA,CRITICA,3,19,121,RECOCIDO_SIMULADO,52,1736.4966,3541,20049.415,49.415,0,4,0,true,true,92.307692,93.75,18672,2920,70.343137,81.143047,,,,,,,,,
BASE,OPERACION_DIARIA-CRITICA-N03,OPERACION_DIARIA,CRITICA,3,19,121,GENETICO,52,7381.0439,9060,20051.008333,51.008333,0,4,0,true,true,92.307692,93.75,18616,2718,70.343137,,,,,,,,,,
BASE,OPERACION_DIARIA-CRITICA-N03,OPERACION_DIARIA,CRITICA,3,20,122,GENETICO,52,8026.5798,9060,20048,48,0,4,0,true,true,92.307692,93.75,17772,2646,70.343137,,,,,,,,,,
BASE,OPERACION_DIARIA-CRITICA-N03,OPERACION_DIARIA,CRITICA,3,20,122,RECOCIDO_SIMULADO,52,1960.6628,4021,20052.983333,52.983333,0,4,0,true,true,92.307692,93.75,20654,3168,70.343137,146.817708,,,,,,,,,
BASE,OPERACION_DIARIA-CRITICA-N03,OPERACION_DIARIA,CRITICA,3,21,123,RECOCIDO_SIMULADO,52,1805.7699,3701,20052.145,52.145,0,4,0,true,true,92.307692,93.75,19510,2948,70.343137,99.525662,,,,,,,,,
BASE,OPERACION_DIARIA-CRITICA-N03,OPERACION_DIARIA,CRITICA,3,21,123,GENETICO,52,8017.5426,9060,20048,48,0,4,0,true,true,92.307692,93.75,18260,2750,70.343137,,,,,,,,,,
BASE,OPERACION_DIARIA-CRITICA-N03,OPERACION_DIARIA,CRITICA,3,22,124,GENETICO,52,7523.1545,9060,20048,48,0,4,0,true,true,92.307692,93.75,18478,2708,70.343137,,,,,,,,,,
BASE,OPERACION_DIARIA-CRITICA-N03,OPERACION_DIARIA,CRITICA,3,22,124,RECOCIDO_SIMULADO,52,1857.3133,3821,20048.841667,48.841667,0,4,0,true,true,92.307692,93.75,18912,2932,70.343137,117.837239,,,,,,,,,
BASE,OPERACION_DIARIA-CRITICA-N03,OPERACION_DIARIA,CRITICA,3,23,125,RECOCIDO_SIMULADO,52,2143.6109,4461,20050.273333,50.273333,0,4,0,true,true,92.307692,93.75,19946,2990,70.343137,257.443017,,,,,,,,,
BASE,OPERACION_DIARIA-CRITICA-N03,OPERACION_DIARIA,CRITICA,3,23,125,GENETICO,52,7691.0346,9060,20048,48,0,4,0,true,true,92.307692,93.75,18430,2760,70.343137,,,,,,,,,,
BASE,OPERACION_DIARIA-CRITICA-N03,OPERACION_DIARIA,CRITICA,3,24,126,GENETICO,52,8187.8217,9060,20048.041667,48.041667,0,4,0,true,true,92.307692,93.75,19670,2836,70.343137,,,,,,,,,,
BASE,OPERACION_DIARIA-CRITICA-N03,OPERACION_DIARIA,CRITICA,3,24,126,RECOCIDO_SIMULADO,52,1739.7119,3461,20051.791667,51.791667,0,4,0,true,true,92.307692,93.75,21192,3082,70.343137,73.473788,,,,,,,,,
BASE,OPERACION_DIARIA-CRITICA-N03,OPERACION_DIARIA,CRITICA,3,25,127,RECOCIDO_SIMULADO,52,1712.6367,3461,20053.42,53.42,0,4,0,true,true,92.307692,93.75,19756,3072,70.343137,74.007052,,,,,,,,,
BASE,OPERACION_DIARIA-CRITICA-N03,OPERACION_DIARIA,CRITICA,3,25,127,GENETICO,52,7682.2586,9060,20049.541667,49.541667,0,4,0,true,true,92.307692,93.75,19142,2790,70.343137,,,,,,,,,,
BASE,OPERACION_DIARIA-CRITICA-N03,OPERACION_DIARIA,CRITICA,3,26,128,GENETICO,52,7439.2342,9060,20048,48,0,4,0,true,true,92.307692,93.75,18470,2680,70.343137,,,,,,,,,,
BASE,OPERACION_DIARIA-CRITICA-N03,OPERACION_DIARIA,CRITICA,3,26,128,RECOCIDO_SIMULADO,52,1997.2075,4101,20054.751667,54.751667,0,4,0,true,true,92.307692,93.75,19338,2952,70.343137,162.547083,,,,,,,,,
BASE,OPERACION_DIARIA-CRITICA-N03,OPERACION_DIARIA,CRITICA,3,27,129,RECOCIDO_SIMULADO,52,1990.4657,4101,20050.241667,50.241667,0,4,0,true,true,92.307692,93.75,19778,2906,70.343137,160.693989,,,,,,,,,
BASE,OPERACION_DIARIA-CRITICA-N03,OPERACION_DIARIA,CRITICA,3,27,129,GENETICO,52,7926.1874,9060,20048,48,0,4,0,true,true,92.307692,93.75,20098,2964,70.343137,,,,,,,,,,
BASE,OPERACION_DIARIA-CRITICA-N03,OPERACION_DIARIA,CRITICA,3,28,130,GENETICO,52,8098.2333,9060,20048,48,0,4,0,true,true,92.307692,93.75,19778,2916,70.343137,,,,,,,,,,
BASE,OPERACION_DIARIA-CRITICA-N03,OPERACION_DIARIA,CRITICA,3,28,130,RECOCIDO_SIMULADO,52,2226.9323,4581,20051.316667,51.316667,0,4,0,true,true,92.307692,93.75,18598,2778,70.343137,298.017971,,,,,,,,,
BASE,OPERACION_DIARIA-CRITICA-N03,OPERACION_DIARIA,CRITICA,3,29,131,RECOCIDO_SIMULADO,52,1720.7896,3541,20050.873333,50.873333,0,4,0,true,true,92.307692,93.75,20236,3110,70.343137,81.033874,,,,,,,,,
BASE,OPERACION_DIARIA-CRITICA-N03,OPERACION_DIARIA,CRITICA,3,29,131,GENETICO,52,8037.0077,9060,20049.266667,49.266667,0,4,0,true,true,92.307692,93.75,18320,2674,70.343137,,,,,,,,,,
BASE,SIMULACION_CINCO_DIAS-NORMAL-N01,SIMULACION_CINCO_DIAS,NORMAL,1,0,42,GENETICO,194,23712.8733,45300,35189.775,189.775,0,7,0,true,true,96.391753,98.290598,76286,10012,50.252016,,,,,,,,,,
BASE,SIMULACION_CINCO_DIAS-NORMAL-N01,SIMULACION_CINCO_DIAS,NORMAL,1,0,42,RECOCIDO_SIMULADO,194,4417.2616,20025,35192.111667,192.111667,0,7,0,true,true,96.391753,98.290598,71910,9686,50.252016,215.905742,,,,,,,,,
BASE,SIMULACION_CINCO_DIAS-NORMAL-N01,SIMULACION_CINCO_DIAS,NORMAL,1,1,43,RECOCIDO_SIMULADO,194,4069.6776,18265,35193.688333,193.688333,0,7,0,true,true,96.391753,98.290598,73492,9866,50.252016,117.378922,,,,,,,,,
BASE,SIMULACION_CINCO_DIAS-NORMAL-N01,SIMULACION_CINCO_DIAS,NORMAL,1,1,43,GENETICO,194,21418.2973,45300,35189.55,189.55,0,7,0,true,true,96.391753,98.290598,72822,9866,50.252016,,,,,,,,,,
BASE,SIMULACION_CINCO_DIAS-NORMAL-N01,SIMULACION_CINCO_DIAS,NORMAL,1,2,44,GENETICO,194,20172.5946,45300,35189.775,189.775,0,7,0,true,true,96.391753,98.290598,73452,9684,50.252016,,,,,,,,,,
BASE,SIMULACION_CINCO_DIAS-NORMAL-N01,SIMULACION_CINCO_DIAS,NORMAL,1,2,44,RECOCIDO_SIMULADO,194,4314.8331,19505,35192.196667,192.196667,0,7,0,true,true,96.391753,98.290598,72818,10026,50.252016,189.940375,,,,,,,,,
BASE,SIMULACION_CINCO_DIAS-NORMAL-N01,SIMULACION_CINCO_DIAS,NORMAL,1,3,45,RECOCIDO_SIMULADO,194,4317.6662,19625,35192.9,192.9,0,7,0,true,true,96.391753,98.290598,73616,9882,50.252016,200.758849,,,,,,,,,
BASE,SIMULACION_CINCO_DIAS-NORMAL-N01,SIMULACION_CINCO_DIAS,NORMAL,1,3,45,GENETICO,194,22489.7631,45300,35189.775,189.775,0,7,0,true,true,96.391753,98.290598,72834,9636,50.252016,,,,,,,,,,
BASE,SIMULACION_CINCO_DIAS-NORMAL-N01,SIMULACION_CINCO_DIAS,NORMAL,1,4,46,GENETICO,194,24447.0507,45300,35189.775,189.775,0,7,0,true,true,96.391753,98.290598,73298,10212,50.252016,,,,,,,,,,
BASE,SIMULACION_CINCO_DIAS-NORMAL-N01,SIMULACION_CINCO_DIAS,NORMAL,1,4,46,RECOCIDO_SIMULADO,194,3808.508,17345,35192.77,192.77,0,7,0,true,true,96.391753,98.290598,74196,10188,50.252016,89.354578,,,,,,,,,
BASE,SIMULACION_CINCO_DIAS-NORMAL-N01,SIMULACION_CINCO_DIAS,NORMAL,1,5,47,RECOCIDO_SIMULADO,194,4407.7294,20385,35193.48,193.48,0,7,0,true,true,96.391753,98.290598,75386,10366,50.252016,281.784566,,,,,,,,,
BASE,SIMULACION_CINCO_DIAS-NORMAL-N01,SIMULACION_CINCO_DIAS,NORMAL,1,5,47,GENETICO,194,22991.644,45300,35189.775,189.775,0,7,0,true,true,96.391753,98.290598,72194,9540,50.252016,,,,,,,,,,
BASE,SIMULACION_CINCO_DIAS-NORMAL-N01,SIMULACION_CINCO_DIAS,NORMAL,1,6,48,GENETICO,194,21910.5333,45300,35189.55,189.55,0,7,0,true,true,96.391753,98.290598,73066,9726,50.252016,,,,,,,,,,
BASE,SIMULACION_CINCO_DIAS-NORMAL-N01,SIMULACION_CINCO_DIAS,NORMAL,1,6,48,RECOCIDO_SIMULADO,194,4498.679,20705,35192.328333,192.328333,0,7,0,true,true,96.391753,98.290598,72664,9886,50.252016,246.439535,,,,,,,,,
BASE,SIMULACION_CINCO_DIAS-NORMAL-N01,SIMULACION_CINCO_DIAS,NORMAL,1,7,49,RECOCIDO_SIMULADO,194,4546.8672,20745,35193.48,193.48,0,7,0,true,true,96.391753,98.290598,74028,9966,50.252016,228.43565,,,,,,,,,
BASE,SIMULACION_CINCO_DIAS-NORMAL-N01,SIMULACION_CINCO_DIAS,NORMAL,1,7,49,GENETICO,194,22345.7289,45300,35189.775,189.775,0,7,0,true,true,96.391753,98.290598,72146,9802,50.252016,,,,,,,,,,
BASE,SIMULACION_CINCO_DIAS-NORMAL-N01,SIMULACION_CINCO_DIAS,NORMAL,1,8,50,GENETICO,194,21044.2426,45300,35189.55,189.55,0,7,0,true,true,96.391753,98.290598,70490,9464,50.252016,,,,,,,,,,
BASE,SIMULACION_CINCO_DIAS-NORMAL-N01,SIMULACION_CINCO_DIAS,NORMAL,1,8,50,RECOCIDO_SIMULADO,194,4634.809,20785,35192.298333,192.298333,0,7,0,true,true,96.391753,98.290598,71176,9892,50.252016,238.786897,,,,,,,,,
BASE,SIMULACION_CINCO_DIAS-NORMAL-N01,SIMULACION_CINCO_DIAS,NORMAL,1,9,51,RECOCIDO_SIMULADO,194,4325.9535,19905,35199.26,199.26,0,7,0,true,true,96.391753,98.290598,73220,10070,50.252016,189.930583,,,,,,,,,
BASE,SIMULACION_CINCO_DIAS-NORMAL-N01,SIMULACION_CINCO_DIAS,NORMAL,1,9,51,GENETICO,194,23226.7857,45300,35189.955,189.955,0,7,0,true,true,96.391753,98.290598,73100,9708,50.252016,,,,,,,,,,
BASE,SIMULACION_CINCO_DIAS-NORMAL-N01,SIMULACION_CINCO_DIAS,NORMAL,1,10,52,GENETICO,194,21806.8032,45300,35189.775,189.775,0,7,0,true,true,96.391753,98.290598,72790,9718,50.252016,,,,,,,,,,
BASE,SIMULACION_CINCO_DIAS-NORMAL-N01,SIMULACION_CINCO_DIAS,NORMAL,1,10,52,RECOCIDO_SIMULADO,194,4197.3853,19505,35192.551667,192.551667,0,7,0,true,true,96.391753,98.290598,70720,10044,50.252016,176.722667,,,,,,,,,
BASE,SIMULACION_CINCO_DIAS-NORMAL-N01,SIMULACION_CINCO_DIAS,NORMAL,1,11,53,RECOCIDO_SIMULADO,194,4020.9007,18025,35193.171667,193.171667,0,7,0,true,true,96.391753,98.290598,72988,9996,50.252016,116.028125,,,,,,,,,
BASE,SIMULACION_CINCO_DIAS-NORMAL-N01,SIMULACION_CINCO_DIAS,NORMAL,1,11,53,GENETICO,194,21240.353,45300,35189.191667,189.191667,0,7,0,true,true,96.391753,98.290598,73740,9712,50.252016,,,,,,,,,,
BASE,SIMULACION_CINCO_DIAS-NORMAL-N01,SIMULACION_CINCO_DIAS,NORMAL,1,12,54,GENETICO,194,22704.7463,45300,35189.55,189.55,0,7,0,true,true,96.391753,98.290598,70488,9286,50.252016,,,,,,,,,,
BASE,SIMULACION_CINCO_DIAS-NORMAL-N01,SIMULACION_CINCO_DIAS,NORMAL,1,12,54,RECOCIDO_SIMULADO,194,4301.8642,19985,35194.443333,194.443333,0,7,0,true,true,96.391753,98.290598,74720,10306,50.252016,181.225608,,,,,,,,,
BASE,SIMULACION_CINCO_DIAS-NORMAL-N01,SIMULACION_CINCO_DIAS,NORMAL,1,13,55,RECOCIDO_SIMULADO,194,4317.7108,19345,35191.155,191.155,0,7,0,true,true,96.391753,98.290598,75558,10268,50.252016,229.142223,,,,,,,,,
BASE,SIMULACION_CINCO_DIAS-NORMAL-N01,SIMULACION_CINCO_DIAS,NORMAL,1,13,55,GENETICO,194,19759.7242,45300,35189.55,189.55,0,7,0,true,true,96.391753,98.290598,73486,9930,50.252016,,,,,,,,,,
BASE,SIMULACION_CINCO_DIAS-NORMAL-N01,SIMULACION_CINCO_DIAS,NORMAL,1,14,56,GENETICO,194,21787.8588,45300,35189.775,189.775,0,7,0,true,true,96.391753,98.290598,72062,9680,50.252016,,,,,,,,,,
BASE,SIMULACION_CINCO_DIAS-NORMAL-N01,SIMULACION_CINCO_DIAS,NORMAL,1,14,56,RECOCIDO_SIMULADO,194,4021.554,18625,35193.043333,193.043333,0,7,0,true,true,96.391753,98.290598,74046,10110,50.252016,113.710468,,,,,,,,,
BASE,SIMULACION_CINCO_DIAS-NORMAL-N01,SIMULACION_CINCO_DIAS,NORMAL,1,15,57,RECOCIDO_SIMULADO,194,3768.4545,17505,35191.503333,191.503333,0,7,0,true,true,96.391753,98.290598,72250,10002,50.252016,85.350979,,,,,,,,,
BASE,SIMULACION_CINCO_DIAS-NORMAL-N01,SIMULACION_CINCO_DIAS,NORMAL,1,15,57,GENETICO,194,23325.1525,45300,35189.775,189.775,0,7,0,true,true,96.391753,98.290598,72338,9774,50.252016,,,,,,,,,,
BASE,SIMULACION_CINCO_DIAS-NORMAL-N01,SIMULACION_CINCO_DIAS,NORMAL,1,16,58,GENETICO,194,22046.0125,45300,35190.011667,190.011667,0,7,0,true,true,96.391753,98.290598,75618,10196,50.252016,,,,,,,,,,
BASE,SIMULACION_CINCO_DIAS-NORMAL-N01,SIMULACION_CINCO_DIAS,NORMAL,1,16,58,RECOCIDO_SIMULADO,194,4434.4943,20585,35191.721667,191.721667,0,7,0,true,true,96.391753,98.290598,74718,10220,50.252016,229.390563,,,,,,,,,
BASE,SIMULACION_CINCO_DIAS-NORMAL-N01,SIMULACION_CINCO_DIAS,NORMAL,1,17,59,RECOCIDO_SIMULADO,194,4597.0045,21105,35192.308333,192.308333,0,7,0,true,true,96.391753,98.290598,72040,9728,50.252016,261.348545,,,,,,,,,
BASE,SIMULACION_CINCO_DIAS-NORMAL-N01,SIMULACION_CINCO_DIAS,NORMAL,1,17,59,GENETICO,194,22263.2489,45300,35189.55,189.55,0,7,0,true,true,96.391753,98.290598,74946,10190,50.252016,,,,,,,,,,
BASE,SIMULACION_CINCO_DIAS-NORMAL-N01,SIMULACION_CINCO_DIAS,NORMAL,1,18,60,GENETICO,194,23735.1284,45300,35189.775,189.775,0,7,0,true,true,96.391753,98.290598,75778,10176,50.252016,,,,,,,,,,
BASE,SIMULACION_CINCO_DIAS-NORMAL-N01,SIMULACION_CINCO_DIAS,NORMAL,1,18,60,RECOCIDO_SIMULADO,194,3902.823,18065,35197.485,197.485,0,7,0,true,true,96.391753,98.290598,73824,10316,50.252016,106.710735,,,,,,,,,
BASE,SIMULACION_CINCO_DIAS-NORMAL-N01,SIMULACION_CINCO_DIAS,NORMAL,1,19,61,RECOCIDO_SIMULADO,194,4070.1697,18665,35197.618333,197.618333,0,7,0,true,true,96.391753,98.290598,73024,10194,50.252016,137.085016,,,,,,,,,
BASE,SIMULACION_CINCO_DIAS-NORMAL-N01,SIMULACION_CINCO_DIAS,NORMAL,1,19,61,GENETICO,194,22207.2491,45300,35189.55,189.55,0,7,0,true,true,96.391753,98.290598,71622,9440,50.252016,,,,,,,,,,
BASE,SIMULACION_CINCO_DIAS-NORMAL-N01,SIMULACION_CINCO_DIAS,NORMAL,1,20,62,GENETICO,194,22240.8861,45300,35188.966667,188.966667,0,7,0,true,true,96.391753,98.290598,71872,9616,50.252016,,,,,,,,,,
BASE,SIMULACION_CINCO_DIAS-NORMAL-N01,SIMULACION_CINCO_DIAS,NORMAL,1,20,62,RECOCIDO_SIMULADO,194,4117.9205,18665,35193.268333,193.268333,0,7,0,true,true,96.391753,98.290598,72686,9816,50.252016,161.92121,,,,,,,,,
BASE,SIMULACION_CINCO_DIAS-NORMAL-N01,SIMULACION_CINCO_DIAS,NORMAL,1,21,63,RECOCIDO_SIMULADO,194,3777.0026,17465,35192.726667,192.726667,0,7,0,true,true,96.391753,98.290598,73740,9916,50.252016,98.088851,,,,,,,,,
BASE,SIMULACION_CINCO_DIAS-NORMAL-N01,SIMULACION_CINCO_DIAS,NORMAL,1,21,63,GENETICO,194,23245.2909,45300,35189.775,189.775,0,7,0,true,true,96.391753,98.290598,71268,9560,50.252016,,,,,,,,,,
BASE,SIMULACION_CINCO_DIAS-NORMAL-N01,SIMULACION_CINCO_DIAS,NORMAL,1,22,64,GENETICO,194,21514.2888,45300,35189.775,189.775,0,7,0,true,true,96.391753,98.290598,71622,9676,50.252016,,,,,,,,,,
BASE,SIMULACION_CINCO_DIAS-NORMAL-N01,SIMULACION_CINCO_DIAS,NORMAL,1,22,64,RECOCIDO_SIMULADO,194,4016.6745,18305,35193.048333,193.048333,0,7,0,true,true,96.391753,98.290598,75468,10400,50.252016,123.182546,,,,,,,,,
BASE,SIMULACION_CINCO_DIAS-NORMAL-N01,SIMULACION_CINCO_DIAS,NORMAL,1,23,65,RECOCIDO_SIMULADO,194,4261.3379,19145,35196.22,196.22,0,7,0,true,true,96.391753,98.290598,73152,9938,50.252016,162.769934,,,,,,,,,
BASE,SIMULACION_CINCO_DIAS-NORMAL-N01,SIMULACION_CINCO_DIAS,NORMAL,1,23,65,GENETICO,194,22726.1846,45300,35189.55,189.55,0,7,0,true,true,96.391753,98.290598,73046,10030,50.252016,,,,,,,,,,
BASE,SIMULACION_CINCO_DIAS-NORMAL-N01,SIMULACION_CINCO_DIAS,NORMAL,1,24,66,GENETICO,194,23216.3977,45300,35188.966667,188.966667,0,7,0,true,true,96.391753,98.290598,70582,9740,50.252016,,,,,,,,,,
BASE,SIMULACION_CINCO_DIAS-NORMAL-N01,SIMULACION_CINCO_DIAS,NORMAL,1,24,66,RECOCIDO_SIMULADO,194,4395.649,20225,35194.851667,194.851667,0,7,0,true,true,96.391753,98.290598,75930,10380,50.252016,179.278927,,,,,,,,,
BASE,SIMULACION_CINCO_DIAS-NORMAL-N01,SIMULACION_CINCO_DIAS,NORMAL,1,25,67,RECOCIDO_SIMULADO,194,4549.8092,20545,35196.22,196.22,0,7,0,true,true,96.391753,98.290598,72328,9764,50.252016,244.658784,,,,,,,,,
BASE,SIMULACION_CINCO_DIAS-NORMAL-N01,SIMULACION_CINCO_DIAS,NORMAL,1,25,67,GENETICO,194,23531.2078,45300,35189.775,189.775,0,7,0,true,true,96.391753,98.290598,74966,9726,50.252016,,,,,,,,,,
BASE,SIMULACION_CINCO_DIAS-NORMAL-N01,SIMULACION_CINCO_DIAS,NORMAL,1,26,68,GENETICO,194,23291.6449,45300,35189.775,189.775,0,7,0,true,true,96.391753,98.290598,73348,9786,50.252016,,,,,,,,,,
BASE,SIMULACION_CINCO_DIAS-NORMAL-N01,SIMULACION_CINCO_DIAS,NORMAL,1,26,68,RECOCIDO_SIMULADO,194,4557.9708,20665,35192.553333,192.553333,0,7,0,true,true,96.391753,98.290598,74246,10480,50.252016,320.809189,,,,,,,,,
BASE,SIMULACION_CINCO_DIAS-NORMAL-N01,SIMULACION_CINCO_DIAS,NORMAL,1,27,69,RECOCIDO_SIMULADO,194,4386.2485,20265,35199.891667,199.891667,0,7,0,true,true,96.391753,98.290598,72128,9688,50.252016,243.807433,,,,,,,,,
BASE,SIMULACION_CINCO_DIAS-NORMAL-N01,SIMULACION_CINCO_DIAS,NORMAL,1,27,69,GENETICO,194,23116.095,45300,35189.775,189.775,0,7,0,true,true,96.391753,98.290598,75590,10008,50.252016,,,,,,,,,,
BASE,SIMULACION_CINCO_DIAS-NORMAL-N01,SIMULACION_CINCO_DIAS,NORMAL,1,28,70,GENETICO,194,21354.8053,45300,35189.775,189.775,0,7,0,true,true,96.391753,98.290598,76130,9972,50.252016,,,,,,,,,,
BASE,SIMULACION_CINCO_DIAS-NORMAL-N01,SIMULACION_CINCO_DIAS,NORMAL,1,28,70,RECOCIDO_SIMULADO,194,4279.8764,19545,35191.663333,191.663333,0,7,0,true,true,96.391753,98.290598,74060,10078,50.252016,155.375312,,,,,,,,,
BASE,SIMULACION_CINCO_DIAS-NORMAL-N01,SIMULACION_CINCO_DIAS,NORMAL,1,29,71,RECOCIDO_SIMULADO,194,4164.8259,18745,35190.268333,190.268333,0,7,0,true,true,96.391753,98.290598,73062,9898,50.252016,160.721265,,,,,,,,,
BASE,SIMULACION_CINCO_DIAS-NORMAL-N01,SIMULACION_CINCO_DIAS,NORMAL,1,29,71,GENETICO,194,22018.9447,45300,35189.775,189.775,0,7,0,true,true,96.391753,98.290598,72180,9598,50.252016,,,,,,,,,,
BASE,SIMULACION_CINCO_DIAS-NORMAL-N02,SIMULACION_CINCO_DIAS,NORMAL,2,0,72,GENETICO,172,21248.4778,45300,30169.103333,169.103333,0,6,0,true,true,96.511628,96.078431,69280,9044,44.758065,,,,,,,,,,
BASE,SIMULACION_CINCO_DIAS-NORMAL-N02,SIMULACION_CINCO_DIAS,NORMAL,2,0,72,RECOCIDO_SIMULADO,172,4149.7535,19145,30175.725,175.725,0,6,0,true,true,96.511628,96.078431,75926,9754,44.758065,134.177066,,,,,,,,,
BASE,SIMULACION_CINCO_DIAS-NORMAL-N02,SIMULACION_CINCO_DIAS,NORMAL,2,1,73,RECOCIDO_SIMULADO,172,4164.7986,19145,30175.725,175.725,0,6,0,true,true,96.511628,96.078431,75926,9754,44.758065,183.39456,,,,,,,,,
BASE,SIMULACION_CINCO_DIAS-NORMAL-N02,SIMULACION_CINCO_DIAS,NORMAL,2,1,73,GENETICO,172,21409.0859,45300,30169.103333,169.103333,0,6,0,true,true,96.511628,96.078431,70598,9256,44.758065,,,,,,,,,,
BASE,SIMULACION_CINCO_DIAS-NORMAL-N02,SIMULACION_CINCO_DIAS,NORMAL,2,2,74,GENETICO,172,21108.9386,45300,30169.103333,169.103333,0,6,0,true,true,96.511628,96.078431,69060,9062,44.758065,,,,,,,,,,
BASE,SIMULACION_CINCO_DIAS-NORMAL-N02,SIMULACION_CINCO_DIAS,NORMAL,2,2,74,RECOCIDO_SIMULADO,172,4157.4237,19025,30175.725,175.725,0,6,0,true,true,96.511628,96.078431,75926,9754,44.758065,154.194815,,,,,,,,,
BASE,SIMULACION_CINCO_DIAS-NORMAL-N02,SIMULACION_CINCO_DIAS,NORMAL,2,3,75,RECOCIDO_SIMULADO,172,4218.45,19545,30175.725,175.725,0,6,0,true,true,96.511628,96.078431,75926,9754,44.758065,167.01112,,,,,,,,,
BASE,SIMULACION_CINCO_DIAS-NORMAL-N02,SIMULACION_CINCO_DIAS,NORMAL,2,3,75,GENETICO,172,21438.9654,45300,30169.133333,169.133333,0,6,0,true,true,96.511628,96.078431,69138,9188,44.758065,,,,,,,,,,
BASE,SIMULACION_CINCO_DIAS-NORMAL-N02,SIMULACION_CINCO_DIAS,NORMAL,2,4,76,GENETICO,172,23521.3407,45300,30168.833333,168.833333,0,6,0,true,true,96.511628,96.078431,68840,8988,44.758065,,,,,,,,,,
BASE,SIMULACION_CINCO_DIAS-NORMAL-N02,SIMULACION_CINCO_DIAS,NORMAL,2,4,76,RECOCIDO_SIMULADO,172,4388.2547,20305,30175.725,175.725,0,6,0,true,true,96.511628,96.078431,75926,9754,44.758065,246.264512,,,,,,,,,
BASE,SIMULACION_CINCO_DIAS-NORMAL-N02,SIMULACION_CINCO_DIAS,NORMAL,2,5,77,RECOCIDO_SIMULADO,172,4284.0085,19745,30175.725,175.725,0,6,0,true,true,96.511628,96.078431,75926,9754,44.758065,240.116009,,,,,,,,,
BASE,SIMULACION_CINCO_DIAS-NORMAL-N02,SIMULACION_CINCO_DIAS,NORMAL,2,5,77,GENETICO,172,21283.9601,45300,30169.103333,169.103333,0,6,0,true,true,96.511628,96.078431,70384,9258,44.758065,,,,,,,,,,
BASE,SIMULACION_CINCO_DIAS-NORMAL-N02,SIMULACION_CINCO_DIAS,NORMAL,2,6,78,GENETICO,172,22458.4383,45300,30169.133333,169.133333,0,6,0,true,true,96.511628,96.078431,70224,9132,44.758065,,,,,,,,,,
BASE,SIMULACION_CINCO_DIAS-NORMAL-N02,SIMULACION_CINCO_DIAS,NORMAL,2,6,78,RECOCIDO_SIMULADO,172,4250.1712,19625,30175.725,175.725,0,6,0,true,true,96.511628,96.078431,75926,9754,44.758065,150.874819,,,,,,,,,
BASE,SIMULACION_CINCO_DIAS-NORMAL-N02,SIMULACION_CINCO_DIAS,NORMAL,2,7,79,RECOCIDO_SIMULADO,172,4199.2955,19225,30175.725,175.725,0,6,0,true,true,96.511628,96.078431,75926,9754,44.758065,184.634754,,,,,,,,,
BASE,SIMULACION_CINCO_DIAS-NORMAL-N02,SIMULACION_CINCO_DIAS,NORMAL,2,7,79,GENETICO,172,21901.7418,45300,30169.133333,169.133333,0,6,0,true,true,96.511628,96.078431,71230,9350,44.758065,,,,,,,,,,
BASE,SIMULACION_CINCO_DIAS-NORMAL-N02,SIMULACION_CINCO_DIAS,NORMAL,2,8,80,GENETICO,172,21349.5851,45300,30168.833333,168.833333,0,6,0,true,true,96.511628,96.078431,69560,9104,44.758065,,,,,,,,,,
BASE,SIMULACION_CINCO_DIAS-NORMAL-N02,SIMULACION_CINCO_DIAS,NORMAL,2,8,80,RECOCIDO_SIMULADO,172,4433.7234,20505,30175.725,175.725,0,6,0,true,true,96.511628,96.078431,75926,9754,44.758065,218.511565,,,,,,,,,
BASE,SIMULACION_CINCO_DIAS-NORMAL-N02,SIMULACION_CINCO_DIAS,NORMAL,2,9,81,RECOCIDO_SIMULADO,172,4322.2893,19865,30175.725,175.725,0,6,0,true,true,96.511628,96.078431,75926,9754,44.758065,198.224911,,,,,,,,,
BASE,SIMULACION_CINCO_DIAS-NORMAL-N02,SIMULACION_CINCO_DIAS,NORMAL,2,9,81,GENETICO,172,21641.9155,45300,30169.403333,169.403333,0,6,0,true,true,96.511628,96.078431,68980,9148,44.758065,,,,,,,,,,
BASE,SIMULACION_CINCO_DIAS-NORMAL-N02,SIMULACION_CINCO_DIAS,NORMAL,2,10,82,GENETICO,172,20712.7744,45300,30169.066667,169.066667,0,6,0,true,true,96.511628,96.078431,68368,9080,44.758065,,,,,,,,,,
BASE,SIMULACION_CINCO_DIAS-NORMAL-N02,SIMULACION_CINCO_DIAS,NORMAL,2,10,82,RECOCIDO_SIMULADO,172,4301.916,19945,30175.725,175.725,0,6,0,true,true,96.511628,96.078431,75926,9754,44.758065,199.230706,,,,,,,,,
BASE,SIMULACION_CINCO_DIAS-NORMAL-N02,SIMULACION_CINCO_DIAS,NORMAL,2,11,83,RECOCIDO_SIMULADO,172,4036.6676,18905,30175.725,175.725,0,6,0,true,true,96.511628,96.078431,75926,9754,44.758065,126.496379,,,,,,,,,
BASE,SIMULACION_CINCO_DIAS-NORMAL-N02,SIMULACION_CINCO_DIAS,NORMAL,2,11,83,GENETICO,172,21400.1715,45300,30169.133333,169.133333,0,6,0,true,true,96.511628,96.078431,68502,8938,44.758065,,,,,,,,,,
BASE,SIMULACION_CINCO_DIAS-NORMAL-N02,SIMULACION_CINCO_DIAS,NORMAL,2,12,84,GENETICO,172,21319.1978,45300,30169.103333,169.103333,0,6,0,true,true,96.511628,96.078431,72508,9528,44.758065,,,,,,,,,,
BASE,SIMULACION_CINCO_DIAS-NORMAL-N02,SIMULACION_CINCO_DIAS,NORMAL,2,12,84,RECOCIDO_SIMULADO,172,4157.074,19345,30175.725,175.725,0,6,0,true,true,96.511628,96.078431,75926,9754,44.758065,149.728386,,,,,,,,,
BASE,SIMULACION_CINCO_DIAS-NORMAL-N02,SIMULACION_CINCO_DIAS,NORMAL,2,13,85,RECOCIDO_SIMULADO,172,4424.4372,20305,30175.725,175.725,0,6,0,true,true,96.511628,96.078431,75926,9754,44.758065,198.732948,,,,,,,,,
BASE,SIMULACION_CINCO_DIAS-NORMAL-N02,SIMULACION_CINCO_DIAS,NORMAL,2,13,85,GENETICO,172,21846.7827,45300,30169.403333,169.403333,0,6,0,true,true,96.511628,96.078431,70356,9222,44.758065,,,,,,,,,,
BASE,SIMULACION_CINCO_DIAS-NORMAL-N02,SIMULACION_CINCO_DIAS,NORMAL,2,14,86,GENETICO,172,22516.4809,45300,30169.133333,169.133333,0,6,0,true,true,96.511628,96.078431,68026,9002,44.758065,,,,,,,,,,
BASE,SIMULACION_CINCO_DIAS-NORMAL-N02,SIMULACION_CINCO_DIAS,NORMAL,2,14,86,RECOCIDO_SIMULADO,172,4097.7329,18825,30175.725,175.725,0,6,0,true,true,96.511628,96.078431,75926,9754,44.758065,180.793053,,,,,,,,,
BASE,SIMULACION_CINCO_DIAS-NORMAL-N02,SIMULACION_CINCO_DIAS,NORMAL,2,15,87,RECOCIDO_SIMULADO,172,4535.9587,20945,30175.725,175.725,0,6,0,true,true,96.511628,96.078431,75926,9754,44.758065,250.718762,,,,,,,,,
BASE,SIMULACION_CINCO_DIAS-NORMAL-N02,SIMULACION_CINCO_DIAS,NORMAL,2,15,87,GENETICO,172,21089.192,45300,30169.133333,169.133333,0,6,0,true,true,96.511628,96.078431,70384,9228,44.758065,,,,,,,,,,
BASE,SIMULACION_CINCO_DIAS-NORMAL-N02,SIMULACION_CINCO_DIAS,NORMAL,2,16,88,GENETICO,172,20749.0848,45300,30169.403333,169.403333,0,6,0,true,true,96.511628,96.078431,71218,9324,44.758065,,,,,,,,,,
BASE,SIMULACION_CINCO_DIAS-NORMAL-N02,SIMULACION_CINCO_DIAS,NORMAL,2,16,88,RECOCIDO_SIMULADO,172,4141.947,19185,30175.725,175.725,0,6,0,true,true,96.511628,96.078431,75926,9754,44.758065,155.647481,,,,,,,,,
BASE,SIMULACION_CINCO_DIAS-NORMAL-N02,SIMULACION_CINCO_DIAS,NORMAL,2,17,89,RECOCIDO_SIMULADO,172,4463.2163,20585,30175.725,175.725,0,6,0,true,true,96.511628,96.078431,75926,9754,44.758065,234.543485,,,,,,,,,
BASE,SIMULACION_CINCO_DIAS-NORMAL-N02,SIMULACION_CINCO_DIAS,NORMAL,2,17,89,GENETICO,172,23867.7191,45300,30169.133333,169.133333,0,6,0,true,true,96.511628,96.078431,71988,9446,44.758065,,,,,,,,,,
BASE,SIMULACION_CINCO_DIAS-NORMAL-N02,SIMULACION_CINCO_DIAS,NORMAL,2,18,90,GENETICO,172,19547.3829,45300,30169.336667,169.336667,0,6,0,true,true,96.511628,96.078431,69924,9230,44.758065,,,,,,,,,,
BASE,SIMULACION_CINCO_DIAS-NORMAL-N02,SIMULACION_CINCO_DIAS,NORMAL,2,18,90,RECOCIDO_SIMULADO,172,4037.5173,18665,30175.725,175.725,0,6,0,true,true,96.511628,96.078431,75926,9754,44.758065,168.466225,,,,,,,,,
BASE,SIMULACION_CINCO_DIAS-NORMAL-N02,SIMULACION_CINCO_DIAS,NORMAL,2,19,91,RECOCIDO_SIMULADO,172,4109.2125,18785,30175.725,175.725,0,6,0,true,true,96.511628,96.078431,75926,9754,44.758065,138.643717,,,,,,,,,
BASE,SIMULACION_CINCO_DIAS-NORMAL-N02,SIMULACION_CINCO_DIAS,NORMAL,2,19,91,GENETICO,172,21343.9113,45300,30169.403333,169.403333,0,6,0,true,true,96.511628,96.078431,69800,9208,44.758065,,,,,,,,,,
BASE,SIMULACION_CINCO_DIAS-NORMAL-N02,SIMULACION_CINCO_DIAS,NORMAL,2,20,92,GENETICO,172,22803.8295,45300,30169.133333,169.133333,0,6,0,true,true,96.511628,96.078431,70950,9328,44.758065,,,,,,,,,,
BASE,SIMULACION_CINCO_DIAS-NORMAL-N02,SIMULACION_CINCO_DIAS,NORMAL,2,20,92,RECOCIDO_SIMULADO,172,4320.7193,19825,30175.725,175.725,0,6,0,true,true,96.511628,96.078431,75926,9754,44.758065,206.287245,,,,,,,,,
BASE,SIMULACION_CINCO_DIAS-NORMAL-N02,SIMULACION_CINCO_DIAS,NORMAL,2,21,93,RECOCIDO_SIMULADO,172,4087.6154,18825,30175.725,175.725,0,6,0,true,true,96.511628,96.078431,75926,9754,44.758065,152.82212,,,,,,,,,
BASE,SIMULACION_CINCO_DIAS-NORMAL-N02,SIMULACION_CINCO_DIAS,NORMAL,2,21,93,GENETICO,172,21329.7176,45300,30169.103333,169.103333,0,6,0,true,true,96.511628,96.078431,69870,9232,44.758065,,,,,,,,,,
BASE,SIMULACION_CINCO_DIAS-NORMAL-N02,SIMULACION_CINCO_DIAS,NORMAL,2,22,94,GENETICO,172,21685.8693,45300,30169.103333,169.103333,0,6,0,true,true,96.511628,96.078431,70178,9124,44.758065,,,,,,,,,,
BASE,SIMULACION_CINCO_DIAS-NORMAL-N02,SIMULACION_CINCO_DIAS,NORMAL,2,22,94,RECOCIDO_SIMULADO,172,4040.0089,18705,30175.725,175.725,0,6,0,true,true,96.511628,96.078431,75926,9754,44.758065,160.382754,,,,,,,,,
BASE,SIMULACION_CINCO_DIAS-NORMAL-N02,SIMULACION_CINCO_DIAS,NORMAL,2,23,95,RECOCIDO_SIMULADO,172,4150.169,19345,30175.725,175.725,0,6,0,true,true,96.511628,96.078431,75926,9754,44.758065,177.407986,,,,,,,,,
BASE,SIMULACION_CINCO_DIAS-NORMAL-N02,SIMULACION_CINCO_DIAS,NORMAL,2,23,95,GENETICO,172,20674.7311,45300,30169.103333,169.103333,0,6,0,true,true,96.511628,96.078431,69262,9094,44.758065,,,,,,,,,,
BASE,SIMULACION_CINCO_DIAS-NORMAL-N02,SIMULACION_CINCO_DIAS,NORMAL,2,24,96,GENETICO,172,21767.8341,45300,30169.103333,169.103333,0,6,0,true,true,96.511628,96.078431,70476,9320,44.758065,,,,,,,,,,
BASE,SIMULACION_CINCO_DIAS-NORMAL-N02,SIMULACION_CINCO_DIAS,NORMAL,2,24,96,RECOCIDO_SIMULADO,172,4309.4404,19985,30175.725,175.725,0,6,0,true,true,96.511628,96.078431,75926,9754,44.758065,166.925005,,,,,,,,,
BASE,SIMULACION_CINCO_DIAS-NORMAL-N02,SIMULACION_CINCO_DIAS,NORMAL,2,25,97,RECOCIDO_SIMULADO,172,4017.2739,18505,30175.725,175.725,0,6,0,true,true,96.511628,96.078431,75926,9754,44.758065,154.067969,,,,,,,,,
BASE,SIMULACION_CINCO_DIAS-NORMAL-N02,SIMULACION_CINCO_DIAS,NORMAL,2,25,97,GENETICO,172,20847.3834,45300,30169.403333,169.403333,0,6,0,true,true,96.511628,96.078431,71268,9432,44.758065,,,,,,,,,,
BASE,SIMULACION_CINCO_DIAS-NORMAL-N02,SIMULACION_CINCO_DIAS,NORMAL,2,26,98,GENETICO,172,22050.8311,45300,30169.133333,169.133333,0,6,0,true,true,96.511628,96.078431,69096,9026,44.758065,,,,,,,,,,
BASE,SIMULACION_CINCO_DIAS-NORMAL-N02,SIMULACION_CINCO_DIAS,NORMAL,2,26,98,RECOCIDO_SIMULADO,172,4198.3547,19105,30175.725,175.725,0,6,0,true,true,96.511628,96.078431,75926,9754,44.758065,155.464075,,,,,,,,,
BASE,SIMULACION_CINCO_DIAS-NORMAL-N02,SIMULACION_CINCO_DIAS,NORMAL,2,27,99,RECOCIDO_SIMULADO,172,4149.7424,19265,30175.725,175.725,0,6,0,true,true,96.511628,96.078431,75926,9754,44.758065,192.87398,,,,,,,,,
BASE,SIMULACION_CINCO_DIAS-NORMAL-N02,SIMULACION_CINCO_DIAS,NORMAL,2,27,99,GENETICO,172,20992.4988,45300,30168.833333,168.833333,0,6,0,true,true,96.511628,96.078431,70042,9120,44.758065,,,,,,,,,,
BASE,SIMULACION_CINCO_DIAS-NORMAL-N02,SIMULACION_CINCO_DIAS,NORMAL,2,28,100,GENETICO,172,20480.0099,45300,30169.103333,169.103333,0,6,0,true,true,96.511628,96.078431,68976,9018,44.758065,,,,,,,,,,
BASE,SIMULACION_CINCO_DIAS-NORMAL-N02,SIMULACION_CINCO_DIAS,NORMAL,2,28,100,RECOCIDO_SIMULADO,172,4116.3506,18905,30175.725,175.725,0,6,0,true,true,96.511628,96.078431,75926,9754,44.758065,215.076679,,,,,,,,,
BASE,SIMULACION_CINCO_DIAS-NORMAL-N02,SIMULACION_CINCO_DIAS,NORMAL,2,29,101,RECOCIDO_SIMULADO,172,4338.969,19385,30175.725,175.725,0,6,0,true,true,96.511628,96.078431,75926,9754,44.758065,186.820636,,,,,,,,,
BASE,SIMULACION_CINCO_DIAS-NORMAL-N02,SIMULACION_CINCO_DIAS,NORMAL,2,29,101,GENETICO,172,21191.3439,45300,30169.103333,169.103333,0,6,0,true,true,96.511628,96.078431,70074,9154,44.758065,,,,,,,,,,
BASE,SIMULACION_CINCO_DIAS-NORMAL-N03,SIMULACION_CINCO_DIAS,NORMAL,3,0,102,GENETICO,166,19750.3304,45300,20164.7,164.7,0,4,0,true,true,97.590361,96.907216,70122,9296,45.564516,,,,,,,,,,
BASE,SIMULACION_CINCO_DIAS-NORMAL-N03,SIMULACION_CINCO_DIAS,NORMAL,3,0,102,RECOCIDO_SIMULADO,166,3344.1791,18625,20172.393333,172.393333,0,4,0,true,true,97.590361,96.907216,73082,10020,45.564516,145.721548,,,,,,,,,
BASE,SIMULACION_CINCO_DIAS-NORMAL-N03,SIMULACION_CINCO_DIAS,NORMAL,3,1,103,RECOCIDO_SIMULADO,166,2961.5935,16945,20178.571667,178.571667,0,4,0,true,true,97.590361,96.907216,74616,9918,45.564516,80.929911,,,,,,,,,
BASE,SIMULACION_CINCO_DIAS-NORMAL-N03,SIMULACION_CINCO_DIAS,NORMAL,3,1,103,GENETICO,166,18942.6142,45300,20164.566667,164.566667,0,4,0,true,true,97.590361,96.907216,71902,9438,45.564516,,,,,,,,,,
BASE,SIMULACION_CINCO_DIAS-NORMAL-N03,SIMULACION_CINCO_DIAS,NORMAL,3,2,104,GENETICO,166,19048.7944,45300,20164.7,164.7,0,4,0,true,true,97.590361,96.907216,73012,9832,45.564516,,,,,,,,,,
BASE,SIMULACION_CINCO_DIAS-NORMAL-N03,SIMULACION_CINCO_DIAS,NORMAL,3,2,104,RECOCIDO_SIMULADO,166,3305.5152,18545,20170.201667,170.201667,0,4,0,true,true,97.590361,96.907216,73136,10056,45.564516,163.616379,,,,,,,,,
BASE,SIMULACION_CINCO_DIAS-NORMAL-N03,SIMULACION_CINCO_DIAS,NORMAL,3,3,105,RECOCIDO_SIMULADO,166,3170.4566,17865,20170.096667,170.096667,0,4,0,true,true,97.590361,96.907216,74092,9832,45.564516,92.144511,,,,,,,,,
BASE,SIMULACION_CINCO_DIAS-NORMAL-N03,SIMULACION_CINCO_DIAS,NORMAL,3,3,105,GENETICO,166,18322.043,45300,20164.7,164.7,0,4,0,true,true,97.590361,96.907216,68394,9082,45.564516,,,,,,,,,,
BASE,SIMULACION_CINCO_DIAS-NORMAL-N03,SIMULACION_CINCO_DIAS,NORMAL,3,4,106,GENETICO,166,20295.902,45300,20164.7,164.7,0,4,0,true,true,97.590361,96.907216,76308,10056,45.564516,,,,,,,,,,
BASE,SIMULACION_CINCO_DIAS-NORMAL-N03,SIMULACION_CINCO_DIAS,NORMAL,3,4,106,RECOCIDO_SIMULADO,166,3160.094,17705,20167.783333,167.783333,0,4,0,true,true,97.590361,96.907216,72858,9734,45.564516,86.603908,,,,,,,,,
BASE,SIMULACION_CINCO_DIAS-NORMAL-N03,SIMULACION_CINCO_DIAS,NORMAL,3,5,107,RECOCIDO_SIMULADO,166,3055.3059,17025,20171.283333,171.283333,0,4,0,true,true,97.590361,96.907216,73250,10098,45.564516,81.292808,,,,,,,,,
BASE,SIMULACION_CINCO_DIAS-NORMAL-N03,SIMULACION_CINCO_DIAS,NORMAL,3,5,107,GENETICO,166,21391.8283,45300,20163.583333,163.583333,0,4,0,true,true,97.590361,96.907216,71572,9652,45.564516,,,,,,,,,,
BASE,SIMULACION_CINCO_DIAS-NORMAL-N03,SIMULACION_CINCO_DIAS,NORMAL,3,6,108,GENETICO,166,19986.801,45300,20163.458333,163.458333,0,4,0,true,true,97.590361,96.907216,72090,9676,45.564516,,,,,,,,,,
BASE,SIMULACION_CINCO_DIAS-NORMAL-N03,SIMULACION_CINCO_DIAS,NORMAL,3,6,108,RECOCIDO_SIMULADO,166,3339.706,18625,20172.463333,172.463333,0,4,0,true,true,97.590361,96.907216,73526,9866,45.564516,136.737245,,,,,,,,,
BASE,SIMULACION_CINCO_DIAS-NORMAL-N03,SIMULACION_CINCO_DIAS,NORMAL,3,7,109,RECOCIDO_SIMULADO,166,3488.5349,19465,20168.905,168.905,0,4,0,true,true,97.590361,96.907216,72394,10124,45.564516,142.388382,,,,,,,,,
BASE,SIMULACION_CINCO_DIAS-NORMAL-N03,SIMULACION_CINCO_DIAS,NORMAL,3,7,109,GENETICO,166,19069.0056,45300,20164.7,164.7,0,4,0,true,true,97.590361,96.907216,72158,9668,45.564516,,,,,,,,,,
BASE,SIMULACION_CINCO_DIAS-NORMAL-N03,SIMULACION_CINCO_DIAS,NORMAL,3,8,110,GENETICO,166,19115.7357,45300,20164.7,164.7,0,4,0,true,true,97.590361,96.907216,70040,9190,45.564516,,,,,,,,,,
BASE,SIMULACION_CINCO_DIAS-NORMAL-N03,SIMULACION_CINCO_DIAS,NORMAL,3,8,110,RECOCIDO_SIMULADO,166,3329.0026,18785,20170.926667,170.926667,0,4,0,true,true,97.590361,96.907216,73708,10102,45.564516,118.926491,,,,,,,,,
BASE,SIMULACION_CINCO_DIAS-NORMAL-N03,SIMULACION_CINCO_DIAS,NORMAL,3,9,111,RECOCIDO_SIMULADO,166,3045.3011,17265,20171.31,171.31,0,4,0,true,true,97.590361,96.907216,72270,10070,45.564516,73.597948,,,,,,,,,
BASE,SIMULACION_CINCO_DIAS-NORMAL-N03,SIMULACION_CINCO_DIAS,NORMAL,3,9,111,GENETICO,166,19707.9005,45300,20164.7,164.7,0,4,0,true,true,97.590361,96.907216,69024,9428,45.564516,,,,,,,,,,
BASE,SIMULACION_CINCO_DIAS-NORMAL-N03,SIMULACION_CINCO_DIAS,NORMAL,3,10,112,GENETICO,166,20488.4304,45300,20164.566667,164.566667,0,4,0,true,true,97.590361,96.907216,72008,9816,45.564516,,,,,,,,,,
BASE,SIMULACION_CINCO_DIAS-NORMAL-N03,SIMULACION_CINCO_DIAS,NORMAL,3,10,112,RECOCIDO_SIMULADO,166,3238.183,17945,20169.943333,169.943333,0,4,0,true,true,97.590361,96.907216,74028,10314,45.564516,105.594479,,,,,,,,,
BASE,SIMULACION_CINCO_DIAS-NORMAL-N03,SIMULACION_CINCO_DIAS,NORMAL,3,11,113,RECOCIDO_SIMULADO,166,3563.0355,19705,20168.288333,168.288333,0,4,0,true,true,97.590361,96.907216,73926,10120,45.564516,163.98388,,,,,,,,,
BASE,SIMULACION_CINCO_DIAS-NORMAL-N03,SIMULACION_CINCO_DIAS,NORMAL,3,11,113,GENETICO,166,20844.3594,45300,20164.7,164.7,0,4,0,true,true,97.590361,96.907216,70854,9238,45.564516,,,,,,,,,,
BASE,SIMULACION_CINCO_DIAS-NORMAL-N03,SIMULACION_CINCO_DIAS,NORMAL,3,12,114,GENETICO,166,18975.9438,45300,20164.7,164.7,0,4,0,true,true,97.590361,96.907216,69228,8988,45.564516,,,,,,,,,,
BASE,SIMULACION_CINCO_DIAS-NORMAL-N03,SIMULACION_CINCO_DIAS,NORMAL,3,12,114,RECOCIDO_SIMULADO,166,3242.867,18025,20172.26,172.26,0,4,0,true,true,97.590361,96.907216,73396,9982,45.564516,113.72244,,,,,,,,,
BASE,SIMULACION_CINCO_DIAS-NORMAL-N03,SIMULACION_CINCO_DIAS,NORMAL,3,13,115,RECOCIDO_SIMULADO,166,3526.7356,19625,20170.038333,170.038333,0,4,0,true,true,97.590361,96.907216,73448,10110,45.564516,182.940285,,,,,,,,,
BASE,SIMULACION_CINCO_DIAS-NORMAL-N03,SIMULACION_CINCO_DIAS,NORMAL,3,13,115,GENETICO,166,20198.3951,45300,20164.7,164.7,0,4,0,true,true,97.590361,96.907216,69924,9250,45.564516,,,,,,,,,,
BASE,SIMULACION_CINCO_DIAS-NORMAL-N03,SIMULACION_CINCO_DIAS,NORMAL,3,14,116,GENETICO,166,17884.3973,45300,20164.566667,164.566667,0,4,0,true,true,97.590361,96.907216,72684,9698,45.564516,,,,,,,,,,
BASE,SIMULACION_CINCO_DIAS-NORMAL-N03,SIMULACION_CINCO_DIAS,NORMAL,3,14,116,RECOCIDO_SIMULADO,166,3283.5272,18065,20171.635,171.635,0,4,0,true,true,97.590361,96.907216,74464,10408,45.564516,106.024395,,,,,,,,,
BASE,SIMULACION_CINCO_DIAS-NORMAL-N03,SIMULACION_CINCO_DIAS,NORMAL,3,15,117,RECOCIDO_SIMULADO,166,3365.2813,19145,20169.38,169.38,0,4,0,true,true,97.590361,96.907216,74312,10262,45.564516,144.710809,,,,,,,,,
BASE,SIMULACION_CINCO_DIAS-NORMAL-N03,SIMULACION_CINCO_DIAS,NORMAL,3,15,117,GENETICO,166,20580.006,45300,20164.566667,164.566667,0,4,0,true,true,97.590361,96.907216,72034,9830,45.564516,,,,,,,,,,
BASE,SIMULACION_CINCO_DIAS-NORMAL-N03,SIMULACION_CINCO_DIAS,NORMAL,3,16,118,GENETICO,166,18225.9627,45300,20164.7,164.7,0,4,0,true,true,97.590361,96.907216,70970,9460,45.564516,,,,,,,,,,
BASE,SIMULACION_CINCO_DIAS-NORMAL-N03,SIMULACION_CINCO_DIAS,NORMAL,3,16,118,RECOCIDO_SIMULADO,166,3046.6974,17425,20171.555,171.555,0,4,0,true,true,97.590361,96.907216,72984,9950,45.564516,76.661008,,,,,,,,,
BASE,SIMULACION_CINCO_DIAS-NORMAL-N03,SIMULACION_CINCO_DIAS,NORMAL,3,17,119,RECOCIDO_SIMULADO,166,3411.1729,19145,20170.33,170.33,0,4,0,true,true,97.590361,96.907216,75260,10130,45.564516,121.334605,,,,,,,,,
BASE,SIMULACION_CINCO_DIAS-NORMAL-N03,SIMULACION_CINCO_DIAS,NORMAL,3,17,119,GENETICO,166,20604.4082,45300,20164.566667,164.566667,0,4,0,true,true,97.590361,96.907216,72058,9696,45.564516,,,,,,,,,,
BASE,SIMULACION_CINCO_DIAS-NORMAL-N03,SIMULACION_CINCO_DIAS,NORMAL,3,18,120,GENETICO,166,19317.2339,45300,20164.566667,164.566667,0,4,0,true,true,97.590361,96.907216,69224,9410,45.564516,,,,,,,,,,
BASE,SIMULACION_CINCO_DIAS-NORMAL-N03,SIMULACION_CINCO_DIAS,NORMAL,3,18,120,RECOCIDO_SIMULADO,166,3179.7929,17785,20171.551667,171.551667,0,4,0,true,true,97.590361,96.907216,74352,9864,45.564516,97.25476,,,,,,,,,
BASE,SIMULACION_CINCO_DIAS-NORMAL-N03,SIMULACION_CINCO_DIAS,NORMAL,3,19,121,RECOCIDO_SIMULADO,166,3144.8851,17825,20172.501667,172.501667,0,4,0,true,true,97.590361,96.907216,74846,10056,45.564516,85.363902,,,,,,,,,
BASE,SIMULACION_CINCO_DIAS-NORMAL-N03,SIMULACION_CINCO_DIAS,NORMAL,3,19,121,GENETICO,166,19923.9786,45300,20163.583333,163.583333,0,4,0,true,true,97.590361,96.907216,69112,9060,45.564516,,,,,,,,,,
BASE,SIMULACION_CINCO_DIAS-NORMAL-N03,SIMULACION_CINCO_DIAS,NORMAL,3,20,122,GENETICO,166,17513.9085,45300,20164.7,164.7,0,4,0,true,true,97.590361,96.907216,70768,9222,45.564516,,,,,,,,,,
BASE,SIMULACION_CINCO_DIAS-NORMAL-N03,SIMULACION_CINCO_DIAS,NORMAL,3,20,122,RECOCIDO_SIMULADO,166,3308.1757,18385,20171.043333,171.043333,0,4,0,true,true,97.590361,96.907216,73164,10036,45.564516,153.692745,,,,,,,,,
BASE,SIMULACION_CINCO_DIAS-NORMAL-N03,SIMULACION_CINCO_DIAS,NORMAL,3,21,123,RECOCIDO_SIMULADO,166,3382.2447,19305,20171.88,171.88,0,4,0,true,true,97.590361,96.907216,75142,10280,45.564516,143.566619,,,,,,,,,
BASE,SIMULACION_CINCO_DIAS-NORMAL-N03,SIMULACION_CINCO_DIAS,NORMAL,3,21,123,GENETICO,166,21134.5298,45300,20164.7,164.7,0,4,0,true,true,97.590361,96.907216,68492,8926,45.564516,,,,,,,,,,
BASE,SIMULACION_CINCO_DIAS-NORMAL-N03,SIMULACION_CINCO_DIAS,NORMAL,3,22,124,GENETICO,166,18609.7597,45300,20164.566667,164.566667,0,4,0,true,true,97.590361,96.907216,70438,9468,45.564516,,,,,,,,,,
BASE,SIMULACION_CINCO_DIAS-NORMAL-N03,SIMULACION_CINCO_DIAS,NORMAL,3,22,124,RECOCIDO_SIMULADO,166,3060.368,17425,20172.113333,172.113333,0,4,0,true,true,97.590361,96.907216,73806,10102,45.564516,79.7942,,,,,,,,,
BASE,SIMULACION_CINCO_DIAS-NORMAL-N03,SIMULACION_CINCO_DIAS,NORMAL,3,23,125,RECOCIDO_SIMULADO,166,3367.189,18785,20170.213333,170.213333,0,4,0,true,true,97.590361,96.907216,72782,9874,45.564516,119.281555,,,,,,,,,
BASE,SIMULACION_CINCO_DIAS-NORMAL-N03,SIMULACION_CINCO_DIAS,NORMAL,3,23,125,GENETICO,166,20032.5072,45300,20163.583333,163.583333,0,4,0,true,true,97.590361,96.907216,67892,8896,45.564516,,,,,,,,,,
BASE,SIMULACION_CINCO_DIAS-NORMAL-N03,SIMULACION_CINCO_DIAS,NORMAL,3,24,126,GENETICO,166,20239.9232,45300,20164.7,164.7,0,4,0,true,true,97.590361,96.907216,70806,9380,45.564516,,,,,,,,,,
BASE,SIMULACION_CINCO_DIAS-NORMAL-N03,SIMULACION_CINCO_DIAS,NORMAL,3,24,126,RECOCIDO_SIMULADO,166,3281.7768,18505,20170.66,170.66,0,4,0,true,true,97.590361,96.907216,73310,9866,45.564516,116.155647,,,,,,,,,
BASE,SIMULACION_CINCO_DIAS-NORMAL-N03,SIMULACION_CINCO_DIAS,NORMAL,3,25,127,RECOCIDO_SIMULADO,166,3349.5184,18945,20172.063333,172.063333,0,4,0,true,true,97.590361,96.907216,72750,10114,45.564516,138.611729,,,,,,,,,
BASE,SIMULACION_CINCO_DIAS-NORMAL-N03,SIMULACION_CINCO_DIAS,NORMAL,3,25,127,GENETICO,166,19806.2767,45300,20164.7,164.7,0,4,0,true,true,97.590361,96.907216,71340,9632,45.564516,,,,,,,,,,
BASE,SIMULACION_CINCO_DIAS-NORMAL-N03,SIMULACION_CINCO_DIAS,NORMAL,3,26,128,GENETICO,166,20254.6516,45300,20164.7,164.7,0,4,0,true,true,97.590361,96.907216,73360,9730,45.564516,,,,,,,,,,
BASE,SIMULACION_CINCO_DIAS-NORMAL-N03,SIMULACION_CINCO_DIAS,NORMAL,3,26,128,RECOCIDO_SIMULADO,166,3526.3826,19425,20169.73,169.73,0,4,0,true,true,97.590361,96.907216,73278,10258,45.564516,173.378222,,,,,,,,,
BASE,SIMULACION_CINCO_DIAS-NORMAL-N03,SIMULACION_CINCO_DIAS,NORMAL,3,27,129,RECOCIDO_SIMULADO,166,3439.2381,19145,20171.635,171.635,0,4,0,true,true,97.590361,96.907216,74340,10052,45.564516,137.557224,,,,,,,,,
BASE,SIMULACION_CINCO_DIAS-NORMAL-N03,SIMULACION_CINCO_DIAS,NORMAL,3,27,129,GENETICO,166,21055.4122,45300,20164.566667,164.566667,0,4,0,true,true,97.590361,96.907216,65430,8704,45.564516,,,,,,,,,,
BASE,SIMULACION_CINCO_DIAS-NORMAL-N03,SIMULACION_CINCO_DIAS,NORMAL,3,28,130,GENETICO,166,18807.0376,45300,20164.566667,164.566667,0,4,0,true,true,97.590361,96.907216,72504,9670,45.564516,,,,,,,,,,
BASE,SIMULACION_CINCO_DIAS-NORMAL-N03,SIMULACION_CINCO_DIAS,NORMAL,3,28,130,RECOCIDO_SIMULADO,166,3147.3011,17545,20167.916667,167.916667,0,4,0,true,true,97.590361,96.907216,73624,9838,45.564516,82.7447,,,,,,,,,
BASE,SIMULACION_CINCO_DIAS-NORMAL-N03,SIMULACION_CINCO_DIAS,NORMAL,3,29,131,RECOCIDO_SIMULADO,166,3137.2084,17665,20170.071667,170.071667,0,4,0,true,true,97.590361,96.907216,73318,9802,45.564516,117.63347,,,,,,,,,
BASE,SIMULACION_CINCO_DIAS-NORMAL-N03,SIMULACION_CINCO_DIAS,NORMAL,3,29,131,GENETICO,166,19570.1239,45300,20164.7,164.7,0,4,0,true,true,97.590361,96.907216,69978,9302,45.564516,,,,,,,,,,
BASE,SIMULACION_CINCO_DIAS-ALTA-N01,SIMULACION_CINCO_DIAS,ALTA,1,0,42,GENETICO,214,26306.2022,45300,40207.661667,207.661667,0,8,0,true,true,96.261682,95.419847,75494,10690,55.493952,,,,,,,,,,
BASE,SIMULACION_CINCO_DIAS-ALTA-N01,SIMULACION_CINCO_DIAS,ALTA,1,0,42,RECOCIDO_SIMULADO,214,4861.637,19905,40225.77,225.77,0,8,0,true,true,96.261682,95.419847,81246,11460,55.493952,196.822498,,,,,,,,,
BASE,SIMULACION_CINCO_DIAS-ALTA-N01,SIMULACION_CINCO_DIAS,ALTA,1,1,43,RECOCIDO_SIMULADO,214,5005.8836,20345,40224.863333,224.863333,0,8,0,true,true,96.261682,95.419847,80804,11834,55.493952,229.159566,,,,,,,,,
BASE,SIMULACION_CINCO_DIAS-ALTA-N01,SIMULACION_CINCO_DIAS,ALTA,1,1,43,GENETICO,214,26321.2051,45300,40207.456667,207.456667,0,8,0,true,true,96.261682,95.419847,80780,11386,55.493952,,,,,,,,,,
BASE,SIMULACION_CINCO_DIAS-ALTA-N01,SIMULACION_CINCO_DIAS,ALTA,1,2,44,GENETICO,214,22907.3217,45300,40207.371667,207.371667,0,8,0,true,true,96.261682,95.419847,77162,11026,55.493952,,,,,,,,,,
BASE,SIMULACION_CINCO_DIAS-ALTA-N01,SIMULACION_CINCO_DIAS,ALTA,1,2,44,RECOCIDO_SIMULADO,214,4645.3556,18905,40222.341667,222.341667,0,8,0,true,true,96.261682,95.419847,76254,11050,55.493952,146.073343,,,,,,,,,
BASE,SIMULACION_CINCO_DIAS-ALTA-N01,SIMULACION_CINCO_DIAS,ALTA,1,3,45,RECOCIDO_SIMULADO,214,4271.0218,17465,40217.71,217.71,0,8,0,true,true,96.261682,95.419847,79908,11922,55.493952,87.903351,,,,,,,,,
BASE,SIMULACION_CINCO_DIAS-ALTA-N01,SIMULACION_CINCO_DIAS,ALTA,1,3,45,GENETICO,214,23699.329,45300,40206.981667,206.981667,0,8,0,true,true,96.261682,95.419847,78392,11096,55.493952,,,,,,,,,,
BASE,SIMULACION_CINCO_DIAS-ALTA-N01,SIMULACION_CINCO_DIAS,ALTA,1,4,46,GENETICO,214,25301.2113,45300,40206.861667,206.861667,0,8,0,true,true,96.261682,95.419847,80152,11286,55.493952,,,,,,,,,,
BASE,SIMULACION_CINCO_DIAS-ALTA-N01,SIMULACION_CINCO_DIAS,ALTA,1,4,46,RECOCIDO_SIMULADO,214,5027.7501,20505,40224.69,224.69,0,8,0,true,true,96.261682,95.419847,79308,10938,55.493952,195.001138,,,,,,,,,
BASE,SIMULACION_CINCO_DIAS-ALTA-N01,SIMULACION_CINCO_DIAS,ALTA,1,5,47,RECOCIDO_SIMULADO,214,4950.6164,19785,40227.848333,227.848333,0,8,0,true,true,96.261682,95.419847,78326,10900,55.493952,205.829499,,,,,,,,,
BASE,SIMULACION_CINCO_DIAS-ALTA-N01,SIMULACION_CINCO_DIAS,ALTA,1,5,47,GENETICO,214,24899.4942,45300,40207.241667,207.241667,0,8,0,true,true,96.261682,95.419847,74146,10506,55.493952,,,,,,,,,,
BASE,SIMULACION_CINCO_DIAS-ALTA-N01,SIMULACION_CINCO_DIAS,ALTA,1,6,48,GENETICO,214,27704.7138,45300,40206.861667,206.861667,0,8,0,true,true,96.261682,95.419847,78022,11270,55.493952,,,,,,,,,,
BASE,SIMULACION_CINCO_DIAS-ALTA-N01,SIMULACION_CINCO_DIAS,ALTA,1,6,48,RECOCIDO_SIMULADO,214,4799.3724,19465,40219.168333,219.168333,0,8,0,true,true,96.261682,95.419847,79136,11594,55.493952,145.752744,,,,,,,,,
BASE,SIMULACION_CINCO_DIAS-ALTA-N01,SIMULACION_CINCO_DIAS,ALTA,1,7,49,RECOCIDO_SIMULADO,214,5352.1741,21305,40223.756667,223.756667,0,8,0,true,true,96.261682,95.419847,79006,11244,55.493952,243.150836,,,,,,,,,
BASE,SIMULACION_CINCO_DIAS-ALTA-N01,SIMULACION_CINCO_DIAS,ALTA,1,7,49,GENETICO,214,27881.6194,45300,40207.371667,207.371667,0,8,0,true,true,96.261682,95.419847,78584,11270,55.493952,,,,,,,,,,
BASE,SIMULACION_CINCO_DIAS-ALTA-N01,SIMULACION_CINCO_DIAS,ALTA,1,8,50,GENETICO,214,29963.5534,45300,40206.886667,206.886667,0,8,0,true,true,96.261682,95.419847,75688,10864,55.493952,,,,,,,,,,
BASE,SIMULACION_CINCO_DIAS-ALTA-N01,SIMULACION_CINCO_DIAS,ALTA,1,8,50,RECOCIDO_SIMULADO,214,5023.2967,20945,40222.201667,222.201667,0,8,0,true,true,96.261682,95.419847,79990,11178,55.493952,249.024821,,,,,,,,,
BASE,SIMULACION_CINCO_DIAS-ALTA-N01,SIMULACION_CINCO_DIAS,ALTA,1,9,51,RECOCIDO_SIMULADO,214,4961.5566,20385,40225.453333,225.453333,0,8,0,true,true,96.261682,95.419847,77480,11306,55.493952,196.879834,,,,,,,,,
BASE,SIMULACION_CINCO_DIAS-ALTA-N01,SIMULACION_CINCO_DIAS,ALTA,1,9,51,GENETICO,214,26184.9743,45300,40207.606667,207.606667,0,8,0,true,true,96.261682,95.419847,78100,11002,55.493952,,,,,,,,,,
BASE,SIMULACION_CINCO_DIAS-ALTA-N01,SIMULACION_CINCO_DIAS,ALTA,1,10,52,GENETICO,214,24379.0581,45300,40207.336667,207.336667,0,8,0,true,true,96.261682,95.419847,76852,10834,55.493952,,,,,,,,,,
BASE,SIMULACION_CINCO_DIAS-ALTA-N01,SIMULACION_CINCO_DIAS,ALTA,1,10,52,RECOCIDO_SIMULADO,214,5059.3762,20465,40224.62,224.62,0,8,0,true,true,96.261682,95.419847,79864,11376,55.493952,241.473997,,,,,,,,,
BASE,SIMULACION_CINCO_DIAS-ALTA-N01,SIMULACION_CINCO_DIAS,ALTA,1,11,53,RECOCIDO_SIMULADO,214,4722.0534,19545,40227.345,227.345,0,8,0,true,true,96.261682,95.419847,79492,11150,55.493952,201.863238,,,,,,,,,
BASE,SIMULACION_CINCO_DIAS-ALTA-N01,SIMULACION_CINCO_DIAS,ALTA,1,11,53,GENETICO,214,30776.2651,45300,40207.466667,207.466667,0,8,0,true,true,96.261682,95.419847,77208,10942,55.493952,,,,,,,,,,
BASE,SIMULACION_CINCO_DIAS-ALTA-N01,SIMULACION_CINCO_DIAS,ALTA,1,12,54,GENETICO,214,25987.7382,45300,40207.661667,207.661667,0,8,0,true,true,96.261682,95.419847,76436,11106,55.493952,,,,,,,,,,
BASE,SIMULACION_CINCO_DIAS-ALTA-N01,SIMULACION_CINCO_DIAS,ALTA,1,12,54,RECOCIDO_SIMULADO,214,5283.9209,21105,40228.215,228.215,0,8,0,true,true,96.261682,95.419847,78934,11580,55.493952,314.563373,,,,,,,,,
BASE,SIMULACION_CINCO_DIAS-ALTA-N01,SIMULACION_CINCO_DIAS,ALTA,1,13,55,RECOCIDO_SIMULADO,214,4838.133,19745,40223.125,223.125,0,8,0,true,true,96.261682,95.419847,79712,11282,55.493952,227.483836,,,,,,,,,
BASE,SIMULACION_CINCO_DIAS-ALTA-N01,SIMULACION_CINCO_DIAS,ALTA,1,13,55,GENETICO,214,24950.7895,45300,40207.456667,207.456667,0,8,0,true,true,96.261682,95.419847,76684,10736,55.493952,,,,,,,,,,
BASE,SIMULACION_CINCO_DIAS-ALTA-N01,SIMULACION_CINCO_DIAS,ALTA,1,14,56,GENETICO,214,25875.3605,45300,40206.776667,206.776667,0,8,0,true,true,96.261682,95.419847,78660,11222,55.493952,,,,,,,,,,
BASE,SIMULACION_CINCO_DIAS-ALTA-N01,SIMULACION_CINCO_DIAS,ALTA,1,14,56,RECOCIDO_SIMULADO,214,5122.285,19985,40224.675,224.675,0,8,0,true,true,96.261682,95.419847,79036,11392,55.493952,171.372579,,,,,,,,,
BASE,SIMULACION_CINCO_DIAS-ALTA-N01,SIMULACION_CINCO_DIAS,ALTA,1,15,57,RECOCIDO_SIMULADO,214,5352.9942,20185,40224.628333,224.628333,0,8,0,true,true,96.261682,95.419847,77486,11158,55.493952,244.034554,,,,,,,,,
BASE,SIMULACION_CINCO_DIAS-ALTA-N01,SIMULACION_CINCO_DIAS,ALTA,1,15,57,GENETICO,214,26184.1543,45300,40207.456667,207.456667,0,8,0,true,true,96.261682,95.419847,77232,11070,55.493952,,,,,,,,,,
BASE,SIMULACION_CINCO_DIAS-ALTA-N01,SIMULACION_CINCO_DIAS,ALTA,1,16,58,GENETICO,214,25555.9105,45300,40207.336667,207.336667,0,8,0,true,true,96.261682,95.419847,76038,10716,55.493952,,,,,,,,,,
BASE,SIMULACION_CINCO_DIAS-ALTA-N01,SIMULACION_CINCO_DIAS,ALTA,1,16,58,RECOCIDO_SIMULADO,214,4738.5047,19145,40221.118333,221.118333,0,8,0,true,true,96.261682,95.419847,80760,11812,55.493952,164.033112,,,,,,,,,
BASE,SIMULACION_CINCO_DIAS-ALTA-N01,SIMULACION_CINCO_DIAS,ALTA,1,17,59,RECOCIDO_SIMULADO,214,4999.9949,20305,40216.416667,216.416667,0,8,0,true,true,96.261682,95.419847,79462,11652,55.493952,259.813248,,,,,,,,,
BASE,SIMULACION_CINCO_DIAS-ALTA-N01,SIMULACION_CINCO_DIAS,ALTA,1,17,59,GENETICO,214,26574.7992,45300,40207.336667,207.336667,0,8,0,true,true,96.261682,95.419847,77092,10890,55.493952,,,,,,,,,,
BASE,SIMULACION_CINCO_DIAS-ALTA-N01,SIMULACION_CINCO_DIAS,ALTA,1,18,60,GENETICO,214,27322.2589,45300,40207.336667,207.336667,0,8,0,true,true,96.261682,95.419847,76816,11092,55.493952,,,,,,,,,,
BASE,SIMULACION_CINCO_DIAS-ALTA-N01,SIMULACION_CINCO_DIAS,ALTA,1,18,60,RECOCIDO_SIMULADO,214,4785.5144,19145,40224.44,224.44,0,8,0,true,true,96.261682,95.419847,79308,11210,55.493952,164.783633,,,,,,,,,
BASE,SIMULACION_CINCO_DIAS-ALTA-N01,SIMULACION_CINCO_DIAS,ALTA,1,19,61,RECOCIDO_SIMULADO,214,5072.9235,20825,40220.796667,220.796667,0,8,0,true,true,96.261682,95.419847,81174,11648,55.493952,223.766922,,,,,,,,,
BASE,SIMULACION_CINCO_DIAS-ALTA-N01,SIMULACION_CINCO_DIAS,ALTA,1,19,61,GENETICO,214,25053.2507,45300,40207.436667,207.436667,0,8,0,true,true,96.261682,95.419847,77012,10642,55.493952,,,,,,,,,,
BASE,SIMULACION_CINCO_DIAS-ALTA-N01,SIMULACION_CINCO_DIAS,ALTA,1,20,62,GENETICO,214,24648.1493,45300,40207.541667,207.541667,0,8,0,true,true,96.261682,95.419847,75662,10658,55.493952,,,,,,,,,,
BASE,SIMULACION_CINCO_DIAS-ALTA-N01,SIMULACION_CINCO_DIAS,ALTA,1,20,62,RECOCIDO_SIMULADO,214,4897.747,20025,40230.47,230.47,0,8,0,true,true,96.261682,95.419847,77668,11082,55.493952,199.91242,,,,,,,,,
BASE,SIMULACION_CINCO_DIAS-ALTA-N01,SIMULACION_CINCO_DIAS,ALTA,1,21,63,RECOCIDO_SIMULADO,214,4624.4028,18905,40223.913333,223.913333,0,8,0,true,true,96.261682,95.419847,78482,11254,55.493952,120.77287,,,,,,,,,
BASE,SIMULACION_CINCO_DIAS-ALTA-N01,SIMULACION_CINCO_DIAS,ALTA,1,21,63,GENETICO,214,22733.6991,45300,40207.476667,207.476667,0,8,0,true,true,96.261682,95.419847,72580,10226,55.493952,,,,,,,,,,
BASE,SIMULACION_CINCO_DIAS-ALTA-N01,SIMULACION_CINCO_DIAS,ALTA,1,22,64,GENETICO,214,24998.8529,45300,40207.326667,207.326667,0,8,0,true,true,96.261682,95.419847,76138,10858,55.493952,,,,,,,,,,
BASE,SIMULACION_CINCO_DIAS-ALTA-N01,SIMULACION_CINCO_DIAS,ALTA,1,22,64,RECOCIDO_SIMULADO,214,4616.301,18585,40226.363333,226.363333,0,8,0,true,true,96.261682,95.419847,78970,11324,55.493952,164.869915,,,,,,,,,
BASE,SIMULACION_CINCO_DIAS-ALTA-N01,SIMULACION_CINCO_DIAS,ALTA,1,23,65,RECOCIDO_SIMULADO,214,4674.4282,19265,40223.19,223.19,0,8,0,true,true,96.261682,95.419847,79372,11444,55.493952,146.54502,,,,,,,,,
BASE,SIMULACION_CINCO_DIAS-ALTA-N01,SIMULACION_CINCO_DIAS,ALTA,1,23,65,GENETICO,214,25702.0208,45300,40207.076667,207.076667,0,8,0,true,true,96.261682,95.419847,74990,10726,55.493952,,,,,,,,,,
BASE,SIMULACION_CINCO_DIAS-ALTA-N01,SIMULACION_CINCO_DIAS,ALTA,1,24,66,GENETICO,214,24799.0343,45300,40207.446667,207.446667,0,8,0,true,true,96.261682,95.419847,78910,10986,55.493952,,,,,,,,,,
BASE,SIMULACION_CINCO_DIAS-ALTA-N01,SIMULACION_CINCO_DIAS,ALTA,1,24,66,RECOCIDO_SIMULADO,214,4995.5155,20145,40221.785,221.785,0,8,0,true,true,96.261682,95.419847,76458,10744,55.493952,202.013623,,,,,,,,,
BASE,SIMULACION_CINCO_DIAS-ALTA-N01,SIMULACION_CINCO_DIAS,ALTA,1,25,67,RECOCIDO_SIMULADO,214,4636.5421,19065,40225.038333,225.038333,0,8,0,true,true,96.261682,95.419847,76672,10860,55.493952,182.146549,,,,,,,,,
BASE,SIMULACION_CINCO_DIAS-ALTA-N01,SIMULACION_CINCO_DIAS,ALTA,1,25,67,GENETICO,214,24710.4542,45300,40207.596667,207.596667,0,8,0,true,true,96.261682,95.419847,76482,10902,55.493952,,,,,,,,,,
BASE,SIMULACION_CINCO_DIAS-ALTA-N01,SIMULACION_CINCO_DIAS,ALTA,1,26,68,GENETICO,214,26041.9888,45300,40207.446667,207.446667,0,8,0,true,true,96.261682,95.419847,79454,11258,55.493952,,,,,,,,,,
BASE,SIMULACION_CINCO_DIAS-ALTA-N01,SIMULACION_CINCO_DIAS,ALTA,1,26,68,RECOCIDO_SIMULADO,214,4934.8303,20185,40222.271667,222.271667,0,8,0,true,true,96.261682,95.419847,81326,11608,55.493952,196.474295,,,,,,,,,
BASE,SIMULACION_CINCO_DIAS-ALTA-N01,SIMULACION_CINCO_DIAS,ALTA,1,27,69,RECOCIDO_SIMULADO,214,5208.7405,21185,40222.838333,222.838333,0,8,0,true,true,96.261682,95.419847,78650,11084,55.493952,270.266021,,,,,,,,,
BASE,SIMULACION_CINCO_DIAS-ALTA-N01,SIMULACION_CINCO_DIAS,ALTA,1,27,69,GENETICO,214,26186.1124,45300,40207.316667,207.316667,0,8,0,true,true,96.261682,95.419847,77472,10874,55.493952,,,,,,,,,,
BASE,SIMULACION_CINCO_DIAS-ALTA-N01,SIMULACION_CINCO_DIAS,ALTA,1,28,70,GENETICO,214,25155.8727,45300,40207.316667,207.316667,0,8,0,true,true,96.261682,95.419847,79126,11186,55.493952,,,,,,,,,,
BASE,SIMULACION_CINCO_DIAS-ALTA-N01,SIMULACION_CINCO_DIAS,ALTA,1,28,70,RECOCIDO_SIMULADO,214,4582.0231,18825,40221.106667,221.106667,0,8,0,true,true,96.261682,95.419847,79298,11278,55.493952,133.514775,,,,,,,,,
BASE,SIMULACION_CINCO_DIAS-ALTA-N01,SIMULACION_CINCO_DIAS,ALTA,1,29,71,RECOCIDO_SIMULADO,214,4886.8714,19705,40225.655,225.655,0,8,0,true,true,96.261682,95.419847,79632,11272,55.493952,251.28119,,,,,,,,,
BASE,SIMULACION_CINCO_DIAS-ALTA-N01,SIMULACION_CINCO_DIAS,ALTA,1,29,71,GENETICO,214,28274.4938,45300,40207.196667,207.196667,0,8,0,true,true,96.261682,95.419847,77190,10894,55.493952,,,,,,,,,,
BASE,SIMULACION_CINCO_DIAS-ALTA-N02,SIMULACION_CINCO_DIAS,ALTA,2,0,72,GENETICO,232,31669.3485,45300,55223.615,223.615,0,11,0,true,true,95.258621,94.405594,85804,12898,57.409274,,,,,,,,,,
BASE,SIMULACION_CINCO_DIAS-ALTA-N02,SIMULACION_CINCO_DIAS,ALTA,2,0,72,RECOCIDO_SIMULADO,232,4815.9711,16185,55232.803333,232.803333,0,11,0,true,true,95.258621,94.405594,87872,12840,57.409274,55.894524,,,,,,,,,
BASE,SIMULACION_CINCO_DIAS-ALTA-N02,SIMULACION_CINCO_DIAS,ALTA,2,1,73,RECOCIDO_SIMULADO,232,5002.467,17105,55234.401667,234.401667,0,11,0,true,true,95.258621,94.405594,91118,13538,57.409274,100.278225,,,,,,,,,
BASE,SIMULACION_CINCO_DIAS-ALTA-N02,SIMULACION_CINCO_DIAS,ALTA,2,1,73,GENETICO,232,28167.4818,45300,55223.345,223.345,0,11,0,true,true,95.258621,94.405594,85986,12292,57.409274,,,,,,,,,,
BASE,SIMULACION_CINCO_DIAS-ALTA-N02,SIMULACION_CINCO_DIAS,ALTA,2,2,74,GENETICO,232,29956.1247,45300,55223.12,223.12,0,11,0,true,true,95.258621,94.405594,87518,12846,57.409274,,,,,,,,,,
BASE,SIMULACION_CINCO_DIAS-ALTA-N02,SIMULACION_CINCO_DIAS,ALTA,2,2,74,RECOCIDO_SIMULADO,232,5549.3453,19145,55243.255,243.255,0,11,0,true,true,95.258621,94.405594,90270,13264,57.409274,178.203677,,,,,,,,,
BASE,SIMULACION_CINCO_DIAS-ALTA-N02,SIMULACION_CINCO_DIAS,ALTA,2,3,75,RECOCIDO_SIMULADO,232,5571.812,18705,55241.273333,241.273333,0,11,0,true,true,95.258621,94.405594,90288,13036,57.409274,121.794401,,,,,,,,,
BASE,SIMULACION_CINCO_DIAS-ALTA-N02,SIMULACION_CINCO_DIAS,ALTA,2,3,75,GENETICO,232,30788.3601,45300,55223.55,223.55,0,11,0,true,true,95.258621,94.405594,87992,12816,57.409274,,,,,,,,,,
BASE,SIMULACION_CINCO_DIAS-ALTA-N02,SIMULACION_CINCO_DIAS,ALTA,2,4,76,GENETICO,232,30450.4064,45300,55223.408333,223.408333,0,11,0,true,true,95.258621,94.405594,81784,12112,57.409274,,,,,,,,,,
BASE,SIMULACION_CINCO_DIAS-ALTA-N02,SIMULACION_CINCO_DIAS,ALTA,2,4,76,RECOCIDO_SIMULADO,232,5934.6377,19825,55241.456667,241.456667,0,11,0,true,true,95.258621,94.405594,89334,12656,57.409274,166.757961,,,,,,,,,
BASE,SIMULACION_CINCO_DIAS-ALTA-N02,SIMULACION_CINCO_DIAS,ALTA,2,5,77,RECOCIDO_SIMULADO,232,5006.5703,16185,55241.703333,241.703333,0,11,0,true,true,95.258621,94.405594,88346,12926,57.409274,68.762142,,,,,,,,,
BASE,SIMULACION_CINCO_DIAS-ALTA-N02,SIMULACION_CINCO_DIAS,ALTA,2,5,77,GENETICO,232,32102.3123,45300,55223.135,223.135,0,11,0,true,true,95.258621,94.405594,84790,12396,57.409274,,,,,,,,,,
BASE,SIMULACION_CINCO_DIAS-ALTA-N02,SIMULACION_CINCO_DIAS,ALTA,2,6,78,GENETICO,232,31379.3687,45300,55222.865,222.865,0,11,0,true,true,95.258621,94.405594,86032,12712,57.409274,,,,,,,,,,
BASE,SIMULACION_CINCO_DIAS-ALTA-N02,SIMULACION_CINCO_DIAS,ALTA,2,6,78,RECOCIDO_SIMULADO,232,5560.0065,18305,55240.925,240.925,0,11,0,true,true,95.258621,94.405594,89022,12918,57.409274,107.876509,,,,,,,,,
BASE,SIMULACION_CINCO_DIAS-ALTA-N02,SIMULACION_CINCO_DIAS,ALTA,2,7,79,RECOCIDO_SIMULADO,232,5195.442,16905,55239.566667,239.566667,0,11,0,true,true,95.258621,94.405594,88084,13072,57.409274,72.84003,,,,,,,,,
BASE,SIMULACION_CINCO_DIAS-ALTA-N02,SIMULACION_CINCO_DIAS,ALTA,2,7,79,GENETICO,232,30480.7753,45300,55222.865,222.865,0,11,0,true,true,95.258621,94.405594,87742,12742,57.409274,,,,,,,,,,
BASE,SIMULACION_CINCO_DIAS-ALTA-N02,SIMULACION_CINCO_DIAS,ALTA,2,8,80,GENETICO,232,31251.1829,45300,55223.09,223.09,0,11,0,true,true,95.258621,94.405594,86140,12250,57.409274,,,,,,,,,,
BASE,SIMULACION_CINCO_DIAS-ALTA-N02,SIMULACION_CINCO_DIAS,ALTA,2,8,80,RECOCIDO_SIMULADO,232,5539.4148,18345,55233.025,233.025,0,11,0,true,true,95.258621,94.405594,88288,12922,57.409274,107.368607,,,,,,,,,
BASE,SIMULACION_CINCO_DIAS-ALTA-N02,SIMULACION_CINCO_DIAS,ALTA,2,9,81,RECOCIDO_SIMULADO,232,5426.821,17905,55238.121667,238.121667,0,11,0,true,true,95.258621,94.405594,87442,12884,57.409274,92.252719,,,,,,,,,
BASE,SIMULACION_CINCO_DIAS-ALTA-N02,SIMULACION_CINCO_DIAS,ALTA,2,9,81,GENETICO,232,33251.8538,45300,55223.435,223.435,0,11,0,true,true,95.258621,94.405594,86704,12622,57.409274,,,,,,,,,,
BASE,SIMULACION_CINCO_DIAS-ALTA-N02,SIMULACION_CINCO_DIAS,ALTA,2,10,82,GENETICO,232,33005.7536,45300,55223.345,223.345,0,11,0,true,true,95.258621,94.405594,88118,12680,57.409274,,,,,,,,,,
BASE,SIMULACION_CINCO_DIAS-ALTA-N02,SIMULACION_CINCO_DIAS,ALTA,2,10,82,RECOCIDO_SIMULADO,232,6052.3905,19425,55233.775,233.775,0,11,0,true,true,95.258621,94.405594,89002,12936,57.409274,148.69149,,,,,,,,,
BASE,SIMULACION_CINCO_DIAS-ALTA-N02,SIMULACION_CINCO_DIAS,ALTA,2,11,83,RECOCIDO_SIMULADO,232,5520.3931,18025,55237.25,237.25,0,11,0,true,true,95.258621,94.405594,91074,13208,57.409274,102.565221,,,,,,,,,
BASE,SIMULACION_CINCO_DIAS-ALTA-N02,SIMULACION_CINCO_DIAS,ALTA,2,11,83,GENETICO,232,31636.1635,45300,55223.345,223.345,0,11,0,true,true,95.258621,94.405594,87084,12892,57.409274,,,,,,,,,,
BASE,SIMULACION_CINCO_DIAS-ALTA-N02,SIMULACION_CINCO_DIAS,ALTA,2,12,84,GENETICO,232,30630.6074,45300,55223.465,223.465,0,11,0,true,true,95.258621,94.405594,86074,12622,57.409274,,,,,,,,,,
BASE,SIMULACION_CINCO_DIAS-ALTA-N02,SIMULACION_CINCO_DIAS,ALTA,2,12,84,RECOCIDO_SIMULADO,232,6145.2212,20465,55239.308333,239.308333,0,11,0,true,true,95.258621,94.405594,89862,13318,57.409274,188.755977,,,,,,,,,
BASE,SIMULACION_CINCO_DIAS-ALTA-N02,SIMULACION_CINCO_DIAS,ALTA,2,13,85,RECOCIDO_SIMULADO,232,5836.8056,19785,55231.935,231.935,0,11,0,true,true,95.258621,94.405594,89696,13058,57.409274,198.720205,,,,,,,,,
BASE,SIMULACION_CINCO_DIAS-ALTA-N02,SIMULACION_CINCO_DIAS,ALTA,2,13,85,GENETICO,232,30088.4977,45300,55222.98,222.98,0,11,0,true,true,95.258621,94.405594,86546,12544,57.409274,,,,,,,,,,
BASE,SIMULACION_CINCO_DIAS-ALTA-N02,SIMULACION_CINCO_DIAS,ALTA,2,14,86,GENETICO,232,29055.6039,45300,55223.345,223.345,0,11,0,true,true,95.258621,94.405594,87896,12304,57.409274,,,,,,,,,,
BASE,SIMULACION_CINCO_DIAS-ALTA-N02,SIMULACION_CINCO_DIAS,ALTA,2,14,86,RECOCIDO_SIMULADO,232,5459.6111,17265,55234.786667,234.786667,0,11,0,true,true,95.258621,94.405594,87400,12954,57.409274,79.373963,,,,,,,,,
BASE,SIMULACION_CINCO_DIAS-ALTA-N02,SIMULACION_CINCO_DIAS,ALTA,2,15,87,RECOCIDO_SIMULADO,232,5726.9491,18625,55233.345,233.345,0,11,0,true,true,95.258621,94.405594,87188,12806,57.409274,128.937168,,,,,,,,,
BASE,SIMULACION_CINCO_DIAS-ALTA-N02,SIMULACION_CINCO_DIAS,ALTA,2,15,87,GENETICO,232,32674.541,45300,55223.345,223.345,0,11,0,true,true,95.258621,94.405594,88182,12636,57.409274,,,,,,,,,,
BASE,SIMULACION_CINCO_DIAS-ALTA-N02,SIMULACION_CINCO_DIAS,ALTA,2,16,88,GENETICO,232,31483.2101,45300,55223.345,223.345,0,11,0,true,true,95.258621,94.405594,86742,12494,57.409274,,,,,,,,,,
BASE,SIMULACION_CINCO_DIAS-ALTA-N02,SIMULACION_CINCO_DIAS,ALTA,2,16,88,RECOCIDO_SIMULADO,232,5868.0847,19625,55230.803333,230.803333,0,11,0,true,true,95.258621,94.405594,87510,13186,57.409274,145.485804,,,,,,,,,
BASE,SIMULACION_CINCO_DIAS-ALTA-N02,SIMULACION_CINCO_DIAS,ALTA,2,17,89,RECOCIDO_SIMULADO,232,5099.5341,16905,55249.708333,249.708333,0,11,0,true,true,95.258621,94.405594,90298,12976,57.409274,82.60189,,,,,,,,,
BASE,SIMULACION_CINCO_DIAS-ALTA-N02,SIMULACION_CINCO_DIAS,ALTA,2,17,89,GENETICO,232,29080.3409,45300,55222.865,222.865,0,11,0,true,true,95.258621,94.405594,89682,13196,57.409274,,,,,,,,,,
BASE,SIMULACION_CINCO_DIAS-ALTA-N02,SIMULACION_CINCO_DIAS,ALTA,2,18,90,GENETICO,232,31757.3962,45300,55223.615,223.615,0,11,0,true,true,95.258621,94.405594,85328,12684,57.409274,,,,,,,,,,
BASE,SIMULACION_CINCO_DIAS-ALTA-N02,SIMULACION_CINCO_DIAS,ALTA,2,18,90,RECOCIDO_SIMULADO,232,5257.5278,17105,55235.428333,235.428333,0,11,0,true,true,95.258621,94.405594,88276,13036,57.409274,78.558397,,,,,,,,,
BASE,SIMULACION_CINCO_DIAS-ALTA-N02,SIMULACION_CINCO_DIAS,ALTA,2,19,91,RECOCIDO_SIMULADO,232,5778.4589,19065,55247.311667,247.311667,0,11,0,true,true,95.258621,94.405594,86204,12924,57.409274,144.765297,,,,,,,,,
BASE,SIMULACION_CINCO_DIAS-ALTA-N02,SIMULACION_CINCO_DIAS,ALTA,2,19,91,GENETICO,232,34069.0771,45300,55223.345,223.345,0,11,0,true,true,95.258621,94.405594,86946,13046,57.409274,,,,,,,,,,
BASE,SIMULACION_CINCO_DIAS-ALTA-N02,SIMULACION_CINCO_DIAS,ALTA,2,20,92,GENETICO,232,29858.5048,45300,55223.345,223.345,0,11,0,true,true,95.258621,94.405594,89576,13364,57.409274,,,,,,,,,,
BASE,SIMULACION_CINCO_DIAS-ALTA-N02,SIMULACION_CINCO_DIAS,ALTA,2,20,92,RECOCIDO_SIMULADO,232,6101.8188,19745,55232.126667,232.126667,0,11,0,true,true,95.258621,94.405594,87720,12576,57.409274,186.908989,,,,,,,,,
BASE,SIMULACION_CINCO_DIAS-ALTA-N02,SIMULACION_CINCO_DIAS,ALTA,2,21,93,RECOCIDO_SIMULADO,232,5743.3844,19225,55238.138333,238.138333,0,11,0,true,true,95.258621,94.405594,89524,13212,57.409274,158.031353,,,,,,,,,
BASE,SIMULACION_CINCO_DIAS-ALTA-N02,SIMULACION_CINCO_DIAS,ALTA,2,21,93,GENETICO,232,32409.3868,45300,55223.12,223.12,0,11,0,true,true,95.258621,94.405594,87482,12678,57.409274,,,,,,,,,,
BASE,SIMULACION_CINCO_DIAS-ALTA-N02,SIMULACION_CINCO_DIAS,ALTA,2,22,94,GENETICO,232,28985.9968,45300,55223.176667,223.176667,0,11,0,true,true,95.258621,94.405594,86004,12636,57.409274,,,,,,,,,,
BASE,SIMULACION_CINCO_DIAS-ALTA-N02,SIMULACION_CINCO_DIAS,ALTA,2,22,94,RECOCIDO_SIMULADO,232,5959.3741,17825,55242.128333,242.128333,0,11,0,true,true,95.258621,94.405594,88456,13114,57.409274,101.533092,,,,,,,,,
BASE,SIMULACION_CINCO_DIAS-ALTA-N02,SIMULACION_CINCO_DIAS,ALTA,2,23,95,RECOCIDO_SIMULADO,232,5769.3187,18505,55246.575,246.575,0,11,0,true,true,95.258621,94.405594,92066,13482,57.409274,132.795582,,,,,,,,,
BASE,SIMULACION_CINCO_DIAS-ALTA-N02,SIMULACION_CINCO_DIAS,ALTA,2,23,95,GENETICO,232,32300.4061,45300,55223.73,223.73,0,11,0,true,true,95.258621,94.405594,88142,12668,57.409274,,,,,,,,,,
BASE,SIMULACION_CINCO_DIAS-ALTA-N02,SIMULACION_CINCO_DIAS,ALTA,2,24,96,GENETICO,232,30870.4583,45300,55223.12,223.12,0,11,0,true,true,95.258621,94.405594,89442,13118,57.409274,,,,,,,,,,
BASE,SIMULACION_CINCO_DIAS-ALTA-N02,SIMULACION_CINCO_DIAS,ALTA,2,24,96,RECOCIDO_SIMULADO,232,5835.9242,19265,55235.638333,235.638333,0,11,0,true,true,95.258621,94.405594,89468,13236,57.409274,152.458952,,,,,,,,,
BASE,SIMULACION_CINCO_DIAS-ALTA-N02,SIMULACION_CINCO_DIAS,ALTA,2,25,97,RECOCIDO_SIMULADO,232,5503.0506,17745,55233.911667,233.911667,0,11,0,true,true,95.258621,94.405594,86980,13056,57.409274,109.653564,,,,,,,,,
BASE,SIMULACION_CINCO_DIAS-ALTA-N02,SIMULACION_CINCO_DIAS,ALTA,2,25,97,GENETICO,232,32708.0883,45300,55223.12,223.12,0,11,0,true,true,95.258621,94.405594,82998,12454,57.409274,,,,,,,,,,
BASE,SIMULACION_CINCO_DIAS-ALTA-N02,SIMULACION_CINCO_DIAS,ALTA,2,26,98,GENETICO,232,31478.1623,45300,55223.73,223.73,0,11,0,true,true,95.258621,94.405594,86928,12794,57.409274,,,,,,,,,,
BASE,SIMULACION_CINCO_DIAS-ALTA-N02,SIMULACION_CINCO_DIAS,ALTA,2,26,98,RECOCIDO_SIMULADO,232,5994.9376,19225,55236.816667,236.816667,0,11,0,true,true,95.258621,94.405594,89184,13048,57.409274,168.287102,,,,,,,,,
BASE,SIMULACION_CINCO_DIAS-ALTA-N02,SIMULACION_CINCO_DIAS,ALTA,2,27,99,RECOCIDO_SIMULADO,232,5568.8923,18665,55239.49,239.49,0,11,0,true,true,95.258621,94.405594,89508,13026,57.409274,139.756638,,,,,,,,,
BASE,SIMULACION_CINCO_DIAS-ALTA-N02,SIMULACION_CINCO_DIAS,ALTA,2,27,99,GENETICO,232,30670.8565,45300,55223.203333,223.203333,0,11,0,true,true,95.258621,94.405594,87252,12684,57.409274,,,,,,,,,,
BASE,SIMULACION_CINCO_DIAS-ALTA-N02,SIMULACION_CINCO_DIAS,ALTA,2,28,100,GENETICO,232,27931.7943,45300,55223.345,223.345,0,11,0,true,true,95.258621,94.405594,84690,12350,57.409274,,,,,,,,,,
BASE,SIMULACION_CINCO_DIAS-ALTA-N02,SIMULACION_CINCO_DIAS,ALTA,2,28,100,RECOCIDO_SIMULADO,232,5534.2554,18105,55237.926667,237.926667,0,11,0,true,true,95.258621,94.405594,89142,13050,57.409274,109.578294,,,,,,,,,
BASE,SIMULACION_CINCO_DIAS-ALTA-N02,SIMULACION_CINCO_DIAS,ALTA,2,29,101,RECOCIDO_SIMULADO,232,5502.9261,18505,55238.733333,238.733333,0,11,0,true,true,95.258621,94.405594,91154,13470,57.409274,111.728547,,,,,,,,,
BASE,SIMULACION_CINCO_DIAS-ALTA-N02,SIMULACION_CINCO_DIAS,ALTA,2,29,101,GENETICO,232,28933.8676,45300,55222.98,222.98,0,11,0,true,true,95.258621,94.405594,85644,12726,57.409274,,,,,,,,,,
BASE,SIMULACION_CINCO_DIAS-ALTA-N03,SIMULACION_CINCO_DIAS,ALTA,3,0,102,GENETICO,254,24001.2082,45300,25252.035,252.035,0,5,0,true,true,98.031496,98.192771,94864,13986,68.346774,,,,,,,,,,
BASE,SIMULACION_CINCO_DIAS-ALTA-N03,SIMULACION_CINCO_DIAS,ALTA,3,0,102,RECOCIDO_SIMULADO,254,5413.2665,21705,25271.183333,271.183333,0,5,0,true,true,98.031496,98.192771,97396,15474,68.346774,234.232458,,,,,,,,,
BASE,SIMULACION_CINCO_DIAS-ALTA-N03,SIMULACION_CINCO_DIAS,ALTA,3,1,103,RECOCIDO_SIMULADO,254,5967.2227,23825,25273.328333,273.328333,0,5,0,true,true,98.031496,98.192771,94448,14496,68.346774,453.897178,,,,,,,,,
BASE,SIMULACION_CINCO_DIAS-ALTA-N03,SIMULACION_CINCO_DIAS,ALTA,3,1,103,GENETICO,254,24625.9425,45300,25251.635,251.635,0,5,0,true,true,98.031496,98.192771,96906,14324,68.346774,,,,,,,,,,
BASE,SIMULACION_CINCO_DIAS-ALTA-N03,SIMULACION_CINCO_DIAS,ALTA,3,2,104,GENETICO,254,23274.299,45300,25251.635,251.635,0,5,0,true,true,98.031496,98.192771,94346,13888,68.346774,,,,,,,,,,
BASE,SIMULACION_CINCO_DIAS-ALTA-N03,SIMULACION_CINCO_DIAS,ALTA,3,2,104,RECOCIDO_SIMULADO,254,5591.4852,22345,25269.675,269.675,0,5,0,true,true,98.031496,98.192771,97016,15198,68.346774,337.041255,,,,,,,,,
BASE,SIMULACION_CINCO_DIAS-ALTA-N03,SIMULACION_CINCO_DIAS,ALTA,3,3,105,RECOCIDO_SIMULADO,254,5506.093,21865,25277.268333,277.268333,0,5,0,true,true,98.031496,98.192771,99774,15206,68.346774,282.693048,,,,,,,,,
BASE,SIMULACION_CINCO_DIAS-ALTA-N03,SIMULACION_CINCO_DIAS,ALTA,3,3,105,GENETICO,254,23139.457,45300,25251.701667,251.701667,0,5,0,true,true,98.031496,98.192771,96216,14258,68.346774,,,,,,,,,,
BASE,SIMULACION_CINCO_DIAS-ALTA-N03,SIMULACION_CINCO_DIAS,ALTA,3,4,106,GENETICO,254,23792.2342,45300,25252.101667,252.101667,0,5,0,true,true,98.031496,98.192771,97664,14030,68.346774,,,,,,,,,,
BASE,SIMULACION_CINCO_DIAS-ALTA-N03,SIMULACION_CINCO_DIAS,ALTA,3,4,106,RECOCIDO_SIMULADO,254,5617.9358,22065,25264.926667,264.926667,0,5,0,true,true,98.031496,98.192771,96122,14702,68.346774,278.717568,,,,,,,,,
BASE,SIMULACION_CINCO_DIAS-ALTA-N03,SIMULACION_CINCO_DIAS,ALTA,3,5,107,RECOCIDO_SIMULADO,254,5984.7832,23785,25274.101667,274.101667,0,5,0,true,true,98.031496,98.192771,96944,15198,68.346774,400.610252,,,,,,,,,
BASE,SIMULACION_CINCO_DIAS-ALTA-N03,SIMULACION_CINCO_DIAS,ALTA,3,5,107,GENETICO,254,26118.2803,45300,25251.568333,251.568333,0,5,0,true,true,98.031496,98.192771,98772,14780,68.346774,,,,,,,,,,
BASE,SIMULACION_CINCO_DIAS-ALTA-N03,SIMULACION_CINCO_DIAS,ALTA,3,6,108,GENETICO,254,24301.3695,45300,25252.035,252.035,0,5,0,true,true,98.031496,98.192771,94084,14110,68.346774,,,,,,,,,,
BASE,SIMULACION_CINCO_DIAS-ALTA-N03,SIMULACION_CINCO_DIAS,ALTA,3,6,108,RECOCIDO_SIMULADO,254,5524.1025,21625,25282.4,282.4,0,5,0,true,true,98.031496,98.192771,100656,15336,68.346774,259.617214,,,,,,,,,
BASE,SIMULACION_CINCO_DIAS-ALTA-N03,SIMULACION_CINCO_DIAS,ALTA,3,7,109,RECOCIDO_SIMULADO,254,5516.0303,22185,25279.01,279.01,0,5,0,true,true,98.031496,98.192771,98968,15390,68.346774,280.968856,,,,,,,,,
BASE,SIMULACION_CINCO_DIAS-ALTA-N03,SIMULACION_CINCO_DIAS,ALTA,3,7,109,GENETICO,254,24068.0606,45300,25251.701667,251.701667,0,5,0,true,true,98.031496,98.192771,94018,13842,68.346774,,,,,,,,,,
BASE,SIMULACION_CINCO_DIAS-ALTA-N03,SIMULACION_CINCO_DIAS,ALTA,3,8,110,GENETICO,254,25255.5548,45300,25251.635,251.635,0,5,0,true,true,98.031496,98.192771,98008,14770,68.346774,,,,,,,,,,
BASE,SIMULACION_CINCO_DIAS-ALTA-N03,SIMULACION_CINCO_DIAS,ALTA,3,8,110,RECOCIDO_SIMULADO,254,5600.5236,22505,25281.898333,281.898333,0,5,0,true,true,98.031496,98.192771,98362,15364,68.346774,375.78685,,,,,,,,,
BASE,SIMULACION_CINCO_DIAS-ALTA-N03,SIMULACION_CINCO_DIAS,ALTA,3,9,111,RECOCIDO_SIMULADO,254,5374.0718,21305,25271.795,271.795,0,5,0,true,true,98.031496,98.192771,95864,15070,68.346774,212.043724,,,,,,,,,
BASE,SIMULACION_CINCO_DIAS-ALTA-N03,SIMULACION_CINCO_DIAS,ALTA,3,9,111,GENETICO,254,25889.0301,45300,25251.635,251.635,0,5,0,true,true,98.031496,98.192771,92372,13952,68.346774,,,,,,,,,,
BASE,SIMULACION_CINCO_DIAS-ALTA-N03,SIMULACION_CINCO_DIAS,ALTA,3,10,112,GENETICO,254,24102.4105,45300,25251.276667,251.276667,0,5,0,true,true,98.031496,98.192771,94458,14314,68.346774,,,,,,,,,,
BASE,SIMULACION_CINCO_DIAS-ALTA-N03,SIMULACION_CINCO_DIAS,ALTA,3,10,112,RECOCIDO_SIMULADO,254,5469.8938,21425,25272.661667,272.661667,0,5,0,true,true,98.031496,98.192771,98316,15132,68.346774,241.584563,,,,,,,,,
BASE,SIMULACION_CINCO_DIAS-ALTA-N03,SIMULACION_CINCO_DIAS,ALTA,3,11,113,RECOCIDO_SIMULADO,254,5624.6799,22425,25267.82,267.82,0,5,0,true,true,98.031496,98.192771,98592,14790,68.346774,290.941692,,,,,,,,,
BASE,SIMULACION_CINCO_DIAS-ALTA-N03,SIMULACION_CINCO_DIAS,ALTA,3,11,113,GENETICO,254,24128.68,45300,25252.035,252.035,0,5,0,true,true,98.031496,98.192771,97578,14356,68.346774,,,,,,,,,,
BASE,SIMULACION_CINCO_DIAS-ALTA-N03,SIMULACION_CINCO_DIAS,ALTA,3,12,114,GENETICO,254,22359.0109,45300,25251.475,251.475,0,5,0,true,true,98.031496,98.192771,95792,14214,68.346774,,,,,,,,,,
BASE,SIMULACION_CINCO_DIAS-ALTA-N03,SIMULACION_CINCO_DIAS,ALTA,3,12,114,RECOCIDO_SIMULADO,254,5514.91,22065,25273.525,273.525,0,5,0,true,true,98.031496,98.192771,94380,14600,68.346774,257.628142,,,,,,,,,
BASE,SIMULACION_CINCO_DIAS-ALTA-N03,SIMULACION_CINCO_DIAS,ALTA,3,13,115,RECOCIDO_SIMULADO,254,5465.0612,21905,25265.256667,265.256667,0,5,0,true,true,98.031496,98.192771,95272,14584,68.346774,264.618721,,,,,,,,,
BASE,SIMULACION_CINCO_DIAS-ALTA-N03,SIMULACION_CINCO_DIAS,ALTA,3,13,115,GENETICO,254,26339.7547,45300,25252.035,252.035,0,5,0,true,true,98.031496,98.192771,94768,14334,68.346774,,,,,,,,,,
BASE,SIMULACION_CINCO_DIAS-ALTA-N03,SIMULACION_CINCO_DIAS,ALTA,3,14,116,GENETICO,254,23538.7745,45300,25251.635,251.635,0,5,0,true,true,98.031496,98.192771,94428,13928,68.346774,,,,,,,,,,
BASE,SIMULACION_CINCO_DIAS-ALTA-N03,SIMULACION_CINCO_DIAS,ALTA,3,14,116,RECOCIDO_SIMULADO,254,5634.8091,22345,25274.901667,274.901667,0,5,0,true,true,98.031496,98.192771,94660,14808,68.346774,306.738359,,,,,,,,,
BASE,SIMULACION_CINCO_DIAS-ALTA-N03,SIMULACION_CINCO_DIAS,ALTA,3,15,117,RECOCIDO_SIMULADO,254,5739.2339,22905,25268.663333,268.663333,0,5,0,true,true,98.031496,98.192771,98022,15074,68.346774,320.965118,,,,,,,,,
BASE,SIMULACION_CINCO_DIAS-ALTA-N03,SIMULACION_CINCO_DIAS,ALTA,3,15,117,GENETICO,254,26050.2242,45300,25251.635,251.635,0,5,0,true,true,98.031496,98.192771,94692,14328,68.346774,,,,,,,,,,
BASE,SIMULACION_CINCO_DIAS-ALTA-N03,SIMULACION_CINCO_DIAS,ALTA,3,16,118,GENETICO,254,25467.9516,45300,25252.106667,252.106667,0,5,0,true,true,98.031496,98.192771,93190,13910,68.346774,,,,,,,,,,
BASE,SIMULACION_CINCO_DIAS-ALTA-N03,SIMULACION_CINCO_DIAS,ALTA,3,16,118,RECOCIDO_SIMULADO,254,5578.4649,21945,25275.695,275.695,0,5,0,true,true,98.031496,98.192771,97318,15014,68.346774,301.642688,,,,,,,,,
BASE,SIMULACION_CINCO_DIAS-ALTA-N03,SIMULACION_CINCO_DIAS,ALTA,3,17,119,RECOCIDO_SIMULADO,254,5554.9838,22185,25276.785,276.785,0,5,0,true,true,98.031496,98.192771,99362,15562,68.346774,303.964316,,,,,,,,,
BASE,SIMULACION_CINCO_DIAS-ALTA-N03,SIMULACION_CINCO_DIAS,ALTA,3,17,119,GENETICO,254,25440.9016,45300,25251.765,251.765,0,5,0,true,true,98.031496,98.192771,93960,14220,68.346774,,,,,,,,,,
BASE,SIMULACION_CINCO_DIAS-ALTA-N03,SIMULACION_CINCO_DIAS,ALTA,3,18,120,GENETICO,254,23493.1066,45300,25251.335,251.335,0,5,0,true,true,98.031496,98.192771,94232,14216,68.346774,,,,,,,,,,
BASE,SIMULACION_CINCO_DIAS-ALTA-N03,SIMULACION_CINCO_DIAS,ALTA,3,18,120,RECOCIDO_SIMULADO,254,5925.8022,23545,25264.07,264.07,0,5,0,true,true,98.031496,98.192771,96166,14944,68.346774,483.800103,,,,,,,,,
BASE,SIMULACION_CINCO_DIAS-ALTA-N03,SIMULACION_CINCO_DIAS,ALTA,3,19,121,RECOCIDO_SIMULADO,254,5495.4159,21825,25273.901667,273.901667,0,5,0,true,true,98.031496,98.192771,99812,15462,68.346774,260.652005,,,,,,,,,
BASE,SIMULACION_CINCO_DIAS-ALTA-N03,SIMULACION_CINCO_DIAS,ALTA,3,19,121,GENETICO,254,23650.3246,45300,25252.101667,252.101667,0,5,0,true,true,98.031496,98.192771,99248,14544,68.346774,,,,,,,,,,
BASE,SIMULACION_CINCO_DIAS-ALTA-N03,SIMULACION_CINCO_DIAS,ALTA,3,20,122,GENETICO,254,23426.7955,45300,25251.635,251.635,0,5,0,true,true,98.031496,98.192771,94958,13812,68.346774,,,,,,,,,,
BASE,SIMULACION_CINCO_DIAS-ALTA-N03,SIMULACION_CINCO_DIAS,ALTA,3,20,122,RECOCIDO_SIMULADO,254,5575.3646,22145,25272.825,272.825,0,5,0,true,true,98.031496,98.192771,95832,14868,68.346774,267.842016,,,,,,,,,
BASE,SIMULACION_CINCO_DIAS-ALTA-N03,SIMULACION_CINCO_DIAS,ALTA,3,21,123,RECOCIDO_SIMULADO,254,5288.8739,21145,25276.215,276.215,0,5,0,true,true,98.031496,98.192771,95986,14848,68.346774,221.898269,,,,,,,,,
BASE,SIMULACION_CINCO_DIAS-ALTA-N03,SIMULACION_CINCO_DIAS,ALTA,3,21,123,GENETICO,254,26019.5653,45300,25251.761667,251.761667,0,5,0,true,true,98.031496,98.192771,97430,14674,68.346774,,,,,,,,,,
BASE,SIMULACION_CINCO_DIAS-ALTA-N03,SIMULACION_CINCO_DIAS,ALTA,3,22,124,GENETICO,254,23661.2563,45300,25251.735,251.735,0,5,0,true,true,98.031496,98.192771,95388,14138,68.346774,,,,,,,,,,
BASE,SIMULACION_CINCO_DIAS-ALTA-N03,SIMULACION_CINCO_DIAS,ALTA,3,22,124,RECOCIDO_SIMULADO,254,5273.7467,21025,25277.573333,277.573333,0,5,0,true,true,98.031496,98.192771,99702,15492,68.346774,227.872125,,,,,,,,,
BASE,SIMULACION_CINCO_DIAS-ALTA-N03,SIMULACION_CINCO_DIAS,ALTA,3,23,125,RECOCIDO_SIMULADO,254,5639.9162,22505,25277.701667,277.701667,0,5,0,true,true,98.031496,98.192771,98996,14614,68.346774,321.931186,,,,,,,,,
BASE,SIMULACION_CINCO_DIAS-ALTA-N03,SIMULACION_CINCO_DIAS,ALTA,3,23,125,GENETICO,254,23585.3431,45300,25251.395,251.395,0,5,0,true,true,98.031496,98.192771,95536,14034,68.346774,,,,,,,,,,
BASE,SIMULACION_CINCO_DIAS-ALTA-N03,SIMULACION_CINCO_DIAS,ALTA,3,24,126,GENETICO,254,23260.8565,45300,25251.701667,251.701667,0,5,0,true,true,98.031496,98.192771,92742,13930,68.346774,,,,,,,,,,
BASE,SIMULACION_CINCO_DIAS-ALTA-N03,SIMULACION_CINCO_DIAS,ALTA,3,24,126,RECOCIDO_SIMULADO,254,5768.5861,23025,25274.05,274.05,0,5,0,true,true,98.031496,98.192771,97320,14770,68.346774,321.174092,,,,,,,,,
BASE,SIMULACION_CINCO_DIAS-ALTA-N03,SIMULACION_CINCO_DIAS,ALTA,3,25,127,RECOCIDO_SIMULADO,254,5265.5146,20945,25273.931667,273.931667,0,5,0,true,true,98.031496,98.192771,96356,14848,68.346774,201.192383,,,,,,,,,
BASE,SIMULACION_CINCO_DIAS-ALTA-N03,SIMULACION_CINCO_DIAS,ALTA,3,25,127,GENETICO,254,25692.5924,45300,25251.395,251.395,0,5,0,true,true,98.031496,98.192771,95916,14190,68.346774,,,,,,,,,,
BASE,SIMULACION_CINCO_DIAS-ALTA-N03,SIMULACION_CINCO_DIAS,ALTA,3,26,128,GENETICO,254,25741.6441,45300,25251.635,251.635,0,5,0,true,true,98.031496,98.192771,93680,14076,68.346774,,,,,,,,,,
BASE,SIMULACION_CINCO_DIAS-ALTA-N03,SIMULACION_CINCO_DIAS,ALTA,3,26,128,RECOCIDO_SIMULADO,254,5229.5461,20905,25269.878333,269.878333,0,5,0,true,true,98.031496,98.192771,98304,15214,68.346774,203.898084,,,,,,,,,
BASE,SIMULACION_CINCO_DIAS-ALTA-N03,SIMULACION_CINCO_DIAS,ALTA,3,27,129,RECOCIDO_SIMULADO,254,5312.8538,21145,25268.281667,268.281667,0,5,0,true,true,98.031496,98.192771,96338,14778,68.346774,207.141715,,,,,,,,,
BASE,SIMULACION_CINCO_DIAS-ALTA-N03,SIMULACION_CINCO_DIAS,ALTA,3,27,129,GENETICO,254,22401.9809,45300,25251.635,251.635,0,5,0,true,true,98.031496,98.192771,91662,13620,68.346774,,,,,,,,,,
BASE,SIMULACION_CINCO_DIAS-ALTA-N03,SIMULACION_CINCO_DIAS,ALTA,3,28,130,GENETICO,254,23475.925,45300,25251.701667,251.701667,0,5,0,true,true,98.031496,98.192771,99016,14560,68.346774,,,,,,,,,,
BASE,SIMULACION_CINCO_DIAS-ALTA-N03,SIMULACION_CINCO_DIAS,ALTA,3,28,130,RECOCIDO_SIMULADO,254,5614.7527,22345,25266.543333,266.543333,0,5,0,true,true,98.031496,98.192771,99366,15556,68.346774,308.522867,,,,,,,,,
BASE,SIMULACION_CINCO_DIAS-ALTA-N03,SIMULACION_CINCO_DIAS,ALTA,3,29,131,RECOCIDO_SIMULADO,254,5816.4954,23185,25270.496667,270.496667,0,5,0,true,true,98.031496,98.192771,97634,15142,68.346774,375.809809,,,,,,,,,
BASE,SIMULACION_CINCO_DIAS-ALTA-N03,SIMULACION_CINCO_DIAS,ALTA,3,29,131,GENETICO,254,25022.6086,45300,25251.635,251.635,0,5,0,true,true,98.031496,98.192771,95608,13960,68.346774,,,,,,,,,,
BASE,SIMULACION_CINCO_DIAS-CRITICA-N01,SIMULACION_CINCO_DIAS,CRITICA,1,0,42,GENETICO,267,34986.1074,45300,55260.333333,260.333333,0,11,0,true,true,95.88015,95.833333,100330,15264,66.633065,,,,,,,,,,
BASE,SIMULACION_CINCO_DIAS-CRITICA-N01,SIMULACION_CINCO_DIAS,CRITICA,1,0,42,RECOCIDO_SIMULADO,267,6004.1033,19585,55284.533333,284.533333,0,11,0,true,true,95.88015,95.833333,99420,15362,66.633065,215.443149,,,,,,,,,
BASE,SIMULACION_CINCO_DIAS-CRITICA-N01,SIMULACION_CINCO_DIAS,CRITICA,1,1,43,RECOCIDO_SIMULADO,267,5887.0526,18985,55288.6,288.6,0,11,0,true,true,95.88015,95.833333,104058,16234,66.633065,142.082129,,,,,,,,,
BASE,SIMULACION_CINCO_DIAS-CRITICA-N01,SIMULACION_CINCO_DIAS,CRITICA,1,1,43,GENETICO,267,32545.542,45300,55261.991667,261.991667,0,11,0,true,true,95.88015,95.833333,99666,14682,66.633065,,,,,,,,,,
BASE,SIMULACION_CINCO_DIAS-CRITICA-N01,SIMULACION_CINCO_DIAS,CRITICA,1,2,44,GENETICO,267,35317.2072,45300,55262.4,262.4,0,11,0,true,true,95.88015,95.833333,95174,14578,66.633065,,,,,,,,,,
BASE,SIMULACION_CINCO_DIAS-CRITICA-N01,SIMULACION_CINCO_DIAS,CRITICA,1,2,44,RECOCIDO_SIMULADO,267,5992.3147,19225,55302.06,302.06,0,11,0,true,true,95.88015,95.833333,102092,15498,66.633065,132.613916,,,,,,,,,
BASE,SIMULACION_CINCO_DIAS-CRITICA-N01,SIMULACION_CINCO_DIAS,CRITICA,1,3,45,RECOCIDO_SIMULADO,267,5831.8492,18905,55296.121667,296.121667,0,11,0,true,true,95.88015,95.833333,102416,15464,66.633065,180.052765,,,,,,,,,
BASE,SIMULACION_CINCO_DIAS-CRITICA-N01,SIMULACION_CINCO_DIAS,CRITICA,1,3,45,GENETICO,267,32554.1423,45300,55261.391667,261.391667,0,11,0,true,true,95.88015,95.833333,97920,14570,66.633065,,,,,,,,,,
BASE,SIMULACION_CINCO_DIAS-CRITICA-N01,SIMULACION_CINCO_DIAS,CRITICA,1,4,46,GENETICO,267,34624.223,45300,55260.216667,260.216667,0,11,0,true,true,95.88015,95.833333,96836,14520,66.633065,,,,,,,,,,
BASE,SIMULACION_CINCO_DIAS-CRITICA-N01,SIMULACION_CINCO_DIAS,CRITICA,1,4,46,RECOCIDO_SIMULADO,267,6530.441,21185,55299.143333,299.143333,0,11,0,true,true,95.88015,95.833333,98526,15396,66.633065,245.592579,,,,,,,,,
BASE,SIMULACION_CINCO_DIAS-CRITICA-N01,SIMULACION_CINCO_DIAS,CRITICA,1,5,47,RECOCIDO_SIMULADO,267,6027.6376,19425,55285.248333,285.248333,0,11,0,true,true,95.88015,95.833333,101564,15794,66.633065,134.840219,,,,,,,,,
BASE,SIMULACION_CINCO_DIAS-CRITICA-N01,SIMULACION_CINCO_DIAS,CRITICA,1,5,47,GENETICO,267,35633.7184,45300,55260.658333,260.658333,0,11,0,true,true,95.88015,95.833333,98986,14622,66.633065,,,,,,,,,,
BASE,SIMULACION_CINCO_DIAS-CRITICA-N01,SIMULACION_CINCO_DIAS,CRITICA,1,6,48,GENETICO,267,33838.6879,45300,55260.108333,260.108333,0,11,0,true,true,95.88015,95.833333,93428,14136,66.633065,,,,,,,,,,
BASE,SIMULACION_CINCO_DIAS-CRITICA-N01,SIMULACION_CINCO_DIAS,CRITICA,1,6,48,RECOCIDO_SIMULADO,267,5867.4253,18905,55289.883333,289.883333,0,11,0,true,true,95.88015,95.833333,98566,14914,66.633065,142.564359,,,,,,,,,
BASE,SIMULACION_CINCO_DIAS-CRITICA-N01,SIMULACION_CINCO_DIAS,CRITICA,1,7,49,RECOCIDO_SIMULADO,267,6283.5609,20185,55291.081667,291.081667,0,11,0,true,true,95.88015,95.833333,97260,15246,66.633065,175.384251,,,,,,,,,
BASE,SIMULACION_CINCO_DIAS-CRITICA-N01,SIMULACION_CINCO_DIAS,CRITICA,1,7,49,GENETICO,267,34294.4627,45300,55259.958333,259.958333,0,11,0,true,true,95.88015,95.833333,95916,14282,66.633065,,,,,,,,,,
BASE,SIMULACION_CINCO_DIAS-CRITICA-N01,SIMULACION_CINCO_DIAS,CRITICA,1,8,50,GENETICO,267,35715.9158,45300,55259.883333,259.883333,0,11,0,true,true,95.88015,95.833333,98774,15140,66.633065,,,,,,,,,,
BASE,SIMULACION_CINCO_DIAS-CRITICA-N01,SIMULACION_CINCO_DIAS,CRITICA,1,8,50,RECOCIDO_SIMULADO,267,6761.6764,21745,55295.26,295.26,0,11,0,true,true,95.88015,95.833333,101776,15738,66.633065,260.607964,,,,,,,,,
BASE,SIMULACION_CINCO_DIAS-CRITICA-N01,SIMULACION_CINCO_DIAS,CRITICA,1,9,51,RECOCIDO_SIMULADO,267,6115.1751,19705,55292.638333,292.638333,0,11,0,true,true,95.88015,95.833333,99472,15662,66.633065,216.444184,,,,,,,,,
BASE,SIMULACION_CINCO_DIAS-CRITICA-N01,SIMULACION_CINCO_DIAS,CRITICA,1,9,51,GENETICO,267,33004.8542,45300,55261.463333,261.463333,0,11,0,true,true,95.88015,95.833333,97392,14318,66.633065,,,,,,,,,,
BASE,SIMULACION_CINCO_DIAS-CRITICA-N01,SIMULACION_CINCO_DIAS,CRITICA,1,10,52,GENETICO,267,35012.1373,45300,55263.275,263.275,0,11,0,true,true,95.88015,95.833333,95890,14802,66.633065,,,,,,,,,,
BASE,SIMULACION_CINCO_DIAS-CRITICA-N01,SIMULACION_CINCO_DIAS,CRITICA,1,10,52,RECOCIDO_SIMULADO,267,6237.8525,20025,55344.476667,287.81,0.566667,11,0,true,true,95.505618,95.238095,103490,15892,66.633065,187.030441,,,,,,,,,
BASE,SIMULACION_CINCO_DIAS-CRITICA-N01,SIMULACION_CINCO_DIAS,CRITICA,1,11,53,RECOCIDO_SIMULADO,267,6513.7292,20265,55288.411667,288.411667,0,11,0,true,true,95.88015,95.833333,98456,14922,66.633065,217.556135,,,,,,,,,
BASE,SIMULACION_CINCO_DIAS-CRITICA-N01,SIMULACION_CINCO_DIAS,CRITICA,1,11,53,GENETICO,267,34712.0498,45300,55262.583333,262.583333,0,11,0,true,true,95.88015,95.833333,97018,14782,66.633065,,,,,,,,,,
BASE,SIMULACION_CINCO_DIAS-CRITICA-N01,SIMULACION_CINCO_DIAS,CRITICA,1,12,54,GENETICO,267,37365.5548,45300,55259.583333,259.583333,0,11,0,true,true,95.88015,95.833333,98140,14524,66.633065,,,,,,,,,,
BASE,SIMULACION_CINCO_DIAS-CRITICA-N01,SIMULACION_CINCO_DIAS,CRITICA,1,12,54,RECOCIDO_SIMULADO,267,5759.0612,18705,55290.293333,290.293333,0,11,0,true,true,95.88015,95.833333,100574,15688,66.633065,182.850062,,,,,,,,,
BASE,SIMULACION_CINCO_DIAS-CRITICA-N01,SIMULACION_CINCO_DIAS,CRITICA,1,13,55,RECOCIDO_SIMULADO,267,6691.4187,21265,55288.11,288.11,0,11,0,true,true,95.88015,95.833333,100672,15518,66.633065,307.981772,,,,,,,,,
BASE,SIMULACION_CINCO_DIAS-CRITICA-N01,SIMULACION_CINCO_DIAS,CRITICA,1,13,55,GENETICO,267,34686.7832,45300,55260.533333,260.533333,0,11,0,true,true,95.88015,95.833333,99190,14848,66.633065,,,,,,,,,,
BASE,SIMULACION_CINCO_DIAS-CRITICA-N01,SIMULACION_CINCO_DIAS,CRITICA,1,14,56,GENETICO,267,33418.6691,45300,55265.625,265.625,0,11,0,true,true,95.88015,95.833333,97420,14608,66.633065,,,,,,,,,,
BASE,SIMULACION_CINCO_DIAS-CRITICA-N01,SIMULACION_CINCO_DIAS,CRITICA,1,14,56,RECOCIDO_SIMULADO,267,6174.2622,19705,55293.95,293.95,0,11,0,true,true,95.88015,95.833333,98388,15224,66.633065,156.934435,,,,,,,,,
BASE,SIMULACION_CINCO_DIAS-CRITICA-N01,SIMULACION_CINCO_DIAS,CRITICA,1,15,57,RECOCIDO_SIMULADO,267,5831.7825,18505,55292.518333,292.518333,0,11,0,true,true,95.88015,95.833333,99310,15430,66.633065,120.177144,,,,,,,,,
BASE,SIMULACION_CINCO_DIAS-CRITICA-N01,SIMULACION_CINCO_DIAS,CRITICA,1,15,57,GENETICO,267,34334.1752,45300,55259.183333,259.183333,0,11,0,true,true,95.88015,95.833333,95882,14210,66.633065,,,,,,,,,,
BASE,SIMULACION_CINCO_DIAS-CRITICA-N01,SIMULACION_CINCO_DIAS,CRITICA,1,16,58,GENETICO,267,34074.5834,45300,55259.208333,259.208333,0,11,0,true,true,95.88015,95.833333,93082,14270,66.633065,,,,,,,,,,
BASE,SIMULACION_CINCO_DIAS-CRITICA-N01,SIMULACION_CINCO_DIAS,CRITICA,1,16,58,RECOCIDO_SIMULADO,267,5974.3742,19025,55278.82,278.82,0,11,0,true,true,95.88015,95.833333,97760,15026,66.633065,164.048897,,,,,,,,,
BASE,SIMULACION_CINCO_DIAS-CRITICA-N01,SIMULACION_CINCO_DIAS,CRITICA,1,17,59,RECOCIDO_SIMULADO,267,6335.6283,20505,55284.463333,284.463333,0,11,0,true,true,95.88015,95.833333,96572,15086,66.633065,199.025333,,,,,,,,,
BASE,SIMULACION_CINCO_DIAS-CRITICA-N01,SIMULACION_CINCO_DIAS,CRITICA,1,17,59,GENETICO,267,34451.5592,45300,55260.375,260.375,0,11,0,true,true,95.88015,95.833333,98866,14684,66.633065,,,,,,,,,,
BASE,SIMULACION_CINCO_DIAS-CRITICA-N01,SIMULACION_CINCO_DIAS,CRITICA,1,18,60,GENETICO,267,32811.5401,45300,55261.625,261.625,0,11,0,true,true,95.88015,95.833333,97092,14686,66.633065,,,,,,,,,,
BASE,SIMULACION_CINCO_DIAS-CRITICA-N01,SIMULACION_CINCO_DIAS,CRITICA,1,18,60,RECOCIDO_SIMULADO,267,6306.1587,20265,55294.991667,294.991667,0,11,0,true,true,95.88015,95.833333,100616,15280,66.633065,158.97931,,,,,,,,,
BASE,SIMULACION_CINCO_DIAS-CRITICA-N01,SIMULACION_CINCO_DIAS,CRITICA,1,19,61,RECOCIDO_SIMULADO,267,6105.3067,19585,55292.65,292.65,0,11,0,true,true,95.88015,95.833333,102258,15702,66.633065,137.890168,,,,,,,,,
BASE,SIMULACION_CINCO_DIAS-CRITICA-N01,SIMULACION_CINCO_DIAS,CRITICA,1,19,61,GENETICO,267,33815.2469,45300,55259.633333,259.633333,0,11,0,true,true,95.88015,95.833333,97864,14846,66.633065,,,,,,,,,,
BASE,SIMULACION_CINCO_DIAS-CRITICA-N01,SIMULACION_CINCO_DIAS,CRITICA,1,20,62,GENETICO,267,34720.0266,45300,55259.883333,259.883333,0,11,0,true,true,95.88015,95.833333,98882,14860,66.633065,,,,,,,,,,
BASE,SIMULACION_CINCO_DIAS-CRITICA-N01,SIMULACION_CINCO_DIAS,CRITICA,1,20,62,RECOCIDO_SIMULADO,267,6246.479,20265,55281.29,281.29,0,11,0,true,true,95.88015,95.833333,97142,14984,66.633065,204.627795,,,,,,,,,
BASE,SIMULACION_CINCO_DIAS-CRITICA-N01,SIMULACION_CINCO_DIAS,CRITICA,1,21,63,RECOCIDO_SIMULADO,267,6235.0963,20305,55290.313333,290.313333,0,11,0,true,true,95.88015,95.833333,98856,15284,66.633065,231.988539,,,,,,,,,
BASE,SIMULACION_CINCO_DIAS-CRITICA-N01,SIMULACION_CINCO_DIAS,CRITICA,1,21,63,GENETICO,267,32838.9328,45300,55260.358333,260.358333,0,11,0,true,true,95.88015,95.833333,95986,14518,66.633065,,,,,,,,,,
BASE,SIMULACION_CINCO_DIAS-CRITICA-N01,SIMULACION_CINCO_DIAS,CRITICA,1,22,64,GENETICO,267,37498.272,45300,55262.441667,262.441667,0,11,0,true,true,95.88015,95.833333,96082,14794,66.633065,,,,,,,,,,
BASE,SIMULACION_CINCO_DIAS-CRITICA-N01,SIMULACION_CINCO_DIAS,CRITICA,1,22,64,RECOCIDO_SIMULADO,267,5973.1612,19305,55293.301667,293.301667,0,11,0,true,true,95.88015,95.833333,98672,15204,66.633065,176.825436,,,,,,,,,
BASE,SIMULACION_CINCO_DIAS-CRITICA-N01,SIMULACION_CINCO_DIAS,CRITICA,1,23,65,RECOCIDO_SIMULADO,267,5783.3981,18705,55302.051667,302.051667,0,11,0,true,true,95.88015,95.833333,98560,15184,66.633065,126.570108,,,,,,,,,
BASE,SIMULACION_CINCO_DIAS-CRITICA-N01,SIMULACION_CINCO_DIAS,CRITICA,1,23,65,GENETICO,267,34522.6374,45300,55259.303333,259.303333,0,11,0,true,true,95.88015,95.833333,97352,14828,66.633065,,,,,,,,,,
BASE,SIMULACION_CINCO_DIAS-CRITICA-N01,SIMULACION_CINCO_DIAS,CRITICA,1,24,66,GENETICO,267,34282.805,45300,55260.108333,260.108333,0,11,0,true,true,95.88015,95.833333,95572,14646,66.633065,,,,,,,,,,
BASE,SIMULACION_CINCO_DIAS-CRITICA-N01,SIMULACION_CINCO_DIAS,CRITICA,1,24,66,RECOCIDO_SIMULADO,267,5547.3908,18065,55291.96,291.96,0,11,0,true,true,95.88015,95.833333,101100,15672,66.633065,122.812952,,,,,,,,,
BASE,SIMULACION_CINCO_DIAS-CRITICA-N01,SIMULACION_CINCO_DIAS,CRITICA,1,25,67,RECOCIDO_SIMULADO,267,6692.3671,21425,55286.153333,286.153333,0,11,0,true,true,95.88015,95.833333,98012,14994,66.633065,257.155817,,,,,,,,,
BASE,SIMULACION_CINCO_DIAS-CRITICA-N01,SIMULACION_CINCO_DIAS,CRITICA,1,25,67,GENETICO,267,33876.7493,45300,55259.883333,259.883333,0,11,0,true,true,95.88015,95.833333,93528,14338,66.633065,,,,,,,,,,
BASE,SIMULACION_CINCO_DIAS-CRITICA-N01,SIMULACION_CINCO_DIAS,CRITICA,1,26,68,GENETICO,267,36114.1901,45300,55262.5,262.5,0,11,0,true,true,95.88015,95.833333,96986,15096,66.633065,,,,,,,,,,
BASE,SIMULACION_CINCO_DIAS-CRITICA-N01,SIMULACION_CINCO_DIAS,CRITICA,1,26,68,RECOCIDO_SIMULADO,267,6657.3971,21505,55289.08,289.08,0,11,0,true,true,95.88015,95.833333,102886,15764,66.633065,238.646845,,,,,,,,,
BASE,SIMULACION_CINCO_DIAS-CRITICA-N01,SIMULACION_CINCO_DIAS,CRITICA,1,27,69,RECOCIDO_SIMULADO,267,6025.7855,19345,55346.026667,346.026667,0,11,0,true,true,95.88015,95.833333,100946,15188,66.633065,231.636215,,,,,,,,,
BASE,SIMULACION_CINCO_DIAS-CRITICA-N01,SIMULACION_CINCO_DIAS,CRITICA,1,27,69,GENETICO,267,31524.2702,45300,55259.538333,259.538333,0,11,0,true,true,95.88015,95.833333,96258,14370,66.633065,,,,,,,,,,
BASE,SIMULACION_CINCO_DIAS-CRITICA-N01,SIMULACION_CINCO_DIAS,CRITICA,1,28,70,GENETICO,267,32726.5185,45300,55259.658333,259.658333,0,11,0,true,true,95.88015,95.833333,96800,14650,66.633065,,,,,,,,,,
BASE,SIMULACION_CINCO_DIAS-CRITICA-N01,SIMULACION_CINCO_DIAS,CRITICA,1,28,70,RECOCIDO_SIMULADO,267,6026.9984,19345,55288.66,288.66,0,11,0,true,true,95.88015,95.833333,103188,16054,66.633065,160.194736,,,,,,,,,
BASE,SIMULACION_CINCO_DIAS-CRITICA-N01,SIMULACION_CINCO_DIAS,CRITICA,1,29,71,RECOCIDO_SIMULADO,267,5958.898,18985,55302.686667,302.686667,0,11,0,true,true,95.88015,95.833333,98168,14778,66.633065,125.606246,,,,,,,,,
BASE,SIMULACION_CINCO_DIAS-CRITICA-N01,SIMULACION_CINCO_DIAS,CRITICA,1,29,71,GENETICO,267,32534.6001,45300,55262.5,262.5,0,11,0,true,true,95.88015,95.833333,96350,14482,66.633065,,,,,,,,,,
BASE,SIMULACION_CINCO_DIAS-CRITICA-N02,SIMULACION_CINCO_DIAS,CRITICA,2,0,72,GENETICO,262,28250.287,45300,55257.956667,257.956667,0,11,0,true,true,95.801527,93.373494,97398,14224,66.985887,,,,,,,,,,
BASE,SIMULACION_CINCO_DIAS-CRITICA-N02,SIMULACION_CINCO_DIAS,CRITICA,2,0,72,RECOCIDO_SIMULADO,262,6351.2771,19785,55274.835,274.835,0,11,0,true,true,95.801527,93.373494,96562,14410,66.985887,166.761098,,,,,,,,,
BASE,SIMULACION_CINCO_DIAS-CRITICA-N02,SIMULACION_CINCO_DIAS,CRITICA,2,1,73,RECOCIDO_SIMULADO,262,6484.2333,19865,55289.041667,289.041667,0,11,0,true,true,95.801527,93.373494,98546,14340,66.985887,211.961256,,,,,,,,,
BASE,SIMULACION_CINCO_DIAS-CRITICA-N02,SIMULACION_CINCO_DIAS,CRITICA,2,1,73,GENETICO,262,28458.9739,45300,55256.226667,256.226667,0,11,0,true,true,95.801527,93.373494,96780,14016,66.985887,,,,,,,,,,
BASE,SIMULACION_CINCO_DIAS-CRITICA-N02,SIMULACION_CINCO_DIAS,CRITICA,2,2,74,GENETICO,262,26274.5739,45300,55256.866667,256.866667,0,11,0,true,true,95.801527,93.373494,96774,14044,66.985887,,,,,,,,,,
BASE,SIMULACION_CINCO_DIAS-CRITICA-N02,SIMULACION_CINCO_DIAS,CRITICA,2,2,74,RECOCIDO_SIMULADO,262,6625.6899,21105,55280.538333,280.538333,0,11,0,true,true,95.801527,93.373494,99818,14806,66.985887,233.665365,,,,,,,,,
BASE,SIMULACION_CINCO_DIAS-CRITICA-N02,SIMULACION_CINCO_DIAS,CRITICA,2,3,75,RECOCIDO_SIMULADO,262,6818.1954,21705,55276.078333,276.078333,0,11,0,true,true,95.801527,93.373494,97826,14388,66.985887,240.857428,,,,,,,,,
BASE,SIMULACION_CINCO_DIAS-CRITICA-N02,SIMULACION_CINCO_DIAS,CRITICA,2,3,75,GENETICO,262,28783.6213,45300,55256.026667,256.026667,0,11,0,true,true,95.801527,93.373494,94210,13740,66.985887,,,,,,,,,,
BASE,SIMULACION_CINCO_DIAS-CRITICA-N02,SIMULACION_CINCO_DIAS,CRITICA,2,4,76,GENETICO,262,25125.7512,45300,55256.326667,256.326667,0,11,0,true,true,95.801527,93.373494,96640,13864,66.985887,,,,,,,,,,
BASE,SIMULACION_CINCO_DIAS-CRITICA-N02,SIMULACION_CINCO_DIAS,CRITICA,2,4,76,RECOCIDO_SIMULADO,262,6141.2821,19225,55281.205,281.205,0,11,0,true,true,95.801527,93.373494,100642,14610,66.985887,134.080069,,,,,,,,,
BASE,SIMULACION_CINCO_DIAS-CRITICA-N02,SIMULACION_CINCO_DIAS,CRITICA,2,5,77,RECOCIDO_SIMULADO,262,6997.5666,21345,55285.318333,285.318333,0,11,0,true,true,95.801527,93.373494,100672,14572,66.985887,220.993921,,,,,,,,,
BASE,SIMULACION_CINCO_DIAS-CRITICA-N02,SIMULACION_CINCO_DIAS,CRITICA,2,5,77,GENETICO,262,27472.252,45300,55256.226667,256.226667,0,11,0,true,true,95.801527,93.373494,94978,14050,66.985887,,,,,,,,,,
BASE,SIMULACION_CINCO_DIAS-CRITICA-N02,SIMULACION_CINCO_DIAS,CRITICA,2,6,78,GENETICO,262,26521.6979,45300,55255.476667,255.476667,0,11,0,true,true,95.801527,93.373494,97130,13982,66.985887,,,,,,,,,,
BASE,SIMULACION_CINCO_DIAS-CRITICA-N02,SIMULACION_CINCO_DIAS,CRITICA,2,6,78,RECOCIDO_SIMULADO,262,6947.2871,21665,55279.333333,279.333333,0,11,0,true,true,95.801527,93.373494,96056,14278,66.985887,262.34044,,,,,,,,,
BASE,SIMULACION_CINCO_DIAS-CRITICA-N02,SIMULACION_CINCO_DIAS,CRITICA,2,7,79,RECOCIDO_SIMULADO,262,6789.4395,21385,55274.585,274.585,0,11,0,true,true,95.801527,93.373494,96210,14310,66.985887,284.761144,,,,,,,,,
BASE,SIMULACION_CINCO_DIAS-CRITICA-N02,SIMULACION_CINCO_DIAS,CRITICA,2,7,79,GENETICO,262,30545.1763,45300,55256.885,256.885,0,11,0,true,true,95.801527,93.373494,100364,14496,66.985887,,,,,,,,,,
BASE,SIMULACION_CINCO_DIAS-CRITICA-N02,SIMULACION_CINCO_DIAS,CRITICA,2,8,80,GENETICO,262,25375.0761,45300,55255.831667,255.831667,0,11,0,true,true,95.801527,93.373494,94418,13908,66.985887,,,,,,,,,,
BASE,SIMULACION_CINCO_DIAS-CRITICA-N02,SIMULACION_CINCO_DIAS,CRITICA,2,8,80,RECOCIDO_SIMULADO,262,6696.4179,21345,55287.015,287.015,0,11,0,true,true,95.801527,93.373494,99356,14190,66.985887,229.482789,,,,,,,,,
BASE,SIMULACION_CINCO_DIAS-CRITICA-N02,SIMULACION_CINCO_DIAS,CRITICA,2,9,81,RECOCIDO_SIMULADO,262,7244.0183,23065,55286.88,286.88,0,11,0,true,true,95.801527,93.373494,98896,14650,66.985887,394.833868,,,,,,,,,
BASE,SIMULACION_CINCO_DIAS-CRITICA-N02,SIMULACION_CINCO_DIAS,CRITICA,2,9,81,GENETICO,262,25888.8421,45300,55258.05,258.05,0,11,0,true,true,95.801527,93.373494,99156,14430,66.985887,,,,,,,,,,
BASE,SIMULACION_CINCO_DIAS-CRITICA-N02,SIMULACION_CINCO_DIAS,CRITICA,2,10,82,GENETICO,262,31076.2133,45300,55257.485,257.485,0,11,0,true,true,95.801527,93.373494,99868,14464,66.985887,,,,,,,,,,
BASE,SIMULACION_CINCO_DIAS-CRITICA-N02,SIMULACION_CINCO_DIAS,CRITICA,2,10,82,RECOCIDO_SIMULADO,262,6942.6028,21905,55274.241667,274.241667,0,11,0,true,true,95.801527,93.373494,95744,14262,66.985887,293.064967,,,,,,,,,
BASE,SIMULACION_CINCO_DIAS-CRITICA-N02,SIMULACION_CINCO_DIAS,CRITICA,2,11,83,RECOCIDO_SIMULADO,262,6612.8586,20985,55287,287,0,11,0,true,true,95.801527,93.373494,98580,14716,66.985887,241.996857,,,,,,,,,
BASE,SIMULACION_CINCO_DIAS-CRITICA-N02,SIMULACION_CINCO_DIAS,CRITICA,2,11,83,GENETICO,262,27898.6386,45300,55256.226667,256.226667,0,11,0,true,true,95.801527,93.373494,99150,14548,66.985887,,,,,,,,,,
BASE,SIMULACION_CINCO_DIAS-CRITICA-N02,SIMULACION_CINCO_DIAS,CRITICA,2,12,84,GENETICO,262,29772.1941,45300,55256.326667,256.326667,0,11,0,true,true,95.801527,93.373494,96448,13924,66.985887,,,,,,,,,,
BASE,SIMULACION_CINCO_DIAS-CRITICA-N02,SIMULACION_CINCO_DIAS,CRITICA,2,12,84,RECOCIDO_SIMULADO,262,6939.2989,22185,55285.56,285.56,0,11,0,true,true,95.801527,93.373494,95232,14026,66.985887,323.245787,,,,,,,,,
BASE,SIMULACION_CINCO_DIAS-CRITICA-N02,SIMULACION_CINCO_DIAS,CRITICA,2,13,85,RECOCIDO_SIMULADO,262,7246.3898,22825,55272.066667,272.066667,0,11,0,true,true,95.801527,93.373494,98656,14954,66.985887,319.090216,,,,,,,,,
BASE,SIMULACION_CINCO_DIAS-CRITICA-N02,SIMULACION_CINCO_DIAS,CRITICA,2,13,85,GENETICO,262,29652.128,45300,55256.468333,256.468333,0,11,0,true,true,95.801527,93.373494,95580,14026,66.985887,,,,,,,,,,
BASE,SIMULACION_CINCO_DIAS-CRITICA-N02,SIMULACION_CINCO_DIAS,CRITICA,2,14,86,GENETICO,262,25395.3068,45300,55256.468333,256.468333,0,11,0,true,true,95.801527,93.373494,96188,13794,66.985887,,,,,,,,,,
BASE,SIMULACION_CINCO_DIAS-CRITICA-N02,SIMULACION_CINCO_DIAS,CRITICA,2,14,86,RECOCIDO_SIMULADO,262,6437.3912,21025,55282.15,282.15,0,11,0,true,true,95.801527,93.373494,96408,13958,66.985887,215.366649,,,,,,,,,
BASE,SIMULACION_CINCO_DIAS-CRITICA-N02,SIMULACION_CINCO_DIAS,CRITICA,2,15,87,RECOCIDO_SIMULADO,262,6909.183,21425,55280.815,280.815,0,11,0,true,true,95.801527,93.373494,98534,14294,66.985887,237.117658,,,,,,,,,
BASE,SIMULACION_CINCO_DIAS-CRITICA-N02,SIMULACION_CINCO_DIAS,CRITICA,2,15,87,GENETICO,262,28879.9159,45300,55255.476667,255.476667,0,11,0,true,true,95.801527,93.373494,98980,14194,66.985887,,,,,,,,,,
BASE,SIMULACION_CINCO_DIAS-CRITICA-N02,SIMULACION_CINCO_DIAS,CRITICA,2,16,88,GENETICO,262,28612.4404,45300,55256.568333,256.568333,0,11,0,true,true,95.801527,93.373494,96294,14126,66.985887,,,,,,,,,,
BASE,SIMULACION_CINCO_DIAS-CRITICA-N02,SIMULACION_CINCO_DIAS,CRITICA,2,16,88,RECOCIDO_SIMULADO,262,6730.2738,21345,55283.253333,283.253333,0,11,0,true,true,95.801527,93.373494,96870,14026,66.985887,254.008833,,,,,,,,,
BASE,SIMULACION_CINCO_DIAS-CRITICA-N02,SIMULACION_CINCO_DIAS,CRITICA,2,17,89,RECOCIDO_SIMULADO,262,6677.612,20705,55285.651667,285.651667,0,11,0,true,true,95.801527,93.373494,102002,14364,66.985887,220.646932,,,,,,,,,
BASE,SIMULACION_CINCO_DIAS-CRITICA-N02,SIMULACION_CINCO_DIAS,CRITICA,2,17,89,GENETICO,262,29714.0846,45300,55256.341667,256.341667,0,11,0,true,true,95.801527,93.373494,92846,13702,66.985887,,,,,,,,,,
BASE,SIMULACION_CINCO_DIAS-CRITICA-N02,SIMULACION_CINCO_DIAS,CRITICA,2,18,90,GENETICO,262,26971.3561,45300,55256.226667,256.226667,0,11,0,true,true,95.801527,93.373494,97552,14174,66.985887,,,,,,,,,,
BASE,SIMULACION_CINCO_DIAS-CRITICA-N02,SIMULACION_CINCO_DIAS,CRITICA,2,18,90,RECOCIDO_SIMULADO,262,6985.4178,22145,55279.771667,279.771667,0,11,0,true,true,95.801527,93.373494,98934,14764,66.985887,325.128753,,,,,,,,,
BASE,SIMULACION_CINCO_DIAS-CRITICA-N02,SIMULACION_CINCO_DIAS,CRITICA,2,19,91,RECOCIDO_SIMULADO,262,6901.0165,21825,55276.561667,276.561667,0,11,0,true,true,95.801527,93.373494,97892,14686,66.985887,262.754173,,,,,,,,,
BASE,SIMULACION_CINCO_DIAS-CRITICA-N02,SIMULACION_CINCO_DIAS,CRITICA,2,19,91,GENETICO,262,28156.0858,45300,55255.675,255.675,0,11,0,true,true,95.801527,93.373494,95622,13852,66.985887,,,,,,,,,,
BASE,SIMULACION_CINCO_DIAS-CRITICA-N02,SIMULACION_CINCO_DIAS,CRITICA,2,20,92,GENETICO,262,29846.5121,45300,55255.276667,255.276667,0,11,0,true,true,95.801527,93.373494,98948,14236,66.985887,,,,,,,,,,
BASE,SIMULACION_CINCO_DIAS-CRITICA-N02,SIMULACION_CINCO_DIAS,CRITICA,2,20,92,RECOCIDO_SIMULADO,262,6932.7652,21345,55287.166667,287.166667,0,11,0,true,true,95.801527,93.373494,100806,14382,66.985887,230.334375,,,,,,,,,
BASE,SIMULACION_CINCO_DIAS-CRITICA-N02,SIMULACION_CINCO_DIAS,CRITICA,2,21,93,RECOCIDO_SIMULADO,262,6677.9022,21225,55274.611667,274.611667,0,11,0,true,true,95.801527,93.373494,98938,14664,66.985887,266.35742,,,,,,,,,
BASE,SIMULACION_CINCO_DIAS-CRITICA-N02,SIMULACION_CINCO_DIAS,CRITICA,2,21,93,GENETICO,262,28903.6187,45300,55257.726667,257.726667,0,11,0,true,true,95.801527,93.373494,95906,14278,66.985887,,,,,,,,,,
BASE,SIMULACION_CINCO_DIAS-CRITICA-N02,SIMULACION_CINCO_DIAS,CRITICA,2,22,94,GENETICO,262,26895.0383,45300,55257.316667,257.316667,0,11,0,true,true,95.801527,93.373494,97412,14140,66.985887,,,,,,,,,,
BASE,SIMULACION_CINCO_DIAS-CRITICA-N02,SIMULACION_CINCO_DIAS,CRITICA,2,22,94,RECOCIDO_SIMULADO,262,6650.2369,20825,55280.463333,280.463333,0,11,0,true,true,95.801527,93.373494,96762,14318,66.985887,210.686741,,,,,,,,,
BASE,SIMULACION_CINCO_DIAS-CRITICA-N02,SIMULACION_CINCO_DIAS,CRITICA,2,23,95,RECOCIDO_SIMULADO,262,6624.8887,21305,55265.736667,265.736667,0,11,0,true,true,95.801527,93.373494,99546,14578,66.985887,237.07628,,,,,,,,,
BASE,SIMULACION_CINCO_DIAS-CRITICA-N02,SIMULACION_CINCO_DIAS,CRITICA,2,23,95,GENETICO,262,25186.0125,45300,55257.316667,257.316667,0,11,0,true,true,95.801527,93.373494,96898,14018,66.985887,,,,,,,,,,
BASE,SIMULACION_CINCO_DIAS-CRITICA-N02,SIMULACION_CINCO_DIAS,CRITICA,2,24,96,GENETICO,262,25991.6893,45300,55256.435,256.435,0,11,0,true,true,95.801527,93.373494,97046,13904,66.985887,,,,,,,,,,
BASE,SIMULACION_CINCO_DIAS-CRITICA-N02,SIMULACION_CINCO_DIAS,CRITICA,2,24,96,RECOCIDO_SIMULADO,262,6344.4653,20265,55281.09,281.09,0,11,0,true,true,95.801527,93.373494,99656,14800,66.985887,186.208859,,,,,,,,,
BASE,SIMULACION_CINCO_DIAS-CRITICA-N02,SIMULACION_CINCO_DIAS,CRITICA,2,25,97,RECOCIDO_SIMULADO,262,6403.0239,19425,55280.49,280.49,0,11,0,true,true,95.801527,93.373494,99636,14822,66.985887,162.11489,,,,,,,,,
BASE,SIMULACION_CINCO_DIAS-CRITICA-N02,SIMULACION_CINCO_DIAS,CRITICA,2,25,97,GENETICO,262,27069.1745,45300,55256.226667,256.226667,0,11,0,true,true,95.801527,93.373494,96048,14078,66.985887,,,,,,,,,,
BASE,SIMULACION_CINCO_DIAS-CRITICA-N02,SIMULACION_CINCO_DIAS,CRITICA,2,26,98,GENETICO,262,27322.3599,45300,55257.956667,257.956667,0,11,0,true,true,95.801527,93.373494,95734,14262,66.985887,,,,,,,,,,
BASE,SIMULACION_CINCO_DIAS-CRITICA-N02,SIMULACION_CINCO_DIAS,CRITICA,2,26,98,RECOCIDO_SIMULADO,262,6578.399,20545,55282.246667,282.246667,0,11,0,true,true,95.801527,93.373494,99068,14524,66.985887,179.422849,,,,,,,,,
BASE,SIMULACION_CINCO_DIAS-CRITICA-N02,SIMULACION_CINCO_DIAS,CRITICA,2,27,99,RECOCIDO_SIMULADO,262,6710.1213,21225,55277.733333,277.733333,0,11,0,true,true,95.801527,93.373494,97910,14638,66.985887,216.866871,,,,,,,,,
BASE,SIMULACION_CINCO_DIAS-CRITICA-N02,SIMULACION_CINCO_DIAS,CRITICA,2,27,99,GENETICO,262,24958.8728,45300,55256.071667,256.071667,0,11,0,true,true,95.801527,93.373494,96360,13704,66.985887,,,,,,,,,,
BASE,SIMULACION_CINCO_DIAS-CRITICA-N02,SIMULACION_CINCO_DIAS,CRITICA,2,28,100,GENETICO,262,29440.0728,45300,55256.946667,256.946667,0,11,0,true,true,95.801527,93.373494,94186,13676,66.985887,,,,,,,,,,
BASE,SIMULACION_CINCO_DIAS-CRITICA-N02,SIMULACION_CINCO_DIAS,CRITICA,2,28,100,RECOCIDO_SIMULADO,262,6824.8851,21385,55277.925,277.925,0,11,0,true,true,95.801527,93.373494,97678,14490,66.985887,224.819292,,,,,,,,,
BASE,SIMULACION_CINCO_DIAS-CRITICA-N02,SIMULACION_CINCO_DIAS,CRITICA,2,29,101,RECOCIDO_SIMULADO,262,6756.3069,20905,55275.413333,275.413333,0,11,0,true,true,95.801527,93.373494,96168,14196,66.985887,215.311759,,,,,,,,,
BASE,SIMULACION_CINCO_DIAS-CRITICA-N02,SIMULACION_CINCO_DIAS,CRITICA,2,29,101,GENETICO,262,30185.0715,45300,55256.226667,256.226667,0,11,0,true,true,95.801527,93.373494,96882,14372,66.985887,,,,,,,,,,
BASE,SIMULACION_CINCO_DIAS-CRITICA-N03,SIMULACION_CINCO_DIAS,CRITICA,3,0,102,GENETICO,259,26409.4881,45300,30254.683333,254.683333,0,6,0,true,true,97.683398,97.647059,94806,14066,69.808468,,,,,,,,,,
BASE,SIMULACION_CINCO_DIAS-CRITICA-N03,SIMULACION_CINCO_DIAS,CRITICA,3,0,102,RECOCIDO_SIMULADO,259,5399.549,20265,30285.5,285.5,0,6,0,true,true,97.683398,97.647059,95758,14386,69.808468,251.481123,,,,,,,,,
BASE,SIMULACION_CINCO_DIAS-CRITICA-N03,SIMULACION_CINCO_DIAS,CRITICA,3,1,103,RECOCIDO_SIMULADO,259,5979.953,22305,30278.733333,278.733333,0,6,0,true,true,97.683398,97.647059,94582,14390,69.808468,400.795071,,,,,,,,,
BASE,SIMULACION_CINCO_DIAS-CRITICA-N03,SIMULACION_CINCO_DIAS,CRITICA,3,1,103,GENETICO,259,24896.5121,45300,30254.931667,254.931667,0,6,0,true,true,97.683398,97.647059,92848,13334,69.808468,,,,,,,,,,
BASE,SIMULACION_CINCO_DIAS-CRITICA-N03,SIMULACION_CINCO_DIAS,CRITICA,3,2,104,GENETICO,259,25354.6261,45300,30254.84,254.84,0,6,0,true,true,97.683398,97.647059,95192,14266,69.808468,,,,,,,,,,
BASE,SIMULACION_CINCO_DIAS-CRITICA-N03,SIMULACION_CINCO_DIAS,CRITICA,3,2,104,RECOCIDO_SIMULADO,259,5464.1073,20865,30282.475,282.475,0,6,0,true,true,97.683398,97.647059,96348,14892,69.808468,271.389058,,,,,,,,,
BASE,SIMULACION_CINCO_DIAS-CRITICA-N03,SIMULACION_CINCO_DIAS,CRITICA,3,3,105,RECOCIDO_SIMULADO,259,5437.4421,20545,30281.868333,281.868333,0,6,0,true,true,97.683398,97.647059,95336,14444,69.808468,215.287479,,,,,,,,,
BASE,SIMULACION_CINCO_DIAS-CRITICA-N03,SIMULACION_CINCO_DIAS,CRITICA,3,3,105,GENETICO,259,24811.3512,45300,30254.881667,254.881667,0,6,0,true,true,97.683398,97.647059,94176,13672,69.808468,,,,,,,,,,
BASE,SIMULACION_CINCO_DIAS-CRITICA-N03,SIMULACION_CINCO_DIAS,CRITICA,3,4,106,GENETICO,259,23708.6213,45300,30255.091667,255.091667,0,6,0,true,true,97.683398,97.647059,96644,13682,69.808468,,,,,,,,,,
BASE,SIMULACION_CINCO_DIAS-CRITICA-N03,SIMULACION_CINCO_DIAS,CRITICA,3,4,106,RECOCIDO_SIMULADO,259,5696.6622,20905,30278.856667,278.856667,0,6,0,true,true,97.683398,97.647059,99298,15354,69.808468,279.254675,,,,,,,,,
BASE,SIMULACION_CINCO_DIAS-CRITICA-N03,SIMULACION_CINCO_DIAS,CRITICA,3,5,107,RECOCIDO_SIMULADO,259,5653.6632,21265,30278.05,278.05,0,6,0,true,true,97.683398,97.647059,96340,14802,69.808468,290.869362,,,,,,,,,
BASE,SIMULACION_CINCO_DIAS-CRITICA-N03,SIMULACION_CINCO_DIAS,CRITICA,3,5,107,GENETICO,259,25341.0371,45300,30254.706667,254.706667,0,6,0,true,true,97.683398,97.647059,92756,13822,69.808468,,,,,,,,,,
BASE,SIMULACION_CINCO_DIAS-CRITICA-N03,SIMULACION_CINCO_DIAS,CRITICA,3,6,108,GENETICO,259,23684.2566,45300,30255.616667,255.616667,0,6,0,true,true,97.683398,97.647059,97390,13922,69.808468,,,,,,,,,,
BASE,SIMULACION_CINCO_DIAS-CRITICA-N03,SIMULACION_CINCO_DIAS,CRITICA,3,6,108,RECOCIDO_SIMULADO,259,5510.6903,20345,30277.78,277.78,0,6,0,true,true,97.683398,97.647059,95590,14554,69.808468,218.129608,,,,,,,,,
BASE,SIMULACION_CINCO_DIAS-CRITICA-N03,SIMULACION_CINCO_DIAS,CRITICA,3,7,109,RECOCIDO_SIMULADO,259,6125.3363,22785,30278.693333,278.693333,0,6,0,true,true,97.683398,97.647059,97984,14914,69.808468,363.387636,,,,,,,,,
BASE,SIMULACION_CINCO_DIAS-CRITICA-N03,SIMULACION_CINCO_DIAS,CRITICA,3,7,109,GENETICO,259,26339.6134,45300,30254.683333,254.683333,0,6,0,true,true,97.683398,97.647059,91806,13614,69.808468,,,,,,,,,,
BASE,SIMULACION_CINCO_DIAS-CRITICA-N03,SIMULACION_CINCO_DIAS,CRITICA,3,8,110,GENETICO,259,24939.9656,45300,30254.656667,254.656667,0,6,0,true,true,97.683398,97.647059,93736,13584,69.808468,,,,,,,,,,
BASE,SIMULACION_CINCO_DIAS-CRITICA-N03,SIMULACION_CINCO_DIAS,CRITICA,3,8,110,RECOCIDO_SIMULADO,259,5711.1735,21465,30286.765,286.765,0,6,0,true,true,97.683398,97.647059,100402,15046,69.808468,248.962687,,,,,,,,,
BASE,SIMULACION_CINCO_DIAS-CRITICA-N03,SIMULACION_CINCO_DIAS,CRITICA,3,9,111,RECOCIDO_SIMULADO,259,5728.0373,21265,30283.29,283.29,0,6,0,true,true,97.683398,97.647059,96944,14324,69.808468,369.620406,,,,,,,,,
BASE,SIMULACION_CINCO_DIAS-CRITICA-N03,SIMULACION_CINCO_DIAS,CRITICA,3,9,111,GENETICO,259,22838.6611,45300,30254.656667,254.656667,0,6,0,true,true,97.683398,97.647059,94032,13930,69.808468,,,,,,,,,,
BASE,SIMULACION_CINCO_DIAS-CRITICA-N03,SIMULACION_CINCO_DIAS,CRITICA,3,10,112,GENETICO,259,25918.1509,45300,30255.2,255.2,0,6,0,true,true,97.683398,97.647059,97188,14600,69.808468,,,,,,,,,,
BASE,SIMULACION_CINCO_DIAS-CRITICA-N03,SIMULACION_CINCO_DIAS,CRITICA,3,10,112,RECOCIDO_SIMULADO,259,5683.1642,21145,30280.933333,280.933333,0,6,0,true,true,97.683398,97.647059,96730,14684,69.808468,319.895038,,,,,,,,,
BASE,SIMULACION_CINCO_DIAS-CRITICA-N03,SIMULACION_CINCO_DIAS,CRITICA,3,11,113,RECOCIDO_SIMULADO,259,5871.7218,21945,30292.141667,292.141667,0,6,0,true,true,97.683398,97.647059,96142,14218,69.808468,332.626354,,,,,,,,,
BASE,SIMULACION_CINCO_DIAS-CRITICA-N03,SIMULACION_CINCO_DIAS,CRITICA,3,11,113,GENETICO,259,27008.2296,45300,30254.886667,254.886667,0,6,0,true,true,97.683398,97.647059,97984,14396,69.808468,,,,,,,,,,
BASE,SIMULACION_CINCO_DIAS-CRITICA-N03,SIMULACION_CINCO_DIAS,CRITICA,3,12,114,GENETICO,259,25823.2718,45300,30254.416667,254.416667,0,6,0,true,true,97.683398,97.647059,94826,14072,69.808468,,,,,,,,,,
BASE,SIMULACION_CINCO_DIAS-CRITICA-N03,SIMULACION_CINCO_DIAS,CRITICA,3,12,114,RECOCIDO_SIMULADO,259,5913.5661,22145,30281.138333,281.138333,0,6,0,true,true,97.683398,97.647059,96728,14784,69.808468,318.823228,,,,,,,,,
BASE,SIMULACION_CINCO_DIAS-CRITICA-N03,SIMULACION_CINCO_DIAS,CRITICA,3,13,115,RECOCIDO_SIMULADO,259,5648.9622,21145,30290.555,290.555,0,6,0,true,true,97.683398,97.647059,94340,14446,69.808468,301.065644,,,,,,,,,
BASE,SIMULACION_CINCO_DIAS-CRITICA-N03,SIMULACION_CINCO_DIAS,CRITICA,3,13,115,GENETICO,259,24308.9824,45300,30254.823333,254.823333,0,6,0,true,true,97.683398,97.647059,93850,14100,69.808468,,,,,,,,,,
BASE,SIMULACION_CINCO_DIAS-CRITICA-N03,SIMULACION_CINCO_DIAS,CRITICA,3,14,116,GENETICO,259,23902.3395,45300,30255.141667,255.141667,0,6,0,true,true,97.683398,97.647059,95124,13848,69.808468,,,,,,,,,,
BASE,SIMULACION_CINCO_DIAS-CRITICA-N03,SIMULACION_CINCO_DIAS,CRITICA,3,14,116,RECOCIDO_SIMULADO,259,5240.4534,19385,30288.15,288.15,0,6,0,true,true,97.683398,97.647059,97006,14458,69.808468,240.631627,,,,,,,,,
BASE,SIMULACION_CINCO_DIAS-CRITICA-N03,SIMULACION_CINCO_DIAS,CRITICA,3,15,117,RECOCIDO_SIMULADO,259,5666.087,20585,30282.666667,282.666667,0,6,0,true,true,97.683398,97.647059,94028,14370,69.808468,319.874482,,,,,,,,,
BASE,SIMULACION_CINCO_DIAS-CRITICA-N03,SIMULACION_CINCO_DIAS,CRITICA,3,15,117,GENETICO,259,27257.5584,45300,30254.733333,254.733333,0,6,0,true,true,97.683398,97.647059,95786,13728,69.808468,,,,,,,,,,
BASE,SIMULACION_CINCO_DIAS-CRITICA-N03,SIMULACION_CINCO_DIAS,CRITICA,3,16,118,GENETICO,259,24835.5119,45300,30254.656667,254.656667,0,6,0,true,true,97.683398,97.647059,93774,13786,69.808468,,,,,,,,,,
BASE,SIMULACION_CINCO_DIAS-CRITICA-N03,SIMULACION_CINCO_DIAS,CRITICA,3,16,118,RECOCIDO_SIMULADO,259,6045.9228,22585,30280.088333,280.088333,0,6,0,true,true,97.683398,97.647059,96348,14572,69.808468,349.570208,,,,,,,,,
BASE,SIMULACION_CINCO_DIAS-CRITICA-N03,SIMULACION_CINCO_DIAS,CRITICA,3,17,119,RECOCIDO_SIMULADO,259,5669.6434,20665,30285.255,285.255,0,6,0,true,true,97.683398,97.647059,97696,14690,69.808468,332.874758,,,,,,,,,
BASE,SIMULACION_CINCO_DIAS-CRITICA-N03,SIMULACION_CINCO_DIAS,CRITICA,3,17,119,GENETICO,259,29780.1558,45300,30254.656667,254.656667,0,6,0,true,true,97.683398,97.647059,95402,14256,69.808468,,,,,,,,,,
BASE,SIMULACION_CINCO_DIAS-CRITICA-N03,SIMULACION_CINCO_DIAS,CRITICA,3,18,120,GENETICO,259,25965.2081,45300,30254.656667,254.656667,0,6,0,true,true,97.683398,97.647059,94766,14214,69.808468,,,,,,,,,,
BASE,SIMULACION_CINCO_DIAS-CRITICA-N03,SIMULACION_CINCO_DIAS,CRITICA,3,18,120,RECOCIDO_SIMULADO,259,6211.3072,23305,30282.958333,282.958333,0,6,0,true,true,97.683398,97.647059,95898,14464,69.808468,461.962755,,,,,,,,,
BASE,SIMULACION_CINCO_DIAS-CRITICA-N03,SIMULACION_CINCO_DIAS,CRITICA,3,19,121,RECOCIDO_SIMULADO,259,5788.3235,21545,30285.195,285.195,0,6,0,true,true,97.683398,97.647059,96724,14476,69.808468,263.25151,,,,,,,,,
BASE,SIMULACION_CINCO_DIAS-CRITICA-N03,SIMULACION_CINCO_DIAS,CRITICA,3,19,121,GENETICO,259,23442.3988,45300,30254.683333,254.683333,0,6,0,true,true,97.683398,97.647059,91596,13526,69.808468,,,,,,,,,,
BASE,SIMULACION_CINCO_DIAS-CRITICA-N03,SIMULACION_CINCO_DIAS,CRITICA,3,20,122,GENETICO,259,27112.3924,45300,30254.656667,254.656667,0,6,0,true,true,97.683398,97.647059,95372,14100,69.808468,,,,,,,,,,
BASE,SIMULACION_CINCO_DIAS-CRITICA-N03,SIMULACION_CINCO_DIAS,CRITICA,3,20,122,RECOCIDO_SIMULADO,259,5852.9099,21745,30282.815,282.815,0,6,0,true,true,97.683398,97.647059,94740,14512,69.808468,319.05759,,,,,,,,,
BASE,SIMULACION_CINCO_DIAS-CRITICA-N03,SIMULACION_CINCO_DIAS,CRITICA,3,21,123,RECOCIDO_SIMULADO,259,6118.2903,22385,30275.126667,275.126667,0,6,0,true,true,97.683398,97.647059,97748,14864,69.808468,314.843302,,,,,,,,,
BASE,SIMULACION_CINCO_DIAS-CRITICA-N03,SIMULACION_CINCO_DIAS,CRITICA,3,21,123,GENETICO,259,25955.4946,45300,30254.656667,254.656667,0,6,0,true,true,97.683398,97.647059,92556,13858,69.808468,,,,,,,,,,
BASE,SIMULACION_CINCO_DIAS-CRITICA-N03,SIMULACION_CINCO_DIAS,CRITICA,3,22,124,GENETICO,259,25131.5726,45300,30254.656667,254.656667,0,6,0,true,true,97.683398,97.647059,94810,13858,69.808468,,,,,,,,,,
BASE,SIMULACION_CINCO_DIAS-CRITICA-N03,SIMULACION_CINCO_DIAS,CRITICA,3,22,124,RECOCIDO_SIMULADO,259,5163.0998,19305,30290.818333,290.818333,0,6,0,true,true,97.683398,97.647059,93800,14056,69.808468,223.168931,,,,,,,,,
BASE,SIMULACION_CINCO_DIAS-CRITICA-N03,SIMULACION_CINCO_DIAS,CRITICA,3,23,125,RECOCIDO_SIMULADO,259,5885.9708,21945,30284.851667,284.851667,0,6,0,true,true,97.683398,97.647059,96466,14394,69.808468,377.020658,,,,,,,,,
BASE,SIMULACION_CINCO_DIAS-CRITICA-N03,SIMULACION_CINCO_DIAS,CRITICA,3,23,125,GENETICO,259,27668.1497,45300,30254.641667,254.641667,0,6,0,true,true,97.683398,97.647059,94126,13974,69.808468,,,,,,,,,,
BASE,SIMULACION_CINCO_DIAS-CRITICA-N03,SIMULACION_CINCO_DIAS,CRITICA,3,24,126,GENETICO,259,24809.9686,45300,30254.416667,254.416667,0,6,0,true,true,97.683398,97.647059,94410,13950,69.808468,,,,,,,,,,
BASE,SIMULACION_CINCO_DIAS-CRITICA-N03,SIMULACION_CINCO_DIAS,CRITICA,3,24,126,RECOCIDO_SIMULADO,259,6209.6446,23465,30283.878333,283.878333,0,6,0,true,true,97.683398,97.647059,94944,14028,69.808468,480.953864,,,,,,,,,
BASE,SIMULACION_CINCO_DIAS-CRITICA-N03,SIMULACION_CINCO_DIAS,CRITICA,3,25,127,RECOCIDO_SIMULADO,259,5959.3667,22225,30293.388333,293.388333,0,6,0,true,true,97.683398,97.647059,94742,14116,69.808468,333.014264,,,,,,,,,
BASE,SIMULACION_CINCO_DIAS-CRITICA-N03,SIMULACION_CINCO_DIAS,CRITICA,3,25,127,GENETICO,259,25272.9023,45300,30254.656667,254.656667,0,6,0,true,true,97.683398,97.647059,95452,14112,69.808468,,,,,,,,,,
BASE,SIMULACION_CINCO_DIAS-CRITICA-N03,SIMULACION_CINCO_DIAS,CRITICA,3,26,128,GENETICO,259,25533.4591,45300,30254.881667,254.881667,0,6,0,true,true,97.683398,97.647059,93924,13866,69.808468,,,,,,,,,,
BASE,SIMULACION_CINCO_DIAS-CRITICA-N03,SIMULACION_CINCO_DIAS,CRITICA,3,26,128,RECOCIDO_SIMULADO,259,5625.3339,20665,30281.846667,281.846667,0,6,0,true,true,97.683398,97.647059,98162,14738,69.808468,225.63714,,,,,,,,,
BASE,SIMULACION_CINCO_DIAS-CRITICA-N03,SIMULACION_CINCO_DIAS,CRITICA,3,27,129,RECOCIDO_SIMULADO,259,5761.703,21745,30282.821667,282.821667,0,6,0,true,true,97.683398,97.647059,95508,14304,69.808468,359.658629,,,,,,,,,
BASE,SIMULACION_CINCO_DIAS-CRITICA-N03,SIMULACION_CINCO_DIAS,CRITICA,3,27,129,GENETICO,259,23647.4973,45300,30254.656667,254.656667,0,6,0,true,true,97.683398,97.647059,96090,13940,69.808468,,,,,,,,,,
BASE,SIMULACION_CINCO_DIAS-CRITICA-N03,SIMULACION_CINCO_DIAS,CRITICA,3,28,130,GENETICO,259,22846.1949,45300,30254.836667,254.836667,0,6,0,true,true,97.683398,97.647059,95932,13820,69.808468,,,,,,,,,,
BASE,SIMULACION_CINCO_DIAS-CRITICA-N03,SIMULACION_CINCO_DIAS,CRITICA,3,28,130,RECOCIDO_SIMULADO,259,5659.3146,21185,30280.745,280.745,0,6,0,true,true,97.683398,97.647059,98432,14860,69.808468,236.64425,,,,,,,,,
BASE,SIMULACION_CINCO_DIAS-CRITICA-N03,SIMULACION_CINCO_DIAS,CRITICA,3,29,131,RECOCIDO_SIMULADO,259,5269.3456,19705,30286.341667,286.341667,0,6,0,true,true,97.683398,97.647059,94546,14466,69.808468,224.431011,,,,,,,,,
BASE,SIMULACION_CINCO_DIAS-CRITICA-N03,SIMULACION_CINCO_DIAS,CRITICA,3,29,131,GENETICO,259,25717.8748,45300,30254.881667,254.881667,0,6,0,true,true,97.683398,97.647059,94216,13826,69.808468,,,,,,,,,,
BASE,COLAPSO_LOGISTICO-NORMAL-N01,COLAPSO_LOGISTICO,NORMAL,1,0,42,GENETICO,83,18002.4996,36240,60076.696667,76.696667,0,12,0,true,true,85.542169,90.384615,22184,3588,91.40625,,,,,,83,true,85.716667,3d13h43min,2026-04-04T13:43
BASE,COLAPSO_LOGISTICO-NORMAL-N01,COLAPSO_LOGISTICO,NORMAL,1,0,42,RECOCIDO_SIMULADO,84,4142.0574,16364,60086.63,86.63,0,12,0,true,true,85.714286,90.384615,23000,3714,92.96875,358.352786,,,,,84,true,85.716667,3d13h43min,2026-04-04T13:43
BASE,COLAPSO_LOGISTICO-NORMAL-N01,COLAPSO_LOGISTICO,NORMAL,1,1,43,RECOCIDO_SIMULADO,83,4278.3699,17324,50101.593333,101.593333,0,10,0,true,true,87.951807,90.384615,22368,3672,95.052083,225.984853,,,,,83,true,85.716667,3d13h43min,2026-04-04T13:43
BASE,COLAPSO_LOGISTICO-NORMAL-N01,COLAPSO_LOGISTICO,NORMAL,1,1,43,GENETICO,83,17787.8902,36240,55077.636667,77.636667,0,11,0,true,true,86.746988,88.461538,22536,3660,92.447917,,,,,,83,true,85.716667,3d13h43min,2026-04-04T13:43
BASE,COLAPSO_LOGISTICO-NORMAL-N01,COLAPSO_LOGISTICO,NORMAL,1,2,44,GENETICO,83,17941.2193,36240,55078.358333,78.358333,0,11,0,true,true,86.746988,90.384615,21682,3560,93.229167,,,,,,83,true,85.716667,3d13h43min,2026-04-04T13:43
BASE,COLAPSO_LOGISTICO-NORMAL-N01,COLAPSO_LOGISTICO,NORMAL,1,2,44,RECOCIDO_SIMULADO,84,4247.2555,16604,55090.276667,90.276667,0,11,0,true,true,86.904762,90.384615,22320,3770,95.052083,526.576031,,,,,84,true,85.716667,3d13h43min,2026-04-04T13:43
BASE,COLAPSO_LOGISTICO-NORMAL-N01,COLAPSO_LOGISTICO,NORMAL,1,3,45,RECOCIDO_SIMULADO,84,4104.1536,15844,60085.745,85.745,0,12,0,true,true,85.714286,90.566038,22362,3674,93.489583,468.592811,,,,,84,true,85.716667,3d13h43min,2026-04-04T13:43
BASE,COLAPSO_LOGISTICO-NORMAL-N01,COLAPSO_LOGISTICO,NORMAL,1,3,45,GENETICO,83,19221.1011,36240,55090.495,90.495,0,11,0,true,true,86.746988,90.384615,23028,3716,92.96875,,,,,,83,true,85.716667,3d13h43min,2026-04-04T13:43
BASE,COLAPSO_LOGISTICO-NORMAL-N01,COLAPSO_LOGISTICO,NORMAL,1,4,46,GENETICO,83,17094.523,36240,55077.636667,77.636667,0,11,0,true,true,86.746988,92.307692,22872,3698,93.75,,,,,,83,true,85.716667,3d13h43min,2026-04-04T13:43
BASE,COLAPSO_LOGISTICO-NORMAL-N01,COLAPSO_LOGISTICO,NORMAL,1,4,46,RECOCIDO_SIMULADO,84,4138.0729,15804,55115.931667,108.431667,0.075,11,0,true,true,85.714286,88.679245,23596,3840,94.791667,899.263578,,,,,84,true,85.716667,3d13h43min,2026-04-04T13:43
BASE,COLAPSO_LOGISTICO-NORMAL-N01,COLAPSO_LOGISTICO,NORMAL,1,5,47,RECOCIDO_SIMULADO,84,4237.9423,16364,70085.951667,85.951667,0,14,0,true,true,83.333333,90.566038,21692,3610,89.84375,577.144757,,,,,84,true,85.716667,3d13h43min,2026-04-04T13:43
BASE,COLAPSO_LOGISTICO-NORMAL-N01,COLAPSO_LOGISTICO,NORMAL,1,5,47,GENETICO,83,16472.4201,36240,55079.9,79.9,0,11,0,true,true,86.746988,90.384615,21556,3554,93.229167,,,,,,83,true,85.716667,3d13h43min,2026-04-04T13:43
BASE,COLAPSO_LOGISTICO-NORMAL-N01,COLAPSO_LOGISTICO,NORMAL,1,6,48,GENETICO,83,16395.6525,36240,60076.696667,76.696667,0,12,0,true,true,85.542169,90.384615,22808,3662,91.40625,,,,,,83,true,85.716667,3d13h43min,2026-04-04T13:43
BASE,COLAPSO_LOGISTICO-NORMAL-N01,COLAPSO_LOGISTICO,NORMAL,1,6,48,RECOCIDO_SIMULADO,83,4035.0617,16444,50083.061667,83.061667,0,10,0,true,true,87.951807,90.384615,21612,3470,95.052083,142.977113,,,,,83,true,85.716667,3d13h43min,2026-04-04T13:43
BASE,COLAPSO_LOGISTICO-NORMAL-N01,COLAPSO_LOGISTICO,NORMAL,1,7,49,RECOCIDO_SIMULADO,83,3894.0729,15324,50090.781667,90.781667,0,10,0,true,true,87.951807,90.384615,21304,3574,95.052083,368.033559,,,,,83,true,85.716667,3d13h43min,2026-04-04T13:43
BASE,COLAPSO_LOGISTICO-NORMAL-N01,COLAPSO_LOGISTICO,NORMAL,1,7,49,GENETICO,83,16596.5224,36240,55077.696667,77.696667,0,11,0,true,true,86.746988,88.461538,22406,3626,92.708333,,,,,,83,true,85.716667,3d13h43min,2026-04-04T13:43
BASE,COLAPSO_LOGISTICO-NORMAL-N01,COLAPSO_LOGISTICO,NORMAL,1,8,50,GENETICO,83,17722.1052,36240,60076.696667,76.696667,0,12,0,true,true,85.542169,90.384615,22808,3662,91.40625,,,,,,83,true,85.716667,3d13h43min,2026-04-04T13:43
BASE,COLAPSO_LOGISTICO-NORMAL-N01,COLAPSO_LOGISTICO,NORMAL,1,8,50,RECOCIDO_SIMULADO,84,4409.5864,17484,60085.526667,85.526667,0,12,0,true,true,85.714286,90.566038,22082,3608,93.489583,492.877358,,,,,84,true,85.716667,3d13h43min,2026-04-04T13:43
BASE,COLAPSO_LOGISTICO-NORMAL-N01,COLAPSO_LOGISTICO,NORMAL,1,9,51,RECOCIDO_SIMULADO,83,3961.461,16004,50097.41,97.41,0,10,0,true,true,87.951807,90.384615,21808,3454,95.052083,151.717727,,,,,83,true,85.716667,3d13h43min,2026-04-04T13:43
BASE,COLAPSO_LOGISTICO-NORMAL-N01,COLAPSO_LOGISTICO,NORMAL,1,9,51,GENETICO,83,16405.1801,36240,60076.696667,76.696667,0,12,0,true,true,85.542169,90.384615,22808,3662,91.40625,,,,,,83,true,85.716667,3d13h43min,2026-04-04T13:43
BASE,COLAPSO_LOGISTICO-NORMAL-N01,COLAPSO_LOGISTICO,NORMAL,1,10,52,GENETICO,83,17113.9717,36240,55077.743333,77.743333,0,11,0,true,true,86.746988,90.384615,21624,3576,92.96875,,,,,,83,true,85.716667,3d13h43min,2026-04-04T13:43
BASE,COLAPSO_LOGISTICO-NORMAL-N01,COLAPSO_LOGISTICO,NORMAL,1,10,52,RECOCIDO_SIMULADO,85,4558.2318,18164,65086.665,86.665,0,13,0,true,true,84.705882,90.566038,21364,3524,92.96875,534.240645,,,,,85,true,85.716667,3d13h43min,2026-04-04T13:43
BASE,COLAPSO_LOGISTICO-NORMAL-N01,COLAPSO_LOGISTICO,NORMAL,1,11,53,RECOCIDO_SIMULADO,83,4143.3578,16604,50095.745,95.745,0,10,0,true,true,87.951807,90.384615,20932,3540,95.052083,257.991572,,,,,83,true,85.716667,3d13h43min,2026-04-04T13:43
BASE,COLAPSO_LOGISTICO-NORMAL-N01,COLAPSO_LOGISTICO,NORMAL,1,11,53,GENETICO,83,18356.4217,36240,55077.696667,77.696667,0,11,0,true,true,86.746988,88.461538,22344,3604,92.447917,,,,,,83,true,85.716667,3d13h43min,2026-04-04T13:43
BASE,COLAPSO_LOGISTICO-NORMAL-N01,COLAPSO_LOGISTICO,NORMAL,1,12,54,GENETICO,83,17312.4058,36240,60076.696667,76.696667,0,12,0,true,true,85.542169,90.384615,22808,3662,91.40625,,,,,,83,true,85.716667,3d13h43min,2026-04-04T13:43
BASE,COLAPSO_LOGISTICO-NORMAL-N01,COLAPSO_LOGISTICO,NORMAL,1,12,54,RECOCIDO_SIMULADO,84,3922.7187,16524,60087.341667,87.341667,0,12,0,true,true,85.714286,90.566038,22528,3598,93.489583,50.649596,,,,,84,true,85.716667,3d13h43min,2026-04-04T13:43
BASE,COLAPSO_LOGISTICO-NORMAL-N01,COLAPSO_LOGISTICO,NORMAL,1,13,55,RECOCIDO_SIMULADO,84,4360.6403,17164,60088.933333,88.933333,0,12,0,true,true,85.714286,90.566038,21070,3542,93.489583,634.338186,,,,,84,true,85.716667,3d13h43min,2026-04-04T13:43
BASE,COLAPSO_LOGISTICO-NORMAL-N01,COLAPSO_LOGISTICO,NORMAL,1,13,55,GENETICO,83,18698.4222,36240,60076.696667,76.696667,0,12,0,true,true,85.542169,90.384615,22184,3588,91.40625,,,,,,83,true,85.716667,3d13h43min,2026-04-04T13:43
BASE,COLAPSO_LOGISTICO-NORMAL-N01,COLAPSO_LOGISTICO,NORMAL,1,14,56,GENETICO,83,17885.9199,36240,55077.636667,77.636667,0,11,0,true,true,86.746988,88.461538,22684,3670,92.708333,,,,,,83,true,85.716667,3d13h43min,2026-04-04T13:43
BASE,COLAPSO_LOGISTICO-NORMAL-N01,COLAPSO_LOGISTICO,NORMAL,1,14,56,RECOCIDO_SIMULADO,84,4364.8671,17564,60088.343333,88.343333,0,12,0,true,true,85.714286,90.566038,22702,3724,93.75,285.010024,,,,,84,true,85.716667,3d13h43min,2026-04-04T13:43
BASE,COLAPSO_LOGISTICO-NORMAL-N01,COLAPSO_LOGISTICO,NORMAL,1,15,57,RECOCIDO_SIMULADO,84,3974.761,15524,60086.651667,86.651667,0,12,0,true,true,85.714286,90.566038,21452,3402,93.489583,391.413065,,,,,84,true,85.716667,3d13h43min,2026-04-04T13:43
BASE,COLAPSO_LOGISTICO-NORMAL-N01,COLAPSO_LOGISTICO,NORMAL,1,15,57,GENETICO,83,16923.8913,36240,60076.368333,76.368333,0,12,0,true,true,85.542169,90.384615,22612,3606,91.40625,,,,,,83,true,85.716667,3d13h43min,2026-04-04T13:43
BASE,COLAPSO_LOGISTICO-NORMAL-N01,COLAPSO_LOGISTICO,NORMAL,1,16,58,GENETICO,83,17523.1453,36240,60076.696667,76.696667,0,12,0,true,true,85.542169,90.384615,22184,3588,91.40625,,,,,,83,true,85.716667,3d13h43min,2026-04-04T13:43
BASE,COLAPSO_LOGISTICO-NORMAL-N01,COLAPSO_LOGISTICO,NORMAL,1,16,58,RECOCIDO_SIMULADO,83,3818.0714,15404,50088.468333,88.468333,0,10,0,true,true,87.951807,90.384615,21010,3548,95.052083,202.773312,,,,,83,true,85.716667,3d13h43min,2026-04-04T13:43
BASE,COLAPSO_LOGISTICO-NORMAL-N01,COLAPSO_LOGISTICO,NORMAL,1,17,59,RECOCIDO_SIMULADO,84,4417.0616,17364,55091.766667,91.766667,0,11,0,true,true,86.904762,90.384615,21838,3642,95.052083,640.826008,,,,,84,true,85.716667,3d13h43min,2026-04-04T13:43
BASE,COLAPSO_LOGISTICO-NORMAL-N01,COLAPSO_LOGISTICO,NORMAL,1,17,59,GENETICO,83,18050.7524,36240,55079.471667,79.471667,0,11,0,true,true,86.746988,90.384615,22428,3624,92.96875,,,,,,83,true,85.716667,3d13h43min,2026-04-04T13:43
BASE,COLAPSO_LOGISTICO-NORMAL-N01,COLAPSO_LOGISTICO,NORMAL,1,18,60,GENETICO,83,16959.3763,36240,55077.305,77.305,0,11,0,true,true,86.746988,90.384615,21936,3566,92.96875,,,,,,83,true,85.716667,3d13h43min,2026-04-04T13:43
BASE,COLAPSO_LOGISTICO-NORMAL-N01,COLAPSO_LOGISTICO,NORMAL,1,18,60,RECOCIDO_SIMULADO,83,4479.1266,17604,55089.255,89.255,0,11,0,true,true,86.746988,90.384615,21528,3476,92.96875,1072.581329,,,,,83,true,85.716667,3d13h43min,2026-04-04T13:43
BASE,COLAPSO_LOGISTICO-NORMAL-N01,COLAPSO_LOGISTICO,NORMAL,1,19,61,RECOCIDO_SIMULADO,83,3954.0712,16084,55085.288333,85.288333,0,11,0,true,true,86.746988,90.384615,22354,3686,92.96875,127.415707,,,,,83,true,85.716667,3d13h43min,2026-04-04T13:43
BASE,COLAPSO_LOGISTICO-NORMAL-N01,COLAPSO_LOGISTICO,NORMAL,1,19,61,GENETICO,83,17217.5345,36240,55079.768333,79.768333,0,11,0,true,true,86.746988,88.461538,22672,3648,92.708333,,,,,,83,true,85.716667,3d13h43min,2026-04-04T13:43
BASE,COLAPSO_LOGISTICO-NORMAL-N01,COLAPSO_LOGISTICO,NORMAL,1,20,62,GENETICO,83,16710.6308,36240,60076.696667,76.696667,0,12,0,true,true,85.542169,90.384615,22808,3662,91.40625,,,,,,83,true,85.716667,3d13h43min,2026-04-04T13:43
BASE,COLAPSO_LOGISTICO-NORMAL-N01,COLAPSO_LOGISTICO,NORMAL,1,20,62,RECOCIDO_SIMULADO,83,4164.7667,16644,55089.298333,89.298333,0,11,0,true,true,86.746988,90.384615,23108,3646,92.96875,368.722555,,,,,83,true,85.716667,3d13h43min,2026-04-04T13:43
BASE,COLAPSO_LOGISTICO-NORMAL-N01,COLAPSO_LOGISTICO,NORMAL,1,21,63,RECOCIDO_SIMULADO,83,3657.3239,14524,50084.73,84.73,0,10,0,true,true,87.951807,90.384615,21468,3640,95.052083,154.877081,,,,,83,true,85.716667,3d13h43min,2026-04-04T13:43
BASE,COLAPSO_LOGISTICO-NORMAL-N01,COLAPSO_LOGISTICO,NORMAL,1,21,63,GENETICO,83,17911.088,36240,55077.696667,77.696667,0,11,0,true,true,86.746988,90.384615,22000,3574,92.96875,,,,,,83,true,85.716667,3d13h43min,2026-04-04T13:43
BASE,COLAPSO_LOGISTICO-NORMAL-N01,COLAPSO_LOGISTICO,NORMAL,1,22,64,GENETICO,83,17632.1325,36240,55077.696667,77.696667,0,11,0,true,true,86.746988,90.384615,22588,3616,93.229167,,,,,,83,true,85.716667,3d13h43min,2026-04-04T13:43
BASE,COLAPSO_LOGISTICO-NORMAL-N01,COLAPSO_LOGISTICO,NORMAL,1,22,64,RECOCIDO_SIMULADO,84,4092.328,16404,60083.813333,83.813333,0,12,0,true,true,85.714286,90.384615,22674,3612,92.96875,200.732017,,,,,84,true,85.716667,3d13h43min,2026-04-04T13:43
BASE,COLAPSO_LOGISTICO-NORMAL-N01,COLAPSO_LOGISTICO,NORMAL,1,23,65,RECOCIDO_SIMULADO,84,4164.8417,16644,60094.21,94.21,0,12,0,true,true,85.714286,90.566038,22138,3552,93.489583,305.196692,,,,,84,true,85.716667,3d13h43min,2026-04-04T13:43
BASE,COLAPSO_LOGISTICO-NORMAL-N01,COLAPSO_LOGISTICO,NORMAL,1,23,65,GENETICO,83,16535.2421,36240,60076.696667,76.696667,0,12,0,true,true,85.542169,90.384615,22184,3588,91.40625,,,,,,83,true,85.716667,3d13h43min,2026-04-04T13:43
BASE,COLAPSO_LOGISTICO-NORMAL-N01,COLAPSO_LOGISTICO,NORMAL,1,24,66,GENETICO,83,18788.2743,36240,55077.696667,77.696667,0,11,0,true,true,86.746988,90.384615,22696,3626,92.96875,,,,,,83,true,85.716667,3d13h43min,2026-04-04T13:43
BASE,COLAPSO_LOGISTICO-NORMAL-N01,COLAPSO_LOGISTICO,NORMAL,1,24,66,RECOCIDO_SIMULADO,83,4163.1641,16804,55087.84,87.84,0,11,0,true,true,86.746988,90.384615,23620,3826,92.96875,240.224063,,,,,83,true,85.716667,3d13h43min,2026-04-04T13:43
BASE,COLAPSO_LOGISTICO-NORMAL-N01,COLAPSO_LOGISTICO,NORMAL,1,25,67,RECOCIDO_SIMULADO,83,4095.1139,16604,55087.881667,87.881667,0,11,0,true,true,86.746988,90.384615,22950,3708,92.96875,184.125384,,,,,83,true,85.716667,3d13h43min,2026-04-04T13:43
BASE,COLAPSO_LOGISTICO-NORMAL-N01,COLAPSO_LOGISTICO,NORMAL,1,25,67,GENETICO,83,19887.1576,36240,60076.696667,76.696667,0,12,0,true,true,85.542169,90.384615,22184,3588,91.40625,,,,,,83,true,85.716667,3d13h43min,2026-04-04T13:43
BASE,COLAPSO_LOGISTICO-NORMAL-N01,COLAPSO_LOGISTICO,NORMAL,1,26,68,GENETICO,83,17551.8957,36240,60076.696667,76.696667,0,12,0,true,true,85.542169,90.384615,22184,3588,91.40625,,,,,,83,true,85.716667,3d13h43min,2026-04-04T13:43
BASE,COLAPSO_LOGISTICO-NORMAL-N01,COLAPSO_LOGISTICO,NORMAL,1,26,68,RECOCIDO_SIMULADO,83,3685.4148,14924,50083.116667,83.116667,0,10,0,true,true,87.951807,90.384615,22298,3672,95.052083,109.404978,,,,,83,true,85.716667,3d13h43min,2026-04-04T13:43
BASE,COLAPSO_LOGISTICO-NORMAL-N01,COLAPSO_LOGISTICO,NORMAL,1,27,69,RECOCIDO_SIMULADO,83,4011.4524,15844,50088.785,88.785,0,10,0,true,true,87.951807,90.384615,21712,3622,95.052083,551.313062,,,,,83,true,85.716667,3d13h43min,2026-04-04T13:43
BASE,COLAPSO_LOGISTICO-NORMAL-N01,COLAPSO_LOGISTICO,NORMAL,1,27,69,GENETICO,83,17419.4214,36240,55077.696667,77.696667,0,11,0,true,true,86.746988,90.384615,21880,3554,92.96875,,,,,,83,true,85.716667,3d13h43min,2026-04-04T13:43
BASE,COLAPSO_LOGISTICO-NORMAL-N01,COLAPSO_LOGISTICO,NORMAL,1,28,70,GENETICO,83,16929.0026,36240,60076.696667,76.696667,0,12,0,true,true,85.542169,90.384615,22808,3662,91.40625,,,,,,83,true,85.716667,3d13h43min,2026-04-04T13:43
BASE,COLAPSO_LOGISTICO-NORMAL-N01,COLAPSO_LOGISTICO,NORMAL,1,28,70,RECOCIDO_SIMULADO,84,4326.5198,17324,55094.781667,94.781667,0,11,0,true,true,86.904762,90.384615,22434,3644,94.53125,396.032264,,,,,84,true,85.716667,3d13h43min,2026-04-04T13:43
BASE,COLAPSO_LOGISTICO-NORMAL-N01,COLAPSO_LOGISTICO,NORMAL,1,29,71,RECOCIDO_SIMULADO,84,4324.9033,17444,55091.566667,91.566667,0,11,0,true,true,86.904762,90.566038,22568,3636,95.3125,380.801402,,,,,84,true,85.716667,3d13h43min,2026-04-04T13:43
BASE,COLAPSO_LOGISTICO-NORMAL-N01,COLAPSO_LOGISTICO,NORMAL,1,29,71,GENETICO,83,18795.4362,36240,60076.696667,76.696667,0,12,0,true,true,85.542169,90.384615,22808,3662,91.40625,,,,,,83,true,85.716667,3d13h43min,2026-04-04T13:43
BASE,COLAPSO_LOGISTICO-NORMAL-N02,COLAPSO_LOGISTICO,NORMAL,2,0,72,GENETICO,47,11338.0148,18120,25044.053333,44.053333,0,5,0,true,true,89.361702,87.5,18174,2544,61.764706,,,,,,47,true,30.133333,1d06h08min,2026-04-02T06:08
BASE,COLAPSO_LOGISTICO-NORMAL-N02,COLAPSO_LOGISTICO,NORMAL,2,0,72,RECOCIDO_SIMULADO,47,2375.4433,6402,25051.486667,51.486667,0,5,0,true,true,89.361702,87.5,18664,2850,61.764706,92.497186,,,,,47,true,30.133333,1d06h08min,2026-04-02T06:08
BASE,COLAPSO_LOGISTICO-NORMAL-N02,COLAPSO_LOGISTICO,NORMAL,2,1,73,RECOCIDO_SIMULADO,47,2045.9313,6202,25050.878333,50.878333,0,5,0,true,true,89.361702,87.5,17278,2528,61.764706,37.128859,,,,,47,true,30.133333,1d06h08min,2026-04-02T06:08
BASE,COLAPSO_LOGISTICO-NORMAL-N02,COLAPSO_LOGISTICO,NORMAL,2,1,73,GENETICO,47,12245.9863,18120,25044.053333,44.053333,0,5,0,true,true,89.361702,87.5,15650,2294,61.764706,,,,,,47,true,30.133333,1d06h08min,2026-04-02T06:08
BASE,COLAPSO_LOGISTICO-NORMAL-N02,COLAPSO_LOGISTICO,NORMAL,2,2,74,GENETICO,47,12793.3918,18120,25044.053333,44.053333,0,5,0,true,true,89.361702,87.5,17358,2436,61.764706,,,,,,47,true,30.133333,1d06h08min,2026-04-02T06:08
BASE,COLAPSO_LOGISTICO-NORMAL-N02,COLAPSO_LOGISTICO,NORMAL,2,2,74,RECOCIDO_SIMULADO,47,2036.5609,6122,25052.496667,52.496667,0,5,0,true,true,89.361702,87.5,17732,2714,61.764706,43.427179,,,,,47,true,30.133333,1d06h08min,2026-04-02T06:08
BASE,COLAPSO_LOGISTICO-NORMAL-N02,COLAPSO_LOGISTICO,NORMAL,2,3,75,RECOCIDO_SIMULADO,47,2027.4774,5922,25047.888333,47.888333,0,5,0,true,true,89.361702,87.5,19496,2900,61.764706,36.285894,,,,,47,true,30.133333,1d06h08min,2026-04-02T06:08
BASE,COLAPSO_LOGISTICO-NORMAL-N02,COLAPSO_LOGISTICO,NORMAL,2,3,75,GENETICO,47,12132.7603,18120,25044.353333,44.353333,0,5,0,true,true,89.361702,87.5,16198,2258,61.764706,,,,,,47,true,30.133333,1d06h08min,2026-04-02T06:08
BASE,COLAPSO_LOGISTICO-NORMAL-N02,COLAPSO_LOGISTICO,NORMAL,2,4,76,GENETICO,47,11571.6221,18120,25044.053333,44.053333,0,5,0,true,true,89.361702,87.5,16242,2324,61.764706,,,,,,47,true,30.133333,1d06h08min,2026-04-02T06:08
BASE,COLAPSO_LOGISTICO-NORMAL-N02,COLAPSO_LOGISTICO,NORMAL,2,4,76,RECOCIDO_SIMULADO,47,2084.0949,6202,25050.813333,50.813333,0,5,0,true,true,89.361702,87.5,18952,2922,61.764706,46.331392,,,,,47,true,30.133333,1d06h08min,2026-04-02T06:08
BASE,COLAPSO_LOGISTICO-NORMAL-N02,COLAPSO_LOGISTICO,NORMAL,2,5,77,RECOCIDO_SIMULADO,47,2279.3858,6442,25049.07,49.07,0,5,0,true,true,89.361702,87.5,17988,2744,61.764706,69.341534,,,,,47,true,30.133333,1d06h08min,2026-04-02T06:08
BASE,COLAPSO_LOGISTICO-NORMAL-N02,COLAPSO_LOGISTICO,NORMAL,2,5,77,GENETICO,47,12406.7877,18120,25044.236667,44.236667,0,5,0,true,true,89.361702,87.5,16024,2278,61.764706,,,,,,47,true,30.133333,1d06h08min,2026-04-02T06:08
BASE,COLAPSO_LOGISTICO-NORMAL-N02,COLAPSO_LOGISTICO,NORMAL,2,6,78,GENETICO,47,12389.7655,18120,25044.053333,44.053333,0,5,0,true,true,89.361702,87.5,16836,2346,61.764706,,,,,,47,true,30.133333,1d06h08min,2026-04-02T06:08
BASE,COLAPSO_LOGISTICO-NORMAL-N02,COLAPSO_LOGISTICO,NORMAL,2,6,78,RECOCIDO_SIMULADO,47,2519.9658,7362,25048.281667,48.281667,0,5,0,true,true,89.361702,87.5,18118,2758,61.764706,107.71178,,,,,47,true,30.133333,1d06h08min,2026-04-02T06:08
BASE,COLAPSO_LOGISTICO-NORMAL-N02,COLAPSO_LOGISTICO,NORMAL,2,7,79,RECOCIDO_SIMULADO,47,1988.4849,5922,25052.13,52.13,0,5,0,true,true,89.361702,87.5,17950,2682,61.764706,32.303534,,,,,47,true,30.133333,1d06h08min,2026-04-02T06:08
BASE,COLAPSO_LOGISTICO-NORMAL-N02,COLAPSO_LOGISTICO,NORMAL,2,7,79,GENETICO,47,12854.1341,18120,25044.053333,44.053333,0,5,0,true,true,89.361702,87.5,17540,2474,61.764706,,,,,,47,true,30.133333,1d06h08min,2026-04-02T06:08
BASE,COLAPSO_LOGISTICO-NORMAL-N02,COLAPSO_LOGISTICO,NORMAL,2,8,80,GENETICO,47,12391.5036,18120,25044.053333,44.053333,0,5,0,true,true,89.361702,87.5,16260,2256,61.764706,,,,,,47,true,30.133333,1d06h08min,2026-04-02T06:08
BASE,COLAPSO_LOGISTICO-NORMAL-N02,COLAPSO_LOGISTICO,NORMAL,2,8,80,RECOCIDO_SIMULADO,47,2274.0106,6242,25050.218333,50.218333,0,5,0,true,true,89.361702,87.5,18986,2736,61.764706,67.330524,,,,,47,true,30.133333,1d06h08min,2026-04-02T06:08
BASE,COLAPSO_LOGISTICO-NORMAL-N02,COLAPSO_LOGISTICO,NORMAL,2,9,81,RECOCIDO_SIMULADO,47,1905.3522,5922,25048.035,48.035,0,5,0,true,true,89.361702,87.5,18370,2666,61.764706,30.452751,,,,,47,true,30.133333,1d06h08min,2026-04-02T06:08
BASE,COLAPSO_LOGISTICO-NORMAL-N02,COLAPSO_LOGISTICO,NORMAL,2,9,81,GENETICO,47,11745.7802,18120,25044.053333,44.053333,0,5,0,true,true,89.361702,87.5,16318,2254,61.764706,,,,,,47,true,30.133333,1d06h08min,2026-04-02T06:08
BASE,COLAPSO_LOGISTICO-NORMAL-N02,COLAPSO_LOGISTICO,NORMAL,2,10,82,GENETICO,47,12965.6606,18120,25044.053333,44.053333,0,5,0,true,true,89.361702,87.5,16028,2362,61.764706,,,,,,47,true,30.133333,1d06h08min,2026-04-02T06:08
BASE,COLAPSO_LOGISTICO-NORMAL-N02,COLAPSO_LOGISTICO,NORMAL,2,10,82,RECOCIDO_SIMULADO,47,2374.5322,6482,25048.638333,48.638333,0,5,0,true,true,89.361702,87.5,18906,2740,61.764706,73.670954,,,,,47,true,30.133333,1d06h08min,2026-04-02T06:08
BASE,COLAPSO_LOGISTICO-NORMAL-N02,COLAPSO_LOGISTICO,NORMAL,2,11,83,RECOCIDO_SIMULADO,47,1719.8552,5402,25048.821667,48.821667,0,5,0,true,true,89.361702,87.5,18898,2762,61.764706,20.373892,,,,,47,true,30.133333,1d06h08min,2026-04-02T06:08
BASE,COLAPSO_LOGISTICO-NORMAL-N02,COLAPSO_LOGISTICO,NORMAL,2,11,83,GENETICO,47,11651.6702,18120,25044.053333,44.053333,0,5,0,true,true,89.361702,87.5,16408,2306,61.764706,,,,,,47,true,30.133333,1d06h08min,2026-04-02T06:08
BASE,COLAPSO_LOGISTICO-NORMAL-N02,COLAPSO_LOGISTICO,NORMAL,2,12,84,GENETICO,47,11315.1954,18120,25044.908333,44.908333,0,5,0,true,true,89.361702,87.5,16614,2316,61.764706,,,,,,47,true,30.133333,1d06h08min,2026-04-02T06:08
BASE,COLAPSO_LOGISTICO-NORMAL-N02,COLAPSO_LOGISTICO,NORMAL,2,12,84,RECOCIDO_SIMULADO,47,2526.9009,7562,25051.366667,51.366667,0,5,0,true,true,89.361702,87.5,18112,2748,61.764706,86.825065,,,,,47,true,30.133333,1d06h08min,2026-04-02T06:08
BASE,COLAPSO_LOGISTICO-NORMAL-N02,COLAPSO_LOGISTICO,NORMAL,2,13,85,RECOCIDO_SIMULADO,47,2601.1536,7242,25052.675,52.675,0,5,0,true,true,89.361702,87.5,17322,2524,61.764706,133.468428,,,,,47,true,30.133333,1d06h08min,2026-04-02T06:08
BASE,COLAPSO_LOGISTICO-NORMAL-N02,COLAPSO_LOGISTICO,NORMAL,2,13,85,GENETICO,47,12825.9464,18120,25044.053333,44.053333,0,5,0,true,true,89.361702,87.5,16408,2352,61.764706,,,,,,47,true,30.133333,1d06h08min,2026-04-02T06:08
BASE,COLAPSO_LOGISTICO-NORMAL-N02,COLAPSO_LOGISTICO,NORMAL,2,14,86,GENETICO,47,11132.0657,18120,25044.053333,44.053333,0,5,0,true,true,89.361702,87.5,16658,2300,61.764706,,,,,,47,true,30.133333,1d06h08min,2026-04-02T06:08
BASE,COLAPSO_LOGISTICO-NORMAL-N02,COLAPSO_LOGISTICO,NORMAL,2,14,86,RECOCIDO_SIMULADO,47,2029.6996,6082,25050.365,50.365,0,5,0,true,true,89.361702,87.5,18478,2708,61.764706,31.578807,,,,,47,true,30.133333,1d06h08min,2026-04-02T06:08
BASE,COLAPSO_LOGISTICO-NORMAL-N02,COLAPSO_LOGISTICO,NORMAL,2,15,87,RECOCIDO_SIMULADO,47,2361.6851,6962,25050.18,50.18,0,5,0,true,true,89.361702,87.5,19572,2992,61.764706,75.434295,,,,,47,true,30.133333,1d06h08min,2026-04-02T06:08
BASE,COLAPSO_LOGISTICO-NORMAL-N02,COLAPSO_LOGISTICO,NORMAL,2,15,87,GENETICO,47,13127.4466,18120,25044.053333,44.053333,0,5,0,true,true,89.361702,87.5,15362,2148,61.764706,,,,,,47,true,30.133333,1d06h08min,2026-04-02T06:08
BASE,COLAPSO_LOGISTICO-NORMAL-N02,COLAPSO_LOGISTICO,NORMAL,2,16,88,GENETICO,47,13230.067,18120,25044.053333,44.053333,0,5,0,true,true,89.361702,87.5,15662,2290,61.764706,,,,,,47,true,30.133333,1d06h08min,2026-04-02T06:08
BASE,COLAPSO_LOGISTICO-NORMAL-N02,COLAPSO_LOGISTICO,NORMAL,2,16,88,RECOCIDO_SIMULADO,47,2121.5069,6442,25053.038333,53.038333,0,5,0,true,true,89.361702,87.5,18762,2794,61.764706,46.435279,,,,,47,true,30.133333,1d06h08min,2026-04-02T06:08
BASE,COLAPSO_LOGISTICO-NORMAL-N02,COLAPSO_LOGISTICO,NORMAL,2,17,89,RECOCIDO_SIMULADO,47,2172.0661,6322,25049.421667,49.421667,0,5,0,true,true,89.361702,87.5,18310,2760,61.764706,53.432169,,,,,47,true,30.133333,1d06h08min,2026-04-02T06:08
BASE,COLAPSO_LOGISTICO-NORMAL-N02,COLAPSO_LOGISTICO,NORMAL,2,17,89,GENETICO,47,12581.6874,18120,25044.053333,44.053333,0,5,0,true,true,89.361702,87.5,16390,2296,61.764706,,,,,,47,true,30.133333,1d06h08min,2026-04-02T06:08
BASE,COLAPSO_LOGISTICO-NORMAL-N02,COLAPSO_LOGISTICO,NORMAL,2,18,90,GENETICO,47,11755.5625,18120,25044.053333,44.053333,0,5,0,true,true,89.361702,87.5,15470,2244,61.764706,,,,,,47,true,30.133333,1d06h08min,2026-04-02T06:08
BASE,COLAPSO_LOGISTICO-NORMAL-N02,COLAPSO_LOGISTICO,NORMAL,2,18,90,RECOCIDO_SIMULADO,47,2223.5802,6522,25051.761667,51.761667,0,5,0,true,true,89.361702,87.5,18334,2662,61.764706,51.131556,,,,,47,true,30.133333,1d06h08min,2026-04-02T06:08
BASE,COLAPSO_LOGISTICO-NORMAL-N02,COLAPSO_LOGISTICO,NORMAL,2,19,91,RECOCIDO_SIMULADO,47,2044.1096,6162,25047.873333,47.873333,0,5,0,true,true,89.361702,87.5,19194,2774,61.764706,39.280096,,,,,47,true,30.133333,1d06h08min,2026-04-02T06:08
BASE,COLAPSO_LOGISTICO-NORMAL-N02,COLAPSO_LOGISTICO,NORMAL,2,19,91,GENETICO,47,12007.0228,18120,25044.053333,44.053333,0,5,0,true,true,89.361702,87.5,17450,2418,61.764706,,,,,,47,true,30.133333,1d06h08min,2026-04-02T06:08
BASE,COLAPSO_LOGISTICO-NORMAL-N02,COLAPSO_LOGISTICO,NORMAL,2,20,92,GENETICO,47,13216.4782,18120,25044.053333,44.053333,0,5,0,true,true,89.361702,87.5,16764,2414,61.764706,,,,,,47,true,30.133333,1d06h08min,2026-04-02T06:08
BASE,COLAPSO_LOGISTICO-NORMAL-N02,COLAPSO_LOGISTICO,NORMAL,2,20,92,RECOCIDO_SIMULADO,47,2033.474,5962,25050.34,50.34,0,5,0,true,true,89.361702,87.5,17492,2632,61.764706,46.359411,,,,,47,true,30.133333,1d06h08min,2026-04-02T06:08
BASE,COLAPSO_LOGISTICO-NORMAL-N02,COLAPSO_LOGISTICO,NORMAL,2,21,93,RECOCIDO_SIMULADO,47,2468.8482,6922,25050.828333,50.828333,0,5,0,true,true,89.361702,87.5,19788,2888,61.764706,104.3665,,,,,47,true,30.133333,1d06h08min,2026-04-02T06:08
BASE,COLAPSO_LOGISTICO-NORMAL-N02,COLAPSO_LOGISTICO,NORMAL,2,21,93,GENETICO,47,12372.9364,18120,25044.053333,44.053333,0,5,0,true,true,89.361702,87.5,15956,2306,61.764706,,,,,,47,true,30.133333,1d06h08min,2026-04-02T06:08
BASE,COLAPSO_LOGISTICO-NORMAL-N02,COLAPSO_LOGISTICO,NORMAL,2,22,94,GENETICO,47,12785.1329,18120,25044.053333,44.053333,0,5,0,true,true,89.361702,87.5,17472,2488,61.764706,,,,,,47,true,30.133333,1d06h08min,2026-04-02T06:08
BASE,COLAPSO_LOGISTICO-NORMAL-N02,COLAPSO_LOGISTICO,NORMAL,2,22,94,RECOCIDO_SIMULADO,47,2324.4422,6522,25048.8,48.8,0,5,0,true,true,89.361702,87.5,16882,2582,61.764706,85.308916,,,,,47,true,30.133333,1d06h08min,2026-04-02T06:08
BASE,COLAPSO_LOGISTICO-NORMAL-N02,COLAPSO_LOGISTICO,NORMAL,2,23,95,RECOCIDO_SIMULADO,47,2364.0148,6682,25047.831667,47.831667,0,5,0,true,true,89.361702,87.5,17918,2746,61.764706,68.928457,,,,,47,true,30.133333,1d06h08min,2026-04-02T06:08
BASE,COLAPSO_LOGISTICO-NORMAL-N02,COLAPSO_LOGISTICO,NORMAL,2,23,95,GENETICO,47,12272.1104,18120,25044.053333,44.053333,0,5,0,true,true,89.361702,87.5,16276,2406,61.764706,,,,,,47,true,30.133333,1d06h08min,2026-04-02T06:08
BASE,COLAPSO_LOGISTICO-NORMAL-N02,COLAPSO_LOGISTICO,NORMAL,2,24,96,GENETICO,47,13009.1456,18120,25044.053333,44.053333,0,5,0,true,true,89.361702,87.5,17996,2558,61.764706,,,,,,47,true,30.133333,1d06h08min,2026-04-02T06:08
BASE,COLAPSO_LOGISTICO-NORMAL-N02,COLAPSO_LOGISTICO,NORMAL,2,24,96,RECOCIDO_SIMULADO,47,2088.1104,5962,25053.486667,53.486667,0,5,0,true,true,89.361702,87.5,17502,2668,61.764706,46.252693,,,,,47,true,30.133333,1d06h08min,2026-04-02T06:08
BASE,COLAPSO_LOGISTICO-NORMAL-N02,COLAPSO_LOGISTICO,NORMAL,2,25,97,RECOCIDO_SIMULADO,47,2363.508,6402,25049.243333,49.243333,0,5,0,true,true,89.361702,87.5,17682,2578,61.764706,79.619241,,,,,47,true,30.133333,1d06h08min,2026-04-02T06:08
BASE,COLAPSO_LOGISTICO-NORMAL-N02,COLAPSO_LOGISTICO,NORMAL,2,25,97,GENETICO,47,11454.8121,18120,25044.053333,44.053333,0,5,0,true,true,89.361702,87.5,16958,2318,61.764706,,,,,,47,true,30.133333,1d06h08min,2026-04-02T06:08
BASE,COLAPSO_LOGISTICO-NORMAL-N02,COLAPSO_LOGISTICO,NORMAL,2,26,98,GENETICO,47,12792.5681,18120,25044.053333,44.053333,0,5,0,true,true,89.361702,87.5,16626,2422,61.764706,,,,,,47,true,30.133333,1d06h08min,2026-04-02T06:08
BASE,COLAPSO_LOGISTICO-NORMAL-N02,COLAPSO_LOGISTICO,NORMAL,2,26,98,RECOCIDO_SIMULADO,47,2400.4597,6802,25047.625,47.625,0,5,0,true,true,89.361702,87.5,18466,2614,61.764706,83.0495,,,,,47,true,30.133333,1d06h08min,2026-04-02T06:08
BASE,COLAPSO_LOGISTICO-NORMAL-N02,COLAPSO_LOGISTICO,NORMAL,2,27,99,RECOCIDO_SIMULADO,47,1851.5409,6042,25049.703333,49.703333,0,5,0,true,true,89.361702,87.5,17444,2598,61.764706,20.78477,,,,,47,true,30.133333,1d06h08min,2026-04-02T06:08
BASE,COLAPSO_LOGISTICO-NORMAL-N02,COLAPSO_LOGISTICO,NORMAL,2,27,99,GENETICO,47,11350.2648,18120,25044.053333,44.053333,0,5,0,true,true,89.361702,87.5,17702,2524,61.764706,,,,,,47,true,30.133333,1d06h08min,2026-04-02T06:08
BASE,COLAPSO_LOGISTICO-NORMAL-N02,COLAPSO_LOGISTICO,NORMAL,2,28,100,GENETICO,47,13010.9648,18120,25044.053333,44.053333,0,5,0,true,true,89.361702,87.5,16884,2442,61.764706,,,,,,47,true,30.133333,1d06h08min,2026-04-02T06:08
BASE,COLAPSO_LOGISTICO-NORMAL-N02,COLAPSO_LOGISTICO,NORMAL,2,28,100,RECOCIDO_SIMULADO,47,2260.8809,6482,25049.42,49.42,0,5,0,true,true,89.361702,87.5,18350,2662,61.764706,65.672404,,,,,47,true,30.133333,1d06h08min,2026-04-02T06:08
BASE,COLAPSO_LOGISTICO-NORMAL-N02,COLAPSO_LOGISTICO,NORMAL,2,29,101,RECOCIDO_SIMULADO,47,2272.065,6322,25050.601667,50.601667,0,5,0,true,true,89.361702,87.5,18376,2664,61.764706,57.70496,,,,,47,true,30.133333,1d06h08min,2026-04-02T06:08
BASE,COLAPSO_LOGISTICO-NORMAL-N02,COLAPSO_LOGISTICO,NORMAL,2,29,101,GENETICO,47,12764.5947,18120,25044.053333,44.053333,0,5,0,true,true,89.361702,87.5,16588,2348,61.764706,,,,,,47,true,30.133333,1d06h08min,2026-04-02T06:08
BASE,COLAPSO_LOGISTICO-NORMAL-N03,COLAPSO_LOGISTICO,NORMAL,3,0,102,GENETICO,48,12671.6659,18120,20050.046667,50.046667,0,4,0,true,true,91.666667,89.285714,17232,2368,56.372549,,,,,,48,true,42.433333,1d18h26min,2026-04-02T18:26
BASE,COLAPSO_LOGISTICO-NORMAL-N03,COLAPSO_LOGISTICO,NORMAL,3,0,102,RECOCIDO_SIMULADO,49,2599.88,9162,25050.141667,50.141667,0,5,0,true,true,89.795918,86.206897,17096,2340,56.372549,72.816546,,,,,49,true,24.25,1d00h15min,2026-04-02T00:15
BASE,COLAPSO_LOGISTICO-NORMAL-N03,COLAPSO_LOGISTICO,NORMAL,3,1,103,RECOCIDO_SIMULADO,50,3081.4831,10962,20061.705,61.705,0,4,0,true,true,92,89.285714,17890,2460,61.029412,291.201691,,,,,50,true,42.433333,1d18h26min,2026-04-02T18:26
BASE,COLAPSO_LOGISTICO-NORMAL-N03,COLAPSO_LOGISTICO,NORMAL,3,1,103,GENETICO,48,13268.8918,18120,20050.046667,50.046667,0,4,0,true,true,91.666667,89.285714,17504,2360,56.372549,,,,,,48,true,42.433333,1d18h26min,2026-04-02T18:26
BASE,COLAPSO_LOGISTICO-NORMAL-N03,COLAPSO_LOGISTICO,NORMAL,3,2,104,GENETICO,48,12795.1984,18120,20050.046667,50.046667,0,4,0,true,true,91.666667,89.285714,18050,2514,56.372549,,,,,,48,true,42.433333,1d18h26min,2026-04-02T18:26
BASE,COLAPSO_LOGISTICO-NORMAL-N03,COLAPSO_LOGISTICO,NORMAL,3,2,104,RECOCIDO_SIMULADO,48,2710.4025,10042,20050.141667,50.141667,0,4,0,true,true,91.666667,89.285714,17096,2340,56.372549,77.936714,,,,,48,true,42.433333,1d18h26min,2026-04-02T18:26
BASE,COLAPSO_LOGISTICO-NORMAL-N03,COLAPSO_LOGISTICO,NORMAL,3,3,105,RECOCIDO_SIMULADO,48,3016.0568,11162,20050.141667,50.141667,0,4,0,true,true,91.666667,89.285714,17096,2340,56.372549,183.207929,,,,,48,true,42.433333,1d18h26min,2026-04-02T18:26
BASE,COLAPSO_LOGISTICO-NORMAL-N03,COLAPSO_LOGISTICO,NORMAL,3,3,105,GENETICO,48,11886.7997,18120,20050.046667,50.046667,0,4,0,true,true,91.666667,89.285714,18370,2590,56.372549,,,,,,48,true,42.433333,1d18h26min,2026-04-02T18:26
BASE,COLAPSO_LOGISTICO-NORMAL-N03,COLAPSO_LOGISTICO,NORMAL,3,4,106,GENETICO,48,10521.4275,18120,20049.716667,49.716667,0,4,0,true,true,91.666667,89.285714,16628,2378,56.372549,,,,,,48,true,42.433333,1d18h26min,2026-04-02T18:26
BASE,COLAPSO_LOGISTICO-NORMAL-N03,COLAPSO_LOGISTICO,NORMAL,3,4,106,RECOCIDO_SIMULADO,50,2803.7998,10282,20061.705,61.705,0,4,0,true,true,92,89.285714,17890,2460,61.029412,98.974348,,,,,50,true,42.433333,1d18h26min,2026-04-02T18:26
BASE,COLAPSO_LOGISTICO-NORMAL-N03,COLAPSO_LOGISTICO,NORMAL,3,5,107,RECOCIDO_SIMULADO,48,2751.3926,10002,20050.141667,50.141667,0,4,0,true,true,91.666667,89.285714,17096,2340,56.372549,97.371992,,,,,48,true,42.433333,1d18h26min,2026-04-02T18:26
BASE,COLAPSO_LOGISTICO-NORMAL-N03,COLAPSO_LOGISTICO,NORMAL,3,5,107,GENETICO,48,13689.1599,18120,20050.046667,50.046667,0,4,0,true,true,91.666667,89.285714,17290,2412,56.372549,,,,,,48,true,42.433333,1d18h26min,2026-04-02T18:26
BASE,COLAPSO_LOGISTICO-NORMAL-N03,COLAPSO_LOGISTICO,NORMAL,3,6,108,GENETICO,48,11032.781,18120,20050.046667,50.046667,0,4,0,true,true,91.666667,89.285714,16980,2376,56.372549,,,,,,48,true,42.433333,1d18h26min,2026-04-02T18:26
BASE,COLAPSO_LOGISTICO-NORMAL-N03,COLAPSO_LOGISTICO,NORMAL,3,6,108,RECOCIDO_SIMULADO,50,2708.7645,9802,20061.705,61.705,0,4,0,true,true,92,89.285714,17890,2460,61.029412,93.471377,,,,,50,true,42.433333,1d18h26min,2026-04-02T18:26
BASE,COLAPSO_LOGISTICO-NORMAL-N03,COLAPSO_LOGISTICO,NORMAL,3,7,109,RECOCIDO_SIMULADO,49,3251.5056,11202,20054.958333,54.958333,0,4,0,true,true,91.836735,89.655172,17848,2434,57.352941,474.019008,,,,,49,true,42.433333,1d18h26min,2026-04-02T18:26
BASE,COLAPSO_LOGISTICO-NORMAL-N03,COLAPSO_LOGISTICO,NORMAL,3,7,109,GENETICO,48,11972.9425,18120,20050.046667,50.046667,0,4,0,true,true,91.666667,89.285714,17232,2368,56.372549,,,,,,48,true,42.433333,1d18h26min,2026-04-02T18:26
BASE,COLAPSO_LOGISTICO-NORMAL-N03,COLAPSO_LOGISTICO,NORMAL,3,8,110,GENETICO,48,14805.4071,18120,20049.716667,49.716667,0,4,0,true,true,91.666667,89.285714,17798,2440,56.372549,,,,,,48,true,42.433333,1d18h26min,2026-04-02T18:26
BASE,COLAPSO_LOGISTICO-NORMAL-N03,COLAPSO_LOGISTICO,NORMAL,3,8,110,RECOCIDO_SIMULADO,50,3284.3976,11522,20059.53,59.53,0,4,0,true,true,92,89.655172,17298,2386,60.294118,493.392582,,,,,50,true,42.433333,1d18h26min,2026-04-02T18:26
BASE,COLAPSO_LOGISTICO-NORMAL-N03,COLAPSO_LOGISTICO,NORMAL,3,9,111,RECOCIDO_SIMULADO,49,2679.4766,10042,20053.755,53.755,0,4,0,true,true,91.836735,89.285714,17346,2392,58.578431,65.816936,,,,,49,true,42.433333,1d18h26min,2026-04-02T18:26
BASE,COLAPSO_LOGISTICO-NORMAL-N03,COLAPSO_LOGISTICO,NORMAL,3,9,111,GENETICO,48,12800.6951,18120,20050.046667,50.046667,0,4,0,true,true,91.666667,89.285714,17452,2338,56.372549,,,,,,48,true,42.433333,1d18h26min,2026-04-02T18:26
BASE,COLAPSO_LOGISTICO-NORMAL-N03,COLAPSO_LOGISTICO,NORMAL,3,10,112,GENETICO,48,15675.9324,18120,20048.838333,48.838333,0,4,0,true,true,91.666667,89.285714,18762,2650,56.372549,,,,,,48,true,42.433333,1d18h26min,2026-04-02T18:26
BASE,COLAPSO_LOGISTICO-NORMAL-N03,COLAPSO_LOGISTICO,NORMAL,3,10,112,RECOCIDO_SIMULADO,50,3035.0801,10562,20061.705,61.705,0,4,0,true,true,92,89.285714,17890,2460,61.029412,258.568798,,,,,50,true,42.433333,1d18h26min,2026-04-02T18:26
BASE,COLAPSO_LOGISTICO-NORMAL-N03,COLAPSO_LOGISTICO,NORMAL,3,11,113,RECOCIDO_SIMULADO,50,2638.0726,9802,20061.705,61.705,0,4,0,true,true,92,89.285714,17890,2460,61.029412,70.239246,,,,,50,true,42.433333,1d18h26min,2026-04-02T18:26
BASE,COLAPSO_LOGISTICO-NORMAL-N03,COLAPSO_LOGISTICO,NORMAL,3,11,113,GENETICO,48,13401.1141,18120,20050.046667,50.046667,0,4,0,true,true,91.666667,89.285714,19282,2656,56.372549,,,,,,48,true,42.433333,1d18h26min,2026-04-02T18:26
BASE,COLAPSO_LOGISTICO-NORMAL-N03,COLAPSO_LOGISTICO,NORMAL,3,12,114,GENETICO,48,12683.2014,18120,20050.046667,50.046667,0,4,0,true,true,91.666667,89.285714,17778,2404,56.372549,,,,,,48,true,42.433333,1d18h26min,2026-04-02T18:26
BASE,COLAPSO_LOGISTICO-NORMAL-N03,COLAPSO_LOGISTICO,NORMAL,3,12,114,RECOCIDO_SIMULADO,49,2609.8949,9202,20054.646667,54.646667,0,4,0,true,true,91.836735,89.285714,17670,2410,57.352941,87.475147,,,,,49,true,42.433333,1d18h26min,2026-04-02T18:26
BASE,COLAPSO_LOGISTICO-NORMAL-N03,COLAPSO_LOGISTICO,NORMAL,3,13,115,RECOCIDO_SIMULADO,48,2778.135,9562,20050.141667,50.141667,0,4,0,true,true,91.666667,89.285714,17096,2340,56.372549,247.652003,,,,,48,true,42.433333,1d18h26min,2026-04-02T18:26
BASE,COLAPSO_LOGISTICO-NORMAL-N03,COLAPSO_LOGISTICO,NORMAL,3,13,115,GENETICO,48,13285.8951,18120,20049.171667,49.171667,0,4,0,true,true,91.666667,89.285714,17066,2482,56.372549,,,,,,48,true,42.433333,1d18h26min,2026-04-02T18:26
BASE,COLAPSO_LOGISTICO-NORMAL-N03,COLAPSO_LOGISTICO,NORMAL,3,14,116,GENETICO,48,15152.3928,18120,20050.046667,50.046667,0,4,0,true,true,91.666667,89.285714,17090,2412,56.372549,,,,,,48,true,42.433333,1d18h26min,2026-04-02T18:26
BASE,COLAPSO_LOGISTICO-NORMAL-N03,COLAPSO_LOGISTICO,NORMAL,3,14,116,RECOCIDO_SIMULADO,48,2561.0208,9842,20050.141667,50.141667,0,4,0,true,true,91.666667,89.285714,17096,2340,56.372549,46.587752,,,,,48,true,42.433333,1d18h26min,2026-04-02T18:26
BASE,COLAPSO_LOGISTICO-NORMAL-N03,COLAPSO_LOGISTICO,NORMAL,3,15,117,RECOCIDO_SIMULADO,48,2795.0124,9842,20050.141667,50.141667,0,4,0,true,true,91.666667,89.285714,17096,2340,56.372549,241.484889,,,,,48,true,42.433333,1d18h26min,2026-04-02T18:26
BASE,COLAPSO_LOGISTICO-NORMAL-N03,COLAPSO_LOGISTICO,NORMAL,3,15,117,GENETICO,48,12850.7098,18120,20048.838333,48.838333,0,4,0,true,true,91.666667,89.285714,16290,2206,56.372549,,,,,,48,true,42.433333,1d18h26min,2026-04-02T18:26
BASE,COLAPSO_LOGISTICO-NORMAL-N03,COLAPSO_LOGISTICO,NORMAL,3,16,118,GENETICO,48,11785.9485,18120,20049.716667,49.716667,0,4,0,true,true,91.666667,89.285714,17370,2448,56.372549,,,,,,48,true,42.433333,1d18h26min,2026-04-02T18:26
BASE,COLAPSO_LOGISTICO-NORMAL-N03,COLAPSO_LOGISTICO,NORMAL,3,16,118,RECOCIDO_SIMULADO,50,2847.7771,10282,20061.705,61.705,0,4,0,true,true,92,89.285714,17890,2460,61.029412,112.627789,,,,,50,true,42.433333,1d18h26min,2026-04-02T18:26
BASE,COLAPSO_LOGISTICO-NORMAL-N03,COLAPSO_LOGISTICO,NORMAL,3,17,119,RECOCIDO_SIMULADO,48,2714.5946,9642,20050.141667,50.141667,0,4,0,true,true,91.666667,89.285714,17096,2340,56.372549,129.432857,,,,,48,true,42.433333,1d18h26min,2026-04-02T18:26
BASE,COLAPSO_LOGISTICO-NORMAL-N03,COLAPSO_LOGISTICO,NORMAL,3,17,119,GENETICO,48,12587.1809,18120,20050.046667,50.046667,0,4,0,true,true,91.666667,89.285714,17922,2374,56.372549,,,,,,48,true,42.433333,1d18h26min,2026-04-02T18:26
BASE,COLAPSO_LOGISTICO-NORMAL-N03,COLAPSO_LOGISTICO,NORMAL,3,18,120,GENETICO,48,10252.458,18120,20050.046667,50.046667,0,4,0,true,true,91.666667,89.285714,18438,2484,56.372549,,,,,,48,true,42.433333,1d18h26min,2026-04-02T18:26
BASE,COLAPSO_LOGISTICO-NORMAL-N03,COLAPSO_LOGISTICO,NORMAL,3,18,120,RECOCIDO_SIMULADO,48,3215.1018,11202,20050.141667,50.141667,0,4,0,true,true,91.666667,89.285714,17096,2340,56.372549,482.88222,,,,,48,true,42.433333,1d18h26min,2026-04-02T18:26
BASE,COLAPSO_LOGISTICO-NORMAL-N03,COLAPSO_LOGISTICO,NORMAL,3,19,121,RECOCIDO_SIMULADO,49,2606.7951,9602,20054.646667,54.646667,0,4,0,true,true,91.836735,89.285714,17670,2410,57.352941,49.600868,,,,,49,true,42.433333,1d18h26min,2026-04-02T18:26
BASE,COLAPSO_LOGISTICO-NORMAL-N03,COLAPSO_LOGISTICO,NORMAL,3,19,121,GENETICO,48,12119.27,18120,20050.046667,50.046667,0,4,0,true,true,91.666667,89.285714,17232,2368,56.372549,,,,,,48,true,42.433333,1d18h26min,2026-04-02T18:26
BASE,COLAPSO_LOGISTICO-NORMAL-N03,COLAPSO_LOGISTICO,NORMAL,3,20,122,GENETICO,48,10684.0107,18120,20050.046667,50.046667,0,4,0,true,true,91.666667,89.285714,17324,2410,56.372549,,,,,,48,true,42.433333,1d18h26min,2026-04-02T18:26
BASE,COLAPSO_LOGISTICO-NORMAL-N03,COLAPSO_LOGISTICO,NORMAL,3,20,122,RECOCIDO_SIMULADO,49,3041.4019,10842,20058.091667,58.091667,0,4,0,true,true,91.836735,89.285714,17640,2408,58.823529,283.217837,,,,,49,true,42.433333,1d18h26min,2026-04-02T18:26
BASE,COLAPSO_LOGISTICO-NORMAL-N03,COLAPSO_LOGISTICO,NORMAL,3,21,123,RECOCIDO_SIMULADO,48,2660.7109,9522,20050.141667,50.141667,0,4,0,true,true,91.666667,89.285714,17096,2340,56.372549,99.74083,,,,,48,true,42.433333,1d18h26min,2026-04-02T18:26
BASE,COLAPSO_LOGISTICO-NORMAL-N03,COLAPSO_LOGISTICO,NORMAL,3,21,123,GENETICO,48,11921.7041,18120,20050.046667,50.046667,0,4,0,true,true,91.666667,89.285714,18598,2680,56.372549,,,,,,48,true,42.433333,1d18h26min,2026-04-02T18:26
BASE,COLAPSO_LOGISTICO-NORMAL-N03,COLAPSO_LOGISTICO,NORMAL,3,22,124,GENETICO,48,12926.9718,18120,20050.046667,50.046667,0,4,0,true,true,91.666667,89.285714,17842,2572,56.372549,,,,,,48,true,42.433333,1d18h26min,2026-04-02T18:26
BASE,COLAPSO_LOGISTICO-NORMAL-N03,COLAPSO_LOGISTICO,NORMAL,3,22,124,RECOCIDO_SIMULADO,50,2960.8168,10642,20061.705,61.705,0,4,0,true,true,92,89.285714,17890,2460,61.029412,122.123406,,,,,50,true,42.433333,1d18h26min,2026-04-02T18:26
BASE,COLAPSO_LOGISTICO-NORMAL-N03,COLAPSO_LOGISTICO,NORMAL,3,23,125,RECOCIDO_SIMULADO,50,2212.9365,7442,20061.705,61.705,0,4,0,true,true,92,89.285714,17890,2460,61.029412,79.286799,,,,,50,true,42.433333,1d18h26min,2026-04-02T18:26
BASE,COLAPSO_LOGISTICO-NORMAL-N03,COLAPSO_LOGISTICO,NORMAL,3,23,125,GENETICO,48,9821.2477,18120,20050.046667,50.046667,0,4,0,true,true,91.666667,89.285714,17184,2412,56.372549,,,,,,48,true,42.433333,1d18h26min,2026-04-02T18:26
BASE,COLAPSO_LOGISTICO-NORMAL-N03,COLAPSO_LOGISTICO,NORMAL,3,24,126,GENETICO,48,12539.3189,18120,20049.171667,49.171667,0,4,0,true,true,91.666667,89.285714,17814,2406,56.372549,,,,,,48,true,42.433333,1d18h26min,2026-04-02T18:26
BASE,COLAPSO_LOGISTICO-NORMAL-N03,COLAPSO_LOGISTICO,NORMAL,3,24,126,RECOCIDO_SIMULADO,49,2869.4945,10402,20054.958333,54.958333,0,4,0,true,true,91.836735,89.655172,17848,2434,57.352941,77.961188,,,,,49,true,42.433333,1d18h26min,2026-04-02T18:26
BASE,COLAPSO_LOGISTICO-NORMAL-N03,COLAPSO_LOGISTICO,NORMAL,3,25,127,RECOCIDO_SIMULADO,48,2617.4475,9642,20050.141667,50.141667,0,4,0,true,true,91.666667,89.285714,17096,2340,56.372549,64.961814,,,,,48,true,42.433333,1d18h26min,2026-04-02T18:26
BASE,COLAPSO_LOGISTICO-NORMAL-N03,COLAPSO_LOGISTICO,NORMAL,3,25,127,GENETICO,48,10832.6336,18120,20050.046667,50.046667,0,4,0,true,true,91.666667,89.285714,17452,2414,56.372549,,,,,,48,true,42.433333,1d18h26min,2026-04-02T18:26
BASE,COLAPSO_LOGISTICO-NORMAL-N03,COLAPSO_LOGISTICO,NORMAL,3,26,128,GENETICO,48,14335.3514,18120,20050.046667,50.046667,0,4,0,true,true,91.666667,89.285714,19072,2672,56.372549,,,,,,48,true,42.433333,1d18h26min,2026-04-02T18:26
BASE,COLAPSO_LOGISTICO-NORMAL-N03,COLAPSO_LOGISTICO,NORMAL,3,26,128,RECOCIDO_SIMULADO,50,2652.1026,9082,20061.705,61.705,0,4,0,true,true,92,89.285714,17890,2460,61.029412,130.503543,,,,,50,true,42.433333,1d18h26min,2026-04-02T18:26
BASE,COLAPSO_LOGISTICO-NORMAL-N03,COLAPSO_LOGISTICO,NORMAL,3,27,129,RECOCIDO_SIMULADO,48,2827.0331,10082,20050.141667,50.141667,0,4,0,true,true,91.666667,89.285714,17096,2340,56.372549,114.348331,,,,,48,true,42.433333,1d18h26min,2026-04-02T18:26
BASE,COLAPSO_LOGISTICO-NORMAL-N03,COLAPSO_LOGISTICO,NORMAL,3,27,129,GENETICO,48,13342.6063,18120,20050.046667,50.046667,0,4,0,true,true,91.666667,89.285714,17604,2428,56.372549,,,,,,48,true,42.433333,1d18h26min,2026-04-02T18:26
BASE,COLAPSO_LOGISTICO-NORMAL-N03,COLAPSO_LOGISTICO,NORMAL,3,28,130,GENETICO,48,13145.4755,18120,20049.716667,49.716667,0,4,0,true,true,91.666667,89.285714,18546,2646,56.372549,,,,,,48,true,42.433333,1d18h26min,2026-04-02T18:26
BASE,COLAPSO_LOGISTICO-NORMAL-N03,COLAPSO_LOGISTICO,NORMAL,3,28,130,RECOCIDO_SIMULADO,48,3191.68,11362,20050.141667,50.141667,0,4,0,true,true,91.666667,89.285714,17096,2340,56.372549,342.097029,,,,,48,true,42.433333,1d18h26min,2026-04-02T18:26
BASE,COLAPSO_LOGISTICO-NORMAL-N03,COLAPSO_LOGISTICO,NORMAL,3,29,131,RECOCIDO_SIMULADO,48,2734.077,9682,20050.141667,50.141667,0,4,0,true,true,91.666667,89.285714,17096,2340,56.372549,155.74221,,,,,48,true,42.433333,1d18h26min,2026-04-02T18:26
BASE,COLAPSO_LOGISTICO-NORMAL-N03,COLAPSO_LOGISTICO,NORMAL,3,29,131,GENETICO,48,10480.257,18120,20050.046667,50.046667,0,4,0,true,true,91.666667,89.285714,17108,2380,56.372549,,,,,,48,true,42.433333,1d18h26min,2026-04-02T18:26
BASE,COLAPSO_LOGISTICO-ALTA-N01,COLAPSO_LOGISTICO,ALTA,1,0,42,GENETICO,42,5902.1783,9060,15039.441667,39.441667,0,3,0,true,true,92.857143,90.909091,17004,2266,54.656863,,,,,,42,true,23.233333,0d23h14min,2026-04-01T23:14
BASE,COLAPSO_LOGISTICO-ALTA-N01,COLAPSO_LOGISTICO,ALTA,1,0,42,RECOCIDO_SIMULADO,42,1253.6577,4341,15044.65,44.65,0,3,0,true,true,92.857143,90.909091,18060,2528,54.656863,227.590844,,,,,42,true,23.233333,0d23h14min,2026-04-01T23:14
BASE,COLAPSO_LOGISTICO-ALTA-N01,COLAPSO_LOGISTICO,ALTA,1,1,43,RECOCIDO_SIMULADO,42,1184.7974,4061,15040.545,40.545,0,3,0,true,true,92.857143,90.909091,20936,3104,54.656863,156.411804,,,,,42,true,23.233333,0d23h14min,2026-04-01T23:14
BASE,COLAPSO_LOGISTICO-ALTA-N01,COLAPSO_LOGISTICO,ALTA,1,1,43,GENETICO,42,6351.4089,9060,15039.441667,39.441667,0,3,0,true,true,92.857143,90.909091,17950,2426,54.656863,,,,,,42,true,23.233333,0d23h14min,2026-04-01T23:14
BASE,COLAPSO_LOGISTICO-ALTA-N01,COLAPSO_LOGISTICO,ALTA,1,2,44,GENETICO,42,6447.7772,9060,15039.441667,39.441667,0,3,0,true,true,92.857143,90.909091,18410,2488,54.656863,,,,,,42,true,23.233333,0d23h14min,2026-04-01T23:14
BASE,COLAPSO_LOGISTICO-ALTA-N01,COLAPSO_LOGISTICO,ALTA,1,2,44,RECOCIDO_SIMULADO,42,1128.9765,3861,15041.19,41.19,0,3,0,true,true,92.857143,90.909091,19458,2842,54.656863,120.829643,,,,,42,true,23.233333,0d23h14min,2026-04-01T23:14
BASE,COLAPSO_LOGISTICO-ALTA-N01,COLAPSO_LOGISTICO,ALTA,1,3,45,RECOCIDO_SIMULADO,42,1176.6899,3981,15042.355,42.355,0,3,0,true,true,92.857143,90.909091,18026,2718,54.656863,138.559453,,,,,42,true,23.233333,0d23h14min,2026-04-01T23:14
BASE,COLAPSO_LOGISTICO-ALTA-N01,COLAPSO_LOGISTICO,ALTA,1,3,45,GENETICO,42,5824.9061,9060,15039.833333,39.833333,0,3,0,true,true,92.857143,90.909091,20308,2814,54.656863,,,,,,42,true,23.233333,0d23h14min,2026-04-01T23:14
BASE,COLAPSO_LOGISTICO-ALTA-N01,COLAPSO_LOGISTICO,ALTA,1,4,46,GENETICO,42,5813.2447,9060,15039.441667,39.441667,0,3,0,true,true,92.857143,90.909091,19396,2700,54.656863,,,,,,42,true,23.233333,0d23h14min,2026-04-01T23:14
BASE,COLAPSO_LOGISTICO-ALTA-N01,COLAPSO_LOGISTICO,ALTA,1,4,46,RECOCIDO_SIMULADO,42,948.6948,3221,15041.118333,41.118333,0,3,0,true,true,92.857143,90.909091,18404,2898,54.656863,54.15308,,,,,42,true,23.233333,0d23h14min,2026-04-01T23:14
BASE,COLAPSO_LOGISTICO-ALTA-N01,COLAPSO_LOGISTICO,ALTA,1,5,47,RECOCIDO_SIMULADO,42,1259.1256,4221,15041.808333,41.808333,0,3,0,true,true,92.857143,90.909091,21784,3124,54.656863,192.959331,,,,,42,true,23.233333,0d23h14min,2026-04-01T23:14
BASE,COLAPSO_LOGISTICO-ALTA-N01,COLAPSO_LOGISTICO,ALTA,1,5,47,GENETICO,42,5847.647,9060,15039.441667,39.441667,0,3,0,true,true,92.857143,90.909091,19426,2776,54.656863,,,,,,42,true,23.233333,0d23h14min,2026-04-01T23:14
BASE,COLAPSO_LOGISTICO-ALTA-N01,COLAPSO_LOGISTICO,ALTA,1,6,48,GENETICO,42,5091.3801,9060,15039.441667,39.441667,0,3,0,true,true,92.857143,90.909091,17844,2518,54.656863,,,,,,42,true,23.233333,0d23h14min,2026-04-01T23:14
BASE,COLAPSO_LOGISTICO-ALTA-N01,COLAPSO_LOGISTICO,ALTA,1,6,48,RECOCIDO_SIMULADO,42,1169.1972,3981,15039.833333,39.833333,0,3,0,true,true,92.857143,90.909091,19212,3008,54.656863,139.74794,,,,,42,true,23.233333,0d23h14min,2026-04-01T23:14
BASE,COLAPSO_LOGISTICO-ALTA-N01,COLAPSO_LOGISTICO,ALTA,1,7,49,RECOCIDO_SIMULADO,42,1105.3211,3781,15041.726667,41.726667,0,3,0,true,true,92.857143,90.909091,18638,2898,54.656863,106.520389,,,,,42,true,23.233333,0d23h14min,2026-04-01T23:14
BASE,COLAPSO_LOGISTICO-ALTA-N01,COLAPSO_LOGISTICO,ALTA,1,7,49,GENETICO,42,6267.5123,9060,15039.441667,39.441667,0,3,0,true,true,92.857143,90.909091,20392,2760,54.656863,,,,,,42,true,23.233333,0d23h14min,2026-04-01T23:14
BASE,COLAPSO_LOGISTICO-ALTA-N01,COLAPSO_LOGISTICO,ALTA,1,8,50,GENETICO,42,6134.9958,9060,15039.441667,39.441667,0,3,0,true,true,92.857143,90.909091,18196,2450,54.656863,,,,,,42,true,23.233333,0d23h14min,2026-04-01T23:14
BASE,COLAPSO_LOGISTICO-ALTA-N01,COLAPSO_LOGISTICO,ALTA,1,8,50,RECOCIDO_SIMULADO,42,945.3666,3181,15040.988333,40.988333,0,3,0,true,true,92.857143,90.909091,19570,2946,54.656863,50.246779,,,,,42,true,23.233333,0d23h14min,2026-04-01T23:14
BASE,COLAPSO_LOGISTICO-ALTA-N01,COLAPSO_LOGISTICO,ALTA,1,9,51,RECOCIDO_SIMULADO,42,1081.078,3661,15039.833333,39.833333,0,3,0,true,true,92.857143,90.909091,21000,3128,54.656863,92.839186,,,,,42,true,23.233333,0d23h14min,2026-04-01T23:14
BASE,COLAPSO_LOGISTICO-ALTA-N01,COLAPSO_LOGISTICO,ALTA,1,9,51,GENETICO,42,5400.7372,9060,15039.441667,39.441667,0,3,0,true,true,92.857143,90.909091,19226,2568,54.656863,,,,,,42,true,23.233333,0d23h14min,2026-04-01T23:14
BASE,COLAPSO_LOGISTICO-ALTA-N01,COLAPSO_LOGISTICO,ALTA,1,10,52,GENETICO,42,6000.1515,9060,15039.441667,39.441667,0,3,0,true,true,92.857143,90.909091,19804,2634,54.656863,,,,,,42,true,23.233333,0d23h14min,2026-04-01T23:14
BASE,COLAPSO_LOGISTICO-ALTA-N01,COLAPSO_LOGISTICO,ALTA,1,10,52,RECOCIDO_SIMULADO,42,959.709,3141,15042.078333,42.078333,0,3,0,true,true,92.857143,90.909091,20256,3040,54.656863,49.152414,,,,,42,true,23.233333,0d23h14min,2026-04-01T23:14
BASE,COLAPSO_LOGISTICO-ALTA-N01,COLAPSO_LOGISTICO,ALTA,1,11,53,RECOCIDO_SIMULADO,42,1061.9342,3501,15044.65,44.65,0,3,0,true,true,92.857143,90.909091,18060,2528,54.656863,76.362646,,,,,42,true,23.233333,0d23h14min,2026-04-01T23:14
BASE,COLAPSO_LOGISTICO-ALTA-N01,COLAPSO_LOGISTICO,ALTA,1,11,53,GENETICO,42,6733.222,9060,15039.441667,39.441667,0,3,0,true,true,92.857143,90.909091,18898,2650,54.656863,,,,,,42,true,23.233333,0d23h14min,2026-04-01T23:14
BASE,COLAPSO_LOGISTICO-ALTA-N01,COLAPSO_LOGISTICO,ALTA,1,12,54,GENETICO,42,5939.7394,9060,15039.441667,39.441667,0,3,0,true,true,92.857143,90.909091,18460,2612,54.656863,,,,,,42,true,23.233333,0d23h14min,2026-04-01T23:14
BASE,COLAPSO_LOGISTICO-ALTA-N01,COLAPSO_LOGISTICO,ALTA,1,12,54,RECOCIDO_SIMULADO,42,1037.9109,3541,15042.541667,42.541667,0,3,0,true,true,92.857143,90.909091,20940,2974,54.656863,79.474746,,,,,42,true,23.233333,0d23h14min,2026-04-01T23:14
BASE,COLAPSO_LOGISTICO-ALTA-N01,COLAPSO_LOGISTICO,ALTA,1,13,55,RECOCIDO_SIMULADO,42,995.0488,3301,15041.286667,41.286667,0,3,0,true,true,92.857143,90.909091,19010,2946,54.656863,59.407093,,,,,42,true,23.233333,0d23h14min,2026-04-01T23:14
BASE,COLAPSO_LOGISTICO-ALTA-N01,COLAPSO_LOGISTICO,ALTA,1,13,55,GENETICO,42,6214.9394,9060,15039.441667,39.441667,0,3,0,true,true,92.857143,90.909091,20706,2940,54.656863,,,,,,42,true,23.233333,0d23h14min,2026-04-01T23:14
BASE,COLAPSO_LOGISTICO-ALTA-N01,COLAPSO_LOGISTICO,ALTA,1,14,56,GENETICO,42,6414.7211,9060,15039.441667,39.441667,0,3,0,true,true,92.857143,90.909091,19864,2690,54.656863,,,,,,42,true,23.233333,0d23h14min,2026-04-01T23:14
BASE,COLAPSO_LOGISTICO-ALTA-N01,COLAPSO_LOGISTICO,ALTA,1,14,56,RECOCIDO_SIMULADO,42,1138.7861,3861,15040.438333,40.438333,0,3,0,true,true,92.857143,90.909091,20048,3020,54.656863,119.574868,,,,,42,true,23.233333,0d23h14min,2026-04-01T23:14
BASE,COLAPSO_LOGISTICO-ALTA-N01,COLAPSO_LOGISTICO,ALTA,1,15,57,RECOCIDO_SIMULADO,42,1235.3215,4141,15040.396667,40.396667,0,3,0,true,true,92.857143,90.909091,20242,2892,54.656863,177.51732,,,,,42,true,23.233333,0d23h14min,2026-04-01T23:14
BASE,COLAPSO_LOGISTICO-ALTA-N01,COLAPSO_LOGISTICO,ALTA,1,15,57,GENETICO,42,6969.712,9060,15039.441667,39.441667,0,3,0,true,true,92.857143,90.909091,17902,2394,54.656863,,,,,,42,true,23.233333,0d23h14min,2026-04-01T23:14
BASE,COLAPSO_LOGISTICO-ALTA-N01,COLAPSO_LOGISTICO,ALTA,1,16,58,GENETICO,42,6380.1527,9060,15039.441667,39.441667,0,3,0,true,true,92.857143,90.909091,18278,2572,54.656863,,,,,,42,true,23.233333,0d23h14min,2026-04-01T23:14
BASE,COLAPSO_LOGISTICO-ALTA-N01,COLAPSO_LOGISTICO,ALTA,1,16,58,RECOCIDO_SIMULADO,42,1405.8257,4821,15042.316667,42.316667,0,3,0,true,true,92.857143,90.909091,20088,3144,54.656863,418.835786,,,,,42,true,23.233333,0d23h14min,2026-04-01T23:14
BASE,COLAPSO_LOGISTICO-ALTA-N01,COLAPSO_LOGISTICO,ALTA,1,17,59,RECOCIDO_SIMULADO,42,1034.1799,3501,15041.773333,41.773333,0,3,0,true,true,92.857143,90.909091,19728,2978,54.656863,77.187837,,,,,42,true,23.233333,0d23h14min,2026-04-01T23:14
BASE,COLAPSO_LOGISTICO-ALTA-N01,COLAPSO_LOGISTICO,ALTA,1,17,59,GENETICO,42,6085.0562,9060,15039.441667,39.441667,0,3,0,true,true,92.857143,90.909091,20784,2838,54.656863,,,,,,42,true,23.233333,0d23h14min,2026-04-01T23:14
BASE,COLAPSO_LOGISTICO-ALTA-N01,COLAPSO_LOGISTICO,ALTA,1,18,60,GENETICO,42,6429.6266,9060,15039.441667,39.441667,0,3,0,true,true,92.857143,90.909091,18928,2644,54.656863,,,,,,42,true,23.233333,0d23h14min,2026-04-01T23:14
BASE,COLAPSO_LOGISTICO-ALTA-N01,COLAPSO_LOGISTICO,ALTA,1,18,60,RECOCIDO_SIMULADO,42,1108.4514,3781,15041.258333,41.258333,0,3,0,true,true,92.857143,90.909091,21830,3124,54.656863,108.510255,,,,,42,true,23.233333,0d23h14min,2026-04-01T23:14
BASE,COLAPSO_LOGISTICO-ALTA-N01,COLAPSO_LOGISTICO,ALTA,1,19,61,RECOCIDO_SIMULADO,42,1258.3068,4221,15042.503333,42.503333,0,3,0,true,true,92.857143,90.909091,20068,3132,54.656863,190.57511,,,,,42,true,23.233333,0d23h14min,2026-04-01T23:14
BASE,COLAPSO_LOGISTICO-ALTA-N01,COLAPSO_LOGISTICO,ALTA,1,19,61,GENETICO,42,6734.4303,9060,15039.441667,39.441667,0,3,0,true,true,92.857143,90.909091,16824,2320,54.656863,,,,,,42,true,23.233333,0d23h14min,2026-04-01T23:14
BASE,COLAPSO_LOGISTICO-ALTA-N01,COLAPSO_LOGISTICO,ALTA,1,20,62,GENETICO,42,6285.6351,9060,15039.441667,39.441667,0,3,0,true,true,92.857143,90.909091,18688,2470,54.656863,,,,,,42,true,23.233333,0d23h14min,2026-04-01T23:14
BASE,COLAPSO_LOGISTICO-ALTA-N01,COLAPSO_LOGISTICO,ALTA,1,20,62,RECOCIDO_SIMULADO,42,1060.9393,3621,15042.963333,42.963333,0,3,0,true,true,92.857143,90.909091,19686,2952,54.656863,88.363408,,,,,42,true,23.233333,0d23h14min,2026-04-01T23:14
BASE,COLAPSO_LOGISTICO-ALTA-N01,COLAPSO_LOGISTICO,ALTA,1,21,63,RECOCIDO_SIMULADO,42,1368.513,4701,15042.146667,42.146667,0,3,0,true,true,92.857143,90.909091,20786,2942,54.656863,356.949404,,,,,42,true,23.233333,0d23h14min,2026-04-01T23:14
BASE,COLAPSO_LOGISTICO-ALTA-N01,COLAPSO_LOGISTICO,ALTA,1,21,63,GENETICO,42,5983.008,9060,15039.441667,39.441667,0,3,0,true,true,92.857143,90.909091,17552,2234,54.656863,,,,,,42,true,23.233333,0d23h14min,2026-04-01T23:14
BASE,COLAPSO_LOGISTICO-ALTA-N01,COLAPSO_LOGISTICO,ALTA,1,22,64,GENETICO,42,6168.145,9060,15039.441667,39.441667,0,3,0,true,true,92.857143,90.909091,20786,2818,54.656863,,,,,,42,true,23.233333,0d23h14min,2026-04-01T23:14
BASE,COLAPSO_LOGISTICO-ALTA-N01,COLAPSO_LOGISTICO,ALTA,1,22,64,RECOCIDO_SIMULADO,42,1168.944,3941,15044.625,44.625,0,3,0,true,true,92.857143,90.909091,20762,3186,54.656863,136.491064,,,,,42,true,23.233333,0d23h14min,2026-04-01T23:14
BASE,COLAPSO_LOGISTICO-ALTA-N01,COLAPSO_LOGISTICO,ALTA,1,23,65,RECOCIDO_SIMULADO,42,1198.1519,4101,15043.665,43.665,0,3,0,true,true,92.857143,90.909091,21892,3182,54.656863,166.245167,,,,,42,true,23.233333,0d23h14min,2026-04-01T23:14
BASE,COLAPSO_LOGISTICO-ALTA-N01,COLAPSO_LOGISTICO,ALTA,1,23,65,GENETICO,42,6008.1607,9060,15039.441667,39.441667,0,3,0,true,true,92.857143,90.909091,19152,2634,54.656863,,,,,,42,true,23.233333,0d23h14min,2026-04-01T23:14
BASE,COLAPSO_LOGISTICO-ALTA-N01,COLAPSO_LOGISTICO,ALTA,1,24,66,GENETICO,42,6223.7859,9060,15039.441667,39.441667,0,3,0,true,true,92.857143,90.909091,17704,2438,54.656863,,,,,,42,true,23.233333,0d23h14min,2026-04-01T23:14
BASE,COLAPSO_LOGISTICO-ALTA-N01,COLAPSO_LOGISTICO,ALTA,1,24,66,RECOCIDO_SIMULADO,42,1103.9428,3781,15042.133333,42.133333,0,3,0,true,true,92.857143,90.909091,20460,2996,54.656863,110.294888,,,,,42,true,23.233333,0d23h14min,2026-04-01T23:14
BASE,COLAPSO_LOGISTICO-ALTA-N01,COLAPSO_LOGISTICO,ALTA,1,25,67,RECOCIDO_SIMULADO,42,966.2143,3261,15041.333333,41.333333,0,3,0,true,true,92.857143,90.909091,20388,2946,54.656863,55.897777,,,,,42,true,23.233333,0d23h14min,2026-04-01T23:14
BASE,COLAPSO_LOGISTICO-ALTA-N01,COLAPSO_LOGISTICO,ALTA,1,25,67,GENETICO,42,7176.2927,9060,15039.441667,39.441667,0,3,0,true,true,92.857143,90.909091,19354,2714,54.656863,,,,,,42,true,23.233333,0d23h14min,2026-04-01T23:14
BASE,COLAPSO_LOGISTICO-ALTA-N01,COLAPSO_LOGISTICO,ALTA,1,26,68,GENETICO,42,5629.2006,9060,15039.441667,39.441667,0,3,0,true,true,92.857143,90.909091,18512,2452,54.656863,,,,,,42,true,23.233333,0d23h14min,2026-04-01T23:14
BASE,COLAPSO_LOGISTICO-ALTA-N01,COLAPSO_LOGISTICO,ALTA,1,26,68,RECOCIDO_SIMULADO,42,1246.9148,4181,15039.963333,39.963333,0,3,0,true,true,92.857143,90.909091,20836,3102,54.656863,180.971027,,,,,42,true,23.233333,0d23h14min,2026-04-01T23:14
BASE,COLAPSO_LOGISTICO-ALTA-N01,COLAPSO_LOGISTICO,ALTA,1,27,69,RECOCIDO_SIMULADO,42,961.3208,3181,15044.65,44.65,0,3,0,true,true,92.857143,90.909091,18060,2528,54.656863,51.332906,,,,,42,true,23.233333,0d23h14min,2026-04-01T23:14
BASE,COLAPSO_LOGISTICO-ALTA-N01,COLAPSO_LOGISTICO,ALTA,1,27,69,GENETICO,42,6417.0221,9060,15039.441667,39.441667,0,3,0,true,true,92.857143,90.909091,19232,2662,54.656863,,,,,,42,true,23.233333,0d23h14min,2026-04-01T23:14
BASE,COLAPSO_LOGISTICO-ALTA-N01,COLAPSO_LOGISTICO,ALTA,1,28,70,GENETICO,42,6691.4797,9060,15039.441667,39.441667,0,3,0,true,true,92.857143,90.909091,19244,2928,54.656863,,,,,,42,true,23.233333,0d23h14min,2026-04-01T23:14
BASE,COLAPSO_LOGISTICO-ALTA-N01,COLAPSO_LOGISTICO,ALTA,1,28,70,RECOCIDO_SIMULADO,42,1213.839,4141,15043.31,43.31,0,3,0,true,true,92.857143,90.909091,18752,2704,54.656863,177.668042,,,,,42,true,23.233333,0d23h14min,2026-04-01T23:14
BASE,COLAPSO_LOGISTICO-ALTA-N01,COLAPSO_LOGISTICO,ALTA,1,29,71,RECOCIDO_SIMULADO,42,878.3433,2981,15039.846667,39.846667,0,3,0,true,true,92.857143,90.909091,18752,2880,54.656863,39.419098,,,,,42,true,23.233333,0d23h14min,2026-04-01T23:14
BASE,COLAPSO_LOGISTICO-ALTA-N01,COLAPSO_LOGISTICO,ALTA,1,29,71,GENETICO,42,6263.9703,9060,15039.441667,39.441667,0,3,0,true,true,92.857143,90.909091,18040,2550,54.656863,,,,,,42,true,23.233333,0d23h14min,2026-04-01T23:14
BASE,COLAPSO_LOGISTICO-ALTA-N02,COLAPSO_LOGISTICO,ALTA,2,0,72,GENETICO,38,8805.3689,9060,15035,35,0,3,0,true,true,92.105263,83.333333,13406,1758,45.098039,,,,,,38,true,21.633333,0d21h38min,2026-04-01T21:38
BASE,COLAPSO_LOGISTICO-ALTA-N02,COLAPSO_LOGISTICO,ALTA,2,0,72,RECOCIDO_SIMULADO,38,1378.0775,3781,15035.65,35.65,0,3,0,true,true,92.105263,83.333333,14912,1864,45.098039,108.115138,,,,,38,true,21.633333,0d21h38min,2026-04-01T21:38
BASE,COLAPSO_LOGISTICO-ALTA-N02,COLAPSO_LOGISTICO,ALTA,2,1,73,RECOCIDO_SIMULADO,38,1132.9594,3101,15035.65,35.65,0,3,0,true,true,92.105263,83.333333,14912,1864,45.098039,45.861014,,,,,38,true,21.633333,0d21h38min,2026-04-01T21:38
BASE,COLAPSO_LOGISTICO-ALTA-N02,COLAPSO_LOGISTICO,ALTA,2,1,73,GENETICO,38,7431.8807,9060,15035,35,0,3,0,true,true,92.105263,83.333333,14996,1914,45.098039,,,,,,38,true,21.633333,0d21h38min,2026-04-01T21:38
BASE,COLAPSO_LOGISTICO-ALTA-N02,COLAPSO_LOGISTICO,ALTA,2,2,74,GENETICO,38,8420.6751,9060,15035,35,0,3,0,true,true,92.105263,83.333333,14400,1880,45.098039,,,,,,38,true,21.633333,0d21h38min,2026-04-01T21:38
BASE,COLAPSO_LOGISTICO-ALTA-N02,COLAPSO_LOGISTICO,ALTA,2,2,74,RECOCIDO_SIMULADO,38,1446.1235,3941,15035.65,35.65,0,3,0,true,true,92.105263,83.333333,14912,1864,45.098039,135.012628,,,,,38,true,21.633333,0d21h38min,2026-04-01T21:38
BASE,COLAPSO_LOGISTICO-ALTA-N02,COLAPSO_LOGISTICO,ALTA,2,3,75,RECOCIDO_SIMULADO,38,1289.9464,3541,15035.65,35.65,0,3,0,true,true,92.105263,83.333333,14912,1864,45.098039,81.697174,,,,,38,true,21.633333,0d21h38min,2026-04-01T21:38
BASE,COLAPSO_LOGISTICO-ALTA-N02,COLAPSO_LOGISTICO,ALTA,2,3,75,GENETICO,38,8852.8665,9060,15035,35,0,3,0,true,true,92.105263,83.333333,13738,1796,45.098039,,,,,,38,true,21.633333,0d21h38min,2026-04-01T21:38
BASE,COLAPSO_LOGISTICO-ALTA-N02,COLAPSO_LOGISTICO,ALTA,2,4,76,GENETICO,38,8948.8998,9060,15035,35,0,3,0,true,true,92.105263,83.333333,12722,1690,45.098039,,,,,,38,true,21.633333,0d21h38min,2026-04-01T21:38
BASE,COLAPSO_LOGISTICO-ALTA-N02,COLAPSO_LOGISTICO,ALTA,2,4,76,RECOCIDO_SIMULADO,38,1150.1925,3141,15035.65,35.65,0,3,0,true,true,92.105263,83.333333,14912,1864,45.098039,48.630568,,,,,38,true,21.633333,0d21h38min,2026-04-01T21:38
BASE,COLAPSO_LOGISTICO-ALTA-N02,COLAPSO_LOGISTICO,ALTA,2,5,77,RECOCIDO_SIMULADO,38,1465.1756,4061,15035.65,35.65,0,3,0,true,true,92.105263,83.333333,14912,1864,45.098039,154.736787,,,,,38,true,21.633333,0d21h38min,2026-04-01T21:38
BASE,COLAPSO_LOGISTICO-ALTA-N02,COLAPSO_LOGISTICO,ALTA,2,5,77,GENETICO,38,7440.5914,9060,15035,35,0,3,0,true,true,92.105263,83.333333,11414,1468,45.098039,,,,,,38,true,21.633333,0d21h38min,2026-04-01T21:38
BASE,COLAPSO_LOGISTICO-ALTA-N02,COLAPSO_LOGISTICO,ALTA,2,6,78,GENETICO,38,7946.7656,9060,15035,35,0,3,0,true,true,92.105263,83.333333,13026,1650,45.098039,,,,,,38,true,21.633333,0d21h38min,2026-04-01T21:38
BASE,COLAPSO_LOGISTICO-ALTA-N02,COLAPSO_LOGISTICO,ALTA,2,6,78,RECOCIDO_SIMULADO,38,1265.3611,3541,15035.65,35.65,0,3,0,true,true,92.105263,83.333333,14912,1864,45.098039,79.558178,,,,,38,true,21.633333,0d21h38min,2026-04-01T21:38
BASE,COLAPSO_LOGISTICO-ALTA-N02,COLAPSO_LOGISTICO,ALTA,2,7,79,RECOCIDO_SIMULADO,38,1635.9404,4581,15035.65,35.65,0,3,0,true,true,92.105263,83.333333,14912,1864,45.098039,308.639829,,,,,38,true,21.633333,0d21h38min,2026-04-01T21:38
BASE,COLAPSO_LOGISTICO-ALTA-N02,COLAPSO_LOGISTICO,ALTA,2,7,79,GENETICO,38,8737.6378,9060,15035,35,0,3,0,true,true,92.105263,83.333333,13458,1850,45.098039,,,,,,38,true,21.633333,0d21h38min,2026-04-01T21:38
BASE,COLAPSO_LOGISTICO-ALTA-N02,COLAPSO_LOGISTICO,ALTA,2,8,80,GENETICO,38,8488.3209,9060,15035,35,0,3,0,true,true,92.105263,83.333333,14098,1774,45.098039,,,,,,38,true,21.633333,0d21h38min,2026-04-01T21:38
BASE,COLAPSO_LOGISTICO-ALTA-N02,COLAPSO_LOGISTICO,ALTA,2,8,80,RECOCIDO_SIMULADO,38,1364.95,3861,15035.65,35.65,0,3,0,true,true,92.105263,83.333333,14912,1864,45.098039,119.256903,,,,,38,true,21.633333,0d21h38min,2026-04-01T21:38
BASE,COLAPSO_LOGISTICO-ALTA-N02,COLAPSO_LOGISTICO,ALTA,2,9,81,RECOCIDO_SIMULADO,38,1377.441,3821,15035.65,35.65,0,3,0,true,true,92.105263,83.333333,14912,1864,45.098039,115.636448,,,,,38,true,21.633333,0d21h38min,2026-04-01T21:38
BASE,COLAPSO_LOGISTICO-ALTA-N02,COLAPSO_LOGISTICO,ALTA,2,9,81,GENETICO,38,7686.9755,9060,15035,35,0,3,0,true,true,92.105263,83.333333,14604,1862,45.098039,,,,,,38,true,21.633333,0d21h38min,2026-04-01T21:38
BASE,COLAPSO_LOGISTICO-ALTA-N02,COLAPSO_LOGISTICO,ALTA,2,10,82,GENETICO,38,7678.3069,9060,15035,35,0,3,0,true,true,92.105263,83.333333,14376,1830,45.098039,,,,,,38,true,21.633333,0d21h38min,2026-04-01T21:38
BASE,COLAPSO_LOGISTICO-ALTA-N02,COLAPSO_LOGISTICO,ALTA,2,10,82,RECOCIDO_SIMULADO,38,1524.795,4221,15035.65,35.65,0,3,0,true,true,92.105263,83.333333,14912,1864,45.098039,191.705118,,,,,38,true,21.633333,0d21h38min,2026-04-01T21:38
BASE,COLAPSO_LOGISTICO-ALTA-N02,COLAPSO_LOGISTICO,ALTA,2,11,83,RECOCIDO_SIMULADO,38,1203.0854,3301,15035.65,35.65,0,3,0,true,true,92.105263,83.333333,14912,1864,45.098039,58.568959,,,,,38,true,21.633333,0d21h38min,2026-04-01T21:38
BASE,COLAPSO_LOGISTICO-ALTA-N02,COLAPSO_LOGISTICO,ALTA,2,11,83,GENETICO,38,7977.1708,9060,15035,35,0,3,0,true,true,92.105263,83.333333,14416,1870,45.098039,,,,,,38,true,21.633333,0d21h38min,2026-04-01T21:38
BASE,COLAPSO_LOGISTICO-ALTA-N02,COLAPSO_LOGISTICO,ALTA,2,12,84,GENETICO,38,7773.8975,9060,15035,35,0,3,0,true,true,92.105263,83.333333,14046,1864,45.098039,,,,,,38,true,21.633333,0d21h38min,2026-04-01T21:38
BASE,COLAPSO_LOGISTICO-ALTA-N02,COLAPSO_LOGISTICO,ALTA,2,12,84,RECOCIDO_SIMULADO,38,1369.9087,3781,15035.65,35.65,0,3,0,true,true,92.105263,83.333333,14912,1864,45.098039,110.654835,,,,,38,true,21.633333,0d21h38min,2026-04-01T21:38
BASE,COLAPSO_LOGISTICO-ALTA-N02,COLAPSO_LOGISTICO,ALTA,2,13,85,RECOCIDO_SIMULADO,38,1550.7008,4021,15035.65,35.65,0,3,0,true,true,92.105263,83.333333,14912,1864,45.098039,147.311307,,,,,38,true,21.633333,0d21h38min,2026-04-01T21:38
BASE,COLAPSO_LOGISTICO-ALTA-N02,COLAPSO_LOGISTICO,ALTA,2,13,85,GENETICO,38,7227.4314,9060,15035,35,0,3,0,true,true,92.105263,83.333333,13924,1836,45.098039,,,,,,38,true,21.633333,0d21h38min,2026-04-01T21:38
BASE,COLAPSO_LOGISTICO-ALTA-N02,COLAPSO_LOGISTICO,ALTA,2,14,86,GENETICO,38,8015.9192,9060,15035,35,0,3,0,true,true,92.105263,83.333333,12282,1580,45.098039,,,,,,38,true,21.633333,0d21h38min,2026-04-01T21:38
BASE,COLAPSO_LOGISTICO-ALTA-N02,COLAPSO_LOGISTICO,ALTA,2,14,86,RECOCIDO_SIMULADO,38,1491.0345,4101,15035.65,35.65,0,3,0,true,true,92.105263,83.333333,14912,1864,45.098039,166.08721,,,,,38,true,21.633333,0d21h38min,2026-04-01T21:38
BASE,COLAPSO_LOGISTICO-ALTA-N02,COLAPSO_LOGISTICO,ALTA,2,15,87,RECOCIDO_SIMULADO,38,1669.9982,4621,15035.65,35.65,0,3,0,true,true,92.105263,83.333333,14912,1864,45.098039,328.845657,,,,,38,true,21.633333,0d21h38min,2026-04-01T21:38
BASE,COLAPSO_LOGISTICO-ALTA-N02,COLAPSO_LOGISTICO,ALTA,2,15,87,GENETICO,38,8913.4231,9060,15035,35,0,3,0,true,true,92.105263,83.333333,14974,1934,45.098039,,,,,,38,true,21.633333,0d21h38min,2026-04-01T21:38
BASE,COLAPSO_LOGISTICO-ALTA-N02,COLAPSO_LOGISTICO,ALTA,2,16,88,GENETICO,38,8271.2087,9060,15035,35,0,3,0,true,true,92.105263,83.333333,14222,1826,45.098039,,,,,,38,true,21.633333,0d21h38min,2026-04-01T21:38
BASE,COLAPSO_LOGISTICO-ALTA-N02,COLAPSO_LOGISTICO,ALTA,2,16,88,RECOCIDO_SIMULADO,38,1377.1967,3821,15035.65,35.65,0,3,0,true,true,92.105263,83.333333,14912,1864,45.098039,113.387278,,,,,38,true,21.633333,0d21h38min,2026-04-01T21:38
BASE,COLAPSO_LOGISTICO-ALTA-N02,COLAPSO_LOGISTICO,ALTA,2,17,89,RECOCIDO_SIMULADO,38,1579.3275,4421,15035.65,35.65,0,3,0,true,true,92.105263,83.333333,14912,1864,45.098039,243.128721,,,,,38,true,21.633333,0d21h38min,2026-04-01T21:38
BASE,COLAPSO_LOGISTICO-ALTA-N02,COLAPSO_LOGISTICO,ALTA,2,17,89,GENETICO,38,7730.2327,9060,15035,35,0,3,0,true,true,92.105263,83.333333,14588,1846,45.098039,,,,,,38,true,21.633333,0d21h38min,2026-04-01T21:38
BASE,COLAPSO_LOGISTICO-ALTA-N02,COLAPSO_LOGISTICO,ALTA,2,18,90,GENETICO,38,7927.2672,9060,15035,35,0,3,0,true,true,92.105263,83.333333,15222,2012,45.098039,,,,,,38,true,21.633333,0d21h38min,2026-04-01T21:38
BASE,COLAPSO_LOGISTICO-ALTA-N02,COLAPSO_LOGISTICO,ALTA,2,18,90,RECOCIDO_SIMULADO,38,1573.8576,4381,15035.65,35.65,0,3,0,true,true,92.105263,83.333333,14912,1864,45.098039,235.861178,,,,,38,true,21.633333,0d21h38min,2026-04-01T21:38
BASE,COLAPSO_LOGISTICO-ALTA-N02,COLAPSO_LOGISTICO,ALTA,2,19,91,RECOCIDO_SIMULADO,38,1286.8078,3541,15035.65,35.65,0,3,0,true,true,92.105263,83.333333,14912,1864,45.098039,82.071856,,,,,38,true,21.633333,0d21h38min,2026-04-01T21:38
BASE,COLAPSO_LOGISTICO-ALTA-N02,COLAPSO_LOGISTICO,ALTA,2,19,91,GENETICO,38,7255.1466,9060,15035,35,0,3,0,true,true,92.105263,83.333333,14828,1924,45.098039,,,,,,38,true,21.633333,0d21h38min,2026-04-01T21:38
BASE,COLAPSO_LOGISTICO-ALTA-N02,COLAPSO_LOGISTICO,ALTA,2,20,92,GENETICO,38,8187.6265,9060,15035,35,0,3,0,true,true,92.105263,83.333333,13190,1766,45.098039,,,,,,38,true,21.633333,0d21h38min,2026-04-01T21:38
BASE,COLAPSO_LOGISTICO-ALTA-N02,COLAPSO_LOGISTICO,ALTA,2,20,92,RECOCIDO_SIMULADO,38,1353.9775,3741,15035.65,35.65,0,3,0,true,true,92.105263,83.333333,14912,1864,45.098039,102.352888,,,,,38,true,21.633333,0d21h38min,2026-04-01T21:38
BASE,COLAPSO_LOGISTICO-ALTA-N02,COLAPSO_LOGISTICO,ALTA,2,21,93,RECOCIDO_SIMULADO,38,1579.5418,4381,15035.65,35.65,0,3,0,true,true,92.105263,83.333333,14912,1864,45.098039,234.621549,,,,,38,true,21.633333,0d21h38min,2026-04-01T21:38
BASE,COLAPSO_LOGISTICO-ALTA-N02,COLAPSO_LOGISTICO,ALTA,2,21,93,GENETICO,38,7325.7047,9060,15035,35,0,3,0,true,true,92.105263,83.333333,14268,1806,45.098039,,,,,,38,true,21.633333,0d21h38min,2026-04-01T21:38
BASE,COLAPSO_LOGISTICO-ALTA-N02,COLAPSO_LOGISTICO,ALTA,2,22,94,GENETICO,38,8385.4815,9060,15035,35,0,3,0,true,true,92.105263,83.333333,15536,1968,45.098039,,,,,,38,true,21.633333,0d21h38min,2026-04-01T21:38
BASE,COLAPSO_LOGISTICO-ALTA-N02,COLAPSO_LOGISTICO,ALTA,2,22,94,RECOCIDO_SIMULADO,38,1455.6045,4021,15035.65,35.65,0,3,0,true,true,92.105263,83.333333,14912,1864,45.098039,150.941909,,,,,38,true,21.633333,0d21h38min,2026-04-01T21:38
BASE,COLAPSO_LOGISTICO-ALTA-N02,COLAPSO_LOGISTICO,ALTA,2,23,95,RECOCIDO_SIMULADO,38,1217.5216,3381,15035.65,35.65,0,3,0,true,true,92.105263,83.333333,14912,1864,45.098039,66.506424,,,,,38,true,21.633333,0d21h38min,2026-04-01T21:38
BASE,COLAPSO_LOGISTICO-ALTA-N02,COLAPSO_LOGISTICO,ALTA,2,23,95,GENETICO,38,8283.2169,9060,15035,35,0,3,0,true,true,92.105263,83.333333,12510,1614,45.098039,,,,,,38,true,21.633333,0d21h38min,2026-04-01T21:38
BASE,COLAPSO_LOGISTICO-ALTA-N02,COLAPSO_LOGISTICO,ALTA,2,24,96,GENETICO,38,8025.2849,9060,15035,35,0,3,0,true,true,92.105263,83.333333,13590,1754,45.098039,,,,,,38,true,21.633333,0d21h38min,2026-04-01T21:38
BASE,COLAPSO_LOGISTICO-ALTA-N02,COLAPSO_LOGISTICO,ALTA,2,24,96,RECOCIDO_SIMULADO,38,1339.0095,3741,15035.65,35.65,0,3,0,true,true,92.105263,83.333333,14912,1864,45.098039,102.341141,,,,,38,true,21.633333,0d21h38min,2026-04-01T21:38
BASE,COLAPSO_LOGISTICO-ALTA-N02,COLAPSO_LOGISTICO,ALTA,2,25,97,RECOCIDO_SIMULADO,38,1337.5588,3661,15035.65,35.65,0,3,0,true,true,92.105263,83.333333,14912,1864,45.098039,95.244214,,,,,38,true,21.633333,0d21h38min,2026-04-01T21:38
BASE,COLAPSO_LOGISTICO-ALTA-N02,COLAPSO_LOGISTICO,ALTA,2,25,97,GENETICO,38,9039.3557,9060,15035,35,0,3,0,true,true,92.105263,83.333333,13648,1744,45.098039,,,,,,38,true,21.633333,0d21h38min,2026-04-01T21:38
BASE,COLAPSO_LOGISTICO-ALTA-N02,COLAPSO_LOGISTICO,ALTA,2,26,98,GENETICO,38,8486.3448,9060,15035,35,0,3,0,true,true,92.105263,83.333333,14850,1922,45.098039,,,,,,38,true,21.633333,0d21h38min,2026-04-01T21:38
BASE,COLAPSO_LOGISTICO-ALTA-N02,COLAPSO_LOGISTICO,ALTA,2,26,98,RECOCIDO_SIMULADO,38,1299.5241,3541,15035.65,35.65,0,3,0,true,true,92.105263,83.333333,14912,1864,45.098039,80.123443,,,,,38,true,21.633333,0d21h38min,2026-04-01T21:38
BASE,COLAPSO_LOGISTICO-ALTA-N02,COLAPSO_LOGISTICO,ALTA,2,27,99,RECOCIDO_SIMULADO,38,1249.8492,3501,15035.65,35.65,0,3,0,true,true,92.105263,83.333333,14912,1864,45.098039,77.360018,,,,,38,true,21.633333,0d21h38min,2026-04-01T21:38
BASE,COLAPSO_LOGISTICO-ALTA-N02,COLAPSO_LOGISTICO,ALTA,2,27,99,GENETICO,38,8081.4115,9060,15035,35,0,3,0,true,true,92.105263,83.333333,13142,1668,45.098039,,,,,,38,true,21.633333,0d21h38min,2026-04-01T21:38
BASE,COLAPSO_LOGISTICO-ALTA-N02,COLAPSO_LOGISTICO,ALTA,2,28,100,GENETICO,38,7535.3316,9060,15035,35,0,3,0,true,true,92.105263,83.333333,14634,1834,45.098039,,,,,,38,true,21.633333,0d21h38min,2026-04-01T21:38
BASE,COLAPSO_LOGISTICO-ALTA-N02,COLAPSO_LOGISTICO,ALTA,2,28,100,RECOCIDO_SIMULADO,38,1637.4853,4661,15035.65,35.65,0,3,0,true,true,92.105263,83.333333,14912,1864,45.098039,332.654437,,,,,38,true,21.633333,0d21h38min,2026-04-01T21:38
BASE,COLAPSO_LOGISTICO-ALTA-N02,COLAPSO_LOGISTICO,ALTA,2,29,101,RECOCIDO_SIMULADO,38,1226.6539,3421,15035.65,35.65,0,3,0,true,true,92.105263,83.333333,14912,1864,45.098039,70.526323,,,,,38,true,21.633333,0d21h38min,2026-04-01T21:38
BASE,COLAPSO_LOGISTICO-ALTA-N02,COLAPSO_LOGISTICO,ALTA,2,29,101,GENETICO,38,7319.3126,9060,15035,35,0,3,0,true,true,92.105263,83.333333,12708,1634,45.098039,,,,,,38,true,21.633333,0d21h38min,2026-04-01T21:38
BASE,COLAPSO_LOGISTICO-ALTA-N03,COLAPSO_LOGISTICO,ALTA,3,0,102,GENETICO,56,13130.11,18120,15063.738333,63.738333,0,3,0,true,true,94.642857,96.428571,21012,2958,67.401961,,,,,,56,true,35.133333,1d11h08min,2026-04-02T11:08
BASE,COLAPSO_LOGISTICO-ALTA-N03,COLAPSO_LOGISTICO,ALTA,3,0,102,RECOCIDO_SIMULADO,56,2446.2416,8122,15070.771667,70.771667,0,3,0,true,true,94.642857,96.428571,21990,3356,67.401961,131.736697,,,,,56,true,35.133333,1d11h08min,2026-04-02T11:08
BASE,COLAPSO_LOGISTICO-ALTA-N03,COLAPSO_LOGISTICO,ALTA,3,1,103,RECOCIDO_SIMULADO,56,2243.0485,7242,15072.121667,72.121667,0,3,0,true,true,94.642857,96.428571,20888,3094,67.401961,75.109577,,,,,56,true,35.133333,1d11h08min,2026-04-02T11:08
BASE,COLAPSO_LOGISTICO-ALTA-N03,COLAPSO_LOGISTICO,ALTA,3,1,103,GENETICO,56,14437.6265,18120,15063.283333,63.283333,0,3,0,true,true,94.642857,96.428571,22366,3288,67.401961,,,,,,56,true,35.133333,1d11h08min,2026-04-02T11:08
BASE,COLAPSO_LOGISTICO-ALTA-N03,COLAPSO_LOGISTICO,ALTA,3,2,104,GENETICO,56,11442.6276,18120,15063.738333,63.738333,0,3,0,true,true,94.642857,96.428571,22352,3228,67.401961,,,,,,56,true,35.133333,1d11h08min,2026-04-02T11:08
BASE,COLAPSO_LOGISTICO-ALTA-N03,COLAPSO_LOGISTICO,ALTA,3,2,104,RECOCIDO_SIMULADO,56,2118.3745,6922,15071.156667,71.156667,0,3,0,true,true,94.642857,96.428571,20922,3184,67.401961,90.706044,,,,,56,true,35.133333,1d11h08min,2026-04-02T11:08
BASE,COLAPSO_LOGISTICO-ALTA-N03,COLAPSO_LOGISTICO,ALTA,3,3,105,RECOCIDO_SIMULADO,58,2387.9818,7722,15078.026667,78.026667,0,3,0,true,true,94.827586,96.551724,22526,3374,70.588235,159.930882,,,,,58,true,35.133333,1d11h08min,2026-04-02T11:08
BASE,COLAPSO_LOGISTICO-ALTA-N03,COLAPSO_LOGISTICO,ALTA,3,3,105,GENETICO,56,12516.7028,18120,15063.498333,63.498333,0,3,0,true,true,94.642857,96.428571,21828,3110,67.401961,,,,,,56,true,35.133333,1d11h08min,2026-04-02T11:08
BASE,COLAPSO_LOGISTICO-ALTA-N03,COLAPSO_LOGISTICO,ALTA,3,4,106,GENETICO,56,14768.7493,18120,15063.738333,63.738333,0,3,0,true,true,94.642857,96.428571,20944,3018,67.401961,,,,,,56,true,35.133333,1d11h08min,2026-04-02T11:08
BASE,COLAPSO_LOGISTICO-ALTA-N03,COLAPSO_LOGISTICO,ALTA,3,4,106,RECOCIDO_SIMULADO,57,2153.7187,7042,15076.473333,76.473333,0,3,0,true,true,94.736842,96.428571,21414,3266,68.872549,49.002179,,,,,57,true,35.133333,1d11h08min,2026-04-02T11:08
BASE,COLAPSO_LOGISTICO-ALTA-N03,COLAPSO_LOGISTICO,ALTA,3,5,107,RECOCIDO_SIMULADO,57,2463.3514,7962,15070.073333,70.073333,0,3,0,true,true,94.736842,96.551724,21742,3196,69.117647,184.830224,,,,,57,true,35.133333,1d11h08min,2026-04-02T11:08
BASE,COLAPSO_LOGISTICO-ALTA-N03,COLAPSO_LOGISTICO,ALTA,3,5,107,GENETICO,56,14241.6327,18120,15063.738333,63.738333,0,3,0,true,true,94.642857,96.428571,22298,3314,67.401961,,,,,,56,true,35.133333,1d11h08min,2026-04-02T11:08
BASE,COLAPSO_LOGISTICO-ALTA-N03,COLAPSO_LOGISTICO,ALTA,3,6,108,GENETICO,56,11958.9699,18120,15063.738333,63.738333,0,3,0,true,true,94.642857,96.428571,20684,3124,67.401961,,,,,,56,true,35.133333,1d11h08min,2026-04-02T11:08
BASE,COLAPSO_LOGISTICO-ALTA-N03,COLAPSO_LOGISTICO,ALTA,3,6,108,RECOCIDO_SIMULADO,56,2193.3627,6962,15073.74,73.74,0,3,0,true,true,94.642857,96.428571,21210,3220,67.401961,114.46845,,,,,56,true,35.133333,1d11h08min,2026-04-02T11:08
BASE,COLAPSO_LOGISTICO-ALTA-N03,COLAPSO_LOGISTICO,ALTA,3,7,109,RECOCIDO_SIMULADO,57,2342.5823,7882,15075.701667,75.701667,0,3,0,true,true,94.736842,96.551724,20324,3000,68.382353,60.563913,,,,,57,true,35.133333,1d11h08min,2026-04-02T11:08
BASE,COLAPSO_LOGISTICO-ALTA-N03,COLAPSO_LOGISTICO,ALTA,3,7,109,GENETICO,56,13751.5418,18120,15063.738333,63.738333,0,3,0,true,true,94.642857,96.428571,21378,3262,67.401961,,,,,,56,true,35.133333,1d11h08min,2026-04-02T11:08
BASE,COLAPSO_LOGISTICO-ALTA-N03,COLAPSO_LOGISTICO,ALTA,3,8,110,GENETICO,56,13443.3389,18120,15063.738333,63.738333,0,3,0,true,true,94.642857,96.428571,22122,3220,67.401961,,,,,,56,true,35.133333,1d11h08min,2026-04-02T11:08
BASE,COLAPSO_LOGISTICO-ALTA-N03,COLAPSO_LOGISTICO,ALTA,3,8,110,RECOCIDO_SIMULADO,56,2288.615,7202,15069.215,69.215,0,3,0,true,true,94.642857,96.428571,22152,3374,67.401961,241.511052,,,,,56,true,35.133333,1d11h08min,2026-04-02T11:08
BASE,COLAPSO_LOGISTICO-ALTA-N03,COLAPSO_LOGISTICO,ALTA,3,9,111,RECOCIDO_SIMULADO,57,2375.0984,7842,15078.306667,78.306667,0,3,0,true,true,94.736842,96.551724,21562,3264,68.382353,60.17709,,,,,57,true,35.133333,1d11h08min,2026-04-02T11:08
BASE,COLAPSO_LOGISTICO-ALTA-N03,COLAPSO_LOGISTICO,ALTA,3,9,111,GENETICO,56,12312.4667,18120,15063.738333,63.738333,0,3,0,true,true,94.642857,96.428571,21420,3084,67.401961,,,,,,56,true,35.133333,1d11h08min,2026-04-02T11:08
BASE,COLAPSO_LOGISTICO-ALTA-N03,COLAPSO_LOGISTICO,ALTA,3,10,112,GENETICO,56,15459.3512,18120,15063.738333,63.738333,0,3,0,true,true,94.642857,96.428571,20658,2982,67.401961,,,,,,56,true,35.133333,1d11h08min,2026-04-02T11:08
BASE,COLAPSO_LOGISTICO-ALTA-N03,COLAPSO_LOGISTICO,ALTA,3,10,112,RECOCIDO_SIMULADO,57,2514.9758,8322,15080.448333,80.448333,0,3,0,true,true,94.736842,96.428571,21538,3264,69.607843,107.896492,,,,,57,true,35.133333,1d11h08min,2026-04-02T11:08
BASE,COLAPSO_LOGISTICO-ALTA-N03,COLAPSO_LOGISTICO,ALTA,3,11,113,RECOCIDO_SIMULADO,57,2249.329,7282,15072.211667,72.211667,0,3,0,true,true,94.736842,96.428571,21430,3226,68.872549,87.86252,,,,,57,true,35.133333,1d11h08min,2026-04-02T11:08
BASE,COLAPSO_LOGISTICO-ALTA-N03,COLAPSO_LOGISTICO,ALTA,3,11,113,GENETICO,56,13293.398,18120,15063.738333,63.738333,0,3,0,true,true,94.642857,96.428571,20352,3030,67.401961,,,,,,56,true,35.133333,1d11h08min,2026-04-02T11:08
BASE,COLAPSO_LOGISTICO-ALTA-N03,COLAPSO_LOGISTICO,ALTA,3,12,114,GENETICO,56,14253.8318,18120,15063.738333,63.738333,0,3,0,true,true,94.642857,96.428571,20634,3120,67.401961,,,,,,56,true,35.133333,1d11h08min,2026-04-02T11:08
BASE,COLAPSO_LOGISTICO-ALTA-N03,COLAPSO_LOGISTICO,ALTA,3,12,114,RECOCIDO_SIMULADO,58,2292.1921,7642,15081.181667,81.181667,0,3,0,true,true,94.827586,96.666667,22006,3262,70.098039,44.013591,,,,,58,true,35.133333,1d11h08min,2026-04-02T11:08
BASE,COLAPSO_LOGISTICO-ALTA-N03,COLAPSO_LOGISTICO,ALTA,3,13,115,RECOCIDO_SIMULADO,56,2408.8437,7882,15072.735,72.735,0,3,0,true,true,94.642857,96.428571,20782,3234,67.401961,138.573638,,,,,56,true,35.133333,1d11h08min,2026-04-02T11:08
BASE,COLAPSO_LOGISTICO-ALTA-N03,COLAPSO_LOGISTICO,ALTA,3,13,115,GENETICO,56,13873.9933,18120,15063.748333,63.748333,0,3,0,true,true,94.642857,96.428571,22136,3368,67.401961,,,,,,56,true,35.133333,1d11h08min,2026-04-02T11:08
BASE,COLAPSO_LOGISTICO-ALTA-N03,COLAPSO_LOGISTICO,ALTA,3,14,116,GENETICO,56,13059.8919,18120,15063.738333,63.738333,0,3,0,true,true,94.642857,96.428571,21996,3300,67.401961,,,,,,56,true,35.133333,1d11h08min,2026-04-02T11:08
BASE,COLAPSO_LOGISTICO-ALTA-N03,COLAPSO_LOGISTICO,ALTA,3,14,116,RECOCIDO_SIMULADO,56,2415.6937,8002,15069.298333,69.298333,0,3,0,true,true,94.642857,96.428571,21952,3382,67.401961,95.163275,,,,,56,true,35.133333,1d11h08min,2026-04-02T11:08
BASE,COLAPSO_LOGISTICO-ALTA-N03,COLAPSO_LOGISTICO,ALTA,3,15,117,RECOCIDO_SIMULADO,56,2153.4602,6962,15073.74,73.74,0,3,0,true,true,94.642857,96.428571,21210,3220,67.401961,72.110408,,,,,56,true,35.133333,1d11h08min,2026-04-02T11:08
BASE,COLAPSO_LOGISTICO-ALTA-N03,COLAPSO_LOGISTICO,ALTA,3,15,117,GENETICO,57,12813.2589,18120,15067.206667,67.206667,0,3,0,true,true,94.736842,96.428571,21064,3132,69.607843,,,,,,57,true,35.133333,1d11h08min,2026-04-02T11:08
BASE,COLAPSO_LOGISTICO-ALTA-N03,COLAPSO_LOGISTICO,ALTA,3,16,118,GENETICO,56,13025.6874,18120,15063.748333,63.748333,0,3,0,true,true,94.642857,96.428571,21350,2936,67.401961,,,,,,56,true,35.133333,1d11h08min,2026-04-02T11:08
BASE,COLAPSO_LOGISTICO-ALTA-N03,COLAPSO_LOGISTICO,ALTA,3,16,118,RECOCIDO_SIMULADO,56,2484.2833,8002,15070.63,70.63,0,3,0,true,true,94.642857,96.428571,21882,3226,67.401961,261.66639,,,,,56,true,35.133333,1d11h08min,2026-04-02T11:08
BASE,COLAPSO_LOGISTICO-ALTA-N03,COLAPSO_LOGISTICO,ALTA,3,17,119,RECOCIDO_SIMULADO,56,2192.2959,7242,15073.323333,73.323333,0,3,0,true,true,94.642857,96.428571,21704,3288,67.401961,63.299432,,,,,56,true,35.133333,1d11h08min,2026-04-02T11:08
BASE,COLAPSO_LOGISTICO-ALTA-N03,COLAPSO_LOGISTICO,ALTA,3,17,119,GENETICO,56,13242.3878,18120,15063.738333,63.738333,0,3,0,true,true,94.642857,96.428571,20536,2942,67.401961,,,,,,56,true,35.133333,1d11h08min,2026-04-02T11:08
BASE,COLAPSO_LOGISTICO-ALTA-N03,COLAPSO_LOGISTICO,ALTA,3,18,120,GENETICO,56,12157.4619,18120,15063.748333,63.748333,0,3,0,true,true,94.642857,96.428571,20620,3100,67.401961,,,,,,56,true,35.133333,1d11h08min,2026-04-02T11:08
BASE,COLAPSO_LOGISTICO-ALTA-N03,COLAPSO_LOGISTICO,ALTA,3,18,120,RECOCIDO_SIMULADO,56,2235.2186,7322,15069.183333,69.183333,0,3,0,true,true,94.642857,96.428571,20968,3252,67.401961,64.446533,,,,,56,true,35.133333,1d11h08min,2026-04-02T11:08
BASE,COLAPSO_LOGISTICO-ALTA-N03,COLAPSO_LOGISTICO,ALTA,3,19,121,RECOCIDO_SIMULADO,56,2090.0613,6682,15065.265,65.265,0,3,0,true,true,94.642857,96.428571,21018,3196,67.401961,82.528755,,,,,56,true,35.133333,1d11h08min,2026-04-02T11:08
BASE,COLAPSO_LOGISTICO-ALTA-N03,COLAPSO_LOGISTICO,ALTA,3,19,121,GENETICO,56,11867.2632,18120,15063.908333,63.908333,0,3,0,true,true,94.642857,96.428571,21792,3046,67.401961,,,,,,56,true,35.133333,1d11h08min,2026-04-02T11:08
BASE,COLAPSO_LOGISTICO-ALTA-N03,COLAPSO_LOGISTICO,ALTA,3,20,122,GENETICO,56,13904.8315,18120,15063.738333,63.738333,0,3,0,true,true,94.642857,96.428571,21284,3128,67.401961,,,,,,56,true,35.133333,1d11h08min,2026-04-02T11:08
BASE,COLAPSO_LOGISTICO-ALTA-N03,COLAPSO_LOGISTICO,ALTA,3,20,122,RECOCIDO_SIMULADO,56,2244.7098,7322,15070.181667,70.181667,0,3,0,true,true,94.642857,96.428571,22416,3276,67.401961,70.506165,,,,,56,true,35.133333,1d11h08min,2026-04-02T11:08
BASE,COLAPSO_LOGISTICO-ALTA-N03,COLAPSO_LOGISTICO,ALTA,3,21,123,RECOCIDO_SIMULADO,58,2129.7077,6962,15260.233333,80.233333,1.8,3,0,true,true,93.103448,93.103448,23194,3518,72.058824,53.733897,,,,,58,true,24.25,1d00h15min,2026-04-02T00:15
BASE,COLAPSO_LOGISTICO-ALTA-N03,COLAPSO_LOGISTICO,ALTA,3,21,123,GENETICO,56,13230.0274,18120,15063.738333,63.738333,0,3,0,true,true,94.642857,96.428571,21450,3104,67.401961,,,,,,56,true,35.133333,1d11h08min,2026-04-02T11:08
BASE,COLAPSO_LOGISTICO-ALTA-N03,COLAPSO_LOGISTICO,ALTA,3,22,124,GENETICO,56,11743.3689,18120,15063.933333,63.933333,0,3,0,true,true,94.642857,96.428571,20874,3076,67.401961,,,,,,56,true,35.133333,1d11h08min,2026-04-02T11:08
BASE,COLAPSO_LOGISTICO-ALTA-N03,COLAPSO_LOGISTICO,ALTA,3,22,124,RECOCIDO_SIMULADO,56,2442.229,8042,15073.74,73.74,0,3,0,true,true,94.642857,96.428571,21210,3220,67.401961,274.834561,,,,,56,true,35.133333,1d11h08min,2026-04-02T11:08
BASE,COLAPSO_LOGISTICO-ALTA-N03,COLAPSO_LOGISTICO,ALTA,3,23,125,RECOCIDO_SIMULADO,56,1922.9199,6282,15072.95,72.95,0,3,0,true,true,94.642857,96.428571,22068,3300,67.401961,43.862545,,,,,56,true,35.133333,1d11h08min,2026-04-02T11:08
BASE,COLAPSO_LOGISTICO-ALTA-N03,COLAPSO_LOGISTICO,ALTA,3,23,125,GENETICO,56,13372.5253,18120,15063.748333,63.748333,0,3,0,true,true,94.642857,96.428571,21406,3192,67.401961,,,,,,56,true,35.133333,1d11h08min,2026-04-02T11:08
BASE,COLAPSO_LOGISTICO-ALTA-N03,COLAPSO_LOGISTICO,ALTA,3,24,126,GENETICO,56,12517.7283,18120,15063.773333,63.773333,0,3,0,true,true,94.642857,96.428571,22000,3346,67.401961,,,,,,56,true,35.133333,1d11h08min,2026-04-02T11:08
BASE,COLAPSO_LOGISTICO-ALTA-N03,COLAPSO_LOGISTICO,ALTA,3,24,126,RECOCIDO_SIMULADO,57,2284.1964,7442,15075.675,75.675,0,3,0,true,true,94.736842,96.551724,21886,3342,68.382353,90.618458,,,,,57,true,35.133333,1d11h08min,2026-04-02T11:08
BASE,COLAPSO_LOGISTICO-ALTA-N03,COLAPSO_LOGISTICO,ALTA,3,25,127,RECOCIDO_SIMULADO,57,2105.2501,7002,15075.191667,75.191667,0,3,0,true,true,94.736842,96.428571,20776,3116,69.607843,63.23056,,,,,57,true,35.133333,1d11h08min,2026-04-02T11:08
BASE,COLAPSO_LOGISTICO-ALTA-N03,COLAPSO_LOGISTICO,ALTA,3,25,127,GENETICO,56,13268.5817,18120,15063.738333,63.738333,0,3,0,true,true,94.642857,96.428571,21944,3182,67.401961,,,,,,56,true,35.133333,1d11h08min,2026-04-02T11:08
BASE,COLAPSO_LOGISTICO-ALTA-N03,COLAPSO_LOGISTICO,ALTA,3,26,128,GENETICO,56,11875.6151,18120,15063.908333,63.908333,0,3,0,true,true,94.642857,96.428571,19768,2846,67.401961,,,,,,56,true,35.133333,1d11h08min,2026-04-02T11:08
BASE,COLAPSO_LOGISTICO-ALTA-N03,COLAPSO_LOGISTICO,ALTA,3,26,128,RECOCIDO_SIMULADO,57,2460.0119,8042,15073.57,73.57,0,3,0,true,true,94.736842,96.551724,21458,3188,69.117647,365.027324,,,,,57,true,35.133333,1d11h08min,2026-04-02T11:08
BASE,COLAPSO_LOGISTICO-ALTA-N03,COLAPSO_LOGISTICO,ALTA,3,27,129,RECOCIDO_SIMULADO,56,2312.693,7562,15073.74,73.74,0,3,0,true,true,94.642857,96.428571,21210,3220,67.401961,194.290307,,,,,56,true,35.133333,1d11h08min,2026-04-02T11:08
BASE,COLAPSO_LOGISTICO-ALTA-N03,COLAPSO_LOGISTICO,ALTA,3,27,129,GENETICO,56,13290.4875,18120,15063.748333,63.748333,0,3,0,true,true,94.642857,96.428571,20660,2854,67.401961,,,,,,56,true,35.133333,1d11h08min,2026-04-02T11:08
BASE,COLAPSO_LOGISTICO-ALTA-N03,COLAPSO_LOGISTICO,ALTA,3,28,130,GENETICO,56,11302.1308,18120,15063.738333,63.738333,0,3,0,true,true,94.642857,96.428571,22098,3230,67.401961,,,,,,56,true,35.133333,1d11h08min,2026-04-02T11:08
BASE,COLAPSO_LOGISTICO-ALTA-N03,COLAPSO_LOGISTICO,ALTA,3,28,130,RECOCIDO_SIMULADO,56,2209.3898,7322,15073.045,73.045,0,3,0,true,true,94.642857,96.428571,21400,3254,67.401961,108.724514,,,,,56,true,35.133333,1d11h08min,2026-04-02T11:08
BASE,COLAPSO_LOGISTICO-ALTA-N03,COLAPSO_LOGISTICO,ALTA,3,29,131,RECOCIDO_SIMULADO,58,2396.4643,7882,15082.006667,82.006667,0,3,0,true,true,94.827586,96.666667,22216,3212,69.117647,155.505916,,,,,58,true,35.133333,1d11h08min,2026-04-02T11:08
BASE,COLAPSO_LOGISTICO-ALTA-N03,COLAPSO_LOGISTICO,ALTA,3,29,131,GENETICO,56,13586.0962,18120,15063.748333,63.748333,0,3,0,true,true,94.642857,96.428571,22126,3066,67.401961,,,,,,56,true,35.133333,1d11h08min,2026-04-02T11:08
BASE,COLAPSO_LOGISTICO-CRITICA-N01,COLAPSO_LOGISTICO,CRITICA,1,0,42,GENETICO,49,8869.6962,9060,15046.983333,46.983333,0,3,0,true,true,93.877551,92.307692,20504,2932,64.460784,,,,,,49,true,20.25,0d20h15min,2026-04-01T20:15
BASE,COLAPSO_LOGISTICO-CRITICA-N01,COLAPSO_LOGISTICO,CRITICA,1,0,42,RECOCIDO_SIMULADO,49,2472.5365,6261,15062.383333,62.383333,0,3,0,true,true,93.877551,92.307692,18500,2456,64.460784,2582.575419,,,,,49,true,20.25,0d20h15min,2026-04-01T20:15
BASE,COLAPSO_LOGISTICO-CRITICA-N01,COLAPSO_LOGISTICO,CRITICA,1,1,43,RECOCIDO_SIMULADO,49,2470.7641,6541,15066.183333,66.183333,0,3,0,true,true,93.877551,92.307692,19928,2660,64.460784,3751.268557,,,,,49,true,20.25,0d20h15min,2026-04-01T20:15
BASE,COLAPSO_LOGISTICO-CRITICA-N01,COLAPSO_LOGISTICO,CRITICA,1,1,43,GENETICO,49,9245.8388,9060,15046.983333,46.983333,0,3,0,true,true,93.877551,92.307692,19758,2934,64.460784,,,,,,49,true,20.25,0d20h15min,2026-04-01T20:15
BASE,COLAPSO_LOGISTICO-CRITICA-N01,COLAPSO_LOGISTICO,CRITICA,1,2,44,GENETICO,49,9395.3604,9060,15046.983333,46.983333,0,3,0,true,true,93.877551,92.307692,20900,3018,64.460784,,,,,,49,true,20.25,0d20h15min,2026-04-01T20:15
BASE,COLAPSO_LOGISTICO-CRITICA-N01,COLAPSO_LOGISTICO,CRITICA,1,2,44,RECOCIDO_SIMULADO,49,2499.7533,6261,15055.416667,55.416667,0,3,0,true,true,93.877551,92.307692,19764,2558,64.460784,2676.711107,,,,,49,true,20.25,0d20h15min,2026-04-01T20:15
BASE,COLAPSO_LOGISTICO-CRITICA-N01,COLAPSO_LOGISTICO,CRITICA,1,3,45,RECOCIDO_SIMULADO,49,2468.5456,6541,15051.325,51.325,0,3,0,true,true,93.877551,92.307692,17492,2304,64.460784,3670.773218,,,,,49,true,20.25,0d20h15min,2026-04-01T20:15
BASE,COLAPSO_LOGISTICO-CRITICA-N01,COLAPSO_LOGISTICO,CRITICA,1,3,45,GENETICO,49,9659.7602,9060,15046.983333,46.983333,0,3,0,true,true,93.877551,92.307692,19998,2922,64.460784,,,,,,49,true,20.25,0d20h15min,2026-04-01T20:15
BASE,COLAPSO_LOGISTICO-CRITICA-N01,COLAPSO_LOGISTICO,CRITICA,1,4,46,GENETICO,49,9298.8449,9060,15046.983333,46.983333,0,3,0,true,true,93.877551,92.307692,18022,2666,64.460784,,,,,,49,true,20.25,0d20h15min,2026-04-01T20:15
BASE,COLAPSO_LOGISTICO-CRITICA-N01,COLAPSO_LOGISTICO,CRITICA,1,4,46,RECOCIDO_SIMULADO,49,2539.9764,6621,15055.925,55.925,0,3,0,true,true,93.877551,92.307692,18616,2432,64.460784,4227.497647,,,,,49,true,20.25,0d20h15min,2026-04-01T20:15
BASE,COLAPSO_LOGISTICO-CRITICA-N01,COLAPSO_LOGISTICO,CRITICA,1,5,47,RECOCIDO_SIMULADO,49,2176.1632,5621,15058.618333,58.618333,0,3,0,true,true,93.877551,92.307692,20644,2756,64.460784,1152.447224,,,,,49,true,20.25,0d20h15min,2026-04-01T20:15
BASE,COLAPSO_LOGISTICO-CRITICA-N01,COLAPSO_LOGISTICO,CRITICA,1,5,47,GENETICO,49,8230.7783,9060,15046.983333,46.983333,0,3,0,true,true,93.877551,92.307692,20528,2842,64.460784,,,,,,49,true,20.25,0d20h15min,2026-04-01T20:15
BASE,COLAPSO_LOGISTICO-CRITICA-N01,COLAPSO_LOGISTICO,CRITICA,1,6,48,GENETICO,49,8371.8512,9060,15046.983333,46.983333,0,3,0,true,true,93.877551,92.307692,19850,2702,64.460784,,,,,,49,true,20.25,0d20h15min,2026-04-01T20:15
BASE,COLAPSO_LOGISTICO-CRITICA-N01,COLAPSO_LOGISTICO,CRITICA,1,6,48,RECOCIDO_SIMULADO,49,2429.5576,6261,15060.546667,60.546667,0,3,0,true,true,93.877551,92.307692,20808,2760,64.460784,2565.025205,,,,,49,true,20.25,0d20h15min,2026-04-01T20:15
BASE,COLAPSO_LOGISTICO-CRITICA-N01,COLAPSO_LOGISTICO,CRITICA,1,7,49,RECOCIDO_SIMULADO,49,2344.8501,6141,15063.148333,63.148333,0,3,0,true,true,93.877551,92.307692,19452,2556,64.460784,2295.249511,,,,,49,true,20.25,0d20h15min,2026-04-01T20:15
BASE,COLAPSO_LOGISTICO-CRITICA-N01,COLAPSO_LOGISTICO,CRITICA,1,7,49,GENETICO,49,8950.2573,9060,15046.983333,46.983333,0,3,0,true,true,93.877551,92.307692,19638,2858,64.460784,,,,,,49,true,20.25,0d20h15min,2026-04-01T20:15
BASE,COLAPSO_LOGISTICO-CRITICA-N01,COLAPSO_LOGISTICO,CRITICA,1,8,50,GENETICO,49,11167.362,9060,15046.983333,46.983333,0,3,0,true,true,93.877551,92.307692,20548,2984,64.460784,,,,,,49,true,20.25,0d20h15min,2026-04-01T20:15
BASE,COLAPSO_LOGISTICO-CRITICA-N01,COLAPSO_LOGISTICO,CRITICA,1,8,50,RECOCIDO_SIMULADO,49,2507.8775,6301,15062.345,62.345,0,3,0,true,true,93.877551,92.307692,19288,2552,64.460784,2795.292706,,,,,49,true,20.25,0d20h15min,2026-04-01T20:15
BASE,COLAPSO_LOGISTICO-CRITICA-N01,COLAPSO_LOGISTICO,CRITICA,1,9,51,RECOCIDO_SIMULADO,49,2504.6583,6341,15051.225,51.225,0,3,0,true,true,93.877551,92.307692,19524,2562,64.460784,2865.209593,,,,,49,true,20.25,0d20h15min,2026-04-01T20:15
BASE,COLAPSO_LOGISTICO-CRITICA-N01,COLAPSO_LOGISTICO,CRITICA,1,9,51,GENETICO,49,9347.4269,9060,15046.983333,46.983333,0,3,0,true,true,93.877551,92.307692,19874,2842,64.460784,,,,,,49,true,20.25,0d20h15min,2026-04-01T20:15
BASE,COLAPSO_LOGISTICO-CRITICA-N01,COLAPSO_LOGISTICO,CRITICA,1,10,52,GENETICO,49,9769.4368,9060,15046.983333,46.983333,0,3,0,true,true,93.877551,92.307692,19154,2696,64.460784,,,,,,49,true,20.25,0d20h15min,2026-04-01T20:15
BASE,COLAPSO_LOGISTICO-CRITICA-N01,COLAPSO_LOGISTICO,CRITICA,1,10,52,RECOCIDO_SIMULADO,49,2301.9621,5821,15050.533333,50.533333,0,3,0,true,true,93.877551,92.307692,19904,2568,64.460784,1488.17126,,,,,49,true,20.25,0d20h15min,2026-04-01T20:15
BASE,COLAPSO_LOGISTICO-CRITICA-N01,COLAPSO_LOGISTICO,CRITICA,1,11,53,RECOCIDO_SIMULADO,49,2661.1393,6661,15055.9,55.9,0,3,0,true,true,93.877551,92.307692,19920,2596,64.460784,4396.640517,,,,,49,true,20.25,0d20h15min,2026-04-01T20:15
BASE,COLAPSO_LOGISTICO-CRITICA-N01,COLAPSO_LOGISTICO,CRITICA,1,11,53,GENETICO,49,10303.852,9060,15046.983333,46.983333,0,3,0,true,true,93.877551,92.307692,19906,2904,64.460784,,,,,,49,true,20.25,0d20h15min,2026-04-01T20:15
BASE,COLAPSO_LOGISTICO-CRITICA-N01,COLAPSO_LOGISTICO,CRITICA,1,12,54,GENETICO,49,8132.7999,9060,15046.983333,46.983333,0,3,0,true,true,93.877551,92.307692,17794,2578,64.460784,,,,,,49,true,20.25,0d20h15min,2026-04-01T20:15
BASE,COLAPSO_LOGISTICO-CRITICA-N01,COLAPSO_LOGISTICO,CRITICA,1,12,54,RECOCIDO_SIMULADO,49,2530.8453,6341,15057.605,57.605,0,3,0,true,true,93.877551,92.307692,20104,2596,64.460784,2944.625368,,,,,49,true,20.25,0d20h15min,2026-04-01T20:15
BASE,COLAPSO_LOGISTICO-CRITICA-N01,COLAPSO_LOGISTICO,CRITICA,1,13,55,RECOCIDO_SIMULADO,49,2244.3696,5781,15060.816667,60.816667,0,3,0,true,true,93.877551,92.307692,20552,2658,64.460784,1411.762503,,,,,49,true,20.25,0d20h15min,2026-04-01T20:15
BASE,COLAPSO_LOGISTICO-CRITICA-N01,COLAPSO_LOGISTICO,CRITICA,1,13,55,GENETICO,49,10322.0684,9060,15046.983333,46.983333,0,3,0,true,true,93.877551,92.307692,20560,2924,64.460784,,,,,,49,true,20.25,0d20h15min,2026-04-01T20:15
BASE,COLAPSO_LOGISTICO-CRITICA-N01,COLAPSO_LOGISTICO,CRITICA,1,14,56,GENETICO,49,9664.4723,9060,15046.983333,46.983333,0,3,0,true,true,93.877551,92.307692,20848,2976,64.460784,,,,,,49,true,20.25,0d20h15min,2026-04-01T20:15
BASE,COLAPSO_LOGISTICO-CRITICA-N01,COLAPSO_LOGISTICO,CRITICA,1,14,56,RECOCIDO_SIMULADO,49,2604.2054,6541,15059.925,59.925,0,3,0,true,true,93.877551,92.307692,18692,2432,64.460784,3744.293483,,,,,49,true,20.25,0d20h15min,2026-04-01T20:15
BASE,COLAPSO_LOGISTICO-CRITICA-N01,COLAPSO_LOGISTICO,CRITICA,1,15,57,RECOCIDO_SIMULADO,49,2438.5408,6141,15057.613333,57.613333,0,3,0,true,true,93.877551,92.307692,19748,2572,64.460784,2302.597357,,,,,49,true,20.25,0d20h15min,2026-04-01T20:15
BASE,COLAPSO_LOGISTICO-CRITICA-N01,COLAPSO_LOGISTICO,CRITICA,1,15,57,GENETICO,49,8290.9503,9060,15046.983333,46.983333,0,3,0,true,true,93.877551,92.307692,21218,2890,64.460784,,,,,,49,true,20.25,0d20h15min,2026-04-01T20:15
BASE,COLAPSO_LOGISTICO-CRITICA-N01,COLAPSO_LOGISTICO,CRITICA,1,16,58,GENETICO,49,9653.5591,9060,15046.983333,46.983333,0,3,0,true,true,93.877551,92.307692,19384,2816,64.460784,,,,,,49,true,20.25,0d20h15min,2026-04-01T20:15
BASE,COLAPSO_LOGISTICO-CRITICA-N01,COLAPSO_LOGISTICO,CRITICA,1,16,58,RECOCIDO_SIMULADO,49,2448.7288,6341,15053.683333,53.683333,0,3,0,true,true,93.877551,92.307692,19600,2608,64.460784,2919.615788,,,,,49,true,20.25,0d20h15min,2026-04-01T20:15
BASE,COLAPSO_LOGISTICO-CRITICA-N01,COLAPSO_LOGISTICO,CRITICA,1,17,59,RECOCIDO_SIMULADO,49,2572.8901,6581,15063.9,63.9,0,3,0,true,true,93.877551,92.307692,19840,2602,64.460784,3947.060913,,,,,49,true,20.25,0d20h15min,2026-04-01T20:15
BASE,COLAPSO_LOGISTICO-CRITICA-N01,COLAPSO_LOGISTICO,CRITICA,1,17,59,GENETICO,49,10315.3836,9060,15046.983333,46.983333,0,3,0,true,true,93.877551,92.307692,20426,2960,64.460784,,,,,,49,true,20.25,0d20h15min,2026-04-01T20:15
BASE,COLAPSO_LOGISTICO-CRITICA-N01,COLAPSO_LOGISTICO,CRITICA,1,18,60,GENETICO,49,9659.668,9060,15046.983333,46.983333,0,3,0,true,true,93.877551,92.307692,18406,2564,64.460784,,,,,,49,true,20.25,0d20h15min,2026-04-01T20:15
BASE,COLAPSO_LOGISTICO-CRITICA-N01,COLAPSO_LOGISTICO,CRITICA,1,18,60,RECOCIDO_SIMULADO,49,2490.219,6261,15059.85,59.85,0,3,0,true,true,93.877551,92.307692,19232,2510,64.460784,2641.022141,,,,,49,true,20.25,0d20h15min,2026-04-01T20:15
BASE,COLAPSO_LOGISTICO-CRITICA-N01,COLAPSO_LOGISTICO,CRITICA,1,19,61,RECOCIDO_SIMULADO,49,2680.0539,6821,15060.06,60.06,0,3,0,true,true,93.877551,92.307692,21400,2862,64.460784,5422.222772,,,,,49,true,20.25,0d20h15min,2026-04-01T20:15
BASE,COLAPSO_LOGISTICO-CRITICA-N01,COLAPSO_LOGISTICO,CRITICA,1,19,61,GENETICO,49,9511.645,9060,15046.983333,46.983333,0,3,0,true,true,93.877551,92.307692,19882,2730,64.460784,,,,,,49,true,20.25,0d20h15min,2026-04-01T20:15
BASE,COLAPSO_LOGISTICO-CRITICA-N01,COLAPSO_LOGISTICO,CRITICA,1,20,62,GENETICO,49,10894.3142,9060,15046.983333,46.983333,0,3,0,true,true,93.877551,92.307692,19228,2794,64.460784,,,,,,49,true,20.25,0d20h15min,2026-04-01T20:15
BASE,COLAPSO_LOGISTICO-CRITICA-N01,COLAPSO_LOGISTICO,CRITICA,1,20,62,RECOCIDO_SIMULADO,49,2314.1069,5901,15063.65,63.65,0,3,0,true,true,93.877551,92.307692,20560,2690,64.460784,1656.997579,,,,,49,true,20.25,0d20h15min,2026-04-01T20:15
BASE,COLAPSO_LOGISTICO-CRITICA-N01,COLAPSO_LOGISTICO,CRITICA,1,21,63,RECOCIDO_SIMULADO,49,2739.5022,7061,15050.725,50.725,0,3,0,true,true,93.877551,92.307692,20040,2644,64.460784,7429.278989,,,,,49,true,20.25,0d20h15min,2026-04-01T20:15
BASE,COLAPSO_LOGISTICO-CRITICA-N01,COLAPSO_LOGISTICO,CRITICA,1,21,63,GENETICO,49,9631.4471,9060,15046.983333,46.983333,0,3,0,true,true,93.877551,92.307692,19690,2840,64.460784,,,,,,49,true,20.25,0d20h15min,2026-04-01T20:15
BASE,COLAPSO_LOGISTICO-CRITICA-N01,COLAPSO_LOGISTICO,CRITICA,1,22,64,GENETICO,49,9625.9401,9060,15046.983333,46.983333,0,3,0,true,true,93.877551,92.307692,19708,2924,64.460784,,,,,,49,true,20.25,0d20h15min,2026-04-01T20:15
BASE,COLAPSO_LOGISTICO-CRITICA-N01,COLAPSO_LOGISTICO,CRITICA,1,22,64,RECOCIDO_SIMULADO,49,2655.558,6821,15052.636667,52.636667,0,3,0,true,true,93.877551,92.307692,19564,2576,64.460784,5329.917225,,,,,49,true,20.25,0d20h15min,2026-04-01T20:15
BASE,COLAPSO_LOGISTICO-CRITICA-N01,COLAPSO_LOGISTICO,CRITICA,1,23,65,RECOCIDO_SIMULADO,49,2564.6672,6381,15052.275,52.275,0,3,0,true,true,93.877551,92.307692,20240,2632,64.460784,3119.581473,,,,,49,true,20.25,0d20h15min,2026-04-01T20:15
BASE,COLAPSO_LOGISTICO-CRITICA-N01,COLAPSO_LOGISTICO,CRITICA,1,23,65,GENETICO,49,9829.1926,9060,15046.983333,46.983333,0,3,0,true,true,93.877551,92.307692,20530,2784,64.460784,,,,,,49,true,20.25,0d20h15min,2026-04-01T20:15
BASE,COLAPSO_LOGISTICO-CRITICA-N01,COLAPSO_LOGISTICO,CRITICA,1,24,66,GENETICO,49,9218.5807,9060,15046.983333,46.983333,0,3,0,true,true,93.877551,92.307692,20204,2946,64.460784,,,,,,49,true,20.25,0d20h15min,2026-04-01T20:15
BASE,COLAPSO_LOGISTICO-CRITICA-N01,COLAPSO_LOGISTICO,CRITICA,1,24,66,RECOCIDO_SIMULADO,49,2584.0649,6541,15050.375,50.375,0,3,0,true,true,93.877551,92.307692,21048,2730,64.460784,3704.904204,,,,,49,true,20.25,0d20h15min,2026-04-01T20:15
BASE,COLAPSO_LOGISTICO-CRITICA-N01,COLAPSO_LOGISTICO,CRITICA,1,25,67,RECOCIDO_SIMULADO,49,2337.063,6021,15057.238333,57.238333,0,3,0,true,true,93.877551,92.307692,20628,2748,64.460784,1938.871404,,,,,49,true,20.25,0d20h15min,2026-04-01T20:15
BASE,COLAPSO_LOGISTICO-CRITICA-N01,COLAPSO_LOGISTICO,CRITICA,1,25,67,GENETICO,49,9725.0459,9060,15046.983333,46.983333,0,3,0,true,true,93.877551,92.307692,18900,2708,64.460784,,,,,,49,true,20.25,0d20h15min,2026-04-01T20:15
BASE,COLAPSO_LOGISTICO-CRITICA-N01,COLAPSO_LOGISTICO,CRITICA,1,26,68,GENETICO,49,10626.7252,9060,15046.983333,46.983333,0,3,0,true,true,93.877551,92.307692,19486,2806,64.460784,,,,,,49,true,20.25,0d20h15min,2026-04-01T20:15
BASE,COLAPSO_LOGISTICO-CRITICA-N01,COLAPSO_LOGISTICO,CRITICA,1,26,68,RECOCIDO_SIMULADO,49,2642.3685,6741,15060.291667,60.291667,0,3,0,true,true,93.877551,92.307692,20216,2636,64.460784,4832.951088,,,,,49,true,20.25,0d20h15min,2026-04-01T20:15
BASE,COLAPSO_LOGISTICO-CRITICA-N01,COLAPSO_LOGISTICO,CRITICA,1,27,69,RECOCIDO_SIMULADO,49,2479.4144,6261,15052.483333,52.483333,0,3,0,true,true,93.877551,92.307692,20128,2636,64.460784,2659.025734,,,,,49,true,20.25,0d20h15min,2026-04-01T20:15
BASE,COLAPSO_LOGISTICO-CRITICA-N01,COLAPSO_LOGISTICO,CRITICA,1,27,69,GENETICO,49,10432.4321,9060,15046.983333,46.983333,0,3,0,true,true,93.877551,92.307692,19094,2712,64.460784,,,,,,49,true,20.25,0d20h15min,2026-04-01T20:15
BASE,COLAPSO_LOGISTICO-CRITICA-N01,COLAPSO_LOGISTICO,CRITICA,1,28,70,GENETICO,49,10056.2485,9060,15046.983333,46.983333,0,3,0,true,true,93.877551,92.307692,18878,2544,64.460784,,,,,,49,true,20.25,0d20h15min,2026-04-01T20:15
BASE,COLAPSO_LOGISTICO-CRITICA-N01,COLAPSO_LOGISTICO,CRITICA,1,28,70,RECOCIDO_SIMULADO,49,2187.5594,5421,15056.716667,56.716667,0,3,0,true,true,93.877551,92.307692,19124,2462,64.460784,908.800918,,,,,49,true,20.25,0d20h15min,2026-04-01T20:15
BASE,COLAPSO_LOGISTICO-CRITICA-N01,COLAPSO_LOGISTICO,CRITICA,1,29,71,RECOCIDO_SIMULADO,49,2649.8017,6781,15058.583333,58.583333,0,3,0,true,true,93.877551,92.307692,19936,2636,64.460784,5170.156872,,,,,49,true,20.25,0d20h15min,2026-04-01T20:15
BASE,COLAPSO_LOGISTICO-CRITICA-N01,COLAPSO_LOGISTICO,CRITICA,1,29,71,GENETICO,49,8553.1224,9060,15046.983333,46.983333,0,3,0,true,true,93.877551,92.307692,20584,2904,64.460784,,,,,,49,true,20.25,0d20h15min,2026-04-01T20:15
BASE,COLAPSO_LOGISTICO-CRITICA-N02,COLAPSO_LOGISTICO,CRITICA,2,0,72,GENETICO,64,11327.8277,18120,5067.031667,67.031667,0,1,0,true,true,98.4375,97.619048,21514,3260,79.656863,,,,,,64,true,46.2,1d22h12min,2026-04-02T22:12
BASE,COLAPSO_LOGISTICO-CRITICA-N02,COLAPSO_LOGISTICO,CRITICA,2,0,72,RECOCIDO_SIMULADO,66,1868.0083,8402,5099.358333,99.358333,0,1,0,true,true,98.484848,97.619048,26336,3978,84.558824,125.953805,,,,,66,true,46.2,1d22h12min,2026-04-02T22:12
BASE,COLAPSO_LOGISTICO-CRITICA-N02,COLAPSO_LOGISTICO,CRITICA,2,1,73,RECOCIDO_SIMULADO,66,1878.1829,8202,5095.29,95.29,0,1,0,true,true,98.484848,97.619048,24148,3814,84.558824,129.257142,,,,,66,true,46.2,1d22h12min,2026-04-02T22:12
BASE,COLAPSO_LOGISTICO-CRITICA-N02,COLAPSO_LOGISTICO,CRITICA,2,1,73,GENETICO,64,12313.8507,18120,5065.75,65.75,0,1,0,true,true,98.4375,97.619048,21360,3278,79.656863,,,,,,64,true,46.2,1d22h12min,2026-04-02T22:12
BASE,COLAPSO_LOGISTICO-CRITICA-N02,COLAPSO_LOGISTICO,CRITICA,2,2,74,GENETICO,64,10217.1104,18120,5065.94,65.94,0,1,0,true,true,98.4375,97.619048,23114,3602,79.656863,,,,,,64,true,46.2,1d22h12min,2026-04-02T22:12
BASE,COLAPSO_LOGISTICO-CRITICA-N02,COLAPSO_LOGISTICO,CRITICA,2,2,74,RECOCIDO_SIMULADO,66,1811.79,7762,5104.26,104.26,0,1,0,true,true,98.484848,97.619048,26422,4138,84.558824,306.065146,,,,,66,true,46.2,1d22h12min,2026-04-02T22:12
BASE,COLAPSO_LOGISTICO-CRITICA-N02,COLAPSO_LOGISTICO,CRITICA,2,3,75,RECOCIDO_SIMULADO,66,1713.3729,7562,5094.591667,94.591667,0,1,0,true,true,98.484848,97.619048,28834,4430,84.558824,116.991948,,,,,66,true,46.2,1d22h12min,2026-04-02T22:12
BASE,COLAPSO_LOGISTICO-CRITICA-N02,COLAPSO_LOGISTICO,CRITICA,2,3,75,GENETICO,64,11510.7731,18120,5066.666667,66.666667,0,1,0,true,true,98.4375,97.619048,23380,3738,79.656863,,,,,,64,true,46.2,1d22h12min,2026-04-02T22:12
BASE,COLAPSO_LOGISTICO-CRITICA-N02,COLAPSO_LOGISTICO,CRITICA,2,4,76,GENETICO,64,9886.3182,18120,5065.96,65.96,0,1,0,true,true,98.4375,97.619048,22202,3350,79.656863,,,,,,64,true,46.2,1d22h12min,2026-04-02T22:12
BASE,COLAPSO_LOGISTICO-CRITICA-N02,COLAPSO_LOGISTICO,CRITICA,2,4,76,RECOCIDO_SIMULADO,66,1810.3271,8002,5098.503333,98.503333,0,1,0,true,true,98.484848,97.619048,23188,3832,84.558824,155.720242,,,,,66,true,46.2,1d22h12min,2026-04-02T22:12
BASE,COLAPSO_LOGISTICO-CRITICA-N02,COLAPSO_LOGISTICO,CRITICA,2,5,77,RECOCIDO_SIMULADO,66,1799.1858,7962,5087.756667,87.756667,0,1,0,true,true,98.484848,97.619048,23738,3934,84.558824,122.902222,,,,,66,true,46.2,1d22h12min,2026-04-02T22:12
BASE,COLAPSO_LOGISTICO-CRITICA-N02,COLAPSO_LOGISTICO,CRITICA,2,5,77,GENETICO,64,10404.9069,18120,5065.75,65.75,0,1,0,true,true,98.4375,97.619048,22566,3566,79.656863,,,,,,64,true,46.2,1d22h12min,2026-04-02T22:12
BASE,COLAPSO_LOGISTICO-CRITICA-N02,COLAPSO_LOGISTICO,CRITICA,2,6,78,GENETICO,64,10851.923,18120,5066.41,66.41,0,1,0,true,true,98.4375,97.619048,25086,4058,79.656863,,,,,,64,true,46.2,1d22h12min,2026-04-02T22:12
BASE,COLAPSO_LOGISTICO-CRITICA-N02,COLAPSO_LOGISTICO,CRITICA,2,6,78,RECOCIDO_SIMULADO,66,1586.8234,7202,5098.596667,98.596667,0,1,0,true,true,98.484848,97.619048,25968,4120,84.558824,40.767856,,,,,66,true,46.2,1d22h12min,2026-04-02T22:12
BASE,COLAPSO_LOGISTICO-CRITICA-N02,COLAPSO_LOGISTICO,CRITICA,2,7,79,RECOCIDO_SIMULADO,66,1466.3906,6402,5104.046667,104.046667,0,1,0,true,true,98.484848,97.619048,25312,3994,84.558824,51.804612,,,,,66,true,46.2,1d22h12min,2026-04-02T22:12
BASE,COLAPSO_LOGISTICO-CRITICA-N02,COLAPSO_LOGISTICO,CRITICA,2,7,79,GENETICO,64,10238.7401,18120,5066.265,66.265,0,1,0,true,true,98.4375,97.619048,24542,3714,79.656863,,,,,,64,true,46.2,1d22h12min,2026-04-02T22:12
BASE,COLAPSO_LOGISTICO-CRITICA-N02,COLAPSO_LOGISTICO,CRITICA,2,8,80,GENETICO,64,9826.8696,18120,5065.58,65.58,0,1,0,true,true,98.4375,97.619048,23190,3558,79.656863,,,,,,64,true,46.2,1d22h12min,2026-04-02T22:12
BASE,COLAPSO_LOGISTICO-CRITICA-N02,COLAPSO_LOGISTICO,CRITICA,2,8,80,RECOCIDO_SIMULADO,66,1673.2823,7442,5103.025,103.025,0,1,0,true,true,98.484848,97.619048,26350,4186,84.558824,87.84811,,,,,66,true,46.2,1d22h12min,2026-04-02T22:12
BASE,COLAPSO_LOGISTICO-CRITICA-N02,COLAPSO_LOGISTICO,CRITICA,2,9,81,RECOCIDO_SIMULADO,66,2030.9297,8802,5090.905,90.905,0,1,0,true,true,98.484848,97.619048,25420,4018,84.558824,481.811601,,,,,66,true,46.2,1d22h12min,2026-04-02T22:12
BASE,COLAPSO_LOGISTICO-CRITICA-N02,COLAPSO_LOGISTICO,CRITICA,2,9,81,GENETICO,64,10082.6099,18120,5066.11,66.11,0,1,0,true,true,98.4375,97.619048,24538,3840,79.656863,,,,,,64,true,46.2,1d22h12min,2026-04-02T22:12
BASE,COLAPSO_LOGISTICO-CRITICA-N02,COLAPSO_LOGISTICO,CRITICA,2,10,82,GENETICO,64,12490.2665,18120,5065.75,65.75,0,1,0,true,true,98.4375,97.619048,22584,3396,79.656863,,,,,,64,true,46.2,1d22h12min,2026-04-02T22:12
BASE,COLAPSO_LOGISTICO-CRITICA-N02,COLAPSO_LOGISTICO,CRITICA,2,10,82,RECOCIDO_SIMULADO,66,1879.6886,8122,5091.785,91.785,0,1,0,true,true,98.484848,97.619048,24600,3716,84.558824,270.495067,,,,,66,true,46.2,1d22h12min,2026-04-02T22:12
BASE,COLAPSO_LOGISTICO-CRITICA-N02,COLAPSO_LOGISTICO,CRITICA,2,11,83,RECOCIDO_SIMULADO,66,1603.217,6962,5098.988333,98.988333,0,1,0,true,true,98.484848,97.619048,25124,4046,84.558824,103.278598,,,,,66,true,46.2,1d22h12min,2026-04-02T22:12
BASE,COLAPSO_LOGISTICO-CRITICA-N02,COLAPSO_LOGISTICO,CRITICA,2,11,83,GENETICO,64,10604.4789,18120,5066.89,66.89,0,1,0,true,true,98.4375,97.619048,23278,3682,79.656863,,,,,,64,true,46.2,1d22h12min,2026-04-02T22:12
BASE,COLAPSO_LOGISTICO-CRITICA-N02,COLAPSO_LOGISTICO,CRITICA,2,12,84,GENETICO,64,10415.299,18120,5066.11,66.11,0,1,0,true,true,98.4375,97.619048,21898,3452,79.656863,,,,,,64,true,46.2,1d22h12min,2026-04-02T22:12
BASE,COLAPSO_LOGISTICO-CRITICA-N02,COLAPSO_LOGISTICO,CRITICA,2,12,84,RECOCIDO_SIMULADO,66,1851.9639,8122,5092.126667,92.126667,0,1,0,true,true,98.484848,97.619048,25484,3948,84.558824,180.833709,,,,,66,true,46.2,1d22h12min,2026-04-02T22:12
BASE,COLAPSO_LOGISTICO-CRITICA-N02,COLAPSO_LOGISTICO,CRITICA,2,13,85,RECOCIDO_SIMULADO,64,1646.5537,7442,5093.53,93.53,0,1,0,true,true,98.4375,97.619048,25378,3910,79.656863,74.334689,,,,,64,true,46.2,1d22h12min,2026-04-02T22:12
BASE,COLAPSO_LOGISTICO-CRITICA-N02,COLAPSO_LOGISTICO,CRITICA,2,13,85,GENETICO,64,10140.4714,18120,5065.75,65.75,0,1,0,true,true,98.4375,97.619048,23134,3512,79.656863,,,,,,64,true,46.2,1d22h12min,2026-04-02T22:12
BASE,COLAPSO_LOGISTICO-CRITICA-N02,COLAPSO_LOGISTICO,CRITICA,2,14,86,GENETICO,64,10386.8602,18120,5066.11,66.11,0,1,0,true,true,98.4375,97.619048,23046,3610,79.656863,,,,,,64,true,46.2,1d22h12min,2026-04-02T22:12
BASE,COLAPSO_LOGISTICO-CRITICA-N02,COLAPSO_LOGISTICO,CRITICA,2,14,86,RECOCIDO_SIMULADO,66,1808.5764,7762,5102.13,102.13,0,1,0,true,true,98.484848,97.619048,24308,3838,84.558824,246.262932,,,,,66,true,46.2,1d22h12min,2026-04-02T22:12
BASE,COLAPSO_LOGISTICO-CRITICA-N02,COLAPSO_LOGISTICO,CRITICA,2,15,87,RECOCIDO_SIMULADO,64,1646.3224,7122,5087.055,87.055,0,1,0,true,true,98.4375,97.619048,24040,3740,79.656863,67.398734,,,,,64,true,46.2,1d22h12min,2026-04-02T22:12
BASE,COLAPSO_LOGISTICO-CRITICA-N02,COLAPSO_LOGISTICO,CRITICA,2,15,87,GENETICO,64,11933.4733,18120,5066.545,66.545,0,1,0,true,true,98.4375,97.619048,24754,3632,79.656863,,,,,,64,true,46.2,1d22h12min,2026-04-02T22:12
BASE,COLAPSO_LOGISTICO-CRITICA-N02,COLAPSO_LOGISTICO,CRITICA,2,16,88,GENETICO,64,12334.1621,18120,5065.495,65.495,0,1,0,true,true,98.4375,97.619048,21472,3402,79.656863,,,,,,64,true,46.2,1d22h12min,2026-04-02T22:12
BASE,COLAPSO_LOGISTICO-CRITICA-N02,COLAPSO_LOGISTICO,CRITICA,2,16,88,RECOCIDO_SIMULADO,64,1875.4311,7962,5088.055,88.055,0,1,0,true,true,98.4375,97.619048,23492,3652,79.656863,410.106395,,,,,64,true,46.2,1d22h12min,2026-04-02T22:12
BASE,COLAPSO_LOGISTICO-CRITICA-N02,COLAPSO_LOGISTICO,CRITICA,2,17,89,RECOCIDO_SIMULADO,65,1745.6254,7522,5090.246667,90.246667,0,1,0,true,true,98.461538,97.619048,26712,4202,82.107843,187.497078,,,,,65,true,46.2,1d22h12min,2026-04-02T22:12
BASE,COLAPSO_LOGISTICO-CRITICA-N02,COLAPSO_LOGISTICO,CRITICA,2,17,89,GENETICO,64,10288.6709,18120,5067.08,67.08,0,1,0,true,true,98.4375,97.619048,24412,3700,79.656863,,,,,,64,true,46.2,1d22h12min,2026-04-02T22:12
BASE,COLAPSO_LOGISTICO-CRITICA-N02,COLAPSO_LOGISTICO,CRITICA,2,18,90,GENETICO,64,11403.6446,18120,5065.75,65.75,0,1,0,true,true,98.4375,97.619048,23738,3592,79.656863,,,,,,64,true,46.2,1d22h12min,2026-04-02T22:12
BASE,COLAPSO_LOGISTICO-CRITICA-N02,COLAPSO_LOGISTICO,CRITICA,2,18,90,RECOCIDO_SIMULADO,66,1680.6747,7282,5091.638333,91.638333,0,1,0,true,true,98.484848,97.619048,25784,4046,84.558824,118.148776,,,,,66,true,46.2,1d22h12min,2026-04-02T22:12
BASE,COLAPSO_LOGISTICO-CRITICA-N02,COLAPSO_LOGISTICO,CRITICA,2,19,91,RECOCIDO_SIMULADO,66,1719.1926,7682,5096.723333,96.723333,0,1,0,true,true,98.484848,97.619048,26152,4096,84.558824,76.584992,,,,,66,true,46.2,1d22h12min,2026-04-02T22:12
BASE,COLAPSO_LOGISTICO-CRITICA-N02,COLAPSO_LOGISTICO,CRITICA,2,19,91,GENETICO,64,11501.9412,18120,5066.635,66.635,0,1,0,true,true,98.4375,97.619048,23870,3512,79.656863,,,,,,64,true,46.2,1d22h12min,2026-04-02T22:12
BASE,COLAPSO_LOGISTICO-CRITICA-N02,COLAPSO_LOGISTICO,CRITICA,2,20,92,GENETICO,64,10574.4984,18120,5066.476667,66.476667,0,1,0,true,true,98.4375,97.619048,22338,3566,79.656863,,,,,,64,true,46.2,1d22h12min,2026-04-02T22:12
BASE,COLAPSO_LOGISTICO-CRITICA-N02,COLAPSO_LOGISTICO,CRITICA,2,20,92,RECOCIDO_SIMULADO,66,1795.2642,7842,5108.176667,108.176667,0,1,0,true,true,98.484848,97.619048,26962,4298,84.558824,146.464813,,,,,66,true,46.2,1d22h12min,2026-04-02T22:12
BASE,COLAPSO_LOGISTICO-CRITICA-N02,COLAPSO_LOGISTICO,CRITICA,2,21,93,RECOCIDO_SIMULADO,64,1579.3434,7002,5083.45,83.45,0,1,0,true,true,98.4375,97.619048,26336,4006,79.656863,86.440381,,,,,64,true,46.2,1d22h12min,2026-04-02T22:12
BASE,COLAPSO_LOGISTICO-CRITICA-N02,COLAPSO_LOGISTICO,CRITICA,2,21,93,GENETICO,64,10948.7459,18120,5067.273333,67.273333,0,1,0,true,true,98.4375,97.619048,23608,3534,79.656863,,,,,,64,true,46.2,1d22h12min,2026-04-02T22:12
BASE,COLAPSO_LOGISTICO-CRITICA-N02,COLAPSO_LOGISTICO,CRITICA,2,22,94,GENETICO,64,12121.4004,18120,5066.638333,66.638333,0,1,0,true,true,98.4375,97.619048,22300,3516,79.656863,,,,,,64,true,46.2,1d22h12min,2026-04-02T22:12
BASE,COLAPSO_LOGISTICO-CRITICA-N02,COLAPSO_LOGISTICO,CRITICA,2,22,94,RECOCIDO_SIMULADO,64,1700.5561,7522,5083.163333,83.163333,0,1,0,true,true,98.4375,97.619048,23536,3500,79.656863,123.613379,,,,,64,true,46.2,1d22h12min,2026-04-02T22:12
BASE,COLAPSO_LOGISTICO-CRITICA-N02,COLAPSO_LOGISTICO,CRITICA,2,23,95,RECOCIDO_SIMULADO,66,1718.484,7562,5089.675,89.675,0,1,0,true,true,98.484848,97.619048,24446,3940,84.558824,109.338335,,,,,66,true,46.2,1d22h12min,2026-04-02T22:12
BASE,COLAPSO_LOGISTICO-CRITICA-N02,COLAPSO_LOGISTICO,CRITICA,2,23,95,GENETICO,64,11375.3052,18120,5066.13,66.13,0,1,0,true,true,98.4375,97.619048,22874,3506,79.656863,,,,,,64,true,46.2,1d22h12min,2026-04-02T22:12
BASE,COLAPSO_LOGISTICO-CRITICA-N02,COLAPSO_LOGISTICO,CRITICA,2,24,96,GENETICO,64,9869.5997,18120,5066.49,66.49,0,1,0,true,true,98.4375,97.619048,23702,3612,79.656863,,,,,,64,true,46.2,1d22h12min,2026-04-02T22:12
BASE,COLAPSO_LOGISTICO-CRITICA-N02,COLAPSO_LOGISTICO,CRITICA,2,24,96,RECOCIDO_SIMULADO,66,1854.3559,8002,5100.785,100.785,0,1,0,true,true,98.484848,97.619048,25320,4016,84.558824,256.618398,,,,,66,true,46.2,1d22h12min,2026-04-02T22:12
BASE,COLAPSO_LOGISTICO-CRITICA-N02,COLAPSO_LOGISTICO,CRITICA,2,25,97,RECOCIDO_SIMULADO,66,1662.6183,7242,5093.256667,93.256667,0,1,0,true,true,98.484848,97.619048,24834,3978,84.558824,107.816019,,,,,66,true,46.2,1d22h12min,2026-04-02T22:12
BASE,COLAPSO_LOGISTICO-CRITICA-N02,COLAPSO_LOGISTICO,CRITICA,2,25,97,GENETICO,64,12065.7683,18120,5065.325,65.325,0,1,0,true,true,98.4375,97.619048,21440,3414,79.656863,,,,,,64,true,46.2,1d22h12min,2026-04-02T22:12
BASE,COLAPSO_LOGISTICO-CRITICA-N02,COLAPSO_LOGISTICO,CRITICA,2,26,98,GENETICO,64,10059.149,18120,5066.476667,66.476667,0,1,0,true,true,98.4375,97.619048,23444,3570,79.656863,,,,,,64,true,46.2,1d22h12min,2026-04-02T22:12
BASE,COLAPSO_LOGISTICO-CRITICA-N02,COLAPSO_LOGISTICO,CRITICA,2,26,98,RECOCIDO_SIMULADO,66,1910.8246,8242,5091.813333,91.813333,0,1,0,true,true,98.484848,97.619048,23932,3874,84.558824,300.808589,,,,,66,true,46.2,1d22h12min,2026-04-02T22:12
BASE,COLAPSO_LOGISTICO-CRITICA-N02,COLAPSO_LOGISTICO,CRITICA,2,27,99,RECOCIDO_SIMULADO,64,1750.7502,7642,5085.608333,85.608333,0,1,0,true,true,98.4375,97.619048,24464,3852,79.656863,167.272999,,,,,64,true,46.2,1d22h12min,2026-04-02T22:12
BASE,COLAPSO_LOGISTICO-CRITICA-N02,COLAPSO_LOGISTICO,CRITICA,2,27,99,GENETICO,64,9771.6661,18120,5066.11,66.11,0,1,0,true,true,98.4375,97.619048,21342,3208,79.656863,,,,,,64,true,46.2,1d22h12min,2026-04-02T22:12
BASE,COLAPSO_LOGISTICO-CRITICA-N02,COLAPSO_LOGISTICO,CRITICA,2,28,100,GENETICO,64,12130.6416,18120,5067.06,67.06,0,1,0,true,true,98.4375,97.619048,21488,3382,79.656863,,,,,,64,true,46.2,1d22h12min,2026-04-02T22:12
BASE,COLAPSO_LOGISTICO-CRITICA-N02,COLAPSO_LOGISTICO,CRITICA,2,28,100,RECOCIDO_SIMULADO,66,1625.7908,7202,5094.845,94.845,0,1,0,true,true,98.484848,97.619048,23694,3760,84.558824,128.55644,,,,,66,true,46.2,1d22h12min,2026-04-02T22:12
BASE,COLAPSO_LOGISTICO-CRITICA-N02,COLAPSO_LOGISTICO,CRITICA,2,29,101,RECOCIDO_SIMULADO,66,1868.2948,8162,5098.573333,98.573333,0,1,0,true,true,98.484848,97.619048,25662,3968,84.558824,345.146792,,,,,66,true,46.2,1d22h12min,2026-04-02T22:12
BASE,COLAPSO_LOGISTICO-CRITICA-N02,COLAPSO_LOGISTICO,CRITICA,2,29,101,GENETICO,64,13678.0886,18120,5066.378333,66.378333,0,1,0,true,true,98.4375,97.619048,21612,3604,79.656863,,,,,,64,true,46.2,1d22h12min,2026-04-02T22:12
BASE,COLAPSO_LOGISTICO-CRITICA-N03,COLAPSO_LOGISTICO,CRITICA,3,0,102,GENETICO,79,17743.9342,27180,45101.215,101.215,0,9,0,true,true,88.607595,86.486486,25090,3946,91.831683,,,,,,79,true,55.716667,2d07h43min,2026-04-03T07:43
BASE,COLAPSO_LOGISTICO-CRITICA-N03,COLAPSO_LOGISTICO,CRITICA,3,0,102,RECOCIDO_SIMULADO,79,4300.9318,13263,45110.181667,110.181667,0,9,0,true,true,88.607595,89.189189,25262,4090,92.079208,44.560919,,,,,79,true,55.716667,2d07h43min,2026-04-03T07:43
BASE,COLAPSO_LOGISTICO-CRITICA-N03,COLAPSO_LOGISTICO,CRITICA,3,1,103,RECOCIDO_SIMULADO,79,4826.0008,14463,45128.973333,128.973333,0,9,0,true,true,88.607595,89.189189,25582,4090,92.079208,168.47807,,,,,79,true,55.716667,2d07h43min,2026-04-03T07:43
BASE,COLAPSO_LOGISTICO-CRITICA-N03,COLAPSO_LOGISTICO,CRITICA,3,1,103,GENETICO,79,20799.7971,27180,45104.5,104.5,0,9,0,true,true,88.607595,86.486486,26732,4166,91.831683,,,,,,79,true,55.716667,2d07h43min,2026-04-03T07:43
BASE,COLAPSO_LOGISTICO-CRITICA-N03,COLAPSO_LOGISTICO,CRITICA,3,2,104,GENETICO,79,19402.8536,27180,45100.186667,100.186667,0,9,0,true,true,88.607595,86.486486,24724,3922,91.831683,,,,,,79,true,55.716667,2d07h43min,2026-04-03T07:43
BASE,COLAPSO_LOGISTICO-CRITICA-N03,COLAPSO_LOGISTICO,CRITICA,3,2,104,RECOCIDO_SIMULADO,79,3909.1523,12343,45117.31,117.31,0,9,0,true,true,88.607595,89.189189,26454,4136,92.079208,73.729544,,,,,79,true,55.716667,2d07h43min,2026-04-03T07:43
BASE,COLAPSO_LOGISTICO-CRITICA-N03,COLAPSO_LOGISTICO,CRITICA,3,3,105,RECOCIDO_SIMULADO,79,4116.2892,13103,50120.991667,120.991667,0,10,0,true,true,87.341772,89.189189,24268,3822,89.851485,50.899075,,,,,79,true,55.716667,2d07h43min,2026-04-03T07:43
BASE,COLAPSO_LOGISTICO-CRITICA-N03,COLAPSO_LOGISTICO,CRITICA,3,3,105,GENETICO,79,17232.8287,27180,45099.48,99.48,0,9,0,true,true,88.607595,89.189189,23690,3868,92.079208,,,,,,79,true,55.716667,2d07h43min,2026-04-03T07:43
BASE,COLAPSO_LOGISTICO-CRITICA-N03,COLAPSO_LOGISTICO,CRITICA,3,4,106,GENETICO,79,19116.9338,27180,45099.148333,99.148333,0,9,0,true,true,88.607595,89.189189,24538,3898,92.079208,,,,,,79,true,55.716667,2d07h43min,2026-04-03T07:43
BASE,COLAPSO_LOGISTICO-CRITICA-N03,COLAPSO_LOGISTICO,CRITICA,3,4,106,RECOCIDO_SIMULADO,79,3795.6248,11823,45126.088333,126.088333,0,9,0,true,true,88.607595,89.189189,25632,4088,92.079208,76.372975,,,,,79,true,55.716667,2d07h43min,2026-04-03T07:43
BASE,COLAPSO_LOGISTICO-CRITICA-N03,COLAPSO_LOGISTICO,CRITICA,3,5,107,RECOCIDO_SIMULADO,79,3961.7157,12503,45111.655,111.655,0,9,0,true,true,88.607595,89.189189,24152,3936,92.079208,60.107174,,,,,79,true,55.716667,2d07h43min,2026-04-03T07:43
BASE,COLAPSO_LOGISTICO-CRITICA-N03,COLAPSO_LOGISTICO,CRITICA,3,5,107,GENETICO,79,19822.6045,27180,45093.806667,93.806667,0,9,0,true,true,88.607595,86.486486,25132,4082,92.574257,,,,,,79,true,55.716667,2d07h43min,2026-04-03T07:43
BASE,COLAPSO_LOGISTICO-CRITICA-N03,COLAPSO_LOGISTICO,CRITICA,3,6,108,GENETICO,79,19015.1961,27180,40101.65,101.65,0,8,0,true,true,89.873418,89.189189,24002,3896,94.306931,,,,,,79,true,55.716667,2d07h43min,2026-04-03T07:43
BASE,COLAPSO_LOGISTICO-CRITICA-N03,COLAPSO_LOGISTICO,CRITICA,3,6,108,RECOCIDO_SIMULADO,79,4762.4301,14863,50107.513333,107.513333,0,10,0,true,true,87.341772,89.189189,25980,4116,90.346535,301.283963,,,,,79,true,55.716667,2d07h43min,2026-04-03T07:43
BASE,COLAPSO_LOGISTICO-CRITICA-N03,COLAPSO_LOGISTICO,CRITICA,3,7,109,RECOCIDO_SIMULADO,79,4016.0432,12823,50111.671667,111.671667,0,10,0,true,true,87.341772,89.189189,24808,3986,89.851485,44.299406,,,,,79,true,55.716667,2d07h43min,2026-04-03T07:43
BASE,COLAPSO_LOGISTICO-CRITICA-N03,COLAPSO_LOGISTICO,CRITICA,3,7,109,GENETICO,79,18302.425,27180,45102.695,102.695,0,9,0,true,true,88.607595,86.486486,25118,3994,92.079208,,,,,,79,true,55.716667,2d07h43min,2026-04-03T07:43
BASE,COLAPSO_LOGISTICO-CRITICA-N03,COLAPSO_LOGISTICO,CRITICA,3,8,110,GENETICO,79,18004.9558,27180,45100.595,100.595,0,9,0,true,true,88.607595,89.189189,25810,4092,91.831683,,,,,,79,true,55.716667,2d07h43min,2026-04-03T07:43
BASE,COLAPSO_LOGISTICO-CRITICA-N03,COLAPSO_LOGISTICO,CRITICA,3,8,110,RECOCIDO_SIMULADO,79,4736.0194,14703,45108.711667,108.711667,0,9,0,true,true,88.607595,89.189189,25858,4228,92.079208,155.57078,,,,,79,true,55.716667,2d07h43min,2026-04-03T07:43
BASE,COLAPSO_LOGISTICO-CRITICA-N03,COLAPSO_LOGISTICO,CRITICA,3,9,111,RECOCIDO_SIMULADO,80,3877.1322,11903,55106.518333,106.518333,0,11,0,true,true,86.25,89.473684,25196,4014,89.851485,66.955744,,,,,80,true,55.716667,2d07h43min,2026-04-03T07:43
BASE,COLAPSO_LOGISTICO-CRITICA-N03,COLAPSO_LOGISTICO,CRITICA,3,9,111,GENETICO,79,18500.6169,27180,45099.316667,99.316667,0,9,0,true,true,88.607595,89.189189,25922,4006,92.079208,,,,,,79,true,55.716667,2d07h43min,2026-04-03T07:43
BASE,COLAPSO_LOGISTICO-CRITICA-N03,COLAPSO_LOGISTICO,CRITICA,3,10,112,GENETICO,79,17891.8821,27180,45099.238333,99.238333,0,9,0,true,true,88.607595,86.486486,24730,3910,91.831683,,,,,,79,true,55.716667,2d07h43min,2026-04-03T07:43
BASE,COLAPSO_LOGISTICO-CRITICA-N03,COLAPSO_LOGISTICO,CRITICA,3,10,112,RECOCIDO_SIMULADO,79,4317.4868,13583,50112.175,112.175,0,10,0,true,true,87.341772,89.189189,25034,3904,89.851485,80.426926,,,,,79,true,55.716667,2d07h43min,2026-04-03T07:43
BASE,COLAPSO_LOGISTICO-CRITICA-N03,COLAPSO_LOGISTICO,CRITICA,3,11,113,RECOCIDO_SIMULADO,79,4305.4842,13703,50108.171667,108.171667,0,10,0,true,true,87.341772,89.189189,26512,4226,89.851485,45.003716,,,,,79,true,55.716667,2d07h43min,2026-04-03T07:43
BASE,COLAPSO_LOGISTICO-CRITICA-N03,COLAPSO_LOGISTICO,CRITICA,3,11,113,GENETICO,79,18834.5822,27180,45099.588333,99.588333,0,9,0,true,true,88.607595,86.486486,24478,4072,92.079208,,,,,,79,true,55.716667,2d07h43min,2026-04-03T07:43
BASE,COLAPSO_LOGISTICO-CRITICA-N03,COLAPSO_LOGISTICO,CRITICA,3,12,114,GENETICO,79,19043.5247,27180,45100.53,100.53,0,9,0,true,true,88.607595,89.189189,24184,3868,92.079208,,,,,,79,true,55.716667,2d07h43min,2026-04-03T07:43
BASE,COLAPSO_LOGISTICO-CRITICA-N03,COLAPSO_LOGISTICO,CRITICA,3,12,114,RECOCIDO_SIMULADO,79,4226.6765,13023,50109.833333,109.833333,0,10,0,true,true,87.341772,89.189189,24630,3964,89.851485,119.749305,,,,,79,true,55.716667,2d07h43min,2026-04-03T07:43
BASE,COLAPSO_LOGISTICO-CRITICA-N03,COLAPSO_LOGISTICO,CRITICA,3,13,115,RECOCIDO_SIMULADO,79,4123.1937,12703,45109.636667,109.636667,0,9,0,true,true,88.607595,89.189189,25346,3962,92.079208,83.786449,,,,,79,true,55.716667,2d07h43min,2026-04-03T07:43
BASE,COLAPSO_LOGISTICO-CRITICA-N03,COLAPSO_LOGISTICO,CRITICA,3,13,115,GENETICO,79,18340.8431,27180,45097.986667,97.986667,0,9,0,true,true,88.607595,89.189189,24646,3984,91.831683,,,,,,79,true,55.716667,2d07h43min,2026-04-03T07:43
BASE,COLAPSO_LOGISTICO-CRITICA-N03,COLAPSO_LOGISTICO,CRITICA,3,14,116,GENETICO,79,18335.3768,27180,45098.136667,98.136667,0,9,0,true,true,88.607595,89.189189,25136,4002,92.079208,,,,,,79,true,55.716667,2d07h43min,2026-04-03T07:43
BASE,COLAPSO_LOGISTICO-CRITICA-N03,COLAPSO_LOGISTICO,CRITICA,3,14,116,RECOCIDO_SIMULADO,79,4053.8501,12783,45116.185,116.185,0,9,0,true,true,88.607595,89.189189,25910,4034,92.079208,25.242974,,,,,79,true,55.716667,2d07h43min,2026-04-03T07:43
BASE,COLAPSO_LOGISTICO-CRITICA-N03,COLAPSO_LOGISTICO,CRITICA,3,15,117,RECOCIDO_SIMULADO,79,3738.7774,11343,45110.903333,110.903333,0,9,0,true,true,88.607595,89.189189,26798,4334,92.079208,45.219132,,,,,79,true,55.716667,2d07h43min,2026-04-03T07:43
BASE,COLAPSO_LOGISTICO-CRITICA-N03,COLAPSO_LOGISTICO,CRITICA,3,15,117,GENETICO,79,20442.2934,27180,45097.906667,97.906667,0,9,0,true,true,88.607595,89.189189,24790,3898,92.079208,,,,,,79,true,55.716667,2d07h43min,2026-04-03T07:43
BASE,COLAPSO_LOGISTICO-CRITICA-N03,COLAPSO_LOGISTICO,CRITICA,3,16,118,GENETICO,79,16772.2221,27180,50099.92,99.92,0,10,0,true,true,87.341772,86.486486,24818,3862,89.356436,,,,,,79,true,55.716667,2d07h43min,2026-04-03T07:43
BASE,COLAPSO_LOGISTICO-CRITICA-N03,COLAPSO_LOGISTICO,CRITICA,3,16,118,RECOCIDO_SIMULADO,79,4026.3183,12903,45113.755,113.755,0,9,0,true,true,88.607595,89.189189,26428,4252,92.079208,49.959932,,,,,79,true,55.716667,2d07h43min,2026-04-03T07:43
BASE,COLAPSO_LOGISTICO-CRITICA-N03,COLAPSO_LOGISTICO,CRITICA,3,17,119,RECOCIDO_SIMULADO,79,4049.4488,12423,50110.535,110.535,0,10,0,true,true,87.341772,89.189189,26242,4086,89.851485,87.099857,,,,,79,true,55.716667,2d07h43min,2026-04-03T07:43
BASE,COLAPSO_LOGISTICO-CRITICA-N03,COLAPSO_LOGISTICO,CRITICA,3,17,119,GENETICO,79,19532.4261,27180,45099.84,99.84,0,9,0,true,true,88.607595,89.189189,23938,3726,92.326733,,,,,,79,true,55.716667,2d07h43min,2026-04-03T07:43
BASE,COLAPSO_LOGISTICO-CRITICA-N03,COLAPSO_LOGISTICO,CRITICA,3,18,120,GENETICO,79,19161.8295,27180,45099.973333,99.973333,0,9,0,true,true,88.607595,89.189189,25350,3978,92.326733,,,,,,79,true,55.716667,2d07h43min,2026-04-03T07:43
BASE,COLAPSO_LOGISTICO-CRITICA-N03,COLAPSO_LOGISTICO,CRITICA,3,18,120,RECOCIDO_SIMULADO,79,4313.5071,13423,45110.633333,110.633333,0,9,0,true,true,88.607595,89.189189,26080,4150,92.079208,101.357179,,,,,79,true,55.716667,2d07h43min,2026-04-03T07:43
BASE,COLAPSO_LOGISTICO-CRITICA-N03,COLAPSO_LOGISTICO,CRITICA,3,19,121,RECOCIDO_SIMULADO,79,4337.5303,13503,45112.74,112.74,0,9,0,true,true,88.607595,89.189189,24778,3892,92.079208,174.122296,,,,,79,true,55.716667,2d07h43min,2026-04-03T07:43
BASE,COLAPSO_LOGISTICO-CRITICA-N03,COLAPSO_LOGISTICO,CRITICA,3,19,121,GENETICO,79,17530.2213,27180,45102.22,102.22,0,9,0,true,true,88.607595,89.189189,24674,4032,92.079208,,,,,,79,true,55.716667,2d07h43min,2026-04-03T07:43
BASE,COLAPSO_LOGISTICO-CRITICA-N03,COLAPSO_LOGISTICO,CRITICA,3,20,122,GENETICO,79,20948.5204,27180,50096.906667,96.906667,0,10,0,true,true,87.341772,89.189189,24380,3834,89.851485,,,,,,79,true,55.716667,2d07h43min,2026-04-03T07:43
BASE,COLAPSO_LOGISTICO-CRITICA-N03,COLAPSO_LOGISTICO,CRITICA,3,20,122,RECOCIDO_SIMULADO,79,3807.2314,11623,45783.59,128.59,6.55,9,0,true,true,87.341772,86.486486,26126,4152,92.079208,57.571793,,,,,79,true,55.716667,2d07h43min,2026-04-03T07:43
BASE,COLAPSO_LOGISTICO-CRITICA-N03,COLAPSO_LOGISTICO,CRITICA,3,21,123,RECOCIDO_SIMULADO,79,4629.7439,14303,45125.803333,125.803333,0,9,0,true,true,88.607595,89.189189,25818,4180,92.079208,105.981659,,,,,79,true,55.716667,2d07h43min,2026-04-03T07:43
BASE,COLAPSO_LOGISTICO-CRITICA-N03,COLAPSO_LOGISTICO,CRITICA,3,21,123,GENETICO,79,19476.945,27180,45093.685,93.685,0,9,0,true,true,88.607595,89.189189,25238,4016,92.821782,,,,,,79,true,55.716667,2d07h43min,2026-04-03T07:43
BASE,COLAPSO_LOGISTICO-CRITICA-N03,COLAPSO_LOGISTICO,CRITICA,3,22,124,GENETICO,79,20998.3306,27180,45098.25,98.25,0,9,0,true,true,88.607595,86.486486,24864,3986,91.831683,,,,,,79,true,55.716667,2d07h43min,2026-04-03T07:43
BASE,COLAPSO_LOGISTICO-CRITICA-N03,COLAPSO_LOGISTICO,CRITICA,3,22,124,RECOCIDO_SIMULADO,80,3943.7794,12223,50114.755,114.755,0,10,0,true,true,87.5,89.189189,25226,4040,91.089109,60.121779,,,,,80,true,55.716667,2d07h43min,2026-04-03T07:43
BASE,COLAPSO_LOGISTICO-CRITICA-N03,COLAPSO_LOGISTICO,CRITICA,3,23,125,RECOCIDO_SIMULADO,79,4039.1638,12583,45113.673333,113.673333,0,9,0,true,true,88.607595,89.189189,25648,4058,92.079208,52.659546,,,,,79,true,55.716667,2d07h43min,2026-04-03T07:43
BASE,COLAPSO_LOGISTICO-CRITICA-N03,COLAPSO_LOGISTICO,CRITICA,3,23,125,GENETICO,79,18168.0768,27180,45100.655,100.655,0,9,0,true,true,88.607595,89.189189,25390,3998,91.831683,,,,,,79,true,55.716667,2d07h43min,2026-04-03T07:43
BASE,COLAPSO_LOGISTICO-CRITICA-N03,COLAPSO_LOGISTICO,CRITICA,3,24,126,GENETICO,79,18715.2321,27180,45103.428333,103.428333,0,9,0,true,true,88.607595,86.486486,25298,4046,92.079208,,,,,,79,true,55.716667,2d07h43min,2026-04-03T07:43
BASE,COLAPSO_LOGISTICO-CRITICA-N03,COLAPSO_LOGISTICO,CRITICA,3,24,126,RECOCIDO_SIMULADO,80,4653.4323,14303,55113.293333,113.293333,0,11,0,true,true,86.25,89.473684,25522,3958,90.09901,73.090224,,,,,80,true,55.716667,2d07h43min,2026-04-03T07:43
BASE,COLAPSO_LOGISTICO-CRITICA-N03,COLAPSO_LOGISTICO,CRITICA,3,25,127,RECOCIDO_SIMULADO,79,4346.2952,13103,45118.456667,118.456667,0,9,0,true,true,88.607595,89.189189,25136,4028,92.079208,131.773991,,,,,79,true,55.716667,2d07h43min,2026-04-03T07:43
BASE,COLAPSO_LOGISTICO-CRITICA-N03,COLAPSO_LOGISTICO,CRITICA,3,25,127,GENETICO,79,19376.2974,27180,45098.268333,98.268333,0,9,0,true,true,88.607595,86.486486,25346,4034,91.584158,,,,,,79,true,55.716667,2d07h43min,2026-04-03T07:43
BASE,COLAPSO_LOGISTICO-CRITICA-N03,COLAPSO_LOGISTICO,CRITICA,3,26,128,GENETICO,79,19664.4776,27180,45098.981667,98.981667,0,9,0,true,true,88.607595,89.189189,26822,4234,92.079208,,,,,,79,true,55.716667,2d07h43min,2026-04-03T07:43
BASE,COLAPSO_LOGISTICO-CRITICA-N03,COLAPSO_LOGISTICO,CRITICA,3,26,128,RECOCIDO_SIMULADO,79,3717.5405,11303,45108.885,108.885,0,9,0,true,true,88.607595,89.189189,24948,3892,92.079208,63.439577,,,,,79,true,55.716667,2d07h43min,2026-04-03T07:43
BASE,COLAPSO_LOGISTICO-CRITICA-N03,COLAPSO_LOGISTICO,CRITICA,3,27,129,RECOCIDO_SIMULADO,79,4649.5567,14303,45108.586667,108.586667,0,9,0,true,true,88.607595,89.189189,25610,4048,92.079208,217.509719,,,,,79,true,55.716667,2d07h43min,2026-04-03T07:43
BASE,COLAPSO_LOGISTICO-CRITICA-N03,COLAPSO_LOGISTICO,CRITICA,3,27,129,GENETICO,79,20257.0436,27180,45098.713333,98.713333,0,9,0,true,true,88.607595,89.189189,24272,3950,92.326733,,,,,,79,true,55.716667,2d07h43min,2026-04-03T07:43
BASE,COLAPSO_LOGISTICO-CRITICA-N03,COLAPSO_LOGISTICO,CRITICA,3,28,130,GENETICO,79,19761.7271,27180,45100.616667,100.616667,0,9,0,true,true,88.607595,86.486486,25696,4024,91.831683,,,,,,79,true,55.716667,2d07h43min,2026-04-03T07:43
BASE,COLAPSO_LOGISTICO-CRITICA-N03,COLAPSO_LOGISTICO,CRITICA,3,28,130,RECOCIDO_SIMULADO,79,4390.5584,13703,45107.366667,107.366667,0,9,0,true,true,88.607595,89.189189,25858,4184,92.079208,43.368826,,,,,79,true,55.716667,2d07h43min,2026-04-03T07:43
BASE,COLAPSO_LOGISTICO-CRITICA-N03,COLAPSO_LOGISTICO,CRITICA,3,29,131,RECOCIDO_SIMULADO,79,4083.9695,12383,50107.003333,107.003333,0,10,0,true,true,87.341772,89.189189,25132,3990,89.851485,109.941482,,,,,79,true,55.716667,2d07h43min,2026-04-03T07:43
BASE,COLAPSO_LOGISTICO-CRITICA-N03,COLAPSO_LOGISTICO,CRITICA,3,29,131,GENETICO,79,20836.7318,27180,45099.251667,99.251667,0,9,0,true,true,88.607595,89.189189,26312,4170,91.831683,,,,,,79,true,55.716667,2d07h43min,2026-04-03T07:43
