variante,escenario,escenario_operativo,perfil_presion,instancia,repeticion,semilla,algoritmo,tamanio,tiempo_ms,evaluaciones,F,T_horas,R_horas,N,V,factible,verificada,cumplimiento_pct,cumplimiento_prioritarios_pct,costo,distancia_km,utilizacion_pct,temperatura_inicial,pedidos_afectados_incidencia,vehiculos_averia_incidente,tiempo_replanificacion_ms,replanificacion_exitosa,tamanio_al_colapso,colapso_alcanzado,tiempo_colapso_horas,tiempo_colapso_formato,instante_colapso,pedido_causa_colapso,prioridad_causa_colapso,deadline_causa_colapso,no_asignados_al_colapso,lambda_al_colapso
BASE,OPERACION_DIARIA-NORMAL-N01,OPERACION_DIARIA,NORMAL,1,0,42,GENETICO,28,4101.1376,9060,28,28,0,0,0,true,true,100,100,11878,1542,36.029412,,,,,,,,,,,,,,,
BASE,OPERACION_DIARIA-NORMAL-N01,OPERACION_DIARIA,NORMAL,1,0,42,RECOCIDO_SIMULADO,28,546.7376,4421,28.325,28.325,0,0,0,true,true,100,100,10720,1340,36.029412,250.628161,,,,,,,,,,,,,,
BASE,OPERACION_DIARIA-NORMAL-N01,OPERACION_DIARIA,NORMAL,1,1,43,RECOCIDO_SIMULADO,28,618.1013,5021,28.325,28.325,0,0,0,true,true,100,100,10512,1314,36.029412,547.611662,,,,,,,,,,,,,,
BASE,OPERACION_DIARIA-NORMAL-N01,OPERACION_DIARIA,NORMAL,1,1,43,GENETICO,28,4133.3092,9060,28,28,0,0,0,true,true,100,100,10840,1394,36.029412,,,,,,,,,,,,,,,
BASE,OPERACION_DIARIA-NORMAL-N01,OPERACION_DIARIA,NORMAL,1,2,44,GENETICO,28,3792.8265,9060,28,28,0,0,0,true,true,100,100,10528,1316,36.029412,,,,,,,,,,,,,,,
BASE,OPERACION_DIARIA-NORMAL-N01,OPERACION_DIARIA,NORMAL,1,2,44,RECOCIDO_SIMULADO,28,549.622,4501,28.325,28.325,0,0,0,true,true,100,100,10512,1314,36.029412,268.512233,,,,,,,,,,,,,,
BASE,OPERACION_DIARIA-NORMAL-N01,OPERACION_DIARIA,NORMAL,1,3,45,RECOCIDO_SIMULADO,28,552.2706,4541,28.325,28.325,0,0,0,true,true,100,100,10720,1340,36.029412,282.202707,,,,,,,,,,,,,,
BASE,OPERACION_DIARIA-NORMAL-N01,OPERACION_DIARIA,NORMAL,1,3,45,GENETICO,28,3253.7818,9060,28,28,0,0,0,true,true,100,100,12464,1558,36.029412,,,,,,,,,,,,,,,
BASE,OPERACION_DIARIA-NORMAL-N01,OPERACION_DIARIA,NORMAL,1,4,46,GENETICO,28,3389.126,9060,28,28,0,0,0,true,true,100,100,10304,1288,36.029412,,,,,,,,,,,,,,,
BASE,OPERACION_DIARIA-NORMAL-N01,OPERACION_DIARIA,NORMAL,1,4,46,RECOCIDO_SIMULADO,28,525.3194,4301,28.325,28.325,0,0,0,true,true,100,100,10512,1314,36.029412,215.52232,,,,,,,,,,,,,,
BASE,OPERACION_DIARIA-NORMAL-N01,OPERACION_DIARIA,NORMAL,1,5,47,RECOCIDO_SIMULADO,28,653.5587,5341,28.325,28.325,0,0,0,true,true,100,100,10512,1314,36.029412,822.032465,,,,,,,,,,,,,,
BASE,OPERACION_DIARIA-NORMAL-N01,OPERACION_DIARIA,NORMAL,1,5,47,GENETICO,28,3653.3951,9060,28,28,0,0,0,true,true,100,100,11008,1376,36.029412,,,,,,,,,,,,,,,
BASE,OPERACION_DIARIA-NORMAL-N01,OPERACION_DIARIA,NORMAL,1,6,48,GENETICO,28,3844.785,9060,28,28,0,0,0,true,true,100,100,12288,1536,36.029412,,,,,,,,,,,,,,,
BASE,OPERACION_DIARIA-NORMAL-N01,OPERACION_DIARIA,NORMAL,1,6,48,RECOCIDO_SIMULADO,28,579.8985,4741,28.325,28.325,0,0,0,true,true,100,100,10512,1314,36.029412,374.318052,,,,,,,,,,,,,,
BASE,OPERACION_DIARIA-NORMAL-N01,OPERACION_DIARIA,NORMAL,1,7,49,RECOCIDO_SIMULADO,28,538.68,4421,28.325,28.325,0,0,0,true,true,100,100,10720,1340,36.029412,242.245887,,,,,,,,,,,,,,
BASE,OPERACION_DIARIA-NORMAL-N01,OPERACION_DIARIA,NORMAL,1,7,49,GENETICO,28,3052.1546,9060,28,28,0,0,0,true,true,100,100,11392,1424,36.029412,,,,,,,,,,,,,,,
BASE,OPERACION_DIARIA-NORMAL-N01,OPERACION_DIARIA,NORMAL,1,8,50,GENETICO,28,3202.5241,9060,28,28,0,0,0,true,true,100,100,11328,1416,36.029412,,,,,,,,,,,,,,,
BASE,OPERACION_DIARIA-NORMAL-N01,OPERACION_DIARIA,NORMAL,1,8,50,RECOCIDO_SIMULADO,28,463.3443,3741,28.325,28.325,0,0,0,true,true,100,100,10512,1314,36.029412,106.358475,,,,,,,,,,,,,,
BASE,OPERACION_DIARIA-NORMAL-N01,OPERACION_DIARIA,NORMAL,1,9,51,RECOCIDO_SIMULADO,28,643.9104,5261,28.325,28.325,0,0,0,true,true,100,100,10720,1340,36.029412,712.703974,,,,,,,,,,,,,,
BASE,OPERACION_DIARIA-NORMAL-N01,OPERACION_DIARIA,NORMAL,1,9,51,GENETICO,28,4194.2356,9060,28,28,0,0,0,true,true,100,100,10848,1356,36.029412,,,,,,,,,,,,,,,
BASE,OPERACION_DIARIA-NORMAL-N01,OPERACION_DIARIA,NORMAL,1,10,52,GENETICO,28,3315.4869,9060,28,28,0,0,0,true,true,100,100,11476,1470,36.029412,,,,,,,,,,,,,,,
BASE,OPERACION_DIARIA-NORMAL-N01,OPERACION_DIARIA,NORMAL,1,10,52,RECOCIDO_SIMULADO,28,588.4521,4861,28.325,28.325,0,0,0,true,true,100,100,10512,1314,36.029412,431.084315,,,,,,,,,,,,,,
BASE,OPERACION_DIARIA-NORMAL-N01,OPERACION_DIARIA,NORMAL,1,11,53,RECOCIDO_SIMULADO,28,613.4346,5021,28.325,28.325,0,0,0,true,true,100,100,10512,1314,36.029412,538.824751,,,,,,,,,,,,,,
BASE,OPERACION_DIARIA-NORMAL-N01,OPERACION_DIARIA,NORMAL,1,11,53,GENETICO,28,2966.8548,9060,28,28,0,0,0,true,true,100,100,11504,1438,36.029412,,,,,,,,,,,,,,,
BASE,OPERACION_DIARIA-NORMAL-N01,OPERACION_DIARIA,NORMAL,1,12,54,GENETICO,28,2658.7935,9060,28,28,0,0,0,true,true,100,100,11356,1430,36.029412,,,,,,,,,,,,,,,
BASE,OPERACION_DIARIA-NORMAL-N01,OPERACION_DIARIA,NORMAL,1,12,54,RECOCIDO_SIMULADO,28,594.2609,4901,28.325,28.325,0,0,0,true,true,100,100,10512,1314,36.029412,466.122046,,,,,,,,,,,,,,
BASE,OPERACION_DIARIA-NORMAL-N01,OPERACION_DIARIA,NORMAL,1,13,55,RECOCIDO_SIMULADO,28,648.3566,5301,28.325,28.325,0,0,0,true,true,100,100,10512,1314,36.029412,785.259455,,,,,,,,,,,,,,
BASE,OPERACION_DIARIA-NORMAL-N01,OPERACION_DIARIA,NORMAL,1,13,55,GENETICO,28,3353.4482,9060,28,28,0,0,0,true,true,100,100,10288,1286,36.029412,,,,,,,,,,,,,,,
BASE,OPERACION_DIARIA-NORMAL-N01,OPERACION_DIARIA,NORMAL,1,14,56,GENETICO,28,3553.6222,9060,28,28,0,0,0,true,true,100,100,10864,1358,36.029412,,,,,,,,,,,,,,,
BASE,OPERACION_DIARIA-NORMAL-N01,OPERACION_DIARIA,NORMAL,1,14,56,RECOCIDO_SIMULADO,28,593.507,4541,28.325,28.325,0,0,0,true,true,100,100,10720,1340,36.029412,283.122941,,,,,,,,,,,,,,
BASE,OPERACION_DIARIA-NORMAL-N01,OPERACION_DIARIA,NORMAL,1,15,57,RECOCIDO_SIMULADO,28,594.2351,4861,28.325,28.325,0,0,0,true,true,100,100,10720,1340,36.029412,429.319637,,,,,,,,,,,,,,
BASE,OPERACION_DIARIA-NORMAL-N01,OPERACION_DIARIA,NORMAL,1,15,57,GENETICO,28,3170.1878,9060,28,28,0,0,0,true,true,100,100,11568,1446,36.029412,,,,,,,,,,,,,,,
BASE,OPERACION_DIARIA-NORMAL-N01,OPERACION_DIARIA,NORMAL,1,16,58,GENETICO,28,4001.539,9060,28,28,0,0,0,true,true,100,100,11088,1386,36.029412,,,,,,,,,,,,,,,
BASE,OPERACION_DIARIA-NORMAL-N01,OPERACION_DIARIA,NORMAL,1,16,58,RECOCIDO_SIMULADO,28,595.3019,4861,28.325,28.325,0,0,0,true,true,100,100,10512,1314,36.029412,436.032933,,,,,,,,,,,,,,
BASE,OPERACION_DIARIA-NORMAL-N01,OPERACION_DIARIA,NORMAL,1,17,59,RECOCIDO_SIMULADO,28,465.7052,3781,28.325,28.325,0,0,0,true,true,100,100,10720,1340,36.029412,110.54642,,,,,,,,,,,,,,
BASE,OPERACION_DIARIA-NORMAL-N01,OPERACION_DIARIA,NORMAL,1,17,59,GENETICO,28,4255.5481,9060,28,28,0,0,0,true,true,100,100,10592,1324,36.029412,,,,,,,,,,,,,,,
BASE,OPERACION_DIARIA-NORMAL-N02,OPERACION_DIARIA,NORMAL,2,0,60,GENETICO,27,3674.9931,9060,27.625,27.625,0,0,0,true,true,100,100,10752,1344,36.029412,,,,,,,,,,,,,,,
BASE,OPERACION_DIARIA-NORMAL-N02,OPERACION_DIARIA,NORMAL,2,0,60,RECOCIDO_SIMULADO,27,307.9878,2541,28.008333,28.008333,0,0,0,true,true,100,100,11780,1494,36.029412,22.497641,,,,,,,,,,,,,,
BASE,OPERACION_DIARIA-NORMAL-N02,OPERACION_DIARIA,NORMAL,2,1,61,RECOCIDO_SIMULADO,27,328.4971,2701,28.008333,28.008333,0,0,0,true,true,100,100,11780,1494,36.029412,28.008778,,,,,,,,,,,,,,
BASE,OPERACION_DIARIA-NORMAL-N02,OPERACION_DIARIA,NORMAL,2,1,61,GENETICO,27,4199.5989,9060,27.625,27.625,0,0,0,true,true,100,100,11978,1506,36.029412,,,,,,,,,,,,,,,
BASE,OPERACION_DIARIA-NORMAL-N02,OPERACION_DIARIA,NORMAL,2,2,62,GENETICO,27,4245.9565,9060,27.625,27.625,0,0,0,true,true,100,100,12538,1606,36.029412,,,,,,,,,,,,,,,
BASE,OPERACION_DIARIA-NORMAL-N02,OPERACION_DIARIA,NORMAL,2,2,62,RECOCIDO_SIMULADO,27,335.401,2741,28.008333,28.008333,0,0,0,true,true,100,100,11780,1494,36.029412,29.383136,,,,,,,,,,,,,,
BASE,OPERACION_DIARIA-NORMAL-N02,OPERACION_DIARIA,NORMAL,2,3,63,RECOCIDO_SIMULADO,27,338.3715,2781,28.008333,28.008333,0,0,0,true,true,100,100,11780,1494,36.029412,29.584049,,,,,,,,,,,,,,
BASE,OPERACION_DIARIA-NORMAL-N02,OPERACION_DIARIA,NORMAL,2,3,63,GENETICO,27,4905.5944,9060,27.625,27.625,0,0,0,true,true,100,100,12608,1576,36.029412,,,,,,,,,,,,,,,
BASE,OPERACION_DIARIA-NORMAL-N02,OPERACION_DIARIA,NORMAL,2,4,64,GENETICO,27,4299.2025,9060,27.625,27.625,0,0,0,true,true,100,100,10848,1356,36.029412,,,,,,,,,,,,,,,
BASE,OPERACION_DIARIA-NORMAL-N02,OPERACION_DIARIA,NORMAL,2,4,64,RECOCIDO_SIMULADO,27,371.4891,2941,28.008333,28.008333,0,0,0,true,true,100,100,11780,1494,36.029412,36.845813,,,,,,,,,,,,,,
BASE,OPERACION_DIARIA-NORMAL-N02,OPERACION_DIARIA,NORMAL,2,5,65,RECOCIDO_SIMULADO,27,340.5856,2861,28.008333,28.008333,0,0,0,true,true,100,100,11780,1494,36.029412,33.847685,,,,,,,,,,,,,,
BASE,OPERACION_DIARIA-NORMAL-N02,OPERACION_DIARIA,NORMAL,2,5,65,GENETICO,27,3220.5617,9060,27.625,27.625,0,0,0,true,true,100,100,9952,1244,36.029412,,,,,,,,,,,,,,,
BASE,OPERACION_DIARIA-NORMAL-N02,OPERACION_DIARIA,NORMAL,2,6,66,GENETICO,27,3400.6696,9060,27.625,27.625,0,0,0,true,true,100,100,12342,1616,36.029412,,,,,,,,,,,,,,,
BASE,OPERACION_DIARIA-NORMAL-N02,OPERACION_DIARIA,NORMAL,2,6,66,RECOCIDO_SIMULADO,27,341.6146,2861,28.008333,28.008333,0,0,0,true,true,100,100,11780,1494,36.029412,33.891921,,,,,,,,,,,,,,
BASE,OPERACION_DIARIA-NORMAL-N02,OPERACION_DIARIA,NORMAL,2,7,67,RECOCIDO_SIMULADO,27,317.1517,2661,28.008333,28.008333,0,0,0,true,true,100,100,11780,1494,36.029412,25.843322,,,,,,,,,,,,,,
BASE,OPERACION_DIARIA-NORMAL-N02,OPERACION_DIARIA,NORMAL,2,7,67,GENETICO,27,4008.5407,9060,27.625,27.625,0,0,0,true,true,100,100,11402,1434,36.029412,,,,,,,,,,,,,,,
BASE,OPERACION_DIARIA-NORMAL-N02,OPERACION_DIARIA,NORMAL,2,8,68,GENETICO,27,3368.1725,9060,27.625,27.625,0,0,0,true,true,100,100,12128,1516,36.029412,,,,,,,,,,,,,,,
BASE,OPERACION_DIARIA-NORMAL-N02,OPERACION_DIARIA,NORMAL,2,8,68,RECOCIDO_SIMULADO,27,320.8829,2701,28.008333,28.008333,0,0,0,true,true,100,100,11780,1494,36.029412,27.396766,,,,,,,,,,,,,,
BASE,OPERACION_DIARIA-NORMAL-N02,OPERACION_DIARIA,NORMAL,2,9,69,RECOCIDO_SIMULADO,27,397.2549,3341,28.008333,28.008333,0,0,0,true,true,100,100,11780,1494,36.029412,62.314657,,,,,,,,,,,,,,
BASE,OPERACION_DIARIA-NORMAL-N02,OPERACION_DIARIA,NORMAL,2,9,69,GENETICO,27,3776.4715,9060,27.625,27.625,0,0,0,true,true,100,100,11784,1488,36.029412,,,,,,,,,,,,,,,
BASE,OPERACION_DIARIA-NORMAL-N02,OPERACION_DIARIA,NORMAL,2,10,70,GENETICO,27,4296.3012,9060,27.625,27.625,0,0,0,true,true,100,100,12442,1582,36.029412,,,,,,,,,,,,,,,
BASE,OPERACION_DIARIA-NORMAL-N02,OPERACION_DIARIA,NORMAL,2,10,70,RECOCIDO_SIMULADO,27,321.4034,2701,28.008333,28.008333,0,0,0,true,true,100,100,11780,1494,36.029412,26.996934,,,,,,,,,,,,,,
BASE,OPERACION_DIARIA-NORMAL-N02,OPERACION_DIARIA,NORMAL,2,11,71,RECOCIDO_SIMULADO,27,334.3655,2821,28.008333,28.008333,0,0,0,true,true,100,100,11780,1494,36.029412,31.353242,,,,,,,,,,,,,,
BASE,OPERACION_DIARIA-NORMAL-N02,OPERACION_DIARIA,NORMAL,2,11,71,GENETICO,27,3409.478,9060,27.625,27.625,0,0,0,true,true,100,100,11040,1380,36.029412,,,,,,,,,,,,,,,
BASE,OPERACION_DIARIA-NORMAL-N02,OPERACION_DIARIA,NORMAL,2,12,72,GENETICO,27,3403.1873,9060,27.625,27.625,0,0,0,true,true,100,100,11088,1386,36.029412,,,,,,,,,,,,,,,
BASE,OPERACION_DIARIA-NORMAL-N02,OPERACION_DIARIA,NORMAL,2,12,72,RECOCIDO_SIMULADO,27,403.857,3301,28.008333,28.008333,0,0,0,true,true,100,100,11780,1494,36.029412,57.654699,,,,,,,,,,,,,,
BASE,OPERACION_DIARIA-NORMAL-N02,OPERACION_DIARIA,NORMAL,2,13,73,RECOCIDO_SIMULADO,27,299.6551,2501,28.008333,28.008333,0,0,0,true,true,100,100,11780,1494,36.029412,21.150797,,,,,,,,,,,,,,
BASE,OPERACION_DIARIA-NORMAL-N02,OPERACION_DIARIA,NORMAL,2,13,73,GENETICO,27,4296.4164,9060,27.625,27.625,0,0,0,true,true,100,100,11530,1450,36.029412,,,,,,,,,,,,,,,
BASE,OPERACION_DIARIA-NORMAL-N02,OPERACION_DIARIA,NORMAL,2,14,74,GENETICO,27,3395.5282,9060,27.625,27.625,0,0,0,true,true,100,100,13322,1674,36.029412,,,,,,,,,,,,,,,
BASE,OPERACION_DIARIA-NORMAL-N02,OPERACION_DIARIA,NORMAL,2,14,74,RECOCIDO_SIMULADO,27,365.8044,3061,28.008333,28.008333,0,0,0,true,true,100,100,11780,1494,36.029412,43.961815,,,,,,,,,,,,,,
BASE,OPERACION_DIARIA-NORMAL-N02,OPERACION_DIARIA,NORMAL,2,15,75,RECOCIDO_SIMULADO,27,364.1764,2981,28.008333,28.008333,0,0,0,true,true,100,100,11780,1494,36.029412,38.393169,,,,,,,,,,,,,,
BASE,OPERACION_DIARIA-NORMAL-N02,OPERACION_DIARIA,NORMAL,2,15,75,GENETICO,27,3926.6948,9060,27.625,27.625,0,0,0,true,true,100,100,11306,1422,36.029412,,,,,,,,,,,,,,,
BASE,OPERACION_DIARIA-NORMAL-N02,OPERACION_DIARIA,NORMAL,2,16,76,GENETICO,27,3982.842,9060,27.625,27.625,0,0,0,true,true,100,100,12818,1652,36.029412,,,,,,,,,,,,,,,
BASE,OPERACION_DIARIA-NORMAL-N02,OPERACION_DIARIA,NORMAL,2,16,76,RECOCIDO_SIMULADO,27,326.4064,2741,28.008333,28.008333,0,0,0,true,true,100,100,11780,1494,36.029412,28.809284,,,,,,,,,,,,,,
BASE,OPERACION_DIARIA-NORMAL-N02,OPERACION_DIARIA,NORMAL,2,17,77,RECOCIDO_SIMULADO,27,348.025,2941,28.008333,28.008333,0,0,0,true,true,100,100,11780,1494,36.029412,36.754576,,,,,,,,,,,,,,
BASE,OPERACION_DIARIA-NORMAL-N02,OPERACION_DIARIA,NORMAL,2,17,77,GENETICO,27,3899.8228,9060,27.625,27.625,0,0,0,true,true,100,100,11406,1454,36.029412,,,,,,,,,,,,,,,
BASE,OPERACION_DIARIA-NORMAL-N03,OPERACION_DIARIA,NORMAL,3,0,78,GENETICO,34,6164.3073,9060,10032,32,0,2,0,true,true,94.117647,88.235294,11850,1568,41.666667,,,,,,,,,,,,,,,
BASE,OPERACION_DIARIA-NORMAL-N03,OPERACION_DIARIA,NORMAL,3,0,78,RECOCIDO_SIMULADO,34,673.6216,3181,10032.533333,32.533333,0,2,0,true,true,94.117647,88.235294,13312,1664,41.666667,51.644052,,,,,,,,,,,,,,
BASE,OPERACION_DIARIA-NORMAL-N03,OPERACION_DIARIA,NORMAL,3,1,79,RECOCIDO_SIMULADO,34,926.6376,4301,10032.533333,32.533333,0,2,0,true,true,94.117647,88.235294,13312,1664,41.666667,216.021197,,,,,,,,,,,,,,
BASE,OPERACION_DIARIA-NORMAL-N03,OPERACION_DIARIA,NORMAL,3,1,79,GENETICO,34,5667.289,9060,10032,32,0,2,0,true,true,94.117647,88.235294,12144,1580,41.666667,,,,,,,,,,,,,,,
BASE,OPERACION_DIARIA-NORMAL-N03,OPERACION_DIARIA,NORMAL,3,2,80,GENETICO,34,6140.6162,9060,10032,32,0,2,0,true,true,94.117647,88.235294,11516,1500,41.666667,,,,,,,,,,,,,,,
BASE,OPERACION_DIARIA-NORMAL-N03,OPERACION_DIARIA,NORMAL,3,2,80,RECOCIDO_SIMULADO,34,727.6882,3381,10032.533333,32.533333,0,2,0,true,true,94.117647,88.235294,13312,1664,41.666667,65.60708,,,,,,,,,,,,,,
BASE,OPERACION_DIARIA-NORMAL-N03,OPERACION_DIARIA,NORMAL,3,3,81,RECOCIDO_SIMULADO,34,717.4817,3301,10032.533333,32.533333,0,2,0,true,true,94.117647,88.235294,13312,1664,41.666667,57.870028,,,,,,,,,,,,,,
BASE,OPERACION_DIARIA-NORMAL-N03,OPERACION_DIARIA,NORMAL,3,3,81,GENETICO,34,6245.7173,9060,10032,32,0,2,0,true,true,94.117647,88.235294,12584,1596,41.666667,,,,,,,,,,,,,,,
BASE,OPERACION_DIARIA-NORMAL-N03,OPERACION_DIARIA,NORMAL,3,4,82,GENETICO,34,5680.0101,9060,10032,32,0,2,0,true,true,94.117647,88.235294,13076,1650,41.666667,,,,,,,,,,,,,,,
BASE,OPERACION_DIARIA-NORMAL-N03,OPERACION_DIARIA,NORMAL,3,4,82,RECOCIDO_SIMULADO,34,810.0759,3701,10032.533333,32.533333,0,2,0,true,true,94.117647,88.235294,13312,1664,41.666667,99.872937,,,,,,,,,,,,,,
BASE,OPERACION_DIARIA-NORMAL-N03,OPERACION_DIARIA,NORMAL,3,5,83,RECOCIDO_SIMULADO,34,684.7784,3181,10032.533333,32.533333,0,2,0,true,true,94.117647,88.235294,13312,1664,41.666667,50.742132,,,,,,,,,,,,,,
BASE,OPERACION_DIARIA-NORMAL-N03,OPERACION_DIARIA,NORMAL,3,5,83,GENETICO,34,5614.5847,9060,10032,32,0,2,0,true,true,94.117647,88.235294,11590,1482,41.666667,,,,,,,,,,,,,,,
BASE,OPERACION_DIARIA-NORMAL-N03,OPERACION_DIARIA,NORMAL,3,6,84,GENETICO,34,5727.1219,9060,10032,32,0,2,0,true,true,94.117647,88.235294,12776,1624,41.666667,,,,,,,,,,,,,,,
BASE,OPERACION_DIARIA-NORMAL-N03,OPERACION_DIARIA,NORMAL,3,6,84,RECOCIDO_SIMULADO,34,706.7837,3341,10032.533333,32.533333,0,2,0,true,true,94.117647,88.235294,13312,1664,41.666667,63.13276,,,,,,,,,,,,,,
BASE,OPERACION_DIARIA-NORMAL-N03,OPERACION_DIARIA,NORMAL,3,7,85,RECOCIDO_SIMULADO,34,806.116,3781,10032.533333,32.533333,0,2,0,true,true,94.117647,88.235294,13312,1664,41.666667,108.815025,,,,,,,,,,,,,,
BASE,OPERACION_DIARIA-NORMAL-N03,OPERACION_DIARIA,NORMAL,3,7,85,GENETICO,34,6169.0004,9060,10032,32,0,2,0,true,true,94.117647,88.235294,10828,1568,41.666667,,,,,,,,,,,,,,,
BASE,OPERACION_DIARIA-NORMAL-N03,OPERACION_DIARIA,NORMAL,3,8,86,GENETICO,34,5473.1742,9060,10032,32,0,2,0,true,true,94.117647,88.235294,11690,1558,41.666667,,,,,,,,,,,,,,,
BASE,OPERACION_DIARIA-NORMAL-N03,OPERACION_DIARIA,NORMAL,3,8,86,RECOCIDO_SIMULADO,34,905.1782,4261,10032.533333,32.533333,0,2,0,true,true,94.117647,88.235294,13312,1664,41.666667,197.396843,,,,,,,,,,,,,,
BASE,OPERACION_DIARIA-NORMAL-N03,OPERACION_DIARIA,NORMAL,3,9,87,RECOCIDO_SIMULADO,34,916.6106,4141,10032.308333,32.308333,0,2,0,true,true,94.117647,88.235294,13132,1942,41.666667,172.563325,,,,,,,,,,,,,,
BASE,OPERACION_DIARIA-NORMAL-N03,OPERACION_DIARIA,NORMAL,3,9,87,GENETICO,34,5830.2338,9060,10032,32,0,2,0,true,true,94.117647,88.235294,13172,1712,41.666667,,,,,,,,,,,,,,,
BASE,OPERACION_DIARIA-NORMAL-N03,OPERACION_DIARIA,NORMAL,3,10,88,GENETICO,34,5861.3082,9060,10032,32,0,2,0,true,true,94.117647,88.235294,11342,1458,41.666667,,,,,,,,,,,,,,,
BASE,OPERACION_DIARIA-NORMAL-N03,OPERACION_DIARIA,NORMAL,3,10,88,RECOCIDO_SIMULADO,34,731.1684,3421,10032.533333,32.533333,0,2,0,true,true,94.117647,88.235294,13312,1664,41.666667,69.239434,,,,,,,,,,,,,,
BASE,OPERACION_DIARIA-NORMAL-N03,OPERACION_DIARIA,NORMAL,3,11,89,RECOCIDO_SIMULADO,34,883.9801,3941,10032.533333,32.533333,0,2,0,true,true,94.117647,88.235294,13312,1664,41.666667,135.523193,,,,,,,,,,,,,,
BASE,OPERACION_DIARIA-NORMAL-N03,OPERACION_DIARIA,NORMAL,3,11,89,GENETICO,34,5971.7005,9060,10032,32,0,2,0,true,true,94.117647,88.235294,10852,1372,41.666667,,,,,,,,,,,,,,,
BASE,OPERACION_DIARIA-NORMAL-N03,OPERACION_DIARIA,NORMAL,3,12,90,GENETICO,34,5850.9098,9060,10032,32,0,2,0,true,true,94.117647,88.235294,12616,1596,41.666667,,,,,,,,,,,,,,,
BASE,OPERACION_DIARIA-NORMAL-N03,OPERACION_DIARIA,NORMAL,3,12,90,RECOCIDO_SIMULADO,34,779.3296,3701,10032.533333,32.533333,0,2,0,true,true,94.117647,88.235294,13312,1664,41.666667,97.931893,,,,,,,,,,,,,,
BASE,OPERACION_DIARIA-NORMAL-N03,OPERACION_DIARIA,NORMAL,3,13,91,RECOCIDO_SIMULADO,34,709.9066,3301,10032.533333,32.533333,0,2,0,true,true,94.117647,88.235294,13312,1664,41.666667,58.691446,,,,,,,,,,,,,,
BASE,OPERACION_DIARIA-NORMAL-N03,OPERACION_DIARIA,NORMAL,3,13,91,GENETICO,34,5462.5291,9060,10032,32,0,2,0,true,true,94.117647,88.235294,12180,1608,41.666667,,,,,,,,,,,,,,,
BASE,OPERACION_DIARIA-NORMAL-N03,OPERACION_DIARIA,NORMAL,3,14,92,GENETICO,34,5077.3297,9060,10032,32,0,2,0,true,true,94.117647,88.235294,11598,1584,41.666667,,,,,,,,,,,,,,,
BASE,OPERACION_DIARIA-NORMAL-N03,OPERACION_DIARIA,NORMAL,3,14,92,RECOCIDO_SIMULADO,34,646.8288,2981,10032.533333,32.533333,0,2,0,true,true,94.117647,88.235294,13312,1664,41.666667,39.089058,,,,,,,,,,,,,,
BASE,OPERACION_DIARIA-NORMAL-N03,OPERACION_DIARIA,NORMAL,3,15,93,RECOCIDO_SIMULADO,34,659.5199,3101,10032.391667,32.391667,0,2,0,true,true,94.117647,88.235294,13080,1960,41.666667,46.28995,,,,,,,,,,,,,,
BASE,OPERACION_DIARIA-NORMAL-N03,OPERACION_DIARIA,NORMAL,3,15,93,GENETICO,34,5155.658,9060,10032,32,0,2,0,true,true,94.117647,88.235294,11180,1480,41.666667,,,,,,,,,,,,,,,
BASE,OPERACION_DIARIA-NORMAL-N03,OPERACION_DIARIA,NORMAL,3,16,94,GENETICO,34,5695.4175,9060,10032,32,0,2,0,true,true,94.117647,88.235294,11764,1486,41.666667,,,,,,,,,,,,,,,
BASE,OPERACION_DIARIA-NORMAL-N03,OPERACION_DIARIA,NORMAL,3,16,94,RECOCIDO_SIMULADO,34,662.3289,3101,10032.533333,32.533333,0,2,0,true,true,94.117647,88.235294,13312,1664,41.666667,46.010773,,,,,,,,,,,,,,
BASE,OPERACION_DIARIA-NORMAL-N03,OPERACION_DIARIA,NORMAL,3,17,95,RECOCIDO_SIMULADO,34,771.4423,3661,10032.533333,32.533333,0,2,0,true,true,94.117647,88.235294,13312,1664,41.666667,94.534683,,,,,,,,,,,,,,
BASE,OPERACION_DIARIA-NORMAL-N03,OPERACION_DIARIA,NORMAL,3,17,95,GENETICO,34,5855.7067,9060,10032,32,0,2,0,true,true,94.117647,88.235294,12504,1582,41.666667,,,,,,,,,,,,,,,
BASE,OPERACION_DIARIA-NORMAL-N04,OPERACION_DIARIA,NORMAL,4,0,96,GENETICO,27,2937.149,9060,27.791667,27.791667,0,0,0,true,true,100,100,11952,1494,30.882353,,,,,,,,,,,,,,,
BASE,OPERACION_DIARIA-NORMAL-N04,OPERACION_DIARIA,NORMAL,4,0,96,RECOCIDO_SIMULADO,27,366.1549,3021,28.016667,28.016667,0,0,0,true,true,100,100,11920,1490,30.882353,40.357311,,,,,,,,,,,,,,
BASE,OPERACION_DIARIA-NORMAL-N04,OPERACION_DIARIA,NORMAL,4,1,97,RECOCIDO_SIMULADO,27,377.0248,3141,28.016667,28.016667,0,0,0,true,true,100,100,11920,1490,30.882353,47.625593,,,,,,,,,,,,,,
BASE,OPERACION_DIARIA-NORMAL-N04,OPERACION_DIARIA,NORMAL,4,1,97,GENETICO,27,3889.5832,9060,27.791667,27.791667,0,0,0,true,true,100,100,12208,1526,30.882353,,,,,,,,,,,,,,,
BASE,OPERACION_DIARIA-NORMAL-N04,OPERACION_DIARIA,NORMAL,4,2,98,GENETICO,27,3329.3073,9060,27.791667,27.791667,0,0,0,true,true,100,100,12912,1614,30.882353,,,,,,,,,,,,,,,
BASE,OPERACION_DIARIA-NORMAL-N04,OPERACION_DIARIA,NORMAL,4,2,98,RECOCIDO_SIMULADO,27,465.3555,3541,28.016667,28.016667,0,0,0,true,true,100,100,11920,1490,30.882353,80.310668,,,,,,,,,,,,,,
BASE,OPERACION_DIARIA-NORMAL-N04,OPERACION_DIARIA,NORMAL,4,3,99,RECOCIDO_SIMULADO,27,387.0517,3141,28.016667,28.016667,0,0,0,true,true,100,100,11920,1490,30.882353,48.884079,,,,,,,,,,,,,,
BASE,OPERACION_DIARIA-NORMAL-N04,OPERACION_DIARIA,NORMAL,4,3,99,GENETICO,27,3530.1372,9060,27.791667,27.791667,0,0,0,true,true,100,100,12576,1572,30.882353,,,,,,,,,,,,,,,
BASE,OPERACION_DIARIA-NORMAL-N04,OPERACION_DIARIA,NORMAL,4,4,100,GENETICO,27,3614.0392,9060,27.791667,27.791667,0,0,0,true,true,100,100,13264,1658,30.882353,,,,,,,,,,,,,,,
BASE,OPERACION_DIARIA-NORMAL-N04,OPERACION_DIARIA,NORMAL,4,4,100,RECOCIDO_SIMULADO,27,428.7177,3581,28.016667,28.016667,0,0,0,true,true,100,100,11920,1490,30.882353,83.628735,,,,,,,,,,,,,,
BASE,OPERACION_DIARIA-NORMAL-N04,OPERACION_DIARIA,NORMAL,4,5,101,RECOCIDO_SIMULADO,27,407.1641,3421,28.016667,28.016667,0,0,0,true,true,100,100,11920,1490,30.882353,67.230835,,,,,,,,,,,,,,
BASE,OPERACION_DIARIA-NORMAL-N04,OPERACION_DIARIA,NORMAL,4,5,101,GENETICO,27,3228.2457,9060,27.791667,27.791667,0,0,0,true,true,100,100,11728,1466,30.882353,,,,,,,,,,,,,,,
BASE,OPERACION_DIARIA-NORMAL-N04,OPERACION_DIARIA,NORMAL,4,6,102,GENETICO,27,3451.0196,9060,27.791667,27.791667,0,0,0,true,true,100,100,11840,1480,30.882353,,,,,,,,,,,,,,,
BASE,OPERACION_DIARIA-NORMAL-N04,OPERACION_DIARIA,NORMAL,4,6,102,RECOCIDO_SIMULADO,27,525.1927,4421,28.016667,28.016667,0,0,0,true,true,100,100,11920,1490,30.882353,252.068005,,,,,,,,,,,,,,
BASE,OPERACION_DIARIA-NORMAL-N04,OPERACION_DIARIA,NORMAL,4,7,103,RECOCIDO_SIMULADO,27,471.6961,3941,28.016667,28.016667,0,0,0,true,true,100,100,11920,1490,30.882353,136.236101,,,,,,,,,,,,,,
BASE,OPERACION_DIARIA-NORMAL-N04,OPERACION_DIARIA,NORMAL,4,7,103,GENETICO,27,3802.6196,9060,27.791667,27.791667,0,0,0,true,true,100,100,12080,1510,30.882353,,,,,,,,,,,,,,,
BASE,OPERACION_DIARIA-NORMAL-N04,OPERACION_DIARIA,NORMAL,4,8,104,GENETICO,27,3456.0381,9060,27.791667,27.791667,0,0,0,true,true,100,100,12656,1582,30.882353,,,,,,,,,,,,,,,
BASE,OPERACION_DIARIA-NORMAL-N04,OPERACION_DIARIA,NORMAL,4,8,104,RECOCIDO_SIMULADO,27,431.3389,3581,28.016667,28.016667,0,0,0,true,true,100,100,11920,1490,30.882353,82.557781,,,,,,,,,,,,,,
BASE,OPERACION_DIARIA-NORMAL-N04,OPERACION_DIARIA,NORMAL,4,9,105,RECOCIDO_SIMULADO,27,383.9739,3181,28.016667,28.016667,0,0,0,true,true,100,100,11920,1490,30.882353,50.903077,,,,,,,,,,,,,,
BASE,OPERACION_DIARIA-NORMAL-N04,OPERACION_DIARIA,NORMAL,4,9,105,GENETICO,27,5323.7471,9060,27.791667,27.791667,0,0,0,true,true,100,100,11576,1466,30.882353,,,,,,,,,,,,,,,
BASE,OPERACION_DIARIA-NORMAL-N04,OPERACION_DIARIA,NORMAL,4,10,106,GENETICO,27,4376.9082,9060,27.791667,27.791667,0,0,0,true,true,100,100,11328,1416,30.882353,,,,,,,,,,,,,,,
BASE,OPERACION_DIARIA-NORMAL-N04,OPERACION_DIARIA,NORMAL,4,10,106,RECOCIDO_SIMULADO,27,409.7743,3421,28.016667,28.016667,0,0,0,true,true,100,100,11920,1490,30.882353,68.509385,,,,,,,,,,,,,,
BASE,OPERACION_DIARIA-NORMAL-N04,OPERACION_DIARIA,NORMAL,4,11,107,RECOCIDO_SIMULADO,27,377.0161,3141,28.016667,28.016667,0,0,0,true,true,100,100,11920,1490,30.882353,47.469033,,,,,,,,,,,,,,
BASE,OPERACION_DIARIA-NORMAL-N04,OPERACION_DIARIA,NORMAL,4,11,107,GENETICO,27,3049.7645,9060,27.791667,27.791667,0,0,0,true,true,100,100,11632,1454,30.882353,,,,,,,,,,,,,,,
BASE,OPERACION_DIARIA-NORMAL-N04,OPERACION_DIARIA,NORMAL,4,12,108,GENETICO,27,3920.7173,9060,27.791667,27.791667,0,0,0,true,true,100,100,12560,1570,30.882353,,,,,,,,,,,,,,,
BASE,OPERACION_DIARIA-NORMAL-N04,OPERACION_DIARIA,NORMAL,4,12,108,RECOCIDO_SIMULADO,27,351.3745,2901,28.016667,28.016667,0,0,0,true,true,100,100,11920,1490,30.882353,36.196684,,,,,,,,,,,,,,
BASE,OPERACION_DIARIA-NORMAL-N04,OPERACION_DIARIA,NORMAL,4,13,109,RECOCIDO_SIMULADO,27,390.2986,3261,28.016667,28.016667,0,0,0,true,true,100,100,11920,1490,30.882353,56.932846,,,,,,,,,,,,,,
BASE,OPERACION_DIARIA-NORMAL-N04,OPERACION_DIARIA,NORMAL,4,13,109,GENETICO,27,3482.9957,9060,27.791667,27.791667,0,0,0,true,true,100,100,11952,1494,30.882353,,,,,,,,,,,,,,,
BASE,OPERACION_DIARIA-NORMAL-N04,OPERACION_DIARIA,NORMAL,4,14,110,GENETICO,27,2921.9538,9060,27.791667,27.791667,0,0,0,true,true,100,100,12144,1518,30.882353,,,,,,,,,,,,,,,
BASE,OPERACION_DIARIA-NORMAL-N04,OPERACION_DIARIA,NORMAL,4,14,110,RECOCIDO_SIMULADO,27,428.817,3581,28.016667,28.016667,0,0,0,true,true,100,100,11920,1490,30.882353,85.652067,,,,,,,,,,,,,,
BASE,OPERACION_DIARIA-NORMAL-N04,OPERACION_DIARIA,NORMAL,4,15,111,RECOCIDO_SIMULADO,27,454.5147,3781,28.016667,28.016667,0,0,0,true,true,100,100,11920,1490,30.882353,106.679858,,,,,,,,,,,,,,
BASE,OPERACION_DIARIA-NORMAL-N04,OPERACION_DIARIA,NORMAL,4,15,111,GENETICO,27,3671.5115,9060,27.791667,27.791667,0,0,0,true,true,100,100,10640,1330,30.882353,,,,,,,,,,,,,,,
BASE,OPERACION_DIARIA-NORMAL-N04,OPERACION_DIARIA,NORMAL,4,16,112,GENETICO,27,3554.4075,9060,27.791667,27.791667,0,0,0,true,true,100,100,11408,1426,30.882353,,,,,,,,,,,,,,,
BASE,OPERACION_DIARIA-NORMAL-N04,OPERACION_DIARIA,NORMAL,4,16,112,RECOCIDO_SIMULADO,27,347.124,2861,28.016667,28.016667,0,0,0,true,true,100,100,11920,1490,30.882353,34.040316,,,,,,,,,,,,,,
BASE,OPERACION_DIARIA-NORMAL-N04,OPERACION_DIARIA,NORMAL,4,17,113,RECOCIDO_SIMULADO,27,458.1939,3861,28.016667,28.016667,0,0,0,true,true,100,100,11920,1490,30.882353,118.679037,,,,,,,,,,,,,,
BASE,OPERACION_DIARIA-NORMAL-N04,OPERACION_DIARIA,NORMAL,4,17,113,GENETICO,27,3380.911,9060,27.791667,27.791667,0,0,0,true,true,100,100,11888,1486,30.882353,,,,,,,,,,,,,,,
BASE,OPERACION_DIARIA-NORMAL-N05,OPERACION_DIARIA,NORMAL,5,0,114,GENETICO,44,5483.2083,9060,5043,43,0,1,0,true,true,97.727273,96.428571,17688,2380,59.558824,,,,,,,,,,,,,,,
BASE,OPERACION_DIARIA-NORMAL-N05,OPERACION_DIARIA,NORMAL,5,0,114,RECOCIDO_SIMULADO,44,931.4449,4261,5043.245,43.245,0,1,0,true,true,97.727273,96.428571,16860,2378,59.558824,198.534327,,,,,,,,,,,,,,
BASE,OPERACION_DIARIA-NORMAL-N05,OPERACION_DIARIA,NORMAL,5,1,115,RECOCIDO_SIMULADO,44,872.1008,3941,5044.325,44.325,0,1,0,true,true,97.727273,96.428571,15344,2474,59.558824,136.837641,,,,,,,,,,,,,,
BASE,OPERACION_DIARIA-NORMAL-N05,OPERACION_DIARIA,NORMAL,5,1,115,GENETICO,44,5784.5706,9060,5043,43,0,1,0,true,true,97.727273,96.428571,16682,2278,59.558824,,,,,,,,,,,,,,,
BASE,OPERACION_DIARIA-NORMAL-N05,OPERACION_DIARIA,NORMAL,5,2,116,GENETICO,44,5428.3559,9060,5043,43,0,1,0,true,true,97.727273,96.428571,16796,2274,59.558824,,,,,,,,,,,,,,,
BASE,OPERACION_DIARIA-NORMAL-N05,OPERACION_DIARIA,NORMAL,5,2,116,RECOCIDO_SIMULADO,44,981.9938,4261,5046.166667,46.166667,0,1,0,true,true,97.727273,96.428571,15206,2168,59.558824,201.579592,,,,,,,,,,,,,,
BASE,OPERACION_DIARIA-NORMAL-N05,OPERACION_DIARIA,NORMAL,5,3,117,RECOCIDO_SIMULADO,44,1002.3967,4341,5044.73,44.73,0,1,0,true,true,97.727273,96.428571,16494,2374,59.558824,219.700108,,,,,,,,,,,,,,
BASE,OPERACION_DIARIA-NORMAL-N05,OPERACION_DIARIA,NORMAL,5,3,117,GENETICO,44,5095.2658,9060,5043,43,0,1,0,true,true,97.727273,96.428571,16038,2248,59.558824,,,,,,,,,,,,,,,
BASE,OPERACION_DIARIA-NORMAL-N05,OPERACION_DIARIA,NORMAL,5,4,118,GENETICO,44,4835.9424,9060,5043,43,0,1,0,true,true,97.727273,96.428571,14408,2054,59.558824,,,,,,,,,,,,,,,
BASE,OPERACION_DIARIA-NORMAL-N05,OPERACION_DIARIA,NORMAL,5,4,118,RECOCIDO_SIMULADO,44,945.4592,4301,5044.871667,44.871667,0,1,0,true,true,97.727273,96.428571,16800,2530,59.558824,217.942402,,,,,,,,,,,,,,
BASE,OPERACION_DIARIA-NORMAL-N05,OPERACION_DIARIA,NORMAL,5,5,119,RECOCIDO_SIMULADO,44,1035.8906,4741,5044.291667,44.291667,0,1,0,true,true,97.727273,96.428571,17184,2732,59.558824,372.035997,,,,,,,,,,,,,,
BASE,OPERACION_DIARIA-NORMAL-N05,OPERACION_DIARIA,NORMAL,5,5,119,GENETICO,44,2855.5439,9060,5043,43,0,1,0,true,true,97.727273,96.428571,15524,2046,59.558824,,,,,,,,,,,,,,,
BASE,OPERACION_DIARIA-NORMAL-N05,OPERACION_DIARIA,NORMAL,5,6,120,GENETICO,44,5289.5015,9060,5043,43,0,1,0,true,true,97.727273,96.428571,17484,2260,59.558824,,,,,,,,,,,,,,,
BASE,OPERACION_DIARIA-NORMAL-N05,OPERACION_DIARIA,NORMAL,5,6,120,RECOCIDO_SIMULADO,44,878.466,4021,5043.745,43.745,0,1,0,true,true,97.727273,96.428571,15902,2310,59.558824,147.602457,,,,,,,,,,,,,,
BASE,OPERACION_DIARIA-NORMAL-N05,OPERACION_DIARIA,NORMAL,5,7,121,RECOCIDO_SIMULADO,44,804.3033,3621,5043,43,0,1,0,true,true,97.727273,96.428571,16060,2136,59.558824,89.23658,,,,,,,,,,,,,,
BASE,OPERACION_DIARIA-NORMAL-N05,OPERACION_DIARIA,NORMAL,5,7,121,GENETICO,44,5384.941,9060,5043,43,0,1,0,true,true,97.727273,96.428571,15096,2222,59.558824,,,,,,,,,,,,,,,
BASE,OPERACION_DIARIA-NORMAL-N05,OPERACION_DIARIA,NORMAL,5,8,122,GENETICO,44,5235.4681,9060,5043,43,0,1,0,true,true,97.727273,96.428571,14770,2042,59.558824,,,,,,,,,,,,,,,
BASE,OPERACION_DIARIA-NORMAL-N05,OPERACION_DIARIA,NORMAL,5,8,122,RECOCIDO_SIMULADO,44,1022.0333,4701,5044.941667,44.941667,0,1,0,true,true,97.727273,96.428571,16236,2306,59.558824,361.267254,,,,,,,,,,,,,,
BASE,OPERACION_DIARIA-NORMAL-N05,OPERACION_DIARIA,NORMAL,5,9,123,RECOCIDO_SIMULADO,44,856.1542,3861,5043,43,0,1,0,true,true,97.727273,96.428571,15524,2046,59.558824,122.983297,,,,,,,,,,,,,,
BASE,OPERACION_DIARIA-NORMAL-N05,OPERACION_DIARIA,NORMAL,5,9,123,GENETICO,44,5127.8383,9060,5043,43,0,1,0,true,true,97.727273,96.428571,17310,2310,59.558824,,,,,,,,,,,,,,,
BASE,OPERACION_DIARIA-NORMAL-N05,OPERACION_DIARIA,NORMAL,5,10,124,GENETICO,44,5418.5167,9060,5043,43,0,1,0,true,true,97.727273,96.428571,14546,1970,59.558824,,,,,,,,,,,,,,,
BASE,OPERACION_DIARIA-NORMAL-N05,OPERACION_DIARIA,NORMAL,5,10,124,RECOCIDO_SIMULADO,44,875.8585,3981,5046.175,46.175,0,1,0,true,true,97.727273,96.428571,15812,2082,59.558824,144.041732,,,,,,,,,,,,,,
BASE,OPERACION_DIARIA-NORMAL-N05,OPERACION_DIARIA,NORMAL,5,11,125,RECOCIDO_SIMULADO,44,1009.8727,4581,5046.175,46.175,0,1,0,true,true,97.727273,96.428571,15812,2082,59.558824,300.268283,,,,,,,,,,,,,,
BASE,OPERACION_DIARIA-NORMAL-N05,OPERACION_DIARIA,NORMAL,5,11,125,GENETICO,44,4951.3282,9060,5043,43,0,1,0,true,true,97.727273,96.428571,15444,2214,59.558824,,,,,,,,,,,,,,,
BASE,OPERACION_DIARIA-NORMAL-N05,OPERACION_DIARIA,NORMAL,5,12,126,GENETICO,44,5384.2234,9060,5043,43,0,1,0,true,true,97.727273,96.428571,16026,2204,59.558824,,,,,,,,,,,,,,,
BASE,OPERACION_DIARIA-NORMAL-N05,OPERACION_DIARIA,NORMAL,5,12,126,RECOCIDO_SIMULADO,44,1028.5185,4701,5045.603333,45.603333,0,1,0,true,true,97.727273,96.428571,16754,2528,59.558824,363.702385,,,,,,,,,,,,,,
BASE,OPERACION_DIARIA-NORMAL-N05,OPERACION_DIARIA,NORMAL,5,13,127,RECOCIDO_SIMULADO,44,844.774,3781,5045.378333,45.378333,0,1,0,true,true,97.727273,96.428571,14808,2228,59.558824,109.81147,,,,,,,,,,,,,,
BASE,OPERACION_DIARIA-NORMAL-N05,OPERACION_DIARIA,NORMAL,5,13,127,GENETICO,44,5193.9647,9060,5043,43,0,1,0,true,true,97.727273,96.428571,16902,2194,59.558824,,,,,,,,,,,,,,,
BASE,OPERACION_DIARIA-NORMAL-N05,OPERACION_DIARIA,NORMAL,5,14,128,GENETICO,44,5043.909,9060,5043,43,0,1,0,true,true,97.727273,96.428571,14696,2048,59.558824,,,,,,,,,,,,,,,
BASE,OPERACION_DIARIA-NORMAL-N05,OPERACION_DIARIA,NORMAL,5,14,128,RECOCIDO_SIMULADO,44,879.5066,3981,5046.175,46.175,0,1,0,true,true,97.727273,96.428571,15812,2082,59.558824,139.363991,,,,,,,,,,,,,,
BASE,OPERACION_DIARIA-NORMAL-N05,OPERACION_DIARIA,NORMAL,5,15,129,RECOCIDO_SIMULADO,44,1079.0548,4901,5046.175,46.175,0,1,0,true,true,97.727273,96.428571,15812,2082,59.558824,458.095693,,,,,,,,,,,,,,
BASE,OPERACION_DIARIA-NORMAL-N05,OPERACION_DIARIA,NORMAL,5,15,129,GENETICO,44,5504.8308,9060,5043,43,0,1,0,true,true,97.727273,96.428571,16650,2260,59.558824,,,,,,,,,,,,,,,
BASE,OPERACION_DIARIA-NORMAL-N05,OPERACION_DIARIA,NORMAL,5,16,130,GENETICO,44,5492.071,9060,5043,43,0,1,0,true,true,97.727273,96.428571,17116,2434,59.558824,,,,,,,,,,,,,,,
BASE,OPERACION_DIARIA-NORMAL-N05,OPERACION_DIARIA,NORMAL,5,16,130,RECOCIDO_SIMULADO,44,924.4229,4181,5043.653333,43.653333,0,1,0,true,true,97.727273,96.428571,14734,2248,59.558824,178.138736,,,,,,,,,,,,,,
BASE,OPERACION_DIARIA-NORMAL-N05,OPERACION_DIARIA,NORMAL,5,17,131,RECOCIDO_SIMULADO,44,885.7074,4021,5045.361667,45.361667,0,1,0,true,true,97.727273,96.428571,16732,2438,59.558824,149.793483,,,,,,,,,,,,,,
BASE,OPERACION_DIARIA-NORMAL-N05,OPERACION_DIARIA,NORMAL,5,17,131,GENETICO,44,5484.1647,9060,5043,43,0,1,0,true,true,97.727273,96.428571,15748,2068,59.558824,,,,,,,,,,,,,,,
BASE,OPERACION_DIARIA-ALTA-N01,OPERACION_DIARIA,ALTA,1,0,42,GENETICO,38,4829.522,9060,5037.11,37.11,0,1,0,true,true,97.368421,100,13502,1844,43.872549,,,,,,,,,,,,,,,
BASE,OPERACION_DIARIA-ALTA-N01,OPERACION_DIARIA,ALTA,1,0,42,RECOCIDO_SIMULADO,38,765.8575,4221,5037.466667,37.466667,0,1,0,true,true,97.368421,100,14848,1856,43.872549,195.924746,,,,,,,,,,,,,,
BASE,OPERACION_DIARIA-ALTA-N01,OPERACION_DIARIA,ALTA,1,1,43,RECOCIDO_SIMULADO,38,595.0179,3261,5037.466667,37.466667,0,1,0,true,true,97.368421,100,14944,1868,43.872549,57.379528,,,,,,,,,,,,,,
BASE,OPERACION_DIARIA-ALTA-N01,OPERACION_DIARIA,ALTA,1,1,43,GENETICO,38,3144.803,9060,5037.11,37.11,0,1,0,true,true,97.368421,100,14784,1934,43.872549,,,,,,,,,,,,,,,
BASE,OPERACION_DIARIA-ALTA-N01,OPERACION_DIARIA,ALTA,1,2,44,GENETICO,38,4385.907,9060,5037.116667,37.116667,0,1,0,true,true,97.368421,100,14342,1974,43.872549,,,,,,,,,,,,,,,
BASE,OPERACION_DIARIA-ALTA-N01,OPERACION_DIARIA,ALTA,1,2,44,RECOCIDO_SIMULADO,38,806.0078,4381,5037.466667,37.466667,0,1,0,true,true,97.368421,100,14944,1868,43.872549,235.936352,,,,,,,,,,,,,,
BASE,OPERACION_DIARIA-ALTA-N01,OPERACION_DIARIA,ALTA,1,3,45,RECOCIDO_SIMULADO,38,685.925,3741,5037.466667,37.466667,0,1,0,true,true,97.368421,100,14944,1868,43.872549,106.317808,,,,,,,,,,,,,,
BASE,OPERACION_DIARIA-ALTA-N01,OPERACION_DIARIA,ALTA,1,3,45,GENETICO,38,5731.7844,9060,5037.226667,37.226667,0,1,0,true,true,97.368421,100,13508,1768,43.872549,,,,,,,,,,,,,,,
BASE,OPERACION_DIARIA-ALTA-N01,OPERACION_DIARIA,ALTA,1,4,46,GENETICO,38,4325.045,9060,5037,37,0,1,0,true,true,97.368421,100,14064,1848,43.872549,,,,,,,,,,,,,,,
BASE,OPERACION_DIARIA-ALTA-N01,OPERACION_DIARIA,ALTA,1,4,46,RECOCIDO_SIMULADO,38,778.406,4261,5037.466667,37.466667,0,1,0,true,true,97.368421,100,14848,1856,43.872549,205.844148,,,,,,,,,,,,,,
BASE,OPERACION_DIARIA-ALTA-N01,OPERACION_DIARIA,ALTA,1,5,47,RECOCIDO_SIMULADO,38,753.5096,4141,5037.466667,37.466667,0,1,0,true,true,97.368421,100,14944,1868,43.872549,172.202672,,,,,,,,,,,,,,
BASE,OPERACION_DIARIA-ALTA-N01,OPERACION_DIARIA,ALTA,1,5,47,GENETICO,38,6470.4274,9060,5037,37,0,1,0,true,true,97.368421,100,11998,1720,43.872549,,,,,,,,,,,,,,,
BASE,OPERACION_DIARIA-ALTA-N01,OPERACION_DIARIA,ALTA,1,6,48,GENETICO,38,4258.739,9060,5037.116667,37.116667,0,1,0,true,true,97.368421,100,14384,1960,43.872549,,,,,,,,,,,,,,,
BASE,OPERACION_DIARIA-ALTA-N01,OPERACION_DIARIA,ALTA,1,6,48,RECOCIDO_SIMULADO,38,802.0647,4381,5037.466667,37.466667,0,1,0,true,true,97.368421,100,14944,1868,43.872549,238.889529,,,,,,,,,,,,,,
BASE,OPERACION_DIARIA-ALTA-N01,OPERACION_DIARIA,ALTA,1,7,49,RECOCIDO_SIMULADO,38,773.4469,4181,5037.466667,37.466667,0,1,0,true,true,97.368421,100,14848,1856,43.872549,185.639334,,,,,,,,,,,,,,
BASE,OPERACION_DIARIA-ALTA-N01,OPERACION_DIARIA,ALTA,1,7,49,GENETICO,38,5475.6392,9060,5037.11,37.11,0,1,0,true,true,97.368421,100,14190,2060,43.872549,,,,,,,,,,,,,,,
BASE,OPERACION_DIARIA-ALTA-N01,OPERACION_DIARIA,ALTA,1,8,50,GENETICO,38,5257.9479,9060,5037.226667,37.226667,0,1,0,true,true,97.368421,100,14204,1980,43.872549,,,,,,,,,,,,,,,
BASE,OPERACION_DIARIA-ALTA-N01,OPERACION_DIARIA,ALTA,1,8,50,RECOCIDO_SIMULADO,38,775.959,4261,5037.466667,37.466667,0,1,0,true,true,97.368421,100,14944,1868,43.872549,200.948686,,,,,,,,,,,,,,
BASE,OPERACION_DIARIA-ALTA-N01,OPERACION_DIARIA,ALTA,1,9,51,RECOCIDO_SIMULADO,38,835.6873,4581,5037.466667,37.466667,0,1,0,true,true,97.368421,100,14944,1868,43.872549,304.72421,,,,,,,,,,,,,,
BASE,OPERACION_DIARIA-ALTA-N01,OPERACION_DIARIA,ALTA,1,9,51,GENETICO,38,4245.952,9060,5037.11,37.11,0,1,0,true,true,97.368421,100,13506,1960,43.872549,,,,,,,,,,,,,,,
BASE,OPERACION_DIARIA-ALTA-N01,OPERACION_DIARIA,ALTA,1,10,52,GENETICO,38,4629.7012,9060,5037.11,37.11,0,1,0,true,true,97.368421,100,13208,1862,43.872549,,,,,,,,,,,,,,,
BASE,OPERACION_DIARIA-ALTA-N01,OPERACION_DIARIA,ALTA,1,10,52,RECOCIDO_SIMULADO,38,816.5097,4501,5037.466667,37.466667,0,1,0,true,true,97.368421,100,14848,1856,43.872549,277.22436,,,,,,,,,,,,,,
BASE,OPERACION_DIARIA-ALTA-N01,OPERACION_DIARIA,ALTA,1,11,53,RECOCIDO_SIMULADO,38,755.958,4101,5037.466667,37.466667,0,1,0,true,true,97.368421,100,14944,1868,43.872549,161.662871,,,,,,,,,,,,,,
BASE,OPERACION_DIARIA-ALTA-N01,OPERACION_DIARIA,ALTA,1,11,53,GENETICO,38,5754.4795,9060,5037.226667,37.226667,0,1,0,true,true,97.368421,100,14004,1830,43.872549,,,,,,,,,,,,,,,
BASE,OPERACION_DIARIA-ALTA-N01,OPERACION_DIARIA,ALTA,1,12,54,GENETICO,38,3164.3563,9060,5037.226667,37.226667,0,1,0,true,true,97.368421,100,14778,2028,43.872549,,,,,,,,,,,,,,,
BASE,OPERACION_DIARIA-ALTA-N01,OPERACION_DIARIA,ALTA,1,12,54,RECOCIDO_SIMULADO,38,853.1554,4661,5037.466667,37.466667,0,1,0,true,true,97.368421,100,14944,1868,43.872549,341.297001,,,,,,,,,,,,,,
BASE,OPERACION_DIARIA-ALTA-N01,OPERACION_DIARIA,ALTA,1,13,55,RECOCIDO_SIMULADO,38,730.1412,3981,5037.466667,37.466667,0,1,0,true,true,97.368421,100,14848,1856,43.872549,144.658988,,,,,,,,,,,,,,
BASE,OPERACION_DIARIA-ALTA-N01,OPERACION_DIARIA,ALTA,1,13,55,GENETICO,38,5321.8889,9060,5037.11,37.11,0,1,0,true,true,97.368421,100,14256,1974,43.872549,,,,,,,,,,,,,,,
BASE,OPERACION_DIARIA-ALTA-N01,OPERACION_DIARIA,ALTA,1,14,56,GENETICO,38,5396.0293,9060,5037.116667,37.116667,0,1,0,true,true,97.368421,100,13452,1828,43.872549,,,,,,,,,,,,,,,
BASE,OPERACION_DIARIA-ALTA-N01,OPERACION_DIARIA,ALTA,1,14,56,RECOCIDO_SIMULADO,38,803.7586,4381,5037.466667,37.466667,0,1,0,true,true,97.368421,100,14848,1856,43.872549,238.671305,,,,,,,,,,,,,,
BASE,OPERACION_DIARIA-ALTA-N01,OPERACION_DIARIA,ALTA,1,15,57,RECOCIDO_SIMULADO,38,788.7084,4341,5037.466667,37.466667,0,1,0,true,true,97.368421,100,14848,1856,43.872549,229.341386,,,,,,,,,,,,,,
BASE,OPERACION_DIARIA-ALTA-N01,OPERACION_DIARIA,ALTA,1,15,57,GENETICO,38,4388.2143,9060,5037.226667,37.226667,0,1,0,true,true,97.368421,100,15356,2004,43.872549,,,,,,,,,,,,,,,
BASE,OPERACION_DIARIA-ALTA-N01,OPERACION_DIARIA,ALTA,1,16,58,GENETICO,38,4361.6863,9060,5037.116667,37.116667,0,1,0,true,true,97.368421,100,13984,1832,43.872549,,,,,,,,,,,,,,,
BASE,OPERACION_DIARIA-ALTA-N01,OPERACION_DIARIA,ALTA,1,16,58,RECOCIDO_SIMULADO,38,834.7163,4581,5037.466667,37.466667,0,1,0,true,true,97.368421,100,14848,1856,43.872549,301.188924,,,,,,,,,,,,,,
BASE,OPERACION_DIARIA-ALTA-N01,OPERACION_DIARIA,ALTA,1,17,59,RECOCIDO_SIMULADO,38,759.7769,4181,5037.466667,37.466667,0,1,0,true,true,97.368421,100,14848,1856,43.872549,183.617228,,,,,,,,,,,,,,
BASE,OPERACION_DIARIA-ALTA-N01,OPERACION_DIARIA,ALTA,1,17,59,GENETICO,38,3487.6922,9060,5037.11,37.11,0,1,0,true,true,97.368421,100,14568,1916,43.872549,,,,,,,,,,,,,,,
BASE,OPERACION_DIARIA-ALTA-N02,OPERACION_DIARIA,ALTA,2,0,60,GENETICO,42,4957.4603,9060,42.625,42.625,0,0,0,true,true,100,100,17210,2346,53.186275,,,,,,,,,,,,,,,
BASE,OPERACION_DIARIA-ALTA-N02,OPERACION_DIARIA,ALTA,2,0,60,RECOCIDO_SIMULADO,42,594.5634,3381,44.96,44.96,0,0,0,true,true,100,100,16188,2262,53.186275,66.40502,,,,,,,,,,,,,,
BASE,OPERACION_DIARIA-ALTA-N02,OPERACION_DIARIA,ALTA,2,1,61,RECOCIDO_SIMULADO,42,653.9086,3741,44.45,44.45,0,0,0,true,true,100,100,18404,2732,53.186275,104.129197,,,,,,,,,,,,,,
BASE,OPERACION_DIARIA-ALTA-N02,OPERACION_DIARIA,ALTA,2,1,61,GENETICO,42,5832.0597,9060,42.625,42.625,0,0,0,true,true,100,100,17942,2408,53.186275,,,,,,,,,,,,,,,
BASE,OPERACION_DIARIA-ALTA-N02,OPERACION_DIARIA,ALTA,2,2,62,GENETICO,42,5346.9427,9060,42.625,42.625,0,0,0,true,true,100,100,17328,2420,53.186275,,,,,,,,,,,,,,,
BASE,OPERACION_DIARIA-ALTA-N02,OPERACION_DIARIA,ALTA,2,2,62,RECOCIDO_SIMULADO,42,532.3185,3021,44.608333,44.608333,0,0,0,true,true,100,100,19820,3010,53.186275,40.552837,,,,,,,,,,,,,,
BASE,OPERACION_DIARIA-ALTA-N02,OPERACION_DIARIA,ALTA,2,3,63,RECOCIDO_SIMULADO,42,492.3351,2781,44.96,44.96,0,0,0,true,true,100,100,16124,2254,53.186275,30.287232,,,,,,,,,,,,,,
BASE,OPERACION_DIARIA-ALTA-N02,OPERACION_DIARIA,ALTA,2,3,63,GENETICO,42,4806.0612,9060,42.625,42.625,0,0,0,true,true,100,100,17730,2486,53.186275,,,,,,,,,,,,,,,
BASE,OPERACION_DIARIA-ALTA-N02,OPERACION_DIARIA,ALTA,2,4,64,GENETICO,42,5450.8709,9060,42.625,42.625,0,0,0,true,true,100,100,15814,2100,53.186275,,,,,,,,,,,,,,,
BASE,OPERACION_DIARIA-ALTA-N02,OPERACION_DIARIA,ALTA,2,4,64,RECOCIDO_SIMULADO,42,563.3513,3221,44.96,44.96,0,0,0,true,true,100,100,16880,2324,53.186275,52.111964,,,,,,,,,,,,,,
BASE,OPERACION_DIARIA-ALTA-N02,OPERACION_DIARIA,ALTA,2,5,65,RECOCIDO_SIMULADO,42,493.5634,2821,44.83,44.83,0,0,0,true,true,100,100,19918,3024,53.186275,32.349802,,,,,,,,,,,,,,
BASE,OPERACION_DIARIA-ALTA-N02,OPERACION_DIARIA,ALTA,2,5,65,GENETICO,42,4850.3631,9060,42.625,42.625,0,0,0,true,true,100,100,17210,2322,53.186275,,,,,,,,,,,,,,,
BASE,OPERACION_DIARIA-ALTA-N02,OPERACION_DIARIA,ALTA,2,6,66,GENETICO,42,5032.1092,9060,42.625,42.625,0,0,0,true,true,100,100,16508,2220,53.186275,,,,,,,,,,,,,,,
BASE,OPERACION_DIARIA-ALTA-N02,OPERACION_DIARIA,ALTA,2,6,66,RECOCIDO_SIMULADO,42,543.8165,3101,44.96,44.96,0,0,0,true,true,100,100,16188,2262,53.186275,45.653188,,,,,,,,,,,,,,
BASE,OPERACION_DIARIA-ALTA-N02,OPERACION_DIARIA,ALTA,2,7,67,RECOCIDO_SIMULADO,42,518.4903,2941,44.775,44.775,0,0,0,true,true,100,100,17424,2668,53.186275,37.211786,,,,,,,,,,,,,,
BASE,OPERACION_DIARIA-ALTA-N02,OPERACION_DIARIA,ALTA,2,7,67,GENETICO,42,4940.9755,9060,42.625,42.625,0,0,0,true,true,100,100,19318,2622,53.186275,,,,,,,,,,,,,,,
BASE,OPERACION_DIARIA-ALTA-N02,OPERACION_DIARIA,ALTA,2,8,68,GENETICO,42,4569.2279,9060,42.625,42.625,0,0,0,true,true,100,100,17406,2280,53.186275,,,,,,,,,,,,,,,
BASE,OPERACION_DIARIA-ALTA-N02,OPERACION_DIARIA,ALTA,2,8,68,RECOCIDO_SIMULADO,42,596.0453,3381,44.835,44.835,0,0,0,true,true,100,100,18734,2902,53.186275,66.608375,,,,,,,,,,,,,,
BASE,OPERACION_DIARIA-ALTA-N02,OPERACION_DIARIA,ALTA,2,9,69,RECOCIDO_SIMULADO,42,632.7308,3621,44.96,44.96,0,0,0,true,true,100,100,16188,2262,53.186275,88.474824,,,,,,,,,,,,,,
BASE,OPERACION_DIARIA-ALTA-N02,OPERACION_DIARIA,ALTA,2,9,69,GENETICO,42,5968.623,9060,42.625,42.625,0,0,0,true,true,100,100,17194,2220,53.186275,,,,,,,,,,,,,,,
BASE,OPERACION_DIARIA-ALTA-N02,OPERACION_DIARIA,ALTA,2,10,70,GENETICO,42,5247.8349,9060,42.625,42.625,0,0,0,true,true,100,100,18432,2576,53.186275,,,,,,,,,,,,,,,
BASE,OPERACION_DIARIA-ALTA-N02,OPERACION_DIARIA,ALTA,2,10,70,RECOCIDO_SIMULADO,42,570.6147,3221,44.96,44.96,0,0,0,true,true,100,100,16880,2324,53.186275,54.574256,,,,,,,,,,,,,,
BASE,OPERACION_DIARIA-ALTA-N02,OPERACION_DIARIA,ALTA,2,11,71,RECOCIDO_SIMULADO,42,504.1509,2821,44.921667,44.921667,0,0,0,true,true,100,100,19382,2834,53.186275,31.833929,,,,,,,,,,,,,,
BASE,OPERACION_DIARIA-ALTA-N02,OPERACION_DIARIA,ALTA,2,11,71,GENETICO,42,5655.2107,9060,42.625,42.625,0,0,0,true,true,100,100,16158,2080,53.186275,,,,,,,,,,,,,,,
BASE,OPERACION_DIARIA-ALTA-N02,OPERACION_DIARIA,ALTA,2,12,72,GENETICO,42,5290.6848,9060,42.625,42.625,0,0,0,true,true,100,100,19244,2556,53.186275,,,,,,,,,,,,,,,
BASE,OPERACION_DIARIA-ALTA-N02,OPERACION_DIARIA,ALTA,2,12,72,RECOCIDO_SIMULADO,42,448.2348,2501,44.96,44.96,0,0,0,true,true,100,100,16124,2254,53.186275,21.596466,,,,,,,,,,,,,,
BASE,OPERACION_DIARIA-ALTA-N02,OPERACION_DIARIA,ALTA,2,13,73,RECOCIDO_SIMULADO,42,531.0234,2981,44.96,44.96,0,0,0,true,true,100,100,16816,2316,53.186275,40.060778,,,,,,,,,,,,,,
BASE,OPERACION_DIARIA-ALTA-N02,OPERACION_DIARIA,ALTA,2,13,73,GENETICO,42,5723.6108,9060,42.625,42.625,0,0,0,true,true,100,100,16636,2418,53.186275,,,,,,,,,,,,,,,
BASE,OPERACION_DIARIA-ALTA-N02,OPERACION_DIARIA,ALTA,2,14,74,GENETICO,42,5507.472,9060,42.625,42.625,0,0,0,true,true,100,100,17426,2486,53.186275,,,,,,,,,,,,,,,
BASE,OPERACION_DIARIA-ALTA-N02,OPERACION_DIARIA,ALTA,2,14,74,RECOCIDO_SIMULADO,42,477.0975,2701,44.96,44.96,0,0,0,true,true,100,100,16880,2324,53.186275,27.734861,,,,,,,,,,,,,,
BASE,OPERACION_DIARIA-ALTA-N02,OPERACION_DIARIA,ALTA,2,15,75,RECOCIDO_SIMULADO,42,503.6259,2861,44.96,44.96,0,0,0,true,true,100,100,16124,2254,53.186275,34.273154,,,,,,,,,,,,,,
BASE,OPERACION_DIARIA-ALTA-N02,OPERACION_DIARIA,ALTA,2,15,75,GENETICO,42,4412.9316,9060,42.625,42.625,0,0,0,true,true,100,100,17098,2212,53.186275,,,,,,,,,,,,,,,
BASE,OPERACION_DIARIA-ALTA-N02,OPERACION_DIARIA,ALTA,2,16,76,GENETICO,42,5348.4395,9060,42.625,42.625,0,0,0,true,true,100,100,16432,2246,53.186275,,,,,,,,,,,,,,,
BASE,OPERACION_DIARIA-ALTA-N02,OPERACION_DIARIA,ALTA,2,16,76,RECOCIDO_SIMULADO,42,645.6392,3661,44.96,44.96,0,0,0,true,true,100,100,16880,2324,53.186275,94.467073,,,,,,,,,,,,,,
BASE,OPERACION_DIARIA-ALTA-N02,OPERACION_DIARIA,ALTA,2,17,77,RECOCIDO_SIMULADO,42,720.4568,4101,44.96,44.96,0,0,0,true,true,100,100,16880,2324,53.186275,161.670281,,,,,,,,,,,,,,
BASE,OPERACION_DIARIA-ALTA-N02,OPERACION_DIARIA,ALTA,2,17,77,GENETICO,42,6090.6895,9060,42.625,42.625,0,0,0,true,true,100,100,17002,2424,53.186275,,,,,,,,,,,,,,,
BASE,OPERACION_DIARIA-ALTA-N03,OPERACION_DIARIA,ALTA,3,0,78,GENETICO,46,5811.24,9060,15043,43,0,3,0,true,true,93.478261,100,15826,2054,55.637255,,,,,,,,,,,,,,,
BASE,OPERACION_DIARIA-ALTA-N03,OPERACION_DIARIA,ALTA,3,0,78,RECOCIDO_SIMULADO,46,992.9927,3221,15049.031667,49.031667,0,3,0,true,true,93.478261,100,20152,2910,55.637255,54.505647,,,,,,,,,,,,,,
BASE,OPERACION_DIARIA-ALTA-N03,OPERACION_DIARIA,ALTA,3,1,79,RECOCIDO_SIMULADO,46,1043.8556,3301,15044.835,44.835,0,3,0,true,true,93.478261,100,18586,2772,55.637255,58.24959,,,,,,,,,,,,,,
BASE,OPERACION_DIARIA-ALTA-N03,OPERACION_DIARIA,ALTA,3,1,79,GENETICO,46,8331.3092,9060,15043,43,0,3,0,true,true,93.478261,100,17168,2506,55.637255,,,,,,,,,,,,,,,
BASE,OPERACION_DIARIA-ALTA-N03,OPERACION_DIARIA,ALTA,3,2,80,GENETICO,46,7925.2139,9060,15043,43,0,3,0,true,true,93.478261,100,16340,2374,55.637255,,,,,,,,,,,,,,,
BASE,OPERACION_DIARIA-ALTA-N03,OPERACION_DIARIA,ALTA,3,2,80,RECOCIDO_SIMULADO,46,913.1736,2901,15047.66,47.66,0,3,0,true,true,93.478261,100,17942,2394,55.637255,35.938852,,,,,,,,,,,,,,
BASE,OPERACION_DIARIA-ALTA-N03,OPERACION_DIARIA,ALTA,3,3,81,RECOCIDO_SIMULADO,46,1210.597,3861,15046.715,46.715,0,3,0,true,true,93.478261,100,19052,2822,55.637255,118.132443,,,,,,,,,,,,,,
BASE,OPERACION_DIARIA-ALTA-N03,OPERACION_DIARIA,ALTA,3,3,81,GENETICO,46,8024.6471,9060,15043,43,0,3,0,true,true,93.478261,100,15864,2300,55.637255,,,,,,,,,,,,,,,
BASE,OPERACION_DIARIA-ALTA-N03,OPERACION_DIARIA,ALTA,3,4,82,GENETICO,46,8484.7138,9060,15043,43,0,3,0,true,true,93.478261,100,17036,2386,55.637255,,,,,,,,,,,,,,,
BASE,OPERACION_DIARIA-ALTA-N03,OPERACION_DIARIA,ALTA,3,4,82,RECOCIDO_SIMULADO,46,1076.0815,3461,15049.506667,49.506667,0,3,0,true,true,93.478261,100,19838,2900,55.637255,74.0088,,,,,,,,,,,,,,
BASE,OPERACION_DIARIA-ALTA-N03,OPERACION_DIARIA,ALTA,3,5,83,RECOCIDO_SIMULADO,46,1164.365,3741,15050.59,50.59,0,3,0,true,true,93.478261,100,18622,2740,55.637255,104.978965,,,,,,,,,,,,,,
BASE,OPERACION_DIARIA-ALTA-N03,OPERACION_DIARIA,ALTA,3,5,83,GENETICO,46,6598.449,9060,15043,43,0,3,0,true,true,93.478261,100,17362,2376,55.637255,,,,,,,,,,,,,,,
BASE,OPERACION_DIARIA-ALTA-N03,OPERACION_DIARIA,ALTA,3,6,84,GENETICO,46,6203.4796,9060,15043,43,0,3,0,true,true,93.478261,100,17716,2456,55.637255,,,,,,,,,,,,,,,
BASE,OPERACION_DIARIA-ALTA-N03,OPERACION_DIARIA,ALTA,3,6,84,RECOCIDO_SIMULADO,46,1424.4255,4621,15048.606667,48.606667,0,3,0,true,true,93.478261,100,18142,2832,55.637255,313.270253,,,,,,,,,,,,,,
BASE,OPERACION_DIARIA-ALTA-N03,OPERACION_DIARIA,ALTA,3,7,85,RECOCIDO_SIMULADO,46,1049.8552,3301,15044.783333,44.783333,0,3,0,true,true,93.478261,100,18072,2316,55.637255,58.027797,,,,,,,,,,,,,,
BASE,OPERACION_DIARIA-ALTA-N03,OPERACION_DIARIA,ALTA,3,7,85,GENETICO,46,6088.6954,9060,15043,43,0,3,0,true,true,93.478261,100,16818,2242,55.637255,,,,,,,,,,,,,,,
BASE,OPERACION_DIARIA-ALTA-N03,OPERACION_DIARIA,ALTA,3,8,86,GENETICO,46,6411.8304,9060,15043,43,0,3,0,true,true,93.478261,100,15552,2162,55.637255,,,,,,,,,,,,,,,
BASE,OPERACION_DIARIA-ALTA-N03,OPERACION_DIARIA,ALTA,3,8,86,RECOCIDO_SIMULADO,46,915.0962,2981,15044.783333,44.783333,0,3,0,true,true,93.478261,100,17816,2286,55.637255,39.89253,,,,,,,,,,,,,,
BASE,OPERACION_DIARIA-ALTA-N03,OPERACION_DIARIA,ALTA,3,9,87,RECOCIDO_SIMULADO,46,990.3809,3141,15046.436667,46.436667,0,3,0,true,true,93.478261,100,19596,2990,55.637255,47.361524,,,,,,,,,,,,,,
BASE,OPERACION_DIARIA-ALTA-N03,OPERACION_DIARIA,ALTA,3,9,87,GENETICO,46,6673.5593,9060,15043,43,0,3,0,true,true,93.478261,100,16790,2296,55.637255,,,,,,,,,,,,,,,
BASE,OPERACION_DIARIA-ALTA-N03,OPERACION_DIARIA,ALTA,3,10,88,GENETICO,46,6914.8529,9060,15043,43,0,3,0,true,true,93.478261,100,15434,2096,55.637255,,,,,,,,,,,,,,,
BASE,OPERACION_DIARIA-ALTA-N03,OPERACION_DIARIA,ALTA,3,10,88,RECOCIDO_SIMULADO,46,1092.5887,3541,15048.236667,48.236667,0,3,0,true,true,93.478261,100,18020,2780,55.637255,81.266889,,,,,,,,,,,,,,
BASE,OPERACION_DIARIA-ALTA-N03,OPERACION_DIARIA,ALTA,3,11,89,RECOCIDO_SIMULADO,46,1059.1445,3381,15044.783333,44.783333,0,3,0,true,true,93.478261,100,18276,2348,55.637255,65.919212,,,,,,,,,,,,,,
BASE,OPERACION_DIARIA-ALTA-N03,OPERACION_DIARIA,ALTA,3,11,89,GENETICO,46,6573.0068,9060,15043.025,43.025,0,3,0,true,true,93.478261,100,16420,2220,55.637255,,,,,,,,,,,,,,,
BASE,OPERACION_DIARIA-ALTA-N03,OPERACION_DIARIA,ALTA,3,12,90,GENETICO,46,6479.2852,9060,15043,43,0,3,0,true,true,93.478261,100,17984,2442,55.637255,,,,,,,,,,,,,,,
BASE,OPERACION_DIARIA-ALTA-N03,OPERACION_DIARIA,ALTA,3,12,90,RECOCIDO_SIMULADO,46,1031.2972,3341,15044.776667,44.776667,0,3,0,true,true,93.478261,100,17942,2920,55.637255,61.895765,,,,,,,,,,,,,,
BASE,OPERACION_DIARIA-ALTA-N03,OPERACION_DIARIA,ALTA,3,13,91,RECOCIDO_SIMULADO,46,1219.4715,3861,15048.801667,48.801667,0,3,0,true,true,93.478261,100,18954,2832,55.637255,123.594852,,,,,,,,,,,,,,
BASE,OPERACION_DIARIA-ALTA-N03,OPERACION_DIARIA,ALTA,3,13,91,GENETICO,46,6337.3126,9060,15043,43,0,3,0,true,true,93.478261,100,17614,2412,55.637255,,,,,,,,,,,,,,,
BASE,OPERACION_DIARIA-ALTA-N03,OPERACION_DIARIA,ALTA,3,14,92,GENETICO,46,7339.2335,9060,15043,43,0,3,0,true,true,93.478261,100,16472,2322,55.637255,,,,,,,,,,,,,,,
BASE,OPERACION_DIARIA-ALTA-N03,OPERACION_DIARIA,ALTA,3,14,92,RECOCIDO_SIMULADO,46,1191.9533,3861,15048.523333,48.523333,0,3,0,true,true,93.478261,100,17404,2474,55.637255,119.238177,,,,,,,,,,,,,,
BASE,OPERACION_DIARIA-ALTA-N03,OPERACION_DIARIA,ALTA,3,15,93,RECOCIDO_SIMULADO,46,1106.9685,3381,15044.783333,44.783333,0,3,0,true,true,93.478261,100,17720,2266,55.637255,65.142479,,,,,,,,,,,,,,
BASE,OPERACION_DIARIA-ALTA-N03,OPERACION_DIARIA,ALTA,3,15,93,GENETICO,46,6975.2983,9060,15043,43,0,3,0,true,true,93.478261,100,16266,2366,55.637255,,,,,,,,,,,,,,,
BASE,OPERACION_DIARIA-ALTA-N03,OPERACION_DIARIA,ALTA,3,16,94,GENETICO,46,8520.4731,9060,15043,43,0,3,0,true,true,93.478261,100,17372,2446,55.637255,,,,,,,,,,,,,,,
BASE,OPERACION_DIARIA-ALTA-N03,OPERACION_DIARIA,ALTA,3,16,94,RECOCIDO_SIMULADO,46,1021.9549,3301,15046.95,46.95,0,3,0,true,true,93.478261,100,17968,2386,55.637255,57.813606,,,,,,,,,,,,,,
BASE,OPERACION_DIARIA-ALTA-N03,OPERACION_DIARIA,ALTA,3,17,95,RECOCIDO_SIMULADO,46,1096.5812,3461,15049.4,49.4,0,3,0,true,true,93.478261,100,18970,2786,55.637255,72.028473,,,,,,,,,,,,,,
BASE,OPERACION_DIARIA-ALTA-N03,OPERACION_DIARIA,ALTA,3,17,95,GENETICO,46,8417.8483,9060,15043,43,0,3,0,true,true,93.478261,100,16760,2446,55.637255,,,,,,,,,,,,,,,
BASE,OPERACION_DIARIA-ALTA-N04,OPERACION_DIARIA,ALTA,4,0,96,GENETICO,35,4025.7299,9060,35.791667,35.791667,0,0,0,true,true,100,100,14092,1776,43.382353,,,,,,,,,,,,,,,
BASE,OPERACION_DIARIA-ALTA-N04,OPERACION_DIARIA,ALTA,4,0,96,RECOCIDO_SIMULADO,35,461.8452,3061,36.016667,36.016667,0,0,0,true,true,100,100,13744,1718,43.382353,42.436391,,,,,,,,,,,,,,
BASE,OPERACION_DIARIA-ALTA-N04,OPERACION_DIARIA,ALTA,4,1,97,RECOCIDO_SIMULADO,35,548.0294,3661,36.016667,36.016667,0,0,0,true,true,100,100,13744,1718,43.382353,92.487585,,,,,,,,,,,,,,
BASE,OPERACION_DIARIA-ALTA-N04,OPERACION_DIARIA,ALTA,4,1,97,GENETICO,35,2997.6686,9060,36.016667,36.016667,0,0,0,true,true,100,100,13744,1718,43.382353,,,,,,,,,,,,,,,
BASE,OPERACION_DIARIA-ALTA-N04,OPERACION_DIARIA,ALTA,4,2,98,GENETICO,35,3022.6717,9060,36.016667,36.016667,0,0,0,true,true,100,100,13744,1718,43.382353,,,,,,,,,,,,,,,
BASE,OPERACION_DIARIA-ALTA-N04,OPERACION_DIARIA,ALTA,4,2,98,RECOCIDO_SIMULADO,35,552.7375,3701,36.016667,36.016667,0,0,0,true,true,100,100,13744,1718,43.382353,100.842117,,,,,,,,,,,,,,
BASE,OPERACION_DIARIA-ALTA-N04,OPERACION_DIARIA,ALTA,4,3,99,RECOCIDO_SIMULADO,35,432.9642,2821,36.016667,36.016667,0,0,0,true,true,100,100,13744,1718,43.382353,31.458412,,,,,,,,,,,,,,
BASE,OPERACION_DIARIA-ALTA-N04,OPERACION_DIARIA,ALTA,4,3,99,GENETICO,35,2818.503,9060,36.016667,36.016667,0,0,0,true,true,100,100,13744,1718,43.382353,,,,,,,,,,,,,,,
BASE,OPERACION_DIARIA-ALTA-N04,OPERACION_DIARIA,ALTA,4,4,100,GENETICO,35,3792.2316,9060,36.016667,36.016667,0,0,0,true,true,100,100,13744,1718,43.382353,,,,,,,,,,,,,,,
BASE,OPERACION_DIARIA-ALTA-N04,OPERACION_DIARIA,ALTA,4,4,100,RECOCIDO_SIMULADO,35,535.5822,3541,36.016667,36.016667,0,0,0,true,true,100,100,13744,1718,43.382353,80.807105,,,,,,,,,,,,,,
BASE,OPERACION_DIARIA-ALTA-N04,OPERACION_DIARIA,ALTA,4,5,101,RECOCIDO_SIMULADO,35,497.3377,3301,36.016667,36.016667,0,0,0,true,true,100,100,13744,1718,43.382353,58.950516,,,,,,,,,,,,,,
BASE,OPERACION_DIARIA-ALTA-N04,OPERACION_DIARIA,ALTA,4,5,101,GENETICO,35,3220.8209,9060,36.016667,36.016667,0,0,0,true,true,100,100,13744,1718,43.382353,,,,,,,,,,,,,,,
BASE,OPERACION_DIARIA-ALTA-N04,OPERACION_DIARIA,ALTA,4,6,102,GENETICO,35,2856.085,9060,36.016667,36.016667,0,0,0,true,true,100,100,13744,1718,43.382353,,,,,,,,,,,,,,,
BASE,OPERACION_DIARIA-ALTA-N04,OPERACION_DIARIA,ALTA,4,6,102,RECOCIDO_SIMULADO,35,504.2665,3341,36.016667,36.016667,0,0,0,true,true,100,100,13744,1718,43.382353,62.439486,,,,,,,,,,,,,,
BASE,OPERACION_DIARIA-ALTA-N04,OPERACION_DIARIA,ALTA,4,7,103,RECOCIDO_SIMULADO,35,485.6737,3221,36.016667,36.016667,0,0,0,true,true,100,100,13744,1718,43.382353,53.767355,,,,,,,,,,,,,,
BASE,OPERACION_DIARIA-ALTA-N04,OPERACION_DIARIA,ALTA,4,7,103,GENETICO,35,3753.5015,9060,36.016667,36.016667,0,0,0,true,true,100,100,13744,1718,43.382353,,,,,,,,,,,,,,,
BASE,OPERACION_DIARIA-ALTA-N04,OPERACION_DIARIA,ALTA,4,8,104,GENETICO,35,2515.0933,9060,36.016667,36.016667,0,0,0,true,true,100,100,13744,1718,43.382353,,,,,,,,,,,,,,,
BASE,OPERACION_DIARIA-ALTA-N04,OPERACION_DIARIA,ALTA,4,8,104,RECOCIDO_SIMULADO,35,539.1127,3301,36.016667,36.016667,0,0,0,true,true,100,100,13744,1718,43.382353,59.147036,,,,,,,,,,,,,,
BASE,OPERACION_DIARIA-ALTA-N04,OPERACION_DIARIA,ALTA,4,9,105,RECOCIDO_SIMULADO,35,493.0078,3221,36.016667,36.016667,0,0,0,true,true,100,100,13744,1718,43.382353,54.262574,,,,,,,,,,,,,,
BASE,OPERACION_DIARIA-ALTA-N04,OPERACION_DIARIA,ALTA,4,9,105,GENETICO,35,4334.854,9060,36.016667,36.016667,0,0,0,true,true,100,100,13744,1718,43.382353,,,,,,,,,,,,,,,
BASE,OPERACION_DIARIA-ALTA-N04,OPERACION_DIARIA,ALTA,4,10,106,GENETICO,35,3397.4146,9060,36.016667,36.016667,0,0,0,true,true,100,100,13744,1718,43.382353,,,,,,,,,,,,,,,
BASE,OPERACION_DIARIA-ALTA-N04,OPERACION_DIARIA,ALTA,4,10,106,RECOCIDO_SIMULADO,35,545.9757,3621,36.016667,36.016667,0,0,0,true,true,100,100,13744,1718,43.382353,90.62197,,,,,,,,,,,,,,
BASE,OPERACION_DIARIA-ALTA-N04,OPERACION_DIARIA,ALTA,4,11,107,RECOCIDO_SIMULADO,35,452.3904,2941,36.016667,36.016667,0,0,0,true,true,100,100,13744,1718,43.382353,37.547059,,,,,,,,,,,,,,
BASE,OPERACION_DIARIA-ALTA-N04,OPERACION_DIARIA,ALTA,4,11,107,GENETICO,35,3195.89,9060,36.016667,36.016667,0,0,0,true,true,100,100,13744,1718,43.382353,,,,,,,,,,,,,,,
BASE,OPERACION_DIARIA-ALTA-N04,OPERACION_DIARIA,ALTA,4,12,108,GENETICO,35,2921.9071,9060,36.016667,36.016667,0,0,0,true,true,100,100,13744,1718,43.382353,,,,,,,,,,,,,,,
BASE,OPERACION_DIARIA-ALTA-N04,OPERACION_DIARIA,ALTA,4,12,108,RECOCIDO_SIMULADO,35,554.9823,3701,36.016667,36.016667,0,0,0,true,true,100,100,13744,1718,43.382353,97.745724,,,,,,,,,,,,,,
BASE,OPERACION_DIARIA-ALTA-N04,OPERACION_DIARIA,ALTA,4,13,109,RECOCIDO_SIMULADO,35,476.6003,3101,36.016667,36.016667,0,0,0,true,true,100,100,13744,1718,43.382353,44.89548,,,,,,,,,,,,,,
BASE,OPERACION_DIARIA-ALTA-N04,OPERACION_DIARIA,ALTA,4,13,109,GENETICO,35,3251.9724,9060,35.791667,35.791667,0,0,0,true,true,100,100,13662,1714,43.382353,,,,,,,,,,,,,,,
BASE,OPERACION_DIARIA-ALTA-N04,OPERACION_DIARIA,ALTA,4,14,110,GENETICO,35,3077.7222,9060,36.016667,36.016667,0,0,0,true,true,100,100,13744,1718,43.382353,,,,,,,,,,,,,,,
BASE,OPERACION_DIARIA-ALTA-N04,OPERACION_DIARIA,ALTA,4,14,110,RECOCIDO_SIMULADO,35,470.7894,3101,36.016667,36.016667,0,0,0,true,true,100,100,13744,1718,43.382353,45.343509,,,,,,,,,,,,,,
BASE,OPERACION_DIARIA-ALTA-N04,OPERACION_DIARIA,ALTA,4,15,111,RECOCIDO_SIMULADO,35,469.8175,3101,36.016667,36.016667,0,0,0,true,true,100,100,13744,1718,43.382353,45.059016,,,,,,,,,,,,,,
BASE,OPERACION_DIARIA-ALTA-N04,OPERACION_DIARIA,ALTA,4,15,111,GENETICO,35,3714.2742,9060,35.791667,35.791667,0,0,0,true,true,100,100,13742,1742,43.382353,,,,,,,,,,,,,,,
BASE,OPERACION_DIARIA-ALTA-N04,OPERACION_DIARIA,ALTA,4,16,112,GENETICO,35,3352.7442,9060,36.016667,36.016667,0,0,0,true,true,100,100,13744,1718,43.382353,,,,,,,,,,,,,,,
BASE,OPERACION_DIARIA-ALTA-N04,OPERACION_DIARIA,ALTA,4,16,112,RECOCIDO_SIMULADO,35,486.9944,3181,36.016667,36.016667,0,0,0,true,true,100,100,13744,1718,43.382353,51.157498,,,,,,,,,,,,,,
BASE,OPERACION_DIARIA-ALTA-N04,OPERACION_DIARIA,ALTA,4,17,113,RECOCIDO_SIMULADO,35,535.5613,3541,36.016667,36.016667,0,0,0,true,true,100,100,13744,1718,43.382353,81.84518,,,,,,,,,,,,,,
BASE,OPERACION_DIARIA-ALTA-N04,OPERACION_DIARIA,ALTA,4,17,113,GENETICO,35,4166.0993,9060,35.791667,35.791667,0,0,0,true,true,100,100,14196,1836,43.382353,,,,,,,,,,,,,,,
BASE,OPERACION_DIARIA-ALTA-N05,OPERACION_DIARIA,ALTA,5,0,114,GENETICO,55,5604.7242,9060,5054.636667,54.636667,0,1,0,true,true,98.181818,100,22830,3288,73.529412,,,,,,,,,,,,,,,
BASE,OPERACION_DIARIA-ALTA-N05,OPERACION_DIARIA,ALTA,5,0,114,RECOCIDO_SIMULADO,55,1214.8908,4381,5067.983333,67.983333,0,1,0,true,true,98.181818,100,25462,3862,73.529412,238.553113,,,,,,,,,,,,,,
BASE,OPERACION_DIARIA-ALTA-N05,OPERACION_DIARIA,ALTA,5,1,115,RECOCIDO_SIMULADO,55,1361.8515,4861,5064.608333,64.608333,0,1,0,true,true,98.181818,100,25086,3862,73.529412,434.246896,,,,,,,,,,,,,,
BASE,OPERACION_DIARIA-ALTA-N05,OPERACION_DIARIA,ALTA,5,1,115,GENETICO,55,5670.5772,9060,5054.35,54.35,0,1,0,true,true,98.181818,100,22704,3452,73.529412,,,,,,,,,,,,,,,
BASE,OPERACION_DIARIA-ALTA-N05,OPERACION_DIARIA,ALTA,5,2,116,GENETICO,55,5965.2118,9060,5054.35,54.35,0,1,0,true,true,98.181818,100,21262,3210,73.529412,,,,,,,,,,,,,,,
BASE,OPERACION_DIARIA-ALTA-N05,OPERACION_DIARIA,ALTA,5,2,116,RECOCIDO_SIMULADO,55,1159.8447,4141,5067.401667,65.735,0.016667,1,0,true,true,96.363636,97.222222,25602,4046,73.529412,177.6121,,,,,,,,,,,,,,
BASE,OPERACION_DIARIA-ALTA-N05,OPERACION_DIARIA,ALTA,5,3,117,RECOCIDO_SIMULADO,55,1361.0386,4821,5066.378333,66.378333,0,1,0,true,true,98.181818,100,26024,3892,73.529412,409.445567,,,,,,,,,,,,,,
BASE,OPERACION_DIARIA-ALTA-N05,OPERACION_DIARIA,ALTA,5,3,117,GENETICO,55,5698.0867,9060,5054.42,54.42,0,1,0,true,true,98.181818,100,22136,3242,73.529412,,,,,,,,,,,,,,,
BASE,OPERACION_DIARIA-ALTA-N05,OPERACION_DIARIA,ALTA,5,4,118,GENETICO,55,6056.9903,9060,5054.35,54.35,0,1,0,true,true,98.181818,100,24144,3452,73.529412,,,,,,,,,,,,,,,
BASE,OPERACION_DIARIA-ALTA-N05,OPERACION_DIARIA,ALTA,5,4,118,RECOCIDO_SIMULADO,55,1406.0114,4981,5066.961667,66.961667,0,1,0,true,true,98.181818,100,25800,3800,73.529412,506.43975,,,,,,,,,,,,,,
BASE,OPERACION_DIARIA-ALTA-N05,OPERACION_DIARIA,ALTA,5,5,119,RECOCIDO_SIMULADO,55,1433.5364,5141,5067.845,67.845,0,1,0,true,true,98.181818,100,25628,3836,73.529412,628.632918,,,,,,,,,,,,,,
BASE,OPERACION_DIARIA-ALTA-N05,OPERACION_DIARIA,ALTA,5,5,119,GENETICO,55,5751.2469,9060,5054.35,54.35,0,1,0,true,true,98.181818,100,24140,3586,73.529412,,,,,,,,,,,,,,,
BASE,OPERACION_DIARIA-ALTA-N05,OPERACION_DIARIA,ALTA,5,6,120,GENETICO,55,6011.5489,9060,5054.42,54.42,0,1,0,true,true,98.181818,100,23410,3418,73.529412,,,,,,,,,,,,,,,
BASE,OPERACION_DIARIA-ALTA-N05,OPERACION_DIARIA,ALTA,5,6,120,RECOCIDO_SIMULADO,55,1294.7734,4661,5064.271667,64.271667,0,1,0,true,true,98.181818,100,24648,3698,73.529412,337.375535,,,,,,,,,,,,,,
BASE,OPERACION_DIARIA-ALTA-N05,OPERACION_DIARIA,ALTA,5,7,121,RECOCIDO_SIMULADO,55,1360.199,4781,5070.888333,69.221667,0.016667,1,0,true,true,96.363636,97.222222,26154,4034,73.529412,385.198504,,,,,,,,,,,,,,
BASE,OPERACION_DIARIA-ALTA-N05,OPERACION_DIARIA,ALTA,5,7,121,GENETICO,55,5948.2487,9060,5054.35,54.35,0,1,0,true,true,98.181818,100,24290,3654,73.529412,,,,,,,,,,,,,,,
BASE,OPERACION_DIARIA-ALTA-N05,OPERACION_DIARIA,ALTA,5,8,122,GENETICO,55,6308.0637,9060,5054.42,54.42,0,1,0,true,true,98.181818,100,21896,3158,73.529412,,,,,,,,,,,,,,,
BASE,OPERACION_DIARIA-ALTA-N05,OPERACION_DIARIA,ALTA,5,8,122,RECOCIDO_SIMULADO,55,925.7583,3381,5061.585,61.585,0,1,0,true,true,98.181818,100,25192,3916,73.529412,66.259977,,,,,,,,,,,,,,
BASE,OPERACION_DIARIA-ALTA-N05,OPERACION_DIARIA,ALTA,5,9,123,RECOCIDO_SIMULADO,55,1122.7846,3981,5062.235,62.235,0,1,0,true,true,98.181818,100,25004,4058,73.529412,141.192206,,,,,,,,,,,,,,
BASE,OPERACION_DIARIA-ALTA-N05,OPERACION_DIARIA,ALTA,5,9,123,GENETICO,55,6124.6733,9060,5054.35,54.35,0,1,0,true,true,98.181818,100,22768,3440,73.529412,,,,,,,,,,,,,,,
BASE,OPERACION_DIARIA-ALTA-N05,OPERACION_DIARIA,ALTA,5,10,124,GENETICO,55,5552.0701,9060,5054.35,54.35,0,1,0,true,true,98.181818,100,23646,3628,73.529412,,,,,,,,,,,,,,,
BASE,OPERACION_DIARIA-ALTA-N05,OPERACION_DIARIA,ALTA,5,10,124,RECOCIDO_SIMULADO,55,1187.8873,4221,5062.606667,62.606667,0,1,0,true,true,98.181818,100,24902,3998,73.529412,193.892257,,,,,,,,,,,,,,
BASE,OPERACION_DIARIA-ALTA-N05,OPERACION_DIARIA,ALTA,5,11,125,RECOCIDO_SIMULADO,55,1043.2064,3661,5058.686667,58.686667,0,1,0,true,true,98.181818,100,26610,4240,73.529412,94.36339,,,,,,,,,,,,,,
BASE,OPERACION_DIARIA-ALTA-N05,OPERACION_DIARIA,ALTA,5,11,125,GENETICO,55,5644.5795,9060,5054.35,54.35,0,1,0,true,true,98.181818,100,21262,3124,73.529412,,,,,,,,,,,,,,,
BASE,OPERACION_DIARIA-ALTA-N05,OPERACION_DIARIA,ALTA,5,12,126,GENETICO,55,4880.5088,9060,5054.566667,54.566667,0,1,0,true,true,98.181818,100,21974,3062,73.529412,,,,,,,,,,,,,,,
BASE,OPERACION_DIARIA-ALTA-N05,OPERACION_DIARIA,ALTA,5,12,126,RECOCIDO_SIMULADO,55,1277.3748,4581,5072.673333,72.673333,0,1,0,true,true,98.181818,100,26408,4038,73.529412,303.774858,,,,,,,,,,,,,,
BASE,OPERACION_DIARIA-ALTA-N05,OPERACION_DIARIA,ALTA,5,13,127,RECOCIDO_SIMULADO,55,1195.0821,4301,5072.003333,70.336667,0.016667,1,0,true,true,96.363636,97.222222,26018,3968,73.529412,212.146564,,,,,,,,,,,,,,
BASE,OPERACION_DIARIA-ALTA-N05,OPERACION_DIARIA,ALTA,5,13,127,GENETICO,55,5382.0063,9060,5054.35,54.35,0,1,0,true,true,98.181818,100,22246,3332,73.529412,,,,,,,,,,,,,,,
BASE,OPERACION_DIARIA-ALTA-N05,OPERACION_DIARIA,ALTA,5,14,128,GENETICO,55,5360.9666,9060,5054.35,54.35,0,1,0,true,true,98.181818,100,24232,3512,73.529412,,,,,,,,,,,,,,,
BASE,OPERACION_DIARIA-ALTA-N05,OPERACION_DIARIA,ALTA,5,14,128,RECOCIDO_SIMULADO,55,1366.8916,4901,5062.733333,62.733333,0,1,0,true,true,98.181818,100,25526,3788,73.529412,469.427381,,,,,,,,,,,,,,
BASE,OPERACION_DIARIA-ALTA-N05,OPERACION_DIARIA,ALTA,5,15,129,RECOCIDO_SIMULADO,55,1098.1508,3821,5061.518333,61.518333,0,1,0,true,true,98.181818,100,24704,3794,73.529412,116.291153,,,,,,,,,,,,,,
BASE,OPERACION_DIARIA-ALTA-N05,OPERACION_DIARIA,ALTA,5,15,129,GENETICO,55,6167.7419,9060,5054.35,54.35,0,1,0,true,true,98.181818,100,23296,3552,73.529412,,,,,,,,,,,,,,,
BASE,OPERACION_DIARIA-ALTA-N05,OPERACION_DIARIA,ALTA,5,16,130,GENETICO,55,5940.6415,9060,5054.35,54.35,0,1,0,true,true,98.181818,100,24182,3574,73.529412,,,,,,,,,,,,,,,
BASE,OPERACION_DIARIA-ALTA-N05,OPERACION_DIARIA,ALTA,5,16,130,RECOCIDO_SIMULADO,55,1213.9177,4301,5064.02,64.02,0,1,0,true,true,98.181818,100,24336,3880,73.529412,215.089594,,,,,,,,,,,,,,
BASE,OPERACION_DIARIA-ALTA-N05,OPERACION_DIARIA,ALTA,5,17,131,RECOCIDO_SIMULADO,55,1256.7984,4541,5067.698333,66.031667,0.016667,1,0,true,true,96.363636,97.222222,23508,3608,73.529412,288.725632,,,,,,,,,,,,,,
BASE,OPERACION_DIARIA-ALTA-N05,OPERACION_DIARIA,ALTA,5,17,131,GENETICO,55,6520.5538,9060,5054.42,54.42,0,1,0,true,true,98.181818,100,24596,3744,73.529412,,,,,,,,,,,,,,,
BASE,OPERACION_DIARIA-CRITICA-N01,OPERACION_DIARIA,CRITICA,1,0,42,GENETICO,40,3308.4567,9060,5039.226667,39.226667,0,1,0,true,true,97.5,100,15888,2164,46.568627,,,,,,,,,,,,,,,
BASE,OPERACION_DIARIA-CRITICA-N01,OPERACION_DIARIA,CRITICA,1,0,42,RECOCIDO_SIMULADO,40,830.9518,4421,5039.466667,39.466667,0,1,0,true,true,97.5,100,15696,1962,46.568627,249.13555,,,,,,,,,,,,,,
BASE,OPERACION_DIARIA-CRITICA-N01,OPERACION_DIARIA,CRITICA,1,1,43,RECOCIDO_SIMULADO,40,594.3938,3141,5039.466667,39.466667,0,1,0,true,true,97.5,100,15696,1962,46.568627,47.031632,,,,,,,,,,,,,,
BASE,OPERACION_DIARIA-CRITICA-N01,OPERACION_DIARIA,CRITICA,1,1,43,GENETICO,40,3656.0961,9060,5039.11,39.11,0,1,0,true,true,97.5,100,16076,2240,46.568627,,,,,,,,,,,,,,,
BASE,OPERACION_DIARIA-CRITICA-N01,OPERACION_DIARIA,CRITICA,1,2,44,GENETICO,40,6474.7174,9060,5039.226667,39.226667,0,1,0,true,true,97.5,100,13980,1806,46.568627,,,,,,,,,,,,,,,
BASE,OPERACION_DIARIA-CRITICA-N01,OPERACION_DIARIA,CRITICA,1,2,44,RECOCIDO_SIMULADO,40,705.6526,3741,5039.466667,39.466667,0,1,0,true,true,97.5,100,15696,1962,46.568627,104.849672,,,,,,,,,,,,,,
BASE,OPERACION_DIARIA-CRITICA-N01,OPERACION_DIARIA,CRITICA,1,3,45,RECOCIDO_SIMULADO,40,623.2117,3341,5039.466667,39.466667,0,1,0,true,true,97.5,100,15600,1950,46.568627,61.181014,,,,,,,,,,,,,,
BASE,OPERACION_DIARIA-CRITICA-N01,OPERACION_DIARIA,CRITICA,1,3,45,GENETICO,40,3524.9213,9060,5039.11,39.11,0,1,0,true,true,97.5,100,14800,2042,46.568627,,,,,,,,,,,,,,,
BASE,OPERACION_DIARIA-CRITICA-N01,OPERACION_DIARIA,CRITICA,1,4,46,GENETICO,40,4021.7568,9060,5039.11,39.11,0,1,0,true,true,97.5,100,14876,2046,46.568627,,,,,,,,,,,,,,,
BASE,OPERACION_DIARIA-CRITICA-N01,OPERACION_DIARIA,CRITICA,1,4,46,RECOCIDO_SIMULADO,40,846.0603,4501,5039.466667,39.466667,0,1,0,true,true,97.5,100,15600,1950,46.568627,275.112237,,,,,,,,,,,,,,
BASE,OPERACION_DIARIA-CRITICA-N01,OPERACION_DIARIA,CRITICA,1,5,47,RECOCIDO_SIMULADO,40,742.867,3901,5039.466667,39.466667,0,1,0,true,true,97.5,100,15600,1950,46.568627,129.710054,,,,,,,,,,,,,,
BASE,OPERACION_DIARIA-CRITICA-N01,OPERACION_DIARIA,CRITICA,1,5,47,GENETICO,40,4835.033,9060,5039,39,0,1,0,true,true,97.5,100,14984,2144,46.568627,,,,,,,,,,,,,,,
BASE,OPERACION_DIARIA-CRITICA-N01,OPERACION_DIARIA,CRITICA,1,6,48,GENETICO,40,4613.3881,9060,5039.325,39.325,0,1,0,true,true,97.5,100,15248,2040,46.568627,,,,,,,,,,,,,,,
BASE,OPERACION_DIARIA-CRITICA-N01,OPERACION_DIARIA,CRITICA,1,6,48,RECOCIDO_SIMULADO,40,809.3929,3501,5039.466667,39.466667,0,1,0,true,true,97.5,100,15696,1962,46.568627,77.90484,,,,,,,,,,,,,,
BASE,OPERACION_DIARIA-CRITICA-N01,OPERACION_DIARIA,CRITICA,1,7,49,RECOCIDO_SIMULADO,40,1149.342,4101,5039.466667,39.466667,0,1,0,true,true,97.5,100,15600,1950,46.568627,168.574678,,,,,,,,,,,,,,
BASE,OPERACION_DIARIA-CRITICA-N01,OPERACION_DIARIA,CRITICA,1,7,49,GENETICO,40,6430.8496,9060,5039.226667,39.226667,0,1,0,true,true,97.5,100,15812,2168,46.568627,,,,,,,,,,,,,,,
BASE,OPERACION_DIARIA-CRITICA-N01,OPERACION_DIARIA,CRITICA,1,8,50,GENETICO,40,3168.9658,9060,5039.116667,39.116667,0,1,0,true,true,97.5,100,13958,1926,46.568627,,,,,,,,,,,,,,,
BASE,OPERACION_DIARIA-CRITICA-N01,OPERACION_DIARIA,CRITICA,1,8,50,RECOCIDO_SIMULADO,40,919.4034,4861,5039.466667,39.466667,0,1,0,true,true,97.5,100,15696,1962,46.568627,446.946231,,,,,,,,,,,,,,
BASE,OPERACION_DIARIA-CRITICA-N01,OPERACION_DIARIA,CRITICA,1,9,51,RECOCIDO_SIMULADO,40,827.8341,4381,5039.466667,39.466667,0,1,0,true,true,97.5,100,15696,1962,46.568627,232.999361,,,,,,,,,,,,,,
BASE,OPERACION_DIARIA-CRITICA-N01,OPERACION_DIARIA,CRITICA,1,9,51,GENETICO,40,6410.1866,9060,5039.116667,39.116667,0,1,0,true,true,97.5,100,14918,1994,46.568627,,,,,,,,,,,,,,,
BASE,OPERACION_DIARIA-CRITICA-N01,OPERACION_DIARIA,CRITICA,1,10,52,GENETICO,40,3311.1107,9060,5039.226667,39.226667,0,1,0,true,true,97.5,100,15778,2062,46.568627,,,,,,,,,,,,,,,
BASE,OPERACION_DIARIA-CRITICA-N01,OPERACION_DIARIA,CRITICA,1,10,52,RECOCIDO_SIMULADO,40,1309.376,4541,5039.466667,39.466667,0,1,0,true,true,97.5,100,15600,1950,46.568627,286.867051,,,,,,,,,,,,,,
BASE,OPERACION_DIARIA-CRITICA-N01,OPERACION_DIARIA,CRITICA,1,11,53,RECOCIDO_SIMULADO,40,1189.4369,4181,5039.466667,39.466667,0,1,0,true,true,97.5,100,15696,1962,46.568627,181.56751,,,,,,,,,,,,,,
BASE,OPERACION_DIARIA-CRITICA-N01,OPERACION_DIARIA,CRITICA,1,11,53,GENETICO,40,5444.6256,9060,5039.226667,39.226667,0,1,0,true,true,97.5,100,16290,2226,46.568627,,,,,,,,,,,,,,,
BASE,OPERACION_DIARIA-CRITICA-N01,OPERACION_DIARIA,CRITICA,1,12,54,GENETICO,40,7054.6104,9060,5039.226667,39.226667,0,1,0,true,true,97.5,100,14492,1912,46.568627,,,,,,,,,,,,,,,
BASE,OPERACION_DIARIA-CRITICA-N01,OPERACION_DIARIA,CRITICA,1,12,54,RECOCIDO_SIMULADO,40,981.8126,4381,5039.466667,39.466667,0,1,0,true,true,97.5,100,15696,1962,46.568627,232.192504,,,,,,,,,,,,,,
BASE,OPERACION_DIARIA-CRITICA-N01,OPERACION_DIARIA,CRITICA,1,13,55,RECOCIDO_SIMULADO,40,953.1152,3061,5039.466667,39.466667,0,1,0,true,true,97.5,100,15600,1950,46.568627,42.806006,,,,,,,,,,,,,,
BASE,OPERACION_DIARIA-CRITICA-N01,OPERACION_DIARIA,CRITICA,1,13,55,GENETICO,40,8345.9535,9060,5039.11,39.11,0,1,0,true,true,97.5,100,15412,2082,46.568627,,,,,,,,,,,,,,,
BASE,OPERACION_DIARIA-CRITICA-N01,OPERACION_DIARIA,CRITICA,1,14,56,GENETICO,40,4546.375,9060,5039.226667,39.226667,0,1,0,true,true,97.5,100,14746,1940,46.568627,,,,,,,,,,,,,,,
BASE,OPERACION_DIARIA-CRITICA-N01,OPERACION_DIARIA,CRITICA,1,14,56,RECOCIDO_SIMULADO,40,848.4845,4341,5039.466667,39.466667,0,1,0,true,true,97.5,100,15696,1962,46.568627,221.396856,,,,,,,,,,,,,,
BASE,OPERACION_DIARIA-CRITICA-N01,OPERACION_DIARIA,CRITICA,1,15,57,RECOCIDO_SIMULADO,40,680.6586,3581,5039.466667,39.466667,0,1,0,true,true,97.5,100,15696,1962,46.568627,82.969836,,,,,,,,,,,,,,
BASE,OPERACION_DIARIA-CRITICA-N01,OPERACION_DIARIA,CRITICA,1,15,57,GENETICO,40,4848.4135,9060,5039.116667,39.116667,0,1,0,true,true,97.5,100,15120,2052,46.568627,,,,,,,,,,,,,,,
BASE,OPERACION_DIARIA-CRITICA-N01,OPERACION_DIARIA,CRITICA,1,16,58,GENETICO,40,5429.2151,9060,5039.251667,39.251667,0,1,0,true,true,97.5,100,14750,1964,46.568627,,,,,,,,,,,,,,,
BASE,OPERACION_DIARIA-CRITICA-N01,OPERACION_DIARIA,CRITICA,1,16,58,RECOCIDO_SIMULADO,40,774.61,4061,5039.466667,39.466667,0,1,0,true,true,97.5,100,15600,1950,46.568627,158.895455,,,,,,,,,,,,,,
BASE,OPERACION_DIARIA-CRITICA-N01,OPERACION_DIARIA,CRITICA,1,17,59,RECOCIDO_SIMULADO,40,837.8466,4501,5039.466667,39.466667,0,1,0,true,true,97.5,100,15600,1950,46.568627,270.985716,,,,,,,,,,,,,,
BASE,OPERACION_DIARIA-CRITICA-N01,OPERACION_DIARIA,CRITICA,1,17,59,GENETICO,40,4102.7382,9060,5039.116667,39.116667,0,1,0,true,true,97.5,100,14086,1962,46.568627,,,,,,,,,,,,,,,
BASE,OPERACION_DIARIA-CRITICA-N02,OPERACION_DIARIA,CRITICA,2,0,60,GENETICO,42,3878.9167,9060,5041.408333,41.408333,0,1,0,true,true,97.619048,100,17458,2362,51.960784,,,,,,,,,,,,,,,
BASE,OPERACION_DIARIA-CRITICA-N02,OPERACION_DIARIA,CRITICA,2,0,60,RECOCIDO_SIMULADO,42,690.4829,3061,5041.408333,41.408333,0,1,0,true,true,97.619048,100,17458,2362,51.960784,43.299648,,,,,,,,,,,,,,
BASE,OPERACION_DIARIA-CRITICA-N02,OPERACION_DIARIA,CRITICA,2,1,61,RECOCIDO_SIMULADO,42,643.1411,2781,5041.408333,41.408333,0,1,0,true,true,97.619048,100,17458,2362,51.960784,29.790485,,,,,,,,,,,,,,
BASE,OPERACION_DIARIA-CRITICA-N02,OPERACION_DIARIA,CRITICA,2,1,61,GENETICO,42,3566.019,9060,5041.408333,41.408333,0,1,0,true,true,97.619048,100,17458,2362,51.960784,,,,,,,,,,,,,,,
BASE,OPERACION_DIARIA-CRITICA-N02,OPERACION_DIARIA,CRITICA,2,2,62,GENETICO,42,3409.1783,9060,5041.408333,41.408333,0,1,0,true,true,97.619048,100,17458,2362,51.960784,,,,,,,,,,,,,,,
BASE,OPERACION_DIARIA-CRITICA-N02,OPERACION_DIARIA,CRITICA,2,2,62,RECOCIDO_SIMULADO,42,802.5207,3541,5041.408333,41.408333,0,1,0,true,true,97.619048,100,17458,2362,51.960784,78.943018,,,,,,,,,,,,,,
BASE,OPERACION_DIARIA-CRITICA-N02,OPERACION_DIARIA,CRITICA,2,3,63,RECOCIDO_SIMULADO,42,746.3922,3301,5041.408333,41.408333,0,1,0,true,true,97.619048,100,17362,2350,51.960784,59.072027,,,,,,,,,,,,,,
BASE,OPERACION_DIARIA-CRITICA-N02,OPERACION_DIARIA,CRITICA,2,3,63,GENETICO,42,3180.9691,9060,5041.408333,41.408333,0,1,0,true,true,97.619048,100,17362,2350,51.960784,,,,,,,,,,,,,,,
BASE,OPERACION_DIARIA-CRITICA-N02,OPERACION_DIARIA,CRITICA,2,4,64,GENETICO,42,3778.1602,9060,5041.408333,41.408333,0,1,0,true,true,97.619048,100,17458,2362,51.960784,,,,,,,,,,,,,,,
BASE,OPERACION_DIARIA-CRITICA-N02,OPERACION_DIARIA,CRITICA,2,4,64,RECOCIDO_SIMULADO,42,779.1528,3501,5041.408333,41.408333,0,1,0,true,true,97.619048,100,17458,2362,51.960784,76.153168,,,,,,,,,,,,,,
BASE,OPERACION_DIARIA-CRITICA-N02,OPERACION_DIARIA,CRITICA,2,5,65,RECOCIDO_SIMULADO,42,702.8892,3101,5041.408333,41.408333,0,1,0,true,true,97.619048,100,17458,2362,51.960784,44.530417,,,,,,,,,,,,,,
BASE,OPERACION_DIARIA-CRITICA-N02,OPERACION_DIARIA,CRITICA,2,5,65,GENETICO,42,3162.2081,9060,5041.408333,41.408333,0,1,0,true,true,97.619048,100,17458,2362,51.960784,,,,,,,,,,,,,,,
BASE,OPERACION_DIARIA-CRITICA-N02,OPERACION_DIARIA,CRITICA,2,6,66,GENETICO,42,3596.1897,9060,5041.408333,41.408333,0,1,0,true,true,97.619048,100,17458,2362,51.960784,,,,,,,,,,,,,,,
BASE,OPERACION_DIARIA-CRITICA-N02,OPERACION_DIARIA,CRITICA,2,6,66,RECOCIDO_SIMULADO,42,683.5638,3021,5041.408333,41.408333,0,1,0,true,true,97.619048,100,17458,2362,51.960784,40.33602,,,,,,,,,,,,,,
BASE,OPERACION_DIARIA-CRITICA-N02,OPERACION_DIARIA,CRITICA,2,7,67,RECOCIDO_SIMULADO,42,680.7445,3021,5041.408333,41.408333,0,1,0,true,true,97.619048,100,17362,2350,51.960784,40.449482,,,,,,,,,,,,,,
BASE,OPERACION_DIARIA-CRITICA-N02,OPERACION_DIARIA,CRITICA,2,7,67,GENETICO,42,3234.2225,9060,5041.408333,41.408333,0,1,0,true,true,97.619048,100,17362,2350,51.960784,,,,,,,,,,,,,,,
BASE,OPERACION_DIARIA-CRITICA-N02,OPERACION_DIARIA,CRITICA,2,8,68,GENETICO,42,3170.5555,9060,5041.408333,41.408333,0,1,0,true,true,97.619048,100,17362,2350,51.960784,,,,,,,,,,,,,,,
BASE,OPERACION_DIARIA-CRITICA-N02,OPERACION_DIARIA,CRITICA,2,8,68,RECOCIDO_SIMULADO,42,795.6356,3301,5041.408333,41.408333,0,1,0,true,true,97.619048,100,17362,2350,51.960784,57.583929,,,,,,,,,,,,,,
BASE,OPERACION_DIARIA-CRITICA-N02,OPERACION_DIARIA,CRITICA,2,9,69,RECOCIDO_SIMULADO,42,844.9892,3541,5041.408333,41.408333,0,1,0,true,true,97.619048,100,17458,2362,51.960784,79.013088,,,,,,,,,,,,,,
BASE,OPERACION_DIARIA-CRITICA-N02,OPERACION_DIARIA,CRITICA,2,9,69,GENETICO,42,3334.878,9060,5041.408333,41.408333,0,1,0,true,true,97.619048,100,17458,2362,51.960784,,,,,,,,,,,,,,,
BASE,OPERACION_DIARIA-CRITICA-N02,OPERACION_DIARIA,CRITICA,2,10,70,GENETICO,42,3920.6956,9060,5041.408333,41.408333,0,1,0,true,true,97.619048,100,17458,2362,51.960784,,,,,,,,,,,,,,,
BASE,OPERACION_DIARIA-CRITICA-N02,OPERACION_DIARIA,CRITICA,2,10,70,RECOCIDO_SIMULADO,42,708.5831,3141,5041.408333,41.408333,0,1,0,true,true,97.619048,100,17458,2362,51.960784,49.304205,,,,,,,,,,,,,,
BASE,OPERACION_DIARIA-CRITICA-N02,OPERACION_DIARIA,CRITICA,2,11,71,RECOCIDO_SIMULADO,42,704.1378,3101,5041.408333,41.408333,0,1,0,true,true,97.619048,100,17362,2350,51.960784,46.290436,,,,,,,,,,,,,,
BASE,OPERACION_DIARIA-CRITICA-N02,OPERACION_DIARIA,CRITICA,2,11,71,GENETICO,42,3774.5658,9060,5041.408333,41.408333,0,1,0,true,true,97.619048,100,17362,2350,51.960784,,,,,,,,,,,,,,,
BASE,OPERACION_DIARIA-CRITICA-N02,OPERACION_DIARIA,CRITICA,2,12,72,GENETICO,42,4090.9355,9060,5041.408333,41.408333,0,1,0,true,true,97.619048,100,17362,2350,51.960784,,,,,,,,,,,,,,,
BASE,OPERACION_DIARIA-CRITICA-N02,OPERACION_DIARIA,CRITICA,2,12,72,RECOCIDO_SIMULADO,42,734.125,3301,5041.408333,41.408333,0,1,0,true,true,97.619048,100,17362,2350,51.960784,60.344332,,,,,,,,,,,,,,
BASE,OPERACION_DIARIA-CRITICA-N02,OPERACION_DIARIA,CRITICA,2,13,73,RECOCIDO_SIMULADO,42,694.5707,3061,5041.408333,41.408333,0,1,0,true,true,97.619048,100,17362,2350,51.960784,43.707896,,,,,,,,,,,,,,
BASE,OPERACION_DIARIA-CRITICA-N02,OPERACION_DIARIA,CRITICA,2,13,73,GENETICO,42,2895.0996,9060,5041.408333,41.408333,0,1,0,true,true,97.619048,100,17362,2350,51.960784,,,,,,,,,,,,,,,
BASE,OPERACION_DIARIA-CRITICA-N02,OPERACION_DIARIA,CRITICA,2,14,74,GENETICO,42,3007.6927,9060,5041.408333,41.408333,0,1,0,true,true,97.619048,100,17458,2362,51.960784,,,,,,,,,,,,,,,
BASE,OPERACION_DIARIA-CRITICA-N02,OPERACION_DIARIA,CRITICA,2,14,74,RECOCIDO_SIMULADO,42,712.6969,3141,5041.408333,41.408333,0,1,0,true,true,97.619048,100,17458,2362,51.960784,47.163317,,,,,,,,,,,,,,
BASE,OPERACION_DIARIA-CRITICA-N02,OPERACION_DIARIA,CRITICA,2,15,75,RECOCIDO_SIMULADO,42,753.7769,3341,5041.408333,41.408333,0,1,0,true,true,97.619048,100,17362,2350,51.960784,62.84031,,,,,,,,,,,,,,
BASE,OPERACION_DIARIA-CRITICA-N02,OPERACION_DIARIA,CRITICA,2,15,75,GENETICO,42,3313.0407,9060,5041.408333,41.408333,0,1,0,true,true,97.619048,100,17362,2350,51.960784,,,,,,,,,,,,,,,
BASE,OPERACION_DIARIA-CRITICA-N02,OPERACION_DIARIA,CRITICA,2,16,76,GENETICO,42,3471.2241,9060,5041.408333,41.408333,0,1,0,true,true,97.619048,100,17458,2362,51.960784,,,,,,,,,,,,,,,
BASE,OPERACION_DIARIA-CRITICA-N02,OPERACION_DIARIA,CRITICA,2,16,76,RECOCIDO_SIMULADO,42,892.45,3941,5041.408333,41.408333,0,1,0,true,true,97.619048,100,17458,2362,51.960784,135.970572,,,,,,,,,,,,,,
BASE,OPERACION_DIARIA-CRITICA-N02,OPERACION_DIARIA,CRITICA,2,17,77,RECOCIDO_SIMULADO,42,707.9336,3181,5041.408333,41.408333,0,1,0,true,true,97.619048,100,17458,2362,51.960784,50.820151,,,,,,,,,,,,,,
BASE,OPERACION_DIARIA-CRITICA-N02,OPERACION_DIARIA,CRITICA,2,17,77,GENETICO,42,3396.8734,9060,5041.408333,41.408333,0,1,0,true,true,97.619048,100,17458,2362,51.960784,,,,,,,,,,,,,,,
BASE,OPERACION_DIARIA-CRITICA-N03,OPERACION_DIARIA,CRITICA,3,0,78,GENETICO,52,5483.9486,9060,10050,50,0,2,0,true,true,96.153846,92.592593,17894,2566,62.990196,,,,,,,,,,,,,,,
BASE,OPERACION_DIARIA-CRITICA-N03,OPERACION_DIARIA,CRITICA,3,0,78,RECOCIDO_SIMULADO,52,1000.5812,3861,10052.35,52.35,0,2,0,true,true,96.153846,92.592593,18806,2922,62.990196,121.015107,,,,,,,,,,,,,,
BASE,OPERACION_DIARIA-CRITICA-N03,OPERACION_DIARIA,CRITICA,3,1,79,RECOCIDO_SIMULADO,52,1028.1006,3981,10057.208333,57.208333,0,2,0,true,true,96.153846,92.592593,18894,2582,62.990196,138.633778,,,,,,,,,,,,,,
BASE,OPERACION_DIARIA-CRITICA-N03,OPERACION_DIARIA,CRITICA,3,1,79,GENETICO,52,6491.0765,9060,10050.025,50.025,0,2,0,true,true,96.153846,92.592593,19294,2824,62.990196,,,,,,,,,,,,,,,
BASE,OPERACION_DIARIA-CRITICA-N03,OPERACION_DIARIA,CRITICA,3,2,80,GENETICO,52,6157.3885,9060,10050.025,50.025,0,2,0,true,true,96.153846,92.592593,16128,2448,62.990196,,,,,,,,,,,,,,,
BASE,OPERACION_DIARIA-CRITICA-N03,OPERACION_DIARIA,CRITICA,3,2,80,RECOCIDO_SIMULADO,52,923.709,3421,10056.918333,56.918333,0,2,0,true,true,96.153846,92.592593,19462,3004,62.990196,68.298156,,,,,,,,,,,,,,
BASE,OPERACION_DIARIA-CRITICA-N03,OPERACION_DIARIA,CRITICA,3,3,81,RECOCIDO_SIMULADO,52,1148.2268,4421,10053.648333,53.648333,0,2,0,true,true,96.153846,92.592593,19614,3136,62.990196,248.980102,,,,,,,,,,,,,,
BASE,OPERACION_DIARIA-CRITICA-N03,OPERACION_DIARIA,CRITICA,3,3,81,GENETICO,52,7625.3527,9060,10050,50,0,2,0,true,true,96.153846,92.592593,17868,2734,62.990196,,,,,,,,,,,,,,,
BASE,OPERACION_DIARIA-CRITICA-N03,OPERACION_DIARIA,CRITICA,3,4,82,GENETICO,52,7441.0169,9060,10050,50,0,2,0,true,true,96.153846,92.592593,17780,2616,62.990196,,,,,,,,,,,,,,,
BASE,OPERACION_DIARIA-CRITICA-N03,OPERACION_DIARIA,CRITICA,3,4,82,RECOCIDO_SIMULADO,52,862.21,3341,10053.223333,53.223333,0,2,0,true,true,96.153846,92.592593,19302,2994,62.990196,61.757057,,,,,,,,,,,,,,
BASE,OPERACION_DIARIA-CRITICA-N03,OPERACION_DIARIA,CRITICA,3,5,83,RECOCIDO_SIMULADO,52,878.3308,3461,10053.176667,53.176667,0,2,0,true,true,96.153846,92.592593,19228,2936,62.990196,73.969267,,,,,,,,,,,,,,
BASE,OPERACION_DIARIA-CRITICA-N03,OPERACION_DIARIA,CRITICA,3,5,83,GENETICO,52,6116.5504,9060,10050,50,0,2,0,true,true,96.153846,92.592593,16244,2400,62.990196,,,,,,,,,,,,,,,
BASE,OPERACION_DIARIA-CRITICA-N03,OPERACION_DIARIA,CRITICA,3,6,84,GENETICO,52,6873.1473,9060,10050,50,0,2,0,true,true,96.153846,92.592593,17038,2606,62.990196,,,,,,,,,,,,,,,
BASE,OPERACION_DIARIA-CRITICA-N03,OPERACION_DIARIA,CRITICA,3,6,84,RECOCIDO_SIMULADO,52,1181.5674,4621,10060.001667,60.001667,0,2,0,true,true,96.153846,92.592593,20162,3100,62.990196,317.446834,,,,,,,,,,,,,,
BASE,OPERACION_DIARIA-CRITICA-N03,OPERACION_DIARIA,CRITICA,3,7,85,RECOCIDO_SIMULADO,52,965.7158,3781,10053.433333,53.433333,0,2,0,true,true,96.153846,92.592593,18552,2956,62.990196,108.24753,,,,,,,,,,,,,,
BASE,OPERACION_DIARIA-CRITICA-N03,OPERACION_DIARIA,CRITICA,3,7,85,GENETICO,52,6201.3234,9060,10050,50,0,2,0,true,true,96.153846,92.592593,18002,2552,62.990196,,,,,,,,,,,,,,,
BASE,OPERACION_DIARIA-CRITICA-N03,OPERACION_DIARIA,CRITICA,3,8,86,GENETICO,52,6067.8796,9060,10050,50,0,2,0,true,true,96.153846,92.592593,17676,2580,62.990196,,,,,,,,,,,,,,,
BASE,OPERACION_DIARIA-CRITICA-N03,OPERACION_DIARIA,CRITICA,3,8,86,RECOCIDO_SIMULADO,52,1021.417,3821,10056.895,56.895,0,2,0,true,true,96.153846,92.592593,20476,3248,62.990196,116.463359,,,,,,,,,,,,,,
BASE,OPERACION_DIARIA-CRITICA-N03,OPERACION_DIARIA,CRITICA,3,9,87,RECOCIDO_SIMULADO,52,1196.9367,4701,10054.115,54.115,0,2,0,true,true,96.153846,92.592593,18290,2856,62.990196,363.972124,,,,,,,,,,,,,,
BASE,OPERACION_DIARIA-CRITICA-N03,OPERACION_DIARIA,CRITICA,3,9,87,GENETICO,52,6256.5527,9060,10050,50,0,2,0,true,true,96.153846,92.592593,17482,2558,62.990196,,,,,,,,,,,,,,,
BASE,OPERACION_DIARIA-CRITICA-N03,OPERACION_DIARIA,CRITICA,3,10,88,GENETICO,52,5361.6134,9060,10050,50,0,2,0,true,true,96.153846,92.592593,18162,2518,62.990196,,,,,,,,,,,,,,,
BASE,OPERACION_DIARIA-CRITICA-N03,OPERACION_DIARIA,CRITICA,3,10,88,RECOCIDO_SIMULADO,52,987.1041,3701,10058.43,58.43,0,2,0,true,true,96.153846,92.592593,19256,3018,62.990196,97.641276,,,,,,,,,,,,,,
BASE,OPERACION_DIARIA-CRITICA-N03,OPERACION_DIARIA,CRITICA,3,11,89,RECOCIDO_SIMULADO,52,914.5644,3461,10057.018333,57.018333,0,2,0,true,true,96.153846,92.592593,20558,3186,62.990196,73.854049,,,,,,,,,,,,,,
BASE,OPERACION_DIARIA-CRITICA-N03,OPERACION_DIARIA,CRITICA,3,11,89,GENETICO,52,6148.3803,9060,10050,50,0,2,0,true,true,96.153846,92.592593,17310,2590,62.990196,,,,,,,,,,,,,,,
BASE,OPERACION_DIARIA-CRITICA-N03,OPERACION_DIARIA,CRITICA,3,12,90,GENETICO,52,7307.6485,9060,10050,50,0,2,0,true,true,96.153846,92.592593,16524,2474,62.990196,,,,,,,,,,,,,,,
BASE,OPERACION_DIARIA-CRITICA-N03,OPERACION_DIARIA,CRITICA,3,12,90,RECOCIDO_SIMULADO,52,1046.175,3901,10055.503333,55.503333,0,2,0,true,true,96.153846,92.592593,19554,3006,62.990196,126.942483,,,,,,,,,,,,,,
BASE,OPERACION_DIARIA-CRITICA-N03,OPERACION_DIARIA,CRITICA,3,13,91,RECOCIDO_SIMULADO,52,1106.1404,4101,10055.871667,55.871667,0,2,0,true,true,96.153846,92.592593,20012,2956,62.990196,160.779518,,,,,,,,,,,,,,
BASE,OPERACION_DIARIA-CRITICA-N03,OPERACION_DIARIA,CRITICA,3,13,91,GENETICO,52,7685.4354,9060,10050,50,0,2,0,true,true,96.153846,92.592593,15676,2382,62.990196,,,,,,,,,,,,,,,
BASE,OPERACION_DIARIA-CRITICA-N03,OPERACION_DIARIA,CRITICA,3,14,92,GENETICO,52,6189.9873,9060,10050,50,0,2,0,true,true,96.153846,92.592593,16652,2402,62.990196,,,,,,,,,,,,,,,
BASE,OPERACION_DIARIA-CRITICA-N03,OPERACION_DIARIA,CRITICA,3,14,92,RECOCIDO_SIMULADO,52,1012.3507,3941,10053.49,53.49,0,2,0,true,true,96.153846,92.592593,19002,2918,62.990196,135.393128,,,,,,,,,,,,,,
BASE,OPERACION_DIARIA-CRITICA-N03,OPERACION_DIARIA,CRITICA,3,15,93,RECOCIDO_SIMULADO,52,865.9576,3341,10052.46,52.46,0,2,0,true,true,96.153846,92.592593,20488,3166,62.990196,61.205242,,,,,,,,,,,,,,
BASE,OPERACION_DIARIA-CRITICA-N03,OPERACION_DIARIA,CRITICA,3,15,93,GENETICO,52,6019.6879,9060,10050,50,0,2,0,true,true,96.153846,92.592593,16358,2482,62.990196,,,,,,,,,,,,,,,
BASE,OPERACION_DIARIA-CRITICA-N03,OPERACION_DIARIA,CRITICA,3,16,94,GENETICO,52,5460.7595,9060,10050,50,0,2,0,true,true,96.153846,92.592593,16720,2318,62.990196,,,,,,,,,,,,,,,
BASE,OPERACION_DIARIA-CRITICA-N03,OPERACION_DIARIA,CRITICA,3,16,94,RECOCIDO_SIMULADO,52,827.4509,3061,10053.658333,53.658333,0,2,0,true,true,96.153846,92.592593,18216,2856,62.990196,43.999815,,,,,,,,,,,,,,
BASE,OPERACION_DIARIA-CRITICA-N03,OPERACION_DIARIA,CRITICA,3,17,95,RECOCIDO_SIMULADO,52,1009.5281,3541,10055.383333,55.383333,0,2,0,true,true,96.153846,92.592593,19994,3058,62.990196,79.635916,,,,,,,,,,,,,,
BASE,OPERACION_DIARIA-CRITICA-N03,OPERACION_DIARIA,CRITICA,3,17,95,GENETICO,52,6908.5931,9060,10050,50,0,2,0,true,true,96.153846,92.592593,17300,2516,62.990196,,,,,,,,,,,,,,,
BASE,OPERACION_DIARIA-CRITICA-N04,OPERACION_DIARIA,CRITICA,4,0,96,GENETICO,43,2665.3849,9060,44.691667,44.691667,0,0,0,true,true,100,100,17142,2160,54.901961,,,,,,,,,,,,,,,
BASE,OPERACION_DIARIA-CRITICA-N04,OPERACION_DIARIA,CRITICA,4,0,96,RECOCIDO_SIMULADO,43,549.0117,2981,44.691667,44.691667,0,0,0,true,true,100,100,17142,2160,54.901961,39.544331,,,,,,,,,,,,,,
BASE,OPERACION_DIARIA-CRITICA-N04,OPERACION_DIARIA,CRITICA,4,1,97,RECOCIDO_SIMULADO,43,707.4122,3861,44.691667,44.691667,0,0,0,true,true,100,100,17142,2160,54.901961,122.677089,,,,,,,,,,,,,,
BASE,OPERACION_DIARIA-CRITICA-N04,OPERACION_DIARIA,CRITICA,4,1,97,GENETICO,43,3025.9681,9060,44.691667,44.691667,0,0,0,true,true,100,100,17142,2160,54.901961,,,,,,,,,,,,,,,
BASE,OPERACION_DIARIA-CRITICA-N04,OPERACION_DIARIA,CRITICA,4,2,98,GENETICO,43,2443.0873,9060,44.691667,44.691667,0,0,0,true,true,100,100,17142,2160,54.901961,,,,,,,,,,,,,,,
BASE,OPERACION_DIARIA-CRITICA-N04,OPERACION_DIARIA,CRITICA,4,2,98,RECOCIDO_SIMULADO,43,683.2328,3781,44.691667,44.691667,0,0,0,true,true,100,100,17142,2160,54.901961,110.005465,,,,,,,,,,,,,,
BASE,OPERACION_DIARIA-CRITICA-N04,OPERACION_DIARIA,CRITICA,4,3,99,RECOCIDO_SIMULADO,43,792.6201,4381,44.691667,44.691667,0,0,0,true,true,100,100,17142,2160,54.901961,241.363116,,,,,,,,,,,,,,
BASE,OPERACION_DIARIA-CRITICA-N04,OPERACION_DIARIA,CRITICA,4,3,99,GENETICO,43,2596.7685,9060,44.691667,44.691667,0,0,0,true,true,100,100,17142,2160,54.901961,,,,,,,,,,,,,,,
BASE,OPERACION_DIARIA-CRITICA-N04,OPERACION_DIARIA,CRITICA,4,4,100,GENETICO,43,3481.9447,9060,44.691667,44.691667,0,0,0,true,true,100,100,17142,2160,54.901961,,,,,,,,,,,,,,,
BASE,OPERACION_DIARIA-CRITICA-N04,OPERACION_DIARIA,CRITICA,4,4,100,RECOCIDO_SIMULADO,43,653.8476,3501,44.691667,44.691667,0,0,0,true,true,100,100,17142,2160,54.901961,77.064593,,,,,,,,,,,,,,
BASE,OPERACION_DIARIA-CRITICA-N04,OPERACION_DIARIA,CRITICA,4,5,101,RECOCIDO_SIMULADO,43,703.1573,3621,44.691667,44.691667,0,0,0,true,true,100,100,17142,2160,54.901961,88.652771,,,,,,,,,,,,,,
BASE,OPERACION_DIARIA-CRITICA-N04,OPERACION_DIARIA,CRITICA,4,5,101,GENETICO,43,2895.6786,9060,44.691667,44.691667,0,0,0,true,true,100,100,17142,2160,54.901961,,,,,,,,,,,,,,,
BASE,OPERACION_DIARIA-CRITICA-N04,OPERACION_DIARIA,CRITICA,4,6,102,GENETICO,43,2560.2766,9060,44.691667,44.691667,0,0,0,true,true,100,100,17142,2160,54.901961,,,,,,,,,,,,,,,
BASE,OPERACION_DIARIA-CRITICA-N04,OPERACION_DIARIA,CRITICA,4,6,102,RECOCIDO_SIMULADO,43,891.4913,4901,44.691667,44.691667,0,0,0,true,true,100,100,17142,2160,54.901961,463.809198,,,,,,,,,,,,,,
BASE,OPERACION_DIARIA-CRITICA-N04,OPERACION_DIARIA,CRITICA,4,7,103,RECOCIDO_SIMULADO,43,691.3755,3741,44.691667,44.691667,0,0,0,true,true,100,100,17142,2160,54.901961,101.378304,,,,,,,,,,,,,,
BASE,OPERACION_DIARIA-CRITICA-N04,OPERACION_DIARIA,CRITICA,4,7,103,GENETICO,43,3140.3162,9060,44.691667,44.691667,0,0,0,true,true,100,100,17142,2160,54.901961,,,,,,,,,,,,,,,
BASE,OPERACION_DIARIA-CRITICA-N04,OPERACION_DIARIA,CRITICA,4,8,104,GENETICO,43,3005.086,9060,44.691667,44.691667,0,0,0,true,true,100,100,17142,2160,54.901961,,,,,,,,,,,,,,,
BASE,OPERACION_DIARIA-CRITICA-N04,OPERACION_DIARIA,CRITICA,4,8,104,RECOCIDO_SIMULADO,43,882.1859,4821,44.691667,44.691667,0,0,0,true,true,100,100,17142,2160,54.901961,413.019541,,,,,,,,,,,,,,
BASE,OPERACION_DIARIA-CRITICA-N04,OPERACION_DIARIA,CRITICA,4,9,105,RECOCIDO_SIMULADO,43,712.7599,3941,44.691667,44.691667,0,0,0,true,true,100,100,17142,2160,54.901961,137.510456,,,,,,,,,,,,,,
BASE,OPERACION_DIARIA-CRITICA-N04,OPERACION_DIARIA,CRITICA,4,9,105,GENETICO,43,2707.4052,9060,44.691667,44.691667,0,0,0,true,true,100,100,17142,2160,54.901961,,,,,,,,,,,,,,,
BASE,OPERACION_DIARIA-CRITICA-N04,OPERACION_DIARIA,CRITICA,4,10,106,GENETICO,43,2503.9653,9060,44.691667,44.691667,0,0,0,true,true,100,100,17142,2160,54.901961,,,,,,,,,,,,,,,
BASE,OPERACION_DIARIA-CRITICA-N04,OPERACION_DIARIA,CRITICA,4,10,106,RECOCIDO_SIMULADO,43,653.1305,3501,44.691667,44.691667,0,0,0,true,true,100,100,17142,2160,54.901961,76.077781,,,,,,,,,,,,,,
BASE,OPERACION_DIARIA-CRITICA-N04,OPERACION_DIARIA,CRITICA,4,11,107,RECOCIDO_SIMULADO,43,637.9412,3461,44.691667,44.691667,0,0,0,true,true,100,100,17142,2160,54.901961,72.250175,,,,,,,,,,,,,,
BASE,OPERACION_DIARIA-CRITICA-N04,OPERACION_DIARIA,CRITICA,4,11,107,GENETICO,43,2976.7503,9060,44.691667,44.691667,0,0,0,true,true,100,100,17142,2160,54.901961,,,,,,,,,,,,,,,
BASE,OPERACION_DIARIA-CRITICA-N04,OPERACION_DIARIA,CRITICA,4,12,108,GENETICO,43,2784.5828,9060,44.691667,44.691667,0,0,0,true,true,100,100,17142,2160,54.901961,,,,,,,,,,,,,,,
BASE,OPERACION_DIARIA-CRITICA-N04,OPERACION_DIARIA,CRITICA,4,12,108,RECOCIDO_SIMULADO,43,628.2354,3421,44.691667,44.691667,0,0,0,true,true,100,100,17142,2160,54.901961,67.321015,,,,,,,,,,,,,,
BASE,OPERACION_DIARIA-CRITICA-N04,OPERACION_DIARIA,CRITICA,4,13,109,RECOCIDO_SIMULADO,43,683.7223,3661,44.691667,44.691667,0,0,0,true,true,100,100,17142,2160,54.901961,93.996378,,,,,,,,,,,,,,
BASE,OPERACION_DIARIA-CRITICA-N04,OPERACION_DIARIA,CRITICA,4,13,109,GENETICO,43,2463.0831,9060,44.691667,44.691667,0,0,0,true,true,100,100,17142,2160,54.901961,,,,,,,,,,,,,,,
BASE,OPERACION_DIARIA-CRITICA-N04,OPERACION_DIARIA,CRITICA,4,14,110,GENETICO,43,2415.4077,9060,44.691667,44.691667,0,0,0,true,true,100,100,17142,2160,54.901961,,,,,,,,,,,,,,,
BASE,OPERACION_DIARIA-CRITICA-N04,OPERACION_DIARIA,CRITICA,4,14,110,RECOCIDO_SIMULADO,43,777.5531,4261,44.691667,44.691667,0,0,0,true,true,100,100,17142,2160,54.901961,199.508185,,,,,,,,,,,,,,
BASE,OPERACION_DIARIA-CRITICA-N04,OPERACION_DIARIA,CRITICA,4,15,111,RECOCIDO_SIMULADO,43,747.5936,4141,44.691667,44.691667,0,0,0,true,true,100,100,17142,2160,54.901961,169.931855,,,,,,,,,,,,,,
BASE,OPERACION_DIARIA-CRITICA-N04,OPERACION_DIARIA,CRITICA,4,15,111,GENETICO,43,2693.4984,9060,44.691667,44.691667,0,0,0,true,true,100,100,17142,2160,54.901961,,,,,,,,,,,,,,,
BASE,OPERACION_DIARIA-CRITICA-N04,OPERACION_DIARIA,CRITICA,4,16,112,GENETICO,43,2637.9619,9060,44.691667,44.691667,0,0,0,true,true,100,100,17142,2160,54.901961,,,,,,,,,,,,,,,
BASE,OPERACION_DIARIA-CRITICA-N04,OPERACION_DIARIA,CRITICA,4,16,112,RECOCIDO_SIMULADO,43,689.1533,3421,44.691667,44.691667,0,0,0,true,true,100,100,17142,2160,54.901961,69.887679,,,,,,,,,,,,,,
BASE,OPERACION_DIARIA-CRITICA-N04,OPERACION_DIARIA,CRITICA,4,17,113,RECOCIDO_SIMULADO,43,616.6624,3301,44.691667,44.691667,0,0,0,true,true,100,100,17142,2160,54.901961,59.412614,,,,,,,,,,,,,,
BASE,OPERACION_DIARIA-CRITICA-N04,OPERACION_DIARIA,CRITICA,4,17,113,GENETICO,43,2450.8186,9060,44.691667,44.691667,0,0,0,true,true,100,100,17142,2160,54.901961,,,,,,,,,,,,,,,
BASE,OPERACION_DIARIA-CRITICA-N05,OPERACION_DIARIA,CRITICA,5,0,114,GENETICO,60,5781.8792,9060,5060.156667,60.156667,0,1,0,true,true,98.333333,100,27152,4130,77.696078,,,,,,,,,,,,,,,
BASE,OPERACION_DIARIA-CRITICA-N05,OPERACION_DIARIA,CRITICA,5,0,114,RECOCIDO_SIMULADO,60,1466.9493,4941,5066.628333,66.628333,0,1,0,true,true,98.333333,100,29890,4752,77.696078,492.295659,,,,,,,,,,,,,,
BASE,OPERACION_DIARIA-CRITICA-N05,OPERACION_DIARIA,CRITICA,5,1,115,RECOCIDO_SIMULADO,60,1462.4721,4981,5074.72,73.053333,0.016667,1,0,true,true,96.666667,97.368421,31536,4800,77.696078,496.762823,,,,,,,,,,,,,,
BASE,OPERACION_DIARIA-CRITICA-N05,OPERACION_DIARIA,CRITICA,5,1,115,GENETICO,60,6013.2667,9060,5060.093333,60.093333,0,1,0,true,true,98.333333,100,26442,4256,77.696078,,,,,,,,,,,,,,,
BASE,OPERACION_DIARIA-CRITICA-N05,OPERACION_DIARIA,CRITICA,5,2,116,GENETICO,60,5398.2808,9060,5062.118333,62.118333,0,1,0,true,true,98.333333,100,27818,4394,77.696078,,,,,,,,,,,,,,,
BASE,OPERACION_DIARIA-CRITICA-N05,OPERACION_DIARIA,CRITICA,5,2,116,RECOCIDO_SIMULADO,60,1289.6997,4381,5070.991667,70.991667,0,1,0,true,true,98.333333,100,28956,4432,77.696078,233.117071,,,,,,,,,,,,,,
BASE,OPERACION_DIARIA-CRITICA-N05,OPERACION_DIARIA,CRITICA,5,3,117,RECOCIDO_SIMULADO,60,1307.2043,4501,5072.866667,72.866667,0,1,0,true,true,98.333333,100,29006,4522,77.696078,278.35546,,,,,,,,,,,,,,
BASE,OPERACION_DIARIA-CRITICA-N05,OPERACION_DIARIA,CRITICA,5,3,117,GENETICO,60,6087.4222,9060,5061.823333,61.823333,0,1,0,true,true,98.333333,100,26056,4180,77.696078,,,,,,,,,,,,,,,
BASE,OPERACION_DIARIA-CRITICA-N05,OPERACION_DIARIA,CRITICA,5,4,118,GENETICO,60,4868.929,9060,5059.958333,59.958333,0,1,0,true,true,98.333333,100,25974,3900,77.696078,,,,,,,,,,,,,,,
BASE,OPERACION_DIARIA-CRITICA-N05,OPERACION_DIARIA,CRITICA,5,4,118,RECOCIDO_SIMULADO,60,1486.1833,4941,5079.915,79.915,0,1,0,true,true,98.333333,100,28852,4594,77.696078,482.412955,,,,,,,,,,,,,,
BASE,OPERACION_DIARIA-CRITICA-N05,OPERACION_DIARIA,CRITICA,5,5,119,RECOCIDO_SIMULADO,60,1527.3592,5221,5075.188333,75.188333,0,1,0,true,true,98.333333,100,29156,4590,77.696078,685.398961,,,,,,,,,,,,,,
BASE,OPERACION_DIARIA-CRITICA-N05,OPERACION_DIARIA,CRITICA,5,5,119,GENETICO,60,5816.3717,9060,5060.023333,60.023333,0,1,0,true,true,98.333333,100,28404,4330,77.696078,,,,,,,,,,,,,,,
BASE,OPERACION_DIARIA-CRITICA-N05,OPERACION_DIARIA,CRITICA,5,6,120,GENETICO,60,7548.9738,9060,5060.023333,60.023333,0,1,0,true,true,98.333333,100,28520,4560,77.696078,,,,,,,,,,,,,,,
BASE,OPERACION_DIARIA-CRITICA-N05,OPERACION_DIARIA,CRITICA,5,6,120,RECOCIDO_SIMULADO,60,1376.7305,4101,5078.228333,78.228333,0,1,0,true,true,98.333333,100,28324,4454,77.696078,163.111455,,,,,,,,,,,,,,
BASE,OPERACION_DIARIA-CRITICA-N05,OPERACION_DIARIA,CRITICA,5,7,121,RECOCIDO_SIMULADO,60,1584.761,4901,5077.483333,77.483333,0,1,0,true,true,98.333333,100,30350,4850,77.696078,456.531903,,,,,,,,,,,,,,
BASE,OPERACION_DIARIA-CRITICA-N05,OPERACION_DIARIA,CRITICA,5,7,121,GENETICO,60,6202.0746,9060,5060.093333,60.093333,0,1,0,true,true,98.333333,100,27162,4416,77.696078,,,,,,,,,,,,,,,
BASE,OPERACION_DIARIA-CRITICA-N05,OPERACION_DIARIA,CRITICA,5,8,122,GENETICO,60,5764.29,9060,5060.245,60.245,0,1,0,true,true,98.333333,100,25428,4114,77.696078,,,,,,,,,,,,,,,
BASE,OPERACION_DIARIA-CRITICA-N05,OPERACION_DIARIA,CRITICA,5,8,122,RECOCIDO_SIMULADO,60,1466.0638,5021,5069.791667,69.791667,0,1,0,true,true,98.333333,100,29506,4618,77.696078,548.327105,,,,,,,,,,,,,,
BASE,OPERACION_DIARIA-CRITICA-N05,OPERACION_DIARIA,CRITICA,5,9,123,RECOCIDO_SIMULADO,60,1342.0581,4501,5077.1,77.1,0,1,0,true,true,98.333333,100,29390,4730,77.696078,280.959285,,,,,,,,,,,,,,
BASE,OPERACION_DIARIA-CRITICA-N05,OPERACION_DIARIA,CRITICA,5,9,123,GENETICO,60,6490.8413,9060,5060.023333,60.023333,0,1,0,true,true,98.333333,100,27400,4476,77.696078,,,,,,,,,,,,,,,
BASE,OPERACION_DIARIA-CRITICA-N05,OPERACION_DIARIA,CRITICA,5,10,124,GENETICO,60,5952.5719,9060,5060.023333,60.023333,0,1,0,true,true,98.333333,100,26718,4310,77.696078,,,,,,,,,,,,,,,
BASE,OPERACION_DIARIA-CRITICA-N05,OPERACION_DIARIA,CRITICA,5,10,124,RECOCIDO_SIMULADO,60,1329.8509,4541,5069.526667,69.526667,0,1,0,true,true,98.333333,100,29900,4720,77.696078,282.236997,,,,,,,,,,,,,,
BASE,OPERACION_DIARIA-CRITICA-N05,OPERACION_DIARIA,CRITICA,5,11,125,RECOCIDO_SIMULADO,60,1418.9549,4581,5078.203333,76.536667,0.016667,1,0,true,true,96.666667,97.368421,28464,4486,77.696078,308.748934,,,,,,,,,,,,,,
BASE,OPERACION_DIARIA-CRITICA-N05,OPERACION_DIARIA,CRITICA,5,11,125,GENETICO,60,6066.4408,9060,5060.023333,60.023333,0,1,0,true,true,98.333333,100,26418,3840,77.696078,,,,,,,,,,,,,,,
BASE,OPERACION_DIARIA-CRITICA-N05,OPERACION_DIARIA,CRITICA,5,12,126,GENETICO,60,7069.2009,9060,5059.958333,59.958333,0,1,0,true,true,98.333333,100,27448,4266,77.696078,,,,,,,,,,,,,,,
BASE,OPERACION_DIARIA-CRITICA-N05,OPERACION_DIARIA,CRITICA,5,12,126,RECOCIDO_SIMULADO,60,1283.2483,4141,5070.2,70.2,0,1,0,true,true,98.333333,100,28650,4648,77.696078,169.109128,,,,,,,,,,,,,,
BASE,OPERACION_DIARIA-CRITICA-N05,OPERACION_DIARIA,CRITICA,5,13,127,RECOCIDO_SIMULADO,60,1320.9597,4381,5080.43,78.763333,0.016667,1,0,true,true,96.666667,97.368421,29404,4688,77.696078,230.41564,,,,,,,,,,,,,,
BASE,OPERACION_DIARIA-CRITICA-N05,OPERACION_DIARIA,CRITICA,5,13,127,GENETICO,60,6684.9323,9060,5060.023333,60.023333,0,1,0,true,true,98.333333,100,27240,4368,77.696078,,,,,,,,,,,,,,,
BASE,OPERACION_DIARIA-CRITICA-N05,OPERACION_DIARIA,CRITICA,5,14,128,GENETICO,60,6171.891,9060,5060.093333,60.093333,0,1,0,true,true,98.333333,100,28074,4324,77.696078,,,,,,,,,,,,,,,
BASE,OPERACION_DIARIA-CRITICA-N05,OPERACION_DIARIA,CRITICA,5,14,128,RECOCIDO_SIMULADO,60,1204.1398,4101,5075.678333,75.678333,0,1,0,true,true,98.333333,100,29600,4736,77.696078,168.854778,,,,,,,,,,,,,,
BASE,OPERACION_DIARIA-CRITICA-N05,OPERACION_DIARIA,CRITICA,5,15,129,RECOCIDO_SIMULADO,60,1348.4436,4661,5076.041667,76.041667,0,1,0,true,true,98.333333,100,30726,4894,77.696078,334.013748,,,,,,,,,,,,,,
BASE,OPERACION_DIARIA-CRITICA-N05,OPERACION_DIARIA,CRITICA,5,15,129,GENETICO,60,6631.3563,9060,5060.023333,60.023333,0,1,0,true,true,98.333333,100,29624,4652,77.696078,,,,,,,,,,,,,,,
BASE,OPERACION_DIARIA-CRITICA-N05,OPERACION_DIARIA,CRITICA,5,16,130,GENETICO,60,5667.4531,9060,5059.958333,59.958333,0,1,0,true,true,98.333333,100,27614,4218,77.696078,,,,,,,,,,,,,,,
BASE,OPERACION_DIARIA-CRITICA-N05,OPERACION_DIARIA,CRITICA,5,16,130,RECOCIDO_SIMULADO,60,1341.3959,4461,5078.8,78.8,0,1,0,true,true,98.333333,100,29850,4664,77.696078,256.678207,,,,,,,,,,,,,,
BASE,OPERACION_DIARIA-CRITICA-N05,OPERACION_DIARIA,CRITICA,5,17,131,RECOCIDO_SIMULADO,60,1298.3099,4381,5076.616667,76.616667,0,1,0,true,true,98.333333,100,30474,4718,77.696078,240.190532,,,,,,,,,,,,,,
BASE,OPERACION_DIARIA-CRITICA-N05,OPERACION_DIARIA,CRITICA,5,17,131,GENETICO,60,6113.9147,9060,5060.023333,60.023333,0,1,0,true,true,98.333333,100,28982,4552,77.696078,,,,,,,,,,,,,,,
BASE,SIMULACION_CINCO_DIAS-NORMAL-N01,SIMULACION_CINCO_DIAS,NORMAL,1,0,42,GENETICO,196,25437.1012,45300,20193.85,193.85,0,4,0,true,true,97.959184,97.202797,72134,9546,52.116935,,,,,,,,,,,,,,,
BASE,SIMULACION_CINCO_DIAS-NORMAL-N01,SIMULACION_CINCO_DIAS,NORMAL,1,0,42,RECOCIDO_SIMULADO,196,4897.0555,21865,20212.778333,212.778333,0,4,0,true,true,97.959184,97.202797,73690,10252,52.116935,244.406913,,,,,,,,,,,,,,
BASE,SIMULACION_CINCO_DIAS-NORMAL-N01,SIMULACION_CINCO_DIAS,NORMAL,1,1,43,RECOCIDO_SIMULADO,196,4728.1098,21665,20202.048333,202.048333,0,4,0,true,true,97.959184,97.202797,75702,10820,52.116935,227.013285,,,,,,,,,,,,,,
BASE,SIMULACION_CINCO_DIAS-NORMAL-N01,SIMULACION_CINCO_DIAS,NORMAL,1,1,43,GENETICO,196,22672.1142,45300,20193.85,193.85,0,4,0,true,true,97.959184,97.202797,69304,9252,52.116935,,,,,,,,,,,,,,,
BASE,SIMULACION_CINCO_DIAS-NORMAL-N01,SIMULACION_CINCO_DIAS,NORMAL,1,2,44,GENETICO,196,25091.519,45300,20194.09,194.09,0,4,0,true,true,97.959184,97.202797,73786,9948,52.116935,,,,,,,,,,,,,,,
BASE,SIMULACION_CINCO_DIAS-NORMAL-N01,SIMULACION_CINCO_DIAS,NORMAL,1,2,44,RECOCIDO_SIMULADO,196,4979.349,22585,20199.69,199.69,0,4,0,true,true,97.959184,97.202797,76442,10296,52.116935,309.320299,,,,,,,,,,,,,,
BASE,SIMULACION_CINCO_DIAS-NORMAL-N01,SIMULACION_CINCO_DIAS,NORMAL,1,3,45,RECOCIDO_SIMULADO,196,4355.4483,19785,20198.853333,198.853333,0,4,0,true,true,97.959184,97.202797,75446,10268,52.116935,189.684511,,,,,,,,,,,,,,
BASE,SIMULACION_CINCO_DIAS-NORMAL-N01,SIMULACION_CINCO_DIAS,NORMAL,1,3,45,GENETICO,196,24449.0122,45300,20193.85,193.85,0,4,0,true,true,97.959184,97.202797,71442,9544,52.116935,,,,,,,,,,,,,,,
BASE,SIMULACION_CINCO_DIAS-NORMAL-N01,SIMULACION_CINCO_DIAS,NORMAL,1,4,46,GENETICO,196,25499.6883,45300,20194.09,194.09,0,4,0,true,true,97.959184,97.202797,72242,9580,52.116935,,,,,,,,,,,,,,,
BASE,SIMULACION_CINCO_DIAS-NORMAL-N01,SIMULACION_CINCO_DIAS,NORMAL,1,4,46,RECOCIDO_SIMULADO,196,4618.4964,20985,20204.628333,204.628333,0,4,0,true,true,97.959184,97.202797,74544,10570,52.116935,249.201171,,,,,,,,,,,,,,
BASE,SIMULACION_CINCO_DIAS-NORMAL-N01,SIMULACION_CINCO_DIAS,NORMAL,1,5,47,RECOCIDO_SIMULADO,196,4922.2938,22945,20206.921667,206.921667,0,4,0,true,true,97.959184,97.202797,72624,10156,52.116935,374.540042,,,,,,,,,,,,,,
BASE,SIMULACION_CINCO_DIAS-NORMAL-N01,SIMULACION_CINCO_DIAS,NORMAL,1,5,47,GENETICO,196,23794.0714,45300,20194.61,194.61,0,4,0,true,true,97.959184,97.202797,70744,9426,52.116935,,,,,,,,,,,,,,,
BASE,SIMULACION_CINCO_DIAS-NORMAL-N01,SIMULACION_CINCO_DIAS,NORMAL,1,6,48,GENETICO,196,24018.8875,45300,20194.09,194.09,0,4,0,true,true,97.959184,97.202797,69696,9544,52.116935,,,,,,,,,,,,,,,
BASE,SIMULACION_CINCO_DIAS-NORMAL-N01,SIMULACION_CINCO_DIAS,NORMAL,1,6,48,RECOCIDO_SIMULADO,196,5013.8252,22705,20201.84,201.84,0,4,0,true,true,97.959184,97.202797,74210,10658,52.116935,317.672474,,,,,,,,,,,,,,
BASE,SIMULACION_CINCO_DIAS-NORMAL-N01,SIMULACION_CINCO_DIAS,NORMAL,1,7,49,RECOCIDO_SIMULADO,196,4865.0281,21985,20202.4,202.4,0,4,0,true,true,97.959184,97.202797,76116,10548,52.116935,277.009761,,,,,,,,,,,,,,
BASE,SIMULACION_CINCO_DIAS-NORMAL-N01,SIMULACION_CINCO_DIAS,NORMAL,1,7,49,GENETICO,196,25313.9441,45300,20194.09,194.09,0,4,0,true,true,97.959184,97.202797,71178,9678,52.116935,,,,,,,,,,,,,,,
BASE,SIMULACION_CINCO_DIAS-NORMAL-N01,SIMULACION_CINCO_DIAS,NORMAL,1,8,50,GENETICO,196,24279.051,45300,20193.85,193.85,0,4,0,true,true,97.959184,97.202797,70376,9428,52.116935,,,,,,,,,,,,,,,
BASE,SIMULACION_CINCO_DIAS-NORMAL-N01,SIMULACION_CINCO_DIAS,NORMAL,1,8,50,RECOCIDO_SIMULADO,196,4799.1448,22065,20204.206667,204.206667,0,4,0,true,true,97.959184,97.202797,76484,10800,52.116935,276.587564,,,,,,,,,,,,,,
BASE,SIMULACION_CINCO_DIAS-NORMAL-N01,SIMULACION_CINCO_DIAS,NORMAL,1,9,51,RECOCIDO_SIMULADO,196,5355.5471,22785,20202.745,202.745,0,4,0,true,true,97.959184,97.202797,74786,10256,52.116935,323.721437,,,,,,,,,,,,,,
BASE,SIMULACION_CINCO_DIAS-NORMAL-N01,SIMULACION_CINCO_DIAS,NORMAL,1,9,51,GENETICO,196,22847.8431,45300,20194.09,194.09,0,4,0,true,true,97.959184,97.202797,73122,9610,52.116935,,,,,,,,,,,,,,,
BASE,SIMULACION_CINCO_DIAS-NORMAL-N01,SIMULACION_CINCO_DIAS,NORMAL,1,10,52,GENETICO,196,23307.9342,45300,20194.09,194.09,0,4,0,true,true,97.959184,97.202797,69218,9152,52.116935,,,,,,,,,,,,,,,
BASE,SIMULACION_CINCO_DIAS-NORMAL-N01,SIMULACION_CINCO_DIAS,NORMAL,1,10,52,RECOCIDO_SIMULADO,196,4854.5047,22185,20203.513333,203.513333,0,4,0,true,true,97.959184,97.202797,76802,10822,52.116935,275.695866,,,,,,,,,,,,,,
BASE,SIMULACION_CINCO_DIAS-NORMAL-N01,SIMULACION_CINCO_DIAS,NORMAL,1,11,53,RECOCIDO_SIMULADO,196,4740.0211,21465,20206.093333,206.093333,0,4,0,true,true,97.959184,97.202797,74914,10674,52.116935,255.630212,,,,,,,,,,,,,,
BASE,SIMULACION_CINCO_DIAS-NORMAL-N01,SIMULACION_CINCO_DIAS,NORMAL,1,11,53,GENETICO,196,25505.4456,45300,20194.09,194.09,0,4,0,true,true,97.959184,97.202797,70236,9420,52.116935,,,,,,,,,,,,,,,
BASE,SIMULACION_CINCO_DIAS-NORMAL-N01,SIMULACION_CINCO_DIAS,NORMAL,1,12,54,GENETICO,196,25723.2336,45300,20194.21,194.21,0,4,0,true,true,97.959184,97.202797,71932,9412,52.116935,,,,,,,,,,,,,,,
BASE,SIMULACION_CINCO_DIAS-NORMAL-N01,SIMULACION_CINCO_DIAS,NORMAL,1,12,54,RECOCIDO_SIMULADO,196,4743.3905,21865,20200.236667,200.236667,0,4,0,true,true,97.959184,97.202797,75718,10786,52.116935,254.608656,,,,,,,,,,,,,,
BASE,SIMULACION_CINCO_DIAS-NORMAL-N01,SIMULACION_CINCO_DIAS,NORMAL,1,13,55,RECOCIDO_SIMULADO,196,5365.4366,23145,20205.355,205.355,0,4,0,true,true,97.959184,97.202797,74994,10540,52.116935,375.659032,,,,,,,,,,,,,,
BASE,SIMULACION_CINCO_DIAS-NORMAL-N01,SIMULACION_CINCO_DIAS,NORMAL,1,13,55,GENETICO,196,23194.5476,45300,20193.85,193.85,0,4,0,true,true,97.959184,97.202797,71830,9492,52.116935,,,,,,,,,,,,,,,
BASE,SIMULACION_CINCO_DIAS-NORMAL-N01,SIMULACION_CINCO_DIAS,NORMAL,1,14,56,GENETICO,196,24697.4697,45300,20194.09,194.09,0,4,0,true,true,97.959184,97.202797,70124,9716,52.116935,,,,,,,,,,,,,,,
BASE,SIMULACION_CINCO_DIAS-NORMAL-N01,SIMULACION_CINCO_DIAS,NORMAL,1,14,56,RECOCIDO_SIMULADO,196,4497.0247,20505,20204.175,204.175,0,4,0,true,true,97.959184,97.202797,74884,10726,52.116935,211.114328,,,,,,,,,,,,,,
BASE,SIMULACION_CINCO_DIAS-NORMAL-N01,SIMULACION_CINCO_DIAS,NORMAL,1,15,57,RECOCIDO_SIMULADO,196,4867.0854,22105,20201.15,201.15,0,4,0,true,true,97.959184,97.202797,75548,10656,52.116935,252.43579,,,,,,,,,,,,,,
BASE,SIMULACION_CINCO_DIAS-NORMAL-N01,SIMULACION_CINCO_DIAS,NORMAL,1,15,57,GENETICO,196,26016.7173,45300,20193.85,193.85,0,4,0,true,true,97.959184,97.202797,69834,9760,52.116935,,,,,,,,,,,,,,,
BASE,SIMULACION_CINCO_DIAS-NORMAL-N01,SIMULACION_CINCO_DIAS,NORMAL,1,16,58,GENETICO,196,24941.5299,45300,20193.85,193.85,0,4,0,true,true,97.959184,97.202797,71172,9446,52.116935,,,,,,,,,,,,,,,
BASE,SIMULACION_CINCO_DIAS-NORMAL-N01,SIMULACION_CINCO_DIAS,NORMAL,1,16,58,RECOCIDO_SIMULADO,196,5073.0823,22385,20203.815,203.815,0,4,0,true,true,97.959184,97.202797,75222,10672,52.116935,333.594807,,,,,,,,,,,,,,
BASE,SIMULACION_CINCO_DIAS-NORMAL-N01,SIMULACION_CINCO_DIAS,NORMAL,1,17,59,RECOCIDO_SIMULADO,196,4821.3767,21705,20204.735,204.735,0,4,0,true,true,97.959184,97.202797,76410,10808,52.116935,235.690761,,,,,,,,,,,,,,
BASE,SIMULACION_CINCO_DIAS-NORMAL-N01,SIMULACION_CINCO_DIAS,NORMAL,1,17,59,GENETICO,196,25455.7474,45300,20194.09,194.09,0,4,0,true,true,97.959184,97.202797,74066,9788,52.116935,,,,,,,,,,,,,,,
BASE,SIMULACION_CINCO_DIAS-NORMAL-N02,SIMULACION_CINCO_DIAS,NORMAL,2,0,60,GENETICO,151,24416.7806,45300,40144.076667,144.076667,0,8,0,true,true,94.701987,94.318182,57078,7364,37.701613,,,,,,,,,,,,,,,
BASE,SIMULACION_CINCO_DIAS-NORMAL-N02,SIMULACION_CINCO_DIAS,NORMAL,2,0,60,RECOCIDO_SIMULADO,151,4557.4461,20585,40145.566667,145.566667,0,8,0,true,true,94.701987,94.318182,60148,8234,37.701613,192.132169,,,,,,,,,,,,,,
BASE,SIMULACION_CINCO_DIAS-NORMAL-N02,SIMULACION_CINCO_DIAS,NORMAL,2,1,61,RECOCIDO_SIMULADO,151,4465.814,19385,40146.366667,146.366667,0,8,0,true,true,94.701987,94.318182,57184,7424,37.701613,160.933296,,,,,,,,,,,,,,
BASE,SIMULACION_CINCO_DIAS-NORMAL-N02,SIMULACION_CINCO_DIAS,NORMAL,2,1,61,GENETICO,151,25051.9497,45300,40144.076667,144.076667,0,8,0,true,true,94.701987,94.318182,58110,7498,37.701613,,,,,,,,,,,,,,,
BASE,SIMULACION_CINCO_DIAS-NORMAL-N02,SIMULACION_CINCO_DIAS,NORMAL,2,2,62,GENETICO,151,24970.6805,45300,40144.121667,144.121667,0,8,0,true,true,94.701987,94.318182,56622,7408,37.701613,,,,,,,,,,,,,,,
BASE,SIMULACION_CINCO_DIAS-NORMAL-N02,SIMULACION_CINCO_DIAS,NORMAL,2,2,62,RECOCIDO_SIMULADO,151,4466.0263,19705,40146.366667,146.366667,0,8,0,true,true,94.701987,94.318182,58364,7552,37.701613,165.748725,,,,,,,,,,,,,,
BASE,SIMULACION_CINCO_DIAS-NORMAL-N02,SIMULACION_CINCO_DIAS,NORMAL,2,3,63,RECOCIDO_SIMULADO,151,4478.6667,19065,40146.366667,146.366667,0,8,0,true,true,94.701987,94.318182,56922,7408,37.701613,133.527191,,,,,,,,,,,,,,
BASE,SIMULACION_CINCO_DIAS-NORMAL-N02,SIMULACION_CINCO_DIAS,NORMAL,2,3,63,GENETICO,151,23276.118,45300,40144.076667,144.076667,0,8,0,true,true,94.701987,94.318182,56654,7196,37.701613,,,,,,,,,,,,,,,
BASE,SIMULACION_CINCO_DIAS-NORMAL-N02,SIMULACION_CINCO_DIAS,NORMAL,2,4,64,GENETICO,151,25921.7928,45300,40144.076667,144.076667,0,8,0,true,true,94.701987,94.318182,56920,7386,37.701613,,,,,,,,,,,,,,,
BASE,SIMULACION_CINCO_DIAS-NORMAL-N02,SIMULACION_CINCO_DIAS,NORMAL,2,4,64,RECOCIDO_SIMULADO,151,4057.0687,18305,40145.858333,145.858333,0,8,0,true,true,94.701987,94.318182,60300,8136,37.701613,109.718862,,,,,,,,,,,,,,
BASE,SIMULACION_CINCO_DIAS-NORMAL-N02,SIMULACION_CINCO_DIAS,NORMAL,2,5,65,RECOCIDO_SIMULADO,151,4020.1917,18105,40146.185,146.185,0,8,0,true,true,94.701987,94.318182,58524,7576,37.701613,106.107763,,,,,,,,,,,,,,
BASE,SIMULACION_CINCO_DIAS-NORMAL-N02,SIMULACION_CINCO_DIAS,NORMAL,2,5,65,GENETICO,151,22353.689,45300,40144.121667,144.121667,0,8,0,true,true,94.701987,94.318182,57596,7324,37.701613,,,,,,,,,,,,,,,
BASE,SIMULACION_CINCO_DIAS-NORMAL-N02,SIMULACION_CINCO_DIAS,NORMAL,2,6,66,GENETICO,151,23791.5052,45300,40144.076667,144.076667,0,8,0,true,true,94.701987,94.318182,56200,7328,37.701613,,,,,,,,,,,,,,,
BASE,SIMULACION_CINCO_DIAS-NORMAL-N02,SIMULACION_CINCO_DIAS,NORMAL,2,6,66,RECOCIDO_SIMULADO,151,4092.0519,19185,40146.26,146.26,0,8,0,true,true,94.701987,94.318182,58044,7548,37.701613,149.806489,,,,,,,,,,,,,,
BASE,SIMULACION_CINCO_DIAS-NORMAL-N02,SIMULACION_CINCO_DIAS,NORMAL,2,7,67,RECOCIDO_SIMULADO,151,4152.1089,18905,40146.366667,146.366667,0,8,0,true,true,94.701987,94.318182,58404,7594,37.701613,134.870482,,,,,,,,,,,,,,
BASE,SIMULACION_CINCO_DIAS-NORMAL-N02,SIMULACION_CINCO_DIAS,NORMAL,2,7,67,GENETICO,151,23554.2229,45300,40144.076667,144.076667,0,8,0,true,true,94.701987,94.318182,56702,7340,37.701613,,,,,,,,,,,,,,,
BASE,SIMULACION_CINCO_DIAS-NORMAL-N02,SIMULACION_CINCO_DIAS,NORMAL,2,8,68,GENETICO,151,23670.561,45300,40144.076667,144.076667,0,8,0,true,true,94.701987,94.318182,55782,7128,37.701613,,,,,,,,,,,,,,,
BASE,SIMULACION_CINCO_DIAS-NORMAL-N02,SIMULACION_CINCO_DIAS,NORMAL,2,8,68,RECOCIDO_SIMULADO,151,4155.2394,19305,40146.191667,146.191667,0,8,0,true,true,94.701987,94.318182,58160,7578,37.701613,160.938589,,,,,,,,,,,,,,
BASE,SIMULACION_CINCO_DIAS-NORMAL-N02,SIMULACION_CINCO_DIAS,NORMAL,2,9,69,RECOCIDO_SIMULADO,151,3952.2668,18505,40145.908333,145.908333,0,8,0,true,true,94.701987,94.318182,60790,8202,37.701613,119.54206,,,,,,,,,,,,,,
BASE,SIMULACION_CINCO_DIAS-NORMAL-N02,SIMULACION_CINCO_DIAS,NORMAL,2,9,69,GENETICO,151,22951.7639,45300,40144.076667,144.076667,0,8,0,true,true,94.701987,94.318182,55404,7166,37.701613,,,,,,,,,,,,,,,
BASE,SIMULACION_CINCO_DIAS-NORMAL-N02,SIMULACION_CINCO_DIAS,NORMAL,2,10,70,GENETICO,151,22587.3697,45300,40143.791667,143.791667,0,8,0,true,true,94.701987,94.318182,58776,7404,37.701613,,,,,,,,,,,,,,,
BASE,SIMULACION_CINCO_DIAS-NORMAL-N02,SIMULACION_CINCO_DIAS,NORMAL,2,10,70,RECOCIDO_SIMULADO,151,3947.2987,18305,40146.366667,146.366667,0,8,0,true,true,94.701987,94.318182,58450,7534,37.701613,141.447423,,,,,,,,,,,,,,
BASE,SIMULACION_CINCO_DIAS-NORMAL-N02,SIMULACION_CINCO_DIAS,NORMAL,2,11,71,RECOCIDO_SIMULADO,151,3887.3061,17985,40145.74,145.74,0,8,0,true,true,94.701987,94.318182,58308,7688,37.701613,116.685178,,,,,,,,,,,,,,
BASE,SIMULACION_CINCO_DIAS-NORMAL-N02,SIMULACION_CINCO_DIAS,NORMAL,2,11,71,GENETICO,151,23413.3311,45300,40144.076667,144.076667,0,8,0,true,true,94.701987,94.318182,57176,7220,37.701613,,,,,,,,,,,,,,,
BASE,SIMULACION_CINCO_DIAS-NORMAL-N02,SIMULACION_CINCO_DIAS,NORMAL,2,12,72,GENETICO,151,24462.1912,45300,40144.076667,144.076667,0,8,0,true,true,94.701987,94.318182,57124,7342,37.701613,,,,,,,,,,,,,,,
BASE,SIMULACION_CINCO_DIAS-NORMAL-N02,SIMULACION_CINCO_DIAS,NORMAL,2,12,72,RECOCIDO_SIMULADO,151,3821.2117,17345,40145.691667,145.691667,0,8,0,true,true,94.701987,94.318182,57264,7802,37.701613,93.570555,,,,,,,,,,,,,,
BASE,SIMULACION_CINCO_DIAS-NORMAL-N02,SIMULACION_CINCO_DIAS,NORMAL,2,13,73,RECOCIDO_SIMULADO,151,3661.5536,17065,40145.576667,145.576667,0,8,0,true,true,94.701987,94.318182,58612,7830,37.701613,72.609179,,,,,,,,,,,,,,
BASE,SIMULACION_CINCO_DIAS-NORMAL-N02,SIMULACION_CINCO_DIAS,NORMAL,2,13,73,GENETICO,151,22811.1277,45300,40144.076667,144.076667,0,8,0,true,true,94.701987,94.318182,60018,7820,37.701613,,,,,,,,,,,,,,,
BASE,SIMULACION_CINCO_DIAS-NORMAL-N02,SIMULACION_CINCO_DIAS,NORMAL,2,14,74,GENETICO,151,23348.6749,45300,40144.076667,144.076667,0,8,0,true,true,94.701987,94.318182,56468,7330,37.701613,,,,,,,,,,,,,,,
BASE,SIMULACION_CINCO_DIAS-NORMAL-N02,SIMULACION_CINCO_DIAS,NORMAL,2,14,74,RECOCIDO_SIMULADO,151,3815.3748,17545,40145.983333,145.983333,0,8,0,true,true,94.701987,94.318182,57978,7794,37.701613,88.973987,,,,,,,,,,,,,,
BASE,SIMULACION_CINCO_DIAS-NORMAL-N02,SIMULACION_CINCO_DIAS,NORMAL,2,15,75,RECOCIDO_SIMULADO,151,3980.3479,18505,40146.191667,146.191667,0,8,0,true,true,94.701987,94.318182,58614,7606,37.701613,106.287625,,,,,,,,,,,,,,
BASE,SIMULACION_CINCO_DIAS-NORMAL-N02,SIMULACION_CINCO_DIAS,NORMAL,2,15,75,GENETICO,151,23961.8425,45300,40144.076667,144.076667,0,8,0,true,true,94.701987,94.318182,57288,7380,37.701613,,,,,,,,,,,,,,,
BASE,SIMULACION_CINCO_DIAS-NORMAL-N02,SIMULACION_CINCO_DIAS,NORMAL,2,16,76,GENETICO,151,24214.502,45300,40144.076667,144.076667,0,8,0,true,true,94.701987,94.318182,58228,7608,37.701613,,,,,,,,,,,,,,,
BASE,SIMULACION_CINCO_DIAS-NORMAL-N02,SIMULACION_CINCO_DIAS,NORMAL,2,16,76,RECOCIDO_SIMULADO,151,4479.3666,20265,40146.366667,146.366667,0,8,0,true,true,94.701987,94.318182,58804,7578,37.701613,198.380393,,,,,,,,,,,,,,
BASE,SIMULACION_CINCO_DIAS-NORMAL-N02,SIMULACION_CINCO_DIAS,NORMAL,2,17,77,RECOCIDO_SIMULADO,151,4579.1698,20985,40146.383333,146.383333,0,8,0,true,true,94.701987,94.318182,57464,7206,37.701613,223.858919,,,,,,,,,,,,,,
BASE,SIMULACION_CINCO_DIAS-NORMAL-N02,SIMULACION_CINCO_DIAS,NORMAL,2,17,77,GENETICO,151,23862.6318,45300,40144.121667,144.121667,0,8,0,true,true,94.701987,94.318182,58206,7428,37.701613,,,,,,,,,,,,,,,
BASE,SIMULACION_CINCO_DIAS-NORMAL-N03,SIMULACION_CINCO_DIAS,NORMAL,3,0,78,GENETICO,172,22768.969,45300,20169.933333,169.933333,0,4,0,true,true,97.674419,96.842105,64194,8344,43.044355,,,,,,,,,,,,,,,
BASE,SIMULACION_CINCO_DIAS-NORMAL-N03,SIMULACION_CINCO_DIAS,NORMAL,3,0,78,RECOCIDO_SIMULADO,172,3898.6188,20145,20172.683333,172.683333,0,4,0,true,true,97.674419,96.842105,65640,8320,43.044355,244.809276,,,,,,,,,,,,,,
BASE,SIMULACION_CINCO_DIAS-NORMAL-N03,SIMULACION_CINCO_DIAS,NORMAL,3,1,79,RECOCIDO_SIMULADO,172,3737.4526,18505,20172.823333,172.823333,0,4,0,true,true,97.674419,96.842105,67328,9238,43.044355,158.106724,,,,,,,,,,,,,,
BASE,SIMULACION_CINCO_DIAS-NORMAL-N03,SIMULACION_CINCO_DIAS,NORMAL,3,1,79,GENETICO,172,21981.2088,45300,20169.936667,169.936667,0,4,0,true,true,97.674419,96.842105,67040,8678,43.044355,,,,,,,,,,,,,,,
BASE,SIMULACION_CINCO_DIAS-NORMAL-N03,SIMULACION_CINCO_DIAS,NORMAL,3,2,80,GENETICO,172,22597.6688,45300,20169.958333,169.958333,0,4,0,true,true,97.674419,96.842105,66268,8446,43.044355,,,,,,,,,,,,,,,
BASE,SIMULACION_CINCO_DIAS-NORMAL-N03,SIMULACION_CINCO_DIAS,NORMAL,3,2,80,RECOCIDO_SIMULADO,172,3651.7119,18705,20170.866667,170.866667,0,4,0,true,true,97.674419,96.842105,65298,8500,43.044355,148.766518,,,,,,,,,,,,,,
BASE,SIMULACION_CINCO_DIAS-NORMAL-N03,SIMULACION_CINCO_DIAS,NORMAL,3,3,81,RECOCIDO_SIMULADO,172,3429.5231,17465,20172.19,172.19,0,4,0,true,true,97.674419,96.842105,66250,8644,43.044355,123.663844,,,,,,,,,,,,,,
BASE,SIMULACION_CINCO_DIAS-NORMAL-N03,SIMULACION_CINCO_DIAS,NORMAL,3,3,81,GENETICO,172,21198.316,45300,20169.961667,169.961667,0,4,0,true,true,97.674419,96.842105,64988,8326,43.044355,,,,,,,,,,,,,,,
BASE,SIMULACION_CINCO_DIAS-NORMAL-N03,SIMULACION_CINCO_DIAS,NORMAL,3,4,82,GENETICO,172,22097.1857,45300,20169.961667,169.961667,0,4,0,true,true,97.674419,96.842105,66250,8606,43.044355,,,,,,,,,,,,,,,
BASE,SIMULACION_CINCO_DIAS-NORMAL-N03,SIMULACION_CINCO_DIAS,NORMAL,3,4,82,RECOCIDO_SIMULADO,172,3743.1607,18345,20173.395,173.395,0,4,0,true,true,97.674419,96.842105,67874,9020,43.044355,118.058221,,,,,,,,,,,,,,
BASE,SIMULACION_CINCO_DIAS-NORMAL-N03,SIMULACION_CINCO_DIAS,NORMAL,3,5,83,RECOCIDO_SIMULADO,172,3590.2374,18505,20172.478333,172.478333,0,4,0,true,true,97.674419,96.842105,66956,9000,43.044355,123.260741,,,,,,,,,,,,,,
BASE,SIMULACION_CINCO_DIAS-NORMAL-N03,SIMULACION_CINCO_DIAS,NORMAL,3,5,83,GENETICO,172,22597.2787,45300,20169.961667,169.961667,0,4,0,true,true,97.674419,96.842105,63912,8350,43.044355,,,,,,,,,,,,,,,
BASE,SIMULACION_CINCO_DIAS-NORMAL-N03,SIMULACION_CINCO_DIAS,NORMAL,3,6,84,GENETICO,172,22825.4504,45300,20169.958333,169.958333,0,4,0,true,true,97.674419,96.842105,66890,8660,43.044355,,,,,,,,,,,,,,,
BASE,SIMULACION_CINCO_DIAS-NORMAL-N03,SIMULACION_CINCO_DIAS,NORMAL,3,6,84,RECOCIDO_SIMULADO,172,3531.7388,18185,20171.65,171.65,0,4,0,true,true,97.674419,96.842105,66696,8654,43.044355,136.530972,,,,,,,,,,,,,,
BASE,SIMULACION_CINCO_DIAS-NORMAL-N03,SIMULACION_CINCO_DIAS,NORMAL,3,7,85,RECOCIDO_SIMULADO,172,3550.5503,17665,20171.65,171.65,0,4,0,true,true,97.674419,96.842105,66700,8606,43.044355,103.660206,,,,,,,,,,,,,,
BASE,SIMULACION_CINCO_DIAS-NORMAL-N03,SIMULACION_CINCO_DIAS,NORMAL,3,7,85,GENETICO,172,22456.2739,45300,20169.958333,169.958333,0,4,0,true,true,97.674419,96.842105,66728,8778,43.044355,,,,,,,,,,,,,,,
BASE,SIMULACION_CINCO_DIAS-NORMAL-N03,SIMULACION_CINCO_DIAS,NORMAL,3,8,86,GENETICO,172,20846.7594,45300,20169.933333,169.933333,0,4,0,true,true,97.674419,96.842105,65374,8548,43.044355,,,,,,,,,,,,,,,
BASE,SIMULACION_CINCO_DIAS-NORMAL-N03,SIMULACION_CINCO_DIAS,NORMAL,3,8,86,RECOCIDO_SIMULADO,172,3760.7014,18945,20173.458333,173.458333,0,4,0,true,true,97.674419,96.842105,67662,8878,43.044355,154.292371,,,,,,,,,,,,,,
BASE,SIMULACION_CINCO_DIAS-NORMAL-N03,SIMULACION_CINCO_DIAS,NORMAL,3,9,87,RECOCIDO_SIMULADO,172,3410.8104,16985,20172.683333,172.683333,0,4,0,true,true,97.674419,96.842105,66536,8452,43.044355,88.785652,,,,,,,,,,,,,,
BASE,SIMULACION_CINCO_DIAS-NORMAL-N03,SIMULACION_CINCO_DIAS,NORMAL,3,9,87,GENETICO,172,22621.0942,45300,20169.958333,169.958333,0,4,0,true,true,97.674419,96.842105,66548,8842,43.044355,,,,,,,,,,,,,,,
BASE,SIMULACION_CINCO_DIAS-NORMAL-N03,SIMULACION_CINCO_DIAS,NORMAL,3,10,88,GENETICO,172,22051.972,45300,20169.961667,169.961667,0,4,0,true,true,97.674419,96.842105,66212,8460,43.044355,,,,,,,,,,,,,,,
BASE,SIMULACION_CINCO_DIAS-NORMAL-N03,SIMULACION_CINCO_DIAS,NORMAL,3,10,88,RECOCIDO_SIMULADO,172,3366.5345,17585,20172.683333,172.683333,0,4,0,true,true,97.674419,96.842105,65640,8320,43.044355,90.621733,,,,,,,,,,,,,,
BASE,SIMULACION_CINCO_DIAS-NORMAL-N03,SIMULACION_CINCO_DIAS,NORMAL,3,11,89,RECOCIDO_SIMULADO,172,4066.5309,20145,20173.173333,173.173333,0,4,0,true,true,97.674419,96.842105,68420,9184,43.044355,339.109581,,,,,,,,,,,,,,
BASE,SIMULACION_CINCO_DIAS-NORMAL-N03,SIMULACION_CINCO_DIAS,NORMAL,3,11,89,GENETICO,172,21578.9796,45300,20169.961667,169.961667,0,4,0,true,true,97.674419,96.842105,66752,8540,43.044355,,,,,,,,,,,,,,,
BASE,SIMULACION_CINCO_DIAS-NORMAL-N03,SIMULACION_CINCO_DIAS,NORMAL,3,12,90,GENETICO,172,21567.9979,45300,20169.933333,169.933333,0,4,0,true,true,97.674419,96.842105,66590,8642,43.044355,,,,,,,,,,,,,,,
BASE,SIMULACION_CINCO_DIAS-NORMAL-N03,SIMULACION_CINCO_DIAS,NORMAL,3,12,90,RECOCIDO_SIMULADO,172,3514.7643,17305,20172.683333,172.683333,0,4,0,true,true,97.674419,96.842105,65640,8320,43.044355,90.068456,,,,,,,,,,,,,,
BASE,SIMULACION_CINCO_DIAS-NORMAL-N03,SIMULACION_CINCO_DIAS,NORMAL,3,13,91,RECOCIDO_SIMULADO,172,3569.2965,18185,20172.073333,172.073333,0,4,0,true,true,97.674419,96.842105,67840,9044,43.044355,147.340558,,,,,,,,,,,,,,
BASE,SIMULACION_CINCO_DIAS-NORMAL-N03,SIMULACION_CINCO_DIAS,NORMAL,3,13,91,GENETICO,172,22309.5087,45300,20169.958333,169.958333,0,4,0,true,true,97.674419,96.842105,66894,8548,43.044355,,,,,,,,,,,,,,,
BASE,SIMULACION_CINCO_DIAS-NORMAL-N03,SIMULACION_CINCO_DIAS,NORMAL,3,14,92,GENETICO,172,22041.9221,45300,20169.958333,169.958333,0,4,0,true,true,97.674419,96.842105,65510,8724,43.044355,,,,,,,,,,,,,,,
BASE,SIMULACION_CINCO_DIAS-NORMAL-N03,SIMULACION_CINCO_DIAS,NORMAL,3,14,92,RECOCIDO_SIMULADO,172,3622.1816,18065,20171.65,171.65,0,4,0,true,true,97.674419,96.842105,67312,8806,43.044355,128.736042,,,,,,,,,,,,,,
BASE,SIMULACION_CINCO_DIAS-NORMAL-N03,SIMULACION_CINCO_DIAS,NORMAL,3,15,93,RECOCIDO_SIMULADO,172,3543.6596,18065,20172.421667,172.421667,0,4,0,true,true,97.674419,96.842105,68702,9744,43.044355,110.932584,,,,,,,,,,,,,,
BASE,SIMULACION_CINCO_DIAS-NORMAL-N03,SIMULACION_CINCO_DIAS,NORMAL,3,15,93,GENETICO,172,20685.891,45300,20169.933333,169.933333,0,4,0,true,true,97.674419,96.842105,66866,8780,43.044355,,,,,,,,,,,,,,,
BASE,SIMULACION_CINCO_DIAS-NORMAL-N03,SIMULACION_CINCO_DIAS,NORMAL,3,16,94,GENETICO,172,22011.2434,45300,20169.936667,169.936667,0,4,0,true,true,97.674419,96.842105,67016,8742,43.044355,,,,,,,,,,,,,,,
BASE,SIMULACION_CINCO_DIAS-NORMAL-N03,SIMULACION_CINCO_DIAS,NORMAL,3,16,94,RECOCIDO_SIMULADO,172,3620.3315,18145,20172.683333,172.683333,0,4,0,true,true,97.674419,96.842105,65640,8320,43.044355,130.714728,,,,,,,,,,,,,,
BASE,SIMULACION_CINCO_DIAS-NORMAL-N03,SIMULACION_CINCO_DIAS,NORMAL,3,17,95,RECOCIDO_SIMULADO,172,3949.9732,19985,20171.425,171.425,0,4,0,true,true,97.674419,96.842105,67192,9320,43.044355,198.896989,,,,,,,,,,,,,,
BASE,SIMULACION_CINCO_DIAS-NORMAL-N03,SIMULACION_CINCO_DIAS,NORMAL,3,17,95,GENETICO,172,19541.665,45300,20169.933333,169.933333,0,4,0,true,true,97.674419,96.842105,68302,8818,43.044355,,,,,,,,,,,,,,,
BASE,SIMULACION_CINCO_DIAS-NORMAL-N04,SIMULACION_CINCO_DIAS,NORMAL,4,0,96,GENETICO,176,23927.788,45300,30170.45,170.45,0,6,0,true,true,96.590909,97.196262,66810,8744,46.320565,,,,,,,,,,,,,,,
BASE,SIMULACION_CINCO_DIAS-NORMAL-N04,SIMULACION_CINCO_DIAS,NORMAL,4,0,96,RECOCIDO_SIMULADO,176,4328.221,19665,30172.1,172.1,0,6,0,true,true,96.590909,97.196262,66886,8558,46.320565,145.118179,,,,,,,,,,,,,,
BASE,SIMULACION_CINCO_DIAS-NORMAL-N04,SIMULACION_CINCO_DIAS,NORMAL,4,1,97,RECOCIDO_SIMULADO,176,4557.2473,20265,30172,172,0,6,0,true,true,96.590909,97.196262,68434,9222,46.320565,222.605264,,,,,,,,,,,,,,
BASE,SIMULACION_CINCO_DIAS-NORMAL-N04,SIMULACION_CINCO_DIAS,NORMAL,4,1,97,GENETICO,176,23099.7852,45300,30171.4,171.4,0,6,0,true,true,96.590909,97.196262,66082,8772,46.320565,,,,,,,,,,,,,,,
BASE,SIMULACION_CINCO_DIAS-NORMAL-N04,SIMULACION_CINCO_DIAS,NORMAL,4,2,98,GENETICO,176,22177.1767,45300,30171.025,171.025,0,6,0,true,true,96.590909,97.196262,66150,8964,46.320565,,,,,,,,,,,,,,,
BASE,SIMULACION_CINCO_DIAS-NORMAL-N04,SIMULACION_CINCO_DIAS,NORMAL,4,2,98,RECOCIDO_SIMULADO,176,4427.8089,19705,30172,172,0,6,0,true,true,96.590909,97.196262,69472,9306,46.320565,160.39231,,,,,,,,,,,,,,
BASE,SIMULACION_CINCO_DIAS-NORMAL-N04,SIMULACION_CINCO_DIAS,NORMAL,4,3,99,RECOCIDO_SIMULADO,176,4337.4648,19225,30172,172,0,6,0,true,true,96.590909,97.196262,69472,9260,46.320565,192.63245,,,,,,,,,,,,,,
BASE,SIMULACION_CINCO_DIAS-NORMAL-N04,SIMULACION_CINCO_DIAS,NORMAL,4,3,99,GENETICO,176,24348.4515,45300,30171.4,171.4,0,6,0,true,true,96.590909,97.196262,67876,8988,46.320565,,,,,,,,,,,,,,,
BASE,SIMULACION_CINCO_DIAS-NORMAL-N04,SIMULACION_CINCO_DIAS,NORMAL,4,4,100,GENETICO,176,22317.8982,45300,30170.45,170.45,0,6,0,true,true,96.590909,97.196262,67134,8960,46.320565,,,,,,,,,,,,,,,
BASE,SIMULACION_CINCO_DIAS-NORMAL-N04,SIMULACION_CINCO_DIAS,NORMAL,4,4,100,RECOCIDO_SIMULADO,176,4737.6422,21505,30172.1,172.1,0,6,0,true,true,96.590909,97.196262,66886,8558,46.320565,276.520023,,,,,,,,,,,,,,
BASE,SIMULACION_CINCO_DIAS-NORMAL-N04,SIMULACION_CINCO_DIAS,NORMAL,4,5,101,RECOCIDO_SIMULADO,176,3984.4122,17905,30172,172,0,6,0,true,true,96.590909,97.196262,68788,9052,46.320565,95.002698,,,,,,,,,,,,,,
BASE,SIMULACION_CINCO_DIAS-NORMAL-N04,SIMULACION_CINCO_DIAS,NORMAL,4,5,101,GENETICO,176,22787.6489,45300,30171.4,171.4,0,6,0,true,true,96.590909,97.196262,66986,8828,46.320565,,,,,,,,,,,,,,,
BASE,SIMULACION_CINCO_DIAS-NORMAL-N04,SIMULACION_CINCO_DIAS,NORMAL,4,6,102,GENETICO,176,22536.5524,45300,30171.025,171.025,0,6,0,true,true,96.590909,97.196262,71230,9324,46.320565,,,,,,,,,,,,,,,
BASE,SIMULACION_CINCO_DIAS-NORMAL-N04,SIMULACION_CINCO_DIAS,NORMAL,4,6,102,RECOCIDO_SIMULADO,176,4878.2587,22185,30172.1,172.1,0,6,0,true,true,96.590909,97.196262,66886,8558,46.320565,256.796457,,,,,,,,,,,,,,
BASE,SIMULACION_CINCO_DIAS-NORMAL-N04,SIMULACION_CINCO_DIAS,NORMAL,4,7,103,RECOCIDO_SIMULADO,176,4688.3779,20265,30172,172,0,6,0,true,true,96.590909,97.196262,68392,9066,46.320565,189.812138,,,,,,,,,,,,,,
BASE,SIMULACION_CINCO_DIAS-NORMAL-N04,SIMULACION_CINCO_DIAS,NORMAL,4,7,103,GENETICO,176,22060.8977,45300,30171.025,171.025,0,6,0,true,true,96.590909,97.196262,69874,9282,46.320565,,,,,,,,,,,,,,,
BASE,SIMULACION_CINCO_DIAS-NORMAL-N04,SIMULACION_CINCO_DIAS,NORMAL,4,8,104,GENETICO,176,22460.6882,45300,30171.025,171.025,0,6,0,true,true,96.590909,97.196262,70530,9270,46.320565,,,,,,,,,,,,,,,
BASE,SIMULACION_CINCO_DIAS-NORMAL-N04,SIMULACION_CINCO_DIAS,NORMAL,4,8,104,RECOCIDO_SIMULADO,176,4478.3091,20465,30172,172,0,6,0,true,true,96.590909,97.196262,68974,9138,46.320565,207.876581,,,,,,,,,,,,,,
BASE,SIMULACION_CINCO_DIAS-NORMAL-N04,SIMULACION_CINCO_DIAS,NORMAL,4,9,105,RECOCIDO_SIMULADO,176,4240.928,18985,30172,172,0,6,0,true,true,96.590909,97.196262,69706,9270,46.320565,129.25162,,,,,,,,,,,,,,
BASE,SIMULACION_CINCO_DIAS-NORMAL-N04,SIMULACION_CINCO_DIAS,NORMAL,4,9,105,GENETICO,176,23708.2745,45300,30171.025,171.025,0,6,0,true,true,96.590909,97.196262,71582,9456,46.320565,,,,,,,,,,,,,,,
BASE,SIMULACION_CINCO_DIAS-NORMAL-N04,SIMULACION_CINCO_DIAS,NORMAL,4,10,106,GENETICO,176,22831.056,45300,30170.825,170.825,0,6,0,true,true,96.590909,97.196262,65060,8710,46.320565,,,,,,,,,,,,,,,
BASE,SIMULACION_CINCO_DIAS-NORMAL-N04,SIMULACION_CINCO_DIAS,NORMAL,4,10,106,RECOCIDO_SIMULADO,176,4100.6118,18225,30172.1,172.1,0,6,0,true,true,96.590909,97.196262,66886,8558,46.320565,113.017433,,,,,,,,,,,,,,
BASE,SIMULACION_CINCO_DIAS-NORMAL-N04,SIMULACION_CINCO_DIAS,NORMAL,4,11,107,RECOCIDO_SIMULADO,176,4352.2997,19865,30172,172,0,6,0,true,true,96.590909,97.196262,69264,9220,46.320565,202.167852,,,,,,,,,,,,,,
BASE,SIMULACION_CINCO_DIAS-NORMAL-N04,SIMULACION_CINCO_DIAS,NORMAL,4,11,107,GENETICO,176,23947.9607,45300,30170.45,170.45,0,6,0,true,true,96.590909,97.196262,65326,8802,46.320565,,,,,,,,,,,,,,,
BASE,SIMULACION_CINCO_DIAS-NORMAL-N04,SIMULACION_CINCO_DIAS,NORMAL,4,12,108,GENETICO,176,23346.8709,45300,30171.025,171.025,0,6,0,true,true,96.590909,97.196262,68744,9250,46.320565,,,,,,,,,,,,,,,
BASE,SIMULACION_CINCO_DIAS-NORMAL-N04,SIMULACION_CINCO_DIAS,NORMAL,4,12,108,RECOCIDO_SIMULADO,176,4103.6441,18665,30172.1,172.1,0,6,0,true,true,96.590909,97.196262,66886,8558,46.320565,132.307064,,,,,,,,,,,,,,
BASE,SIMULACION_CINCO_DIAS-NORMAL-N04,SIMULACION_CINCO_DIAS,NORMAL,4,13,109,RECOCIDO_SIMULADO,176,4579.3549,20545,30172.1,172.1,0,6,0,true,true,96.590909,97.196262,66886,8558,46.320565,212.058054,,,,,,,,,,,,,,
BASE,SIMULACION_CINCO_DIAS-NORMAL-N04,SIMULACION_CINCO_DIAS,NORMAL,4,13,109,GENETICO,176,23291.4069,45300,30170.825,170.825,0,6,0,true,true,96.590909,97.196262,65642,8646,46.320565,,,,,,,,,,,,,,,
BASE,SIMULACION_CINCO_DIAS-NORMAL-N04,SIMULACION_CINCO_DIAS,NORMAL,4,14,110,GENETICO,176,25258.4422,45300,30170.825,170.825,0,6,0,true,true,96.590909,97.196262,68064,9290,46.320565,,,,,,,,,,,,,,,
BASE,SIMULACION_CINCO_DIAS-NORMAL-N04,SIMULACION_CINCO_DIAS,NORMAL,4,14,110,RECOCIDO_SIMULADO,176,4279.1694,18945,30172,172,0,6,0,true,true,96.590909,97.196262,68134,9154,46.320565,134.892218,,,,,,,,,,,,,,
BASE,SIMULACION_CINCO_DIAS-NORMAL-N04,SIMULACION_CINCO_DIAS,NORMAL,4,15,111,RECOCIDO_SIMULADO,176,4708.4449,20985,30172.1,172.1,0,6,0,true,true,96.590909,97.196262,66886,8558,46.320565,226.5387,,,,,,,,,,,,,,
BASE,SIMULACION_CINCO_DIAS-NORMAL-N04,SIMULACION_CINCO_DIAS,NORMAL,4,15,111,GENETICO,176,23774.4367,45300,30170.45,170.45,0,6,0,true,true,96.590909,97.196262,68128,8884,46.320565,,,,,,,,,,,,,,,
BASE,SIMULACION_CINCO_DIAS-NORMAL-N04,SIMULACION_CINCO_DIAS,NORMAL,4,16,112,GENETICO,176,22023.8493,45300,30171.025,171.025,0,6,0,true,true,96.590909,97.196262,69526,9242,46.320565,,,,,,,,,,,,,,,
BASE,SIMULACION_CINCO_DIAS-NORMAL-N04,SIMULACION_CINCO_DIAS,NORMAL,4,16,112,RECOCIDO_SIMULADO,176,4527.1032,19665,30172,172,0,6,0,true,true,96.590909,97.196262,70030,9240,46.320565,171.823034,,,,,,,,,,,,,,
BASE,SIMULACION_CINCO_DIAS-NORMAL-N04,SIMULACION_CINCO_DIAS,NORMAL,4,17,113,RECOCIDO_SIMULADO,176,4450.435,19785,30172.033333,172.033333,0,6,0,true,true,96.590909,97.196262,69714,9318,46.320565,168.208564,,,,,,,,,,,,,,
BASE,SIMULACION_CINCO_DIAS-NORMAL-N04,SIMULACION_CINCO_DIAS,NORMAL,4,17,113,GENETICO,176,22810.116,45300,30171.025,171.025,0,6,0,true,true,96.590909,97.196262,69564,9118,46.320565,,,,,,,,,,,,,,,
BASE,SIMULACION_CINCO_DIAS-NORMAL-N05,SIMULACION_CINCO_DIAS,NORMAL,5,0,114,GENETICO,144,16858.1943,45300,25140.175,140.175,0,5,0,true,true,96.527778,97.590361,60998,7758,37.65121,,,,,,,,,,,,,,,
BASE,SIMULACION_CINCO_DIAS-NORMAL-N05,SIMULACION_CINCO_DIAS,NORMAL,5,0,114,RECOCIDO_SIMULADO,144,3371.2275,18505,25141.75,141.75,0,5,0,true,true,96.527778,97.590361,59750,7490,37.65121,158.706601,,,,,,,,,,,,,,
BASE,SIMULACION_CINCO_DIAS-NORMAL-N05,SIMULACION_CINCO_DIAS,NORMAL,5,1,115,RECOCIDO_SIMULADO,144,3571.1213,19505,25141.75,141.75,0,5,0,true,true,96.527778,97.590361,59750,7490,37.65121,199.870984,,,,,,,,,,,,,,
BASE,SIMULACION_CINCO_DIAS-NORMAL-N05,SIMULACION_CINCO_DIAS,NORMAL,5,1,115,GENETICO,144,16628.9262,45300,25140.175,140.175,0,5,0,true,true,96.527778,97.590361,60144,7684,37.65121,,,,,,,,,,,,,,,
BASE,SIMULACION_CINCO_DIAS-NORMAL-N05,SIMULACION_CINCO_DIAS,NORMAL,5,2,116,GENETICO,144,19860.2315,45300,25140.175,140.175,0,5,0,true,true,96.527778,97.590361,60314,7674,37.65121,,,,,,,,,,,,,,,
BASE,SIMULACION_CINCO_DIAS-NORMAL-N05,SIMULACION_CINCO_DIAS,NORMAL,5,2,116,RECOCIDO_SIMULADO,144,3202.3161,18385,25141.75,141.75,0,5,0,true,true,96.527778,97.590361,59750,7490,37.65121,185.936685,,,,,,,,,,,,,,
BASE,SIMULACION_CINCO_DIAS-NORMAL-N05,SIMULACION_CINCO_DIAS,NORMAL,5,3,117,RECOCIDO_SIMULADO,144,3545.9078,19865,25141.75,141.75,0,5,0,true,true,96.527778,97.590361,59750,7490,37.65121,231.507926,,,,,,,,,,,,,,
BASE,SIMULACION_CINCO_DIAS-NORMAL-N05,SIMULACION_CINCO_DIAS,NORMAL,5,3,117,GENETICO,144,17028.5762,45300,25140.175,140.175,0,5,0,true,true,96.527778,97.590361,58244,7440,37.65121,,,,,,,,,,,,,,,
BASE,SIMULACION_CINCO_DIAS-NORMAL-N05,SIMULACION_CINCO_DIAS,NORMAL,5,4,118,GENETICO,144,17542.54,45300,25140.175,140.175,0,5,0,true,true,96.527778,97.590361,60024,7526,37.65121,,,,,,,,,,,,,,,
BASE,SIMULACION_CINCO_DIAS-NORMAL-N05,SIMULACION_CINCO_DIAS,NORMAL,5,4,118,RECOCIDO_SIMULADO,144,3383.5134,18265,25141.75,141.75,0,5,0,true,true,96.527778,97.590361,59750,7490,37.65121,179.266648,,,,,,,,,,,,,,
BASE,SIMULACION_CINCO_DIAS-NORMAL-N05,SIMULACION_CINCO_DIAS,NORMAL,5,5,119,RECOCIDO_SIMULADO,144,3211.4272,18145,25141.75,141.75,0,5,0,true,true,96.527778,97.590361,59750,7490,37.65121,163.506148,,,,,,,,,,,,,,
BASE,SIMULACION_CINCO_DIAS-NORMAL-N05,SIMULACION_CINCO_DIAS,NORMAL,5,5,119,GENETICO,144,15427.4031,45300,25140.175,140.175,0,5,0,true,true,96.527778,97.590361,58648,7412,37.65121,,,,,,,,,,,,,,,
BASE,SIMULACION_CINCO_DIAS-NORMAL-N05,SIMULACION_CINCO_DIAS,NORMAL,5,6,120,GENETICO,144,17006.5366,45300,25140.175,140.175,0,5,0,true,true,96.527778,97.590361,58900,7500,37.65121,,,,,,,,,,,,,,,
BASE,SIMULACION_CINCO_DIAS-NORMAL-N05,SIMULACION_CINCO_DIAS,NORMAL,5,6,120,RECOCIDO_SIMULADO,144,3424.5535,19265,25141.75,141.75,0,5,0,true,true,96.527778,97.590361,59750,7490,37.65121,175.962248,,,,,,,,,,,,,,
BASE,SIMULACION_CINCO_DIAS-NORMAL-N05,SIMULACION_CINCO_DIAS,NORMAL,5,7,121,RECOCIDO_SIMULADO,144,3216.6379,18465,25141.75,141.75,0,5,0,true,true,96.527778,97.590361,59750,7490,37.65121,132.503153,,,,,,,,,,,,,,
BASE,SIMULACION_CINCO_DIAS-NORMAL-N05,SIMULACION_CINCO_DIAS,NORMAL,5,7,121,GENETICO,144,17803.8674,45300,25140.175,140.175,0,5,0,true,true,96.527778,97.590361,57968,7354,37.65121,,,,,,,,,,,,,,,
BASE,SIMULACION_CINCO_DIAS-NORMAL-N05,SIMULACION_CINCO_DIAS,NORMAL,5,8,122,GENETICO,144,16455.2118,45300,25140.175,140.175,0,5,0,true,true,96.527778,97.590361,57954,7284,37.65121,,,,,,,,,,,,,,,
BASE,SIMULACION_CINCO_DIAS-NORMAL-N05,SIMULACION_CINCO_DIAS,NORMAL,5,8,122,RECOCIDO_SIMULADO,144,3302.9127,18665,25141.75,141.75,0,5,0,true,true,96.527778,97.590361,59750,7490,37.65121,161.963343,,,,,,,,,,,,,,
BASE,SIMULACION_CINCO_DIAS-NORMAL-N05,SIMULACION_CINCO_DIAS,NORMAL,5,9,123,RECOCIDO_SIMULADO,144,3312.1182,18665,25141.75,141.75,0,5,0,true,true,96.527778,97.590361,59750,7490,37.65121,152.361152,,,,,,,,,,,,,,
BASE,SIMULACION_CINCO_DIAS-NORMAL-N05,SIMULACION_CINCO_DIAS,NORMAL,5,9,123,GENETICO,144,16895.6499,45300,25140.175,140.175,0,5,0,true,true,96.527778,97.590361,59760,7536,37.65121,,,,,,,,,,,,,,,
BASE,SIMULACION_CINCO_DIAS-NORMAL-N05,SIMULACION_CINCO_DIAS,NORMAL,5,10,124,GENETICO,144,17664.9431,45300,25140.175,140.175,0,5,0,true,true,96.527778,97.590361,57384,7256,37.65121,,,,,,,,,,,,,,,
BASE,SIMULACION_CINCO_DIAS-NORMAL-N05,SIMULACION_CINCO_DIAS,NORMAL,5,10,124,RECOCIDO_SIMULADO,144,2934.2663,16865,25141.75,141.75,0,5,0,true,true,96.527778,97.590361,59750,7490,37.65121,90.623971,,,,,,,,,,,,,,
BASE,SIMULACION_CINCO_DIAS-NORMAL-N05,SIMULACION_CINCO_DIAS,NORMAL,5,11,125,RECOCIDO_SIMULADO,144,3086.0682,17705,25141.75,141.75,0,5,0,true,true,96.527778,97.590361,59750,7490,37.65121,118.707349,,,,,,,,,,,,,,
BASE,SIMULACION_CINCO_DIAS-NORMAL-N05,SIMULACION_CINCO_DIAS,NORMAL,5,11,125,GENETICO,144,18766.2759,45300,25140.175,140.175,0,5,0,true,true,96.527778,97.590361,61510,7856,37.65121,,,,,,,,,,,,,,,
BASE,SIMULACION_CINCO_DIAS-NORMAL-N05,SIMULACION_CINCO_DIAS,NORMAL,5,12,126,GENETICO,144,17409.037,45300,25140.175,140.175,0,5,0,true,true,96.527778,97.590361,60074,7790,37.65121,,,,,,,,,,,,,,,
BASE,SIMULACION_CINCO_DIAS-NORMAL-N05,SIMULACION_CINCO_DIAS,NORMAL,5,12,126,RECOCIDO_SIMULADO,144,3413.7638,19585,25141.75,141.75,0,5,0,true,true,96.527778,97.590361,59750,7490,37.65121,214.050983,,,,,,,,,,,,,,
BASE,SIMULACION_CINCO_DIAS-NORMAL-N05,SIMULACION_CINCO_DIAS,NORMAL,5,13,127,RECOCIDO_SIMULADO,144,3383.4966,19225,25141.75,141.75,0,5,0,true,true,96.527778,97.590361,59750,7490,37.65121,197.623671,,,,,,,,,,,,,,
BASE,SIMULACION_CINCO_DIAS-NORMAL-N05,SIMULACION_CINCO_DIAS,NORMAL,5,13,127,GENETICO,144,18697.4031,45300,25140.175,140.175,0,5,0,true,true,96.527778,97.590361,59532,7742,37.65121,,,,,,,,,,,,,,,
BASE,SIMULACION_CINCO_DIAS-NORMAL-N05,SIMULACION_CINCO_DIAS,NORMAL,5,14,128,GENETICO,144,16759.4966,45300,25140.175,140.175,0,5,0,true,true,96.527778,97.590361,60120,7714,37.65121,,,,,,,,,,,,,,,
BASE,SIMULACION_CINCO_DIAS-NORMAL-N05,SIMULACION_CINCO_DIAS,NORMAL,5,14,128,RECOCIDO_SIMULADO,144,3493.6096,19865,25141.75,141.75,0,5,0,true,true,96.527778,97.590361,59750,7490,37.65121,238.10313,,,,,,,,,,,,,,
BASE,SIMULACION_CINCO_DIAS-NORMAL-N05,SIMULACION_CINCO_DIAS,NORMAL,5,15,129,RECOCIDO_SIMULADO,144,2869.3634,16705,25141.75,141.75,0,5,0,true,true,96.527778,97.590361,59750,7490,37.65121,125.719433,,,,,,,,,,,,,,
BASE,SIMULACION_CINCO_DIAS-NORMAL-N05,SIMULACION_CINCO_DIAS,NORMAL,5,15,129,GENETICO,144,17282.0647,45300,25140.175,140.175,0,5,0,true,true,96.527778,97.590361,59582,7606,37.65121,,,,,,,,,,,,,,,
BASE,SIMULACION_CINCO_DIAS-NORMAL-N05,SIMULACION_CINCO_DIAS,NORMAL,5,16,130,GENETICO,144,18910.013,45300,25140.175,140.175,0,5,0,true,true,96.527778,97.590361,60114,7662,37.65121,,,,,,,,,,,,,,,
BASE,SIMULACION_CINCO_DIAS-NORMAL-N05,SIMULACION_CINCO_DIAS,NORMAL,5,16,130,RECOCIDO_SIMULADO,144,3242.9919,18705,25141.75,141.75,0,5,0,true,true,96.527778,97.590361,59750,7490,37.65121,139.768679,,,,,,,,,,,,,,
BASE,SIMULACION_CINCO_DIAS-NORMAL-N05,SIMULACION_CINCO_DIAS,NORMAL,5,17,131,RECOCIDO_SIMULADO,144,3076.987,17865,25141.75,141.75,0,5,0,true,true,96.527778,97.590361,59750,7490,37.65121,131.233633,,,,,,,,,,,,,,
BASE,SIMULACION_CINCO_DIAS-NORMAL-N05,SIMULACION_CINCO_DIAS,NORMAL,5,17,131,GENETICO,144,18536.4245,45300,25140.175,140.175,0,5,0,true,true,96.527778,97.590361,58000,7352,37.65121,,,,,,,,,,,,,,,
BASE,SIMULACION_CINCO_DIAS-ALTA-N01,SIMULACION_CINCO_DIAS,ALTA,1,0,42,GENETICO,246,28736.5736,45300,35243.268333,243.268333,0,7,0,true,true,97.154472,96.045198,88722,12936,63.004032,,,,,,,,,,,,,,,
BASE,SIMULACION_CINCO_DIAS-ALTA-N01,SIMULACION_CINCO_DIAS,ALTA,1,0,42,RECOCIDO_SIMULADO,246,5386.7861,20505,35263.783333,263.783333,0,7,0,true,true,97.154472,96.045198,90800,13326,63.004032,185.521758,,,,,,,,,,,,,,
BASE,SIMULACION_CINCO_DIAS-ALTA-N01,SIMULACION_CINCO_DIAS,ALTA,1,1,43,RECOCIDO_SIMULADO,246,5787.4541,21825,35265.103333,265.103333,0,7,0,true,true,97.154472,96.045198,90920,13588,63.004032,261.303446,,,,,,,,,,,,,,
BASE,SIMULACION_CINCO_DIAS-ALTA-N01,SIMULACION_CINCO_DIAS,ALTA,1,1,43,GENETICO,246,27127.6598,45300,35243.268333,243.268333,0,7,0,true,true,97.154472,96.045198,93028,13310,63.004032,,,,,,,,,,,,,,,
BASE,SIMULACION_CINCO_DIAS-ALTA-N01,SIMULACION_CINCO_DIAS,ALTA,1,2,44,GENETICO,246,27962.4063,45300,35242.868333,242.868333,0,7,0,true,true,97.154472,96.045198,88020,12710,63.004032,,,,,,,,,,,,,,,
BASE,SIMULACION_CINCO_DIAS-ALTA-N01,SIMULACION_CINCO_DIAS,ALTA,1,2,44,RECOCIDO_SIMULADO,246,5750.3299,21625,35266.406667,266.406667,0,7,0,true,true,97.154472,96.045198,91364,13464,63.004032,258.833041,,,,,,,,,,,,,,
BASE,SIMULACION_CINCO_DIAS-ALTA-N01,SIMULACION_CINCO_DIAS,ALTA,1,3,45,RECOCIDO_SIMULADO,246,5608.9868,21185,35257.305,257.305,0,7,0,true,true,97.154472,96.045198,88654,13050,63.004032,210.697871,,,,,,,,,,,,,,
BASE,SIMULACION_CINCO_DIAS-ALTA-N01,SIMULACION_CINCO_DIAS,ALTA,1,3,45,GENETICO,246,29141.1517,45300,35242.868333,242.868333,0,7,0,true,true,97.154472,96.045198,86000,12880,63.004032,,,,,,,,,,,,,,,
BASE,SIMULACION_CINCO_DIAS-ALTA-N01,SIMULACION_CINCO_DIAS,ALTA,1,4,46,GENETICO,246,27460.4711,45300,35243.268333,243.268333,0,7,0,true,true,97.154472,96.045198,90934,13242,63.004032,,,,,,,,,,,,,,,
BASE,SIMULACION_CINCO_DIAS-ALTA-N01,SIMULACION_CINCO_DIAS,ALTA,1,4,46,RECOCIDO_SIMULADO,246,5624.5133,21265,35265.266667,265.266667,0,7,0,true,true,97.154472,96.045198,87930,13212,63.004032,268.779123,,,,,,,,,,,,,,
BASE,SIMULACION_CINCO_DIAS-ALTA-N01,SIMULACION_CINCO_DIAS,ALTA,1,5,47,RECOCIDO_SIMULADO,246,6018.9067,22985,35262.031667,262.031667,0,7,0,true,true,97.154472,96.045198,91180,13544,63.004032,321.591895,,,,,,,,,,,,,,
BASE,SIMULACION_CINCO_DIAS-ALTA-N01,SIMULACION_CINCO_DIAS,ALTA,1,5,47,GENETICO,246,25767.8976,45300,35243.483333,243.483333,0,7,0,true,true,97.154472,96.045198,88432,12470,63.004032,,,,,,,,,,,,,,,
BASE,SIMULACION_CINCO_DIAS-ALTA-N01,SIMULACION_CINCO_DIAS,ALTA,1,6,48,GENETICO,246,27444.0945,45300,35242.868333,242.868333,0,7,0,true,true,97.154472,96.045198,88002,12630,63.004032,,,,,,,,,,,,,,,
BASE,SIMULACION_CINCO_DIAS-ALTA-N01,SIMULACION_CINCO_DIAS,ALTA,1,6,48,RECOCIDO_SIMULADO,246,5650.4953,21225,35263.166667,263.166667,0,7,0,true,true,97.154472,96.045198,87860,13192,63.004032,229.391181,,,,,,,,,,,,,,
BASE,SIMULACION_CINCO_DIAS-ALTA-N01,SIMULACION_CINCO_DIAS,ALTA,1,7,49,RECOCIDO_SIMULADO,246,6023.5275,22865,35262.073333,262.073333,0,7,0,true,true,97.154472,96.045198,90722,13496,63.004032,309.190607,,,,,,,,,,,,,,
BASE,SIMULACION_CINCO_DIAS-ALTA-N01,SIMULACION_CINCO_DIAS,ALTA,1,7,49,GENETICO,246,28191.0158,45300,35242.868333,242.868333,0,7,0,true,true,97.154472,96.045198,87718,12614,63.004032,,,,,,,,,,,,,,,
BASE,SIMULACION_CINCO_DIAS-ALTA-N01,SIMULACION_CINCO_DIAS,ALTA,1,8,50,GENETICO,246,28747.1469,45300,35243.268333,243.268333,0,7,0,true,true,97.154472,96.045198,87072,12848,63.004032,,,,,,,,,,,,,,,
BASE,SIMULACION_CINCO_DIAS-ALTA-N01,SIMULACION_CINCO_DIAS,ALTA,1,8,50,RECOCIDO_SIMULADO,246,5951.037,22705,35263.496667,263.496667,0,7,0,true,true,97.154472,96.045198,89048,13490,63.004032,303.68067,,,,,,,,,,,,,,
BASE,SIMULACION_CINCO_DIAS-ALTA-N01,SIMULACION_CINCO_DIAS,ALTA,1,9,51,RECOCIDO_SIMULADO,246,5932.5845,22345,35265.093333,265.093333,0,7,0,true,true,97.154472,96.045198,89704,13356,63.004032,283.477503,,,,,,,,,,,,,,
BASE,SIMULACION_CINCO_DIAS-ALTA-N01,SIMULACION_CINCO_DIAS,ALTA,1,9,51,GENETICO,246,26694.6895,45300,35242.868333,242.868333,0,7,0,true,true,97.154472,96.045198,90548,12982,63.004032,,,,,,,,,,,,,,,
BASE,SIMULACION_CINCO_DIAS-ALTA-N01,SIMULACION_CINCO_DIAS,ALTA,1,10,52,GENETICO,246,27555.0572,45300,35243.268333,243.268333,0,7,0,true,true,97.154472,96.045198,91264,13112,63.004032,,,,,,,,,,,,,,,
BASE,SIMULACION_CINCO_DIAS-ALTA-N01,SIMULACION_CINCO_DIAS,ALTA,1,10,52,RECOCIDO_SIMULADO,246,6151.5813,23305,35266.985,266.985,0,7,0,true,true,97.154472,96.045198,90024,13374,63.004032,359.496794,,,,,,,,,,,,,,
BASE,SIMULACION_CINCO_DIAS-ALTA-N01,SIMULACION_CINCO_DIAS,ALTA,1,11,53,RECOCIDO_SIMULADO,246,5403.6506,20905,35267.946667,267.946667,0,7,0,true,true,97.154472,96.045198,90262,13512,63.004032,236.370457,,,,,,,,,,,,,,
BASE,SIMULACION_CINCO_DIAS-ALTA-N01,SIMULACION_CINCO_DIAS,ALTA,1,11,53,GENETICO,246,27682.6284,45300,35242.868333,242.868333,0,7,0,true,true,97.154472,96.045198,89038,12846,63.004032,,,,,,,,,,,,,,,
BASE,SIMULACION_CINCO_DIAS-ALTA-N01,SIMULACION_CINCO_DIAS,ALTA,1,12,54,GENETICO,246,27491.8151,45300,35242.868333,242.868333,0,7,0,true,true,97.154472,96.045198,90996,13102,63.004032,,,,,,,,,,,,,,,
BASE,SIMULACION_CINCO_DIAS-ALTA-N01,SIMULACION_CINCO_DIAS,ALTA,1,12,54,RECOCIDO_SIMULADO,246,5620.9537,21025,35257.225,257.225,0,7,0,true,true,97.154472,96.045198,91006,13568,63.004032,204.05084,,,,,,,,,,,,,,
BASE,SIMULACION_CINCO_DIAS-ALTA-N01,SIMULACION_CINCO_DIAS,ALTA,1,13,55,RECOCIDO_SIMULADO,246,5680.7614,21585,35255.265,255.265,0,7,0,true,true,97.154472,96.045198,89384,13484,63.004032,264.12658,,,,,,,,,,,,,,
BASE,SIMULACION_CINCO_DIAS-ALTA-N01,SIMULACION_CINCO_DIAS,ALTA,1,13,55,GENETICO,246,27603.5591,45300,35243.318333,243.318333,0,7,0,true,true,97.154472,96.045198,91738,13038,63.004032,,,,,,,,,,,,,,,
BASE,SIMULACION_CINCO_DIAS-ALTA-N01,SIMULACION_CINCO_DIAS,ALTA,1,14,56,GENETICO,246,28214.7146,45300,35242.868333,242.868333,0,7,0,true,true,97.154472,96.045198,88870,12972,63.004032,,,,,,,,,,,,,,,
BASE,SIMULACION_CINCO_DIAS-ALTA-N01,SIMULACION_CINCO_DIAS,ALTA,1,14,56,RECOCIDO_SIMULADO,246,5825.8589,21905,35258.946667,258.946667,0,7,0,true,true,97.154472,96.045198,92046,13470,63.004032,276.65357,,,,,,,,,,,,,,
BASE,SIMULACION_CINCO_DIAS-ALTA-N01,SIMULACION_CINCO_DIAS,ALTA,1,15,57,RECOCIDO_SIMULADO,246,5811.3613,22185,35263.913333,263.913333,0,7,0,true,true,97.154472,96.045198,90496,13264,63.004032,299.716224,,,,,,,,,,,,,,
BASE,SIMULACION_CINCO_DIAS-ALTA-N01,SIMULACION_CINCO_DIAS,ALTA,1,15,57,GENETICO,246,28387.9491,45300,35242.868333,242.868333,0,7,0,true,true,97.154472,96.045198,90498,13068,63.004032,,,,,,,,,,,,,,,
BASE,SIMULACION_CINCO_DIAS-ALTA-N01,SIMULACION_CINCO_DIAS,ALTA,1,16,58,GENETICO,246,27189.5201,45300,35242.793333,242.793333,0,7,0,true,true,97.154472,96.045198,87392,12650,63.004032,,,,,,,,,,,,,,,
BASE,SIMULACION_CINCO_DIAS-ALTA-N01,SIMULACION_CINCO_DIAS,ALTA,1,16,58,RECOCIDO_SIMULADO,246,6287.4037,23625,35268.048333,268.048333,0,7,0,true,true,97.154472,96.045198,87588,12986,63.004032,374.814576,,,,,,,,,,,,,,
BASE,SIMULACION_CINCO_DIAS-ALTA-N01,SIMULACION_CINCO_DIAS,ALTA,1,17,59,RECOCIDO_SIMULADO,246,5633.2668,21545,35291.873333,291.873333,0,7,0,true,true,97.154472,96.045198,90368,13500,63.004032,250.446163,,,,,,,,,,,,,,
BASE,SIMULACION_CINCO_DIAS-ALTA-N01,SIMULACION_CINCO_DIAS,ALTA,1,17,59,GENETICO,246,29538.2007,45300,35242.748333,242.748333,0,7,0,true,true,97.154472,96.045198,87322,13164,63.004032,,,,,,,,,,,,,,,
BASE,SIMULACION_CINCO_DIAS-ALTA-N02,SIMULACION_CINCO_DIAS,ALTA,2,0,60,GENETICO,210,25149.793,45300,30205.681667,205.681667,0,6,0,true,true,97.142857,98.412698,78892,11214,54.637097,,,,,,,,,,,,,,,
BASE,SIMULACION_CINCO_DIAS-ALTA-N02,SIMULACION_CINCO_DIAS,ALTA,2,0,60,RECOCIDO_SIMULADO,210,4350.1879,18905,30213.753333,213.753333,0,6,0,true,true,97.142857,98.412698,83352,11804,54.637097,156.576635,,,,,,,,,,,,,,
BASE,SIMULACION_CINCO_DIAS-ALTA-N02,SIMULACION_CINCO_DIAS,ALTA,2,1,61,RECOCIDO_SIMULADO,210,4381.5482,19145,30221.975,221.975,0,6,0,true,true,97.142857,98.412698,81126,11292,54.637097,156.893281,,,,,,,,,,,,,,
BASE,SIMULACION_CINCO_DIAS-ALTA-N02,SIMULACION_CINCO_DIAS,ALTA,2,1,61,GENETICO,210,23499.3433,45300,30205.681667,205.681667,0,6,0,true,true,97.142857,98.412698,80776,11366,54.637097,,,,,,,,,,,,,,,
BASE,SIMULACION_CINCO_DIAS-ALTA-N02,SIMULACION_CINCO_DIAS,ALTA,2,2,62,GENETICO,210,26215.415,45300,30205.406667,205.406667,0,6,0,true,true,97.142857,98.412698,78430,11280,54.637097,,,,,,,,,,,,,,,
BASE,SIMULACION_CINCO_DIAS-ALTA-N02,SIMULACION_CINCO_DIAS,ALTA,2,2,62,RECOCIDO_SIMULADO,210,4498.8978,19265,30216.653333,216.653333,0,6,0,true,true,97.142857,98.412698,81460,11486,54.637097,268.512994,,,,,,,,,,,,,,
BASE,SIMULACION_CINCO_DIAS-ALTA-N02,SIMULACION_CINCO_DIAS,ALTA,2,3,63,RECOCIDO_SIMULADO,210,4339.2816,17825,30215.321667,215.321667,0,6,0,true,true,97.142857,98.412698,81088,11606,54.637097,126.329996,,,,,,,,,,,,,,
BASE,SIMULACION_CINCO_DIAS-ALTA-N02,SIMULACION_CINCO_DIAS,ALTA,2,3,63,GENETICO,210,24877.5205,45300,30205.396667,205.396667,0,6,0,true,true,97.142857,98.412698,80190,11108,54.637097,,,,,,,,,,,,,,,
BASE,SIMULACION_CINCO_DIAS-ALTA-N02,SIMULACION_CINCO_DIAS,ALTA,2,4,64,GENETICO,210,24624.0651,45300,30205.681667,205.681667,0,6,0,true,true,97.142857,98.412698,82132,11882,54.637097,,,,,,,,,,,,,,,
BASE,SIMULACION_CINCO_DIAS-ALTA-N02,SIMULACION_CINCO_DIAS,ALTA,2,4,64,RECOCIDO_SIMULADO,210,4099.4285,17865,30215.516667,215.516667,0,6,0,true,true,97.142857,98.412698,81798,11192,54.637097,101.772314,,,,,,,,,,,,,,
BASE,SIMULACION_CINCO_DIAS-ALTA-N02,SIMULACION_CINCO_DIAS,ALTA,2,5,65,RECOCIDO_SIMULADO,210,4251.8895,17705,30212.045,212.045,0,6,0,true,true,97.142857,98.412698,83230,11820,54.637097,113.986504,,,,,,,,,,,,,,
BASE,SIMULACION_CINCO_DIAS-ALTA-N02,SIMULACION_CINCO_DIAS,ALTA,2,5,65,GENETICO,210,24194.5902,45300,30205.681667,205.681667,0,6,0,true,true,97.142857,98.412698,82070,11464,54.637097,,,,,,,,,,,,,,,
BASE,SIMULACION_CINCO_DIAS-ALTA-N02,SIMULACION_CINCO_DIAS,ALTA,2,6,66,GENETICO,210,23758.4736,45300,30205.681667,205.681667,0,6,0,true,true,97.142857,98.412698,81422,11200,54.637097,,,,,,,,,,,,,,,
BASE,SIMULACION_CINCO_DIAS-ALTA-N02,SIMULACION_CINCO_DIAS,ALTA,2,6,66,RECOCIDO_SIMULADO,210,4060.1768,16825,30216.008333,216.008333,0,6,0,true,true,97.142857,98.412698,82168,11674,54.637097,81.048888,,,,,,,,,,,,,,
BASE,SIMULACION_CINCO_DIAS-ALTA-N02,SIMULACION_CINCO_DIAS,ALTA,2,7,67,RECOCIDO_SIMULADO,210,3912.9044,16825,30211.3,211.3,0,6,0,true,true,97.142857,98.412698,83510,11656,54.637097,81.72152,,,,,,,,,,,,,,
BASE,SIMULACION_CINCO_DIAS-ALTA-N02,SIMULACION_CINCO_DIAS,ALTA,2,7,67,GENETICO,210,26078.6588,45300,30205.396667,205.396667,0,6,0,true,true,97.142857,98.412698,82806,11284,54.637097,,,,,,,,,,,,,,,
BASE,SIMULACION_CINCO_DIAS-ALTA-N02,SIMULACION_CINCO_DIAS,ALTA,2,8,68,GENETICO,210,24334.0222,45300,30205.681667,205.681667,0,6,0,true,true,97.142857,98.412698,81130,11260,54.637097,,,,,,,,,,,,,,,
BASE,SIMULACION_CINCO_DIAS-ALTA-N02,SIMULACION_CINCO_DIAS,ALTA,2,8,68,RECOCIDO_SIMULADO,210,4263.8036,17945,30210.825,210.825,0,6,0,true,true,97.142857,98.412698,81404,11872,54.637097,117.331999,,,,,,,,,,,,,,
BASE,SIMULACION_CINCO_DIAS-ALTA-N02,SIMULACION_CINCO_DIAS,ALTA,2,9,69,RECOCIDO_SIMULADO,210,4486.2159,18505,30216.153333,216.153333,0,6,0,true,true,97.142857,98.412698,80968,11182,54.637097,146.042121,,,,,,,,,,,,,,
BASE,SIMULACION_CINCO_DIAS-ALTA-N02,SIMULACION_CINCO_DIAS,ALTA,2,9,69,GENETICO,210,24725.8792,45300,30205.351667,205.351667,0,6,0,true,true,97.142857,98.412698,79830,11176,54.637097,,,,,,,,,,,,,,,
BASE,SIMULACION_CINCO_DIAS-ALTA-N02,SIMULACION_CINCO_DIAS,ALTA,2,10,70,GENETICO,210,23314.4618,45300,30205.681667,205.681667,0,6,0,true,true,97.142857,98.412698,79452,11170,54.637097,,,,,,,,,,,,,,,
BASE,SIMULACION_CINCO_DIAS-ALTA-N02,SIMULACION_CINCO_DIAS,ALTA,2,10,70,RECOCIDO_SIMULADO,210,4019.6838,17385,30209.533333,209.533333,0,6,0,true,true,97.142857,98.412698,83554,11840,54.637097,79.055624,,,,,,,,,,,,,,
BASE,SIMULACION_CINCO_DIAS-ALTA-N02,SIMULACION_CINCO_DIAS,ALTA,2,11,71,RECOCIDO_SIMULADO,210,3785.1729,16385,30212.375,212.375,0,6,0,true,true,97.142857,98.412698,83316,11948,54.637097,62.065799,,,,,,,,,,,,,,
BASE,SIMULACION_CINCO_DIAS-ALTA-N02,SIMULACION_CINCO_DIAS,ALTA,2,11,71,GENETICO,210,26000.5541,45300,30205.681667,205.681667,0,6,0,true,true,97.142857,98.412698,80248,11258,54.637097,,,,,,,,,,,,,,,
BASE,SIMULACION_CINCO_DIAS-ALTA-N02,SIMULACION_CINCO_DIAS,ALTA,2,12,72,GENETICO,210,23906.7272,45300,30205.681667,205.681667,0,6,0,true,true,97.142857,98.412698,81088,11282,54.637097,,,,,,,,,,,,,,,
BASE,SIMULACION_CINCO_DIAS-ALTA-N02,SIMULACION_CINCO_DIAS,ALTA,2,12,72,RECOCIDO_SIMULADO,210,4191.7987,18105,30216.116667,216.116667,0,6,0,true,true,97.142857,98.412698,83768,11770,54.637097,128.088728,,,,,,,,,,,,,,
BASE,SIMULACION_CINCO_DIAS-ALTA-N02,SIMULACION_CINCO_DIAS,ALTA,2,13,73,RECOCIDO_SIMULADO,210,4195.4704,18265,30219.141667,219.141667,0,6,0,true,true,97.142857,98.412698,83264,11696,54.637097,132.879062,,,,,,,,,,,,,,
BASE,SIMULACION_CINCO_DIAS-ALTA-N02,SIMULACION_CINCO_DIAS,ALTA,2,13,73,GENETICO,210,23506.8866,45300,30205.681667,205.681667,0,6,0,true,true,97.142857,98.412698,78336,11062,54.637097,,,,,,,,,,,,,,,
BASE,SIMULACION_CINCO_DIAS-ALTA-N02,SIMULACION_CINCO_DIAS,ALTA,2,14,74,GENETICO,210,25339.5021,45300,30205.681667,205.681667,0,6,0,true,true,97.142857,98.412698,77260,11018,54.637097,,,,,,,,,,,,,,,
BASE,SIMULACION_CINCO_DIAS-ALTA-N02,SIMULACION_CINCO_DIAS,ALTA,2,14,74,RECOCIDO_SIMULADO,210,3785.7639,16225,30211.116667,211.116667,0,6,0,true,true,97.142857,98.412698,81522,11682,54.637097,77.871308,,,,,,,,,,,,,,
BASE,SIMULACION_CINCO_DIAS-ALTA-N02,SIMULACION_CINCO_DIAS,ALTA,2,15,75,RECOCIDO_SIMULADO,210,3991.3795,16945,30217.026667,217.026667,0,6,0,true,true,97.142857,98.412698,82114,11468,54.637097,114.710079,,,,,,,,,,,,,,
BASE,SIMULACION_CINCO_DIAS-ALTA-N02,SIMULACION_CINCO_DIAS,ALTA,2,15,75,GENETICO,210,26299.5723,45300,30205.681667,205.681667,0,6,0,true,true,97.142857,98.412698,80024,11344,54.637097,,,,,,,,,,,,,,,
BASE,SIMULACION_CINCO_DIAS-ALTA-N02,SIMULACION_CINCO_DIAS,ALTA,2,16,76,GENETICO,210,24948.9937,45300,30205.681667,205.681667,0,6,0,true,true,97.142857,98.412698,79914,11158,54.637097,,,,,,,,,,,,,,,
BASE,SIMULACION_CINCO_DIAS-ALTA-N02,SIMULACION_CINCO_DIAS,ALTA,2,16,76,RECOCIDO_SIMULADO,210,3969.8318,17105,30217.983333,217.983333,0,6,0,true,true,97.142857,98.412698,82732,11694,54.637097,112.887025,,,,,,,,,,,,,,
BASE,SIMULACION_CINCO_DIAS-ALTA-N02,SIMULACION_CINCO_DIAS,ALTA,2,17,77,RECOCIDO_SIMULADO,210,4400.6534,18265,30212.938333,212.938333,0,6,0,true,true,97.142857,98.412698,81920,11738,54.637097,126.799467,,,,,,,,,,,,,,
BASE,SIMULACION_CINCO_DIAS-ALTA-N02,SIMULACION_CINCO_DIAS,ALTA,2,17,77,GENETICO,210,26756.5204,45300,30205.681667,205.681667,0,6,0,true,true,97.142857,98.412698,81576,11464,54.637097,,,,,,,,,,,,,,,
BASE,SIMULACION_CINCO_DIAS-ALTA-N03,SIMULACION_CINCO_DIAS,ALTA,3,0,78,GENETICO,246,32064.2841,45300,35241.945,241.945,0,7,0,true,true,97.154472,95.833333,87698,13308,61.391129,,,,,,,,,,,,,,,
BASE,SIMULACION_CINCO_DIAS-ALTA-N03,SIMULACION_CINCO_DIAS,ALTA,3,0,78,RECOCIDO_SIMULADO,246,5836.0611,21545,35266.323333,266.323333,0,7,0,true,true,97.154472,95.833333,95872,14008,61.391129,329.68853,,,,,,,,,,,,,,
BASE,SIMULACION_CINCO_DIAS-ALTA-N03,SIMULACION_CINCO_DIAS,ALTA,3,1,79,RECOCIDO_SIMULADO,246,5858.3056,21585,35268.461667,268.461667,0,7,0,true,true,97.154472,95.833333,93980,13982,61.391129,298.652364,,,,,,,,,,,,,,
BASE,SIMULACION_CINCO_DIAS-ALTA-N03,SIMULACION_CINCO_DIAS,ALTA,3,1,79,GENETICO,246,30146.21,45300,35241.715,241.715,0,7,0,true,true,97.154472,95.833333,88364,13280,61.391129,,,,,,,,,,,,,,,
BASE,SIMULACION_CINCO_DIAS-ALTA-N03,SIMULACION_CINCO_DIAS,ALTA,3,2,80,GENETICO,246,32642.9787,45300,35241.801667,241.801667,0,7,0,true,true,97.154472,95.833333,87116,12788,61.391129,,,,,,,,,,,,,,,
BASE,SIMULACION_CINCO_DIAS-ALTA-N03,SIMULACION_CINCO_DIAS,ALTA,3,2,80,RECOCIDO_SIMULADO,246,5956.5726,20585,35264.355,264.355,0,7,0,true,true,97.154472,95.833333,92286,13750,61.391129,208.668982,,,,,,,,,,,,,,
BASE,SIMULACION_CINCO_DIAS-ALTA-N03,SIMULACION_CINCO_DIAS,ALTA,3,3,81,RECOCIDO_SIMULADO,246,6073.4486,21345,35263.236667,263.236667,0,7,0,true,true,97.154472,95.833333,93542,13558,61.391129,238.047109,,,,,,,,,,,,,,
BASE,SIMULACION_CINCO_DIAS-ALTA-N03,SIMULACION_CINCO_DIAS,ALTA,3,3,81,GENETICO,246,32347.8103,45300,35241.718333,241.718333,0,7,0,true,true,97.154472,95.833333,88554,12916,61.391129,,,,,,,,,,,,,,,
BASE,SIMULACION_CINCO_DIAS-ALTA-N03,SIMULACION_CINCO_DIAS,ALTA,3,4,82,GENETICO,246,33117.3806,45300,35241.801667,241.801667,0,7,0,true,true,97.154472,95.833333,90742,13664,61.391129,,,,,,,,,,,,,,,
BASE,SIMULACION_CINCO_DIAS-ALTA-N03,SIMULACION_CINCO_DIAS,ALTA,3,4,82,RECOCIDO_SIMULADO,246,5856.2629,20825,35261.58,261.58,0,7,0,true,true,97.154472,95.833333,94064,14466,61.391129,274.820428,,,,,,,,,,,,,,
BASE,SIMULACION_CINCO_DIAS-ALTA-N03,SIMULACION_CINCO_DIAS,ALTA,3,5,83,RECOCIDO_SIMULADO,246,6009.5283,21625,35266.89,266.89,0,7,0,true,true,97.154472,95.833333,93986,13980,61.391129,242.666681,,,,,,,,,,,,,,
BASE,SIMULACION_CINCO_DIAS-ALTA-N03,SIMULACION_CINCO_DIAS,ALTA,3,5,83,GENETICO,246,30482.0698,45300,35241.718333,241.718333,0,7,0,true,true,97.154472,95.833333,90416,13186,61.391129,,,,,,,,,,,,,,,
BASE,SIMULACION_CINCO_DIAS-ALTA-N03,SIMULACION_CINCO_DIAS,ALTA,3,6,84,GENETICO,246,31429.9658,45300,35241.731667,241.731667,0,7,0,true,true,97.154472,95.833333,89724,13182,61.391129,,,,,,,,,,,,,,,
BASE,SIMULACION_CINCO_DIAS-ALTA-N03,SIMULACION_CINCO_DIAS,ALTA,3,6,84,RECOCIDO_SIMULADO,246,5967.6065,21985,35267.965,267.965,0,7,0,true,true,97.154472,95.833333,96066,14778,61.391129,272.610555,,,,,,,,,,,,,,
BASE,SIMULACION_CINCO_DIAS-ALTA-N03,SIMULACION_CINCO_DIAS,ALTA,3,7,85,RECOCIDO_SIMULADO,246,5794.0267,20705,35268.728333,268.728333,0,7,0,true,true,97.154472,95.833333,91746,13530,61.391129,202.548902,,,,,,,,,,,,,,
BASE,SIMULACION_CINCO_DIAS-ALTA-N03,SIMULACION_CINCO_DIAS,ALTA,3,7,85,GENETICO,246,32225.659,45300,35241.651667,241.651667,0,7,0,true,true,97.154472,95.833333,92064,13140,61.391129,,,,,,,,,,,,,,,
BASE,SIMULACION_CINCO_DIAS-ALTA-N03,SIMULACION_CINCO_DIAS,ALTA,3,8,86,GENETICO,246,31868.0041,45300,35241.801667,241.801667,0,7,0,true,true,97.154472,95.833333,89726,13132,61.391129,,,,,,,,,,,,,,,
BASE,SIMULACION_CINCO_DIAS-ALTA-N03,SIMULACION_CINCO_DIAS,ALTA,3,8,86,RECOCIDO_SIMULADO,246,5924.3843,21465,35261.723333,261.723333,0,7,0,true,true,97.154472,95.833333,93934,14598,61.391129,285.084612,,,,,,,,,,,,,,
BASE,SIMULACION_CINCO_DIAS-ALTA-N03,SIMULACION_CINCO_DIAS,ALTA,3,9,87,RECOCIDO_SIMULADO,246,5347.728,19505,35269.01,269.01,0,7,0,true,true,97.154472,95.833333,92428,14202,61.391129,151.296511,,,,,,,,,,,,,,
BASE,SIMULACION_CINCO_DIAS-ALTA-N03,SIMULACION_CINCO_DIAS,ALTA,3,9,87,GENETICO,246,28775.2551,45300,35241.326667,241.326667,0,7,0,true,true,97.154472,95.833333,89564,13046,61.391129,,,,,,,,,,,,,,,
BASE,SIMULACION_CINCO_DIAS-ALTA-N03,SIMULACION_CINCO_DIAS,ALTA,3,10,88,GENETICO,246,31817.713,45300,35241.651667,241.651667,0,7,0,true,true,97.154472,95.833333,87664,13226,61.391129,,,,,,,,,,,,,,,
BASE,SIMULACION_CINCO_DIAS-ALTA-N03,SIMULACION_CINCO_DIAS,ALTA,3,10,88,RECOCIDO_SIMULADO,246,5297.5624,19105,35278.316667,278.316667,0,7,0,true,true,97.154472,95.833333,92928,13504,61.391129,150.658689,,,,,,,,,,,,,,
BASE,SIMULACION_CINCO_DIAS-ALTA-N03,SIMULACION_CINCO_DIAS,ALTA,3,11,89,RECOCIDO_SIMULADO,246,5213.6545,19185,35268.793333,268.793333,0,7,0,true,true,97.154472,95.833333,95882,14544,61.391129,161.630828,,,,,,,,,,,,,,
BASE,SIMULACION_CINCO_DIAS-ALTA-N03,SIMULACION_CINCO_DIAS,ALTA,3,11,89,GENETICO,246,31691.59,45300,35241.718333,241.718333,0,7,0,true,true,97.154472,95.833333,90194,13188,61.391129,,,,,,,,,,,,,,,
BASE,SIMULACION_CINCO_DIAS-ALTA-N03,SIMULACION_CINCO_DIAS,ALTA,3,12,90,GENETICO,246,29917.4564,45300,35241.99,241.99,0,7,0,true,true,97.154472,95.833333,90818,13268,61.391129,,,,,,,,,,,,,,,
BASE,SIMULACION_CINCO_DIAS-ALTA-N03,SIMULACION_CINCO_DIAS,ALTA,3,12,90,RECOCIDO_SIMULADO,246,5444.1801,19865,35269.058333,269.058333,0,7,0,true,true,97.154472,95.833333,92710,13418,61.391129,164.95273,,,,,,,,,,,,,,
BASE,SIMULACION_CINCO_DIAS-ALTA-N03,SIMULACION_CINCO_DIAS,ALTA,3,13,91,RECOCIDO_SIMULADO,246,5552.8395,20065,35270.711667,270.711667,0,7,0,true,true,97.154472,95.833333,97756,14294,61.391129,189.426544,,,,,,,,,,,,,,
BASE,SIMULACION_CINCO_DIAS-ALTA-N03,SIMULACION_CINCO_DIAS,ALTA,3,13,91,GENETICO,246,29300.1227,45300,35241.651667,241.651667,0,7,0,true,true,97.154472,95.833333,91422,12992,61.391129,,,,,,,,,,,,,,,
BASE,SIMULACION_CINCO_DIAS-ALTA-N03,SIMULACION_CINCO_DIAS,ALTA,3,14,92,GENETICO,246,32875.8994,45300,35241.718333,241.718333,0,7,0,true,true,97.154472,95.833333,91508,13638,61.391129,,,,,,,,,,,,,,,
BASE,SIMULACION_CINCO_DIAS-ALTA-N03,SIMULACION_CINCO_DIAS,ALTA,3,14,92,RECOCIDO_SIMULADO,246,5848.2773,20745,35272.5,272.5,0,7,0,true,true,97.154472,95.833333,93320,13672,61.391129,222.795696,,,,,,,,,,,,,,
BASE,SIMULACION_CINCO_DIAS-ALTA-N03,SIMULACION_CINCO_DIAS,ALTA,3,15,93,RECOCIDO_SIMULADO,246,6013.1011,21425,35257.163333,257.163333,0,7,0,true,true,97.154472,95.833333,94250,14034,61.391129,305.51435,,,,,,,,,,,,,,
BASE,SIMULACION_CINCO_DIAS-ALTA-N03,SIMULACION_CINCO_DIAS,ALTA,3,15,93,GENETICO,246,31441.1331,45300,35241.718333,241.718333,0,7,0,true,true,97.154472,95.833333,90642,13082,61.391129,,,,,,,,,,,,,,,
BASE,SIMULACION_CINCO_DIAS-ALTA-N03,SIMULACION_CINCO_DIAS,ALTA,3,16,94,GENETICO,246,30067.8581,45300,35241.628333,241.628333,0,7,0,true,true,97.154472,95.833333,92196,13632,61.391129,,,,,,,,,,,,,,,
BASE,SIMULACION_CINCO_DIAS-ALTA-N03,SIMULACION_CINCO_DIAS,ALTA,3,16,94,RECOCIDO_SIMULADO,246,5267.8154,19465,35269.988333,269.988333,0,7,0,true,true,97.154472,95.833333,96120,14488,61.391129,140.139342,,,,,,,,,,,,,,
BASE,SIMULACION_CINCO_DIAS-ALTA-N03,SIMULACION_CINCO_DIAS,ALTA,3,17,95,RECOCIDO_SIMULADO,246,6302.6244,22625,35262.753333,262.753333,0,7,0,true,true,97.154472,95.833333,92824,13776,61.391129,420.993364,,,,,,,,,,,,,,
BASE,SIMULACION_CINCO_DIAS-ALTA-N03,SIMULACION_CINCO_DIAS,ALTA,3,17,95,GENETICO,246,31767.7311,45300,35241.35,241.35,0,7,0,true,true,97.154472,95.833333,92084,13168,61.391129,,,,,,,,,,,,,,,
BASE,SIMULACION_CINCO_DIAS-ALTA-N04,SIMULACION_CINCO_DIAS,ALTA,4,0,96,GENETICO,235,27128.7757,45300,55226.841667,226.841667,0,11,0,true,true,95.319149,95.302013,92630,13046,61.441532,,,,,,,,,,,,,,,
BASE,SIMULACION_CINCO_DIAS-ALTA-N04,SIMULACION_CINCO_DIAS,ALTA,4,0,96,RECOCIDO_SIMULADO,235,6297.9292,21865,55245.118333,245.118333,0,11,0,true,true,95.319149,95.302013,93656,13254,61.441532,291.988819,,,,,,,,,,,,,,
BASE,SIMULACION_CINCO_DIAS-ALTA-N04,SIMULACION_CINCO_DIAS,ALTA,4,1,97,RECOCIDO_SIMULADO,235,6268.7132,21905,55237.893333,237.893333,0,11,0,true,true,95.319149,95.302013,92300,13508,61.441532,276.124057,,,,,,,,,,,,,,
BASE,SIMULACION_CINCO_DIAS-ALTA-N04,SIMULACION_CINCO_DIAS,ALTA,4,1,97,GENETICO,235,25439.7473,45300,55226.841667,226.841667,0,11,0,true,true,95.319149,95.302013,87338,12330,61.441532,,,,,,,,,,,,,,,
BASE,SIMULACION_CINCO_DIAS-ALTA-N04,SIMULACION_CINCO_DIAS,ALTA,4,2,98,GENETICO,235,24808.4374,45300,55227.126667,227.126667,0,11,0,true,true,95.319149,95.302013,90088,12698,61.441532,,,,,,,,,,,,,,,
BASE,SIMULACION_CINCO_DIAS-ALTA-N04,SIMULACION_CINCO_DIAS,ALTA,4,2,98,RECOCIDO_SIMULADO,235,6096.1139,21225,55235.136667,235.136667,0,11,0,true,true,95.319149,95.302013,91934,13826,61.441532,225.109924,,,,,,,,,,,,,,
BASE,SIMULACION_CINCO_DIAS-ALTA-N04,SIMULACION_CINCO_DIAS,ALTA,4,3,99,RECOCIDO_SIMULADO,235,6345.1692,22225,55243.036667,243.036667,0,11,0,true,true,95.319149,95.302013,94042,13542,61.441532,344.791313,,,,,,,,,,,,,,
BASE,SIMULACION_CINCO_DIAS-ALTA-N04,SIMULACION_CINCO_DIAS,ALTA,4,3,99,GENETICO,235,24925.9686,45300,55228.783333,228.783333,0,11,0,true,true,95.319149,95.302013,91798,12810,61.441532,,,,,,,,,,,,,,,
BASE,SIMULACION_CINCO_DIAS-ALTA-N04,SIMULACION_CINCO_DIAS,ALTA,4,4,100,GENETICO,235,26848.0928,45300,55227.008333,227.008333,0,11,0,true,true,95.319149,95.302013,91048,13064,61.441532,,,,,,,,,,,,,,,
BASE,SIMULACION_CINCO_DIAS-ALTA-N04,SIMULACION_CINCO_DIAS,ALTA,4,4,100,RECOCIDO_SIMULADO,235,6077.0311,21145,55246.65,246.65,0,11,0,true,true,95.319149,95.302013,91322,13302,61.441532,249.42425,,,,,,,,,,,,,,
BASE,SIMULACION_CINCO_DIAS-ALTA-N04,SIMULACION_CINCO_DIAS,ALTA,4,5,101,RECOCIDO_SIMULADO,235,6173.2629,21305,55243.456667,243.456667,0,11,0,true,true,95.319149,95.302013,93790,14098,61.441532,253.108312,,,,,,,,,,,,,,
BASE,SIMULACION_CINCO_DIAS-ALTA-N04,SIMULACION_CINCO_DIAS,ALTA,4,5,101,GENETICO,235,25330.0541,45300,55226.841667,226.841667,0,11,0,true,true,95.319149,95.302013,91914,13358,61.441532,,,,,,,,,,,,,,,
BASE,SIMULACION_CINCO_DIAS-ALTA-N04,SIMULACION_CINCO_DIAS,ALTA,4,6,102,GENETICO,235,22701.9034,45300,55226.266667,226.266667,0,11,0,true,true,95.319149,95.302013,87284,12356,61.441532,,,,,,,,,,,,,,,
BASE,SIMULACION_CINCO_DIAS-ALTA-N04,SIMULACION_CINCO_DIAS,ALTA,4,6,102,RECOCIDO_SIMULADO,235,6375.0418,22425,55240.273333,240.273333,0,11,0,true,true,95.319149,95.302013,92922,13806,61.441532,296.564075,,,,,,,,,,,,,,
BASE,SIMULACION_CINCO_DIAS-ALTA-N04,SIMULACION_CINCO_DIAS,ALTA,4,7,103,RECOCIDO_SIMULADO,235,6379.4732,22425,55238.398333,238.398333,0,11,0,true,true,95.319149,95.302013,92494,13542,61.441532,335.362423,,,,,,,,,,,,,,
BASE,SIMULACION_CINCO_DIAS-ALTA-N04,SIMULACION_CINCO_DIAS,ALTA,4,7,103,GENETICO,235,27154.6791,45300,55228.133333,228.133333,0,11,0,true,true,95.319149,95.302013,87996,12656,61.441532,,,,,,,,,,,,,,,
BASE,SIMULACION_CINCO_DIAS-ALTA-N04,SIMULACION_CINCO_DIAS,ALTA,4,8,104,GENETICO,235,26558.8457,45300,55227.326667,227.326667,0,11,0,true,true,95.319149,95.302013,88916,12930,61.441532,,,,,,,,,,,,,,,
BASE,SIMULACION_CINCO_DIAS-ALTA-N04,SIMULACION_CINCO_DIAS,ALTA,4,8,104,RECOCIDO_SIMULADO,235,6100.7794,21425,55237.351667,237.351667,0,11,0,true,true,95.319149,95.302013,90738,13270,61.441532,254.023962,,,,,,,,,,,,,,
BASE,SIMULACION_CINCO_DIAS-ALTA-N04,SIMULACION_CINCO_DIAS,ALTA,4,9,105,RECOCIDO_SIMULADO,235,6108.1963,21745,55242.8,242.8,0,11,0,true,true,95.319149,95.302013,91306,13176,61.441532,309.369266,,,,,,,,,,,,,,
BASE,SIMULACION_CINCO_DIAS-ALTA-N04,SIMULACION_CINCO_DIAS,ALTA,4,9,105,GENETICO,235,25918.5619,45300,55226.841667,226.841667,0,11,0,true,true,95.319149,95.302013,89824,12702,61.441532,,,,,,,,,,,,,,,
BASE,SIMULACION_CINCO_DIAS-ALTA-N04,SIMULACION_CINCO_DIAS,ALTA,4,10,106,GENETICO,235,25172.0594,45300,55226.466667,226.466667,0,11,0,true,true,95.319149,95.302013,89360,12664,61.441532,,,,,,,,,,,,,,,
BASE,SIMULACION_CINCO_DIAS-ALTA-N04,SIMULACION_CINCO_DIAS,ALTA,4,10,106,RECOCIDO_SIMULADO,235,6726.7917,23345,55245.051667,245.051667,0,11,0,true,true,95.319149,95.302013,93616,13344,61.441532,413.650902,,,,,,,,,,,,,,
BASE,SIMULACION_CINCO_DIAS-ALTA-N04,SIMULACION_CINCO_DIAS,ALTA,4,11,107,RECOCIDO_SIMULADO,235,6328.8265,21985,55236.835,236.835,0,11,0,true,true,95.319149,95.302013,87766,12510,61.441532,277.85385,,,,,,,,,,,,,,
BASE,SIMULACION_CINCO_DIAS-ALTA-N04,SIMULACION_CINCO_DIAS,ALTA,4,11,107,GENETICO,235,26039.455,45300,55226.841667,226.841667,0,11,0,true,true,95.319149,95.302013,88724,12530,61.441532,,,,,,,,,,,,,,,
BASE,SIMULACION_CINCO_DIAS-ALTA-N04,SIMULACION_CINCO_DIAS,ALTA,4,12,108,GENETICO,235,25796.4286,45300,55227.326667,227.326667,0,11,0,true,true,95.319149,95.302013,91078,13082,61.441532,,,,,,,,,,,,,,,
BASE,SIMULACION_CINCO_DIAS-ALTA-N04,SIMULACION_CINCO_DIAS,ALTA,4,12,108,RECOCIDO_SIMULADO,235,6064.7526,21505,55239.805,239.805,0,11,0,true,true,95.319149,95.302013,88682,12694,61.441532,282.420515,,,,,,,,,,,,,,
BASE,SIMULACION_CINCO_DIAS-ALTA-N04,SIMULACION_CINCO_DIAS,ALTA,4,13,109,RECOCIDO_SIMULADO,235,6279.368,22185,55241.696667,241.696667,0,11,0,true,true,95.319149,95.302013,93312,13970,61.441532,309.806533,,,,,,,,,,,,,,
BASE,SIMULACION_CINCO_DIAS-ALTA-N04,SIMULACION_CINCO_DIAS,ALTA,4,13,109,GENETICO,235,26151.6134,45300,55227.126667,227.126667,0,11,0,true,true,95.319149,95.302013,90320,12772,61.441532,,,,,,,,,,,,,,,
BASE,SIMULACION_CINCO_DIAS-ALTA-N04,SIMULACION_CINCO_DIAS,ALTA,4,14,110,GENETICO,235,25538.8289,45300,55227.126667,227.126667,0,11,0,true,true,95.319149,95.302013,89352,12662,61.441532,,,,,,,,,,,,,,,
BASE,SIMULACION_CINCO_DIAS-ALTA-N04,SIMULACION_CINCO_DIAS,ALTA,4,14,110,RECOCIDO_SIMULADO,235,6813.3835,23785,55239.916667,239.916667,0,11,0,true,true,95.319149,95.302013,91378,13264,61.441532,493.95666,,,,,,,,,,,,,,
BASE,SIMULACION_CINCO_DIAS-ALTA-N04,SIMULACION_CINCO_DIAS,ALTA,4,15,111,RECOCIDO_SIMULADO,235,6430.756,22025,55240.896667,240.896667,0,11,0,true,true,95.319149,95.302013,92684,13740,61.441532,284.187726,,,,,,,,,,,,,,
BASE,SIMULACION_CINCO_DIAS-ALTA-N04,SIMULACION_CINCO_DIAS,ALTA,4,15,111,GENETICO,235,23650.4065,45300,55226.266667,226.266667,0,11,0,true,true,95.319149,95.302013,89366,12488,61.441532,,,,,,,,,,,,,,,
BASE,SIMULACION_CINCO_DIAS-ALTA-N04,SIMULACION_CINCO_DIAS,ALTA,4,16,112,GENETICO,235,25005.634,45300,55229.993333,229.993333,0,11,0,true,true,95.319149,95.302013,89002,12462,61.441532,,,,,,,,,,,,,,,
BASE,SIMULACION_CINCO_DIAS-ALTA-N04,SIMULACION_CINCO_DIAS,ALTA,4,16,112,RECOCIDO_SIMULADO,235,6054.872,21345,55242.068333,242.068333,0,11,0,true,true,95.319149,95.302013,91274,12924,61.441532,283.539344,,,,,,,,,,,,,,
BASE,SIMULACION_CINCO_DIAS-ALTA-N04,SIMULACION_CINCO_DIAS,ALTA,4,17,113,RECOCIDO_SIMULADO,235,6079.4655,21345,55242.541667,242.541667,0,11,0,true,true,95.319149,95.302013,89642,13364,61.441532,281.645949,,,,,,,,,,,,,,
BASE,SIMULACION_CINCO_DIAS-ALTA-N04,SIMULACION_CINCO_DIAS,ALTA,4,17,113,GENETICO,235,26440.036,45300,55227.126667,227.126667,0,11,0,true,true,95.319149,95.302013,89546,12714,61.441532,,,,,,,,,,,,,,,
BASE,SIMULACION_CINCO_DIAS-ALTA-N05,SIMULACION_CINCO_DIAS,ALTA,5,0,114,GENETICO,194,24990.1652,45300,45186.941667,186.941667,0,9,0,true,true,95.360825,95.652174,73028,9812,50.100806,,,,,,,,,,,,,,,
BASE,SIMULACION_CINCO_DIAS-ALTA-N05,SIMULACION_CINCO_DIAS,ALTA,5,0,114,RECOCIDO_SIMULADO,194,4139.9843,17505,45191.266667,191.266667,0,9,0,true,true,95.360825,95.652174,74342,10084,50.100806,110.150047,,,,,,,,,,,,,,
BASE,SIMULACION_CINCO_DIAS-ALTA-N05,SIMULACION_CINCO_DIAS,ALTA,5,1,115,RECOCIDO_SIMULADO,194,4773.497,20145,45196.525,196.525,0,9,0,true,true,95.360825,95.652174,73316,9870,50.100806,233.450753,,,,,,,,,,,,,,
BASE,SIMULACION_CINCO_DIAS-ALTA-N05,SIMULACION_CINCO_DIAS,ALTA,5,1,115,GENETICO,194,23554.5324,45300,45186.941667,186.941667,0,9,0,true,true,95.360825,95.652174,74166,10106,50.100806,,,,,,,,,,,,,,,
BASE,SIMULACION_CINCO_DIAS-ALTA-N05,SIMULACION_CINCO_DIAS,ALTA,5,2,116,GENETICO,194,23333.5313,45300,45186.941667,186.941667,0,9,0,true,true,95.360825,95.652174,72994,9768,50.100806,,,,,,,,,,,,,,,
BASE,SIMULACION_CINCO_DIAS-ALTA-N05,SIMULACION_CINCO_DIAS,ALTA,5,2,116,RECOCIDO_SIMULADO,194,4416.698,18785,45192.658333,192.658333,0,9,0,true,true,95.360825,95.652174,76540,10536,50.100806,139.942013,,,,,,,,,,,,,,
BASE,SIMULACION_CINCO_DIAS-ALTA-N05,SIMULACION_CINCO_DIAS,ALTA,5,3,117,RECOCIDO_SIMULADO,194,4678.1666,19825,45192.183333,192.183333,0,9,0,true,true,95.360825,95.652174,76288,9852,50.100806,179.787685,,,,,,,,,,,,,,
BASE,SIMULACION_CINCO_DIAS-ALTA-N05,SIMULACION_CINCO_DIAS,ALTA,5,3,117,GENETICO,194,23493.7444,45300,45186.941667,186.941667,0,9,0,true,true,95.360825,95.652174,73092,9928,50.100806,,,,,,,,,,,,,,,
BASE,SIMULACION_CINCO_DIAS-ALTA-N05,SIMULACION_CINCO_DIAS,ALTA,5,4,118,GENETICO,194,23899.4325,45300,45186.941667,186.941667,0,9,0,true,true,95.360825,95.652174,74814,10198,50.100806,,,,,,,,,,,,,,,
BASE,SIMULACION_CINCO_DIAS-ALTA-N05,SIMULACION_CINCO_DIAS,ALTA,5,4,118,RECOCIDO_SIMULADO,194,4562.8423,19305,45193.528333,193.528333,0,9,0,true,true,95.360825,95.652174,74204,9998,50.100806,163.801146,,,,,,,,,,,,,,
BASE,SIMULACION_CINCO_DIAS-ALTA-N05,SIMULACION_CINCO_DIAS,ALTA,5,5,119,RECOCIDO_SIMULADO,194,4479.4752,19105,45192.04,192.04,0,9,0,true,true,95.360825,95.652174,74576,9918,50.100806,134.475358,,,,,,,,,,,,,,
BASE,SIMULACION_CINCO_DIAS-ALTA-N05,SIMULACION_CINCO_DIAS,ALTA,5,5,119,GENETICO,194,24443.987,45300,45186.941667,186.941667,0,9,0,true,true,95.360825,95.652174,73564,10050,50.100806,,,,,,,,,,,,,,,
BASE,SIMULACION_CINCO_DIAS-ALTA-N05,SIMULACION_CINCO_DIAS,ALTA,5,6,120,GENETICO,194,25047.1523,45300,45186.641667,186.641667,0,9,0,true,true,95.360825,95.652174,73096,9970,50.100806,,,,,,,,,,,,,,,
BASE,SIMULACION_CINCO_DIAS-ALTA-N05,SIMULACION_CINCO_DIAS,ALTA,5,6,120,RECOCIDO_SIMULADO,194,4513.1431,19505,45192.658333,192.658333,0,9,0,true,true,95.360825,95.652174,74148,9998,50.100806,249.571361,,,,,,,,,,,,,,
BASE,SIMULACION_CINCO_DIAS-ALTA-N05,SIMULACION_CINCO_DIAS,ALTA,5,7,121,RECOCIDO_SIMULADO,194,4234.1122,18105,45192.171667,192.171667,0,9,0,true,true,95.360825,95.652174,74308,10038,50.100806,127.721881,,,,,,,,,,,,,,
BASE,SIMULACION_CINCO_DIAS-ALTA-N05,SIMULACION_CINCO_DIAS,ALTA,5,7,121,GENETICO,194,24469.1578,45300,45186.641667,186.641667,0,9,0,true,true,95.360825,95.652174,74314,9896,50.100806,,,,,,,,,,,,,,,
BASE,SIMULACION_CINCO_DIAS-ALTA-N05,SIMULACION_CINCO_DIAS,ALTA,5,8,122,GENETICO,194,25148.7979,45300,45186.941667,186.941667,0,9,0,true,true,95.360825,95.652174,74890,10104,50.100806,,,,,,,,,,,,,,,
BASE,SIMULACION_CINCO_DIAS-ALTA-N05,SIMULACION_CINCO_DIAS,ALTA,5,8,122,RECOCIDO_SIMULADO,194,4640.6414,19745,45190.975,190.975,0,9,0,true,true,95.360825,95.652174,75092,10138,50.100806,200.098841,,,,,,,,,,,,,,
BASE,SIMULACION_CINCO_DIAS-ALTA-N05,SIMULACION_CINCO_DIAS,ALTA,5,9,123,RECOCIDO_SIMULADO,194,4734.0737,20225,45191.325,191.325,0,9,0,true,true,95.360825,95.652174,73604,9740,50.100806,230.188129,,,,,,,,,,,,,,
BASE,SIMULACION_CINCO_DIAS-ALTA-N05,SIMULACION_CINCO_DIAS,ALTA,5,9,123,GENETICO,194,22501.3941,45300,45186.941667,186.941667,0,9,0,true,true,95.360825,95.652174,74188,10086,50.100806,,,,,,,,,,,,,,,
BASE,SIMULACION_CINCO_DIAS-ALTA-N05,SIMULACION_CINCO_DIAS,ALTA,5,10,124,GENETICO,194,24092.0599,45300,45186.941667,186.941667,0,9,0,true,true,95.360825,95.652174,71676,9874,50.100806,,,,,,,,,,,,,,,
BASE,SIMULACION_CINCO_DIAS-ALTA-N05,SIMULACION_CINCO_DIAS,ALTA,5,10,124,RECOCIDO_SIMULADO,194,4700.8418,20185,45190.183333,190.183333,0,9,0,true,true,95.360825,95.652174,74980,10000,50.100806,218.049548,,,,,,,,,,,,,,
BASE,SIMULACION_CINCO_DIAS-ALTA-N05,SIMULACION_CINCO_DIAS,ALTA,5,11,125,RECOCIDO_SIMULADO,194,4365.5282,18345,45190.133333,190.133333,0,9,0,true,true,95.360825,95.652174,74850,10062,50.100806,111.552916,,,,,,,,,,,,,,
BASE,SIMULACION_CINCO_DIAS-ALTA-N05,SIMULACION_CINCO_DIAS,ALTA,5,11,125,GENETICO,194,24387.5225,45300,45186.941667,186.941667,0,9,0,true,true,95.360825,95.652174,72290,9800,50.100806,,,,,,,,,,,,,,,
BASE,SIMULACION_CINCO_DIAS-ALTA-N05,SIMULACION_CINCO_DIAS,ALTA,5,12,126,GENETICO,194,23558.7186,45300,45186.941667,186.941667,0,9,0,true,true,95.360825,95.652174,74002,9982,50.100806,,,,,,,,,,,,,,,
BASE,SIMULACION_CINCO_DIAS-ALTA-N05,SIMULACION_CINCO_DIAS,ALTA,5,12,126,RECOCIDO_SIMULADO,194,4705.8364,20105,45192.183333,192.183333,0,9,0,true,true,95.360825,95.652174,75762,9812,50.100806,188.912088,,,,,,,,,,,,,,
BASE,SIMULACION_CINCO_DIAS-ALTA-N05,SIMULACION_CINCO_DIAS,ALTA,5,13,127,RECOCIDO_SIMULADO,194,4521.0796,19265,45191.725,191.725,0,9,0,true,true,95.360825,95.652174,75094,10052,50.100806,156.096183,,,,,,,,,,,,,,
BASE,SIMULACION_CINCO_DIAS-ALTA-N05,SIMULACION_CINCO_DIAS,ALTA,5,13,127,GENETICO,194,21997.0506,45300,45186.941667,186.941667,0,9,0,true,true,95.360825,95.652174,72726,9814,50.100806,,,,,,,,,,,,,,,
BASE,SIMULACION_CINCO_DIAS-ALTA-N05,SIMULACION_CINCO_DIAS,ALTA,5,14,128,GENETICO,194,23555.4123,45300,45186.641667,186.641667,0,9,0,true,true,95.360825,95.652174,73308,9672,50.100806,,,,,,,,,,,,,,,
BASE,SIMULACION_CINCO_DIAS-ALTA-N05,SIMULACION_CINCO_DIAS,ALTA,5,14,128,RECOCIDO_SIMULADO,194,4442.3152,18825,45191.691667,191.691667,0,9,0,true,true,95.360825,95.652174,75524,10102,50.100806,141.814241,,,,,,,,,,,,,,
BASE,SIMULACION_CINCO_DIAS-ALTA-N05,SIMULACION_CINCO_DIAS,ALTA,5,15,129,RECOCIDO_SIMULADO,194,4246.7872,17985,45192.225,192.225,0,9,0,true,true,95.360825,95.652174,75524,10134,50.100806,119.782892,,,,,,,,,,,,,,
BASE,SIMULACION_CINCO_DIAS-ALTA-N05,SIMULACION_CINCO_DIAS,ALTA,5,15,129,GENETICO,194,24340.2078,45300,45186.941667,186.941667,0,9,0,true,true,95.360825,95.652174,73464,10266,50.100806,,,,,,,,,,,,,,,
BASE,SIMULACION_CINCO_DIAS-ALTA-N05,SIMULACION_CINCO_DIAS,ALTA,5,16,130,GENETICO,194,25950.9239,45300,45186.941667,186.941667,0,9,0,true,true,95.360825,95.652174,74946,10576,50.100806,,,,,,,,,,,,,,,
BASE,SIMULACION_CINCO_DIAS-ALTA-N05,SIMULACION_CINCO_DIAS,ALTA,5,16,130,RECOCIDO_SIMULADO,194,4324.2961,18585,45195.695,195.695,0,9,0,true,true,95.360825,95.652174,74012,9936,50.100806,164.532629,,,,,,,,,,,,,,
BASE,SIMULACION_CINCO_DIAS-ALTA-N05,SIMULACION_CINCO_DIAS,ALTA,5,17,131,RECOCIDO_SIMULADO,194,4438.5953,18985,45191.683333,191.683333,0,9,0,true,true,95.360825,95.652174,75012,10042,50.100806,172.990532,,,,,,,,,,,,,,
BASE,SIMULACION_CINCO_DIAS-ALTA-N05,SIMULACION_CINCO_DIAS,ALTA,5,17,131,GENETICO,194,24229.6143,45300,45186.941667,186.941667,0,9,0,true,true,95.360825,95.652174,74934,10046,50.100806,,,,,,,,,,,,,,,
BASE,SIMULACION_CINCO_DIAS-CRITICA-N01,SIMULACION_CINCO_DIAS,CRITICA,1,0,42,GENETICO,270,27505.3922,45300,45267.666667,267.666667,0,9,0,true,true,96.666667,95.287958,98650,14654,70.211694,,,,,,,,,,,,,,,
BASE,SIMULACION_CINCO_DIAS-CRITICA-N01,SIMULACION_CINCO_DIAS,CRITICA,1,0,42,RECOCIDO_SIMULADO,270,6463.7206,23345,45307.595,307.595,0,9,0,true,true,96.666667,95.287958,102716,15384,70.211694,348.617082,,,,,,,,,,,,,,
BASE,SIMULACION_CINCO_DIAS-CRITICA-N01,SIMULACION_CINCO_DIAS,CRITICA,1,1,43,RECOCIDO_SIMULADO,270,6631.9191,24145,45293.021667,293.021667,0,9,0,true,true,96.666667,95.287958,99494,15118,70.211694,427.306706,,,,,,,,,,,,,,
BASE,SIMULACION_CINCO_DIAS-CRITICA-N01,SIMULACION_CINCO_DIAS,CRITICA,1,1,43,GENETICO,270,27902.5696,45300,45267.401667,267.401667,0,9,0,true,true,96.666667,95.287958,100838,14638,70.211694,,,,,,,,,,,,,,,
BASE,SIMULACION_CINCO_DIAS-CRITICA-N01,SIMULACION_CINCO_DIAS,CRITICA,1,2,44,GENETICO,270,29764.0973,45300,45266.476667,266.476667,0,9,0,true,true,96.666667,95.287958,99600,14950,70.211694,,,,,,,,,,,,,,,
BASE,SIMULACION_CINCO_DIAS-CRITICA-N01,SIMULACION_CINCO_DIAS,CRITICA,1,2,44,RECOCIDO_SIMULADO,270,6465.9559,23505,45291.846667,291.846667,0,9,0,true,true,96.666667,95.287958,102020,15746,70.211694,392.18265,,,,,,,,,,,,,,
BASE,SIMULACION_CINCO_DIAS-CRITICA-N01,SIMULACION_CINCO_DIAS,CRITICA,1,3,45,RECOCIDO_SIMULADO,270,6479.3313,23785,45295.233333,295.233333,0,9,0,true,true,96.666667,95.287958,102650,15256,70.211694,401.049025,,,,,,,,,,,,,,
BASE,SIMULACION_CINCO_DIAS-CRITICA-N01,SIMULACION_CINCO_DIAS,CRITICA,1,3,45,GENETICO,270,27277.0568,45300,45268.341667,268.341667,0,9,0,true,true,96.666667,95.287958,101172,14944,70.211694,,,,,,,,,,,,,,,
BASE,SIMULACION_CINCO_DIAS-CRITICA-N01,SIMULACION_CINCO_DIAS,CRITICA,1,4,46,GENETICO,270,27964.2582,45300,45266.841667,266.841667,0,9,0,true,true,96.666667,95.287958,100600,14984,70.211694,,,,,,,,,,,,,,,
BASE,SIMULACION_CINCO_DIAS-CRITICA-N01,SIMULACION_CINCO_DIAS,CRITICA,1,4,46,RECOCIDO_SIMULADO,270,6395.0669,23145,45300.325,300.325,0,9,0,true,true,96.666667,95.287958,97042,15024,70.211694,339.008459,,,,,,,,,,,,,,
BASE,SIMULACION_CINCO_DIAS-CRITICA-N01,SIMULACION_CINCO_DIAS,CRITICA,1,5,47,RECOCIDO_SIMULADO,270,6366.1098,23105,45296.771667,296.771667,0,9,0,true,true,96.666667,95.287958,102040,15630,70.211694,340.565583,,,,,,,,,,,,,,
BASE,SIMULACION_CINCO_DIAS-CRITICA-N01,SIMULACION_CINCO_DIAS,CRITICA,1,5,47,GENETICO,270,27483.9866,45300,45266.248333,266.248333,0,9,0,true,true,96.666667,95.287958,93628,14000,70.211694,,,,,,,,,,,,,,,
BASE,SIMULACION_CINCO_DIAS-CRITICA-N01,SIMULACION_CINCO_DIAS,CRITICA,1,6,48,GENETICO,270,26758.1737,45300,45266.808333,266.808333,0,9,0,true,true,96.666667,95.287958,99840,15158,70.211694,,,,,,,,,,,,,,,
BASE,SIMULACION_CINCO_DIAS-CRITICA-N01,SIMULACION_CINCO_DIAS,CRITICA,1,6,48,RECOCIDO_SIMULADO,270,6774.3862,24465,45306.326667,306.326667,0,9,0,true,true,96.666667,95.287958,101552,15624,70.211694,468.451797,,,,,,,,,,,,,,
BASE,SIMULACION_CINCO_DIAS-CRITICA-N01,SIMULACION_CINCO_DIAS,CRITICA,1,7,49,RECOCIDO_SIMULADO,270,6424.396,22865,45298.341667,298.341667,0,9,0,true,true,96.666667,95.287958,99002,15152,70.211694,320.775952,,,,,,,,,,,,,,
BASE,SIMULACION_CINCO_DIAS-CRITICA-N01,SIMULACION_CINCO_DIAS,CRITICA,1,7,49,GENETICO,270,25852.3763,45300,45267.64,267.64,0,9,0,true,true,96.666667,95.287958,97506,14552,70.211694,,,,,,,,,,,,,,,
BASE,SIMULACION_CINCO_DIAS-CRITICA-N01,SIMULACION_CINCO_DIAS,CRITICA,1,8,50,GENETICO,270,28451.5754,45300,45271.298333,271.298333,0,9,0,true,true,96.666667,95.287958,99048,15034,70.211694,,,,,,,,,,,,,,,
BASE,SIMULACION_CINCO_DIAS-CRITICA-N01,SIMULACION_CINCO_DIAS,CRITICA,1,8,50,RECOCIDO_SIMULADO,270,6420.3322,23225,45310.673333,310.673333,0,9,0,true,true,96.666667,95.287958,99848,15140,70.211694,397.428956,,,,,,,,,,,,,,
BASE,SIMULACION_CINCO_DIAS-CRITICA-N01,SIMULACION_CINCO_DIAS,CRITICA,1,9,51,RECOCIDO_SIMULADO,270,6609.8552,24185,45309.18,309.18,0,9,0,true,true,96.666667,95.287958,102352,15412,70.211694,454.847118,,,,,,,,,,,,,,
BASE,SIMULACION_CINCO_DIAS-CRITICA-N01,SIMULACION_CINCO_DIAS,CRITICA,1,9,51,GENETICO,270,25368.0855,45300,45268.465,268.465,0,9,0,true,true,96.666667,95.287958,98308,14478,70.211694,,,,,,,,,,,,,,,
BASE,SIMULACION_CINCO_DIAS-CRITICA-N01,SIMULACION_CINCO_DIAS,CRITICA,1,10,52,GENETICO,270,26082.4988,45300,45269.01,269.01,0,9,0,true,true,96.666667,95.287958,99152,14548,70.211694,,,,,,,,,,,,,,,
BASE,SIMULACION_CINCO_DIAS-CRITICA-N01,SIMULACION_CINCO_DIAS,CRITICA,1,10,52,RECOCIDO_SIMULADO,270,6828.9948,24745,45304.978333,304.978333,0,9,0,true,true,96.666667,95.287958,102296,15450,70.211694,551.68366,,,,,,,,,,,,,,
BASE,SIMULACION_CINCO_DIAS-CRITICA-N01,SIMULACION_CINCO_DIAS,CRITICA,1,11,53,RECOCIDO_SIMULADO,270,6423.5325,23105,45304.356667,304.356667,0,9,0,true,true,96.666667,95.287958,98554,14956,70.211694,333.864176,,,,,,,,,,,,,,
BASE,SIMULACION_CINCO_DIAS-CRITICA-N01,SIMULACION_CINCO_DIAS,CRITICA,1,11,53,GENETICO,270,26604.2114,45300,45268.35,268.35,0,9,0,true,true,96.666667,95.287958,100308,14800,70.211694,,,,,,,,,,,,,,,
BASE,SIMULACION_CINCO_DIAS-CRITICA-N01,SIMULACION_CINCO_DIAS,CRITICA,1,12,54,GENETICO,270,25524.3782,45300,45267.156667,267.156667,0,9,0,true,true,96.666667,95.287958,99634,14808,70.211694,,,,,,,,,,,,,,,
BASE,SIMULACION_CINCO_DIAS-CRITICA-N01,SIMULACION_CINCO_DIAS,CRITICA,1,12,54,RECOCIDO_SIMULADO,270,6514.6151,23505,45295.066667,295.066667,0,9,0,true,true,96.666667,95.287958,101378,15060,70.211694,384.210532,,,,,,,,,,,,,,
BASE,SIMULACION_CINCO_DIAS-CRITICA-N01,SIMULACION_CINCO_DIAS,CRITICA,1,13,55,RECOCIDO_SIMULADO,270,4181507.8516,22545,45292.141667,292.141667,0,9,0,true,true,96.666667,95.287958,101614,15760,70.211694,335.83216,,,,,,,,,,,,,,
BASE,SIMULACION_CINCO_DIAS-CRITICA-N01,SIMULACION_CINCO_DIAS,CRITICA,1,13,55,GENETICO,270,29745.543801,45300,45266.318333,266.318333,0,9,0,true,true,96.666667,95.287958,98106,14584,70.211694,,,,,,,,,,,,,,,
BASE,SIMULACION_CINCO_DIAS-CRITICA-N01,SIMULACION_CINCO_DIAS,CRITICA,1,14,56,GENETICO,270,26642.9781,45300,45267.081667,267.081667,0,9,0,true,true,96.666667,95.287958,96402,14376,70.211694,,,,,,,,,,,,,,,
BASE,SIMULACION_CINCO_DIAS-CRITICA-N01,SIMULACION_CINCO_DIAS,CRITICA,1,14,56,RECOCIDO_SIMULADO,270,6074.591099,22145,45295.95,295.95,0,9,0,true,true,96.666667,95.287958,100240,15264,70.211694,288.298644,,,,,,,,,,,,,,
BASE,SIMULACION_CINCO_DIAS-CRITICA-N01,SIMULACION_CINCO_DIAS,CRITICA,1,15,57,RECOCIDO_SIMULADO,270,6537.867302,23985,45305.156667,305.156667,0,9,0,true,true,96.666667,95.287958,99310,15074,70.211694,459.279826,,,,,,,,,,,,,,
BASE,SIMULACION_CINCO_DIAS-CRITICA-N01,SIMULACION_CINCO_DIAS,CRITICA,1,15,57,GENETICO,270,25199.631599,45300,45266.223333,266.223333,0,9,0,true,true,96.666667,95.287958,101886,15130,70.211694,,,,,,,,,,,,,,,
BASE,SIMULACION_CINCO_DIAS-CRITICA-N01,SIMULACION_CINCO_DIAS,CRITICA,1,16,58,GENETICO,270,27685.465998,45300,45266.223333,266.223333,0,9,0,true,true,96.666667,95.287958,99344,14852,70.211694,,,,,,,,,,,,,,,
BASE,SIMULACION_CINCO_DIAS-CRITICA-N01,SIMULACION_CINCO_DIAS,CRITICA,1,16,58,RECOCIDO_SIMULADO,270,6579.056299,23945,45292.353333,292.353333,0,9,0,true,true,96.666667,95.287958,99496,15396,70.211694,403.841774,,,,,,,,,,,,,,
BASE,SIMULACION_CINCO_DIAS-CRITICA-N01,SIMULACION_CINCO_DIAS,CRITICA,1,17,59,RECOCIDO_SIMULADO,270,6360.6884,23105,45305.621667,305.621667,0,9,0,true,true,96.666667,95.287958,105226,15498,70.211694,341.037488,,,,,,,,,,,,,,
BASE,SIMULACION_CINCO_DIAS-CRITICA-N01,SIMULACION_CINCO_DIAS,CRITICA,1,17,59,GENETICO,270,28199.001401,45300,45266.67,266.67,0,9,0,true,true,96.666667,95.287958,91220,13786,70.211694,,,,,,,,,,,,,,,
BASE,SIMULACION_CINCO_DIAS-CRITICA-N02,SIMULACION_CINCO_DIAS,CRITICA,2,0,60,GENETICO,233,28022.282102,45300,45225.723333,225.723333,0,9,0,true,true,96.137339,96.503497,86762,12614,61.189516,,,,,,,,,,,,,,,
BASE,SIMULACION_CINCO_DIAS-CRITICA-N02,SIMULACION_CINCO_DIAS,CRITICA,2,0,60,RECOCIDO_SIMULADO,233,5565.6044,18825,45247.738333,247.738333,0,9,0,true,true,96.137339,96.503497,91580,13712,61.189516,152.592506,,,,,,,,,,,,,,
BASE,SIMULACION_CINCO_DIAS-CRITICA-N02,SIMULACION_CINCO_DIAS,CRITICA,2,1,61,RECOCIDO_SIMULADO,233,5438.258001,18585,45239.05,239.05,0,9,0,true,true,96.137339,96.503497,93068,13504,61.189516,129.008489,,,,,,,,,,,,,,
BASE,SIMULACION_CINCO_DIAS-CRITICA-N02,SIMULACION_CINCO_DIAS,CRITICA,2,1,61,GENETICO,233,29103.698999,45300,45225.723333,225.723333,0,9,0,true,true,96.137339,96.503497,87142,12568,61.189516,,,,,,,,,,,,,,,
BASE,SIMULACION_CINCO_DIAS-CRITICA-N02,SIMULACION_CINCO_DIAS,CRITICA,2,2,62,GENETICO,233,30081.289498,45300,45225.723333,225.723333,0,9,0,true,true,96.137339,96.503497,87732,12866,61.189516,,,,,,,,,,,,,,,
BASE,SIMULACION_CINCO_DIAS-CRITICA-N02,SIMULACION_CINCO_DIAS,CRITICA,2,2,62,RECOCIDO_SIMULADO,233,5864.6911,19425,45240.996667,240.996667,0,9,0,true,true,96.137339,96.503497,91634,13556,61.189516,218.683431,,,,,,,,,,,,,,
BASE,SIMULACION_CINCO_DIAS-CRITICA-N02,SIMULACION_CINCO_DIAS,CRITICA,2,3,63,RECOCIDO_SIMULADO,233,5415.534902,18585,45251.573333,251.573333,0,9,0,true,true,96.137339,96.503497,88930,13108,61.189516,122.825213,,,,,,,,,,,,,,
BASE,SIMULACION_CINCO_DIAS-CRITICA-N02,SIMULACION_CINCO_DIAS,CRITICA,2,3,63,GENETICO,233,26401.8029,45300,45225.723333,225.723333,0,9,0,true,true,96.137339,96.503497,87938,12770,61.189516,,,,,,,,,,,,,,,
BASE,SIMULACION_CINCO_DIAS-CRITICA-N02,SIMULACION_CINCO_DIAS,CRITICA,2,4,64,GENETICO,233,28338.491601,45300,45225.723333,225.723333,0,9,0,true,true,96.137339,96.503497,89012,12600,61.189516,,,,,,,,,,,,,,,
BASE,SIMULACION_CINCO_DIAS-CRITICA-N02,SIMULACION_CINCO_DIAS,CRITICA,2,4,64,RECOCIDO_SIMULADO,233,5686.4062,19945,45245.736667,245.736667,0,9,0,true,true,96.137339,96.503497,91752,13318,61.189516,151.142005,,,,,,,,,,,,,,
BASE,SIMULACION_CINCO_DIAS-CRITICA-N02,SIMULACION_CINCO_DIAS,CRITICA,2,5,65,RECOCIDO_SIMULADO,233,5826.5437,19865,45237.428333,237.428333,0,9,0,true,true,96.137339,96.503497,90406,13272,61.189516,175.529308,,,,,,,,,,,,,,
BASE,SIMULACION_CINCO_DIAS-CRITICA-N02,SIMULACION_CINCO_DIAS,CRITICA,2,5,65,GENETICO,233,28223.229601,45300,45225.723333,225.723333,0,9,0,true,true,96.137339,96.503497,87656,12472,61.189516,,,,,,,,,,,,,,,
BASE,SIMULACION_CINCO_DIAS-CRITICA-N02,SIMULACION_CINCO_DIAS,CRITICA,2,6,66,GENETICO,233,25061.917401,45300,45225.723333,225.723333,0,9,0,true,true,96.137339,96.503497,88456,12696,61.189516,,,,,,,,,,,,,,,
BASE,SIMULACION_CINCO_DIAS-CRITICA-N02,SIMULACION_CINCO_DIAS,CRITICA,2,6,66,RECOCIDO_SIMULADO,233,5175.612801,17265,45243.638333,243.638333,0,9,0,true,true,96.137339,96.503497,91386,12822,61.189516,93.044771,,,,,,,,,,,,,,
BASE,SIMULACION_CINCO_DIAS-CRITICA-N02,SIMULACION_CINCO_DIAS,CRITICA,2,7,67,RECOCIDO_SIMULADO,233,5184.917102,17785,45239.711667,239.711667,0,9,0,true,true,96.137339,96.503497,92052,13476,61.189516,92.446329,,,,,,,,,,,,,,
BASE,SIMULACION_CINCO_DIAS-CRITICA-N02,SIMULACION_CINCO_DIAS,CRITICA,2,7,67,GENETICO,233,25881.6715,45300,45225.723333,225.723333,0,9,0,true,true,96.137339,96.503497,88410,13006,61.189516,,,,,,,,,,,,,,,
BASE,SIMULACION_CINCO_DIAS-CRITICA-N02,SIMULACION_CINCO_DIAS,CRITICA,2,8,68,GENETICO,233,29122.746399,45300,45225.723333,225.723333,0,9,0,true,true,96.137339,96.503497,90268,12794,61.189516,,,,,,,,,,,,,,,
BASE,SIMULACION_CINCO_DIAS-CRITICA-N02,SIMULACION_CINCO_DIAS,CRITICA,2,8,68,RECOCIDO_SIMULADO,233,6014.373201,20185,45239.398333,239.398333,0,9,0,true,true,96.137339,96.503497,88456,12818,61.189516,273.986841,,,,,,,,,,,,,,
BASE,SIMULACION_CINCO_DIAS-CRITICA-N02,SIMULACION_CINCO_DIAS,CRITICA,2,9,69,RECOCIDO_SIMULADO,233,5349.589801,18345,45244.906667,244.906667,0,9,0,true,true,96.137339,96.503497,90772,13654,61.189516,108.082278,,,,,,,,,,,,,,
BASE,SIMULACION_CINCO_DIAS-CRITICA-N02,SIMULACION_CINCO_DIAS,CRITICA,2,9,69,GENETICO,233,29220.487799,45300,45225.723333,225.723333,0,9,0,true,true,96.137339,96.503497,88452,12604,61.189516,,,,,,,,,,,,,,,
BASE,SIMULACION_CINCO_DIAS-CRITICA-N02,SIMULACION_CINCO_DIAS,CRITICA,2,10,70,GENETICO,233,30289.412002,45300,45225.723333,225.723333,0,9,0,true,true,96.137339,96.503497,88750,12526,61.189516,,,,,,,,,,,,,,,
BASE,SIMULACION_CINCO_DIAS-CRITICA-N02,SIMULACION_CINCO_DIAS,CRITICA,2,10,70,RECOCIDO_SIMULADO,233,5086.5373,17265,45244.083333,244.083333,0,9,0,true,true,96.137339,96.503497,92236,13348,61.189516,93.922707,,,,,,,,,,,,,,
BASE,SIMULACION_CINCO_DIAS-CRITICA-N02,SIMULACION_CINCO_DIAS,CRITICA,2,11,71,RECOCIDO_SIMULADO,233,5089.2727,17265,45243.765,243.765,0,9,0,true,true,96.137339,96.503497,90298,13220,61.189516,108.950712,,,,,,,,,,,,,,
BASE,SIMULACION_CINCO_DIAS-CRITICA-N02,SIMULACION_CINCO_DIAS,CRITICA,2,11,71,GENETICO,233,25973.9296,45300,45225.723333,225.723333,0,9,0,true,true,96.137339,96.503497,85832,12092,61.189516,,,,,,,,,,,,,,,
BASE,SIMULACION_CINCO_DIAS-CRITICA-N02,SIMULACION_CINCO_DIAS,CRITICA,2,12,72,GENETICO,233,29361.9993,45300,45225.723333,225.723333,0,9,0,true,true,96.137339,96.503497,88288,12894,61.189516,,,,,,,,,,,,,,,
BASE,SIMULACION_CINCO_DIAS-CRITICA-N02,SIMULACION_CINCO_DIAS,CRITICA,2,12,72,RECOCIDO_SIMULADO,233,5117.6848,17105,45239.795,239.795,0,9,0,true,true,96.137339,96.503497,94268,13430,61.189516,92.906797,,,,,,,,,,,,,,
BASE,SIMULACION_CINCO_DIAS-CRITICA-N02,SIMULACION_CINCO_DIAS,CRITICA,2,13,73,RECOCIDO_SIMULADO,233,5813.1623,19825,45252.438333,252.438333,0,9,0,true,true,96.137339,96.503497,94914,13900,61.189516,198.670423,,,,,,,,,,,,,,
BASE,SIMULACION_CINCO_DIAS-CRITICA-N02,SIMULACION_CINCO_DIAS,CRITICA,2,13,73,GENETICO,233,28268.071,45300,45225.723333,225.723333,0,9,0,true,true,96.137339,96.503497,86640,12402,61.189516,,,,,,,,,,,,,,,
BASE,SIMULACION_CINCO_DIAS-CRITICA-N02,SIMULACION_CINCO_DIAS,CRITICA,2,14,74,GENETICO,233,30116.1364,45300,45225.723333,225.723333,0,9,0,true,true,96.137339,96.503497,90408,12940,61.189516,,,,,,,,,,,,,,,
BASE,SIMULACION_CINCO_DIAS-CRITICA-N02,SIMULACION_CINCO_DIAS,CRITICA,2,14,74,RECOCIDO_SIMULADO,233,4920.8731,16905,45243.285,243.285,0,9,0,true,true,96.137339,96.503497,95130,13602,61.189516,82.444786,,,,,,,,,,,,,,
BASE,SIMULACION_CINCO_DIAS-CRITICA-N02,SIMULACION_CINCO_DIAS,CRITICA,2,15,75,RECOCIDO_SIMULADO,233,5527.2796,18705,45247.786667,247.786667,0,9,0,true,true,96.137339,96.503497,90210,13430,61.189516,143.498259,,,,,,,,,,,,,,
BASE,SIMULACION_CINCO_DIAS-CRITICA-N02,SIMULACION_CINCO_DIAS,CRITICA,2,15,75,GENETICO,233,25597.791,45300,45225.723333,225.723333,0,9,0,true,true,96.137339,96.503497,86196,12164,61.189516,,,,,,,,,,,,,,,
BASE,SIMULACION_CINCO_DIAS-CRITICA-N02,SIMULACION_CINCO_DIAS,CRITICA,2,16,76,GENETICO,233,27658.5385,45300,45225.723333,225.723333,0,9,0,true,true,96.137339,96.503497,87752,12512,61.189516,,,,,,,,,,,,,,,
BASE,SIMULACION_CINCO_DIAS-CRITICA-N02,SIMULACION_CINCO_DIAS,CRITICA,2,16,76,RECOCIDO_SIMULADO,233,5546.3843,19705,45251.086667,251.086667,0,9,0,true,true,96.137339,96.503497,91688,13438,61.189516,152.752623,,,,,,,,,,,,,,
BASE,SIMULACION_CINCO_DIAS-CRITICA-N02,SIMULACION_CINCO_DIAS,CRITICA,2,17,77,RECOCIDO_SIMULADO,233,5681.4668,19265,45238.76,238.76,0,9,0,true,true,96.137339,96.503497,91488,13306,61.189516,160.537026,,,,,,,,,,,,,,
BASE,SIMULACION_CINCO_DIAS-CRITICA-N02,SIMULACION_CINCO_DIAS,CRITICA,2,17,77,GENETICO,233,29317.3425,45300,45225.723333,225.723333,0,9,0,true,true,96.137339,96.503497,85590,12422,61.189516,,,,,,,,,,,,,,,
BASE,SIMULACION_CINCO_DIAS-CRITICA-N03,SIMULACION_CINCO_DIAS,CRITICA,3,0,78,GENETICO,278,32090.0636,45300,50271.791667,271.791667,0,10,0,true,true,96.402878,96.341463,100324,14856,68.800403,,,,,,,,,,,,,,,
BASE,SIMULACION_CINCO_DIAS-CRITICA-N03,SIMULACION_CINCO_DIAS,CRITICA,3,0,78,RECOCIDO_SIMULADO,278,7297.0725,23025,50309.083333,309.083333,0,10,0,true,true,96.402878,96.341463,104822,16104,68.800403,345.678619,,,,,,,,,,,,,,
BASE,SIMULACION_CINCO_DIAS-CRITICA-N03,SIMULACION_CINCO_DIAS,CRITICA,3,1,79,RECOCIDO_SIMULADO,278,7045.1188,22585,50303.406667,303.406667,0,10,0,true,true,96.402878,96.341463,102368,15700,68.800403,308.007938,,,,,,,,,,,,,,
BASE,SIMULACION_CINCO_DIAS-CRITICA-N03,SIMULACION_CINCO_DIAS,CRITICA,3,1,79,GENETICO,278,34085.0142,45300,50272.39,272.39,0,10,0,true,true,96.402878,96.341463,99136,15138,68.800403,,,,,,,,,,,,,,,
BASE,SIMULACION_CINCO_DIAS-CRITICA-N03,SIMULACION_CINCO_DIAS,CRITICA,3,2,80,GENETICO,278,33722.1138,45300,50271.625,271.625,0,10,0,true,true,96.402878,96.341463,98848,15042,68.800403,,,,,,,,,,,,,,,
BASE,SIMULACION_CINCO_DIAS-CRITICA-N03,SIMULACION_CINCO_DIAS,CRITICA,3,2,80,RECOCIDO_SIMULADO,278,7145.3889,22385,50317.731667,317.731667,0,10,0,true,true,96.402878,96.341463,102612,15474,68.800403,294.882633,,,,,,,,,,,,,,
BASE,SIMULACION_CINCO_DIAS-CRITICA-N03,SIMULACION_CINCO_DIAS,CRITICA,3,3,81,RECOCIDO_SIMULADO,278,7011.467,22265,50316.04,316.04,0,10,0,true,true,96.402878,96.341463,103818,15580,68.800403,315.332426,,,,,,,,,,,,,,
BASE,SIMULACION_CINCO_DIAS-CRITICA-N03,SIMULACION_CINCO_DIAS,CRITICA,3,3,81,GENETICO,278,35765.2368,45300,50273.506667,273.506667,0,10,0,true,true,96.402878,96.341463,101500,15516,68.800403,,,,,,,,,,,,,,,
BASE,SIMULACION_CINCO_DIAS-CRITICA-N03,SIMULACION_CINCO_DIAS,CRITICA,3,4,82,GENETICO,278,33914.0099,45300,50270.716667,270.716667,0,10,0,true,true,96.402878,96.341463,103096,15416,68.800403,,,,,,,,,,,,,,,
BASE,SIMULACION_CINCO_DIAS-CRITICA-N03,SIMULACION_CINCO_DIAS,CRITICA,3,4,82,RECOCIDO_SIMULADO,278,7188.4189,22825,50312.596667,312.596667,0,10,0,true,true,96.402878,96.341463,103192,15808,68.800403,364.85941,,,,,,,,,,,,,,
BASE,SIMULACION_CINCO_DIAS-CRITICA-N03,SIMULACION_CINCO_DIAS,CRITICA,3,5,83,RECOCIDO_SIMULADO,278,6797.0365,21225,50313.043333,313.043333,0,10,0,true,true,96.402878,96.341463,100786,15550,68.800403,231.081352,,,,,,,,,,,,,,
BASE,SIMULACION_CINCO_DIAS-CRITICA-N03,SIMULACION_CINCO_DIAS,CRITICA,3,5,83,GENETICO,278,32779.4729,45300,50273.616667,273.616667,0,10,0,true,true,96.402878,96.341463,100924,15332,68.800403,,,,,,,,,,,,,,,
BASE,SIMULACION_CINCO_DIAS-CRITICA-N03,SIMULACION_CINCO_DIAS,CRITICA,3,6,84,GENETICO,278,33658.2934,45300,50272.18,272.18,0,10,0,true,true,96.402878,96.341463,101798,15270,68.800403,,,,,,,,,,,,,,,
BASE,SIMULACION_CINCO_DIAS-CRITICA-N03,SIMULACION_CINCO_DIAS,CRITICA,3,6,84,RECOCIDO_SIMULADO,278,6829.1109,21785,50303.04,303.04,0,10,0,true,true,96.402878,96.341463,105322,15800,68.800403,254.762548,,,,,,,,,,,,,,
BASE,SIMULACION_CINCO_DIAS-CRITICA-N03,SIMULACION_CINCO_DIAS,CRITICA,3,7,85,RECOCIDO_SIMULADO,278,7200.259,22745,50310.51,310.51,0,10,0,true,true,96.402878,96.341463,104386,15914,68.800403,347.820947,,,,,,,,,,,,,,
BASE,SIMULACION_CINCO_DIAS-CRITICA-N03,SIMULACION_CINCO_DIAS,CRITICA,3,7,85,GENETICO,278,32416.238,45300,50273.085,273.085,0,10,0,true,true,96.402878,96.341463,98550,14890,68.800403,,,,,,,,,,,,,,,
BASE,SIMULACION_CINCO_DIAS-CRITICA-N03,SIMULACION_CINCO_DIAS,CRITICA,3,8,86,GENETICO,278,32907.131,45300,50271.323333,271.323333,0,10,0,true,true,96.402878,96.341463,96188,14668,68.800403,,,,,,,,,,,,,,,
BASE,SIMULACION_CINCO_DIAS-CRITICA-N03,SIMULACION_CINCO_DIAS,CRITICA,3,8,86,RECOCIDO_SIMULADO,278,7151.2541,22585,50298.663333,298.663333,0,10,0,true,true,96.402878,96.341463,103232,15624,68.800403,360.620837,,,,,,,,,,,,,,
BASE,SIMULACION_CINCO_DIAS-CRITICA-N03,SIMULACION_CINCO_DIAS,CRITICA,3,9,87,RECOCIDO_SIMULADO,278,6452.0002,20105,50296.748333,296.748333,0,10,0,true,true,96.402878,96.341463,104892,15872,68.800403,171.864699,,,,,,,,,,,,,,
BASE,SIMULACION_CINCO_DIAS-CRITICA-N03,SIMULACION_CINCO_DIAS,CRITICA,3,9,87,GENETICO,278,35182.3154,45300,50271.948333,271.948333,0,10,0,true,true,96.402878,96.341463,97314,14896,68.800403,,,,,,,,,,,,,,,
BASE,SIMULACION_CINCO_DIAS-CRITICA-N03,SIMULACION_CINCO_DIAS,CRITICA,3,10,88,GENETICO,278,32231.75,45300,50270.716667,270.716667,0,10,0,true,true,96.402878,96.341463,101226,15264,68.800403,,,,,,,,,,,,,,,
BASE,SIMULACION_CINCO_DIAS-CRITICA-N03,SIMULACION_CINCO_DIAS,CRITICA,3,10,88,RECOCIDO_SIMULADO,278,6424.512,20345,50310.853333,310.853333,0,10,0,true,true,96.402878,96.341463,103620,15708,68.800403,176.016454,,,,,,,,,,,,,,
BASE,SIMULACION_CINCO_DIAS-CRITICA-N03,SIMULACION_CINCO_DIAS,CRITICA,3,11,89,RECOCIDO_SIMULADO,278,6599.0251,20825,50307.39,307.39,0,10,0,true,true,96.402878,96.341463,101976,15502,68.800403,189.703877,,,,,,,,,,,,,,
BASE,SIMULACION_CINCO_DIAS-CRITICA-N03,SIMULACION_CINCO_DIAS,CRITICA,3,11,89,GENETICO,278,35405.8021,45300,50272.3,272.3,0,10,0,true,true,96.402878,96.341463,98612,14626,68.800403,,,,,,,,,,,,,,,
BASE,SIMULACION_CINCO_DIAS-CRITICA-N03,SIMULACION_CINCO_DIAS,CRITICA,3,12,90,GENETICO,278,31159.0093,45300,50271.826667,271.826667,0,10,0,true,true,96.402878,96.341463,102742,15456,68.800403,,,,,,,,,,,,,,,
BASE,SIMULACION_CINCO_DIAS-CRITICA-N03,SIMULACION_CINCO_DIAS,CRITICA,3,12,90,RECOCIDO_SIMULADO,278,6534.4755,20825,50303.488333,303.488333,0,10,0,true,true,96.402878,96.341463,104830,15960,68.800403,231.316131,,,,,,,,,,,,,,
BASE,SIMULACION_CINCO_DIAS-CRITICA-N03,SIMULACION_CINCO_DIAS,CRITICA,3,13,91,RECOCIDO_SIMULADO,278,6549.6625,20305,50309.216667,309.216667,0,10,0,true,true,96.402878,96.341463,101760,15130,68.800403,215.313138,,,,,,,,,,,,,,
BASE,SIMULACION_CINCO_DIAS-CRITICA-N03,SIMULACION_CINCO_DIAS,CRITICA,3,13,91,GENETICO,278,33408.6113,45300,50271.175,271.175,0,10,0,true,true,96.402878,96.341463,101820,15456,68.800403,,,,,,,,,,,,,,,
BASE,SIMULACION_CINCO_DIAS-CRITICA-N03,SIMULACION_CINCO_DIAS,CRITICA,3,14,92,GENETICO,278,33124.0587,45300,50271.691667,271.691667,0,10,0,true,true,96.402878,96.341463,99102,14852,68.800403,,,,,,,,,,,,,,,
BASE,SIMULACION_CINCO_DIAS-CRITICA-N03,SIMULACION_CINCO_DIAS,CRITICA,3,14,92,RECOCIDO_SIMULADO,278,7107.8024,22625,50305.381667,305.381667,0,10,0,true,true,96.402878,96.341463,102710,15874,68.800403,331.660567,,,,,,,,,,,,,,
BASE,SIMULACION_CINCO_DIAS-CRITICA-N03,SIMULACION_CINCO_DIAS,CRITICA,3,15,93,RECOCIDO_SIMULADO,278,6371.9476,20185,50309.053333,309.053333,0,10,0,true,true,96.402878,96.341463,101494,15742,68.800403,182.431354,,,,,,,,,,,,,,
BASE,SIMULACION_CINCO_DIAS-CRITICA-N03,SIMULACION_CINCO_DIAS,CRITICA,3,15,93,GENETICO,278,33273.7776,45300,50270.583333,270.583333,0,10,0,true,true,96.402878,96.341463,99830,14724,68.800403,,,,,,,,,,,,,,,
BASE,SIMULACION_CINCO_DIAS-CRITICA-N03,SIMULACION_CINCO_DIAS,CRITICA,3,16,94,GENETICO,278,33079.9923,45300,50270.716667,270.716667,0,10,0,true,true,96.402878,96.341463,100960,14994,68.800403,,,,,,,,,,,,,,,
BASE,SIMULACION_CINCO_DIAS-CRITICA-N03,SIMULACION_CINCO_DIAS,CRITICA,3,16,94,RECOCIDO_SIMULADO,278,6822.2747,21025,50304.511667,304.511667,0,10,0,true,true,96.402878,96.341463,105420,15740,68.800403,316.284849,,,,,,,,,,,,,,
BASE,SIMULACION_CINCO_DIAS-CRITICA-N03,SIMULACION_CINCO_DIAS,CRITICA,3,17,95,RECOCIDO_SIMULADO,278,6843.9111,21505,50308.425,308.425,0,10,0,true,true,96.402878,96.341463,102922,15488,68.800403,272.099889,,,,,,,,,,,,,,
BASE,SIMULACION_CINCO_DIAS-CRITICA-N03,SIMULACION_CINCO_DIAS,CRITICA,3,17,95,GENETICO,278,31986.2264,45300,50270.756667,270.756667,0,10,0,true,true,96.402878,96.341463,100978,14944,68.800403,,,,,,,,,,,,,,,
BASE,SIMULACION_CINCO_DIAS-CRITICA-N04,SIMULACION_CINCO_DIAS,CRITICA,4,0,96,GENETICO,257,25694.7757,45300,55249.478333,249.478333,0,11,0,true,true,95.719844,95.652174,100592,14858,67.137097,,,,,,,,,,,,,,,
BASE,SIMULACION_CINCO_DIAS-CRITICA-N04,SIMULACION_CINCO_DIAS,CRITICA,4,0,96,RECOCIDO_SIMULADO,257,6630.3336,22145,55275.455,275.455,0,11,0,true,true,95.719844,95.652174,102826,15250,67.137097,336.014467,,,,,,,,,,,,,,
BASE,SIMULACION_CINCO_DIAS-CRITICA-N04,SIMULACION_CINCO_DIAS,CRITICA,4,1,97,RECOCIDO_SIMULADO,257,6870.5722,23105,55271.296667,271.296667,0,11,0,true,true,95.719844,95.652174,100438,15026,67.137097,410.823669,,,,,,,,,,,,,,
BASE,SIMULACION_CINCO_DIAS-CRITICA-N04,SIMULACION_CINCO_DIAS,CRITICA,4,1,97,GENETICO,257,25420.9688,45300,55252.176667,252.176667,0,11,0,true,true,95.719844,95.652174,101374,14450,67.137097,,,,,,,,,,,,,,,
BASE,SIMULACION_CINCO_DIAS-CRITICA-N04,SIMULACION_CINCO_DIAS,CRITICA,4,2,98,GENETICO,257,27270.1421,45300,55250.361667,250.361667,0,11,0,true,true,95.719844,95.652174,96486,14338,67.137097,,,,,,,,,,,,,,,
BASE,SIMULACION_CINCO_DIAS-CRITICA-N04,SIMULACION_CINCO_DIAS,CRITICA,4,2,98,RECOCIDO_SIMULADO,257,6662.4906,22225,55276.186667,276.186667,0,11,0,true,true,95.719844,95.652174,99676,14808,67.137097,280.5642,,,,,,,,,,,,,,
BASE,SIMULACION_CINCO_DIAS-CRITICA-N04,SIMULACION_CINCO_DIAS,CRITICA,4,3,99,RECOCIDO_SIMULADO,257,6354.2949,21145,55278.605,278.605,0,11,0,true,true,95.719844,95.652174,99482,14774,67.137097,253.748633,,,,,,,,,,,,,,
BASE,SIMULACION_CINCO_DIAS-CRITICA-N04,SIMULACION_CINCO_DIAS,CRITICA,4,3,99,GENETICO,257,26225.4873,45300,55249.478333,249.478333,0,11,0,true,true,95.719844,95.652174,95660,13926,67.137097,,,,,,,,,,,,,,,
BASE,SIMULACION_CINCO_DIAS-CRITICA-N04,SIMULACION_CINCO_DIAS,CRITICA,4,4,100,GENETICO,257,25175.9055,45300,55250.443333,250.443333,0,11,0,true,true,95.719844,95.652174,96350,14080,67.137097,,,,,,,,,,,,,,,
BASE,SIMULACION_CINCO_DIAS-CRITICA-N04,SIMULACION_CINCO_DIAS,CRITICA,4,4,100,RECOCIDO_SIMULADO,257,6281.352,20905,55274.01,274.01,0,11,0,true,true,95.719844,95.652174,100632,15460,67.137097,249.187713,,,,,,,,,,,,,,
BASE,SIMULACION_CINCO_DIAS-CRITICA-N04,SIMULACION_CINCO_DIAS,CRITICA,4,5,101,RECOCIDO_SIMULADO,257,6273.6282,21425,55276.186667,276.186667,0,11,0,true,true,95.719844,95.652174,101322,15284,67.137097,306.49255,,,,,,,,,,,,,,
BASE,SIMULACION_CINCO_DIAS-CRITICA-N04,SIMULACION_CINCO_DIAS,CRITICA,4,5,101,GENETICO,257,26476.2912,45300,55250.153333,250.153333,0,11,0,true,true,95.719844,95.652174,95948,14068,67.137097,,,,,,,,,,,,,,,
BASE,SIMULACION_CINCO_DIAS-CRITICA-N04,SIMULACION_CINCO_DIAS,CRITICA,4,6,102,GENETICO,257,25942.6101,45300,55249.678333,249.678333,0,11,0,true,true,95.719844,95.652174,95464,14322,67.137097,,,,,,,,,,,,,,,
BASE,SIMULACION_CINCO_DIAS-CRITICA-N04,SIMULACION_CINCO_DIAS,CRITICA,4,6,102,RECOCIDO_SIMULADO,257,6201.0703,20945,55271.886667,271.886667,0,11,0,true,true,95.719844,95.652174,96458,14548,67.137097,204.916884,,,,,,,,,,,,,,
BASE,SIMULACION_CINCO_DIAS-CRITICA-N04,SIMULACION_CINCO_DIAS,CRITICA,4,7,103,RECOCIDO_SIMULADO,257,6626.5946,22105,55265.518333,265.518333,0,11,0,true,true,95.719844,95.652174,97950,14958,67.137097,322.073209,,,,,,,,,,,,,,
BASE,SIMULACION_CINCO_DIAS-CRITICA-N04,SIMULACION_CINCO_DIAS,CRITICA,4,7,103,GENETICO,257,26098.2727,45300,55251.468333,251.468333,0,11,0,true,true,95.719844,95.652174,98140,14260,67.137097,,,,,,,,,,,,,,,
BASE,SIMULACION_CINCO_DIAS-CRITICA-N04,SIMULACION_CINCO_DIAS,CRITICA,4,8,104,GENETICO,257,24143.194,45300,55252.401667,252.401667,0,11,0,true,true,95.719844,95.652174,98450,14106,67.137097,,,,,,,,,,,,,,,
BASE,SIMULACION_CINCO_DIAS-CRITICA-N04,SIMULACION_CINCO_DIAS,CRITICA,4,8,104,RECOCIDO_SIMULADO,257,6602.3373,21945,55268.468333,268.468333,0,11,0,true,true,95.719844,95.652174,97820,14728,67.137097,296.764672,,,,,,,,,,,,,,
BASE,SIMULACION_CINCO_DIAS-CRITICA-N04,SIMULACION_CINCO_DIAS,CRITICA,4,9,105,RECOCIDO_SIMULADO,257,6175.7054,20625,55282.185,282.185,0,11,0,true,true,95.719844,95.652174,100940,15350,67.137097,231.523228,,,,,,,,,,,,,,
BASE,SIMULACION_CINCO_DIAS-CRITICA-N04,SIMULACION_CINCO_DIAS,CRITICA,4,9,105,GENETICO,257,27542.7031,45300,55249.568333,249.568333,0,11,0,true,true,95.719844,95.652174,97926,14380,67.137097,,,,,,,,,,,,,,,
BASE,SIMULACION_CINCO_DIAS-CRITICA-N04,SIMULACION_CINCO_DIAS,CRITICA,4,10,106,GENETICO,257,25211.6512,45300,55249.303333,249.303333,0,11,0,true,true,95.719844,95.652174,97256,14216,67.137097,,,,,,,,,,,,,,,
BASE,SIMULACION_CINCO_DIAS-CRITICA-N04,SIMULACION_CINCO_DIAS,CRITICA,4,10,106,RECOCIDO_SIMULADO,257,6470.1132,21225,55264.318333,264.318333,0,11,0,true,true,95.719844,95.652174,97632,15004,67.137097,229.808636,,,,,,,,,,,,,,
BASE,SIMULACION_CINCO_DIAS-CRITICA-N04,SIMULACION_CINCO_DIAS,CRITICA,4,11,107,RECOCIDO_SIMULADO,257,6832.1905,21785,55269.505,269.505,0,11,0,true,true,95.719844,95.652174,101326,15152,67.137097,359.626268,,,,,,,,,,,,,,
BASE,SIMULACION_CINCO_DIAS-CRITICA-N04,SIMULACION_CINCO_DIAS,CRITICA,4,11,107,GENETICO,257,26867.4752,45300,55255.361667,255.361667,0,11,0,true,true,95.719844,95.652174,97880,14394,67.137097,,,,,,,,,,,,,,,
BASE,SIMULACION_CINCO_DIAS-CRITICA-N04,SIMULACION_CINCO_DIAS,CRITICA,4,12,108,GENETICO,257,25707.037,45300,55249.27,249.27,0,11,0,true,true,95.719844,95.652174,97914,14330,67.137097,,,,,,,,,,,,,,,
BASE,SIMULACION_CINCO_DIAS-CRITICA-N04,SIMULACION_CINCO_DIAS,CRITICA,4,12,108,RECOCIDO_SIMULADO,257,6465.351,21705,55271.94,271.94,0,11,0,true,true,95.719844,95.652174,98898,14772,67.137097,287.305557,,,,,,,,,,,,,,
BASE,SIMULACION_CINCO_DIAS-CRITICA-N04,SIMULACION_CINCO_DIAS,CRITICA,4,13,109,RECOCIDO_SIMULADO,257,6545.623,22185,55269.938333,269.938333,0,11,0,true,true,95.719844,95.652174,95058,14632,67.137097,349.462825,,,,,,,,,,,,,,
BASE,SIMULACION_CINCO_DIAS-CRITICA-N04,SIMULACION_CINCO_DIAS,CRITICA,4,13,109,GENETICO,257,25275.7836,45300,55249.878333,249.878333,0,11,0,true,true,95.719844,95.652174,98258,14504,67.137097,,,,,,,,,,,,,,,
BASE,SIMULACION_CINCO_DIAS-CRITICA-N04,SIMULACION_CINCO_DIAS,CRITICA,4,14,110,GENETICO,257,25453.5949,45300,55249.878333,249.878333,0,11,0,true,true,95.719844,95.652174,96442,13826,67.137097,,,,,,,,,,,,,,,
BASE,SIMULACION_CINCO_DIAS-CRITICA-N04,SIMULACION_CINCO_DIAS,CRITICA,4,14,110,RECOCIDO_SIMULADO,257,6483.391,22065,55268.658333,268.658333,0,11,0,true,true,95.719844,95.652174,100862,15012,67.137097,333.088706,,,,,,,,,,,,,,
BASE,SIMULACION_CINCO_DIAS-CRITICA-N04,SIMULACION_CINCO_DIAS,CRITICA,4,15,111,RECOCIDO_SIMULADO,257,6634.499,22345,55276.173333,276.173333,0,11,0,true,true,95.719844,95.652174,99214,15054,67.137097,365.640321,,,,,,,,,,,,,,
BASE,SIMULACION_CINCO_DIAS-CRITICA-N04,SIMULACION_CINCO_DIAS,CRITICA,4,15,111,GENETICO,257,26852.133,45300,55251.303333,251.303333,0,11,0,true,true,95.719844,95.652174,98136,14472,67.137097,,,,,,,,,,,,,,,
BASE,SIMULACION_CINCO_DIAS-CRITICA-N04,SIMULACION_CINCO_DIAS,CRITICA,4,16,112,GENETICO,257,27403.2754,45300,55251.276667,251.276667,0,11,0,true,true,95.719844,95.652174,99838,14588,67.137097,,,,,,,,,,,,,,,
BASE,SIMULACION_CINCO_DIAS-CRITICA-N04,SIMULACION_CINCO_DIAS,CRITICA,4,16,112,RECOCIDO_SIMULADO,257,7210.3138,23585,55274.481667,274.481667,0,11,0,true,true,95.719844,95.652174,99632,15152,67.137097,404.394095,,,,,,,,,,,,,,
BASE,SIMULACION_CINCO_DIAS-CRITICA-N04,SIMULACION_CINCO_DIAS,CRITICA,4,17,113,RECOCIDO_SIMULADO,257,6606.8589,22025,55271.521667,271.521667,0,11,0,true,true,95.719844,95.652174,100722,15238,67.137097,324.664624,,,,,,,,,,,,,,
BASE,SIMULACION_CINCO_DIAS-CRITICA-N04,SIMULACION_CINCO_DIAS,CRITICA,4,17,113,GENETICO,257,27427.9955,45300,55252.12,252.12,0,11,0,true,true,95.719844,95.652174,99414,14542,67.137097,,,,,,,,,,,,,,,
BASE,SIMULACION_CINCO_DIAS-CRITICA-N05,SIMULACION_CINCO_DIAS,CRITICA,5,0,114,GENETICO,223,28173.8181,45300,40219.323333,219.323333,0,8,0,true,true,96.412556,96.946565,83684,11968,57.862903,,,,,,,,,,,,,,,
BASE,SIMULACION_CINCO_DIAS-CRITICA-N05,SIMULACION_CINCO_DIAS,CRITICA,5,0,114,RECOCIDO_SIMULADO,223,4678.4027,17025,40240.356667,240.356667,0,8,0,true,true,96.412556,96.946565,85120,11988,57.862903,80.769659,,,,,,,,,,,,,,
BASE,SIMULACION_CINCO_DIAS-CRITICA-N05,SIMULACION_CINCO_DIAS,CRITICA,5,1,115,RECOCIDO_SIMULADO,223,5236.1696,19185,40227.665,227.665,0,8,0,true,true,96.412556,96.946565,84504,11922,57.862903,169.377302,,,,,,,,,,,,,,
BASE,SIMULACION_CINCO_DIAS-CRITICA-N05,SIMULACION_CINCO_DIAS,CRITICA,5,1,115,GENETICO,223,27381.2198,45300,40219.098333,219.098333,0,8,0,true,true,96.412556,96.946565,85626,11814,57.862903,,,,,,,,,,,,,,,
BASE,SIMULACION_CINCO_DIAS-CRITICA-N05,SIMULACION_CINCO_DIAS,CRITICA,5,2,116,GENETICO,223,30738.5556,45300,40219.753333,219.753333,0,8,0,true,true,96.412556,96.946565,87730,12226,57.862903,,,,,,,,,,,,,,,
BASE,SIMULACION_CINCO_DIAS-CRITICA-N05,SIMULACION_CINCO_DIAS,CRITICA,5,2,116,RECOCIDO_SIMULADO,223,5457.5116,20265,40237.403333,237.403333,0,8,0,true,true,96.412556,96.946565,88110,12396,57.862903,238.232183,,,,,,,,,,,,,,
BASE,SIMULACION_CINCO_DIAS-CRITICA-N05,SIMULACION_CINCO_DIAS,CRITICA,5,3,117,RECOCIDO_SIMULADO,223,4847.141,17985,40228.873333,228.873333,0,8,0,true,true,96.412556,96.946565,86448,11692,57.862903,118.673678,,,,,,,,,,,,,,
BASE,SIMULACION_CINCO_DIAS-CRITICA-N05,SIMULACION_CINCO_DIAS,CRITICA,5,3,117,GENETICO,223,28949.3335,45300,40219.308333,219.308333,0,8,0,true,true,96.412556,96.946565,85062,12208,57.862903,,,,,,,,,,,,,,,
BASE,SIMULACION_CINCO_DIAS-CRITICA-N05,SIMULACION_CINCO_DIAS,CRITICA,5,4,118,GENETICO,223,29479.7224,45300,40219.518333,219.518333,0,8,0,true,true,96.412556,96.946565,81578,11682,57.862903,,,,,,,,,,,,,,,
BASE,SIMULACION_CINCO_DIAS-CRITICA-N05,SIMULACION_CINCO_DIAS,CRITICA,5,4,118,RECOCIDO_SIMULADO,223,5170.4667,19025,40233.325,233.325,0,8,0,true,true,96.412556,96.946565,85462,11864,57.862903,153.879379,,,,,,,,,,,,,,
BASE,SIMULACION_CINCO_DIAS-CRITICA-N05,SIMULACION_CINCO_DIAS,CRITICA,5,5,119,RECOCIDO_SIMULADO,223,4904.364,18265,40234.788333,234.788333,0,8,0,true,true,96.412556,96.946565,85678,11970,57.862903,125.056356,,,,,,,,,,,,,,
BASE,SIMULACION_CINCO_DIAS-CRITICA-N05,SIMULACION_CINCO_DIAS,CRITICA,5,5,119,GENETICO,223,26480.075,45300,40219.323333,219.323333,0,8,0,true,true,96.412556,96.946565,85210,11694,57.862903,,,,,,,,,,,,,,,
BASE,SIMULACION_CINCO_DIAS-CRITICA-N05,SIMULACION_CINCO_DIAS,CRITICA,5,6,120,GENETICO,223,28777.7736,45300,40219.308333,219.308333,0,8,0,true,true,96.412556,96.946565,83820,11952,57.862903,,,,,,,,,,,,,,,
BASE,SIMULACION_CINCO_DIAS-CRITICA-N05,SIMULACION_CINCO_DIAS,CRITICA,5,6,120,RECOCIDO_SIMULADO,223,5674.9756,21105,40229.365,229.365,0,8,0,true,true,96.412556,96.946565,86880,12074,57.862903,331.579626,,,,,,,,,,,,,,
BASE,SIMULACION_CINCO_DIAS-CRITICA-N05,SIMULACION_CINCO_DIAS,CRITICA,5,7,121,RECOCIDO_SIMULADO,223,5513.6344,20465,40244.935,244.935,0,8,0,true,true,96.412556,96.946565,86008,12216,57.862903,206.473669,,,,,,,,,,,,,,
BASE,SIMULACION_CINCO_DIAS-CRITICA-N05,SIMULACION_CINCO_DIAS,CRITICA,5,7,121,GENETICO,223,27742.3295,45300,40219.743333,219.743333,0,8,0,true,true,96.412556,96.946565,83766,11982,57.862903,,,,,,,,,,,,,,,
BASE,SIMULACION_CINCO_DIAS-CRITICA-N05,SIMULACION_CINCO_DIAS,CRITICA,5,8,122,GENETICO,223,28712.6802,45300,40219.308333,219.308333,0,8,0,true,true,96.412556,96.946565,85100,11848,57.862903,,,,,,,,,,,,,,,
BASE,SIMULACION_CINCO_DIAS-CRITICA-N05,SIMULACION_CINCO_DIAS,CRITICA,5,8,122,RECOCIDO_SIMULADO,223,4912.4174,18385,40228.431667,228.431667,0,8,0,true,true,96.412556,96.946565,85222,12024,57.862903,120.639838,,,,,,,,,,,,,,
BASE,SIMULACION_CINCO_DIAS-CRITICA-N05,SIMULACION_CINCO_DIAS,CRITICA,5,9,123,RECOCIDO_SIMULADO,223,5370.6851,19625,40230.906667,230.906667,0,8,0,true,true,96.412556,96.946565,84334,11980,57.862903,172.307091,,,,,,,,,,,,,,
BASE,SIMULACION_CINCO_DIAS-CRITICA-N05,SIMULACION_CINCO_DIAS,CRITICA,5,9,123,GENETICO,223,26948.5664,45300,40219.323333,219.323333,0,8,0,true,true,96.412556,96.946565,87834,12264,57.862903,,,,,,,,,,,,,,,
BASE,SIMULACION_CINCO_DIAS-CRITICA-N05,SIMULACION_CINCO_DIAS,CRITICA,5,10,124,GENETICO,223,27805.0794,45300,40219.323333,219.323333,0,8,0,true,true,96.412556,96.946565,84610,11680,57.862903,,,,,,,,,,,,,,,
BASE,SIMULACION_CINCO_DIAS-CRITICA-N05,SIMULACION_CINCO_DIAS,CRITICA,5,10,124,RECOCIDO_SIMULADO,223,5817.7811,21425,40232.108333,232.108333,0,8,0,true,true,96.412556,96.946565,87800,12492,57.862903,225.677056,,,,,,,,,,,,,,
BASE,SIMULACION_CINCO_DIAS-CRITICA-N05,SIMULACION_CINCO_DIAS,CRITICA,5,11,125,RECOCIDO_SIMULADO,223,5645.2044,20265,40230.428333,230.428333,0,8,0,true,true,96.412556,96.946565,84712,12238,57.862903,222.560505,,,,,,,,,,,,,,
BASE,SIMULACION_CINCO_DIAS-CRITICA-N05,SIMULACION_CINCO_DIAS,CRITICA,5,11,125,GENETICO,223,28904.4181,45300,40219.333333,219.333333,0,8,0,true,true,96.412556,96.946565,85626,12018,57.862903,,,,,,,,,,,,,,,
BASE,SIMULACION_CINCO_DIAS-CRITICA-N05,SIMULACION_CINCO_DIAS,CRITICA,5,12,126,GENETICO,223,30007.5713,45300,40219.323333,219.323333,0,8,0,true,true,96.412556,96.946565,84956,12138,57.862903,,,,,,,,,,,,,,,
BASE,SIMULACION_CINCO_DIAS-CRITICA-N05,SIMULACION_CINCO_DIAS,CRITICA,5,12,126,RECOCIDO_SIMULADO,223,4816.2111,17785,40227.851667,227.851667,0,8,0,true,true,96.412556,96.946565,83480,11976,57.862903,96.456461,,,,,,,,,,,,,,
BASE,SIMULACION_CINCO_DIAS-CRITICA-N05,SIMULACION_CINCO_DIAS,CRITICA,5,13,127,RECOCIDO_SIMULADO,223,5505.8844,20305,40232.675,232.675,0,8,0,true,true,96.412556,96.946565,87298,12436,57.862903,217.008384,,,,,,,,,,,,,,
BASE,SIMULACION_CINCO_DIAS-CRITICA-N05,SIMULACION_CINCO_DIAS,CRITICA,5,13,127,GENETICO,223,29606.1661,45300,40219.991667,219.991667,0,8,0,true,true,96.412556,96.946565,87422,12744,57.862903,,,,,,,,,,,,,,,
BASE,SIMULACION_CINCO_DIAS-CRITICA-N05,SIMULACION_CINCO_DIAS,CRITICA,5,14,128,GENETICO,223,26716.2605,45300,40219.743333,219.743333,0,8,0,true,true,96.412556,96.946565,84318,11890,57.862903,,,,,,,,,,,,,,,
BASE,SIMULACION_CINCO_DIAS-CRITICA-N05,SIMULACION_CINCO_DIAS,CRITICA,5,14,128,RECOCIDO_SIMULADO,223,5337.751,19545,40233.19,233.19,0,8,0,true,true,96.412556,96.946565,84978,12056,57.862903,147.779703,,,,,,,,,,,,,,
BASE,SIMULACION_CINCO_DIAS-CRITICA-N05,SIMULACION_CINCO_DIAS,CRITICA,5,15,129,RECOCIDO_SIMULADO,223,5566.8729,20545,40232.838333,232.838333,0,8,0,true,true,96.412556,96.946565,85876,12092,57.862903,205.448792,,,,,,,,,,,,,,
BASE,SIMULACION_CINCO_DIAS-CRITICA-N05,SIMULACION_CINCO_DIAS,CRITICA,5,15,129,GENETICO,223,26460.887,45300,40219.323333,219.323333,0,8,0,true,true,96.412556,96.946565,86124,11962,57.862903,,,,,,,,,,,,,,,
BASE,SIMULACION_CINCO_DIAS-CRITICA-N05,SIMULACION_CINCO_DIAS,CRITICA,5,16,130,GENETICO,223,28074.8407,45300,40219.743333,219.743333,0,8,0,true,true,96.412556,96.946565,86684,12100,57.862903,,,,,,,,,,,,,,,
BASE,SIMULACION_CINCO_DIAS-CRITICA-N05,SIMULACION_CINCO_DIAS,CRITICA,5,16,130,RECOCIDO_SIMULADO,223,5315.4451,19425,40233.775,233.775,0,8,0,true,true,96.412556,96.946565,87216,12150,57.862903,186.842572,,,,,,,,,,,,,,
BASE,SIMULACION_CINCO_DIAS-CRITICA-N05,SIMULACION_CINCO_DIAS,CRITICA,5,17,131,RECOCIDO_SIMULADO,223,4845.7447,18025,40235.296667,235.296667,0,8,0,true,true,96.412556,96.946565,85070,11964,57.862903,115.42906,,,,,,,,,,,,,,
BASE,SIMULACION_CINCO_DIAS-CRITICA-N05,SIMULACION_CINCO_DIAS,CRITICA,5,17,131,GENETICO,223,27955.5913,45300,40219.323333,219.323333,0,8,0,true,true,96.412556,96.946565,85846,12128,57.862903,,,,,,,,,,,,,,,
BASE,COLAPSO_LOGISTICO-NORMAL-N01,COLAPSO_LOGISTICO,NORMAL,1,0,42,GENETICO,48,23636.044,36240,20055.87,55.87,0,4,0,true,true,91.666667,92.307692,15280,2292,54.947917,,,,,,48,true,91.783333,3d19h47min,2026-04-04T19:47,1200100300037,PRIORIZADO_4H,2026-04-04T19:47,4,39.35925
BASE,COLAPSO_LOGISTICO-NORMAL-N01,COLAPSO_LOGISTICO,NORMAL,1,0,42,RECOCIDO_SIMULADO,48,4690.1825,15884,20063.451667,63.451667,0,4,0,true,true,91.666667,92.307692,17426,2932,54.947917,95.481824,,,,,48,true,91.783333,3d19h47min,2026-04-04T19:47,1200100300037,PRIORIZADO_4H,2026-04-04T19:47,4,39.35925
BASE,COLAPSO_LOGISTICO-NORMAL-N01,COLAPSO_LOGISTICO,NORMAL,1,1,43,RECOCIDO_SIMULADO,48,4930.4853,16244,20061.473333,61.473333,0,4,0,true,true,91.666667,92.307692,17624,2664,54.947917,352.115855,,,,,48,true,91.783333,3d19h47min,2026-04-04T19:47,1200100300037,PRIORIZADO_4H,2026-04-04T19:47,4,39.35925
BASE,COLAPSO_LOGISTICO-NORMAL-N01,COLAPSO_LOGISTICO,NORMAL,1,1,43,GENETICO,48,24969.9984,36240,20055.87,55.87,0,4,0,true,true,91.666667,92.307692,13798,2154,54.947917,,,,,,48,true,91.783333,3d19h47min,2026-04-04T19:47,1200100300037,PRIORIZADO_4H,2026-04-04T19:47,4,39.35925
BASE,COLAPSO_LOGISTICO-NORMAL-N01,COLAPSO_LOGISTICO,NORMAL,1,2,44,GENETICO,48,23140.4058,36240,20056.085,56.085,0,4,0,true,true,91.666667,92.307692,16908,2320,54.947917,,,,,,48,true,91.783333,3d19h47min,2026-04-04T19:47,1200100300037,PRIORIZADO_4H,2026-04-04T19:47,4,39.35925
BASE,COLAPSO_LOGISTICO-NORMAL-N01,COLAPSO_LOGISTICO,NORMAL,1,2,44,RECOCIDO_SIMULADO,48,4552.5152,15524,20064.416667,64.416667,0,4,0,true,true,91.666667,92.307692,18444,2754,54.947917,45.624559,,,,,48,true,91.783333,3d19h47min,2026-04-04T19:47,1200100300037,PRIORIZADO_4H,2026-04-04T19:47,4,39.35925
BASE,COLAPSO_LOGISTICO-NORMAL-N01,COLAPSO_LOGISTICO,NORMAL,1,3,45,RECOCIDO_SIMULADO,48,4668.948,15724,20060.256667,60.256667,0,4,0,true,true,91.666667,92.307692,17784,2682,54.947917,97.446532,,,,,48,true,91.783333,3d19h47min,2026-04-04T19:47,1200100300037,PRIORIZADO_4H,2026-04-04T19:47,4,39.35925
BASE,COLAPSO_LOGISTICO-NORMAL-N01,COLAPSO_LOGISTICO,NORMAL,1,3,45,GENETICO,48,22460.7774,36240,20055.87,55.87,0,4,0,true,true,91.666667,92.307692,17366,2356,54.947917,,,,,,48,true,91.783333,3d19h47min,2026-04-04T19:47,1200100300037,PRIORIZADO_4H,2026-04-04T19:47,4,39.35925
BASE,COLAPSO_LOGISTICO-NORMAL-N01,COLAPSO_LOGISTICO,NORMAL,1,4,46,GENETICO,48,24287.0109,36240,20055.87,55.87,0,4,0,true,true,91.666667,92.307692,16618,2442,54.947917,,,,,,48,true,91.783333,3d19h47min,2026-04-04T19:47,1200100300037,PRIORIZADO_4H,2026-04-04T19:47,4,39.35925
BASE,COLAPSO_LOGISTICO-NORMAL-N01,COLAPSO_LOGISTICO,NORMAL,1,4,46,RECOCIDO_SIMULADO,48,4424.8536,14524,20063.18,63.18,0,4,0,true,true,91.666667,92.307692,17364,2600,54.947917,84.822139,,,,,48,true,91.783333,3d19h47min,2026-04-04T19:47,1200100300037,PRIORIZADO_4H,2026-04-04T19:47,4,39.35925
BASE,COLAPSO_LOGISTICO-NORMAL-N01,COLAPSO_LOGISTICO,NORMAL,1,5,47,RECOCIDO_SIMULADO,48,4509.59,15164,20057.958333,57.958333,0,4,0,true,true,91.666667,92.307692,16392,2226,54.947917,50.503153,,,,,48,true,91.783333,3d19h47min,2026-04-04T19:47,1200100300037,PRIORIZADO_4H,2026-04-04T19:47,4,39.35925
BASE,COLAPSO_LOGISTICO-NORMAL-N01,COLAPSO_LOGISTICO,NORMAL,1,5,47,GENETICO,48,23270.4911,36240,20055.87,55.87,0,4,0,true,true,91.666667,92.307692,16444,2268,54.947917,,,,,,48,true,91.783333,3d19h47min,2026-04-04T19:47,1200100300037,PRIORIZADO_4H,2026-04-04T19:47,4,39.35925
BASE,COLAPSO_LOGISTICO-NORMAL-N01,COLAPSO_LOGISTICO,NORMAL,1,6,48,GENETICO,48,24661.2592,36240,20055.87,55.87,0,4,0,true,true,91.666667,92.307692,15926,2342,54.947917,,,,,,48,true,91.783333,3d19h47min,2026-04-04T19:47,1200100300037,PRIORIZADO_4H,2026-04-04T19:47,4,39.35925
BASE,COLAPSO_LOGISTICO-NORMAL-N01,COLAPSO_LOGISTICO,NORMAL,1,6,48,RECOCIDO_SIMULADO,48,4452.6675,14884,20060.658333,60.658333,0,4,0,true,true,91.666667,92.307692,18182,2880,54.947917,65.233988,,,,,48,true,91.783333,3d19h47min,2026-04-04T19:47,1200100300037,PRIORIZADO_4H,2026-04-04T19:47,4,39.35925
BASE,COLAPSO_LOGISTICO-NORMAL-N01,COLAPSO_LOGISTICO,NORMAL,1,7,49,RECOCIDO_SIMULADO,48,4510.9324,15324,20057.958333,57.958333,0,4,0,true,true,91.666667,92.307692,16508,2226,54.947917,69.378019,,,,,48,true,91.783333,3d19h47min,2026-04-04T19:47,1200100300037,PRIORIZADO_4H,2026-04-04T19:47,4,39.35925
BASE,COLAPSO_LOGISTICO-NORMAL-N01,COLAPSO_LOGISTICO,NORMAL,1,7,49,GENETICO,48,24229.642,36240,20055.76,55.76,0,4,0,true,true,91.666667,92.307692,16098,2380,54.947917,,,,,,48,true,91.783333,3d19h47min,2026-04-04T19:47,1200100300037,PRIORIZADO_4H,2026-04-04T19:47,4,39.35925
BASE,COLAPSO_LOGISTICO-NORMAL-N01,COLAPSO_LOGISTICO,NORMAL,1,8,50,GENETICO,48,26476.9004,36240,20055.87,55.87,0,4,0,true,true,91.666667,92.307692,17356,2352,54.947917,,,,,,48,true,91.783333,3d19h47min,2026-04-04T19:47,1200100300037,PRIORIZADO_4H,2026-04-04T19:47,4,39.35925
BASE,COLAPSO_LOGISTICO-NORMAL-N01,COLAPSO_LOGISTICO,NORMAL,1,8,50,RECOCIDO_SIMULADO,48,5329.9247,17324,20058.6,58.6,0,4,0,true,true,91.666667,92.307692,16578,2642,54.947917,504.688054,,,,,48,true,91.783333,3d19h47min,2026-04-04T19:47,1200100300037,PRIORIZADO_4H,2026-04-04T19:47,4,39.35925
BASE,COLAPSO_LOGISTICO-NORMAL-N01,COLAPSO_LOGISTICO,NORMAL,1,9,51,RECOCIDO_SIMULADO,48,5109.9183,16604,20058.863333,58.863333,0,4,0,true,true,91.666667,92.307692,17432,2702,54.947917,397.227454,,,,,48,true,91.783333,3d19h47min,2026-04-04T19:47,1200100300037,PRIORIZADO_4H,2026-04-04T19:47,4,39.35925
BASE,COLAPSO_LOGISTICO-NORMAL-N01,COLAPSO_LOGISTICO,NORMAL,1,9,51,GENETICO,48,26218.586,36240,20055.87,55.87,0,4,0,true,true,91.666667,92.307692,16184,2318,54.947917,,,,,,48,true,91.783333,3d19h47min,2026-04-04T19:47,1200100300037,PRIORIZADO_4H,2026-04-04T19:47,4,39.35925
BASE,COLAPSO_LOGISTICO-NORMAL-N01,COLAPSO_LOGISTICO,NORMAL,1,10,52,GENETICO,48,25387.0368,36240,20056.085,56.085,0,4,0,true,true,91.666667,92.307692,17442,2418,54.947917,,,,,,48,true,91.783333,3d19h47min,2026-04-04T19:47,1200100300037,PRIORIZADO_4H,2026-04-04T19:47,4,39.35925
BASE,COLAPSO_LOGISTICO-NORMAL-N01,COLAPSO_LOGISTICO,NORMAL,1,10,52,RECOCIDO_SIMULADO,48,5090.748,16724,20058.848333,58.848333,0,4,0,true,true,91.666667,92.307692,17748,2724,54.947917,192.638471,,,,,48,true,91.783333,3d19h47min,2026-04-04T19:47,1200100300037,PRIORIZADO_4H,2026-04-04T19:47,4,39.35925
BASE,COLAPSO_LOGISTICO-NORMAL-N01,COLAPSO_LOGISTICO,NORMAL,1,11,53,RECOCIDO_SIMULADO,48,4353.2999,14324,20061.476667,61.476667,0,4,0,true,true,91.666667,92.307692,17524,2572,54.947917,57.551034,,,,,48,true,91.783333,3d19h47min,2026-04-04T19:47,1200100300037,PRIORIZADO_4H,2026-04-04T19:47,4,39.35925
BASE,COLAPSO_LOGISTICO-NORMAL-N01,COLAPSO_LOGISTICO,NORMAL,1,11,53,GENETICO,48,23158.6861,36240,20055.87,55.87,0,4,0,true,true,91.666667,92.307692,15448,2162,54.947917,,,,,,48,true,91.783333,3d19h47min,2026-04-04T19:47,1200100300037,PRIORIZADO_4H,2026-04-04T19:47,4,39.35925
BASE,COLAPSO_LOGISTICO-NORMAL-N01,COLAPSO_LOGISTICO,NORMAL,1,12,54,GENETICO,48,24727.3147,36240,20055.76,55.76,0,4,0,true,true,91.666667,92.307692,15692,2280,54.947917,,,,,,48,true,91.783333,3d19h47min,2026-04-04T19:47,1200100300037,PRIORIZADO_4H,2026-04-04T19:47,4,39.35925
BASE,COLAPSO_LOGISTICO-NORMAL-N01,COLAPSO_LOGISTICO,NORMAL,1,12,54,RECOCIDO_SIMULADO,48,4513.2828,15164,20059.776667,59.776667,0,4,0,true,true,91.666667,92.307692,17790,2816,54.947917,68.214964,,,,,48,true,91.783333,3d19h47min,2026-04-04T19:47,1200100300037,PRIORIZADO_4H,2026-04-04T19:47,4,39.35925
BASE,COLAPSO_LOGISTICO-NORMAL-N01,COLAPSO_LOGISTICO,NORMAL,1,13,55,RECOCIDO_SIMULADO,48,4667.7704,15804,20060.556667,60.556667,0,4,0,true,true,91.666667,92.307692,17584,2642,54.947917,66.739528,,,,,48,true,91.783333,3d19h47min,2026-04-04T19:47,1200100300037,PRIORIZADO_4H,2026-04-04T19:47,4,39.35925
BASE,COLAPSO_LOGISTICO-NORMAL-N01,COLAPSO_LOGISTICO,NORMAL,1,13,55,GENETICO,48,25331.7292,36240,20055.51,55.51,0,4,0,true,true,91.666667,92.307692,16064,2286,54.947917,,,,,,48,true,91.783333,3d19h47min,2026-04-04T19:47,1200100300037,PRIORIZADO_4H,2026-04-04T19:47,4,39.35925
BASE,COLAPSO_LOGISTICO-NORMAL-N01,COLAPSO_LOGISTICO,NORMAL,1,14,56,GENETICO,48,24171.9632,36240,20055.87,55.87,0,4,0,true,true,91.666667,92.307692,16132,2340,54.947917,,,,,,48,true,91.783333,3d19h47min,2026-04-04T19:47,1200100300037,PRIORIZADO_4H,2026-04-04T19:47,4,39.35925
BASE,COLAPSO_LOGISTICO-NORMAL-N01,COLAPSO_LOGISTICO,NORMAL,1,14,56,RECOCIDO_SIMULADO,48,4520.3861,15084,20059.148333,59.148333,0,4,0,true,true,91.666667,92.307692,16654,2604,54.947917,74.008504,,,,,48,true,91.783333,3d19h47min,2026-04-04T19:47,1200100300037,PRIORIZADO_4H,2026-04-04T19:47,4,39.35925
BASE,COLAPSO_LOGISTICO-NORMAL-N01,COLAPSO_LOGISTICO,NORMAL,1,15,57,RECOCIDO_SIMULADO,48,4385.8096,14684,20064.77,64.77,0,4,0,true,true,91.666667,92.307692,16930,2680,54.947917,50.146701,,,,,48,true,91.783333,3d19h47min,2026-04-04T19:47,1200100300037,PRIORIZADO_4H,2026-04-04T19:47,4,39.35925
BASE,COLAPSO_LOGISTICO-NORMAL-N01,COLAPSO_LOGISTICO,NORMAL,1,15,57,GENETICO,48,23748.874,36240,20055.87,55.87,0,4,0,true,true,91.666667,92.307692,17356,2448,54.947917,,,,,,48,true,91.783333,3d19h47min,2026-04-04T19:47,1200100300037,PRIORIZADO_4H,2026-04-04T19:47,4,39.35925
BASE,COLAPSO_LOGISTICO-NORMAL-N01,COLAPSO_LOGISTICO,NORMAL,1,16,58,GENETICO,48,23647.1982,36240,20055.87,55.87,0,4,0,true,true,91.666667,92.307692,16512,2418,54.947917,,,,,,48,true,91.783333,3d19h47min,2026-04-04T19:47,1200100300037,PRIORIZADO_4H,2026-04-04T19:47,4,39.35925
BASE,COLAPSO_LOGISTICO-NORMAL-N01,COLAPSO_LOGISTICO,NORMAL,1,16,58,RECOCIDO_SIMULADO,48,4785.6129,16244,20058.848333,58.848333,0,4,0,true,true,91.666667,92.307692,16830,2638,54.947917,56.364233,,,,,48,true,91.783333,3d19h47min,2026-04-04T19:47,1200100300037,PRIORIZADO_4H,2026-04-04T19:47,4,39.35925
BASE,COLAPSO_LOGISTICO-NORMAL-N01,COLAPSO_LOGISTICO,NORMAL,1,17,59,RECOCIDO_SIMULADO,48,4452.0775,14844,20059.828333,59.828333,0,4,0,true,true,91.666667,92.307692,18204,2702,54.947917,60.89416,,,,,48,true,91.783333,3d19h47min,2026-04-04T19:47,1200100300037,PRIORIZADO_4H,2026-04-04T19:47,4,39.35925
BASE,COLAPSO_LOGISTICO-NORMAL-N01,COLAPSO_LOGISTICO,NORMAL,1,17,59,GENETICO,48,23679.1319,36240,20055.87,55.87,0,4,0,true,true,91.666667,92.307692,16646,2348,54.947917,,,,,,48,true,91.783333,3d19h47min,2026-04-04T19:47,1200100300037,PRIORIZADO_4H,2026-04-04T19:47,4,39.35925
BASE,COLAPSO_LOGISTICO-NORMAL-N02,COLAPSO_LOGISTICO,NORMAL,2,0,60,GENETICO,31,13191.3356,27180,5033.245,33.245,0,1,0,true,true,96.774194,95.454545,10334,1392,36.881188,,,,,,31,true,61.066667,2d13h04min,2026-04-03T13:04,1200200200019,PRIORIZADO_8H,2026-04-03T13:04,1,37.485
BASE,COLAPSO_LOGISTICO-NORMAL-N02,COLAPSO_LOGISTICO,NORMAL,2,0,60,RECOCIDO_SIMULADO,31,1942.5238,11543,5034.75,34.75,0,1,0,true,true,96.774194,95.454545,12034,1578,36.881188,210.000608,,,,,31,true,61.066667,2d13h04min,2026-04-03T13:04,1200200200019,PRIORIZADO_8H,2026-04-03T13:04,1,37.485
BASE,COLAPSO_LOGISTICO-NORMAL-N02,COLAPSO_LOGISTICO,NORMAL,2,1,61,RECOCIDO_SIMULADO,31,1969.4053,11863,5034.75,34.75,0,1,0,true,true,96.774194,95.454545,12034,1578,36.881188,200.892356,,,,,31,true,61.066667,2d13h04min,2026-04-03T13:04,1200200200019,PRIORIZADO_8H,2026-04-03T13:04,1,37.485
BASE,COLAPSO_LOGISTICO-NORMAL-N02,COLAPSO_LOGISTICO,NORMAL,2,1,61,GENETICO,31,11634.5086,27180,5033.135,33.135,0,1,0,true,true,96.774194,95.454545,10774,1476,36.881188,,,,,,31,true,61.066667,2d13h04min,2026-04-03T13:04,1200200200019,PRIORIZADO_8H,2026-04-03T13:04,1,37.485
BASE,COLAPSO_LOGISTICO-NORMAL-N02,COLAPSO_LOGISTICO,NORMAL,2,2,62,GENETICO,31,11545.8375,27180,5033.275,33.275,0,1,0,true,true,96.774194,95.454545,10378,1450,36.881188,,,,,,31,true,61.066667,2d13h04min,2026-04-03T13:04,1200200200019,PRIORIZADO_8H,2026-04-03T13:04,1,37.485
BASE,COLAPSO_LOGISTICO-NORMAL-N02,COLAPSO_LOGISTICO,NORMAL,2,2,62,RECOCIDO_SIMULADO,31,1734.5334,10463,5034.75,34.75,0,1,0,true,true,96.774194,95.454545,12034,1578,36.881188,97.37233,,,,,31,true,61.066667,2d13h04min,2026-04-03T13:04,1200200200019,PRIORIZADO_8H,2026-04-03T13:04,1,37.485
BASE,COLAPSO_LOGISTICO-NORMAL-N02,COLAPSO_LOGISTICO,NORMAL,2,3,63,RECOCIDO_SIMULADO,31,1860.9546,10743,5034.625,34.625,0,1,0,true,true,96.774194,95.454545,10802,1640,36.881188,198.474607,,,,,31,true,61.066667,2d13h04min,2026-04-03T13:04,1200200200019,PRIORIZADO_8H,2026-04-03T13:04,1,37.485
BASE,COLAPSO_LOGISTICO-NORMAL-N02,COLAPSO_LOGISTICO,NORMAL,2,3,63,GENETICO,31,11399.0101,27180,5032.96,32.96,0,1,0,true,true,96.774194,95.454545,10272,1326,36.881188,,,,,,31,true,61.066667,2d13h04min,2026-04-03T13:04,1200200200019,PRIORIZADO_8H,2026-04-03T13:04,1,37.485
BASE,COLAPSO_LOGISTICO-NORMAL-N02,COLAPSO_LOGISTICO,NORMAL,2,4,64,GENETICO,31,12373.3646,27180,5033.54,33.54,0,1,0,true,true,96.774194,95.454545,10112,1332,36.881188,,,,,,31,true,61.066667,2d13h04min,2026-04-03T13:04,1200200200019,PRIORIZADO_8H,2026-04-03T13:04,1,37.485
BASE,COLAPSO_LOGISTICO-NORMAL-N02,COLAPSO_LOGISTICO,NORMAL,2,4,64,RECOCIDO_SIMULADO,31,1634.2916,9623,5034.75,34.75,0,1,0,true,true,96.774194,95.454545,12034,1578,36.881188,109.336551,,,,,31,true,61.066667,2d13h04min,2026-04-03T13:04,1200200200019,PRIORIZADO_8H,2026-04-03T13:04,1,37.485
BASE,COLAPSO_LOGISTICO-NORMAL-N02,COLAPSO_LOGISTICO,NORMAL,2,5,65,RECOCIDO_SIMULADO,31,1738.858,10063,5034.625,34.625,0,1,0,true,true,96.774194,95.454545,10890,1632,36.881188,134.036082,,,,,31,true,61.066667,2d13h04min,2026-04-03T13:04,1200200200019,PRIORIZADO_8H,2026-04-03T13:04,1,37.485
BASE,COLAPSO_LOGISTICO-NORMAL-N02,COLAPSO_LOGISTICO,NORMAL,2,5,65,GENETICO,31,12555.2162,27180,5033.275,33.275,0,1,0,true,true,96.774194,95.454545,11480,1514,36.881188,,,,,,31,true,61.066667,2d13h04min,2026-04-03T13:04,1200200200019,PRIORIZADO_8H,2026-04-03T13:04,1,37.485
BASE,COLAPSO_LOGISTICO-NORMAL-N02,COLAPSO_LOGISTICO,NORMAL,2,6,66,GENETICO,31,10987.2984,27180,5033.245,33.245,0,1,0,true,true,96.774194,95.454545,11050,1494,36.881188,,,,,,31,true,61.066667,2d13h04min,2026-04-03T13:04,1200200200019,PRIORIZADO_8H,2026-04-03T13:04,1,37.485
BASE,COLAPSO_LOGISTICO-NORMAL-N02,COLAPSO_LOGISTICO,NORMAL,2,6,66,RECOCIDO_SIMULADO,31,1872.4474,10863,5034.75,34.75,0,1,0,true,true,96.774194,95.454545,12034,1578,36.881188,216.956398,,,,,31,true,61.066667,2d13h04min,2026-04-03T13:04,1200200200019,PRIORIZADO_8H,2026-04-03T13:04,1,37.485
BASE,COLAPSO_LOGISTICO-NORMAL-N02,COLAPSO_LOGISTICO,NORMAL,2,7,67,RECOCIDO_SIMULADO,31,1756.3,10303,5034.75,34.75,0,1,0,true,true,96.774194,95.454545,12034,1578,36.881188,149.791254,,,,,31,true,61.066667,2d13h04min,2026-04-03T13:04,1200200200019,PRIORIZADO_8H,2026-04-03T13:04,1,37.485
BASE,COLAPSO_LOGISTICO-NORMAL-N02,COLAPSO_LOGISTICO,NORMAL,2,7,67,GENETICO,31,10309.0635,27180,5033.245,33.245,0,1,0,true,true,96.774194,95.454545,10492,1328,36.881188,,,,,,31,true,61.066667,2d13h04min,2026-04-03T13:04,1200200200019,PRIORIZADO_8H,2026-04-03T13:04,1,37.485
BASE,COLAPSO_LOGISTICO-NORMAL-N02,COLAPSO_LOGISTICO,NORMAL,2,8,68,GENETICO,31,12786.5221,27180,5033.245,33.245,0,1,0,true,true,96.774194,95.454545,10226,1356,36.881188,,,,,,31,true,61.066667,2d13h04min,2026-04-03T13:04,1200200200019,PRIORIZADO_8H,2026-04-03T13:04,1,37.485
BASE,COLAPSO_LOGISTICO-NORMAL-N02,COLAPSO_LOGISTICO,NORMAL,2,8,68,RECOCIDO_SIMULADO,31,1814.9948,10503,5034.75,34.75,0,1,0,true,true,96.774194,95.454545,12034,1578,36.881188,253.553066,,,,,31,true,61.066667,2d13h04min,2026-04-03T13:04,1200200200019,PRIORIZADO_8H,2026-04-03T13:04,1,37.485
BASE,COLAPSO_LOGISTICO-NORMAL-N02,COLAPSO_LOGISTICO,NORMAL,2,9,69,RECOCIDO_SIMULADO,31,1656.9976,9943,5034.625,34.625,0,1,0,true,true,96.774194,95.454545,11734,1698,36.881188,93.835007,,,,,31,true,61.066667,2d13h04min,2026-04-03T13:04,1200200200019,PRIORIZADO_8H,2026-04-03T13:04,1,37.485
BASE,COLAPSO_LOGISTICO-NORMAL-N02,COLAPSO_LOGISTICO,NORMAL,2,9,69,GENETICO,31,12595.3153,27180,5033.245,33.245,0,1,0,true,true,96.774194,95.454545,10518,1440,36.881188,,,,,,31,true,61.066667,2d13h04min,2026-04-03T13:04,1200200200019,PRIORIZADO_8H,2026-04-03T13:04,1,37.485
BASE,COLAPSO_LOGISTICO-NORMAL-N02,COLAPSO_LOGISTICO,NORMAL,2,10,70,GENETICO,31,12591.3554,27180,5033.385,33.385,0,1,0,true,true,96.774194,95.454545,10586,1504,36.881188,,,,,,31,true,61.066667,2d13h04min,2026-04-03T13:04,1200200200019,PRIORIZADO_8H,2026-04-03T13:04,1,37.485
BASE,COLAPSO_LOGISTICO-NORMAL-N02,COLAPSO_LOGISTICO,NORMAL,2,10,70,RECOCIDO_SIMULADO,31,1901.4353,10943,5034.75,34.75,0,1,0,true,true,96.774194,95.454545,12034,1578,36.881188,274.943538,,,,,31,true,61.066667,2d13h04min,2026-04-03T13:04,1200200200019,PRIORIZADO_8H,2026-04-03T13:04,1,37.485
BASE,COLAPSO_LOGISTICO-NORMAL-N02,COLAPSO_LOGISTICO,NORMAL,2,11,71,RECOCIDO_SIMULADO,31,1731.0349,10543,5034.75,34.75,0,1,0,true,true,96.774194,95.454545,12034,1578,36.881188,75.478094,,,,,31,true,61.066667,2d13h04min,2026-04-03T13:04,1200200200019,PRIORIZADO_8H,2026-04-03T13:04,1,37.485
BASE,COLAPSO_LOGISTICO-NORMAL-N02,COLAPSO_LOGISTICO,NORMAL,2,11,71,GENETICO,31,10756.9222,27180,5032.85,32.85,0,1,0,true,true,96.774194,95.454545,10322,1362,36.881188,,,,,,31,true,61.066667,2d13h04min,2026-04-03T13:04,1200200200019,PRIORIZADO_8H,2026-04-03T13:04,1,37.485
BASE,COLAPSO_LOGISTICO-NORMAL-N02,COLAPSO_LOGISTICO,NORMAL,2,12,72,GENETICO,31,13160.2729,27180,5032.96,32.96,0,1,0,true,true,96.774194,95.454545,10274,1334,36.881188,,,,,,31,true,61.066667,2d13h04min,2026-04-03T13:04,1200200200019,PRIORIZADO_8H,2026-04-03T13:04,1,37.485
BASE,COLAPSO_LOGISTICO-NORMAL-N02,COLAPSO_LOGISTICO,NORMAL,2,12,72,RECOCIDO_SIMULADO,31,2006.069,11423,5034.75,34.75,0,1,0,true,true,96.774194,95.454545,12034,1578,36.881188,585.103954,,,,,31,true,61.066667,2d13h04min,2026-04-03T13:04,1200200200019,PRIORIZADO_8H,2026-04-03T13:04,1,37.485
BASE,COLAPSO_LOGISTICO-NORMAL-N02,COLAPSO_LOGISTICO,NORMAL,2,13,73,RECOCIDO_SIMULADO,31,1842.6166,10583,5034.75,34.75,0,1,0,true,true,96.774194,95.454545,12034,1578,36.881188,369.606277,,,,,31,true,61.066667,2d13h04min,2026-04-03T13:04,1200200200019,PRIORIZADO_8H,2026-04-03T13:04,1,37.485
BASE,COLAPSO_LOGISTICO-NORMAL-N02,COLAPSO_LOGISTICO,NORMAL,2,13,73,GENETICO,31,12322.7314,27180,5033.245,33.245,0,1,0,true,true,96.774194,95.454545,10594,1542,36.881188,,,,,,31,true,61.066667,2d13h04min,2026-04-03T13:04,1200200200019,PRIORIZADO_8H,2026-04-03T13:04,1,37.485
BASE,COLAPSO_LOGISTICO-NORMAL-N02,COLAPSO_LOGISTICO,NORMAL,2,14,74,GENETICO,31,11033.0839,27180,5033.135,33.135,0,1,0,true,true,96.774194,95.454545,9162,1260,36.881188,,,,,,31,true,61.066667,2d13h04min,2026-04-03T13:04,1200200200019,PRIORIZADO_8H,2026-04-03T13:04,1,37.485
BASE,COLAPSO_LOGISTICO-NORMAL-N02,COLAPSO_LOGISTICO,NORMAL,2,14,74,RECOCIDO_SIMULADO,31,1812.3539,10743,5034.75,34.75,0,1,0,true,true,96.774194,95.454545,12034,1578,36.881188,203.67643,,,,,31,true,61.066667,2d13h04min,2026-04-03T13:04,1200200200019,PRIORIZADO_8H,2026-04-03T13:04,1,37.485
BASE,COLAPSO_LOGISTICO-NORMAL-N02,COLAPSO_LOGISTICO,NORMAL,2,15,75,RECOCIDO_SIMULADO,31,1826.2214,10583,5034.75,34.75,0,1,0,true,true,96.774194,95.454545,12034,1578,36.881188,269.886571,,,,,31,true,61.066667,2d13h04min,2026-04-03T13:04,1200200200019,PRIORIZADO_8H,2026-04-03T13:04,1,37.485
BASE,COLAPSO_LOGISTICO-NORMAL-N02,COLAPSO_LOGISTICO,NORMAL,2,15,75,GENETICO,31,12441.5948,27180,5032.96,32.96,0,1,0,true,true,96.774194,95.454545,11046,1424,36.881188,,,,,,31,true,61.066667,2d13h04min,2026-04-03T13:04,1200200200019,PRIORIZADO_8H,2026-04-03T13:04,1,37.485
BASE,COLAPSO_LOGISTICO-NORMAL-N02,COLAPSO_LOGISTICO,NORMAL,2,16,76,GENETICO,31,12551.2959,27180,5033.135,33.135,0,1,0,true,true,96.774194,95.454545,11022,1498,36.881188,,,,,,31,true,61.066667,2d13h04min,2026-04-03T13:04,1200200200019,PRIORIZADO_8H,2026-04-03T13:04,1,37.485
BASE,COLAPSO_LOGISTICO-NORMAL-N02,COLAPSO_LOGISTICO,NORMAL,2,16,76,RECOCIDO_SIMULADO,31,2075.4368,12383,5034.75,34.75,0,1,0,true,true,96.774194,95.454545,12034,1578,36.881188,329.11173,,,,,31,true,61.066667,2d13h04min,2026-04-03T13:04,1200200200019,PRIORIZADO_8H,2026-04-03T13:04,1,37.485
BASE,COLAPSO_LOGISTICO-NORMAL-N02,COLAPSO_LOGISTICO,NORMAL,2,17,77,RECOCIDO_SIMULADO,31,1914.4105,11223,5034.75,34.75,0,1,0,true,true,96.774194,95.454545,12034,1578,36.881188,212.095817,,,,,31,true,61.066667,2d13h04min,2026-04-03T13:04,1200200200019,PRIORIZADO_8H,2026-04-03T13:04,1,37.485
BASE,COLAPSO_LOGISTICO-NORMAL-N02,COLAPSO_LOGISTICO,NORMAL,2,17,77,GENETICO,31,11930.1954,27180,5033.135,33.135,0,1,0,true,true,96.774194,95.454545,11428,1438,36.881188,,,,,,31,true,61.066667,2d13h04min,2026-04-03T13:04,1200200200019,PRIORIZADO_8H,2026-04-03T13:04,1,37.485
BASE,COLAPSO_LOGISTICO-NORMAL-N03,COLAPSO_LOGISTICO,NORMAL,3,0,78,GENETICO,48,23590.3094,36240,10052.468333,52.468333,0,2,0,true,true,95.833333,96.296296,18480,2738,70.833333,,,,,,48,true,80.466667,3d08h28min,2026-04-04T08:28,1200300300049,PRIORIZADO_4H,2026-04-04T08:28,2,39.35925
BASE,COLAPSO_LOGISTICO-NORMAL-N03,COLAPSO_LOGISTICO,NORMAL,3,0,78,RECOCIDO_SIMULADO,48,3986.7817,18044,10085.161667,65.161667,0.2,2,0,true,true,93.75,92.592593,18242,3072,70.833333,547.312711,,,,,48,true,75.6,3d03h36min,2026-04-04T03:36,1200300200036,PRIORIZADO_4H,2026-04-04T03:36,2,39.35925
BASE,COLAPSO_LOGISTICO-NORMAL-N03,COLAPSO_LOGISTICO,NORMAL,3,1,79,RECOCIDO_SIMULADO,49,4313.5389,19004,10104.395,104.395,0,2,0,true,true,95.918367,96.296296,19688,2770,73.4375,1210.986089,,,,,49,true,80.466667,3d08h28min,2026-04-04T08:28,1200300300049,PRIORIZADO_4H,2026-04-04T08:28,2,39.35925
BASE,COLAPSO_LOGISTICO-NORMAL-N03,COLAPSO_LOGISTICO,NORMAL,3,1,79,GENETICO,48,21438.3317,36240,10052.363333,52.363333,0,2,0,true,true,95.833333,96.296296,17814,2616,70.833333,,,,,,48,true,80.466667,3d08h28min,2026-04-04T08:28,1200300300049,PRIORIZADO_4H,2026-04-04T08:28,2,39.35925
BASE,COLAPSO_LOGISTICO-NORMAL-N03,COLAPSO_LOGISTICO,NORMAL,3,2,80,GENETICO,48,20376.9667,36240,10051.663333,51.663333,0,2,0,true,true,95.833333,96.296296,17768,2612,70.833333,,,,,,48,true,80.466667,3d08h28min,2026-04-04T08:28,1200300300049,PRIORIZADO_4H,2026-04-04T08:28,2,39.35925
BASE,COLAPSO_LOGISTICO-NORMAL-N03,COLAPSO_LOGISTICO,NORMAL,3,2,80,RECOCIDO_SIMULADO,48,3841.8466,17164,10094.816667,94.816667,0,2,0,true,true,95.833333,96.296296,19922,2836,70.833333,269.219711,,,,,48,true,80.466667,3d08h28min,2026-04-04T08:28,1200300300049,PRIORIZADO_4H,2026-04-04T08:28,2,39.35925
BASE,COLAPSO_LOGISTICO-NORMAL-N03,COLAPSO_LOGISTICO,NORMAL,3,3,81,RECOCIDO_SIMULADO,48,4292.6886,19524,10098.886667,61.553333,0.373333,2,0,true,true,93.75,92.592593,17850,2724,70.833333,768.253463,,,,,48,true,75.066667,3d03h04min,2026-04-04T03:04,1200300200025,PRIORIZADO_4H,2026-04-04T03:04,2,39.35925
BASE,COLAPSO_LOGISTICO-NORMAL-N03,COLAPSO_LOGISTICO,NORMAL,3,3,81,GENETICO,48,18837.2708,36240,10052.526667,52.526667,0,2,0,true,true,95.833333,96.296296,17282,2650,70.833333,,,,,,48,true,80.466667,3d08h28min,2026-04-04T08:28,1200300300049,PRIORIZADO_4H,2026-04-04T08:28,2,39.35925
BASE,COLAPSO_LOGISTICO-NORMAL-N03,COLAPSO_LOGISTICO,NORMAL,3,4,82,GENETICO,48,19916.5771,36240,10051.58,51.58,0,2,0,true,true,95.833333,96.296296,17670,2730,70.833333,,,,,,48,true,80.466667,3d08h28min,2026-04-04T08:28,1200300300049,PRIORIZADO_4H,2026-04-04T08:28,2,39.35925
BASE,COLAPSO_LOGISTICO-NORMAL-N03,COLAPSO_LOGISTICO,NORMAL,3,4,82,RECOCIDO_SIMULADO,48,4152.1668,18164,10057.928333,57.928333,0,2,0,true,true,95.833333,96.296296,19064,2888,70.833333,888.004953,,,,,48,true,80.466667,3d08h28min,2026-04-04T08:28,1200300300049,PRIORIZADO_4H,2026-04-04T08:28,2,39.35925
BASE,COLAPSO_LOGISTICO-NORMAL-N03,COLAPSO_LOGISTICO,NORMAL,3,5,83,RECOCIDO_SIMULADO,48,4232.0081,18804,10082.7,62.7,0.2,2,0,true,true,93.75,92.592593,21698,3234,70.833333,927.821919,,,,,48,true,75.6,3d03h36min,2026-04-04T03:36,1200300200036,PRIORIZADO_4H,2026-04-04T03:36,2,39.35925
BASE,COLAPSO_LOGISTICO-NORMAL-N03,COLAPSO_LOGISTICO,NORMAL,3,5,83,GENETICO,48,19631.4774,36240,10055.168333,55.168333,0,2,0,true,true,95.833333,96.296296,17432,2626,70.833333,,,,,,48,true,80.466667,3d08h28min,2026-04-04T08:28,1200300300049,PRIORIZADO_4H,2026-04-04T08:28,2,39.35925
BASE,COLAPSO_LOGISTICO-NORMAL-N03,COLAPSO_LOGISTICO,NORMAL,3,6,84,GENETICO,48,19848.2629,36240,10053.226667,53.226667,0,2,0,true,true,95.833333,96.296296,17376,2492,70.833333,,,,,,48,true,80.466667,3d08h28min,2026-04-04T08:28,1200300300049,PRIORIZADO_4H,2026-04-04T08:28,2,39.35925
BASE,COLAPSO_LOGISTICO-NORMAL-N03,COLAPSO_LOGISTICO,NORMAL,3,6,84,RECOCIDO_SIMULADO,48,4337.245,19644,10084.971667,64.971667,0.2,2,0,true,true,93.75,92.592593,18084,2924,70.833333,769.230579,,,,,48,true,75.6,3d03h36min,2026-04-04T03:36,1200300200036,PRIORIZADO_4H,2026-04-04T03:36,2,39.35925
BASE,COLAPSO_LOGISTICO-NORMAL-N03,COLAPSO_LOGISTICO,NORMAL,3,7,85,RECOCIDO_SIMULADO,48,4124.2255,18204,10099.705,62.371667,0.373333,2,0,true,true,93.75,92.592593,18576,2818,70.833333,1078.775499,,,,,48,true,75.066667,3d03h04min,2026-04-04T03:04,1200300200025,PRIORIZADO_4H,2026-04-04T03:04,2,39.35925
BASE,COLAPSO_LOGISTICO-NORMAL-N03,COLAPSO_LOGISTICO,NORMAL,3,7,85,GENETICO,48,22065.6827,36240,10052.385,52.385,0,2,0,true,true,95.833333,96.296296,17738,2636,70.833333,,,,,,48,true,80.466667,3d08h28min,2026-04-04T08:28,1200300300049,PRIORIZADO_4H,2026-04-04T08:28,2,39.35925
BASE,COLAPSO_LOGISTICO-NORMAL-N03,COLAPSO_LOGISTICO,NORMAL,3,8,86,GENETICO,48,19895.989,36240,10053.615,53.615,0,2,0,true,true,95.833333,96.296296,19376,2776,70.833333,,,,,,48,true,80.466667,3d08h28min,2026-04-04T08:28,1200300300049,PRIORIZADO_4H,2026-04-04T08:28,2,39.35925
BASE,COLAPSO_LOGISTICO-NORMAL-N03,COLAPSO_LOGISTICO,NORMAL,3,8,86,RECOCIDO_SIMULADO,48,4453.7911,20284,10058.99,58.99,0,2,0,true,true,95.833333,96.296296,19750,3118,70.833333,774.82144,,,,,48,true,80.466667,3d08h28min,2026-04-04T08:28,1200300300049,PRIORIZADO_4H,2026-04-04T08:28,2,39.35925
BASE,COLAPSO_LOGISTICO-NORMAL-N03,COLAPSO_LOGISTICO,NORMAL,3,9,87,RECOCIDO_SIMULADO,48,4242.6076,18964,10062.805,62.805,0,2,0,true,true,95.833333,96.296296,19166,2912,70.833333,541.164558,,,,,48,true,80.466667,3d08h28min,2026-04-04T08:28,1200300300049,PRIORIZADO_4H,2026-04-04T08:28,2,39.35925
BASE,COLAPSO_LOGISTICO-NORMAL-N03,COLAPSO_LOGISTICO,NORMAL,3,9,87,GENETICO,48,18606.4294,36240,10052.76,52.76,0,2,0,true,true,95.833333,96.296296,18216,2654,70.833333,,,,,,48,true,80.466667,3d08h28min,2026-04-04T08:28,1200300300049,PRIORIZADO_4H,2026-04-04T08:28,2,39.35925
BASE,COLAPSO_LOGISTICO-NORMAL-N03,COLAPSO_LOGISTICO,NORMAL,3,10,88,GENETICO,48,19990.88,36240,10051.58,51.58,0,2,0,true,true,95.833333,96.296296,17254,2638,70.833333,,,,,,48,true,80.466667,3d08h28min,2026-04-04T08:28,1200300300049,PRIORIZADO_4H,2026-04-04T08:28,2,39.35925
BASE,COLAPSO_LOGISTICO-NORMAL-N03,COLAPSO_LOGISTICO,NORMAL,3,10,88,RECOCIDO_SIMULADO,48,3781.0046,17244,10081.318333,61.318333,0.2,2,0,true,true,93.75,92.592593,19028,2914,70.833333,274.11457,,,,,48,true,75.6,3d03h36min,2026-04-04T03:36,1200300200036,PRIORIZADO_4H,2026-04-04T03:36,2,39.35925
BASE,COLAPSO_LOGISTICO-NORMAL-N03,COLAPSO_LOGISTICO,NORMAL,3,11,89,RECOCIDO_SIMULADO,48,4599.761,21004,10083.08,63.08,0.2,2,0,true,true,93.75,92.592593,18968,2904,70.833333,649.67913,,,,,48,true,75.6,3d03h36min,2026-04-04T03:36,1200300200036,PRIORIZADO_4H,2026-04-04T03:36,2,39.35925
BASE,COLAPSO_LOGISTICO-NORMAL-N03,COLAPSO_LOGISTICO,NORMAL,3,11,89,GENETICO,48,21802.213,36240,10053.496667,53.496667,0,2,0,true,true,95.833333,96.296296,17624,2494,70.833333,,,,,,48,true,80.466667,3d08h28min,2026-04-04T08:28,1200300300049,PRIORIZADO_4H,2026-04-04T08:28,2,39.35925
BASE,COLAPSO_LOGISTICO-NORMAL-N03,COLAPSO_LOGISTICO,NORMAL,3,12,90,GENETICO,48,17921.0378,36240,10051.58,51.58,0,2,0,true,true,95.833333,96.296296,18018,2500,70.833333,,,,,,48,true,80.466667,3d08h28min,2026-04-04T08:28,1200300300049,PRIORIZADO_4H,2026-04-04T08:28,2,39.35925
BASE,COLAPSO_LOGISTICO-NORMAL-N03,COLAPSO_LOGISTICO,NORMAL,3,12,90,RECOCIDO_SIMULADO,48,4343.685,19204,10060.715,60.715,0,2,0,true,true,95.833333,96.296296,18346,2834,70.833333,759.905052,,,,,48,true,80.466667,3d08h28min,2026-04-04T08:28,1200300300049,PRIORIZADO_4H,2026-04-04T08:28,2,39.35925
BASE,COLAPSO_LOGISTICO-NORMAL-N03,COLAPSO_LOGISTICO,NORMAL,3,13,91,RECOCIDO_SIMULADO,49,4109.3877,18484,10102.958333,65.625,0.373333,2,0,true,true,93.877551,92.592593,19582,3172,73.4375,1037.409791,,,,,49,true,75.066667,3d03h04min,2026-04-04T03:04,1200300200025,PRIORIZADO_4H,2026-04-04T03:04,2,39.35925
BASE,COLAPSO_LOGISTICO-NORMAL-N03,COLAPSO_LOGISTICO,NORMAL,3,13,91,GENETICO,48,19050.9356,36240,10053.615,53.615,0,2,0,true,true,95.833333,96.296296,17576,2692,70.833333,,,,,,48,true,80.466667,3d08h28min,2026-04-04T08:28,1200300300049,PRIORIZADO_4H,2026-04-04T08:28,2,39.35925
BASE,COLAPSO_LOGISTICO-NORMAL-N03,COLAPSO_LOGISTICO,NORMAL,3,14,92,GENETICO,48,21629.783,36240,10056.201667,56.201667,0,2,0,true,true,95.833333,96.296296,16814,2472,70.833333,,,,,,48,true,80.466667,3d08h28min,2026-04-04T08:28,1200300300049,PRIORIZADO_4H,2026-04-04T08:28,2,39.35925
BASE,COLAPSO_LOGISTICO-NORMAL-N03,COLAPSO_LOGISTICO,NORMAL,3,14,92,RECOCIDO_SIMULADO,48,4290.9034,19484,10098.138333,60.805,0.373333,2,0,true,true,93.75,92.592593,20034,3106,70.833333,807.24452,,,,,48,true,75.066667,3d03h04min,2026-04-04T03:04,1200300200025,PRIORIZADO_4H,2026-04-04T03:04,2,39.35925
BASE,COLAPSO_LOGISTICO-NORMAL-N03,COLAPSO_LOGISTICO,NORMAL,3,15,93,RECOCIDO_SIMULADO,48,4390.5201,19964,10097.98,60.646667,0.373333,2,0,true,true,93.75,92.592593,19734,3060,70.833333,812.162005,,,,,48,true,75.066667,3d03h04min,2026-04-04T03:04,1200300200025,PRIORIZADO_4H,2026-04-04T03:04,2,39.35925
BASE,COLAPSO_LOGISTICO-NORMAL-N03,COLAPSO_LOGISTICO,NORMAL,3,15,93,GENETICO,48,19292.3922,36240,10052.53,52.53,0,2,0,true,true,95.833333,96.296296,16836,2502,70.833333,,,,,,48,true,80.466667,3d08h28min,2026-04-04T08:28,1200300300049,PRIORIZADO_4H,2026-04-04T08:28,2,39.35925
BASE,COLAPSO_LOGISTICO-NORMAL-N03,COLAPSO_LOGISTICO,NORMAL,3,16,94,GENETICO,48,18376.0059,36240,10052.385,52.385,0,2,0,true,true,95.833333,96.296296,16558,2510,70.833333,,,,,,48,true,80.466667,3d08h28min,2026-04-04T08:28,1200300300049,PRIORIZADO_4H,2026-04-04T08:28,2,39.35925
BASE,COLAPSO_LOGISTICO-NORMAL-N03,COLAPSO_LOGISTICO,NORMAL,3,16,94,RECOCIDO_SIMULADO,48,4455.046,20484,10061.066667,61.066667,0,2,0,true,true,95.833333,96.296296,19202,2868,70.833333,676.131525,,,,,48,true,80.466667,3d08h28min,2026-04-04T08:28,1200300300049,PRIORIZADO_4H,2026-04-04T08:28,2,39.35925
BASE,COLAPSO_LOGISTICO-NORMAL-N03,COLAPSO_LOGISTICO,NORMAL,3,17,95,RECOCIDO_SIMULADO,48,4165.2905,18444,10117.718333,60.385,0.573333,2,0,true,true,91.666667,88.888889,18234,2948,70.833333,729.606673,,,,,48,true,75.066667,3d03h04min,2026-04-04T03:04,1200300200025,PRIORIZADO_4H,2026-04-04T03:04,2,39.35925
BASE,COLAPSO_LOGISTICO-NORMAL-N03,COLAPSO_LOGISTICO,NORMAL,3,17,95,GENETICO,48,24544.7007,36240,10053.085,53.085,0,2,0,true,true,95.833333,96.296296,18484,2842,70.833333,,,,,,48,true,80.466667,3d08h28min,2026-04-04T08:28,1200300300049,PRIORIZADO_4H,2026-04-04T08:28,2,39.35925
BASE,COLAPSO_LOGISTICO-NORMAL-N04,COLAPSO_LOGISTICO,NORMAL,4,0,96,GENETICO,41,22064.3154,45300,10040.158333,40.158333,0,2,0,true,true,95.121951,96.428571,16290,2238,48.157895,,,,,,41,true,101.683333,4d05h41min,2026-04-05T05:41,1200400300035,PRIORIZADO_18H,2026-04-05T05:41,2,41.327213
BASE,COLAPSO_LOGISTICO-NORMAL-N04,COLAPSO_LOGISTICO,NORMAL,4,0,96,RECOCIDO_SIMULADO,41,4444.4019,21185,10040.358333,40.358333,0,2,0,true,true,95.121951,96.428571,16736,2092,48.157895,230.07674,,,,,41,true,101.683333,4d05h41min,2026-04-05T05:41,1200400300035,PRIORIZADO_18H,2026-04-05T05:41,2,41.327213
BASE,COLAPSO_LOGISTICO-NORMAL-N04,COLAPSO_LOGISTICO,NORMAL,4,1,97,RECOCIDO_SIMULADO,41,4678.2653,22265,10040.358333,40.358333,0,2,0,true,true,95.121951,96.428571,16736,2092,48.157895,473.810956,,,,,41,true,101.683333,4d05h41min,2026-04-05T05:41,1200400300035,PRIORIZADO_18H,2026-04-05T05:41,2,41.327213
BASE,COLAPSO_LOGISTICO-NORMAL-N04,COLAPSO_LOGISTICO,NORMAL,4,1,97,GENETICO,41,21925.0469,45300,10039.933333,39.933333,0,2,0,true,true,95.121951,96.428571,16314,2226,48.157895,,,,,,41,true,101.683333,4d05h41min,2026-04-05T05:41,1200400300035,PRIORIZADO_18H,2026-04-05T05:41,2,41.327213
BASE,COLAPSO_LOGISTICO-NORMAL-N04,COLAPSO_LOGISTICO,NORMAL,4,2,98,GENETICO,41,24073.5779,45300,10040.158333,40.158333,0,2,0,true,true,95.121951,96.428571,16028,2246,48.157895,,,,,,41,true,101.683333,4d05h41min,2026-04-05T05:41,1200400300035,PRIORIZADO_18H,2026-04-05T05:41,2,41.327213
BASE,COLAPSO_LOGISTICO-NORMAL-N04,COLAPSO_LOGISTICO,NORMAL,4,2,98,RECOCIDO_SIMULADO,41,4467.2591,21545,10040.358333,40.358333,0,2,0,true,true,95.121951,96.428571,16736,2092,48.157895,246.799115,,,,,41,true,101.683333,4d05h41min,2026-04-05T05:41,1200400300035,PRIORIZADO_18H,2026-04-05T05:41,2,41.327213
BASE,COLAPSO_LOGISTICO-NORMAL-N04,COLAPSO_LOGISTICO,NORMAL,4,3,99,RECOCIDO_SIMULADO,41,4475.7491,21745,10040.358333,40.358333,0,2,0,true,true,95.121951,96.428571,16736,2092,48.157895,77.8857,,,,,41,true,101.683333,4d05h41min,2026-04-05T05:41,1200400300035,PRIORIZADO_18H,2026-04-05T05:41,2,41.327213
BASE,COLAPSO_LOGISTICO-NORMAL-N04,COLAPSO_LOGISTICO,NORMAL,4,3,99,GENETICO,41,23623.4039,45300,10040.158333,40.158333,0,2,0,true,true,95.121951,96.428571,17038,2254,48.157895,,,,,,41,true,101.683333,4d05h41min,2026-04-05T05:41,1200400300035,PRIORIZADO_18H,2026-04-05T05:41,2,41.327213
BASE,COLAPSO_LOGISTICO-NORMAL-N04,COLAPSO_LOGISTICO,NORMAL,4,4,100,GENETICO,41,23875.5732,45300,10040.158333,40.158333,0,2,0,true,true,95.121951,96.428571,15794,2262,48.157895,,,,,,41,true,101.683333,4d05h41min,2026-04-05T05:41,1200400300035,PRIORIZADO_18H,2026-04-05T05:41,2,41.327213
BASE,COLAPSO_LOGISTICO-NORMAL-N04,COLAPSO_LOGISTICO,NORMAL,4,4,100,RECOCIDO_SIMULADO,41,4465.6558,21425,10040.358333,40.358333,0,2,0,true,true,95.121951,96.428571,16736,2092,48.157895,170.065807,,,,,41,true,101.683333,4d05h41min,2026-04-05T05:41,1200400300035,PRIORIZADO_18H,2026-04-05T05:41,2,41.327213
BASE,COLAPSO_LOGISTICO-NORMAL-N04,COLAPSO_LOGISTICO,NORMAL,4,5,101,RECOCIDO_SIMULADO,41,4495.3948,21385,10040.358333,40.358333,0,2,0,true,true,95.121951,96.428571,16736,2092,48.157895,295.445654,,,,,41,true,101.683333,4d05h41min,2026-04-05T05:41,1200400300035,PRIORIZADO_18H,2026-04-05T05:41,2,41.327213
BASE,COLAPSO_LOGISTICO-NORMAL-N04,COLAPSO_LOGISTICO,NORMAL,4,5,101,GENETICO,41,25559.1092,45300,10040.158333,40.158333,0,2,0,true,true,95.121951,96.428571,15736,2338,48.157895,,,,,,41,true,101.683333,4d05h41min,2026-04-05T05:41,1200400300035,PRIORIZADO_18H,2026-04-05T05:41,2,41.327213
BASE,COLAPSO_LOGISTICO-NORMAL-N04,COLAPSO_LOGISTICO,NORMAL,4,6,102,GENETICO,41,24476.0726,45300,10040.133333,40.133333,0,2,0,true,true,95.121951,96.428571,14334,2172,48.157895,,,,,,41,true,101.683333,4d05h41min,2026-04-05T05:41,1200400300035,PRIORIZADO_18H,2026-04-05T05:41,2,41.327213
BASE,COLAPSO_LOGISTICO-NORMAL-N04,COLAPSO_LOGISTICO,NORMAL,4,6,102,RECOCIDO_SIMULADO,41,4605.6814,21865,10040.358333,40.358333,0,2,0,true,true,95.121951,96.428571,16736,2092,48.157895,287.015789,,,,,41,true,101.683333,4d05h41min,2026-04-05T05:41,1200400300035,PRIORIZADO_18H,2026-04-05T05:41,2,41.327213
BASE,COLAPSO_LOGISTICO-NORMAL-N04,COLAPSO_LOGISTICO,NORMAL,4,7,103,RECOCIDO_SIMULADO,41,4613.0606,21985,10040.358333,40.358333,0,2,0,true,true,95.121951,96.428571,16736,2092,48.157895,263.163794,,,,,41,true,101.683333,4d05h41min,2026-04-05T05:41,1200400300035,PRIORIZADO_18H,2026-04-05T05:41,2,41.327213
BASE,COLAPSO_LOGISTICO-NORMAL-N04,COLAPSO_LOGISTICO,NORMAL,4,7,103,GENETICO,41,23946.1598,45300,10040.158333,40.158333,0,2,0,true,true,95.121951,96.428571,16202,2232,48.157895,,,,,,41,true,101.683333,4d05h41min,2026-04-05T05:41,1200400300035,PRIORIZADO_18H,2026-04-05T05:41,2,41.327213
BASE,COLAPSO_LOGISTICO-NORMAL-N04,COLAPSO_LOGISTICO,NORMAL,4,8,104,GENETICO,41,22123.5386,45300,10040.158333,40.158333,0,2,0,true,true,95.121951,96.428571,15604,2082,48.157895,,,,,,41,true,101.683333,4d05h41min,2026-04-05T05:41,1200400300035,PRIORIZADO_18H,2026-04-05T05:41,2,41.327213
BASE,COLAPSO_LOGISTICO-NORMAL-N04,COLAPSO_LOGISTICO,NORMAL,4,8,104,RECOCIDO_SIMULADO,41,4704.6305,22665,10040.358333,40.358333,0,2,0,true,true,95.121951,96.428571,16736,2092,48.157895,211.580149,,,,,41,true,101.683333,4d05h41min,2026-04-05T05:41,1200400300035,PRIORIZADO_18H,2026-04-05T05:41,2,41.327213
BASE,COLAPSO_LOGISTICO-NORMAL-N04,COLAPSO_LOGISTICO,NORMAL,4,9,105,RECOCIDO_SIMULADO,41,4305.7828,20705,10040.358333,40.358333,0,2,0,true,true,95.121951,96.428571,16736,2092,48.157895,204.927273,,,,,41,true,101.683333,4d05h41min,2026-04-05T05:41,1200400300035,PRIORIZADO_18H,2026-04-05T05:41,2,41.327213
BASE,COLAPSO_LOGISTICO-NORMAL-N04,COLAPSO_LOGISTICO,NORMAL,4,9,105,GENETICO,41,22521.8917,45300,10040.158333,40.158333,0,2,0,true,true,95.121951,96.428571,12966,1878,48.157895,,,,,,41,true,101.683333,4d05h41min,2026-04-05T05:41,1200400300035,PRIORIZADO_18H,2026-04-05T05:41,2,41.327213
BASE,COLAPSO_LOGISTICO-NORMAL-N04,COLAPSO_LOGISTICO,NORMAL,4,10,106,GENETICO,41,23876.5624,45300,10040.158333,40.158333,0,2,0,true,true,95.121951,96.428571,13870,1932,48.157895,,,,,,41,true,101.683333,4d05h41min,2026-04-05T05:41,1200400300035,PRIORIZADO_18H,2026-04-05T05:41,2,41.327213
BASE,COLAPSO_LOGISTICO-NORMAL-N04,COLAPSO_LOGISTICO,NORMAL,4,10,106,RECOCIDO_SIMULADO,41,4495.6512,21465,10040.358333,40.358333,0,2,0,true,true,95.121951,96.428571,16736,2092,48.157895,350.936786,,,,,41,true,101.683333,4d05h41min,2026-04-05T05:41,1200400300035,PRIORIZADO_18H,2026-04-05T05:41,2,41.327213
BASE,COLAPSO_LOGISTICO-NORMAL-N04,COLAPSO_LOGISTICO,NORMAL,4,11,107,RECOCIDO_SIMULADO,41,4474.2069,21985,10040.358333,40.358333,0,2,0,true,true,95.121951,96.428571,16736,2092,48.157895,137.586666,,,,,41,true,101.683333,4d05h41min,2026-04-05T05:41,1200400300035,PRIORIZADO_18H,2026-04-05T05:41,2,41.327213
BASE,COLAPSO_LOGISTICO-NORMAL-N04,COLAPSO_LOGISTICO,NORMAL,4,11,107,GENETICO,41,25669.118,45300,10040.158333,40.158333,0,2,0,true,true,95.121951,96.428571,14488,1966,48.157895,,,,,,41,true,101.683333,4d05h41min,2026-04-05T05:41,1200400300035,PRIORIZADO_18H,2026-04-05T05:41,2,41.327213
BASE,COLAPSO_LOGISTICO-NORMAL-N04,COLAPSO_LOGISTICO,NORMAL,4,12,108,GENETICO,41,21844.5445,45300,10040.158333,40.158333,0,2,0,true,true,95.121951,96.428571,15418,2232,48.157895,,,,,,41,true,101.683333,4d05h41min,2026-04-05T05:41,1200400300035,PRIORIZADO_18H,2026-04-05T05:41,2,41.327213
BASE,COLAPSO_LOGISTICO-NORMAL-N04,COLAPSO_LOGISTICO,NORMAL,4,12,108,RECOCIDO_SIMULADO,41,4623.5119,21745,10040.358333,40.358333,0,2,0,true,true,95.121951,96.428571,16736,2092,48.157895,487.140155,,,,,41,true,101.683333,4d05h41min,2026-04-05T05:41,1200400300035,PRIORIZADO_18H,2026-04-05T05:41,2,41.327213
BASE,COLAPSO_LOGISTICO-NORMAL-N04,COLAPSO_LOGISTICO,NORMAL,4,13,109,RECOCIDO_SIMULADO,41,4616.6639,21665,10040.358333,40.358333,0,2,0,true,true,95.121951,96.428571,16736,2092,48.157895,588.246282,,,,,41,true,101.683333,4d05h41min,2026-04-05T05:41,1200400300035,PRIORIZADO_18H,2026-04-05T05:41,2,41.327213
BASE,COLAPSO_LOGISTICO-NORMAL-N04,COLAPSO_LOGISTICO,NORMAL,4,13,109,GENETICO,41,24797.1136,45300,10040.158333,40.158333,0,2,0,true,true,95.121951,96.428571,15784,2180,48.157895,,,,,,41,true,101.683333,4d05h41min,2026-04-05T05:41,1200400300035,PRIORIZADO_18H,2026-04-05T05:41,2,41.327213
BASE,COLAPSO_LOGISTICO-NORMAL-N04,COLAPSO_LOGISTICO,NORMAL,4,14,110,GENETICO,41,23051.5604,45300,10039.933333,39.933333,0,2,0,true,true,95.121951,96.428571,15540,2010,48.157895,,,,,,41,true,101.683333,4d05h41min,2026-04-05T05:41,1200400300035,PRIORIZADO_18H,2026-04-05T05:41,2,41.327213
BASE,COLAPSO_LOGISTICO-NORMAL-N04,COLAPSO_LOGISTICO,NORMAL,4,14,110,RECOCIDO_SIMULADO,41,4677.1307,21065,10040.358333,40.358333,0,2,0,true,true,95.121951,96.428571,16736,2092,48.157895,187.314052,,,,,41,true,101.683333,4d05h41min,2026-04-05T05:41,1200400300035,PRIORIZADO_18H,2026-04-05T05:41,2,41.327213
BASE,COLAPSO_LOGISTICO-NORMAL-N04,COLAPSO_LOGISTICO,NORMAL,4,15,111,RECOCIDO_SIMULADO,41,4723.2844,21185,10040.358333,40.358333,0,2,0,true,true,95.121951,96.428571,16736,2092,48.157895,877.467007,,,,,41,true,101.683333,4d05h41min,2026-04-05T05:41,1200400300035,PRIORIZADO_18H,2026-04-05T05:41,2,41.327213
BASE,COLAPSO_LOGISTICO-NORMAL-N04,COLAPSO_LOGISTICO,NORMAL,4,15,111,GENETICO,41,24032.2852,45300,10040.158333,40.158333,0,2,0,true,true,95.121951,96.428571,15650,2174,48.157895,,,,,,41,true,101.683333,4d05h41min,2026-04-05T05:41,1200400300035,PRIORIZADO_18H,2026-04-05T05:41,2,41.327213
BASE,COLAPSO_LOGISTICO-NORMAL-N04,COLAPSO_LOGISTICO,NORMAL,4,16,112,GENETICO,41,22839.7413,45300,10040.158333,40.158333,0,2,0,true,true,95.121951,96.428571,13878,1896,48.157895,,,,,,41,true,101.683333,4d05h41min,2026-04-05T05:41,1200400300035,PRIORIZADO_18H,2026-04-05T05:41,2,41.327213
BASE,COLAPSO_LOGISTICO-NORMAL-N04,COLAPSO_LOGISTICO,NORMAL,4,16,112,RECOCIDO_SIMULADO,41,4679.1935,22265,10040.358333,40.358333,0,2,0,true,true,95.121951,96.428571,16736,2092,48.157895,387.884802,,,,,41,true,101.683333,4d05h41min,2026-04-05T05:41,1200400300035,PRIORIZADO_18H,2026-04-05T05:41,2,41.327213
BASE,COLAPSO_LOGISTICO-NORMAL-N04,COLAPSO_LOGISTICO,NORMAL,4,17,113,RECOCIDO_SIMULADO,41,4639.3832,22345,10040.358333,40.358333,0,2,0,true,true,95.121951,96.428571,16736,2092,48.157895,234.768392,,,,,41,true,101.683333,4d05h41min,2026-04-05T05:41,1200400300035,PRIORIZADO_18H,2026-04-05T05:41,2,41.327213
BASE,COLAPSO_LOGISTICO-NORMAL-N04,COLAPSO_LOGISTICO,NORMAL,4,17,113,GENETICO,41,23638.5646,45300,10040.158333,40.158333,0,2,0,true,true,95.121951,96.428571,15958,2274,48.157895,,,,,,41,true,101.683333,4d05h41min,2026-04-05T05:41,1200400300035,PRIORIZADO_18H,2026-04-05T05:41,2,41.327213
BASE,COLAPSO_LOGISTICO-NORMAL-N05,COLAPSO_LOGISTICO,NORMAL,5,0,114,GENETICO,35,14399.1227,27180,15033.033333,33.033333,0,3,0,true,true,91.428571,92,11912,1544,45.792079,,,,,,35,true,69.3,2d21h18min,2026-04-03T21:18,1200500200010,PRIORIZADO_4H,2026-04-03T21:18,3,37.485
BASE,COLAPSO_LOGISTICO-NORMAL-N05,COLAPSO_LOGISTICO,NORMAL,5,0,114,RECOCIDO_SIMULADO,35,2630.8025,10423,15034.008333,34.008333,0,3,0,true,true,91.428571,92,12272,1534,45.792079,133.43896,,,,,35,true,69.3,2d21h18min,2026-04-03T21:18,1200500200010,PRIORIZADO_4H,2026-04-03T21:18,3,37.485
BASE,COLAPSO_LOGISTICO-NORMAL-N05,COLAPSO_LOGISTICO,NORMAL,5,1,115,RECOCIDO_SIMULADO,35,2460.428,10983,15034.008333,34.008333,0,3,0,true,true,91.428571,92,12272,1534,45.792079,87.374229,,,,,35,true,69.3,2d21h18min,2026-04-03T21:18,1200500200010,PRIORIZADO_4H,2026-04-03T21:18,3,37.485
BASE,COLAPSO_LOGISTICO-NORMAL-N05,COLAPSO_LOGISTICO,NORMAL,5,1,115,GENETICO,35,16392.6056,27180,15033.033333,33.033333,0,3,0,true,true,91.428571,92,12276,1574,45.792079,,,,,,35,true,69.3,2d21h18min,2026-04-03T21:18,1200500200010,PRIORIZADO_4H,2026-04-03T21:18,3,37.485
BASE,COLAPSO_LOGISTICO-NORMAL-N05,COLAPSO_LOGISTICO,NORMAL,5,2,116,GENETICO,35,14498.6997,27180,15033.033333,33.033333,0,3,0,true,true,91.428571,92,12568,1602,45.792079,,,,,,35,true,69.3,2d21h18min,2026-04-03T21:18,1200500200010,PRIORIZADO_4H,2026-04-03T21:18,3,37.485
BASE,COLAPSO_LOGISTICO-NORMAL-N05,COLAPSO_LOGISTICO,NORMAL,5,2,116,RECOCIDO_SIMULADO,35,2648.2422,12423,15034.008333,34.008333,0,3,0,true,true,91.428571,92,12272,1534,45.792079,430.952883,,,,,35,true,69.3,2d21h18min,2026-04-03T21:18,1200500200010,PRIORIZADO_4H,2026-04-03T21:18,3,37.485
BASE,COLAPSO_LOGISTICO-NORMAL-N05,COLAPSO_LOGISTICO,NORMAL,5,3,117,RECOCIDO_SIMULADO,35,2593.8896,12183,15034.008333,34.008333,0,3,0,true,true,91.428571,92,12272,1534,45.792079,315.7038,,,,,35,true,69.3,2d21h18min,2026-04-03T21:18,1200500200010,PRIORIZADO_4H,2026-04-03T21:18,3,37.485
BASE,COLAPSO_LOGISTICO-NORMAL-N05,COLAPSO_LOGISTICO,NORMAL,5,3,117,GENETICO,35,14841.5812,27180,15033.033333,33.033333,0,3,0,true,true,91.428571,92,11136,1396,45.792079,,,,,,35,true,69.3,2d21h18min,2026-04-03T21:18,1200500200010,PRIORIZADO_4H,2026-04-03T21:18,3,37.485
BASE,COLAPSO_LOGISTICO-NORMAL-N05,COLAPSO_LOGISTICO,NORMAL,5,4,118,GENETICO,35,14212.0971,27180,15033.033333,33.033333,0,3,0,true,true,91.428571,92,12522,1614,45.792079,,,,,,35,true,69.3,2d21h18min,2026-04-03T21:18,1200500200010,PRIORIZADO_4H,2026-04-03T21:18,3,37.485
BASE,COLAPSO_LOGISTICO-NORMAL-N05,COLAPSO_LOGISTICO,NORMAL,5,4,118,RECOCIDO_SIMULADO,35,2399.0762,11463,15034.008333,34.008333,0,3,0,true,true,91.428571,92,12272,1534,45.792079,150.44225,,,,,35,true,69.3,2d21h18min,2026-04-03T21:18,1200500200010,PRIORIZADO_4H,2026-04-03T21:18,3,37.485
BASE,COLAPSO_LOGISTICO-NORMAL-N05,COLAPSO_LOGISTICO,NORMAL,5,5,119,RECOCIDO_SIMULADO,35,2515.8984,11703,15034.008333,34.008333,0,3,0,true,true,91.428571,92,12272,1534,45.792079,327.631374,,,,,35,true,69.3,2d21h18min,2026-04-03T21:18,1200500200010,PRIORIZADO_4H,2026-04-03T21:18,3,37.485
BASE,COLAPSO_LOGISTICO-NORMAL-N05,COLAPSO_LOGISTICO,NORMAL,5,5,119,GENETICO,35,14281.631,27180,15033.033333,33.033333,0,3,0,true,true,91.428571,92,11808,1476,45.792079,,,,,,35,true,69.3,2d21h18min,2026-04-03T21:18,1200500200010,PRIORIZADO_4H,2026-04-03T21:18,3,37.485
BASE,COLAPSO_LOGISTICO-NORMAL-N05,COLAPSO_LOGISTICO,NORMAL,5,6,120,GENETICO,35,17346.4392,27180,15033.033333,33.033333,0,3,0,true,true,91.428571,92,13492,1714,45.792079,,,,,,35,true,69.3,2d21h18min,2026-04-03T21:18,1200500200010,PRIORIZADO_4H,2026-04-03T21:18,3,37.485
BASE,COLAPSO_LOGISTICO-NORMAL-N05,COLAPSO_LOGISTICO,NORMAL,5,6,120,RECOCIDO_SIMULADO,35,2453.3618,11423,15034.008333,34.008333,0,3,0,true,true,91.428571,92,12272,1534,45.792079,350.979616,,,,,35,true,69.3,2d21h18min,2026-04-03T21:18,1200500200010,PRIORIZADO_4H,2026-04-03T21:18,3,37.485
BASE,COLAPSO_LOGISTICO-NORMAL-N05,COLAPSO_LOGISTICO,NORMAL,5,7,121,RECOCIDO_SIMULADO,35,2110.1059,10663,15034.008333,34.008333,0,3,0,true,true,91.428571,92,12272,1534,45.792079,35.441991,,,,,35,true,69.3,2d21h18min,2026-04-03T21:18,1200500200010,PRIORIZADO_4H,2026-04-03T21:18,3,37.485
BASE,COLAPSO_LOGISTICO-NORMAL-N05,COLAPSO_LOGISTICO,NORMAL,5,7,121,GENETICO,35,14262.1591,27180,15033.033333,33.033333,0,3,0,true,true,91.428571,92,12808,1640,45.792079,,,,,,35,true,69.3,2d21h18min,2026-04-03T21:18,1200500200010,PRIORIZADO_4H,2026-04-03T21:18,3,37.485
BASE,COLAPSO_LOGISTICO-NORMAL-N05,COLAPSO_LOGISTICO,NORMAL,5,8,122,GENETICO,35,13661.9198,27180,15033.033333,33.033333,0,3,0,true,true,91.428571,92,12608,1576,45.792079,,,,,,35,true,69.3,2d21h18min,2026-04-03T21:18,1200500200010,PRIORIZADO_4H,2026-04-03T21:18,3,37.485
BASE,COLAPSO_LOGISTICO-NORMAL-N05,COLAPSO_LOGISTICO,NORMAL,5,8,122,RECOCIDO_SIMULADO,35,2521.3047,11703,15034.008333,34.008333,0,3,0,true,true,91.428571,92,12272,1534,45.792079,388.099015,,,,,35,true,69.3,2d21h18min,2026-04-03T21:18,1200500200010,PRIORIZADO_4H,2026-04-03T21:18,3,37.485
BASE,COLAPSO_LOGISTICO-NORMAL-N05,COLAPSO_LOGISTICO,NORMAL,5,9,123,RECOCIDO_SIMULADO,35,2310.132,11023,15034.008333,34.008333,0,3,0,true,true,91.428571,92,12272,1534,45.792079,118.118509,,,,,35,true,69.3,2d21h18min,2026-04-03T21:18,1200500200010,PRIORIZADO_4H,2026-04-03T21:18,3,37.485
BASE,COLAPSO_LOGISTICO-NORMAL-N05,COLAPSO_LOGISTICO,NORMAL,5,9,123,GENETICO,35,14130.8299,27180,15033.033333,33.033333,0,3,0,true,true,91.428571,92,10772,1354,45.792079,,,,,,35,true,69.3,2d21h18min,2026-04-03T21:18,1200500200010,PRIORIZADO_4H,2026-04-03T21:18,3,37.485
BASE,COLAPSO_LOGISTICO-NORMAL-N05,COLAPSO_LOGISTICO,NORMAL,5,10,124,GENETICO,35,13640.2459,27180,15033.033333,33.033333,0,3,0,true,true,91.428571,92,12244,1554,45.792079,,,,,,35,true,69.3,2d21h18min,2026-04-03T21:18,1200500200010,PRIORIZADO_4H,2026-04-03T21:18,3,37.485
BASE,COLAPSO_LOGISTICO-NORMAL-N05,COLAPSO_LOGISTICO,NORMAL,5,10,124,RECOCIDO_SIMULADO,35,2329.6383,10983,15034.008333,34.008333,0,3,0,true,true,91.428571,92,12272,1534,45.792079,180.145891,,,,,35,true,69.3,2d21h18min,2026-04-03T21:18,1200500200010,PRIORIZADO_4H,2026-04-03T21:18,3,37.485
BASE,COLAPSO_LOGISTICO-NORMAL-N05,COLAPSO_LOGISTICO,NORMAL,5,11,125,RECOCIDO_SIMULADO,35,2370.4375,11183,15034.008333,34.008333,0,3,0,true,true,91.428571,92,12272,1534,45.792079,160.29124,,,,,35,true,69.3,2d21h18min,2026-04-03T21:18,1200500200010,PRIORIZADO_4H,2026-04-03T21:18,3,37.485
BASE,COLAPSO_LOGISTICO-NORMAL-N05,COLAPSO_LOGISTICO,NORMAL,5,11,125,GENETICO,35,13100.5467,27180,15033.033333,33.033333,0,3,0,true,true,91.428571,92,11904,1488,45.792079,,,,,,35,true,69.3,2d21h18min,2026-04-03T21:18,1200500200010,PRIORIZADO_4H,2026-04-03T21:18,3,37.485
BASE,COLAPSO_LOGISTICO-NORMAL-N05,COLAPSO_LOGISTICO,NORMAL,5,12,126,GENETICO,35,15443.5081,27180,15033.033333,33.033333,0,3,0,true,true,91.428571,92,10784,1348,45.792079,,,,,,35,true,69.3,2d21h18min,2026-04-03T21:18,1200500200010,PRIORIZADO_4H,2026-04-03T21:18,3,37.485
BASE,COLAPSO_LOGISTICO-NORMAL-N05,COLAPSO_LOGISTICO,NORMAL,5,12,126,RECOCIDO_SIMULADO,35,2483.4327,11743,15034.008333,34.008333,0,3,0,true,true,91.428571,92,12272,1534,45.792079,275.726063,,,,,35,true,69.3,2d21h18min,2026-04-03T21:18,1200500200010,PRIORIZADO_4H,2026-04-03T21:18,3,37.485
BASE,COLAPSO_LOGISTICO-NORMAL-N05,COLAPSO_LOGISTICO,NORMAL,5,13,127,RECOCIDO_SIMULADO,35,2455.9833,11863,15034.008333,34.008333,0,3,0,true,true,91.428571,92,12272,1534,45.792079,187.819295,,,,,35,true,69.3,2d21h18min,2026-04-03T21:18,1200500200010,PRIORIZADO_4H,2026-04-03T21:18,3,37.485
BASE,COLAPSO_LOGISTICO-NORMAL-N05,COLAPSO_LOGISTICO,NORMAL,5,13,127,GENETICO,35,14263.1954,27180,15033.033333,33.033333,0,3,0,true,true,91.428571,92,12580,1612,45.792079,,,,,,35,true,69.3,2d21h18min,2026-04-03T21:18,1200500200010,PRIORIZADO_4H,2026-04-03T21:18,3,37.485
BASE,COLAPSO_LOGISTICO-NORMAL-N05,COLAPSO_LOGISTICO,NORMAL,5,14,128,GENETICO,35,14530.6019,27180,15033.033333,33.033333,0,3,0,true,true,91.428571,92,11856,1482,45.792079,,,,,,35,true,69.3,2d21h18min,2026-04-03T21:18,1200500200010,PRIORIZADO_4H,2026-04-03T21:18,3,37.485
BASE,COLAPSO_LOGISTICO-NORMAL-N05,COLAPSO_LOGISTICO,NORMAL,5,14,128,RECOCIDO_SIMULADO,35,2532.9208,11783,15034.008333,34.008333,0,3,0,true,true,91.428571,92,12272,1534,45.792079,322.084072,,,,,35,true,69.3,2d21h18min,2026-04-03T21:18,1200500200010,PRIORIZADO_4H,2026-04-03T21:18,3,37.485
BASE,COLAPSO_LOGISTICO-NORMAL-N05,COLAPSO_LOGISTICO,NORMAL,5,15,129,RECOCIDO_SIMULADO,35,2228.6966,10943,15034.008333,34.008333,0,3,0,true,true,91.428571,92,12272,1534,45.792079,73.066808,,,,,35,true,69.3,2d21h18min,2026-04-03T21:18,1200500200010,PRIORIZADO_4H,2026-04-03T21:18,3,37.485
BASE,COLAPSO_LOGISTICO-NORMAL-N05,COLAPSO_LOGISTICO,NORMAL,5,15,129,GENETICO,35,13383.2033,27180,15033.033333,33.033333,0,3,0,true,true,91.428571,92,11352,1456,45.792079,,,,,,35,true,69.3,2d21h18min,2026-04-03T21:18,1200500200010,PRIORIZADO_4H,2026-04-03T21:18,3,37.485
BASE,COLAPSO_LOGISTICO-NORMAL-N05,COLAPSO_LOGISTICO,NORMAL,5,16,130,GENETICO,35,14778.9428,27180,15033.033333,33.033333,0,3,0,true,true,91.428571,92,13038,1728,45.792079,,,,,,35,true,69.3,2d21h18min,2026-04-03T21:18,1200500200010,PRIORIZADO_4H,2026-04-03T21:18,3,37.485
BASE,COLAPSO_LOGISTICO-NORMAL-N05,COLAPSO_LOGISTICO,NORMAL,5,16,130,RECOCIDO_SIMULADO,35,2568.4503,12343,15034.008333,34.008333,0,3,0,true,true,91.428571,92,12272,1534,45.792079,223.444819,,,,,35,true,69.3,2d21h18min,2026-04-03T21:18,1200500200010,PRIORIZADO_4H,2026-04-03T21:18,3,37.485
BASE,COLAPSO_LOGISTICO-NORMAL-N05,COLAPSO_LOGISTICO,NORMAL,5,17,131,RECOCIDO_SIMULADO,35,2334.4052,11103,15034.008333,34.008333,0,3,0,true,true,91.428571,92,12272,1534,45.792079,167.274292,,,,,35,true,69.3,2d21h18min,2026-04-03T21:18,1200500200010,PRIORIZADO_4H,2026-04-03T21:18,3,37.485
BASE,COLAPSO_LOGISTICO-NORMAL-N05,COLAPSO_LOGISTICO,NORMAL,5,17,131,GENETICO,35,13307.4773,27180,15033.033333,33.033333,0,3,0,true,true,91.428571,92,11680,1472,45.792079,,,,,,35,true,69.3,2d21h18min,2026-04-03T21:18,1200500200010,PRIORIZADO_4H,2026-04-03T21:18,3,37.485
BASE,COLAPSO_LOGISTICO-ALTA-N01,COLAPSO_LOGISTICO,ALTA,1,0,42,GENETICO,53,25031.4506,36240,20061.085,61.085,0,4,0,true,true,92.45283,92.857143,17426,2676,61.979167,,,,,,53,true,91.783333,3d19h47min,2026-04-04T19:47,1200100300037,PRIORIZADO_4H,2026-04-04T19:47,4,45.254
BASE,COLAPSO_LOGISTICO-ALTA-N01,COLAPSO_LOGISTICO,ALTA,1,0,42,RECOCIDO_SIMULADO,53,5443.4636,17484,20068.221667,68.221667,0,4,0,true,true,92.45283,92.857143,18016,2820,61.979167,597.218141,,,,,53,true,91.783333,3d19h47min,2026-04-04T19:47,1200100300037,PRIORIZADO_4H,2026-04-04T19:47,4,45.254
BASE,COLAPSO_LOGISTICO-ALTA-N01,COLAPSO_LOGISTICO,ALTA,1,1,43,RECOCIDO_SIMULADO,53,4773.3911,15284,20069.941667,69.941667,0,4,0,true,true,92.45283,92.857143,18498,2586,61.979167,219.704478,,,,,53,true,91.783333,3d19h47min,2026-04-04T19:47,1200100300037,PRIORIZADO_4H,2026-04-04T19:47,4,45.254
BASE,COLAPSO_LOGISTICO-ALTA-N01,COLAPSO_LOGISTICO,ALTA,1,1,43,GENETICO,53,25907.8164,36240,20060.87,60.87,0,4,0,true,true,92.45283,92.857143,18118,2562,61.979167,,,,,,53,true,91.783333,3d19h47min,2026-04-04T19:47,1200100300037,PRIORIZADO_4H,2026-04-04T19:47,4,45.254
BASE,COLAPSO_LOGISTICO-ALTA-N01,COLAPSO_LOGISTICO,ALTA,1,2,44,GENETICO,53,23764.8391,36240,20060.87,60.87,0,4,0,true,true,92.45283,92.857143,17314,2766,61.979167,,,,,,53,true,91.783333,3d19h47min,2026-04-04T19:47,1200100300037,PRIORIZADO_4H,2026-04-04T19:47,4,45.254
BASE,COLAPSO_LOGISTICO-ALTA-N01,COLAPSO_LOGISTICO,ALTA,1,2,44,RECOCIDO_SIMULADO,53,4836.9617,16004,20069.941667,69.941667,0,4,0,true,true,92.45283,92.857143,18498,2586,61.979167,63.956264,,,,,53,true,91.783333,3d19h47min,2026-04-04T19:47,1200100300037,PRIORIZADO_4H,2026-04-04T19:47,4,45.254
BASE,COLAPSO_LOGISTICO-ALTA-N01,COLAPSO_LOGISTICO,ALTA,1,3,45,RECOCIDO_SIMULADO,53,5068.337,16364,20067.66,67.66,0,4,0,true,true,92.45283,92.857143,20414,3164,61.979167,233.58908,,,,,53,true,91.783333,3d19h47min,2026-04-04T19:47,1200100300037,PRIORIZADO_4H,2026-04-04T19:47,4,45.254
BASE,COLAPSO_LOGISTICO-ALTA-N01,COLAPSO_LOGISTICO,ALTA,1,3,45,GENETICO,53,23099.6368,36240,20060.87,60.87,0,4,0,true,true,92.45283,92.857143,17930,2618,61.979167,,,,,,53,true,91.783333,3d19h47min,2026-04-04T19:47,1200100300037,PRIORIZADO_4H,2026-04-04T19:47,4,45.254
BASE,COLAPSO_LOGISTICO-ALTA-N01,COLAPSO_LOGISTICO,ALTA,1,4,46,GENETICO,53,22720.5403,36240,20061.585,61.585,0,4,0,true,true,92.45283,92.857143,18866,2794,61.979167,,,,,,53,true,91.783333,3d19h47min,2026-04-04T19:47,1200100300037,PRIORIZADO_4H,2026-04-04T19:47,4,45.254
BASE,COLAPSO_LOGISTICO-ALTA-N01,COLAPSO_LOGISTICO,ALTA,1,4,46,RECOCIDO_SIMULADO,53,4700.7966,15364,20065.486667,65.486667,0,4,0,true,true,92.45283,92.857143,18980,3054,61.979167,74.142725,,,,,53,true,91.783333,3d19h47min,2026-04-04T19:47,1200100300037,PRIORIZADO_4H,2026-04-04T19:47,4,45.254
BASE,COLAPSO_LOGISTICO-ALTA-N01,COLAPSO_LOGISTICO,ALTA,1,5,47,RECOCIDO_SIMULADO,53,5033.8741,15724,20069.941667,69.941667,0,4,0,true,true,92.45283,92.857143,18498,2586,61.979167,120.095107,,,,,53,true,91.783333,3d19h47min,2026-04-04T19:47,1200100300037,PRIORIZADO_4H,2026-04-04T19:47,4,45.254
BASE,COLAPSO_LOGISTICO-ALTA-N01,COLAPSO_LOGISTICO,ALTA,1,5,47,GENETICO,53,24649.786,36240,20061.085,61.085,0,4,0,true,true,92.45283,92.857143,16682,2560,61.979167,,,,,,53,true,91.783333,3d19h47min,2026-04-04T19:47,1200100300037,PRIORIZADO_4H,2026-04-04T19:47,4,45.254
BASE,COLAPSO_LOGISTICO-ALTA-N01,COLAPSO_LOGISTICO,ALTA,1,6,48,GENETICO,53,23196.4827,36240,20061.085,61.085,0,4,0,true,true,92.45283,92.857143,18070,2772,61.979167,,,,,,53,true,91.783333,3d19h47min,2026-04-04T19:47,1200100300037,PRIORIZADO_4H,2026-04-04T19:47,4,45.254
BASE,COLAPSO_LOGISTICO-ALTA-N01,COLAPSO_LOGISTICO,ALTA,1,6,48,RECOCIDO_SIMULADO,53,4542.0686,15084,20069.941667,69.941667,0,4,0,true,true,92.45283,92.857143,18498,2586,61.979167,72.123138,,,,,53,true,91.783333,3d19h47min,2026-04-04T19:47,1200100300037,PRIORIZADO_4H,2026-04-04T19:47,4,45.254
BASE,COLAPSO_LOGISTICO-ALTA-N01,COLAPSO_LOGISTICO,ALTA,1,7,49,RECOCIDO_SIMULADO,53,4718.4296,15524,20062.448333,62.448333,0,4,0,true,true,92.45283,92.857143,17878,3012,61.979167,94.20262,,,,,53,true,91.783333,3d19h47min,2026-04-04T19:47,1200100300037,PRIORIZADO_4H,2026-04-04T19:47,4,45.254
BASE,COLAPSO_LOGISTICO-ALTA-N01,COLAPSO_LOGISTICO,ALTA,1,7,49,GENETICO,53,24557.1952,36240,20061.085,61.085,0,4,0,true,true,92.45283,92.857143,18868,2740,61.979167,,,,,,53,true,91.783333,3d19h47min,2026-04-04T19:47,1200100300037,PRIORIZADO_4H,2026-04-04T19:47,4,45.254
BASE,COLAPSO_LOGISTICO-ALTA-N01,COLAPSO_LOGISTICO,ALTA,1,8,50,GENETICO,53,24082.6699,36240,20060.87,60.87,0,4,0,true,true,92.45283,92.857143,16008,2424,61.979167,,,,,,53,true,91.783333,3d19h47min,2026-04-04T19:47,1200100300037,PRIORIZADO_4H,2026-04-04T19:47,4,45.254
BASE,COLAPSO_LOGISTICO-ALTA-N01,COLAPSO_LOGISTICO,ALTA,1,8,50,RECOCIDO_SIMULADO,53,5041.0549,16844,20067.726667,67.726667,0,4,0,true,true,92.45283,92.857143,18952,2858,61.979167,88.775577,,,,,53,true,91.783333,3d19h47min,2026-04-04T19:47,1200100300037,PRIORIZADO_4H,2026-04-04T19:47,4,45.254
BASE,COLAPSO_LOGISTICO-ALTA-N01,COLAPSO_LOGISTICO,ALTA,1,9,51,RECOCIDO_SIMULADO,53,4964.3977,15924,20064.328333,64.328333,0,4,0,true,true,92.45283,92.857143,19108,3008,61.979167,146.650794,,,,,53,true,91.783333,3d19h47min,2026-04-04T19:47,1200100300037,PRIORIZADO_4H,2026-04-04T19:47,4,45.254
BASE,COLAPSO_LOGISTICO-ALTA-N01,COLAPSO_LOGISTICO,ALTA,1,9,51,GENETICO,53,24519.8537,36240,20060.87,60.87,0,4,0,true,true,92.45283,92.857143,17866,2850,61.979167,,,,,,53,true,91.783333,3d19h47min,2026-04-04T19:47,1200100300037,PRIORIZADO_4H,2026-04-04T19:47,4,45.254
BASE,COLAPSO_LOGISTICO-ALTA-N01,COLAPSO_LOGISTICO,ALTA,1,10,52,GENETICO,53,23383.5681,36240,20061.085,61.085,0,4,0,true,true,92.45283,92.857143,17888,2626,61.979167,,,,,,53,true,91.783333,3d19h47min,2026-04-04T19:47,1200100300037,PRIORIZADO_4H,2026-04-04T19:47,4,45.254
BASE,COLAPSO_LOGISTICO-ALTA-N01,COLAPSO_LOGISTICO,ALTA,1,10,52,RECOCIDO_SIMULADO,53,5408.7867,17364,20065.573333,65.573333,0,4,0,true,true,92.45283,92.857143,17998,2964,61.979167,386.717744,,,,,53,true,91.783333,3d19h47min,2026-04-04T19:47,1200100300037,PRIORIZADO_4H,2026-04-04T19:47,4,45.254
BASE,COLAPSO_LOGISTICO-ALTA-N01,COLAPSO_LOGISTICO,ALTA,1,11,53,RECOCIDO_SIMULADO,53,4574.0828,15204,20069.941667,69.941667,0,4,0,true,true,92.45283,92.857143,18498,2586,61.979167,56.315772,,,,,53,true,91.783333,3d19h47min,2026-04-04T19:47,1200100300037,PRIORIZADO_4H,2026-04-04T19:47,4,45.254
BASE,COLAPSO_LOGISTICO-ALTA-N01,COLAPSO_LOGISTICO,ALTA,1,11,53,GENETICO,53,22133.3836,36240,20061.8,61.8,0,4,0,true,true,92.45283,92.857143,18858,2754,61.979167,,,,,,53,true,91.783333,3d19h47min,2026-04-04T19:47,1200100300037,PRIORIZADO_4H,2026-04-04T19:47,4,45.254
BASE,COLAPSO_LOGISTICO-ALTA-N01,COLAPSO_LOGISTICO,ALTA,1,12,54,GENETICO,53,25723.662,36240,20061.125,61.125,0,4,0,true,true,92.45283,92.857143,17384,2664,61.979167,,,,,,53,true,91.783333,3d19h47min,2026-04-04T19:47,1200100300037,PRIORIZADO_4H,2026-04-04T19:47,4,45.254
BASE,COLAPSO_LOGISTICO-ALTA-N01,COLAPSO_LOGISTICO,ALTA,1,12,54,RECOCIDO_SIMULADO,53,5085.9017,16844,20064.425,64.425,0,4,0,true,true,92.45283,92.857143,19062,2642,61.979167,104.371706,,,,,53,true,91.783333,3d19h47min,2026-04-04T19:47,1200100300037,PRIORIZADO_4H,2026-04-04T19:47,4,45.254
BASE,COLAPSO_LOGISTICO-ALTA-N01,COLAPSO_LOGISTICO,ALTA,1,13,55,RECOCIDO_SIMULADO,53,4746.5155,15884,20068.566667,68.566667,0,4,0,true,true,92.45283,92.857143,19036,3100,61.979167,67.003377,,,,,53,true,91.783333,3d19h47min,2026-04-04T19:47,1200100300037,PRIORIZADO_4H,2026-04-04T19:47,4,45.254
BASE,COLAPSO_LOGISTICO-ALTA-N01,COLAPSO_LOGISTICO,ALTA,1,13,55,GENETICO,53,21811.4172,36240,20061.085,61.085,0,4,0,true,true,92.45283,92.857143,18394,2698,61.979167,,,,,,53,true,91.783333,3d19h47min,2026-04-04T19:47,1200100300037,PRIORIZADO_4H,2026-04-04T19:47,4,45.254
BASE,COLAPSO_LOGISTICO-ALTA-N01,COLAPSO_LOGISTICO,ALTA,1,14,56,GENETICO,53,25987.2156,36240,20060.87,60.87,0,4,0,true,true,92.45283,92.857143,17812,2662,61.979167,,,,,,53,true,91.783333,3d19h47min,2026-04-04T19:47,1200100300037,PRIORIZADO_4H,2026-04-04T19:47,4,45.254
BASE,COLAPSO_LOGISTICO-ALTA-N01,COLAPSO_LOGISTICO,ALTA,1,14,56,RECOCIDO_SIMULADO,53,5131.6559,16044,20069.883333,69.883333,0,4,0,true,true,92.45283,92.857143,19074,2802,61.979167,477.646654,,,,,53,true,91.783333,3d19h47min,2026-04-04T19:47,1200100300037,PRIORIZADO_4H,2026-04-04T19:47,4,45.254
BASE,COLAPSO_LOGISTICO-ALTA-N01,COLAPSO_LOGISTICO,ALTA,1,15,57,RECOCIDO_SIMULADO,53,4688.7683,15364,20065.426667,65.426667,0,4,0,true,true,92.45283,92.857143,19530,3030,61.979167,93.067129,,,,,53,true,91.783333,3d19h47min,2026-04-04T19:47,1200100300037,PRIORIZADO_4H,2026-04-04T19:47,4,45.254
BASE,COLAPSO_LOGISTICO-ALTA-N01,COLAPSO_LOGISTICO,ALTA,1,15,57,GENETICO,53,24998.3887,36240,20060.87,60.87,0,4,0,true,true,92.45283,92.857143,17254,2556,61.979167,,,,,,53,true,91.783333,3d19h47min,2026-04-04T19:47,1200100300037,PRIORIZADO_4H,2026-04-04T19:47,4,45.254
BASE,COLAPSO_LOGISTICO-ALTA-N01,COLAPSO_LOGISTICO,ALTA,1,16,58,GENETICO,53,24156.6563,36240,20061.585,61.585,0,4,0,true,true,92.45283,92.857143,17500,2718,61.979167,,,,,,53,true,91.783333,3d19h47min,2026-04-04T19:47,1200100300037,PRIORIZADO_4H,2026-04-04T19:47,4,45.254
BASE,COLAPSO_LOGISTICO-ALTA-N01,COLAPSO_LOGISTICO,ALTA,1,16,58,RECOCIDO_SIMULADO,53,5235.7695,17324,20067.803333,67.803333,0,4,0,true,true,92.45283,92.857143,17588,2800,61.979167,116.482034,,,,,53,true,91.783333,3d19h47min,2026-04-04T19:47,1200100300037,PRIORIZADO_4H,2026-04-04T19:47,4,45.254
BASE,COLAPSO_LOGISTICO-ALTA-N01,COLAPSO_LOGISTICO,ALTA,1,17,59,RECOCIDO_SIMULADO,53,4631.7588,15124,20068.455,68.455,0,4,0,true,true,92.45283,92.857143,18600,3020,61.979167,66.449736,,,,,53,true,91.783333,3d19h47min,2026-04-04T19:47,1200100300037,PRIORIZADO_4H,2026-04-04T19:47,4,45.254
BASE,COLAPSO_LOGISTICO-ALTA-N01,COLAPSO_LOGISTICO,ALTA,1,17,59,GENETICO,53,24701.4226,36240,20060.87,60.87,0,4,0,true,true,92.45283,92.857143,17592,2590,61.979167,,,,,,53,true,91.783333,3d19h47min,2026-04-04T19:47,1200100300037,PRIORIZADO_4H,2026-04-04T19:47,4,45.254
BASE,COLAPSO_LOGISTICO-ALTA-N02,COLAPSO_LOGISTICO,ALTA,2,0,60,GENETICO,35,11438.6784,27180,5036.96,36.96,0,1,0,true,true,97.142857,95.833333,13072,1720,43.316832,,,,,,35,true,61.066667,2d13h04min,2026-04-03T13:04,1200200200019,PRIORIZADO_8H,2026-04-03T13:04,1,41.14
BASE,COLAPSO_LOGISTICO-ALTA-N02,COLAPSO_LOGISTICO,ALTA,2,0,60,RECOCIDO_SIMULADO,35,2062.7472,11063,5038.75,38.75,0,1,0,true,true,97.142857,95.833333,13106,1804,43.316832,426.411036,,,,,35,true,61.066667,2d13h04min,2026-04-03T13:04,1200200200019,PRIORIZADO_8H,2026-04-03T13:04,1,41.14
BASE,COLAPSO_LOGISTICO-ALTA-N02,COLAPSO_LOGISTICO,ALTA,2,1,61,RECOCIDO_SIMULADO,35,2041.1205,11103,5038.75,38.75,0,1,0,true,true,97.142857,95.833333,13106,1804,43.316832,305.286914,,,,,35,true,61.066667,2d13h04min,2026-04-03T13:04,1200200200019,PRIORIZADO_8H,2026-04-03T13:04,1,41.14
BASE,COLAPSO_LOGISTICO-ALTA-N02,COLAPSO_LOGISTICO,ALTA,2,1,61,GENETICO,35,12396.7513,27180,5036.96,36.96,0,1,0,true,true,97.142857,95.833333,11838,1714,43.316832,,,,,,35,true,61.066667,2d13h04min,2026-04-03T13:04,1200200200019,PRIORIZADO_8H,2026-04-03T13:04,1,41.14
BASE,COLAPSO_LOGISTICO-ALTA-N02,COLAPSO_LOGISTICO,ALTA,2,2,62,GENETICO,35,11945.5553,27180,5037.365,37.365,0,1,0,true,true,97.142857,95.833333,12058,1780,43.316832,,,,,,35,true,61.066667,2d13h04min,2026-04-03T13:04,1200200200019,PRIORIZADO_8H,2026-04-03T13:04,1,41.14
BASE,COLAPSO_LOGISTICO-ALTA-N02,COLAPSO_LOGISTICO,ALTA,2,2,62,RECOCIDO_SIMULADO,35,2214.3852,11743,5038.75,38.75,0,1,0,true,true,97.142857,95.833333,13106,1804,43.316832,816.790968,,,,,35,true,61.066667,2d13h04min,2026-04-03T13:04,1200200200019,PRIORIZADO_8H,2026-04-03T13:04,1,41.14
BASE,COLAPSO_LOGISTICO-ALTA-N02,COLAPSO_LOGISTICO,ALTA,2,3,63,RECOCIDO_SIMULADO,35,1943.2347,10263,5038.75,38.75,0,1,0,true,true,97.142857,95.833333,13106,1804,43.316832,277.006467,,,,,35,true,61.066667,2d13h04min,2026-04-03T13:04,1200200200019,PRIORIZADO_8H,2026-04-03T13:04,1,41.14
BASE,COLAPSO_LOGISTICO-ALTA-N02,COLAPSO_LOGISTICO,ALTA,2,3,63,GENETICO,35,12434.3843,27180,5037.135,37.135,0,1,0,true,true,97.142857,95.833333,11968,1714,43.316832,,,,,,35,true,61.066667,2d13h04min,2026-04-03T13:04,1200200200019,PRIORIZADO_8H,2026-04-03T13:04,1,41.14
BASE,COLAPSO_LOGISTICO-ALTA-N02,COLAPSO_LOGISTICO,ALTA,2,4,64,GENETICO,35,13424.7928,27180,5037.245,37.245,0,1,0,true,true,97.142857,95.833333,11602,1598,43.316832,,,,,,35,true,61.066667,2d13h04min,2026-04-03T13:04,1200200200019,PRIORIZADO_8H,2026-04-03T13:04,1,41.14
BASE,COLAPSO_LOGISTICO-ALTA-N02,COLAPSO_LOGISTICO,ALTA,2,4,64,RECOCIDO_SIMULADO,35,2081.5711,10903,5038.75,38.75,0,1,0,true,true,97.142857,95.833333,13106,1804,43.316832,501.923561,,,,,35,true,61.066667,2d13h04min,2026-04-03T13:04,1200200200019,PRIORIZADO_8H,2026-04-03T13:04,1,41.14
BASE,COLAPSO_LOGISTICO-ALTA-N02,COLAPSO_LOGISTICO,ALTA,2,5,65,RECOCIDO_SIMULADO,35,2069.5294,11023,5038.75,38.75,0,1,0,true,true,97.142857,95.833333,13106,1804,43.316832,371.654993,,,,,35,true,61.066667,2d13h04min,2026-04-03T13:04,1200200200019,PRIORIZADO_8H,2026-04-03T13:04,1,41.14
BASE,COLAPSO_LOGISTICO-ALTA-N02,COLAPSO_LOGISTICO,ALTA,2,5,65,GENETICO,35,13372.3484,27180,5037.54,37.54,0,1,0,true,true,97.142857,95.833333,12292,1776,43.316832,,,,,,35,true,61.066667,2d13h04min,2026-04-03T13:04,1200200200019,PRIORIZADO_8H,2026-04-03T13:04,1,41.14
BASE,COLAPSO_LOGISTICO-ALTA-N02,COLAPSO_LOGISTICO,ALTA,2,6,66,GENETICO,35,11715.6405,27180,5036.96,36.96,0,1,0,true,true,97.142857,95.833333,11614,1532,43.316832,,,,,,35,true,61.066667,2d13h04min,2026-04-03T13:04,1200200200019,PRIORIZADO_8H,2026-04-03T13:04,1,41.14
BASE,COLAPSO_LOGISTICO-ALTA-N02,COLAPSO_LOGISTICO,ALTA,2,6,66,RECOCIDO_SIMULADO,35,2340.0183,12223,5038.75,38.75,0,1,0,true,true,97.142857,95.833333,13106,1804,43.316832,648.710685,,,,,35,true,61.066667,2d13h04min,2026-04-03T13:04,1200200200019,PRIORIZADO_8H,2026-04-03T13:04,1,41.14
BASE,COLAPSO_LOGISTICO-ALTA-N02,COLAPSO_LOGISTICO,ALTA,2,7,67,RECOCIDO_SIMULADO,35,1753.4413,9543,5038.625,38.625,0,1,0,true,true,97.142857,95.833333,12730,1868,43.316832,78.86621,,,,,35,true,61.066667,2d13h04min,2026-04-03T13:04,1200200200019,PRIORIZADO_8H,2026-04-03T13:04,1,41.14
BASE,COLAPSO_LOGISTICO-ALTA-N02,COLAPSO_LOGISTICO,ALTA,2,7,67,GENETICO,35,11777.7547,27180,5037.245,37.245,0,1,0,true,true,97.142857,95.833333,12964,1672,43.316832,,,,,,35,true,61.066667,2d13h04min,2026-04-03T13:04,1200200200019,PRIORIZADO_8H,2026-04-03T13:04,1,41.14
BASE,COLAPSO_LOGISTICO-ALTA-N02,COLAPSO_LOGISTICO,ALTA,2,8,68,GENETICO,35,12555.3712,27180,5037.245,37.245,0,1,0,true,true,97.142857,95.833333,11352,1524,43.316832,,,,,,35,true,61.066667,2d13h04min,2026-04-03T13:04,1200200200019,PRIORIZADO_8H,2026-04-03T13:04,1,41.14
BASE,COLAPSO_LOGISTICO-ALTA-N02,COLAPSO_LOGISTICO,ALTA,2,8,68,RECOCIDO_SIMULADO,35,2096.7012,11023,5038.75,38.75,0,1,0,true,true,97.142857,95.833333,13106,1804,43.316832,651.386342,,,,,35,true,61.066667,2d13h04min,2026-04-03T13:04,1200200200019,PRIORIZADO_8H,2026-04-03T13:04,1,41.14
BASE,COLAPSO_LOGISTICO-ALTA-N02,COLAPSO_LOGISTICO,ALTA,2,9,69,RECOCIDO_SIMULADO,35,1951.6241,10503,5038.75,38.75,0,1,0,true,true,97.142857,95.833333,13106,1804,43.316832,234.179115,,,,,35,true,61.066667,2d13h04min,2026-04-03T13:04,1200200200019,PRIORIZADO_8H,2026-04-03T13:04,1,41.14
BASE,COLAPSO_LOGISTICO-ALTA-N02,COLAPSO_LOGISTICO,ALTA,2,9,69,GENETICO,35,10802.5697,27180,5037.245,37.245,0,1,0,true,true,97.142857,95.833333,11986,1706,43.316832,,,,,,35,true,61.066667,2d13h04min,2026-04-03T13:04,1200200200019,PRIORIZADO_8H,2026-04-03T13:04,1,41.14
BASE,COLAPSO_LOGISTICO-ALTA-N02,COLAPSO_LOGISTICO,ALTA,2,10,70,GENETICO,35,12461.6421,27180,5037.245,37.245,0,1,0,true,true,97.142857,95.833333,12036,1704,43.316832,,,,,,35,true,61.066667,2d13h04min,2026-04-03T13:04,1200200200019,PRIORIZADO_8H,2026-04-03T13:04,1,41.14
BASE,COLAPSO_LOGISTICO-ALTA-N02,COLAPSO_LOGISTICO,ALTA,2,10,70,RECOCIDO_SIMULADO,35,2168.2348,11863,5038.75,38.75,0,1,0,true,true,97.142857,95.833333,13106,1804,43.316832,331.289017,,,,,35,true,61.066667,2d13h04min,2026-04-03T13:04,1200200200019,PRIORIZADO_8H,2026-04-03T13:04,1,41.14
BASE,COLAPSO_LOGISTICO-ALTA-N02,COLAPSO_LOGISTICO,ALTA,2,11,71,RECOCIDO_SIMULADO,35,1981.6844,11103,5038.75,38.75,0,1,0,true,true,97.142857,95.833333,13106,1804,43.316832,236.41728,,,,,35,true,61.066667,2d13h04min,2026-04-03T13:04,1200200200019,PRIORIZADO_8H,2026-04-03T13:04,1,41.14
BASE,COLAPSO_LOGISTICO-ALTA-N02,COLAPSO_LOGISTICO,ALTA,2,11,71,GENETICO,35,13858.8554,27180,5037.365,37.365,0,1,0,true,true,97.142857,95.833333,12900,1762,43.316832,,,,,,35,true,61.066667,2d13h04min,2026-04-03T13:04,1200200200019,PRIORIZADO_8H,2026-04-03T13:04,1,41.14
BASE,COLAPSO_LOGISTICO-ALTA-N02,COLAPSO_LOGISTICO,ALTA,2,12,72,GENETICO,35,11693.1761,27180,5037.245,37.245,0,1,0,true,true,97.142857,95.833333,11194,1486,43.316832,,,,,,35,true,61.066667,2d13h04min,2026-04-03T13:04,1200200200019,PRIORIZADO_8H,2026-04-03T13:04,1,41.14
BASE,COLAPSO_LOGISTICO-ALTA-N02,COLAPSO_LOGISTICO,ALTA,2,12,72,RECOCIDO_SIMULADO,35,1871.7285,10383,5038.75,38.75,0,1,0,true,true,97.142857,95.833333,13106,1804,43.316832,151.545727,,,,,35,true,61.066667,2d13h04min,2026-04-03T13:04,1200200200019,PRIORIZADO_8H,2026-04-03T13:04,1,41.14
BASE,COLAPSO_LOGISTICO-ALTA-N02,COLAPSO_LOGISTICO,ALTA,2,13,73,RECOCIDO_SIMULADO,35,2046.5389,10863,5038.75,38.75,0,1,0,true,true,97.142857,95.833333,13106,1804,43.316832,552.602189,,,,,35,true,61.066667,2d13h04min,2026-04-03T13:04,1200200200019,PRIORIZADO_8H,2026-04-03T13:04,1,41.14
BASE,COLAPSO_LOGISTICO-ALTA-N02,COLAPSO_LOGISTICO,ALTA,2,13,73,GENETICO,35,11791.2294,27180,5037.365,37.365,0,1,0,true,true,97.142857,95.833333,13262,1858,43.316832,,,,,,35,true,61.066667,2d13h04min,2026-04-03T13:04,1200200200019,PRIORIZADO_8H,2026-04-03T13:04,1,41.14
BASE,COLAPSO_LOGISTICO-ALTA-N02,COLAPSO_LOGISTICO,ALTA,2,14,74,GENETICO,35,11130.7957,27180,5037.56,37.56,0,1,0,true,true,97.142857,95.833333,12076,1794,43.316832,,,,,,35,true,61.066667,2d13h04min,2026-04-03T13:04,1200200200019,PRIORIZADO_8H,2026-04-03T13:04,1,41.14
BASE,COLAPSO_LOGISTICO-ALTA-N02,COLAPSO_LOGISTICO,ALTA,2,14,74,RECOCIDO_SIMULADO,35,2123.3018,11463,5038.75,38.75,0,1,0,true,true,97.142857,95.833333,13106,1804,43.316832,423.036603,,,,,35,true,61.066667,2d13h04min,2026-04-03T13:04,1200200200019,PRIORIZADO_8H,2026-04-03T13:04,1,41.14
BASE,COLAPSO_LOGISTICO-ALTA-N02,COLAPSO_LOGISTICO,ALTA,2,15,75,RECOCIDO_SIMULADO,35,2023.7622,10983,5038.75,38.75,0,1,0,true,true,97.142857,95.833333,13106,1804,43.316832,352.199228,,,,,35,true,61.066667,2d13h04min,2026-04-03T13:04,1200200200019,PRIORIZADO_8H,2026-04-03T13:04,1,41.14
BASE,COLAPSO_LOGISTICO-ALTA-N02,COLAPSO_LOGISTICO,ALTA,2,15,75,GENETICO,35,12579.0633,27180,5037.135,37.135,0,1,0,true,true,97.142857,95.833333,12064,1600,43.316832,,,,,,35,true,61.066667,2d13h04min,2026-04-03T13:04,1200200200019,PRIORIZADO_8H,2026-04-03T13:04,1,41.14
BASE,COLAPSO_LOGISTICO-ALTA-N02,COLAPSO_LOGISTICO,ALTA,2,16,76,GENETICO,35,13121.2578,27180,5037.365,37.365,0,1,0,true,true,97.142857,95.833333,12036,1724,43.316832,,,,,,35,true,61.066667,2d13h04min,2026-04-03T13:04,1200200200019,PRIORIZADO_8H,2026-04-03T13:04,1,41.14
BASE,COLAPSO_LOGISTICO-ALTA-N02,COLAPSO_LOGISTICO,ALTA,2,16,76,RECOCIDO_SIMULADO,35,2251.8323,12503,5038.75,38.75,0,1,0,true,true,97.142857,95.833333,13106,1804,43.316832,544.404609,,,,,35,true,61.066667,2d13h04min,2026-04-03T13:04,1200200200019,PRIORIZADO_8H,2026-04-03T13:04,1,41.14
BASE,COLAPSO_LOGISTICO-ALTA-N02,COLAPSO_LOGISTICO,ALTA,2,17,77,RECOCIDO_SIMULADO,35,1895.2638,10223,5038.75,38.75,0,1,0,true,true,97.142857,95.833333,13106,1804,43.316832,278.807845,,,,,35,true,61.066667,2d13h04min,2026-04-03T13:04,1200200200019,PRIORIZADO_8H,2026-04-03T13:04,1,41.14
BASE,COLAPSO_LOGISTICO-ALTA-N02,COLAPSO_LOGISTICO,ALTA,2,17,77,GENETICO,35,12471.4697,27180,5037.365,37.365,0,1,0,true,true,97.142857,95.833333,12044,1526,43.316832,,,,,,35,true,61.066667,2d13h04min,2026-04-03T13:04,1200200200019,PRIORIZADO_8H,2026-04-03T13:04,1,41.14
BASE,COLAPSO_LOGISTICO-ALTA-N03,COLAPSO_LOGISTICO,ALTA,3,0,78,GENETICO,52,22618.3495,36240,10059.193333,59.193333,0,2,0,true,true,96.153846,96.774194,20230,2986,73.4375,,,,,,52,true,80.466667,3d08h28min,2026-04-04T08:28,1200300300049,PRIORIZADO_4H,2026-04-04T08:28,2,45.254
BASE,COLAPSO_LOGISTICO-ALTA-N03,COLAPSO_LOGISTICO,ALTA,3,0,78,RECOCIDO_SIMULADO,52,4166.3155,17204,10065.656667,65.656667,0,2,0,true,true,96.153846,96.774194,20532,3276,73.4375,1211.317558,,,,,52,true,80.466667,3d08h28min,2026-04-04T08:28,1200300300049,PRIORIZADO_4H,2026-04-04T08:28,2,45.254
BASE,COLAPSO_LOGISTICO-ALTA-N03,COLAPSO_LOGISTICO,ALTA,3,1,79,RECOCIDO_SIMULADO,52,4792.8959,20404,10128.84,71.506667,0.573333,2,0,true,true,92.307692,90.322581,21060,3138,73.4375,1040.510491,,,,,52,true,75.066667,3d03h04min,2026-04-04T03:04,1200300200025,PRIORIZADO_4H,2026-04-04T03:04,2,45.254
BASE,COLAPSO_LOGISTICO-ALTA-N03,COLAPSO_LOGISTICO,ALTA,3,1,79,GENETICO,52,23027.9894,36240,10058.863333,58.863333,0,2,0,true,true,96.153846,96.774194,19112,2894,73.4375,,,,,,52,true,80.466667,3d08h28min,2026-04-04T08:28,1200300300049,PRIORIZADO_4H,2026-04-04T08:28,2,45.254
BASE,COLAPSO_LOGISTICO-ALTA-N03,COLAPSO_LOGISTICO,ALTA,3,2,80,GENETICO,52,22120.9434,36240,10058.985,58.985,0,2,0,true,true,96.153846,96.774194,19030,3102,73.4375,,,,,,52,true,80.466667,3d08h28min,2026-04-04T08:28,1200300300049,PRIORIZADO_4H,2026-04-04T08:28,2,45.254
BASE,COLAPSO_LOGISTICO-ALTA-N03,COLAPSO_LOGISTICO,ALTA,3,2,80,RECOCIDO_SIMULADO,52,4552.7826,19404,10105.51,68.176667,0.373333,2,0,true,true,94.230769,93.548387,20688,3490,73.4375,820.621588,,,,,52,true,75.066667,3d03h04min,2026-04-04T03:04,1200300200025,PRIORIZADO_4H,2026-04-04T03:04,2,45.254
BASE,COLAPSO_LOGISTICO-ALTA-N03,COLAPSO_LOGISTICO,ALTA,3,3,81,RECOCIDO_SIMULADO,52,4521.4245,19404,10093.071667,73.071667,0.2,2,0,true,true,94.230769,93.548387,20028,3206,73.4375,1594.158725,,,,,52,true,75.6,3d03h36min,2026-04-04T03:36,1200300200036,PRIORIZADO_4H,2026-04-04T03:36,2,45.254
BASE,COLAPSO_LOGISTICO-ALTA-N03,COLAPSO_LOGISTICO,ALTA,3,3,81,GENETICO,52,19771.4282,36240,10057.826667,57.826667,0,2,0,true,true,96.153846,96.774194,19628,2838,73.4375,,,,,,52,true,80.466667,3d08h28min,2026-04-04T08:28,1200300300049,PRIORIZADO_4H,2026-04-04T08:28,2,45.254
BASE,COLAPSO_LOGISTICO-ALTA-N03,COLAPSO_LOGISTICO,ALTA,3,4,82,GENETICO,52,21118.7154,36240,10057.721667,57.721667,0,2,0,true,true,96.153846,96.774194,18312,2904,73.4375,,,,,,52,true,80.466667,3d08h28min,2026-04-04T08:28,1200300300049,PRIORIZADO_4H,2026-04-04T08:28,2,45.254
BASE,COLAPSO_LOGISTICO-ALTA-N03,COLAPSO_LOGISTICO,ALTA,3,4,82,RECOCIDO_SIMULADO,52,4542.5385,19844,10092.101667,72.101667,0.2,2,0,true,true,94.230769,93.548387,20976,3238,73.4375,956.661121,,,,,52,true,75.6,3d03h36min,2026-04-04T03:36,1200300200036,PRIORIZADO_4H,2026-04-04T03:36,2,45.254
BASE,COLAPSO_LOGISTICO-ALTA-N03,COLAPSO_LOGISTICO,ALTA,3,5,83,RECOCIDO_SIMULADO,52,4532.6932,19764,10109.12,71.786667,0.373333,2,0,true,true,94.230769,93.548387,19254,2982,73.4375,1386.828223,,,,,52,true,75.066667,3d03h04min,2026-04-04T03:04,1200300200025,PRIORIZADO_4H,2026-04-04T03:04,2,45.254
BASE,COLAPSO_LOGISTICO-ALTA-N03,COLAPSO_LOGISTICO,ALTA,3,5,83,GENETICO,52,20555.0493,36240,10058.485,58.485,0,2,0,true,true,96.153846,96.774194,18838,2710,73.4375,,,,,,52,true,80.466667,3d08h28min,2026-04-04T08:28,1200300300049,PRIORIZADO_4H,2026-04-04T08:28,2,45.254
BASE,COLAPSO_LOGISTICO-ALTA-N03,COLAPSO_LOGISTICO,ALTA,3,6,84,GENETICO,52,19382.8359,36240,10058.251667,58.251667,0,2,0,true,true,96.153846,96.774194,20330,2956,73.4375,,,,,,52,true,80.466667,3d08h28min,2026-04-04T08:28,1200300300049,PRIORIZADO_4H,2026-04-04T08:28,2,45.254
BASE,COLAPSO_LOGISTICO-ALTA-N03,COLAPSO_LOGISTICO,ALTA,3,6,84,RECOCIDO_SIMULADO,52,4343.098,18844,10103.513333,66.18,0.373333,2,0,true,true,94.230769,93.548387,21590,3268,73.4375,1149.066483,,,,,52,true,75.066667,3d03h04min,2026-04-04T03:04,1200300200025,PRIORIZADO_4H,2026-04-04T03:04,2,45.254
BASE,COLAPSO_LOGISTICO-ALTA-N03,COLAPSO_LOGISTICO,ALTA,3,7,85,RECOCIDO_SIMULADO,52,4191.7432,18084,10110.461667,73.128333,0.373333,2,0,true,true,94.230769,93.548387,20840,3324,73.4375,977.07286,,,,,52,true,75.066667,3d03h04min,2026-04-04T03:04,1200300200025,PRIORIZADO_4H,2026-04-04T03:04,2,45.254
BASE,COLAPSO_LOGISTICO-ALTA-N03,COLAPSO_LOGISTICO,ALTA,3,7,85,GENETICO,52,21382.0181,36240,10059.018333,59.018333,0,2,0,true,true,96.153846,96.774194,19988,3078,73.4375,,,,,,52,true,80.466667,3d08h28min,2026-04-04T08:28,1200300300049,PRIORIZADO_4H,2026-04-04T08:28,2,45.254
BASE,COLAPSO_LOGISTICO-ALTA-N03,COLAPSO_LOGISTICO,ALTA,3,8,86,GENETICO,52,21576.6233,36240,10058.71,58.71,0,2,0,true,true,96.153846,96.774194,20466,3020,73.4375,,,,,,52,true,80.466667,3d08h28min,2026-04-04T08:28,1200300300049,PRIORIZADO_4H,2026-04-04T08:28,2,45.254
BASE,COLAPSO_LOGISTICO-ALTA-N03,COLAPSO_LOGISTICO,ALTA,3,8,86,RECOCIDO_SIMULADO,52,4575.0688,19964,10104.705,67.371667,0.373333,2,0,true,true,94.230769,93.548387,20546,3152,73.4375,1136.123066,,,,,52,true,75.066667,3d03h04min,2026-04-04T03:04,1200300200025,PRIORIZADO_4H,2026-04-04T03:04,2,45.254
BASE,COLAPSO_LOGISTICO-ALTA-N03,COLAPSO_LOGISTICO,ALTA,3,9,87,RECOCIDO_SIMULADO,52,4790.4504,21084,10064.74,64.74,0,2,0,true,true,96.153846,96.774194,21734,3352,73.4375,572.822853,,,,,52,true,80.466667,3d08h28min,2026-04-04T08:28,1200300300049,PRIORIZADO_4H,2026-04-04T08:28,2,45.254
BASE,COLAPSO_LOGISTICO-ALTA-N03,COLAPSO_LOGISTICO,ALTA,3,9,87,GENETICO,52,17918.0592,36240,10058.671667,58.671667,0,2,0,true,true,96.153846,96.774194,18826,2868,73.4375,,,,,,52,true,80.466667,3d08h28min,2026-04-04T08:28,1200300300049,PRIORIZADO_4H,2026-04-04T08:28,2,45.254
BASE,COLAPSO_LOGISTICO-ALTA-N03,COLAPSO_LOGISTICO,ALTA,3,10,88,GENETICO,52,20165.8356,36240,10061.638333,61.638333,0,2,0,true,true,96.153846,96.774194,18676,2948,73.4375,,,,,,52,true,80.466667,3d08h28min,2026-04-04T08:28,1200300300049,PRIORIZADO_4H,2026-04-04T08:28,2,45.254
BASE,COLAPSO_LOGISTICO-ALTA-N03,COLAPSO_LOGISTICO,ALTA,3,10,88,RECOCIDO_SIMULADO,52,4520.9238,19804,10090.076667,70.076667,0.2,2,0,true,true,94.230769,93.548387,20568,3168,73.4375,959.185436,,,,,52,true,75.6,3d03h36min,2026-04-04T03:36,1200300200036,PRIORIZADO_4H,2026-04-04T03:36,2,45.254
BASE,COLAPSO_LOGISTICO-ALTA-N03,COLAPSO_LOGISTICO,ALTA,3,11,89,RECOCIDO_SIMULADO,52,4420.9516,19404,10091.535,71.535,0.2,2,0,true,true,94.230769,93.548387,20664,3110,73.4375,798.418943,,,,,52,true,75.6,3d03h36min,2026-04-04T03:36,1200300200036,PRIORIZADO_4H,2026-04-04T03:36,2,45.254
BASE,COLAPSO_LOGISTICO-ALTA-N03,COLAPSO_LOGISTICO,ALTA,3,11,89,GENETICO,52,21079.3576,36240,10057.826667,57.826667,0,2,0,true,true,96.153846,96.774194,17980,2660,73.4375,,,,,,52,true,80.466667,3d08h28min,2026-04-04T08:28,1200300300049,PRIORIZADO_4H,2026-04-04T08:28,2,45.254
BASE,COLAPSO_LOGISTICO-ALTA-N03,COLAPSO_LOGISTICO,ALTA,3,12,90,GENETICO,52,18978.0598,36240,10057.021667,57.021667,0,2,0,true,true,96.153846,96.774194,18804,2910,73.4375,,,,,,52,true,80.466667,3d08h28min,2026-04-04T08:28,1200300300049,PRIORIZADO_4H,2026-04-04T08:28,2,45.254
BASE,COLAPSO_LOGISTICO-ALTA-N03,COLAPSO_LOGISTICO,ALTA,3,12,90,RECOCIDO_SIMULADO,52,4441.5143,19364,10075.571667,75.571667,0,2,0,true,true,96.153846,96.774194,20326,3348,73.4375,637.739473,,,,,52,true,80.466667,3d08h28min,2026-04-04T08:28,1200300300049,PRIORIZADO_4H,2026-04-04T08:28,2,45.254
BASE,COLAPSO_LOGISTICO-ALTA-N03,COLAPSO_LOGISTICO,ALTA,3,13,91,RECOCIDO_SIMULADO,52,4429.3212,19204,10094.251667,74.251667,0.2,2,0,true,true,94.230769,93.548387,20696,3040,73.4375,714.321764,,,,,52,true,75.6,3d03h36min,2026-04-04T03:36,1200300200036,PRIORIZADO_4H,2026-04-04T03:36,2,45.254
BASE,COLAPSO_LOGISTICO-ALTA-N03,COLAPSO_LOGISTICO,ALTA,3,13,91,GENETICO,52,18028.0892,36240,10057.733333,57.733333,0,2,0,true,true,96.153846,96.774194,19192,2806,73.4375,,,,,,52,true,80.466667,3d08h28min,2026-04-04T08:28,1200300300049,PRIORIZADO_4H,2026-04-04T08:28,2,45.254
BASE,COLAPSO_LOGISTICO-ALTA-N03,COLAPSO_LOGISTICO,ALTA,3,14,92,GENETICO,52,18773.9466,36240,10058.251667,58.251667,0,2,0,true,true,96.153846,96.774194,19146,2856,73.4375,,,,,,52,true,80.466667,3d08h28min,2026-04-04T08:28,1200300300049,PRIORIZADO_4H,2026-04-04T08:28,2,45.254
BASE,COLAPSO_LOGISTICO-ALTA-N03,COLAPSO_LOGISTICO,ALTA,3,14,92,RECOCIDO_SIMULADO,52,4266.1341,18444,10091.925,71.925,0.2,2,0,true,true,94.230769,93.548387,19992,3248,73.4375,1041.015971,,,,,52,true,75.6,3d03h36min,2026-04-04T03:36,1200300200036,PRIORIZADO_4H,2026-04-04T03:36,2,45.254
BASE,COLAPSO_LOGISTICO-ALTA-N03,COLAPSO_LOGISTICO,ALTA,3,15,93,RECOCIDO_SIMULADO,52,4562.373,19884,10092.41,72.41,0.2,2,0,true,true,94.230769,93.548387,19668,3110,73.4375,890.080819,,,,,52,true,75.6,3d03h36min,2026-04-04T03:36,1200300200036,PRIORIZADO_4H,2026-04-04T03:36,2,45.254
BASE,COLAPSO_LOGISTICO-ALTA-N03,COLAPSO_LOGISTICO,ALTA,3,15,93,GENETICO,52,21544.7935,36240,10057.856667,57.856667,0,2,0,true,true,96.153846,96.774194,18616,2752,73.4375,,,,,,52,true,80.466667,3d08h28min,2026-04-04T08:28,1200300300049,PRIORIZADO_4H,2026-04-04T08:28,2,45.254
BASE,COLAPSO_LOGISTICO-ALTA-N03,COLAPSO_LOGISTICO,ALTA,3,16,94,GENETICO,52,19268.9845,36240,10056.916667,56.916667,0,2,0,true,true,96.153846,96.774194,19256,2910,73.4375,,,,,,52,true,80.466667,3d08h28min,2026-04-04T08:28,1200300300049,PRIORIZADO_4H,2026-04-04T08:28,2,45.254
BASE,COLAPSO_LOGISTICO-ALTA-N03,COLAPSO_LOGISTICO,ALTA,3,16,94,RECOCIDO_SIMULADO,52,4315.4824,18444,10072.313333,72.313333,0,2,0,true,true,96.153846,96.774194,22300,3274,73.4375,806.435781,,,,,52,true,80.466667,3d08h28min,2026-04-04T08:28,1200300300049,PRIORIZADO_4H,2026-04-04T08:28,2,45.254
BASE,COLAPSO_LOGISTICO-ALTA-N03,COLAPSO_LOGISTICO,ALTA,3,17,95,RECOCIDO_SIMULADO,52,4283.9951,18644,10066.586667,66.586667,0,2,0,true,true,96.153846,96.774194,19562,3154,73.4375,490.051001,,,,,52,true,80.466667,3d08h28min,2026-04-04T08:28,1200300300049,PRIORIZADO_4H,2026-04-04T08:28,2,45.254
BASE,COLAPSO_LOGISTICO-ALTA-N03,COLAPSO_LOGISTICO,ALTA,3,17,95,GENETICO,52,24476.3404,36240,10056.358333,56.358333,0,2,0,true,true,96.153846,96.774194,20022,2954,73.4375,,,,,,52,true,80.466667,3d08h28min,2026-04-04T08:28,1200300300049,PRIORIZADO_4H,2026-04-04T08:28,2,45.254
BASE,COLAPSO_LOGISTICO-ALTA-N04,COLAPSO_LOGISTICO,ALTA,4,0,96,GENETICO,49,24573.8061,45300,10048.158333,48.158333,0,2,0,true,true,95.918367,97.142857,17164,2620,59.736842,,,,,,49,true,101.683333,4d05h41min,2026-04-05T05:41,1200400300035,PRIORIZADO_18H,2026-04-05T05:41,2,49.7794
BASE,COLAPSO_LOGISTICO-ALTA-N04,COLAPSO_LOGISTICO,ALTA,4,0,96,RECOCIDO_SIMULADO,49,4477.4334,20465,10050.096667,50.096667,0,2,0,true,true,95.918367,97.142857,19302,2866,59.736842,173.001683,,,,,49,true,101.683333,4d05h41min,2026-04-05T05:41,1200400300035,PRIORIZADO_18H,2026-04-05T05:41,2,49.7794
BASE,COLAPSO_LOGISTICO-ALTA-N04,COLAPSO_LOGISTICO,ALTA,4,1,97,RECOCIDO_SIMULADO,49,4178.5847,19225,10052.26,52.26,0,2,0,true,true,95.918367,97.142857,19090,2792,59.736842,89.469702,,,,,49,true,101.683333,4d05h41min,2026-04-05T05:41,1200400300035,PRIORIZADO_18H,2026-04-05T05:41,2,49.7794
BASE,COLAPSO_LOGISTICO-ALTA-N04,COLAPSO_LOGISTICO,ALTA,4,1,97,GENETICO,49,25986.034,45300,10048.158333,48.158333,0,2,0,true,true,95.918367,97.142857,16366,2486,59.736842,,,,,,49,true,101.683333,4d05h41min,2026-04-05T05:41,1200400300035,PRIORIZADO_18H,2026-04-05T05:41,2,49.7794
BASE,COLAPSO_LOGISTICO-ALTA-N04,COLAPSO_LOGISTICO,ALTA,4,2,98,GENETICO,49,24054.6091,45300,10048.158333,48.158333,0,2,0,true,true,95.918367,97.142857,17890,2746,59.736842,,,,,,49,true,101.683333,4d05h41min,2026-04-05T05:41,1200400300035,PRIORIZADO_18H,2026-04-05T05:41,2,49.7794
BASE,COLAPSO_LOGISTICO-ALTA-N04,COLAPSO_LOGISTICO,ALTA,4,2,98,RECOCIDO_SIMULADO,49,4706.8689,21865,10052.553333,52.553333,0,2,0,true,true,95.918367,97.142857,18480,2844,59.736842,96.053172,,,,,49,true,101.683333,4d05h41min,2026-04-05T05:41,1200400300035,PRIORIZADO_18H,2026-04-05T05:41,2,49.7794
BASE,COLAPSO_LOGISTICO-ALTA-N04,COLAPSO_LOGISTICO,ALTA,4,3,99,RECOCIDO_SIMULADO,49,4763.8016,21505,10053.421667,53.421667,0,2,0,true,true,95.918367,97.142857,17586,2830,59.736842,232.935682,,,,,49,true,101.683333,4d05h41min,2026-04-05T05:41,1200400300035,PRIORIZADO_18H,2026-04-05T05:41,2,49.7794
BASE,COLAPSO_LOGISTICO-ALTA-N04,COLAPSO_LOGISTICO,ALTA,4,3,99,GENETICO,49,23902.4551,45300,10048.158333,48.158333,0,2,0,true,true,95.918367,97.142857,17366,2632,59.736842,,,,,,49,true,101.683333,4d05h41min,2026-04-05T05:41,1200400300035,PRIORIZADO_18H,2026-04-05T05:41,2,49.7794
BASE,COLAPSO_LOGISTICO-ALTA-N04,COLAPSO_LOGISTICO,ALTA,4,4,100,GENETICO,49,24967.9534,45300,10048.158333,48.158333,0,2,0,true,true,95.918367,97.142857,16146,2438,59.736842,,,,,,49,true,101.683333,4d05h41min,2026-04-05T05:41,1200400300035,PRIORIZADO_18H,2026-04-05T05:41,2,49.7794
BASE,COLAPSO_LOGISTICO-ALTA-N04,COLAPSO_LOGISTICO,ALTA,4,4,100,RECOCIDO_SIMULADO,49,4501.2835,20225,10049.288333,49.288333,0,2,0,true,true,95.918367,97.142857,17918,2570,59.736842,153.574924,,,,,49,true,101.683333,4d05h41min,2026-04-05T05:41,1200400300035,PRIORIZADO_18H,2026-04-05T05:41,2,49.7794
BASE,COLAPSO_LOGISTICO-ALTA-N04,COLAPSO_LOGISTICO,ALTA,4,5,101,RECOCIDO_SIMULADO,49,4622.2739,20665,10055.703333,55.703333,0,2,0,true,true,95.918367,97.142857,17072,2732,59.736842,256.083886,,,,,49,true,101.683333,4d05h41min,2026-04-05T05:41,1200400300035,PRIORIZADO_18H,2026-04-05T05:41,2,49.7794
BASE,COLAPSO_LOGISTICO-ALTA-N04,COLAPSO_LOGISTICO,ALTA,4,5,101,GENETICO,49,24271.3071,45300,10048.158333,48.158333,0,2,0,true,true,95.918367,97.142857,17808,2458,59.736842,,,,,,49,true,101.683333,4d05h41min,2026-04-05T05:41,1200400300035,PRIORIZADO_18H,2026-04-05T05:41,2,49.7794
BASE,COLAPSO_LOGISTICO-ALTA-N04,COLAPSO_LOGISTICO,ALTA,4,6,102,GENETICO,49,24485.6412,45300,10048.158333,48.158333,0,2,0,true,true,95.918367,97.142857,16664,2416,59.736842,,,,,,49,true,101.683333,4d05h41min,2026-04-05T05:41,1200400300035,PRIORIZADO_18H,2026-04-05T05:41,2,49.7794
BASE,COLAPSO_LOGISTICO-ALTA-N04,COLAPSO_LOGISTICO,ALTA,4,6,102,RECOCIDO_SIMULADO,49,4725.6334,21505,10057.921667,57.921667,0,2,0,true,true,95.918367,97.142857,19270,2822,59.736842,192.202394,,,,,49,true,101.683333,4d05h41min,2026-04-05T05:41,1200400300035,PRIORIZADO_18H,2026-04-05T05:41,2,49.7794
BASE,COLAPSO_LOGISTICO-ALTA-N04,COLAPSO_LOGISTICO,ALTA,4,7,103,RECOCIDO_SIMULADO,49,4945.3703,22385,10053.115,53.115,0,2,0,true,true,95.918367,97.142857,18744,2786,59.736842,252.524329,,,,,49,true,101.683333,4d05h41min,2026-04-05T05:41,1200400300035,PRIORIZADO_18H,2026-04-05T05:41,2,49.7794
BASE,COLAPSO_LOGISTICO-ALTA-N04,COLAPSO_LOGISTICO,ALTA,4,7,103,GENETICO,49,24665.9935,45300,10048.158333,48.158333,0,2,0,true,true,95.918367,97.142857,17384,2284,59.736842,,,,,,49,true,101.683333,4d05h41min,2026-04-05T05:41,1200400300035,PRIORIZADO_18H,2026-04-05T05:41,2,49.7794
BASE,COLAPSO_LOGISTICO-ALTA-N04,COLAPSO_LOGISTICO,ALTA,4,8,104,GENETICO,49,23082.8886,45300,10048.158333,48.158333,0,2,0,true,true,95.918367,97.142857,18306,2700,59.736842,,,,,,49,true,101.683333,4d05h41min,2026-04-05T05:41,1200400300035,PRIORIZADO_18H,2026-04-05T05:41,2,49.7794
BASE,COLAPSO_LOGISTICO-ALTA-N04,COLAPSO_LOGISTICO,ALTA,4,8,104,RECOCIDO_SIMULADO,49,4969.6145,22305,10055.065,55.065,0,2,0,true,true,95.918367,97.142857,18102,2758,59.736842,231.544271,,,,,49,true,101.683333,4d05h41min,2026-04-05T05:41,1200400300035,PRIORIZADO_18H,2026-04-05T05:41,2,49.7794
BASE,COLAPSO_LOGISTICO-ALTA-N04,COLAPSO_LOGISTICO,ALTA,4,9,105,RECOCIDO_SIMULADO,49,4555.9462,20465,10054.871667,54.871667,0,2,0,true,true,95.918367,97.142857,17608,2712,59.736842,161.779235,,,,,49,true,101.683333,4d05h41min,2026-04-05T05:41,1200400300035,PRIORIZADO_18H,2026-04-05T05:41,2,49.7794
BASE,COLAPSO_LOGISTICO-ALTA-N04,COLAPSO_LOGISTICO,ALTA,4,9,105,GENETICO,49,24552.3192,45300,10048.158333,48.158333,0,2,0,true,true,95.918367,97.142857,17274,2570,59.736842,,,,,,49,true,101.683333,4d05h41min,2026-04-05T05:41,1200400300035,PRIORIZADO_18H,2026-04-05T05:41,2,49.7794
BASE,COLAPSO_LOGISTICO-ALTA-N04,COLAPSO_LOGISTICO,ALTA,4,10,106,GENETICO,49,24330.526,45300,10048.158333,48.158333,0,2,0,true,true,95.918367,97.142857,17030,2456,59.736842,,,,,,49,true,101.683333,4d05h41min,2026-04-05T05:41,1200400300035,PRIORIZADO_18H,2026-04-05T05:41,2,49.7794
BASE,COLAPSO_LOGISTICO-ALTA-N04,COLAPSO_LOGISTICO,ALTA,4,10,106,RECOCIDO_SIMULADO,49,5367.5431,23945,10053.771667,53.771667,0,2,0,true,true,95.918367,97.142857,17866,2664,59.736842,694.52721,,,,,49,true,101.683333,4d05h41min,2026-04-05T05:41,1200400300035,PRIORIZADO_18H,2026-04-05T05:41,2,49.7794
BASE,COLAPSO_LOGISTICO-ALTA-N04,COLAPSO_LOGISTICO,ALTA,4,11,107,RECOCIDO_SIMULADO,49,5099.1605,23105,10051.666667,51.666667,0,2,0,true,true,95.918367,97.142857,16952,2760,59.736842,369.978789,,,,,49,true,101.683333,4d05h41min,2026-04-05T05:41,1200400300035,PRIORIZADO_18H,2026-04-05T05:41,2,49.7794
BASE,COLAPSO_LOGISTICO-ALTA-N04,COLAPSO_LOGISTICO,ALTA,4,11,107,GENETICO,49,24851.518,45300,10048.158333,48.158333,0,2,0,true,true,95.918367,97.142857,16824,2390,59.736842,,,,,,49,true,101.683333,4d05h41min,2026-04-05T05:41,1200400300035,PRIORIZADO_18H,2026-04-05T05:41,2,49.7794
BASE,COLAPSO_LOGISTICO-ALTA-N04,COLAPSO_LOGISTICO,ALTA,4,12,108,GENETICO,49,25648.0879,45300,10048.158333,48.158333,0,2,0,true,true,95.918367,97.142857,16114,2350,59.736842,,,,,,49,true,101.683333,4d05h41min,2026-04-05T05:41,1200400300035,PRIORIZADO_18H,2026-04-05T05:41,2,49.7794
BASE,COLAPSO_LOGISTICO-ALTA-N04,COLAPSO_LOGISTICO,ALTA,4,12,108,RECOCIDO_SIMULADO,49,4623.7225,20665,10054.618333,54.618333,0,2,0,true,true,95.918367,97.142857,18534,2906,59.736842,318.015455,,,,,49,true,101.683333,4d05h41min,2026-04-05T05:41,1200400300035,PRIORIZADO_18H,2026-04-05T05:41,2,49.7794
BASE,COLAPSO_LOGISTICO-ALTA-N04,COLAPSO_LOGISTICO,ALTA,4,13,109,RECOCIDO_SIMULADO,49,4851.6878,21385,10049.645,49.645,0,2,0,true,true,95.918367,97.142857,18000,2830,59.736842,708.394085,,,,,49,true,101.683333,4d05h41min,2026-04-05T05:41,1200400300035,PRIORIZADO_18H,2026-04-05T05:41,2,49.7794
BASE,COLAPSO_LOGISTICO-ALTA-N04,COLAPSO_LOGISTICO,ALTA,4,13,109,GENETICO,49,25362.4272,45300,10048.158333,48.158333,0,2,0,true,true,95.918367,97.142857,17710,2526,59.736842,,,,,,49,true,101.683333,4d05h41min,2026-04-05T05:41,1200400300035,PRIORIZADO_18H,2026-04-05T05:41,2,49.7794
BASE,COLAPSO_LOGISTICO-ALTA-N04,COLAPSO_LOGISTICO,ALTA,4,14,110,GENETICO,49,25024.8878,45300,10048.158333,48.158333,0,2,0,true,true,95.918367,97.142857,16856,2456,59.736842,,,,,,49,true,101.683333,4d05h41min,2026-04-05T05:41,1200400300035,PRIORIZADO_18H,2026-04-05T05:41,2,49.7794
BASE,COLAPSO_LOGISTICO-ALTA-N04,COLAPSO_LOGISTICO,ALTA,4,14,110,RECOCIDO_SIMULADO,49,4956.9828,22585,10059.566667,59.566667,0,2,0,true,true,95.918367,97.142857,17344,2504,59.736842,201.410415,,,,,49,true,101.683333,4d05h41min,2026-04-05T05:41,1200400300035,PRIORIZADO_18H,2026-04-05T05:41,2,49.7794
BASE,COLAPSO_LOGISTICO-ALTA-N04,COLAPSO_LOGISTICO,ALTA,4,15,111,RECOCIDO_SIMULADO,49,4950.9138,22105,10055.328333,55.328333,0,2,0,true,true,95.918367,97.142857,19228,3032,59.736842,466.296801,,,,,49,true,101.683333,4d05h41min,2026-04-05T05:41,1200400300035,PRIORIZADO_18H,2026-04-05T05:41,2,49.7794
BASE,COLAPSO_LOGISTICO-ALTA-N04,COLAPSO_LOGISTICO,ALTA,4,15,111,GENETICO,49,24090.2227,45300,10048.158333,48.158333,0,2,0,true,true,95.918367,97.142857,15020,2352,59.736842,,,,,,49,true,101.683333,4d05h41min,2026-04-05T05:41,1200400300035,PRIORIZADO_18H,2026-04-05T05:41,2,49.7794
BASE,COLAPSO_LOGISTICO-ALTA-N04,COLAPSO_LOGISTICO,ALTA,4,16,112,GENETICO,49,22936.2438,45300,10048.158333,48.158333,0,2,0,true,true,95.918367,97.142857,17072,2486,59.736842,,,,,,49,true,101.683333,4d05h41min,2026-04-05T05:41,1200400300035,PRIORIZADO_18H,2026-04-05T05:41,2,49.7794
BASE,COLAPSO_LOGISTICO-ALTA-N04,COLAPSO_LOGISTICO,ALTA,4,16,112,RECOCIDO_SIMULADO,49,4985.4041,22105,10051.735,51.735,0,2,0,true,true,95.918367,97.142857,17712,2748,59.736842,306.104233,,,,,49,true,101.683333,4d05h41min,2026-04-05T05:41,1200400300035,PRIORIZADO_18H,2026-04-05T05:41,2,49.7794
BASE,COLAPSO_LOGISTICO-ALTA-N04,COLAPSO_LOGISTICO,ALTA,4,17,113,RECOCIDO_SIMULADO,49,4634.4421,21185,10052.87,52.87,0,2,0,true,true,95.918367,97.142857,17256,2850,59.736842,155.92584,,,,,49,true,101.683333,4d05h41min,2026-04-05T05:41,1200400300035,PRIORIZADO_18H,2026-04-05T05:41,2,49.7794
BASE,COLAPSO_LOGISTICO-ALTA-N04,COLAPSO_LOGISTICO,ALTA,4,17,113,GENETICO,49,24346.3904,45300,10048.158333,48.158333,0,2,0,true,true,95.918367,97.142857,16160,2240,59.736842,,,,,,49,true,101.683333,4d05h41min,2026-04-05T05:41,1200400300035,PRIORIZADO_18H,2026-04-05T05:41,2,49.7794
BASE,COLAPSO_LOGISTICO-ALTA-N05,COLAPSO_LOGISTICO,ALTA,5,0,114,GENETICO,38,15028.9012,27180,15036.033333,36.033333,0,3,0,true,true,92.105263,92.307692,12808,1614,50.247525,,,,,,38,true,69.3,2d21h18min,2026-04-03T21:18,1200500200010,PRIORIZADO_4H,2026-04-03T21:18,3,41.14
BASE,COLAPSO_LOGISTICO-ALTA-N05,COLAPSO_LOGISTICO,ALTA,5,0,114,RECOCIDO_SIMULADO,38,2398.7517,11023,15037.008333,37.008333,0,3,0,true,true,92.105263,92.307692,13840,1730,50.247525,296.00969,,,,,38,true,69.3,2d21h18min,2026-04-03T21:18,1200500200010,PRIORIZADO_4H,2026-04-03T21:18,3,41.14
BASE,COLAPSO_LOGISTICO-ALTA-N05,COLAPSO_LOGISTICO,ALTA,5,1,115,RECOCIDO_SIMULADO,38,2182.6446,10623,15037.008333,37.008333,0,3,0,true,true,92.105263,92.307692,13840,1730,50.247525,57.503655,,,,,38,true,69.3,2d21h18min,2026-04-03T21:18,1200500200010,PRIORIZADO_4H,2026-04-03T21:18,3,41.14
BASE,COLAPSO_LOGISTICO-ALTA-N05,COLAPSO_LOGISTICO,ALTA,5,1,115,GENETICO,38,14076.0795,27180,15036.033333,36.033333,0,3,0,true,true,92.105263,92.307692,14072,1834,50.247525,,,,,,38,true,69.3,2d21h18min,2026-04-03T21:18,1200500200010,PRIORIZADO_4H,2026-04-03T21:18,3,41.14
BASE,COLAPSO_LOGISTICO-ALTA-N05,COLAPSO_LOGISTICO,ALTA,5,2,116,GENETICO,38,15805.4712,27180,15036.033333,36.033333,0,3,0,true,true,92.105263,92.307692,13766,1862,50.247525,,,,,,38,true,69.3,2d21h18min,2026-04-03T21:18,1200500200010,PRIORIZADO_4H,2026-04-03T21:18,3,41.14
BASE,COLAPSO_LOGISTICO-ALTA-N05,COLAPSO_LOGISTICO,ALTA,5,2,116,RECOCIDO_SIMULADO,38,2312.9312,11223,15037.008333,37.008333,0,3,0,true,true,92.105263,92.307692,13840,1730,50.247525,92.624418,,,,,38,true,69.3,2d21h18min,2026-04-03T21:18,1200500200010,PRIORIZADO_4H,2026-04-03T21:18,3,41.14
BASE,COLAPSO_LOGISTICO-ALTA-N05,COLAPSO_LOGISTICO,ALTA,5,3,117,RECOCIDO_SIMULADO,38,2509.8367,11983,15037.008333,37.008333,0,3,0,true,true,92.105263,92.307692,13840,1730,50.247525,254.08968,,,,,38,true,69.3,2d21h18min,2026-04-03T21:18,1200500200010,PRIORIZADO_4H,2026-04-03T21:18,3,41.14
BASE,COLAPSO_LOGISTICO-ALTA-N05,COLAPSO_LOGISTICO,ALTA,5,3,117,GENETICO,38,15008.5683,27180,15036.033333,36.033333,0,3,0,true,true,92.105263,92.307692,13784,1772,50.247525,,,,,,38,true,69.3,2d21h18min,2026-04-03T21:18,1200500200010,PRIORIZADO_4H,2026-04-03T21:18,3,41.14
BASE,COLAPSO_LOGISTICO-ALTA-N05,COLAPSO_LOGISTICO,ALTA,5,4,118,GENETICO,38,14330.8095,27180,15036.033333,36.033333,0,3,0,true,true,92.105263,92.307692,13412,1734,50.247525,,,,,,38,true,69.3,2d21h18min,2026-04-03T21:18,1200500200010,PRIORIZADO_4H,2026-04-03T21:18,3,41.14
BASE,COLAPSO_LOGISTICO-ALTA-N05,COLAPSO_LOGISTICO,ALTA,5,4,118,RECOCIDO_SIMULADO,38,2436.3543,11583,15037.008333,37.008333,0,3,0,true,true,92.105263,92.307692,13840,1730,50.247525,174.830954,,,,,38,true,69.3,2d21h18min,2026-04-03T21:18,1200500200010,PRIORIZADO_4H,2026-04-03T21:18,3,41.14
BASE,COLAPSO_LOGISTICO-ALTA-N05,COLAPSO_LOGISTICO,ALTA,5,5,119,RECOCIDO_SIMULADO,38,2353.3337,11143,15037.008333,37.008333,0,3,0,true,true,92.105263,92.307692,13840,1730,50.247525,155.632004,,,,,38,true,69.3,2d21h18min,2026-04-03T21:18,1200500200010,PRIORIZADO_4H,2026-04-03T21:18,3,41.14
BASE,COLAPSO_LOGISTICO-ALTA-N05,COLAPSO_LOGISTICO,ALTA,5,5,119,GENETICO,38,13835.5015,27180,15036.033333,36.033333,0,3,0,true,true,92.105263,92.307692,13696,1784,50.247525,,,,,,38,true,69.3,2d21h18min,2026-04-03T21:18,1200500200010,PRIORIZADO_4H,2026-04-03T21:18,3,41.14
BASE,COLAPSO_LOGISTICO-ALTA-N05,COLAPSO_LOGISTICO,ALTA,5,6,120,GENETICO,38,16664.2734,27180,15036.123333,36.123333,0,3,0,true,true,92.105263,92.307692,12436,1664,50.247525,,,,,,38,true,69.3,2d21h18min,2026-04-03T21:18,1200500200010,PRIORIZADO_4H,2026-04-03T21:18,3,41.14
BASE,COLAPSO_LOGISTICO-ALTA-N05,COLAPSO_LOGISTICO,ALTA,5,6,120,RECOCIDO_SIMULADO,38,2378.6346,11023,15037.008333,37.008333,0,3,0,true,true,92.105263,92.307692,13840,1730,50.247525,214.08376,,,,,38,true,69.3,2d21h18min,2026-04-03T21:18,1200500200010,PRIORIZADO_4H,2026-04-03T21:18,3,41.14
BASE,COLAPSO_LOGISTICO-ALTA-N05,COLAPSO_LOGISTICO,ALTA,5,7,121,RECOCIDO_SIMULADO,38,2172.6038,10903,15037.008333,37.008333,0,3,0,true,true,92.105263,92.307692,13840,1730,50.247525,46.933315,,,,,38,true,69.3,2d21h18min,2026-04-03T21:18,1200500200010,PRIORIZADO_4H,2026-04-03T21:18,3,41.14
BASE,COLAPSO_LOGISTICO-ALTA-N05,COLAPSO_LOGISTICO,ALTA,5,7,121,GENETICO,38,14585.4963,27180,15036.033333,36.033333,0,3,0,true,true,92.105263,92.307692,14036,1778,50.247525,,,,,,38,true,69.3,2d21h18min,2026-04-03T21:18,1200500200010,PRIORIZADO_4H,2026-04-03T21:18,3,41.14
BASE,COLAPSO_LOGISTICO-ALTA-N05,COLAPSO_LOGISTICO,ALTA,5,8,122,GENETICO,38,13790.813,27180,15036.123333,36.123333,0,3,0,true,true,92.105263,92.307692,14304,1808,50.247525,,,,,,38,true,69.3,2d21h18min,2026-04-03T21:18,1200500200010,PRIORIZADO_4H,2026-04-03T21:18,3,41.14
BASE,COLAPSO_LOGISTICO-ALTA-N05,COLAPSO_LOGISTICO,ALTA,5,8,122,RECOCIDO_SIMULADO,38,2405.1637,11183,15037.008333,37.008333,0,3,0,true,true,92.105263,92.307692,13840,1730,50.247525,200.520976,,,,,38,true,69.3,2d21h18min,2026-04-03T21:18,1200500200010,PRIORIZADO_4H,2026-04-03T21:18,3,41.14
BASE,COLAPSO_LOGISTICO-ALTA-N05,COLAPSO_LOGISTICO,ALTA,5,9,123,RECOCIDO_SIMULADO,38,2298.7283,10943,15037.008333,37.008333,0,3,0,true,true,92.105263,92.307692,13840,1730,50.247525,109.119059,,,,,38,true,69.3,2d21h18min,2026-04-03T21:18,1200500200010,PRIORIZADO_4H,2026-04-03T21:18,3,41.14
BASE,COLAPSO_LOGISTICO-ALTA-N05,COLAPSO_LOGISTICO,ALTA,5,9,123,GENETICO,38,12740.1847,27180,15036.033333,36.033333,0,3,0,true,true,92.105263,92.307692,13924,1768,50.247525,,,,,,38,true,69.3,2d21h18min,2026-04-03T21:18,1200500200010,PRIORIZADO_4H,2026-04-03T21:18,3,41.14
BASE,COLAPSO_LOGISTICO-ALTA-N05,COLAPSO_LOGISTICO,ALTA,5,10,124,GENETICO,38,12647.8858,27180,15036.033333,36.033333,0,3,0,true,true,92.105263,92.307692,14612,1838,50.247525,,,,,,38,true,69.3,2d21h18min,2026-04-03T21:18,1200500200010,PRIORIZADO_4H,2026-04-03T21:18,3,41.14
BASE,COLAPSO_LOGISTICO-ALTA-N05,COLAPSO_LOGISTICO,ALTA,5,10,124,RECOCIDO_SIMULADO,38,2310.712,10863,15037.008333,37.008333,0,3,0,true,true,92.105263,92.307692,13840,1730,50.247525,158.539302,,,,,38,true,69.3,2d21h18min,2026-04-03T21:18,1200500200010,PRIORIZADO_4H,2026-04-03T21:18,3,41.14
BASE,COLAPSO_LOGISTICO-ALTA-N05,COLAPSO_LOGISTICO,ALTA,5,11,125,RECOCIDO_SIMULADO,38,2297.6728,10903,15037.008333,37.008333,0,3,0,true,true,92.105263,92.307692,13840,1730,50.247525,111.926079,,,,,38,true,69.3,2d21h18min,2026-04-03T21:18,1200500200010,PRIORIZADO_4H,2026-04-03T21:18,3,41.14
BASE,COLAPSO_LOGISTICO-ALTA-N05,COLAPSO_LOGISTICO,ALTA,5,11,125,GENETICO,38,13321.1415,27180,15036.033333,36.033333,0,3,0,true,true,92.105263,92.307692,13958,1862,50.247525,,,,,,38,true,69.3,2d21h18min,2026-04-03T21:18,1200500200010,PRIORIZADO_4H,2026-04-03T21:18,3,41.14
BASE,COLAPSO_LOGISTICO-ALTA-N05,COLAPSO_LOGISTICO,ALTA,5,12,126,GENETICO,38,13767.8894,27180,15036.033333,36.033333,0,3,0,true,true,92.105263,92.307692,13728,1772,50.247525,,,,,,38,true,69.3,2d21h18min,2026-04-03T21:18,1200500200010,PRIORIZADO_4H,2026-04-03T21:18,3,41.14
BASE,COLAPSO_LOGISTICO-ALTA-N05,COLAPSO_LOGISTICO,ALTA,5,12,126,RECOCIDO_SIMULADO,38,2522.1787,11823,15037.008333,37.008333,0,3,0,true,true,92.105263,92.307692,13840,1730,50.247525,297.59889,,,,,38,true,69.3,2d21h18min,2026-04-03T21:18,1200500200010,PRIORIZADO_4H,2026-04-03T21:18,3,41.14
BASE,COLAPSO_LOGISTICO-ALTA-N05,COLAPSO_LOGISTICO,ALTA,5,13,127,RECOCIDO_SIMULADO,38,2386.2227,11463,15037.008333,37.008333,0,3,0,true,true,92.105263,92.307692,13840,1730,50.247525,115.959693,,,,,38,true,69.3,2d21h18min,2026-04-03T21:18,1200500200010,PRIORIZADO_4H,2026-04-03T21:18,3,41.14
BASE,COLAPSO_LOGISTICO-ALTA-N05,COLAPSO_LOGISTICO,ALTA,5,13,127,GENETICO,38,14847.7903,27180,15036.033333,36.033333,0,3,0,true,true,92.105263,92.307692,13336,1722,50.247525,,,,,,38,true,69.3,2d21h18min,2026-04-03T21:18,1200500200010,PRIORIZADO_4H,2026-04-03T21:18,3,41.14
BASE,COLAPSO_LOGISTICO-ALTA-N05,COLAPSO_LOGISTICO,ALTA,5,14,128,GENETICO,38,14439.3559,27180,15036.033333,36.033333,0,3,0,true,true,92.105263,92.307692,14296,1878,50.247525,,,,,,38,true,69.3,2d21h18min,2026-04-03T21:18,1200500200010,PRIORIZADO_4H,2026-04-03T21:18,3,41.14
BASE,COLAPSO_LOGISTICO-ALTA-N05,COLAPSO_LOGISTICO,ALTA,5,14,128,RECOCIDO_SIMULADO,38,2513.5946,11783,15037.008333,37.008333,0,3,0,true,true,92.105263,92.307692,13840,1730,50.247525,327.64037,,,,,38,true,69.3,2d21h18min,2026-04-03T21:18,1200500200010,PRIORIZADO_4H,2026-04-03T21:18,3,41.14
BASE,COLAPSO_LOGISTICO-ALTA-N05,COLAPSO_LOGISTICO,ALTA,5,15,129,RECOCIDO_SIMULADO,38,2470.2082,11743,15037.008333,37.008333,0,3,0,true,true,92.105263,92.307692,13840,1730,50.247525,206.434465,,,,,38,true,69.3,2d21h18min,2026-04-03T21:18,1200500200010,PRIORIZADO_4H,2026-04-03T21:18,3,41.14
BASE,COLAPSO_LOGISTICO-ALTA-N05,COLAPSO_LOGISTICO,ALTA,5,15,129,GENETICO,38,13982.3521,27180,15036.033333,36.033333,0,3,0,true,true,92.105263,92.307692,13836,1806,50.247525,,,,,,38,true,69.3,2d21h18min,2026-04-03T21:18,1200500200010,PRIORIZADO_4H,2026-04-03T21:18,3,41.14
BASE,COLAPSO_LOGISTICO-ALTA-N05,COLAPSO_LOGISTICO,ALTA,5,16,130,GENETICO,38,14252.716,27180,15036.033333,36.033333,0,3,0,true,true,92.105263,92.307692,14654,1912,50.247525,,,,,,38,true,69.3,2d21h18min,2026-04-03T21:18,1200500200010,PRIORIZADO_4H,2026-04-03T21:18,3,41.14
BASE,COLAPSO_LOGISTICO-ALTA-N05,COLAPSO_LOGISTICO,ALTA,5,16,130,RECOCIDO_SIMULADO,38,2307.0677,11383,15037.008333,37.008333,0,3,0,true,true,92.105263,92.307692,13840,1730,50.247525,66.49052,,,,,38,true,69.3,2d21h18min,2026-04-03T21:18,1200500200010,PRIORIZADO_4H,2026-04-03T21:18,3,41.14
BASE,COLAPSO_LOGISTICO-ALTA-N05,COLAPSO_LOGISTICO,ALTA,5,17,131,RECOCIDO_SIMULADO,38,2364.5194,11223,15037.008333,37.008333,0,3,0,true,true,92.105263,92.307692,13840,1730,50.247525,194.736227,,,,,38,true,69.3,2d21h18min,2026-04-03T21:18,1200500200010,PRIORIZADO_4H,2026-04-03T21:18,3,41.14
BASE,COLAPSO_LOGISTICO-ALTA-N05,COLAPSO_LOGISTICO,ALTA,5,17,131,GENETICO,38,13758.8759,27180,15036.033333,36.033333,0,3,0,true,true,92.105263,92.307692,13636,1718,50.247525,,,,,,38,true,69.3,2d21h18min,2026-04-03T21:18,1200500200010,PRIORIZADO_4H,2026-04-03T21:18,3,41.14
BASE,COLAPSO_LOGISTICO-CRITICA-N01,COLAPSO_LOGISTICO,CRITICA,1,0,42,GENETICO,62,24276.7428,36240,25068.87,68.87,0,5,0,true,true,91.935484,91.176471,21098,3432,73.177083,,,,,,62,true,91.783333,3d19h47min,2026-04-04T19:47,1200100300037,PRIORIZADO_4H,2026-04-04T19:47,5,51.70975
BASE,COLAPSO_LOGISTICO-CRITICA-N01,COLAPSO_LOGISTICO,CRITICA,1,0,42,RECOCIDO_SIMULADO,62,5311.2668,17524,25078.76,78.76,0,5,0,true,true,91.935484,91.176471,21888,3438,73.177083,118.140562,,,,,62,true,91.783333,3d19h47min,2026-04-04T19:47,1200100300037,PRIORIZADO_4H,2026-04-04T19:47,5,51.70975
BASE,COLAPSO_LOGISTICO-CRITICA-N01,COLAPSO_LOGISTICO,CRITICA,1,1,43,RECOCIDO_SIMULADO,62,4710.3112,15404,25079.41,79.41,0,5,0,true,true,91.935484,91.176471,20836,3414,73.177083,54.243795,,,,,62,true,91.783333,3d19h47min,2026-04-04T19:47,1200100300037,PRIORIZADO_4H,2026-04-04T19:47,5,51.70975
BASE,COLAPSO_LOGISTICO-CRITICA-N01,COLAPSO_LOGISTICO,CRITICA,1,1,43,GENETICO,62,22179.9175,36240,25069.84,69.84,0,5,0,true,true,91.935484,91.176471,19886,3182,73.177083,,,,,,62,true,91.783333,3d19h47min,2026-04-04T19:47,1200100300037,PRIORIZADO_4H,2026-04-04T19:47,5,51.70975
BASE,COLAPSO_LOGISTICO-CRITICA-N01,COLAPSO_LOGISTICO,CRITICA,1,2,44,GENETICO,62,22783.307,36240,25069.125,69.125,0,5,0,true,true,91.935484,91.176471,19472,3284,73.177083,,,,,,62,true,91.783333,3d19h47min,2026-04-04T19:47,1200100300037,PRIORIZADO_4H,2026-04-04T19:47,5,51.70975
BASE,COLAPSO_LOGISTICO-CRITICA-N01,COLAPSO_LOGISTICO,CRITICA,1,2,44,RECOCIDO_SIMULADO,62,4723.9918,15404,25075.73,75.73,0,5,0,true,true,91.935484,91.176471,21754,3306,73.177083,67.580526,,,,,62,true,91.783333,3d19h47min,2026-04-04T19:47,1200100300037,PRIORIZADO_4H,2026-04-04T19:47,5,51.70975
BASE,COLAPSO_LOGISTICO-CRITICA-N01,COLAPSO_LOGISTICO,CRITICA,1,3,45,RECOCIDO_SIMULADO,62,5147.1551,16244,25078.746667,78.746667,0,5,0,true,true,91.935484,91.176471,21378,3316,73.177083,296.937244,,,,,62,true,91.783333,3d19h47min,2026-04-04T19:47,1200100300037,PRIORIZADO_4H,2026-04-04T19:47,5,51.70975
BASE,COLAPSO_LOGISTICO-CRITICA-N01,COLAPSO_LOGISTICO,CRITICA,1,3,45,GENETICO,62,21870.99,36240,25068.87,68.87,0,5,0,true,true,91.935484,91.176471,19090,3012,73.177083,,,,,,62,true,91.783333,3d19h47min,2026-04-04T19:47,1200100300037,PRIORIZADO_4H,2026-04-04T19:47,5,51.70975
BASE,COLAPSO_LOGISTICO-CRITICA-N01,COLAPSO_LOGISTICO,CRITICA,1,4,46,GENETICO,62,22591.9392,36240,25069.085,69.085,0,5,0,true,true,91.935484,91.176471,22644,3364,73.177083,,,,,,62,true,91.783333,3d19h47min,2026-04-04T19:47,1200100300037,PRIORIZADO_4H,2026-04-04T19:47,5,51.70975
BASE,COLAPSO_LOGISTICO-CRITICA-N01,COLAPSO_LOGISTICO,CRITICA,1,4,46,RECOCIDO_SIMULADO,62,5024.8777,16044,25080.003333,80.003333,0,5,0,true,true,91.935484,91.176471,20932,3408,73.177083,223.649976,,,,,62,true,91.783333,3d19h47min,2026-04-04T19:47,1200100300037,PRIORIZADO_4H,2026-04-04T19:47,5,51.70975
BASE,COLAPSO_LOGISTICO-CRITICA-N01,COLAPSO_LOGISTICO,CRITICA,1,5,47,RECOCIDO_SIMULADO,62,4726.494,15764,25077.906667,77.906667,0,5,0,true,true,91.935484,91.176471,20200,3240,73.177083,49.619927,,,,,62,true,91.783333,3d19h47min,2026-04-04T19:47,1200100300037,PRIORIZADO_4H,2026-04-04T19:47,5,51.70975
BASE,COLAPSO_LOGISTICO-CRITICA-N01,COLAPSO_LOGISTICO,CRITICA,1,5,47,GENETICO,62,23736.2506,36240,25070.055,70.055,0,5,0,true,true,91.935484,91.176471,20114,3296,73.177083,,,,,,62,true,91.783333,3d19h47min,2026-04-04T19:47,1200100300037,PRIORIZADO_4H,2026-04-04T19:47,5,51.70975
BASE,COLAPSO_LOGISTICO-CRITICA-N01,COLAPSO_LOGISTICO,CRITICA,1,6,48,GENETICO,62,24217.409,36240,25069.085,69.085,0,5,0,true,true,91.935484,91.176471,21038,3308,73.177083,,,,,,62,true,91.783333,3d19h47min,2026-04-04T19:47,1200100300037,PRIORIZADO_4H,2026-04-04T19:47,5,51.70975
BASE,COLAPSO_LOGISTICO-CRITICA-N01,COLAPSO_LOGISTICO,CRITICA,1,6,48,RECOCIDO_SIMULADO,62,4639.1362,15244,25078.831667,78.831667,0,5,0,true,true,91.935484,91.176471,20186,3172,73.177083,61.873395,,,,,62,true,91.783333,3d19h47min,2026-04-04T19:47,1200100300037,PRIORIZADO_4H,2026-04-04T19:47,5,51.70975
BASE,COLAPSO_LOGISTICO-CRITICA-N01,COLAPSO_LOGISTICO,CRITICA,1,7,49,RECOCIDO_SIMULADO,62,4633.821,15564,25079.008333,79.008333,0,5,0,true,true,91.935484,91.176471,20014,3198,73.177083,58.639712,,,,,62,true,91.783333,3d19h47min,2026-04-04T19:47,1200100300037,PRIORIZADO_4H,2026-04-04T19:47,5,51.70975
BASE,COLAPSO_LOGISTICO-CRITICA-N01,COLAPSO_LOGISTICO,CRITICA,1,7,49,GENETICO,62,26205.6588,36240,25069.325,69.325,0,5,0,true,true,91.935484,91.176471,19150,3090,73.177083,,,,,,62,true,91.783333,3d19h47min,2026-04-04T19:47,1200100300037,PRIORIZADO_4H,2026-04-04T19:47,5,51.70975
BASE,COLAPSO_LOGISTICO-CRITICA-N01,COLAPSO_LOGISTICO,CRITICA,1,8,50,GENETICO,62,25952.148,36240,25069.55,69.55,0,5,0,true,true,91.935484,91.176471,20146,3164,73.177083,,,,,,62,true,91.783333,3d19h47min,2026-04-04T19:47,1200100300037,PRIORIZADO_4H,2026-04-04T19:47,5,51.70975
BASE,COLAPSO_LOGISTICO-CRITICA-N01,COLAPSO_LOGISTICO,CRITICA,1,8,50,RECOCIDO_SIMULADO,62,5235.5745,17444,25074.575,74.575,0,5,0,true,true,91.935484,91.176471,20592,3280,73.177083,110.233294,,,,,62,true,91.783333,3d19h47min,2026-04-04T19:47,1200100300037,PRIORIZADO_4H,2026-04-04T19:47,5,51.70975
BASE,COLAPSO_LOGISTICO-CRITICA-N01,COLAPSO_LOGISTICO,CRITICA,1,9,51,RECOCIDO_SIMULADO,62,4882.5538,15764,25076.023333,76.023333,0,5,0,true,true,91.935484,91.176471,20984,3310,73.177083,184.887303,,,,,62,true,91.783333,3d19h47min,2026-04-04T19:47,1200100300037,PRIORIZADO_4H,2026-04-04T19:47,5,51.70975
BASE,COLAPSO_LOGISTICO-CRITICA-N01,COLAPSO_LOGISTICO,CRITICA,1,9,51,GENETICO,62,24094.5097,36240,25069.523333,69.523333,0,5,0,true,true,91.935484,91.176471,20100,3146,73.177083,,,,,,62,true,91.783333,3d19h47min,2026-04-04T19:47,1200100300037,PRIORIZADO_4H,2026-04-04T19:47,5,51.70975
BASE,COLAPSO_LOGISTICO-CRITICA-N01,COLAPSO_LOGISTICO,CRITICA,1,10,52,GENETICO,62,23461.0419,36240,25069.325,69.325,0,5,0,true,true,91.935484,91.176471,19338,3084,73.177083,,,,,,62,true,91.783333,3d19h47min,2026-04-04T19:47,1200100300037,PRIORIZADO_4H,2026-04-04T19:47,5,51.70975
BASE,COLAPSO_LOGISTICO-CRITICA-N01,COLAPSO_LOGISTICO,CRITICA,1,10,52,RECOCIDO_SIMULADO,62,4954.9333,16604,25080.366667,80.366667,0,5,0,true,true,91.935484,91.176471,21220,3288,73.177083,61.156182,,,,,62,true,91.783333,3d19h47min,2026-04-04T19:47,1200100300037,PRIORIZADO_4H,2026-04-04T19:47,5,51.70975
BASE,COLAPSO_LOGISTICO-CRITICA-N01,COLAPSO_LOGISTICO,CRITICA,1,11,53,RECOCIDO_SIMULADO,62,5236.0647,16764,25078.995,78.995,0,5,0,true,true,91.935484,91.176471,21036,3442,73.177083,331.802599,,,,,62,true,91.783333,3d19h47min,2026-04-04T19:47,1200100300037,PRIORIZADO_4H,2026-04-04T19:47,5,51.70975
BASE,COLAPSO_LOGISTICO-CRITICA-N01,COLAPSO_LOGISTICO,CRITICA,1,11,53,GENETICO,62,25468.5086,36240,25069.458333,69.458333,0,5,0,true,true,91.935484,91.176471,19678,2966,73.177083,,,,,,62,true,91.783333,3d19h47min,2026-04-04T19:47,1200100300037,PRIORIZADO_4H,2026-04-04T19:47,5,51.70975
BASE,COLAPSO_LOGISTICO-CRITICA-N01,COLAPSO_LOGISTICO,CRITICA,1,12,54,GENETICO,62,23972.05,36240,25068.87,68.87,0,5,0,true,true,91.935484,91.176471,18698,3154,73.177083,,,,,,62,true,91.783333,3d19h47min,2026-04-04T19:47,1200100300037,PRIORIZADO_4H,2026-04-04T19:47,5,51.70975
BASE,COLAPSO_LOGISTICO-CRITICA-N01,COLAPSO_LOGISTICO,CRITICA,1,12,54,RECOCIDO_SIMULADO,62,4964.7675,16204,25081.485,81.485,0,5,0,true,true,91.935484,91.176471,21528,3294,73.177083,86.579474,,,,,62,true,91.783333,3d19h47min,2026-04-04T19:47,1200100300037,PRIORIZADO_4H,2026-04-04T19:47,5,51.70975
BASE,COLAPSO_LOGISTICO-CRITICA-N01,COLAPSO_LOGISTICO,CRITICA,1,13,55,RECOCIDO_SIMULADO,62,4790.6478,15804,25078.926667,78.926667,0,5,0,true,true,91.935484,91.176471,21112,3344,73.177083,53.767061,,,,,62,true,91.783333,3d19h47min,2026-04-04T19:47,1200100300037,PRIORIZADO_4H,2026-04-04T19:47,5,51.70975
BASE,COLAPSO_LOGISTICO-CRITICA-N01,COLAPSO_LOGISTICO,CRITICA,1,13,55,GENETICO,62,23709.9268,36240,25069.125,69.125,0,5,0,true,true,91.935484,91.176471,19812,3210,73.177083,,,,,,62,true,91.783333,3d19h47min,2026-04-04T19:47,1200100300037,PRIORIZADO_4H,2026-04-04T19:47,5,51.70975
BASE,COLAPSO_LOGISTICO-CRITICA-N01,COLAPSO_LOGISTICO,CRITICA,1,14,56,GENETICO,62,22560.8361,36240,25069.125,69.125,0,5,0,true,true,91.935484,91.176471,19008,3198,73.177083,,,,,,62,true,91.783333,3d19h47min,2026-04-04T19:47,1200100300037,PRIORIZADO_4H,2026-04-04T19:47,5,51.70975
BASE,COLAPSO_LOGISTICO-CRITICA-N01,COLAPSO_LOGISTICO,CRITICA,1,14,56,RECOCIDO_SIMULADO,62,4474.8874,14524,25078.043333,78.043333,0,5,0,true,true,91.935484,91.176471,20208,3156,73.177083,59.255978,,,,,62,true,91.783333,3d19h47min,2026-04-04T19:47,1200100300037,PRIORIZADO_4H,2026-04-04T19:47,5,51.70975
BASE,COLAPSO_LOGISTICO-CRITICA-N01,COLAPSO_LOGISTICO,CRITICA,1,15,57,RECOCIDO_SIMULADO,62,4804.649,15724,25076.738333,76.738333,0,5,0,true,true,91.935484,91.176471,21812,3288,73.177083,77.053742,,,,,62,true,91.783333,3d19h47min,2026-04-04T19:47,1200100300037,PRIORIZADO_4H,2026-04-04T19:47,5,51.70975
BASE,COLAPSO_LOGISTICO-CRITICA-N01,COLAPSO_LOGISTICO,CRITICA,1,15,57,GENETICO,62,23801.7768,36240,25069.085,69.085,0,5,0,true,true,91.935484,91.176471,20468,3274,73.177083,,,,,,62,true,91.783333,3d19h47min,2026-04-04T19:47,1200100300037,PRIORIZADO_4H,2026-04-04T19:47,5,51.70975
BASE,COLAPSO_LOGISTICO-CRITICA-N01,COLAPSO_LOGISTICO,CRITICA,1,16,58,GENETICO,62,23304.3747,36240,25069.325,69.325,0,5,0,true,true,91.935484,91.176471,20658,3240,73.177083,,,,,,62,true,91.783333,3d19h47min,2026-04-04T19:47,1200100300037,PRIORIZADO_4H,2026-04-04T19:47,5,51.70975
BASE,COLAPSO_LOGISTICO-CRITICA-N01,COLAPSO_LOGISTICO,CRITICA,1,16,58,RECOCIDO_SIMULADO,62,5611.5129,18444,25077.835,77.835,0,5,0,true,true,91.935484,91.176471,20926,3310,73.177083,146.571977,,,,,62,true,91.783333,3d19h47min,2026-04-04T19:47,1200100300037,PRIORIZADO_4H,2026-04-04T19:47,5,51.70975
BASE,COLAPSO_LOGISTICO-CRITICA-N01,COLAPSO_LOGISTICO,CRITICA,1,17,59,RECOCIDO_SIMULADO,62,4810.4177,15964,25079.568333,79.568333,0,5,0,true,true,91.935484,91.176471,21192,3384,73.177083,63.017197,,,,,62,true,91.783333,3d19h47min,2026-04-04T19:47,1200100300037,PRIORIZADO_4H,2026-04-04T19:47,5,51.70975
BASE,COLAPSO_LOGISTICO-CRITICA-N01,COLAPSO_LOGISTICO,CRITICA,1,17,59,GENETICO,62,23602.4277,36240,25068.87,68.87,0,5,0,true,true,91.935484,91.176471,21164,3440,73.177083,,,,,,62,true,91.783333,3d19h47min,2026-04-04T19:47,1200100300037,PRIORIZADO_4H,2026-04-04T19:47,5,51.70975
BASE,COLAPSO_LOGISTICO-CRITICA-N02,COLAPSO_LOGISTICO,CRITICA,2,0,60,GENETICO,40,11822.9345,27180,5042.65,42.65,0,1,0,true,true,97.5,96.296296,14896,1998,50,,,,,,40,true,61.066667,2d13h04min,2026-04-03T13:04,1200200200019,PRIORIZADO_8H,2026-04-03T13:04,1,44.965
BASE,COLAPSO_LOGISTICO-CRITICA-N02,COLAPSO_LOGISTICO,CRITICA,2,0,60,RECOCIDO_SIMULADO,40,2473.3665,12863,5043.75,43.75,0,1,0,true,true,97.5,96.296296,14804,2196,50,843.176966,,,,,40,true,61.066667,2d13h04min,2026-04-03T13:04,1200200200019,PRIORIZADO_8H,2026-04-03T13:04,1,44.965
BASE,COLAPSO_LOGISTICO-CRITICA-N02,COLAPSO_LOGISTICO,CRITICA,2,1,61,RECOCIDO_SIMULADO,40,2283.0835,11983,5043.75,43.75,0,1,0,true,true,97.5,96.296296,14804,2196,50,467.993357,,,,,40,true,61.066667,2d13h04min,2026-04-03T13:04,1200200200019,PRIORIZADO_8H,2026-04-03T13:04,1,44.965
BASE,COLAPSO_LOGISTICO-CRITICA-N02,COLAPSO_LOGISTICO,CRITICA,2,1,61,GENETICO,40,11650.2784,27180,5042.365,42.365,0,1,0,true,true,97.5,96.296296,14028,2056,50,,,,,,40,true,61.066667,2d13h04min,2026-04-03T13:04,1200200200019,PRIORIZADO_8H,2026-04-03T13:04,1,44.965
BASE,COLAPSO_LOGISTICO-CRITICA-N02,COLAPSO_LOGISTICO,CRITICA,2,2,62,GENETICO,40,11846.6856,27180,5042.65,42.65,0,1,0,true,true,97.5,96.296296,15844,2132,50,,,,,,40,true,61.066667,2d13h04min,2026-04-03T13:04,1200200200019,PRIORIZADO_8H,2026-04-03T13:04,1,44.965
BASE,COLAPSO_LOGISTICO-CRITICA-N02,COLAPSO_LOGISTICO,CRITICA,2,2,62,RECOCIDO_SIMULADO,40,2002.5011,10543,5043.75,43.75,0,1,0,true,true,97.5,96.296296,14804,2196,50,193.671623,,,,,40,true,61.066667,2d13h04min,2026-04-03T13:04,1200200200019,PRIORIZADO_8H,2026-04-03T13:04,1,44.965
BASE,COLAPSO_LOGISTICO-CRITICA-N02,COLAPSO_LOGISTICO,CRITICA,2,3,63,RECOCIDO_SIMULADO,40,2447.2769,12623,5043.75,43.75,0,1,0,true,true,97.5,96.296296,14804,2196,50,453.757798,,,,,40,true,61.066667,2d13h04min,2026-04-03T13:04,1200200200019,PRIORIZADO_8H,2026-04-03T13:04,1,44.965
BASE,COLAPSO_LOGISTICO-CRITICA-N02,COLAPSO_LOGISTICO,CRITICA,2,3,63,GENETICO,40,14553.0744,27180,5042.255,42.255,0,1,0,true,true,97.5,96.296296,13358,1880,50,,,,,,40,true,61.066667,2d13h04min,2026-04-03T13:04,1200200200019,PRIORIZADO_8H,2026-04-03T13:04,1,44.965
BASE,COLAPSO_LOGISTICO-CRITICA-N02,COLAPSO_LOGISTICO,CRITICA,2,4,64,GENETICO,40,12405.0157,27180,5042.54,42.54,0,1,0,true,true,97.5,96.296296,13100,1960,50,,,,,,40,true,61.066667,2d13h04min,2026-04-03T13:04,1200200200019,PRIORIZADO_8H,2026-04-03T13:04,1,44.965
BASE,COLAPSO_LOGISTICO-CRITICA-N02,COLAPSO_LOGISTICO,CRITICA,2,4,64,RECOCIDO_SIMULADO,40,2159.5526,10903,5043.75,43.75,0,1,0,true,true,97.5,96.296296,14804,2196,50,603.705272,,,,,40,true,61.066667,2d13h04min,2026-04-03T13:04,1200200200019,PRIORIZADO_8H,2026-04-03T13:04,1,44.965
BASE,COLAPSO_LOGISTICO-CRITICA-N02,COLAPSO_LOGISTICO,CRITICA,2,5,65,RECOCIDO_SIMULADO,40,2260.5927,11503,5043.75,43.75,0,1,0,true,true,97.5,96.296296,14804,2196,50,527.718653,,,,,40,true,61.066667,2d13h04min,2026-04-03T13:04,1200200200019,PRIORIZADO_8H,2026-04-03T13:04,1,44.965
BASE,COLAPSO_LOGISTICO-CRITICA-N02,COLAPSO_LOGISTICO,CRITICA,2,5,65,GENETICO,40,12315.7675,27180,5042.54,42.54,0,1,0,true,true,97.5,96.296296,14612,2036,50,,,,,,40,true,61.066667,2d13h04min,2026-04-03T13:04,1200200200019,PRIORIZADO_8H,2026-04-03T13:04,1,44.965
BASE,COLAPSO_LOGISTICO-CRITICA-N02,COLAPSO_LOGISTICO,CRITICA,2,6,66,GENETICO,40,13011.9032,27180,5042.65,42.65,0,1,0,true,true,97.5,96.296296,13710,2024,50,,,,,,40,true,61.066667,2d13h04min,2026-04-03T13:04,1200200200019,PRIORIZADO_8H,2026-04-03T13:04,1,44.965
BASE,COLAPSO_LOGISTICO-CRITICA-N02,COLAPSO_LOGISTICO,CRITICA,2,6,66,RECOCIDO_SIMULADO,40,2133.8209,10863,5043.75,43.75,0,1,0,true,true,97.5,96.296296,14804,2196,50,401.642022,,,,,40,true,61.066667,2d13h04min,2026-04-03T13:04,1200200200019,PRIORIZADO_8H,2026-04-03T13:04,1,44.965
BASE,COLAPSO_LOGISTICO-CRITICA-N02,COLAPSO_LOGISTICO,CRITICA,2,7,67,RECOCIDO_SIMULADO,40,2350.3064,11943,5043.75,43.75,0,1,0,true,true,97.5,96.296296,14804,2196,50,770.363346,,,,,40,true,61.066667,2d13h04min,2026-04-03T13:04,1200200200019,PRIORIZADO_8H,2026-04-03T13:04,1,44.965
BASE,COLAPSO_LOGISTICO-CRITICA-N02,COLAPSO_LOGISTICO,CRITICA,2,7,67,GENETICO,40,10306.6686,27180,5042.245,42.245,0,1,0,true,true,97.5,96.296296,12976,1992,50,,,,,,40,true,61.066667,2d13h04min,2026-04-03T13:04,1200200200019,PRIORIZADO_8H,2026-04-03T13:04,1,44.965
BASE,COLAPSO_LOGISTICO-CRITICA-N02,COLAPSO_LOGISTICO,CRITICA,2,8,68,GENETICO,40,12673.2034,27180,5042.56,42.56,0,1,0,true,true,97.5,96.296296,12806,1688,50,,,,,,40,true,61.066667,2d13h04min,2026-04-03T13:04,1200200200019,PRIORIZADO_8H,2026-04-03T13:04,1,44.965
BASE,COLAPSO_LOGISTICO-CRITICA-N02,COLAPSO_LOGISTICO,CRITICA,2,8,68,RECOCIDO_SIMULADO,40,2104.3369,10623,5043.75,43.75,0,1,0,true,true,97.5,96.296296,14804,2196,50,393.470907,,,,,40,true,61.066667,2d13h04min,2026-04-03T13:04,1200200200019,PRIORIZADO_8H,2026-04-03T13:04,1,44.965
BASE,COLAPSO_LOGISTICO-CRITICA-N02,COLAPSO_LOGISTICO,CRITICA,2,9,69,RECOCIDO_SIMULADO,40,1931.3207,10183,5043.75,43.75,0,1,0,true,true,97.5,96.296296,14804,2196,50,174.145331,,,,,40,true,61.066667,2d13h04min,2026-04-03T13:04,1200200200019,PRIORIZADO_8H,2026-04-03T13:04,1,44.965
BASE,COLAPSO_LOGISTICO-CRITICA-N02,COLAPSO_LOGISTICO,CRITICA,2,9,69,GENETICO,40,11326.2128,27180,5042.65,42.65,0,1,0,true,true,97.5,96.296296,15540,2216,50,,,,,,40,true,61.066667,2d13h04min,2026-04-03T13:04,1200200200019,PRIORIZADO_8H,2026-04-03T13:04,1,44.965
BASE,COLAPSO_LOGISTICO-CRITICA-N02,COLAPSO_LOGISTICO,CRITICA,2,10,70,GENETICO,40,12610.729,27180,5042.385,42.385,0,1,0,true,true,97.5,96.296296,13568,1982,50,,,,,,40,true,61.066667,2d13h04min,2026-04-03T13:04,1200200200019,PRIORIZADO_8H,2026-04-03T13:04,1,44.965
BASE,COLAPSO_LOGISTICO-CRITICA-N02,COLAPSO_LOGISTICO,CRITICA,2,10,70,RECOCIDO_SIMULADO,40,2183.1261,11343,5043.75,43.75,0,1,0,true,true,97.5,96.296296,14804,2196,50,541.060463,,,,,40,true,61.066667,2d13h04min,2026-04-03T13:04,1200200200019,PRIORIZADO_8H,2026-04-03T13:04,1,44.965
BASE,COLAPSO_LOGISTICO-CRITICA-N02,COLAPSO_LOGISTICO,CRITICA,2,11,71,RECOCIDO_SIMULADO,40,2124.9121,11503,5043.75,43.75,0,1,0,true,true,97.5,96.296296,14804,2196,50,202.326166,,,,,40,true,61.066667,2d13h04min,2026-04-03T13:04,1200200200019,PRIORIZADO_8H,2026-04-03T13:04,1,44.965
BASE,COLAPSO_LOGISTICO-CRITICA-N02,COLAPSO_LOGISTICO,CRITICA,2,11,71,GENETICO,40,11745.5997,27180,5042.365,42.365,0,1,0,true,true,97.5,96.296296,12578,1898,50,,,,,,40,true,61.066667,2d13h04min,2026-04-03T13:04,1200200200019,PRIORIZADO_8H,2026-04-03T13:04,1,44.965
BASE,COLAPSO_LOGISTICO-CRITICA-N02,COLAPSO_LOGISTICO,CRITICA,2,12,72,GENETICO,40,12574.009,27180,5042.65,42.65,0,1,0,true,true,97.5,96.296296,14616,2126,50,,,,,,40,true,61.066667,2d13h04min,2026-04-03T13:04,1200200200019,PRIORIZADO_8H,2026-04-03T13:04,1,44.965
BASE,COLAPSO_LOGISTICO-CRITICA-N02,COLAPSO_LOGISTICO,CRITICA,2,12,72,RECOCIDO_SIMULADO,40,2141.1707,11223,5043.75,43.75,0,1,0,true,true,97.5,96.296296,14804,2196,50,316.655905,,,,,40,true,61.066667,2d13h04min,2026-04-03T13:04,1200200200019,PRIORIZADO_8H,2026-04-03T13:04,1,44.965
BASE,COLAPSO_LOGISTICO-CRITICA-N02,COLAPSO_LOGISTICO,CRITICA,2,13,73,RECOCIDO_SIMULADO,40,2104.519,10663,5043.75,43.75,0,1,0,true,true,97.5,96.296296,14804,2196,50,442.515346,,,,,40,true,61.066667,2d13h04min,2026-04-03T13:04,1200200200019,PRIORIZADO_8H,2026-04-03T13:04,1,44.965
BASE,COLAPSO_LOGISTICO-CRITICA-N02,COLAPSO_LOGISTICO,CRITICA,2,13,73,GENETICO,40,12926.6506,27180,5042.385,42.385,0,1,0,true,true,97.5,96.296296,14698,2130,50,,,,,,40,true,61.066667,2d13h04min,2026-04-03T13:04,1200200200019,PRIORIZADO_8H,2026-04-03T13:04,1,44.965
BASE,COLAPSO_LOGISTICO-CRITICA-N02,COLAPSO_LOGISTICO,CRITICA,2,14,74,GENETICO,40,11429.1726,27180,5042.245,42.245,0,1,0,true,true,97.5,96.296296,14196,2016,50,,,,,,40,true,61.066667,2d13h04min,2026-04-03T13:04,1200200200019,PRIORIZADO_8H,2026-04-03T13:04,1,44.965
BASE,COLAPSO_LOGISTICO-CRITICA-N02,COLAPSO_LOGISTICO,CRITICA,2,14,74,RECOCIDO_SIMULADO,40,1980.0523,10303,5043.75,43.75,0,1,0,true,true,97.5,96.296296,14804,2196,50,180.57594,,,,,40,true,61.066667,2d13h04min,2026-04-03T13:04,1200200200019,PRIORIZADO_8H,2026-04-03T13:04,1,44.965
BASE,COLAPSO_LOGISTICO-CRITICA-N02,COLAPSO_LOGISTICO,CRITICA,2,15,75,RECOCIDO_SIMULADO,40,1907.8102,10143,5043.75,43.75,0,1,0,true,true,97.5,96.296296,14804,2196,50,130.60326,,,,,40,true,61.066667,2d13h04min,2026-04-03T13:04,1200200200019,PRIORIZADO_8H,2026-04-03T13:04,1,44.965
BASE,COLAPSO_LOGISTICO-CRITICA-N02,COLAPSO_LOGISTICO,CRITICA,2,15,75,GENETICO,40,11410.4117,27180,5042.365,42.365,0,1,0,true,true,97.5,96.296296,11690,1898,50,,,,,,40,true,61.066667,2d13h04min,2026-04-03T13:04,1200200200019,PRIORIZADO_8H,2026-04-03T13:04,1,44.965
BASE,COLAPSO_LOGISTICO-CRITICA-N02,COLAPSO_LOGISTICO,CRITICA,2,16,76,GENETICO,40,12388.2376,27180,5042.245,42.245,0,1,0,true,true,97.5,96.296296,12804,1810,50,,,,,,40,true,61.066667,2d13h04min,2026-04-03T13:04,1200200200019,PRIORIZADO_8H,2026-04-03T13:04,1,44.965
BASE,COLAPSO_LOGISTICO-CRITICA-N02,COLAPSO_LOGISTICO,CRITICA,2,16,76,RECOCIDO_SIMULADO,40,2412.9383,12783,5043.75,43.75,0,1,0,true,true,97.5,96.296296,14804,2196,50,544.197791,,,,,40,true,61.066667,2d13h04min,2026-04-03T13:04,1200200200019,PRIORIZADO_8H,2026-04-03T13:04,1,44.965
BASE,COLAPSO_LOGISTICO-CRITICA-N02,COLAPSO_LOGISTICO,CRITICA,2,17,77,RECOCIDO_SIMULADO,40,2019.9815,10703,5043.75,43.75,0,1,0,true,true,97.5,96.296296,14804,2196,50,131.334348,,,,,40,true,61.066667,2d13h04min,2026-04-03T13:04,1200200200019,PRIORIZADO_8H,2026-04-03T13:04,1,44.965
BASE,COLAPSO_LOGISTICO-CRITICA-N02,COLAPSO_LOGISTICO,CRITICA,2,17,77,GENETICO,40,11704.1054,27180,5041.96,41.96,0,1,0,true,true,97.5,96.296296,12498,1958,50,,,,,,40,true,61.066667,2d13h04min,2026-04-03T13:04,1200200200019,PRIORIZADO_8H,2026-04-03T13:04,1,44.965
BASE,COLAPSO_LOGISTICO-CRITICA-N03,COLAPSO_LOGISTICO,CRITICA,3,0,78,GENETICO,66,20865.2513,36240,10081.741667,81.741667,0,2,0,true,true,96.969697,97.619048,22812,3762,95.052083,,,,,,66,true,80.466667,3d08h28min,2026-04-04T08:28,1200300300049,PRIORIZADO_4H,2026-04-04T08:28,2,51.70975
BASE,COLAPSO_LOGISTICO-CRITICA-N03,COLAPSO_LOGISTICO,CRITICA,3,0,78,RECOCIDO_SIMULADO,67,3808.2665,16004,15098.14,98.14,0,3,0,true,true,95.522388,97.619048,24838,3986,95.052083,920.539741,,,,,67,true,80.466667,3d08h28min,2026-04-04T08:28,1200300300049,PRIORIZADO_4H,2026-04-04T08:28,3,51.70975
BASE,COLAPSO_LOGISTICO-CRITICA-N03,COLAPSO_LOGISTICO,CRITICA,3,1,79,RECOCIDO_SIMULADO,66,4398.1055,19044,15088.08,88.08,0,3,0,true,true,95.454545,97.619048,24878,4024,92.447917,903.94952,,,,,66,true,80.466667,3d08h28min,2026-04-04T08:28,1200300300049,PRIORIZADO_4H,2026-04-04T08:28,3,51.70975
BASE,COLAPSO_LOGISTICO-CRITICA-N03,COLAPSO_LOGISTICO,CRITICA,3,1,79,GENETICO,66,20526.5912,36240,10101.251667,81.251667,0.2,2,0,true,true,95.454545,95.238095,22628,3706,95.052083,,,,,,66,true,75.6,3d03h36min,2026-04-04T03:36,1200300200036,PRIORIZADO_4H,2026-04-04T03:36,2,51.70975
BASE,COLAPSO_LOGISTICO-CRITICA-N03,COLAPSO_LOGISTICO,CRITICA,3,2,80,GENETICO,66,20901.1286,36240,10079.756667,79.756667,0,2,0,true,true,96.969697,97.619048,23206,3832,95.052083,,,,,,66,true,80.466667,3d08h28min,2026-04-04T08:28,1200300300049,PRIORIZADO_4H,2026-04-04T08:28,2,51.70975
BASE,COLAPSO_LOGISTICO-CRITICA-N03,COLAPSO_LOGISTICO,CRITICA,3,2,80,RECOCIDO_SIMULADO,66,4425.189,19284,15134.716667,97.383333,0.373333,3,0,true,true,93.939394,95.238095,25032,4032,92.447917,569.591916,,,,,66,true,75.066667,3d03h04min,2026-04-04T03:04,1200300200025,PRIORIZADO_4H,2026-04-04T03:04,3,51.70975
BASE,COLAPSO_LOGISTICO-CRITICA-N03,COLAPSO_LOGISTICO,CRITICA,3,3,81,RECOCIDO_SIMULADO,66,4264.7861,18364,10209.196667,100.863333,1.083333,2,0,true,true,95.454545,95.238095,25626,4300,95.052083,1366.309089,,,,,66,true,76.75,3d04h45min,2026-04-04T04:45,1200300300033,PRIORIZADO_4H,2026-04-04T04:45,2,51.70975
BASE,COLAPSO_LOGISTICO-CRITICA-N03,COLAPSO_LOGISTICO,CRITICA,3,3,81,GENETICO,66,18682.2932,36240,10212.806667,84.473333,1.283333,2,0,true,true,93.939394,92.857143,23800,3928,95.052083,,,,,,66,true,75.6,3d03h36min,2026-04-04T03:36,1200300200036,PRIORIZADO_4H,2026-04-04T03:36,2,51.70975
BASE,COLAPSO_LOGISTICO-CRITICA-N03,COLAPSO_LOGISTICO,CRITICA,3,4,82,GENETICO,66,17628.1,36240,10110.22,90.22,0.2,2,0,true,true,95.454545,95.238095,23962,3854,95.052083,,,,,,66,true,75.6,3d03h36min,2026-04-04T03:36,1200300200036,PRIORIZADO_4H,2026-04-04T03:36,2,51.70975
BASE,COLAPSO_LOGISTICO-CRITICA-N03,COLAPSO_LOGISTICO,CRITICA,3,4,82,RECOCIDO_SIMULADO,66,4403.0804,19244,15153.395,96.061667,0.573333,3,0,true,true,92.424242,92.857143,26470,4302,92.447917,1419.611483,,,,,66,true,75.066667,3d03h04min,2026-04-04T03:04,1200300200025,PRIORIZADO_4H,2026-04-04T03:04,3,51.70975
BASE,COLAPSO_LOGISTICO-CRITICA-N03,COLAPSO_LOGISTICO,CRITICA,3,5,83,RECOCIDO_SIMULADO,66,4723.4857,20524,15219.858333,91.525,1.283333,3,0,true,true,92.424242,92.857143,23552,3886,92.447917,1037.736899,,,,,66,true,75.6,3d03h36min,2026-04-04T03:36,1200300200036,PRIORIZADO_4H,2026-04-04T03:36,3,51.70975
BASE,COLAPSO_LOGISTICO-CRITICA-N03,COLAPSO_LOGISTICO,CRITICA,3,5,83,GENETICO,66,19130.3749,36240,10104.46,84.46,0.2,2,0,true,true,95.454545,95.238095,23274,3780,95.052083,,,,,,66,true,75.6,3d03h36min,2026-04-04T03:36,1200300200036,PRIORIZADO_4H,2026-04-04T03:36,2,51.70975
BASE,COLAPSO_LOGISTICO-CRITICA-N03,COLAPSO_LOGISTICO,CRITICA,3,6,84,GENETICO,66,18845.915,36240,10104.506667,84.506667,0.2,2,0,true,true,95.454545,95.238095,22506,3722,95.052083,,,,,,66,true,75.6,3d03h36min,2026-04-04T03:36,1200300200036,PRIORIZADO_4H,2026-04-04T03:36,2,51.70975
BASE,COLAPSO_LOGISTICO-CRITICA-N03,COLAPSO_LOGISTICO,CRITICA,3,6,84,RECOCIDO_SIMULADO,67,5090.8019,21044,20087.845,87.845,0,4,0,true,true,94.029851,95.348837,25950,4298,92.447917,960.996244,,,,,67,true,80.466667,3d08h28min,2026-04-04T08:28,1200300300049,PRIORIZADO_4H,2026-04-04T08:28,4,51.70975
BASE,COLAPSO_LOGISTICO-CRITICA-N03,COLAPSO_LOGISTICO,CRITICA,3,7,85,RECOCIDO_SIMULADO,66,4194.4343,18044,15127.043333,89.71,0.373333,3,0,true,true,93.939394,95.238095,26128,4234,92.447917,1156.982356,,,,,66,true,75.066667,3d03h04min,2026-04-04T03:04,1200300200025,PRIORIZADO_4H,2026-04-04T03:04,3,51.70975
BASE,COLAPSO_LOGISTICO-CRITICA-N03,COLAPSO_LOGISTICO,CRITICA,3,7,85,GENETICO,66,19374.7174,36240,10103.895,83.895,0.2,2,0,true,true,95.454545,95.238095,23328,3818,95.052083,,,,,,66,true,75.6,3d03h36min,2026-04-04T03:36,1200300200036,PRIORIZADO_4H,2026-04-04T03:36,2,51.70975
BASE,COLAPSO_LOGISTICO-CRITICA-N03,COLAPSO_LOGISTICO,CRITICA,3,8,86,GENETICO,66,21236.9486,36240,10099.893333,79.893333,0.2,2,0,true,true,95.454545,95.238095,23510,3856,95.052083,,,,,,66,true,75.6,3d03h36min,2026-04-04T03:36,1200300200036,PRIORIZADO_4H,2026-04-04T03:36,2,51.70975
BASE,COLAPSO_LOGISTICO-CRITICA-N03,COLAPSO_LOGISTICO,CRITICA,3,8,86,RECOCIDO_SIMULADO,66,4665.5249,19924,10092.16,92.16,0,2,0,true,true,96.969697,97.619048,25570,4152,95.052083,975.243279,,,,,66,true,80.466667,3d08h28min,2026-04-04T08:28,1200300300049,PRIORIZADO_4H,2026-04-04T08:28,2,51.70975
BASE,COLAPSO_LOGISTICO-CRITICA-N03,COLAPSO_LOGISTICO,CRITICA,3,9,87,RECOCIDO_SIMULADO,66,4939.0402,21644,10129.098333,91.765,0.373333,2,0,true,true,95.454545,95.238095,24016,3972,95.052083,1141.925327,,,,,66,true,75.066667,3d03h04min,2026-04-04T03:04,1200300200025,PRIORIZADO_4H,2026-04-04T03:04,2,51.70975
BASE,COLAPSO_LOGISTICO-CRITICA-N03,COLAPSO_LOGISTICO,CRITICA,3,9,87,GENETICO,66,18817.5563,36240,10103.195,83.195,0.2,2,0,true,true,95.454545,95.238095,22324,3636,95.052083,,,,,,66,true,75.6,3d03h36min,2026-04-04T03:36,1200300200036,PRIORIZADO_4H,2026-04-04T03:36,2,51.70975
BASE,COLAPSO_LOGISTICO-CRITICA-N03,COLAPSO_LOGISTICO,CRITICA,3,10,88,GENETICO,66,18170.795,36240,10103.411667,83.411667,0.2,2,0,true,true,95.454545,95.238095,23640,3858,95.052083,,,,,,66,true,75.6,3d03h36min,2026-04-04T03:36,1200300200036,PRIORIZADO_4H,2026-04-04T03:36,2,51.70975
BASE,COLAPSO_LOGISTICO-CRITICA-N03,COLAPSO_LOGISTICO,CRITICA,3,10,88,RECOCIDO_SIMULADO,66,4681.2321,20204,15085.665,85.665,0,3,0,true,true,95.454545,97.619048,24980,4010,92.447917,875.264326,,,,,66,true,80.466667,3d08h28min,2026-04-04T08:28,1200300300049,PRIORIZADO_4H,2026-04-04T08:28,3,51.70975
BASE,COLAPSO_LOGISTICO-CRITICA-N03,COLAPSO_LOGISTICO,CRITICA,3,11,89,RECOCIDO_SIMULADO,66,4441.9524,19284,15125.446667,88.113333,0.373333,3,0,true,true,93.939394,95.238095,24932,4124,92.447917,1316.002919,,,,,66,true,75.066667,3d03h04min,2026-04-04T03:04,1200300200025,PRIORIZADO_4H,2026-04-04T03:04,3,51.70975
BASE,COLAPSO_LOGISTICO-CRITICA-N03,COLAPSO_LOGISTICO,CRITICA,3,11,89,GENETICO,66,17915.7057,36240,10105.251667,85.251667,0.2,2,0,true,true,95.454545,95.238095,24348,3942,95.052083,,,,,,66,true,75.6,3d03h36min,2026-04-04T03:36,1200300200036,PRIORIZADO_4H,2026-04-04T03:36,2,51.70975
BASE,COLAPSO_LOGISTICO-CRITICA-N03,COLAPSO_LOGISTICO,CRITICA,3,12,90,GENETICO,66,16809.9127,36240,10084.928333,84.928333,0,2,0,true,true,96.969697,97.619048,24432,3900,95.052083,,,,,,66,true,80.466667,3d08h28min,2026-04-04T08:28,1200300300049,PRIORIZADO_4H,2026-04-04T08:28,2,51.70975
BASE,COLAPSO_LOGISTICO-CRITICA-N03,COLAPSO_LOGISTICO,CRITICA,3,12,90,RECOCIDO_SIMULADO,66,4690.3956,20444,15083.921667,83.921667,0,3,0,true,true,95.454545,97.619048,23600,3786,92.447917,1202.100862,,,,,66,true,80.466667,3d08h28min,2026-04-04T08:28,1200300300049,PRIORIZADO_4H,2026-04-04T08:28,3,51.70975
BASE,COLAPSO_LOGISTICO-CRITICA-N03,COLAPSO_LOGISTICO,CRITICA,3,13,91,RECOCIDO_SIMULADO,66,4523.8571,19484,15091.193333,91.193333,0,3,0,true,true,95.454545,97.619048,24564,4070,92.447917,1116.465521,,,,,66,true,80.466667,3d08h28min,2026-04-04T08:28,1200300300049,PRIORIZADO_4H,2026-04-04T08:28,3,51.70975
BASE,COLAPSO_LOGISTICO-CRITICA-N03,COLAPSO_LOGISTICO,CRITICA,3,13,91,GENETICO,66,18301.6174,36240,10110.076667,90.076667,0.2,2,0,true,true,95.454545,95.238095,24454,3936,95.052083,,,,,,66,true,75.6,3d03h36min,2026-04-04T03:36,1200300200036,PRIORIZADO_4H,2026-04-04T03:36,2,51.70975
BASE,COLAPSO_LOGISTICO-CRITICA-N03,COLAPSO_LOGISTICO,CRITICA,3,14,92,GENETICO,66,17952.6885,36240,10084.021667,84.021667,0,2,0,true,true,96.969697,97.619048,24236,3920,95.052083,,,,,,66,true,80.466667,3d08h28min,2026-04-04T08:28,1200300300049,PRIORIZADO_4H,2026-04-04T08:28,2,51.70975
BASE,COLAPSO_LOGISTICO-CRITICA-N03,COLAPSO_LOGISTICO,CRITICA,3,14,92,RECOCIDO_SIMULADO,66,4593.1079,19284,10109.72,109.72,0,2,0,true,true,96.969697,97.619048,24042,4024,95.052083,1458.801624,,,,,66,true,80.466667,3d08h28min,2026-04-04T08:28,1200300300049,PRIORIZADO_4H,2026-04-04T08:28,2,51.70975
BASE,COLAPSO_LOGISTICO-CRITICA-N03,COLAPSO_LOGISTICO,CRITICA,3,15,93,RECOCIDO_SIMULADO,66,4857.7488,20884,15115.101667,95.101667,0.2,3,0,true,true,93.939394,95.238095,23794,3920,92.447917,1289.237011,,,,,66,true,75.6,3d03h36min,2026-04-04T03:36,1200300200036,PRIORIZADO_4H,2026-04-04T03:36,3,51.70975
BASE,COLAPSO_LOGISTICO-CRITICA-N03,COLAPSO_LOGISTICO,CRITICA,3,15,93,GENETICO,66,18871.4578,36240,10087.915,87.915,0,2,0,true,true,96.969697,97.619048,21718,3668,95.052083,,,,,,66,true,80.466667,3d08h28min,2026-04-04T08:28,1200300300049,PRIORIZADO_4H,2026-04-04T08:28,2,51.70975
BASE,COLAPSO_LOGISTICO-CRITICA-N03,COLAPSO_LOGISTICO,CRITICA,3,16,94,GENETICO,66,17463.5213,36240,10078.116667,78.116667,0,2,0,true,true,96.969697,97.619048,22118,3588,95.052083,,,,,,66,true,80.466667,3d08h28min,2026-04-04T08:28,1200300300049,PRIORIZADO_4H,2026-04-04T08:28,2,51.70975
BASE,COLAPSO_LOGISTICO-CRITICA-N03,COLAPSO_LOGISTICO,CRITICA,3,16,94,RECOCIDO_SIMULADO,67,4425.0524,18964,15129.78,92.446667,0.373333,3,0,true,true,94.029851,95.238095,24324,3970,93.75,798.934772,,,,,67,true,75.066667,3d03h04min,2026-04-04T03:04,1200300200025,PRIORIZADO_4H,2026-04-04T03:04,3,51.70975
BASE,COLAPSO_LOGISTICO-CRITICA-N03,COLAPSO_LOGISTICO,CRITICA,3,17,95,RECOCIDO_SIMULADO,66,4883.6204,20524,15095.68,91.68,0.04,3,0,true,true,93.939394,95.238095,23998,3796,92.447917,1474.751882,,,,,66,true,75.6,3d03h36min,2026-04-04T03:36,1200300200036,PRIORIZADO_4H,2026-04-04T03:36,3,51.70975
BASE,COLAPSO_LOGISTICO-CRITICA-N03,COLAPSO_LOGISTICO,CRITICA,3,17,95,GENETICO,66,22233.702,36240,10125.888333,88.555,0.373333,2,0,true,true,95.454545,95.238095,23832,3940,95.052083,,,,,,66,true,75.066667,3d03h04min,2026-04-04T03:04,1200300200025,PRIORIZADO_4H,2026-04-04T03:04,2,51.70975
BASE,COLAPSO_LOGISTICO-CRITICA-N04,COLAPSO_LOGISTICO,CRITICA,4,0,96,GENETICO,57,25949.8251,45300,10056.863333,56.863333,0,2,0,true,true,96.491228,97.5,19858,3050,75,,,,,,57,true,101.683333,4d05h41min,2026-04-05T05:41,1200400300035,PRIORIZADO_18H,2026-04-05T05:41,2,59.466212
BASE,COLAPSO_LOGISTICO-CRITICA-N04,COLAPSO_LOGISTICO,CRITICA,4,0,96,RECOCIDO_SIMULADO,57,4916.6872,22145,10065.76,65.76,0,2,0,true,true,96.491228,97.5,19726,3262,75,148.606495,,,,,57,true,101.683333,4d05h41min,2026-04-05T05:41,1200400300035,PRIORIZADO_18H,2026-04-05T05:41,2,59.466212
BASE,COLAPSO_LOGISTICO-CRITICA-N04,COLAPSO_LOGISTICO,CRITICA,4,1,97,RECOCIDO_SIMULADO,57,4677.5159,20545,10070.888333,70.888333,0,2,0,true,true,96.491228,97.5,19552,3012,75,404.877635,,,,,57,true,101.683333,4d05h41min,2026-04-05T05:41,1200400300035,PRIORIZADO_18H,2026-04-05T05:41,2,59.466212
BASE,COLAPSO_LOGISTICO-CRITICA-N04,COLAPSO_LOGISTICO,CRITICA,4,1,97,GENETICO,57,22817.7515,45300,10056.863333,56.863333,0,2,0,true,true,96.491228,97.5,19016,2968,75,,,,,,57,true,101.683333,4d05h41min,2026-04-05T05:41,1200400300035,PRIORIZADO_18H,2026-04-05T05:41,2,59.466212
BASE,COLAPSO_LOGISTICO-CRITICA-N04,COLAPSO_LOGISTICO,CRITICA,4,2,98,GENETICO,57,24419.1195,45300,10056.863333,56.863333,0,2,0,true,true,96.491228,97.5,17462,2674,75,,,,,,57,true,101.683333,4d05h41min,2026-04-05T05:41,1200400300035,PRIORIZADO_18H,2026-04-05T05:41,2,59.466212
BASE,COLAPSO_LOGISTICO-CRITICA-N04,COLAPSO_LOGISTICO,CRITICA,4,2,98,RECOCIDO_SIMULADO,57,5018.3872,22425,10067.968333,67.968333,0,2,0,true,true,96.491228,97.5,19572,3102,75,480.749293,,,,,57,true,101.683333,4d05h41min,2026-04-05T05:41,1200400300035,PRIORIZADO_18H,2026-04-05T05:41,2,59.466212
BASE,COLAPSO_LOGISTICO-CRITICA-N04,COLAPSO_LOGISTICO,CRITICA,4,3,99,RECOCIDO_SIMULADO,57,5105.156,22705,10069.785,69.785,0,2,0,true,true,96.491228,97.5,19300,3102,75,345.13554,,,,,57,true,101.683333,4d05h41min,2026-04-05T05:41,1200400300035,PRIORIZADO_18H,2026-04-05T05:41,2,59.466212
BASE,COLAPSO_LOGISTICO-CRITICA-N04,COLAPSO_LOGISTICO,CRITICA,4,3,99,GENETICO,57,22960.0958,45300,10056.158333,56.158333,0,2,0,true,true,96.491228,97.5,17644,2704,75,,,,,,57,true,101.683333,4d05h41min,2026-04-05T05:41,1200400300035,PRIORIZADO_18H,2026-04-05T05:41,2,59.466212
BASE,COLAPSO_LOGISTICO-CRITICA-N04,COLAPSO_LOGISTICO,CRITICA,4,4,100,GENETICO,57,21439.1162,45300,10056.863333,56.863333,0,2,0,true,true,96.491228,97.5,18790,2980,75,,,,,,57,true,101.683333,4d05h41min,2026-04-05T05:41,1200400300035,PRIORIZADO_18H,2026-04-05T05:41,2,59.466212
BASE,COLAPSO_LOGISTICO-CRITICA-N04,COLAPSO_LOGISTICO,CRITICA,4,4,100,RECOCIDO_SIMULADO,57,5030.8337,22065,10061.79,61.79,0,2,0,true,true,96.491228,97.5,19434,3160,75,271.529373,,,,,57,true,101.683333,4d05h41min,2026-04-05T05:41,1200400300035,PRIORIZADO_18H,2026-04-05T05:41,2,59.466212
BASE,COLAPSO_LOGISTICO-CRITICA-N04,COLAPSO_LOGISTICO,CRITICA,4,5,101,RECOCIDO_SIMULADO,57,4373.078,19785,10061.986667,61.986667,0,2,0,true,true,96.491228,97.5,19476,2984,75,68.70923,,,,,57,true,101.683333,4d05h41min,2026-04-05T05:41,1200400300035,PRIORIZADO_18H,2026-04-05T05:41,2,59.466212
BASE,COLAPSO_LOGISTICO-CRITICA-N04,COLAPSO_LOGISTICO,CRITICA,4,5,101,GENETICO,57,24995.9372,45300,10056.158333,56.158333,0,2,0,true,true,96.491228,97.5,19010,3008,75,,,,,,57,true,101.683333,4d05h41min,2026-04-05T05:41,1200400300035,PRIORIZADO_18H,2026-04-05T05:41,2,59.466212
BASE,COLAPSO_LOGISTICO-CRITICA-N04,COLAPSO_LOGISTICO,CRITICA,4,6,102,GENETICO,57,22462.5785,45300,10056.863333,56.863333,0,2,0,true,true,96.491228,97.5,19558,2966,75,,,,,,57,true,101.683333,4d05h41min,2026-04-05T05:41,1200400300035,PRIORIZADO_18H,2026-04-05T05:41,2,59.466212
BASE,COLAPSO_LOGISTICO-CRITICA-N04,COLAPSO_LOGISTICO,CRITICA,4,6,102,RECOCIDO_SIMULADO,57,5079.1787,22745,10063.866667,63.866667,0,2,0,true,true,96.491228,97.5,20896,3148,75,324.680377,,,,,57,true,101.683333,4d05h41min,2026-04-05T05:41,1200400300035,PRIORIZADO_18H,2026-04-05T05:41,2,59.466212
BASE,COLAPSO_LOGISTICO-CRITICA-N04,COLAPSO_LOGISTICO,CRITICA,4,7,103,RECOCIDO_SIMULADO,57,5019.2009,22265,10067.606667,67.606667,0,2,0,true,true,96.491228,97.5,19510,3202,75,334.963139,,,,,57,true,101.683333,4d05h41min,2026-04-05T05:41,1200400300035,PRIORIZADO_18H,2026-04-05T05:41,2,59.466212
BASE,COLAPSO_LOGISTICO-CRITICA-N04,COLAPSO_LOGISTICO,CRITICA,4,7,103,GENETICO,57,22186.102,45300,10056.158333,56.158333,0,2,0,true,true,96.491228,97.5,19958,3148,75,,,,,,57,true,101.683333,4d05h41min,2026-04-05T05:41,1200400300035,PRIORIZADO_18H,2026-04-05T05:41,2,59.466212
BASE,COLAPSO_LOGISTICO-CRITICA-N04,COLAPSO_LOGISTICO,CRITICA,4,8,104,GENETICO,57,21900.7862,45300,10056.158333,56.158333,0,2,0,true,true,96.491228,97.5,18558,2920,75,,,,,,57,true,101.683333,4d05h41min,2026-04-05T05:41,1200400300035,PRIORIZADO_18H,2026-04-05T05:41,2,59.466212
BASE,COLAPSO_LOGISTICO-CRITICA-N04,COLAPSO_LOGISTICO,CRITICA,4,8,104,RECOCIDO_SIMULADO,57,5014.63,22185,10061.785,61.785,0,2,0,true,true,96.491228,97.5,19002,3184,75,274.883441,,,,,57,true,101.683333,4d05h41min,2026-04-05T05:41,1200400300035,PRIORIZADO_18H,2026-04-05T05:41,2,59.466212
BASE,COLAPSO_LOGISTICO-CRITICA-N04,COLAPSO_LOGISTICO,CRITICA,4,9,105,RECOCIDO_SIMULADO,57,4868.8182,21865,10064.78,64.78,0,2,0,true,true,96.491228,97.5,18470,2958,75,162.925038,,,,,57,true,101.683333,4d05h41min,2026-04-05T05:41,1200400300035,PRIORIZADO_18H,2026-04-05T05:41,2,59.466212
BASE,COLAPSO_LOGISTICO-CRITICA-N04,COLAPSO_LOGISTICO,CRITICA,4,9,105,GENETICO,57,26059.8073,45300,10056.158333,56.158333,0,2,0,true,true,96.491228,97.5,20556,3142,75,,,,,,57,true,101.683333,4d05h41min,2026-04-05T05:41,1200400300035,PRIORIZADO_18H,2026-04-05T05:41,2,59.466212
BASE,COLAPSO_LOGISTICO-CRITICA-N04,COLAPSO_LOGISTICO,CRITICA,4,10,106,GENETICO,57,24665.1106,45300,10056.158333,56.158333,0,2,0,true,true,96.491228,97.5,18826,3020,75,,,,,,57,true,101.683333,4d05h41min,2026-04-05T05:41,1200400300035,PRIORIZADO_18H,2026-04-05T05:41,2,59.466212
BASE,COLAPSO_LOGISTICO-CRITICA-N04,COLAPSO_LOGISTICO,CRITICA,4,10,106,RECOCIDO_SIMULADO,57,5049.8361,22625,10061.526667,61.526667,0,2,0,true,true,96.491228,97.5,20158,3154,75,275.909407,,,,,57,true,101.683333,4d05h41min,2026-04-05T05:41,1200400300035,PRIORIZADO_18H,2026-04-05T05:41,2,59.466212
BASE,COLAPSO_LOGISTICO-CRITICA-N04,COLAPSO_LOGISTICO,CRITICA,4,11,107,RECOCIDO_SIMULADO,57,4860.462,21985,10061.9,61.9,0,2,0,true,true,96.491228,97.5,19916,3062,75,114.288103,,,,,57,true,101.683333,4d05h41min,2026-04-05T05:41,1200400300035,PRIORIZADO_18H,2026-04-05T05:41,2,59.466212
BASE,COLAPSO_LOGISTICO-CRITICA-N04,COLAPSO_LOGISTICO,CRITICA,4,11,107,GENETICO,57,22233.7184,45300,10056.863333,56.863333,0,2,0,true,true,96.491228,97.5,18870,2842,75,,,,,,57,true,101.683333,4d05h41min,2026-04-05T05:41,1200400300035,PRIORIZADO_18H,2026-04-05T05:41,2,59.466212
BASE,COLAPSO_LOGISTICO-CRITICA-N04,COLAPSO_LOGISTICO,CRITICA,4,12,108,GENETICO,57,22963.6349,45300,10056.863333,56.863333,0,2,0,true,true,96.491228,97.5,19112,2900,75,,,,,,57,true,101.683333,4d05h41min,2026-04-05T05:41,1200400300035,PRIORIZADO_18H,2026-04-05T05:41,2,59.466212
BASE,COLAPSO_LOGISTICO-CRITICA-N04,COLAPSO_LOGISTICO,CRITICA,4,12,108,RECOCIDO_SIMULADO,57,4577.4266,20185,10062.568333,62.568333,0,2,0,true,true,96.491228,97.5,19308,3038,75,219.469191,,,,,57,true,101.683333,4d05h41min,2026-04-05T05:41,1200400300035,PRIORIZADO_18H,2026-04-05T05:41,2,59.466212
BASE,COLAPSO_LOGISTICO-CRITICA-N04,COLAPSO_LOGISTICO,CRITICA,4,13,109,RECOCIDO_SIMULADO,57,4831.9705,21345,10066.173333,66.173333,0,2,0,true,true,96.491228,97.5,21760,3330,75,247.955404,,,,,57,true,101.683333,4d05h41min,2026-04-05T05:41,1200400300035,PRIORIZADO_18H,2026-04-05T05:41,2,59.466212
BASE,COLAPSO_LOGISTICO-CRITICA-N04,COLAPSO_LOGISTICO,CRITICA,4,13,109,GENETICO,57,23360.1537,45300,10056.863333,56.863333,0,2,0,true,true,96.491228,97.5,19060,3006,75,,,,,,57,true,101.683333,4d05h41min,2026-04-05T05:41,1200400300035,PRIORIZADO_18H,2026-04-05T05:41,2,59.466212
BASE,COLAPSO_LOGISTICO-CRITICA-N04,COLAPSO_LOGISTICO,CRITICA,4,14,110,GENETICO,57,25489.9522,45300,10056.158333,56.158333,0,2,0,true,true,96.491228,97.5,18734,2858,75,,,,,,57,true,101.683333,4d05h41min,2026-04-05T05:41,1200400300035,PRIORIZADO_18H,2026-04-05T05:41,2,59.466212
BASE,COLAPSO_LOGISTICO-CRITICA-N04,COLAPSO_LOGISTICO,CRITICA,4,14,110,RECOCIDO_SIMULADO,57,5085.3093,22145,10067.396667,67.396667,0,2,0,true,true,96.491228,97.5,19708,3164,75,177.512756,,,,,57,true,101.683333,4d05h41min,2026-04-05T05:41,1200400300035,PRIORIZADO_18H,2026-04-05T05:41,2,59.466212
BASE,COLAPSO_LOGISTICO-CRITICA-N04,COLAPSO_LOGISTICO,CRITICA,4,15,111,RECOCIDO_SIMULADO,57,4835.3616,21145,10063.471667,63.471667,0,2,0,true,true,96.491228,97.5,20180,3330,75,130.489573,,,,,57,true,101.683333,4d05h41min,2026-04-05T05:41,1200400300035,PRIORIZADO_18H,2026-04-05T05:41,2,59.466212
BASE,COLAPSO_LOGISTICO-CRITICA-N04,COLAPSO_LOGISTICO,CRITICA,4,15,111,GENETICO,57,24666.7204,45300,10056.863333,56.863333,0,2,0,true,true,96.491228,97.5,19724,3050,75,,,,,,57,true,101.683333,4d05h41min,2026-04-05T05:41,1200400300035,PRIORIZADO_18H,2026-04-05T05:41,2,59.466212
BASE,COLAPSO_LOGISTICO-CRITICA-N04,COLAPSO_LOGISTICO,CRITICA,4,16,112,GENETICO,57,22162.2856,45300,10056.863333,56.863333,0,2,0,true,true,96.491228,97.5,19556,3110,75,,,,,,57,true,101.683333,4d05h41min,2026-04-05T05:41,1200400300035,PRIORIZADO_18H,2026-04-05T05:41,2,59.466212
BASE,COLAPSO_LOGISTICO-CRITICA-N04,COLAPSO_LOGISTICO,CRITICA,4,16,112,RECOCIDO_SIMULADO,57,4565.4832,20105,10063.31,63.31,0,2,0,true,true,96.491228,97.5,20370,3138,75,151.689866,,,,,57,true,101.683333,4d05h41min,2026-04-05T05:41,1200400300035,PRIORIZADO_18H,2026-04-05T05:41,2,59.466212
BASE,COLAPSO_LOGISTICO-CRITICA-N04,COLAPSO_LOGISTICO,CRITICA,4,17,113,RECOCIDO_SIMULADO,57,4826.4298,21105,10060.266667,60.266667,0,2,0,true,true,96.491228,97.5,20036,3090,75,203.669685,,,,,57,true,101.683333,4d05h41min,2026-04-05T05:41,1200400300035,PRIORIZADO_18H,2026-04-05T05:41,2,59.466212
BASE,COLAPSO_LOGISTICO-CRITICA-N04,COLAPSO_LOGISTICO,CRITICA,4,17,113,GENETICO,57,23144.9646,45300,10056.158333,56.158333,0,2,0,true,true,96.491228,97.5,17418,2746,75,,,,,,57,true,101.683333,4d05h41min,2026-04-05T05:41,1200400300035,PRIORIZADO_18H,2026-04-05T05:41,2,59.466212
BASE,COLAPSO_LOGISTICO-CRITICA-N05,COLAPSO_LOGISTICO,CRITICA,5,0,114,GENETICO,42,16388.8069,27180,15040.123333,40.123333,0,3,0,true,true,92.857143,93.103448,15538,2124,56.188119,,,,,,42,true,69.3,2d21h18min,2026-04-03T21:18,1200500200010,PRIORIZADO_4H,2026-04-03T21:18,3,44.965
BASE,COLAPSO_LOGISTICO-CRITICA-N05,COLAPSO_LOGISTICO,CRITICA,5,0,114,RECOCIDO_SIMULADO,42,2189.9757,10103,15043.823333,43.823333,0,3,0,true,true,92.857143,93.103448,15110,2388,56.188119,87.363931,,,,,42,true,69.3,2d21h18min,2026-04-03T21:18,1200500200010,PRIORIZADO_4H,2026-04-03T21:18,3,44.965
BASE,COLAPSO_LOGISTICO-CRITICA-N05,COLAPSO_LOGISTICO,CRITICA,5,1,115,RECOCIDO_SIMULADO,42,2512.0476,11583,15041.853333,41.853333,0,3,0,true,true,92.857143,93.103448,15736,2260,56.188119,192.097771,,,,,42,true,69.3,2d21h18min,2026-04-03T21:18,1200500200010,PRIORIZADO_4H,2026-04-03T21:18,3,44.965
BASE,COLAPSO_LOGISTICO-CRITICA-N05,COLAPSO_LOGISTICO,CRITICA,5,1,115,GENETICO,42,15344.0014,27180,15040.033333,40.033333,0,3,0,true,true,92.857143,93.103448,14836,2030,56.188119,,,,,,42,true,69.3,2d21h18min,2026-04-03T21:18,1200500200010,PRIORIZADO_4H,2026-04-03T21:18,3,44.965
BASE,COLAPSO_LOGISTICO-CRITICA-N05,COLAPSO_LOGISTICO,CRITICA,5,2,116,GENETICO,42,15941.5819,27180,15040.123333,40.123333,0,3,0,true,true,92.857143,93.103448,13716,1816,56.188119,,,,,,42,true,69.3,2d21h18min,2026-04-03T21:18,1200500200010,PRIORIZADO_4H,2026-04-03T21:18,3,44.965
BASE,COLAPSO_LOGISTICO-CRITICA-N05,COLAPSO_LOGISTICO,CRITICA,5,2,116,RECOCIDO_SIMULADO,42,2287.0291,10863,15044.965,44.965,0,3,0,true,true,92.857143,93.103448,16018,2370,56.188119,59.787186,,,,,42,true,69.3,2d21h18min,2026-04-03T21:18,1200500200010,PRIORIZADO_4H,2026-04-03T21:18,3,44.965
BASE,COLAPSO_LOGISTICO-CRITICA-N05,COLAPSO_LOGISTICO,CRITICA,5,3,117,RECOCIDO_SIMULADO,42,2325.5972,11103,15043.6,43.6,0,3,0,true,true,92.857143,93.103448,14772,2108,56.188119,78.457451,,,,,42,true,69.3,2d21h18min,2026-04-03T21:18,1200500200010,PRIORIZADO_4H,2026-04-03T21:18,3,44.965
BASE,COLAPSO_LOGISTICO-CRITICA-N05,COLAPSO_LOGISTICO,CRITICA,5,3,117,GENETICO,42,15397.8799,27180,15040.033333,40.033333,0,3,0,true,true,92.857143,93.103448,15212,2060,56.188119,,,,,,42,true,69.3,2d21h18min,2026-04-03T21:18,1200500200010,PRIORIZADO_4H,2026-04-03T21:18,3,44.965
BASE,COLAPSO_LOGISTICO-CRITICA-N05,COLAPSO_LOGISTICO,CRITICA,5,4,118,GENETICO,42,15462.4776,27180,15040.123333,40.123333,0,3,0,true,true,92.857143,93.103448,15556,2156,56.188119,,,,,,42,true,69.3,2d21h18min,2026-04-03T21:18,1200500200010,PRIORIZADO_4H,2026-04-03T21:18,3,44.965
BASE,COLAPSO_LOGISTICO-CRITICA-N05,COLAPSO_LOGISTICO,CRITICA,5,4,118,RECOCIDO_SIMULADO,42,2559.3052,11783,15047.751667,47.751667,0,3,0,true,true,92.857143,93.103448,15808,2250,56.188119,219.530567,,,,,42,true,69.3,2d21h18min,2026-04-03T21:18,1200500200010,PRIORIZADO_4H,2026-04-03T21:18,3,44.965
BASE,COLAPSO_LOGISTICO-CRITICA-N05,COLAPSO_LOGISTICO,CRITICA,5,5,119,RECOCIDO_SIMULADO,42,2494.1882,11503,15042.541667,42.541667,0,3,0,true,true,92.857143,93.103448,14872,2136,56.188119,249.104167,,,,,42,true,69.3,2d21h18min,2026-04-03T21:18,1200500200010,PRIORIZADO_4H,2026-04-03T21:18,3,44.965
BASE,COLAPSO_LOGISTICO-CRITICA-N05,COLAPSO_LOGISTICO,CRITICA,5,5,119,GENETICO,42,15938.8218,27180,15040.033333,40.033333,0,3,0,true,true,92.857143,93.103448,14540,1900,56.188119,,,,,,42,true,69.3,2d21h18min,2026-04-03T21:18,1200500200010,PRIORIZADO_4H,2026-04-03T21:18,3,44.965
BASE,COLAPSO_LOGISTICO-CRITICA-N05,COLAPSO_LOGISTICO,CRITICA,5,6,120,GENETICO,42,16426.4032,27180,15040.123333,40.123333,0,3,0,true,true,92.857143,93.103448,14776,1904,56.188119,,,,,,42,true,69.3,2d21h18min,2026-04-03T21:18,1200500200010,PRIORIZADO_4H,2026-04-03T21:18,3,44.965
BASE,COLAPSO_LOGISTICO-CRITICA-N05,COLAPSO_LOGISTICO,CRITICA,5,6,120,RECOCIDO_SIMULADO,42,2363.6656,10703,15042.026667,42.026667,0,3,0,true,true,92.857143,93.103448,15874,2318,56.188119,143.469772,,,,,42,true,69.3,2d21h18min,2026-04-03T21:18,1200500200010,PRIORIZADO_4H,2026-04-03T21:18,3,44.965
BASE,COLAPSO_LOGISTICO-CRITICA-N05,COLAPSO_LOGISTICO,CRITICA,5,7,121,RECOCIDO_SIMULADO,42,2468.6643,11703,15043.078333,43.078333,0,3,0,true,true,92.857143,93.103448,15844,2402,56.188119,133.810876,,,,,42,true,69.3,2d21h18min,2026-04-03T21:18,1200500200010,PRIORIZADO_4H,2026-04-03T21:18,3,44.965
BASE,COLAPSO_LOGISTICO-CRITICA-N05,COLAPSO_LOGISTICO,CRITICA,5,7,121,GENETICO,42,14245.0779,27180,15040.033333,40.033333,0,3,0,true,true,92.857143,93.103448,13646,1846,56.188119,,,,,,42,true,69.3,2d21h18min,2026-04-03T21:18,1200500200010,PRIORIZADO_4H,2026-04-03T21:18,3,44.965
BASE,COLAPSO_LOGISTICO-CRITICA-N05,COLAPSO_LOGISTICO,CRITICA,5,8,122,GENETICO,42,15652.399,27180,15040.123333,40.123333,0,3,0,true,true,92.857143,93.103448,14926,2100,56.188119,,,,,,42,true,69.3,2d21h18min,2026-04-03T21:18,1200500200010,PRIORIZADO_4H,2026-04-03T21:18,3,44.965
BASE,COLAPSO_LOGISTICO-CRITICA-N05,COLAPSO_LOGISTICO,CRITICA,5,8,122,RECOCIDO_SIMULADO,42,2397.9435,10943,15041.178333,41.178333,0,3,0,true,true,92.857143,93.103448,16364,2534,56.188119,149.398057,,,,,42,true,69.3,2d21h18min,2026-04-03T21:18,1200500200010,PRIORIZADO_4H,2026-04-03T21:18,3,44.965
BASE,COLAPSO_LOGISTICO-CRITICA-N05,COLAPSO_LOGISTICO,CRITICA,5,9,123,RECOCIDO_SIMULADO,42,2295.0601,10703,15042.416667,42.416667,0,3,0,true,true,92.857143,93.103448,15518,2344,56.188119,80.448674,,,,,42,true,69.3,2d21h18min,2026-04-03T21:18,1200500200010,PRIORIZADO_4H,2026-04-03T21:18,3,44.965
BASE,COLAPSO_LOGISTICO-CRITICA-N05,COLAPSO_LOGISTICO,CRITICA,5,9,123,GENETICO,42,13911.8388,27180,15040.033333,40.033333,0,3,0,true,true,92.857143,93.103448,15914,2204,56.188119,,,,,,42,true,69.3,2d21h18min,2026-04-03T21:18,1200500200010,PRIORIZADO_4H,2026-04-03T21:18,3,44.965
BASE,COLAPSO_LOGISTICO-CRITICA-N05,COLAPSO_LOGISTICO,CRITICA,5,10,124,GENETICO,42,14283.3475,27180,15040.123333,40.123333,0,3,0,true,true,92.857143,93.103448,14680,1952,56.188119,,,,,,42,true,69.3,2d21h18min,2026-04-03T21:18,1200500200010,PRIORIZADO_4H,2026-04-03T21:18,3,44.965
BASE,COLAPSO_LOGISTICO-CRITICA-N05,COLAPSO_LOGISTICO,CRITICA,5,10,124,RECOCIDO_SIMULADO,42,2421.7736,11023,15043.001667,43.001667,0,3,0,true,true,92.857143,93.103448,15834,2320,56.188119,193.610155,,,,,42,true,69.3,2d21h18min,2026-04-03T21:18,1200500200010,PRIORIZADO_4H,2026-04-03T21:18,3,44.965
BASE,COLAPSO_LOGISTICO-CRITICA-N05,COLAPSO_LOGISTICO,CRITICA,5,11,125,RECOCIDO_SIMULADO,42,2383.6179,11103,15041.368333,41.368333,0,3,0,true,true,92.857143,93.103448,16428,2520,56.188119,144.227441,,,,,42,true,69.3,2d21h18min,2026-04-03T21:18,1200500200010,PRIORIZADO_4H,2026-04-03T21:18,3,44.965
BASE,COLAPSO_LOGISTICO-CRITICA-N05,COLAPSO_LOGISTICO,CRITICA,5,11,125,GENETICO,42,13733.8581,27180,15040.033333,40.033333,0,3,0,true,true,92.857143,93.103448,15584,2196,56.188119,,,,,,42,true,69.3,2d21h18min,2026-04-03T21:18,1200500200010,PRIORIZADO_4H,2026-04-03T21:18,3,44.965
BASE,COLAPSO_LOGISTICO-CRITICA-N05,COLAPSO_LOGISTICO,CRITICA,5,12,126,GENETICO,42,14800.0856,27180,15040.033333,40.033333,0,3,0,true,true,92.857143,93.103448,14496,2024,56.188119,,,,,,42,true,69.3,2d21h18min,2026-04-03T21:18,1200500200010,PRIORIZADO_4H,2026-04-03T21:18,3,44.965
BASE,COLAPSO_LOGISTICO-CRITICA-N05,COLAPSO_LOGISTICO,CRITICA,5,12,126,RECOCIDO_SIMULADO,42,2285.5738,10943,15042.16,42.16,0,3,0,true,true,92.857143,93.103448,14700,2204,56.188119,97.551688,,,,,42,true,69.3,2d21h18min,2026-04-03T21:18,1200500200010,PRIORIZADO_4H,2026-04-03T21:18,3,44.965
BASE,COLAPSO_LOGISTICO-CRITICA-N05,COLAPSO_LOGISTICO,CRITICA,5,13,127,RECOCIDO_SIMULADO,42,2388.9059,11423,15042.17,42.17,0,3,0,true,true,92.857143,93.103448,16154,2314,56.188119,110.148014,,,,,42,true,69.3,2d21h18min,2026-04-03T21:18,1200500200010,PRIORIZADO_4H,2026-04-03T21:18,3,44.965
BASE,COLAPSO_LOGISTICO-CRITICA-N05,COLAPSO_LOGISTICO,CRITICA,5,13,127,GENETICO,42,16390.5067,27180,15040.033333,40.033333,0,3,0,true,true,92.857143,93.103448,15650,2048,56.188119,,,,,,42,true,69.3,2d21h18min,2026-04-03T21:18,1200500200010,PRIORIZADO_4H,2026-04-03T21:18,3,44.965
BASE,COLAPSO_LOGISTICO-CRITICA-N05,COLAPSO_LOGISTICO,CRITICA,5,14,128,GENETICO,42,14897.1539,27180,15040.123333,40.123333,0,3,0,true,true,92.857143,93.103448,14450,1984,56.188119,,,,,,42,true,69.3,2d21h18min,2026-04-03T21:18,1200500200010,PRIORIZADO_4H,2026-04-03T21:18,3,44.965
BASE,COLAPSO_LOGISTICO-CRITICA-N05,COLAPSO_LOGISTICO,CRITICA,5,14,128,RECOCIDO_SIMULADO,42,2385.051,11183,15042.976667,42.976667,0,3,0,true,true,92.857143,93.103448,15106,2394,56.188119,145.759773,,,,,42,true,69.3,2d21h18min,2026-04-03T21:18,1200500200010,PRIORIZADO_4H,2026-04-03T21:18,3,44.965
BASE,COLAPSO_LOGISTICO-CRITICA-N05,COLAPSO_LOGISTICO,CRITICA,5,15,129,RECOCIDO_SIMULADO,42,2327.048,11063,15044.081667,44.081667,0,3,0,true,true,92.857143,93.103448,15884,2310,56.188119,86.296933,,,,,42,true,69.3,2d21h18min,2026-04-03T21:18,1200500200010,PRIORIZADO_4H,2026-04-03T21:18,3,44.965
BASE,COLAPSO_LOGISTICO-CRITICA-N05,COLAPSO_LOGISTICO,CRITICA,5,15,129,GENETICO,42,14943.8338,27180,15040.123333,40.123333,0,3,0,true,true,92.857143,93.103448,13708,1750,56.188119,,,,,,42,true,69.3,2d21h18min,2026-04-03T21:18,1200500200010,PRIORIZADO_4H,2026-04-03T21:18,3,44.965
BASE,COLAPSO_LOGISTICO-CRITICA-N05,COLAPSO_LOGISTICO,CRITICA,5,16,130,GENETICO,42,14507.5584,27180,15040.123333,40.123333,0,3,0,true,true,92.857143,93.103448,16266,2152,56.188119,,,,,,42,true,69.3,2d21h18min,2026-04-03T21:18,1200500200010,PRIORIZADO_4H,2026-04-03T21:18,3,44.965
BASE,COLAPSO_LOGISTICO-CRITICA-N05,COLAPSO_LOGISTICO,CRITICA,5,16,130,RECOCIDO_SIMULADO,42,2354.1745,11423,15047.176667,47.176667,0,3,0,true,true,92.857143,93.103448,15046,2330,56.188119,69.480504,,,,,42,true,69.3,2d21h18min,2026-04-03T21:18,1200500200010,PRIORIZADO_4H,2026-04-03T21:18,3,44.965
BASE,COLAPSO_LOGISTICO-CRITICA-N05,COLAPSO_LOGISTICO,CRITICA,5,17,131,RECOCIDO_SIMULADO,42,2455.8751,11263,15042.975,42.975,0,3,0,true,true,92.857143,93.103448,16570,2418,56.188119,202.472277,,,,,42,true,69.3,2d21h18min,2026-04-03T21:18,1200500200010,PRIORIZADO_4H,2026-04-03T21:18,3,44.965
BASE,COLAPSO_LOGISTICO-CRITICA-N05,COLAPSO_LOGISTICO,CRITICA,5,17,131,GENETICO,42,15979.8625,27180,15040.033333,40.033333,0,3,0,true,true,92.857143,93.103448,14186,2004,56.188119,,,,,,42,true,69.3,2d21h18min,2026-04-03T21:18,1200500200010,PRIORIZADO_4H,2026-04-03T21:18,3,44.965
