variante,escenario,escenario_operativo,perfil_presion,instancia,algoritmo,tamanio,corridas,factibles_pct,metrica,media,mediana,desviacion_muestral,mejor,peor
BASE,OPERACION_DIARIA-NORMAL-N01,OPERACION_DIARIA,NORMAL,1,GENETICO,28,18,100,utilizacionPct,36.029412,36.029412,0,36.029412,36.029412
BASE,OPERACION_DIARIA-NORMAL-N01,OPERACION_DIARIA,NORMAL,1,GENETICO,28,18,100,distanciaKm,1408,1405,82.442137,1286,1558
BASE,OPERACION_DIARIA-NORMAL-N01,OPERACION_DIARIA,NORMAL,1,GENETICO,28,18,100,tiempoMs,3549.597556,3471.3741,471.025159,2658.7935,4255.5481
BASE,OPERACION_DIARIA-NORMAL-N01,OPERACION_DIARIA,NORMAL,1,GENETICO,28,18,100,evaluaciones,9060,9060,0,9060,9060
BASE,OPERACION_DIARIA-NORMAL-N01,OPERACION_DIARIA,NORMAL,1,GENETICO,28,18,100,cumplimientoPct,100,100,0,100,100
BASE,OPERACION_DIARIA-NORMAL-N01,OPERACION_DIARIA,NORMAL,1,GENETICO,28,18,100,costo,11200.777778,11208,618.077147,10288,12464
BASE,OPERACION_DIARIA-NORMAL-N01,OPERACION_DIARIA,NORMAL,1,GENETICO,28,18,100,retrasoHoras,0,0,0,0,0
BASE,OPERACION_DIARIA-NORMAL-N01,OPERACION_DIARIA,NORMAL,1,GENETICO,28,18,100,tiempoAtencionHoras,28,28,0,28,28
BASE,OPERACION_DIARIA-NORMAL-N01,OPERACION_DIARIA,NORMAL,1,GENETICO,28,18,100,cumplimientoPrioritariosPct,100,100,0,100,100
BASE,OPERACION_DIARIA-NORMAL-N01,OPERACION_DIARIA,NORMAL,1,GENETICO,28,18,100,noAsignados,0,0,0,0,0
BASE,OPERACION_DIARIA-NORMAL-N01,OPERACION_DIARIA,NORMAL,1,GENETICO,28,18,100,objetivo,28,28,0,28,28
BASE,OPERACION_DIARIA-NORMAL-N01,OPERACION_DIARIA,NORMAL,1,RECOCIDO_SIMULADO,28,18,100,utilizacionPct,36.029412,36.029412,0,36.029412,36.029412
BASE,OPERACION_DIARIA-NORMAL-N01,OPERACION_DIARIA,NORMAL,1,RECOCIDO_SIMULADO,28,18,100,distanciaKm,1324.111111,1314,13.042414,1314,1340
BASE,OPERACION_DIARIA-NORMAL-N01,OPERACION_DIARIA,NORMAL,1,RECOCIDO_SIMULADO,28,18,100,tiempoMs,575.816456,590.97955,55.031505,463.3443,653.5587
BASE,OPERACION_DIARIA-NORMAL-N01,OPERACION_DIARIA,NORMAL,1,RECOCIDO_SIMULADO,28,18,100,evaluaciones,4689.888889,4801,458.910332,3741,5341
BASE,OPERACION_DIARIA-NORMAL-N01,OPERACION_DIARIA,NORMAL,1,RECOCIDO_SIMULADO,28,18,100,cumplimientoPct,100,100,0,100,100
BASE,OPERACION_DIARIA-NORMAL-N01,OPERACION_DIARIA,NORMAL,1,RECOCIDO_SIMULADO,28,18,100,costo,10592.888889,10512,104.339316,10512,10720
BASE,OPERACION_DIARIA-NORMAL-N01,OPERACION_DIARIA,NORMAL,1,RECOCIDO_SIMULADO,28,18,100,retrasoHoras,0,0,0,0,0
BASE,OPERACION_DIARIA-NORMAL-N01,OPERACION_DIARIA,NORMAL,1,RECOCIDO_SIMULADO,28,18,100,tiempoAtencionHoras,28.325,28.325,0,28.325,28.325
BASE,OPERACION_DIARIA-NORMAL-N01,OPERACION_DIARIA,NORMAL,1,RECOCIDO_SIMULADO,28,18,100,cumplimientoPrioritariosPct,100,100,0,100,100
BASE,OPERACION_DIARIA-NORMAL-N01,OPERACION_DIARIA,NORMAL,1,RECOCIDO_SIMULADO,28,18,100,noAsignados,0,0,0,0,0
BASE,OPERACION_DIARIA-NORMAL-N01,OPERACION_DIARIA,NORMAL,1,RECOCIDO_SIMULADO,28,18,100,objetivo,28.325,28.325,0,28.325,28.325
BASE,OPERACION_DIARIA-NORMAL-N02,OPERACION_DIARIA,NORMAL,2,GENETICO,27,18,100,utilizacionPct,36.029412,36.029412,0,36.029412,36.029412
BASE,OPERACION_DIARIA-NORMAL-N02,OPERACION_DIARIA,NORMAL,2,GENETICO,27,18,100,distanciaKm,1482.555556,1471,118.468274,1244,1674
BASE,OPERACION_DIARIA-NORMAL-N02,OPERACION_DIARIA,NORMAL,2,GENETICO,27,18,100,tiempoMs,3872.779561,3913.2588,453.863788,3220.5617,4905.5944
BASE,OPERACION_DIARIA-NORMAL-N02,OPERACION_DIARIA,NORMAL,2,GENETICO,27,18,100,evaluaciones,9060,9060,0,9060,9060
BASE,OPERACION_DIARIA-NORMAL-N02,OPERACION_DIARIA,NORMAL,2,GENETICO,27,18,100,cumplimientoPct,100,100,0,100,100
BASE,OPERACION_DIARIA-NORMAL-N02,OPERACION_DIARIA,NORMAL,2,GENETICO,27,18,100,costo,11738,11657,856.168208,9952,13322
BASE,OPERACION_DIARIA-NORMAL-N02,OPERACION_DIARIA,NORMAL,2,GENETICO,27,18,100,retrasoHoras,0,0,0,0,0
BASE,OPERACION_DIARIA-NORMAL-N02,OPERACION_DIARIA,NORMAL,2,GENETICO,27,18,100,tiempoAtencionHoras,27.625,27.625,0,27.625,27.625
BASE,OPERACION_DIARIA-NORMAL-N02,OPERACION_DIARIA,NORMAL,2,GENETICO,27,18,100,cumplimientoPrioritariosPct,100,100,0,100,100
BASE,OPERACION_DIARIA-NORMAL-N02,OPERACION_DIARIA,NORMAL,2,GENETICO,27,18,100,noAsignados,0,0,0,0,0
BASE,OPERACION_DIARIA-NORMAL-N02,OPERACION_DIARIA,NORMAL,2,GENETICO,27,18,100,objetivo,27.625,27.625,0,27.625,27.625
BASE,OPERACION_DIARIA-NORMAL-N02,OPERACION_DIARIA,NORMAL,2,RECOCIDO_SIMULADO,27,18,100,utilizacionPct,36.029412,36.029412,0,36.029412,36.029412
BASE,OPERACION_DIARIA-NORMAL-N02,OPERACION_DIARIA,NORMAL,2,RECOCIDO_SIMULADO,27,18,100,distanciaKm,1494,1494,0,1494,1494
BASE,OPERACION_DIARIA-NORMAL-N02,OPERACION_DIARIA,NORMAL,2,RECOCIDO_SIMULADO,27,18,100,tiempoMs,342.384967,336.88625,28.513383,299.6551,403.857
BASE,OPERACION_DIARIA-NORMAL-N02,OPERACION_DIARIA,NORMAL,2,RECOCIDO_SIMULADO,27,18,100,evaluaciones,2843.222222,2801,226.366583,2501,3341
BASE,OPERACION_DIARIA-NORMAL-N02,OPERACION_DIARIA,NORMAL,2,RECOCIDO_SIMULADO,27,18,100,cumplimientoPct,100,100,0,100,100
BASE,OPERACION_DIARIA-NORMAL-N02,OPERACION_DIARIA,NORMAL,2,RECOCIDO_SIMULADO,27,18,100,costo,11780,11780,0,11780,11780
BASE,OPERACION_DIARIA-NORMAL-N02,OPERACION_DIARIA,NORMAL,2,RECOCIDO_SIMULADO,27,18,100,retrasoHoras,0,0,0,0,0
BASE,OPERACION_DIARIA-NORMAL-N02,OPERACION_DIARIA,NORMAL,2,RECOCIDO_SIMULADO,27,18,100,tiempoAtencionHoras,28.008333,28.008333,0,28.008333,28.008333
BASE,OPERACION_DIARIA-NORMAL-N02,OPERACION_DIARIA,NORMAL,2,RECOCIDO_SIMULADO,27,18,100,cumplimientoPrioritariosPct,100,100,0,100,100
BASE,OPERACION_DIARIA-NORMAL-N02,OPERACION_DIARIA,NORMAL,2,RECOCIDO_SIMULADO,27,18,100,noAsignados,0,0,0,0,0
BASE,OPERACION_DIARIA-NORMAL-N02,OPERACION_DIARIA,NORMAL,2,RECOCIDO_SIMULADO,27,18,100,objetivo,28.008333,28.008333,0,28.008333,28.008333
BASE,OPERACION_DIARIA-NORMAL-N03,OPERACION_DIARIA,NORMAL,3,GENETICO,34,18,100,utilizacionPct,41.666667,41.666667,0,41.666667,41.666667
BASE,OPERACION_DIARIA-NORMAL-N03,OPERACION_DIARIA,NORMAL,3,GENETICO,34,18,100,distanciaKm,1555.777778,1574,79.990849,1372,1712
BASE,OPERACION_DIARIA-NORMAL-N03,OPERACION_DIARIA,NORMAL,3,GENETICO,34,18,100,tiempoMs,5757.923022,5778.67785,328.303377,5077.3297,6245.7173
BASE,OPERACION_DIARIA-NORMAL-N03,OPERACION_DIARIA,NORMAL,3,GENETICO,34,18,100,evaluaciones,9060,9060,0,9060,9060
BASE,OPERACION_DIARIA-NORMAL-N03,OPERACION_DIARIA,NORMAL,3,GENETICO,34,18,100,cumplimientoPct,94.117647,94.117647,0,94.117647,94.117647
BASE,OPERACION_DIARIA-NORMAL-N03,OPERACION_DIARIA,NORMAL,3,GENETICO,34,18,100,costo,11959,11807,713.980145,10828,13172
BASE,OPERACION_DIARIA-NORMAL-N03,OPERACION_DIARIA,NORMAL,3,GENETICO,34,18,100,retrasoHoras,0,0,0,0,0
BASE,OPERACION_DIARIA-NORMAL-N03,OPERACION_DIARIA,NORMAL,3,GENETICO,34,18,100,tiempoAtencionHoras,32,32,0,32,32
BASE,OPERACION_DIARIA-NORMAL-N03,OPERACION_DIARIA,NORMAL,3,GENETICO,34,18,100,cumplimientoPrioritariosPct,88.235294,88.235294,0,88.235294,88.235294
BASE,OPERACION_DIARIA-NORMAL-N03,OPERACION_DIARIA,NORMAL,3,GENETICO,34,18,100,noAsignados,2,2,0,2,2
BASE,OPERACION_DIARIA-NORMAL-N03,OPERACION_DIARIA,NORMAL,3,GENETICO,34,18,100,objetivo,10032,10032,0,10032,10032
BASE,OPERACION_DIARIA-NORMAL-N03,OPERACION_DIARIA,NORMAL,3,RECOCIDO_SIMULADO,34,18,100,utilizacionPct,41.666667,41.666667,0,41.666667,41.666667
BASE,OPERACION_DIARIA-NORMAL-N03,OPERACION_DIARIA,NORMAL,3,RECOCIDO_SIMULADO,34,18,100,distanciaKm,1695.888889,1664,92.861623,1664,1960
BASE,OPERACION_DIARIA-NORMAL-N03,OPERACION_DIARIA,NORMAL,3,RECOCIDO_SIMULADO,34,18,100,tiempoMs,762.193139,729.4283,93.425838,646.8288,926.6376
BASE,OPERACION_DIARIA-NORMAL-N03,OPERACION_DIARIA,NORMAL,3,RECOCIDO_SIMULADO,34,18,100,evaluaciones,3543.222222,3401,412.617977,2981,4301
BASE,OPERACION_DIARIA-NORMAL-N03,OPERACION_DIARIA,NORMAL,3,RECOCIDO_SIMULADO,34,18,100,cumplimientoPct,94.117647,94.117647,0,94.117647,94.117647
BASE,OPERACION_DIARIA-NORMAL-N03,OPERACION_DIARIA,NORMAL,3,RECOCIDO_SIMULADO,34,18,100,costo,13289.111111,13312,67.210721,13080,13312
BASE,OPERACION_DIARIA-NORMAL-N03,OPERACION_DIARIA,NORMAL,3,RECOCIDO_SIMULADO,34,18,100,retrasoHoras,0,0,0,0,0
BASE,OPERACION_DIARIA-NORMAL-N03,OPERACION_DIARIA,NORMAL,3,RECOCIDO_SIMULADO,34,18,100,tiempoAtencionHoras,32.512963,32.533333,0.060985,32.308333,32.533333
BASE,OPERACION_DIARIA-NORMAL-N03,OPERACION_DIARIA,NORMAL,3,RECOCIDO_SIMULADO,34,18,100,cumplimientoPrioritariosPct,88.235294,88.235294,0,88.235294,88.235294
BASE,OPERACION_DIARIA-NORMAL-N03,OPERACION_DIARIA,NORMAL,3,RECOCIDO_SIMULADO,34,18,100,noAsignados,2,2,0,2,2
BASE,OPERACION_DIARIA-NORMAL-N03,OPERACION_DIARIA,NORMAL,3,RECOCIDO_SIMULADO,34,18,100,objetivo,10032.512963,10032.533333,0.060985,10032.308333,10032.533333
BASE,OPERACION_DIARIA-NORMAL-N04,OPERACION_DIARIA,NORMAL,4,GENETICO,27,18,100,utilizacionPct,30.882353,30.882353,0,30.882353,30.882353
BASE,OPERACION_DIARIA-NORMAL-N04,OPERACION_DIARIA,NORMAL,4,GENETICO,27,18,100,distanciaKm,1503.444444,1494,77.528911,1330,1658
BASE,OPERACION_DIARIA-NORMAL-N04,OPERACION_DIARIA,NORMAL,4,GENETICO,27,18,100,tiempoMs,3606.725306,3506.56645,560.046357,2921.9538,5323.7471
BASE,OPERACION_DIARIA-NORMAL-N04,OPERACION_DIARIA,NORMAL,4,GENETICO,27,18,100,evaluaciones,9060,9060,0,9060,9060
BASE,OPERACION_DIARIA-NORMAL-N04,OPERACION_DIARIA,NORMAL,4,GENETICO,27,18,100,cumplimientoPct,100,100,0,100,100
BASE,OPERACION_DIARIA-NORMAL-N04,OPERACION_DIARIA,NORMAL,4,GENETICO,27,18,100,costo,12019.111111,11952,625.561479,10640,13264
BASE,OPERACION_DIARIA-NORMAL-N04,OPERACION_DIARIA,NORMAL,4,GENETICO,27,18,100,retrasoHoras,0,0,0,0,0
BASE,OPERACION_DIARIA-NORMAL-N04,OPERACION_DIARIA,NORMAL,4,GENETICO,27,18,100,tiempoAtencionHoras,27.791667,27.791667,0,27.791667,27.791667
BASE,OPERACION_DIARIA-NORMAL-N04,OPERACION_DIARIA,NORMAL,4,GENETICO,27,18,100,cumplimientoPrioritariosPct,100,100,0,100,100
BASE,OPERACION_DIARIA-NORMAL-N04,OPERACION_DIARIA,NORMAL,4,GENETICO,27,18,100,noAsignados,0,0,0,0,0
BASE,OPERACION_DIARIA-NORMAL-N04,OPERACION_DIARIA,NORMAL,4,GENETICO,27,18,100,objetivo,27.791667,27.791667,0,27.791667,27.791667
BASE,OPERACION_DIARIA-NORMAL-N04,OPERACION_DIARIA,NORMAL,4,RECOCIDO_SIMULADO,27,18,100,utilizacionPct,30.882353,30.882353,0,30.882353,30.882353
BASE,OPERACION_DIARIA-NORMAL-N04,OPERACION_DIARIA,NORMAL,4,RECOCIDO_SIMULADO,27,18,100,distanciaKm,1490,1490,0,1490,1490
BASE,OPERACION_DIARIA-NORMAL-N04,OPERACION_DIARIA,NORMAL,4,RECOCIDO_SIMULADO,27,18,100,tiempoMs,414.487967,408.4692,47.483552,347.124,525.1927
BASE,OPERACION_DIARIA-NORMAL-N04,OPERACION_DIARIA,NORMAL,4,RECOCIDO_SIMULADO,27,18,100,evaluaciones,3432.111111,3421,401.832404,2861,4421
BASE,OPERACION_DIARIA-NORMAL-N04,OPERACION_DIARIA,NORMAL,4,RECOCIDO_SIMULADO,27,18,100,cumplimientoPct,100,100,0,100,100
BASE,OPERACION_DIARIA-NORMAL-N04,OPERACION_DIARIA,NORMAL,4,RECOCIDO_SIMULADO,27,18,100,costo,11920,11920,0,11920,11920
BASE,OPERACION_DIARIA-NORMAL-N04,OPERACION_DIARIA,NORMAL,4,RECOCIDO_SIMULADO,27,18,100,retrasoHoras,0,0,0,0,0
BASE,OPERACION_DIARIA-NORMAL-N04,OPERACION_DIARIA,NORMAL,4,RECOCIDO_SIMULADO,27,18,100,tiempoAtencionHoras,28.016667,28.016667,0,28.016667,28.016667
BASE,OPERACION_DIARIA-NORMAL-N04,OPERACION_DIARIA,NORMAL,4,RECOCIDO_SIMULADO,27,18,100,cumplimientoPrioritariosPct,100,100,0,100,100
BASE,OPERACION_DIARIA-NORMAL-N04,OPERACION_DIARIA,NORMAL,4,RECOCIDO_SIMULADO,27,18,100,noAsignados,0,0,0,0,0
BASE,OPERACION_DIARIA-NORMAL-N04,OPERACION_DIARIA,NORMAL,4,RECOCIDO_SIMULADO,27,18,100,objetivo,28.016667,28.016667,0,28.016667,28.016667
BASE,OPERACION_DIARIA-NORMAL-N05,OPERACION_DIARIA,NORMAL,5,GENETICO,44,18,100,utilizacionPct,59.558824,59.558824,0,59.558824,59.558824
BASE,OPERACION_DIARIA-NORMAL-N05,OPERACION_DIARIA,NORMAL,5,GENETICO,44,18,100,distanciaKm,2194.777778,2218,129.247849,1970,2434
BASE,OPERACION_DIARIA-NORMAL-N05,OPERACION_DIARIA,NORMAL,5,GENETICO,44,18,100,tiempoMs,5166.313572,5336.86245,621.630396,2855.5439,5784.5706
BASE,OPERACION_DIARIA-NORMAL-N05,OPERACION_DIARIA,NORMAL,5,GENETICO,44,18,100,evaluaciones,9060,9060,0,9060,9060
BASE,OPERACION_DIARIA-NORMAL-N05,OPERACION_DIARIA,NORMAL,5,GENETICO,44,18,100,cumplimientoPct,97.727273,97.727273,0,97.727273,97.727273
BASE,OPERACION_DIARIA-NORMAL-N05,OPERACION_DIARIA,NORMAL,5,GENETICO,44,18,100,costo,16051.333333,16032,1073.230856,14408,17688
BASE,OPERACION_DIARIA-NORMAL-N05,OPERACION_DIARIA,NORMAL,5,GENETICO,44,18,100,retrasoHoras,0,0,0,0,0
BASE,OPERACION_DIARIA-NORMAL-N05,OPERACION_DIARIA,NORMAL,5,GENETICO,44,18,100,tiempoAtencionHoras,43,43,0,43,43
BASE,OPERACION_DIARIA-NORMAL-N05,OPERACION_DIARIA,NORMAL,5,GENETICO,44,18,100,cumplimientoPrioritariosPct,96.428571,96.428571,0,96.428571,96.428571
BASE,OPERACION_DIARIA-NORMAL-N05,OPERACION_DIARIA,NORMAL,5,GENETICO,44,18,100,noAsignados,1,1,0,1,1
BASE,OPERACION_DIARIA-NORMAL-N05,OPERACION_DIARIA,NORMAL,5,GENETICO,44,18,100,objetivo,5043,5043,0,5043,5043
BASE,OPERACION_DIARIA-NORMAL-N05,OPERACION_DIARIA,NORMAL,5,RECOCIDO_SIMULADO,44,18,100,utilizacionPct,59.558824,59.558824,0,59.558824,59.558824
BASE,OPERACION_DIARIA-NORMAL-N05,OPERACION_DIARIA,NORMAL,5,RECOCIDO_SIMULADO,44,18,100,distanciaKm,2290.222222,2277,196.681754,2046,2732
BASE,OPERACION_DIARIA-NORMAL-N05,OPERACION_DIARIA,NORMAL,5,RECOCIDO_SIMULADO,44,18,100,tiempoMs,936.553233,927.9339,79.482427,804.3033,1079.0548
BASE,OPERACION_DIARIA-NORMAL-N05,OPERACION_DIARIA,NORMAL,5,RECOCIDO_SIMULADO,44,18,100,evaluaciones,4232.111111,4221,368.093481,3621,4901
BASE,OPERACION_DIARIA-NORMAL-N05,OPERACION_DIARIA,NORMAL,5,RECOCIDO_SIMULADO,44,18,100,cumplimientoPct,97.727273,97.727273,0,97.727273,97.727273
BASE,OPERACION_DIARIA-NORMAL-N05,OPERACION_DIARIA,NORMAL,5,RECOCIDO_SIMULADO,44,18,100,costo,15993.666667,15857,713.333269,14734,17184
BASE,OPERACION_DIARIA-NORMAL-N05,OPERACION_DIARIA,NORMAL,5,RECOCIDO_SIMULADO,44,18,100,retrasoHoras,0,0,0,0,0
BASE,OPERACION_DIARIA-NORMAL-N05,OPERACION_DIARIA,NORMAL,5,RECOCIDO_SIMULADO,44,18,100,tiempoAtencionHoras,44.834074,44.906667,1.151589,43,46.175
BASE,OPERACION_DIARIA-NORMAL-N05,OPERACION_DIARIA,NORMAL,5,RECOCIDO_SIMULADO,44,18,100,cumplimientoPrioritariosPct,96.428571,96.428571,0,96.428571,96.428571
BASE,OPERACION_DIARIA-NORMAL-N05,OPERACION_DIARIA,NORMAL,5,RECOCIDO_SIMULADO,44,18,100,noAsignados,1,1,0,1,1
BASE,OPERACION_DIARIA-NORMAL-N05,OPERACION_DIARIA,NORMAL,5,RECOCIDO_SIMULADO,44,18,100,objetivo,5044.834074,5044.906667,1.151589,5043,5046.175
BASE,OPERACION_DIARIA-ALTA-N01,OPERACION_DIARIA,ALTA,1,GENETICO,38,18,100,utilizacionPct,43.872549,43.872549,0,43.872549,43.872549
BASE,OPERACION_DIARIA-ALTA-N01,OPERACION_DIARIA,ALTA,1,GENETICO,38,18,100,distanciaKm,1906.777778,1925,93.856308,1720,2060
BASE,OPERACION_DIARIA-ALTA-N01,OPERACION_DIARIA,ALTA,1,GENETICO,38,18,100,tiempoMs,4701.656383,4508.95775,914.427652,3144.803,6470.4274
BASE,OPERACION_DIARIA-ALTA-N01,OPERACION_DIARIA,ALTA,1,GENETICO,38,18,100,evaluaciones,9060,9060,0,9060,9060
BASE,OPERACION_DIARIA-ALTA-N01,OPERACION_DIARIA,ALTA,1,GENETICO,38,18,100,cumplimientoPct,97.368421,97.368421,0,97.368421,97.368421
BASE,OPERACION_DIARIA-ALTA-N01,OPERACION_DIARIA,ALTA,1,GENETICO,38,18,100,costo,14004.888889,14127,746.071506,11998,15356
BASE,OPERACION_DIARIA-ALTA-N01,OPERACION_DIARIA,ALTA,1,GENETICO,38,18,100,retrasoHoras,0,0,0,0,0
BASE,OPERACION_DIARIA-ALTA-N01,OPERACION_DIARIA,ALTA,1,GENETICO,38,18,100,tiempoAtencionHoras,37.131667,37.113333,0.070287,37,37.226667
BASE,OPERACION_DIARIA-ALTA-N01,OPERACION_DIARIA,ALTA,1,GENETICO,38,18,100,cumplimientoPrioritariosPct,100,100,0,100,100
BASE,OPERACION_DIARIA-ALTA-N01,OPERACION_DIARIA,ALTA,1,GENETICO,38,18,100,noAsignados,1,1,0,1,1
BASE,OPERACION_DIARIA-ALTA-N01,OPERACION_DIARIA,ALTA,1,GENETICO,38,18,100,objetivo,5037.131667,5037.113333,0.070287,5037,5037.226667
BASE,OPERACION_DIARIA-ALTA-N01,OPERACION_DIARIA,ALTA,1,RECOCIDO_SIMULADO,38,18,100,utilizacionPct,43.872549,43.872549,0,43.872549,43.872549
BASE,OPERACION_DIARIA-ALTA-N01,OPERACION_DIARIA,ALTA,1,RECOCIDO_SIMULADO,38,18,100,distanciaKm,1862,1862,6.173949,1856,1868
BASE,OPERACION_DIARIA-ALTA-N01,OPERACION_DIARIA,ALTA,1,RECOCIDO_SIMULADO,38,18,100,tiempoMs,773.033678,777.1825,60.007151,595.0179,853.1554
BASE,OPERACION_DIARIA-ALTA-N01,OPERACION_DIARIA,ALTA,1,RECOCIDO_SIMULADO,38,18,100,evaluaciones,4229.888889,4261,330.576838,3261,4661
BASE,OPERACION_DIARIA-ALTA-N01,OPERACION_DIARIA,ALTA,1,RECOCIDO_SIMULADO,38,18,100,cumplimientoPct,97.368421,97.368421,0,97.368421,97.368421
BASE,OPERACION_DIARIA-ALTA-N01,OPERACION_DIARIA,ALTA,1,RECOCIDO_SIMULADO,38,18,100,costo,14896,14896,49.391593,14848,14944
BASE,OPERACION_DIARIA-ALTA-N01,OPERACION_DIARIA,ALTA,1,RECOCIDO_SIMULADO,38,18,100,retrasoHoras,0,0,0,0,0
BASE,OPERACION_DIARIA-ALTA-N01,OPERACION_DIARIA,ALTA,1,RECOCIDO_SIMULADO,38,18,100,tiempoAtencionHoras,37.466667,37.466667,0,37.466667,37.466667
BASE,OPERACION_DIARIA-ALTA-N01,OPERACION_DIARIA,ALTA,1,RECOCIDO_SIMULADO,38,18,100,cumplimientoPrioritariosPct,100,100,0,100,100
BASE,OPERACION_DIARIA-ALTA-N01,OPERACION_DIARIA,ALTA,1,RECOCIDO_SIMULADO,38,18,100,noAsignados,1,1,0,1,1
BASE,OPERACION_DIARIA-ALTA-N01,OPERACION_DIARIA,ALTA,1,RECOCIDO_SIMULADO,38,18,100,objetivo,5037.466667,5037.466667,0,5037.466667,5037.466667
BASE,OPERACION_DIARIA-ALTA-N02,OPERACION_DIARIA,ALTA,2,GENETICO,42,18,100,utilizacionPct,53.186275,53.186275,0,53.186275,53.186275
BASE,OPERACION_DIARIA-ALTA-N02,OPERACION_DIARIA,ALTA,2,GENETICO,42,18,100,distanciaKm,2356.777778,2377,158.445595,2080,2622
BASE,OPERACION_DIARIA-ALTA-N02,OPERACION_DIARIA,ALTA,2,GENETICO,42,18,100,tiempoMs,5279.531517,5318.81375,473.512709,4412.9316,6090.6895
BASE,OPERACION_DIARIA-ALTA-N02,OPERACION_DIARIA,ALTA,2,GENETICO,42,18,100,evaluaciones,9060,9060,0,9060,9060
BASE,OPERACION_DIARIA-ALTA-N02,OPERACION_DIARIA,ALTA,2,GENETICO,42,18,100,cumplimientoPct,100,100,0,100,100
BASE,OPERACION_DIARIA-ALTA-N02,OPERACION_DIARIA,ALTA,2,GENETICO,42,18,100,costo,17338.222222,17210,946.278628,15814,19318
BASE,OPERACION_DIARIA-ALTA-N02,OPERACION_DIARIA,ALTA,2,GENETICO,42,18,100,retrasoHoras,0,0,0,0,0
BASE,OPERACION_DIARIA-ALTA-N02,OPERACION_DIARIA,ALTA,2,GENETICO,42,18,100,tiempoAtencionHoras,42.625,42.625,0,42.625,42.625
BASE,OPERACION_DIARIA-ALTA-N02,OPERACION_DIARIA,ALTA,2,GENETICO,42,18,100,cumplimientoPrioritariosPct,100,100,0,100,100
BASE,OPERACION_DIARIA-ALTA-N02,OPERACION_DIARIA,ALTA,2,GENETICO,42,18,100,noAsignados,0,0,0,0,0
BASE,OPERACION_DIARIA-ALTA-N02,OPERACION_DIARIA,ALTA,2,GENETICO,42,18,100,objetivo,42.625,42.625,0,42.625,42.625
BASE,OPERACION_DIARIA-ALTA-N02,OPERACION_DIARIA,ALTA,2,RECOCIDO_SIMULADO,42,18,100,utilizacionPct,53.186275,53.186275,0,53.186275,53.186275
BASE,OPERACION_DIARIA-ALTA-N02,OPERACION_DIARIA,ALTA,2,RECOCIDO_SIMULADO,42,18,100,distanciaKm,2480.777778,2324,289.365341,2254,3024
BASE,OPERACION_DIARIA-ALTA-N02,OPERACION_DIARIA,ALTA,2,RECOCIDO_SIMULADO,42,18,100,tiempoMs,556.775911,538.0675,71.892247,448.2348,720.4568
BASE,OPERACION_DIARIA-ALTA-N02,OPERACION_DIARIA,ALTA,2,RECOCIDO_SIMULADO,42,18,100,evaluaciones,3158.777778,3061,420.245804,2501,4101
BASE,OPERACION_DIARIA-ALTA-N02,OPERACION_DIARIA,ALTA,2,RECOCIDO_SIMULADO,42,18,100,cumplimientoPct,100,100,0,100,100
BASE,OPERACION_DIARIA-ALTA-N02,OPERACION_DIARIA,ALTA,2,RECOCIDO_SIMULADO,42,18,100,costo,17324.111111,16880,1323.852395,16124,19918
BASE,OPERACION_DIARIA-ALTA-N02,OPERACION_DIARIA,ALTA,2,RECOCIDO_SIMULADO,42,18,100,retrasoHoras,0,0,0,0,0
BASE,OPERACION_DIARIA-ALTA-N02,OPERACION_DIARIA,ALTA,2,RECOCIDO_SIMULADO,42,18,100,tiempoAtencionHoras,44.885556,44.96,0.143943,44.45,44.96
BASE,OPERACION_DIARIA-ALTA-N02,OPERACION_DIARIA,ALTA,2,RECOCIDO_SIMULADO,42,18,100,cumplimientoPrioritariosPct,100,100,0,100,100
BASE,OPERACION_DIARIA-ALTA-N02,OPERACION_DIARIA,ALTA,2,RECOCIDO_SIMULADO,42,18,100,noAsignados,0,0,0,0,0
BASE,OPERACION_DIARIA-ALTA-N02,OPERACION_DIARIA,ALTA,2,RECOCIDO_SIMULADO,42,18,100,objetivo,44.885556,44.96,0.143943,44.45,44.96
BASE,OPERACION_DIARIA-ALTA-N03,OPERACION_DIARIA,ALTA,3,GENETICO,46,18,100,utilizacionPct,55.637255,55.637255,0,55.637255,55.637255
BASE,OPERACION_DIARIA-ALTA-N03,OPERACION_DIARIA,ALTA,3,GENETICO,46,18,100,distanciaKm,2327.888889,2370,128.922178,2054,2506
BASE,OPERACION_DIARIA-ALTA-N03,OPERACION_DIARIA,ALTA,3,GENETICO,46,18,100,tiempoMs,7117.247133,6794.2061,922.424955,5811.24,8520.4731
BASE,OPERACION_DIARIA-ALTA-N03,OPERACION_DIARIA,ALTA,3,GENETICO,46,18,100,evaluaciones,9060,9060,0,9060,9060
BASE,OPERACION_DIARIA-ALTA-N03,OPERACION_DIARIA,ALTA,3,GENETICO,46,18,100,cumplimientoPct,93.478261,93.478261,0,93.478261,93.478261
BASE,OPERACION_DIARIA-ALTA-N03,OPERACION_DIARIA,ALTA,3,GENETICO,46,18,100,costo,16710.777778,16775,751.209265,15434,17984
BASE,OPERACION_DIARIA-ALTA-N03,OPERACION_DIARIA,ALTA,3,GENETICO,46,18,100,retrasoHoras,0,0,0,0,0
BASE,OPERACION_DIARIA-ALTA-N03,OPERACION_DIARIA,ALTA,3,GENETICO,46,18,100,tiempoAtencionHoras,43.001389,43,0.005893,43,43.025
BASE,OPERACION_DIARIA-ALTA-N03,OPERACION_DIARIA,ALTA,3,GENETICO,46,18,100,cumplimientoPrioritariosPct,100,100,0,100,100
BASE,OPERACION_DIARIA-ALTA-N03,OPERACION_DIARIA,ALTA,3,GENETICO,46,18,100,noAsignados,3,3,0,3,3
BASE,OPERACION_DIARIA-ALTA-N03,OPERACION_DIARIA,ALTA,3,GENETICO,46,18,100,objetivo,15043.001389,15043,0.005893,15043,15043.025
BASE,OPERACION_DIARIA-ALTA-N03,OPERACION_DIARIA,ALTA,3,RECOCIDO_SIMULADO,46,18,100,utilizacionPct,55.637255,55.637255,0,55.637255,55.637255
BASE,OPERACION_DIARIA-ALTA-N03,OPERACION_DIARIA,ALTA,3,RECOCIDO_SIMULADO,46,18,100,distanciaKm,2653,2776,256.855418,2266,2990
BASE,OPERACION_DIARIA-ALTA-N03,OPERACION_DIARIA,ALTA,3,RECOCIDO_SIMULADO,46,18,100,tiempoMs,1088.932389,1067.613,122.124605,913.1736,1424.4255
BASE,OPERACION_DIARIA-ALTA-N03,OPERACION_DIARIA,ALTA,3,RECOCIDO_SIMULADO,46,18,100,evaluaciones,3481,3381,399.352417,2901,4621
BASE,OPERACION_DIARIA-ALTA-N03,OPERACION_DIARIA,ALTA,3,RECOCIDO_SIMULADO,46,18,100,cumplimientoPct,93.478261,93.478261,0,93.478261,93.478261
BASE,OPERACION_DIARIA-ALTA-N03,OPERACION_DIARIA,ALTA,3,RECOCIDO_SIMULADO,46,18,100,costo,18504,18209,776.471052,17404,20152
BASE,OPERACION_DIARIA-ALTA-N03,OPERACION_DIARIA,ALTA,3,RECOCIDO_SIMULADO,46,18,100,retrasoHoras,0,0,0,0,0
BASE,OPERACION_DIARIA-ALTA-N03,OPERACION_DIARIA,ALTA,3,RECOCIDO_SIMULADO,46,18,100,tiempoAtencionHoras,47.177963,47.305,2.004229,44.776667,50.59
BASE,OPERACION_DIARIA-ALTA-N03,OPERACION_DIARIA,ALTA,3,RECOCIDO_SIMULADO,46,18,100,cumplimientoPrioritariosPct,100,100,0,100,100
BASE,OPERACION_DIARIA-ALTA-N03,OPERACION_DIARIA,ALTA,3,RECOCIDO_SIMULADO,46,18,100,noAsignados,3,3,0,3,3
BASE,OPERACION_DIARIA-ALTA-N03,OPERACION_DIARIA,ALTA,3,RECOCIDO_SIMULADO,46,18,100,objetivo,15047.177963,15047.305,2.004229,15044.776667,15050.59
BASE,OPERACION_DIARIA-ALTA-N04,OPERACION_DIARIA,ALTA,4,GENETICO,35,18,100,utilizacionPct,43.382353,43.382353,0,43.382353,43.382353
BASE,OPERACION_DIARIA-ALTA-N04,OPERACION_DIARIA,ALTA,4,GENETICO,35,18,100,distanciaKm,1728.888889,1718,30.433899,1714,1836
BASE,OPERACION_DIARIA-ALTA-N04,OPERACION_DIARIA,ALTA,4,GENETICO,35,18,100,tiempoMs,3356.399083,3236.39665,505.696939,2515.0933,4334.854
BASE,OPERACION_DIARIA-ALTA-N04,OPERACION_DIARIA,ALTA,4,GENETICO,35,18,100,evaluaciones,9060,9060,0,9060,9060
BASE,OPERACION_DIARIA-ALTA-N04,OPERACION_DIARIA,ALTA,4,GENETICO,35,18,100,cumplimientoPct,100,100,0,100,100
BASE,OPERACION_DIARIA-ALTA-N04,OPERACION_DIARIA,ALTA,4,GENETICO,35,18,100,costo,13783.777778,13744,133.649038,13662,14196
BASE,OPERACION_DIARIA-ALTA-N04,OPERACION_DIARIA,ALTA,4,GENETICO,35,18,100,retrasoHoras,0,0,0,0,0
BASE,OPERACION_DIARIA-ALTA-N04,OPERACION_DIARIA,ALTA,4,GENETICO,35,18,100,tiempoAtencionHoras,35.966667,36.016667,0.096253,35.791667,36.016667
BASE,OPERACION_DIARIA-ALTA-N04,OPERACION_DIARIA,ALTA,4,GENETICO,35,18,100,cumplimientoPrioritariosPct,100,100,0,100,100
BASE,OPERACION_DIARIA-ALTA-N04,OPERACION_DIARIA,ALTA,4,GENETICO,35,18,100,noAsignados,0,0,0,0,0
BASE,OPERACION_DIARIA-ALTA-N04,OPERACION_DIARIA,ALTA,4,GENETICO,35,18,100,objetivo,35.966667,36.016667,0.096253,35.791667,36.016667
BASE,OPERACION_DIARIA-ALTA-N04,OPERACION_DIARIA,ALTA,4,RECOCIDO_SIMULADO,35,18,100,utilizacionPct,43.382353,43.382353,0,43.382353,43.382353
BASE,OPERACION_DIARIA-ALTA-N04,OPERACION_DIARIA,ALTA,4,RECOCIDO_SIMULADO,35,18,100,distanciaKm,1718,1718,0,1718,1718
BASE,OPERACION_DIARIA-ALTA-N04,OPERACION_DIARIA,ALTA,4,RECOCIDO_SIMULADO,35,18,100,tiempoMs,502.426011,495.17275,38.467762,432.9642,554.9823
BASE,OPERACION_DIARIA-ALTA-N04,OPERACION_DIARIA,ALTA,4,RECOCIDO_SIMULADO,35,18,100,evaluaciones,3303.222222,3261,269.368664,2821,3701
BASE,OPERACION_DIARIA-ALTA-N04,OPERACION_DIARIA,ALTA,4,RECOCIDO_SIMULADO,35,18,100,cumplimientoPct,100,100,0,100,100
BASE,OPERACION_DIARIA-ALTA-N04,OPERACION_DIARIA,ALTA,4,RECOCIDO_SIMULADO,35,18,100,costo,13744,13744,0,13744,13744
BASE,OPERACION_DIARIA-ALTA-N04,OPERACION_DIARIA,ALTA,4,RECOCIDO_SIMULADO,35,18,100,retrasoHoras,0,0,0,0,0
BASE,OPERACION_DIARIA-ALTA-N04,OPERACION_DIARIA,ALTA,4,RECOCIDO_SIMULADO,35,18,100,tiempoAtencionHoras,36.016667,36.016667,0,36.016667,36.016667
BASE,OPERACION_DIARIA-ALTA-N04,OPERACION_DIARIA,ALTA,4,RECOCIDO_SIMULADO,35,18,100,cumplimientoPrioritariosPct,100,100,0,100,100
BASE,OPERACION_DIARIA-ALTA-N04,OPERACION_DIARIA,ALTA,4,RECOCIDO_SIMULADO,35,18,100,noAsignados,0,0,0,0,0
BASE,OPERACION_DIARIA-ALTA-N04,OPERACION_DIARIA,ALTA,4,RECOCIDO_SIMULADO,35,18,100,objetivo,36.016667,36.016667,0,36.016667,36.016667
BASE,OPERACION_DIARIA-ALTA-N05,OPERACION_DIARIA,ALTA,5,GENETICO,55,18,100,utilizacionPct,73.529412,73.529412,0,73.529412,73.529412
BASE,OPERACION_DIARIA-ALTA-N05,OPERACION_DIARIA,ALTA,5,GENETICO,55,18,100,distanciaKm,3412.666667,3446,198.081386,3062,3744
BASE,OPERACION_DIARIA-ALTA-N05,OPERACION_DIARIA,ALTA,5,GENETICO,55,18,100,tiempoMs,5810.4689,5845.9442,388.21266,4880.5088,6520.5538
BASE,OPERACION_DIARIA-ALTA-N05,OPERACION_DIARIA,ALTA,5,GENETICO,55,18,100,evaluaciones,9060,9060,0,9060,9060
BASE,OPERACION_DIARIA-ALTA-N05,OPERACION_DIARIA,ALTA,5,GENETICO,55,18,100,cumplimientoPct,98.181818,98.181818,0,98.181818,98.181818
BASE,OPERACION_DIARIA-ALTA-N05,OPERACION_DIARIA,ALTA,5,GENETICO,55,18,100,costo,23056.333333,23063,1088.67545,21262,24596
BASE,OPERACION_DIARIA-ALTA-N05,OPERACION_DIARIA,ALTA,5,GENETICO,55,18,100,retrasoHoras,0,0,0,0,0
BASE,OPERACION_DIARIA-ALTA-N05,OPERACION_DIARIA,ALTA,5,GENETICO,55,18,100,tiempoAtencionHoras,54.393519,54.35,0.082116,54.35,54.636667
BASE,OPERACION_DIARIA-ALTA-N05,OPERACION_DIARIA,ALTA,5,GENETICO,55,18,100,cumplimientoPrioritariosPct,100,100,0,100,100
BASE,OPERACION_DIARIA-ALTA-N05,OPERACION_DIARIA,ALTA,5,GENETICO,55,18,100,noAsignados,1,1,0,1,1
BASE,OPERACION_DIARIA-ALTA-N05,OPERACION_DIARIA,ALTA,5,GENETICO,55,18,100,objetivo,5054.393519,5054.35,0.082116,5054.35,5054.636667
BASE,OPERACION_DIARIA-ALTA-N05,OPERACION_DIARIA,ALTA,5,RECOCIDO_SIMULADO,55,18,100,utilizacionPct,73.529412,73.529412,0,73.529412,73.529412
BASE,OPERACION_DIARIA-ALTA-N05,OPERACION_DIARIA,ALTA,5,RECOCIDO_SIMULADO,55,18,100,distanciaKm,3906.555556,3886,149.48666,3608,4240
BASE,OPERACION_DIARIA-ALTA-N05,OPERACION_DIARIA,ALTA,5,RECOCIDO_SIMULADO,55,18,100,tiempoMs,1237.777656,1235.8446,135.789416,925.7583,1433.5364
BASE,OPERACION_DIARIA-ALTA-N05,OPERACION_DIARIA,ALTA,5,RECOCIDO_SIMULADO,55,18,100,evaluaciones,4414.333333,4461,485.313725,3381,5141
BASE,OPERACION_DIARIA-ALTA-N05,OPERACION_DIARIA,ALTA,5,RECOCIDO_SIMULADO,55,18,100,cumplimientoPct,97.777778,98.181818,0.777805,98.181818,96.363636
BASE,OPERACION_DIARIA-ALTA-N05,OPERACION_DIARIA,ALTA,5,RECOCIDO_SIMULADO,55,18,100,costo,25367.333333,25494,781.463183,23508,26610
BASE,OPERACION_DIARIA-ALTA-N05,OPERACION_DIARIA,ALTA,5,RECOCIDO_SIMULADO,55,18,100,retrasoHoras,0.003704,0,0.00713,0,0.016667
BASE,OPERACION_DIARIA-ALTA-N05,OPERACION_DIARIA,ALTA,5,RECOCIDO_SIMULADO,55,18,100,tiempoAtencionHoras,65.301759,65.171667,3.528772,58.686667,72.673333
BASE,OPERACION_DIARIA-ALTA-N05,OPERACION_DIARIA,ALTA,5,RECOCIDO_SIMULADO,55,18,100,cumplimientoPrioritariosPct,99.382716,100,1.188313,100,97.222222
BASE,OPERACION_DIARIA-ALTA-N05,OPERACION_DIARIA,ALTA,5,RECOCIDO_SIMULADO,55,18,100,noAsignados,1,1,0,1,1
BASE,OPERACION_DIARIA-ALTA-N05,OPERACION_DIARIA,ALTA,5,RECOCIDO_SIMULADO,55,18,100,objetivo,5065.67213,5065.493333,3.865812,5058.686667,5072.673333
BASE,OPERACION_DIARIA-CRITICA-N01,OPERACION_DIARIA,CRITICA,1,GENETICO,40,18,100,utilizacionPct,46.568627,46.568627,0,46.568627,46.568627
BASE,OPERACION_DIARIA-CRITICA-N01,OPERACION_DIARIA,CRITICA,1,GENETICO,40,18,100,distanciaKm,2042.777778,2044,115.701724,1806,2240
BASE,OPERACION_DIARIA-CRITICA-N01,OPERACION_DIARIA,CRITICA,1,GENETICO,40,18,100,tiempoMs,4973.745189,4724.21055,1479.523954,3168.9658,8345.9535
BASE,OPERACION_DIARIA-CRITICA-N01,OPERACION_DIARIA,CRITICA,1,GENETICO,40,18,100,evaluaciones,9060,9060,0,9060,9060
BASE,OPERACION_DIARIA-CRITICA-N01,OPERACION_DIARIA,CRITICA,1,GENETICO,40,18,100,cumplimientoPct,97.5,97.5,0,97.5,97.5
BASE,OPERACION_DIARIA-CRITICA-N01,OPERACION_DIARIA,CRITICA,1,GENETICO,40,18,100,costo,15067.444444,14951,704.932806,13958,16290
BASE,OPERACION_DIARIA-CRITICA-N01,OPERACION_DIARIA,CRITICA,1,GENETICO,40,18,100,retrasoHoras,0,0,0,0,0
BASE,OPERACION_DIARIA-CRITICA-N01,OPERACION_DIARIA,CRITICA,1,GENETICO,40,18,100,tiempoAtencionHoras,39.170556,39.171667,0.079648,39,39.325
BASE,OPERACION_DIARIA-CRITICA-N01,OPERACION_DIARIA,CRITICA,1,GENETICO,40,18,100,cumplimientoPrioritariosPct,100,100,0,100,100
BASE,OPERACION_DIARIA-CRITICA-N01,OPERACION_DIARIA,CRITICA,1,GENETICO,40,18,100,noAsignados,1,1,0,1,1
BASE,OPERACION_DIARIA-CRITICA-N01,OPERACION_DIARIA,CRITICA,1,GENETICO,40,18,100,objetivo,5039.170556,5039.171667,0.079648,5039,5039.325
BASE,OPERACION_DIARIA-CRITICA-N01,OPERACION_DIARIA,CRITICA,1,RECOCIDO_SIMULADO,40,18,100,utilizacionPct,46.568627,46.568627,0,46.568627,46.568627
BASE,OPERACION_DIARIA-CRITICA-N01,OPERACION_DIARIA,CRITICA,1,RECOCIDO_SIMULADO,40,18,100,distanciaKm,1956.666667,1962,6.13572,1950,1962
BASE,OPERACION_DIARIA-CRITICA-N01,OPERACION_DIARIA,CRITICA,1,RECOCIDO_SIMULADO,40,18,100,tiempoMs,868.025,834.3992,192.343928,594.3938,1309.376
BASE,OPERACION_DIARIA-CRITICA-N01,OPERACION_DIARIA,CRITICA,1,RECOCIDO_SIMULADO,40,18,100,evaluaciones,4029.888889,4141,526.127796,3061,4861
BASE,OPERACION_DIARIA-CRITICA-N01,OPERACION_DIARIA,CRITICA,1,RECOCIDO_SIMULADO,40,18,100,cumplimientoPct,97.5,97.5,0,97.5,97.5
BASE,OPERACION_DIARIA-CRITICA-N01,OPERACION_DIARIA,CRITICA,1,RECOCIDO_SIMULADO,40,18,100,costo,15653.333333,15696,49.085759,15600,15696
BASE,OPERACION_DIARIA-CRITICA-N01,OPERACION_DIARIA,CRITICA,1,RECOCIDO_SIMULADO,40,18,100,retrasoHoras,0,0,0,0,0
BASE,OPERACION_DIARIA-CRITICA-N01,OPERACION_DIARIA,CRITICA,1,RECOCIDO_SIMULADO,40,18,100,tiempoAtencionHoras,39.466667,39.466667,0,39.466667,39.466667
BASE,OPERACION_DIARIA-CRITICA-N01,OPERACION_DIARIA,CRITICA,1,RECOCIDO_SIMULADO,40,18,100,cumplimientoPrioritariosPct,100,100,0,100,100
BASE,OPERACION_DIARIA-CRITICA-N01,OPERACION_DIARIA,CRITICA,1,RECOCIDO_SIMULADO,40,18,100,noAsignados,1,1,0,1,1
BASE,OPERACION_DIARIA-CRITICA-N01,OPERACION_DIARIA,CRITICA,1,RECOCIDO_SIMULADO,40,18,100,objetivo,5039.466667,5039.466667,0,5039.466667,5039.466667
BASE,OPERACION_DIARIA-CRITICA-N02,OPERACION_DIARIA,CRITICA,2,GENETICO,42,18,100,utilizacionPct,51.960784,51.960784,0,51.960784,51.960784
BASE,OPERACION_DIARIA-CRITICA-N02,OPERACION_DIARIA,CRITICA,2,GENETICO,42,18,100,distanciaKm,2357.333333,2362,6.019576,2350,2362
BASE,OPERACION_DIARIA-CRITICA-N02,OPERACION_DIARIA,CRITICA,2,GENETICO,42,18,100,tiempoMs,3454.523583,3403.02585,332.916628,2895.0996,4090.9355
BASE,OPERACION_DIARIA-CRITICA-N02,OPERACION_DIARIA,CRITICA,2,GENETICO,42,18,100,evaluaciones,9060,9060,0,9060,9060
BASE,OPERACION_DIARIA-CRITICA-N02,OPERACION_DIARIA,CRITICA,2,GENETICO,42,18,100,cumplimientoPct,97.619048,97.619048,0,97.619048,97.619048
BASE,OPERACION_DIARIA-CRITICA-N02,OPERACION_DIARIA,CRITICA,2,GENETICO,42,18,100,costo,17420.666667,17458,48.156607,17362,17458
BASE,OPERACION_DIARIA-CRITICA-N02,OPERACION_DIARIA,CRITICA,2,GENETICO,42,18,100,retrasoHoras,0,0,0,0,0
BASE,OPERACION_DIARIA-CRITICA-N02,OPERACION_DIARIA,CRITICA,2,GENETICO,42,18,100,tiempoAtencionHoras,41.408333,41.408333,0,41.408333,41.408333
BASE,OPERACION_DIARIA-CRITICA-N02,OPERACION_DIARIA,CRITICA,2,GENETICO,42,18,100,cumplimientoPrioritariosPct,100,100,0,100,100
BASE,OPERACION_DIARIA-CRITICA-N02,OPERACION_DIARIA,CRITICA,2,GENETICO,42,18,100,noAsignados,1,1,0,1,1
BASE,OPERACION_DIARIA-CRITICA-N02,OPERACION_DIARIA,CRITICA,2,GENETICO,42,18,100,objetivo,5041.408333,5041.408333,0,5041.408333,5041.408333
BASE,OPERACION_DIARIA-CRITICA-N02,OPERACION_DIARIA,CRITICA,2,RECOCIDO_SIMULADO,42,18,100,utilizacionPct,51.960784,51.960784,0,51.960784,51.960784
BASE,OPERACION_DIARIA-CRITICA-N02,OPERACION_DIARIA,CRITICA,2,RECOCIDO_SIMULADO,42,18,100,distanciaKm,2357.333333,2362,6.019576,2350,2362
BASE,OPERACION_DIARIA-CRITICA-N02,OPERACION_DIARIA,CRITICA,2,RECOCIDO_SIMULADO,42,18,100,tiempoMs,737.654778,710.64,63.701845,643.1411,892.45
BASE,OPERACION_DIARIA-CRITICA-N02,OPERACION_DIARIA,CRITICA,2,RECOCIDO_SIMULADO,42,18,100,evaluaciones,3243.222222,3161,265.053947,2781,3941
BASE,OPERACION_DIARIA-CRITICA-N02,OPERACION_DIARIA,CRITICA,2,RECOCIDO_SIMULADO,42,18,100,cumplimientoPct,97.619048,97.619048,0,97.619048,97.619048
BASE,OPERACION_DIARIA-CRITICA-N02,OPERACION_DIARIA,CRITICA,2,RECOCIDO_SIMULADO,42,18,100,costo,17420.666667,17458,48.156607,17362,17458
BASE,OPERACION_DIARIA-CRITICA-N02,OPERACION_DIARIA,CRITICA,2,RECOCIDO_SIMULADO,42,18,100,retrasoHoras,0,0,0,0,0
BASE,OPERACION_DIARIA-CRITICA-N02,OPERACION_DIARIA,CRITICA,2,RECOCIDO_SIMULADO,42,18,100,tiempoAtencionHoras,41.408333,41.408333,0,41.408333,41.408333
BASE,OPERACION_DIARIA-CRITICA-N02,OPERACION_DIARIA,CRITICA,2,RECOCIDO_SIMULADO,42,18,100,cumplimientoPrioritariosPct,100,100,0,100,100
BASE,OPERACION_DIARIA-CRITICA-N02,OPERACION_DIARIA,CRITICA,2,RECOCIDO_SIMULADO,42,18,100,noAsignados,1,1,0,1,1
BASE,OPERACION_DIARIA-CRITICA-N02,OPERACION_DIARIA,CRITICA,2,RECOCIDO_SIMULADO,42,18,100,objetivo,5041.408333,5041.408333,0,5041.408333,5041.408333
BASE,OPERACION_DIARIA-CRITICA-N03,OPERACION_DIARIA,CRITICA,3,GENETICO,52,18,100,utilizacionPct,62.990196,62.990196,0,62.990196,62.990196
BASE,OPERACION_DIARIA-CRITICA-N03,OPERACION_DIARIA,CRITICA,3,GENETICO,52,18,100,distanciaKm,2531.444444,2535,124.259322,2318,2824
BASE,OPERACION_DIARIA-CRITICA-N03,OPERACION_DIARIA,CRITICA,3,GENETICO,52,18,100,tiempoMs,6433.130111,6195.65535,723.294382,5361.6134,7685.4354
BASE,OPERACION_DIARIA-CRITICA-N03,OPERACION_DIARIA,CRITICA,3,GENETICO,52,18,100,evaluaciones,9060,9060,0,9060,9060
BASE,OPERACION_DIARIA-CRITICA-N03,OPERACION_DIARIA,CRITICA,3,GENETICO,52,18,100,cumplimientoPct,96.153846,96.153846,0,96.153846,96.153846
BASE,OPERACION_DIARIA-CRITICA-N03,OPERACION_DIARIA,CRITICA,3,GENETICO,52,18,100,costo,17228.222222,17305,895.747834,15676,19294
BASE,OPERACION_DIARIA-CRITICA-N03,OPERACION_DIARIA,CRITICA,3,GENETICO,52,18,100,retrasoHoras,0,0,0,0,0
BASE,OPERACION_DIARIA-CRITICA-N03,OPERACION_DIARIA,CRITICA,3,GENETICO,52,18,100,tiempoAtencionHoras,50.002778,50,0.008085,50,50.025
BASE,OPERACION_DIARIA-CRITICA-N03,OPERACION_DIARIA,CRITICA,3,GENETICO,52,18,100,cumplimientoPrioritariosPct,92.592593,92.592593,0,92.592593,92.592593
BASE,OPERACION_DIARIA-CRITICA-N03,OPERACION_DIARIA,CRITICA,3,GENETICO,52,18,100,noAsignados,2,2,0,2,2
BASE,OPERACION_DIARIA-CRITICA-N03,OPERACION_DIARIA,CRITICA,3,GENETICO,52,18,100,objetivo,10050.002778,10050,0.008085,10050,10050.025
BASE,OPERACION_DIARIA-CRITICA-N03,OPERACION_DIARIA,CRITICA,3,RECOCIDO_SIMULADO,52,18,100,utilizacionPct,62.990196,62.990196,0,62.990196,62.990196
BASE,OPERACION_DIARIA-CRITICA-N03,OPERACION_DIARIA,CRITICA,3,RECOCIDO_SIMULADO,52,18,100,distanciaKm,2994.333333,2999,151.913675,2582,3248
BASE,OPERACION_DIARIA-CRITICA-N03,OPERACION_DIARIA,CRITICA,3,RECOCIDO_SIMULADO,52,18,100,tiempoMs,998.670361,1005.05465,109.697809,827.4509,1196.9367
BASE,OPERACION_DIARIA-CRITICA-N03,OPERACION_DIARIA,CRITICA,3,RECOCIDO_SIMULADO,52,18,100,evaluaciones,3803.222222,3801,450.301279,3061,4701
BASE,OPERACION_DIARIA-CRITICA-N03,OPERACION_DIARIA,CRITICA,3,RECOCIDO_SIMULADO,52,18,100,cumplimientoPct,96.153846,96.153846,0,96.153846,96.153846
BASE,OPERACION_DIARIA-CRITICA-N03,OPERACION_DIARIA,CRITICA,3,RECOCIDO_SIMULADO,52,18,100,costo,19437,19382,736.425468,18216,20558
BASE,OPERACION_DIARIA-CRITICA-N03,OPERACION_DIARIA,CRITICA,3,RECOCIDO_SIMULADO,52,18,100,retrasoHoras,0,0,0,0,0
BASE,OPERACION_DIARIA-CRITICA-N03,OPERACION_DIARIA,CRITICA,3,RECOCIDO_SIMULADO,52,18,100,tiempoAtencionHoras,55.154722,54.749167,2.20737,52.35,60.001667
BASE,OPERACION_DIARIA-CRITICA-N03,OPERACION_DIARIA,CRITICA,3,RECOCIDO_SIMULADO,52,18,100,cumplimientoPrioritariosPct,92.592593,92.592593,0,92.592593,92.592593
BASE,OPERACION_DIARIA-CRITICA-N03,OPERACION_DIARIA,CRITICA,3,RECOCIDO_SIMULADO,52,18,100,noAsignados,2,2,0,2,2
BASE,OPERACION_DIARIA-CRITICA-N03,OPERACION_DIARIA,CRITICA,3,RECOCIDO_SIMULADO,52,18,100,objetivo,10055.154722,10054.749167,2.20737,10052.35,10060.001667
BASE,OPERACION_DIARIA-CRITICA-N04,OPERACION_DIARIA,CRITICA,4,GENETICO,43,18,100,utilizacionPct,54.901961,54.901961,0,54.901961,54.901961
BASE,OPERACION_DIARIA-CRITICA-N04,OPERACION_DIARIA,CRITICA,4,GENETICO,43,18,100,distanciaKm,2160,2160,0,2160,2160
BASE,OPERACION_DIARIA-CRITICA-N04,OPERACION_DIARIA,CRITICA,4,GENETICO,43,18,100,tiempoMs,2747.110233,2679.44165,289.594627,2415.4077,3481.9447
BASE,OPERACION_DIARIA-CRITICA-N04,OPERACION_DIARIA,CRITICA,4,GENETICO,43,18,100,evaluaciones,9060,9060,0,9060,9060
BASE,OPERACION_DIARIA-CRITICA-N04,OPERACION_DIARIA,CRITICA,4,GENETICO,43,18,100,cumplimientoPct,100,100,0,100,100
BASE,OPERACION_DIARIA-CRITICA-N04,OPERACION_DIARIA,CRITICA,4,GENETICO,43,18,100,costo,17142,17142,0,17142,17142
BASE,OPERACION_DIARIA-CRITICA-N04,OPERACION_DIARIA,CRITICA,4,GENETICO,43,18,100,retrasoHoras,0,0,0,0,0
BASE,OPERACION_DIARIA-CRITICA-N04,OPERACION_DIARIA,CRITICA,4,GENETICO,43,18,100,tiempoAtencionHoras,44.691667,44.691667,0,44.691667,44.691667
BASE,OPERACION_DIARIA-CRITICA-N04,OPERACION_DIARIA,CRITICA,4,GENETICO,43,18,100,cumplimientoPrioritariosPct,100,100,0,100,100
BASE,OPERACION_DIARIA-CRITICA-N04,OPERACION_DIARIA,CRITICA,4,GENETICO,43,18,100,noAsignados,0,0,0,0,0
BASE,OPERACION_DIARIA-CRITICA-N04,OPERACION_DIARIA,CRITICA,4,GENETICO,43,18,100,objetivo,44.691667,44.691667,0,44.691667,44.691667
BASE,OPERACION_DIARIA-CRITICA-N04,OPERACION_DIARIA,CRITICA,4,RECOCIDO_SIMULADO,43,18,100,utilizacionPct,54.901961,54.901961,0,54.901961,54.901961
BASE,OPERACION_DIARIA-CRITICA-N04,OPERACION_DIARIA,CRITICA,4,RECOCIDO_SIMULADO,43,18,100,distanciaKm,2160,2160,0,2160,2160
BASE,OPERACION_DIARIA-CRITICA-N04,OPERACION_DIARIA,CRITICA,4,RECOCIDO_SIMULADO,43,18,100,tiempoMs,705.615894,690.2644,87.510597,549.0117,891.4913
BASE,OPERACION_DIARIA-CRITICA-N04,OPERACION_DIARIA,CRITICA,4,RECOCIDO_SIMULADO,43,18,100,evaluaciones,3816.555556,3701,514.246705,2981,4901
BASE,OPERACION_DIARIA-CRITICA-N04,OPERACION_DIARIA,CRITICA,4,RECOCIDO_SIMULADO,43,18,100,cumplimientoPct,100,100,0,100,100
BASE,OPERACION_DIARIA-CRITICA-N04,OPERACION_DIARIA,CRITICA,4,RECOCIDO_SIMULADO,43,18,100,costo,17142,17142,0,17142,17142
BASE,OPERACION_DIARIA-CRITICA-N04,OPERACION_DIARIA,CRITICA,4,RECOCIDO_SIMULADO,43,18,100,retrasoHoras,0,0,0,0,0
BASE,OPERACION_DIARIA-CRITICA-N04,OPERACION_DIARIA,CRITICA,4,RECOCIDO_SIMULADO,43,18,100,tiempoAtencionHoras,44.691667,44.691667,0,44.691667,44.691667
BASE,OPERACION_DIARIA-CRITICA-N04,OPERACION_DIARIA,CRITICA,4,RECOCIDO_SIMULADO,43,18,100,cumplimientoPrioritariosPct,100,100,0,100,100
BASE,OPERACION_DIARIA-CRITICA-N04,OPERACION_DIARIA,CRITICA,4,RECOCIDO_SIMULADO,43,18,100,noAsignados,0,0,0,0,0
BASE,OPERACION_DIARIA-CRITICA-N04,OPERACION_DIARIA,CRITICA,4,RECOCIDO_SIMULADO,43,18,100,objetivo,44.691667,44.691667,0,44.691667,44.691667
BASE,OPERACION_DIARIA-CRITICA-N05,OPERACION_DIARIA,CRITICA,5,GENETICO,60,18,100,utilizacionPct,77.696078,77.696078,0,77.696078,77.696078
BASE,OPERACION_DIARIA-CRITICA-N05,OPERACION_DIARIA,CRITICA,5,GENETICO,60,18,100,distanciaKm,4293.666667,4317,213.24744,3840,4652
BASE,OPERACION_DIARIA-CRITICA-N05,OPERACION_DIARIA,CRITICA,5,GENETICO,60,18,100,tiempoMs,6129.449461,6076.9315,610.507004,4868.929,7548.9738
BASE,OPERACION_DIARIA-CRITICA-N05,OPERACION_DIARIA,CRITICA,5,GENETICO,60,18,100,evaluaciones,9060,9060,0,9060,9060
BASE,OPERACION_DIARIA-CRITICA-N05,OPERACION_DIARIA,CRITICA,5,GENETICO,60,18,100,cumplimientoPct,98.333333,98.333333,0,98.333333,98.333333
BASE,OPERACION_DIARIA-CRITICA-N05,OPERACION_DIARIA,CRITICA,5,GENETICO,60,18,100,costo,27359.666667,27320,1100.232328,25428,29624
BASE,OPERACION_DIARIA-CRITICA-N05,OPERACION_DIARIA,CRITICA,5,GENETICO,60,18,100,retrasoHoras,0,0,0,0,0
BASE,OPERACION_DIARIA-CRITICA-N05,OPERACION_DIARIA,CRITICA,5,GENETICO,60,18,100,tiempoAtencionHoras,60.260278,60.023333,0.628385,59.958333,62.118333
BASE,OPERACION_DIARIA-CRITICA-N05,OPERACION_DIARIA,CRITICA,5,GENETICO,60,18,100,cumplimientoPrioritariosPct,100,100,0,100,100
BASE,OPERACION_DIARIA-CRITICA-N05,OPERACION_DIARIA,CRITICA,5,GENETICO,60,18,100,noAsignados,1,1,0,1,1
BASE,OPERACION_DIARIA-CRITICA-N05,OPERACION_DIARIA,CRITICA,5,GENETICO,60,18,100,objetivo,5060.260278,5060.023333,0.628385,5059.958333,5062.118333
BASE,OPERACION_DIARIA-CRITICA-N05,OPERACION_DIARIA,CRITICA,5,RECOCIDO_SIMULADO,60,18,100,utilizacionPct,77.696078,77.696078,0,77.696078,77.696078
BASE,OPERACION_DIARIA-CRITICA-N05,OPERACION_DIARIA,CRITICA,5,RECOCIDO_SIMULADO,60,18,100,distanciaKm,4660.888889,4676,131.115077,4432,4894
BASE,OPERACION_DIARIA-CRITICA-N05,OPERACION_DIARIA,CRITICA,5,RECOCIDO_SIMULADO,60,18,100,tiempoMs,1380.82135,1345.25085,99.570319,1204.1398,1584.761
BASE,OPERACION_DIARIA-CRITICA-N05,OPERACION_DIARIA,CRITICA,5,RECOCIDO_SIMULADO,60,18,100,evaluaciones,4596.555556,4521,336.945138,4101,5221
BASE,OPERACION_DIARIA-CRITICA-N05,OPERACION_DIARIA,CRITICA,5,RECOCIDO_SIMULADO,60,18,100,cumplimientoPct,98.055556,98.333333,0.639137,98.333333,96.666667
BASE,OPERACION_DIARIA-CRITICA-N05,OPERACION_DIARIA,CRITICA,5,RECOCIDO_SIMULADO,60,18,100,costo,29557.444444,29455,839.575749,28324,31536
BASE,OPERACION_DIARIA-CRITICA-N05,OPERACION_DIARIA,CRITICA,5,RECOCIDO_SIMULADO,60,18,100,retrasoHoras,0.002778,0,0.006391,0,0.016667
BASE,OPERACION_DIARIA-CRITICA-N05,OPERACION_DIARIA,CRITICA,5,RECOCIDO_SIMULADO,60,18,100,tiempoAtencionHoras,74.633889,75.86,3.85409,66.628333,79.915
BASE,OPERACION_DIARIA-CRITICA-N05,OPERACION_DIARIA,CRITICA,5,RECOCIDO_SIMULADO,60,18,100,cumplimientoPrioritariosPct,99.561404,100,1.009164,100,97.368421
BASE,OPERACION_DIARIA-CRITICA-N05,OPERACION_DIARIA,CRITICA,5,RECOCIDO_SIMULADO,60,18,100,noAsignados,1,1,0,1,1
BASE,OPERACION_DIARIA-CRITICA-N05,OPERACION_DIARIA,CRITICA,5,RECOCIDO_SIMULADO,60,18,100,objetivo,5074.911667,5075.86,4.016888,5066.628333,5080.43
BASE,SIMULACION_CINCO_DIAS-NORMAL-N01,SIMULACION_CINCO_DIAS,NORMAL,1,GENETICO,196,18,100,utilizacionPct,52.116935,52.116935,0,52.116935,52.116935
BASE,SIMULACION_CINCO_DIAS-NORMAL-N01,SIMULACION_CINCO_DIAS,NORMAL,1,GENETICO,196,18,100,distanciaKm,9541.222222,9544,193.098742,9152,9948
BASE,SIMULACION_CINCO_DIAS-NORMAL-N01,SIMULACION_CINCO_DIAS,NORMAL,1,GENETICO,196,18,100,tiempoMs,24569.214294,24819.4998,1049.81766,22672.1142,26016.7173
BASE,SIMULACION_CINCO_DIAS-NORMAL-N01,SIMULACION_CINCO_DIAS,NORMAL,1,GENETICO,196,18,100,evaluaciones,45300,45300,0,45300,45300
BASE,SIMULACION_CINCO_DIAS-NORMAL-N01,SIMULACION_CINCO_DIAS,NORMAL,1,GENETICO,196,18,100,cumplimientoPct,97.959184,97.959184,0,97.959184,97.959184
BASE,SIMULACION_CINCO_DIAS-NORMAL-N01,SIMULACION_CINCO_DIAS,NORMAL,1,GENETICO,196,18,100,costo,71246.444444,71175,1457.886876,69218,74066
BASE,SIMULACION_CINCO_DIAS-NORMAL-N01,SIMULACION_CINCO_DIAS,NORMAL,1,GENETICO,196,18,100,retrasoHoras,0,0,0,0,0
BASE,SIMULACION_CINCO_DIAS-NORMAL-N01,SIMULACION_CINCO_DIAS,NORMAL,1,GENETICO,196,18,100,tiempoAtencionHoras,194.032222,194.09,0.192187,193.85,194.61
BASE,SIMULACION_CINCO_DIAS-NORMAL-N01,SIMULACION_CINCO_DIAS,NORMAL,1,GENETICO,196,18,100,cumplimientoPrioritariosPct,97.202797,97.202797,0,97.202797,97.202797
BASE,SIMULACION_CINCO_DIAS-NORMAL-N01,SIMULACION_CINCO_DIAS,NORMAL,1,GENETICO,196,18,100,noAsignados,4,4,0,4,4
BASE,SIMULACION_CINCO_DIAS-NORMAL-N01,SIMULACION_CINCO_DIAS,NORMAL,1,GENETICO,196,18,100,objetivo,20194.032222,20194.09,0.192187,20193.85,20194.61
BASE,SIMULACION_CINCO_DIAS-NORMAL-N01,SIMULACION_CINCO_DIAS,NORMAL,1,RECOCIDO_SIMULADO,196,18,100,utilizacionPct,52.116935,52.116935,0,52.116935,52.116935
BASE,SIMULACION_CINCO_DIAS-NORMAL-N01,SIMULACION_CINCO_DIAS,NORMAL,1,RECOCIDO_SIMULADO,196,18,100,distanciaKm,10572.666667,10657,227.719125,10156,10822
BASE,SIMULACION_CINCO_DIAS-NORMAL-N01,SIMULACION_CINCO_DIAS,NORMAL,1,RECOCIDO_SIMULADO,196,18,100,tiempoMs,4860.901111,4859.7664,252.623709,4355.4483,5365.4366
BASE,SIMULACION_CINCO_DIAS-NORMAL-N01,SIMULACION_CINCO_DIAS,NORMAL,1,RECOCIDO_SIMULADO,196,18,100,evaluaciones,21929.444444,22025,856.162589,19785,23145
BASE,SIMULACION_CINCO_DIAS-NORMAL-N01,SIMULACION_CINCO_DIAS,NORMAL,1,RECOCIDO_SIMULADO,196,18,100,cumplimientoPct,97.959184,97.959184,0,97.959184,97.959184
BASE,SIMULACION_CINCO_DIAS-NORMAL-N01,SIMULACION_CINCO_DIAS,NORMAL,1,RECOCIDO_SIMULADO,196,18,100,costo,75252,75334,1069.258567,72624,76802
BASE,SIMULACION_CINCO_DIAS-NORMAL-N01,SIMULACION_CINCO_DIAS,NORMAL,1,RECOCIDO_SIMULADO,196,18,100,retrasoHoras,0,0,0,0,0
BASE,SIMULACION_CINCO_DIAS-NORMAL-N01,SIMULACION_CINCO_DIAS,NORMAL,1,RECOCIDO_SIMULADO,196,18,100,tiempoAtencionHoras,203.621389,203.664167,3.166661,198.853333,212.778333
BASE,SIMULACION_CINCO_DIAS-NORMAL-N01,SIMULACION_CINCO_DIAS,NORMAL,1,RECOCIDO_SIMULADO,196,18,100,cumplimientoPrioritariosPct,97.202797,97.202797,0,97.202797,97.202797
BASE,SIMULACION_CINCO_DIAS-NORMAL-N01,SIMULACION_CINCO_DIAS,NORMAL,1,RECOCIDO_SIMULADO,196,18,100,noAsignados,4,4,0,4,4
BASE,SIMULACION_CINCO_DIAS-NORMAL-N01,SIMULACION_CINCO_DIAS,NORMAL,1,RECOCIDO_SIMULADO,196,18,100,objetivo,20203.621389,20203.664167,3.166661,20198.853333,20212.778333
BASE,SIMULACION_CINCO_DIAS-NORMAL-N02,SIMULACION_CINCO_DIAS,NORMAL,2,GENETICO,151,18,100,utilizacionPct,37.701613,37.701613,0,37.701613,37.701613
BASE,SIMULACION_CINCO_DIAS-NORMAL-N02,SIMULACION_CINCO_DIAS,NORMAL,2,GENETICO,151,18,100,distanciaKm,7370.555556,7353,161.244871,7128,7820
BASE,SIMULACION_CINCO_DIAS-NORMAL-N02,SIMULACION_CINCO_DIAS,NORMAL,2,GENETICO,151,18,100,tiempoMs,23812.263028,23731.0331,921.078812,22353.689,25921.7928
BASE,SIMULACION_CINCO_DIAS-NORMAL-N02,SIMULACION_CINCO_DIAS,NORMAL,2,GENETICO,151,18,100,evaluaciones,45300,45300,0,45300,45300
BASE,SIMULACION_CINCO_DIAS-NORMAL-N02,SIMULACION_CINCO_DIAS,NORMAL,2,GENETICO,151,18,100,cumplimientoPct,94.701987,94.701987,0,94.701987,94.701987
BASE,SIMULACION_CINCO_DIAS-NORMAL-N02,SIMULACION_CINCO_DIAS,NORMAL,2,GENETICO,151,18,100,costo,57241.777778,57101,1116.901363,55404,60018
BASE,SIMULACION_CINCO_DIAS-NORMAL-N02,SIMULACION_CINCO_DIAS,NORMAL,2,GENETICO,151,18,100,retrasoHoras,0,0,0,0,0
BASE,SIMULACION_CINCO_DIAS-NORMAL-N02,SIMULACION_CINCO_DIAS,NORMAL,2,GENETICO,151,18,100,tiempoAtencionHoras,144.068333,144.076667,0.071146,143.791667,144.121667
BASE,SIMULACION_CINCO_DIAS-NORMAL-N02,SIMULACION_CINCO_DIAS,NORMAL,2,GENETICO,151,18,100,cumplimientoPrioritariosPct,94.318182,94.318182,0,94.318182,94.318182
BASE,SIMULACION_CINCO_DIAS-NORMAL-N02,SIMULACION_CINCO_DIAS,NORMAL,2,GENETICO,151,18,100,noAsignados,8,8,0,8,8
BASE,SIMULACION_CINCO_DIAS-NORMAL-N02,SIMULACION_CINCO_DIAS,NORMAL,2,GENETICO,151,18,100,objetivo,40144.068333,40144.076667,0.071146,40143.791667,40144.121667
BASE,SIMULACION_CINCO_DIAS-NORMAL-N02,SIMULACION_CINCO_DIAS,NORMAL,2,RECOCIDO_SIMULADO,151,18,100,utilizacionPct,37.701613,37.701613,0,37.701613,37.701613
BASE,SIMULACION_CINCO_DIAS-NORMAL-N02,SIMULACION_CINCO_DIAS,NORMAL,2,RECOCIDO_SIMULADO,151,18,100,distanciaKm,7682.777778,7586,276.688093,7206,8234
BASE,SIMULACION_CINCO_DIAS-NORMAL-N02,SIMULACION_CINCO_DIAS,NORMAL,2,RECOCIDO_SIMULADO,151,18,100,tiempoMs,4142.694983,4074.5603,290.117814,3661.5536,4579.1698
BASE,SIMULACION_CINCO_DIAS-NORMAL-N02,SIMULACION_CINCO_DIAS,NORMAL,2,RECOCIDO_SIMULADO,151,18,100,evaluaciones,18836.111111,18705,1091.210277,17065,20985
BASE,SIMULACION_CINCO_DIAS-NORMAL-N02,SIMULACION_CINCO_DIAS,NORMAL,2,RECOCIDO_SIMULADO,151,18,100,cumplimientoPct,94.701987,94.701987,0,94.701987,94.701987
BASE,SIMULACION_CINCO_DIAS-NORMAL-N02,SIMULACION_CINCO_DIAS,NORMAL,2,RECOCIDO_SIMULADO,151,18,100,costo,58463,58384,1051.047713,56922,60790
BASE,SIMULACION_CINCO_DIAS-NORMAL-N02,SIMULACION_CINCO_DIAS,NORMAL,2,RECOCIDO_SIMULADO,151,18,100,retrasoHoras,0,0,0,0,0
BASE,SIMULACION_CINCO_DIAS-NORMAL-N02,SIMULACION_CINCO_DIAS,NORMAL,2,RECOCIDO_SIMULADO,151,18,100,tiempoAtencionHoras,146.096481,146.191667,0.298994,145.566667,146.383333
BASE,SIMULACION_CINCO_DIAS-NORMAL-N02,SIMULACION_CINCO_DIAS,NORMAL,2,RECOCIDO_SIMULADO,151,18,100,cumplimientoPrioritariosPct,94.318182,94.318182,0,94.318182,94.318182
BASE,SIMULACION_CINCO_DIAS-NORMAL-N02,SIMULACION_CINCO_DIAS,NORMAL,2,RECOCIDO_SIMULADO,151,18,100,noAsignados,8,8,0,8,8
BASE,SIMULACION_CINCO_DIAS-NORMAL-N02,SIMULACION_CINCO_DIAS,NORMAL,2,RECOCIDO_SIMULADO,151,18,100,objetivo,40146.096481,40146.191667,0.298994,40145.566667,40146.383333
BASE,SIMULACION_CINCO_DIAS-NORMAL-N03,SIMULACION_CINCO_DIAS,NORMAL,3,GENETICO,172,18,100,utilizacionPct,43.044355,43.044355,0,43.044355,43.044355
BASE,SIMULACION_CINCO_DIAS-NORMAL-N03,SIMULACION_CINCO_DIAS,NORMAL,3,GENETICO,172,18,100,distanciaKm,8601.777778,8624,166.72893,8326,8842
BASE,SIMULACION_CINCO_DIAS-NORMAL-N03,SIMULACION_CINCO_DIAS,NORMAL,3,GENETICO,172,18,100,tiempoMs,21876.632478,22046.94705,858.303419,19541.665,22825.4504
BASE,SIMULACION_CINCO_DIAS-NORMAL-N03,SIMULACION_CINCO_DIAS,NORMAL,3,GENETICO,172,18,100,evaluaciones,45300,45300,0,45300,45300
BASE,SIMULACION_CINCO_DIAS-NORMAL-N03,SIMULACION_CINCO_DIAS,NORMAL,3,GENETICO,172,18,100,cumplimientoPct,97.674419,97.674419,0,97.674419,97.674419
BASE,SIMULACION_CINCO_DIAS-NORMAL-N03,SIMULACION_CINCO_DIAS,NORMAL,3,GENETICO,172,18,100,costo,66240.777778,66569,1082.249322,63912,68302
BASE,SIMULACION_CINCO_DIAS-NORMAL-N03,SIMULACION_CINCO_DIAS,NORMAL,3,GENETICO,172,18,100,retrasoHoras,0,0,0,0,0
BASE,SIMULACION_CINCO_DIAS-NORMAL-N03,SIMULACION_CINCO_DIAS,NORMAL,3,GENETICO,172,18,100,tiempoAtencionHoras,169.949907,169.958333,0.012929,169.933333,169.961667
BASE,SIMULACION_CINCO_DIAS-NORMAL-N03,SIMULACION_CINCO_DIAS,NORMAL,3,GENETICO,172,18,100,cumplimientoPrioritariosPct,96.842105,96.842105,0,96.842105,96.842105
BASE,SIMULACION_CINCO_DIAS-NORMAL-N03,SIMULACION_CINCO_DIAS,NORMAL,3,GENETICO,172,18,100,noAsignados,4,4,0,4,4
BASE,SIMULACION_CINCO_DIAS-NORMAL-N03,SIMULACION_CINCO_DIAS,NORMAL,3,GENETICO,172,18,100,objetivo,20169.949907,20169.958333,0.012929,20169.933333,20169.961667
BASE,SIMULACION_CINCO_DIAS-NORMAL-N03,SIMULACION_CINCO_DIAS,NORMAL,3,RECOCIDO_SIMULADO,172,18,100,utilizacionPct,43.044355,43.044355,0,43.044355,43.044355
BASE,SIMULACION_CINCO_DIAS-NORMAL-N03,SIMULACION_CINCO_DIAS,NORMAL,3,RECOCIDO_SIMULADO,172,18,100,distanciaKm,8798.333333,8730,410.941101,8320,9744
BASE,SIMULACION_CINCO_DIAS-NORMAL-N03,SIMULACION_CINCO_DIAS,NORMAL,3,RECOCIDO_SIMULADO,172,18,100,tiempoMs,3642.09875,3605.28445,188.514337,3366.5345,4066.5309
BASE,SIMULACION_CINCO_DIAS-NORMAL-N03,SIMULACION_CINCO_DIAS,NORMAL,3,RECOCIDO_SIMULADO,172,18,100,evaluaciones,18385,18185,929.110897,16985,20145
BASE,SIMULACION_CINCO_DIAS-NORMAL-N03,SIMULACION_CINCO_DIAS,NORMAL,3,RECOCIDO_SIMULADO,172,18,100,cumplimientoPct,97.674419,97.674419,0,97.674419,97.674419
BASE,SIMULACION_CINCO_DIAS-NORMAL-N03,SIMULACION_CINCO_DIAS,NORMAL,3,RECOCIDO_SIMULADO,172,18,100,costo,66851.444444,66828,1026.783397,65298,68702
BASE,SIMULACION_CINCO_DIAS-NORMAL-N03,SIMULACION_CINCO_DIAS,NORMAL,3,RECOCIDO_SIMULADO,172,18,100,retrasoHoras,0,0,0,0,0
BASE,SIMULACION_CINCO_DIAS-NORMAL-N03,SIMULACION_CINCO_DIAS,NORMAL,3,RECOCIDO_SIMULADO,172,18,100,tiempoAtencionHoras,172.370648,172.580833,0.703767,170.866667,173.458333
BASE,SIMULACION_CINCO_DIAS-NORMAL-N03,SIMULACION_CINCO_DIAS,NORMAL,3,RECOCIDO_SIMULADO,172,18,100,cumplimientoPrioritariosPct,96.842105,96.842105,0,96.842105,96.842105
BASE,SIMULACION_CINCO_DIAS-NORMAL-N03,SIMULACION_CINCO_DIAS,NORMAL,3,RECOCIDO_SIMULADO,172,18,100,noAsignados,4,4,0,4,4
BASE,SIMULACION_CINCO_DIAS-NORMAL-N03,SIMULACION_CINCO_DIAS,NORMAL,3,RECOCIDO_SIMULADO,172,18,100,objetivo,20172.370648,20172.580833,0.703767,20170.866667,20173.458333
BASE,SIMULACION_CINCO_DIAS-NORMAL-N04,SIMULACION_CINCO_DIAS,NORMAL,4,GENETICO,176,18,100,utilizacionPct,46.320565,46.320565,0,46.320565,46.320565
BASE,SIMULACION_CINCO_DIAS-NORMAL-N04,SIMULACION_CINCO_DIAS,NORMAL,4,GENETICO,176,18,100,distanciaKm,9029.444444,8976,252.171562,8646,9456
BASE,SIMULACION_CINCO_DIAS-NORMAL-N04,SIMULACION_CINCO_DIAS,NORMAL,4,GENETICO,176,18,100,tiempoMs,23150.516667,22965.4206,880.491961,22023.8493,25258.4422
BASE,SIMULACION_CINCO_DIAS-NORMAL-N04,SIMULACION_CINCO_DIAS,NORMAL,4,GENETICO,176,18,100,evaluaciones,45300,45300,0,45300,45300
BASE,SIMULACION_CINCO_DIAS-NORMAL-N04,SIMULACION_CINCO_DIAS,NORMAL,4,GENETICO,176,18,100,cumplimientoPct,96.590909,96.590909,0,96.590909,96.590909
BASE,SIMULACION_CINCO_DIAS-NORMAL-N04,SIMULACION_CINCO_DIAS,NORMAL,4,GENETICO,176,18,100,costo,68017.111111,67970,2031.875543,65060,71582
BASE,SIMULACION_CINCO_DIAS-NORMAL-N04,SIMULACION_CINCO_DIAS,NORMAL,4,GENETICO,176,18,100,retrasoHoras,0,0,0,0,0
BASE,SIMULACION_CINCO_DIAS-NORMAL-N04,SIMULACION_CINCO_DIAS,NORMAL,4,GENETICO,176,18,100,tiempoAtencionHoras,170.926389,171.025,0.315235,170.45,171.4
BASE,SIMULACION_CINCO_DIAS-NORMAL-N04,SIMULACION_CINCO_DIAS,NORMAL,4,GENETICO,176,18,100,cumplimientoPrioritariosPct,97.196262,97.196262,0,97.196262,97.196262
BASE,SIMULACION_CINCO_DIAS-NORMAL-N04,SIMULACION_CINCO_DIAS,NORMAL,4,GENETICO,176,18,100,noAsignados,6,6,0,6,6
BASE,SIMULACION_CINCO_DIAS-NORMAL-N04,SIMULACION_CINCO_DIAS,NORMAL,4,GENETICO,176,18,100,objetivo,30170.926389,30171.025,0.315235,30170.45,30171.4
BASE,SIMULACION_CINCO_DIAS-NORMAL-N04,SIMULACION_CINCO_DIAS,NORMAL,4,RECOCIDO_SIMULADO,176,18,100,utilizacionPct,46.320565,46.320565,0,46.320565,46.320565
BASE,SIMULACION_CINCO_DIAS-NORMAL-N04,SIMULACION_CINCO_DIAS,NORMAL,4,RECOCIDO_SIMULADO,176,18,100,distanciaKm,8952.888889,9102,331.481681,8558,9318
BASE,SIMULACION_CINCO_DIAS-NORMAL-N04,SIMULACION_CINCO_DIAS,NORMAL,4,RECOCIDO_SIMULADO,176,18,100,tiempoMs,4431.096283,4439.12195,241.020259,3984.4122,4878.2587
BASE,SIMULACION_CINCO_DIAS-NORMAL-N04,SIMULACION_CINCO_DIAS,NORMAL,4,RECOCIDO_SIMULADO,176,18,100,evaluaciones,19825,19745,1099.56141,17905,22185
BASE,SIMULACION_CINCO_DIAS-NORMAL-N04,SIMULACION_CINCO_DIAS,NORMAL,4,RECOCIDO_SIMULADO,176,18,100,cumplimientoPct,96.590909,96.590909,0,96.590909,96.590909
BASE,SIMULACION_CINCO_DIAS-NORMAL-N04,SIMULACION_CINCO_DIAS,NORMAL,4,RECOCIDO_SIMULADO,176,18,100,costo,68254.555556,68413,1221.151589,66886,70030
BASE,SIMULACION_CINCO_DIAS-NORMAL-N04,SIMULACION_CINCO_DIAS,NORMAL,4,RECOCIDO_SIMULADO,176,18,100,retrasoHoras,0,0,0,0,0
BASE,SIMULACION_CINCO_DIAS-NORMAL-N04,SIMULACION_CINCO_DIAS,NORMAL,4,RECOCIDO_SIMULADO,176,18,100,tiempoAtencionHoras,172.040741,172,0.04925,172,172.1
BASE,SIMULACION_CINCO_DIAS-NORMAL-N04,SIMULACION_CINCO_DIAS,NORMAL,4,RECOCIDO_SIMULADO,176,18,100,cumplimientoPrioritariosPct,97.196262,97.196262,0,97.196262,97.196262
BASE,SIMULACION_CINCO_DIAS-NORMAL-N04,SIMULACION_CINCO_DIAS,NORMAL,4,RECOCIDO_SIMULADO,176,18,100,noAsignados,6,6,0,6,6
BASE,SIMULACION_CINCO_DIAS-NORMAL-N04,SIMULACION_CINCO_DIAS,NORMAL,4,RECOCIDO_SIMULADO,176,18,100,objetivo,30172.040741,30172,0.04925,30172,30172.1
BASE,SIMULACION_CINCO_DIAS-NORMAL-N05,SIMULACION_CINCO_DIAS,NORMAL,5,GENETICO,144,18,100,utilizacionPct,37.65121,37.65121,0,37.65121,37.65121
BASE,SIMULACION_CINCO_DIAS-NORMAL-N05,SIMULACION_CINCO_DIAS,NORMAL,5,GENETICO,144,18,100,distanciaKm,7563.666667,7571,183.613725,7256,7856
BASE,SIMULACION_CINCO_DIAS-NORMAL-N05,SIMULACION_CINCO_DIAS,NORMAL,5,GENETICO,144,18,100,tiempoMs,17529.599717,17345.55085,1078.365866,15427.4031,19860.2315
BASE,SIMULACION_CINCO_DIAS-NORMAL-N05,SIMULACION_CINCO_DIAS,NORMAL,5,GENETICO,144,18,100,evaluaciones,45300,45300,0,45300,45300
BASE,SIMULACION_CINCO_DIAS-NORMAL-N05,SIMULACION_CINCO_DIAS,NORMAL,5,GENETICO,144,18,100,cumplimientoPct,96.527778,96.527778,0,96.527778,96.527778
BASE,SIMULACION_CINCO_DIAS-NORMAL-N05,SIMULACION_CINCO_DIAS,NORMAL,5,GENETICO,144,18,100,costo,59403.888889,59671,1157.176985,57384,61510
BASE,SIMULACION_CINCO_DIAS-NORMAL-N05,SIMULACION_CINCO_DIAS,NORMAL,5,GENETICO,144,18,100,retrasoHoras,0,0,0,0,0
BASE,SIMULACION_CINCO_DIAS-NORMAL-N05,SIMULACION_CINCO_DIAS,NORMAL,5,GENETICO,144,18,100,tiempoAtencionHoras,140.175,140.175,0,140.175,140.175
BASE,SIMULACION_CINCO_DIAS-NORMAL-N05,SIMULACION_CINCO_DIAS,NORMAL,5,GENETICO,144,18,100,cumplimientoPrioritariosPct,97.590361,97.590361,0,97.590361,97.590361
BASE,SIMULACION_CINCO_DIAS-NORMAL-N05,SIMULACION_CINCO_DIAS,NORMAL,5,GENETICO,144,18,100,noAsignados,5,5,0,5,5
BASE,SIMULACION_CINCO_DIAS-NORMAL-N05,SIMULACION_CINCO_DIAS,NORMAL,5,GENETICO,144,18,100,objetivo,25140.175,25140.175,0,25140.175,25140.175
BASE,SIMULACION_CINCO_DIAS-NORMAL-N05,SIMULACION_CINCO_DIAS,NORMAL,5,RECOCIDO_SIMULADO,144,18,100,utilizacionPct,37.65121,37.65121,0,37.65121,37.65121
BASE,SIMULACION_CINCO_DIAS-NORMAL-N05,SIMULACION_CINCO_DIAS,NORMAL,5,RECOCIDO_SIMULADO,144,18,100,distanciaKm,7490,7490,0,7490,7490
BASE,SIMULACION_CINCO_DIAS-NORMAL-N05,SIMULACION_CINCO_DIAS,NORMAL,5,RECOCIDO_SIMULADO,144,18,100,tiempoMs,3280.1268,3307.51545,196.18131,2869.3634,3571.1213
BASE,SIMULACION_CINCO_DIAS-NORMAL-N05,SIMULACION_CINCO_DIAS,NORMAL,5,RECOCIDO_SIMULADO,144,18,100,evaluaciones,18569.444444,18585,912.670434,16705,19865
BASE,SIMULACION_CINCO_DIAS-NORMAL-N05,SIMULACION_CINCO_DIAS,NORMAL,5,RECOCIDO_SIMULADO,144,18,100,cumplimientoPct,96.527778,96.527778,0,96.527778,96.527778
BASE,SIMULACION_CINCO_DIAS-NORMAL-N05,SIMULACION_CINCO_DIAS,NORMAL,5,RECOCIDO_SIMULADO,144,18,100,costo,59750,59750,0,59750,59750
BASE,SIMULACION_CINCO_DIAS-NORMAL-N05,SIMULACION_CINCO_DIAS,NORMAL,5,RECOCIDO_SIMULADO,144,18,100,retrasoHoras,0,0,0,0,0
BASE,SIMULACION_CINCO_DIAS-NORMAL-N05,SIMULACION_CINCO_DIAS,NORMAL,5,RECOCIDO_SIMULADO,144,18,100,tiempoAtencionHoras,141.75,141.75,0,141.75,141.75
BASE,SIMULACION_CINCO_DIAS-NORMAL-N05,SIMULACION_CINCO_DIAS,NORMAL,5,RECOCIDO_SIMULADO,144,18,100,cumplimientoPrioritariosPct,97.590361,97.590361,0,97.590361,97.590361
BASE,SIMULACION_CINCO_DIAS-NORMAL-N05,SIMULACION_CINCO_DIAS,NORMAL,5,RECOCIDO_SIMULADO,144,18,100,noAsignados,5,5,0,5,5
BASE,SIMULACION_CINCO_DIAS-NORMAL-N05,SIMULACION_CINCO_DIAS,NORMAL,5,RECOCIDO_SIMULADO,144,18,100,objetivo,25141.75,25141.75,0,25141.75,25141.75
BASE,SIMULACION_CINCO_DIAS-ALTA-N01,SIMULACION_CINCO_DIAS,ALTA,1,GENETICO,246,18,100,utilizacionPct,63.004032,63.004032,0,63.004032,63.004032
BASE,SIMULACION_CINCO_DIAS-ALTA-N01,SIMULACION_CINCO_DIAS,ALTA,1,GENETICO,246,18,100,distanciaKm,12920.777778,12954,234.82473,12470,13310
BASE,SIMULACION_CINCO_DIAS-ALTA-N01,SIMULACION_CINCO_DIAS,ALTA,1,GENETICO,246,18,100,tiempoMs,27829.808394,27643.09375,904.251456,25767.8976,29538.2007
BASE,SIMULACION_CINCO_DIAS-ALTA-N01,SIMULACION_CINCO_DIAS,ALTA,1,GENETICO,246,18,100,evaluaciones,45300,45300,0,45300,45300
BASE,SIMULACION_CINCO_DIAS-ALTA-N01,SIMULACION_CINCO_DIAS,ALTA,1,GENETICO,246,18,100,cumplimientoPct,97.154472,97.154472,0,97.154472,97.154472
BASE,SIMULACION_CINCO_DIAS-ALTA-N01,SIMULACION_CINCO_DIAS,ALTA,1,GENETICO,246,18,100,costo,89199.666667,88796,1919.419551,86000,93028
BASE,SIMULACION_CINCO_DIAS-ALTA-N01,SIMULACION_CINCO_DIAS,ALTA,1,GENETICO,246,18,100,retrasoHoras,0,0,0,0,0
BASE,SIMULACION_CINCO_DIAS-ALTA-N01,SIMULACION_CINCO_DIAS,ALTA,1,GENETICO,246,18,100,tiempoAtencionHoras,243.027778,242.868333,0.23554,242.748333,243.483333
BASE,SIMULACION_CINCO_DIAS-ALTA-N01,SIMULACION_CINCO_DIAS,ALTA,1,GENETICO,246,18,100,cumplimientoPrioritariosPct,96.045198,96.045198,0,96.045198,96.045198
BASE,SIMULACION_CINCO_DIAS-ALTA-N01,SIMULACION_CINCO_DIAS,ALTA,1,GENETICO,246,18,100,noAsignados,7,7,0,7,7
BASE,SIMULACION_CINCO_DIAS-ALTA-N01,SIMULACION_CINCO_DIAS,ALTA,1,GENETICO,246,18,100,objetivo,35243.027778,35242.868333,0.23554,35242.748333,35243.483333
BASE,SIMULACION_CINCO_DIAS-ALTA-N01,SIMULACION_CINCO_DIAS,ALTA,1,RECOCIDO_SIMULADO,246,18,100,utilizacionPct,63.004032,63.004032,0,63.004032,63.004032
BASE,SIMULACION_CINCO_DIAS-ALTA-N01,SIMULACION_CINCO_DIAS,ALTA,1,RECOCIDO_SIMULADO,246,18,100,distanciaKm,13382,13467,177.146002,12986,13588
BASE,SIMULACION_CINCO_DIAS-ALTA-N01,SIMULACION_CINCO_DIAS,ALTA,1,RECOCIDO_SIMULADO,246,18,100,tiempoMs,5786.08105,5768.892,241.433164,5386.7861,6287.4037
BASE,SIMULACION_CINCO_DIAS-ALTA-N01,SIMULACION_CINCO_DIAS,ALTA,1,RECOCIDO_SIMULADO,246,18,100,evaluaciones,21922.777778,21725,886.311295,20505,23625
BASE,SIMULACION_CINCO_DIAS-ALTA-N01,SIMULACION_CINCO_DIAS,ALTA,1,RECOCIDO_SIMULADO,246,18,100,cumplimientoPct,97.154472,97.154472,0,97.154472,97.154472
BASE,SIMULACION_CINCO_DIAS-ALTA-N01,SIMULACION_CINCO_DIAS,ALTA,1,RECOCIDO_SIMULADO,246,18,100,costo,89964.222222,90315,1300.535797,87588,92046
BASE,SIMULACION_CINCO_DIAS-ALTA-N01,SIMULACION_CINCO_DIAS,ALTA,1,RECOCIDO_SIMULADO,246,18,100,retrasoHoras,0,0,0,0,0
BASE,SIMULACION_CINCO_DIAS-ALTA-N01,SIMULACION_CINCO_DIAS,ALTA,1,RECOCIDO_SIMULADO,246,18,100,tiempoAtencionHoras,264.662778,263.848333,7.74919,255.265,291.873333
BASE,SIMULACION_CINCO_DIAS-ALTA-N01,SIMULACION_CINCO_DIAS,ALTA,1,RECOCIDO_SIMULADO,246,18,100,cumplimientoPrioritariosPct,96.045198,96.045198,0,96.045198,96.045198
BASE,SIMULACION_CINCO_DIAS-ALTA-N01,SIMULACION_CINCO_DIAS,ALTA,1,RECOCIDO_SIMULADO,246,18,100,noAsignados,7,7,0,7,7
BASE,SIMULACION_CINCO_DIAS-ALTA-N01,SIMULACION_CINCO_DIAS,ALTA,1,RECOCIDO_SIMULADO,246,18,100,objetivo,35264.662778,35263.848333,7.74919,35255.265,35291.873333
BASE,SIMULACION_CINCO_DIAS-ALTA-N02,SIMULACION_CINCO_DIAS,ALTA,2,GENETICO,210,18,100,utilizacionPct,54.637097,54.637097,0,54.637097,54.637097
BASE,SIMULACION_CINCO_DIAS-ALTA-N02,SIMULACION_CINCO_DIAS,ALTA,2,GENETICO,210,18,100,distanciaKm,11277.222222,11259,193.524753,11018,11882
BASE,SIMULACION_CINCO_DIAS-ALTA-N02,SIMULACION_CINCO_DIAS,ALTA,2,GENETICO,210,18,100,tiempoMs,24862.832172,24801.69985,1073.7631,23314.4618,26756.5204
BASE,SIMULACION_CINCO_DIAS-ALTA-N02,SIMULACION_CINCO_DIAS,ALTA,2,GENETICO,210,18,100,evaluaciones,45300,45300,0,45300,45300
BASE,SIMULACION_CINCO_DIAS-ALTA-N02,SIMULACION_CINCO_DIAS,ALTA,2,GENETICO,210,18,100,cumplimientoPct,97.142857,97.142857,0,97.142857,97.142857
BASE,SIMULACION_CINCO_DIAS-ALTA-N02,SIMULACION_CINCO_DIAS,ALTA,2,GENETICO,210,18,100,costo,80309.777778,80219,1474.272684,77260,82806
BASE,SIMULACION_CINCO_DIAS-ALTA-N02,SIMULACION_CINCO_DIAS,ALTA,2,GENETICO,210,18,100,retrasoHoras,0,0,0,0,0
BASE,SIMULACION_CINCO_DIAS-ALTA-N02,SIMULACION_CINCO_DIAS,ALTA,2,GENETICO,210,18,100,tiempoAtencionHoras,205.616389,205.681667,0.126089,205.351667,205.681667
BASE,SIMULACION_CINCO_DIAS-ALTA-N02,SIMULACION_CINCO_DIAS,ALTA,2,GENETICO,210,18,100,cumplimientoPrioritariosPct,98.412698,98.412698,0,98.412698,98.412698
BASE,SIMULACION_CINCO_DIAS-ALTA-N02,SIMULACION_CINCO_DIAS,ALTA,2,GENETICO,210,18,100,noAsignados,6,6,0,6,6
BASE,SIMULACION_CINCO_DIAS-ALTA-N02,SIMULACION_CINCO_DIAS,ALTA,2,GENETICO,210,18,100,objetivo,30205.616389,30205.681667,0.126089,30205.351667,30205.681667
BASE,SIMULACION_CINCO_DIAS-ALTA-N02,SIMULACION_CINCO_DIAS,ALTA,2,RECOCIDO_SIMULADO,210,18,100,utilizacionPct,54.637097,54.637097,0,54.637097,54.637097
BASE,SIMULACION_CINCO_DIAS-ALTA-N02,SIMULACION_CINCO_DIAS,ALTA,2,RECOCIDO_SIMULADO,210,18,100,distanciaKm,11634.444444,11688,226.116634,11182,11948
BASE,SIMULACION_CINCO_DIAS-ALTA-N02,SIMULACION_CINCO_DIAS,ALTA,2,RECOCIDO_SIMULADO,210,18,100,tiempoMs,4165.7827,4193.63455,224.524212,3785.1729,4498.8978
BASE,SIMULACION_CINCO_DIAS-ALTA-N02,SIMULACION_CINCO_DIAS,ALTA,2,RECOCIDO_SIMULADO,210,18,100,evaluaciones,17749.444444,17845,906.124405,16225,19265
BASE,SIMULACION_CINCO_DIAS-ALTA-N02,SIMULACION_CINCO_DIAS,ALTA,2,RECOCIDO_SIMULADO,210,18,100,cumplimientoPct,97.142857,97.142857,0,97.142857,97.142857
BASE,SIMULACION_CINCO_DIAS-ALTA-N02,SIMULACION_CINCO_DIAS,ALTA,2,RECOCIDO_SIMULADO,210,18,100,costo,82349.666667,82141,983.708051,80968,83768
BASE,SIMULACION_CINCO_DIAS-ALTA-N02,SIMULACION_CINCO_DIAS,ALTA,2,RECOCIDO_SIMULADO,210,18,100,retrasoHoras,0,0,0,0,0
BASE,SIMULACION_CINCO_DIAS-ALTA-N02,SIMULACION_CINCO_DIAS,ALTA,2,RECOCIDO_SIMULADO,210,18,100,tiempoAtencionHoras,214.765741,215.419167,3.272293,209.533333,221.975
BASE,SIMULACION_CINCO_DIAS-ALTA-N02,SIMULACION_CINCO_DIAS,ALTA,2,RECOCIDO_SIMULADO,210,18,100,cumplimientoPrioritariosPct,98.412698,98.412698,0,98.412698,98.412698
BASE,SIMULACION_CINCO_DIAS-ALTA-N02,SIMULACION_CINCO_DIAS,ALTA,2,RECOCIDO_SIMULADO,210,18,100,noAsignados,6,6,0,6,6
BASE,SIMULACION_CINCO_DIAS-ALTA-N02,SIMULACION_CINCO_DIAS,ALTA,2,RECOCIDO_SIMULADO,210,18,100,objetivo,30214.765741,30215.419167,3.272293,30209.533333,30221.975
BASE,SIMULACION_CINCO_DIAS-ALTA-N03,SIMULACION_CINCO_DIAS,ALTA,3,GENETICO,246,18,100,utilizacionPct,61.391129,61.391129,0,61.391129,61.391129
BASE,SIMULACION_CINCO_DIAS-ALTA-N03,SIMULACION_CINCO_DIAS,ALTA,3,GENETICO,246,18,100,distanciaKm,13213.111111,13184,237.046754,12788,13664
BASE,SIMULACION_CINCO_DIAS-ALTA-N03,SIMULACION_CINCO_DIAS,ALTA,3,GENETICO,246,18,100,tiempoMs,31332.173406,31729.66055,1258.230309,28775.2551,33117.3806
BASE,SIMULACION_CINCO_DIAS-ALTA-N03,SIMULACION_CINCO_DIAS,ALTA,3,GENETICO,246,18,100,evaluaciones,45300,45300,0,45300,45300
BASE,SIMULACION_CINCO_DIAS-ALTA-N03,SIMULACION_CINCO_DIAS,ALTA,3,GENETICO,246,18,100,cumplimientoPct,97.154472,97.154472,0,97.154472,97.154472
BASE,SIMULACION_CINCO_DIAS-ALTA-N03,SIMULACION_CINCO_DIAS,ALTA,3,GENETICO,246,18,100,costo,90027.555556,90305,1603.908983,87116,92196
BASE,SIMULACION_CINCO_DIAS-ALTA-N03,SIMULACION_CINCO_DIAS,ALTA,3,GENETICO,246,18,100,retrasoHoras,0,0,0,0,0
BASE,SIMULACION_CINCO_DIAS-ALTA-N03,SIMULACION_CINCO_DIAS,ALTA,3,GENETICO,246,18,100,tiempoAtencionHoras,241.70213,241.718333,0.163056,241.326667,241.99
BASE,SIMULACION_CINCO_DIAS-ALTA-N03,SIMULACION_CINCO_DIAS,ALTA,3,GENETICO,246,18,100,cumplimientoPrioritariosPct,95.833333,95.833333,0,95.833333,95.833333
BASE,SIMULACION_CINCO_DIAS-ALTA-N03,SIMULACION_CINCO_DIAS,ALTA,3,GENETICO,246,18,100,noAsignados,7,7,0,7,7
BASE,SIMULACION_CINCO_DIAS-ALTA-N03,SIMULACION_CINCO_DIAS,ALTA,3,GENETICO,246,18,100,objetivo,35241.70213,35241.718333,0.163056,35241.326667,35241.99
BASE,SIMULACION_CINCO_DIAS-ALTA-N03,SIMULACION_CINCO_DIAS,ALTA,3,RECOCIDO_SIMULADO,246,18,100,utilizacionPct,61.391129,61.391129,0,61.391129,61.391129
BASE,SIMULACION_CINCO_DIAS-ALTA-N03,SIMULACION_CINCO_DIAS,ALTA,3,RECOCIDO_SIMULADO,246,18,100,distanciaKm,14032.333333,13995,423.275324,13418,14778
BASE,SIMULACION_CINCO_DIAS-ALTA-N03,SIMULACION_CINCO_DIAS,ALTA,3,RECOCIDO_SIMULADO,246,18,100,tiempoMs,5753.554406,5852.2701,318.81319,5213.6545,6302.6244
BASE,SIMULACION_CINCO_DIAS-ALTA-N03,SIMULACION_CINCO_DIAS,ALTA,3,RECOCIDO_SIMULADO,246,18,100,evaluaciones,20758.333333,20785,1031.823058,19105,22625
BASE,SIMULACION_CINCO_DIAS-ALTA-N03,SIMULACION_CINCO_DIAS,ALTA,3,RECOCIDO_SIMULADO,246,18,100,cumplimientoPct,97.154472,97.154472,0,97.154472,97.154472
BASE,SIMULACION_CINCO_DIAS-ALTA-N03,SIMULACION_CINCO_DIAS,ALTA,3,RECOCIDO_SIMULADO,246,18,100,costo,94094.111111,93957,1630.349002,91746,97756
BASE,SIMULACION_CINCO_DIAS-ALTA-N03,SIMULACION_CINCO_DIAS,ALTA,3,RECOCIDO_SIMULADO,246,18,100,retrasoHoras,0,0,0,0,0
BASE,SIMULACION_CINCO_DIAS-ALTA-N03,SIMULACION_CINCO_DIAS,ALTA,3,RECOCIDO_SIMULADO,246,18,100,tiempoAtencionHoras,267.086574,268.213333,4.802443,257.163333,278.316667
BASE,SIMULACION_CINCO_DIAS-ALTA-N03,SIMULACION_CINCO_DIAS,ALTA,3,RECOCIDO_SIMULADO,246,18,100,cumplimientoPrioritariosPct,95.833333,95.833333,0,95.833333,95.833333
BASE,SIMULACION_CINCO_DIAS-ALTA-N03,SIMULACION_CINCO_DIAS,ALTA,3,RECOCIDO_SIMULADO,246,18,100,noAsignados,7,7,0,7,7
BASE,SIMULACION_CINCO_DIAS-ALTA-N03,SIMULACION_CINCO_DIAS,ALTA,3,RECOCIDO_SIMULADO,246,18,100,objetivo,35267.086574,35268.213333,4.802443,35257.163333,35278.316667
BASE,SIMULACION_CINCO_DIAS-ALTA-N04,SIMULACION_CINCO_DIAS,ALTA,4,GENETICO,235,18,100,utilizacionPct,61.441532,61.441532,0,61.441532,61.441532
BASE,SIMULACION_CINCO_DIAS-ALTA-N04,SIMULACION_CINCO_DIAS,ALTA,4,GENETICO,235,18,100,distanciaKm,12740.222222,12700,272.544342,12330,13358
BASE,SIMULACION_CINCO_DIAS-ALTA-N04,SIMULACION_CINCO_DIAS,ALTA,4,GENETICO,235,18,100,tiempoMs,25589.418211,25667.62875,1150.23982,22701.9034,27154.6791
BASE,SIMULACION_CINCO_DIAS-ALTA-N04,SIMULACION_CINCO_DIAS,ALTA,4,GENETICO,235,18,100,evaluaciones,45300,45300,0,45300,45300
BASE,SIMULACION_CINCO_DIAS-ALTA-N04,SIMULACION_CINCO_DIAS,ALTA,4,GENETICO,235,18,100,cumplimientoPct,95.319149,95.319149,0,95.319149,95.319149
BASE,SIMULACION_CINCO_DIAS-ALTA-N04,SIMULACION_CINCO_DIAS,ALTA,4,GENETICO,235,18,100,costo,89754.666667,89456,1511.65947,87284,92630
BASE,SIMULACION_CINCO_DIAS-ALTA-N04,SIMULACION_CINCO_DIAS,ALTA,4,GENETICO,235,18,100,retrasoHoras,0,0,0,0,0
BASE,SIMULACION_CINCO_DIAS-ALTA-N04,SIMULACION_CINCO_DIAS,ALTA,4,GENETICO,235,18,100,tiempoAtencionHoras,227.238148,227.0675,0.912879,226.266667,229.993333
BASE,SIMULACION_CINCO_DIAS-ALTA-N04,SIMULACION_CINCO_DIAS,ALTA,4,GENETICO,235,18,100,cumplimientoPrioritariosPct,95.302013,95.302013,0,95.302013,95.302013
BASE,SIMULACION_CINCO_DIAS-ALTA-N04,SIMULACION_CINCO_DIAS,ALTA,4,GENETICO,235,18,100,noAsignados,11,11,0,11,11
BASE,SIMULACION_CINCO_DIAS-ALTA-N04,SIMULACION_CINCO_DIAS,ALTA,4,GENETICO,235,18,100,objetivo,55227.238148,55227.0675,0.912879,55226.266667,55229.993333
BASE,SIMULACION_CINCO_DIAS-ALTA-N04,SIMULACION_CINCO_DIAS,ALTA,4,RECOCIDO_SIMULADO,235,18,100,utilizacionPct,61.441532,61.441532,0,61.441532,61.441532
BASE,SIMULACION_CINCO_DIAS-ALTA-N04,SIMULACION_CINCO_DIAS,ALTA,4,RECOCIDO_SIMULADO,235,18,100,distanciaKm,13396.333333,13354,417.541967,12510,14098
BASE,SIMULACION_CINCO_DIAS-ALTA-N04,SIMULACION_CINCO_DIAS,ALTA,4,RECOCIDO_SIMULADO,235,18,100,tiempoMs,6277.773667,6274.0406,219.36205,6054.872,6813.3835
BASE,SIMULACION_CINCO_DIAS-ALTA-N04,SIMULACION_CINCO_DIAS,ALTA,4,RECOCIDO_SIMULADO,235,18,100,evaluaciones,21956.111111,21885,717.355346,21145,23785
BASE,SIMULACION_CINCO_DIAS-ALTA-N04,SIMULACION_CINCO_DIAS,ALTA,4,RECOCIDO_SIMULADO,235,18,100,cumplimientoPct,95.319149,95.319149,0,95.319149,95.319149
BASE,SIMULACION_CINCO_DIAS-ALTA-N04,SIMULACION_CINCO_DIAS,ALTA,4,RECOCIDO_SIMULADO,235,18,100,costo,91825.444444,92117,1774.009192,87766,94042
BASE,SIMULACION_CINCO_DIAS-ALTA-N04,SIMULACION_CINCO_DIAS,ALTA,4,RECOCIDO_SIMULADO,235,18,100,retrasoHoras,0,0,0,0,0
BASE,SIMULACION_CINCO_DIAS-ALTA-N04,SIMULACION_CINCO_DIAS,ALTA,4,RECOCIDO_SIMULADO,235,18,100,tiempoAtencionHoras,241.051481,241.296667,3.136828,235.136667,246.65
BASE,SIMULACION_CINCO_DIAS-ALTA-N04,SIMULACION_CINCO_DIAS,ALTA,4,RECOCIDO_SIMULADO,235,18,100,cumplimientoPrioritariosPct,95.302013,95.302013,0,95.302013,95.302013
BASE,SIMULACION_CINCO_DIAS-ALTA-N04,SIMULACION_CINCO_DIAS,ALTA,4,RECOCIDO_SIMULADO,235,18,100,noAsignados,11,11,0,11,11
BASE,SIMULACION_CINCO_DIAS-ALTA-N04,SIMULACION_CINCO_DIAS,ALTA,4,RECOCIDO_SIMULADO,235,18,100,objetivo,55241.051481,55241.296667,3.136828,55235.136667,55246.65
BASE,SIMULACION_CINCO_DIAS-ALTA-N05,SIMULACION_CINCO_DIAS,ALTA,5,GENETICO,194,18,100,utilizacionPct,50.100806,50.100806,0,50.100806,50.100806
BASE,SIMULACION_CINCO_DIAS-ALTA-N05,SIMULACION_CINCO_DIAS,ALTA,5,GENETICO,194,18,100,distanciaKm,9997.111111,9976,214.21509,9672,10576
BASE,SIMULACION_CINCO_DIAS-ALTA-N05,SIMULACION_CINCO_DIAS,ALTA,5,GENETICO,194,18,100,tiempoMs,24055.189156,24160.8371,953.364345,21997.0506,25950.9239
BASE,SIMULACION_CINCO_DIAS-ALTA-N05,SIMULACION_CINCO_DIAS,ALTA,5,GENETICO,194,18,100,evaluaciones,45300,45300,0,45300,45300
BASE,SIMULACION_CINCO_DIAS-ALTA-N05,SIMULACION_CINCO_DIAS,ALTA,5,GENETICO,194,18,100,cumplimientoPct,95.360825,95.360825,0,95.360825,95.360825
BASE,SIMULACION_CINCO_DIAS-ALTA-N05,SIMULACION_CINCO_DIAS,ALTA,5,GENETICO,194,18,100,costo,73638.444444,73514,955.891098,71676,74946
BASE,SIMULACION_CINCO_DIAS-ALTA-N05,SIMULACION_CINCO_DIAS,ALTA,5,GENETICO,194,18,100,retrasoHoras,0,0,0,0,0
BASE,SIMULACION_CINCO_DIAS-ALTA-N05,SIMULACION_CINCO_DIAS,ALTA,5,GENETICO,194,18,100,tiempoAtencionHoras,186.891667,186.941667,0.115045,186.641667,186.941667
BASE,SIMULACION_CINCO_DIAS-ALTA-N05,SIMULACION_CINCO_DIAS,ALTA,5,GENETICO,194,18,100,cumplimientoPrioritariosPct,95.652174,95.652174,0,95.652174,95.652174
BASE,SIMULACION_CINCO_DIAS-ALTA-N05,SIMULACION_CINCO_DIAS,ALTA,5,GENETICO,194,18,100,noAsignados,9,9,0,9,9
BASE,SIMULACION_CINCO_DIAS-ALTA-N05,SIMULACION_CINCO_DIAS,ALTA,5,GENETICO,194,18,100,objetivo,45186.891667,45186.941667,0.115045,45186.641667,45186.941667
BASE,SIMULACION_CINCO_DIAS-ALTA-N05,SIMULACION_CINCO_DIAS,ALTA,5,RECOCIDO_SIMULADO,194,18,100,utilizacionPct,50.100806,50.100806,0,50.100806,50.100806
BASE,SIMULACION_CINCO_DIAS-ALTA-N05,SIMULACION_CINCO_DIAS,ALTA,5,RECOCIDO_SIMULADO,194,18,100,distanciaKm,10017.333333,10019,171.272057,9740,10536
BASE,SIMULACION_CINCO_DIAS-ALTA-N05,SIMULACION_CINCO_DIAS,ALTA,5,RECOCIDO_SIMULADO,194,18,100,tiempoMs,4495.439644,4496.30915,187.216427,4139.9843,4773.497
BASE,SIMULACION_CINCO_DIAS-ALTA-N05,SIMULACION_CINCO_DIAS,ALTA,5,RECOCIDO_SIMULADO,194,18,100,evaluaciones,19140.555556,19185,822.150854,17505,20225
BASE,SIMULACION_CINCO_DIAS-ALTA-N05,SIMULACION_CINCO_DIAS,ALTA,5,RECOCIDO_SIMULADO,194,18,100,cumplimientoPct,95.360825,95.360825,0,95.360825,95.360825
BASE,SIMULACION_CINCO_DIAS-ALTA-N05,SIMULACION_CINCO_DIAS,ALTA,5,RECOCIDO_SIMULADO,194,18,100,costo,74843.111111,74915,873.450553,73316,76540
BASE,SIMULACION_CINCO_DIAS-ALTA-N05,SIMULACION_CINCO_DIAS,ALTA,5,RECOCIDO_SIMULADO,194,18,100,retrasoHoras,0,0,0,0,0
BASE,SIMULACION_CINCO_DIAS-ALTA-N05,SIMULACION_CINCO_DIAS,ALTA,5,RECOCIDO_SIMULADO,194,18,100,tiempoAtencionHoras,192.269537,192.105833,1.631892,190.133333,196.525
BASE,SIMULACION_CINCO_DIAS-ALTA-N05,SIMULACION_CINCO_DIAS,ALTA,5,RECOCIDO_SIMULADO,194,18,100,cumplimientoPrioritariosPct,95.652174,95.652174,0,95.652174,95.652174
BASE,SIMULACION_CINCO_DIAS-ALTA-N05,SIMULACION_CINCO_DIAS,ALTA,5,RECOCIDO_SIMULADO,194,18,100,noAsignados,9,9,0,9,9
BASE,SIMULACION_CINCO_DIAS-ALTA-N05,SIMULACION_CINCO_DIAS,ALTA,5,RECOCIDO_SIMULADO,194,18,100,objetivo,45192.269537,45192.105833,1.631892,45190.133333,45196.525
BASE,SIMULACION_CINCO_DIAS-CRITICA-N01,SIMULACION_CINCO_DIAS,CRITICA,1,GENETICO,270,18,100,utilizacionPct,70.211694,70.211694,0,70.211694,70.211694
BASE,SIMULACION_CINCO_DIAS-CRITICA-N01,SIMULACION_CINCO_DIAS,CRITICA,1,GENETICO,270,18,100,distanciaKm,14682,14727,367.17747,13786,15158
BASE,SIMULACION_CINCO_DIAS-CRITICA-N01,SIMULACION_CINCO_DIAS,CRITICA,1,GENETICO,270,18,100,tiempoMs,27222.848939,27380.5217,1354.580409,25199.631599,29764.0973
BASE,SIMULACION_CINCO_DIAS-CRITICA-N01,SIMULACION_CINCO_DIAS,CRITICA,1,GENETICO,270,18,100,evaluaciones,45300,45300,0,45300,45300
BASE,SIMULACION_CINCO_DIAS-CRITICA-N01,SIMULACION_CINCO_DIAS,CRITICA,1,GENETICO,270,18,100,cumplimientoPct,96.666667,96.666667,0,96.666667,96.666667
BASE,SIMULACION_CINCO_DIAS-CRITICA-N01,SIMULACION_CINCO_DIAS,CRITICA,1,GENETICO,270,18,100,costo,98624.555556,99248,2651.733711,91220,101886
BASE,SIMULACION_CINCO_DIAS-CRITICA-N01,SIMULACION_CINCO_DIAS,CRITICA,1,GENETICO,270,18,100,retrasoHoras,0,0,0,0,0
BASE,SIMULACION_CINCO_DIAS-CRITICA-N01,SIMULACION_CINCO_DIAS,CRITICA,1,GENETICO,270,18,100,tiempoAtencionHoras,267.456759,267.119167,1.289243,266.223333,271.298333
BASE,SIMULACION_CINCO_DIAS-CRITICA-N01,SIMULACION_CINCO_DIAS,CRITICA,1,GENETICO,270,18,100,cumplimientoPrioritariosPct,95.287958,95.287958,0,95.287958,95.287958
BASE,SIMULACION_CINCO_DIAS-CRITICA-N01,SIMULACION_CINCO_DIAS,CRITICA,1,GENETICO,270,18,100,noAsignados,9,9,0,9,9
BASE,SIMULACION_CINCO_DIAS-CRITICA-N01,SIMULACION_CINCO_DIAS,CRITICA,1,GENETICO,270,18,100,objetivo,45267.456759,45267.119167,1.289243,45266.223333,45271.298333
BASE,SIMULACION_CINCO_DIAS-CRITICA-N01,SIMULACION_CINCO_DIAS,CRITICA,1,RECOCIDO_SIMULADO,270,18,100,utilizacionPct,70.211694,70.211694,0,70.211694,70.211694
BASE,SIMULACION_CINCO_DIAS-CRITICA-N01,SIMULACION_CINCO_DIAS,CRITICA,1,RECOCIDO_SIMULADO,270,18,100,distanciaKm,15330.222222,15324,252.69362,14956,15760
BASE,SIMULACION_CINCO_DIAS-CRITICA-N01,SIMULACION_CINCO_DIAS,CRITICA,1,RECOCIDO_SIMULADO,270,18,100,tiempoMs,238436.570572,6472.6436,984060.87575,6074.591099,4181507.8516
BASE,SIMULACION_CINCO_DIAS-CRITICA-N01,SIMULACION_CINCO_DIAS,CRITICA,1,RECOCIDO_SIMULADO,270,18,100,evaluaciones,23491.666667,23425,674.091982,22145,24745
BASE,SIMULACION_CINCO_DIAS-CRITICA-N01,SIMULACION_CINCO_DIAS,CRITICA,1,RECOCIDO_SIMULADO,270,18,100,cumplimientoPct,96.666667,96.666667,0,96.666667,96.666667
BASE,SIMULACION_CINCO_DIAS-CRITICA-N01,SIMULACION_CINCO_DIAS,CRITICA,1,RECOCIDO_SIMULADO,270,18,100,costo,100935,101465,1952.913751,97042,105226
BASE,SIMULACION_CINCO_DIAS-CRITICA-N01,SIMULACION_CINCO_DIAS,CRITICA,1,RECOCIDO_SIMULADO,270,18,100,retrasoHoras,0,0,0,0,0
BASE,SIMULACION_CINCO_DIAS-CRITICA-N01,SIMULACION_CINCO_DIAS,CRITICA,1,RECOCIDO_SIMULADO,270,18,100,tiempoAtencionHoras,300.274444,299.333333,6.456389,291.846667,310.673333
BASE,SIMULACION_CINCO_DIAS-CRITICA-N01,SIMULACION_CINCO_DIAS,CRITICA,1,RECOCIDO_SIMULADO,270,18,100,cumplimientoPrioritariosPct,95.287958,95.287958,0,95.287958,95.287958
BASE,SIMULACION_CINCO_DIAS-CRITICA-N01,SIMULACION_CINCO_DIAS,CRITICA,1,RECOCIDO_SIMULADO,270,18,100,noAsignados,9,9,0,9,9
BASE,SIMULACION_CINCO_DIAS-CRITICA-N01,SIMULACION_CINCO_DIAS,CRITICA,1,RECOCIDO_SIMULADO,270,18,100,objetivo,45300.274444,45299.333333,6.456389,45291.846667,45310.673333
BASE,SIMULACION_CINCO_DIAS-CRITICA-N02,SIMULACION_CINCO_DIAS,CRITICA,2,GENETICO,233,18,100,utilizacionPct,61.189516,61.189516,0,61.189516,61.189516
BASE,SIMULACION_CINCO_DIAS-CRITICA-N02,SIMULACION_CINCO_DIAS,CRITICA,2,GENETICO,233,18,100,distanciaKm,12607.888889,12602,249.958559,12092,13006
BASE,SIMULACION_CINCO_DIAS-CRITICA-N02,SIMULACION_CINCO_DIAS,CRITICA,2,GENETICO,233,18,100,tiempoMs,28113.379895,28303.281301,1667.709986,25061.917401,30289.412002
BASE,SIMULACION_CINCO_DIAS-CRITICA-N02,SIMULACION_CINCO_DIAS,CRITICA,2,GENETICO,233,18,100,evaluaciones,45300,45300,0,45300,45300
BASE,SIMULACION_CINCO_DIAS-CRITICA-N02,SIMULACION_CINCO_DIAS,CRITICA,2,GENETICO,233,18,100,cumplimientoPct,96.137339,96.137339,0,96.137339,96.137339
BASE,SIMULACION_CINCO_DIAS-CRITICA-N02,SIMULACION_CINCO_DIAS,CRITICA,2,GENETICO,233,18,100,costo,87849.111111,87845,1348.617108,85590,90408
BASE,SIMULACION_CINCO_DIAS-CRITICA-N02,SIMULACION_CINCO_DIAS,CRITICA,2,GENETICO,233,18,100,retrasoHoras,0,0,0,0,0
BASE,SIMULACION_CINCO_DIAS-CRITICA-N02,SIMULACION_CINCO_DIAS,CRITICA,2,GENETICO,233,18,100,tiempoAtencionHoras,225.723333,225.723333,0,225.723333,225.723333
BASE,SIMULACION_CINCO_DIAS-CRITICA-N02,SIMULACION_CINCO_DIAS,CRITICA,2,GENETICO,233,18,100,cumplimientoPrioritariosPct,96.503497,96.503497,0,96.503497,96.503497
BASE,SIMULACION_CINCO_DIAS-CRITICA-N02,SIMULACION_CINCO_DIAS,CRITICA,2,GENETICO,233,18,100,noAsignados,9,9,0,9,9
BASE,SIMULACION_CINCO_DIAS-CRITICA-N02,SIMULACION_CINCO_DIAS,CRITICA,2,GENETICO,233,18,100,objetivo,45225.723333,45225.723333,0,45225.723333,45225.723333
BASE,SIMULACION_CINCO_DIAS-CRITICA-N02,SIMULACION_CINCO_DIAS,CRITICA,2,RECOCIDO_SIMULADO,233,18,100,utilizacionPct,61.189516,61.189516,0,61.189516,61.189516
BASE,SIMULACION_CINCO_DIAS-CRITICA-N02,SIMULACION_CINCO_DIAS,CRITICA,2,RECOCIDO_SIMULADO,233,18,100,distanciaKm,13384.111111,13430,278.378897,12818,13900
BASE,SIMULACION_CINCO_DIAS-CRITICA-N02,SIMULACION_CINCO_DIAS,CRITICA,2,RECOCIDO_SIMULADO,233,18,100,tiempoMs,5461.344006,5482.768801,317.113441,4920.8731,6014.373201
BASE,SIMULACION_CINCO_DIAS-CRITICA-N02,SIMULACION_CINCO_DIAS,CRITICA,2,RECOCIDO_SIMULADO,233,18,100,evaluaciones,18602.777778,18645,1111.753017,16905,20185
BASE,SIMULACION_CINCO_DIAS-CRITICA-N02,SIMULACION_CINCO_DIAS,CRITICA,2,RECOCIDO_SIMULADO,233,18,100,cumplimientoPct,96.137339,96.137339,0,96.137339,96.137339
BASE,SIMULACION_CINCO_DIAS-CRITICA-N02,SIMULACION_CINCO_DIAS,CRITICA,2,RECOCIDO_SIMULADO,233,18,100,costo,91681.555556,91607,1815.759838,88456,95130
BASE,SIMULACION_CINCO_DIAS-CRITICA-N02,SIMULACION_CINCO_DIAS,CRITICA,2,RECOCIDO_SIMULADO,233,18,100,retrasoHoras,0,0,0,0,0
BASE,SIMULACION_CINCO_DIAS-CRITICA-N02,SIMULACION_CINCO_DIAS,CRITICA,2,RECOCIDO_SIMULADO,233,18,100,tiempoAtencionHoras,243.954352,243.701667,4.684232,237.428333,252.438333
BASE,SIMULACION_CINCO_DIAS-CRITICA-N02,SIMULACION_CINCO_DIAS,CRITICA,2,RECOCIDO_SIMULADO,233,18,100,cumplimientoPrioritariosPct,96.503497,96.503497,0,96.503497,96.503497
BASE,SIMULACION_CINCO_DIAS-CRITICA-N02,SIMULACION_CINCO_DIAS,CRITICA,2,RECOCIDO_SIMULADO,233,18,100,noAsignados,9,9,0,9,9
BASE,SIMULACION_CINCO_DIAS-CRITICA-N02,SIMULACION_CINCO_DIAS,CRITICA,2,RECOCIDO_SIMULADO,233,18,100,objetivo,45243.954352,45243.701667,4.684232,45237.428333,45252.438333
BASE,SIMULACION_CINCO_DIAS-CRITICA-N03,SIMULACION_CINCO_DIAS,CRITICA,3,GENETICO,278,18,100,utilizacionPct,68.800403,68.800403,0,68.800403,68.800403
BASE,SIMULACION_CINCO_DIAS-CRITICA-N03,SIMULACION_CINCO_DIAS,CRITICA,3,GENETICO,278,18,100,distanciaKm,15074.444444,15018,289.427472,14626,15516
BASE,SIMULACION_CINCO_DIAS-CRITICA-N03,SIMULACION_CINCO_DIAS,CRITICA,3,GENETICO,278,18,100,tiempoMs,33343.839817,33198.91815,1225.54286,31159.0093,35765.2368
BASE,SIMULACION_CINCO_DIAS-CRITICA-N03,SIMULACION_CINCO_DIAS,CRITICA,3,GENETICO,278,18,100,evaluaciones,45300,45300,0,45300,45300
BASE,SIMULACION_CINCO_DIAS-CRITICA-N03,SIMULACION_CINCO_DIAS,CRITICA,3,GENETICO,278,18,100,cumplimientoPct,96.402878,96.402878,0,96.402878,96.402878
BASE,SIMULACION_CINCO_DIAS-CRITICA-N03,SIMULACION_CINCO_DIAS,CRITICA,3,GENETICO,278,18,100,costo,100163.777778,100624,1854.088758,96188,103096
BASE,SIMULACION_CINCO_DIAS-CRITICA-N03,SIMULACION_CINCO_DIAS,CRITICA,3,GENETICO,278,18,100,retrasoHoras,0,0,0,0,0
BASE,SIMULACION_CINCO_DIAS-CRITICA-N03,SIMULACION_CINCO_DIAS,CRITICA,3,GENETICO,278,18,100,tiempoAtencionHoras,271.775,271.741667,0.950792,270.583333,273.616667
BASE,SIMULACION_CINCO_DIAS-CRITICA-N03,SIMULACION_CINCO_DIAS,CRITICA,3,GENETICO,278,18,100,cumplimientoPrioritariosPct,96.341463,96.341463,0,96.341463,96.341463
BASE,SIMULACION_CINCO_DIAS-CRITICA-N03,SIMULACION_CINCO_DIAS,CRITICA,3,GENETICO,278,18,100,noAsignados,10,10,0,10,10
BASE,SIMULACION_CINCO_DIAS-CRITICA-N03,SIMULACION_CINCO_DIAS,CRITICA,3,GENETICO,278,18,100,objetivo,50271.775,50271.741667,0.950792,50270.583333,50273.616667
BASE,SIMULACION_CINCO_DIAS-CRITICA-N03,SIMULACION_CINCO_DIAS,CRITICA,3,RECOCIDO_SIMULADO,278,18,100,utilizacionPct,68.800403,68.800403,0,68.800403,68.800403
BASE,SIMULACION_CINCO_DIAS-CRITICA-N03,SIMULACION_CINCO_DIAS,CRITICA,3,RECOCIDO_SIMULADO,278,18,100,distanciaKm,15698.333333,15724,225.481707,15130,16104
BASE,SIMULACION_CINCO_DIAS-CRITICA-N03,SIMULACION_CINCO_DIAS,CRITICA,3,RECOCIDO_SIMULADO,278,18,100,tiempoMs,6853.929872,6836.511,303.91467,6371.9476,7297.0725
BASE,SIMULACION_CINCO_DIAS-CRITICA-N03,SIMULACION_CINCO_DIAS,CRITICA,3,RECOCIDO_SIMULADO,278,18,100,evaluaciones,21620.555556,21645,1031.539239,20105,23025
BASE,SIMULACION_CINCO_DIAS-CRITICA-N03,SIMULACION_CINCO_DIAS,CRITICA,3,RECOCIDO_SIMULADO,278,18,100,cumplimientoPct,96.402878,96.402878,0,96.402878,96.402878
BASE,SIMULACION_CINCO_DIAS-CRITICA-N03,SIMULACION_CINCO_DIAS,CRITICA,3,RECOCIDO_SIMULADO,278,18,100,costo,103342.333333,103212,1390.053787,100786,105420
BASE,SIMULACION_CINCO_DIAS-CRITICA-N03,SIMULACION_CINCO_DIAS,CRITICA,3,RECOCIDO_SIMULADO,278,18,100,retrasoHoras,0,0,0,0,0
BASE,SIMULACION_CINCO_DIAS-CRITICA-N03,SIMULACION_CINCO_DIAS,CRITICA,3,RECOCIDO_SIMULADO,278,18,100,tiempoAtencionHoras,307.732407,308.739167,5.542527,296.748333,317.731667
BASE,SIMULACION_CINCO_DIAS-CRITICA-N03,SIMULACION_CINCO_DIAS,CRITICA,3,RECOCIDO_SIMULADO,278,18,100,cumplimientoPrioritariosPct,96.341463,96.341463,0,96.341463,96.341463
BASE,SIMULACION_CINCO_DIAS-CRITICA-N03,SIMULACION_CINCO_DIAS,CRITICA,3,RECOCIDO_SIMULADO,278,18,100,noAsignados,10,10,0,10,10
BASE,SIMULACION_CINCO_DIAS-CRITICA-N03,SIMULACION_CINCO_DIAS,CRITICA,3,RECOCIDO_SIMULADO,278,18,100,objetivo,50307.732407,50308.739167,5.542527,50296.748333,50317.731667
BASE,SIMULACION_CINCO_DIAS-CRITICA-N04,SIMULACION_CINCO_DIAS,CRITICA,4,GENETICO,257,18,100,utilizacionPct,67.137097,67.137097,0,67.137097,67.137097
BASE,SIMULACION_CINCO_DIAS-CRITICA-N04,SIMULACION_CINCO_DIAS,CRITICA,4,GENETICO,257,18,100,distanciaKm,14314.444444,14334,251.343267,13826,14858
BASE,SIMULACION_CINCO_DIAS-CRITICA-N04,SIMULACION_CINCO_DIAS,CRITICA,4,GENETICO,257,18,100,tiempoMs,26121.627572,26020.4414,957.638922,24143.194,27542.7031
BASE,SIMULACION_CINCO_DIAS-CRITICA-N04,SIMULACION_CINCO_DIAS,CRITICA,4,GENETICO,257,18,100,evaluaciones,45300,45300,0,45300,45300
BASE,SIMULACION_CINCO_DIAS-CRITICA-N04,SIMULACION_CINCO_DIAS,CRITICA,4,GENETICO,257,18,100,cumplimientoPct,95.719844,95.719844,0,95.719844,95.719844
BASE,SIMULACION_CINCO_DIAS-CRITICA-N04,SIMULACION_CINCO_DIAS,CRITICA,4,GENETICO,257,18,100,costo,97862.666667,97920,1673.111227,95464,101374
BASE,SIMULACION_CINCO_DIAS-CRITICA-N04,SIMULACION_CINCO_DIAS,CRITICA,4,GENETICO,257,18,100,retrasoHoras,0,0,0,0,0
BASE,SIMULACION_CINCO_DIAS-CRITICA-N04,SIMULACION_CINCO_DIAS,CRITICA,4,GENETICO,257,18,100,tiempoAtencionHoras,250.755556,250.2575,1.556571,249.27,255.361667
BASE,SIMULACION_CINCO_DIAS-CRITICA-N04,SIMULACION_CINCO_DIAS,CRITICA,4,GENETICO,257,18,100,cumplimientoPrioritariosPct,95.652174,95.652174,0,95.652174,95.652174
BASE,SIMULACION_CINCO_DIAS-CRITICA-N04,SIMULACION_CINCO_DIAS,CRITICA,4,GENETICO,257,18,100,noAsignados,11,11,0,11,11
BASE,SIMULACION_CINCO_DIAS-CRITICA-N04,SIMULACION_CINCO_DIAS,CRITICA,4,GENETICO,257,18,100,objetivo,55250.755556,55250.2575,1.556571,55249.27,55255.361667
BASE,SIMULACION_CINCO_DIAS-CRITICA-N04,SIMULACION_CINCO_DIAS,CRITICA,4,RECOCIDO_SIMULADO,257,18,100,utilizacionPct,67.137097,67.137097,0,67.137097,67.137097
BASE,SIMULACION_CINCO_DIAS-CRITICA-N04,SIMULACION_CINCO_DIAS,CRITICA,4,RECOCIDO_SIMULADO,257,18,100,distanciaKm,15011.222222,15019,258.615444,14548,15460
BASE,SIMULACION_CINCO_DIAS-CRITICA-N04,SIMULACION_CINCO_DIAS,CRITICA,4,RECOCIDO_SIMULADO,257,18,100,tiempoMs,6551.484417,6573.98015,257.037934,6175.7054,7210.3138
BASE,SIMULACION_CINCO_DIAS-CRITICA-N04,SIMULACION_CINCO_DIAS,CRITICA,4,RECOCIDO_SIMULADO,257,18,100,evaluaciones,21860.555556,21985,752.456543,20625,23585
BASE,SIMULACION_CINCO_DIAS-CRITICA-N04,SIMULACION_CINCO_DIAS,CRITICA,4,RECOCIDO_SIMULADO,257,18,100,cumplimientoPct,95.719844,95.719844,0,95.719844,95.719844
BASE,SIMULACION_CINCO_DIAS-CRITICA-N04,SIMULACION_CINCO_DIAS,CRITICA,4,RECOCIDO_SIMULADO,257,18,100,costo,99493.777778,99654,1932.555625,95058,102826
BASE,SIMULACION_CINCO_DIAS-CRITICA-N04,SIMULACION_CINCO_DIAS,CRITICA,4,RECOCIDO_SIMULADO,257,18,100,retrasoHoras,0,0,0,0,0
BASE,SIMULACION_CINCO_DIAS-CRITICA-N04,SIMULACION_CINCO_DIAS,CRITICA,4,RECOCIDO_SIMULADO,257,18,100,tiempoAtencionHoras,272.574167,271.913333,4.549789,264.318333,282.185
BASE,SIMULACION_CINCO_DIAS-CRITICA-N04,SIMULACION_CINCO_DIAS,CRITICA,4,RECOCIDO_SIMULADO,257,18,100,cumplimientoPrioritariosPct,95.652174,95.652174,0,95.652174,95.652174
BASE,SIMULACION_CINCO_DIAS-CRITICA-N04,SIMULACION_CINCO_DIAS,CRITICA,4,RECOCIDO_SIMULADO,257,18,100,noAsignados,11,11,0,11,11
BASE,SIMULACION_CINCO_DIAS-CRITICA-N04,SIMULACION_CINCO_DIAS,CRITICA,4,RECOCIDO_SIMULADO,257,18,100,objetivo,55272.574167,55271.913333,4.549789,55264.318333,55282.185
BASE,SIMULACION_CINCO_DIAS-CRITICA-N05,SIMULACION_CINCO_DIAS,CRITICA,5,GENETICO,223,18,100,utilizacionPct,57.862903,57.862903,0,57.862903,57.862903
BASE,SIMULACION_CINCO_DIAS-CRITICA-N05,SIMULACION_CINCO_DIAS,CRITICA,5,GENETICO,223,18,100,distanciaKm,12016.555556,11975,257.869831,11680,12744
BASE,SIMULACION_CINCO_DIAS-CRITICA-N05,SIMULACION_CINCO_DIAS,CRITICA,5,GENETICO,223,18,100,tiempoMs,28273.049361,28124.3294,1230.662775,26460.887,30738.5556
BASE,SIMULACION_CINCO_DIAS-CRITICA-N05,SIMULACION_CINCO_DIAS,CRITICA,5,GENETICO,223,18,100,evaluaciones,45300,45300,0,45300,45300
BASE,SIMULACION_CINCO_DIAS-CRITICA-N05,SIMULACION_CINCO_DIAS,CRITICA,5,GENETICO,223,18,100,cumplimientoPct,96.412556,96.412556,0,96.412556,96.412556
BASE,SIMULACION_CINCO_DIAS-CRITICA-N05,SIMULACION_CINCO_DIAS,CRITICA,5,GENETICO,223,18,100,costo,85277.555556,85155,1582.937932,81578,87834
BASE,SIMULACION_CINCO_DIAS-CRITICA-N05,SIMULACION_CINCO_DIAS,CRITICA,5,GENETICO,223,18,100,retrasoHoras,0,0,0,0,0
BASE,SIMULACION_CINCO_DIAS-CRITICA-N05,SIMULACION_CINCO_DIAS,CRITICA,5,GENETICO,223,18,100,tiempoAtencionHoras,219.450741,219.323333,0.237389,219.098333,219.991667
BASE,SIMULACION_CINCO_DIAS-CRITICA-N05,SIMULACION_CINCO_DIAS,CRITICA,5,GENETICO,223,18,100,cumplimientoPrioritariosPct,96.946565,96.946565,0,96.946565,96.946565
BASE,SIMULACION_CINCO_DIAS-CRITICA-N05,SIMULACION_CINCO_DIAS,CRITICA,5,GENETICO,223,18,100,noAsignados,8,8,0,8,8
BASE,SIMULACION_CINCO_DIAS-CRITICA-N05,SIMULACION_CINCO_DIAS,CRITICA,5,GENETICO,223,18,100,objetivo,40219.450741,40219.323333,0.237389,40219.098333,40219.991667
BASE,SIMULACION_CINCO_DIAS-CRITICA-N05,SIMULACION_CINCO_DIAS,CRITICA,5,RECOCIDO_SIMULADO,223,18,100,utilizacionPct,57.862903,57.862903,0,57.862903,57.862903
BASE,SIMULACION_CINCO_DIAS-CRITICA-N05,SIMULACION_CINCO_DIAS,CRITICA,5,RECOCIDO_SIMULADO,223,18,100,distanciaKm,12085,12040,206.531297,11692,12492
BASE,SIMULACION_CINCO_DIAS-CRITICA-N05,SIMULACION_CINCO_DIAS,CRITICA,5,RECOCIDO_SIMULADO,223,18,100,tiempoMs,5256.481267,5326.59805,346.746622,4678.4027,5817.7811
BASE,SIMULACION_CINCO_DIAS-CRITICA-N05,SIMULACION_CINCO_DIAS,CRITICA,5,RECOCIDO_SIMULADO,223,18,100,evaluaciones,19369.444444,19485,1247.841535,17025,21425
BASE,SIMULACION_CINCO_DIAS-CRITICA-N05,SIMULACION_CINCO_DIAS,CRITICA,5,RECOCIDO_SIMULADO,223,18,100,cumplimientoPct,96.412556,96.412556,0,96.412556,96.412556
BASE,SIMULACION_CINCO_DIAS-CRITICA-N05,SIMULACION_CINCO_DIAS,CRITICA,5,RECOCIDO_SIMULADO,223,18,100,costo,85788.666667,85570,1277.573619,83480,88110
BASE,SIMULACION_CINCO_DIAS-CRITICA-N05,SIMULACION_CINCO_DIAS,CRITICA,5,RECOCIDO_SIMULADO,223,18,100,retrasoHoras,0,0,0,0,0
BASE,SIMULACION_CINCO_DIAS-CRITICA-N05,SIMULACION_CINCO_DIAS,CRITICA,5,RECOCIDO_SIMULADO,223,18,100,tiempoAtencionHoras,233.011852,232.756667,4.492929,227.665,244.935
BASE,SIMULACION_CINCO_DIAS-CRITICA-N05,SIMULACION_CINCO_DIAS,CRITICA,5,RECOCIDO_SIMULADO,223,18,100,cumplimientoPrioritariosPct,96.946565,96.946565,0,96.946565,96.946565
BASE,SIMULACION_CINCO_DIAS-CRITICA-N05,SIMULACION_CINCO_DIAS,CRITICA,5,RECOCIDO_SIMULADO,223,18,100,noAsignados,8,8,0,8,8
BASE,SIMULACION_CINCO_DIAS-CRITICA-N05,SIMULACION_CINCO_DIAS,CRITICA,5,RECOCIDO_SIMULADO,223,18,100,objetivo,40233.011852,40232.756667,4.492929,40227.665,40244.935
BASE,COLAPSO_LOGISTICO-NORMAL-N01,COLAPSO_LOGISTICO,NORMAL,1,GENETICO,48,18,100,cumplimientoPct,91.666667,91.666667,0,91.666667,91.666667
BASE,COLAPSO_LOGISTICO-NORMAL-N01,COLAPSO_LOGISTICO,NORMAL,1,GENETICO,48,18,100,tiempoAtencionHoras,55.861667,55.87,0.120049,55.51,56.085
BASE,COLAPSO_LOGISTICO-NORMAL-N01,COLAPSO_LOGISTICO,NORMAL,1,GENETICO,48,18,100,cumplimientoPrioritariosPct,92.307692,92.307692,0,92.307692,92.307692
BASE,COLAPSO_LOGISTICO-NORMAL-N01,COLAPSO_LOGISTICO,NORMAL,1,GENETICO,48,18,100,tiempoColapsoHoras,91.783333,91.783333,0,91.783333,91.783333
BASE,COLAPSO_LOGISTICO-NORMAL-N01,COLAPSO_LOGISTICO,NORMAL,1,GENETICO,48,18,100,costo,16292.777778,16314,907.487323,13798,17442
BASE,COLAPSO_LOGISTICO-NORMAL-N01,COLAPSO_LOGISTICO,NORMAL,1,GENETICO,48,18,100,colapsoAlcanzadoPct,100,100,0,100,100
BASE,COLAPSO_LOGISTICO-NORMAL-N01,COLAPSO_LOGISTICO,NORMAL,1,GENETICO,48,18,100,utilizacionPct,54.947917,54.947917,0,54.947917,54.947917
BASE,COLAPSO_LOGISTICO-NORMAL-N01,COLAPSO_LOGISTICO,NORMAL,1,GENETICO,48,18,100,noAsignados,4,4,0,4,4
BASE,COLAPSO_LOGISTICO-NORMAL-N01,COLAPSO_LOGISTICO,NORMAL,1,GENETICO,48,18,100,retrasoHoras,0,0,0,0,0
BASE,COLAPSO_LOGISTICO-NORMAL-N01,COLAPSO_LOGISTICO,NORMAL,1,GENETICO,48,18,100,tiempoMs,24289.058294,24200.8026,1087.182878,22460.7774,26476.9004
BASE,COLAPSO_LOGISTICO-NORMAL-N01,COLAPSO_LOGISTICO,NORMAL,1,GENETICO,48,18,100,objetivo,20055.861667,20055.87,0.120049,20055.51,20056.085
BASE,COLAPSO_LOGISTICO-NORMAL-N01,COLAPSO_LOGISTICO,NORMAL,1,GENETICO,48,18,100,evaluaciones,36240,36240,0,36240,36240
BASE,COLAPSO_LOGISTICO-NORMAL-N01,COLAPSO_LOGISTICO,NORMAL,1,GENETICO,48,18,100,distanciaKm,2329.111111,2341,82.368533,2154,2448
BASE,COLAPSO_LOGISTICO-NORMAL-N01,COLAPSO_LOGISTICO,NORMAL,1,RECOCIDO_SIMULADO,48,18,100,cumplimientoPct,91.666667,91.666667,0,91.666667,91.666667
BASE,COLAPSO_LOGISTICO-NORMAL-N01,COLAPSO_LOGISTICO,NORMAL,1,RECOCIDO_SIMULADO,48,18,100,tiempoAtencionHoras,60.559444,60.0425,2.153782,57.958333,64.77
BASE,COLAPSO_LOGISTICO-NORMAL-N01,COLAPSO_LOGISTICO,NORMAL,1,RECOCIDO_SIMULADO,48,18,100,cumplimientoPrioritariosPct,92.307692,92.307692,0,92.307692,92.307692
BASE,COLAPSO_LOGISTICO-NORMAL-N01,COLAPSO_LOGISTICO,NORMAL,1,RECOCIDO_SIMULADO,48,18,100,tiempoColapsoHoras,91.783333,91.783333,0,91.783333,91.783333
BASE,COLAPSO_LOGISTICO-NORMAL-N01,COLAPSO_LOGISTICO,NORMAL,1,RECOCIDO_SIMULADO,48,18,100,costo,17388.777778,17478,616.365109,16392,18444
BASE,COLAPSO_LOGISTICO-NORMAL-N01,COLAPSO_LOGISTICO,NORMAL,1,RECOCIDO_SIMULADO,48,18,100,colapsoAlcanzadoPct,100,100,0,100,100
BASE,COLAPSO_LOGISTICO-NORMAL-N01,COLAPSO_LOGISTICO,NORMAL,1,RECOCIDO_SIMULADO,48,18,100,utilizacionPct,54.947917,54.947917,0,54.947917,54.947917
BASE,COLAPSO_LOGISTICO-NORMAL-N01,COLAPSO_LOGISTICO,NORMAL,1,RECOCIDO_SIMULADO,48,18,100,noAsignados,4,4,0,4,4
BASE,COLAPSO_LOGISTICO-NORMAL-N01,COLAPSO_LOGISTICO,NORMAL,1,RECOCIDO_SIMULADO,48,18,100,retrasoHoras,0,0,0,0,0
BASE,COLAPSO_LOGISTICO-NORMAL-N01,COLAPSO_LOGISTICO,NORMAL,1,RECOCIDO_SIMULADO,48,18,100,tiempoMs,4663.833594,4536.45065,280.196378,4353.2999,5329.9247
BASE,COLAPSO_LOGISTICO-NORMAL-N01,COLAPSO_LOGISTICO,NORMAL,1,RECOCIDO_SIMULADO,48,18,100,objetivo,20060.559444,20060.0425,2.153782,20057.958333,20064.77
BASE,COLAPSO_LOGISTICO-NORMAL-N01,COLAPSO_LOGISTICO,NORMAL,1,RECOCIDO_SIMULADO,48,18,100,evaluaciones,15559.555556,15424,826.717266,14324,17324
BASE,COLAPSO_LOGISTICO-NORMAL-N01,COLAPSO_LOGISTICO,NORMAL,1,RECOCIDO_SIMULADO,48,18,100,distanciaKm,2649.222222,2672,180.573125,2226,2932
BASE,COLAPSO_LOGISTICO-NORMAL-N02,COLAPSO_LOGISTICO,NORMAL,2,GENETICO,31,18,100,cumplimientoPct,96.774194,96.774194,0,96.774194,96.774194
BASE,COLAPSO_LOGISTICO-NORMAL-N02,COLAPSO_LOGISTICO,NORMAL,2,GENETICO,31,18,100,tiempoAtencionHoras,33.178611,33.245,0.167541,32.85,33.54
BASE,COLAPSO_LOGISTICO-NORMAL-N02,COLAPSO_LOGISTICO,NORMAL,2,GENETICO,31,18,100,cumplimientoPrioritariosPct,95.454545,95.454545,0,95.454545,95.454545
BASE,COLAPSO_LOGISTICO-NORMAL-N02,COLAPSO_LOGISTICO,NORMAL,2,GENETICO,31,18,100,tiempoColapsoHoras,61.066667,61.066667,0,61.066667,61.066667
BASE,COLAPSO_LOGISTICO-NORMAL-N02,COLAPSO_LOGISTICO,NORMAL,2,GENETICO,31,18,100,costo,10559.444444,10505,537.741598,9162,11480
BASE,COLAPSO_LOGISTICO-NORMAL-N02,COLAPSO_LOGISTICO,NORMAL,2,GENETICO,31,18,100,colapsoAlcanzadoPct,100,100,0,100,100
BASE,COLAPSO_LOGISTICO-NORMAL-N02,COLAPSO_LOGISTICO,NORMAL,2,GENETICO,31,18,100,utilizacionPct,36.881188,36.881188,0,36.881188,36.881188
BASE,COLAPSO_LOGISTICO-NORMAL-N02,COLAPSO_LOGISTICO,NORMAL,2,GENETICO,31,18,100,noAsignados,1,1,0,1,1
BASE,COLAPSO_LOGISTICO-NORMAL-N02,COLAPSO_LOGISTICO,NORMAL,2,GENETICO,31,18,100,retrasoHoras,0,0,0,0,0
BASE,COLAPSO_LOGISTICO-NORMAL-N02,COLAPSO_LOGISTICO,NORMAL,2,GENETICO,31,18,100,tiempoMs,12009.162433,12348.048,847.431587,10309.0635,13191.3356
BASE,COLAPSO_LOGISTICO-NORMAL-N02,COLAPSO_LOGISTICO,NORMAL,2,GENETICO,31,18,100,objetivo,5033.178611,5033.245,0.167541,5032.85,5033.54
BASE,COLAPSO_LOGISTICO-NORMAL-N02,COLAPSO_LOGISTICO,NORMAL,2,GENETICO,31,18,100,evaluaciones,27180,27180,0,27180,27180
BASE,COLAPSO_LOGISTICO-NORMAL-N02,COLAPSO_LOGISTICO,NORMAL,2,GENETICO,31,18,100,distanciaKm,1415,1431,81.510014,1260,1542
BASE,COLAPSO_LOGISTICO-NORMAL-N02,COLAPSO_LOGISTICO,NORMAL,2,RECOCIDO_SIMULADO,31,18,100,cumplimientoPct,96.774194,96.774194,0,96.774194,96.774194
BASE,COLAPSO_LOGISTICO-NORMAL-N02,COLAPSO_LOGISTICO,NORMAL,2,RECOCIDO_SIMULADO,31,18,100,tiempoAtencionHoras,34.729167,34.75,0.047935,34.625,34.75
BASE,COLAPSO_LOGISTICO-NORMAL-N02,COLAPSO_LOGISTICO,NORMAL,2,RECOCIDO_SIMULADO,31,18,100,cumplimientoPrioritariosPct,95.454545,95.454545,0,95.454545,95.454545
BASE,COLAPSO_LOGISTICO-NORMAL-N02,COLAPSO_LOGISTICO,NORMAL,2,RECOCIDO_SIMULADO,31,18,100,tiempoColapsoHoras,61.066667,61.066667,0,61.066667,61.066667
BASE,COLAPSO_LOGISTICO-NORMAL-N02,COLAPSO_LOGISTICO,NORMAL,2,RECOCIDO_SIMULADO,31,18,100,costo,11885.333333,12034,384.916186,10802,12034
BASE,COLAPSO_LOGISTICO-NORMAL-N02,COLAPSO_LOGISTICO,NORMAL,2,RECOCIDO_SIMULADO,31,18,100,colapsoAlcanzadoPct,100,100,0,100,100
BASE,COLAPSO_LOGISTICO-NORMAL-N02,COLAPSO_LOGISTICO,NORMAL,2,RECOCIDO_SIMULADO,31,18,100,utilizacionPct,36.881188,36.881188,0,36.881188,36.881188
BASE,COLAPSO_LOGISTICO-NORMAL-N02,COLAPSO_LOGISTICO,NORMAL,2,RECOCIDO_SIMULADO,31,18,100,noAsignados,1,1,0,1,1
BASE,COLAPSO_LOGISTICO-NORMAL-N02,COLAPSO_LOGISTICO,NORMAL,2,RECOCIDO_SIMULADO,31,18,100,retrasoHoras,0,0,0,0,0
BASE,COLAPSO_LOGISTICO-NORMAL-N02,COLAPSO_LOGISTICO,NORMAL,2,RECOCIDO_SIMULADO,31,18,100,tiempoMs,1838.382494,1834.419,118.482164,1634.2916,2075.4368
BASE,COLAPSO_LOGISTICO-NORMAL-N02,COLAPSO_LOGISTICO,NORMAL,2,RECOCIDO_SIMULADO,31,18,100,objetivo,5034.729167,5034.75,0.047935,5034.625,5034.75
BASE,COLAPSO_LOGISTICO-NORMAL-N02,COLAPSO_LOGISTICO,NORMAL,2,RECOCIDO_SIMULADO,31,18,100,evaluaciones,10796.333333,10663,688.459491,9623,12383
BASE,COLAPSO_LOGISTICO-NORMAL-N02,COLAPSO_LOGISTICO,NORMAL,2,RECOCIDO_SIMULADO,31,18,100,distanciaKm,1591.111111,1578,32.598969,1578,1698
BASE,COLAPSO_LOGISTICO-NORMAL-N03,COLAPSO_LOGISTICO,NORMAL,3,GENETICO,48,18,100,cumplimientoPct,95.833333,95.833333,0,95.833333,95.833333
BASE,COLAPSO_LOGISTICO-NORMAL-N03,COLAPSO_LOGISTICO,NORMAL,3,GENETICO,48,18,100,tiempoAtencionHoras,52.901667,52.528333,1.227693,51.58,56.201667
BASE,COLAPSO_LOGISTICO-NORMAL-N03,COLAPSO_LOGISTICO,NORMAL,3,GENETICO,48,18,100,cumplimientoPrioritariosPct,96.296296,96.296296,0,96.296296,96.296296
BASE,COLAPSO_LOGISTICO-NORMAL-N03,COLAPSO_LOGISTICO,NORMAL,3,GENETICO,48,18,100,tiempoColapsoHoras,80.466667,80.466667,0,80.466667,80.466667
BASE,COLAPSO_LOGISTICO-NORMAL-N03,COLAPSO_LOGISTICO,NORMAL,3,GENETICO,48,18,100,costo,17684.222222,17647,678.325929,16558,19376
BASE,COLAPSO_LOGISTICO-NORMAL-N03,COLAPSO_LOGISTICO,NORMAL,3,GENETICO,48,18,100,colapsoAlcanzadoPct,100,100,0,100,100
BASE,COLAPSO_LOGISTICO-NORMAL-N03,COLAPSO_LOGISTICO,NORMAL,3,GENETICO,48,18,100,utilizacionPct,70.833333,70.833333,0,70.833333,70.833333
BASE,COLAPSO_LOGISTICO-NORMAL-N03,COLAPSO_LOGISTICO,NORMAL,3,GENETICO,48,18,100,noAsignados,2,2,0,2,2
BASE,COLAPSO_LOGISTICO-NORMAL-N03,COLAPSO_LOGISTICO,NORMAL,3,GENETICO,48,18,100,retrasoHoras,0,0,0,0,0
BASE,COLAPSO_LOGISTICO-NORMAL-N03,COLAPSO_LOGISTICO,NORMAL,3,GENETICO,48,18,100,tiempoMs,20378.624739,19906.28305,1801.598338,17921.0378,24544.7007
BASE,COLAPSO_LOGISTICO-NORMAL-N03,COLAPSO_LOGISTICO,NORMAL,3,GENETICO,48,18,100,objetivo,10052.901667,10052.528333,1.227693,10051.58,10056.201667
BASE,COLAPSO_LOGISTICO-NORMAL-N03,COLAPSO_LOGISTICO,NORMAL,3,GENETICO,48,18,100,evaluaciones,36240,36240,0,36240,36240
BASE,COLAPSO_LOGISTICO-NORMAL-N03,COLAPSO_LOGISTICO,NORMAL,3,GENETICO,48,18,100,distanciaKm,2621.111111,2631,109.045532,2472,2842
BASE,COLAPSO_LOGISTICO-NORMAL-N03,COLAPSO_LOGISTICO,NORMAL,3,RECOCIDO_SIMULADO,48,18,100,cumplimientoPct,94.456255,93.75,1.239585,95.918367,91.666667
BASE,COLAPSO_LOGISTICO-NORMAL-N03,COLAPSO_LOGISTICO,NORMAL,3,RECOCIDO_SIMULADO,48,18,100,tiempoAtencionHoras,66.074167,61.9625,12.472543,57.928333,104.395
BASE,COLAPSO_LOGISTICO-NORMAL-N03,COLAPSO_LOGISTICO,NORMAL,3,RECOCIDO_SIMULADO,48,18,100,cumplimientoPrioritariosPct,93.82716,92.592593,2.200328,96.296296,88.888889
BASE,COLAPSO_LOGISTICO-NORMAL-N03,COLAPSO_LOGISTICO,NORMAL,3,RECOCIDO_SIMULADO,48,18,100,tiempoColapsoHoras,77.314815,75.6,2.596006,80.466667,75.066667
BASE,COLAPSO_LOGISTICO-NORMAL-N03,COLAPSO_LOGISTICO,NORMAL,3,RECOCIDO_SIMULADO,48,18,100,costo,19176,19115,925.419841,17850,21698
BASE,COLAPSO_LOGISTICO-NORMAL-N03,COLAPSO_LOGISTICO,NORMAL,3,RECOCIDO_SIMULADO,48,18,100,colapsoAlcanzadoPct,100,100,0,100,100
BASE,COLAPSO_LOGISTICO-NORMAL-N03,COLAPSO_LOGISTICO,NORMAL,3,RECOCIDO_SIMULADO,48,18,100,utilizacionPct,71.122685,70.833333,0.842138,73.4375,70.833333
BASE,COLAPSO_LOGISTICO-NORMAL-N03,COLAPSO_LOGISTICO,NORMAL,3,RECOCIDO_SIMULADO,48,18,100,noAsignados,2,2,0,2,2
BASE,COLAPSO_LOGISTICO-NORMAL-N03,COLAPSO_LOGISTICO,NORMAL,3,RECOCIDO_SIMULADO,48,18,100,retrasoHoras,0.191111,0.2,0.182817,0,0.573333
BASE,COLAPSO_LOGISTICO-NORMAL-N03,COLAPSO_LOGISTICO,NORMAL,3,RECOCIDO_SIMULADO,48,18,100,tiempoMs,4228.472122,4266.7555,210.011007,3781.0046,4599.761
BASE,COLAPSO_LOGISTICO-NORMAL-N03,COLAPSO_LOGISTICO,NORMAL,3,RECOCIDO_SIMULADO,48,18,100,objetivo,10085.185278,10085.066667,18.314597,10057.928333,10117.718333
BASE,COLAPSO_LOGISTICO-NORMAL-N03,COLAPSO_LOGISTICO,NORMAL,3,RECOCIDO_SIMULADO,48,18,100,evaluaciones,19006.222222,18984,1059.32029,17164,21004
BASE,COLAPSO_LOGISTICO-NORMAL-N03,COLAPSO_LOGISTICO,NORMAL,3,RECOCIDO_SIMULADO,48,18,100,distanciaKm,2950.111111,2913,144.087346,2724,3234
BASE,COLAPSO_LOGISTICO-NORMAL-N04,COLAPSO_LOGISTICO,NORMAL,4,GENETICO,41,18,100,cumplimientoPct,95.121951,95.121951,0,95.121951,95.121951
BASE,COLAPSO_LOGISTICO-NORMAL-N04,COLAPSO_LOGISTICO,NORMAL,4,GENETICO,41,18,100,tiempoAtencionHoras,40.131944,40.158333,0.072494,39.933333,40.158333
BASE,COLAPSO_LOGISTICO-NORMAL-N04,COLAPSO_LOGISTICO,NORMAL,4,GENETICO,41,18,100,cumplimientoPrioritariosPct,96.428571,96.428571,0,96.428571,96.428571
BASE,COLAPSO_LOGISTICO-NORMAL-N04,COLAPSO_LOGISTICO,NORMAL,4,GENETICO,41,18,100,tiempoColapsoHoras,101.683333,101.683333,0,101.683333,101.683333
BASE,COLAPSO_LOGISTICO-NORMAL-N04,COLAPSO_LOGISTICO,NORMAL,4,GENETICO,41,18,100,costo,15382.888889,15693,1050.033327,12966,17038
BASE,COLAPSO_LOGISTICO-NORMAL-N04,COLAPSO_LOGISTICO,NORMAL,4,GENETICO,41,18,100,colapsoAlcanzadoPct,100,100,0,100,100
BASE,COLAPSO_LOGISTICO-NORMAL-N04,COLAPSO_LOGISTICO,NORMAL,4,GENETICO,41,18,100,utilizacionPct,48.157895,48.157895,0,48.157895,48.157895
BASE,COLAPSO_LOGISTICO-NORMAL-N04,COLAPSO_LOGISTICO,NORMAL,4,GENETICO,41,18,100,noAsignados,2,2,0,2,2
BASE,COLAPSO_LOGISTICO-NORMAL-N04,COLAPSO_LOGISTICO,NORMAL,4,GENETICO,41,18,100,retrasoHoras,0,0,0,0,0
BASE,COLAPSO_LOGISTICO-NORMAL-N04,COLAPSO_LOGISTICO,NORMAL,4,GENETICO,41,18,100,tiempoMs,23552.121067,23757.0689,1173.996915,21844.5445,25669.118
BASE,COLAPSO_LOGISTICO-NORMAL-N04,COLAPSO_LOGISTICO,NORMAL,4,GENETICO,41,18,100,objetivo,10040.131944,10040.158333,0.072494,10039.933333,10040.158333
BASE,COLAPSO_LOGISTICO-NORMAL-N04,COLAPSO_LOGISTICO,NORMAL,4,GENETICO,41,18,100,evaluaciones,45300,45300,0,45300,45300
BASE,COLAPSO_LOGISTICO-NORMAL-N04,COLAPSO_LOGISTICO,NORMAL,4,GENETICO,41,18,100,distanciaKm,2144,2203,144.645612,1878,2338
BASE,COLAPSO_LOGISTICO-NORMAL-N04,COLAPSO_LOGISTICO,NORMAL,4,RECOCIDO_SIMULADO,41,18,100,cumplimientoPct,95.121951,95.121951,0,95.121951,95.121951
BASE,COLAPSO_LOGISTICO-NORMAL-N04,COLAPSO_LOGISTICO,NORMAL,4,RECOCIDO_SIMULADO,41,18,100,tiempoAtencionHoras,40.358333,40.358333,0,40.358333,40.358333
BASE,COLAPSO_LOGISTICO-NORMAL-N04,COLAPSO_LOGISTICO,NORMAL,4,RECOCIDO_SIMULADO,41,18,100,cumplimientoPrioritariosPct,96.428571,96.428571,0,96.428571,96.428571
BASE,COLAPSO_LOGISTICO-NORMAL-N04,COLAPSO_LOGISTICO,NORMAL,4,RECOCIDO_SIMULADO,41,18,100,tiempoColapsoHoras,101.683333,101.683333,0,101.683333,101.683333
BASE,COLAPSO_LOGISTICO-NORMAL-N04,COLAPSO_LOGISTICO,NORMAL,4,RECOCIDO_SIMULADO,41,18,100,costo,16736,16736,0,16736,16736
BASE,COLAPSO_LOGISTICO-NORMAL-N04,COLAPSO_LOGISTICO,NORMAL,4,RECOCIDO_SIMULADO,41,18,100,colapsoAlcanzadoPct,100,100,0,100,100
BASE,COLAPSO_LOGISTICO-NORMAL-N04,COLAPSO_LOGISTICO,NORMAL,4,RECOCIDO_SIMULADO,41,18,100,utilizacionPct,48.157895,48.157895,0,48.157895,48.157895
BASE,COLAPSO_LOGISTICO-NORMAL-N04,COLAPSO_LOGISTICO,NORMAL,4,RECOCIDO_SIMULADO,41,18,100,noAsignados,2,2,0,2,2
BASE,COLAPSO_LOGISTICO-NORMAL-N04,COLAPSO_LOGISTICO,NORMAL,4,RECOCIDO_SIMULADO,41,18,100,retrasoHoras,0,0,0,0,0
BASE,COLAPSO_LOGISTICO-NORMAL-N04,COLAPSO_LOGISTICO,NORMAL,4,RECOCIDO_SIMULADO,41,18,100,tiempoMs,4565.828167,4609.371,115.19663,4305.7828,4723.2844
BASE,COLAPSO_LOGISTICO-NORMAL-N04,COLAPSO_LOGISTICO,NORMAL,4,RECOCIDO_SIMULADO,41,18,100,objetivo,10040.358333,10040.358333,0,10040.358333,10040.358333
BASE,COLAPSO_LOGISTICO-NORMAL-N04,COLAPSO_LOGISTICO,NORMAL,4,RECOCIDO_SIMULADO,41,18,100,evaluaciones,21693.888889,21705,506.300177,20705,22665
BASE,COLAPSO_LOGISTICO-NORMAL-N04,COLAPSO_LOGISTICO,NORMAL,4,RECOCIDO_SIMULADO,41,18,100,distanciaKm,2092,2092,0,2092,2092
BASE,COLAPSO_LOGISTICO-NORMAL-N05,COLAPSO_LOGISTICO,NORMAL,5,GENETICO,35,18,100,cumplimientoPct,91.428571,91.428571,0,91.428571,91.428571
BASE,COLAPSO_LOGISTICO-NORMAL-N05,COLAPSO_LOGISTICO,NORMAL,5,GENETICO,35,18,100,tiempoAtencionHoras,33.033333,33.033333,0,33.033333,33.033333
BASE,COLAPSO_LOGISTICO-NORMAL-N05,COLAPSO_LOGISTICO,NORMAL,5,GENETICO,35,18,100,cumplimientoPrioritariosPct,92,92,0,92,92
BASE,COLAPSO_LOGISTICO-NORMAL-N05,COLAPSO_LOGISTICO,NORMAL,5,GENETICO,35,18,100,tiempoColapsoHoras,69.3,69.3,0,69.3,69.3
BASE,COLAPSO_LOGISTICO-NORMAL-N05,COLAPSO_LOGISTICO,NORMAL,5,GENETICO,35,18,100,costo,12074.444444,12078,752.388371,10772,13492
BASE,COLAPSO_LOGISTICO-NORMAL-N05,COLAPSO_LOGISTICO,NORMAL,5,GENETICO,35,18,100,colapsoAlcanzadoPct,100,100,0,100,100
BASE,COLAPSO_LOGISTICO-NORMAL-N05,COLAPSO_LOGISTICO,NORMAL,5,GENETICO,35,18,100,utilizacionPct,45.792079,45.792079,0,45.792079,45.792079
BASE,COLAPSO_LOGISTICO-NORMAL-N05,COLAPSO_LOGISTICO,NORMAL,5,GENETICO,35,18,100,noAsignados,3,3,0,3,3
BASE,COLAPSO_LOGISTICO-NORMAL-N05,COLAPSO_LOGISTICO,NORMAL,5,GENETICO,35,18,100,retrasoHoras,0,0,0,0,0
BASE,COLAPSO_LOGISTICO-NORMAL-N05,COLAPSO_LOGISTICO,NORMAL,5,GENETICO,35,18,100,tiempoMs,14470.822594,14272.4132,1063.112294,13100.5467,17346.4392
BASE,COLAPSO_LOGISTICO-NORMAL-N05,COLAPSO_LOGISTICO,NORMAL,5,GENETICO,35,18,100,objetivo,15033.033333,15033.033333,0,15033.033333,15033.033333
BASE,COLAPSO_LOGISTICO-NORMAL-N05,COLAPSO_LOGISTICO,NORMAL,5,GENETICO,35,18,100,evaluaciones,27180,27180,0,27180,27180
BASE,COLAPSO_LOGISTICO-NORMAL-N05,COLAPSO_LOGISTICO,NORMAL,5,GENETICO,35,18,100,distanciaKm,1535,1549,110.181134,1348,1728
BASE,COLAPSO_LOGISTICO-NORMAL-N05,COLAPSO_LOGISTICO,NORMAL,5,RECOCIDO_SIMULADO,35,18,100,cumplimientoPct,91.428571,91.428571,0,91.428571,91.428571
BASE,COLAPSO_LOGISTICO-NORMAL-N05,COLAPSO_LOGISTICO,NORMAL,5,RECOCIDO_SIMULADO,35,18,100,tiempoAtencionHoras,34.008333,34.008333,0,34.008333,34.008333
BASE,COLAPSO_LOGISTICO-NORMAL-N05,COLAPSO_LOGISTICO,NORMAL,5,RECOCIDO_SIMULADO,35,18,100,cumplimientoPrioritariosPct,92,92,0,92,92
BASE,COLAPSO_LOGISTICO-NORMAL-N05,COLAPSO_LOGISTICO,NORMAL,5,RECOCIDO_SIMULADO,35,18,100,tiempoColapsoHoras,69.3,69.3,0,69.3,69.3
BASE,COLAPSO_LOGISTICO-NORMAL-N05,COLAPSO_LOGISTICO,NORMAL,5,RECOCIDO_SIMULADO,35,18,100,costo,12272,12272,0,12272,12272
BASE,COLAPSO_LOGISTICO-NORMAL-N05,COLAPSO_LOGISTICO,NORMAL,5,RECOCIDO_SIMULADO,35,18,100,colapsoAlcanzadoPct,100,100,0,100,100
BASE,COLAPSO_LOGISTICO-NORMAL-N05,COLAPSO_LOGISTICO,NORMAL,5,RECOCIDO_SIMULADO,35,18,100,utilizacionPct,45.792079,45.792079,0,45.792079,45.792079
BASE,COLAPSO_LOGISTICO-NORMAL-N05,COLAPSO_LOGISTICO,NORMAL,5,RECOCIDO_SIMULADO,35,18,100,noAsignados,3,3,0,3,3
BASE,COLAPSO_LOGISTICO-NORMAL-N05,COLAPSO_LOGISTICO,NORMAL,5,RECOCIDO_SIMULADO,35,18,100,retrasoHoras,0,0,0,0,0
BASE,COLAPSO_LOGISTICO-NORMAL-N05,COLAPSO_LOGISTICO,NORMAL,5,RECOCIDO_SIMULADO,35,18,100,tiempoMs,2441.511444,2458.20565,142.218222,2110.1059,2648.2422
BASE,COLAPSO_LOGISTICO-NORMAL-N05,COLAPSO_LOGISTICO,NORMAL,5,RECOCIDO_SIMULADO,35,18,100,objetivo,15034.008333,15034.008333,0,15034.008333,15034.008333
BASE,COLAPSO_LOGISTICO-NORMAL-N05,COLAPSO_LOGISTICO,NORMAL,5,RECOCIDO_SIMULADO,35,18,100,evaluaciones,11440.777778,11443,569.701217,10423,12423
BASE,COLAPSO_LOGISTICO-NORMAL-N05,COLAPSO_LOGISTICO,NORMAL,5,RECOCIDO_SIMULADO,35,18,100,distanciaKm,1534,1534,0,1534,1534
BASE,COLAPSO_LOGISTICO-ALTA-N01,COLAPSO_LOGISTICO,ALTA,1,GENETICO,53,18,100,cumplimientoPct,92.45283,92.45283,0,92.45283,92.45283
BASE,COLAPSO_LOGISTICO-ALTA-N01,COLAPSO_LOGISTICO,ALTA,1,GENETICO,53,18,100,tiempoAtencionHoras,61.086944,61.085,0.285179,60.87,61.8
BASE,COLAPSO_LOGISTICO-ALTA-N01,COLAPSO_LOGISTICO,ALTA,1,GENETICO,53,18,100,cumplimientoPrioritariosPct,92.857143,92.857143,0,92.857143,92.857143
BASE,COLAPSO_LOGISTICO-ALTA-N01,COLAPSO_LOGISTICO,ALTA,1,GENETICO,53,18,100,tiempoColapsoHoras,91.783333,91.783333,0,91.783333,91.783333
BASE,COLAPSO_LOGISTICO-ALTA-N01,COLAPSO_LOGISTICO,ALTA,1,GENETICO,53,18,100,costo,17768.333333,17839,742.650024,16008,18868
BASE,COLAPSO_LOGISTICO-ALTA-N01,COLAPSO_LOGISTICO,ALTA,1,GENETICO,53,18,100,colapsoAlcanzadoPct,100,100,0,100,100
BASE,COLAPSO_LOGISTICO-ALTA-N01,COLAPSO_LOGISTICO,ALTA,1,GENETICO,53,18,100,utilizacionPct,61.979167,61.979167,0,61.979167,61.979167
BASE,COLAPSO_LOGISTICO-ALTA-N01,COLAPSO_LOGISTICO,ALTA,1,GENETICO,53,18,100,noAsignados,4,4,0,4,4
BASE,COLAPSO_LOGISTICO-ALTA-N01,COLAPSO_LOGISTICO,ALTA,1,GENETICO,53,18,100,retrasoHoras,0,0,0,0,0
BASE,COLAPSO_LOGISTICO-ALTA-N01,COLAPSO_LOGISTICO,ALTA,1,GENETICO,53,18,100,tiempoMs,24134.776933,24338.255,1227.684581,21811.4172,25987.2156
BASE,COLAPSO_LOGISTICO-ALTA-N01,COLAPSO_LOGISTICO,ALTA,1,GENETICO,53,18,100,objetivo,20061.086944,20061.085,0.285179,20060.87,20061.8
BASE,COLAPSO_LOGISTICO-ALTA-N01,COLAPSO_LOGISTICO,ALTA,1,GENETICO,53,18,100,evaluaciones,36240,36240,0,36240,36240
BASE,COLAPSO_LOGISTICO-ALTA-N01,COLAPSO_LOGISTICO,ALTA,1,GENETICO,53,18,100,distanciaKm,2668.333333,2670,105.95282,2424,2850
BASE,COLAPSO_LOGISTICO-ALTA-N01,COLAPSO_LOGISTICO,ALTA,1,RECOCIDO_SIMULADO,53,18,100,cumplimientoPct,92.45283,92.45283,0,92.45283,92.45283
BASE,COLAPSO_LOGISTICO-ALTA-N01,COLAPSO_LOGISTICO,ALTA,1,RECOCIDO_SIMULADO,53,18,100,tiempoAtencionHoras,67.53963,68.0125,2.367662,62.448333,69.941667
BASE,COLAPSO_LOGISTICO-ALTA-N01,COLAPSO_LOGISTICO,ALTA,1,RECOCIDO_SIMULADO,53,18,100,cumplimientoPrioritariosPct,92.857143,92.857143,0,92.857143,92.857143
BASE,COLAPSO_LOGISTICO-ALTA-N01,COLAPSO_LOGISTICO,ALTA,1,RECOCIDO_SIMULADO,53,18,100,tiempoColapsoHoras,91.783333,91.783333,0,91.783333,91.783333
BASE,COLAPSO_LOGISTICO-ALTA-N01,COLAPSO_LOGISTICO,ALTA,1,RECOCIDO_SIMULADO,53,18,100,costo,18707,18549,659.986898,17588,20414
BASE,COLAPSO_LOGISTICO-ALTA-N01,COLAPSO_LOGISTICO,ALTA,1,RECOCIDO_SIMULADO,53,18,100,colapsoAlcanzadoPct,100,100,0,100,100
BASE,COLAPSO_LOGISTICO-ALTA-N01,COLAPSO_LOGISTICO,ALTA,1,RECOCIDO_SIMULADO,53,18,100,utilizacionPct,61.979167,61.979167,0,61.979167,61.979167
BASE,COLAPSO_LOGISTICO-ALTA-N01,COLAPSO_LOGISTICO,ALTA,1,RECOCIDO_SIMULADO,53,18,100,noAsignados,4,4,0,4,4
BASE,COLAPSO_LOGISTICO-ALTA-N01,COLAPSO_LOGISTICO,ALTA,1,RECOCIDO_SIMULADO,53,18,100,retrasoHoras,0,0,0,0,0
BASE,COLAPSO_LOGISTICO-ALTA-N01,COLAPSO_LOGISTICO,ALTA,1,RECOCIDO_SIMULADO,53,18,100,tiempoMs,4923.66745,4900.6797,274.667946,4542.0686,5443.4636
BASE,COLAPSO_LOGISTICO-ALTA-N01,COLAPSO_LOGISTICO,ALTA,1,RECOCIDO_SIMULADO,53,18,100,objetivo,20067.53963,20068.0125,2.367662,20062.448333,20069.941667
BASE,COLAPSO_LOGISTICO-ALTA-N01,COLAPSO_LOGISTICO,ALTA,1,RECOCIDO_SIMULADO,53,18,100,evaluaciones,16041.777778,15904,812.661246,15084,17484
BASE,COLAPSO_LOGISTICO-ALTA-N01,COLAPSO_LOGISTICO,ALTA,1,RECOCIDO_SIMULADO,53,18,100,distanciaKm,2844.666667,2839,206.542404,2586,3164
BASE,COLAPSO_LOGISTICO-ALTA-N02,COLAPSO_LOGISTICO,ALTA,2,GENETICO,35,18,100,cumplimientoPct,97.142857,97.142857,0,97.142857,97.142857
BASE,COLAPSO_LOGISTICO-ALTA-N02,COLAPSO_LOGISTICO,ALTA,2,GENETICO,35,18,100,tiempoAtencionHoras,37.2525,37.245,0.175753,36.96,37.56
BASE,COLAPSO_LOGISTICO-ALTA-N02,COLAPSO_LOGISTICO,ALTA,2,GENETICO,35,18,100,cumplimientoPrioritariosPct,95.833333,95.833333,0,95.833333,95.833333
BASE,COLAPSO_LOGISTICO-ALTA-N02,COLAPSO_LOGISTICO,ALTA,2,GENETICO,35,18,100,tiempoColapsoHoras,61.066667,61.066667,0,61.066667,61.066667
BASE,COLAPSO_LOGISTICO-ALTA-N02,COLAPSO_LOGISTICO,ALTA,2,GENETICO,35,18,100,costo,12131,12040,578.011704,11194,13262
BASE,COLAPSO_LOGISTICO-ALTA-N02,COLAPSO_LOGISTICO,ALTA,2,GENETICO,35,18,100,colapsoAlcanzadoPct,100,100,0,100,100
BASE,COLAPSO_LOGISTICO-ALTA-N02,COLAPSO_LOGISTICO,ALTA,2,GENETICO,35,18,100,utilizacionPct,43.316832,43.316832,0,43.316832,43.316832
BASE,COLAPSO_LOGISTICO-ALTA-N02,COLAPSO_LOGISTICO,ALTA,2,GENETICO,35,18,100,noAsignados,1,1,0,1,1
BASE,COLAPSO_LOGISTICO-ALTA-N02,COLAPSO_LOGISTICO,ALTA,2,GENETICO,35,18,100,retrasoHoras,0,0,0,0,0
BASE,COLAPSO_LOGISTICO-ALTA-N02,COLAPSO_LOGISTICO,ALTA,2,GENETICO,35,18,100,tiempoMs,12276.185339,12415.5678,820.815872,10802.5697,13858.8554
BASE,COLAPSO_LOGISTICO-ALTA-N02,COLAPSO_LOGISTICO,ALTA,2,GENETICO,35,18,100,objetivo,5037.2525,5037.245,0.175753,5036.96,5037.56
BASE,COLAPSO_LOGISTICO-ALTA-N02,COLAPSO_LOGISTICO,ALTA,2,GENETICO,35,18,100,evaluaciones,27180,27180,0,27180,27180
BASE,COLAPSO_LOGISTICO-ALTA-N02,COLAPSO_LOGISTICO,ALTA,2,GENETICO,35,18,100,distanciaKm,1677.222222,1710,108.019909,1486,1858
BASE,COLAPSO_LOGISTICO-ALTA-N02,COLAPSO_LOGISTICO,ALTA,2,RECOCIDO_SIMULADO,35,18,100,cumplimientoPct,97.142857,97.142857,0,97.142857,97.142857
BASE,COLAPSO_LOGISTICO-ALTA-N02,COLAPSO_LOGISTICO,ALTA,2,RECOCIDO_SIMULADO,35,18,100,tiempoAtencionHoras,38.743056,38.75,0.029463,38.625,38.75
BASE,COLAPSO_LOGISTICO-ALTA-N02,COLAPSO_LOGISTICO,ALTA,2,RECOCIDO_SIMULADO,35,18,100,cumplimientoPrioritariosPct,95.833333,95.833333,0,95.833333,95.833333
BASE,COLAPSO_LOGISTICO-ALTA-N02,COLAPSO_LOGISTICO,ALTA,2,RECOCIDO_SIMULADO,35,18,100,tiempoColapsoHoras,61.066667,61.066667,0,61.066667,61.066667
BASE,COLAPSO_LOGISTICO-ALTA-N02,COLAPSO_LOGISTICO,ALTA,2,RECOCIDO_SIMULADO,35,18,100,costo,13085.111111,13106,88.62405,12730,13106
BASE,COLAPSO_LOGISTICO-ALTA-N02,COLAPSO_LOGISTICO,ALTA,2,RECOCIDO_SIMULADO,35,18,100,colapsoAlcanzadoPct,100,100,0,100,100
BASE,COLAPSO_LOGISTICO-ALTA-N02,COLAPSO_LOGISTICO,ALTA,2,RECOCIDO_SIMULADO,35,18,100,utilizacionPct,43.316832,43.316832,0,43.316832,43.316832
BASE,COLAPSO_LOGISTICO-ALTA-N02,COLAPSO_LOGISTICO,ALTA,2,RECOCIDO_SIMULADO,35,18,100,noAsignados,1,1,0,1,1
BASE,COLAPSO_LOGISTICO-ALTA-N02,COLAPSO_LOGISTICO,ALTA,2,RECOCIDO_SIMULADO,35,18,100,retrasoHoras,0,0,0,0,0
BASE,COLAPSO_LOGISTICO-ALTA-N02,COLAPSO_LOGISTICO,ALTA,2,RECOCIDO_SIMULADO,35,18,100,tiempoMs,2050.928872,2054.64305,142.48263,1753.4413,2340.0183
BASE,COLAPSO_LOGISTICO-ALTA-N02,COLAPSO_LOGISTICO,ALTA,2,RECOCIDO_SIMULADO,35,18,100,objetivo,5038.743056,5038.75,0.029463,5038.625,5038.75
BASE,COLAPSO_LOGISTICO-ALTA-N02,COLAPSO_LOGISTICO,ALTA,2,RECOCIDO_SIMULADO,35,18,100,evaluaciones,11043,11023,735.039015,9543,12503
BASE,COLAPSO_LOGISTICO-ALTA-N02,COLAPSO_LOGISTICO,ALTA,2,RECOCIDO_SIMULADO,35,18,100,distanciaKm,1807.555556,1804,15.084945,1804,1868
BASE,COLAPSO_LOGISTICO-ALTA-N03,COLAPSO_LOGISTICO,ALTA,3,GENETICO,52,18,100,cumplimientoPct,96.153846,96.153846,0,96.153846,96.153846
BASE,COLAPSO_LOGISTICO-ALTA-N03,COLAPSO_LOGISTICO,ALTA,3,GENETICO,52,18,100,tiempoAtencionHoras,58.296111,58.251667,1.142957,56.358333,61.638333
BASE,COLAPSO_LOGISTICO-ALTA-N03,COLAPSO_LOGISTICO,ALTA,3,GENETICO,52,18,100,cumplimientoPrioritariosPct,96.774194,96.774194,0,96.774194,96.774194
BASE,COLAPSO_LOGISTICO-ALTA-N03,COLAPSO_LOGISTICO,ALTA,3,GENETICO,52,18,100,tiempoColapsoHoras,80.466667,80.466667,0,80.466667,80.466667
BASE,COLAPSO_LOGISTICO-ALTA-N03,COLAPSO_LOGISTICO,ALTA,3,GENETICO,52,18,100,costo,19247.333333,19129,717.147618,17980,20466
BASE,COLAPSO_LOGISTICO-ALTA-N03,COLAPSO_LOGISTICO,ALTA,3,GENETICO,52,18,100,colapsoAlcanzadoPct,100,100,0,100,100
BASE,COLAPSO_LOGISTICO-ALTA-N03,COLAPSO_LOGISTICO,ALTA,3,GENETICO,52,18,100,utilizacionPct,73.4375,73.4375,0,73.4375,73.4375
BASE,COLAPSO_LOGISTICO-ALTA-N03,COLAPSO_LOGISTICO,ALTA,3,GENETICO,52,18,100,noAsignados,2,2,0,2,2
BASE,COLAPSO_LOGISTICO-ALTA-N03,COLAPSO_LOGISTICO,ALTA,3,GENETICO,52,18,100,retrasoHoras,0,0,0,0,0
BASE,COLAPSO_LOGISTICO-ALTA-N03,COLAPSO_LOGISTICO,ALTA,3,GENETICO,52,18,100,tiempoMs,20654.856606,20817.20345,1784.140061,17918.0592,24476.3404
BASE,COLAPSO_LOGISTICO-ALTA-N03,COLAPSO_LOGISTICO,ALTA,3,GENETICO,52,18,100,objetivo,10058.296111,10058.251667,1.142957,10056.358333,10061.638333
BASE,COLAPSO_LOGISTICO-ALTA-N03,COLAPSO_LOGISTICO,ALTA,3,GENETICO,52,18,100,evaluaciones,36240,36240,0,36240,36240
BASE,COLAPSO_LOGISTICO-ALTA-N03,COLAPSO_LOGISTICO,ALTA,3,GENETICO,52,18,100,distanciaKm,2897.333333,2907,117.325089,2660,3102
BASE,COLAPSO_LOGISTICO-ALTA-N03,COLAPSO_LOGISTICO,ALTA,3,RECOCIDO_SIMULADO,52,18,100,cumplimientoPct,94.65812,94.230769,1.054459,96.153846,92.307692
BASE,COLAPSO_LOGISTICO-ALTA-N03,COLAPSO_LOGISTICO,ALTA,3,RECOCIDO_SIMULADO,52,18,100,tiempoAtencionHoras,70.466111,71.660833,3.204278,64.74,75.571667
BASE,COLAPSO_LOGISTICO-ALTA-N03,COLAPSO_LOGISTICO,ALTA,3,RECOCIDO_SIMULADO,52,18,100,cumplimientoPrioritariosPct,94.265233,93.548387,1.768771,96.774194,90.322581
BASE,COLAPSO_LOGISTICO-ALTA-N03,COLAPSO_LOGISTICO,ALTA,3,RECOCIDO_SIMULADO,52,18,100,tiempoColapsoHoras,76.774074,75.6,2.367883,80.466667,75.066667
BASE,COLAPSO_LOGISTICO-ALTA-N03,COLAPSO_LOGISTICO,ALTA,3,RECOCIDO_SIMULADO,52,18,100,costo,20612.444444,20616,771.67398,19254,22300
BASE,COLAPSO_LOGISTICO-ALTA-N03,COLAPSO_LOGISTICO,ALTA,3,RECOCIDO_SIMULADO,52,18,100,colapsoAlcanzadoPct,100,100,0,100,100
BASE,COLAPSO_LOGISTICO-ALTA-N03,COLAPSO_LOGISTICO,ALTA,3,RECOCIDO_SIMULADO,52,18,100,utilizacionPct,73.4375,73.4375,0,73.4375,73.4375
BASE,COLAPSO_LOGISTICO-ALTA-N03,COLAPSO_LOGISTICO,ALTA,3,RECOCIDO_SIMULADO,52,18,100,noAsignados,2,2,0,2,2
BASE,COLAPSO_LOGISTICO-ALTA-N03,COLAPSO_LOGISTICO,ALTA,3,RECOCIDO_SIMULADO,52,18,100,retrasoHoras,0.213333,0.2,0.16915,0,0.573333
BASE,COLAPSO_LOGISTICO-ALTA-N03,COLAPSO_LOGISTICO,ALTA,3,RECOCIDO_SIMULADO,52,18,100,tiempoMs,4458.317006,4481.21905,177.566976,4166.3155,4792.8959
BASE,COLAPSO_LOGISTICO-ALTA-N03,COLAPSO_LOGISTICO,ALTA,3,RECOCIDO_SIMULADO,52,18,100,objetivo,10091.799444,10092.255833,17.519019,10064.74,10128.84
BASE,COLAPSO_LOGISTICO-ALTA-N03,COLAPSO_LOGISTICO,ALTA,3,RECOCIDO_SIMULADO,52,18,100,evaluaciones,19288.444444,19404,906.435957,17204,21084
BASE,COLAPSO_LOGISTICO-ALTA-N03,COLAPSO_LOGISTICO,ALTA,3,RECOCIDO_SIMULADO,52,18,100,distanciaKm,3215.444444,3222,123.303176,2982,3490
BASE,COLAPSO_LOGISTICO-ALTA-N04,COLAPSO_LOGISTICO,ALTA,4,GENETICO,49,18,100,cumplimientoPct,95.918367,95.918367,0,95.918367,95.918367
BASE,COLAPSO_LOGISTICO-ALTA-N04,COLAPSO_LOGISTICO,ALTA,4,GENETICO,49,18,100,tiempoAtencionHoras,48.158333,48.158333,0,48.158333,48.158333
BASE,COLAPSO_LOGISTICO-ALTA-N04,COLAPSO_LOGISTICO,ALTA,4,GENETICO,49,18,100,cumplimientoPrioritariosPct,97.142857,97.142857,0,97.142857,97.142857
BASE,COLAPSO_LOGISTICO-ALTA-N04,COLAPSO_LOGISTICO,ALTA,4,GENETICO,49,18,100,tiempoColapsoHoras,101.683333,101.683333,0,101.683333,101.683333
BASE,COLAPSO_LOGISTICO-ALTA-N04,COLAPSO_LOGISTICO,ALTA,4,GENETICO,49,18,100,costo,16953,17051,793.772897,15020,18306
BASE,COLAPSO_LOGISTICO-ALTA-N04,COLAPSO_LOGISTICO,ALTA,4,GENETICO,49,18,100,colapsoAlcanzadoPct,100,100,0,100,100
BASE,COLAPSO_LOGISTICO-ALTA-N04,COLAPSO_LOGISTICO,ALTA,4,GENETICO,49,18,100,utilizacionPct,59.736842,59.736842,0,59.736842,59.736842
BASE,COLAPSO_LOGISTICO-ALTA-N04,COLAPSO_LOGISTICO,ALTA,4,GENETICO,49,18,100,noAsignados,2,2,0,2,2
BASE,COLAPSO_LOGISTICO-ALTA-N04,COLAPSO_LOGISTICO,ALTA,4,GENETICO,49,18,100,retrasoHoras,0,0,0,0,0
BASE,COLAPSO_LOGISTICO-ALTA-N04,COLAPSO_LOGISTICO,ALTA,4,GENETICO,49,18,100,tiempoMs,24507.406172,24518.9802,774.7751,22936.2438,25986.034
BASE,COLAPSO_LOGISTICO-ALTA-N04,COLAPSO_LOGISTICO,ALTA,4,GENETICO,49,18,100,objetivo,10048.158333,10048.158333,0,10048.158333,10048.158333
BASE,COLAPSO_LOGISTICO-ALTA-N04,COLAPSO_LOGISTICO,ALTA,4,GENETICO,49,18,100,evaluaciones,45300,45300,0,45300,45300
BASE,COLAPSO_LOGISTICO-ALTA-N04,COLAPSO_LOGISTICO,ALTA,4,GENETICO,49,18,100,distanciaKm,2478.111111,2457,136.549878,2240,2746
BASE,COLAPSO_LOGISTICO-ALTA-N04,COLAPSO_LOGISTICO,ALTA,4,RECOCIDO_SIMULADO,49,18,100,cumplimientoPct,95.918367,95.918367,0,95.918367,95.918367
BASE,COLAPSO_LOGISTICO-ALTA-N04,COLAPSO_LOGISTICO,ALTA,4,RECOCIDO_SIMULADO,49,18,100,tiempoAtencionHoras,53.527685,53.268333,2.698994,49.288333,59.566667
BASE,COLAPSO_LOGISTICO-ALTA-N04,COLAPSO_LOGISTICO,ALTA,4,RECOCIDO_SIMULADO,49,18,100,cumplimientoPrioritariosPct,97.142857,97.142857,0,97.142857,97.142857
BASE,COLAPSO_LOGISTICO-ALTA-N04,COLAPSO_LOGISTICO,ALTA,4,RECOCIDO_SIMULADO,49,18,100,tiempoColapsoHoras,101.683333,101.683333,0,101.683333,101.683333
BASE,COLAPSO_LOGISTICO-ALTA-N04,COLAPSO_LOGISTICO,ALTA,4,RECOCIDO_SIMULADO,49,18,100,costo,18114.666667,17959,775.471621,16952,19302
BASE,COLAPSO_LOGISTICO-ALTA-N04,COLAPSO_LOGISTICO,ALTA,4,RECOCIDO_SIMULADO,49,18,100,colapsoAlcanzadoPct,100,100,0,100,100
BASE,COLAPSO_LOGISTICO-ALTA-N04,COLAPSO_LOGISTICO,ALTA,4,RECOCIDO_SIMULADO,49,18,100,utilizacionPct,59.736842,59.736842,0,59.736842,59.736842
BASE,COLAPSO_LOGISTICO-ALTA-N04,COLAPSO_LOGISTICO,ALTA,4,RECOCIDO_SIMULADO,49,18,100,noAsignados,2,2,0,2,2
BASE,COLAPSO_LOGISTICO-ALTA-N04,COLAPSO_LOGISTICO,ALTA,4,RECOCIDO_SIMULADO,49,18,100,retrasoHoras,0,0,0,0,0
BASE,COLAPSO_LOGISTICO-ALTA-N04,COLAPSO_LOGISTICO,ALTA,4,RECOCIDO_SIMULADO,49,18,100,tiempoMs,4773.148172,4744.7175,274.137593,4178.5847,5367.5431
BASE,COLAPSO_LOGISTICO-ALTA-N04,COLAPSO_LOGISTICO,ALTA,4,RECOCIDO_SIMULADO,49,18,100,objetivo,10053.527685,10053.268333,2.698994,10049.288333,10059.566667
BASE,COLAPSO_LOGISTICO-ALTA-N04,COLAPSO_LOGISTICO,ALTA,4,RECOCIDO_SIMULADO,49,18,100,evaluaciones,21538.333333,21505,1149.219684,19225,23945
BASE,COLAPSO_LOGISTICO-ALTA-N04,COLAPSO_LOGISTICO,ALTA,4,RECOCIDO_SIMULADO,49,18,100,distanciaKm,2778.111111,2789,120.102843,2504,3032
BASE,COLAPSO_LOGISTICO-ALTA-N05,COLAPSO_LOGISTICO,ALTA,5,GENETICO,38,18,100,cumplimientoPct,92.105263,92.105263,0,92.105263,92.105263
BASE,COLAPSO_LOGISTICO-ALTA-N05,COLAPSO_LOGISTICO,ALTA,5,GENETICO,38,18,100,tiempoAtencionHoras,36.043333,36.033333,0.029104,36.033333,36.123333
BASE,COLAPSO_LOGISTICO-ALTA-N05,COLAPSO_LOGISTICO,ALTA,5,GENETICO,38,18,100,cumplimientoPrioritariosPct,92.307692,92.307692,0,92.307692,92.307692
BASE,COLAPSO_LOGISTICO-ALTA-N05,COLAPSO_LOGISTICO,ALTA,5,GENETICO,38,18,100,tiempoColapsoHoras,69.3,69.3,0,69.3,69.3
BASE,COLAPSO_LOGISTICO-ALTA-N05,COLAPSO_LOGISTICO,ALTA,5,GENETICO,38,18,100,costo,13794.111111,13810,559.100737,12436,14654
BASE,COLAPSO_LOGISTICO-ALTA-N05,COLAPSO_LOGISTICO,ALTA,5,GENETICO,38,18,100,colapsoAlcanzadoPct,100,100,0,100,100
BASE,COLAPSO_LOGISTICO-ALTA-N05,COLAPSO_LOGISTICO,ALTA,5,GENETICO,38,18,100,utilizacionPct,50.247525,50.247525,0,50.247525,50.247525
BASE,COLAPSO_LOGISTICO-ALTA-N05,COLAPSO_LOGISTICO,ALTA,5,GENETICO,38,18,100,noAsignados,3,3,0,3,3
BASE,COLAPSO_LOGISTICO-ALTA-N05,COLAPSO_LOGISTICO,ALTA,5,GENETICO,38,18,100,retrasoHoras,0,0,0,0,0
BASE,COLAPSO_LOGISTICO-ALTA-N05,COLAPSO_LOGISTICO,ALTA,5,GENETICO,38,18,100,tiempoMs,14271.339194,14164.39775,988.21576,12647.8858,16664.2734
BASE,COLAPSO_LOGISTICO-ALTA-N05,COLAPSO_LOGISTICO,ALTA,5,GENETICO,38,18,100,objetivo,15036.043333,15036.033333,0.029104,15036.033333,15036.123333
BASE,COLAPSO_LOGISTICO-ALTA-N05,COLAPSO_LOGISTICO,ALTA,5,GENETICO,38,18,100,evaluaciones,27180,27180,0,27180,27180
BASE,COLAPSO_LOGISTICO-ALTA-N05,COLAPSO_LOGISTICO,ALTA,5,GENETICO,38,18,100,distanciaKm,1784.777778,1781,76.093252,1614,1912
BASE,COLAPSO_LOGISTICO-ALTA-N05,COLAPSO_LOGISTICO,ALTA,5,RECOCIDO_SIMULADO,38,18,100,cumplimientoPct,92.105263,92.105263,0,92.105263,92.105263
BASE,COLAPSO_LOGISTICO-ALTA-N05,COLAPSO_LOGISTICO,ALTA,5,RECOCIDO_SIMULADO,38,18,100,tiempoAtencionHoras,37.008333,37.008333,0,37.008333,37.008333
BASE,COLAPSO_LOGISTICO-ALTA-N05,COLAPSO_LOGISTICO,ALTA,5,RECOCIDO_SIMULADO,38,18,100,cumplimientoPrioritariosPct,92.307692,92.307692,0,92.307692,92.307692
BASE,COLAPSO_LOGISTICO-ALTA-N05,COLAPSO_LOGISTICO,ALTA,5,RECOCIDO_SIMULADO,38,18,100,tiempoColapsoHoras,69.3,69.3,0,69.3,69.3
BASE,COLAPSO_LOGISTICO-ALTA-N05,COLAPSO_LOGISTICO,ALTA,5,RECOCIDO_SIMULADO,38,18,100,costo,13840,13840,0,13840,13840
BASE,COLAPSO_LOGISTICO-ALTA-N05,COLAPSO_LOGISTICO,ALTA,5,RECOCIDO_SIMULADO,38,18,100,colapsoAlcanzadoPct,100,100,0,100,100
BASE,COLAPSO_LOGISTICO-ALTA-N05,COLAPSO_LOGISTICO,ALTA,5,RECOCIDO_SIMULADO,38,18,100,utilizacionPct,50.247525,50.247525,0,50.247525,50.247525
BASE,COLAPSO_LOGISTICO-ALTA-N05,COLAPSO_LOGISTICO,ALTA,5,RECOCIDO_SIMULADO,38,18,100,noAsignados,3,3,0,3,3
BASE,COLAPSO_LOGISTICO-ALTA-N05,COLAPSO_LOGISTICO,ALTA,5,RECOCIDO_SIMULADO,38,18,100,retrasoHoras,0,0,0,0,0
BASE,COLAPSO_LOGISTICO-ALTA-N05,COLAPSO_LOGISTICO,ALTA,5,RECOCIDO_SIMULADO,38,18,100,tiempoMs,2367.84215,2371.577,101.608269,2172.6038,2522.1787
BASE,COLAPSO_LOGISTICO-ALTA-N05,COLAPSO_LOGISTICO,ALTA,5,RECOCIDO_SIMULADO,38,18,100,objetivo,15037.008333,15037.008333,0,15037.008333,15037.008333
BASE,COLAPSO_LOGISTICO-ALTA-N05,COLAPSO_LOGISTICO,ALTA,5,RECOCIDO_SIMULADO,38,18,100,evaluaciones,11267.444444,11203,388.030051,10623,11983
BASE,COLAPSO_LOGISTICO-ALTA-N05,COLAPSO_LOGISTICO,ALTA,5,RECOCIDO_SIMULADO,38,18,100,distanciaKm,1730,1730,0,1730,1730
BASE,COLAPSO_LOGISTICO-CRITICA-N01,COLAPSO_LOGISTICO,CRITICA,1,GENETICO,62,18,100,cumplimientoPct,91.935484,91.935484,0,91.935484,91.935484
BASE,COLAPSO_LOGISTICO-CRITICA-N01,COLAPSO_LOGISTICO,CRITICA,1,GENETICO,62,18,100,tiempoAtencionHoras,69.250648,69.125,0.336702,68.87,70.055
BASE,COLAPSO_LOGISTICO-CRITICA-N01,COLAPSO_LOGISTICO,CRITICA,1,GENETICO,62,18,100,cumplimientoPrioritariosPct,91.176471,91.176471,0,91.176471,91.176471
BASE,COLAPSO_LOGISTICO-CRITICA-N01,COLAPSO_LOGISTICO,CRITICA,1,GENETICO,62,18,100,tiempoColapsoHoras,91.783333,91.783333,0,91.783333,91.783333
BASE,COLAPSO_LOGISTICO-CRITICA-N01,COLAPSO_LOGISTICO,CRITICA,1,GENETICO,62,18,100,costo,20086.777778,19993,978.845452,18698,22644
BASE,COLAPSO_LOGISTICO-CRITICA-N01,COLAPSO_LOGISTICO,CRITICA,1,GENETICO,62,18,100,colapsoAlcanzadoPct,100,100,0,100,100
BASE,COLAPSO_LOGISTICO-CRITICA-N01,COLAPSO_LOGISTICO,CRITICA,1,GENETICO,62,18,100,utilizacionPct,73.177083,73.177083,0,73.177083,73.177083
BASE,COLAPSO_LOGISTICO-CRITICA-N01,COLAPSO_LOGISTICO,CRITICA,1,GENETICO,62,18,100,noAsignados,5,5,0,5,5
BASE,COLAPSO_LOGISTICO-CRITICA-N01,COLAPSO_LOGISTICO,CRITICA,1,GENETICO,62,18,100,retrasoHoras,0,0,0,0,0
BASE,COLAPSO_LOGISTICO-CRITICA-N01,COLAPSO_LOGISTICO,CRITICA,1,GENETICO,62,18,100,tiempoMs,23766.100844,23723.0887,1200.150098,21870.99,26205.6588
BASE,COLAPSO_LOGISTICO-CRITICA-N01,COLAPSO_LOGISTICO,CRITICA,1,GENETICO,62,18,100,objetivo,25069.250648,25069.125,0.336702,25068.87,25070.055
BASE,COLAPSO_LOGISTICO-CRITICA-N01,COLAPSO_LOGISTICO,CRITICA,1,GENETICO,62,18,100,evaluaciones,36240,36240,0,36240,36240
BASE,COLAPSO_LOGISTICO-CRITICA-N01,COLAPSO_LOGISTICO,CRITICA,1,GENETICO,62,18,100,distanciaKm,3213.555556,3204,131.156943,2966,3440
BASE,COLAPSO_LOGISTICO-CRITICA-N01,COLAPSO_LOGISTICO,CRITICA,1,RECOCIDO_SIMULADO,62,18,100,cumplimientoPct,91.935484,91.935484,0,91.935484,91.935484
BASE,COLAPSO_LOGISTICO-CRITICA-N01,COLAPSO_LOGISTICO,CRITICA,1,RECOCIDO_SIMULADO,62,18,100,tiempoAtencionHoras,78.386296,78.795833,1.725825,74.575,81.485
BASE,COLAPSO_LOGISTICO-CRITICA-N01,COLAPSO_LOGISTICO,CRITICA,1,RECOCIDO_SIMULADO,62,18,100,cumplimientoPrioritariosPct,91.176471,91.176471,0,91.176471,91.176471
BASE,COLAPSO_LOGISTICO-CRITICA-N01,COLAPSO_LOGISTICO,CRITICA,1,RECOCIDO_SIMULADO,62,18,100,tiempoColapsoHoras,91.783333,91.783333,0,91.783333,91.783333
BASE,COLAPSO_LOGISTICO-CRITICA-N01,COLAPSO_LOGISTICO,CRITICA,1,RECOCIDO_SIMULADO,62,18,100,costo,20988.777778,21010,576.024974,20014,21888
BASE,COLAPSO_LOGISTICO-CRITICA-N01,COLAPSO_LOGISTICO,CRITICA,1,RECOCIDO_SIMULADO,62,18,100,colapsoAlcanzadoPct,100,100,0,100,100
BASE,COLAPSO_LOGISTICO-CRITICA-N01,COLAPSO_LOGISTICO,CRITICA,1,RECOCIDO_SIMULADO,62,18,100,utilizacionPct,73.177083,73.177083,0,73.177083,73.177083
BASE,COLAPSO_LOGISTICO-CRITICA-N01,COLAPSO_LOGISTICO,CRITICA,1,RECOCIDO_SIMULADO,62,18,100,noAsignados,5,5,0,5,5
BASE,COLAPSO_LOGISTICO-CRITICA-N01,COLAPSO_LOGISTICO,CRITICA,1,RECOCIDO_SIMULADO,62,18,100,retrasoHoras,0,0,0,0,0
BASE,COLAPSO_LOGISTICO-CRITICA-N01,COLAPSO_LOGISTICO,CRITICA,1,RECOCIDO_SIMULADO,62,18,100,tiempoMs,4926.8368,4846.48575,288.80438,4474.8874,5611.5129
BASE,COLAPSO_LOGISTICO-CRITICA-N01,COLAPSO_LOGISTICO,CRITICA,1,RECOCIDO_SIMULADO,62,18,100,objetivo,25078.386296,25078.795833,1.725825,25074.575,25081.485
BASE,COLAPSO_LOGISTICO-CRITICA-N01,COLAPSO_LOGISTICO,CRITICA,1,RECOCIDO_SIMULADO,62,18,100,evaluaciones,16135.111111,15884,938.765703,14524,18444
BASE,COLAPSO_LOGISTICO-CRITICA-N01,COLAPSO_LOGISTICO,CRITICA,1,RECOCIDO_SIMULADO,62,18,100,distanciaKm,3310.444444,3308,85.142249,3156,3442
BASE,COLAPSO_LOGISTICO-CRITICA-N02,COLAPSO_LOGISTICO,CRITICA,2,GENETICO,40,18,100,cumplimientoPct,97.5,97.5,0,97.5,97.5
BASE,COLAPSO_LOGISTICO-CRITICA-N02,COLAPSO_LOGISTICO,CRITICA,2,GENETICO,40,18,100,tiempoAtencionHoras,42.428056,42.385,0.196133,41.96,42.65
BASE,COLAPSO_LOGISTICO-CRITICA-N02,COLAPSO_LOGISTICO,CRITICA,2,GENETICO,40,18,100,cumplimientoPrioritariosPct,96.296296,96.296296,0,96.296296,96.296296
BASE,COLAPSO_LOGISTICO-CRITICA-N02,COLAPSO_LOGISTICO,CRITICA,2,GENETICO,40,18,100,tiempoColapsoHoras,61.066667,61.066667,0,61.066667,61.066667
BASE,COLAPSO_LOGISTICO-CRITICA-N02,COLAPSO_LOGISTICO,CRITICA,2,GENETICO,40,18,100,costo,13751,13639,1131.132748,11690,15844
BASE,COLAPSO_LOGISTICO-CRITICA-N02,COLAPSO_LOGISTICO,CRITICA,2,GENETICO,40,18,100,colapsoAlcanzadoPct,100,100,0,100,100
BASE,COLAPSO_LOGISTICO-CRITICA-N02,COLAPSO_LOGISTICO,CRITICA,2,GENETICO,40,18,100,utilizacionPct,50,50,0,50,50
BASE,COLAPSO_LOGISTICO-CRITICA-N02,COLAPSO_LOGISTICO,CRITICA,2,GENETICO,40,18,100,noAsignados,1,1,0,1,1
BASE,COLAPSO_LOGISTICO-CRITICA-N02,COLAPSO_LOGISTICO,CRITICA,2,GENETICO,40,18,100,retrasoHoras,0,0,0,0,0
BASE,COLAPSO_LOGISTICO-CRITICA-N02,COLAPSO_LOGISTICO,CRITICA,2,GENETICO,40,18,100,tiempoMs,12150.03665,12081.22655,903.914013,10306.6686,14553.0744
BASE,COLAPSO_LOGISTICO-CRITICA-N02,COLAPSO_LOGISTICO,CRITICA,2,GENETICO,40,18,100,objetivo,5042.428056,5042.385,0.196133,5041.96,5042.65
BASE,COLAPSO_LOGISTICO-CRITICA-N02,COLAPSO_LOGISTICO,CRITICA,2,GENETICO,40,18,100,evaluaciones,27180,27180,0,27180,27180
BASE,COLAPSO_LOGISTICO-CRITICA-N02,COLAPSO_LOGISTICO,CRITICA,2,GENETICO,40,18,100,distanciaKm,1988.888889,1995,126.562186,1688,2216
BASE,COLAPSO_LOGISTICO-CRITICA-N02,COLAPSO_LOGISTICO,CRITICA,2,RECOCIDO_SIMULADO,40,18,100,cumplimientoPct,97.5,97.5,0,97.5,97.5
BASE,COLAPSO_LOGISTICO-CRITICA-N02,COLAPSO_LOGISTICO,CRITICA,2,RECOCIDO_SIMULADO,40,18,100,tiempoAtencionHoras,43.75,43.75,0,43.75,43.75
BASE,COLAPSO_LOGISTICO-CRITICA-N02,COLAPSO_LOGISTICO,CRITICA,2,RECOCIDO_SIMULADO,40,18,100,cumplimientoPrioritariosPct,96.296296,96.296296,0,96.296296,96.296296
BASE,COLAPSO_LOGISTICO-CRITICA-N02,COLAPSO_LOGISTICO,CRITICA,2,RECOCIDO_SIMULADO,40,18,100,tiempoColapsoHoras,61.066667,61.066667,0,61.066667,61.066667
BASE,COLAPSO_LOGISTICO-CRITICA-N02,COLAPSO_LOGISTICO,CRITICA,2,RECOCIDO_SIMULADO,40,18,100,costo,14804,14804,0,14804,14804
BASE,COLAPSO_LOGISTICO-CRITICA-N02,COLAPSO_LOGISTICO,CRITICA,2,RECOCIDO_SIMULADO,40,18,100,colapsoAlcanzadoPct,100,100,0,100,100
BASE,COLAPSO_LOGISTICO-CRITICA-N02,COLAPSO_LOGISTICO,CRITICA,2,RECOCIDO_SIMULADO,40,18,100,utilizacionPct,50,50,0,50,50
BASE,COLAPSO_LOGISTICO-CRITICA-N02,COLAPSO_LOGISTICO,CRITICA,2,RECOCIDO_SIMULADO,40,18,100,noAsignados,1,1,0,1,1
BASE,COLAPSO_LOGISTICO-CRITICA-N02,COLAPSO_LOGISTICO,CRITICA,2,RECOCIDO_SIMULADO,40,18,100,retrasoHoras,0,0,0,0,0
BASE,COLAPSO_LOGISTICO-CRITICA-N02,COLAPSO_LOGISTICO,CRITICA,2,RECOCIDO_SIMULADO,40,18,100,tiempoMs,2167.814911,2137.4958,172.653816,1907.8102,2473.3665
BASE,COLAPSO_LOGISTICO-CRITICA-N02,COLAPSO_LOGISTICO,CRITICA,2,RECOCIDO_SIMULADO,40,18,100,objetivo,5043.75,5043.75,0,5043.75,5043.75
BASE,COLAPSO_LOGISTICO-CRITICA-N02,COLAPSO_LOGISTICO,CRITICA,2,RECOCIDO_SIMULADO,40,18,100,evaluaciones,11260.777778,11063,876.406806,10143,12863
BASE,COLAPSO_LOGISTICO-CRITICA-N02,COLAPSO_LOGISTICO,CRITICA,2,RECOCIDO_SIMULADO,40,18,100,distanciaKm,2196,2196,0,2196,2196
BASE,COLAPSO_LOGISTICO-CRITICA-N03,COLAPSO_LOGISTICO,CRITICA,3,GENETICO,66,18,100,cumplimientoPct,95.875421,95.454545,0.870474,96.969697,93.939394
BASE,COLAPSO_LOGISTICO-CRITICA-N03,COLAPSO_LOGISTICO,CRITICA,3,GENETICO,66,18,100,tiempoAtencionHoras,84.203889,84.240833,3.405923,78.116667,90.22
BASE,COLAPSO_LOGISTICO-CRITICA-N03,COLAPSO_LOGISTICO,CRITICA,3,GENETICO,66,18,100,cumplimientoPrioritariosPct,95.899471,95.238095,1.367888,97.619048,92.857143
BASE,COLAPSO_LOGISTICO-CRITICA-N03,COLAPSO_LOGISTICO,CRITICA,3,GENETICO,66,18,100,tiempoColapsoHoras,77.192593,75.6,2.385456,80.466667,75.066667
BASE,COLAPSO_LOGISTICO-CRITICA-N03,COLAPSO_LOGISTICO,CRITICA,3,GENETICO,66,18,100,costo,23340.444444,23419,835.673326,21718,24454
BASE,COLAPSO_LOGISTICO-CRITICA-N03,COLAPSO_LOGISTICO,CRITICA,3,GENETICO,66,18,100,colapsoAlcanzadoPct,100,100,0,100,100
BASE,COLAPSO_LOGISTICO-CRITICA-N03,COLAPSO_LOGISTICO,CRITICA,3,GENETICO,66,18,100,utilizacionPct,95.052083,95.052083,0,95.052083,95.052083
BASE,COLAPSO_LOGISTICO-CRITICA-N03,COLAPSO_LOGISTICO,CRITICA,3,GENETICO,66,18,100,noAsignados,2,2,0,2,2
BASE,COLAPSO_LOGISTICO-CRITICA-N03,COLAPSO_LOGISTICO,CRITICA,3,GENETICO,66,18,100,retrasoHoras,0.203148,0.2,0.291394,0,1.283333
BASE,COLAPSO_LOGISTICO-CRITICA-N03,COLAPSO_LOGISTICO,CRITICA,3,GENETICO,66,18,100,tiempoMs,19096.015383,18831.73565,1485.971506,16809.9127,22233.702
BASE,COLAPSO_LOGISTICO-CRITICA-N03,COLAPSO_LOGISTICO,CRITICA,3,GENETICO,66,18,100,objetivo,10104.518704,10103.303333,29.892876,10078.116667,10212.806667
BASE,COLAPSO_LOGISTICO-CRITICA-N03,COLAPSO_LOGISTICO,CRITICA,3,GENETICO,66,18,100,evaluaciones,36240,36240,0,36240,36240
BASE,COLAPSO_LOGISTICO-CRITICA-N03,COLAPSO_LOGISTICO,CRITICA,3,GENETICO,66,18,100,distanciaKm,3813.666667,3843,111.796559,3588,3942
BASE,COLAPSO_LOGISTICO-CRITICA-N03,COLAPSO_LOGISTICO,CRITICA,3,RECOCIDO_SIMULADO,67,18,100,cumplimientoPct,94.710789,94.742198,1.295746,96.969697,92.424242
BASE,COLAPSO_LOGISTICO-CRITICA-N03,COLAPSO_LOGISTICO,CRITICA,3,RECOCIDO_SIMULADO,67,18,100,tiempoAtencionHoras,92.854167,91.7225,6.096542,83.921667,109.72
BASE,COLAPSO_LOGISTICO-CRITICA-N03,COLAPSO_LOGISTICO,CRITICA,3,RECOCIDO_SIMULADO,67,18,100,cumplimientoPrioritariosPct,95.905623,95.238095,1.590634,97.619048,92.857143
BASE,COLAPSO_LOGISTICO-CRITICA-N03,COLAPSO_LOGISTICO,CRITICA,3,RECOCIDO_SIMULADO,67,18,100,tiempoColapsoHoras,77.649074,76.175,2.622617,80.466667,75.066667
BASE,COLAPSO_LOGISTICO-CRITICA-N03,COLAPSO_LOGISTICO,CRITICA,3,RECOCIDO_SIMULADO,67,18,100,costo,24794.111111,24858,887.327374,23552,26470
BASE,COLAPSO_LOGISTICO-CRITICA-N03,COLAPSO_LOGISTICO,CRITICA,3,RECOCIDO_SIMULADO,67,18,100,colapsoAlcanzadoPct,100,100,0,100,100
BASE,COLAPSO_LOGISTICO-CRITICA-N03,COLAPSO_LOGISTICO,CRITICA,3,RECOCIDO_SIMULADO,67,18,100,utilizacionPct,93.243634,92.447917,1.193286,95.052083,92.447917
BASE,COLAPSO_LOGISTICO-CRITICA-N03,COLAPSO_LOGISTICO,CRITICA,3,RECOCIDO_SIMULADO,67,18,100,noAsignados,2.833333,3,0.514496,2,4
BASE,COLAPSO_LOGISTICO-CRITICA-N03,COLAPSO_LOGISTICO,CRITICA,3,RECOCIDO_SIMULADO,67,18,100,retrasoHoras,0.28037,0.12,0.381392,0,1.283333
BASE,COLAPSO_LOGISTICO-CRITICA-N03,COLAPSO_LOGISTICO,CRITICA,3,RECOCIDO_SIMULADO,67,18,100,tiempoMs,4556.0934,4558.4825,304.625533,3808.2665,5090.8019
BASE,COLAPSO_LOGISTICO-CRITICA-N03,COLAPSO_LOGISTICO,CRITICA,3,RECOCIDO_SIMULADO,67,18,100,objetivo,14287.55787,15096.91,2562.515725,10092.16,20087.845
BASE,COLAPSO_LOGISTICO-CRITICA-N03,COLAPSO_LOGISTICO,CRITICA,3,RECOCIDO_SIMULADO,67,18,100,evaluaciones,19566.222222,19384,1301.906094,16004,21644
BASE,COLAPSO_LOGISTICO-CRITICA-N03,COLAPSO_LOGISTICO,CRITICA,3,RECOCIDO_SIMULADO,67,18,100,distanciaKm,4049.222222,4024,160.054607,3786,4302
BASE,COLAPSO_LOGISTICO-CRITICA-N04,COLAPSO_LOGISTICO,CRITICA,4,GENETICO,57,18,100,cumplimientoPct,96.491228,96.491228,0,96.491228,96.491228
BASE,COLAPSO_LOGISTICO-CRITICA-N04,COLAPSO_LOGISTICO,CRITICA,4,GENETICO,57,18,100,tiempoAtencionHoras,56.55,56.863333,0.360474,56.158333,56.863333
BASE,COLAPSO_LOGISTICO-CRITICA-N04,COLAPSO_LOGISTICO,CRITICA,4,GENETICO,57,18,100,cumplimientoPrioritariosPct,97.5,97.5,0,97.5,97.5
BASE,COLAPSO_LOGISTICO-CRITICA-N04,COLAPSO_LOGISTICO,CRITICA,4,GENETICO,57,18,100,tiempoColapsoHoras,101.683333,101.683333,0,101.683333,101.683333
BASE,COLAPSO_LOGISTICO-CRITICA-N04,COLAPSO_LOGISTICO,CRITICA,4,GENETICO,57,18,100,costo,18983.888889,19013,850.462427,17418,20556
BASE,COLAPSO_LOGISTICO-CRITICA-N04,COLAPSO_LOGISTICO,CRITICA,4,GENETICO,57,18,100,colapsoAlcanzadoPct,100,100,0,100,100
BASE,COLAPSO_LOGISTICO-CRITICA-N04,COLAPSO_LOGISTICO,CRITICA,4,GENETICO,57,18,100,utilizacionPct,75,75,0,75,75
BASE,COLAPSO_LOGISTICO-CRITICA-N04,COLAPSO_LOGISTICO,CRITICA,4,GENETICO,57,18,100,noAsignados,2,2,0,2,2
BASE,COLAPSO_LOGISTICO-CRITICA-N04,COLAPSO_LOGISTICO,CRITICA,4,GENETICO,57,18,100,retrasoHoras,0,0,0,0,0
BASE,COLAPSO_LOGISTICO-CRITICA-N04,COLAPSO_LOGISTICO,CRITICA,4,GENETICO,57,18,100,tiempoMs,23548.758872,23054.29975,1464.545738,21439.1162,26059.8073
BASE,COLAPSO_LOGISTICO-CRITICA-N04,COLAPSO_LOGISTICO,CRITICA,4,GENETICO,57,18,100,objetivo,10056.55,10056.863333,0.360474,10056.158333,10056.863333
BASE,COLAPSO_LOGISTICO-CRITICA-N04,COLAPSO_LOGISTICO,CRITICA,4,GENETICO,57,18,100,evaluaciones,45300,45300,0,45300,45300
BASE,COLAPSO_LOGISTICO-CRITICA-N04,COLAPSO_LOGISTICO,CRITICA,4,GENETICO,57,18,100,distanciaKm,2949.555556,2974,140.666574,2674,3148
BASE,COLAPSO_LOGISTICO-CRITICA-N04,COLAPSO_LOGISTICO,CRITICA,4,RECOCIDO_SIMULADO,57,18,100,cumplimientoPct,96.491228,96.491228,0,96.491228,96.491228
BASE,COLAPSO_LOGISTICO-CRITICA-N04,COLAPSO_LOGISTICO,CRITICA,4,RECOCIDO_SIMULADO,57,18,100,tiempoAtencionHoras,64.601667,63.669167,3.10837,60.266667,70.888333
BASE,COLAPSO_LOGISTICO-CRITICA-N04,COLAPSO_LOGISTICO,CRITICA,4,RECOCIDO_SIMULADO,57,18,100,cumplimientoPrioritariosPct,97.5,97.5,0,97.5,97.5
BASE,COLAPSO_LOGISTICO-CRITICA-N04,COLAPSO_LOGISTICO,CRITICA,4,RECOCIDO_SIMULADO,57,18,100,tiempoColapsoHoras,101.683333,101.683333,0,101.683333,101.683333
BASE,COLAPSO_LOGISTICO-CRITICA-N04,COLAPSO_LOGISTICO,CRITICA,4,RECOCIDO_SIMULADO,57,18,100,costo,19798.555556,19640,729.932408,18470,21760
BASE,COLAPSO_LOGISTICO-CRITICA-N04,COLAPSO_LOGISTICO,CRITICA,4,RECOCIDO_SIMULADO,57,18,100,colapsoAlcanzadoPct,100,100,0,100,100
BASE,COLAPSO_LOGISTICO-CRITICA-N04,COLAPSO_LOGISTICO,CRITICA,4,RECOCIDO_SIMULADO,57,18,100,utilizacionPct,75,75,0,75,75
BASE,COLAPSO_LOGISTICO-CRITICA-N04,COLAPSO_LOGISTICO,CRITICA,4,RECOCIDO_SIMULADO,57,18,100,noAsignados,2,2,0,2,2
BASE,COLAPSO_LOGISTICO-CRITICA-N04,COLAPSO_LOGISTICO,CRITICA,4,RECOCIDO_SIMULADO,57,18,100,retrasoHoras,0,0,0,0,0
BASE,COLAPSO_LOGISTICO-CRITICA-N04,COLAPSO_LOGISTICO,CRITICA,4,RECOCIDO_SIMULADO,57,18,100,tiempoMs,4874.209161,4892.7527,208.302246,4373.078,5105.156
BASE,COLAPSO_LOGISTICO-CRITICA-N04,COLAPSO_LOGISTICO,CRITICA,4,RECOCIDO_SIMULADO,57,18,100,objetivo,10064.601667,10063.669167,3.10837,10060.266667,10070.888333
BASE,COLAPSO_LOGISTICO-CRITICA-N04,COLAPSO_LOGISTICO,CRITICA,4,RECOCIDO_SIMULADO,57,18,100,evaluaciones,21631.666667,22025,946.19983,19785,22745
BASE,COLAPSO_LOGISTICO-CRITICA-N04,COLAPSO_LOGISTICO,CRITICA,4,RECOCIDO_SIMULADO,57,18,100,distanciaKm,3134.444444,3143,105.515107,2958,3330
BASE,COLAPSO_LOGISTICO-CRITICA-N05,COLAPSO_LOGISTICO,CRITICA,5,GENETICO,42,18,100,cumplimientoPct,92.857143,92.857143,0,92.857143,92.857143
BASE,COLAPSO_LOGISTICO-CRITICA-N05,COLAPSO_LOGISTICO,CRITICA,5,GENETICO,42,18,100,tiempoAtencionHoras,40.078333,40.078333,0.046305,40.033333,40.123333
BASE,COLAPSO_LOGISTICO-CRITICA-N05,COLAPSO_LOGISTICO,CRITICA,5,GENETICO,42,18,100,cumplimientoPrioritariosPct,93.103448,93.103448,0,93.103448,93.103448
BASE,COLAPSO_LOGISTICO-CRITICA-N05,COLAPSO_LOGISTICO,CRITICA,5,GENETICO,42,18,100,tiempoColapsoHoras,69.3,69.3,0,69.3,69.3
BASE,COLAPSO_LOGISTICO-CRITICA-N05,COLAPSO_LOGISTICO,CRITICA,5,GENETICO,42,18,100,costo,14871.111111,14806,778.879504,13646,16266
BASE,COLAPSO_LOGISTICO-CRITICA-N05,COLAPSO_LOGISTICO,CRITICA,5,GENETICO,42,18,100,colapsoAlcanzadoPct,100,100,0,100,100
BASE,COLAPSO_LOGISTICO-CRITICA-N05,COLAPSO_LOGISTICO,CRITICA,5,GENETICO,42,18,100,utilizacionPct,56.188119,56.188119,0,56.188119,56.188119
BASE,COLAPSO_LOGISTICO-CRITICA-N05,COLAPSO_LOGISTICO,CRITICA,5,GENETICO,42,18,100,noAsignados,3,3,0,3,3
BASE,COLAPSO_LOGISTICO-CRITICA-N05,COLAPSO_LOGISTICO,CRITICA,5,GENETICO,42,18,100,retrasoHoras,0,0,0,0,0
BASE,COLAPSO_LOGISTICO-CRITICA-N05,COLAPSO_LOGISTICO,CRITICA,5,GENETICO,42,18,100,tiempoMs,15235.860828,15370.94065,864.55453,13733.8581,16426.4032
BASE,COLAPSO_LOGISTICO-CRITICA-N05,COLAPSO_LOGISTICO,CRITICA,5,GENETICO,42,18,100,objetivo,15040.078333,15040.078333,0.046305,15040.033333,15040.123333
BASE,COLAPSO_LOGISTICO-CRITICA-N05,COLAPSO_LOGISTICO,CRITICA,5,GENETICO,42,18,100,evaluaciones,27180,27180,0,27180,27180
BASE,COLAPSO_LOGISTICO-CRITICA-N05,COLAPSO_LOGISTICO,CRITICA,5,GENETICO,42,18,100,distanciaKm,2013.888889,2027,132.536294,1750,2204
BASE,COLAPSO_LOGISTICO-CRITICA-N05,COLAPSO_LOGISTICO,CRITICA,5,RECOCIDO_SIMULADO,42,18,100,cumplimientoPct,92.857143,92.857143,0,92.857143,92.857143
BASE,COLAPSO_LOGISTICO-CRITICA-N05,COLAPSO_LOGISTICO,CRITICA,5,RECOCIDO_SIMULADO,42,18,100,tiempoAtencionHoras,43.285833,42.975833,1.79569,41.178333,47.751667
BASE,COLAPSO_LOGISTICO-CRITICA-N05,COLAPSO_LOGISTICO,CRITICA,5,RECOCIDO_SIMULADO,42,18,100,cumplimientoPrioritariosPct,93.103448,93.103448,0,93.103448,93.103448
BASE,COLAPSO_LOGISTICO-CRITICA-N05,COLAPSO_LOGISTICO,CRITICA,5,RECOCIDO_SIMULADO,42,18,100,tiempoColapsoHoras,69.3,69.3,0,69.3,69.3
BASE,COLAPSO_LOGISTICO-CRITICA-N05,COLAPSO_LOGISTICO,CRITICA,5,RECOCIDO_SIMULADO,42,18,100,costo,15646.555556,15821,584.502526,14700,16570
BASE,COLAPSO_LOGISTICO-CRITICA-N05,COLAPSO_LOGISTICO,CRITICA,5,RECOCIDO_SIMULADO,42,18,100,colapsoAlcanzadoPct,100,100,0,100,100
BASE,COLAPSO_LOGISTICO-CRITICA-N05,COLAPSO_LOGISTICO,CRITICA,5,RECOCIDO_SIMULADO,42,18,100,utilizacionPct,56.188119,56.188119,0,56.188119,56.188119
BASE,COLAPSO_LOGISTICO-CRITICA-N05,COLAPSO_LOGISTICO,CRITICA,5,RECOCIDO_SIMULADO,42,18,100,noAsignados,3,3,0,3,3
BASE,COLAPSO_LOGISTICO-CRITICA-N05,COLAPSO_LOGISTICO,CRITICA,5,RECOCIDO_SIMULADO,42,18,100,retrasoHoras,0,0,0,0,0
BASE,COLAPSO_LOGISTICO-CRITICA-N05,COLAPSO_LOGISTICO,CRITICA,5,RECOCIDO_SIMULADO,42,18,100,tiempoMs,2383.083128,2384.33445,92.621729,2189.9757,2559.3052
BASE,COLAPSO_LOGISTICO-CRITICA-N05,COLAPSO_LOGISTICO,CRITICA,5,RECOCIDO_SIMULADO,42,18,100,objetivo,15043.285833,15042.975833,1.79569,15041.178333,15047.751667
BASE,COLAPSO_LOGISTICO-CRITICA-N05,COLAPSO_LOGISTICO,CRITICA,5,RECOCIDO_SIMULADO,42,18,100,evaluaciones,11134.111111,11103,410.808226,10103,11783
BASE,COLAPSO_LOGISTICO-CRITICA-N05,COLAPSO_LOGISTICO,CRITICA,5,RECOCIDO_SIMULADO,42,18,100,distanciaKm,2328.888889,2325,112.426127,2108,2534
