variante,escenario,tamanio,instancia,repeticion,semilla,algoritmo,tiempo_ms,evaluaciones,F,T_horas,R_horas,N,V,factible,verificada,cumplimiento_pct,cumplimiento_prioritarios_pct,costo,distancia_km,utilizacion_pct,temperatura_inicial
BASE,N025-I01,25,1,0,42,RECOCIDO_SIMULADO,56.1285,4341,22595.201667,608.868333,219.863333,0,0,true,true,48,26.666667,10480,1452,42.401961,224.368883
BASE,N025-I01,25,1,1,43,RECOCIDO_SIMULADO,50.8483,4461,22577.646667,610.813333,219.668333,0,0,true,true,48,26.666667,10672,1468,42.401961,259.893473
BASE,N025-I01,25,1,2,44,RECOCIDO_SIMULADO,48.6013,4501,22569.461667,611.628333,219.578333,0,0,true,true,48,26.666667,10536,1416,42.401961,278.44757
BASE,N025-I01,25,1,3,45,RECOCIDO_SIMULADO,54.7865,4581,22557.401667,610.068333,219.473333,0,0,true,true,48,26.666667,10752,1436,42.401961,310.106015
BASE,N025-I01,25,1,4,46,RECOCIDO_SIMULADO,45.9204,4461,22596.671667,617.838333,219.788333,0,0,true,true,48,26.666667,10120,1352,42.401961,267.966511
BASE,N025-I01,25,1,5,47,RECOCIDO_SIMULADO,50.3756,4621,22567.961667,610.128333,219.578333,0,0,true,true,48,26.666667,10264,1382,42.401961,318.33296
BASE,N025-I01,25,1,6,48,RECOCIDO_SIMULADO,41.3157,4501,22541.646667,610.813333,219.308333,0,0,true,true,48,26.666667,10300,1386,42.401961,271.479455
BASE,N025-I01,25,1,7,49,RECOCIDO_SIMULADO,29.3408,4421,22565.781667,609.448333,219.563333,0,0,true,true,48,26.666667,10568,1444,42.401961,244.28834
BASE,N025-I01,25,1,8,50,RECOCIDO_SIMULADO,30.919,4501,22583.665,609.998333,219.736667,0,0,true,true,52,33.333333,11088,1514,42.401961,270.576052
BASE,N025-I01,25,1,9,51,RECOCIDO_SIMULADO,29.5173,4421,22569.316667,611.483333,219.578333,0,0,true,true,48,26.666667,10164,1378,42.401961,247.06906
BASE,N025-I01,25,1,10,52,RECOCIDO_SIMULADO,30.7599,4501,22585.116667,610.783333,219.743333,0,0,true,true,48,26.666667,10688,1504,42.401961,277.318243
BASE,N025-I01,25,1,11,53,RECOCIDO_SIMULADO,31.7656,4461,22558.081667,612.248333,219.458333,0,0,true,true,48,26.666667,10592,1412,42.401961,255.90468
BASE,N025-I01,25,1,12,54,RECOCIDO_SIMULADO,33.2501,4461,22604.451667,610.618333,219.938333,0,0,true,true,48,26.666667,10816,1484,42.401961,263.983968
BASE,N025-I01,25,1,13,55,RECOCIDO_SIMULADO,27.8551,4341,22577.596667,610.763333,219.668333,0,0,true,true,48,26.666667,10108,1362,42.401961,224.218935
BASE,N025-I01,25,1,14,56,RECOCIDO_SIMULADO,29.6586,4421,22551.631667,611.798333,219.398333,0,0,true,true,48,26.666667,10264,1376,42.401961,253.895667
BASE,N025-I01,25,1,15,57,RECOCIDO_SIMULADO,28.51,4341,22618.846667,610.013333,220.088333,0,0,true,true,48,26.666667,10580,1456,42.401961,227.823707
BASE,N025-I01,25,1,16,58,RECOCIDO_SIMULADO,30.5374,4541,22539.406667,608.573333,219.308333,0,0,true,true,48,26.666667,11140,1528,42.401961,288.141004
BASE,N025-I01,25,1,17,59,RECOCIDO_SIMULADO,28.5068,4421,22603.21,620.543333,219.826667,0,0,true,true,52,33.333333,10868,1428,42.401961,248.495483
BASE,N025-I01,25,1,18,60,RECOCIDO_SIMULADO,30.457,4461,22558.656667,608.323333,219.503333,0,0,true,true,48,26.666667,10964,1516,42.401961,264.893171
BASE,N025-I01,25,1,19,61,RECOCIDO_SIMULADO,31.7028,4421,22567.341667,611.008333,219.563333,0,0,true,true,48,26.666667,10664,1458,42.401961,250.094095
BASE,N025-I01,25,1,20,62,RECOCIDO_SIMULADO,29.8958,4461,22575.391667,608.558333,219.668333,0,0,true,true,48,26.666667,9944,1368,42.401961,256.508145
BASE,N025-I01,25,1,21,63,RECOCIDO_SIMULADO,28.3387,4421,22633.276667,610.943333,220.223333,0,0,true,true,48,26.666667,9790,1362,42.401961,252.116905
BASE,N025-I01,25,1,22,64,RECOCIDO_SIMULADO,30.488,4541,22596.081667,609.748333,219.863333,0,0,true,true,48,26.666667,10576,1460,42.401961,295.767732
BASE,N025-I01,25,1,23,65,RECOCIDO_SIMULADO,29.5943,4581,22618.156667,610.823333,220.073333,0,0,true,true,48,26.666667,11580,1598,42.401961,302.383303
BASE,N025-I01,25,1,24,66,RECOCIDO_SIMULADO,33.6007,4461,22582.031667,609.198333,219.728333,0,0,true,true,48,26.666667,10280,1408,42.401961,265.749033
BASE,N025-I01,25,1,25,67,RECOCIDO_SIMULADO,30.7516,4461,22554.886667,607.553333,219.473333,0,0,true,true,48,26.666667,10428,1420,42.401961,259.579614
BASE,N025-I01,25,1,26,68,RECOCIDO_SIMULADO,29.0551,4501,22608.061667,618.728333,219.893333,0,0,true,true,48,26.666667,9850,1364,42.401961,278.397369
BASE,N025-I01,25,1,27,69,RECOCIDO_SIMULADO,29.7685,4461,22556.226667,608.893333,219.473333,0,0,true,true,48,26.666667,10284,1388,42.401961,264.522949
BASE,N025-I01,25,1,28,70,RECOCIDO_SIMULADO,29.8982,4581,22575.916667,607.583333,219.683333,0,0,true,true,48,26.666667,11644,1628,42.401961,297.784718
BASE,N025-I01,25,1,29,71,RECOCIDO_SIMULADO,30.3216,4461,22570.056667,607.723333,219.623333,0,0,true,true,48,26.666667,10772,1512,42.401961,256.219892
BASE,N025-I02,25,2,0,42,RECOCIDO_SIMULADO,28.8517,4301,11841.03,431.696667,114.093333,0,0,true,true,56,15.384615,11648,1702,31.617647,208.173216
BASE,N025-I02,25,2,1,43,RECOCIDO_SIMULADO,28.1619,4301,11841.03,431.696667,114.093333,0,0,true,true,56,15.384615,11648,1702,31.617647,217.079958
BASE,N025-I02,25,2,2,44,RECOCIDO_SIMULADO,28.0755,4181,11841.03,431.696667,114.093333,0,0,true,true,56,15.384615,11648,1702,31.617647,177.915806
BASE,N025-I02,25,2,3,45,RECOCIDO_SIMULADO,27.2795,4061,11833.393333,440.56,113.928333,0,0,true,true,56,15.384615,11174,1560,31.617647,158.665844
BASE,N025-I02,25,2,4,46,RECOCIDO_SIMULADO,28.635,4261,11838.09,445.256667,113.928333,0,0,true,true,56,15.384615,11498,1656,31.617647,197.891493
BASE,N025-I02,25,2,5,47,RECOCIDO_SIMULADO,28.2252,4341,11841.03,431.696667,114.093333,0,0,true,true,56,15.384615,11648,1702,31.617647,223.851387
BASE,N025-I02,25,2,6,48,RECOCIDO_SIMULADO,26.3758,4061,11836.526667,443.693333,113.928333,0,0,true,true,56,15.384615,10730,1582,31.617647,152.632083
BASE,N025-I02,25,2,7,49,RECOCIDO_SIMULADO,27.4288,4061,11841.03,431.696667,114.093333,0,0,true,true,56,15.384615,11648,1702,31.617647,155.172926
BASE,N025-I02,25,2,8,50,RECOCIDO_SIMULADO,28.423,4341,11841.03,431.696667,114.093333,0,0,true,true,56,15.384615,11648,1702,31.617647,224.231177
BASE,N025-I02,25,2,9,51,RECOCIDO_SIMULADO,28.9154,4301,11841.03,431.696667,114.093333,0,0,true,true,56,15.384615,11648,1702,31.617647,208.591285
BASE,N025-I02,25,2,10,52,RECOCIDO_SIMULADO,29.534,4381,11841.03,431.696667,114.093333,0,0,true,true,56,15.384615,11648,1702,31.617647,241.140038
BASE,N025-I02,25,2,11,53,RECOCIDO_SIMULADO,27.533,4261,11841.03,431.696667,114.093333,0,0,true,true,56,15.384615,11648,1702,31.617647,203.540001
BASE,N025-I02,25,2,12,54,RECOCIDO_SIMULADO,29.7636,4381,11841.03,431.696667,114.093333,0,0,true,true,56,15.384615,11648,1702,31.617647,235.728053
BASE,N025-I02,25,2,13,55,RECOCIDO_SIMULADO,28.1514,4341,11841.03,431.696667,114.093333,0,0,true,true,56,15.384615,11648,1702,31.617647,224.90306
BASE,N025-I02,25,2,14,56,RECOCIDO_SIMULADO,27.2857,4221,11834.506667,441.673333,113.928333,0,0,true,true,56,15.384615,11452,1652,31.617647,195.2042
BASE,N025-I02,25,2,15,57,RECOCIDO_SIMULADO,29.2719,4341,11841.03,431.696667,114.093333,0,0,true,true,56,15.384615,11648,1702,31.617647,228.545875
BASE,N025-I02,25,2,16,58,RECOCIDO_SIMULADO,29.0783,4101,11829.493333,436.66,113.928333,0,0,true,true,56,15.384615,10966,1576,31.617647,164.800903
BASE,N025-I02,25,2,17,59,RECOCIDO_SIMULADO,28.0706,4181,11841.03,431.696667,114.093333,0,0,true,true,56,15.384615,11648,1702,31.617647,178.165759
BASE,N025-I02,25,2,18,60,RECOCIDO_SIMULADO,28.6259,4421,11841.03,431.696667,114.093333,0,0,true,true,56,15.384615,11648,1702,31.617647,248.958177
BASE,N025-I02,25,2,19,61,RECOCIDO_SIMULADO,27.8788,4301,11841.03,431.696667,114.093333,0,0,true,true,56,15.384615,11648,1702,31.617647,212.113737
BASE,N025-I02,25,2,20,62,RECOCIDO_SIMULADO,29.1408,4381,11841.03,431.696667,114.093333,0,0,true,true,56,15.384615,11648,1702,31.617647,233.107551
BASE,N025-I02,25,2,21,63,RECOCIDO_SIMULADO,27.5005,4261,11841.03,431.696667,114.093333,0,0,true,true,56,15.384615,11648,1702,31.617647,197.9206
BASE,N025-I02,25,2,22,64,RECOCIDO_SIMULADO,27.7515,4221,11841.03,431.696667,114.093333,0,0,true,true,56,15.384615,11648,1702,31.617647,192.162087
BASE,N025-I02,25,2,23,65,RECOCIDO_SIMULADO,27.6347,4141,11841.03,431.696667,114.093333,0,0,true,true,56,15.384615,11648,1702,31.617647,175.586569
BASE,N025-I02,25,2,24,66,RECOCIDO_SIMULADO,26.9145,4141,11841.03,431.696667,114.093333,0,0,true,true,56,15.384615,11648,1702,31.617647,171.530678
BASE,N025-I02,25,2,25,67,RECOCIDO_SIMULADO,28.8419,4341,11831.96,439.126667,113.928333,0,0,true,true,56,15.384615,10650,1522,31.617647,226.854563
BASE,N025-I02,25,2,26,68,RECOCIDO_SIMULADO,27.3702,4181,11841.03,431.696667,114.093333,0,0,true,true,56,15.384615,11648,1702,31.617647,183.771862
BASE,N025-I02,25,2,27,69,RECOCIDO_SIMULADO,27.9713,4301,11834.188333,441.355,113.928333,0,0,true,true,56,15.384615,11066,1590,31.617647,210.227997
BASE,N025-I02,25,2,28,70,RECOCIDO_SIMULADO,28.5095,4221,11835.33,442.496667,113.928333,0,0,true,true,56,15.384615,10976,1508,31.617647,192.209589
BASE,N025-I02,25,2,29,71,RECOCIDO_SIMULADO,27.0869,4061,11833.175,440.341667,113.928333,0,0,true,true,56,15.384615,10868,1496,31.617647,156.329248
BASE,N025-I03,25,3,0,42,RECOCIDO_SIMULADO,28.8835,4381,12032.715,416.048333,116.166667,0,0,true,true,68,52.941176,10704,1536,28.676471,233.151164
BASE,N025-I03,25,3,1,43,RECOCIDO_SIMULADO,28.0143,4101,12032.715,416.048333,116.166667,0,0,true,true,68,52.941176,10704,1536,28.676471,160.80591
BASE,N025-I03,25,3,2,44,RECOCIDO_SIMULADO,26.9984,4181,12032.715,416.048333,116.166667,0,0,true,true,68,52.941176,10704,1536,28.676471,186.827859
BASE,N025-I03,25,3,3,45,RECOCIDO_SIMULADO,27.7057,4181,12032.715,416.048333,116.166667,0,0,true,true,68,52.941176,10704,1536,28.676471,186.578676
BASE,N025-I03,25,3,4,46,RECOCIDO_SIMULADO,26.1103,4021,12032.715,416.048333,116.166667,0,0,true,true,68,52.941176,10704,1536,28.676471,151.920014
BASE,N025-I03,25,3,5,47,RECOCIDO_SIMULADO,28.3764,4381,12032.715,416.048333,116.166667,0,0,true,true,68,52.941176,10704,1536,28.676471,241.584082
BASE,N025-I03,25,3,6,48,RECOCIDO_SIMULADO,28.9369,4301,12032.715,416.048333,116.166667,0,0,true,true,68,52.941176,10704,1536,28.676471,213.072462
BASE,N025-I03,25,3,7,49,RECOCIDO_SIMULADO,27.1217,4181,12032.715,416.048333,116.166667,0,0,true,true,68,52.941176,10704,1536,28.676471,185.280178
BASE,N025-I03,25,3,8,50,RECOCIDO_SIMULADO,25.6635,4021,12032.715,416.048333,116.166667,0,0,true,true,68,52.941176,10704,1536,28.676471,151.938361
BASE,N025-I03,25,3,9,51,RECOCIDO_SIMULADO,28.4553,4261,12032.715,416.048333,116.166667,0,0,true,true,68,52.941176,10704,1536,28.676471,205.645468
BASE,N025-I03,25,3,10,52,RECOCIDO_SIMULADO,27.4405,4181,12032.715,416.048333,116.166667,0,0,true,true,68,52.941176,10704,1536,28.676471,179.513427
BASE,N025-I03,25,3,11,53,RECOCIDO_SIMULADO,28.784,4381,12032.715,416.048333,116.166667,0,0,true,true,68,52.941176,10704,1536,28.676471,241.491939
BASE,N025-I03,25,3,12,54,RECOCIDO_SIMULADO,27.9168,4301,12032.715,416.048333,116.166667,0,0,true,true,68,52.941176,10704,1536,28.676471,211.259999
BASE,N025-I03,25,3,13,55,RECOCIDO_SIMULADO,29.1111,4501,12032.715,416.048333,116.166667,0,0,true,true,68,52.941176,10704,1536,28.676471,269.280247
BASE,N025-I03,25,3,14,56,RECOCIDO_SIMULADO,28.1436,4221,12032.715,416.048333,116.166667,0,0,true,true,68,52.941176,10704,1536,28.676471,191.473286
BASE,N025-I03,25,3,15,57,RECOCIDO_SIMULADO,28.3981,4261,12032.715,416.048333,116.166667,0,0,true,true,68,52.941176,10704,1536,28.676471,203.867255
BASE,N025-I03,25,3,16,58,RECOCIDO_SIMULADO,26.1883,4101,12032.715,416.048333,116.166667,0,0,true,true,68,52.941176,10704,1536,28.676471,167.84609
BASE,N025-I03,25,3,17,59,RECOCIDO_SIMULADO,28.3346,4301,12032.715,416.048333,116.166667,0,0,true,true,68,52.941176,10704,1536,28.676471,208.694357
BASE,N025-I03,25,3,18,60,RECOCIDO_SIMULADO,28.2348,4341,12032.715,416.048333,116.166667,0,0,true,true,68,52.941176,10704,1536,28.676471,229.346791
BASE,N025-I03,25,3,19,61,RECOCIDO_SIMULADO,27.7742,4181,12032.715,416.048333,116.166667,0,0,true,true,68,52.941176,10704,1536,28.676471,186.006019
BASE,N025-I03,25,3,20,62,RECOCIDO_SIMULADO,27.8744,4301,12032.715,416.048333,116.166667,0,0,true,true,68,52.941176,10704,1536,28.676471,213.473978
BASE,N025-I03,25,3,21,63,RECOCIDO_SIMULADO,27.1658,4181,12032.715,416.048333,116.166667,0,0,true,true,68,52.941176,10704,1536,28.676471,185.058774
BASE,N025-I03,25,3,22,64,RECOCIDO_SIMULADO,28.5729,4341,12032.715,416.048333,116.166667,0,0,true,true,68,52.941176,10704,1536,28.676471,228.542809
BASE,N025-I03,25,3,23,65,RECOCIDO_SIMULADO,27.7358,4301,12032.715,416.048333,116.166667,0,0,true,true,68,52.941176,10704,1536,28.676471,210.078364
BASE,N025-I03,25,3,24,66,RECOCIDO_SIMULADO,27.013,4141,12032.715,416.048333,116.166667,0,0,true,true,68,52.941176,10704,1536,28.676471,174.644889
BASE,N025-I03,25,3,25,67,RECOCIDO_SIMULADO,29.1988,4461,12032.715,416.048333,116.166667,0,0,true,true,68,52.941176,10704,1536,28.676471,259.534153
BASE,N025-I03,25,3,26,68,RECOCIDO_SIMULADO,26.4029,4021,12032.715,416.048333,116.166667,0,0,true,true,68,52.941176,10704,1536,28.676471,149.870077
BASE,N025-I03,25,3,27,69,RECOCIDO_SIMULADO,26.6496,3941,12032.715,416.048333,116.166667,0,0,true,true,68,52.941176,10704,1536,28.676471,135.101731
BASE,N025-I03,25,3,28,70,RECOCIDO_SIMULADO,27.7231,4261,12032.715,416.048333,116.166667,0,0,true,true,68,52.941176,10704,1536,28.676471,199.903245
BASE,N025-I03,25,3,29,71,RECOCIDO_SIMULADO,28.2301,4381,12032.715,416.048333,116.166667,0,0,true,true,68,52.941176,10704,1536,28.676471,233.341107
BASE,N025-I04,25,4,0,42,RECOCIDO_SIMULADO,30.3664,4381,11696.371667,426.871667,112.695,0,0,true,true,56,35.294118,11892,1690,25.490196,241.026709
BASE,N025-I04,25,4,1,43,RECOCIDO_SIMULADO,27.2159,4221,11658.961667,428.461667,112.305,0,0,true,true,56,35.294118,11144,1486,25.490196,194.27161
BASE,N025-I04,25,4,2,44,RECOCIDO_SIMULADO,28.1412,4381,11672.311667,428.311667,112.44,0,0,true,true,56,35.294118,11216,1570,25.490196,231.656826
BASE,N025-I04,25,4,3,45,RECOCIDO_SIMULADO,30.315,4541,11664.796667,428.296667,112.365,0,0,true,true,56,35.294118,12332,1708,25.490196,294.947342
BASE,N025-I04,25,4,4,46,RECOCIDO_SIMULADO,27.9751,4221,11657.601667,427.101667,112.305,0,0,true,true,56,35.294118,12588,1756,25.490196,187.380852
BASE,N025-I04,25,4,5,47,RECOCIDO_SIMULADO,29.4447,4341,11685.535,426.535,112.59,0,0,true,true,56,35.294118,13084,1860,25.490196,227.871406
BASE,N025-I04,25,4,6,48,RECOCIDO_SIMULADO,27.999,4261,11690.046667,426.546667,112.635,0,0,true,true,56,35.294118,12744,1744,25.490196,204.985565
BASE,N025-I04,25,4,7,49,RECOCIDO_SIMULADO,28.404,4301,11713.851667,433.851667,112.8,0,0,true,true,56,35.294118,11414,1654,25.490196,210.621636
BASE,N025-I04,25,4,8,50,RECOCIDO_SIMULADO,28.8306,4301,11677.161667,428.661667,112.485,0,0,true,true,56,35.294118,12288,1730,25.490196,210.539884
BASE,N025-I04,25,4,9,51,RECOCIDO_SIMULADO,27.2994,4181,11663.205,426.705,112.365,0,0,true,true,56,35.294118,12812,1872,25.490196,182.340447
BASE,N025-I04,25,4,10,52,RECOCIDO_SIMULADO,27.5524,4221,11681.07,429.57,112.515,0,0,true,true,56,35.294118,11474,1642,25.490196,195.969063
BASE,N025-I04,25,4,11,53,RECOCIDO_SIMULADO,34.0095,4581,11702.995,434.995,112.68,0,0,true,true,56,35.294118,11654,1632,25.490196,306.642747
BASE,N025-I04,25,4,12,54,RECOCIDO_SIMULADO,29.168,4541,11702.916667,431.916667,112.71,0,0,true,true,56,35.294118,11976,1652,25.490196,283.791876
BASE,N025-I04,25,4,13,55,RECOCIDO_SIMULADO,27.8831,4261,11660.391667,423.891667,112.365,0,0,true,true,56,35.294118,12188,1686,25.490196,203.662514
BASE,N025-I04,25,4,14,56,RECOCIDO_SIMULADO,28.7379,4421,11692.086667,427.086667,112.65,0,0,true,true,56,35.294118,12608,1730,25.490196,244.882641
BASE,N025-I04,25,4,15,57,RECOCIDO_SIMULADO,28.9042,4421,11657.506667,427.006667,112.305,0,0,true,true,56,35.294118,12084,1646,25.490196,251.448432
BASE,N025-I04,25,4,16,58,RECOCIDO_SIMULADO,28.3633,4181,11661.776667,425.276667,112.365,0,0,true,true,56,35.294118,12488,1728,25.490196,183.211294
BASE,N025-I04,25,4,17,59,RECOCIDO_SIMULADO,26.7992,4141,11711.721667,425.721667,112.86,0,0,true,true,56,35.294118,11812,1660,25.490196,173.044724
BASE,N025-I04,25,4,18,60,RECOCIDO_SIMULADO,28.3315,4261,11718.756667,428.256667,112.905,0,0,true,true,56,35.294118,12892,1796,25.490196,204.587627
BASE,N025-I04,25,4,19,61,RECOCIDO_SIMULADO,26.7841,4141,11696.036667,426.536667,112.695,0,0,true,true,56,35.294118,11908,1670,25.490196,173.762096
BASE,N025-I04,25,4,20,62,RECOCIDO_SIMULADO,28.966,4341,11688.676667,429.676667,112.59,0,0,true,true,56,35.294118,11240,1556,25.490196,220.168691
BASE,N025-I04,25,4,21,63,RECOCIDO_SIMULADO,28.8577,4301,11687.061667,423.561667,112.635,0,0,true,true,56,35.294118,13076,1836,25.490196,216.50112
BASE,N025-I04,25,4,22,64,RECOCIDO_SIMULADO,27.2124,4221,11656.591667,426.091667,112.305,0,0,true,true,56,35.294118,11636,1618,25.490196,191.625472
BASE,N025-I04,25,4,23,65,RECOCIDO_SIMULADO,28.5941,4421,11671.84,427.84,112.44,0,0,true,true,56,35.294118,12178,1718,25.490196,244.775461
BASE,N025-I04,25,4,24,66,RECOCIDO_SIMULADO,28.1408,4261,11690.908333,425.908333,112.65,0,0,true,true,56,35.294118,12808,1846,25.490196,203.088745
BASE,N025-I04,25,4,25,67,RECOCIDO_SIMULADO,29.084,4421,11711.771667,425.771667,112.86,0,0,true,true,56,35.294118,13196,1858,25.490196,248.408948
BASE,N025-I04,25,4,26,68,RECOCIDO_SIMULADO,29.0431,4421,11706.748333,426.748333,112.8,0,0,true,true,56,35.294118,12872,1872,25.490196,242.210764
BASE,N025-I04,25,4,27,69,RECOCIDO_SIMULADO,26.4842,4061,11674.711667,426.211667,112.485,0,0,true,true,56,35.294118,12518,1850,25.490196,154.878363
BASE,N025-I04,25,4,28,70,RECOCIDO_SIMULADO,28.2848,4341,11664.896667,428.396667,112.365,0,0,true,true,56,35.294118,13132,1870,25.490196,222.588934
BASE,N025-I04,25,4,29,71,RECOCIDO_SIMULADO,27.6493,4221,11692.281667,427.281667,112.65,0,0,true,true,56,35.294118,11924,1646,25.490196,192.349766
BASE,N025-I05,25,5,0,42,RECOCIDO_SIMULADO,26.7565,4101,11175.046667,498.38,106.766667,0,0,true,true,68,27.272727,10740,1536,31.127451,160.517034
BASE,N025-I05,25,5,1,43,RECOCIDO_SIMULADO,27.0922,4221,11175.046667,498.38,106.766667,0,0,true,true,68,27.272727,10740,1536,31.127451,188.404859
BASE,N025-I05,25,5,2,44,RECOCIDO_SIMULADO,27.6542,4181,11175.046667,498.38,106.766667,0,0,true,true,68,27.272727,10740,1536,31.127451,181.782559
BASE,N025-I05,25,5,3,45,RECOCIDO_SIMULADO,26.9071,4101,11175.046667,498.38,106.766667,0,0,true,true,68,27.272727,10740,1536,31.127451,161.984491
BASE,N025-I05,25,5,4,46,RECOCIDO_SIMULADO,27.9621,4181,11175.046667,498.38,106.766667,0,0,true,true,68,27.272727,10740,1536,31.127451,180.628981
BASE,N025-I05,25,5,5,47,RECOCIDO_SIMULADO,26.7438,4181,11175.046667,498.38,106.766667,0,0,true,true,68,27.272727,10740,1536,31.127451,186.077804
BASE,N025-I05,25,5,6,48,RECOCIDO_SIMULADO,26.8752,4181,11175.046667,498.38,106.766667,0,0,true,true,68,27.272727,10740,1536,31.127451,182.137953
BASE,N025-I05,25,5,7,49,RECOCIDO_SIMULADO,27.232,4141,11175.046667,498.38,106.766667,0,0,true,true,68,27.272727,10740,1536,31.127451,174.025002
BASE,N025-I05,25,5,8,50,RECOCIDO_SIMULADO,26.4752,4141,11175.046667,498.38,106.766667,0,0,true,true,68,27.272727,10740,1536,31.127451,174.678719
BASE,N025-I05,25,5,9,51,RECOCIDO_SIMULADO,27.4285,4061,11175.046667,498.38,106.766667,0,0,true,true,68,27.272727,10740,1536,31.127451,158.607762
BASE,N025-I05,25,5,10,52,RECOCIDO_SIMULADO,27.9125,4261,11175.046667,498.38,106.766667,0,0,true,true,68,27.272727,10740,1536,31.127451,198.14604
BASE,N025-I05,25,5,11,53,RECOCIDO_SIMULADO,26.6951,4141,11175.046667,498.38,106.766667,0,0,true,true,68,27.272727,10740,1536,31.127451,177.191734
BASE,N025-I05,25,5,12,54,RECOCIDO_SIMULADO,27.0989,4261,11175.046667,498.38,106.766667,0,0,true,true,68,27.272727,10740,1536,31.127451,199.307771
BASE,N025-I05,25,5,13,55,RECOCIDO_SIMULADO,27.3829,4141,11175.046667,498.38,106.766667,0,0,true,true,68,27.272727,10740,1536,31.127451,172.494428
BASE,N025-I05,25,5,14,56,RECOCIDO_SIMULADO,27.9244,4301,11175.046667,498.38,106.766667,0,0,true,true,68,27.272727,10740,1536,31.127451,216.443317
BASE,N025-I05,25,5,15,57,RECOCIDO_SIMULADO,27.6132,4181,11175.046667,498.38,106.766667,0,0,true,true,68,27.272727,10740,1536,31.127451,182.272589
BASE,N025-I05,25,5,16,58,RECOCIDO_SIMULADO,26.0061,4061,11175.046667,498.38,106.766667,0,0,true,true,68,27.272727,10740,1536,31.127451,154.195015
BASE,N025-I05,25,5,17,59,RECOCIDO_SIMULADO,27.2416,4261,11175.046667,498.38,106.766667,0,0,true,true,68,27.272727,10740,1536,31.127451,202.645345
BASE,N025-I05,25,5,18,60,RECOCIDO_SIMULADO,28.2751,4261,11175.046667,498.38,106.766667,0,0,true,true,68,27.272727,10740,1536,31.127451,202.367252
BASE,N025-I05,25,5,19,61,RECOCIDO_SIMULADO,26.8622,4141,11175.046667,498.38,106.766667,0,0,true,true,68,27.272727,10740,1536,31.127451,172.710895
BASE,N025-I05,25,5,20,62,RECOCIDO_SIMULADO,26.6435,4141,11175.046667,498.38,106.766667,0,0,true,true,68,27.272727,10740,1536,31.127451,175.492759
BASE,N025-I05,25,5,21,63,RECOCIDO_SIMULADO,27.5974,4221,11175.046667,498.38,106.766667,0,0,true,true,68,27.272727,10740,1536,31.127451,194.540355
BASE,N025-I05,25,5,22,64,RECOCIDO_SIMULADO,26.6303,4061,11175.046667,498.38,106.766667,0,0,true,true,68,27.272727,10740,1536,31.127451,155.503104
BASE,N025-I05,25,5,23,65,RECOCIDO_SIMULADO,27.2041,4061,11175.046667,498.38,106.766667,0,0,true,true,68,27.272727,10740,1536,31.127451,152.458067
BASE,N025-I05,25,5,24,66,RECOCIDO_SIMULADO,27.362,4221,11175.046667,498.38,106.766667,0,0,true,true,68,27.272727,10740,1536,31.127451,189.609298
BASE,N025-I05,25,5,25,67,RECOCIDO_SIMULADO,26.5023,4101,11175.046667,498.38,106.766667,0,0,true,true,68,27.272727,10740,1536,31.127451,162.112802
BASE,N025-I05,25,5,26,68,RECOCIDO_SIMULADO,25.9844,3981,11175.046667,498.38,106.766667,0,0,true,true,68,27.272727,10740,1536,31.127451,144.80925
BASE,N025-I05,25,5,27,69,RECOCIDO_SIMULADO,27.849,4341,11175.046667,498.38,106.766667,0,0,true,true,68,27.272727,10740,1536,31.127451,224.530256
BASE,N025-I05,25,5,28,70,RECOCIDO_SIMULADO,27.6665,4301,11175.046667,498.38,106.766667,0,0,true,true,68,27.272727,10740,1536,31.127451,208.29437
BASE,N025-I05,25,5,29,71,RECOCIDO_SIMULADO,28.0763,4181,11175.046667,498.38,106.766667,0,0,true,true,68,27.272727,10740,1536,31.127451,183.787256
BASE,N050-I01,50,1,0,42,RECOCIDO_SIMULADO,51.512,4861,106377.758333,1941.091667,1044.366667,0,0,true,true,28,7.142857,15786,2416,74.019608,434.921985
BASE,N050-I01,50,1,1,43,RECOCIDO_SIMULADO,49.5123,4621,106350.138333,1952.138333,1043.98,0,0,true,true,28,7.142857,16324,2444,74.019608,325.850281
BASE,N050-I01,50,1,2,44,RECOCIDO_SIMULADO,51.1443,4821,106628.836667,1956.836667,1046.72,0,0,true,true,28,7.142857,18394,2676,74.019608,416.25569
BASE,N050-I01,50,1,3,45,RECOCIDO_SIMULADO,50.5427,4861,106393.853333,1948.353333,1044.455,0,0,true,true,28,7.142857,16864,2494,74.019608,436.051889
BASE,N050-I01,50,1,4,46,RECOCIDO_SIMULADO,48.678,4581,106636.153333,1952.32,1046.838333,0,0,true,true,28,7.142857,17650,2630,74.019608,307.965079
BASE,N050-I01,50,1,5,47,RECOCIDO_SIMULADO,49.7314,4781,106378.213333,1945.713333,1044.325,0,0,true,true,28,7.142857,17170,2496,74.019608,393.603909
BASE,N050-I01,50,1,6,48,RECOCIDO_SIMULADO,47.9284,4661,106393.241667,1942.241667,1044.51,0,0,true,true,28,7.142857,16398,2524,74.019608,335.632007
BASE,N050-I01,50,1,7,49,RECOCIDO_SIMULADO,49.8928,4781,106571.531667,1947.531667,1046.24,0,0,true,true,28,7.142857,17820,2736,74.019608,390.441648
BASE,N050-I01,50,1,8,50,RECOCIDO_SIMULADO,48.3703,4701,106538.421667,1947.421667,1045.91,0,0,true,true,28,7.142857,17794,2698,74.019608,347.918625
BASE,N050-I01,50,1,9,51,RECOCIDO_SIMULADO,50.8423,4861,106440.408333,1950.741667,1044.896667,0,0,true,true,28,7.142857,17258,2572,74.019608,434.892299
BASE,N050-I01,50,1,10,52,RECOCIDO_SIMULADO,50.4971,4861,106351.833333,1951.333333,1044.005,0,0,true,true,28,7.142857,16946,2476,74.019608,438.543257
BASE,N050-I01,50,1,11,53,RECOCIDO_SIMULADO,49.9621,4901,106392.33,1947.663333,1044.446667,0,0,true,true,28,7.142857,16156,2400,74.019608,453.233219
BASE,N050-I01,50,1,12,54,RECOCIDO_SIMULADO,50.0938,4781,106422.123333,1940.79,1044.813333,0,0,true,true,28,7.142857,17818,2734,74.019608,385.683425
BASE,N050-I01,50,1,13,55,RECOCIDO_SIMULADO,49.761,4821,106671.755,1944.088333,1047.276667,0,0,true,true,28,7.142857,16728,2560,74.019608,419.222231
BASE,N050-I01,50,1,14,56,RECOCIDO_SIMULADO,51.5549,4901,106421.435,1952.268333,1044.691667,0,0,true,true,28,7.142857,17990,2710,74.019608,455.705516
BASE,N050-I01,50,1,15,57,RECOCIDO_SIMULADO,50.205,4741,106286.048333,1947.548333,1043.385,0,0,true,true,28,7.142857,17380,2624,74.019608,379.331152
BASE,N050-I01,50,1,16,58,RECOCIDO_SIMULADO,51.4271,4821,106396.365,1952.365,1044.44,0,0,true,true,28,7.142857,16388,2446,74.019608,412.237649
BASE,N050-I01,50,1,17,59,RECOCIDO_SIMULADO,49.0901,4781,106508.048333,1947.048333,1045.61,0,0,true,true,28,7.142857,16974,2584,74.019608,394.295626
BASE,N050-I01,50,1,18,60,RECOCIDO_SIMULADO,50.1785,4781,106610.255,1943.755,1046.665,0,0,true,true,28,7.142857,17920,2728,74.019608,387.502502
BASE,N050-I01,50,1,19,61,RECOCIDO_SIMULADO,48.9289,4861,106417.573333,1946.573333,1044.71,0,0,true,true,28,7.142857,16904,2482,74.019608,441.324296
BASE,N050-I01,50,1,20,62,RECOCIDO_SIMULADO,50.8759,4861,106520.336667,1948.17,1045.721667,0,0,true,true,28,7.142857,17556,2650,74.019608,426.611161
BASE,N050-I01,50,1,21,63,RECOCIDO_SIMULADO,49.7912,4821,106664.63,1943.463333,1047.211667,0,0,true,true,28,7.142857,17400,2602,74.019608,411.550894
BASE,N050-I01,50,1,22,64,RECOCIDO_SIMULADO,51.1129,5021,106450.221667,1948.555,1045.016667,0,0,true,true,28,7.142857,17380,2664,74.019608,529.891884
BASE,N050-I01,50,1,23,65,RECOCIDO_SIMULADO,50.8956,4901,106588.895,1949.061667,1046.398333,0,0,true,true,28,7.142857,17612,2622,74.019608,464.89929
BASE,N050-I01,50,1,24,66,RECOCIDO_SIMULADO,50.1668,4861,106671.755,1944.088333,1047.276667,0,0,true,true,28,7.142857,16728,2560,74.019608,441.694224
BASE,N050-I01,50,1,25,67,RECOCIDO_SIMULADO,50.9749,4941,106590.551667,1944.051667,1046.465,0,0,true,true,28,7.142857,17230,2616,74.019608,477.863071
BASE,N050-I01,50,1,26,68,RECOCIDO_SIMULADO,52.6079,5061,106403.2,1948.866667,1044.543333,0,0,true,true,28,7.142857,17568,2706,74.019608,577.548156
BASE,N050-I01,50,1,27,69,RECOCIDO_SIMULADO,51.6349,4981,106671.755,1944.088333,1047.276667,0,0,true,true,28,7.142857,16728,2560,74.019608,500.157844
BASE,N050-I01,50,1,28,70,RECOCIDO_SIMULADO,48.9378,4781,106522.42,1957.253333,1045.651667,0,0,true,true,28,7.142857,18780,2684,74.019608,396.017253
BASE,N050-I01,50,1,29,71,RECOCIDO_SIMULADO,51.3245,4941,106301.676667,1946.176667,1043.555,0,0,true,true,28,7.142857,16912,2488,74.019608,485.627039
BASE,N050-I02,50,2,0,42,RECOCIDO_SIMULADO,52.8392,4941,80097.036667,1606.37,784.906667,0,0,true,true,26,14.705882,16530,2486,54.166667,486.179372
BASE,N050-I02,50,2,1,43,RECOCIDO_SIMULADO,50.8376,4941,80119.288333,1611.955,785.073333,0,0,true,true,28,17.647059,18280,2794,54.166667,494.407066
BASE,N050-I02,50,2,2,44,RECOCIDO_SIMULADO,52.7533,5021,80151.965,1612.798333,785.391667,0,0,true,true,28,17.647059,18392,2782,54.166667,532.779516
BASE,N050-I02,50,2,3,45,RECOCIDO_SIMULADO,52.2651,4821,80198.135,1617.135,785.81,0,0,true,true,28,17.647059,18878,2850,54.166667,421.315802
BASE,N050-I02,50,2,4,46,RECOCIDO_SIMULADO,50.6544,4861,80200.69,1613.856667,785.868333,0,0,true,true,28,17.647059,17990,2752,54.166667,427.087642
BASE,N050-I02,50,2,5,47,RECOCIDO_SIMULADO,54.1649,4861,80284.011667,1615.845,786.681667,0,0,true,true,28,17.647059,16676,2618,54.166667,435.489356
BASE,N050-I02,50,2,6,48,RECOCIDO_SIMULADO,50.5428,4821,80364.813333,1619.646667,787.451667,0,0,true,true,28,17.647059,19980,3056,54.166667,413.484475
BASE,N050-I02,50,2,7,49,RECOCIDO_SIMULADO,50.8638,4861,80246.731667,1610.565,786.361667,0,0,true,true,28,17.647059,18502,2866,54.166667,438.073838
BASE,N050-I02,50,2,8,50,RECOCIDO_SIMULADO,52.4053,5021,80206.39,1615.556667,785.908333,0,0,true,true,26,14.705882,18594,2722,54.166667,546.107479
BASE,N050-I02,50,2,9,51,RECOCIDO_SIMULADO,51.8809,4941,80160.351667,1620.685,785.396667,0,0,true,true,26,14.705882,18008,2730,54.166667,471.225911
BASE,N050-I02,50,2,10,52,RECOCIDO_SIMULADO,50.7885,4901,80041.425,1611.925,784.295,0,0,true,true,28,17.647059,17284,2554,54.166667,466.83544
BASE,N050-I02,50,2,11,53,RECOCIDO_SIMULADO,51.2642,4821,80253.57,1615.07,786.385,0,0,true,true,28,17.647059,17736,2728,54.166667,419.104364
BASE,N050-I02,50,2,12,54,RECOCIDO_SIMULADO,51.6074,4941,80102.275,1616.608333,784.856667,0,0,true,true,28,17.647059,17150,2532,54.166667,489.593853
BASE,N050-I02,50,2,13,55,RECOCIDO_SIMULADO,49.7975,4861,80245.663333,1613.496667,786.321667,0,0,true,true,28,17.647059,18504,2784,54.166667,434.318504
BASE,N050-I02,50,2,14,56,RECOCIDO_SIMULADO,52.6023,5021,80118.3,1613.466667,785.048333,0,0,true,true,26,14.705882,16628,2444,54.166667,539.575041
BASE,N050-I02,50,2,15,57,RECOCIDO_SIMULADO,52.2752,4901,80372.53,1613.53,787.59,0,0,true,true,28,17.647059,19050,2910,54.166667,451.98714
BASE,N050-I02,50,2,16,58,RECOCIDO_SIMULADO,51.0798,4941,80170.426667,1616.093333,785.543333,0,0,true,true,28,17.647059,17778,2596,54.166667,489.319865
BASE,N050-I02,50,2,17,59,RECOCIDO_SIMULADO,51.0561,4821,80102.478333,1621.145,784.813333,0,0,true,true,28,17.647059,18400,2760,54.166667,407.012616
BASE,N050-I02,50,2,18,60,RECOCIDO_SIMULADO,51.5206,4861,80168.438333,1618.605,785.498333,0,0,true,true,28,17.647059,18660,2728,54.166667,430.792067
BASE,N050-I02,50,2,19,61,RECOCIDO_SIMULADO,51.8947,4941,80285.5,1616.333333,786.691667,0,0,true,true,28,17.647059,17554,2584,54.166667,494.206518
BASE,N050-I02,50,2,20,62,RECOCIDO_SIMULADO,51.7832,4861,80167.138333,1610.471667,785.566667,0,0,true,true,28,17.647059,18094,2792,54.166667,427.318444
BASE,N050-I02,50,2,21,63,RECOCIDO_SIMULADO,51.3321,4861,80132.195,1617.528333,785.146667,0,0,true,true,28,17.647059,17218,2600,54.166667,427.658986
BASE,N050-I02,50,2,22,64,RECOCIDO_SIMULADO,51.4824,4981,80076.761667,1607.595,784.691667,0,0,true,true,28,17.647059,16948,2584,54.166667,497.265843
BASE,N050-I02,50,2,23,65,RECOCIDO_SIMULADO,52.1132,4981,80095.12,1611.786667,784.833333,0,0,true,true,26,14.705882,17490,2632,54.166667,501.276975
BASE,N050-I02,50,2,24,66,RECOCIDO_SIMULADO,52.8434,5021,80288.076667,1612.076667,786.76,0,0,true,true,30,17.647059,18770,2862,54.166667,527.568233
BASE,N050-I02,50,2,25,67,RECOCIDO_SIMULADO,52.335,5101,80263.14,1612.64,786.505,0,0,true,true,26,14.705882,19062,2916,54.166667,578.880083
BASE,N050-I02,50,2,26,68,RECOCIDO_SIMULADO,50.9089,4861,80286.106667,1612.94,786.731667,0,0,true,true,26,14.705882,17970,2736,54.166667,425.388169
BASE,N050-I02,50,2,27,69,RECOCIDO_SIMULADO,52.1418,4941,80250.476667,1609.143333,786.413333,0,0,true,true,28,17.647059,17732,2766,54.166667,486.368055
BASE,N050-I02,50,2,28,70,RECOCIDO_SIMULADO,49.4018,4781,80390.085,1613.085,787.77,0,0,true,true,28,17.647059,18948,2954,54.166667,393.743944
BASE,N050-I02,50,2,29,71,RECOCIDO_SIMULADO,52.0059,4941,79959.465,1610.465,783.49,0,0,true,true,28,17.647059,18168,2738,54.166667,486.20892
BASE,N050-I03,50,3,0,42,RECOCIDO_SIMULADO,52.131,4901,82985.82,1741.486667,812.443333,0,0,true,true,28,14.814815,16536,2536,64.460784,451.144969
BASE,N050-I03,50,3,1,43,RECOCIDO_SIMULADO,52.7833,4941,82867.148333,1742.648333,811.245,0,0,true,true,28,14.814815,16574,2476,64.460784,475.85009
BASE,N050-I03,50,3,2,44,RECOCIDO_SIMULADO,51.7255,4901,82993.803333,1737.136667,812.566667,0,0,true,true,28,14.814815,14324,2112,64.460784,452.466699
BASE,N050-I03,50,3,3,45,RECOCIDO_SIMULADO,50.0225,4821,82885.933333,1739.266667,811.466667,0,0,true,true,28,14.814815,17108,2580,64.460784,417.725747
BASE,N050-I03,50,3,4,46,RECOCIDO_SIMULADO,52.2386,4981,82749.51,1741.676667,810.078333,0,0,true,true,28,14.814815,16256,2382,64.460784,498.191048
BASE,N050-I03,50,3,5,47,RECOCIDO_SIMULADO,50.8089,4781,82832.873333,1738.373333,810.945,0,0,true,true,28,14.814815,15592,2360,64.460784,394.537743
BASE,N050-I03,50,3,6,48,RECOCIDO_SIMULADO,47.6949,4661,82993.803333,1737.136667,812.566667,0,0,true,true,28,14.814815,14324,2112,64.460784,345.174356
BASE,N050-I03,50,3,7,49,RECOCIDO_SIMULADO,51.1668,4861,82953.221667,1739.388333,812.138333,0,0,true,true,26,11.111111,16606,2536,64.460784,443.607279
BASE,N050-I03,50,3,8,50,RECOCIDO_SIMULADO,49.903,4781,82993.803333,1737.136667,812.566667,0,0,true,true,28,14.814815,14324,2112,64.460784,399.776881
BASE,N050-I03,50,3,9,51,RECOCIDO_SIMULADO,51.1107,4941,82883.288333,1738.621667,811.446667,0,0,true,true,24,11.111111,17134,2588,64.460784,475.457706
BASE,N050-I03,50,3,10,52,RECOCIDO_SIMULADO,49.2535,4701,82993.803333,1737.136667,812.566667,0,0,true,true,28,14.814815,14324,2112,64.460784,349.418365
BASE,N050-I03,50,3,11,53,RECOCIDO_SIMULADO,50.3904,4821,82972.461667,1737.628333,812.348333,0,0,true,true,28,14.814815,16234,2494,64.460784,421.607888
BASE,N050-I03,50,3,12,54,RECOCIDO_SIMULADO,50.5954,4901,82881.975,1743.975,811.38,0,0,true,true,28,14.814815,16918,2514,64.460784,447.619134
BASE,N050-I03,50,3,13,55,RECOCIDO_SIMULADO,51.4429,4861,82993.803333,1737.136667,812.566667,0,0,true,true,28,14.814815,14324,2112,64.460784,438.198348
BASE,N050-I03,50,3,14,56,RECOCIDO_SIMULADO,50.8447,4861,82878.033333,1737.2,811.408333,0,0,true,true,26,14.814815,15486,2278,64.460784,447.237759
BASE,N050-I03,50,3,15,57,RECOCIDO_SIMULADO,51.5927,4981,82898.505,1736.671667,811.618333,0,0,true,true,26,11.111111,15906,2420,64.460784,501.610634
BASE,N050-I03,50,3,16,58,RECOCIDO_SIMULADO,51.5083,4901,82927.385,1736.885,811.905,0,0,true,true,28,14.814815,16338,2508,64.460784,453.960337
BASE,N050-I03,50,3,17,59,RECOCIDO_SIMULADO,50.7005,4821,82799.578333,1743.078333,810.565,0,0,true,true,26,11.111111,16996,2510,64.460784,424.31164
BASE,N050-I03,50,3,18,60,RECOCIDO_SIMULADO,50.5757,4901,82993.803333,1737.136667,812.566667,0,0,true,true,28,14.814815,14324,2112,64.460784,468.722124
BASE,N050-I03,50,3,19,61,RECOCIDO_SIMULADO,52.0248,5021,82795.733333,1739.233333,810.565,0,0,true,true,26,11.111111,16504,2516,64.460784,539.125354
BASE,N050-I03,50,3,20,62,RECOCIDO_SIMULADO,48.9138,4661,82943.885,1748.385,811.955,0,0,true,true,28,14.814815,17776,2660,64.460784,344.082271
BASE,N050-I03,50,3,21,63,RECOCIDO_SIMULADO,48.6238,4701,82836.043333,1745.543333,810.905,0,0,true,true,28,14.814815,17302,2608,64.460784,355.884113
BASE,N050-I03,50,3,22,64,RECOCIDO_SIMULADO,49.95,4821,82993.803333,1737.136667,812.566667,0,0,true,true,28,14.814815,14324,2112,64.460784,407.487287
BASE,N050-I03,50,3,23,65,RECOCIDO_SIMULADO,51.1307,4981,82965.086667,1740.086667,812.25,0,0,true,true,24,11.111111,16832,2558,64.460784,503.770264
BASE,N050-I03,50,3,24,66,RECOCIDO_SIMULADO,49.7119,4701,82805.785,1736.451667,810.693333,0,0,true,true,26,14.814815,15874,2422,64.460784,363.699202
BASE,N050-I03,50,3,25,67,RECOCIDO_SIMULADO,50.6228,4861,82993.803333,1737.136667,812.566667,0,0,true,true,28,14.814815,14324,2112,64.460784,441.466678
BASE,N050-I03,50,3,26,68,RECOCIDO_SIMULADO,50.5113,4901,82993.803333,1737.136667,812.566667,0,0,true,true,28,14.814815,14324,2112,64.460784,467.187126
BASE,N050-I03,50,3,27,69,RECOCIDO_SIMULADO,51.1992,4901,82993.803333,1737.136667,812.566667,0,0,true,true,28,14.814815,14324,2112,64.460784,447.692035
BASE,N050-I03,50,3,28,70,RECOCIDO_SIMULADO,50.3438,4821,82993.803333,1737.136667,812.566667,0,0,true,true,28,14.814815,14324,2112,64.460784,407.703636
BASE,N050-I03,50,3,29,71,RECOCIDO_SIMULADO,52.5974,4741,82985.723333,1737.056667,812.486667,0,0,true,true,28,14.814815,14324,2112,64.460784,376.675095
BASE,N050-I04,50,4,0,42,RECOCIDO_SIMULADO,53.1398,4981,87050.743333,1722.576667,853.281667,0,0,true,true,30,12.903226,15710,2288,64.215686,510.768735
BASE,N050-I04,50,4,1,43,RECOCIDO_SIMULADO,51.095,4901,86815.031667,1723.365,850.916667,0,0,true,true,32,16.129032,16224,2410,64.215686,464.140968
BASE,N050-I04,50,4,2,44,RECOCIDO_SIMULADO,51.9465,4981,86805.596667,1723.263333,850.823333,0,0,true,true,32,16.129032,15034,2196,64.215686,518.523225
BASE,N050-I04,50,4,3,45,RECOCIDO_SIMULADO,52.8086,4981,87050.743333,1722.576667,853.281667,0,0,true,true,30,12.903226,15710,2288,64.215686,513.284941
BASE,N050-I04,50,4,4,46,RECOCIDO_SIMULADO,51.6039,4901,86947.146667,1727.813333,852.193333,0,0,true,true,30,12.903226,16622,2486,64.215686,454.689815
BASE,N050-I04,50,4,5,47,RECOCIDO_SIMULADO,50.2771,4861,87014.471667,1727.138333,852.873333,0,0,true,true,32,16.129032,16476,2424,64.215686,445.707314
BASE,N050-I04,50,4,6,48,RECOCIDO_SIMULADO,52.2021,5021,87050.743333,1722.576667,853.281667,0,0,true,true,30,12.903226,15710,2288,64.215686,537.672121
BASE,N050-I04,50,4,7,49,RECOCIDO_SIMULADO,51.4342,4861,86807.771667,1728.938333,850.788333,0,0,true,true,32,16.129032,16698,2396,64.215686,431.258171
BASE,N050-I04,50,4,8,50,RECOCIDO_SIMULADO,51.3033,5021,86835.465,1729.965,851.055,0,0,true,true,32,16.129032,16108,2470,64.215686,534.567191
BASE,N050-I04,50,4,9,51,RECOCIDO_SIMULADO,52.2408,4941,87050.743333,1722.576667,853.281667,0,0,true,true,30,12.903226,15710,2288,64.215686,487.309027
BASE,N050-I04,50,4,10,52,RECOCIDO_SIMULADO,53.4994,4941,86864.145,1719.645,851.445,0,0,true,true,30,12.903226,15926,2448,64.215686,473.733627
BASE,N050-I04,50,4,11,53,RECOCIDO_SIMULADO,51.5409,4901,86812.468333,1726.468333,850.86,0,0,true,true,30,12.903226,15752,2330,64.215686,451.773785
BASE,N050-I04,50,4,12,54,RECOCIDO_SIMULADO,57.3959,4861,86931.41,1722.243333,852.091667,0,0,true,true,32,16.129032,15170,2220,64.215686,441.004423
BASE,N050-I04,50,4,13,55,RECOCIDO_SIMULADO,51.1647,4861,86844.32,1720.82,851.235,0,0,true,true,32,16.129032,14518,2152,64.215686,434.682438
BASE,N050-I04,50,4,14,56,RECOCIDO_SIMULADO,51.4778,4941,86842.698333,1726.365,851.163333,0,0,true,true,32,16.129032,15974,2358,64.215686,483.661029
BASE,N050-I04,50,4,15,57,RECOCIDO_SIMULADO,52.0848,4981,87050.743333,1722.576667,853.281667,0,0,true,true,30,12.903226,15710,2288,64.215686,515.579742
BASE,N050-I04,50,4,16,58,RECOCIDO_SIMULADO,51.7874,4861,86796.615,1725.115,850.715,0,0,true,true,32,16.129032,16442,2388,64.215686,431.059415
BASE,N050-I04,50,4,17,59,RECOCIDO_SIMULADO,51.6398,5021,87050.743333,1722.576667,853.281667,0,0,true,true,30,12.903226,15710,2288,64.215686,547.390254
BASE,N050-I04,50,4,18,60,RECOCIDO_SIMULADO,52.0622,5021,86950.138333,1724.805,852.253333,0,0,true,true,32,16.129032,15430,2278,64.215686,543.710013
BASE,N050-I04,50,4,19,61,RECOCIDO_SIMULADO,53.237,5061,86894.583333,1724.916667,851.696667,0,0,true,true,32,16.129032,16144,2394,64.215686,553.011046
BASE,N050-I04,50,4,20,62,RECOCIDO_SIMULADO,50.3394,4901,87050.743333,1722.576667,853.281667,0,0,true,true,30,12.903226,15710,2288,64.215686,456.89274
BASE,N050-I04,50,4,21,63,RECOCIDO_SIMULADO,51.2838,4941,87008.415,1728.915,852.795,0,0,true,true,32,16.129032,15624,2306,64.215686,478.13181
BASE,N050-I04,50,4,22,64,RECOCIDO_SIMULADO,53.4773,5101,86969.153333,1725.653333,852.435,0,0,true,true,30,12.903226,16332,2452,64.215686,582.219032
BASE,N050-I04,50,4,23,65,RECOCIDO_SIMULADO,50.3527,4901,86956.608333,1722.608333,852.34,0,0,true,true,32,16.129032,15880,2386,64.215686,466.869963
BASE,N050-I04,50,4,24,66,RECOCIDO_SIMULADO,52.4265,5021,87024.765,1722.598333,853.021667,0,0,true,true,32,16.129032,15336,2370,64.215686,529.110931
BASE,N050-I04,50,4,25,67,RECOCIDO_SIMULADO,51.6006,4941,86836.336667,1730.67,851.056667,0,0,true,true,32,16.129032,16284,2348,64.215686,490.008381
BASE,N050-I04,50,4,26,68,RECOCIDO_SIMULADO,51.9366,4981,87028.151667,1727.651667,853.005,0,0,true,true,30,12.903226,15982,2408,64.215686,502.297259
BASE,N050-I04,50,4,27,69,RECOCIDO_SIMULADO,52.9275,4941,87050.743333,1722.576667,853.281667,0,0,true,true,30,12.903226,15710,2288,64.215686,485.047389
BASE,N050-I04,50,4,28,70,RECOCIDO_SIMULADO,50.8065,4781,86883.145,1725.311667,851.578333,0,0,true,true,30,12.903226,16246,2378,64.215686,393.290692
BASE,N050-I04,50,4,29,71,RECOCIDO_SIMULADO,50.6496,4901,87050.743333,1722.576667,853.281667,0,0,true,true,30,12.903226,15710,2288,64.215686,457.578304
BASE,N050-I05,50,5,0,42,RECOCIDO_SIMULADO,49.1258,4661,83798.253333,1523.753333,822.745,0,0,true,true,26,11.428571,16322,2414,65.686275,341.459488
BASE,N050-I05,50,5,1,43,RECOCIDO_SIMULADO,50.5627,4821,84070.665,1518.831667,825.518333,0,0,true,true,26,11.428571,14502,2152,65.686275,420.584026
BASE,N050-I05,50,5,2,44,RECOCIDO_SIMULADO,50.6846,4901,84064.133333,1528.3,825.358333,0,0,true,true,28,14.285714,17018,2544,65.686275,460.603516
BASE,N050-I05,50,5,3,45,RECOCIDO_SIMULADO,50.5409,4781,83829.528333,1521.528333,823.08,0,0,true,true,26,11.428571,14966,2254,65.686275,401.860152
BASE,N050-I05,50,5,4,46,RECOCIDO_SIMULADO,49.7106,4701,83876.351667,1524.185,823.521667,0,0,true,true,26,11.428571,14762,2200,65.686275,362.548796
BASE,N050-I05,50,5,5,47,RECOCIDO_SIMULADO,50.0346,4821,83807.346667,1523.513333,822.838333,0,0,true,true,26,11.428571,16054,2472,65.686275,423.175659
BASE,N050-I05,50,5,6,48,RECOCIDO_SIMULADO,51.2046,4821,83812.93,1531.096667,822.818333,0,0,true,true,26,11.428571,16026,2358,65.686275,410.407428
BASE,N050-I05,50,5,7,49,RECOCIDO_SIMULADO,55.1477,4901,84001.438333,1526.771667,824.746667,0,0,true,true,28,11.428571,16240,2440,65.686275,458.04005
BASE,N050-I05,50,5,8,50,RECOCIDO_SIMULADO,49.0282,4701,83989.25,1524.083333,824.651667,0,0,true,true,26,8.571429,16440,2492,65.686275,358.622183
BASE,N050-I05,50,5,9,51,RECOCIDO_SIMULADO,50.1078,4661,83835.53,1518.03,823.175,0,0,true,true,28,11.428571,15614,2348,65.686275,346.090777
BASE,N050-I05,50,5,10,52,RECOCIDO_SIMULADO,49.0322,4701,83614.973333,1526.973333,820.88,0,0,true,true,26,11.428571,15824,2312,65.686275,356.811837
BASE,N050-I05,50,5,11,53,RECOCIDO_SIMULADO,49.3489,4741,83827.846667,1524.68,823.031667,0,0,true,true,26,11.428571,15662,2312,65.686275,378.425144
BASE,N050-I05,50,5,12,54,RECOCIDO_SIMULADO,51.7322,4821,83870.62,1518.286667,823.523333,0,0,true,true,26,11.428571,15206,2294,65.686275,409.647074
BASE,N050-I05,50,5,13,55,RECOCIDO_SIMULADO,48.1657,4661,83760.17,1527.003333,822.331667,0,0,true,true,26,11.428571,15964,2356,65.686275,340.733619
BASE,N050-I05,50,5,14,56,RECOCIDO_SIMULADO,51.1977,4901,84047.446667,1519.78,825.276667,0,0,true,true,26,11.428571,15402,2294,65.686275,456.742543
BASE,N050-I05,50,5,15,57,RECOCIDO_SIMULADO,49.7133,4741,83960.153333,1528.153333,824.32,0,0,true,true,30,14.285714,16776,2442,65.686275,383.568193
BASE,N050-I05,50,5,16,58,RECOCIDO_SIMULADO,49.5191,4781,83750.771667,1524.105,822.266667,0,0,true,true,26,11.428571,15816,2376,65.686275,392.924379
BASE,N050-I05,50,5,17,59,RECOCIDO_SIMULADO,52.6361,4901,83855.908333,1525.408333,823.305,0,0,true,true,26,11.428571,15372,2314,65.686275,462.830138
BASE,N050-I05,50,5,18,60,RECOCIDO_SIMULADO,51.0443,4901,83944.64,1529.806667,824.148333,0,0,true,true,26,11.428571,16410,2360,65.686275,466.911584
BASE,N050-I05,50,5,19,61,RECOCIDO_SIMULADO,51.6406,4941,83916.423333,1523.423333,823.93,0,0,true,true,26,11.428571,16288,2468,65.686275,476.72686
BASE,N050-I05,50,5,20,62,RECOCIDO_SIMULADO,49.9619,4701,84026.045,1522.045,825.04,0,0,true,true,28,11.428571,16536,2478,65.686275,347.039638
BASE,N050-I05,50,5,21,63,RECOCIDO_SIMULADO,49.6269,4701,84035.788333,1523.788333,825.12,0,0,true,true,26,11.428571,16408,2486,65.686275,360.758741
BASE,N050-I05,50,5,22,64,RECOCIDO_SIMULADO,51.4331,4901,83796.701667,1528.035,822.686667,0,0,true,true,26,11.428571,15366,2244,65.686275,463.164838
BASE,N050-I05,50,5,23,65,RECOCIDO_SIMULADO,53.2037,5021,83919.028333,1526.528333,823.925,0,0,true,true,26,11.428571,16394,2498,65.686275,528.721386
BASE,N050-I05,50,5,24,66,RECOCIDO_SIMULADO,50.6415,4781,83861.323333,1523.323333,823.38,0,0,true,true,26,11.428571,16602,2476,65.686275,396.912426
BASE,N050-I05,50,5,25,67,RECOCIDO_SIMULADO,50.9507,4861,83861.766667,1527.1,823.346667,0,0,true,true,26,11.428571,16972,2554,65.686275,425.904209
BASE,N050-I05,50,5,26,68,RECOCIDO_SIMULADO,50.8586,4741,84000.226667,1524.226667,824.76,0,0,true,true,28,14.285714,15858,2392,65.686275,369.478229
BASE,N050-I05,50,5,27,69,RECOCIDO_SIMULADO,50.0739,4701,83934.163333,1518.496667,824.156667,0,0,true,true,28,11.428571,15848,2432,65.686275,354.766925
BASE,N050-I05,50,5,28,70,RECOCIDO_SIMULADO,49.722,4781,83824.785,1523.951667,823.008333,0,0,true,true,28,11.428571,15924,2382,65.686275,387.858576
BASE,N050-I05,50,5,29,71,RECOCIDO_SIMULADO,51.5446,4781,83811.786667,1527.62,822.841667,0,0,true,true,26,11.428571,17050,2514,65.686275,393.45444
SA_IT100,N025-I01,25,1,0,42,RECOCIDO_SIMULADO,68.0405,10701,22549.066667,609.233333,219.398333,0,0,true,true,48,26.666667,10180,1390,42.401961,224.368883
SA_IT100,N025-I01,25,1,1,43,RECOCIDO_SIMULADO,71.034,11001,22576.386667,617.053333,219.593333,0,0,true,true,48,26.666667,10910,1534,42.401961,259.893473
SA_IT100,N025-I01,25,1,2,44,RECOCIDO_SIMULADO,72.8022,11101,22558.051667,607.718333,219.503333,0,0,true,true,48,26.666667,10864,1500,42.401961,278.44757
SA_IT100,N025-I01,25,1,3,45,RECOCIDO_SIMULADO,73.1517,11301,22556.526667,609.193333,219.473333,0,0,true,true,48,26.666667,10364,1410,42.401961,310.106015
SA_IT100,N025-I01,25,1,4,46,RECOCIDO_SIMULADO,70.9015,11001,22553.381667,607.548333,219.458333,0,0,true,true,48,26.666667,10560,1438,42.401961,267.966511
SA_IT100,N025-I01,25,1,5,47,RECOCIDO_SIMULADO,72.0341,11401,22582.276667,607.943333,219.743333,0,0,true,true,48,26.666667,10188,1378,42.401961,318.33296
SA_IT100,N025-I01,25,1,6,48,RECOCIDO_SIMULADO,70.3133,11101,22573.065,606.898333,219.661667,0,0,true,true,52,33.333333,10056,1370,42.401961,271.479455
SA_IT100,N025-I01,25,1,7,49,RECOCIDO_SIMULADO,69.3645,10901,22554.346667,607.013333,219.473333,0,0,true,true,48,26.666667,10752,1508,42.401961,244.28834
SA_IT100,N025-I01,25,1,8,50,RECOCIDO_SIMULADO,71.0827,11101,22573.576667,615.743333,219.578333,0,0,true,true,48,26.666667,10430,1452,42.401961,270.576052
SA_IT100,N025-I01,25,1,9,51,RECOCIDO_SIMULADO,70.1942,10901,22540.696667,609.863333,219.308333,0,0,true,true,48,26.666667,10732,1470,42.401961,247.06906
SA_IT100,N025-I01,25,1,10,52,RECOCIDO_SIMULADO,69.978,11101,22540.266667,609.433333,219.308333,0,0,true,true,48,26.666667,11228,1516,42.401961,277.318243
SA_IT100,N025-I01,25,1,11,53,RECOCIDO_SIMULADO,69.8637,11001,22574.24,615.573333,219.586667,0,0,true,true,52,33.333333,10742,1452,42.401961,255.90468
SA_IT100,N025-I01,25,1,12,54,RECOCIDO_SIMULADO,69.5883,11001,22557.751667,610.418333,219.473333,0,0,true,true,48,26.666667,10282,1446,42.401961,263.983968
SA_IT100,N025-I01,25,1,13,55,RECOCIDO_SIMULADO,68.2565,10701,22599.761667,610.428333,219.893333,0,0,true,true,48,26.666667,10728,1480,42.401961,224.218935
SA_IT100,N025-I01,25,1,14,56,RECOCIDO_SIMULADO,69.5322,10901,22539.666667,608.833333,219.308333,0,0,true,true,48,26.666667,10476,1422,42.401961,253.895667
SA_IT100,N025-I01,25,1,15,57,RECOCIDO_SIMULADO,67.9948,10701,22578.051667,608.218333,219.698333,0,0,true,true,48,26.666667,10944,1490,42.401961,227.823707
SA_IT100,N025-I01,25,1,16,58,RECOCIDO_SIMULADO,71.5345,11201,22545.846667,606.013333,219.398333,0,0,true,true,48,26.666667,10268,1422,42.401961,288.141004
SA_IT100,N025-I01,25,1,17,59,RECOCIDO_SIMULADO,68.6186,10901,22584.416667,617.583333,219.668333,0,0,true,true,48,26.666667,11764,1578,42.401961,248.495483
SA_IT100,N025-I01,25,1,18,60,RECOCIDO_SIMULADO,70.572,11001,22557.651667,610.318333,219.473333,0,0,true,true,48,26.666667,10016,1344,42.401961,264.893171
SA_IT100,N025-I01,25,1,19,61,RECOCIDO_SIMULADO,68.9701,10901,22539.481667,608.648333,219.308333,0,0,true,true,48,26.666667,10584,1436,42.401961,250.094095
SA_IT100,N025-I01,25,1,20,62,RECOCIDO_SIMULADO,70.1388,11001,22580.195,606.528333,219.736667,0,0,true,true,52,33.333333,10448,1450,42.401961,256.508145
SA_IT100,N025-I01,25,1,21,63,RECOCIDO_SIMULADO,69.9017,10901,22537.016667,606.183333,219.308333,0,0,true,true,48,26.666667,10420,1440,42.401961,252.116905
SA_IT100,N025-I01,25,1,22,64,RECOCIDO_SIMULADO,71.9011,11201,22583.861667,606.528333,219.773333,0,0,true,true,48,26.666667,10600,1474,42.401961,295.767732
SA_IT100,N025-I01,25,1,23,65,RECOCIDO_SIMULADO,71.8809,11301,22540.881667,610.048333,219.308333,0,0,true,true,48,26.666667,11064,1496,42.401961,302.383303
SA_IT100,N025-I01,25,1,24,66,RECOCIDO_SIMULADO,70.7429,11001,22564.721667,608.388333,219.563333,0,0,true,true,48,26.666667,10952,1490,42.401961,265.749033
SA_IT100,N025-I01,25,1,25,67,RECOCIDO_SIMULADO,69.8849,11001,22556.411667,609.078333,219.473333,0,0,true,true,48,26.666667,10424,1432,42.401961,259.579614
SA_IT100,N025-I01,25,1,26,68,RECOCIDO_SIMULADO,70.7616,11101,22573.131667,615.298333,219.578333,0,0,true,true,48,26.666667,9930,1358,42.401961,278.397369
SA_IT100,N025-I01,25,1,27,69,RECOCIDO_SIMULADO,69.5004,11001,22604.126667,610.293333,219.938333,0,0,true,true,48,26.666667,11244,1550,42.401961,264.522949
SA_IT100,N025-I01,25,1,28,70,RECOCIDO_SIMULADO,71.1832,11301,22576.241667,609.408333,219.668333,0,0,true,true,48,26.666667,10696,1462,42.401961,297.784718
SA_IT100,N025-I01,25,1,29,71,RECOCIDO_SIMULADO,69.3058,11001,22596.251667,618.918333,219.773333,0,0,true,true,48,26.666667,9840,1292,42.401961,256.219892
SA_IT100,N025-I02,25,2,0,42,RECOCIDO_SIMULADO,68.3801,10601,11841.03,431.696667,114.093333,0,0,true,true,56,15.384615,11648,1702,31.617647,208.173216
SA_IT100,N025-I02,25,2,1,43,RECOCIDO_SIMULADO,68.406,10601,11841.03,431.696667,114.093333,0,0,true,true,56,15.384615,11648,1702,31.617647,217.079958
SA_IT100,N025-I02,25,2,2,44,RECOCIDO_SIMULADO,66.4907,10301,11831.22,438.386667,113.928333,0,0,true,true,56,15.384615,11006,1676,31.617647,177.915806
SA_IT100,N025-I02,25,2,3,45,RECOCIDO_SIMULADO,63.1453,10001,11841.03,431.696667,114.093333,0,0,true,true,56,15.384615,11648,1702,31.617647,158.665844
SA_IT100,N025-I02,25,2,4,46,RECOCIDO_SIMULADO,67.709,10501,11841.03,431.696667,114.093333,0,0,true,true,56,15.384615,11648,1702,31.617647,197.891493
SA_IT100,N025-I02,25,2,5,47,RECOCIDO_SIMULADO,68.2348,10701,11831.435,438.601667,113.928333,0,0,true,true,56,15.384615,11588,1608,31.617647,223.851387
SA_IT100,N025-I02,25,2,6,48,RECOCIDO_SIMULADO,63.543,10001,11841.03,431.696667,114.093333,0,0,true,true,56,15.384615,11648,1702,31.617647,152.632083
SA_IT100,N025-I02,25,2,7,49,RECOCIDO_SIMULADO,62.9102,10001,11832.885,440.051667,113.928333,0,0,true,true,56,15.384615,11580,1632,31.617647,155.172926
SA_IT100,N025-I02,25,2,8,50,RECOCIDO_SIMULADO,68.8954,10701,11831.995,439.161667,113.928333,0,0,true,true,56,15.384615,11740,1656,31.617647,224.231177
SA_IT100,N025-I02,25,2,9,51,RECOCIDO_SIMULADO,66.8588,10601,11828.7,435.866667,113.928333,0,0,true,true,56,15.384615,10986,1602,31.617647,208.591285
SA_IT100,N025-I02,25,2,10,52,RECOCIDO_SIMULADO,69.0243,10801,11841.03,431.696667,114.093333,0,0,true,true,56,15.384615,11648,1702,31.617647,241.140038
SA_IT100,N025-I02,25,2,11,53,RECOCIDO_SIMULADO,67.4853,10501,11841.03,431.696667,114.093333,0,0,true,true,56,15.384615,11648,1702,31.617647,203.540001
SA_IT100,N025-I02,25,2,12,54,RECOCIDO_SIMULADO,69.2848,10801,11841.03,431.696667,114.093333,0,0,true,true,56,15.384615,11648,1702,31.617647,235.728053
SA_IT100,N025-I02,25,2,13,55,RECOCIDO_SIMULADO,68.577,10701,11829.708333,436.875,113.928333,0,0,true,true,56,15.384615,11086,1582,31.617647,224.90306
SA_IT100,N025-I02,25,2,14,56,RECOCIDO_SIMULADO,66.4125,10401,11832.396667,439.563333,113.928333,0,0,true,true,56,15.384615,11104,1554,31.617647,195.2042
SA_IT100,N025-I02,25,2,15,57,RECOCIDO_SIMULADO,68.6805,10701,11841.03,431.696667,114.093333,0,0,true,true,56,15.384615,11648,1702,31.617647,228.545875
SA_IT100,N025-I02,25,2,16,58,RECOCIDO_SIMULADO,66.0065,10101,11829.658333,436.825,113.928333,0,0,true,true,56,15.384615,11230,1560,31.617647,164.800903
SA_IT100,N025-I02,25,2,17,59,RECOCIDO_SIMULADO,70.3932,10301,11841.03,431.696667,114.093333,0,0,true,true,56,15.384615,11648,1702,31.617647,178.165759
SA_IT100,N025-I02,25,2,18,60,RECOCIDO_SIMULADO,69.379,10901,11841.03,431.696667,114.093333,0,0,true,true,56,15.384615,11648,1702,31.617647,248.958177
SA_IT100,N025-I02,25,2,19,61,RECOCIDO_SIMULADO,67.3321,10601,11841.03,431.696667,114.093333,0,0,true,true,56,15.384615,11648,1702,31.617647,212.113737
SA_IT100,N025-I02,25,2,20,62,RECOCIDO_SIMULADO,67.8882,10801,11835.666667,442.833333,113.928333,0,0,true,true,56,15.384615,10238,1466,31.617647,233.107551
SA_IT100,N025-I02,25,2,21,63,RECOCIDO_SIMULADO,66.4724,10501,11832.705,439.871667,113.928333,0,0,true,true,56,15.384615,11230,1596,31.617647,197.9206
SA_IT100,N025-I02,25,2,22,64,RECOCIDO_SIMULADO,66.7263,10401,11831.871667,439.038333,113.928333,0,0,true,true,56,15.384615,11280,1606,31.617647,192.162087
SA_IT100,N025-I02,25,2,23,65,RECOCIDO_SIMULADO,66.1497,10201,11841.03,431.696667,114.093333,0,0,true,true,56,15.384615,11648,1702,31.617647,175.586569
SA_IT100,N025-I02,25,2,24,66,RECOCIDO_SIMULADO,65.7143,10201,11841.03,431.696667,114.093333,0,0,true,true,56,15.384615,11648,1702,31.617647,171.530678
SA_IT100,N025-I02,25,2,25,67,RECOCIDO_SIMULADO,68.1981,10701,11830.131667,437.298333,113.928333,0,0,true,true,56,15.384615,11232,1592,31.617647,226.854563
SA_IT100,N025-I02,25,2,26,68,RECOCIDO_SIMULADO,65.3428,10301,11830.536667,437.703333,113.928333,0,0,true,true,56,15.384615,10852,1562,31.617647,183.771862
SA_IT100,N025-I02,25,2,27,69,RECOCIDO_SIMULADO,67.4382,10601,11830.113333,437.28,113.928333,0,0,true,true,56,15.384615,11382,1680,31.617647,210.227997
SA_IT100,N025-I02,25,2,28,70,RECOCIDO_SIMULADO,65.9267,10401,11834.605,441.771667,113.928333,0,0,true,true,56,15.384615,11164,1544,31.617647,192.209589
SA_IT100,N025-I02,25,2,29,71,RECOCIDO_SIMULADO,64.2633,10001,11831.62,438.786667,113.928333,0,0,true,true,56,15.384615,12072,1680,31.617647,156.329248
SA_IT100,N025-I03,25,3,0,42,RECOCIDO_SIMULADO,69.5546,10801,12032.715,416.048333,116.166667,0,0,true,true,68,52.941176,10704,1536,28.676471,233.151164
SA_IT100,N025-I03,25,3,1,43,RECOCIDO_SIMULADO,64.9891,10101,12032.715,416.048333,116.166667,0,0,true,true,68,52.941176,10704,1536,28.676471,160.80591
SA_IT100,N025-I03,25,3,2,44,RECOCIDO_SIMULADO,65.5877,10301,12032.715,416.048333,116.166667,0,0,true,true,68,52.941176,10704,1536,28.676471,186.827859
SA_IT100,N025-I03,25,3,3,45,RECOCIDO_SIMULADO,65.2613,10301,12032.715,416.048333,116.166667,0,0,true,true,68,52.941176,10704,1536,28.676471,186.578676
SA_IT100,N025-I03,25,3,4,46,RECOCIDO_SIMULADO,63.4539,9901,12032.715,416.048333,116.166667,0,0,true,true,68,52.941176,10704,1536,28.676471,151.920014
SA_IT100,N025-I03,25,3,5,47,RECOCIDO_SIMULADO,69.0382,10801,12032.715,416.048333,116.166667,0,0,true,true,68,52.941176,10704,1536,28.676471,241.584082
SA_IT100,N025-I03,25,3,6,48,RECOCIDO_SIMULADO,66.3625,10601,12032.715,416.048333,116.166667,0,0,true,true,68,52.941176,10704,1536,28.676471,213.072462
SA_IT100,N025-I03,25,3,7,49,RECOCIDO_SIMULADO,66.498,10301,12032.715,416.048333,116.166667,0,0,true,true,68,52.941176,10704,1536,28.676471,185.280178
SA_IT100,N025-I03,25,3,8,50,RECOCIDO_SIMULADO,63.4418,9901,12032.715,416.048333,116.166667,0,0,true,true,68,52.941176,10704,1536,28.676471,151.938361
SA_IT100,N025-I03,25,3,9,51,RECOCIDO_SIMULADO,68.008,10501,12032.715,416.048333,116.166667,0,0,true,true,68,52.941176,10704,1536,28.676471,205.645468
SA_IT100,N025-I03,25,3,10,52,RECOCIDO_SIMULADO,65.4024,10301,12032.715,416.048333,116.166667,0,0,true,true,68,52.941176,10704,1536,28.676471,179.513427
SA_IT100,N025-I03,25,3,11,53,RECOCIDO_SIMULADO,69.4285,10801,12032.715,416.048333,116.166667,0,0,true,true,68,52.941176,10704,1536,28.676471,241.491939
SA_IT100,N025-I03,25,3,12,54,RECOCIDO_SIMULADO,67.3397,10601,12032.715,416.048333,116.166667,0,0,true,true,68,52.941176,10704,1536,28.676471,211.259999
SA_IT100,N025-I03,25,3,13,55,RECOCIDO_SIMULADO,71.1848,11101,12032.715,416.048333,116.166667,0,0,true,true,68,52.941176,10704,1536,28.676471,269.280247
SA_IT100,N025-I03,25,3,14,56,RECOCIDO_SIMULADO,66.2183,10401,12032.715,416.048333,116.166667,0,0,true,true,68,52.941176,10704,1536,28.676471,191.473286
SA_IT100,N025-I03,25,3,15,57,RECOCIDO_SIMULADO,66.3434,10501,12032.715,416.048333,116.166667,0,0,true,true,68,52.941176,10704,1536,28.676471,203.867255
SA_IT100,N025-I03,25,3,16,58,RECOCIDO_SIMULADO,64.1723,10101,12032.715,416.048333,116.166667,0,0,true,true,68,52.941176,10704,1536,28.676471,167.84609
SA_IT100,N025-I03,25,3,17,59,RECOCIDO_SIMULADO,67.5023,10601,12032.715,416.048333,116.166667,0,0,true,true,68,52.941176,10704,1536,28.676471,208.694357
SA_IT100,N025-I03,25,3,18,60,RECOCIDO_SIMULADO,68.0086,10701,12032.715,416.048333,116.166667,0,0,true,true,68,52.941176,10704,1536,28.676471,229.346791
SA_IT100,N025-I03,25,3,19,61,RECOCIDO_SIMULADO,64.7074,10301,12032.715,416.048333,116.166667,0,0,true,true,68,52.941176,10704,1536,28.676471,186.006019
SA_IT100,N025-I03,25,3,20,62,RECOCIDO_SIMULADO,67.7346,10601,12032.715,416.048333,116.166667,0,0,true,true,68,52.941176,10704,1536,28.676471,213.473978
SA_IT100,N025-I03,25,3,21,63,RECOCIDO_SIMULADO,65.5675,10301,12032.715,416.048333,116.166667,0,0,true,true,68,52.941176,10704,1536,28.676471,185.058774
SA_IT100,N025-I03,25,3,22,64,RECOCIDO_SIMULADO,68.7994,10701,12032.715,416.048333,116.166667,0,0,true,true,68,52.941176,10704,1536,28.676471,228.542809
SA_IT100,N025-I03,25,3,23,65,RECOCIDO_SIMULADO,68.1306,10601,12032.715,416.048333,116.166667,0,0,true,true,68,52.941176,10704,1536,28.676471,210.078364
SA_IT100,N025-I03,25,3,24,66,RECOCIDO_SIMULADO,67.2996,10201,12032.715,416.048333,116.166667,0,0,true,true,68,52.941176,10704,1536,28.676471,174.644889
SA_IT100,N025-I03,25,3,25,67,RECOCIDO_SIMULADO,69.8867,11001,12032.715,416.048333,116.166667,0,0,true,true,68,52.941176,10704,1536,28.676471,259.534153
SA_IT100,N025-I03,25,3,26,68,RECOCIDO_SIMULADO,62.7309,9901,12032.715,416.048333,116.166667,0,0,true,true,68,52.941176,10704,1536,28.676471,149.870077
SA_IT100,N025-I03,25,3,27,69,RECOCIDO_SIMULADO,62.1251,9701,12032.715,416.048333,116.166667,0,0,true,true,68,52.941176,10704,1536,28.676471,135.101731
SA_IT100,N025-I03,25,3,28,70,RECOCIDO_SIMULADO,69.2294,10501,12032.715,416.048333,116.166667,0,0,true,true,68,52.941176,10704,1536,28.676471,199.903245
SA_IT100,N025-I03,25,3,29,71,RECOCIDO_SIMULADO,69.6044,10801,12032.715,416.048333,116.166667,0,0,true,true,68,52.941176,10704,1536,28.676471,233.341107
SA_IT100,N025-I04,25,4,0,42,RECOCIDO_SIMULADO,68.9643,10801,11663.475,426.975,112.365,0,0,true,true,56,35.294118,13162,1876,25.490196,241.026709
SA_IT100,N025-I04,25,4,1,43,RECOCIDO_SIMULADO,66.7754,10401,11669.36,432.86,112.365,0,0,true,true,56,35.294118,11764,1632,25.490196,194.27161
SA_IT100,N025-I04,25,4,2,44,RECOCIDO_SIMULADO,69.4359,10801,11697.876667,428.376667,112.695,0,0,true,true,56,35.294118,12348,1716,25.490196,231.656826
SA_IT100,N025-I04,25,4,3,45,RECOCIDO_SIMULADO,72.7611,11201,11684.521667,425.521667,112.59,0,0,true,true,56,35.294118,12404,1780,25.490196,294.947342
SA_IT100,N025-I04,25,4,4,46,RECOCIDO_SIMULADO,66.774,10401,11694.851667,425.351667,112.695,0,0,true,true,56,35.294118,12372,1788,25.490196,187.380852
SA_IT100,N025-I04,25,4,5,47,RECOCIDO_SIMULADO,67.6343,10701,11673.781667,425.281667,112.485,0,0,true,true,56,35.294118,11788,1660,25.490196,227.871406
SA_IT100,N025-I04,25,4,6,48,RECOCIDO_SIMULADO,70.3557,10501,11663.855,427.355,112.365,0,0,true,true,56,35.294118,11154,1622,25.490196,204.985565
SA_IT100,N025-I04,25,4,7,49,RECOCIDO_SIMULADO,68.403,10601,11656.516667,426.016667,112.305,0,0,true,true,56,35.294118,12212,1788,25.490196,210.621636
SA_IT100,N025-I04,25,4,8,50,RECOCIDO_SIMULADO,68.2999,10601,11655.741667,425.241667,112.305,0,0,true,true,56,35.294118,11988,1676,25.490196,210.539884
SA_IT100,N025-I04,25,4,9,51,RECOCIDO_SIMULADO,65.853,10301,11662.538333,432.038333,112.305,0,0,true,true,56,35.294118,11056,1528,25.490196,182.340447
SA_IT100,N025-I04,25,4,10,52,RECOCIDO_SIMULADO,66.6954,10401,11687.361667,435.861667,112.515,0,0,true,true,56,35.294118,11894,1662,25.490196,195.969063
SA_IT100,N025-I04,25,4,11,53,RECOCIDO_SIMULADO,74.8187,11301,11656.936667,426.436667,112.305,0,0,true,true,56,35.294118,12944,1802,25.490196,306.642747
SA_IT100,N025-I04,25,4,12,54,RECOCIDO_SIMULADO,71.9295,11201,11657.601667,427.101667,112.305,0,0,true,true,56,35.294118,12100,1662,25.490196,283.791876
SA_IT100,N025-I04,25,4,13,55,RECOCIDO_SIMULADO,67.6213,10501,11723.846667,425.846667,112.98,0,0,true,true,56,35.294118,11224,1574,25.490196,203.662514
SA_IT100,N025-I04,25,4,14,56,RECOCIDO_SIMULADO,69.7939,10901,11662.86,426.36,112.365,0,0,true,true,56,35.294118,11814,1674,25.490196,244.882641
SA_IT100,N025-I04,25,4,15,57,RECOCIDO_SIMULADO,70.5501,10901,11667.985,423.985,112.44,0,0,true,true,56,35.294118,12420,1762,25.490196,251.448432
SA_IT100,N025-I04,25,4,16,58,RECOCIDO_SIMULADO,65.3866,10301,11695.601667,424.601667,112.71,0,0,true,true,56,35.294118,12612,1776,25.490196,183.211294
SA_IT100,N025-I04,25,4,17,59,RECOCIDO_SIMULADO,69.0365,10201,11674.751667,426.251667,112.485,0,0,true,true,56,35.294118,12564,1762,25.490196,173.044724
SA_IT100,N025-I04,25,4,18,60,RECOCIDO_SIMULADO,67.4777,10501,11671.276667,427.276667,112.44,0,0,true,true,56,35.294118,12772,1796,25.490196,204.587627
SA_IT100,N025-I04,25,4,19,61,RECOCIDO_SIMULADO,75.7733,10201,11675.301667,426.801667,112.485,0,0,true,true,56,35.294118,12156,1728,25.490196,173.762096
SA_IT100,N025-I04,25,4,20,62,RECOCIDO_SIMULADO,68.3355,10701,11662.296667,425.796667,112.365,0,0,true,true,56,35.294118,13064,1824,25.490196,220.168691
SA_IT100,N025-I04,25,4,21,63,RECOCIDO_SIMULADO,68.4251,10601,11668.973333,424.973333,112.44,0,0,true,true,56,35.294118,11660,1678,25.490196,216.50112
SA_IT100,N025-I04,25,4,22,64,RECOCIDO_SIMULADO,67.7213,10401,11663.161667,426.661667,112.365,0,0,true,true,56,35.294118,12184,1706,25.490196,191.625472
SA_IT100,N025-I04,25,4,23,65,RECOCIDO_SIMULADO,70.1986,10901,11674.943333,426.443333,112.485,0,0,true,true,56,35.294118,12238,1758,25.490196,244.775461
SA_IT100,N025-I04,25,4,24,66,RECOCIDO_SIMULADO,67.3472,10501,11673.441667,424.941667,112.485,0,0,true,true,56,35.294118,12628,1746,25.490196,203.088745
SA_IT100,N025-I04,25,4,25,67,RECOCIDO_SIMULADO,69.9979,10901,11656.205,425.705,112.305,0,0,true,true,56,35.294118,12978,1832,25.490196,248.408948
SA_IT100,N025-I04,25,4,26,68,RECOCIDO_SIMULADO,70.5647,10901,11711.811667,425.811667,112.86,0,0,true,true,56,35.294118,11724,1672,25.490196,242.210764
SA_IT100,N025-I04,25,4,27,69,RECOCIDO_SIMULADO,64.0184,10001,11670.256667,426.256667,112.44,0,0,true,true,56,35.294118,12400,1708,25.490196,154.878363
SA_IT100,N025-I04,25,4,28,70,RECOCIDO_SIMULADO,72.3802,10701,11664.475,427.975,112.365,0,0,true,true,56,35.294118,11848,1718,25.490196,222.588934
SA_IT100,N025-I04,25,4,29,71,RECOCIDO_SIMULADO,66.5382,10401,11714.591667,424.091667,112.905,0,0,true,true,56,35.294118,12816,1864,25.490196,192.349766
SA_IT100,N025-I05,25,5,0,42,RECOCIDO_SIMULADO,64.9998,10101,11175.046667,498.38,106.766667,0,0,true,true,68,27.272727,10740,1536,31.127451,160.517034
SA_IT100,N025-I05,25,5,1,43,RECOCIDO_SIMULADO,66.6951,10401,11175.046667,498.38,106.766667,0,0,true,true,68,27.272727,10740,1536,31.127451,188.404859
SA_IT100,N025-I05,25,5,2,44,RECOCIDO_SIMULADO,66.0951,10301,11175.046667,498.38,106.766667,0,0,true,true,68,27.272727,10740,1536,31.127451,181.782559
SA_IT100,N025-I05,25,5,3,45,RECOCIDO_SIMULADO,65.0734,10101,11175.046667,498.38,106.766667,0,0,true,true,68,27.272727,10740,1536,31.127451,161.984491
SA_IT100,N025-I05,25,5,4,46,RECOCIDO_SIMULADO,65.6573,10301,11175.046667,498.38,106.766667,0,0,true,true,68,27.272727,10740,1536,31.127451,180.628981
SA_IT100,N025-I05,25,5,5,47,RECOCIDO_SIMULADO,65.3463,10301,11175.046667,498.38,106.766667,0,0,true,true,68,27.272727,10740,1536,31.127451,186.077804
SA_IT100,N025-I05,25,5,6,48,RECOCIDO_SIMULADO,66.4119,10301,11175.046667,498.38,106.766667,0,0,true,true,68,27.272727,10740,1536,31.127451,182.137953
SA_IT100,N025-I05,25,5,7,49,RECOCIDO_SIMULADO,65.0008,10201,11175.046667,498.38,106.766667,0,0,true,true,68,27.272727,10740,1536,31.127451,174.025002
SA_IT100,N025-I05,25,5,8,50,RECOCIDO_SIMULADO,65.3902,10201,11175.046667,498.38,106.766667,0,0,true,true,68,27.272727,10740,1536,31.127451,174.678719
SA_IT100,N025-I05,25,5,9,51,RECOCIDO_SIMULADO,63.6838,10001,11175.046667,498.38,106.766667,0,0,true,true,68,27.272727,10740,1536,31.127451,158.607762
SA_IT100,N025-I05,25,5,10,52,RECOCIDO_SIMULADO,70.0285,10501,11175.046667,498.38,106.766667,0,0,true,true,68,27.272727,10740,1536,31.127451,198.14604
SA_IT100,N025-I05,25,5,11,53,RECOCIDO_SIMULADO,64.739,10201,11175.046667,498.38,106.766667,0,0,true,true,68,27.272727,10740,1536,31.127451,177.191734
SA_IT100,N025-I05,25,5,12,54,RECOCIDO_SIMULADO,67.0586,10501,11175.046667,498.38,106.766667,0,0,true,true,68,27.272727,10740,1536,31.127451,199.307771
SA_IT100,N025-I05,25,5,13,55,RECOCIDO_SIMULADO,65.5791,10201,11175.046667,498.38,106.766667,0,0,true,true,68,27.272727,10740,1536,31.127451,172.494428
SA_IT100,N025-I05,25,5,14,56,RECOCIDO_SIMULADO,67.5877,10601,11175.046667,498.38,106.766667,0,0,true,true,68,27.272727,10740,1536,31.127451,216.443317
SA_IT100,N025-I05,25,5,15,57,RECOCIDO_SIMULADO,65.8264,10301,11175.046667,498.38,106.766667,0,0,true,true,68,27.272727,10740,1536,31.127451,182.272589
SA_IT100,N025-I05,25,5,16,58,RECOCIDO_SIMULADO,64.4572,10001,11175.046667,498.38,106.766667,0,0,true,true,68,27.272727,10740,1536,31.127451,154.195015
SA_IT100,N025-I05,25,5,17,59,RECOCIDO_SIMULADO,66.6514,10501,11175.046667,498.38,106.766667,0,0,true,true,68,27.272727,10740,1536,31.127451,202.645345
SA_IT100,N025-I05,25,5,18,60,RECOCIDO_SIMULADO,66.9472,10501,11175.046667,498.38,106.766667,0,0,true,true,68,27.272727,10740,1536,31.127451,202.367252
SA_IT100,N025-I05,25,5,19,61,RECOCIDO_SIMULADO,66.0705,10201,11175.046667,498.38,106.766667,0,0,true,true,68,27.272727,10740,1536,31.127451,172.710895
SA_IT100,N025-I05,25,5,20,62,RECOCIDO_SIMULADO,65.0851,10201,11175.046667,498.38,106.766667,0,0,true,true,68,27.272727,10740,1536,31.127451,175.492759
SA_IT100,N025-I05,25,5,21,63,RECOCIDO_SIMULADO,65.6098,10401,11175.046667,498.38,106.766667,0,0,true,true,68,27.272727,10740,1536,31.127451,194.540355
SA_IT100,N025-I05,25,5,22,64,RECOCIDO_SIMULADO,63.9313,10001,11175.046667,498.38,106.766667,0,0,true,true,68,27.272727,10740,1536,31.127451,155.503104
SA_IT100,N025-I05,25,5,23,65,RECOCIDO_SIMULADO,64.5133,10001,11175.046667,498.38,106.766667,0,0,true,true,68,27.272727,10740,1536,31.127451,152.458067
SA_IT100,N025-I05,25,5,24,66,RECOCIDO_SIMULADO,65.9566,10401,11175.046667,498.38,106.766667,0,0,true,true,68,27.272727,10740,1536,31.127451,189.609298
SA_IT100,N025-I05,25,5,25,67,RECOCIDO_SIMULADO,64.2486,10101,11175.046667,498.38,106.766667,0,0,true,true,68,27.272727,10740,1536,31.127451,162.112802
SA_IT100,N025-I05,25,5,26,68,RECOCIDO_SIMULADO,62.6326,9801,11175.046667,498.38,106.766667,0,0,true,true,68,27.272727,10740,1536,31.127451,144.80925
SA_IT100,N025-I05,25,5,27,69,RECOCIDO_SIMULADO,69.0188,10701,11175.046667,498.38,106.766667,0,0,true,true,68,27.272727,10740,1536,31.127451,224.530256
SA_IT100,N025-I05,25,5,28,70,RECOCIDO_SIMULADO,68.3178,10601,11175.046667,498.38,106.766667,0,0,true,true,68,27.272727,10740,1536,31.127451,208.29437
SA_IT100,N025-I05,25,5,29,71,RECOCIDO_SIMULADO,65.2495,10301,11175.046667,498.38,106.766667,0,0,true,true,68,27.272727,10740,1536,31.127451,183.787256
SA_IT100,N050-I01,50,1,0,42,RECOCIDO_SIMULADO,123.9103,12001,106188.793333,1947.293333,1042.415,0,0,true,true,28,7.142857,16740,2446,74.019608,434.921985
SA_IT100,N050-I01,50,1,1,43,RECOCIDO_SIMULADO,118.6825,11401,106523.378333,1944.711667,1045.786667,0,0,true,true,28,7.142857,17614,2750,74.019608,325.850281
SA_IT100,N050-I01,50,1,2,44,RECOCIDO_SIMULADO,125.9706,11901,106289.315,1943.315,1043.46,0,0,true,true,28,7.142857,16472,2430,74.019608,416.25569
SA_IT100,N050-I01,50,1,3,45,RECOCIDO_SIMULADO,121.8174,12001,106470.446667,1943.78,1045.266667,0,0,true,true,28,7.142857,16580,2518,74.019608,436.051889
SA_IT100,N050-I01,50,1,4,46,RECOCIDO_SIMULADO,115.809,11301,106337.481667,1945.815,1043.916667,0,0,true,true,28,7.142857,17046,2658,74.019608,307.965079
SA_IT100,N050-I01,50,1,5,47,RECOCIDO_SIMULADO,120.8649,11801,106280.14,1942.973333,1043.371667,0,0,true,true,28,7.142857,16158,2472,74.019608,393.603909
SA_IT100,N050-I01,50,1,6,48,RECOCIDO_SIMULADO,117.8966,11501,106318.705,1947.038333,1043.716667,0,0,true,true,28,7.142857,16956,2584,74.019608,335.632007
SA_IT100,N050-I01,50,1,7,49,RECOCIDO_SIMULADO,121.7421,11801,106240.213333,1946.713333,1042.935,0,0,true,true,28,7.142857,16268,2426,74.019608,390.441648
SA_IT100,N050-I01,50,1,8,50,RECOCIDO_SIMULADO,117.7889,11601,106308.071667,1946.905,1043.611667,0,0,true,true,28,7.142857,17592,2696,74.019608,347.918625
SA_IT100,N050-I01,50,1,9,51,RECOCIDO_SIMULADO,123.2376,12001,106310.321667,1945.155,1043.651667,0,0,true,true,28,7.142857,16838,2612,74.019608,434.892299
SA_IT100,N050-I01,50,1,10,52,RECOCIDO_SIMULADO,122.586,12001,106372.37,1944.703333,1044.276667,0,0,true,true,28,7.142857,17246,2578,74.019608,438.543257
SA_IT100,N050-I01,50,1,11,53,RECOCIDO_SIMULADO,132.9428,12101,106272.493333,1948.326667,1043.241667,0,0,true,true,28,7.142857,17008,2522,74.019608,453.233219
SA_IT100,N050-I01,50,1,12,54,RECOCIDO_SIMULADO,120.2119,11801,106201.486667,1944.486667,1042.57,0,0,true,true,28,7.142857,16630,2448,74.019608,385.683425
SA_IT100,N050-I01,50,1,13,55,RECOCIDO_SIMULADO,123.2141,11901,106312.086667,1949.086667,1043.63,0,0,true,true,28,7.142857,17038,2518,74.019608,419.222231
SA_IT100,N050-I01,50,1,14,56,RECOCIDO_SIMULADO,126.4163,12101,106286.01,1944.343333,1043.416667,0,0,true,true,28,7.142857,16946,2554,74.019608,455.705516
SA_IT100,N050-I01,50,1,15,57,RECOCIDO_SIMULADO,122.432,11701,106163.076667,1943.576667,1042.195,0,0,true,true,28,7.142857,15506,2334,74.019608,379.331152
SA_IT100,N050-I01,50,1,16,58,RECOCIDO_SIMULADO,121.0369,11901,106447.42,1940.92,1045.065,0,0,true,true,28,7.142857,16784,2586,74.019608,412.237649
SA_IT100,N050-I01,50,1,17,59,RECOCIDO_SIMULADO,120.0434,11801,106301.138333,1943.138333,1043.58,0,0,true,true,28,7.142857,16754,2608,74.019608,394.295626
SA_IT100,N050-I01,50,1,18,60,RECOCIDO_SIMULADO,120.3646,11801,106488.7,1946.2,1045.425,0,0,true,true,28,7.142857,17658,2692,74.019608,387.502502
SA_IT100,N050-I01,50,1,19,61,RECOCIDO_SIMULADO,125.0177,12001,106285.515,1944.015,1043.415,0,0,true,true,28,7.142857,16126,2438,74.019608,441.324296
SA_IT100,N050-I01,50,1,20,62,RECOCIDO_SIMULADO,124.8603,12001,106385.441667,1942.775,1044.426667,0,0,true,true,28,7.142857,17266,2658,74.019608,426.611161
SA_IT100,N050-I01,50,1,21,63,RECOCIDO_SIMULADO,124.8053,11901,106181.765,1943.265,1042.385,0,0,true,true,28,7.142857,16002,2396,74.019608,411.550894
SA_IT100,N050-I01,50,1,22,64,RECOCIDO_SIMULADO,138.3864,12401,106336.09,1946.423333,1043.896667,0,0,true,true,28,7.142857,16494,2534,74.019608,529.891884
SA_IT100,N050-I01,50,1,23,65,RECOCIDO_SIMULADO,123.9519,12101,106465.776667,1946.61,1045.191667,0,0,true,true,28,7.142857,17524,2640,74.019608,464.89929
SA_IT100,N050-I01,50,1,24,66,RECOCIDO_SIMULADO,121.4623,12001,106254.641667,1942.975,1043.116667,0,0,true,true,28,7.142857,16752,2444,74.019608,441.694224
SA_IT100,N050-I01,50,1,25,67,RECOCIDO_SIMULADO,124.7322,12201,106275.318333,1944.318333,1043.31,0,0,true,true,28,7.142857,16144,2430,74.019608,477.863071
SA_IT100,N050-I01,50,1,26,68,RECOCIDO_SIMULADO,126.254,12501,106220.703333,1945.203333,1042.755,0,0,true,true,28,7.142857,17406,2628,74.019608,577.548156
SA_IT100,N050-I01,50,1,27,69,RECOCIDO_SIMULADO,125.7042,12301,106421.913333,1943.246667,1044.786667,0,0,true,true,28,7.142857,16058,2476,74.019608,500.157844
SA_IT100,N050-I01,50,1,28,70,RECOCIDO_SIMULADO,120.2872,11801,106378.595,1946.595,1044.32,0,0,true,true,28,7.142857,17488,2602,74.019608,396.017253
SA_IT100,N050-I01,50,1,29,71,RECOCIDO_SIMULADO,122.8777,12201,106360.376667,1944.376667,1044.16,0,0,true,true,28,7.142857,16628,2508,74.019608,485.627039
SA_IT100,N050-I02,50,2,0,42,RECOCIDO_SIMULADO,125.9457,12201,80098.066667,1608.066667,784.9,0,0,true,true,28,17.647059,18130,2744,54.166667,486.179372
SA_IT100,N050-I02,50,2,1,43,RECOCIDO_SIMULADO,125.0597,12201,80064.836667,1610.503333,784.543333,0,0,true,true,26,14.705882,18000,2740,54.166667,494.407066
SA_IT100,N050-I02,50,2,2,44,RECOCIDO_SIMULADO,130.294,12401,80091.616667,1606.116667,784.855,0,0,true,true,28,17.647059,17324,2572,54.166667,532.779516
SA_IT100,N050-I02,50,2,3,45,RECOCIDO_SIMULADO,124.7869,11901,80047.008333,1613.175,784.338333,0,0,true,true,28,17.647059,17112,2526,54.166667,421.315802
SA_IT100,N050-I02,50,2,4,46,RECOCIDO_SIMULADO,123.3934,12001,80045.568333,1608.901667,784.366667,0,0,true,true,28,17.647059,17292,2626,54.166667,427.087642
SA_IT100,N050-I02,50,2,5,47,RECOCIDO_SIMULADO,123.6262,12001,80071.871667,1606.871667,784.65,0,0,true,true,28,17.647059,16794,2578,54.166667,435.489356
SA_IT100,N050-I02,50,2,6,48,RECOCIDO_SIMULADO,124.9263,11901,79963.11,1607.943333,783.551667,0,0,true,true,26,14.705882,17500,2682,54.166667,413.484475
SA_IT100,N050-I02,50,2,7,49,RECOCIDO_SIMULADO,122.916,12001,80064.518333,1612.685,784.518333,0,0,true,true,28,17.647059,17624,2596,54.166667,438.073838
SA_IT100,N050-I02,50,2,8,50,RECOCIDO_SIMULADO,125.9024,12401,80085.481667,1611.148333,784.743333,0,0,true,true,28,17.647059,17714,2682,54.166667,546.107479
SA_IT100,N050-I02,50,2,9,51,RECOCIDO_SIMULADO,125.0528,12201,80090.848333,1608.515,784.823333,0,0,true,true,26,14.705882,18044,2688,54.166667,471.225911
SA_IT100,N050-I02,50,2,10,52,RECOCIDO_SIMULADO,122.9853,12101,79980.046667,1607.213333,783.728333,0,0,true,true,28,17.647059,17484,2648,54.166667,466.83544
SA_IT100,N050-I02,50,2,11,53,RECOCIDO_SIMULADO,121.9199,11901,79989.145,1610.478333,783.786667,0,0,true,true,28,17.647059,17266,2592,54.166667,419.104364
SA_IT100,N050-I02,50,2,12,54,RECOCIDO_SIMULADO,126.413,12201,80211.291667,1612.791667,785.985,0,0,true,true,28,17.647059,18176,2744,54.166667,489.593853
SA_IT100,N050-I02,50,2,13,55,RECOCIDO_SIMULADO,122.6523,12001,80056.273333,1608.606667,784.476667,0,0,true,true,28,17.647059,16976,2532,54.166667,434.318504
SA_IT100,N050-I02,50,2,14,56,RECOCIDO_SIMULADO,135.8169,12401,79980.098333,1609.098333,783.71,0,0,true,true,28,17.647059,17454,2670,54.166667,539.575041
SA_IT100,N050-I02,50,2,15,57,RECOCIDO_SIMULADO,123.274,12101,79971.956667,1610.123333,783.618333,0,0,true,true,28,17.647059,17072,2604,54.166667,451.98714
SA_IT100,N050-I02,50,2,16,58,RECOCIDO_SIMULADO,125.3321,12201,79877.191667,1609.525,782.676667,0,0,true,true,28,17.647059,17502,2608,54.166667,489.319865
SA_IT100,N050-I02,50,2,17,59,RECOCIDO_SIMULADO,122.9839,11901,79931.968333,1608.635,783.233333,0,0,true,true,28,17.647059,18394,2706,54.166667,407.012616
SA_IT100,N050-I02,50,2,18,60,RECOCIDO_SIMULADO,123.3302,12001,80015.866667,1609.2,784.066667,0,0,true,true,26,14.705882,18786,2828,54.166667,430.792067
SA_IT100,N050-I02,50,2,19,61,RECOCIDO_SIMULADO,126.2363,12201,80174.251667,1612.085,785.621667,0,0,true,true,28,17.647059,18298,2872,54.166667,494.206518
SA_IT100,N050-I02,50,2,20,62,RECOCIDO_SIMULADO,121.8801,12001,80079.336667,1610.003333,784.693333,0,0,true,true,28,17.647059,17836,2648,54.166667,427.318444
SA_IT100,N050-I02,50,2,21,63,RECOCIDO_SIMULADO,122.8079,12001,79949.11,1609.11,783.4,0,0,true,true,26,14.705882,17716,2706,54.166667,427.658986
SA_IT100,N050-I02,50,2,22,64,RECOCIDO_SIMULADO,126.7793,12301,79998.815,1609.981667,783.888333,0,0,true,true,26,14.705882,18364,2744,54.166667,497.265843
SA_IT100,N050-I02,50,2,23,65,RECOCIDO_SIMULADO,126.3899,12301,80054.61,1609.276667,784.453333,0,0,true,true,26,14.705882,16898,2498,54.166667,501.276975
SA_IT100,N050-I02,50,2,24,66,RECOCIDO_SIMULADO,128.105,12401,79974.196667,1611.363333,783.628333,0,0,true,true,28,17.647059,18164,2676,54.166667,527.568233
SA_IT100,N050-I02,50,2,25,67,RECOCIDO_SIMULADO,128.8743,12601,80052.483333,1608.983333,784.435,0,0,true,true,28,17.647059,18150,2772,54.166667,578.880083
SA_IT100,N050-I02,50,2,26,68,RECOCIDO_SIMULADO,123.7901,12001,79885.42,1608.753333,782.766667,0,0,true,true,26,14.705882,16966,2572,54.166667,425.388169
SA_IT100,N050-I02,50,2,27,69,RECOCIDO_SIMULADO,124.7845,12201,80084.636667,1610.47,784.741667,0,0,true,true,28,17.647059,17408,2632,54.166667,486.368055
SA_IT100,N050-I02,50,2,28,70,RECOCIDO_SIMULADO,121.1447,11801,80083.666667,1612.666667,784.71,0,0,true,true,26,14.705882,18846,2864,54.166667,393.743944
SA_IT100,N050-I02,50,2,29,71,RECOCIDO_SIMULADO,124.3857,12201,79967.996667,1606.83,783.611667,0,0,true,true,26,14.705882,18422,2702,54.166667,486.20892
SA_IT100,N050-I03,50,3,0,42,RECOCIDO_SIMULADO,124.4354,12101,82613.728333,1737.228333,808.765,0,0,true,true,28,14.814815,16016,2390,64.460784,451.144969
SA_IT100,N050-I03,50,3,1,43,RECOCIDO_SIMULADO,124.1882,12201,82810.823333,1736.99,810.738333,0,0,true,true,28,14.814815,15468,2392,64.460784,475.85009
SA_IT100,N050-I03,50,3,2,44,RECOCIDO_SIMULADO,124.0376,12101,82929.803333,1737.47,811.923333,0,0,true,true,24,11.111111,17062,2618,64.460784,452.466699
SA_IT100,N050-I03,50,3,3,45,RECOCIDO_SIMULADO,121.5013,11901,82816.615,1739.781667,810.768333,0,0,true,true,28,14.814815,16068,2384,64.460784,417.725747
SA_IT100,N050-I03,50,3,4,46,RECOCIDO_SIMULADO,124.0496,12301,82817.975,1737.308333,810.806667,0,0,true,true,24,11.111111,15658,2384,64.460784,498.191048
SA_IT100,N050-I03,50,3,5,47,RECOCIDO_SIMULADO,121.3161,11801,82711.471667,1738.305,809.731667,0,0,true,true,26,11.111111,16692,2530,64.460784,394.537743
SA_IT100,N050-I03,50,3,6,48,RECOCIDO_SIMULADO,118.2308,11501,82893.151667,1737.318333,811.558333,0,0,true,true,28,14.814815,15518,2300,64.460784,345.174356
SA_IT100,N050-I03,50,3,7,49,RECOCIDO_SIMULADO,122.1619,12001,82740.573333,1740.906667,809.996667,0,0,true,true,28,14.814815,16644,2468,64.460784,443.607279
SA_IT100,N050-I03,50,3,8,50,RECOCIDO_SIMULADO,121.566,11801,82822.255,1734.921667,810.873333,0,0,true,true,26,11.111111,16182,2432,64.460784,399.776881
SA_IT100,N050-I03,50,3,9,51,RECOCIDO_SIMULADO,125.3982,12201,82748.92,1736.92,810.12,0,0,true,true,28,14.814815,15946,2430,64.460784,475.457706
SA_IT100,N050-I03,50,3,10,52,RECOCIDO_SIMULADO,119.2872,11601,82810.606667,1737.273333,810.733333,0,0,true,true,28,14.814815,15318,2358,64.460784,349.418365
SA_IT100,N050-I03,50,3,11,53,RECOCIDO_SIMULADO,121.6308,11901,82660.663333,1739.33,809.213333,0,0,true,true,28,14.814815,16024,2428,64.460784,421.607888
SA_IT100,N050-I03,50,3,12,54,RECOCIDO_SIMULADO,125.4653,12101,82763.843333,1741.676667,810.221667,0,0,true,true,28,14.814815,17214,2542,64.460784,447.619134
SA_IT100,N050-I03,50,3,13,55,RECOCIDO_SIMULADO,124.7904,12001,82758.003333,1741.503333,810.165,0,0,true,true,28,14.814815,16030,2318,64.460784,438.198348
SA_IT100,N050-I03,50,3,14,56,RECOCIDO_SIMULADO,124.4285,12001,82967.991667,1747.991667,812.2,0,0,true,true,24,11.111111,17630,2638,64.460784,447.237759
SA_IT100,N050-I03,50,3,15,57,RECOCIDO_SIMULADO,125.5218,12301,82760.795,1736.795,810.24,0,0,true,true,28,14.814815,15760,2404,64.460784,501.610634
SA_IT100,N050-I03,50,3,16,58,RECOCIDO_SIMULADO,125.5752,12101,82721.475,1739.641667,809.818333,0,0,true,true,26,14.814815,16868,2558,64.460784,453.960337
SA_IT100,N050-I03,50,3,17,59,RECOCIDO_SIMULADO,126.229,11901,82591.6,1737.6,808.54,0,0,true,true,28,14.814815,15002,2210,64.460784,424.31164
SA_IT100,N050-I03,50,3,18,60,RECOCIDO_SIMULADO,122.703,12101,82862.343333,1740.676667,811.216667,0,0,true,true,26,11.111111,17550,2738,64.460784,468.722124
SA_IT100,N050-I03,50,3,19,61,RECOCIDO_SIMULADO,127.3281,12401,82766.486667,1738.653333,810.278333,0,0,true,true,26,11.111111,15832,2460,64.460784,539.125354
SA_IT100,N050-I03,50,3,20,62,RECOCIDO_SIMULADO,117.9352,11501,82706.34,1733.84,809.725,0,0,true,true,28,14.814815,15886,2400,64.460784,344.082271
SA_IT100,N050-I03,50,3,21,63,RECOCIDO_SIMULADO,118.1116,11601,82868.11,1741.11,811.27,0,0,true,true,26,11.111111,16744,2510,64.460784,355.884113
SA_IT100,N050-I03,50,3,22,64,RECOCIDO_SIMULADO,121.5208,11901,82855.283333,1737.45,811.178333,0,0,true,true,28,14.814815,15896,2484,64.460784,407.487287
SA_IT100,N050-I03,50,3,23,65,RECOCIDO_SIMULADO,125.2984,12301,82693.946667,1739.28,809.546667,0,0,true,true,28,14.814815,15904,2368,64.460784,503.770264
SA_IT100,N050-I03,50,3,24,66,RECOCIDO_SIMULADO,119.6785,11601,82694.993333,1737.493333,809.575,0,0,true,true,26,11.111111,15776,2372,64.460784,363.699202
SA_IT100,N050-I03,50,3,25,67,RECOCIDO_SIMULADO,123.2377,12001,82608.705,1735.205,808.735,0,0,true,true,28,14.814815,15580,2360,64.460784,441.466678
SA_IT100,N050-I03,50,3,26,68,RECOCIDO_SIMULADO,125.423,12101,82718.456667,1736.79,809.816667,0,0,true,true,26,11.111111,15984,2456,64.460784,467.187126
SA_IT100,N050-I03,50,3,27,69,RECOCIDO_SIMULADO,123.6439,12101,82688.59,1738.09,809.505,0,0,true,true,28,14.814815,15656,2336,64.460784,447.692035
SA_IT100,N050-I03,50,3,28,70,RECOCIDO_SIMULADO,122.0618,11901,82689.66,1736.326667,809.533333,0,0,true,true,26,11.111111,15784,2404,64.460784,407.703636
SA_IT100,N050-I03,50,3,29,71,RECOCIDO_SIMULADO,120.38,11701,82691.2,1736.2,809.55,0,0,true,true,28,14.814815,15448,2356,64.460784,376.675095
SA_IT100,N050-I04,50,4,0,42,RECOCIDO_SIMULADO,126.5251,12301,86886.311667,1718.978333,851.673333,0,0,true,true,32,16.129032,15480,2334,64.215686,510.768735
SA_IT100,N050-I04,50,4,1,43,RECOCIDO_SIMULADO,124.2961,12101,86825.071667,1726.905,850.981667,0,0,true,true,32,16.129032,15946,2376,64.215686,464.140968
SA_IT100,N050-I04,50,4,2,44,RECOCIDO_SIMULADO,126.7628,12301,86753.796667,1725.963333,850.278333,0,0,true,true,32,16.129032,16400,2448,64.215686,518.523225
SA_IT100,N050-I04,50,4,3,45,RECOCIDO_SIMULADO,129.365,12301,86739.11,1722.61,850.165,0,0,true,true,32,16.129032,15784,2290,64.215686,513.284941
SA_IT100,N050-I04,50,4,4,46,RECOCIDO_SIMULADO,122.4193,12101,86738.998333,1723.665,850.153333,0,0,true,true,30,12.903226,15386,2238,64.215686,454.689815
SA_IT100,N050-I04,50,4,5,47,RECOCIDO_SIMULADO,122.9234,12001,86944.203333,1723.036667,852.211667,0,0,true,true,32,16.129032,15690,2364,64.215686,445.707314
SA_IT100,N050-I04,50,4,6,48,RECOCIDO_SIMULADO,126.5309,12401,86841.651667,1723.318333,851.183333,0,0,true,true,32,16.129032,15694,2382,64.215686,537.672121
SA_IT100,N050-I04,50,4,7,49,RECOCIDO_SIMULADO,123.3625,12001,86858.075,1720.741667,851.373333,0,0,true,true,32,16.129032,14536,2296,64.215686,431.258171
SA_IT100,N050-I04,50,4,8,50,RECOCIDO_SIMULADO,125.9375,12401,86747.701667,1732.535,850.151667,0,0,true,true,32,16.129032,16592,2434,64.215686,534.567191
SA_IT100,N050-I04,50,4,9,51,RECOCIDO_SIMULADO,123.9875,12201,86789.633333,1723.633333,850.66,0,0,true,true,32,16.129032,15482,2296,64.215686,487.309027
SA_IT100,N050-I04,50,4,10,52,RECOCIDO_SIMULADO,125.1459,12201,86890.801667,1721.468333,851.693333,0,0,true,true,28,9.677419,15742,2416,64.215686,473.733627
SA_IT100,N050-I04,50,4,11,53,RECOCIDO_SIMULADO,124.738,12101,86766.638333,1719.471667,850.471667,0,0,true,true,32,16.129032,15064,2212,64.215686,451.773785
SA_IT100,N050-I04,50,4,12,54,RECOCIDO_SIMULADO,124.0921,12001,86728.183333,1718.016667,850.101667,0,0,true,true,30,12.903226,14490,2136,64.215686,441.004423
SA_IT100,N050-I04,50,4,13,55,RECOCIDO_SIMULADO,123.5529,12001,86766.028333,1723.361667,850.426667,0,0,true,true,32,16.129032,14860,2170,64.215686,434.682438
SA_IT100,N050-I04,50,4,14,56,RECOCIDO_SIMULADO,127.0853,12201,86826.881667,1723.881667,851.03,0,0,true,true,32,16.129032,16128,2454,64.215686,483.661029
SA_IT100,N050-I04,50,4,15,57,RECOCIDO_SIMULADO,125.1275,12301,86808.778333,1719.445,850.893333,0,0,true,true,32,16.129032,14722,2222,64.215686,515.579742
SA_IT100,N050-I04,50,4,16,58,RECOCIDO_SIMULADO,123.1157,12001,86840.675,1726.008333,851.146667,0,0,true,true,30,12.903226,15868,2456,64.215686,431.059415
SA_IT100,N050-I04,50,4,17,59,RECOCIDO_SIMULADO,126.1005,12401,86812.858333,1723.691667,850.891667,0,0,true,true,32,16.129032,15594,2292,64.215686,547.390254
SA_IT100,N050-I04,50,4,18,60,RECOCIDO_SIMULADO,130.2125,12401,86845.051667,1722.051667,851.23,0,0,true,true,32,16.129032,15610,2378,64.215686,543.710013
SA_IT100,N050-I04,50,4,19,61,RECOCIDO_SIMULADO,130.997,12501,86893.17,1722.67,851.705,0,0,true,true,32,16.129032,14892,2240,64.215686,553.011046
SA_IT100,N050-I04,50,4,20,62,RECOCIDO_SIMULADO,134.2825,12101,86951.215,1725.048333,852.261667,0,0,true,true,30,12.903226,16226,2476,64.215686,456.89274
SA_IT100,N050-I04,50,4,21,63,RECOCIDO_SIMULADO,125.5717,12201,86764.435,1721.601667,850.428333,0,0,true,true,32,16.129032,15742,2374,64.215686,478.13181
SA_IT100,N050-I04,50,4,22,64,RECOCIDO_SIMULADO,131.1164,12601,86783.421667,1726.588333,850.568333,0,0,true,true,32,16.129032,15070,2260,64.215686,582.219032
SA_IT100,N050-I04,50,4,23,65,RECOCIDO_SIMULADO,124.3649,12101,86865.16,1724.66,851.405,0,0,true,true,32,16.129032,17358,2632,64.215686,466.869963
SA_IT100,N050-I04,50,4,24,66,RECOCIDO_SIMULADO,127.0649,12401,86832.3,1725.966667,851.063333,0,0,true,true,32,16.129032,15160,2268,64.215686,529.110931
SA_IT100,N050-I04,50,4,25,67,RECOCIDO_SIMULADO,125.6865,12201,86874.988333,1720.655,851.543333,0,0,true,true,32,16.129032,16228,2412,64.215686,490.008381
SA_IT100,N050-I04,50,4,26,68,RECOCIDO_SIMULADO,126.5524,12301,86724.106667,1725.106667,849.99,0,0,true,true,32,16.129032,16384,2460,64.215686,502.297259
SA_IT100,N050-I04,50,4,27,69,RECOCIDO_SIMULADO,130.734,12201,86837.025,1724.191667,851.128333,0,0,true,true,32,16.129032,15276,2280,64.215686,485.047389
SA_IT100,N050-I04,50,4,28,70,RECOCIDO_SIMULADO,122.857,11801,86806.5,1720,850.865,0,0,true,true,32,16.129032,14868,2274,64.215686,393.290692
SA_IT100,N050-I04,50,4,29,71,RECOCIDO_SIMULADO,123.3317,12101,86876.218333,1721.885,851.543333,0,0,true,true,32,16.129032,15568,2354,64.215686,457.578304
SA_IT100,N050-I05,50,5,0,42,RECOCIDO_SIMULADO,119.2676,11501,83647.333333,1521.833333,821.255,0,0,true,true,26,11.428571,15084,2206,65.686275,341.459488
SA_IT100,N050-I05,50,5,1,43,RECOCIDO_SIMULADO,123.9651,11901,83838.165,1525.831667,823.123333,0,0,true,true,28,11.428571,16058,2416,65.686275,420.584026
SA_IT100,N050-I05,50,5,2,44,RECOCIDO_SIMULADO,126.9633,12101,83756.178333,1520.678333,822.355,0,0,true,true,26,11.428571,14372,2154,65.686275,460.603516
SA_IT100,N050-I05,50,5,3,45,RECOCIDO_SIMULADO,122.1807,11801,83682.943333,1521.943333,821.61,0,0,true,true,26,11.428571,15860,2374,65.686275,401.860152
SA_IT100,N050-I05,50,5,4,46,RECOCIDO_SIMULADO,121.1526,11601,83825.996667,1520.83,823.051667,0,0,true,true,26,11.428571,16012,2454,65.686275,362.548796
SA_IT100,N050-I05,50,5,5,47,RECOCIDO_SIMULADO,122.3093,11901,83742.166667,1519,822.231667,0,0,true,true,26,11.428571,16036,2384,65.686275,423.175659
SA_IT100,N050-I05,50,5,6,48,RECOCIDO_SIMULADO,124.0628,11901,83694.106667,1521.94,821.721667,0,0,true,true,26,11.428571,16642,2524,65.686275,410.407428
SA_IT100,N050-I05,50,5,7,49,RECOCIDO_SIMULADO,124.8611,12101,83961.501667,1519.168333,824.423333,0,0,true,true,28,11.428571,15678,2424,65.686275,458.04005
SA_IT100,N050-I05,50,5,8,50,RECOCIDO_SIMULADO,122.4939,11601,83989.098333,1522.431667,824.666667,0,0,true,true,28,11.428571,16588,2582,65.686275,358.622183
SA_IT100,N050-I05,50,5,9,51,RECOCIDO_SIMULADO,120.0305,11501,83761.026667,1521.36,822.396667,0,0,true,true,26,11.428571,15530,2356,65.686275,346.090777
SA_IT100,N050-I05,50,5,10,52,RECOCIDO_SIMULADO,121.4029,11601,83880.975,1529.975,823.51,0,0,true,true,28,11.428571,17162,2554,65.686275,356.811837
SA_IT100,N050-I05,50,5,11,53,RECOCIDO_SIMULADO,122.3289,11701,83768.645,1522.478333,822.461667,0,0,true,true,26,11.428571,16554,2544,65.686275,378.425144
SA_IT100,N050-I05,50,5,12,54,RECOCIDO_SIMULADO,123.1733,11901,83870.191667,1521.858333,823.483333,0,0,true,true,28,11.428571,15944,2408,65.686275,409.647074
SA_IT100,N050-I05,50,5,13,55,RECOCIDO_SIMULADO,120.1969,11501,83886.15,1525.816667,823.603333,0,0,true,true,26,11.428571,16246,2422,65.686275,340.733619
SA_IT100,N050-I05,50,5,14,56,RECOCIDO_SIMULADO,128.049,12101,83646.476667,1519.31,821.271667,0,0,true,true,26,11.428571,15950,2378,65.686275,456.742543
SA_IT100,N050-I05,50,5,15,57,RECOCIDO_SIMULADO,121.0552,11701,83723.126667,1521.96,822.011667,0,0,true,true,26,11.428571,16092,2438,65.686275,383.568193
SA_IT100,N050-I05,50,5,16,58,RECOCIDO_SIMULADO,121.3541,11801,83914.5,1525.333333,823.891667,0,0,true,true,26,11.428571,15738,2398,65.686275,392.924379
SA_IT100,N050-I05,50,5,17,59,RECOCIDO_SIMULADO,126.7561,12101,83705.228333,1524.728333,821.805,0,0,true,true,26,11.428571,16836,2462,65.686275,462.830138
SA_IT100,N050-I05,50,5,18,60,RECOCIDO_SIMULADO,126.0637,12101,83966.395,1524.395,824.42,0,0,true,true,28,11.428571,16336,2470,65.686275,466.911584
SA_IT100,N050-I05,50,5,19,61,RECOCIDO_SIMULADO,125.6879,12201,83782.548333,1525.048333,822.575,0,0,true,true,26,11.428571,16556,2452,65.686275,476.72686
SA_IT100,N050-I05,50,5,20,62,RECOCIDO_SIMULADO,123.0031,11601,83874.465,1521.631667,823.528333,0,0,true,true,26,11.428571,16586,2576,65.686275,347.039638
SA_IT100,N050-I05,50,5,21,63,RECOCIDO_SIMULADO,120.41,11601,83716.221667,1524.055,821.921667,0,0,true,true,26,11.428571,16028,2348,65.686275,360.758741
SA_IT100,N050-I05,50,5,22,64,RECOCIDO_SIMULADO,127.1191,12101,83828.851667,1521.518333,823.073333,0,0,true,true,26,11.428571,16256,2476,65.686275,463.164838
SA_IT100,N050-I05,50,5,23,65,RECOCIDO_SIMULADO,127.0591,12401,83812.405,1524.071667,822.883333,0,0,true,true,26,11.428571,14868,2248,65.686275,528.721386
SA_IT100,N050-I05,50,5,24,66,RECOCIDO_SIMULADO,127.5405,11801,83831.831667,1523.165,823.086667,0,0,true,true,26,11.428571,15938,2362,65.686275,396.912426
SA_IT100,N050-I05,50,5,25,67,RECOCIDO_SIMULADO,127.3953,12001,83782.901667,1519.901667,822.63,0,0,true,true,26,11.428571,15988,2490,65.686275,425.904209
SA_IT100,N050-I05,50,5,26,68,RECOCIDO_SIMULADO,125.6301,11701,83736.636667,1518.97,822.176667,0,0,true,true,26,11.428571,16640,2526,65.686275,369.478229
SA_IT100,N050-I05,50,5,27,69,RECOCIDO_SIMULADO,123.5374,11601,83820.156667,1519.99,823.001667,0,0,true,true,26,11.428571,15710,2356,65.686275,354.766925
SA_IT100,N050-I05,50,5,28,70,RECOCIDO_SIMULADO,121.9983,11801,83718.326667,1524.826667,821.935,0,0,true,true,26,11.428571,15180,2268,65.686275,387.858576
SA_IT100,N050-I05,50,5,29,71,RECOCIDO_SIMULADO,122.7547,11801,83845.075,1525.241667,823.198333,0,0,true,true,28,11.428571,15416,2342,65.686275,393.45444
SA_IT200,N025-I01,25,1,0,42,RECOCIDO_SIMULADO,135.6541,21301,22538.991667,608.158333,219.308333,0,0,true,true,48,26.666667,10008,1360,42.401961,224.368883
SA_IT200,N025-I01,25,1,1,43,RECOCIDO_SIMULADO,139.9874,21901,22554.946667,607.613333,219.473333,0,0,true,true,48,26.666667,10348,1412,42.401961,259.893473
SA_IT200,N025-I01,25,1,2,44,RECOCIDO_SIMULADO,141.197,22101,22565.051667,614.718333,219.503333,0,0,true,true,48,26.666667,10864,1460,42.401961,278.44757
SA_IT200,N025-I01,25,1,3,45,RECOCIDO_SIMULADO,143.1331,22501,22547.461667,616.628333,219.308333,0,0,true,true,48,26.666667,11140,1490,42.401961,310.106015
SA_IT200,N025-I01,25,1,4,46,RECOCIDO_SIMULADO,138.9217,21901,22554.421667,607.088333,219.473333,0,0,true,true,48,26.666667,10520,1456,42.401961,267.966511
SA_IT200,N025-I01,25,1,5,47,RECOCIDO_SIMULADO,144.2776,22701,22586.356667,619.523333,219.668333,0,0,true,true,48,26.666667,10804,1416,42.401961,318.33296
SA_IT200,N025-I01,25,1,6,48,RECOCIDO_SIMULADO,140.1846,22101,22542.956667,612.123333,219.308333,0,0,true,true,48,26.666667,10196,1340,42.401961,271.479455
SA_IT200,N025-I01,25,1,7,49,RECOCIDO_SIMULADO,139.699,21701,22555.801667,608.468333,219.473333,0,0,true,true,48,26.666667,10552,1446,42.401961,244.28834
SA_IT200,N025-I01,25,1,8,50,RECOCIDO_SIMULADO,140.7108,22101,22555.281667,607.948333,219.473333,0,0,true,true,48,26.666667,10936,1510,42.401961,270.576052
SA_IT200,N025-I01,25,1,9,51,RECOCIDO_SIMULADO,137.3179,21701,22537.716667,606.883333,219.308333,0,0,true,true,48,26.666667,10388,1436,42.401961,247.06906
SA_IT200,N025-I01,25,1,10,52,RECOCIDO_SIMULADO,138.9761,22101,22563.87,605.203333,219.586667,0,0,true,true,52,33.333333,10548,1480,42.401961,277.318243
SA_IT200,N025-I01,25,1,11,53,RECOCIDO_SIMULADO,138.7513,21901,22557.936667,607.603333,219.503333,0,0,true,true,48,26.666667,11132,1558,42.401961,255.90468
SA_IT200,N025-I01,25,1,12,54,RECOCIDO_SIMULADO,141.1728,21901,22565.276667,607.443333,219.578333,0,0,true,true,48,26.666667,10264,1428,42.401961,263.983968
SA_IT200,N025-I01,25,1,13,55,RECOCIDO_SIMULADO,135.2369,21301,22555.186667,607.853333,219.473333,0,0,true,true,48,26.666667,10620,1444,42.401961,224.218935
SA_IT200,N025-I01,25,1,14,56,RECOCIDO_SIMULADO,138.5003,21701,22556.061667,608.728333,219.473333,0,0,true,true,48,26.666667,10984,1512,42.401961,253.895667
SA_IT200,N025-I01,25,1,15,57,RECOCIDO_SIMULADO,135.414,21301,22549.241667,618.408333,219.308333,0,0,true,true,48,26.666667,10992,1482,42.401961,227.823707
SA_IT200,N025-I01,25,1,16,58,RECOCIDO_SIMULADO,142.2959,22301,22538.711667,607.878333,219.308333,0,0,true,true,48,26.666667,9944,1352,42.401961,288.141004
SA_IT200,N025-I01,25,1,17,59,RECOCIDO_SIMULADO,138.8387,21701,22579.891667,620.558333,219.593333,0,0,true,true,48,26.666667,10732,1440,42.401961,248.495483
SA_IT200,N025-I01,25,1,18,60,RECOCIDO_SIMULADO,141.1729,21901,22540.391667,609.558333,219.308333,0,0,true,true,48,26.666667,10690,1530,42.401961,264.893171
SA_IT200,N025-I01,25,1,19,61,RECOCIDO_SIMULADO,141.0319,21701,22555.911667,608.578333,219.473333,0,0,true,true,48,26.666667,11320,1554,42.401961,250.094095
SA_IT200,N025-I01,25,1,20,62,RECOCIDO_SIMULADO,141.1988,21901,22539.136667,608.303333,219.308333,0,0,true,true,48,26.666667,10292,1408,42.401961,256.508145
SA_IT200,N025-I01,25,1,21,63,RECOCIDO_SIMULADO,137.9481,21701,22560.816667,613.483333,219.473333,0,0,true,true,48,26.666667,10796,1452,42.401961,252.116905
SA_IT200,N025-I01,25,1,22,64,RECOCIDO_SIMULADO,141.322,22301,22561.771667,611.438333,219.503333,0,0,true,true,48,26.666667,11112,1510,42.401961,295.767732
SA_IT200,N025-I01,25,1,23,65,RECOCIDO_SIMULADO,143.081,22501,22575.486667,608.653333,219.668333,0,0,true,true,48,26.666667,10684,1462,42.401961,302.383303
SA_IT200,N025-I01,25,1,24,66,RECOCIDO_SIMULADO,141.5284,21901,22556.191667,616.358333,219.398333,0,0,true,true,48,26.666667,11000,1470,42.401961,265.749033
SA_IT200,N025-I01,25,1,25,67,RECOCIDO_SIMULADO,140.7148,21901,22540.216667,609.383333,219.308333,0,0,true,true,48,26.666667,10476,1422,42.401961,259.579614
SA_IT200,N025-I01,25,1,26,68,RECOCIDO_SIMULADO,139.3769,22101,22547.566667,607.733333,219.398333,0,0,true,true,48,26.666667,10348,1416,42.401961,278.397369
SA_IT200,N025-I01,25,1,27,69,RECOCIDO_SIMULADO,138.2704,21901,22559.146667,611.813333,219.473333,0,0,true,true,48,26.666667,10488,1440,42.401961,264.522949
SA_IT200,N025-I01,25,1,28,70,RECOCIDO_SIMULADO,151.9712,22501,22554.386667,607.053333,219.473333,0,0,true,true,48,26.666667,10268,1400,42.401961,297.784718
SA_IT200,N025-I01,25,1,29,71,RECOCIDO_SIMULADO,139.3571,21901,22552.731667,605.398333,219.473333,0,0,true,true,48,26.666667,10184,1416,42.401961,256.219892
SA_IT200,N025-I02,25,2,0,42,RECOCIDO_SIMULADO,134.4579,21101,11829.14,436.306667,113.928333,0,0,true,true,56,15.384615,10714,1546,31.617647,208.173216
SA_IT200,N025-I02,25,2,1,43,RECOCIDO_SIMULADO,135.1833,21101,11841.03,431.696667,114.093333,0,0,true,true,56,15.384615,11648,1702,31.617647,217.079958
SA_IT200,N025-I02,25,2,2,44,RECOCIDO_SIMULADO,129.1576,20501,11830.44,437.606667,113.928333,0,0,true,true,56,15.384615,11304,1576,31.617647,177.915806
SA_IT200,N025-I02,25,2,3,45,RECOCIDO_SIMULADO,126.2588,19901,11833.021667,440.188333,113.928333,0,0,true,true,56,15.384615,10812,1530,31.617647,158.665844
SA_IT200,N025-I02,25,2,4,46,RECOCIDO_SIMULADO,133.3067,20901,11829.273333,436.44,113.928333,0,0,true,true,56,15.384615,10930,1528,31.617647,197.891493
SA_IT200,N025-I02,25,2,5,47,RECOCIDO_SIMULADO,133.8187,21301,11832.771667,439.938333,113.928333,0,0,true,true,56,15.384615,11548,1684,31.617647,223.851387
SA_IT200,N025-I02,25,2,6,48,RECOCIDO_SIMULADO,129.0287,19901,11833.103333,440.27,113.928333,0,0,true,true,56,15.384615,11294,1582,31.617647,152.632083
SA_IT200,N025-I02,25,2,7,49,RECOCIDO_SIMULADO,126.6875,19901,11830.086667,437.253333,113.928333,0,0,true,true,56,15.384615,10838,1610,31.617647,155.172926
SA_IT200,N025-I02,25,2,8,50,RECOCIDO_SIMULADO,136.5262,21301,11828.255,435.421667,113.928333,0,0,true,true,56,15.384615,10760,1538,31.617647,224.231177
SA_IT200,N025-I02,25,2,9,51,RECOCIDO_SIMULADO,133.5204,21101,11837.07,444.236667,113.928333,0,0,true,true,56,15.384615,11744,1582,31.617647,208.591285
SA_IT200,N025-I02,25,2,10,52,RECOCIDO_SIMULADO,137.7118,21501,11831.501667,438.668333,113.928333,0,0,true,true,56,15.384615,11408,1644,31.617647,241.140038
SA_IT200,N025-I02,25,2,11,53,RECOCIDO_SIMULADO,134.1329,20901,11831.963333,439.13,113.928333,0,0,true,true,56,15.384615,11466,1598,31.617647,203.540001
SA_IT200,N025-I02,25,2,12,54,RECOCIDO_SIMULADO,136.5229,21501,11829.088333,436.255,113.928333,0,0,true,true,56,15.384615,11022,1580,31.617647,235.728053
SA_IT200,N025-I02,25,2,13,55,RECOCIDO_SIMULADO,135.5746,21301,11831.241667,438.408333,113.928333,0,0,true,true,56,15.384615,10610,1540,31.617647,224.90306
SA_IT200,N025-I02,25,2,14,56,RECOCIDO_SIMULADO,131.1357,20701,11841.03,431.696667,114.093333,0,0,true,true,56,15.384615,11648,1702,31.617647,195.2042
SA_IT200,N025-I02,25,2,15,57,RECOCIDO_SIMULADO,134.8602,21301,11841.03,431.696667,114.093333,0,0,true,true,56,15.384615,11648,1702,31.617647,228.545875
SA_IT200,N025-I02,25,2,16,58,RECOCIDO_SIMULADO,127.6,20101,11841.03,431.696667,114.093333,0,0,true,true,56,15.384615,11648,1702,31.617647,164.800903
SA_IT200,N025-I02,25,2,17,59,RECOCIDO_SIMULADO,129.4765,20501,11841.03,431.696667,114.093333,0,0,true,true,56,15.384615,11648,1702,31.617647,178.165759
SA_IT200,N025-I02,25,2,18,60,RECOCIDO_SIMULADO,137.9548,21701,11827.345,434.511667,113.928333,0,0,true,true,56,15.384615,11044,1582,31.617647,248.958177
SA_IT200,N025-I02,25,2,19,61,RECOCIDO_SIMULADO,132.2596,21101,11832.09,439.256667,113.928333,0,0,true,true,56,15.384615,11482,1682,31.617647,212.113737
SA_IT200,N025-I02,25,2,20,62,RECOCIDO_SIMULADO,136.4675,21501,11841.03,431.696667,114.093333,0,0,true,true,56,15.384615,11648,1702,31.617647,233.107551
SA_IT200,N025-I02,25,2,21,63,RECOCIDO_SIMULADO,132.1234,20901,11831.18,438.346667,113.928333,0,0,true,true,56,15.384615,10864,1524,31.617647,197.9206
SA_IT200,N025-I02,25,2,22,64,RECOCIDO_SIMULADO,133.0444,20701,11830.395,437.561667,113.928333,0,0,true,true,56,15.384615,10600,1554,31.617647,192.162087
SA_IT200,N025-I02,25,2,23,65,RECOCIDO_SIMULADO,129.9073,20301,11841.03,431.696667,114.093333,0,0,true,true,56,15.384615,11648,1702,31.617647,175.586569
SA_IT200,N025-I02,25,2,24,66,RECOCIDO_SIMULADO,128.3089,20301,11831.42,438.586667,113.928333,0,0,true,true,56,15.384615,11148,1516,31.617647,171.530678
SA_IT200,N025-I02,25,2,25,67,RECOCIDO_SIMULADO,135.1623,21301,11841.03,431.696667,114.093333,0,0,true,true,56,15.384615,11648,1702,31.617647,226.854563
SA_IT200,N025-I02,25,2,26,68,RECOCIDO_SIMULADO,129.4719,20501,11841.03,431.696667,114.093333,0,0,true,true,56,15.384615,11648,1702,31.617647,183.771862
SA_IT200,N025-I02,25,2,27,69,RECOCIDO_SIMULADO,133.9775,21101,11841.03,431.696667,114.093333,0,0,true,true,56,15.384615,11648,1702,31.617647,210.227997
SA_IT200,N025-I02,25,2,28,70,RECOCIDO_SIMULADO,134.0046,20701,11827.105,434.271667,113.928333,0,0,true,true,56,15.384615,11340,1626,31.617647,192.209589
SA_IT200,N025-I02,25,2,29,71,RECOCIDO_SIMULADO,125.7178,19901,11841.03,431.696667,114.093333,0,0,true,true,56,15.384615,11648,1702,31.617647,156.329248
SA_IT200,N025-I03,25,3,0,42,RECOCIDO_SIMULADO,144.9414,21501,12032.715,416.048333,116.166667,0,0,true,true,68,52.941176,10704,1536,28.676471,233.151164
SA_IT200,N025-I03,25,3,1,43,RECOCIDO_SIMULADO,127.2208,20101,12032.715,416.048333,116.166667,0,0,true,true,68,52.941176,10704,1536,28.676471,160.80591
SA_IT200,N025-I03,25,3,2,44,RECOCIDO_SIMULADO,129.9544,20501,12032.715,416.048333,116.166667,0,0,true,true,68,52.941176,10704,1536,28.676471,186.827859
SA_IT200,N025-I03,25,3,3,45,RECOCIDO_SIMULADO,130.6691,20501,12032.715,416.048333,116.166667,0,0,true,true,68,52.941176,10704,1536,28.676471,186.578676
SA_IT200,N025-I03,25,3,4,46,RECOCIDO_SIMULADO,125.654,19701,12032.715,416.048333,116.166667,0,0,true,true,68,52.941176,10704,1536,28.676471,151.920014
SA_IT200,N025-I03,25,3,5,47,RECOCIDO_SIMULADO,134.8015,21501,12032.715,416.048333,116.166667,0,0,true,true,68,52.941176,10704,1536,28.676471,241.584082
SA_IT200,N025-I03,25,3,6,48,RECOCIDO_SIMULADO,134.035,21101,12032.715,416.048333,116.166667,0,0,true,true,68,52.941176,10704,1536,28.676471,213.072462
SA_IT200,N025-I03,25,3,7,49,RECOCIDO_SIMULADO,129.708,20501,12032.715,416.048333,116.166667,0,0,true,true,68,52.941176,10704,1536,28.676471,185.280178
SA_IT200,N025-I03,25,3,8,50,RECOCIDO_SIMULADO,125.0542,19701,12032.715,416.048333,116.166667,0,0,true,true,68,52.941176,10704,1536,28.676471,151.938361
SA_IT200,N025-I03,25,3,9,51,RECOCIDO_SIMULADO,131.5056,20901,12032.715,416.048333,116.166667,0,0,true,true,68,52.941176,10704,1536,28.676471,205.645468
SA_IT200,N025-I03,25,3,10,52,RECOCIDO_SIMULADO,129.7426,20501,12032.715,416.048333,116.166667,0,0,true,true,68,52.941176,10704,1536,28.676471,179.513427
SA_IT200,N025-I03,25,3,11,53,RECOCIDO_SIMULADO,136.967,21501,12032.715,416.048333,116.166667,0,0,true,true,68,52.941176,10704,1536,28.676471,241.491939
SA_IT200,N025-I03,25,3,12,54,RECOCIDO_SIMULADO,135.2584,21101,12032.715,416.048333,116.166667,0,0,true,true,68,52.941176,10704,1536,28.676471,211.259999
SA_IT200,N025-I03,25,3,13,55,RECOCIDO_SIMULADO,140.8281,22101,12032.715,416.048333,116.166667,0,0,true,true,68,52.941176,10704,1536,28.676471,269.280247
SA_IT200,N025-I03,25,3,14,56,RECOCIDO_SIMULADO,130.6439,20701,12032.715,416.048333,116.166667,0,0,true,true,68,52.941176,10704,1536,28.676471,191.473286
SA_IT200,N025-I03,25,3,15,57,RECOCIDO_SIMULADO,132.885,20901,12032.715,416.048333,116.166667,0,0,true,true,68,52.941176,10704,1536,28.676471,203.867255
SA_IT200,N025-I03,25,3,16,58,RECOCIDO_SIMULADO,127.6413,20101,12032.715,416.048333,116.166667,0,0,true,true,68,52.941176,10704,1536,28.676471,167.84609
SA_IT200,N025-I03,25,3,17,59,RECOCIDO_SIMULADO,133.9517,21101,12032.715,416.048333,116.166667,0,0,true,true,68,52.941176,10704,1536,28.676471,208.694357
SA_IT200,N025-I03,25,3,18,60,RECOCIDO_SIMULADO,133.8964,21301,12032.715,416.048333,116.166667,0,0,true,true,68,52.941176,10704,1536,28.676471,229.346791
SA_IT200,N025-I03,25,3,19,61,RECOCIDO_SIMULADO,131.142,20501,12032.715,416.048333,116.166667,0,0,true,true,68,52.941176,10704,1536,28.676471,186.006019
SA_IT200,N025-I03,25,3,20,62,RECOCIDO_SIMULADO,133.6468,21101,12032.715,416.048333,116.166667,0,0,true,true,68,52.941176,10704,1536,28.676471,213.473978
SA_IT200,N025-I03,25,3,21,63,RECOCIDO_SIMULADO,131.2733,20501,12032.715,416.048333,116.166667,0,0,true,true,68,52.941176,10704,1536,28.676471,185.058774
SA_IT200,N025-I03,25,3,22,64,RECOCIDO_SIMULADO,134.4097,21301,12032.715,416.048333,116.166667,0,0,true,true,68,52.941176,10704,1536,28.676471,228.542809
SA_IT200,N025-I03,25,3,23,65,RECOCIDO_SIMULADO,133.7926,21101,12032.715,416.048333,116.166667,0,0,true,true,68,52.941176,10704,1536,28.676471,210.078364
SA_IT200,N025-I03,25,3,24,66,RECOCIDO_SIMULADO,127.4357,20301,12032.715,416.048333,116.166667,0,0,true,true,68,52.941176,10704,1536,28.676471,174.644889
SA_IT200,N025-I03,25,3,25,67,RECOCIDO_SIMULADO,137.342,21901,12032.715,416.048333,116.166667,0,0,true,true,68,52.941176,10704,1536,28.676471,259.534153
SA_IT200,N025-I03,25,3,26,68,RECOCIDO_SIMULADO,125.2983,19701,12032.715,416.048333,116.166667,0,0,true,true,68,52.941176,10704,1536,28.676471,149.870077
SA_IT200,N025-I03,25,3,27,69,RECOCIDO_SIMULADO,122.2529,19301,12032.715,416.048333,116.166667,0,0,true,true,68,52.941176,10704,1536,28.676471,135.101731
SA_IT200,N025-I03,25,3,28,70,RECOCIDO_SIMULADO,133.4895,20901,12032.715,416.048333,116.166667,0,0,true,true,68,52.941176,10704,1536,28.676471,199.903245
SA_IT200,N025-I03,25,3,29,71,RECOCIDO_SIMULADO,138.874,21501,12032.715,416.048333,116.166667,0,0,true,true,68,52.941176,10704,1536,28.676471,233.341107
SA_IT200,N025-I04,25,4,0,42,RECOCIDO_SIMULADO,135.6239,21501,11659.886667,423.386667,112.365,0,0,true,true,56,35.294118,11924,1688,25.490196,241.026709
SA_IT200,N025-I04,25,4,1,43,RECOCIDO_SIMULADO,130.9327,20701,11653.981667,423.481667,112.305,0,0,true,true,56,35.294118,12324,1750,25.490196,194.27161
SA_IT200,N025-I04,25,4,2,44,RECOCIDO_SIMULADO,141.2309,21501,11657.011667,426.511667,112.305,0,0,true,true,56,35.294118,12500,1766,25.490196,231.656826
SA_IT200,N025-I04,25,4,3,45,RECOCIDO_SIMULADO,140.0655,22301,11690.923333,431.09,112.598333,0,0,true,true,52,29.411765,12890,1856,25.490196,294.947342
SA_IT200,N025-I04,25,4,4,46,RECOCIDO_SIMULADO,132.0677,20701,11675.213333,426.713333,112.485,0,0,true,true,56,35.294118,12188,1744,25.490196,187.380852
SA_IT200,N025-I04,25,4,5,47,RECOCIDO_SIMULADO,134.138,21301,11660.796667,424.296667,112.365,0,0,true,true,56,35.294118,11636,1662,25.490196,227.871406
SA_IT200,N025-I04,25,4,6,48,RECOCIDO_SIMULADO,132.7685,20901,11667.591667,423.591667,112.44,0,0,true,true,56,35.294118,12444,1768,25.490196,204.985565
SA_IT200,N025-I04,25,4,7,49,RECOCIDO_SIMULADO,133.9933,21101,11668.841667,424.841667,112.44,0,0,true,true,56,35.294118,11680,1658,25.490196,210.621636
SA_IT200,N025-I04,25,4,8,50,RECOCIDO_SIMULADO,134.6301,21101,11656.86,426.36,112.305,0,0,true,true,56,35.294118,12262,1758,25.490196,210.539884
SA_IT200,N025-I04,25,4,9,51,RECOCIDO_SIMULADO,130.4159,20501,11660.721667,430.221667,112.305,0,0,true,true,56,35.294118,11648,1644,25.490196,182.340447
SA_IT200,N025-I04,25,4,10,52,RECOCIDO_SIMULADO,132.4094,20701,11673.636667,425.136667,112.485,0,0,true,true,56,35.294118,12052,1686,25.490196,195.969063
SA_IT200,N025-I04,25,4,11,53,RECOCIDO_SIMULADO,146.7011,22501,11653.771667,423.271667,112.305,0,0,true,true,56,35.294118,12440,1748,25.490196,306.642747
SA_IT200,N025-I04,25,4,12,54,RECOCIDO_SIMULADO,141.1382,22301,11661.241667,424.741667,112.365,0,0,true,true,56,35.294118,13476,1894,25.490196,283.791876
SA_IT200,N025-I04,25,4,13,55,RECOCIDO_SIMULADO,133.6763,20901,11673.516667,425.016667,112.485,0,0,true,true,56,35.294118,11820,1666,25.490196,203.662514
SA_IT200,N025-I04,25,4,14,56,RECOCIDO_SIMULADO,140.9981,21701,11696.356667,425.356667,112.71,0,0,true,true,56,35.294118,12900,1830,25.490196,244.882641
SA_IT200,N025-I04,25,4,15,57,RECOCIDO_SIMULADO,137.9138,21701,11655.421667,424.921667,112.305,0,0,true,true,56,35.294118,11656,1610,25.490196,251.448432
SA_IT200,N025-I04,25,4,16,58,RECOCIDO_SIMULADO,133.8685,20501,11663.38,432.88,112.305,0,0,true,true,56,35.294118,10254,1394,25.490196,183.211294
SA_IT200,N025-I04,25,4,17,59,RECOCIDO_SIMULADO,128.9944,20301,11672.566667,424.066667,112.485,0,0,true,true,56,35.294118,12808,1806,25.490196,173.044724
SA_IT200,N025-I04,25,4,18,60,RECOCIDO_SIMULADO,133.6709,20901,11671.566667,435.066667,112.365,0,0,true,true,56,35.294118,12208,1738,25.490196,204.587627
SA_IT200,N025-I04,25,4,19,61,RECOCIDO_SIMULADO,128.6528,20301,11662.531667,426.031667,112.365,0,0,true,true,56,35.294118,13228,1844,25.490196,173.762096
SA_IT200,N025-I04,25,4,20,62,RECOCIDO_SIMULADO,136.0713,21301,11661.836667,425.336667,112.365,0,0,true,true,56,35.294118,12224,1684,25.490196,220.168691
SA_IT200,N025-I04,25,4,21,63,RECOCIDO_SIMULADO,134.8261,21101,11656.621667,426.121667,112.305,0,0,true,true,56,35.294118,12696,1780,25.490196,216.50112
SA_IT200,N025-I04,25,4,22,64,RECOCIDO_SIMULADO,134.8664,20701,11661.066667,424.566667,112.365,0,0,true,true,56,35.294118,11428,1584,25.490196,191.625472
SA_IT200,N025-I04,25,4,23,65,RECOCIDO_SIMULADO,138.5987,21701,11672.826667,424.326667,112.485,0,0,true,true,56,35.294118,12396,1764,25.490196,244.775461
SA_IT200,N025-I04,25,4,24,66,RECOCIDO_SIMULADO,132.3913,20901,11662.021667,425.521667,112.365,0,0,true,true,56,35.294118,12280,1704,25.490196,203.088745
SA_IT200,N025-I04,25,4,25,67,RECOCIDO_SIMULADO,138.1307,21701,11673.916667,425.416667,112.485,0,0,true,true,56,35.294118,12424,1698,25.490196,248.408948
SA_IT200,N025-I04,25,4,26,68,RECOCIDO_SIMULADO,139.0672,21701,11655.36,424.86,112.305,0,0,true,true,56,35.294118,12422,1786,25.490196,242.210764
SA_IT200,N025-I04,25,4,27,69,RECOCIDO_SIMULADO,127.0495,19901,11657.091667,426.591667,112.305,0,0,true,true,56,35.294118,11780,1614,25.490196,154.878363
SA_IT200,N025-I04,25,4,28,70,RECOCIDO_SIMULADO,136.2412,21301,11660.896667,424.396667,112.365,0,0,true,true,56,35.294118,11826,1698,25.490196,222.588934
SA_IT200,N025-I04,25,4,29,71,RECOCIDO_SIMULADO,134.3255,20701,11654.551667,424.051667,112.305,0,0,true,true,56,35.294118,12612,1766,25.490196,192.349766
SA_IT200,N025-I05,25,5,0,42,RECOCIDO_SIMULADO,129.4044,20101,11175.046667,498.38,106.766667,0,0,true,true,68,27.272727,10740,1536,31.127451,160.517034
SA_IT200,N025-I05,25,5,1,43,RECOCIDO_SIMULADO,131.1337,20701,11175.046667,498.38,106.766667,0,0,true,true,68,27.272727,10740,1536,31.127451,188.404859
SA_IT200,N025-I05,25,5,2,44,RECOCIDO_SIMULADO,129.9398,20501,11175.046667,498.38,106.766667,0,0,true,true,68,27.272727,10740,1536,31.127451,181.782559
SA_IT200,N025-I05,25,5,3,45,RECOCIDO_SIMULADO,128.3953,20101,11175.046667,498.38,106.766667,0,0,true,true,68,27.272727,10740,1536,31.127451,161.984491
SA_IT200,N025-I05,25,5,4,46,RECOCIDO_SIMULADO,134.2531,20501,11175.046667,498.38,106.766667,0,0,true,true,68,27.272727,10740,1536,31.127451,180.628981
SA_IT200,N025-I05,25,5,5,47,RECOCIDO_SIMULADO,132.6734,20501,11175.046667,498.38,106.766667,0,0,true,true,68,27.272727,10740,1536,31.127451,186.077804
SA_IT200,N025-I05,25,5,6,48,RECOCIDO_SIMULADO,130.1704,20501,11175.046667,498.38,106.766667,0,0,true,true,68,27.272727,10740,1536,31.127451,182.137953
SA_IT200,N025-I05,25,5,7,49,RECOCIDO_SIMULADO,128.7783,20301,11175.046667,498.38,106.766667,0,0,true,true,68,27.272727,10740,1536,31.127451,174.025002
SA_IT200,N025-I05,25,5,8,50,RECOCIDO_SIMULADO,128.7988,20301,11175.046667,498.38,106.766667,0,0,true,true,68,27.272727,10740,1536,31.127451,174.678719
SA_IT200,N025-I05,25,5,9,51,RECOCIDO_SIMULADO,126.5234,19901,11175.046667,498.38,106.766667,0,0,true,true,68,27.272727,10740,1536,31.127451,158.607762
SA_IT200,N025-I05,25,5,10,52,RECOCIDO_SIMULADO,137.4948,20901,11175.046667,498.38,106.766667,0,0,true,true,68,27.272727,10740,1536,31.127451,198.14604
SA_IT200,N025-I05,25,5,11,53,RECOCIDO_SIMULADO,128.3092,20301,11175.046667,498.38,106.766667,0,0,true,true,68,27.272727,10740,1536,31.127451,177.191734
SA_IT200,N025-I05,25,5,12,54,RECOCIDO_SIMULADO,131.455,20901,11175.046667,498.38,106.766667,0,0,true,true,68,27.272727,10740,1536,31.127451,199.307771
SA_IT200,N025-I05,25,5,13,55,RECOCIDO_SIMULADO,128.038,20301,11175.046667,498.38,106.766667,0,0,true,true,68,27.272727,10740,1536,31.127451,172.494428
SA_IT200,N025-I05,25,5,14,56,RECOCIDO_SIMULADO,133.9288,21101,11175.046667,498.38,106.766667,0,0,true,true,68,27.272727,10740,1536,31.127451,216.443317
SA_IT200,N025-I05,25,5,15,57,RECOCIDO_SIMULADO,130.9589,20501,11175.046667,498.38,106.766667,0,0,true,true,68,27.272727,10740,1536,31.127451,182.272589
SA_IT200,N025-I05,25,5,16,58,RECOCIDO_SIMULADO,127.4556,19901,11175.046667,498.38,106.766667,0,0,true,true,68,27.272727,10740,1536,31.127451,154.195015
SA_IT200,N025-I05,25,5,17,59,RECOCIDO_SIMULADO,131.2429,20901,11175.046667,498.38,106.766667,0,0,true,true,68,27.272727,10740,1536,31.127451,202.645345
SA_IT200,N025-I05,25,5,18,60,RECOCIDO_SIMULADO,132.7694,20901,11175.046667,498.38,106.766667,0,0,true,true,68,27.272727,10740,1536,31.127451,202.367252
SA_IT200,N025-I05,25,5,19,61,RECOCIDO_SIMULADO,127.851,20301,11175.046667,498.38,106.766667,0,0,true,true,68,27.272727,10740,1536,31.127451,172.710895
SA_IT200,N025-I05,25,5,20,62,RECOCIDO_SIMULADO,127.2831,20301,11175.046667,498.38,106.766667,0,0,true,true,68,27.272727,10740,1536,31.127451,175.492759
SA_IT200,N025-I05,25,5,21,63,RECOCIDO_SIMULADO,132.0744,20701,11175.046667,498.38,106.766667,0,0,true,true,68,27.272727,10740,1536,31.127451,194.540355
SA_IT200,N025-I05,25,5,22,64,RECOCIDO_SIMULADO,127.3999,19901,11175.046667,498.38,106.766667,0,0,true,true,68,27.272727,10740,1536,31.127451,155.503104
SA_IT200,N025-I05,25,5,23,65,RECOCIDO_SIMULADO,125.4844,19901,11175.046667,498.38,106.766667,0,0,true,true,68,27.272727,10740,1536,31.127451,152.458067
SA_IT200,N025-I05,25,5,24,66,RECOCIDO_SIMULADO,130.7813,20701,11175.046667,498.38,106.766667,0,0,true,true,68,27.272727,10740,1536,31.127451,189.609298
SA_IT200,N025-I05,25,5,25,67,RECOCIDO_SIMULADO,127.6724,20101,11175.046667,498.38,106.766667,0,0,true,true,68,27.272727,10740,1536,31.127451,162.112802
SA_IT200,N025-I05,25,5,26,68,RECOCIDO_SIMULADO,124.9591,19501,11175.046667,498.38,106.766667,0,0,true,true,68,27.272727,10740,1536,31.127451,144.80925
SA_IT200,N025-I05,25,5,27,69,RECOCIDO_SIMULADO,138.2451,21301,11175.046667,498.38,106.766667,0,0,true,true,68,27.272727,10740,1536,31.127451,224.530256
SA_IT200,N025-I05,25,5,28,70,RECOCIDO_SIMULADO,135.143,21101,11175.046667,498.38,106.766667,0,0,true,true,68,27.272727,10740,1536,31.127451,208.29437
SA_IT200,N025-I05,25,5,29,71,RECOCIDO_SIMULADO,130.2208,20501,11175.046667,498.38,106.766667,0,0,true,true,68,27.272727,10740,1536,31.127451,183.787256
SA_IT200,N050-I01,50,1,0,42,RECOCIDO_SIMULADO,248.6284,23901,106371.003333,1940.503333,1044.305,0,0,true,true,28,7.142857,16552,2602,74.019608,434.921985
SA_IT200,N050-I01,50,1,1,43,RECOCIDO_SIMULADO,232.9321,22701,106130.608333,1940.608333,1041.9,0,0,true,true,28,7.142857,15526,2432,74.019608,325.850281
SA_IT200,N050-I01,50,1,2,44,RECOCIDO_SIMULADO,246.0676,23701,106164.586667,1938.586667,1042.26,0,0,true,true,28,7.142857,16082,2454,74.019608,416.25569
SA_IT200,N050-I01,50,1,3,45,RECOCIDO_SIMULADO,241.9734,23901,106317.38,1939.88,1043.775,0,0,true,true,28,7.142857,16672,2552,74.019608,436.051889
SA_IT200,N050-I01,50,1,4,46,RECOCIDO_SIMULADO,230.5783,22501,106339.775,1943.108333,1043.966667,0,0,true,true,28,7.142857,16590,2514,74.019608,307.965079
SA_IT200,N050-I01,50,1,5,47,RECOCIDO_SIMULADO,238.5133,23501,106209.478333,1939.978333,1042.695,0,0,true,true,28,7.142857,16758,2620,74.019608,393.603909
SA_IT200,N050-I01,50,1,6,48,RECOCIDO_SIMULADO,231.0861,22901,106183.243333,1941.743333,1042.415,0,0,true,true,28,7.142857,15968,2442,74.019608,335.632007
SA_IT200,N050-I01,50,1,7,49,RECOCIDO_SIMULADO,241.6597,23501,106227.71,1943.043333,1042.846667,0,0,true,true,28,7.142857,15680,2328,74.019608,390.441648
SA_IT200,N050-I01,50,1,8,50,RECOCIDO_SIMULADO,234.7629,23101,106306.86,1944.693333,1043.621667,0,0,true,true,28,7.142857,16592,2608,74.019608,347.918625
SA_IT200,N050-I01,50,1,9,51,RECOCIDO_SIMULADO,243.5232,23901,106339.945,1944.945,1043.95,0,0,true,true,28,7.142857,17268,2618,74.019608,434.892299
SA_IT200,N050-I01,50,1,10,52,RECOCIDO_SIMULADO,242.7295,23901,106151.18,1938.68,1042.125,0,0,true,true,28,7.142857,16260,2512,74.019608,438.543257
SA_IT200,N050-I01,50,1,11,53,RECOCIDO_SIMULADO,242.7304,24101,106273.53,1943.53,1043.3,0,0,true,true,28,7.142857,17452,2644,74.019608,453.233219
SA_IT200,N050-I01,50,1,12,54,RECOCIDO_SIMULADO,239.0258,23501,106125.378333,1941.878333,1041.835,0,0,true,true,28,7.142857,15772,2402,74.019608,385.683425
SA_IT200,N050-I01,50,1,13,55,RECOCIDO_SIMULADO,240.7566,23701,106396.586667,1958.92,1044.376667,0,0,true,true,28,7.142857,18324,2732,74.019608,419.222231
SA_IT200,N050-I01,50,1,14,56,RECOCIDO_SIMULADO,244.5902,24101,106244.608333,1940.108333,1043.045,0,0,true,true,28,7.142857,15896,2432,74.019608,455.705516
SA_IT200,N050-I01,50,1,15,57,RECOCIDO_SIMULADO,237.9722,23301,106371.571667,1941.905,1044.296667,0,0,true,true,28,7.142857,16820,2548,74.019608,379.331152
SA_IT200,N050-I01,50,1,16,58,RECOCIDO_SIMULADO,242.5562,23701,106277.271667,1945.105,1043.321667,0,0,true,true,28,7.142857,16978,2552,74.019608,412.237649
SA_IT200,N050-I01,50,1,17,59,RECOCIDO_SIMULADO,238.6248,23501,106263.306667,1945.14,1043.181667,0,0,true,true,28,7.142857,17298,2652,74.019608,394.295626
SA_IT200,N050-I01,50,1,18,60,RECOCIDO_SIMULADO,237.8786,23501,106088.645,1942.645,1041.46,0,0,true,true,28,7.142857,16914,2490,74.019608,387.502502
SA_IT200,N050-I01,50,1,19,61,RECOCIDO_SIMULADO,241.1706,23901,106217.025,1937.025,1042.8,0,0,true,true,28,7.142857,16332,2508,74.019608,441.324296
SA_IT200,N050-I01,50,1,20,62,RECOCIDO_SIMULADO,243.127,23901,106215.435,1950.268333,1042.651667,0,0,true,true,28,7.142857,16248,2376,74.019608,426.611161
SA_IT200,N050-I01,50,1,21,63,RECOCIDO_SIMULADO,243.7577,23701,106178.6,1939.933333,1042.386667,0,0,true,true,28,7.142857,16286,2534,74.019608,411.550894
SA_IT200,N050-I01,50,1,22,64,RECOCIDO_SIMULADO,250.7905,24701,106382.811667,1941.645,1044.411667,0,0,true,true,28,7.142857,16756,2596,74.019608,529.891884
SA_IT200,N050-I01,50,1,23,65,RECOCIDO_SIMULADO,246.2404,24101,106277.005,1944.005,1043.33,0,0,true,true,28,7.142857,16736,2648,74.019608,464.89929
SA_IT200,N050-I01,50,1,24,66,RECOCIDO_SIMULADO,242.0073,23901,106137.038333,1940.538333,1041.965,0,0,true,true,28,7.142857,16870,2560,74.019608,441.694224
SA_IT200,N050-I01,50,1,25,67,RECOCIDO_SIMULADO,250.4994,24301,106134.568333,1941.568333,1041.93,0,0,true,true,28,7.142857,16282,2480,74.019608,477.863071
SA_IT200,N050-I01,50,1,26,68,RECOCIDO_SIMULADO,252.3328,24901,106388.951667,1942.285,1044.466667,0,0,true,true,28,7.142857,16484,2440,74.019608,577.548156
SA_IT200,N050-I01,50,1,27,69,RECOCIDO_SIMULADO,247.2255,24501,106170.875,1940.875,1042.3,0,0,true,true,28,7.142857,16762,2578,74.019608,500.157844
SA_IT200,N050-I01,50,1,28,70,RECOCIDO_SIMULADO,236.9091,23501,106255.926667,1942.926667,1043.13,0,0,true,true,28,7.142857,16078,2494,74.019608,396.017253
SA_IT200,N050-I01,50,1,29,71,RECOCIDO_SIMULADO,245.6859,24301,106317.795,1939.128333,1043.786667,0,0,true,true,28,7.142857,16862,2662,74.019608,485.627039
SA_IT200,N050-I02,50,2,0,42,RECOCIDO_SIMULADO,246.4072,24301,79953.681667,1608.015,783.456667,0,0,true,true,26,14.705882,18352,2744,54.166667,486.179372
SA_IT200,N050-I02,50,2,1,43,RECOCIDO_SIMULADO,248.0704,24301,80055.876667,1609.376667,784.465,0,0,true,true,26,14.705882,18680,2922,54.166667,494.407066
SA_IT200,N050-I02,50,2,2,44,RECOCIDO_SIMULADO,252.2748,24701,80047.048333,1609.548333,784.375,0,0,true,true,28,17.647059,18746,2840,54.166667,532.779516
SA_IT200,N050-I02,50,2,3,45,RECOCIDO_SIMULADO,238.7987,23701,80071.706667,1609.54,784.621667,0,0,true,true,26,14.705882,18088,2772,54.166667,421.315802
SA_IT200,N050-I02,50,2,4,46,RECOCIDO_SIMULADO,242.7392,23901,79899.293333,1608.96,782.903333,0,0,true,true,26,14.705882,17684,2624,54.166667,427.087642
SA_IT200,N050-I02,50,2,5,47,RECOCIDO_SIMULADO,245.0595,23901,79956.511667,1616.011667,783.405,0,0,true,true,28,17.647059,18274,2766,54.166667,435.489356
SA_IT200,N050-I02,50,2,6,48,RECOCIDO_SIMULADO,241.915,23701,80016.018333,1610.185,784.058333,0,0,true,true,28,17.647059,17372,2592,54.166667,413.484475
SA_IT200,N050-I02,50,2,7,49,RECOCIDO_SIMULADO,246.3475,23901,79920.518333,1608.018333,783.125,0,0,true,true,26,14.705882,17462,2588,54.166667,438.073838
SA_IT200,N050-I02,50,2,8,50,RECOCIDO_SIMULADO,251.5379,24701,80013.736667,1608.736667,784.05,0,0,true,true,28,17.647059,17676,2632,54.166667,546.107479
SA_IT200,N050-I02,50,2,9,51,RECOCIDO_SIMULADO,250.8457,24301,79965.743333,1609.41,783.563333,0,0,true,true,28,17.647059,17902,2674,54.166667,471.225911
SA_IT200,N050-I02,50,2,10,52,RECOCIDO_SIMULADO,242.9842,24101,80070.311667,1610.311667,784.6,0,0,true,true,26,14.705882,18086,2666,54.166667,466.83544
SA_IT200,N050-I02,50,2,11,53,RECOCIDO_SIMULADO,241.7137,23701,79933.495,1606.161667,783.273333,0,0,true,true,28,17.647059,16894,2586,54.166667,419.104364
SA_IT200,N050-I02,50,2,12,54,RECOCIDO_SIMULADO,245.0203,24301,80018.551667,1608.885,784.096667,0,0,true,true,26,14.705882,17588,2720,54.166667,489.593853
SA_IT200,N050-I02,50,2,13,55,RECOCIDO_SIMULADO,244.1262,23901,79945.615,1614.781667,783.308333,0,0,true,true,26,14.705882,17250,2546,54.166667,434.318504
SA_IT200,N050-I02,50,2,14,56,RECOCIDO_SIMULADO,252.2957,24701,79996.306667,1608.64,783.876667,0,0,true,true,26,14.705882,17842,2702,54.166667,539.575041
SA_IT200,N050-I02,50,2,15,57,RECOCIDO_SIMULADO,245.0274,24101,79924.401667,1605.235,783.191667,0,0,true,true,28,17.647059,17706,2652,54.166667,451.98714
SA_IT200,N050-I02,50,2,16,58,RECOCIDO_SIMULADO,252.3494,24301,79950.72,1609.886667,783.408333,0,0,true,true,26,14.705882,17606,2614,54.166667,489.319865
SA_IT200,N050-I02,50,2,17,59,RECOCIDO_SIMULADO,246.1669,23701,80120.965,1609.465,785.115,0,0,true,true,26,14.705882,18374,2784,54.166667,407.012616
SA_IT200,N050-I02,50,2,18,60,RECOCIDO_SIMULADO,245.3734,23901,79831.161667,1608.995,782.221667,0,0,true,true,26,14.705882,17854,2590,54.166667,430.792067
SA_IT200,N050-I02,50,2,19,61,RECOCIDO_SIMULADO,248.3199,24301,79906.115,1609.115,782.97,0,0,true,true,28,17.647059,16928,2622,54.166667,494.206518
SA_IT200,N050-I02,50,2,20,62,RECOCIDO_SIMULADO,247.7663,23901,79999.113333,1607.946667,783.911667,0,0,true,true,28,17.647059,16996,2580,54.166667,427.318444
SA_IT200,N050-I02,50,2,21,63,RECOCIDO_SIMULADO,245.0268,23901,79964.795,1616.628333,783.481667,0,0,true,true,28,17.647059,17996,2686,54.166667,427.658986
SA_IT200,N050-I02,50,2,22,64,RECOCIDO_SIMULADO,248.8649,24501,80020.333333,1606.666667,784.136667,0,0,true,true,28,17.647059,17188,2626,54.166667,497.265843
SA_IT200,N050-I02,50,2,23,65,RECOCIDO_SIMULADO,251.9218,24501,80039.493333,1607.66,784.318333,0,0,true,true,28,17.647059,17422,2678,54.166667,501.276975
SA_IT200,N050-I02,50,2,24,66,RECOCIDO_SIMULADO,257.1959,24701,79956.053333,1607.886667,783.481667,0,0,true,true,26,14.705882,18146,2706,54.166667,527.568233
SA_IT200,N050-I02,50,2,25,67,RECOCIDO_SIMULADO,256.9354,25101,80043.011667,1607.178333,784.358333,0,0,true,true,28,17.647059,17662,2670,54.166667,578.880083
SA_IT200,N050-I02,50,2,26,68,RECOCIDO_SIMULADO,244.2925,23901,79945.206667,1607.04,783.381667,0,0,true,true,28,17.647059,17872,2682,54.166667,425.388169
SA_IT200,N050-I02,50,2,27,69,RECOCIDO_SIMULADO,249.4674,24301,79998.413333,1610.58,783.878333,0,0,true,true,26,14.705882,18526,2848,54.166667,486.368055
SA_IT200,N050-I02,50,2,28,70,RECOCIDO_SIMULADO,238.8421,23501,80061.848333,1611.348333,784.505,0,0,true,true,26,14.705882,17830,2664,54.166667,393.743944
SA_IT200,N050-I02,50,2,29,71,RECOCIDO_SIMULADO,246.8529,24301,79954.255,1611.921667,783.423333,0,0,true,true,28,17.647059,17816,2632,54.166667,486.20892
SA_IT200,N050-I03,50,3,0,42,RECOCIDO_SIMULADO,248.2499,24101,82706.723333,1736.89,809.698333,0,0,true,true,28,14.814815,15402,2352,64.460784,451.144969
SA_IT200,N050-I03,50,3,1,43,RECOCIDO_SIMULADO,247.9841,24301,82691.956667,1736.29,809.556667,0,0,true,true,28,14.814815,15896,2412,64.460784,475.85009
SA_IT200,N050-I03,50,3,2,44,RECOCIDO_SIMULADO,247.9571,24101,82647.866667,1734.533333,809.133333,0,0,true,true,28,14.814815,15398,2358,64.460784,452.466699
SA_IT200,N050-I03,50,3,3,45,RECOCIDO_SIMULADO,246.9854,23701,82860.03,1736.03,811.24,0,0,true,true,28,14.814815,15876,2420,64.460784,417.725747
SA_IT200,N050-I03,50,3,4,46,RECOCIDO_SIMULADO,250.2674,24501,82628.791667,1738.458333,808.903333,0,0,true,true,28,14.814815,15790,2362,64.460784,498.191048
SA_IT200,N050-I03,50,3,5,47,RECOCIDO_SIMULADO,240.3645,23501,82769.253333,1737.086667,810.321667,0,0,true,true,28,14.814815,16086,2392,64.460784,394.537743
SA_IT200,N050-I03,50,3,6,48,RECOCIDO_SIMULADO,239.3375,22901,82663.498333,1739.331667,809.241667,0,0,true,true,26,11.111111,16052,2420,64.460784,345.174356
SA_IT200,N050-I03,50,3,7,49,RECOCIDO_SIMULADO,242.4422,23901,82697.465,1740.465,809.57,0,0,true,true,26,11.111111,15320,2314,64.460784,443.607279
SA_IT200,N050-I03,50,3,8,50,RECOCIDO_SIMULADO,241.7888,23501,82713.041667,1734.708333,809.783333,0,0,true,true,28,14.814815,15926,2468,64.460784,399.776881
SA_IT200,N050-I03,50,3,9,51,RECOCIDO_SIMULADO,248.5462,24301,82686.703333,1738.036667,809.486667,0,0,true,true,26,11.111111,16666,2566,64.460784,475.457706
SA_IT200,N050-I03,50,3,10,52,RECOCIDO_SIMULADO,238.2126,23101,82696.558333,1741.558333,809.55,0,0,true,true,28,14.814815,16078,2390,64.460784,349.418365
SA_IT200,N050-I03,50,3,11,53,RECOCIDO_SIMULADO,241.1418,23701,82612.756667,1739.256667,808.735,0,0,true,true,28,14.814815,16162,2438,64.460784,421.607888
SA_IT200,N050-I03,50,3,12,54,RECOCIDO_SIMULADO,253.358,24101,82603.471667,1735.305,808.681667,0,0,true,true,26,11.111111,14924,2278,64.460784,447.619134
SA_IT200,N050-I03,50,3,13,55,RECOCIDO_SIMULADO,248.557,23901,82658.978333,1737.145,809.218333,0,0,true,true,28,14.814815,15804,2430,64.460784,438.198348
SA_IT200,N050-I03,50,3,14,56,RECOCIDO_SIMULADO,244.3745,23901,82659.383333,1738.383333,809.21,0,0,true,true,26,14.814815,16444,2454,64.460784,447.237759
SA_IT200,N050-I03,50,3,15,57,RECOCIDO_SIMULADO,251.6494,24501,82781.248333,1738.581667,810.426667,0,0,true,true,28,14.814815,15552,2310,64.460784,501.610634
SA_IT200,N050-I03,50,3,16,58,RECOCIDO_SIMULADO,249.3109,24101,82732.906667,1737.573333,809.953333,0,0,true,true,28,14.814815,15832,2386,64.460784,453.960337
SA_IT200,N050-I03,50,3,17,59,RECOCIDO_SIMULADO,243.8717,23701,82624.408333,1735.241667,808.891667,0,0,true,true,28,14.814815,15676,2384,64.460784,424.31164
SA_IT200,N050-I03,50,3,18,60,RECOCIDO_SIMULADO,247.0863,24101,82836.22,1736.72,810.995,0,0,true,true,28,14.814815,15480,2394,64.460784,468.722124
SA_IT200,N050-I03,50,3,19,61,RECOCIDO_SIMULADO,252.0269,24701,82607.185,1734.685,808.725,0,0,true,true,28,14.814815,15326,2274,64.460784,539.125354
SA_IT200,N050-I03,50,3,20,62,RECOCIDO_SIMULADO,234.7276,22901,82693.901667,1742.068333,809.518333,0,0,true,true,28,14.814815,16276,2468,64.460784,344.082271
SA_IT200,N050-I03,50,3,21,63,RECOCIDO_SIMULADO,238.3651,23101,82926.376667,1749.376667,811.77,0,0,true,true,26,14.814815,17634,2640,64.460784,355.884113
SA_IT200,N050-I03,50,3,22,64,RECOCIDO_SIMULADO,240.6425,23701,82645.55,1737.55,809.08,0,0,true,true,28,14.814815,16074,2364,64.460784,407.487287
SA_IT200,N050-I03,50,3,23,65,RECOCIDO_SIMULADO,249.2377,24501,82590.828333,1736.828333,808.54,0,0,true,true,26,11.111111,15702,2342,64.460784,503.770264
SA_IT200,N050-I03,50,3,24,66,RECOCIDO_SIMULADO,235.1673,23101,82845.358333,1742.858333,811.025,0,0,true,true,28,14.814815,16688,2516,64.460784,363.699202
SA_IT200,N050-I03,50,3,25,67,RECOCIDO_SIMULADO,244.2735,23901,82728.146667,1734.313333,809.938333,0,0,true,true,28,14.814815,15882,2424,64.460784,441.466678
SA_IT200,N050-I03,50,3,26,68,RECOCIDO_SIMULADO,243.1469,24101,82667.381667,1738.548333,809.288333,0,0,true,true,26,11.111111,16072,2468,64.460784,467.187126
SA_IT200,N050-I03,50,3,27,69,RECOCIDO_SIMULADO,246.5947,24101,82688,1735,809.53,0,0,true,true,28,14.814815,15748,2390,64.460784,447.692035
SA_IT200,N050-I03,50,3,28,70,RECOCIDO_SIMULADO,240.1182,23701,82646.97,1736.136667,809.108333,0,0,true,true,28,14.814815,15186,2270,64.460784,407.703636
SA_IT200,N050-I03,50,3,29,71,RECOCIDO_SIMULADO,240.0868,23301,82661.043333,1736.543333,809.245,0,0,true,true,28,14.814815,15704,2372,64.460784,376.675095
SA_IT200,N050-I04,50,4,0,42,RECOCIDO_SIMULADO,249.4539,24501,86783.771667,1725.271667,850.585,0,0,true,true,32,16.129032,15644,2352,64.215686,510.768735
SA_IT200,N050-I04,50,4,1,43,RECOCIDO_SIMULADO,249.214,24101,86781.423333,1721.923333,850.595,0,0,true,true,32,16.129032,15642,2350,64.215686,464.140968
SA_IT200,N050-I04,50,4,2,44,RECOCIDO_SIMULADO,249.878,24501,86802.395,1720.895,850.815,0,0,true,true,30,12.903226,15334,2352,64.215686,518.523225
SA_IT200,N050-I04,50,4,3,45,RECOCIDO_SIMULADO,249.6287,24501,86767.785,1721.285,850.465,0,0,true,true,32,16.129032,15436,2334,64.215686,513.284941
SA_IT200,N050-I04,50,4,4,46,RECOCIDO_SIMULADO,248.4806,24101,86801.616667,1719.116667,850.825,0,0,true,true,32,16.129032,14962,2252,64.215686,454.689815
SA_IT200,N050-I04,50,4,5,47,RECOCIDO_SIMULADO,245.0907,23901,86710.58,1722.58,849.88,0,0,true,true,32,16.129032,16386,2468,64.215686,445.707314
SA_IT200,N050-I04,50,4,6,48,RECOCIDO_SIMULADO,251.6124,24701,86810.968333,1726.135,850.848333,0,0,true,true,30,12.903226,15212,2246,64.215686,537.672121
SA_IT200,N050-I04,50,4,7,49,RECOCIDO_SIMULADO,244.2466,23901,86784.295,1723.795,850.605,0,0,true,true,32,16.129032,15802,2308,64.215686,431.258171
SA_IT200,N050-I04,50,4,8,50,RECOCIDO_SIMULADO,251.4388,24701,86745.833333,1719.166667,850.266667,0,0,true,true,32,16.129032,15778,2416,64.215686,534.567191
SA_IT200,N050-I04,50,4,9,51,RECOCIDO_SIMULADO,249.2255,24301,86898.09,1724.09,851.74,0,0,true,true,32,16.129032,16688,2462,64.215686,487.309027
SA_IT200,N050-I04,50,4,10,52,RECOCIDO_SIMULADO,248.8873,24301,86866.055,1723.555,851.425,0,0,true,true,32,16.129032,16258,2500,64.215686,473.733627
SA_IT200,N050-I04,50,4,11,53,RECOCIDO_SIMULADO,245.0535,24101,86704.033333,1722.866667,849.811667,0,0,true,true,32,16.129032,15158,2278,64.215686,451.773785
SA_IT200,N050-I04,50,4,12,54,RECOCIDO_SIMULADO,247.1158,23901,86761.098333,1723.598333,850.375,0,0,true,true,30,12.903226,16732,2572,64.215686,441.004423
SA_IT200,N050-I04,50,4,13,55,RECOCIDO_SIMULADO,244.1678,23901,86776.466667,1720.966667,850.555,0,0,true,true,32,16.129032,15572,2404,64.215686,434.682438
SA_IT200,N050-I04,50,4,14,56,RECOCIDO_SIMULADO,252.0404,24301,86873.835,1720.335,851.535,0,0,true,true,32,16.129032,15034,2286,64.215686,483.661029
SA_IT200,N050-I04,50,4,15,57,RECOCIDO_SIMULADO,251.7112,24501,86879.613333,1721.946667,851.576667,0,0,true,true,32,16.129032,14154,2074,64.215686,515.579742
SA_IT200,N050-I04,50,4,16,58,RECOCIDO_SIMULADO,242.5195,23901,86773.131667,1720.798333,850.523333,0,0,true,true,32,16.129032,14862,2172,64.215686,431.059415
SA_IT200,N050-I04,50,4,17,59,RECOCIDO_SIMULADO,252.6937,24701,86752.995,1714.995,850.38,0,0,true,true,32,16.129032,14002,2100,64.215686,547.390254
SA_IT200,N050-I04,50,4,18,60,RECOCIDO_SIMULADO,252.4825,24701,86704.851667,1721.851667,849.83,0,0,true,true,32,16.129032,14726,2244,64.215686,543.710013
SA_IT200,N050-I04,50,4,19,61,RECOCIDO_SIMULADO,254.4173,24901,86838.883333,1735.216667,851.036667,0,0,true,true,30,12.903226,16346,2356,64.215686,553.011046
SA_IT200,N050-I04,50,4,20,62,RECOCIDO_SIMULADO,247.7476,24101,86933.446667,1720.113333,852.133333,0,0,true,true,30,12.903226,16500,2472,64.215686,456.89274
SA_IT200,N050-I04,50,4,21,63,RECOCIDO_SIMULADO,248.6024,24301,86881.283333,1721.783333,851.595,0,0,true,true,32,16.129032,15264,2290,64.215686,478.13181
SA_IT200,N050-I04,50,4,22,64,RECOCIDO_SIMULADO,258.7665,25101,86708.358333,1725.358333,849.83,0,0,true,true,30,12.903226,16162,2452,64.215686,582.219032
SA_IT200,N050-I04,50,4,23,65,RECOCIDO_SIMULADO,246.8117,24101,86772.691667,1724.858333,850.478333,0,0,true,true,32,16.129032,15096,2262,64.215686,466.869963
SA_IT200,N050-I04,50,4,24,66,RECOCIDO_SIMULADO,253.2014,24701,86749.318333,1723.651667,850.256667,0,0,true,true,32,16.129032,16304,2454,64.215686,529.110931
SA_IT200,N050-I04,50,4,25,67,RECOCIDO_SIMULADO,247.8611,24301,86808.028333,1719.861667,850.881667,0,0,true,true,32,16.129032,16116,2436,64.215686,490.008381
SA_IT200,N050-I04,50,4,26,68,RECOCIDO_SIMULADO,252.0287,24501,86761.283333,1722.95,850.383333,0,0,true,true,32,16.129032,15870,2380,64.215686,502.297259
SA_IT200,N050-I04,50,4,27,69,RECOCIDO_SIMULADO,248.108,24301,86703.518333,1722.018333,849.815,0,0,true,true,32,16.129032,14876,2368,64.215686,485.047389
SA_IT200,N050-I04,50,4,28,70,RECOCIDO_SIMULADO,241.9581,23501,86741.248333,1720.915,850.203333,0,0,true,true,32,16.129032,14784,2226,64.215686,393.290692
SA_IT200,N050-I04,50,4,29,71,RECOCIDO_SIMULADO,251.0022,24101,86728.891667,1714.558333,850.143333,0,0,true,true,32,16.129032,14024,2090,64.215686,457.578304
SA_IT200,N050-I05,50,5,0,42,RECOCIDO_SIMULADO,235.2254,22901,83729.96,1522.626667,822.073333,0,0,true,true,26,11.428571,15846,2342,65.686275,341.459488
SA_IT200,N050-I05,50,5,1,43,RECOCIDO_SIMULADO,245.8458,23701,83786.64,1532.306667,822.543333,0,0,true,true,26,11.428571,16064,2380,65.686275,420.584026
SA_IT200,N050-I05,50,5,2,44,RECOCIDO_SIMULADO,250.1816,24101,83681.383333,1531.883333,821.495,0,0,true,true,26,11.428571,15888,2304,65.686275,460.603516
SA_IT200,N050-I05,50,5,3,45,RECOCIDO_SIMULADO,242.6903,23501,83790.856667,1529.523333,822.613333,0,0,true,true,24,8.571429,16416,2484,65.686275,401.860152
SA_IT200,N050-I05,50,5,4,46,RECOCIDO_SIMULADO,242.1927,23101,83751.573333,1522.573333,822.29,0,0,true,true,26,11.428571,16088,2418,65.686275,362.548796
SA_IT200,N050-I05,50,5,5,47,RECOCIDO_SIMULADO,244.6644,23701,83754.388333,1525.888333,822.285,0,0,true,true,26,11.428571,16366,2418,65.686275,423.175659
SA_IT200,N050-I05,50,5,6,48,RECOCIDO_SIMULADO,244.7378,23701,83658.048333,1520.048333,821.38,0,0,true,true,26,11.428571,15916,2410,65.686275,410.407428
SA_IT200,N050-I05,50,5,7,49,RECOCIDO_SIMULADO,250.2748,24101,83716.256667,1521.09,821.951667,0,0,true,true,26,11.428571,16260,2458,65.686275,458.04005
SA_IT200,N050-I05,50,5,8,50,RECOCIDO_SIMULADO,238.4049,23101,83792.621667,1521.288333,822.713333,0,0,true,true,28,11.428571,16348,2412,65.686275,358.622183
SA_IT200,N050-I05,50,5,9,51,RECOCIDO_SIMULADO,237.4344,22901,83756.581667,1520.748333,822.358333,0,0,true,true,28,11.428571,16030,2390,65.686275,346.090777
SA_IT200,N050-I05,50,5,10,52,RECOCIDO_SIMULADO,240.7423,23101,83803.278333,1521.111667,822.821667,0,0,true,true,28,11.428571,15120,2236,65.686275,356.811837
SA_IT200,N050-I05,50,5,11,53,RECOCIDO_SIMULADO,239.1052,23301,83775.853333,1520.186667,822.556667,0,0,true,true,28,11.428571,15306,2292,65.686275,378.425144
SA_IT200,N050-I05,50,5,12,54,RECOCIDO_SIMULADO,244.97,23701,83718.743333,1519.243333,821.995,0,0,true,true,26,11.428571,14798,2270,65.686275,409.647074
SA_IT200,N050-I05,50,5,13,55,RECOCIDO_SIMULADO,235.9534,22901,83732.913333,1517.913333,822.15,0,0,true,true,26,11.428571,15864,2422,65.686275,340.733619
SA_IT200,N050-I05,50,5,14,56,RECOCIDO_SIMULADO,252.0489,24101,83714.091667,1518.925,821.951667,0,0,true,true,26,11.428571,15206,2314,65.686275,456.742543
SA_IT200,N050-I05,50,5,15,57,RECOCIDO_SIMULADO,237.3123,23301,83768.821667,1520.655,822.481667,0,0,true,true,26,11.428571,15450,2280,65.686275,383.568193
SA_IT200,N050-I05,50,5,16,58,RECOCIDO_SIMULADO,248.5635,23501,83769.455,1537.621667,822.318333,0,0,true,true,26,11.428571,16136,2472,65.686275,392.924379
SA_IT200,N050-I05,50,5,17,59,RECOCIDO_SIMULADO,251.7512,24101,83745.723333,1519.723333,822.26,0,0,true,true,26,11.428571,16028,2412,65.686275,462.830138
SA_IT200,N050-I05,50,5,18,60,RECOCIDO_SIMULADO,248.6558,24101,83776.605,1528.771667,822.478333,0,0,true,true,26,11.428571,15162,2294,65.686275,466.911584
SA_IT200,N050-I05,50,5,19,61,RECOCIDO_SIMULADO,259.2866,24301,83774.88,1520.38,822.545,0,0,true,true,28,11.428571,16002,2410,65.686275,476.72686
SA_IT200,N050-I05,50,5,20,62,RECOCIDO_SIMULADO,238.2422,23101,83651.86,1518.526667,821.333333,0,0,true,true,26,11.428571,15142,2232,65.686275,347.039638
SA_IT200,N050-I05,50,5,21,63,RECOCIDO_SIMULADO,237.6083,23101,83771.31,1519.476667,822.518333,0,0,true,true,26,11.428571,15082,2260,65.686275,360.758741
SA_IT200,N050-I05,50,5,22,64,RECOCIDO_SIMULADO,249.7915,24101,83648.481667,1516.315,821.321667,0,0,true,true,26,11.428571,15482,2330,65.686275,463.164838
SA_IT200,N050-I05,50,5,23,65,RECOCIDO_SIMULADO,255.4417,24701,83690.981667,1519.315,821.716667,0,0,true,true,26,11.428571,16290,2458,65.686275,528.721386
SA_IT200,N050-I05,50,5,24,66,RECOCIDO_SIMULADO,239.9417,23501,83696.656667,1514.49,821.821667,0,0,true,true,26,11.428571,14626,2230,65.686275,396.912426
SA_IT200,N050-I05,50,5,25,67,RECOCIDO_SIMULADO,247.0268,23901,83658.003333,1519.503333,821.385,0,0,true,true,26,11.428571,15474,2302,65.686275,425.904209
SA_IT200,N050-I05,50,5,26,68,RECOCIDO_SIMULADO,244.5922,23301,83733.496667,1519.33,822.141667,0,0,true,true,26,11.428571,16526,2504,65.686275,369.478229
SA_IT200,N050-I05,50,5,27,69,RECOCIDO_SIMULADO,238.9152,23101,83763.75,1520.916667,822.428333,0,0,true,true,26,11.428571,15720,2346,65.686275,354.766925
SA_IT200,N050-I05,50,5,28,70,RECOCIDO_SIMULADO,243.977,23501,83701.821667,1523.155,821.786667,0,0,true,true,26,11.428571,16152,2434,65.686275,387.858576
SA_IT200,N050-I05,50,5,29,71,RECOCIDO_SIMULADO,246.2164,23501,83689.3,1520.966667,821.683333,0,0,true,true,26,11.428571,15618,2306,65.686275,393.45444
SA_ENF090,N025-I01,25,1,0,42,RECOCIDO_SIMULADO,14.5216,2181,22622.115,611.448333,220.106667,0,0,true,true,44,20,10404,1454,42.401961,224.368883
SA_ENF090,N025-I01,25,1,1,43,RECOCIDO_SIMULADO,14.555,2221,22588.62,613.453333,219.751667,0,0,true,true,52,33.333333,10628,1420,42.401961,259.893473
SA_ENF090,N025-I01,25,1,2,44,RECOCIDO_SIMULADO,15.7091,2261,22596.235,615.068333,219.811667,0,0,true,true,52,33.333333,11040,1472,42.401961,278.44757
SA_ENF090,N025-I01,25,1,3,45,RECOCIDO_SIMULADO,15.0631,2301,22643.206667,610.373333,220.328333,0,0,true,true,48,26.666667,10700,1458,42.401961,310.106015
SA_ENF090,N025-I01,25,1,4,46,RECOCIDO_SIMULADO,14.9634,2261,22664.701667,609.368333,220.553333,0,0,true,true,48,26.666667,10698,1518,42.401961,267.966511
SA_ENF090,N025-I01,25,1,5,47,RECOCIDO_SIMULADO,15.023,2301,22597.091667,612.258333,219.848333,0,0,true,true,48,26.666667,10456,1422,42.401961,318.33296
SA_ENF090,N025-I01,25,1,6,48,RECOCIDO_SIMULADO,14.7381,2261,22591.661667,614.328333,219.773333,0,0,true,true,48,26.666667,10816,1500,42.401961,271.479455
SA_ENF090,N025-I01,25,1,7,49,RECOCIDO_SIMULADO,15.3602,2221,22605.446667,616.113333,219.893333,0,0,true,true,48,26.666667,10156,1376,42.401961,244.28834
SA_ENF090,N025-I01,25,1,8,50,RECOCIDO_SIMULADO,14.9447,2261,22579.906667,608.573333,219.713333,0,0,true,true,48,26.666667,10776,1486,42.401961,270.576052
SA_ENF090,N025-I01,25,1,9,51,RECOCIDO_SIMULADO,14.4019,2221,22556.761667,609.428333,219.473333,0,0,true,true,48,26.666667,11044,1520,42.401961,247.06906
SA_ENF090,N025-I01,25,1,10,52,RECOCIDO_SIMULADO,14.7688,2261,22578.201667,608.368333,219.698333,0,0,true,true,48,26.666667,10592,1476,42.401961,277.318243
SA_ENF090,N025-I01,25,1,11,53,RECOCIDO_SIMULADO,14.5562,2221,22618.13,612.963333,220.051667,0,0,true,true,52,33.333333,10352,1428,42.401961,255.90468
SA_ENF090,N025-I01,25,1,12,54,RECOCIDO_SIMULADO,15.3014,2221,22588.386667,614.053333,219.743333,0,0,true,true,48,26.666667,10236,1386,42.401961,263.983968
SA_ENF090,N025-I01,25,1,13,55,RECOCIDO_SIMULADO,14.1803,2181,22636.231667,613.898333,220.223333,0,0,true,true,48,26.666667,11128,1524,42.401961,224.218935
SA_ENF090,N025-I01,25,1,14,56,RECOCIDO_SIMULADO,14.5362,2221,22555.386667,609.553333,219.458333,0,0,true,true,48,26.666667,10412,1428,42.401961,253.895667
SA_ENF090,N025-I01,25,1,15,57,RECOCIDO_SIMULADO,14.4577,2181,22558.491667,611.158333,219.473333,0,0,true,true,48,26.666667,11696,1582,42.401961,227.823707
SA_ENF090,N025-I01,25,1,16,58,RECOCIDO_SIMULADO,15.074,2261,22609.146667,610.813333,219.983333,0,0,true,true,48,26.666667,10812,1480,42.401961,288.141004
SA_ENF090,N025-I01,25,1,17,59,RECOCIDO_SIMULADO,15.3324,2221,22603.286667,607.953333,219.953333,0,0,true,true,48,26.666667,10764,1492,42.401961,248.495483
SA_ENF090,N025-I01,25,1,18,60,RECOCIDO_SIMULADO,14.4179,2221,22591.766667,612.933333,219.788333,0,0,true,true,48,26.666667,10860,1490,42.401961,264.893171
SA_ENF090,N025-I01,25,1,19,61,RECOCIDO_SIMULADO,14.5604,2221,22615.086667,609.253333,220.058333,0,0,true,true,48,26.666667,10628,1440,42.401961,250.094095
SA_ENF090,N025-I01,25,1,20,62,RECOCIDO_SIMULADO,14.3855,2221,22612.965,609.298333,220.036667,0,0,true,true,52,33.333333,11200,1538,42.401961,256.508145
SA_ENF090,N025-I01,25,1,21,63,RECOCIDO_SIMULADO,15.0074,2221,22687.851667,613.018333,220.748333,0,0,true,true,48,26.666667,10672,1456,42.401961,252.116905
SA_ENF090,N025-I01,25,1,22,64,RECOCIDO_SIMULADO,15.1119,2301,22627.271667,609.438333,220.178333,0,0,true,true,48,26.666667,10744,1464,42.401961,295.767732
SA_ENF090,N025-I01,25,1,23,65,RECOCIDO_SIMULADO,15.085,2301,22594.82,609.153333,219.856667,0,0,true,true,52,33.333333,10860,1514,42.401961,302.383303
SA_ENF090,N025-I01,25,1,24,66,RECOCIDO_SIMULADO,14.5769,2221,22628.39,615.723333,220.126667,0,0,true,true,52,33.333333,10380,1388,42.401961,265.749033
SA_ENF090,N025-I01,25,1,25,67,RECOCIDO_SIMULADO,14.8719,2221,22586.951667,609.618333,219.773333,0,0,true,true,48,26.666667,10458,1478,42.401961,259.579614
SA_ENF090,N025-I01,25,1,26,68,RECOCIDO_SIMULADO,15.957,2261,22609.335,608.668333,220.006667,0,0,true,true,52,33.333333,10688,1438,42.401961,278.397369
SA_ENF090,N025-I01,25,1,27,69,RECOCIDO_SIMULADO,14.7643,2221,22697.865,607.198333,220.906667,0,0,true,true,44,20,10424,1456,42.401961,264.522949
SA_ENF090,N025-I01,25,1,28,70,RECOCIDO_SIMULADO,15.2808,2301,22600.32,608.653333,219.916667,0,0,true,true,52,33.333333,10900,1514,42.401961,297.784718
SA_ENF090,N025-I01,25,1,29,71,RECOCIDO_SIMULADO,14.8643,2221,22619.081667,611.748333,220.073333,0,0,true,true,48,26.666667,11216,1544,42.401961,256.219892
SA_ENF090,N025-I02,25,2,0,42,RECOCIDO_SIMULADO,14.7363,2141,11841.03,431.696667,114.093333,0,0,true,true,56,15.384615,11648,1702,31.617647,208.173216
SA_ENF090,N025-I02,25,2,1,43,RECOCIDO_SIMULADO,15.8208,2181,11841.03,431.696667,114.093333,0,0,true,true,56,15.384615,11648,1702,31.617647,217.079958
SA_ENF090,N025-I02,25,2,2,44,RECOCIDO_SIMULADO,14.2354,2101,11841.03,431.696667,114.093333,0,0,true,true,56,15.384615,11648,1702,31.617647,177.915806
SA_ENF090,N025-I02,25,2,3,45,RECOCIDO_SIMULADO,14.3393,2061,11841.03,431.696667,114.093333,0,0,true,true,56,15.384615,11648,1702,31.617647,158.665844
SA_ENF090,N025-I02,25,2,4,46,RECOCIDO_SIMULADO,14.4476,2141,11833.125,440.291667,113.928333,0,0,true,true,56,15.384615,10516,1432,31.617647,197.891493
SA_ENF090,N025-I02,25,2,5,47,RECOCIDO_SIMULADO,14.8025,2181,11841.03,431.696667,114.093333,0,0,true,true,56,15.384615,11648,1702,31.617647,223.851387
SA_ENF090,N025-I02,25,2,6,48,RECOCIDO_SIMULADO,14.6923,2021,11841.03,431.696667,114.093333,0,0,true,true,56,15.384615,11648,1702,31.617647,152.632083
SA_ENF090,N025-I02,25,2,7,49,RECOCIDO_SIMULADO,13.848,2021,11834.64,441.806667,113.928333,0,0,true,true,56,15.384615,11350,1658,31.617647,155.172926
SA_ENF090,N025-I02,25,2,8,50,RECOCIDO_SIMULADO,14.6942,2181,11841.03,431.696667,114.093333,0,0,true,true,56,15.384615,11648,1702,31.617647,224.231177
SA_ENF090,N025-I02,25,2,9,51,RECOCIDO_SIMULADO,14.578,2141,11834.476667,441.643333,113.928333,0,0,true,true,56,15.384615,10894,1510,31.617647,208.591285
SA_ENF090,N025-I02,25,2,10,52,RECOCIDO_SIMULADO,15.0684,2221,11841.03,431.696667,114.093333,0,0,true,true,56,15.384615,11648,1702,31.617647,241.140038
SA_ENF090,N025-I02,25,2,11,53,RECOCIDO_SIMULADO,15.5837,2141,11841.03,431.696667,114.093333,0,0,true,true,56,15.384615,11648,1702,31.617647,203.540001
SA_ENF090,N025-I02,25,2,12,54,RECOCIDO_SIMULADO,14.6707,2181,11841.03,431.696667,114.093333,0,0,true,true,56,15.384615,11648,1702,31.617647,235.728053
SA_ENF090,N025-I02,25,2,13,55,RECOCIDO_SIMULADO,14.4205,2181,11841.03,431.696667,114.093333,0,0,true,true,56,15.384615,11648,1702,31.617647,224.90306
SA_ENF090,N025-I02,25,2,14,56,RECOCIDO_SIMULADO,15.36,2141,11841.03,431.696667,114.093333,0,0,true,true,56,15.384615,11648,1702,31.617647,195.2042
SA_ENF090,N025-I02,25,2,15,57,RECOCIDO_SIMULADO,14.4632,2181,11841.03,431.696667,114.093333,0,0,true,true,56,15.384615,11648,1702,31.617647,228.545875
SA_ENF090,N025-I02,25,2,16,58,RECOCIDO_SIMULADO,15.3028,2061,11841.03,431.696667,114.093333,0,0,true,true,56,15.384615,11648,1702,31.617647,164.800903
SA_ENF090,N025-I02,25,2,17,59,RECOCIDO_SIMULADO,14.096,2101,11841.03,431.696667,114.093333,0,0,true,true,56,15.384615,11648,1702,31.617647,178.165759
SA_ENF090,N025-I02,25,2,18,60,RECOCIDO_SIMULADO,14.83,2221,11841.03,431.696667,114.093333,0,0,true,true,56,15.384615,11648,1702,31.617647,248.958177
SA_ENF090,N025-I02,25,2,19,61,RECOCIDO_SIMULADO,14.4848,2141,11841.03,431.696667,114.093333,0,0,true,true,56,15.384615,11648,1702,31.617647,212.113737
SA_ENF090,N025-I02,25,2,20,62,RECOCIDO_SIMULADO,14.327,2181,11841.03,431.696667,114.093333,0,0,true,true,56,15.384615,11648,1702,31.617647,233.107551
SA_ENF090,N025-I02,25,2,21,63,RECOCIDO_SIMULADO,15.0304,2141,11832.24,439.406667,113.928333,0,0,true,true,56,15.384615,11120,1548,31.617647,197.9206
SA_ENF090,N025-I02,25,2,22,64,RECOCIDO_SIMULADO,14.3539,2101,11841.03,431.696667,114.093333,0,0,true,true,56,15.384615,11648,1702,31.617647,192.162087
SA_ENF090,N025-I02,25,2,23,65,RECOCIDO_SIMULADO,14.3165,2101,11841.03,431.696667,114.093333,0,0,true,true,56,15.384615,11648,1702,31.617647,175.586569
SA_ENF090,N025-I02,25,2,24,66,RECOCIDO_SIMULADO,13.8767,2061,11841.03,431.696667,114.093333,0,0,true,true,56,15.384615,11648,1702,31.617647,171.530678
SA_ENF090,N025-I02,25,2,25,67,RECOCIDO_SIMULADO,15.0827,2181,11841.03,431.696667,114.093333,0,0,true,true,56,15.384615,11648,1702,31.617647,226.854563
SA_ENF090,N025-I02,25,2,26,68,RECOCIDO_SIMULADO,14.8416,2101,11836.8,443.966667,113.928333,0,0,true,true,56,15.384615,10720,1520,31.617647,183.771862
SA_ENF090,N025-I02,25,2,27,69,RECOCIDO_SIMULADO,14.5129,2141,11841.03,431.696667,114.093333,0,0,true,true,56,15.384615,11648,1702,31.617647,210.227997
SA_ENF090,N025-I02,25,2,28,70,RECOCIDO_SIMULADO,13.9459,2101,11841.03,431.696667,114.093333,0,0,true,true,56,15.384615,11648,1702,31.617647,192.209589
SA_ENF090,N025-I02,25,2,29,71,RECOCIDO_SIMULADO,13.6012,2021,11841.03,431.696667,114.093333,0,0,true,true,56,15.384615,11648,1702,31.617647,156.329248
SA_ENF090,N025-I03,25,3,0,42,RECOCIDO_SIMULADO,14.6037,2181,12032.715,416.048333,116.166667,0,0,true,true,68,52.941176,10704,1536,28.676471,233.151164
SA_ENF090,N025-I03,25,3,1,43,RECOCIDO_SIMULADO,15.0037,2061,12032.715,416.048333,116.166667,0,0,true,true,68,52.941176,10704,1536,28.676471,160.80591
SA_ENF090,N025-I03,25,3,2,44,RECOCIDO_SIMULADO,14.073,2101,12032.715,416.048333,116.166667,0,0,true,true,68,52.941176,10704,1536,28.676471,186.827859
SA_ENF090,N025-I03,25,3,3,45,RECOCIDO_SIMULADO,13.9602,2101,12032.715,416.048333,116.166667,0,0,true,true,68,52.941176,10704,1536,28.676471,186.578676
SA_ENF090,N025-I03,25,3,4,46,RECOCIDO_SIMULADO,13.7198,2021,12032.715,416.048333,116.166667,0,0,true,true,68,52.941176,10704,1536,28.676471,151.920014
SA_ENF090,N025-I03,25,3,5,47,RECOCIDO_SIMULADO,14.5486,2221,12032.715,416.048333,116.166667,0,0,true,true,68,52.941176,10704,1536,28.676471,241.584082
SA_ENF090,N025-I03,25,3,6,48,RECOCIDO_SIMULADO,14.9265,2141,12032.715,416.048333,116.166667,0,0,true,true,68,52.941176,10704,1536,28.676471,213.072462
SA_ENF090,N025-I03,25,3,7,49,RECOCIDO_SIMULADO,14.0351,2101,12032.715,416.048333,116.166667,0,0,true,true,68,52.941176,10704,1536,28.676471,185.280178
SA_ENF090,N025-I03,25,3,8,50,RECOCIDO_SIMULADO,13.6702,2021,12032.715,416.048333,116.166667,0,0,true,true,68,52.941176,10704,1536,28.676471,151.938361
SA_ENF090,N025-I03,25,3,9,51,RECOCIDO_SIMULADO,14.1761,2141,12032.715,416.048333,116.166667,0,0,true,true,68,52.941176,10704,1536,28.676471,205.645468
SA_ENF090,N025-I03,25,3,10,52,RECOCIDO_SIMULADO,14.1294,2101,12032.715,416.048333,116.166667,0,0,true,true,68,52.941176,10704,1536,28.676471,179.513427
SA_ENF090,N025-I03,25,3,11,53,RECOCIDO_SIMULADO,15.6846,2221,12032.715,416.048333,116.166667,0,0,true,true,68,52.941176,10704,1536,28.676471,241.491939
SA_ENF090,N025-I03,25,3,12,54,RECOCIDO_SIMULADO,14.5057,2141,12032.715,416.048333,116.166667,0,0,true,true,68,52.941176,10704,1536,28.676471,211.259999
SA_ENF090,N025-I03,25,3,13,55,RECOCIDO_SIMULADO,15.041,2261,12032.715,416.048333,116.166667,0,0,true,true,68,52.941176,10704,1536,28.676471,269.280247
SA_ENF090,N025-I03,25,3,14,56,RECOCIDO_SIMULADO,14.0035,2101,12032.715,416.048333,116.166667,0,0,true,true,68,52.941176,10704,1536,28.676471,191.473286
SA_ENF090,N025-I03,25,3,15,57,RECOCIDO_SIMULADO,14.3087,2141,12032.715,416.048333,116.166667,0,0,true,true,68,52.941176,10704,1536,28.676471,203.867255
SA_ENF090,N025-I03,25,3,16,58,RECOCIDO_SIMULADO,14.1968,2061,12032.715,416.048333,116.166667,0,0,true,true,68,52.941176,10704,1536,28.676471,167.84609
SA_ENF090,N025-I03,25,3,17,59,RECOCIDO_SIMULADO,14.3967,2141,12032.715,416.048333,116.166667,0,0,true,true,68,52.941176,10704,1536,28.676471,208.694357
SA_ENF090,N025-I03,25,3,18,60,RECOCIDO_SIMULADO,14.4795,2181,12032.715,416.048333,116.166667,0,0,true,true,68,52.941176,10704,1536,28.676471,229.346791
SA_ENF090,N025-I03,25,3,19,61,RECOCIDO_SIMULADO,14.2063,2101,12032.715,416.048333,116.166667,0,0,true,true,68,52.941176,10704,1536,28.676471,186.006019
SA_ENF090,N025-I03,25,3,20,62,RECOCIDO_SIMULADO,14.2254,2141,12032.715,416.048333,116.166667,0,0,true,true,68,52.941176,10704,1536,28.676471,213.473978
SA_ENF090,N025-I03,25,3,21,63,RECOCIDO_SIMULADO,15.0239,2101,12032.715,416.048333,116.166667,0,0,true,true,68,52.941176,10704,1536,28.676471,185.058774
SA_ENF090,N025-I03,25,3,22,64,RECOCIDO_SIMULADO,14.4399,2181,12032.715,416.048333,116.166667,0,0,true,true,68,52.941176,10704,1536,28.676471,228.542809
SA_ENF090,N025-I03,25,3,23,65,RECOCIDO_SIMULADO,14.4662,2141,12032.715,416.048333,116.166667,0,0,true,true,68,52.941176,10704,1536,28.676471,210.078364
SA_ENF090,N025-I03,25,3,24,66,RECOCIDO_SIMULADO,14.1934,2101,12032.715,416.048333,116.166667,0,0,true,true,68,52.941176,10704,1536,28.676471,174.644889
SA_ENF090,N025-I03,25,3,25,67,RECOCIDO_SIMULADO,14.877,2221,12032.715,416.048333,116.166667,0,0,true,true,68,52.941176,10704,1536,28.676471,259.534153
SA_ENF090,N025-I03,25,3,26,68,RECOCIDO_SIMULADO,14.7197,2021,12032.715,416.048333,116.166667,0,0,true,true,68,52.941176,10704,1536,28.676471,149.870077
SA_ENF090,N025-I03,25,3,27,69,RECOCIDO_SIMULADO,13.8731,1981,12032.715,416.048333,116.166667,0,0,true,true,68,52.941176,10704,1536,28.676471,135.101731
SA_ENF090,N025-I03,25,3,28,70,RECOCIDO_SIMULADO,14.5085,2141,12032.715,416.048333,116.166667,0,0,true,true,68,52.941176,10704,1536,28.676471,199.903245
SA_ENF090,N025-I03,25,3,29,71,RECOCIDO_SIMULADO,15.184,2181,12032.715,416.048333,116.166667,0,0,true,true,68,52.941176,10704,1536,28.676471,233.341107
SA_ENF090,N025-I04,25,4,0,42,RECOCIDO_SIMULADO,15.4904,2221,11733.19,430.69,113.025,0,0,true,true,56,35.294118,11884,1656,25.490196,241.026709
SA_ENF090,N025-I04,25,4,1,43,RECOCIDO_SIMULADO,14.9223,2141,11664.068333,427.568333,112.365,0,0,true,true,56,35.294118,11264,1590,25.490196,194.27161
SA_ENF090,N025-I04,25,4,2,44,RECOCIDO_SIMULADO,14.7063,2181,11679.191667,430.691667,112.485,0,0,true,true,56,35.294118,10892,1576,25.490196,231.656826
SA_ENF090,N025-I04,25,4,3,45,RECOCIDO_SIMULADO,15.2967,2261,11667.203333,436.703333,112.305,0,0,true,true,56,35.294118,11406,1638,25.490196,294.947342
SA_ENF090,N025-I04,25,4,4,46,RECOCIDO_SIMULADO,14.1876,2101,11691.071667,426.071667,112.65,0,0,true,true,56,35.294118,11652,1638,25.490196,187.380852
SA_ENF090,N025-I04,25,4,5,47,RECOCIDO_SIMULADO,14.8655,2181,11704.966667,435.466667,112.695,0,0,true,true,56,35.294118,11180,1526,25.490196,227.871406
SA_ENF090,N025-I04,25,4,6,48,RECOCIDO_SIMULADO,15.1034,2141,11695.541667,426.041667,112.695,0,0,true,true,56,35.294118,12624,1786,25.490196,204.985565
SA_ENF090,N025-I04,25,4,7,49,RECOCIDO_SIMULADO,14.8064,2141,11738.106667,425.106667,113.13,0,0,true,true,56,35.294118,12628,1786,25.490196,210.621636
SA_ENF090,N025-I04,25,4,8,50,RECOCIDO_SIMULADO,14.707,2141,11688.736667,429.736667,112.59,0,0,true,true,56,35.294118,11696,1646,25.490196,210.539884
SA_ENF090,N025-I04,25,4,9,51,RECOCIDO_SIMULADO,13.981,2101,11745.141667,427.641667,113.175,0,0,true,true,56,35.294118,11664,1636,25.490196,182.340447
SA_ENF090,N025-I04,25,4,10,52,RECOCIDO_SIMULADO,14.686,2141,11703.315,426.315,112.77,0,0,true,true,56,35.294118,12012,1732,25.490196,195.969063
SA_ENF090,N025-I04,25,4,11,53,RECOCIDO_SIMULADO,16.6952,2301,11677.323333,430.823333,112.465,0,0,true,true,52,29.411765,12118,1714,25.490196,306.642747
SA_ENF090,N025-I04,25,4,12,54,RECOCIDO_SIMULADO,15.6542,2261,11702.686667,427.186667,112.755,0,0,true,true,56,35.294118,12696,1776,25.490196,283.791876
SA_ENF090,N025-I04,25,4,13,55,RECOCIDO_SIMULADO,14.439,2141,11795.655,422.321667,113.733333,0,0,true,true,52,29.411765,13084,1874,25.490196,203.662514
SA_ENF090,N025-I04,25,4,14,56,RECOCIDO_SIMULADO,15.3135,2221,11693.456667,428.456667,112.65,0,0,true,true,56,35.294118,11944,1626,25.490196,244.882641
SA_ENF090,N025-I04,25,4,15,57,RECOCIDO_SIMULADO,14.967,2221,11664.401667,427.901667,112.365,0,0,true,true,56,35.294118,11908,1660,25.490196,251.448432
SA_ENF090,N025-I04,25,4,16,58,RECOCIDO_SIMULADO,14.8655,2101,11750.211667,431.211667,113.19,0,0,true,true,56,35.294118,12268,1710,25.490196,183.211294
SA_ENF090,N025-I04,25,4,17,59,RECOCIDO_SIMULADO,14.1168,2061,11696.001667,431.001667,112.65,0,0,true,true,56,35.294118,11212,1548,25.490196,173.044724
SA_ENF090,N025-I04,25,4,18,60,RECOCIDO_SIMULADO,14.761,2141,11751.138333,430.638333,113.205,0,0,true,true,56,35.294118,12058,1784,25.490196,204.587627
SA_ENF090,N025-I04,25,4,19,61,RECOCIDO_SIMULADO,14.3174,2061,11717.181667,431.181667,112.86,0,0,true,true,56,35.294118,12028,1624,25.490196,173.762096
SA_ENF090,N025-I04,25,4,20,62,RECOCIDO_SIMULADO,14.5431,2181,11709.18,429.18,112.8,0,0,true,true,56,35.294118,12486,1782,25.490196,220.168691
SA_ENF090,N025-I04,25,4,21,63,RECOCIDO_SIMULADO,15.4454,2181,11738.291667,425.291667,113.13,0,0,true,true,56,35.294118,11444,1576,25.490196,216.50112
SA_ENF090,N025-I04,25,4,22,64,RECOCIDO_SIMULADO,14.0948,2101,11694.486667,430.986667,112.635,0,0,true,true,56,35.294118,12060,1650,25.490196,191.625472
SA_ENF090,N025-I04,25,4,23,65,RECOCIDO_SIMULADO,15.1848,2221,11778.178333,429.678333,113.485,0,0,true,true,56,35.294118,11220,1634,25.490196,244.775461
SA_ENF090,N025-I04,25,4,24,66,RECOCIDO_SIMULADO,14.4869,2141,11756.001667,432.501667,113.235,0,0,true,true,56,35.294118,11144,1578,25.490196,203.088745
SA_ENF090,N025-I04,25,4,25,67,RECOCIDO_SIMULADO,14.9126,2221,11722.131667,436.131667,112.86,0,0,true,true,56,35.294118,10088,1352,25.490196,248.408948
SA_ENF090,N025-I04,25,4,26,68,RECOCIDO_SIMULADO,15.8146,2221,11717.361667,426.861667,112.905,0,0,true,true,56,35.294118,11880,1678,25.490196,242.210764
SA_ENF090,N025-I04,25,4,27,69,RECOCIDO_SIMULADO,13.524,2021,11714.816667,424.316667,112.905,0,0,true,true,56,35.294118,13136,1852,25.490196,154.878363
SA_ENF090,N025-I04,25,4,28,70,RECOCIDO_SIMULADO,14.5502,2181,11776.336667,433.336667,113.43,0,0,true,true,56,35.294118,12012,1636,25.490196,222.588934
SA_ENF090,N025-I04,25,4,29,71,RECOCIDO_SIMULADO,14.1198,2101,11675.181667,431.181667,112.44,0,0,true,true,56,35.294118,11548,1574,25.490196,192.349766
SA_ENF090,N025-I05,25,5,0,42,RECOCIDO_SIMULADO,14.0839,2061,11175.046667,498.38,106.766667,0,0,true,true,68,27.272727,10740,1536,31.127451,160.517034
SA_ENF090,N025-I05,25,5,1,43,RECOCIDO_SIMULADO,15.0153,2101,11175.046667,498.38,106.766667,0,0,true,true,68,27.272727,10740,1536,31.127451,188.404859
SA_ENF090,N025-I05,25,5,2,44,RECOCIDO_SIMULADO,14.0285,2101,11175.046667,498.38,106.766667,0,0,true,true,68,27.272727,10740,1536,31.127451,181.782559
SA_ENF090,N025-I05,25,5,3,45,RECOCIDO_SIMULADO,13.6995,2061,11175.046667,498.38,106.766667,0,0,true,true,68,27.272727,10740,1536,31.127451,161.984491
SA_ENF090,N025-I05,25,5,4,46,RECOCIDO_SIMULADO,14.3597,2101,11175.046667,498.38,106.766667,0,0,true,true,68,27.272727,10740,1536,31.127451,180.628981
SA_ENF090,N025-I05,25,5,5,47,RECOCIDO_SIMULADO,13.9974,2101,11175.046667,498.38,106.766667,0,0,true,true,68,27.272727,10740,1536,31.127451,186.077804
SA_ENF090,N025-I05,25,5,6,48,RECOCIDO_SIMULADO,14.6678,2101,11175.046667,498.38,106.766667,0,0,true,true,68,27.272727,10740,1536,31.127451,182.137953
SA_ENF090,N025-I05,25,5,7,49,RECOCIDO_SIMULADO,13.7627,2061,11175.046667,498.38,106.766667,0,0,true,true,68,27.272727,10740,1536,31.127451,174.025002
SA_ENF090,N025-I05,25,5,8,50,RECOCIDO_SIMULADO,13.9316,2101,11175.046667,498.38,106.766667,0,0,true,true,68,27.272727,10740,1536,31.127451,174.678719
SA_ENF090,N025-I05,25,5,9,51,RECOCIDO_SIMULADO,13.8326,2061,11175.046667,498.38,106.766667,0,0,true,true,68,27.272727,10740,1536,31.127451,158.607762
SA_ENF090,N025-I05,25,5,10,52,RECOCIDO_SIMULADO,14.4578,2141,11175.046667,498.38,106.766667,0,0,true,true,68,27.272727,10740,1536,31.127451,198.14604
SA_ENF090,N025-I05,25,5,11,53,RECOCIDO_SIMULADO,14.661,2101,11175.046667,498.38,106.766667,0,0,true,true,68,27.272727,10740,1536,31.127451,177.191734
SA_ENF090,N025-I05,25,5,12,54,RECOCIDO_SIMULADO,14.27,2141,11175.046667,498.38,106.766667,0,0,true,true,68,27.272727,10740,1536,31.127451,199.307771
SA_ENF090,N025-I05,25,5,13,55,RECOCIDO_SIMULADO,13.7703,2061,11175.046667,498.38,106.766667,0,0,true,true,68,27.272727,10740,1536,31.127451,172.494428
SA_ENF090,N025-I05,25,5,14,56,RECOCIDO_SIMULADO,14.5786,2181,11175.046667,498.38,106.766667,0,0,true,true,68,27.272727,10740,1536,31.127451,216.443317
SA_ENF090,N025-I05,25,5,15,57,RECOCIDO_SIMULADO,14.2929,2101,11175.046667,498.38,106.766667,0,0,true,true,68,27.272727,10740,1536,31.127451,182.272589
SA_ENF090,N025-I05,25,5,16,58,RECOCIDO_SIMULADO,13.9195,2021,11175.046667,498.38,106.766667,0,0,true,true,68,27.272727,10740,1536,31.127451,154.195015
SA_ENF090,N025-I05,25,5,17,59,RECOCIDO_SIMULADO,14.3393,2141,11175.046667,498.38,106.766667,0,0,true,true,68,27.272727,10740,1536,31.127451,202.645345
SA_ENF090,N025-I05,25,5,18,60,RECOCIDO_SIMULADO,14.2751,2141,11175.046667,498.38,106.766667,0,0,true,true,68,27.272727,10740,1536,31.127451,202.367252
SA_ENF090,N025-I05,25,5,19,61,RECOCIDO_SIMULADO,13.8239,2061,11175.046667,498.38,106.766667,0,0,true,true,68,27.272727,10740,1536,31.127451,172.710895
SA_ENF090,N025-I05,25,5,20,62,RECOCIDO_SIMULADO,13.8406,2101,11175.046667,498.38,106.766667,0,0,true,true,68,27.272727,10740,1536,31.127451,175.492759
SA_ENF090,N025-I05,25,5,21,63,RECOCIDO_SIMULADO,14.0605,2141,11175.046667,498.38,106.766667,0,0,true,true,68,27.272727,10740,1536,31.127451,194.540355
SA_ENF090,N025-I05,25,5,22,64,RECOCIDO_SIMULADO,14.4547,2021,11175.046667,498.38,106.766667,0,0,true,true,68,27.272727,10740,1536,31.127451,155.503104
SA_ENF090,N025-I05,25,5,23,65,RECOCIDO_SIMULADO,13.8236,2021,11175.046667,498.38,106.766667,0,0,true,true,68,27.272727,10740,1536,31.127451,152.458067
SA_ENF090,N025-I05,25,5,24,66,RECOCIDO_SIMULADO,14.324,2101,11175.046667,498.38,106.766667,0,0,true,true,68,27.272727,10740,1536,31.127451,189.609298
SA_ENF090,N025-I05,25,5,25,67,RECOCIDO_SIMULADO,14.076,2061,11175.046667,498.38,106.766667,0,0,true,true,68,27.272727,10740,1536,31.127451,162.112802
SA_ENF090,N025-I05,25,5,26,68,RECOCIDO_SIMULADO,13.6716,2021,11175.046667,498.38,106.766667,0,0,true,true,68,27.272727,10740,1536,31.127451,144.80925
SA_ENF090,N025-I05,25,5,27,69,RECOCIDO_SIMULADO,15.4455,2181,11175.046667,498.38,106.766667,0,0,true,true,68,27.272727,10740,1536,31.127451,224.530256
SA_ENF090,N025-I05,25,5,28,70,RECOCIDO_SIMULADO,14.3791,2141,11175.046667,498.38,106.766667,0,0,true,true,68,27.272727,10740,1536,31.127451,208.29437
SA_ENF090,N025-I05,25,5,29,71,RECOCIDO_SIMULADO,13.7731,2101,11175.046667,498.38,106.766667,0,0,true,true,68,27.272727,10740,1536,31.127451,183.787256
SA_ENF090,N050-I01,50,1,0,42,RECOCIDO_SIMULADO,25.8395,2421,106412.291667,1950.791667,1044.615,0,0,true,true,28,7.142857,17606,2686,74.019608,434.921985
SA_ENF090,N050-I01,50,1,1,43,RECOCIDO_SIMULADO,25.2417,2301,106614.22,1963.22,1046.51,0,0,true,true,28,7.142857,17888,2564,74.019608,325.850281
SA_ENF090,N050-I01,50,1,2,44,RECOCIDO_SIMULADO,25.4695,2421,106353.445,1945.778333,1044.076667,0,0,true,true,28,7.142857,15608,2376,74.019608,416.25569
SA_ENF090,N050-I01,50,1,3,45,RECOCIDO_SIMULADO,25.2183,2421,106589.613333,1946.613333,1046.43,0,0,true,true,28,7.142857,17024,2528,74.019608,436.051889
SA_ENF090,N050-I01,50,1,4,46,RECOCIDO_SIMULADO,24.7454,2301,106481.556667,1950.056667,1045.315,0,0,true,true,28,7.142857,17178,2614,74.019608,307.965079
SA_ENF090,N050-I01,50,1,5,47,RECOCIDO_SIMULADO,24.7186,2381,106671.755,1944.088333,1047.276667,0,0,true,true,28,7.142857,16728,2560,74.019608,393.603909
SA_ENF090,N050-I01,50,1,6,48,RECOCIDO_SIMULADO,24.4375,2341,106601.876667,1954.043333,1046.478333,0,0,true,true,28,7.142857,18004,2776,74.019608,335.632007
SA_ENF090,N050-I01,50,1,7,49,RECOCIDO_SIMULADO,25.7023,2381,106596.165,1948.331667,1046.478333,0,0,true,true,28,7.142857,17450,2602,74.019608,390.441648
SA_ENF090,N050-I01,50,1,8,50,RECOCIDO_SIMULADO,25.1703,2341,106547.045,1952.045,1045.95,0,0,true,true,28,7.142857,17688,2692,74.019608,347.918625
SA_ENF090,N050-I01,50,1,9,51,RECOCIDO_SIMULADO,25.4624,2421,106671.755,1944.088333,1047.276667,0,0,true,true,28,7.142857,16728,2560,74.019608,434.892299
SA_ENF090,N050-I01,50,1,10,52,RECOCIDO_SIMULADO,26.7536,2421,106575.913333,1951.58,1046.243333,0,0,true,true,28,7.142857,17250,2518,74.019608,438.543257
SA_ENF090,N050-I01,50,1,11,53,RECOCIDO_SIMULADO,25.7144,2461,106671.755,1944.088333,1047.276667,0,0,true,true,28,7.142857,16728,2560,74.019608,453.233219
SA_ENF090,N050-I01,50,1,12,54,RECOCIDO_SIMULADO,24.6517,2381,106626.305,1943.638333,1046.826667,0,0,true,true,28,7.142857,16728,2560,74.019608,385.683425
SA_ENF090,N050-I01,50,1,13,55,RECOCIDO_SIMULADO,27.1096,2421,106511.803333,1952.303333,1045.595,0,0,true,true,28,7.142857,17258,2536,74.019608,419.222231
SA_ENF090,N050-I01,50,1,14,56,RECOCIDO_SIMULADO,25.7385,2461,106357.745,1947.911667,1044.098333,0,0,true,true,28,7.142857,17252,2668,74.019608,455.705516
SA_ENF090,N050-I01,50,1,15,57,RECOCIDO_SIMULADO,25.2296,2381,106453.361667,1946.861667,1045.065,0,0,true,true,28,7.142857,17094,2548,74.019608,379.331152
SA_ENF090,N050-I01,50,1,16,58,RECOCIDO_SIMULADO,25.9103,2421,106424.201667,1948.201667,1044.76,0,0,true,true,28,7.142857,16878,2702,74.019608,412.237649
SA_ENF090,N050-I01,50,1,17,59,RECOCIDO_SIMULADO,24.7123,2381,106552.851667,1949.351667,1046.035,0,0,true,true,28,7.142857,17854,2690,74.019608,394.295626
SA_ENF090,N050-I01,50,1,18,60,RECOCIDO_SIMULADO,24.8944,2381,106591.678333,1954.011667,1046.376667,0,0,true,true,28,7.142857,18168,2756,74.019608,387.502502
SA_ENF090,N050-I01,50,1,19,61,RECOCIDO_SIMULADO,26.0919,2421,106388.378333,1954.878333,1044.335,0,0,true,true,28,7.142857,18018,2670,74.019608,441.324296
SA_ENF090,N050-I01,50,1,20,62,RECOCIDO_SIMULADO,25.5313,2421,106559.871667,1947.871667,1046.12,0,0,true,true,28,7.142857,17048,2610,74.019608,426.611161
SA_ENF090,N050-I01,50,1,21,63,RECOCIDO_SIMULADO,25.3815,2421,106671.755,1944.088333,1047.276667,0,0,true,true,28,7.142857,16728,2560,74.019608,411.550894
SA_ENF090,N050-I01,50,1,22,64,RECOCIDO_SIMULADO,26.8334,2501,106467.848333,1951.348333,1045.165,0,0,true,true,28,7.142857,17750,2626,74.019608,529.891884
SA_ENF090,N050-I01,50,1,23,65,RECOCIDO_SIMULADO,25.9121,2461,106505.978333,1952.478333,1045.535,0,0,true,true,28,7.142857,18240,2638,74.019608,464.89929
SA_ENF090,N050-I01,50,1,24,66,RECOCIDO_SIMULADO,25.1573,2421,106536.65,1954.15,1045.825,0,0,true,true,28,7.142857,17802,2626,74.019608,441.694224
SA_ENF090,N050-I01,50,1,25,67,RECOCIDO_SIMULADO,26.4643,2461,106548.5,1951.833333,1045.966667,0,0,true,true,28,7.142857,17846,2636,74.019608,477.863071
SA_ENF090,N050-I01,50,1,26,68,RECOCIDO_SIMULADO,26.5142,2541,106419.873333,1965.873333,1044.54,0,0,true,true,28,7.142857,18570,2622,74.019608,577.548156
SA_ENF090,N050-I01,50,1,27,69,RECOCIDO_SIMULADO,25.3928,2461,106558.333333,1945.666667,1046.126667,0,0,true,true,28,7.142857,16804,2672,74.019608,500.157844
SA_ENF090,N050-I01,50,1,28,70,RECOCIDO_SIMULADO,25.7477,2381,106533.343333,1954.01,1045.793333,0,0,true,true,28,7.142857,16942,2498,74.019608,396.017253
SA_ENF090,N050-I01,50,1,29,71,RECOCIDO_SIMULADO,25.3521,2461,106463.915,1950.248333,1045.136667,0,0,true,true,28,7.142857,17700,2684,74.019608,485.627039
SA_ENF090,N050-I02,50,2,0,42,RECOCIDO_SIMULADO,27.1189,2461,80441.69,1609.19,788.325,0,0,true,true,26,14.705882,16960,2566,54.166667,486.179372
SA_ENF090,N050-I02,50,2,1,43,RECOCIDO_SIMULADO,26.6577,2461,80441.69,1609.19,788.325,0,0,true,true,26,14.705882,16960,2566,54.166667,494.407066
SA_ENF090,N050-I02,50,2,2,44,RECOCIDO_SIMULADO,26.7346,2501,80131.906667,1614.906667,785.17,0,0,true,true,26,14.705882,18366,2844,54.166667,532.779516
SA_ENF090,N050-I02,50,2,3,45,RECOCIDO_SIMULADO,25.7102,2421,80405.603333,1614.77,787.908333,0,0,true,true,28,17.647059,17844,2672,54.166667,421.315802
SA_ENF090,N050-I02,50,2,4,46,RECOCIDO_SIMULADO,26.4056,2421,80265.026667,1614.193333,786.508333,0,0,true,true,30,17.647059,17004,2534,54.166667,427.087642
SA_ENF090,N050-I02,50,2,5,47,RECOCIDO_SIMULADO,25.1187,2421,80441.69,1609.19,788.325,0,0,true,true,26,14.705882,16960,2566,54.166667,435.489356
SA_ENF090,N050-I02,50,2,6,48,RECOCIDO_SIMULADO,25.8779,2421,80055.035,1610.201667,784.448333,0,0,true,true,26,14.705882,17142,2586,54.166667,413.484475
SA_ENF090,N050-I02,50,2,7,49,RECOCIDO_SIMULADO,26.5293,2421,80441.69,1609.19,788.325,0,0,true,true,26,14.705882,16960,2566,54.166667,438.073838
SA_ENF090,N050-I02,50,2,8,50,RECOCIDO_SIMULADO,26.0785,2501,80417.635,1614.801667,788.028333,0,0,true,true,26,14.705882,18262,2728,54.166667,546.107479
SA_ENF090,N050-I02,50,2,9,51,RECOCIDO_SIMULADO,26.6913,2461,80372.498333,1613.165,787.593333,0,0,true,true,26,14.705882,19110,2900,54.166667,471.225911
SA_ENF090,N050-I02,50,2,10,52,RECOCIDO_SIMULADO,27.013,2461,80441.69,1609.19,788.325,0,0,true,true,26,14.705882,16960,2566,54.166667,466.83544
SA_ENF090,N050-I02,50,2,11,53,RECOCIDO_SIMULADO,25.4533,2421,80373.56,1615.393333,787.581667,0,0,true,true,28,17.647059,18850,2796,54.166667,419.104364
SA_ENF090,N050-I02,50,2,12,54,RECOCIDO_SIMULADO,26.8668,2461,80441.69,1609.19,788.325,0,0,true,true,26,14.705882,16960,2566,54.166667,489.593853
SA_ENF090,N050-I02,50,2,13,55,RECOCIDO_SIMULADO,25.7015,2421,80112.515,1610.848333,785.016667,0,0,true,true,26,14.705882,17368,2698,54.166667,434.318504
SA_ENF090,N050-I02,50,2,14,56,RECOCIDO_SIMULADO,26.6413,2501,80441.69,1609.19,788.325,0,0,true,true,26,14.705882,16960,2566,54.166667,539.575041
SA_ENF090,N050-I02,50,2,15,57,RECOCIDO_SIMULADO,26.9879,2461,80344.52,1609.186667,787.353333,0,0,true,true,26,14.705882,16990,2478,54.166667,451.98714
SA_ENF090,N050-I02,50,2,16,58,RECOCIDO_SIMULADO,25.7536,2461,80217.045,1612.045,786.05,0,0,true,true,28,17.647059,18980,2780,54.166667,489.319865
SA_ENF090,N050-I02,50,2,17,59,RECOCIDO_SIMULADO,25.6375,2421,80217.305,1612.305,786.05,0,0,true,true,28,17.647059,17720,2722,54.166667,407.012616
SA_ENF090,N050-I02,50,2,18,60,RECOCIDO_SIMULADO,26.9879,2421,80258.258333,1610.091667,786.481667,0,0,true,true,26,14.705882,17964,2722,54.166667,430.792067
SA_ENF090,N050-I02,50,2,19,61,RECOCIDO_SIMULADO,26.2119,2461,80284.401667,1616.901667,786.675,0,0,true,true,28,17.647059,16260,2406,54.166667,494.206518
SA_ENF090,N050-I02,50,2,20,62,RECOCIDO_SIMULADO,26.0696,2421,80254.9,1614.733333,786.401667,0,0,true,true,28,17.647059,18706,2798,54.166667,427.318444
SA_ENF090,N050-I02,50,2,21,63,RECOCIDO_SIMULADO,26.3261,2421,80272.828333,1617.995,786.548333,0,0,true,true,28,17.647059,17850,2618,54.166667,427.658986
SA_ENF090,N050-I02,50,2,22,64,RECOCIDO_SIMULADO,26.3409,2461,80339.778333,1615.278333,787.245,0,0,true,true,28,14.705882,20162,3042,54.166667,497.265843
SA_ENF090,N050-I02,50,2,23,65,RECOCIDO_SIMULADO,26.0379,2501,80441.69,1609.19,788.325,0,0,true,true,26,14.705882,16960,2566,54.166667,501.276975
SA_ENF090,N050-I02,50,2,24,66,RECOCIDO_SIMULADO,27.1466,2501,80441.69,1609.19,788.325,0,0,true,true,26,14.705882,16960,2566,54.166667,527.568233
SA_ENF090,N050-I02,50,2,25,67,RECOCIDO_SIMULADO,26.6759,2541,80211.668333,1615.501667,785.961667,0,0,true,true,28,17.647059,17150,2558,54.166667,578.880083
SA_ENF090,N050-I02,50,2,26,68,RECOCIDO_SIMULADO,25.3137,2421,80260.876667,1613.876667,786.47,0,0,true,true,28,17.647059,18162,2722,54.166667,425.388169
SA_ENF090,N050-I02,50,2,27,69,RECOCIDO_SIMULADO,26.7286,2461,80421.708333,1616.875,788.048333,0,0,true,true,28,14.705882,18776,2806,54.166667,486.368055
SA_ENF090,N050-I02,50,2,28,70,RECOCIDO_SIMULADO,25.4922,2381,80311.243333,1615.743333,786.955,0,0,true,true,26,14.705882,18672,2852,54.166667,393.743944
SA_ENF090,N050-I02,50,2,29,71,RECOCIDO_SIMULADO,26.1551,2461,80441.69,1609.19,788.325,0,0,true,true,26,14.705882,16960,2566,54.166667,486.20892
SA_ENF090,N050-I03,50,3,0,42,RECOCIDO_SIMULADO,26.7498,2461,82993.803333,1737.136667,812.566667,0,0,true,true,28,14.814815,14324,2112,64.460784,451.144969
SA_ENF090,N050-I03,50,3,1,43,RECOCIDO_SIMULADO,26.1819,2461,82993.803333,1737.136667,812.566667,0,0,true,true,28,14.814815,14324,2112,64.460784,475.85009
SA_ENF090,N050-I03,50,3,2,44,RECOCIDO_SIMULADO,26.4224,2461,82934.261667,1748.261667,811.86,0,0,true,true,26,11.111111,17174,2526,64.460784,452.466699
SA_ENF090,N050-I03,50,3,3,45,RECOCIDO_SIMULADO,27.4188,2421,82993.803333,1737.136667,812.566667,0,0,true,true,28,14.814815,14324,2112,64.460784,417.725747
SA_ENF090,N050-I03,50,3,4,46,RECOCIDO_SIMULADO,26.2105,2461,82993.803333,1737.136667,812.566667,0,0,true,true,28,14.814815,14324,2112,64.460784,498.191048
SA_ENF090,N050-I03,50,3,5,47,RECOCIDO_SIMULADO,28.0206,2381,82948.171667,1744.005,812.041667,0,0,true,true,28,14.814815,17038,2516,64.460784,394.537743
SA_ENF090,N050-I03,50,3,6,48,RECOCIDO_SIMULADO,25.3119,2341,82993.803333,1737.136667,812.566667,0,0,true,true,28,14.814815,14324,2112,64.460784,345.174356
SA_ENF090,N050-I03,50,3,7,49,RECOCIDO_SIMULADO,25.4497,2421,82993.803333,1737.136667,812.566667,0,0,true,true,28,14.814815,14324,2112,64.460784,443.607279
SA_ENF090,N050-I03,50,3,8,50,RECOCIDO_SIMULADO,25.5259,2381,82969.496667,1749.83,812.196667,0,0,true,true,26,11.111111,17506,2592,64.460784,399.776881
SA_ENF090,N050-I03,50,3,9,51,RECOCIDO_SIMULADO,26.9577,2461,82947.263333,1742.763333,812.045,0,0,true,true,28,14.814815,16788,2512,64.460784,475.457706
SA_ENF090,N050-I03,50,3,10,52,RECOCIDO_SIMULADO,24.5281,2341,82745.401667,1739.068333,810.063333,0,0,true,true,26,11.111111,16014,2440,64.460784,349.418365
SA_ENF090,N050-I03,50,3,11,53,RECOCIDO_SIMULADO,25.8045,2421,82911.12,1743.786667,811.673333,0,0,true,true,26,11.111111,17424,2666,64.460784,421.607888
SA_ENF090,N050-I03,50,3,12,54,RECOCIDO_SIMULADO,26.0794,2421,82993.803333,1737.136667,812.566667,0,0,true,true,28,14.814815,14324,2112,64.460784,447.619134
SA_ENF090,N050-I03,50,3,13,55,RECOCIDO_SIMULADO,25.2711,2421,82993.803333,1737.136667,812.566667,0,0,true,true,28,14.814815,14324,2112,64.460784,438.198348
SA_ENF090,N050-I03,50,3,14,56,RECOCIDO_SIMULADO,25.7103,2421,82993.803333,1737.136667,812.566667,0,0,true,true,28,14.814815,14324,2112,64.460784,447.237759
SA_ENF090,N050-I03,50,3,15,57,RECOCIDO_SIMULADO,28.0951,2501,82993.803333,1737.136667,812.566667,0,0,true,true,28,14.814815,14324,2112,64.460784,501.610634
SA_ENF090,N050-I03,50,3,16,58,RECOCIDO_SIMULADO,25.7418,2461,82993.803333,1737.136667,812.566667,0,0,true,true,28,14.814815,14324,2112,64.460784,453.960337
SA_ENF090,N050-I03,50,3,17,59,RECOCIDO_SIMULADO,25.9541,2421,82741.983333,1740.483333,810.015,0,0,true,true,28,14.814815,15652,2332,64.460784,424.31164
SA_ENF090,N050-I03,50,3,18,60,RECOCIDO_SIMULADO,26.413,2461,82993.803333,1737.136667,812.566667,0,0,true,true,28,14.814815,14324,2112,64.460784,468.722124
SA_ENF090,N050-I03,50,3,19,61,RECOCIDO_SIMULADO,26.6978,2501,82993.803333,1737.136667,812.566667,0,0,true,true,28,14.814815,14324,2112,64.460784,539.125354
SA_ENF090,N050-I03,50,3,20,62,RECOCIDO_SIMULADO,25.2735,2341,82932.115,1744.781667,811.873333,0,0,true,true,28,14.814815,16804,2494,64.460784,344.082271
SA_ENF090,N050-I03,50,3,21,63,RECOCIDO_SIMULADO,25.8034,2341,82993.803333,1737.136667,812.566667,0,0,true,true,28,14.814815,14324,2112,64.460784,355.884113
SA_ENF090,N050-I03,50,3,22,64,RECOCIDO_SIMULADO,25.4428,2421,82993.803333,1737.136667,812.566667,0,0,true,true,28,14.814815,14324,2112,64.460784,407.487287
SA_ENF090,N050-I03,50,3,23,65,RECOCIDO_SIMULADO,26.3201,2501,82993.803333,1737.136667,812.566667,0,0,true,true,28,14.814815,14324,2112,64.460784,503.770264
SA_ENF090,N050-I03,50,3,24,66,RECOCIDO_SIMULADO,24.4484,2341,82993.803333,1737.136667,812.566667,0,0,true,true,28,14.814815,14324,2112,64.460784,363.699202
SA_ENF090,N050-I03,50,3,25,67,RECOCIDO_SIMULADO,25.8585,2421,82993.803333,1737.136667,812.566667,0,0,true,true,28,14.814815,14324,2112,64.460784,441.466678
SA_ENF090,N050-I03,50,3,26,68,RECOCIDO_SIMULADO,26.8794,2461,82989.905,1745.738333,812.441667,0,0,true,true,26,11.111111,15720,2382,64.460784,467.187126
SA_ENF090,N050-I03,50,3,27,69,RECOCIDO_SIMULADO,25.4767,2421,82959.806667,1741.973333,812.178333,0,0,true,true,28,14.814815,17090,2678,64.460784,447.692035
SA_ENF090,N050-I03,50,3,28,70,RECOCIDO_SIMULADO,25.8077,2421,82991.005,1741.671667,812.493333,0,0,true,true,26,14.814815,16684,2490,64.460784,407.703636
SA_ENF090,N050-I03,50,3,29,71,RECOCIDO_SIMULADO,26.531,2381,82985.723333,1737.056667,812.486667,0,0,true,true,28,14.814815,14324,2112,64.460784,376.675095
SA_ENF090,N050-I04,50,4,0,42,RECOCIDO_SIMULADO,26.4163,2501,86943.578333,1723.578333,852.2,0,0,true,true,32,16.129032,15680,2344,64.215686,510.768735
SA_ENF090,N050-I04,50,4,1,43,RECOCIDO_SIMULADO,26.3988,2461,87050.743333,1722.576667,853.281667,0,0,true,true,30,12.903226,15710,2288,64.215686,464.140968
SA_ENF090,N050-I04,50,4,2,44,RECOCIDO_SIMULADO,27.4222,2501,87027.485,1730.485,852.97,0,0,true,true,34,16.129032,15796,2276,64.215686,518.523225
SA_ENF090,N050-I04,50,4,3,45,RECOCIDO_SIMULADO,26.1978,2501,87016.26,1728.76,852.875,0,0,true,true,32,16.129032,15486,2280,64.215686,513.284941
SA_ENF090,N050-I04,50,4,4,46,RECOCIDO_SIMULADO,25.9002,2461,86846.075,1728.241667,851.178333,0,0,true,true,30,12.903226,16070,2346,64.215686,454.689815
SA_ENF090,N050-I04,50,4,5,47,RECOCIDO_SIMULADO,26.2999,2421,87050.743333,1722.576667,853.281667,0,0,true,true,30,12.903226,15710,2288,64.215686,445.707314
SA_ENF090,N050-I04,50,4,6,48,RECOCIDO_SIMULADO,26.6074,2501,87050.743333,1722.576667,853.281667,0,0,true,true,30,12.903226,15710,2288,64.215686,537.672121
SA_ENF090,N050-I04,50,4,7,49,RECOCIDO_SIMULADO,25.464,2421,86965.433333,1724.6,852.408333,0,0,true,true,30,12.903226,15632,2338,64.215686,431.258171
SA_ENF090,N050-I04,50,4,8,50,RECOCIDO_SIMULADO,27.6797,2501,87050.743333,1722.576667,853.281667,0,0,true,true,30,12.903226,15710,2288,64.215686,534.567191
SA_ENF090,N050-I04,50,4,9,51,RECOCIDO_SIMULADO,26.1968,2461,87050.743333,1722.576667,853.281667,0,0,true,true,30,12.903226,15710,2288,64.215686,487.309027
SA_ENF090,N050-I04,50,4,10,52,RECOCIDO_SIMULADO,25.694,2461,87050.743333,1722.576667,853.281667,0,0,true,true,30,12.903226,15710,2288,64.215686,473.733627
SA_ENF090,N050-I04,50,4,11,53,RECOCIDO_SIMULADO,26.7136,2461,87047.668333,1723.001667,853.246667,0,0,true,true,32,16.129032,16146,2426,64.215686,451.773785
SA_ENF090,N050-I04,50,4,12,54,RECOCIDO_SIMULADO,25.5574,2421,86964.051667,1721.718333,852.423333,0,0,true,true,30,12.903226,15540,2288,64.215686,441.004423
SA_ENF090,N050-I04,50,4,13,55,RECOCIDO_SIMULADO,25.5247,2421,87023.783333,1727.116667,852.966667,0,0,true,true,32,16.129032,16708,2544,64.215686,434.682438
SA_ENF090,N050-I04,50,4,14,56,RECOCIDO_SIMULADO,27.0288,2461,87020.053333,1728.72,852.913333,0,0,true,true,32,16.129032,15182,2396,64.215686,483.661029
SA_ENF090,N050-I04,50,4,15,57,RECOCIDO_SIMULADO,26.3187,2501,87050.743333,1722.576667,853.281667,0,0,true,true,30,12.903226,15710,2288,64.215686,515.579742
SA_ENF090,N050-I04,50,4,16,58,RECOCIDO_SIMULADO,26.0925,2421,87050.743333,1722.576667,853.281667,0,0,true,true,30,12.903226,15710,2288,64.215686,431.059415
SA_ENF090,N050-I04,50,4,17,59,RECOCIDO_SIMULADO,27.2586,2501,87050.743333,1722.576667,853.281667,0,0,true,true,30,12.903226,15710,2288,64.215686,547.390254
SA_ENF090,N050-I04,50,4,18,60,RECOCIDO_SIMULADO,26.4308,2501,87050.743333,1722.576667,853.281667,0,0,true,true,30,12.903226,15710,2288,64.215686,543.710013
SA_ENF090,N050-I04,50,4,19,61,RECOCIDO_SIMULADO,26.155,2501,87029.718333,1729.385,853.003333,0,0,true,true,32,16.129032,15786,2304,64.215686,553.011046
SA_ENF090,N050-I04,50,4,20,62,RECOCIDO_SIMULADO,26.3472,2461,87050.743333,1722.576667,853.281667,0,0,true,true,30,12.903226,15710,2288,64.215686,456.89274
SA_ENF090,N050-I04,50,4,21,63,RECOCIDO_SIMULADO,26.0154,2461,87038.398333,1728.065,853.103333,0,0,true,true,32,16.129032,17440,2628,64.215686,478.13181
SA_ENF090,N050-I04,50,4,22,64,RECOCIDO_SIMULADO,27.3823,2541,87050.743333,1722.576667,853.281667,0,0,true,true,30,12.903226,15710,2288,64.215686,582.219032
SA_ENF090,N050-I04,50,4,23,65,RECOCIDO_SIMULADO,25.9228,2461,87004.91,1724.076667,852.808333,0,0,true,true,32,16.129032,15240,2342,64.215686,466.869963
SA_ENF090,N050-I04,50,4,24,66,RECOCIDO_SIMULADO,26.6521,2501,87050.743333,1722.576667,853.281667,0,0,true,true,30,12.903226,15710,2288,64.215686,529.110931
SA_ENF090,N050-I04,50,4,25,67,RECOCIDO_SIMULADO,26.6441,2461,87046.675,1727.175,853.195,0,0,true,true,32,16.129032,15470,2266,64.215686,490.008381
SA_ENF090,N050-I04,50,4,26,68,RECOCIDO_SIMULADO,26.6733,2501,86865.223333,1723.056667,851.421667,0,0,true,true,32,16.129032,15922,2280,64.215686,502.297259
SA_ENF090,N050-I04,50,4,27,69,RECOCIDO_SIMULADO,26.3092,2461,86974.341667,1727.508333,852.468333,0,0,true,true,32,16.129032,16808,2500,64.215686,485.047389
SA_ENF090,N050-I04,50,4,28,70,RECOCIDO_SIMULADO,26.2947,2381,87019.951667,1730.785,852.891667,0,0,true,true,30,12.903226,16634,2420,64.215686,393.290692
SA_ENF090,N050-I04,50,4,29,71,RECOCIDO_SIMULADO,26.4304,2461,87050.743333,1722.576667,853.281667,0,0,true,true,30,12.903226,15710,2288,64.215686,457.578304
SA_ENF090,N050-I05,50,5,0,42,RECOCIDO_SIMULADO,25.3907,2341,84070.665,1518.831667,825.518333,0,0,true,true,26,11.428571,14502,2152,65.686275,341.459488
SA_ENF090,N050-I05,50,5,1,43,RECOCIDO_SIMULADO,26.0452,2421,84070.665,1518.831667,825.518333,0,0,true,true,26,11.428571,14502,2152,65.686275,420.584026
SA_ENF090,N050-I05,50,5,2,44,RECOCIDO_SIMULADO,26.0883,2461,84070.665,1518.831667,825.518333,0,0,true,true,26,11.428571,14502,2152,65.686275,460.603516
SA_ENF090,N050-I05,50,5,3,45,RECOCIDO_SIMULADO,28.8448,2381,83945.451667,1528.785,824.166667,0,0,true,true,26,11.428571,16906,2536,65.686275,401.860152
SA_ENF090,N050-I05,50,5,4,46,RECOCIDO_SIMULADO,31.6471,2341,83930.298333,1534.298333,823.96,0,0,true,true,26,11.428571,16904,2500,65.686275,362.548796
SA_ENF090,N050-I05,50,5,5,47,RECOCIDO_SIMULADO,26.1345,2421,83946.255,1527.421667,824.188333,0,0,true,true,26,11.428571,16814,2470,65.686275,423.175659
SA_ENF090,N050-I05,50,5,6,48,RECOCIDO_SIMULADO,26.0237,2421,83928.951667,1528.785,824.001667,0,0,true,true,26,11.428571,16128,2354,65.686275,410.407428
SA_ENF090,N050-I05,50,5,7,49,RECOCIDO_SIMULADO,26.8521,2461,84070.665,1518.831667,825.518333,0,0,true,true,26,11.428571,14502,2152,65.686275,458.04005
SA_ENF090,N050-I05,50,5,8,50,RECOCIDO_SIMULADO,24.929,2341,84070.665,1518.831667,825.518333,0,0,true,true,26,11.428571,14502,2152,65.686275,358.622183
SA_ENF090,N050-I05,50,5,9,51,RECOCIDO_SIMULADO,25.0887,2341,84070.665,1518.831667,825.518333,0,0,true,true,26,11.428571,14502,2152,65.686275,346.090777
SA_ENF090,N050-I05,50,5,10,52,RECOCIDO_SIMULADO,25.7257,2341,83675.693333,1521.693333,821.54,0,0,true,true,26,11.428571,14848,2186,65.686275,356.811837
SA_ENF090,N050-I05,50,5,11,53,RECOCIDO_SIMULADO,25.1987,2381,84070.665,1518.831667,825.518333,0,0,true,true,26,11.428571,14502,2152,65.686275,378.425144
SA_ENF090,N050-I05,50,5,12,54,RECOCIDO_SIMULADO,25.2139,2421,84070.665,1518.831667,825.518333,0,0,true,true,26,11.428571,14502,2152,65.686275,409.647074
SA_ENF090,N050-I05,50,5,13,55,RECOCIDO_SIMULADO,26.1226,2341,84009.39,1526.223333,824.831667,0,0,true,true,26,11.428571,15270,2396,65.686275,340.733619
SA_ENF090,N050-I05,50,5,14,56,RECOCIDO_SIMULADO,26.0047,2461,84070.665,1518.831667,825.518333,0,0,true,true,26,11.428571,14502,2152,65.686275,456.742543
SA_ENF090,N050-I05,50,5,15,57,RECOCIDO_SIMULADO,25.3625,2381,84070.665,1518.831667,825.518333,0,0,true,true,26,11.428571,14502,2152,65.686275,383.568193
SA_ENF090,N050-I05,50,5,16,58,RECOCIDO_SIMULADO,26.05,2381,83873.041667,1525.375,823.476667,0,0,true,true,28,11.428571,16022,2374,65.686275,392.924379
SA_ENF090,N050-I05,50,5,17,59,RECOCIDO_SIMULADO,26.2985,2461,84070.665,1518.831667,825.518333,0,0,true,true,26,11.428571,14502,2152,65.686275,462.830138
SA_ENF090,N050-I05,50,5,18,60,RECOCIDO_SIMULADO,26.6451,2461,84070.665,1518.831667,825.518333,0,0,true,true,26,11.428571,14502,2152,65.686275,466.911584
SA_ENF090,N050-I05,50,5,19,61,RECOCIDO_SIMULADO,26.5847,2461,83929.518333,1531.851667,823.976667,0,0,true,true,28,11.428571,16536,2368,65.686275,476.72686
SA_ENF090,N050-I05,50,5,20,62,RECOCIDO_SIMULADO,25.2175,2341,84070.665,1518.831667,825.518333,0,0,true,true,26,11.428571,14502,2152,65.686275,347.039638
SA_ENF090,N050-I05,50,5,21,63,RECOCIDO_SIMULADO,24.6535,2341,84070.665,1518.831667,825.518333,0,0,true,true,26,11.428571,14502,2152,65.686275,360.758741
SA_ENF090,N050-I05,50,5,22,64,RECOCIDO_SIMULADO,26.7765,2461,84070.665,1518.831667,825.518333,0,0,true,true,26,11.428571,14502,2152,65.686275,463.164838
SA_ENF090,N050-I05,50,5,23,65,RECOCIDO_SIMULADO,26.8888,2501,83916.003333,1525.67,823.903333,0,0,true,true,28,14.285714,15766,2360,65.686275,528.721386
SA_ENF090,N050-I05,50,5,24,66,RECOCIDO_SIMULADO,25.5648,2381,84070.665,1518.831667,825.518333,0,0,true,true,26,11.428571,14502,2152,65.686275,396.912426
SA_ENF090,N050-I05,50,5,25,67,RECOCIDO_SIMULADO,26.4277,2421,83972.01,1524.176667,824.478333,0,0,true,true,26,11.428571,15502,2362,65.686275,425.904209
SA_ENF090,N050-I05,50,5,26,68,RECOCIDO_SIMULADO,25.1634,2381,84012.718333,1533.218333,824.795,0,0,true,true,26,11.428571,16082,2396,65.686275,369.478229
SA_ENF090,N050-I05,50,5,27,69,RECOCIDO_SIMULADO,24.7826,2341,84070.665,1518.831667,825.518333,0,0,true,true,26,11.428571,14502,2152,65.686275,354.766925
SA_ENF090,N050-I05,50,5,28,70,RECOCIDO_SIMULADO,26.0706,2381,84050.688333,1531.188333,825.195,0,0,true,true,26,11.428571,17282,2654,65.686275,387.858576
SA_ENF090,N050-I05,50,5,29,71,RECOCIDO_SIMULADO,25.1715,2381,84063.051667,1529.885,825.331667,0,0,true,true,28,11.428571,17044,2498,65.686275,393.45444
SA_ENF098,N025-I01,25,1,0,42,RECOCIDO_SIMULADO,69.5727,10821,22553.366667,607.533333,219.458333,0,0,true,true,48,26.666667,10700,1480,42.401961,224.368883
SA_ENF098,N025-I01,25,1,1,43,RECOCIDO_SIMULADO,71.0789,11141,22555.176667,607.843333,219.473333,0,0,true,true,48,26.666667,10220,1392,42.401961,259.893473
SA_ENF098,N025-I01,25,1,2,44,RECOCIDO_SIMULADO,72.2637,11261,22572.676667,614.843333,219.578333,0,0,true,true,48,26.666667,11284,1534,42.401961,278.44757
SA_ENF098,N025-I01,25,1,3,45,RECOCIDO_SIMULADO,73.0327,11461,22539.451667,608.618333,219.308333,0,0,true,true,48,26.666667,10344,1404,42.401961,310.106015
SA_ENF098,N025-I01,25,1,4,46,RECOCIDO_SIMULADO,71.0405,11181,22537.771667,606.938333,219.308333,0,0,true,true,48,26.666667,10296,1398,42.401961,267.966511
SA_ENF098,N025-I01,25,1,5,47,RECOCIDO_SIMULADO,72.7275,11541,22571.65,612.983333,219.586667,0,0,true,true,52,33.333333,11068,1526,42.401961,318.33296
SA_ENF098,N025-I01,25,1,6,48,RECOCIDO_SIMULADO,71.7616,11221,22637.931667,614.098333,220.238333,0,0,true,true,48,26.666667,11168,1554,42.401961,271.479455
SA_ENF098,N025-I01,25,1,7,49,RECOCIDO_SIMULADO,70.0466,11021,22586.315,608.148333,219.781667,0,0,true,true,52,33.333333,11568,1614,42.401961,244.28834
SA_ENF098,N025-I01,25,1,8,50,RECOCIDO_SIMULADO,71.9227,11221,22565.291667,607.458333,219.578333,0,0,true,true,48,26.666667,10776,1516,42.401961,270.576052
SA_ENF098,N025-I01,25,1,9,51,RECOCIDO_SIMULADO,70.2698,11021,22564.701667,614.368333,219.503333,0,0,true,true,48,26.666667,10136,1362,42.401961,247.06906
SA_ENF098,N025-I01,25,1,10,52,RECOCIDO_SIMULADO,71.2463,11261,22547.201667,607.368333,219.398333,0,0,true,true,48,26.666667,10512,1426,42.401961,277.318243
SA_ENF098,N025-I01,25,1,11,53,RECOCIDO_SIMULADO,70.7323,11101,22537.586667,606.753333,219.308333,0,0,true,true,48,26.666667,10012,1368,42.401961,255.90468
SA_ENF098,N025-I01,25,1,12,54,RECOCIDO_SIMULADO,71.7899,11141,22540.481667,609.648333,219.308333,0,0,true,true,48,26.666667,9728,1304,42.401961,263.983968
SA_ENF098,N025-I01,25,1,13,55,RECOCIDO_SIMULADO,67.9707,10821,22554.451667,608.618333,219.458333,0,0,true,true,48,26.666667,10312,1386,42.401961,224.218935
SA_ENF098,N025-I01,25,1,14,56,RECOCIDO_SIMULADO,71.1609,11101,22569.726667,610.393333,219.593333,0,0,true,true,48,26.666667,10204,1410,42.401961,253.895667
SA_ENF098,N025-I01,25,1,15,57,RECOCIDO_SIMULADO,69.1895,10861,22574.106667,607.273333,219.668333,0,0,true,true,48,26.666667,10628,1474,42.401961,227.823707
SA_ENF098,N025-I01,25,1,16,58,RECOCIDO_SIMULADO,71.6679,11341,22555.376667,608.043333,219.473333,0,0,true,true,48,26.666667,11068,1528,42.401961,288.141004
SA_ENF098,N025-I01,25,1,17,59,RECOCIDO_SIMULADO,70.4182,11061,22547.956667,608.123333,219.398333,0,0,true,true,48,26.666667,10812,1492,42.401961,248.495483
SA_ENF098,N025-I01,25,1,18,60,RECOCIDO_SIMULADO,71.0738,11181,22554.326667,606.993333,219.473333,0,0,true,true,48,26.666667,10524,1460,42.401961,264.893171
SA_ENF098,N025-I01,25,1,19,61,RECOCIDO_SIMULADO,71.538,11061,22564.886667,608.553333,219.563333,0,0,true,true,48,26.666667,10452,1428,42.401961,250.094095
SA_ENF098,N025-I01,25,1,20,62,RECOCIDO_SIMULADO,70.3567,11101,22548.096667,608.263333,219.398333,0,0,true,true,48,26.666667,10424,1442,42.401961,256.508145
SA_ENF098,N025-I01,25,1,21,63,RECOCIDO_SIMULADO,70.2176,11061,22555.611667,608.278333,219.473333,0,0,true,true,48,26.666667,11224,1542,42.401961,252.116905
SA_ENF098,N025-I01,25,1,22,64,RECOCIDO_SIMULADO,73.1912,11381,22575.531667,617.698333,219.578333,0,0,true,true,48,26.666667,9960,1318,42.401961,295.767732
SA_ENF098,N025-I01,25,1,23,65,RECOCIDO_SIMULADO,72.4514,11421,22564.636667,606.803333,219.578333,0,0,true,true,48,26.666667,10972,1518,42.401961,302.383303
SA_ENF098,N025-I01,25,1,24,66,RECOCIDO_SIMULADO,70.6756,11181,22577.536667,607.703333,219.698333,0,0,true,true,48,26.666667,10668,1480,42.401961,265.749033
SA_ENF098,N025-I01,25,1,25,67,RECOCIDO_SIMULADO,71.2596,11141,22579.27,613.103333,219.661667,0,0,true,true,52,33.333333,11292,1518,42.401961,259.579614
SA_ENF098,N025-I01,25,1,26,68,RECOCIDO_SIMULADO,71.9424,11261,22603.865,609.198333,219.946667,0,0,true,true,52,33.333333,11080,1518,42.401961,278.397369
SA_ENF098,N025-I01,25,1,27,69,RECOCIDO_SIMULADO,71.1488,11181,22582.901667,608.568333,219.743333,0,0,true,true,48,26.666667,11152,1546,42.401961,264.522949
SA_ENF098,N025-I01,25,1,28,70,RECOCIDO_SIMULADO,72.7671,11381,22538.946667,608.113333,219.308333,0,0,true,true,48,26.666667,11204,1534,42.401961,297.784718
SA_ENF098,N025-I01,25,1,29,71,RECOCIDO_SIMULADO,71.4732,11101,22546.551667,606.718333,219.398333,0,0,true,true,48,26.666667,10608,1468,42.401961,256.219892
SA_ENF098,N025-I02,25,2,0,42,RECOCIDO_SIMULADO,69.6429,10701,11833.878333,441.045,113.928333,0,0,true,true,56,15.384615,10738,1496,31.617647,208.173216
SA_ENF098,N025-I02,25,2,1,43,RECOCIDO_SIMULADO,69.1896,10781,11841.03,431.696667,114.093333,0,0,true,true,56,15.384615,11648,1702,31.617647,217.079958
SA_ENF098,N025-I02,25,2,2,44,RECOCIDO_SIMULADO,66.0725,10381,11841.03,431.696667,114.093333,0,0,true,true,56,15.384615,11648,1702,31.617647,177.915806
SA_ENF098,N025-I02,25,2,3,45,RECOCIDO_SIMULADO,64.8688,10141,11841.03,431.696667,114.093333,0,0,true,true,56,15.384615,11648,1702,31.617647,158.665844
SA_ENF098,N025-I02,25,2,4,46,RECOCIDO_SIMULADO,67.3291,10581,11831.018333,438.185,113.928333,0,0,true,true,56,15.384615,11144,1650,31.617647,197.891493
SA_ENF098,N025-I02,25,2,5,47,RECOCIDO_SIMULADO,68.6879,10821,11832.861667,440.028333,113.928333,0,0,true,true,56,15.384615,11496,1648,31.617647,223.851387
SA_ENF098,N025-I02,25,2,6,48,RECOCIDO_SIMULADO,64.9221,10061,11828.906667,436.073333,113.928333,0,0,true,true,56,15.384615,11672,1702,31.617647,152.632083
SA_ENF098,N025-I02,25,2,7,49,RECOCIDO_SIMULADO,65.3454,10101,11841.03,431.696667,114.093333,0,0,true,true,56,15.384615,11648,1702,31.617647,155.172926
SA_ENF098,N025-I02,25,2,8,50,RECOCIDO_SIMULADO,69.553,10821,11840.51,447.676667,113.928333,0,0,true,true,56,15.384615,10798,1508,31.617647,224.231177
SA_ENF098,N025-I02,25,2,9,51,RECOCIDO_SIMULADO,68.2365,10701,11841.03,431.696667,114.093333,0,0,true,true,56,15.384615,11648,1702,31.617647,208.591285
SA_ENF098,N025-I02,25,2,10,52,RECOCIDO_SIMULADO,70.0746,10981,11841.03,431.696667,114.093333,0,0,true,true,56,15.384615,11648,1702,31.617647,241.140038
SA_ENF098,N025-I02,25,2,11,53,RECOCIDO_SIMULADO,67.8964,10661,11841.03,431.696667,114.093333,0,0,true,true,56,15.384615,11648,1702,31.617647,203.540001
SA_ENF098,N025-I02,25,2,12,54,RECOCIDO_SIMULADO,68.8778,10941,11829.848333,437.015,113.928333,0,0,true,true,56,15.384615,11470,1628,31.617647,235.728053
SA_ENF098,N025-I02,25,2,13,55,RECOCIDO_SIMULADO,69.0113,10861,11841.03,431.696667,114.093333,0,0,true,true,56,15.384615,11648,1702,31.617647,224.90306
SA_ENF098,N025-I02,25,2,14,56,RECOCIDO_SIMULADO,66.9099,10581,11841.03,431.696667,114.093333,0,0,true,true,56,15.384615,11648,1702,31.617647,195.2042
SA_ENF098,N025-I02,25,2,15,57,RECOCIDO_SIMULADO,69.7101,10861,11841.03,431.696667,114.093333,0,0,true,true,56,15.384615,11648,1702,31.617647,228.545875
SA_ENF098,N025-I02,25,2,16,58,RECOCIDO_SIMULADO,64.7389,10221,11841.03,431.696667,114.093333,0,0,true,true,56,15.384615,11648,1702,31.617647,164.800903
SA_ENF098,N025-I02,25,2,17,59,RECOCIDO_SIMULADO,66.7939,10381,11841.03,431.696667,114.093333,0,0,true,true,56,15.384615,11648,1702,31.617647,178.165759
SA_ENF098,N025-I02,25,2,18,60,RECOCIDO_SIMULADO,70.6445,11061,11831.688333,438.855,113.928333,0,0,true,true,56,15.384615,11466,1678,31.617647,248.958177
SA_ENF098,N025-I02,25,2,19,61,RECOCIDO_SIMULADO,68.429,10741,11841.03,431.696667,114.093333,0,0,true,true,56,15.384615,11648,1702,31.617647,212.113737
SA_ENF098,N025-I02,25,2,20,62,RECOCIDO_SIMULADO,69.5055,10901,11833.15,440.316667,113.928333,0,0,true,true,56,15.384615,11208,1566,31.617647,233.107551
SA_ENF098,N025-I02,25,2,21,63,RECOCIDO_SIMULADO,67.8082,10581,11841.03,431.696667,114.093333,0,0,true,true,56,15.384615,11648,1702,31.617647,197.9206
SA_ENF098,N025-I02,25,2,22,64,RECOCIDO_SIMULADO,67.1504,10541,11831.511667,438.678333,113.928333,0,0,true,true,56,15.384615,11330,1624,31.617647,192.162087
SA_ENF098,N025-I02,25,2,23,65,RECOCIDO_SIMULADO,67.0358,10341,11831.52,438.686667,113.928333,0,0,true,true,56,15.384615,11058,1570,31.617647,175.586569
SA_ENF098,N025-I02,25,2,24,66,RECOCIDO_SIMULADO,65.4705,10301,11828.608333,435.775,113.928333,0,0,true,true,56,15.384615,10598,1486,31.617647,171.530678
SA_ENF098,N025-I02,25,2,25,67,RECOCIDO_SIMULADO,68.8839,10861,11841.03,431.696667,114.093333,0,0,true,true,56,15.384615,11648,1702,31.617647,226.854563
SA_ENF098,N025-I02,25,2,26,68,RECOCIDO_SIMULADO,66.5382,10461,11841.03,431.696667,114.093333,0,0,true,true,56,15.384615,11648,1702,31.617647,183.771862
SA_ENF098,N025-I02,25,2,27,69,RECOCIDO_SIMULADO,68.6298,10701,11830.283333,437.45,113.928333,0,0,true,true,56,15.384615,10974,1568,31.617647,210.227997
SA_ENF098,N025-I02,25,2,28,70,RECOCIDO_SIMULADO,67.6658,10541,11830.52,437.686667,113.928333,0,0,true,true,56,15.384615,10606,1572,31.617647,192.209589
SA_ENF098,N025-I02,25,2,29,71,RECOCIDO_SIMULADO,64.6215,10141,11841.03,431.696667,114.093333,0,0,true,true,56,15.384615,11648,1702,31.617647,156.329248
SA_ENF098,N025-I03,25,3,0,42,RECOCIDO_SIMULADO,75.4563,10901,12032.715,416.048333,116.166667,0,0,true,true,68,52.941176,10704,1536,28.676471,233.151164
SA_ENF098,N025-I03,25,3,1,43,RECOCIDO_SIMULADO,65.0338,10181,12032.715,416.048333,116.166667,0,0,true,true,68,52.941176,10704,1536,28.676471,160.80591
SA_ENF098,N025-I03,25,3,2,44,RECOCIDO_SIMULADO,66.5949,10461,12032.715,416.048333,116.166667,0,0,true,true,68,52.941176,10704,1536,28.676471,186.827859
SA_ENF098,N025-I03,25,3,3,45,RECOCIDO_SIMULADO,66.7119,10461,12032.715,416.048333,116.166667,0,0,true,true,68,52.941176,10704,1536,28.676471,186.578676
SA_ENF098,N025-I03,25,3,4,46,RECOCIDO_SIMULADO,65.2899,10061,12032.715,416.048333,116.166667,0,0,true,true,68,52.941176,10704,1536,28.676471,151.920014
SA_ENF098,N025-I03,25,3,5,47,RECOCIDO_SIMULADO,69.7917,10981,12032.715,416.048333,116.166667,0,0,true,true,68,52.941176,10704,1536,28.676471,241.584082
SA_ENF098,N025-I03,25,3,6,48,RECOCIDO_SIMULADO,69.1697,10741,12032.715,416.048333,116.166667,0,0,true,true,68,52.941176,10704,1536,28.676471,213.072462
SA_ENF098,N025-I03,25,3,7,49,RECOCIDO_SIMULADO,71.1073,10461,12032.715,416.048333,116.166667,0,0,true,true,68,52.941176,10704,1536,28.676471,185.280178
SA_ENF098,N025-I03,25,3,8,50,RECOCIDO_SIMULADO,63.6007,10061,12032.715,416.048333,116.166667,0,0,true,true,68,52.941176,10704,1536,28.676471,151.938361
SA_ENF098,N025-I03,25,3,9,51,RECOCIDO_SIMULADO,68.316,10661,12032.715,416.048333,116.166667,0,0,true,true,68,52.941176,10704,1536,28.676471,205.645468
SA_ENF098,N025-I03,25,3,10,52,RECOCIDO_SIMULADO,66.2755,10381,12032.715,416.048333,116.166667,0,0,true,true,68,52.941176,10704,1536,28.676471,179.513427
SA_ENF098,N025-I03,25,3,11,53,RECOCIDO_SIMULADO,69.703,10981,12032.715,416.048333,116.166667,0,0,true,true,68,52.941176,10704,1536,28.676471,241.491939
SA_ENF098,N025-I03,25,3,12,54,RECOCIDO_SIMULADO,67.9125,10701,12032.715,416.048333,116.166667,0,0,true,true,68,52.941176,10704,1536,28.676471,211.259999
SA_ENF098,N025-I03,25,3,13,55,RECOCIDO_SIMULADO,71.3818,11181,12032.715,416.048333,116.166667,0,0,true,true,68,52.941176,10704,1536,28.676471,269.280247
SA_ENF098,N025-I03,25,3,14,56,RECOCIDO_SIMULADO,68.0792,10541,12032.715,416.048333,116.166667,0,0,true,true,68,52.941176,10704,1536,28.676471,191.473286
SA_ENF098,N025-I03,25,3,15,57,RECOCIDO_SIMULADO,68.5939,10661,12032.715,416.048333,116.166667,0,0,true,true,68,52.941176,10704,1536,28.676471,203.867255
SA_ENF098,N025-I03,25,3,16,58,RECOCIDO_SIMULADO,65.792,10261,12032.715,416.048333,116.166667,0,0,true,true,68,52.941176,10704,1536,28.676471,167.84609
SA_ENF098,N025-I03,25,3,17,59,RECOCIDO_SIMULADO,67.9186,10701,12032.715,416.048333,116.166667,0,0,true,true,68,52.941176,10704,1536,28.676471,208.694357
SA_ENF098,N025-I03,25,3,18,60,RECOCIDO_SIMULADO,73.9176,10901,12032.715,416.048333,116.166667,0,0,true,true,68,52.941176,10704,1536,28.676471,229.346791
SA_ENF098,N025-I03,25,3,19,61,RECOCIDO_SIMULADO,66.7398,10461,12032.715,416.048333,116.166667,0,0,true,true,68,52.941176,10704,1536,28.676471,186.006019
SA_ENF098,N025-I03,25,3,20,62,RECOCIDO_SIMULADO,68.9447,10741,12032.715,416.048333,116.166667,0,0,true,true,68,52.941176,10704,1536,28.676471,213.473978
SA_ENF098,N025-I03,25,3,21,63,RECOCIDO_SIMULADO,66.7969,10461,12032.715,416.048333,116.166667,0,0,true,true,68,52.941176,10704,1536,28.676471,185.058774
SA_ENF098,N025-I03,25,3,22,64,RECOCIDO_SIMULADO,69.4851,10861,12032.715,416.048333,116.166667,0,0,true,true,68,52.941176,10704,1536,28.676471,228.542809
SA_ENF098,N025-I03,25,3,23,65,RECOCIDO_SIMULADO,68.5685,10701,12032.715,416.048333,116.166667,0,0,true,true,68,52.941176,10704,1536,28.676471,210.078364
SA_ENF098,N025-I03,25,3,24,66,RECOCIDO_SIMULADO,65.3326,10341,12032.715,416.048333,116.166667,0,0,true,true,68,52.941176,10704,1536,28.676471,174.644889
SA_ENF098,N025-I03,25,3,25,67,RECOCIDO_SIMULADO,71.4037,11141,12032.715,416.048333,116.166667,0,0,true,true,68,52.941176,10704,1536,28.676471,259.534153
SA_ENF098,N025-I03,25,3,26,68,RECOCIDO_SIMULADO,63.8621,10021,12032.715,416.048333,116.166667,0,0,true,true,68,52.941176,10704,1536,28.676471,149.870077
SA_ENF098,N025-I03,25,3,27,69,RECOCIDO_SIMULADO,62.4863,9821,12032.715,416.048333,116.166667,0,0,true,true,68,52.941176,10704,1536,28.676471,135.101731
SA_ENF098,N025-I03,25,3,28,70,RECOCIDO_SIMULADO,69.0634,10621,12032.715,416.048333,116.166667,0,0,true,true,68,52.941176,10704,1536,28.676471,199.903245
SA_ENF098,N025-I03,25,3,29,71,RECOCIDO_SIMULADO,70.2814,10901,12032.715,416.048333,116.166667,0,0,true,true,68,52.941176,10704,1536,28.676471,233.341107
SA_ENF098,N025-I04,25,4,0,42,RECOCIDO_SIMULADO,70.9815,10981,11678.885,427.385,112.515,0,0,true,true,56,35.294118,13090,1872,25.490196,241.026709
SA_ENF098,N025-I04,25,4,1,43,RECOCIDO_SIMULADO,67.8512,10541,11697.793333,426.793333,112.71,0,0,true,true,56,35.294118,11626,1704,25.490196,194.27161
SA_ENF098,N025-I04,25,4,2,44,RECOCIDO_SIMULADO,70.3686,10901,11671.591667,427.591667,112.44,0,0,true,true,56,35.294118,11380,1560,25.490196,231.656826
SA_ENF098,N025-I04,25,4,3,45,RECOCIDO_SIMULADO,73.4234,11381,11673.926667,425.426667,112.485,0,0,true,true,56,35.294118,11920,1646,25.490196,294.947342
SA_ENF098,N025-I04,25,4,4,46,RECOCIDO_SIMULADO,67.1287,10501,11655.358333,424.858333,112.305,0,0,true,true,56,35.294118,11852,1744,25.490196,187.380852
SA_ENF098,N025-I04,25,4,5,47,RECOCIDO_SIMULADO,71.7779,10861,11665.231667,434.731667,112.305,0,0,true,true,56,35.294118,11506,1642,25.490196,227.871406
SA_ENF098,N025-I04,25,4,6,48,RECOCIDO_SIMULADO,69.076,10661,11656.801667,426.301667,112.305,0,0,true,true,56,35.294118,11628,1622,25.490196,204.985565
SA_ENF098,N025-I04,25,4,7,49,RECOCIDO_SIMULADO,69.3429,10701,11716.911667,424.911667,112.92,0,0,true,true,56,35.294118,12484,1782,25.490196,210.621636
SA_ENF098,N025-I04,25,4,8,50,RECOCIDO_SIMULADO,69.4201,10701,11669.445,425.445,112.44,0,0,true,true,56,35.294118,11770,1658,25.490196,210.539884
SA_ENF098,N025-I04,25,4,9,51,RECOCIDO_SIMULADO,67.1356,10421,11689.496667,424.496667,112.65,0,0,true,true,56,35.294118,12592,1780,25.490196,182.340447
SA_ENF098,N025-I04,25,4,10,52,RECOCIDO_SIMULADO,72.8457,10581,11668.316667,424.316667,112.44,0,0,true,true,56,35.294118,11228,1570,25.490196,195.969063
SA_ENF098,N025-I04,25,4,11,53,RECOCIDO_SIMULADO,75.3334,11461,11674.436667,425.936667,112.485,0,0,true,true,56,35.294118,13040,1774,25.490196,306.642747
SA_ENF098,N025-I04,25,4,12,54,RECOCIDO_SIMULADO,72.2142,11301,11719.131667,427.131667,112.92,0,0,true,true,56,35.294118,11136,1540,25.490196,283.791876
SA_ENF098,N025-I04,25,4,13,55,RECOCIDO_SIMULADO,68.489,10661,11676.565,425.065,112.515,0,0,true,true,56,35.294118,11974,1726,25.490196,203.662514
SA_ENF098,N025-I04,25,4,14,56,RECOCIDO_SIMULADO,70.3582,11021,11698.031667,428.531667,112.695,0,0,true,true,56,35.294118,10946,1606,25.490196,244.882641
SA_ENF098,N025-I04,25,4,15,57,RECOCIDO_SIMULADO,70.9403,11061,11674.631667,426.131667,112.485,0,0,true,true,56,35.294118,11532,1606,25.490196,251.448432
SA_ENF098,N025-I04,25,4,16,58,RECOCIDO_SIMULADO,66.9401,10421,11663.081667,426.581667,112.365,0,0,true,true,56,35.294118,11868,1678,25.490196,183.211294
SA_ENF098,N025-I04,25,4,17,59,RECOCIDO_SIMULADO,66.6711,10341,11655.311667,424.811667,112.305,0,0,true,true,56,35.294118,11796,1646,25.490196,173.044724
SA_ENF098,N025-I04,25,4,18,60,RECOCIDO_SIMULADO,68.8031,10661,11676.926667,425.426667,112.515,0,0,true,true,56,35.294118,10600,1462,25.490196,204.587627
SA_ENF098,N025-I04,25,4,19,61,RECOCIDO_SIMULADO,68.135,10341,11657.085,426.585,112.305,0,0,true,true,56,35.294118,11692,1668,25.490196,173.762096
SA_ENF098,N025-I04,25,4,20,62,RECOCIDO_SIMULADO,70.0249,10821,11662.626667,426.126667,112.365,0,0,true,true,56,35.294118,12930,1882,25.490196,220.168691
SA_ENF098,N025-I04,25,4,21,63,RECOCIDO_SIMULADO,71.8591,10781,11681.048333,432.548333,112.485,0,0,true,true,56,35.294118,12202,1730,25.490196,216.50112
SA_ENF098,N025-I04,25,4,22,64,RECOCIDO_SIMULADO,67.5557,10541,11656.986667,426.486667,112.305,0,0,true,true,56,35.294118,11656,1650,25.490196,191.625472
SA_ENF098,N025-I04,25,4,23,65,RECOCIDO_SIMULADO,70.4693,11021,11678.126667,426.626667,112.515,0,0,true,true,56,35.294118,12380,1738,25.490196,244.775461
SA_ENF098,N025-I04,25,4,24,66,RECOCIDO_SIMULADO,68.5783,10661,11674.326667,425.826667,112.485,0,0,true,true,56,35.294118,12464,1720,25.490196,203.088745
SA_ENF098,N025-I04,25,4,25,67,RECOCIDO_SIMULADO,70.9089,11021,11656.486667,425.986667,112.305,0,0,true,true,56,35.294118,12888,1800,25.490196,248.408948
SA_ENF098,N025-I04,25,4,26,68,RECOCIDO_SIMULADO,70.5202,10981,11657.946667,427.446667,112.305,0,0,true,true,56,35.294118,12610,1806,25.490196,242.210764
SA_ENF098,N025-I04,25,4,27,69,RECOCIDO_SIMULADO,64.5527,10101,11668.641667,424.641667,112.44,0,0,true,true,56,35.294118,11876,1642,25.490196,154.878363
SA_ENF098,N025-I04,25,4,28,70,RECOCIDO_SIMULADO,69.5322,10821,11663.221667,426.721667,112.365,0,0,true,true,56,35.294118,11756,1656,25.490196,222.588934
SA_ENF098,N025-I04,25,4,29,71,RECOCIDO_SIMULADO,67.1114,10541,11675.156667,426.656667,112.485,0,0,true,true,56,35.294118,13096,1812,25.490196,192.349766
SA_ENF098,N025-I05,25,5,0,42,RECOCIDO_SIMULADO,65.653,10181,11175.046667,498.38,106.766667,0,0,true,true,68,27.272727,10740,1536,31.127451,160.517034
SA_ENF098,N025-I05,25,5,1,43,RECOCIDO_SIMULADO,78.6914,10501,11175.046667,498.38,106.766667,0,0,true,true,68,27.272727,10740,1536,31.127451,188.404859
SA_ENF098,N025-I05,25,5,2,44,RECOCIDO_SIMULADO,69.4895,10421,11175.046667,498.38,106.766667,0,0,true,true,68,27.272727,10740,1536,31.127451,181.782559
SA_ENF098,N025-I05,25,5,3,45,RECOCIDO_SIMULADO,64.8366,10181,11175.046667,498.38,106.766667,0,0,true,true,68,27.272727,10740,1536,31.127451,161.984491
SA_ENF098,N025-I05,25,5,4,46,RECOCIDO_SIMULADO,67.4361,10421,11175.046667,498.38,106.766667,0,0,true,true,68,27.272727,10740,1536,31.127451,180.628981
SA_ENF098,N025-I05,25,5,5,47,RECOCIDO_SIMULADO,70.0733,10461,11175.046667,498.38,106.766667,0,0,true,true,68,27.272727,10740,1536,31.127451,186.077804
SA_ENF098,N025-I05,25,5,6,48,RECOCIDO_SIMULADO,68.8724,10421,11175.046667,498.38,106.766667,0,0,true,true,68,27.272727,10740,1536,31.127451,182.137953
SA_ENF098,N025-I05,25,5,7,49,RECOCIDO_SIMULADO,67.7499,10341,11175.046667,498.38,106.766667,0,0,true,true,68,27.272727,10740,1536,31.127451,174.025002
SA_ENF098,N025-I05,25,5,8,50,RECOCIDO_SIMULADO,66.5503,10341,11175.046667,498.38,106.766667,0,0,true,true,68,27.272727,10740,1536,31.127451,174.678719
SA_ENF098,N025-I05,25,5,9,51,RECOCIDO_SIMULADO,64.3799,10141,11175.046667,498.38,106.766667,0,0,true,true,68,27.272727,10740,1536,31.127451,158.607762
SA_ENF098,N025-I05,25,5,10,52,RECOCIDO_SIMULADO,67.0503,10581,11175.046667,498.38,106.766667,0,0,true,true,68,27.272727,10740,1536,31.127451,198.14604
SA_ENF098,N025-I05,25,5,11,53,RECOCIDO_SIMULADO,66.1437,10381,11175.046667,498.38,106.766667,0,0,true,true,68,27.272727,10740,1536,31.127451,177.191734
SA_ENF098,N025-I05,25,5,12,54,RECOCIDO_SIMULADO,67.7486,10621,11175.046667,498.38,106.766667,0,0,true,true,68,27.272727,10740,1536,31.127451,199.307771
SA_ENF098,N025-I05,25,5,13,55,RECOCIDO_SIMULADO,66.7727,10301,11175.046667,498.38,106.766667,0,0,true,true,68,27.272727,10740,1536,31.127451,172.494428
SA_ENF098,N025-I05,25,5,14,56,RECOCIDO_SIMULADO,68.6375,10781,11175.046667,498.38,106.766667,0,0,true,true,68,27.272727,10740,1536,31.127451,216.443317
SA_ENF098,N025-I05,25,5,15,57,RECOCIDO_SIMULADO,67.081,10421,11175.046667,498.38,106.766667,0,0,true,true,68,27.272727,10740,1536,31.127451,182.272589
SA_ENF098,N025-I05,25,5,16,58,RECOCIDO_SIMULADO,64.1977,10101,11175.046667,498.38,106.766667,0,0,true,true,68,27.272727,10740,1536,31.127451,154.195015
SA_ENF098,N025-I05,25,5,17,59,RECOCIDO_SIMULADO,67.9932,10621,11175.046667,498.38,106.766667,0,0,true,true,68,27.272727,10740,1536,31.127451,202.645345
SA_ENF098,N025-I05,25,5,18,60,RECOCIDO_SIMULADO,67.4232,10621,11175.046667,498.38,106.766667,0,0,true,true,68,27.272727,10740,1536,31.127451,202.367252
SA_ENF098,N025-I05,25,5,19,61,RECOCIDO_SIMULADO,65.484,10301,11175.046667,498.38,106.766667,0,0,true,true,68,27.272727,10740,1536,31.127451,172.710895
SA_ENF098,N025-I05,25,5,20,62,RECOCIDO_SIMULADO,65.4969,10341,11175.046667,498.38,106.766667,0,0,true,true,68,27.272727,10740,1536,31.127451,175.492759
SA_ENF098,N025-I05,25,5,21,63,RECOCIDO_SIMULADO,66.8349,10541,11175.046667,498.38,106.766667,0,0,true,true,68,27.272727,10740,1536,31.127451,194.540355
SA_ENF098,N025-I05,25,5,22,64,RECOCIDO_SIMULADO,65.8544,10101,11175.046667,498.38,106.766667,0,0,true,true,68,27.272727,10740,1536,31.127451,155.503104
SA_ENF098,N025-I05,25,5,23,65,RECOCIDO_SIMULADO,65.689,10061,11175.046667,498.38,106.766667,0,0,true,true,68,27.272727,10740,1536,31.127451,152.458067
SA_ENF098,N025-I05,25,5,24,66,RECOCIDO_SIMULADO,67.7709,10501,11175.046667,498.38,106.766667,0,0,true,true,68,27.272727,10740,1536,31.127451,189.609298
SA_ENF098,N025-I05,25,5,25,67,RECOCIDO_SIMULADO,66.0449,10181,11175.046667,498.38,106.766667,0,0,true,true,68,27.272727,10740,1536,31.127451,162.112802
SA_ENF098,N025-I05,25,5,26,68,RECOCIDO_SIMULADO,63.2942,9981,11175.046667,498.38,106.766667,0,0,true,true,68,27.272727,10740,1536,31.127451,144.80925
SA_ENF098,N025-I05,25,5,27,69,RECOCIDO_SIMULADO,68.3811,10821,11175.046667,498.38,106.766667,0,0,true,true,68,27.272727,10740,1536,31.127451,224.530256
SA_ENF098,N025-I05,25,5,28,70,RECOCIDO_SIMULADO,68.5052,10701,11175.046667,498.38,106.766667,0,0,true,true,68,27.272727,10740,1536,31.127451,208.29437
SA_ENF098,N025-I05,25,5,29,71,RECOCIDO_SIMULADO,66.0318,10461,11175.046667,498.38,106.766667,0,0,true,true,68,27.272727,10740,1536,31.127451,183.787256
SA_ENF098,N050-I01,50,1,0,42,RECOCIDO_SIMULADO,123.4777,12141,106336.56,1947.06,1043.895,0,0,true,true,28,7.142857,16386,2416,74.019608,434.921985
SA_ENF098,N050-I01,50,1,1,43,RECOCIDO_SIMULADO,117.2026,11581,106178.561667,1943.061667,1042.355,0,0,true,true,28,7.142857,16748,2432,74.019608,325.850281
SA_ENF098,N050-I01,50,1,2,44,RECOCIDO_SIMULADO,127.0899,12061,106312.515,1941.348333,1043.711667,0,0,true,true,28,7.142857,17280,2682,74.019608,416.25569
SA_ENF098,N050-I01,50,1,3,45,RECOCIDO_SIMULADO,125.2425,12141,106366.578333,1940.078333,1044.265,0,0,true,true,28,7.142857,16944,2594,74.019608,436.051889
SA_ENF098,N050-I01,50,1,4,46,RECOCIDO_SIMULADO,119.8197,11461,106471.776667,1942.61,1045.291667,0,0,true,true,28,7.142857,17050,2648,74.019608,307.965079
SA_ENF098,N050-I01,50,1,5,47,RECOCIDO_SIMULADO,121.5672,11941,106277.198333,1948.698333,1043.285,0,0,true,true,28,7.142857,17228,2520,74.019608,393.603909
SA_ENF098,N050-I01,50,1,6,48,RECOCIDO_SIMULADO,118.438,11621,106314.633333,1959.633333,1043.55,0,0,true,true,28,7.142857,18112,2626,74.019608,335.632007
SA_ENF098,N050-I01,50,1,7,49,RECOCIDO_SIMULADO,122.5677,11941,106445.2,1944.533333,1045.006667,0,0,true,true,28,7.142857,16360,2524,74.019608,390.441648
SA_ENF098,N050-I01,50,1,8,50,RECOCIDO_SIMULADO,119.0347,11701,106395.221667,1948.055,1044.471667,0,0,true,true,28,7.142857,18286,2776,74.019608,347.918625
SA_ENF098,N050-I01,50,1,9,51,RECOCIDO_SIMULADO,124.3305,12141,106399.631667,1938.131667,1044.615,0,0,true,true,28,7.142857,16022,2448,74.019608,434.892299
SA_ENF098,N050-I01,50,1,10,52,RECOCIDO_SIMULADO,126.6176,12181,106493.411667,1954.745,1045.386667,0,0,true,true,28,7.142857,17708,2730,74.019608,438.543257
SA_ENF098,N050-I01,50,1,11,53,RECOCIDO_SIMULADO,124.499,12221,106441.931667,1943.265,1044.986667,0,0,true,true,28,7.142857,17272,2604,74.019608,453.233219
SA_ENF098,N050-I01,50,1,12,54,RECOCIDO_SIMULADO,121.0088,11901,106340.325,1944.158333,1043.961667,0,0,true,true,28,7.142857,16202,2400,74.019608,385.683425
SA_ENF098,N050-I01,50,1,13,55,RECOCIDO_SIMULADO,122.2529,12061,106320.006667,1945.34,1043.746667,0,0,true,true,28,7.142857,17280,2574,74.019608,419.222231
SA_ENF098,N050-I01,50,1,14,56,RECOCIDO_SIMULADO,126.3895,12261,106344.506667,1942.34,1044.021667,0,0,true,true,28,7.142857,17240,2668,74.019608,455.705516
SA_ENF098,N050-I01,50,1,15,57,RECOCIDO_SIMULADO,121.7505,11861,106456.33,1947.163333,1045.091667,0,0,true,true,28,7.142857,18338,2872,74.019608,379.331152
SA_ENF098,N050-I01,50,1,16,58,RECOCIDO_SIMULADO,123.2866,12061,106494.261667,1948.095,1045.461667,0,0,true,true,28,7.142857,17482,2604,74.019608,412.237649
SA_ENF098,N050-I01,50,1,17,59,RECOCIDO_SIMULADO,121.4084,11941,106297.326667,1944.326667,1043.53,0,0,true,true,28,7.142857,17946,2732,74.019608,394.295626
SA_ENF098,N050-I01,50,1,18,60,RECOCIDO_SIMULADO,123.0653,11901,106249.39,1941.223333,1043.081667,0,0,true,true,28,7.142857,16500,2596,74.019608,387.502502
SA_ENF098,N050-I01,50,1,19,61,RECOCIDO_SIMULADO,126.4517,12181,106325.511667,1944.345,1043.811667,0,0,true,true,28,7.142857,17490,2724,74.019608,441.324296
SA_ENF098,N050-I01,50,1,20,62,RECOCIDO_SIMULADO,122.4745,12101,106417.588333,1936.588333,1044.81,0,0,true,true,28,7.142857,15426,2362,74.019608,426.611161
SA_ENF098,N050-I01,50,1,21,63,RECOCIDO_SIMULADO,125.5782,12021,106485.338333,1944.838333,1045.405,0,0,true,true,28,7.142857,17190,2622,74.019608,411.550894
SA_ENF098,N050-I01,50,1,22,64,RECOCIDO_SIMULADO,131.1198,12541,106338.67,1945.503333,1043.931667,0,0,true,true,28,7.142857,17476,2672,74.019608,529.891884
SA_ENF098,N050-I01,50,1,23,65,RECOCIDO_SIMULADO,125.8072,12301,106324.62,1953.453333,1043.711667,0,0,true,true,28,7.142857,17996,2706,74.019608,464.89929
SA_ENF098,N050-I01,50,1,24,66,RECOCIDO_SIMULADO,124.3238,12181,106421.868333,1943.701667,1044.781667,0,0,true,true,28,7.142857,17250,2672,74.019608,441.694224
SA_ENF098,N050-I01,50,1,25,67,RECOCIDO_SIMULADO,126.7316,12341,106374.611667,1943.111667,1044.315,0,0,true,true,28,7.142857,17778,2718,74.019608,477.863071
SA_ENF098,N050-I01,50,1,26,68,RECOCIDO_SIMULADO,130.0378,12701,106355.816667,1943.65,1044.121667,0,0,true,true,28,7.142857,17240,2620,74.019608,577.548156
SA_ENF098,N050-I01,50,1,27,69,RECOCIDO_SIMULADO,125.1825,12421,106303.181667,1943.015,1043.601667,0,0,true,true,28,7.142857,16374,2500,74.019608,500.157844
SA_ENF098,N050-I01,50,1,28,70,RECOCIDO_SIMULADO,121.6126,11981,106178.771667,1939.771667,1042.39,0,0,true,true,28,7.142857,16130,2486,74.019608,396.017253
SA_ENF098,N050-I01,50,1,29,71,RECOCIDO_SIMULADO,125.176,12381,106278.545,1944.545,1043.34,0,0,true,true,28,7.142857,16732,2500,74.019608,485.627039
SA_ENF098,N050-I02,50,2,0,42,RECOCIDO_SIMULADO,126.9716,12381,80071.336667,1608.836667,784.625,0,0,true,true,28,17.647059,18294,2722,54.166667,486.179372
SA_ENF098,N050-I02,50,2,1,43,RECOCIDO_SIMULADO,125.9292,12421,79997.838333,1610.671667,783.871667,0,0,true,true,26,14.705882,15524,2292,54.166667,494.407066
SA_ENF098,N050-I02,50,2,2,44,RECOCIDO_SIMULADO,128.0933,12541,80101.823333,1607.656667,784.941667,0,0,true,true,28,17.647059,18290,2840,54.166667,532.779516
SA_ENF098,N050-I02,50,2,3,45,RECOCIDO_SIMULADO,124.7192,12101,79938.308333,1610.641667,783.276667,0,0,true,true,26,14.705882,17792,2656,54.166667,421.315802
SA_ENF098,N050-I02,50,2,4,46,RECOCIDO_SIMULADO,124.5286,12101,80014.325,1605.991667,784.083333,0,0,true,true,28,17.647059,18064,2762,54.166667,427.087642
SA_ENF098,N050-I02,50,2,5,47,RECOCIDO_SIMULADO,123.4411,12141,79978.801667,1608.301667,783.705,0,0,true,true,26,14.705882,17846,2706,54.166667,435.489356
SA_ENF098,N050-I02,50,2,6,48,RECOCIDO_SIMULADO,125.3442,12061,80115.598333,1606.265,785.093333,0,0,true,true,26,14.705882,18982,2904,54.166667,413.484475
SA_ENF098,N050-I02,50,2,7,49,RECOCIDO_SIMULADO,124.8184,12181,79991.72,1609.553333,783.821667,0,0,true,true,28,17.647059,17946,2734,54.166667,438.073838
SA_ENF098,N050-I02,50,2,8,50,RECOCIDO_SIMULADO,130.0216,12581,80072.411667,1605.078333,784.673333,0,0,true,true,28,17.647059,18094,2736,54.166667,546.107479
SA_ENF098,N050-I02,50,2,9,51,RECOCIDO_SIMULADO,126.4725,12301,80086.983333,1610.816667,784.761667,0,0,true,true,28,17.647059,17860,2726,54.166667,471.225911
SA_ENF098,N050-I02,50,2,10,52,RECOCIDO_SIMULADO,125.3514,12301,80027.875,1610.375,784.175,0,0,true,true,26,14.705882,18168,2748,54.166667,466.83544
SA_ENF098,N050-I02,50,2,11,53,RECOCIDO_SIMULADO,124.9468,12061,80258.553333,1614.22,786.443333,0,0,true,true,26,14.705882,18782,2874,54.166667,419.104364
SA_ENF098,N050-I02,50,2,12,54,RECOCIDO_SIMULADO,127.2892,12381,79942.781667,1608.781667,783.34,0,0,true,true,28,17.647059,17394,2602,54.166667,489.593853
SA_ENF098,N050-I02,50,2,13,55,RECOCIDO_SIMULADO,124.1813,12141,80072.801667,1612.301667,784.605,0,0,true,true,28,17.647059,17416,2566,54.166667,434.318504
SA_ENF098,N050-I02,50,2,14,56,RECOCIDO_SIMULADO,128.8178,12581,79943.338333,1605.005,783.383333,0,0,true,true,28,17.647059,17718,2624,54.166667,539.575041
SA_ENF098,N050-I02,50,2,15,57,RECOCIDO_SIMULADO,124.7606,12221,80195.723333,1611.39,785.843333,0,0,true,true,28,17.647059,18396,2746,54.166667,451.98714
SA_ENF098,N050-I02,50,2,16,58,RECOCIDO_SIMULADO,125.8664,12381,79964.578333,1610.245,783.543333,0,0,true,true,28,17.647059,17004,2540,54.166667,489.319865
SA_ENF098,N050-I02,50,2,17,59,RECOCIDO_SIMULADO,123.0442,12021,79962.49,1609.156667,783.533333,0,0,true,true,26,14.705882,17554,2658,54.166667,407.012616
SA_ENF098,N050-I02,50,2,18,60,RECOCIDO_SIMULADO,125.4848,12141,80078.818333,1611.818333,784.67,0,0,true,true,28,17.647059,18074,2712,54.166667,430.792067
SA_ENF098,N050-I02,50,2,19,61,RECOCIDO_SIMULADO,127.0411,12421,80134.93,1609.596667,785.253333,0,0,true,true,28,17.647059,17196,2606,54.166667,494.206518
SA_ENF098,N050-I02,50,2,20,62,RECOCIDO_SIMULADO,124.385,12101,80030.726667,1611.393333,784.193333,0,0,true,true,28,17.647059,18214,2776,54.166667,427.318444
SA_ENF098,N050-I02,50,2,21,63,RECOCIDO_SIMULADO,124.0076,12101,79996.93,1613.096667,783.838333,0,0,true,true,28,17.647059,17938,2686,54.166667,427.658986
SA_ENF098,N050-I02,50,2,22,64,RECOCIDO_SIMULADO,134.9925,12421,79892.315,1609.481667,782.828333,0,0,true,true,26,14.705882,16776,2506,54.166667,497.265843
SA_ENF098,N050-I02,50,2,23,65,RECOCIDO_SIMULADO,126.8673,12421,80213.011667,1613.511667,785.995,0,0,true,true,28,17.647059,17920,2658,54.166667,501.276975
SA_ENF098,N050-I02,50,2,24,66,RECOCIDO_SIMULADO,128.6365,12541,80056.331667,1608.831667,784.475,0,0,true,true,28,17.647059,18010,2694,54.166667,527.568233
SA_ENF098,N050-I02,50,2,25,67,RECOCIDO_SIMULADO,129.5923,12701,80015.813333,1609.48,784.063333,0,0,true,true,28,17.647059,17920,2664,54.166667,578.880083
SA_ENF098,N050-I02,50,2,26,68,RECOCIDO_SIMULADO,124.1814,12101,79900.93,1608.93,782.92,0,0,true,true,28,17.647059,17422,2658,54.166667,425.388169
SA_ENF098,N050-I02,50,2,27,69,RECOCIDO_SIMULADO,125.9866,12381,79933.711667,1607.711667,783.26,0,0,true,true,28,17.647059,17518,2662,54.166667,486.368055
SA_ENF098,N050-I02,50,2,28,70,RECOCIDO_SIMULADO,125.3777,11941,80085.506667,1612.006667,784.735,0,0,true,true,26,14.705882,17734,2622,54.166667,393.743944
SA_ENF098,N050-I02,50,2,29,71,RECOCIDO_SIMULADO,128.9416,12381,80024.39,1612.39,784.12,0,0,true,true,28,17.647059,18620,2912,54.166667,486.20892
SA_ENF098,N050-I03,50,3,0,42,RECOCIDO_SIMULADO,124.0249,12221,82716.013333,1736.346667,809.796667,0,0,true,true,28,14.814815,16466,2468,64.460784,451.144969
SA_ENF098,N050-I03,50,3,1,43,RECOCIDO_SIMULADO,126.3726,12341,82681.815,1742.481667,809.393333,0,0,true,true,28,14.814815,16284,2420,64.460784,475.85009
SA_ENF098,N050-I03,50,3,2,44,RECOCIDO_SIMULADO,124.5444,12221,82722.915,1736.581667,809.863333,0,0,true,true,28,14.814815,16006,2462,64.460784,452.466699
SA_ENF098,N050-I03,50,3,3,45,RECOCIDO_SIMULADO,122.7068,12061,82875.485,1739.651667,811.358333,0,0,true,true,26,11.111111,16754,2536,64.460784,417.725747
SA_ENF098,N050-I03,50,3,4,46,RECOCIDO_SIMULADO,126.3621,12421,82726.411667,1738.078333,809.883333,0,0,true,true,28,14.814815,16712,2480,64.460784,498.191048
SA_ENF098,N050-I03,50,3,5,47,RECOCIDO_SIMULADO,120.0873,11941,82761.303333,1738.803333,810.225,0,0,true,true,28,14.814815,15220,2282,64.460784,394.537743
SA_ENF098,N050-I03,50,3,6,48,RECOCIDO_SIMULADO,119.8689,11701,82756.985,1743.485,810.135,0,0,true,true,24,11.111111,17242,2542,64.460784,345.174356
SA_ENF098,N050-I03,50,3,7,49,RECOCIDO_SIMULADO,124.2172,12181,82815.238333,1734.238333,810.81,0,0,true,true,26,11.111111,15460,2310,64.460784,443.607279
SA_ENF098,N050-I03,50,3,8,50,RECOCIDO_SIMULADO,122.1941,11981,82856.898333,1739.731667,811.171667,0,0,true,true,28,14.814815,17088,2576,64.460784,399.776881
SA_ENF098,N050-I03,50,3,9,51,RECOCIDO_SIMULADO,125.3236,12341,82799.688333,1735.688333,810.64,0,0,true,true,26,14.814815,15840,2400,64.460784,475.457706
SA_ENF098,N050-I03,50,3,10,52,RECOCIDO_SIMULADO,120.0297,11701,82695.686667,1739.353333,809.563333,0,0,true,true,28,14.814815,16256,2450,64.460784,349.418365
SA_ENF098,N050-I03,50,3,11,53,RECOCIDO_SIMULADO,124.7285,12101,82719.015,1737.515,809.815,0,0,true,true,28,14.814815,15764,2410,64.460784,421.607888
SA_ENF098,N050-I03,50,3,12,54,RECOCIDO_SIMULADO,124.0328,12221,82686.66,1739.16,809.475,0,0,true,true,28,14.814815,16286,2450,64.460784,447.619134
SA_ENF098,N050-I03,50,3,13,55,RECOCIDO_SIMULADO,124.0779,12181,82809.02,1743.186667,810.658333,0,0,true,true,26,11.111111,16692,2416,64.460784,438.198348
SA_ENF098,N050-I03,50,3,14,56,RECOCIDO_SIMULADO,124.4805,12221,82584.431667,1738.265,808.461667,0,0,true,true,28,14.814815,15622,2340,64.460784,447.237759
SA_ENF098,N050-I03,50,3,15,57,RECOCIDO_SIMULADO,126.0058,12421,82743.508333,1741.008333,810.025,0,0,true,true,28,14.814815,15662,2290,64.460784,501.610634
SA_ENF098,N050-I03,50,3,16,58,RECOCIDO_SIMULADO,125.8338,12221,82775.816667,1736.983333,810.388333,0,0,true,true,28,14.814815,15870,2430,64.460784,453.960337
SA_ENF098,N050-I03,50,3,17,59,RECOCIDO_SIMULADO,123.2707,12101,82791.033333,1736.866667,810.541667,0,0,true,true,28,14.814815,16502,2528,64.460784,424.31164
SA_ENF098,N050-I03,50,3,18,60,RECOCIDO_SIMULADO,125.2705,12301,82868.695,1741.861667,811.268333,0,0,true,true,28,14.814815,16496,2504,64.460784,468.722124
SA_ENF098,N050-I03,50,3,19,61,RECOCIDO_SIMULADO,128.8893,12581,82764.418333,1736.918333,810.275,0,0,true,true,26,14.814815,15640,2436,64.460784,539.125354
SA_ENF098,N050-I03,50,3,20,62,RECOCIDO_SIMULADO,120.6644,11701,82699.61,1741.776667,809.578333,0,0,true,true,26,11.111111,16316,2444,64.460784,344.082271
SA_ENF098,N050-I03,50,3,21,63,RECOCIDO_SIMULADO,119.9444,11741,82769.313333,1736.813333,810.325,0,0,true,true,28,14.814815,16366,2454,64.460784,355.884113
SA_ENF098,N050-I03,50,3,22,64,RECOCIDO_SIMULADO,123.2596,12021,82592.155,1735.488333,808.566667,0,0,true,true,28,14.814815,15704,2398,64.460784,407.487287
SA_ENF098,N050-I03,50,3,23,65,RECOCIDO_SIMULADO,127.3734,12421,82844.185,1734.851667,811.093333,0,0,true,true,26,11.111111,15684,2450,64.460784,503.770264
SA_ENF098,N050-I03,50,3,24,66,RECOCIDO_SIMULADO,119.671,11781,82757.476667,1738.81,810.186667,0,0,true,true,28,14.814815,16264,2478,64.460784,363.699202
SA_ENF098,N050-I03,50,3,25,67,RECOCIDO_SIMULADO,123.8503,12181,82779.478333,1740.811667,810.386667,0,0,true,true,26,14.814815,16070,2440,64.460784,441.466678
SA_ENF098,N050-I03,50,3,26,68,RECOCIDO_SIMULADO,126.7845,12301,82686.506667,1736.673333,809.498333,0,0,true,true,28,14.814815,15568,2340,64.460784,467.187126
SA_ENF098,N050-I03,50,3,27,69,RECOCIDO_SIMULADO,124.5935,12221,82715.47,1739.136667,809.763333,0,0,true,true,26,11.111111,15950,2356,64.460784,447.692035
SA_ENF098,N050-I03,50,3,28,70,RECOCIDO_SIMULADO,123.705,12021,82746.651667,1734.985,810.116667,0,0,true,true,24,11.111111,16168,2518,64.460784,407.703636
SA_ENF098,N050-I03,50,3,29,71,RECOCIDO_SIMULADO,120.3847,11861,82789.6,1741.6,810.48,0,0,true,true,28,14.814815,16816,2508,64.460784,376.675095
SA_ENF098,N050-I04,50,4,0,42,RECOCIDO_SIMULADO,127.4529,12461,86900.741667,1723.408333,851.773333,0,0,true,true,32,16.129032,16434,2542,64.215686,510.768735
SA_ENF098,N050-I04,50,4,1,43,RECOCIDO_SIMULADO,126.3621,12261,86914.823333,1725.656667,851.891667,0,0,true,true,32,16.129032,16170,2444,64.215686,464.140968
SA_ENF098,N050-I04,50,4,2,44,RECOCIDO_SIMULADO,128.4974,12501,86777.76,1723.26,850.545,0,0,true,true,32,16.129032,15480,2348,64.215686,518.523225
SA_ENF098,N050-I04,50,4,3,45,RECOCIDO_SIMULADO,126.5197,12461,86742.231667,1724.231667,850.18,0,0,true,true,30,12.903226,15712,2328,64.215686,513.284941
SA_ENF098,N050-I04,50,4,4,46,RECOCIDO_SIMULADO,123.9761,12221,86850.013333,1720.346667,851.296667,0,0,true,true,32,16.129032,15006,2280,64.215686,454.689815
SA_ENF098,N050-I04,50,4,5,47,RECOCIDO_SIMULADO,125.3643,12181,86844.515,1723.181667,851.213333,0,0,true,true,32,16.129032,16252,2452,64.215686,445.707314
SA_ENF098,N050-I04,50,4,6,48,RECOCIDO_SIMULADO,128.9172,12581,86759.498333,1723.498333,850.36,0,0,true,true,32,16.129032,16344,2450,64.215686,537.672121
SA_ENF098,N050-I04,50,4,7,49,RECOCIDO_SIMULADO,125.6048,12141,86961.028333,1724.528333,852.365,0,0,true,true,32,16.129032,16064,2460,64.215686,431.258171
SA_ENF098,N050-I04,50,4,8,50,RECOCIDO_SIMULADO,130.6149,12541,86849.25,1720.25,851.29,0,0,true,true,32,16.129032,15950,2500,64.215686,534.567191
SA_ENF098,N050-I04,50,4,9,51,RECOCIDO_SIMULADO,126.7967,12381,86817.11,1722.61,850.945,0,0,true,true,32,16.129032,16278,2496,64.215686,487.309027
SA_ENF098,N050-I04,50,4,10,52,RECOCIDO_SIMULADO,127.7719,12301,86975.995,1722.995,852.53,0,0,true,true,32,16.129032,15002,2286,64.215686,473.733627
SA_ENF098,N050-I04,50,4,11,53,RECOCIDO_SIMULADO,127.4576,12221,86795.87,1728.036667,850.678333,0,0,true,true,32,16.129032,16440,2476,64.215686,451.773785
SA_ENF098,N050-I04,50,4,12,54,RECOCIDO_SIMULADO,128.5853,12181,86861.258333,1720.758333,851.405,0,0,true,true,32,16.129032,15902,2356,64.215686,441.004423
SA_ENF098,N050-I04,50,4,13,55,RECOCIDO_SIMULADO,124.7982,12141,86821.491667,1723.825,850.976667,0,0,true,true,32,16.129032,15272,2302,64.215686,434.682438
SA_ENF098,N050-I04,50,4,14,56,RECOCIDO_SIMULADO,127.3821,12341,86813.913333,1727.913333,850.86,0,0,true,true,30,12.903226,16500,2466,64.215686,483.661029
SA_ENF098,N050-I04,50,4,15,57,RECOCIDO_SIMULADO,128.5679,12501,86889.718333,1721.218333,851.685,0,0,true,true,32,16.129032,16710,2458,64.215686,515.579742
SA_ENF098,N050-I04,50,4,16,58,RECOCIDO_SIMULADO,126.3063,12141,86821.118333,1723.451667,850.976667,0,0,true,true,32,16.129032,16224,2400,64.215686,431.059415
SA_ENF098,N050-I04,50,4,17,59,RECOCIDO_SIMULADO,128.4402,12621,86820.818333,1721.651667,850.991667,0,0,true,true,32,16.129032,14144,2074,64.215686,547.390254
SA_ENF098,N050-I04,50,4,18,60,RECOCIDO_SIMULADO,130.6505,12581,86819.806667,1721.306667,850.985,0,0,true,true,32,16.129032,15556,2516,64.215686,543.710013
SA_ENF098,N050-I04,50,4,19,61,RECOCIDO_SIMULADO,133.8415,12621,86775.09,1723.423333,850.516667,0,0,true,true,32,16.129032,14950,2228,64.215686,553.011046
SA_ENF098,N050-I04,50,4,20,62,RECOCIDO_SIMULADO,125.3739,12261,86721.791667,1727.958333,849.938333,0,0,true,true,32,16.129032,15542,2432,64.215686,456.89274
SA_ENF098,N050-I04,50,4,21,63,RECOCIDO_SIMULADO,126.276,12341,86833.665,1719.498333,851.141667,0,0,true,true,32,16.129032,15218,2348,64.215686,478.13181
SA_ENF098,N050-I04,50,4,22,64,RECOCIDO_SIMULADO,131.2756,12741,86736.178333,1721.678333,850.145,0,0,true,true,32,16.129032,15112,2294,64.215686,582.219032
SA_ENF098,N050-I04,50,4,23,65,RECOCIDO_SIMULADO,125.6959,12301,86896.488333,1724.821667,851.716667,0,0,true,true,32,16.129032,16464,2550,64.215686,466.869963
SA_ENF098,N050-I04,50,4,24,66,RECOCIDO_SIMULADO,129.6375,12541,86770.638333,1722.638333,850.48,0,0,true,true,32,16.129032,15234,2272,64.215686,529.110931
SA_ENF098,N050-I04,50,4,25,67,RECOCIDO_SIMULADO,130.8005,12381,86766.985,1725.151667,850.418333,0,0,true,true,32,16.129032,15554,2376,64.215686,490.008381
SA_ENF098,N050-I04,50,4,26,68,RECOCIDO_SIMULADO,127.6755,12421,86850.596667,1727.596667,851.23,0,0,true,true,30,12.903226,16450,2454,64.215686,502.297259
SA_ENF098,N050-I04,50,4,27,69,RECOCIDO_SIMULADO,127.5762,12381,86823.548333,1722.381667,851.011667,0,0,true,true,32,16.129032,15930,2384,64.215686,485.047389
SA_ENF098,N050-I04,50,4,28,70,RECOCIDO_SIMULADO,123.1703,11941,86707.365,1719.865,849.875,0,0,true,true,32,16.129032,14560,2144,64.215686,393.290692
SA_ENF098,N050-I04,50,4,29,71,RECOCIDO_SIMULADO,132.071,12261,86858.37,1719.37,851.39,0,0,true,true,32,16.129032,15362,2280,64.215686,457.578304
SA_ENF098,N050-I05,50,5,0,42,RECOCIDO_SIMULADO,122.3823,11661,83704.03,1521.696667,821.823333,0,0,true,true,26,11.428571,16286,2502,65.686275,341.459488
SA_ENF098,N050-I05,50,5,1,43,RECOCIDO_SIMULADO,127.038,12101,83800.016667,1519.35,822.806667,0,0,true,true,26,11.428571,15236,2278,65.686275,420.584026
SA_ENF098,N050-I05,50,5,2,44,RECOCIDO_SIMULADO,126.4132,12261,83860.115,1517.281667,823.428333,0,0,true,true,26,11.428571,16010,2422,65.686275,460.603516
SA_ENF098,N050-I05,50,5,3,45,RECOCIDO_SIMULADO,123.8855,11981,84020.816667,1522.65,824.981667,0,0,true,true,26,11.428571,16502,2482,65.686275,401.860152
SA_ENF098,N050-I05,50,5,4,46,RECOCIDO_SIMULADO,121.7077,11781,83636.348333,1523.348333,821.13,0,0,true,true,26,11.428571,16054,2356,65.686275,362.548796
SA_ENF098,N050-I05,50,5,5,47,RECOCIDO_SIMULADO,123.0392,12101,83651.293333,1521.793333,821.295,0,0,true,true,26,11.428571,14860,2208,65.686275,423.175659
SA_ENF098,N050-I05,50,5,6,48,RECOCIDO_SIMULADO,124.3512,12021,83723.146667,1521.98,822.011667,0,0,true,true,26,11.428571,15368,2300,65.686275,410.407428
SA_ENF098,N050-I05,50,5,7,49,RECOCIDO_SIMULADO,130.3626,12261,83730.276667,1522.11,822.081667,0,0,true,true,26,11.428571,15832,2368,65.686275,458.04005
SA_ENF098,N050-I05,50,5,8,50,RECOCIDO_SIMULADO,120.3701,11781,83622.455,1519.121667,821.033333,0,0,true,true,26,11.428571,15058,2224,65.686275,358.622183
SA_ENF098,N050-I05,50,5,9,51,RECOCIDO_SIMULADO,121.9363,11701,83881.916667,1524.083333,823.578333,0,0,true,true,28,11.428571,16330,2434,65.686275,346.090777
SA_ENF098,N050-I05,50,5,10,52,RECOCIDO_SIMULADO,119.9812,11741,83747.086667,1524.753333,822.223333,0,0,true,true,28,11.428571,15328,2216,65.686275,356.811837
SA_ENF098,N050-I05,50,5,11,53,RECOCIDO_SIMULADO,122.8222,11861,83742.605,1522.271667,822.203333,0,0,true,true,26,11.428571,15042,2224,65.686275,378.425144
SA_ENF098,N050-I05,50,5,12,54,RECOCIDO_SIMULADO,128.1929,12021,83763.171667,1525.171667,822.38,0,0,true,true,26,11.428571,16806,2510,65.686275,409.647074
SA_ENF098,N050-I05,50,5,13,55,RECOCIDO_SIMULADO,123.1782,11661,83675.636667,1522.97,821.526667,0,0,true,true,26,11.428571,15324,2290,65.686275,340.733619
SA_ENF098,N050-I05,50,5,14,56,RECOCIDO_SIMULADO,129.7919,12261,83853.151667,1522.151667,823.31,0,0,true,true,30,14.285714,15528,2364,65.686275,456.742543
SA_ENF098,N050-I05,50,5,15,57,RECOCIDO_SIMULADO,123.2736,11901,83877.385,1522.385,823.55,0,0,true,true,28,11.428571,15978,2406,65.686275,383.568193
SA_ENF098,N050-I05,50,5,16,58,RECOCIDO_SIMULADO,124.3421,11941,83776.91,1519.91,822.57,0,0,true,true,28,11.428571,16124,2412,65.686275,392.924379
SA_ENF098,N050-I05,50,5,17,59,RECOCIDO_SIMULADO,128.1727,12261,83852.493333,1519.993333,823.325,0,0,true,true,26,11.428571,16358,2546,65.686275,462.830138
SA_ENF098,N050-I05,50,5,18,60,RECOCIDO_SIMULADO,129.3609,12301,83858.161667,1520.328333,823.378333,0,0,true,true,28,11.428571,15656,2346,65.686275,466.911584
SA_ENF098,N050-I05,50,5,19,61,RECOCIDO_SIMULADO,128.5291,12341,83750.353333,1516.353333,822.34,0,0,true,true,26,11.428571,14996,2216,65.686275,476.72686
SA_ENF098,N050-I05,50,5,20,62,RECOCIDO_SIMULADO,122.0569,11701,83738.053333,1521.053333,822.17,0,0,true,true,26,11.428571,15310,2284,65.686275,347.039638
SA_ENF098,N050-I05,50,5,21,63,RECOCIDO_SIMULADO,122.5097,11781,83819.513333,1520.013333,822.995,0,0,true,true,26,11.428571,16214,2464,65.686275,360.758741
SA_ENF098,N050-I05,50,5,22,64,RECOCIDO_SIMULADO,127.4641,12261,83745.115,1519.781667,822.253333,0,0,true,true,26,11.428571,16424,2452,65.686275,463.164838
SA_ENF098,N050-I05,50,5,23,65,RECOCIDO_SIMULADO,128.6414,12541,83757.88,1537.546667,822.203333,0,0,true,true,26,11.428571,17020,2436,65.686275,528.721386
SA_ENF098,N050-I05,50,5,24,66,RECOCIDO_SIMULADO,125.6049,11981,83848.558333,1523.058333,823.255,0,0,true,true,26,11.428571,17172,2570,65.686275,396.912426
SA_ENF098,N050-I05,50,5,25,67,RECOCIDO_SIMULADO,126.8947,12101,83660.713333,1522.88,821.378333,0,0,true,true,26,11.428571,16070,2408,65.686275,425.904209
SA_ENF098,N050-I05,50,5,26,68,RECOCIDO_SIMULADO,124.5409,11821,83806.228333,1530.728333,822.755,0,0,true,true,26,11.428571,15202,2236,65.686275,369.478229
SA_ENF098,N050-I05,50,5,27,69,RECOCIDO_SIMULADO,121.7121,11741,83717.075,1522.908333,821.941667,0,0,true,true,26,11.428571,15756,2404,65.686275,354.766925
SA_ENF098,N050-I05,50,5,28,70,RECOCIDO_SIMULADO,122.5826,11941,83714.223333,1521.723333,821.925,0,0,true,true,26,11.428571,15260,2202,65.686275,387.858576
SA_ENF098,N050-I05,50,5,29,71,RECOCIDO_SIMULADO,121.425,11941,83904.718333,1523.551667,823.811667,0,0,true,true,28,11.428571,16400,2402,65.686275,393.45444
SA_ACEP04,N025-I01,25,1,0,42,RECOCIDO_SIMULADO,24.1513,3701,22561.686667,614.353333,219.473333,0,0,true,true,48,26.666667,11236,1516,42.401961,99.282732
SA_ACEP04,N025-I01,25,1,1,43,RECOCIDO_SIMULADO,25.9005,3861,22602.521667,608.688333,219.938333,0,0,true,true,48,26.666667,11072,1560,42.401961,122.749233
SA_ACEP04,N025-I01,25,1,2,44,RECOCIDO_SIMULADO,26.212,3941,22613.31,608.143333,220.051667,0,0,true,true,52,33.333333,10556,1474,42.401961,137.24946
SA_ACEP04,N025-I01,25,1,3,45,RECOCIDO_SIMULADO,26.3113,4021,22610.91,608.743333,220.021667,0,0,true,true,52,33.333333,10608,1476,42.401961,150.952833
SA_ACEP04,N025-I01,25,1,4,46,RECOCIDO_SIMULADO,26.1633,3861,22557.926667,610.593333,219.473333,0,0,true,true,48,26.666667,11080,1500,42.401961,121.563892
SA_ACEP04,N025-I01,25,1,5,47,RECOCIDO_SIMULADO,26.2444,4101,22575.861667,610.528333,219.653333,0,0,true,true,48,26.666667,10160,1372,42.401961,161.242436
SA_ACEP04,N025-I01,25,1,6,48,RECOCIDO_SIMULADO,25.3614,3901,22584.6,619.433333,219.651667,0,0,true,true,44,20,9086,1242,42.401961,129.707246
SA_ACEP04,N025-I01,25,1,7,49,RECOCIDO_SIMULADO,25.5342,3821,22580.906667,608.073333,219.728333,0,0,true,true,48,26.666667,9772,1322,42.401961,113.443417
SA_ACEP04,N025-I01,25,1,8,50,RECOCIDO_SIMULADO,25.3885,3861,22603.72,610.553333,219.931667,0,0,true,true,52,33.333333,10140,1404,42.401961,123.344392
SA_ACEP04,N025-I01,25,1,9,51,RECOCIDO_SIMULADO,24.7498,3821,22574.401667,607.568333,219.668333,0,0,true,true,48,26.666667,10608,1486,42.401961,113.003007
SA_ACEP04,N025-I01,25,1,10,52,RECOCIDO_SIMULADO,26.8083,3981,22546.576667,615.743333,219.308333,0,0,true,true,48,26.666667,11180,1512,42.401961,139.307519
SA_ACEP04,N025-I01,25,1,11,53,RECOCIDO_SIMULADO,24.7922,3821,22601.4,606.733333,219.946667,0,0,true,true,52,33.333333,10364,1448,42.401961,115.139219
SA_ACEP04,N025-I01,25,1,12,54,RECOCIDO_SIMULADO,24.7666,3901,22614.345,609.178333,220.051667,0,0,true,true,52,33.333333,10344,1402,42.401961,129.990237
SA_ACEP04,N025-I01,25,1,13,55,RECOCIDO_SIMULADO,24.7452,3741,22597.916667,613.083333,219.848333,0,0,true,true,48,26.666667,11204,1538,42.401961,104.862407
SA_ACEP04,N025-I01,25,1,14,56,RECOCIDO_SIMULADO,24.3156,3781,22580.261667,613.428333,219.668333,0,0,true,true,48,26.666667,11352,1528,42.401961,111.141033
SA_ACEP04,N025-I01,25,1,15,57,RECOCIDO_SIMULADO,24.2033,3701,22628.751667,607.918333,220.208333,0,0,true,true,48,26.666667,10344,1420,42.401961,100.157623
SA_ACEP04,N025-I01,25,1,16,58,RECOCIDO_SIMULADO,26.5193,3981,22592.065,609.398333,219.826667,0,0,true,true,52,33.333333,10544,1456,42.401961,140.169283
SA_ACEP04,N025-I01,25,1,17,59,RECOCIDO_SIMULADO,24.4714,3821,22634.836667,609.503333,220.253333,0,0,true,true,48,26.666667,10844,1512,42.401961,117.948866
SA_ACEP04,N025-I01,25,1,18,60,RECOCIDO_SIMULADO,25.0365,3941,22561.616667,611.283333,219.503333,0,0,true,true,48,26.666667,10284,1368,42.401961,130.748459
SA_ACEP04,N025-I01,25,1,19,61,RECOCIDO_SIMULADO,25.0745,3821,22566.566667,608.733333,219.578333,0,0,true,true,48,26.666667,11340,1560,42.401961,116.986805
SA_ACEP04,N025-I01,25,1,20,62,RECOCIDO_SIMULADO,28.5514,3901,22555.961667,608.628333,219.473333,0,0,true,true,48,26.666667,10792,1478,42.401961,125.464453
SA_ACEP04,N025-I01,25,1,21,63,RECOCIDO_SIMULADO,27.6292,3821,22575.346667,617.513333,219.578333,0,0,true,true,48,26.666667,10286,1438,42.401961,114.747176
SA_ACEP04,N025-I01,25,1,22,64,RECOCIDO_SIMULADO,26.6452,3981,22538.321667,607.488333,219.308333,0,0,true,true,48,26.666667,10408,1412,42.401961,144.114833
SA_ACEP04,N025-I01,25,1,23,65,RECOCIDO_SIMULADO,25.3409,3981,22548.196667,608.363333,219.398333,0,0,true,true,48,26.666667,10796,1488,42.401961,140.491381
SA_ACEP04,N025-I01,25,1,24,66,RECOCIDO_SIMULADO,24.7577,3861,22583.791667,615.458333,219.683333,0,0,true,true,48,26.666667,11192,1484,42.401961,118.49853
SA_ACEP04,N025-I01,25,1,25,67,RECOCIDO_SIMULADO,25.5206,3821,22573.766667,606.933333,219.668333,0,0,true,true,48,26.666667,10932,1514,42.401961,116.976256
SA_ACEP04,N025-I01,25,1,26,68,RECOCIDO_SIMULADO,25.1296,3901,22593.476667,607.143333,219.863333,0,0,true,true,48,26.666667,10180,1402,42.401961,129.60836
SA_ACEP04,N025-I01,25,1,27,69,RECOCIDO_SIMULADO,25.0901,3901,22575.43,610.763333,219.646667,0,0,true,true,52,33.333333,10636,1428,42.401961,124.921982
SA_ACEP04,N025-I01,25,1,28,70,RECOCIDO_SIMULADO,26.5685,4021,22539.951667,609.118333,219.308333,0,0,true,true,48,26.666667,10836,1492,42.401961,152.206245
SA_ACEP04,N025-I01,25,1,29,71,RECOCIDO_SIMULADO,25.0188,3861,22564.866667,607.033333,219.578333,0,0,true,true,48,26.666667,10956,1512,42.401961,122.665247
SA_ACEP04,N025-I02,25,2,0,42,RECOCIDO_SIMULADO,24.3211,3621,11841.03,431.696667,114.093333,0,0,true,true,56,15.384615,11648,1702,31.617647,89.051515
SA_ACEP04,N025-I02,25,2,1,43,RECOCIDO_SIMULADO,24.2572,3661,11833.558333,440.725,113.928333,0,0,true,true,56,15.384615,11918,1636,31.617647,93.445845
SA_ACEP04,N025-I02,25,2,2,44,RECOCIDO_SIMULADO,22.1908,3341,11841.03,431.696667,114.093333,0,0,true,true,56,15.384615,11648,1702,31.617647,61.986902
SA_ACEP04,N025-I02,25,2,3,45,RECOCIDO_SIMULADO,20.2318,3061,11841.03,431.696667,114.093333,0,0,true,true,56,15.384615,11648,1702,31.617647,42.446976
SA_ACEP04,N025-I02,25,2,4,46,RECOCIDO_SIMULADO,24.3979,3501,11841.03,431.696667,114.093333,0,0,true,true,56,15.384615,11648,1702,31.617647,76.793351
SA_ACEP04,N025-I02,25,2,5,47,RECOCIDO_SIMULADO,25.3387,3741,11841.03,431.696667,114.093333,0,0,true,true,56,15.384615,11648,1702,31.617647,102.703711
SA_ACEP04,N025-I02,25,2,6,48,RECOCIDO_SIMULADO,18.1906,2621,11841.03,431.696667,114.093333,0,0,true,true,56,15.384615,11648,1702,31.617647,24.586985
SA_ACEP04,N025-I02,25,2,7,49,RECOCIDO_SIMULADO,18.1176,2581,11841.03,431.696667,114.093333,0,0,true,true,56,15.384615,11648,1702,31.617647,23.851248
SA_ACEP04,N025-I02,25,2,8,50,RECOCIDO_SIMULADO,24.2497,3661,11841.03,431.696667,114.093333,0,0,true,true,56,15.384615,11648,1702,31.617647,95.982314
SA_ACEP04,N025-I02,25,2,9,51,RECOCIDO_SIMULADO,23.6219,3621,11841.03,431.696667,114.093333,0,0,true,true,56,15.384615,11648,1702,31.617647,88.279947
SA_ACEP04,N025-I02,25,2,10,52,RECOCIDO_SIMULADO,25.8012,3861,11841.03,431.696667,114.093333,0,0,true,true,56,15.384615,11648,1702,31.617647,118.498091
SA_ACEP04,N025-I02,25,2,11,53,RECOCIDO_SIMULADO,22.8281,3541,11834.041667,441.208333,113.928333,0,0,true,true,56,15.384615,11330,1612,31.617647,80.771375
SA_ACEP04,N025-I02,25,2,12,54,RECOCIDO_SIMULADO,24.2773,3781,11841.03,431.696667,114.093333,0,0,true,true,56,15.384615,11648,1702,31.617647,109.500715
SA_ACEP04,N025-I02,25,2,13,55,RECOCIDO_SIMULADO,24.6088,3701,11841.03,431.696667,114.093333,0,0,true,true,56,15.384615,11648,1702,31.617647,98.923452
SA_ACEP04,N025-I02,25,2,14,56,RECOCIDO_SIMULADO,23.0446,3501,11828.94,436.106667,113.928333,0,0,true,true,56,15.384615,11544,1638,31.617647,76.448936
SA_ACEP04,N025-I02,25,2,15,57,RECOCIDO_SIMULADO,24.6178,3741,11841.03,431.696667,114.093333,0,0,true,true,56,15.384615,11648,1702,31.617647,104.244851
SA_ACEP04,N025-I02,25,2,16,58,RECOCIDO_SIMULADO,20.4178,3061,11841.03,431.696667,114.093333,0,0,true,true,56,15.384615,11648,1702,31.617647,43.094392
SA_ACEP04,N025-I02,25,2,17,59,RECOCIDO_SIMULADO,21.8143,3301,11841.03,431.696667,114.093333,0,0,true,true,56,15.384615,11648,1702,31.617647,59.903899
SA_ACEP04,N025-I02,25,2,18,60,RECOCIDO_SIMULADO,25.1796,3861,11837.721667,444.888333,113.928333,0,0,true,true,56,15.384615,10180,1428,31.617647,121.836617
SA_ACEP04,N025-I02,25,2,19,61,RECOCIDO_SIMULADO,23.064,3581,11835.321667,442.488333,113.928333,0,0,true,true,56,15.384615,10964,1534,31.617647,85.650396
SA_ACEP04,N025-I02,25,2,20,62,RECOCIDO_SIMULADO,25.3168,3781,11827.45,434.616667,113.928333,0,0,true,true,56,15.384615,10520,1480,31.617647,106.880903
SA_ACEP04,N025-I02,25,2,21,63,RECOCIDO_SIMULADO,22.8909,3541,11840.21,447.376667,113.928333,0,0,true,true,56,15.384615,10520,1424,31.617647,79.695077
SA_ACEP04,N025-I02,25,2,22,64,RECOCIDO_SIMULADO,22.3825,3421,11841.03,431.696667,114.093333,0,0,true,true,56,15.384615,11648,1702,31.617647,67.203449
SA_ACEP04,N025-I02,25,2,23,65,RECOCIDO_SIMULADO,22.4939,3261,11841.03,431.696667,114.093333,0,0,true,true,56,15.384615,11648,1702,31.617647,55.330908
SA_ACEP04,N025-I02,25,2,24,66,RECOCIDO_SIMULADO,21.3789,3261,11841.03,431.696667,114.093333,0,0,true,true,56,15.384615,11648,1702,31.617647,56.374802
SA_ACEP04,N025-I02,25,2,25,67,RECOCIDO_SIMULADO,24.1736,3701,11841.03,431.696667,114.093333,0,0,true,true,56,15.384615,11648,1702,31.617647,99.238919
SA_ACEP04,N025-I02,25,2,26,68,RECOCIDO_SIMULADO,22.4389,3301,11841.03,431.696667,114.093333,0,0,true,true,56,15.384615,11648,1702,31.617647,60.430006
SA_ACEP04,N025-I02,25,2,27,69,RECOCIDO_SIMULADO,23.1275,3541,11834.47,441.636667,113.928333,0,0,true,true,56,15.384615,10088,1392,31.617647,82.209502
SA_ACEP04,N025-I02,25,2,28,70,RECOCIDO_SIMULADO,22.5907,3501,11841.03,431.696667,114.093333,0,0,true,true,56,15.384615,11648,1702,31.617647,78.169356
SA_ACEP04,N025-I02,25,2,29,71,RECOCIDO_SIMULADO,21.6036,3141,11841.03,431.696667,114.093333,0,0,true,true,56,15.384615,11648,1702,31.617647,47.119413
SA_ACEP04,N025-I03,25,3,0,42,RECOCIDO_SIMULADO,24.2062,3661,12032.715,416.048333,116.166667,0,0,true,true,68,52.941176,10704,1536,28.676471,91.512493
SA_ACEP04,N025-I03,25,3,1,43,RECOCIDO_SIMULADO,20.1192,3061,12032.715,416.048333,116.166667,0,0,true,true,68,52.941176,10704,1536,28.676471,44.425181
SA_ACEP04,N025-I03,25,3,2,44,RECOCIDO_SIMULADO,23.5714,3501,12032.715,416.048333,116.166667,0,0,true,true,68,52.941176,10704,1536,28.676471,75.632938
SA_ACEP04,N025-I03,25,3,3,45,RECOCIDO_SIMULADO,21.9412,3341,12032.715,416.048333,116.166667,0,0,true,true,68,52.941176,10704,1536,28.676471,62.609998
SA_ACEP04,N025-I03,25,3,4,46,RECOCIDO_SIMULADO,20.848,3181,12032.715,416.048333,116.166667,0,0,true,true,68,52.941176,10704,1536,28.676471,51.425058
SA_ACEP04,N025-I03,25,3,5,47,RECOCIDO_SIMULADO,24.4473,3741,12032.715,416.048333,116.166667,0,0,true,true,68,52.941176,10704,1536,28.676471,104.91784
SA_ACEP04,N025-I03,25,3,6,48,RECOCIDO_SIMULADO,24.6856,3621,12032.715,416.048333,116.166667,0,0,true,true,68,52.941176,10704,1536,28.676471,87.370655
SA_ACEP04,N025-I03,25,3,7,49,RECOCIDO_SIMULADO,21.4684,3221,12032.715,416.048333,116.166667,0,0,true,true,68,52.941176,10704,1536,28.676471,52.953677
SA_ACEP04,N025-I03,25,3,8,50,RECOCIDO_SIMULADO,19.2621,2861,12032.715,416.048333,116.166667,0,0,true,true,68,52.941176,10704,1536,28.676471,34.314732
SA_ACEP04,N025-I03,25,3,9,51,RECOCIDO_SIMULADO,24.2536,3501,12032.715,416.048333,116.166667,0,0,true,true,68,52.941176,10704,1536,28.676471,77.534549
SA_ACEP04,N025-I03,25,3,10,52,RECOCIDO_SIMULADO,22.947,3421,12032.715,416.048333,116.166667,0,0,true,true,68,52.941176,10704,1536,28.676471,68.399793
SA_ACEP04,N025-I03,25,3,11,53,RECOCIDO_SIMULADO,25.3909,3701,12032.715,416.048333,116.166667,0,0,true,true,68,52.941176,10704,1536,28.676471,99.285549
SA_ACEP04,N025-I03,25,3,12,54,RECOCIDO_SIMULADO,24.7311,3541,12032.715,416.048333,116.166667,0,0,true,true,68,52.941176,10704,1536,28.676471,82.282476
SA_ACEP04,N025-I03,25,3,13,55,RECOCIDO_SIMULADO,25.4254,3821,12032.715,416.048333,116.166667,0,0,true,true,68,52.941176,10704,1536,28.676471,115.467282
SA_ACEP04,N025-I03,25,3,14,56,RECOCIDO_SIMULADO,22.6315,3461,12032.715,416.048333,116.166667,0,0,true,true,68,52.941176,10704,1536,28.676471,71.129499
SA_ACEP04,N025-I03,25,3,15,57,RECOCIDO_SIMULADO,23.7041,3501,12032.715,416.048333,116.166667,0,0,true,true,68,52.941176,10704,1536,28.676471,75.205427
SA_ACEP04,N025-I03,25,3,16,58,RECOCIDO_SIMULADO,20.8991,3101,12032.715,416.048333,116.166667,0,0,true,true,68,52.941176,10704,1536,28.676471,45.183565
SA_ACEP04,N025-I03,25,3,17,59,RECOCIDO_SIMULADO,23.9333,3501,12032.715,416.048333,116.166667,0,0,true,true,68,52.941176,10704,1536,28.676471,76.013995
SA_ACEP04,N025-I03,25,3,18,60,RECOCIDO_SIMULADO,23.7655,3701,12032.715,416.048333,116.166667,0,0,true,true,68,52.941176,10704,1536,28.676471,100.03024
SA_ACEP04,N025-I03,25,3,19,61,RECOCIDO_SIMULADO,23.7221,3421,12032.715,416.048333,116.166667,0,0,true,true,68,52.941176,10704,1536,28.676471,70.418737
SA_ACEP04,N025-I03,25,3,20,62,RECOCIDO_SIMULADO,23.8914,3661,12032.715,416.048333,116.166667,0,0,true,true,68,52.941176,10704,1536,28.676471,92.138938
SA_ACEP04,N025-I03,25,3,21,63,RECOCIDO_SIMULADO,21.8773,3381,12032.715,416.048333,116.166667,0,0,true,true,68,52.941176,10704,1536,28.676471,65.339523
SA_ACEP04,N025-I03,25,3,22,64,RECOCIDO_SIMULADO,24.0228,3541,12032.715,416.048333,116.166667,0,0,true,true,68,52.941176,10704,1536,28.676471,80.541721
SA_ACEP04,N025-I03,25,3,23,65,RECOCIDO_SIMULADO,22.4471,3421,12032.715,416.048333,116.166667,0,0,true,true,68,52.941176,10704,1536,28.676471,70.331079
SA_ACEP04,N025-I03,25,3,24,66,RECOCIDO_SIMULADO,18.8116,2861,12032.715,416.048333,116.166667,0,0,true,true,68,52.941176,10704,1536,28.676471,33.781144
SA_ACEP04,N025-I03,25,3,25,67,RECOCIDO_SIMULADO,25.6038,3741,12032.715,416.048333,116.166667,0,0,true,true,68,52.941176,10704,1536,28.676471,105.683941
SA_ACEP04,N025-I03,25,3,26,68,RECOCIDO_SIMULADO,18.6602,2821,12032.715,416.048333,116.166667,0,0,true,true,68,52.941176,10704,1536,28.676471,32.396143
SA_ACEP04,N025-I03,25,3,27,69,RECOCIDO_SIMULADO,14.0904,2101,12032.715,416.048333,116.166667,0,0,true,true,68,52.941176,10704,1536,28.676471,12.699816
SA_ACEP04,N025-I03,25,3,28,70,RECOCIDO_SIMULADO,23.5078,3541,12032.715,416.048333,116.166667,0,0,true,true,68,52.941176,10704,1536,28.676471,78.938547
SA_ACEP04,N025-I03,25,3,29,71,RECOCIDO_SIMULADO,24.3198,3661,12032.715,416.048333,116.166667,0,0,true,true,68,52.941176,10704,1536,28.676471,93.077558
SA_ACEP04,N025-I04,25,4,0,42,RECOCIDO_SIMULADO,26.1274,3621,11725.871667,423.371667,113.025,0,0,true,true,56,35.294118,12372,1730,25.490196,90.540772
SA_ACEP04,N025-I04,25,4,1,43,RECOCIDO_SIMULADO,22.0565,3341,11693.806667,428.806667,112.65,0,0,true,true,56,35.294118,11856,1680,25.490196,62.365028
SA_ACEP04,N025-I04,25,4,2,44,RECOCIDO_SIMULADO,23.7516,3501,11694.351667,429.351667,112.65,0,0,true,true,56,35.294118,11234,1614,25.490196,77.945864
SA_ACEP04,N025-I04,25,4,3,45,RECOCIDO_SIMULADO,25.9205,3901,11687.683333,427.85,112.598333,0,0,true,true,52,29.411765,13066,1878,25.490196,124.415265
SA_ACEP04,N025-I04,25,4,4,46,RECOCIDO_SIMULADO,21.7994,3301,11663.076667,426.576667,112.365,0,0,true,true,56,35.294118,12476,1764,25.490196,57.642318
SA_ACEP04,N025-I04,25,4,5,47,RECOCIDO_SIMULADO,24.8422,3661,11719.206667,427.206667,112.92,0,0,true,true,56,35.294118,11616,1684,25.490196,91.460118
SA_ACEP04,N025-I04,25,4,6,48,RECOCIDO_SIMULADO,22.4133,3421,11714.106667,428.106667,112.86,0,0,true,true,56,35.294118,12100,1684,25.490196,69.393712
SA_ACEP04,N025-I04,25,4,7,49,RECOCIDO_SIMULADO,22.8358,3461,11692.266667,428.766667,112.635,0,0,true,true,56,35.294118,11964,1664,25.490196,72.747461
SA_ACEP04,N025-I04,25,4,8,50,RECOCIDO_SIMULADO,23.9344,3501,11739.741667,435.741667,113.04,0,0,true,true,56,35.294118,10988,1536,25.490196,77.44031
SA_ACEP04,N025-I04,25,4,9,51,RECOCIDO_SIMULADO,21.8863,3221,11676.846667,428.346667,112.485,0,0,true,true,56,35.294118,12216,1708,25.490196,53.305732
SA_ACEP04,N025-I04,25,4,10,52,RECOCIDO_SIMULADO,22.1356,3421,11656.11,425.61,112.305,0,0,true,true,56,35.294118,11424,1610,25.490196,69.179301
SA_ACEP04,N025-I04,25,4,11,53,RECOCIDO_SIMULADO,26.3846,3941,11692.996667,429.496667,112.635,0,0,true,true,56,35.294118,11436,1554,25.490196,131.953813
SA_ACEP04,N025-I04,25,4,12,54,RECOCIDO_SIMULADO,26.0984,3901,11717.713333,427.213333,112.905,0,0,true,true,56,35.294118,11872,1724,25.490196,124.947179
SA_ACEP04,N025-I04,25,4,13,55,RECOCIDO_SIMULADO,23.1586,3541,11675.956667,427.456667,112.485,0,0,true,true,56,35.294118,12570,1800,25.490196,80.127816
SA_ACEP04,N025-I04,25,4,14,56,RECOCIDO_SIMULADO,25.0863,3621,11752.53,429.03,113.235,0,0,true,true,56,35.294118,12198,1748,25.490196,88.746652
SA_ACEP04,N025-I04,25,4,15,57,RECOCIDO_SIMULADO,24.445,3701,11681.016667,429.516667,112.515,0,0,true,true,56,35.294118,12068,1650,25.490196,99.152544
SA_ACEP04,N025-I04,25,4,16,58,RECOCIDO_SIMULADO,20.666,3061,11691.59,426.59,112.65,0,0,true,true,56,35.294118,11966,1730,25.490196,42.8269
SA_ACEP04,N025-I04,25,4,17,59,RECOCIDO_SIMULADO,20.9166,3141,11690.831667,425.831667,112.65,0,0,true,true,56,35.294118,12756,1790,25.490196,48.154538
SA_ACEP04,N025-I04,25,4,18,60,RECOCIDO_SIMULADO,23.9792,3581,11780.356667,431.856667,113.485,0,0,true,true,56,35.294118,11280,1528,25.490196,83.076451
SA_ACEP04,N025-I04,25,4,19,61,RECOCIDO_SIMULADO,21.1288,3181,11665.766667,429.266667,112.365,0,0,true,true,56,35.294118,12538,1808,25.490196,50.932724
SA_ACEP04,N025-I04,25,4,20,62,RECOCIDO_SIMULADO,23.1953,3581,11693.571667,428.571667,112.65,0,0,true,true,56,35.294118,12480,1716,25.490196,86.448477
SA_ACEP04,N025-I04,25,4,21,63,RECOCIDO_SIMULADO,24.05,3501,11693.21,425.21,112.68,0,0,true,true,56,35.294118,11938,1736,25.490196,74.501076
SA_ACEP04,N025-I04,25,4,22,64,RECOCIDO_SIMULADO,21.7061,3261,11699.081667,428.081667,112.71,0,0,true,true,56,35.294118,12804,1778,25.490196,57.058497
SA_ACEP04,N025-I04,25,4,23,65,RECOCIDO_SIMULADO,27.2164,3661,11664.476667,427.976667,112.365,0,0,true,true,56,35.294118,11076,1524,25.490196,92.721759
SA_ACEP04,N025-I04,25,4,24,66,RECOCIDO_SIMULADO,22.4009,3341,11662.606667,426.106667,112.365,0,0,true,true,56,35.294118,12184,1688,25.490196,63.169986
SA_ACEP04,N025-I04,25,4,25,67,RECOCIDO_SIMULADO,23.8519,3661,11672.066667,428.066667,112.44,0,0,true,true,56,35.294118,11120,1556,25.490196,92.067086
SA_ACEP04,N025-I04,25,4,26,68,RECOCIDO_SIMULADO,23.4646,3581,11717.003333,426.503333,112.905,0,0,true,true,56,35.294118,12540,1828,25.490196,84.966112
SA_ACEP04,N025-I04,25,4,27,69,RECOCIDO_SIMULADO,20.7346,3021,11656.898333,426.398333,112.305,0,0,true,true,56,35.294118,11486,1708,25.490196,40.733237
SA_ACEP04,N025-I04,25,4,28,70,RECOCIDO_SIMULADO,23.4111,3581,11659.611667,429.111667,112.305,0,0,true,true,56,35.294118,11980,1602,25.490196,85.02874
SA_ACEP04,N025-I04,25,4,29,71,RECOCIDO_SIMULADO,24.3131,3261,11657.69,427.19,112.305,0,0,true,true,56,35.294118,12106,1708,25.490196,57.474138
SA_ACEP04,N025-I05,25,5,0,42,RECOCIDO_SIMULADO,21.7727,3261,11175.046667,498.38,106.766667,0,0,true,true,68,27.272727,10740,1536,31.127451,57.213262
SA_ACEP04,N025-I05,25,5,1,43,RECOCIDO_SIMULADO,23.0178,3461,11175.046667,498.38,106.766667,0,0,true,true,68,27.272727,10740,1536,31.127451,73.245913
SA_ACEP04,N025-I05,25,5,2,44,RECOCIDO_SIMULADO,22.7859,3461,11175.046667,498.38,106.766667,0,0,true,true,68,27.272727,10740,1536,31.127451,72.261621
SA_ACEP04,N025-I05,25,5,3,45,RECOCIDO_SIMULADO,20.6869,3181,11175.046667,498.38,106.766667,0,0,true,true,68,27.272727,10740,1536,31.127451,51.264956
SA_ACEP04,N025-I05,25,5,4,46,RECOCIDO_SIMULADO,23.1621,3461,11175.046667,498.38,106.766667,0,0,true,true,68,27.272727,10740,1536,31.127451,74.132133
SA_ACEP04,N025-I05,25,5,5,47,RECOCIDO_SIMULADO,22.3421,3501,11175.046667,498.38,106.766667,0,0,true,true,68,27.272727,10740,1536,31.127451,75.882288
SA_ACEP04,N025-I05,25,5,6,48,RECOCIDO_SIMULADO,22.5172,3421,11175.046667,498.38,106.766667,0,0,true,true,68,27.272727,10740,1536,31.127451,68.996637
SA_ACEP04,N025-I05,25,5,7,49,RECOCIDO_SIMULADO,22.5808,3341,11175.046667,498.38,106.766667,0,0,true,true,68,27.272727,10740,1536,31.127451,61.333983
SA_ACEP04,N025-I05,25,5,8,50,RECOCIDO_SIMULADO,21.2749,3301,11175.046667,498.38,106.766667,0,0,true,true,68,27.272727,10740,1536,31.127451,59.987035
SA_ACEP04,N025-I05,25,5,9,51,RECOCIDO_SIMULADO,20.9,3261,11175.046667,498.38,106.766667,0,0,true,true,68,27.272727,10740,1536,31.127451,56.226722
SA_ACEP04,N025-I05,25,5,10,52,RECOCIDO_SIMULADO,23.1394,3621,11175.046667,498.38,106.766667,0,0,true,true,68,27.272727,10740,1536,31.127451,90.566
SA_ACEP04,N025-I05,25,5,11,53,RECOCIDO_SIMULADO,23.25,3421,11175.046667,498.38,106.766667,0,0,true,true,68,27.272727,10740,1536,31.127451,70.108949
SA_ACEP04,N025-I05,25,5,12,54,RECOCIDO_SIMULADO,24.1093,3661,11175.046667,498.38,106.766667,0,0,true,true,68,27.272727,10740,1536,31.127451,93.529582
SA_ACEP04,N025-I05,25,5,13,55,RECOCIDO_SIMULADO,21.216,3301,11175.046667,498.38,106.766667,0,0,true,true,68,27.272727,10740,1536,31.127451,59.343181
SA_ACEP04,N025-I05,25,5,14,56,RECOCIDO_SIMULADO,24.8619,3701,11175.046667,498.38,106.766667,0,0,true,true,68,27.272727,10740,1536,31.127451,97.592198
SA_ACEP04,N025-I05,25,5,15,57,RECOCIDO_SIMULADO,22.8248,3501,11175.046667,498.38,106.766667,0,0,true,true,68,27.272727,10740,1536,31.127451,76.958211
SA_ACEP04,N025-I05,25,5,16,58,RECOCIDO_SIMULADO,19.8336,3021,11175.046667,498.38,106.766667,0,0,true,true,68,27.272727,10740,1536,31.127451,41.386674
SA_ACEP04,N025-I05,25,5,17,59,RECOCIDO_SIMULADO,24.1581,3581,11175.046667,498.38,106.766667,0,0,true,true,68,27.272727,10740,1536,31.127451,86.15616
SA_ACEP04,N025-I05,25,5,18,60,RECOCIDO_SIMULADO,23.6505,3661,11175.046667,498.38,106.766667,0,0,true,true,68,27.272727,10740,1536,31.127451,92.05434
SA_ACEP04,N025-I05,25,5,19,61,RECOCIDO_SIMULADO,21.6959,3381,11175.046667,498.38,106.766667,0,0,true,true,68,27.272727,10740,1536,31.127451,65.539673
SA_ACEP04,N025-I05,25,5,20,62,RECOCIDO_SIMULADO,23.0462,3421,11175.046667,498.38,106.766667,0,0,true,true,68,27.272727,10740,1536,31.127451,68.210481
SA_ACEP04,N025-I05,25,5,21,63,RECOCIDO_SIMULADO,23.0411,3621,11175.046667,498.38,106.766667,0,0,true,true,68,27.272727,10740,1536,31.127451,87.406637
SA_ACEP04,N025-I05,25,5,22,64,RECOCIDO_SIMULADO,21.3397,3301,11175.046667,498.38,106.766667,0,0,true,true,68,27.272727,10740,1536,31.127451,58.49452
SA_ACEP04,N025-I05,25,5,23,65,RECOCIDO_SIMULADO,20.1151,3061,11175.046667,498.38,106.766667,0,0,true,true,68,27.272727,10740,1536,31.127451,43.179588
SA_ACEP04,N025-I05,25,5,24,66,RECOCIDO_SIMULADO,23.2158,3461,11175.046667,498.38,106.766667,0,0,true,true,68,27.272727,10740,1536,31.127451,72.684504
SA_ACEP04,N025-I05,25,5,25,67,RECOCIDO_SIMULADO,21.8302,3341,11175.046667,498.38,106.766667,0,0,true,true,68,27.272727,10740,1536,31.127451,61.519943
SA_ACEP04,N025-I05,25,5,26,68,RECOCIDO_SIMULADO,20.5884,3021,11175.046667,498.38,106.766667,0,0,true,true,68,27.272727,10740,1536,31.127451,40.6089
SA_ACEP04,N025-I05,25,5,27,69,RECOCIDO_SIMULADO,24.9016,3661,11175.046667,498.38,106.766667,0,0,true,true,68,27.272727,10740,1536,31.127451,93.26883
SA_ACEP04,N025-I05,25,5,28,70,RECOCIDO_SIMULADO,23.9795,3621,11175.046667,498.38,106.766667,0,0,true,true,68,27.272727,10740,1536,31.127451,91.091189
SA_ACEP04,N025-I05,25,5,29,71,RECOCIDO_SIMULADO,22.4496,3501,11175.046667,498.38,106.766667,0,0,true,true,68,27.272727,10740,1536,31.127451,75.837724
SA_ACEP04,N050-I01,50,1,0,42,RECOCIDO_SIMULADO,44.9335,4261,106430.686667,1947.02,1044.836667,0,0,true,true,28,7.142857,16528,2526,74.019608,201.256955
SA_ACEP04,N050-I01,50,1,1,43,RECOCIDO_SIMULADO,40.7189,3941,106493.636667,1947.47,1045.461667,0,0,true,true,28,7.142857,17418,2610,74.019608,135.201541
SA_ACEP04,N050-I01,50,1,2,44,RECOCIDO_SIMULADO,43.629,4141,106231.303333,1941.803333,1042.895,0,0,true,true,28,7.142857,16148,2440,74.019608,169.526627
SA_ACEP04,N050-I01,50,1,3,45,RECOCIDO_SIMULADO,46.102,4261,106534.546667,1949.046667,1045.855,0,0,true,true,28,7.142857,17318,2702,74.019608,200.00934
SA_ACEP04,N050-I01,50,1,4,46,RECOCIDO_SIMULADO,37.6978,3701,106434.013333,1948.513333,1044.855,0,0,true,true,28,7.142857,17706,2550,74.019608,98.739708
SA_ACEP04,N050-I01,50,1,5,47,RECOCIDO_SIMULADO,44.1048,4181,106604.498333,1961.998333,1046.425,0,0,true,true,28,7.142857,18212,2692,74.019608,181.262927
SA_ACEP04,N050-I01,50,1,6,48,RECOCIDO_SIMULADO,40.8788,3981,106480.083333,1943.416667,1045.366667,0,0,true,true,28,7.142857,16598,2442,74.019608,143.85087
SA_ACEP04,N050-I01,50,1,7,49,RECOCIDO_SIMULADO,46.1723,4141,106320.82,1944.32,1043.765,0,0,true,true,28,7.142857,17464,2654,74.019608,175.452008
SA_ACEP04,N050-I01,50,1,8,50,RECOCIDO_SIMULADO,40.2562,3941,106542.846667,1949.513333,1045.933333,0,0,true,true,28,7.142857,18032,2722,74.019608,136.268935
SA_ACEP04,N050-I01,50,1,9,51,RECOCIDO_SIMULADO,44.4448,4261,106497.425,1949.758333,1045.476667,0,0,true,true,28,7.142857,18282,2748,74.019608,199.465014
SA_ACEP04,N050-I01,50,1,10,52,RECOCIDO_SIMULADO,43.7345,4261,106448.143333,1948.976667,1044.991667,0,0,true,true,28,7.142857,16806,2538,74.019608,203.341382
SA_ACEP04,N050-I01,50,1,11,53,RECOCIDO_SIMULADO,44.6126,4301,106432.92,1947.42,1044.855,0,0,true,true,28,7.142857,18076,2710,74.019608,210.819562
SA_ACEP04,N050-I01,50,1,12,54,RECOCIDO_SIMULADO,42.0389,4061,106494.831667,1942.665,1045.521667,0,0,true,true,28,7.142857,17200,2610,74.019608,160.314519
SA_ACEP04,N050-I01,50,1,13,55,RECOCIDO_SIMULADO,44.2846,4221,106420.061667,1945.395,1044.746667,0,0,true,true,28,7.142857,17684,2708,74.019608,195.858109
SA_ACEP04,N050-I01,50,1,14,56,RECOCIDO_SIMULADO,44.7303,4301,106443.025,1945.525,1044.975,0,0,true,true,28,7.142857,16404,2462,74.019608,212.031936
SA_ACEP04,N050-I01,50,1,15,57,RECOCIDO_SIMULADO,41.6851,4061,106383.735,1946.568333,1044.371667,0,0,true,true,28,7.142857,17010,2536,74.019608,160.179254
SA_ACEP04,N050-I01,50,1,16,58,RECOCIDO_SIMULADO,43.6692,4181,106337.085,1936.918333,1044.001667,0,0,true,true,28,7.142857,16252,2478,74.019608,179.509918
SA_ACEP04,N050-I01,50,1,17,59,RECOCIDO_SIMULADO,42.8812,4141,106424.708333,1952.541667,1044.721667,0,0,true,true,28,7.142857,17914,2644,74.019608,177.07456
SA_ACEP04,N050-I01,50,1,18,60,RECOCIDO_SIMULADO,43.7418,4141,106506.528333,1942.028333,1045.645,0,0,true,true,28,7.142857,17476,2706,74.019608,170.288269
SA_ACEP04,N050-I01,50,1,19,61,RECOCIDO_SIMULADO,43.7959,4261,106309.543333,1941.043333,1043.685,0,0,true,true,28,7.142857,16416,2452,74.019608,201.905732
SA_ACEP04,N050-I01,50,1,20,62,RECOCIDO_SIMULADO,44.0811,4221,106375.695,1951.528333,1044.241667,0,0,true,true,28,7.142857,18736,2780,74.019608,194.157483
SA_ACEP04,N050-I01,50,1,21,63,RECOCIDO_SIMULADO,44.0978,4181,106583.395,1951.061667,1046.323333,0,0,true,true,28,7.142857,17790,2712,74.019608,186.685409
SA_ACEP04,N050-I01,50,1,22,64,RECOCIDO_SIMULADO,45.9101,4461,106545.686667,1949.186667,1045.965,0,0,true,true,28,7.142857,17458,2618,74.019608,260.39943
SA_ACEP04,N050-I01,50,1,23,65,RECOCIDO_SIMULADO,44.9482,4301,106521.606667,1952.106667,1045.695,0,0,true,true,28,7.142857,18402,2812,74.019608,217.223833
SA_ACEP04,N050-I01,50,1,24,66,RECOCIDO_SIMULADO,43.4468,4261,106393.496667,1945.996667,1044.475,0,0,true,true,28,7.142857,16816,2566,74.019608,197.520287
SA_ACEP04,N050-I01,50,1,25,67,RECOCIDO_SIMULADO,45.6839,4381,106440.836667,1944.336667,1044.965,0,0,true,true,28,7.142857,16666,2562,74.019608,231.547526
SA_ACEP04,N050-I01,50,1,26,68,RECOCIDO_SIMULADO,48.0755,4501,106407.313333,1948.646667,1044.586667,0,0,true,true,28,7.142857,17296,2606,74.019608,279.099313
SA_ACEP04,N050-I01,50,1,27,69,RECOCIDO_SIMULADO,44.4569,4381,106351.801667,1945.801667,1044.06,0,0,true,true,28,7.142857,17350,2558,74.019608,236.539321
SA_ACEP04,N050-I01,50,1,28,70,RECOCIDO_SIMULADO,43.3977,4141,106416.753333,1943.086667,1044.736667,0,0,true,true,28,7.142857,16846,2498,74.019608,170.575418
SA_ACEP04,N050-I01,50,1,29,71,RECOCIDO_SIMULADO,44.9127,4381,106305.638333,1945.638333,1043.6,0,0,true,true,28,7.142857,17226,2588,74.019608,231.886627
SA_ACEP04,N050-I02,50,2,0,42,RECOCIDO_SIMULADO,46.4261,4381,80235.393333,1613.393333,786.22,0,0,true,true,28,17.647059,17466,2602,54.166667,239.064485
SA_ACEP04,N050-I02,50,2,1,43,RECOCIDO_SIMULADO,46.3033,4421,80090.096667,1611.096667,784.79,0,0,true,true,28,17.647059,18974,2858,54.166667,246.310454
SA_ACEP04,N050-I02,50,2,2,44,RECOCIDO_SIMULADO,46.255,4421,80061.83,1613.996667,784.478333,0,0,true,true,26,14.705882,16816,2462,54.166667,252.701462
SA_ACEP04,N050-I02,50,2,3,45,RECOCIDO_SIMULADO,45.6876,4261,80009.881667,1611.381667,783.985,0,0,true,true,28,17.647059,17460,2706,54.166667,197.042874
SA_ACEP04,N050-I02,50,2,4,46,RECOCIDO_SIMULADO,44.5776,4261,80160.656667,1613.323333,785.473333,0,0,true,true,28,17.647059,17396,2718,54.166667,202.581951
SA_ACEP04,N050-I02,50,2,5,47,RECOCIDO_SIMULADO,45.9112,4301,80291.463333,1615.963333,786.755,0,0,true,true,26,14.705882,19920,3090,54.166667,211.145098
SA_ACEP04,N050-I02,50,2,6,48,RECOCIDO_SIMULADO,44.4809,4301,80190.343333,1611.676667,785.786667,0,0,true,true,28,17.647059,17746,2676,54.166667,207.482715
SA_ACEP04,N050-I02,50,2,7,49,RECOCIDO_SIMULADO,45.0601,4261,80195.106667,1616.106667,785.79,0,0,true,true,28,17.647059,17922,2616,54.166667,197.184473
SA_ACEP04,N050-I02,50,2,8,50,RECOCIDO_SIMULADO,47.0223,4461,80321.675,1614.008333,787.076667,0,0,true,true,28,17.647059,18490,2914,54.166667,267.088507
SA_ACEP04,N050-I02,50,2,9,51,RECOCIDO_SIMULADO,44.9131,4341,79978.23,1611.063333,783.671667,0,0,true,true,28,17.647059,18054,2776,54.166667,226.95575
SA_ACEP04,N050-I02,50,2,10,52,RECOCIDO_SIMULADO,46.1939,4381,80262.486667,1615.32,786.471667,0,0,true,true,26,14.705882,18684,2844,54.166667,231.784025
SA_ACEP04,N050-I02,50,2,11,53,RECOCIDO_SIMULADO,44.6344,4261,80252.806667,1615.14,786.376667,0,0,true,true,26,14.705882,18488,2792,54.166667,204.538855
SA_ACEP04,N050-I02,50,2,12,54,RECOCIDO_SIMULADO,47.2984,4421,79979.641667,1609.141667,783.705,0,0,true,true,28,17.647059,16718,2544,54.166667,242.258703
SA_ACEP04,N050-I02,50,2,13,55,RECOCIDO_SIMULADO,45.4113,4261,80273.551667,1612.218333,786.613333,0,0,true,true,30,17.647059,18500,2848,54.166667,206.662061
SA_ACEP04,N050-I02,50,2,14,56,RECOCIDO_SIMULADO,46.5921,4501,80301.758333,1621.925,786.798333,0,0,true,true,28,17.647059,18370,2714,54.166667,271.642499
SA_ACEP04,N050-I02,50,2,15,57,RECOCIDO_SIMULADO,45.6788,4341,80073.22,1611.22,784.62,0,0,true,true,26,14.705882,16946,2516,54.166667,218.310882
SA_ACEP04,N050-I02,50,2,16,58,RECOCIDO_SIMULADO,45.5452,4381,80163.743333,1610.91,785.528333,0,0,true,true,28,17.647059,17878,2664,54.166667,235.294712
SA_ACEP04,N050-I02,50,2,17,59,RECOCIDO_SIMULADO,45.1864,4221,80347.776667,1617.276667,787.305,0,0,true,true,26,14.705882,17492,2678,54.166667,190.342765
SA_ACEP04,N050-I02,50,2,18,60,RECOCIDO_SIMULADO,45.9033,4301,80392.371667,1613.371667,787.79,0,0,true,true,26,14.705882,19110,2938,54.166667,212.428921
SA_ACEP04,N050-I02,50,2,19,61,RECOCIDO_SIMULADO,45.1173,4381,80189.063333,1612.563333,785.765,0,0,true,true,26,14.705882,18736,2860,54.166667,239.085348
SA_ACEP04,N050-I02,50,2,20,62,RECOCIDO_SIMULADO,44.8274,4261,80251.198333,1612.031667,786.391667,0,0,true,true,28,17.647059,18224,2832,54.166667,198.140078
SA_ACEP04,N050-I02,50,2,21,63,RECOCIDO_SIMULADO,44.0839,4221,80188.208333,1611.375,785.768333,0,0,true,true,28,17.647059,18456,2708,54.166667,189.61783
SA_ACEP04,N050-I02,50,2,22,64,RECOCIDO_SIMULADO,47.2331,4461,80333.545,1619.878333,787.136667,0,0,true,true,26,14.705882,19494,2964,54.166667,257.371742
SA_ACEP04,N050-I02,50,2,23,65,RECOCIDO_SIMULADO,45.9687,4421,80343.381667,1618.548333,787.248333,0,0,true,true,28,17.647059,18348,2806,54.166667,243.658247
SA_ACEP04,N050-I02,50,2,24,66,RECOCIDO_SIMULADO,46.6988,4421,80203.395,1610.061667,785.933333,0,0,true,true,28,17.647059,17806,2802,54.166667,244.063016
SA_ACEP04,N050-I02,50,2,25,67,RECOCIDO_SIMULADO,47.7177,4501,80179.768333,1611.101667,785.686667,0,0,true,true,28,17.647059,17938,2762,54.166667,276.081716
SA_ACEP04,N050-I02,50,2,26,68,RECOCIDO_SIMULADO,44.7514,4261,80005.176667,1618.51,783.866667,0,0,true,true,26,14.705882,19156,2830,54.166667,202.887054
SA_ACEP04,N050-I02,50,2,27,69,RECOCIDO_SIMULADO,45.5874,4341,80149.468333,1612.135,785.373333,0,0,true,true,26,14.705882,18470,2732,54.166667,226.769827
SA_ACEP04,N050-I02,50,2,28,70,RECOCIDO_SIMULADO,43.6024,4181,80203.16,1611.493333,785.916667,0,0,true,true,26,14.705882,18238,2714,54.166667,182.728597
SA_ACEP04,N050-I02,50,2,29,71,RECOCIDO_SIMULADO,45.9296,4381,80207.276667,1616.443333,785.908333,0,0,true,true,28,17.647059,19058,2858,54.166667,235.632084
SA_ACEP04,N050-I03,50,3,0,42,RECOCIDO_SIMULADO,45.2565,4261,82993.803333,1737.136667,812.566667,0,0,true,true,28,14.814815,14324,2112,64.460784,201.703997
SA_ACEP04,N050-I03,50,3,1,43,RECOCIDO_SIMULADO,44.6881,4341,82903.781667,1741.615,811.621667,0,0,true,true,26,11.111111,16490,2464,64.460784,224.285365
SA_ACEP04,N050-I03,50,3,2,44,RECOCIDO_SIMULADO,45.2645,4301,82993.803333,1737.136667,812.566667,0,0,true,true,28,14.814815,14324,2112,64.460784,217.992639
SA_ACEP04,N050-I03,50,3,3,45,RECOCIDO_SIMULADO,44.7281,4261,82696.643333,1735.643333,809.61,0,0,true,true,26,14.814815,15694,2386,64.460784,198.790807
SA_ACEP04,N050-I03,50,3,4,46,RECOCIDO_SIMULADO,45.8351,4341,82977.91,1737.076667,812.408333,0,0,true,true,26,11.111111,16800,2558,64.460784,221.387586
SA_ACEP04,N050-I03,50,3,5,47,RECOCIDO_SIMULADO,43.6961,4181,82915.24,1737.24,811.78,0,0,true,true,28,14.814815,15298,2262,64.460784,183.236094
SA_ACEP04,N050-I03,50,3,6,48,RECOCIDO_SIMULADO,42.1577,4101,82834.405,1738.571667,810.958333,0,0,true,true,26,11.111111,16186,2428,64.460784,162.508854
SA_ACEP04,N050-I03,50,3,7,49,RECOCIDO_SIMULADO,45.6375,4301,82754.901667,1740.068333,810.148333,0,0,true,true,28,14.814815,16394,2446,64.460784,217.376518
SA_ACEP04,N050-I03,50,3,8,50,RECOCIDO_SIMULADO,43.0747,4141,82814.076667,1741.243333,810.728333,0,0,true,true,28,14.814815,16802,2540,64.460784,177.531009
SA_ACEP04,N050-I03,50,3,9,51,RECOCIDO_SIMULADO,45.7459,4341,82743.33,1745.996667,809.973333,0,0,true,true,28,14.814815,17786,2644,64.460784,222.911274
SA_ACEP04,N050-I03,50,3,10,52,RECOCIDO_SIMULADO,42.4282,4141,82859.545,1737.545,811.22,0,0,true,true,24,11.111111,15578,2290,64.460784,169.39838
SA_ACEP04,N050-I03,50,3,11,53,RECOCIDO_SIMULADO,44.4643,4221,82829.243333,1747.91,810.813333,0,0,true,true,26,11.111111,16606,2474,64.460784,188.258689
SA_ACEP04,N050-I03,50,3,12,54,RECOCIDO_SIMULADO,45.8388,4301,82804.05,1744.716667,810.593333,0,0,true,true,28,14.814815,16282,2378,64.460784,216.689793
SA_ACEP04,N050-I03,50,3,13,55,RECOCIDO_SIMULADO,44.4482,4261,82887.803333,1741.803333,811.46,0,0,true,true,26,14.814815,16558,2466,64.460784,204.243504
SA_ACEP04,N050-I03,50,3,14,56,RECOCIDO_SIMULADO,45.2277,4261,82986.288333,1742.621667,812.436667,0,0,true,true,28,14.814815,16756,2456,64.460784,205.384848
SA_ACEP04,N050-I03,50,3,15,57,RECOCIDO_SIMULADO,45.4814,4341,82954.976667,1744.31,812.106667,0,0,true,true,24,11.111111,17172,2614,64.460784,222.466978
SA_ACEP04,N050-I03,50,3,16,58,RECOCIDO_SIMULADO,44.9126,4301,82936.126667,1738.793333,811.973333,0,0,true,true,28,14.814815,15788,2354,64.460784,211.902333
SA_ACEP04,N050-I03,50,3,17,59,RECOCIDO_SIMULADO,44.0174,4261,82765.97,1749.303333,810.166667,0,0,true,true,24,11.111111,16570,2432,64.460784,205.199756
SA_ACEP04,N050-I03,50,3,18,60,RECOCIDO_SIMULADO,45.6382,4341,82838.708333,1741.208333,810.975,0,0,true,true,28,14.814815,16980,2552,64.460784,227.014193
SA_ACEP04,N050-I03,50,3,19,61,RECOCIDO_SIMULADO,47.2707,4461,82993.803333,1737.136667,812.566667,0,0,true,true,28,14.814815,14324,2112,64.460784,261.170349
SA_ACEP04,N050-I03,50,3,20,62,RECOCIDO_SIMULADO,41.956,4061,82936.491667,1744.491667,811.92,0,0,true,true,28,14.814815,17690,2622,64.460784,159.079585
SA_ACEP04,N050-I03,50,3,21,63,RECOCIDO_SIMULADO,43.3383,4061,82750.756667,1741.09,810.096667,0,0,true,true,28,14.814815,15488,2400,64.460784,153.819892
SA_ACEP04,N050-I03,50,3,22,64,RECOCIDO_SIMULADO,44.1167,4221,82703.336667,1739.836667,809.635,0,0,true,true,24,11.111111,16638,2458,64.460784,192.505195
SA_ACEP04,N050-I03,50,3,23,65,RECOCIDO_SIMULADO,46.246,4381,82905.936667,1742.27,811.636667,0,0,true,true,26,11.111111,17174,2604,64.460784,238.248315
SA_ACEP04,N050-I03,50,3,24,66,RECOCIDO_SIMULADO,43.4825,4141,82912.048333,1748.548333,811.635,0,0,true,true,28,14.814815,17048,2582,64.460784,169.730073
SA_ACEP04,N050-I03,50,3,25,67,RECOCIDO_SIMULADO,44.7056,4261,82955.716667,1739.883333,812.158333,0,0,true,true,28,14.814815,16878,2566,64.460784,202.291208
SA_ACEP04,N050-I03,50,3,26,68,RECOCIDO_SIMULADO,45.7167,4301,82863.563333,1735.563333,811.28,0,0,true,true,26,14.814815,15188,2280,64.460784,217.415723
SA_ACEP04,N050-I03,50,3,27,69,RECOCIDO_SIMULADO,43.7936,4261,82789.348333,1740.348333,810.49,0,0,true,true,26,11.111111,15464,2290,64.460784,205.385988
SA_ACEP04,N050-I03,50,3,28,70,RECOCIDO_SIMULADO,44.2386,4221,82979.356667,1743.023333,812.363333,0,0,true,true,28,14.814815,17012,2542,64.460784,189.374838
SA_ACEP04,N050-I03,50,3,29,71,RECOCIDO_SIMULADO,41.8181,4061,82927.503333,1742.503333,811.85,0,0,true,true,28,14.814815,16652,2434,64.460784,160.13462
SA_ACEP04,N050-I04,50,4,0,42,RECOCIDO_SIMULADO,46.2905,4421,86871.301667,1725.135,851.461667,0,0,true,true,32,16.129032,16564,2500,64.215686,243.868528
SA_ACEP04,N050-I04,50,4,1,43,RECOCIDO_SIMULADO,45.7578,4341,86993.445,1743.111667,852.503333,0,0,true,true,32,16.129032,17120,2472,64.215686,226.694225
SA_ACEP04,N050-I04,50,4,2,44,RECOCIDO_SIMULADO,46.1368,4421,87007.593333,1721.593333,852.86,0,0,true,true,32,16.129032,16024,2438,64.215686,247.932142
SA_ACEP04,N050-I04,50,4,3,45,RECOCIDO_SIMULADO,46.3286,4421,86746.465,1726.131667,850.203333,0,0,true,true,32,16.129032,15744,2452,64.215686,247.211343
SA_ACEP04,N050-I04,50,4,4,46,RECOCIDO_SIMULADO,44.8234,4301,86853.833333,1728.166667,851.256667,0,0,true,true,32,16.129032,14612,2092,64.215686,218.098529
SA_ACEP04,N050-I04,50,4,5,47,RECOCIDO_SIMULADO,45.4938,4301,86930.348333,1727.348333,852.03,0,0,true,true,32,16.129032,16234,2442,64.215686,217.518886
SA_ACEP04,N050-I04,50,4,6,48,RECOCIDO_SIMULADO,47.8696,4501,86951.928333,1726.595,852.253333,0,0,true,true,32,16.129032,15464,2276,64.215686,275.887672
SA_ACEP04,N050-I04,50,4,7,49,RECOCIDO_SIMULADO,44.3179,4261,86903.905,1725.405,851.785,0,0,true,true,32,16.129032,16010,2464,64.215686,200.330206
SA_ACEP04,N050-I04,50,4,8,50,RECOCIDO_SIMULADO,47.565,4501,86903.156667,1725.156667,851.78,0,0,true,true,32,16.129032,15882,2406,64.215686,270.437543
SA_ACEP04,N050-I04,50,4,9,51,RECOCIDO_SIMULADO,45.6501,4381,87050.743333,1722.576667,853.281667,0,0,true,true,30,12.903226,15710,2288,64.215686,230.047604
SA_ACEP04,N050-I04,50,4,10,52,RECOCIDO_SIMULADO,46.3641,4381,86989.741667,1727.408333,852.623333,0,0,true,true,32,16.129032,16138,2362,64.215686,234.16289
SA_ACEP04,N050-I04,50,4,11,53,RECOCIDO_SIMULADO,45.7576,4301,87050.743333,1722.576667,853.281667,0,0,true,true,30,12.903226,15710,2288,64.215686,209.43712
SA_ACEP04,N050-I04,50,4,12,54,RECOCIDO_SIMULADO,44.2104,4301,86964.051667,1721.718333,852.423333,0,0,true,true,30,12.903226,15540,2288,64.215686,211.454641
SA_ACEP04,N050-I04,50,4,13,55,RECOCIDO_SIMULADO,45.1787,4261,86872.351667,1726.351667,851.46,0,0,true,true,30,12.903226,15066,2268,64.215686,206.384171
SA_ACEP04,N050-I04,50,4,14,56,RECOCIDO_SIMULADO,45.2309,4381,86940.776667,1729.61,852.111667,0,0,true,true,32,16.129032,16986,2530,64.215686,231.944514
SA_ACEP04,N050-I04,50,4,15,57,RECOCIDO_SIMULADO,46.1955,4421,87050.743333,1722.576667,853.281667,0,0,true,true,30,12.903226,15710,2288,64.215686,253.809029
SA_ACEP04,N050-I04,50,4,16,58,RECOCIDO_SIMULADO,42.8852,4181,86956.443333,1727.11,852.293333,0,0,true,true,30,12.903226,15946,2388,64.215686,183.627985
SA_ACEP04,N050-I04,50,4,17,59,RECOCIDO_SIMULADO,47.2125,4461,86942.56,1724.56,852.18,0,0,true,true,32,16.129032,15068,2312,64.215686,267.341296
SA_ACEP04,N050-I04,50,4,18,60,RECOCIDO_SIMULADO,47.5746,4501,86843.738333,1724.071667,851.196667,0,0,true,true,32,16.129032,15694,2284,64.215686,271.543886
SA_ACEP04,N050-I04,50,4,19,61,RECOCIDO_SIMULADO,47.3599,4501,87042.136667,1726.47,853.156667,0,0,true,true,32,16.129032,17650,2634,64.215686,273.424865
SA_ACEP04,N050-I04,50,4,20,62,RECOCIDO_SIMULADO,45.2422,4221,86812.97,1720.47,850.925,0,0,true,true,32,16.129032,14892,2192,64.215686,192.480828
SA_ACEP04,N050-I04,50,4,21,63,RECOCIDO_SIMULADO,45.5359,4341,86909.903333,1723.736667,851.861667,0,0,true,true,32,16.129032,16420,2534,64.215686,222.949645
SA_ACEP04,N050-I04,50,4,22,64,RECOCIDO_SIMULADO,46.7464,4541,86732.378333,1725.711667,850.066667,0,0,true,true,32,16.129032,15596,2328,64.215686,294.395825
SA_ACEP04,N050-I04,50,4,23,65,RECOCIDO_SIMULADO,46.7617,4341,87050.743333,1722.576667,853.281667,0,0,true,true,30,12.903226,15710,2288,64.215686,221.062499
SA_ACEP04,N050-I04,50,4,24,66,RECOCIDO_SIMULADO,45.5205,4421,87020.323333,1724.99,852.953333,0,0,true,true,30,12.903226,16036,2354,64.215686,253.837068
SA_ACEP04,N050-I04,50,4,25,67,RECOCIDO_SIMULADO,45.7809,4341,86814.523333,1727.856667,850.866667,0,0,true,true,32,16.129032,16154,2448,64.215686,227.482118
SA_ACEP04,N050-I04,50,4,26,68,RECOCIDO_SIMULADO,46.1937,4381,86886.93,1729.763333,851.571667,0,0,true,true,32,16.129032,15658,2310,64.215686,241.235111
SA_ACEP04,N050-I04,50,4,27,69,RECOCIDO_SIMULADO,45.0715,4341,87050.743333,1722.576667,853.281667,0,0,true,true,30,12.903226,15710,2288,64.215686,226.961102
SA_ACEP04,N050-I04,50,4,28,70,RECOCIDO_SIMULADO,44.0304,4181,86907.636667,1729.136667,851.785,0,0,true,true,32,16.129032,16052,2438,64.215686,182.79369
SA_ACEP04,N050-I04,50,4,29,71,RECOCIDO_SIMULADO,44.7045,4341,86846.071667,1723.905,851.221667,0,0,true,true,32,16.129032,15972,2372,64.215686,220.180364
SA_ACEP04,N050-I05,50,5,0,42,RECOCIDO_SIMULADO,42.992,4061,84000.52,1530.02,824.705,0,0,true,true,28,11.428571,17130,2502,65.686275,158.992579
SA_ACEP04,N050-I05,50,5,1,43,RECOCIDO_SIMULADO,45.1199,4301,83832.941667,1524.775,823.081667,0,0,true,true,26,11.428571,16228,2454,65.686275,216.31449
SA_ACEP04,N050-I05,50,5,2,44,RECOCIDO_SIMULADO,46.0717,4381,83845.933333,1527.433333,823.185,0,0,true,true,26,11.428571,16176,2336,65.686275,234.789188
SA_ACEP04,N050-I05,50,5,3,45,RECOCIDO_SIMULADO,45.0091,4261,83692.231667,1521.065,821.711667,0,0,true,true,26,11.428571,15728,2376,65.686275,199.699846
SA_ACEP04,N050-I05,50,5,4,46,RECOCIDO_SIMULADO,43.3439,4141,83907.218333,1521.218333,823.86,0,0,true,true,26,11.428571,16282,2436,65.686275,171.728778
SA_ACEP04,N050-I05,50,5,5,47,RECOCIDO_SIMULADO,46.1752,4301,83954.7,1518.2,824.365,0,0,true,true,28,11.428571,15942,2410,65.686275,211.792848
SA_ACEP04,N050-I05,50,5,6,48,RECOCIDO_SIMULADO,44.4691,4261,83815.925,1524.091667,822.918333,0,0,true,true,26,11.428571,15526,2280,65.686275,205.778049
SA_ACEP04,N050-I05,50,5,7,49,RECOCIDO_SIMULADO,45.8569,4341,83905.67,1525.336667,823.803333,0,0,true,true,26,11.428571,15314,2286,65.686275,228.215473
SA_ACEP04,N050-I05,50,5,8,50,RECOCIDO_SIMULADO,43.9011,4101,84026.641667,1530.308333,824.963333,0,0,true,true,28,11.428571,16208,2414,65.686275,166.038586
SA_ACEP04,N050-I05,50,5,9,51,RECOCIDO_SIMULADO,42.7174,4101,83967.216667,1529.216667,824.38,0,0,true,true,26,11.428571,15794,2394,65.686275,167.910009
SA_ACEP04,N050-I05,50,5,10,52,RECOCIDO_SIMULADO,43.8119,4101,83839.856667,1527.19,823.126667,0,0,true,true,28,11.428571,15762,2358,65.686275,168.6212
SA_ACEP04,N050-I05,50,5,11,53,RECOCIDO_SIMULADO,43.5203,4181,83988.826667,1530.66,824.581667,0,0,true,true,26,11.428571,17560,2626,65.686275,185.753738
SA_ACEP04,N050-I05,50,5,12,54,RECOCIDO_SIMULADO,45.8334,4261,83900.575,1528.241667,823.723333,0,0,true,true,26,11.428571,15404,2346,65.686275,206.979546
SA_ACEP04,N050-I05,50,5,13,55,RECOCIDO_SIMULADO,42.9541,4101,83976.436667,1523.77,824.526667,0,0,true,true,26,11.428571,15328,2328,65.686275,163.918663
SA_ACEP04,N050-I05,50,5,14,56,RECOCIDO_SIMULADO,45.6242,4341,83841.656667,1523.99,823.176667,0,0,true,true,26,11.428571,15892,2336,65.686275,226.630076
SA_ACEP04,N050-I05,50,5,15,57,RECOCIDO_SIMULADO,44.6115,4221,83877.928333,1524.261667,823.536667,0,0,true,true,26,11.428571,15880,2402,65.686275,189.145766
SA_ACEP04,N050-I05,50,5,16,58,RECOCIDO_SIMULADO,44.4155,4221,83839.443333,1520.61,823.188333,0,0,true,true,26,11.428571,16814,2598,65.686275,193.120356
SA_ACEP04,N050-I05,50,5,17,59,RECOCIDO_SIMULADO,46.4654,4381,83699.301667,1526.635,821.726667,0,0,true,true,26,11.428571,15146,2212,65.686275,236.648249
SA_ACEP04,N050-I05,50,5,18,60,RECOCIDO_SIMULADO,46.4886,4381,83827.063333,1515.563333,823.115,0,0,true,true,26,11.428571,15552,2366,65.686275,238.087595
SA_ACEP04,N050-I05,50,5,19,61,RECOCIDO_SIMULADO,47.2237,4421,84038.065,1527.231667,825.108333,0,0,true,true,30,14.285714,16752,2534,65.686275,244.623329
SA_ACEP04,N050-I05,50,5,20,62,RECOCIDO_SIMULADO,43.1189,4061,83976.658333,1520.325,824.563333,0,0,true,true,28,14.285714,16244,2500,65.686275,159.708186
SA_ACEP04,N050-I05,50,5,21,63,RECOCIDO_SIMULADO,46.2813,4101,83867.913333,1527.746667,823.401667,0,0,true,true,28,11.428571,15476,2234,65.686275,167.073998
SA_ACEP04,N050-I05,50,5,22,64,RECOCIDO_SIMULADO,46.0594,4381,83891.32,1523.153333,823.681667,0,0,true,true,28,14.285714,15552,2346,65.686275,231.192271
SA_ACEP04,N050-I05,50,5,23,65,RECOCIDO_SIMULADO,46.6668,4501,84055.515,1518.681667,825.368333,0,0,true,true,26,11.428571,14502,2152,65.686275,269.196672
SA_ACEP04,N050-I05,50,5,24,66,RECOCIDO_SIMULADO,44.1294,4221,83778.62,1525.953333,822.526667,0,0,true,true,26,11.428571,16190,2444,65.686275,194.716627
SA_ACEP04,N050-I05,50,5,25,67,RECOCIDO_SIMULADO,44.5013,4301,83928.436667,1525.77,824.026667,0,0,true,true,26,11.428571,15590,2316,65.686275,208.077158
SA_ACEP04,N050-I05,50,5,26,68,RECOCIDO_SIMULADO,44.1041,4141,83797.931667,1522.265,822.756667,0,0,true,true,26,11.428571,16392,2494,65.686275,174.954395
SA_ACEP04,N050-I05,50,5,27,69,RECOCIDO_SIMULADO,43.2752,4101,83902.12,1523.286667,823.788333,0,0,true,true,26,11.428571,15820,2316,65.686275,167.257207
SA_ACEP04,N050-I05,50,5,28,70,RECOCIDO_SIMULADO,43.9948,4221,83938.326667,1524.826667,824.135,0,0,true,true,28,14.285714,15298,2322,65.686275,189.42048
SA_ACEP04,N050-I05,50,5,29,71,RECOCIDO_SIMULADO,45.0304,4221,83920.288333,1524.955,823.953333,0,0,true,true,28,14.285714,15942,2396,65.686275,192.928431
SA_ACEP08,N025-I01,25,1,0,42,RECOCIDO_SIMULADO,33.5711,5101,22605.356667,610.023333,219.953333,0,0,true,true,48,26.666667,10636,1460,42.401961,585.700838
SA_ACEP08,N025-I01,25,1,1,43,RECOCIDO_SIMULADO,33.415,5181,22624.275,611.608333,220.126667,0,0,true,true,52,33.333333,10688,1456,42.401961,650.986335
SA_ACEP08,N025-I01,25,1,2,44,RECOCIDO_SIMULADO,34.9366,5221,22623.081667,608.248333,220.148333,0,0,true,true,48,26.666667,10642,1552,42.401961,686.271842
SA_ACEP08,N025-I01,25,1,3,45,RECOCIDO_SIMULADO,35.594,5301,22566.316667,608.483333,219.578333,0,0,true,true,48,26.666667,10204,1408,42.401961,768.241992
SA_ACEP08,N025-I01,25,1,4,46,RECOCIDO_SIMULADO,33.1904,5221,22576.731667,611.398333,219.653333,0,0,true,true,48,26.666667,10064,1386,42.401961,692.006319
SA_ACEP08,N025-I01,25,1,5,47,RECOCIDO_SIMULADO,34.0727,5301,22567.471667,609.638333,219.578333,0,0,true,true,48,26.666667,10544,1424,42.401961,772.689875
SA_ACEP08,N025-I01,25,1,6,48,RECOCIDO_SIMULADO,33.1756,5221,22565.686667,607.853333,219.578333,0,0,true,true,48,26.666667,10412,1436,42.401961,675.827232
SA_ACEP08,N025-I01,25,1,7,49,RECOCIDO_SIMULADO,32.682,5141,22578.341667,611.508333,219.668333,0,0,true,true,48,26.666667,10032,1374,42.401961,621.357399
SA_ACEP08,N025-I01,25,1,8,50,RECOCIDO_SIMULADO,33.3231,5221,22566.841667,610.508333,219.563333,0,0,true,true,48,26.666667,10472,1434,42.401961,688.125708
SA_ACEP08,N025-I01,25,1,9,51,RECOCIDO_SIMULADO,33.1421,5141,22638.475,613.808333,220.246667,0,0,true,true,52,33.333333,10672,1474,42.401961,629.116523
SA_ACEP08,N025-I01,25,1,10,52,RECOCIDO_SIMULADO,33.0154,5221,22624.02,609.853333,220.141667,0,0,true,true,52,33.333333,11088,1538,42.401961,675.370837
SA_ACEP08,N025-I01,25,1,11,53,RECOCIDO_SIMULADO,33.8472,5181,22587.776667,610.443333,219.773333,0,0,true,true,48,26.666667,11308,1568,42.401961,657.182456
SA_ACEP08,N025-I01,25,1,12,54,RECOCIDO_SIMULADO,32.6998,5181,22567.606667,609.773333,219.578333,0,0,true,true,48,26.666667,10924,1496,42.401961,652.083037
SA_ACEP08,N025-I01,25,1,13,55,RECOCIDO_SIMULADO,33.3311,5061,22613.791667,607.958333,220.058333,0,0,true,true,48,26.666667,9984,1398,42.401961,561.201763
SA_ACEP08,N025-I01,25,1,14,56,RECOCIDO_SIMULADO,33.2403,5181,22575.245,609.078333,219.661667,0,0,true,true,52,33.333333,9920,1334,42.401961,649.200772
SA_ACEP08,N025-I01,25,1,15,57,RECOCIDO_SIMULADO,32.8239,5101,22558.081667,610.748333,219.473333,0,0,true,true,48,26.666667,10540,1436,42.401961,586.764983
SA_ACEP08,N025-I01,25,1,16,58,RECOCIDO_SIMULADO,34.0415,5261,22567.586667,608.253333,219.593333,0,0,true,true,48,26.666667,10440,1452,42.401961,715.826769
SA_ACEP08,N025-I01,25,1,17,59,RECOCIDO_SIMULADO,32.7411,5141,22566.256667,608.423333,219.578333,0,0,true,true,48,26.666667,10760,1486,42.401961,618.597112
SA_ACEP08,N025-I01,25,1,18,60,RECOCIDO_SIMULADO,33.8465,5181,22603.276667,610.943333,219.923333,0,0,true,true,48,26.666667,11044,1500,42.401961,645.501165
SA_ACEP08,N025-I01,25,1,19,61,RECOCIDO_SIMULADO,32.9049,5141,22543.036667,612.203333,219.308333,0,0,true,true,48,26.666667,10804,1462,42.401961,628.819701
SA_ACEP08,N025-I01,25,1,20,62,RECOCIDO_SIMULADO,33.7673,5141,22580.026667,610.193333,219.698333,0,0,true,true,48,26.666667,10796,1484,42.401961,630.045362
SA_ACEP08,N025-I01,25,1,21,63,RECOCIDO_SIMULADO,32.4564,5141,22622.005,609.338333,220.126667,0,0,true,true,52,33.333333,10752,1450,42.401961,639.428223
SA_ACEP08,N025-I01,25,1,22,64,RECOCIDO_SIMULADO,34.2965,5261,22575.366667,608.533333,219.668333,0,0,true,true,48,26.666667,11204,1548,42.401961,728.725999
SA_ACEP08,N025-I01,25,1,23,65,RECOCIDO_SIMULADO,33.8506,5301,22557.396667,610.063333,219.473333,0,0,true,true,48,26.666667,11020,1496,42.401961,766.555739
SA_ACEP08,N025-I01,25,1,24,66,RECOCIDO_SIMULADO,33.69,5221,22539.796667,608.963333,219.308333,0,0,true,true,48,26.666667,10182,1440,42.401961,683.977283
SA_ACEP08,N025-I01,25,1,25,67,RECOCIDO_SIMULADO,33.3011,5181,22589.635,606.968333,219.826667,0,0,true,true,52,33.333333,10208,1398,42.401961,671.306785
SA_ACEP08,N025-I01,25,1,26,68,RECOCIDO_SIMULADO,33.1095,5221,22561.076667,610.743333,219.503333,0,0,true,true,48,26.666667,10716,1454,42.401961,700.228063
SA_ACEP08,N025-I01,25,1,27,69,RECOCIDO_SIMULADO,33.6892,5181,22594.871667,625.038333,219.698333,0,0,true,true,48,26.666667,10592,1410,42.401961,661.19181
SA_ACEP08,N025-I01,25,1,28,70,RECOCIDO_SIMULADO,33.7644,5261,22580.625,614.458333,219.661667,0,0,true,true,52,33.333333,9712,1294,42.401961,717.155516
SA_ACEP08,N025-I01,25,1,29,71,RECOCIDO_SIMULADO,33.4501,5141,22615.851667,610.018333,220.058333,0,0,true,true,48,26.666667,10680,1452,42.401961,634.046663
SA_ACEP08,N025-I02,25,2,0,42,RECOCIDO_SIMULADO,31.9498,5021,11841.03,431.696667,114.093333,0,0,true,true,56,15.384615,11648,1702,31.617647,530.541298
SA_ACEP08,N025-I02,25,2,1,43,RECOCIDO_SIMULADO,33.155,5061,11841.03,431.696667,114.093333,0,0,true,true,56,15.384615,11648,1702,31.617647,558.087793
SA_ACEP08,N025-I02,25,2,2,44,RECOCIDO_SIMULADO,32.0827,4941,11841.03,431.696667,114.093333,0,0,true,true,56,15.384615,11648,1702,31.617647,480.678464
SA_ACEP08,N025-I02,25,2,3,45,RECOCIDO_SIMULADO,31.8761,4861,11841.03,431.696667,114.093333,0,0,true,true,56,15.384615,11648,1702,31.617647,444.01891
SA_ACEP08,N025-I02,25,2,4,46,RECOCIDO_SIMULADO,32.1539,4981,11841.03,431.696667,114.093333,0,0,true,true,56,15.384615,11648,1702,31.617647,518.511258
SA_ACEP08,N025-I02,25,2,5,47,RECOCIDO_SIMULADO,32.193,5061,11841.03,431.696667,114.093333,0,0,true,true,56,15.384615,11648,1702,31.617647,559.572525
SA_ACEP08,N025-I02,25,2,6,48,RECOCIDO_SIMULADO,31.5872,4861,11841.03,431.696667,114.093333,0,0,true,true,56,15.384615,11648,1702,31.617647,435.772218
SA_ACEP08,N025-I02,25,2,7,49,RECOCIDO_SIMULADO,30.907,4861,11834.113333,441.28,113.928333,0,0,true,true,56,15.384615,11250,1580,31.617647,444.379404
SA_ACEP08,N025-I02,25,2,8,50,RECOCIDO_SIMULADO,33.523,5061,11841.03,431.696667,114.093333,0,0,true,true,56,15.384615,11648,1702,31.617647,572.84901
SA_ACEP08,N025-I02,25,2,9,51,RECOCIDO_SIMULADO,32.2911,5021,11841.03,431.696667,114.093333,0,0,true,true,56,15.384615,11648,1702,31.617647,534.491061
SA_ACEP08,N025-I02,25,2,10,52,RECOCIDO_SIMULADO,33.1778,5101,11841.03,431.696667,114.093333,0,0,true,true,56,15.384615,11648,1702,31.617647,586.921603
SA_ACEP08,N025-I02,25,2,11,53,RECOCIDO_SIMULADO,31.8239,5021,11841.03,431.696667,114.093333,0,0,true,true,56,15.384615,11648,1702,31.617647,533.387243
SA_ACEP08,N025-I02,25,2,12,54,RECOCIDO_SIMULADO,32.3947,5101,11841.03,431.696667,114.093333,0,0,true,true,56,15.384615,11648,1702,31.617647,589.866304
SA_ACEP08,N025-I02,25,2,13,55,RECOCIDO_SIMULADO,34.0449,5061,11835.625,442.791667,113.928333,0,0,true,true,56,15.384615,10226,1482,31.617647,571.105628
SA_ACEP08,N025-I02,25,2,14,56,RECOCIDO_SIMULADO,31.9669,4981,11841.03,431.696667,114.093333,0,0,true,true,56,15.384615,11648,1702,31.617647,511.175334
SA_ACEP08,N025-I02,25,2,15,57,RECOCIDO_SIMULADO,35.879,5061,11841.03,431.696667,114.093333,0,0,true,true,56,15.384615,11648,1702,31.617647,575.772495
SA_ACEP08,N025-I02,25,2,16,58,RECOCIDO_SIMULADO,31.276,4901,11835.408333,442.575,113.928333,0,0,true,true,56,15.384615,11670,1642,31.617647,459.839836
SA_ACEP08,N025-I02,25,2,17,59,RECOCIDO_SIMULADO,32.2879,4941,11841.03,431.696667,114.093333,0,0,true,true,56,15.384615,11648,1702,31.617647,478.699327
SA_ACEP08,N025-I02,25,2,18,60,RECOCIDO_SIMULADO,34.9024,5101,11841.03,431.696667,114.093333,0,0,true,true,56,15.384615,11648,1702,31.617647,607.273279
SA_ACEP08,N025-I02,25,2,19,61,RECOCIDO_SIMULADO,33.7619,5061,11841.03,431.696667,114.093333,0,0,true,true,56,15.384615,11648,1702,31.617647,554.208599
SA_ACEP08,N025-I02,25,2,20,62,RECOCIDO_SIMULADO,32.9913,5101,11833.693333,440.86,113.928333,0,0,true,true,56,15.384615,11290,1544,31.617647,589.207638
SA_ACEP08,N025-I02,25,2,21,63,RECOCIDO_SIMULADO,32.1741,4981,11841.03,431.696667,114.093333,0,0,true,true,56,15.384615,11648,1702,31.617647,518.622204
SA_ACEP08,N025-I02,25,2,22,64,RECOCIDO_SIMULADO,32.6081,4981,11841.03,431.696667,114.093333,0,0,true,true,56,15.384615,11648,1702,31.617647,513.340062
SA_ACEP08,N025-I02,25,2,23,65,RECOCIDO_SIMULADO,32.4198,4941,11841.03,431.696667,114.093333,0,0,true,true,56,15.384615,11648,1702,31.617647,480.096284
SA_ACEP08,N025-I02,25,2,24,66,RECOCIDO_SIMULADO,32.2106,4901,11841.03,431.696667,114.093333,0,0,true,true,56,15.384615,11648,1702,31.617647,465.710842
SA_ACEP08,N025-I02,25,2,25,67,RECOCIDO_SIMULADO,32.2812,5061,11841.03,431.696667,114.093333,0,0,true,true,56,15.384615,11648,1702,31.617647,577.99717
SA_ACEP08,N025-I02,25,2,26,68,RECOCIDO_SIMULADO,32.705,4981,11836.256667,443.423333,113.928333,0,0,true,true,56,15.384615,10860,1550,31.617647,501.863086
SA_ACEP08,N025-I02,25,2,27,69,RECOCIDO_SIMULADO,32.6497,5061,11841.03,431.696667,114.093333,0,0,true,true,56,15.384615,11648,1702,31.617647,560.421209
SA_ACEP08,N025-I02,25,2,28,70,RECOCIDO_SIMULADO,32.3878,4981,11839.67,446.836667,113.928333,0,0,true,true,56,15.384615,11416,1526,31.617647,497.518434
SA_ACEP08,N025-I02,25,2,29,71,RECOCIDO_SIMULADO,30.93,4821,11841.03,431.696667,114.093333,0,0,true,true,56,15.384615,11648,1702,31.617647,423.841088
SA_ACEP08,N025-I03,25,3,0,42,RECOCIDO_SIMULADO,33.375,5141,12032.715,416.048333,116.166667,0,0,true,true,68,52.941176,10704,1536,28.676471,629.406421
SA_ACEP08,N025-I03,25,3,1,43,RECOCIDO_SIMULADO,32.5344,4941,12032.715,416.048333,116.166667,0,0,true,true,68,52.941176,10704,1536,28.676471,477.287763
SA_ACEP08,N025-I03,25,3,2,44,RECOCIDO_SIMULADO,32.1292,4981,12032.715,416.048333,116.166667,0,0,true,true,68,52.941176,10704,1536,28.676471,498.850225
SA_ACEP08,N025-I03,25,3,3,45,RECOCIDO_SIMULADO,32.5954,5021,12032.715,416.048333,116.166667,0,0,true,true,68,52.941176,10704,1536,28.676471,523.518052
SA_ACEP08,N025-I03,25,3,4,46,RECOCIDO_SIMULADO,30.9106,4821,12032.715,416.048333,116.166667,0,0,true,true,68,52.941176,10704,1536,28.676471,420.491578
SA_ACEP08,N025-I03,25,3,5,47,RECOCIDO_SIMULADO,33.904,5141,12032.715,416.048333,116.166667,0,0,true,true,68,52.941176,10704,1536,28.676471,626.531257
SA_ACEP08,N025-I03,25,3,6,48,RECOCIDO_SIMULADO,32.6181,5061,12032.715,416.048333,116.166667,0,0,true,true,68,52.941176,10704,1536,28.676471,568.004841
SA_ACEP08,N025-I03,25,3,7,49,RECOCIDO_SIMULADO,31.919,5021,12032.715,416.048333,116.166667,0,0,true,true,68,52.941176,10704,1536,28.676471,534.031249
SA_ACEP08,N025-I03,25,3,8,50,RECOCIDO_SIMULADO,32.7383,4901,12032.715,416.048333,116.166667,0,0,true,true,68,52.941176,10704,1536,28.676471,460.334679
SA_ACEP08,N025-I03,25,3,9,51,RECOCIDO_SIMULADO,31.9065,5061,12032.715,416.048333,116.166667,0,0,true,true,68,52.941176,10704,1536,28.676471,561.791252
SA_ACEP08,N025-I03,25,3,10,52,RECOCIDO_SIMULADO,31.9863,4941,12032.715,416.048333,116.166667,0,0,true,true,68,52.941176,10704,1536,28.676471,493.362454
SA_ACEP08,N025-I03,25,3,11,53,RECOCIDO_SIMULADO,32.5694,5141,12032.715,416.048333,116.166667,0,0,true,true,68,52.941176,10704,1536,28.676471,634.373075
SA_ACEP08,N025-I03,25,3,12,54,RECOCIDO_SIMULADO,33.2831,5061,12032.715,416.048333,116.166667,0,0,true,true,68,52.941176,10704,1536,28.676471,568.440765
SA_ACEP08,N025-I03,25,3,13,55,RECOCIDO_SIMULADO,36.6266,5221,12032.715,416.048333,116.166667,0,0,true,true,68,52.941176,10704,1536,28.676471,700.630074
SA_ACEP08,N025-I03,25,3,14,56,RECOCIDO_SIMULADO,32.9994,5021,12032.715,416.048333,116.166667,0,0,true,true,68,52.941176,10704,1536,28.676471,528.526463
SA_ACEP08,N025-I03,25,3,15,57,RECOCIDO_SIMULADO,33.0707,5061,12032.715,416.048333,116.166667,0,0,true,true,68,52.941176,10704,1536,28.676471,564.323628
SA_ACEP08,N025-I03,25,3,16,58,RECOCIDO_SIMULADO,32,4981,12032.715,416.048333,116.166667,0,0,true,true,68,52.941176,10704,1536,28.676471,500.664156
SA_ACEP08,N025-I03,25,3,17,59,RECOCIDO_SIMULADO,33.5189,5061,12032.715,416.048333,116.166667,0,0,true,true,68,52.941176,10704,1536,28.676471,568.901752
SA_ACEP08,N025-I03,25,3,18,60,RECOCIDO_SIMULADO,33.0557,5101,12032.715,416.048333,116.166667,0,0,true,true,68,52.941176,10704,1536,28.676471,598.834207
SA_ACEP08,N025-I03,25,3,19,61,RECOCIDO_SIMULADO,32.7649,4981,12032.715,416.048333,116.166667,0,0,true,true,68,52.941176,10704,1536,28.676471,506.585681
SA_ACEP08,N025-I03,25,3,20,62,RECOCIDO_SIMULADO,32.7768,5061,12032.715,416.048333,116.166667,0,0,true,true,68,52.941176,10704,1536,28.676471,556.976185
SA_ACEP08,N025-I03,25,3,21,63,RECOCIDO_SIMULADO,32.9719,4981,12032.715,416.048333,116.166667,0,0,true,true,68,52.941176,10704,1536,28.676471,512.997777
SA_ACEP08,N025-I03,25,3,22,64,RECOCIDO_SIMULADO,32.6697,5141,12032.715,416.048333,116.166667,0,0,true,true,68,52.941176,10704,1536,28.676471,627.456907
SA_ACEP08,N025-I03,25,3,23,65,RECOCIDO_SIMULADO,32.3597,5101,12032.715,416.048333,116.166667,0,0,true,true,68,52.941176,10704,1536,28.676471,580.527785
SA_ACEP08,N025-I03,25,3,24,66,RECOCIDO_SIMULADO,32.6372,5021,12032.715,416.048333,116.166667,0,0,true,true,68,52.941176,10704,1536,28.676471,537.439104
SA_ACEP08,N025-I03,25,3,25,67,RECOCIDO_SIMULADO,33.4519,5221,12032.715,416.048333,116.166667,0,0,true,true,68,52.941176,10704,1536,28.676471,684.21288
SA_ACEP08,N025-I03,25,3,26,68,RECOCIDO_SIMULADO,32.3582,4901,12032.715,416.048333,116.166667,0,0,true,true,68,52.941176,10704,1536,28.676471,462.336364
SA_ACEP08,N025-I03,25,3,27,69,RECOCIDO_SIMULADO,31.2742,4861,12032.715,416.048333,116.166667,0,0,true,true,68,52.941176,10704,1536,28.676471,443.752471
SA_ACEP08,N025-I03,25,3,28,70,RECOCIDO_SIMULADO,32.6904,5021,12032.715,416.048333,116.166667,0,0,true,true,68,52.941176,10704,1536,28.676471,541.564212
SA_ACEP08,N025-I03,25,3,29,71,RECOCIDO_SIMULADO,32.8406,5141,12032.715,416.048333,116.166667,0,0,true,true,68,52.941176,10704,1536,28.676471,622.032244
SA_ACEP08,N025-I04,25,4,0,42,RECOCIDO_SIMULADO,34.6261,5221,11678.171667,429.671667,112.485,0,0,true,true,56,35.294118,11780,1598,25.490196,683.453411
SA_ACEP08,N025-I04,25,4,1,43,RECOCIDO_SIMULADO,32.2947,5021,11676.066667,427.566667,112.485,0,0,true,true,56,35.294118,12448,1676,25.490196,549.051914
SA_ACEP08,N025-I04,25,4,2,44,RECOCIDO_SIMULADO,34.1547,5181,11656.031667,425.531667,112.305,0,0,true,true,56,35.294118,11596,1594,25.490196,655.559447
SA_ACEP08,N025-I04,25,4,3,45,RECOCIDO_SIMULADO,34.835,5301,11699.303333,429.803333,112.695,0,0,true,true,56,35.294118,12924,1822,25.490196,763.931536
SA_ACEP08,N025-I04,25,4,4,46,RECOCIDO_SIMULADO,32.826,5061,11682.741667,423.741667,112.59,0,0,true,true,56,35.294118,12620,1788,25.490196,556.977214
SA_ACEP08,N025-I04,25,4,5,47,RECOCIDO_SIMULADO,36.8084,5141,11692.688333,429.188333,112.635,0,0,true,true,56,35.294118,12612,1820,25.490196,610.909913
SA_ACEP08,N025-I04,25,4,6,48,RECOCIDO_SIMULADO,32.6057,5061,11665.191667,434.691667,112.305,0,0,true,true,56,35.294118,11176,1572,25.490196,575.509073
SA_ACEP08,N025-I04,25,4,7,49,RECOCIDO_SIMULADO,33.4718,5101,11710.678333,430.678333,112.8,0,0,true,true,56,35.294118,12240,1682,25.490196,601.785652
SA_ACEP08,N025-I04,25,4,8,50,RECOCIDO_SIMULADO,32.7466,5101,11755.471667,424.471667,113.31,0,0,true,true,56,35.294118,12252,1730,25.490196,587.808531
SA_ACEP08,N025-I04,25,4,9,51,RECOCIDO_SIMULADO,32.4321,5021,11751.493333,427.993333,113.235,0,0,true,true,56,35.294118,11884,1772,25.490196,530.945142
SA_ACEP08,N025-I04,25,4,10,52,RECOCIDO_SIMULADO,32.7732,5021,11692.108333,428.608333,112.635,0,0,true,true,56,35.294118,10616,1514,25.490196,544.682798
SA_ACEP08,N025-I04,25,4,11,53,RECOCIDO_SIMULADO,35.6333,5341,11671.563333,427.563333,112.44,0,0,true,true,56,35.294118,12158,1794,25.490196,797.421709
SA_ACEP08,N025-I04,25,4,12,54,RECOCIDO_SIMULADO,34.3846,5261,11658.48,427.98,112.305,0,0,true,true,56,35.294118,12198,1712,25.490196,729.147548
SA_ACEP08,N025-I04,25,4,13,55,RECOCIDO_SIMULADO,32.3144,5061,11660.376667,423.876667,112.365,0,0,true,true,56,35.294118,12896,1804,25.490196,565.623154
SA_ACEP08,N025-I04,25,4,14,56,RECOCIDO_SIMULADO,34.0108,5181,11677.563333,429.063333,112.485,0,0,true,true,56,35.294118,11462,1604,25.490196,669.074008
SA_ACEP08,N025-I04,25,4,15,57,RECOCIDO_SIMULADO,32.9282,5181,11677.305,428.805,112.485,0,0,true,true,56,35.294118,12050,1726,25.490196,670.407517
SA_ACEP08,N025-I04,25,4,16,58,RECOCIDO_SIMULADO,33.0093,5021,11656.881667,426.381667,112.305,0,0,true,true,56,35.294118,12868,1864,25.490196,536.137426
SA_ACEP08,N025-I04,25,4,17,59,RECOCIDO_SIMULADO,32.3967,4981,11693.488333,428.488333,112.65,0,0,true,true,56,35.294118,11666,1680,25.490196,500.413087
SA_ACEP08,N025-I04,25,4,18,60,RECOCIDO_SIMULADO,32.7456,5021,11709.161667,429.161667,112.8,0,0,true,true,56,35.294118,12008,1702,25.490196,544.775535
SA_ACEP08,N025-I04,25,4,19,61,RECOCIDO_SIMULADO,32.1625,4981,11716.606667,430.606667,112.86,0,0,true,true,56,35.294118,11756,1636,25.490196,520.501075
SA_ACEP08,N025-I04,25,4,20,62,RECOCIDO_SIMULADO,32.9098,5101,11662.276667,425.776667,112.365,0,0,true,true,56,35.294118,11656,1610,25.490196,605.518974
SA_ACEP08,N025-I04,25,4,21,63,RECOCIDO_SIMULADO,33.5786,5101,11707.955,427.955,112.8,0,0,true,true,56,35.294118,12674,1790,25.490196,608.435553
SA_ACEP08,N025-I04,25,4,22,64,RECOCIDO_SIMULADO,32.4366,5021,11675.888333,427.388333,112.485,0,0,true,true,56,35.294118,12512,1820,25.490196,537.281848
SA_ACEP08,N025-I04,25,4,23,65,RECOCIDO_SIMULADO,34.2527,5221,11665.178333,428.678333,112.365,0,0,true,true,56,35.294118,11666,1680,25.490196,675.051009
SA_ACEP08,N025-I04,25,4,24,66,RECOCIDO_SIMULADO,32.678,5101,11678.001667,429.501667,112.485,0,0,true,true,56,35.294118,11924,1674,25.490196,589.252675
SA_ACEP08,N025-I04,25,4,25,67,RECOCIDO_SIMULADO,33.5018,5181,11671.04,427.04,112.44,0,0,true,true,56,35.294118,11504,1776,25.490196,667.976119
SA_ACEP08,N025-I04,25,4,26,68,RECOCIDO_SIMULADO,33.6025,5221,11679.255,427.755,112.515,0,0,true,true,56,35.294118,11318,1584,25.490196,684.772245
SA_ACEP08,N025-I04,25,4,27,69,RECOCIDO_SIMULADO,32.4732,4901,11749.221667,428.721667,113.205,0,0,true,true,56,35.294118,11620,1628,25.490196,470.650211
SA_ACEP08,N025-I04,25,4,28,70,RECOCIDO_SIMULADO,33.2564,5141,11665.311667,428.811667,112.365,0,0,true,true,56,35.294118,12516,1776,25.490196,609.786445
SA_ACEP08,N025-I04,25,4,29,71,RECOCIDO_SIMULADO,32.3386,5061,11713.298333,427.298333,112.86,0,0,true,true,56,35.294118,11880,1668,25.490196,555.740656
SA_ACEP08,N025-I05,25,5,0,42,RECOCIDO_SIMULADO,33.742,4861,11175.046667,498.38,106.766667,0,0,true,true,68,27.272727,10740,1536,31.127451,431.333054
SA_ACEP08,N025-I05,25,5,1,43,RECOCIDO_SIMULADO,32.2054,4981,11175.046667,498.38,106.766667,0,0,true,true,68,27.272727,10740,1536,31.127451,503.459228
SA_ACEP08,N025-I05,25,5,2,44,RECOCIDO_SIMULADO,32.6689,4941,11175.046667,498.38,106.766667,0,0,true,true,68,27.272727,10740,1536,31.127451,479.673543
SA_ACEP08,N025-I05,25,5,3,45,RECOCIDO_SIMULADO,31.5513,4901,11175.046667,498.38,106.766667,0,0,true,true,68,27.272727,10740,1536,31.127451,448.262149
SA_ACEP08,N025-I05,25,5,4,46,RECOCIDO_SIMULADO,32.8554,4901,11175.046667,498.38,106.766667,0,0,true,true,68,27.272727,10740,1536,31.127451,467.223908
SA_ACEP08,N025-I05,25,5,5,47,RECOCIDO_SIMULADO,31.7834,4941,11175.046667,498.38,106.766667,0,0,true,true,68,27.272727,10740,1536,31.127451,486.079891
SA_ACEP08,N025-I05,25,5,6,48,RECOCIDO_SIMULADO,31.4852,4941,11175.046667,498.38,106.766667,0,0,true,true,68,27.272727,10740,1536,31.127451,487.368134
SA_ACEP08,N025-I05,25,5,7,49,RECOCIDO_SIMULADO,32.2861,4941,11175.046667,498.38,106.766667,0,0,true,true,68,27.272727,10740,1536,31.127451,472.761921
SA_ACEP08,N025-I05,25,5,8,50,RECOCIDO_SIMULADO,32.0071,4941,11175.046667,498.38,106.766667,0,0,true,true,68,27.272727,10740,1536,31.127451,477.396346
SA_ACEP08,N025-I05,25,5,9,51,RECOCIDO_SIMULADO,32.1435,4861,11175.046667,498.38,106.766667,0,0,true,true,68,27.272727,10740,1536,31.127451,425.756855
SA_ACEP08,N025-I05,25,5,10,52,RECOCIDO_SIMULADO,32.0125,4981,11175.046667,498.38,106.766667,0,0,true,true,68,27.272727,10740,1536,31.127451,497.144467
SA_ACEP08,N025-I05,25,5,11,53,RECOCIDO_SIMULADO,32.1282,4901,11175.046667,498.38,106.766667,0,0,true,true,68,27.272727,10740,1536,31.127451,468.848065
SA_ACEP08,N025-I05,25,5,12,54,RECOCIDO_SIMULADO,32.0822,4981,11175.046667,498.38,106.766667,0,0,true,true,68,27.272727,10740,1536,31.127451,497.072413
SA_ACEP08,N025-I05,25,5,13,55,RECOCIDO_SIMULADO,32.0058,4901,11175.046667,498.38,106.766667,0,0,true,true,68,27.272727,10740,1536,31.127451,463.328303
SA_ACEP08,N025-I05,25,5,14,56,RECOCIDO_SIMULADO,33.0723,5021,11175.046667,498.38,106.766667,0,0,true,true,68,27.272727,10740,1536,31.127451,547.942586
SA_ACEP08,N025-I05,25,5,15,57,RECOCIDO_SIMULADO,31.7832,4901,11175.046667,498.38,106.766667,0,0,true,true,68,27.272727,10740,1536,31.127451,469.521759
SA_ACEP08,N025-I05,25,5,16,58,RECOCIDO_SIMULADO,31.855,4861,11175.046667,498.38,106.766667,0,0,true,true,68,27.272727,10740,1536,31.127451,434.475348
SA_ACEP08,N025-I05,25,5,17,59,RECOCIDO_SIMULADO,31.8297,5021,11175.046667,498.38,106.766667,0,0,true,true,68,27.272727,10740,1536,31.127451,524.825166
SA_ACEP08,N025-I05,25,5,18,60,RECOCIDO_SIMULADO,32.482,4981,11175.046667,498.38,106.766667,0,0,true,true,68,27.272727,10740,1536,31.127451,508.619386
SA_ACEP08,N025-I05,25,5,19,61,RECOCIDO_SIMULADO,31.7004,4901,11175.046667,498.38,106.766667,0,0,true,true,68,27.272727,10740,1536,31.127451,460.305531
SA_ACEP08,N025-I05,25,5,20,62,RECOCIDO_SIMULADO,31.3879,4901,11175.046667,498.38,106.766667,0,0,true,true,68,27.272727,10740,1536,31.127451,463.0067
SA_ACEP08,N025-I05,25,5,21,63,RECOCIDO_SIMULADO,32.6061,4941,11175.046667,498.38,106.766667,0,0,true,true,68,27.272727,10740,1536,31.127451,494.35898
SA_ACEP08,N025-I05,25,5,22,64,RECOCIDO_SIMULADO,31.0407,4821,11175.046667,498.38,106.766667,0,0,true,true,68,27.272727,10740,1536,31.127451,410.835749
SA_ACEP08,N025-I05,25,5,23,65,RECOCIDO_SIMULADO,34.1013,4861,11175.046667,498.38,106.766667,0,0,true,true,68,27.272727,10740,1536,31.127451,431.736135
SA_ACEP08,N025-I05,25,5,24,66,RECOCIDO_SIMULADO,32.4341,4981,11175.046667,498.38,106.766667,0,0,true,true,68,27.272727,10740,1536,31.127451,506.360744
SA_ACEP08,N025-I05,25,5,25,67,RECOCIDO_SIMULADO,31.5459,4861,11175.046667,498.38,106.766667,0,0,true,true,68,27.272727,10740,1536,31.127451,432.327784
SA_ACEP08,N025-I05,25,5,26,68,RECOCIDO_SIMULADO,31.11,4821,11175.046667,498.38,106.766667,0,0,true,true,68,27.272727,10740,1536,31.127451,404.680277
SA_ACEP08,N025-I05,25,5,27,69,RECOCIDO_SIMULADO,32.6279,5101,11175.046667,498.38,106.766667,0,0,true,true,68,27.272727,10740,1536,31.127451,586.19776
SA_ACEP08,N025-I05,25,5,28,70,RECOCIDO_SIMULADO,33.1184,5021,11175.046667,498.38,106.766667,0,0,true,true,68,27.272727,10740,1536,31.127451,532.412965
SA_ACEP08,N025-I05,25,5,29,71,RECOCIDO_SIMULADO,31.4974,4941,11175.046667,498.38,106.766667,0,0,true,true,68,27.272727,10740,1536,31.127451,474.751921
SA_ACEP08,N050-I01,50,1,0,42,RECOCIDO_SIMULADO,57.4648,5581,106358.546667,1941.38,1044.171667,0,0,true,true,28,7.142857,16788,2480,74.019608,1096.105079
SA_ACEP08,N050-I01,50,1,1,43,RECOCIDO_SIMULADO,55.8717,5381,106370.901667,1953.235,1044.176667,0,0,true,true,28,7.142857,17918,2624,74.019608,859.873581
SA_ACEP08,N050-I01,50,1,2,44,RECOCIDO_SIMULADO,57.1521,5581,106467.16,1943.993333,1045.231667,0,0,true,true,28,7.142857,17356,2650,74.019608,1101.066385
SA_ACEP08,N050-I01,50,1,3,45,RECOCIDO_SIMULADO,57.2282,5581,106449.246667,1952.58,1044.966667,0,0,true,true,28,7.142857,17592,2656,74.019608,1104.838954
SA_ACEP08,N050-I01,50,1,4,46,RECOCIDO_SIMULADO,55.4901,5381,106355.503333,1948.336667,1044.071667,0,0,true,true,28,7.142857,16918,2508,74.019608,865.151867
SA_ACEP08,N050-I01,50,1,5,47,RECOCIDO_SIMULADO,56.5063,5501,106487.75,1945.083333,1045.426667,0,0,true,true,28,7.142857,17046,2576,74.019608,999.692225
SA_ACEP08,N050-I01,50,1,6,48,RECOCIDO_SIMULADO,55.2879,5421,106671.755,1944.088333,1047.276667,0,0,true,true,28,7.142857,16728,2560,74.019608,873.334983
SA_ACEP08,N050-I01,50,1,7,49,RECOCIDO_SIMULADO,57,5501,106510.085,1947.418333,1045.626667,0,0,true,true,28,7.142857,17434,2652,74.019608,998.379854
SA_ACEP08,N050-I01,50,1,8,50,RECOCIDO_SIMULADO,56.4916,5461,106421.176667,1953.676667,1044.675,0,0,true,true,28,7.142857,17574,2668,74.019608,925.176835
SA_ACEP08,N050-I01,50,1,9,51,RECOCIDO_SIMULADO,57.3885,5581,106378.616667,1950.616667,1044.28,0,0,true,true,28,7.142857,17540,2664,74.019608,1098.945408
SA_ACEP08,N050-I01,50,1,10,52,RECOCIDO_SIMULADO,59.5747,5581,106671.755,1944.088333,1047.276667,0,0,true,true,28,7.142857,16728,2560,74.019608,1105.139285
SA_ACEP08,N050-I01,50,1,11,53,RECOCIDO_SIMULADO,57.6344,5621,106555.573333,1947.906667,1046.076667,0,0,true,true,28,7.142857,17556,2672,74.019608,1137.876326
SA_ACEP08,N050-I01,50,1,12,54,RECOCIDO_SIMULADO,56.2232,5501,106511.988333,1945.488333,1045.665,0,0,true,true,28,7.142857,16850,2548,74.019608,1015.842083
SA_ACEP08,N050-I01,50,1,13,55,RECOCIDO_SIMULADO,56.0399,5541,106277.811667,1942.811667,1043.35,0,0,true,true,28,7.142857,16778,2682,74.019608,1050.534698
SA_ACEP08,N050-I01,50,1,14,56,RECOCIDO_SIMULADO,58.0857,5621,106549.216667,1961.216667,1045.88,0,0,true,true,28,7.142857,17628,2674,74.019608,1147.005304
SA_ACEP08,N050-I01,50,1,15,57,RECOCIDO_SIMULADO,56.4479,5501,106531.651667,1948.651667,1045.83,0,0,true,true,28,7.142857,17196,2616,74.019608,991.431187
SA_ACEP08,N050-I01,50,1,16,58,RECOCIDO_SIMULADO,57.0744,5541,106555.043333,1947.21,1046.078333,0,0,true,true,28,7.142857,15798,2310,74.019608,1060.395337
SA_ACEP08,N050-I01,50,1,17,59,RECOCIDO_SIMULADO,56.1036,5501,106388.43,1945.43,1044.43,0,0,true,true,28,7.142857,17380,2694,74.019608,1004.459272
SA_ACEP08,N050-I01,50,1,18,60,RECOCIDO_SIMULADO,56.7043,5501,106378.085,1942.918333,1044.351667,0,0,true,true,28,7.142857,17008,2618,74.019608,999.79686
SA_ACEP08,N050-I01,50,1,19,61,RECOCIDO_SIMULADO,56.8462,5581,106405.105,1955.105,1044.5,0,0,true,true,28,7.142857,16670,2406,74.019608,1114.348857
SA_ACEP08,N050-I01,50,1,20,62,RECOCIDO_SIMULADO,57.2735,5581,106339.825,1942.325,1043.975,0,0,true,true,28,7.142857,16954,2546,74.019608,1077.823574
SA_ACEP08,N050-I01,50,1,21,63,RECOCIDO_SIMULADO,57.8425,5541,106425.361667,1941.695,1044.836667,0,0,true,true,28,7.142857,16516,2556,74.019608,1049.689043
SA_ACEP08,N050-I01,50,1,22,64,RECOCIDO_SIMULADO,60.7871,5701,106369.896667,1941.896667,1044.28,0,0,true,true,28,7.142857,16764,2624,74.019608,1296.906691
SA_ACEP08,N050-I01,50,1,23,65,RECOCIDO_SIMULADO,58.2249,5621,106389.403333,1952.236667,1044.371667,0,0,true,true,28,7.142857,17406,2520,74.019608,1164.485329
SA_ACEP08,N050-I01,50,1,24,66,RECOCIDO_SIMULADO,57.7103,5581,106541.458333,1959.125,1045.823333,0,0,true,true,28,7.142857,18146,2656,74.019608,1125.047863
SA_ACEP08,N050-I01,50,1,25,67,RECOCIDO_SIMULADO,57.1897,5621,106349.431667,1948.765,1044.006667,0,0,true,true,28,7.142857,18256,2744,74.019608,1179.826235
SA_ACEP08,N050-I01,50,1,26,68,RECOCIDO_SIMULADO,59.229,5781,106543.363333,1946.196667,1045.971667,0,0,true,true,28,7.142857,16328,2498,74.019608,1421.792559
SA_ACEP08,N050-I01,50,1,27,69,RECOCIDO_SIMULADO,58.5568,5661,106640.566667,1946.4,1046.941667,0,0,true,true,28,7.142857,17288,2680,74.019608,1246.897074
SA_ACEP08,N050-I01,50,1,28,70,RECOCIDO_SIMULADO,57.3031,5541,106398.461667,1950.128333,1044.483333,0,0,true,true,28,7.142857,18010,2698,74.019608,1021.348151
SA_ACEP08,N050-I01,50,1,29,71,RECOCIDO_SIMULADO,57.5,5661,106596.013333,1946.846667,1046.491667,0,0,true,true,28,7.142857,17320,2634,74.019608,1204.47226
SA_ACEP08,N050-I02,50,2,0,42,RECOCIDO_SIMULADO,58.6177,5661,80133.515,1608.181667,785.253333,0,0,true,true,26,14.705882,16506,2480,54.166667,1219.470546
SA_ACEP08,N050-I02,50,2,1,43,RECOCIDO_SIMULADO,58.8592,5661,80266.318333,1617.318333,786.49,0,0,true,true,28,17.647059,18222,2768,54.166667,1220.175483
SA_ACEP08,N050-I02,50,2,2,44,RECOCIDO_SIMULADO,59.2325,5741,80441.69,1609.19,788.325,0,0,true,true,26,14.705882,16960,2566,54.166667,1347.785447
SA_ACEP08,N050-I02,50,2,3,45,RECOCIDO_SIMULADO,58.7197,5581,80234.421667,1613.921667,786.205,0,0,true,true,26,14.705882,17762,2662,54.166667,1089.068636
SA_ACEP08,N050-I02,50,2,4,46,RECOCIDO_SIMULADO,57.7365,5581,80188.603333,1612.77,785.758333,0,0,true,true,28,17.647059,16950,2580,54.166667,1086.541551
SA_ACEP08,N050-I02,50,2,5,47,RECOCIDO_SIMULADO,57.4943,5581,80227.308333,1617.975,786.093333,0,0,true,true,28,17.647059,17922,2732,54.166667,1094.289979
SA_ACEP08,N050-I02,50,2,6,48,RECOCIDO_SIMULADO,57.3732,5541,80162.058333,1616.891667,785.451667,0,0,true,true,26,14.705882,18596,2866,54.166667,1022.318302
SA_ACEP08,N050-I02,50,2,7,49,RECOCIDO_SIMULADO,58.4618,5621,80161.515,1609.848333,785.516667,0,0,true,true,28,17.647059,18636,2808,54.166667,1136.989239
SA_ACEP08,N050-I02,50,2,8,50,RECOCIDO_SIMULADO,59.3828,5741,80170.333333,1612.333333,785.58,0,0,true,true,28,17.647059,18734,2828,54.166667,1374.850114
SA_ACEP08,N050-I02,50,2,9,51,RECOCIDO_SIMULADO,58.2083,5661,80236.135,1615.968333,786.201667,0,0,true,true,28,17.647059,19084,2798,54.166667,1198.195762
SA_ACEP08,N050-I02,50,2,10,52,RECOCIDO_SIMULADO,57.1715,5621,80352.116667,1619.116667,787.33,0,0,true,true,26,14.705882,19236,2878,54.166667,1153.184857
SA_ACEP08,N050-I02,50,2,11,53,RECOCIDO_SIMULADO,57.3077,5541,80408.41,1617.41,787.91,0,0,true,true,28,17.647059,17820,2666,54.166667,1049.32638
SA_ACEP08,N050-I02,50,2,12,54,RECOCIDO_SIMULADO,58.9878,5661,80129.88,1610.546667,785.193333,0,0,true,true,26,14.705882,18610,2784,54.166667,1218.079598
SA_ACEP08,N050-I02,50,2,13,55,RECOCIDO_SIMULADO,57.2468,5581,80081.345,1616.511667,784.648333,0,0,true,true,26,14.705882,17116,2484,54.166667,1110.82293
SA_ACEP08,N050-I02,50,2,14,56,RECOCIDO_SIMULADO,63.8998,5741,80181.96,1612.626667,785.693333,0,0,true,true,28,17.647059,17448,2648,54.166667,1326.458936
SA_ACEP08,N050-I02,50,2,15,57,RECOCIDO_SIMULADO,57.7376,5621,80441.69,1609.19,788.325,0,0,true,true,26,14.705882,16960,2566,54.166667,1136.465069
SA_ACEP08,N050-I02,50,2,16,58,RECOCIDO_SIMULADO,59.4709,5661,80249.321667,1614.821667,786.345,0,0,true,true,28,17.647059,18084,2708,54.166667,1226.819069
SA_ACEP08,N050-I02,50,2,17,59,RECOCIDO_SIMULADO,58.3297,5541,80088.376667,1611.376667,784.77,0,0,true,true,28,17.647059,18424,2774,54.166667,1046.125208
SA_ACEP08,N050-I02,50,2,18,60,RECOCIDO_SIMULADO,56.934,5581,80173.233333,1609.733333,785.635,0,0,true,true,28,17.647059,19090,2954,54.166667,1078.704355
SA_ACEP08,N050-I02,50,2,19,61,RECOCIDO_SIMULADO,58.728,5661,80007.79,1610.456667,783.973333,0,0,true,true,28,17.647059,17128,2606,54.166667,1236.547538
SA_ACEP08,N050-I02,50,2,20,62,RECOCIDO_SIMULADO,58.2723,5581,79996.901667,1613.901667,783.83,0,0,true,true,28,17.647059,17824,2662,54.166667,1088.889812
SA_ACEP08,N050-I02,50,2,21,63,RECOCIDO_SIMULADO,57.9606,5621,79956.256667,1607.09,783.491667,0,0,true,true,26,14.705882,16662,2508,54.166667,1138.615822
SA_ACEP08,N050-I02,50,2,22,64,RECOCIDO_SIMULADO,57.4767,5661,80237.366667,1613.033333,786.243333,0,0,true,true,28,17.647059,18054,2792,54.166667,1197.24183
SA_ACEP08,N050-I02,50,2,23,65,RECOCIDO_SIMULADO,58.8764,5701,80290.651667,1618.818333,786.718333,0,0,true,true,28,17.647059,19152,2894,54.166667,1255.543476
SA_ACEP08,N050-I02,50,2,24,66,RECOCIDO_SIMULADO,59.2285,5741,80274.69,1611.856667,786.628333,0,0,true,true,26,14.705882,17552,2750,54.166667,1352.892425
SA_ACEP08,N050-I02,50,2,25,67,RECOCIDO_SIMULADO,59.115,5821,80230.913333,1613.913333,786.17,0,0,true,true,26,14.705882,17904,2672,54.166667,1463.926713
SA_ACEP08,N050-I02,50,2,26,68,RECOCIDO_SIMULADO,57.7738,5541,80196.051667,1613.218333,785.828333,0,0,true,true,28,17.647059,18278,2780,54.166667,1068.14272
SA_ACEP08,N050-I02,50,2,27,69,RECOCIDO_SIMULADO,58.5719,5661,80153.476667,1613.476667,785.4,0,0,true,true,28,17.647059,18064,2714,54.166667,1245.225482
SA_ACEP08,N050-I02,50,2,28,70,RECOCIDO_SIMULADO,57.5889,5541,80023.858333,1607.358333,784.165,0,0,true,true,26,14.705882,18128,2644,54.166667,1021.424363
SA_ACEP08,N050-I02,50,2,29,71,RECOCIDO_SIMULADO,58.7146,5661,80211.168333,1614.335,785.968333,0,0,true,true,28,17.647059,18110,2788,54.166667,1219.19864
SA_ACEP08,N050-I03,50,3,0,42,RECOCIDO_SIMULADO,58.9524,5621,82993.803333,1737.136667,812.566667,0,0,true,true,28,14.814815,14324,2112,64.460784,1179.474336
SA_ACEP08,N050-I03,50,3,1,43,RECOCIDO_SIMULADO,58.8928,5661,82777.226667,1735.726667,810.415,0,0,true,true,26,11.111111,16188,2470,64.460784,1229.237126
SA_ACEP08,N050-I03,50,3,2,44,RECOCIDO_SIMULADO,58.5595,5621,82731.736667,1741.57,809.901667,0,0,true,true,26,14.814815,16098,2362,64.460784,1140.173371
SA_ACEP08,N050-I03,50,3,3,45,RECOCIDO_SIMULADO,56.7338,5541,82850.236667,1745.736667,811.045,0,0,true,true,24,11.111111,16894,2522,64.460784,1065.141001
SA_ACEP08,N050-I03,50,3,4,46,RECOCIDO_SIMULADO,62.6449,5701,82822.926667,1746.26,810.766667,0,0,true,true,28,14.814815,16700,2466,64.460784,1298.375287
SA_ACEP08,N050-I03,50,3,5,47,RECOCIDO_SIMULADO,56.3176,5541,82993.803333,1737.136667,812.566667,0,0,true,true,28,14.814815,14324,2112,64.460784,1021.781871
SA_ACEP08,N050-I03,50,3,6,48,RECOCIDO_SIMULADO,56.3184,5421,82831.925,1742.758333,810.891667,0,0,true,true,26,14.814815,17348,2602,64.460784,887.333853
SA_ACEP08,N050-I03,50,3,7,49,RECOCIDO_SIMULADO,56.7233,5581,82873.69,1741.523333,811.321667,0,0,true,true,26,11.111111,16042,2416,64.460784,1105.460434
SA_ACEP08,N050-I03,50,3,8,50,RECOCIDO_SIMULADO,57.0948,5541,82740.231667,1737.565,810.026667,0,0,true,true,26,14.814815,14556,2142,64.460784,1058.879818
SA_ACEP08,N050-I03,50,3,9,51,RECOCIDO_SIMULADO,58.8455,5661,82792.03,1743.196667,810.488333,0,0,true,true,28,14.814815,17092,2538,64.460784,1223.521379
SA_ACEP08,N050-I03,50,3,10,52,RECOCIDO_SIMULADO,55.8675,5421,82907.195,1738.861667,811.683333,0,0,true,true,28,14.814815,16682,2504,64.460784,875.594942
SA_ACEP08,N050-I03,50,3,11,53,RECOCIDO_SIMULADO,58.9385,5621,82820.081667,1741.915,810.781667,0,0,true,true,28,14.814815,16332,2416,64.460784,1139.755876
SA_ACEP08,N050-I03,50,3,12,54,RECOCIDO_SIMULADO,58.6826,5621,82843.975,1736.641667,811.073333,0,0,true,true,28,14.814815,15232,2294,64.460784,1130.248777
SA_ACEP08,N050-I03,50,3,13,55,RECOCIDO_SIMULADO,57.763,5581,82878.886667,1737.053333,811.418333,0,0,true,true,26,11.111111,15780,2396,64.460784,1119.252771
SA_ACEP08,N050-I03,50,3,14,56,RECOCIDO_SIMULADO,57.8664,5621,82993.803333,1737.136667,812.566667,0,0,true,true,28,14.814815,14324,2112,64.460784,1156.713287
SA_ACEP08,N050-I03,50,3,15,57,RECOCIDO_SIMULADO,59.7531,5741,82843.185,1741.351667,811.018333,0,0,true,true,24,11.111111,16662,2488,64.460784,1326.497592
SA_ACEP08,N050-I03,50,3,16,58,RECOCIDO_SIMULADO,57.3968,5621,82939.921667,1749.921667,811.9,0,0,true,true,26,11.111111,17108,2464,64.460784,1170.477959
SA_ACEP08,N050-I03,50,3,17,59,RECOCIDO_SIMULADO,57.9427,5581,82752.521667,1737.021667,810.155,0,0,true,true,26,14.814815,15750,2352,64.460784,1073.559623
SA_ACEP08,N050-I03,50,3,18,60,RECOCIDO_SIMULADO,57.0939,5621,82858.973333,1738.973333,811.2,0,0,true,true,26,11.111111,16428,2490,64.460784,1184.046599
SA_ACEP08,N050-I03,50,3,19,61,RECOCIDO_SIMULADO,59.0074,5741,82750.22,1742.22,810.08,0,0,true,true,26,14.814815,16430,2504,64.460784,1357.137879
SA_ACEP08,N050-I03,50,3,20,62,RECOCIDO_SIMULADO,55.7232,5421,82794.85,1737.35,810.575,0,0,true,true,28,14.814815,16152,2390,64.460784,893.931928
SA_ACEP08,N050-I03,50,3,21,63,RECOCIDO_SIMULADO,56.7346,5461,82894.468333,1739.801667,811.546667,0,0,true,true,28,14.814815,16678,2506,64.460784,928.895604
SA_ACEP08,N050-I03,50,3,22,64,RECOCIDO_SIMULADO,56.7464,5541,82807.421667,1739.755,810.676667,0,0,true,true,28,14.814815,16068,2400,64.460784,1034.058145
SA_ACEP08,N050-I03,50,3,23,65,RECOCIDO_SIMULADO,58.5216,5701,82993.803333,1737.136667,812.566667,0,0,true,true,28,14.814815,14324,2112,64.460784,1279.288031
SA_ACEP08,N050-I03,50,3,24,66,RECOCIDO_SIMULADO,56.3475,5461,82964.928333,1740.595,812.243333,0,0,true,true,26,11.111111,16422,2472,64.460784,924.400135
SA_ACEP08,N050-I03,50,3,25,67,RECOCIDO_SIMULADO,57.6442,5621,82993.803333,1737.136667,812.566667,0,0,true,true,28,14.814815,14324,2112,64.460784,1156.397658
SA_ACEP08,N050-I03,50,3,26,68,RECOCIDO_SIMULADO,57.7408,5661,82975.621667,1740.955,812.346667,0,0,true,true,26,14.814815,16918,2548,64.460784,1205.215607
SA_ACEP08,N050-I03,50,3,27,69,RECOCIDO_SIMULADO,58.043,5621,82941.515,1734.515,812.07,0,0,true,true,28,14.814815,15102,2256,64.460784,1163.759201
SA_ACEP08,N050-I03,50,3,28,70,RECOCIDO_SIMULADO,57.8287,5541,82907.005,1741.838333,811.651667,0,0,true,true,26,11.111111,16936,2546,64.460784,1050.940658
SA_ACEP08,N050-I03,50,3,29,71,RECOCIDO_SIMULADO,58.8241,5541,82910.343333,1744.343333,811.66,0,0,true,true,26,11.111111,17184,2588,64.460784,1040.266103
SA_ACEP08,N050-I04,50,4,0,42,RECOCIDO_SIMULADO,60.5291,5701,86858.275,1727.275,851.31,0,0,true,true,30,12.903226,16254,2496,64.215686,1270.160148
SA_ACEP08,N050-I04,50,4,1,43,RECOCIDO_SIMULADO,58.5383,5621,86850.353333,1728.186667,851.221667,0,0,true,true,32,16.129032,15198,2216,64.215686,1151.543795
SA_ACEP08,N050-I04,50,4,2,44,RECOCIDO_SIMULADO,59.3596,5701,87050.743333,1722.576667,853.281667,0,0,true,true,30,12.903226,15710,2288,64.215686,1296.229919
SA_ACEP08,N050-I04,50,4,3,45,RECOCIDO_SIMULADO,58.6993,5701,86895.755,1728.588333,851.671667,0,0,true,true,32,16.129032,16112,2392,64.215686,1281.127062
SA_ACEP08,N050-I04,50,4,4,46,RECOCIDO_SIMULADO,58.375,5621,87031.698333,1723.698333,853.08,0,0,true,true,32,16.129032,16424,2470,64.215686,1134.745637
SA_ACEP08,N050-I04,50,4,5,47,RECOCIDO_SIMULADO,57.8218,5581,86990.091667,1728.758333,852.613333,0,0,true,true,34,16.129032,15560,2318,64.215686,1108.980961
SA_ACEP08,N050-I04,50,4,6,48,RECOCIDO_SIMULADO,59.3489,5701,86849.856667,1726.023333,851.238333,0,0,true,true,32,16.129032,15042,2302,64.215686,1299.241539
SA_ACEP08,N050-I04,50,4,7,49,RECOCIDO_SIMULADO,58.3339,5581,86950.986667,1725.653333,852.253333,0,0,true,true,30,12.903226,15984,2366,64.215686,1101.010916
SA_ACEP08,N050-I04,50,4,8,50,RECOCIDO_SIMULADO,57.7892,5701,86893.33,1731.163333,851.621667,0,0,true,true,30,12.903226,16140,2462,64.215686,1302.053848
SA_ACEP08,N050-I04,50,4,9,51,RECOCIDO_SIMULADO,58.022,5661,86960.576667,1731.41,852.291667,0,0,true,true,32,16.129032,17192,2594,64.215686,1225.529856
SA_ACEP08,N050-I04,50,4,10,52,RECOCIDO_SIMULADO,57.9334,5621,86950.916667,1722.75,852.281667,0,0,true,true,30,12.903226,15558,2352,64.215686,1166.121526
SA_ACEP08,N050-I04,50,4,11,53,RECOCIDO_SIMULADO,58.0338,5621,86918.101667,1720.435,851.976667,0,0,true,true,32,16.129032,15596,2388,64.215686,1151.831824
SA_ACEP08,N050-I04,50,4,12,54,RECOCIDO_SIMULADO,56.8967,5581,86854.268333,1722.935,851.313333,0,0,true,true,32,16.129032,15644,2374,64.215686,1103.385045
SA_ACEP08,N050-I04,50,4,13,55,RECOCIDO_SIMULADO,57.3264,5581,86910.711667,1731.545,851.791667,0,0,true,true,32,16.129032,16854,2536,64.215686,1097.006733
SA_ACEP08,N050-I04,50,4,14,56,RECOCIDO_SIMULADO,59.2185,5661,86913.73,1726.396667,851.873333,0,0,true,true,32,16.129032,16936,2520,64.215686,1211.076813
SA_ACEP08,N050-I04,50,4,15,57,RECOCIDO_SIMULADO,57.8009,5701,86931.198333,1724.531667,852.066667,0,0,true,true,30,12.903226,16968,2518,64.215686,1283.332242
SA_ACEP08,N050-I04,50,4,16,58,RECOCIDO_SIMULADO,56.999,5581,86997.115,1728.115,852.69,0,0,true,true,32,16.129032,16660,2468,64.215686,1125.755049
SA_ACEP08,N050-I04,50,4,17,59,RECOCIDO_SIMULADO,59.3162,5741,86907.67,1718.336667,851.893333,0,0,true,true,32,16.129032,14982,2256,64.215686,1367.547924
SA_ACEP08,N050-I04,50,4,18,60,RECOCIDO_SIMULADO,58.9598,5741,86973.093333,1727.593333,852.455,0,0,true,true,32,12.903226,15192,2244,64.215686,1330.991505
SA_ACEP08,N050-I04,50,4,19,61,RECOCIDO_SIMULADO,59.6638,5741,86946.485,1725.818333,852.206667,0,0,true,true,32,16.129032,16360,2472,64.215686,1354.171301
SA_ACEP08,N050-I04,50,4,20,62,RECOCIDO_SIMULADO,57.1669,5661,86815.956667,1727.456667,850.885,0,0,true,true,30,12.903226,15106,2270,64.215686,1227.072324
SA_ACEP08,N050-I04,50,4,21,63,RECOCIDO_SIMULADO,58.5913,5661,86973.19,1725.523333,852.476667,0,0,true,true,34,16.129032,16264,2488,64.215686,1215.961774
SA_ACEP08,N050-I04,50,4,22,64,RECOCIDO_SIMULADO,59.5214,5781,86910.051667,1719.885,851.901667,0,0,true,true,32,16.129032,15858,2336,64.215686,1414.48576
SA_ACEP08,N050-I04,50,4,23,65,RECOCIDO_SIMULADO,57.7385,5621,86872.046667,1729.046667,851.43,0,0,true,true,32,16.129032,16976,2490,64.215686,1173.529155
SA_ACEP08,N050-I04,50,4,24,66,RECOCIDO_SIMULADO,57.7932,5741,86837.205,1726.038333,851.111667,0,0,true,true,32,16.129032,16262,2444,64.215686,1319.454132
SA_ACEP08,N050-I04,50,4,25,67,RECOCIDO_SIMULADO,59.2601,5661,86911.443333,1723.61,851.878333,0,0,true,true,32,16.129032,15978,2408,64.215686,1240.681954
SA_ACEP08,N050-I04,50,4,26,68,RECOCIDO_SIMULADO,59.4304,5701,87050.743333,1722.576667,853.281667,0,0,true,true,30,12.903226,15710,2288,64.215686,1252.824726
SA_ACEP08,N050-I04,50,4,27,69,RECOCIDO_SIMULADO,58.2,5661,86957.69,1717.19,852.405,0,0,true,true,32,16.129032,15016,2214,64.215686,1224.437364
SA_ACEP08,N050-I04,50,4,28,70,RECOCIDO_SIMULADO,57.7735,5501,87050.743333,1722.576667,853.281667,0,0,true,true,30,12.903226,15710,2288,64.215686,1012.687556
SA_ACEP08,N050-I04,50,4,29,71,RECOCIDO_SIMULADO,58.6875,5621,87042.011667,1728.345,853.136667,0,0,true,true,32,16.129032,16786,2498,64.215686,1146.434483
SA_ACEP08,N050-I05,50,5,0,42,RECOCIDO_SIMULADO,56.7568,5381,83873.985,1517.985,823.56,0,0,true,true,28,11.428571,15410,2350,65.686275,860.615302
SA_ACEP08,N050-I05,50,5,1,43,RECOCIDO_SIMULADO,57.6127,5501,83963.33,1524.83,824.385,0,0,true,true,28,11.428571,16510,2532,65.686275,1011.65184
SA_ACEP08,N050-I05,50,5,2,44,RECOCIDO_SIMULADO,57.1963,5581,84070.665,1518.831667,825.518333,0,0,true,true,26,11.428571,14502,2152,65.686275,1111.362788
SA_ACEP08,N050-I05,50,5,3,45,RECOCIDO_SIMULADO,56.9264,5501,83885.235,1525.068333,823.601667,0,0,true,true,28,14.285714,15876,2370,65.686275,983.690684
SA_ACEP08,N050-I05,50,5,4,46,RECOCIDO_SIMULADO,57.6583,5461,83814.005,1518.505,822.955,0,0,true,true,28,11.428571,15364,2318,65.686275,918.840728
SA_ACEP08,N050-I05,50,5,5,47,RECOCIDO_SIMULADO,56.2233,5541,83990.445,1521.611667,824.688333,0,0,true,true,28,11.428571,15968,2448,65.686275,1031.670428
SA_ACEP08,N050-I05,50,5,6,48,RECOCIDO_SIMULADO,57.1793,5501,84050.566667,1518.9,825.316667,0,0,true,true,30,14.285714,15714,2396,65.686275,1005.349004
SA_ACEP08,N050-I05,50,5,7,49,RECOCIDO_SIMULADO,59.4112,5581,83784.866667,1520.7,822.641667,0,0,true,true,26,11.428571,16260,2470,65.686275,1119.778702
SA_ACEP08,N050-I05,50,5,8,50,RECOCIDO_SIMULADO,56.7247,5421,83843.548333,1526.048333,823.175,0,0,true,true,26,11.428571,16702,2498,65.686275,910.58534
SA_ACEP08,N050-I05,50,5,9,51,RECOCIDO_SIMULADO,56.3163,5381,83922.675,1523.508333,823.991667,0,0,true,true,26,11.428571,15238,2354,65.686275,856.625281
SA_ACEP08,N050-I05,50,5,10,52,RECOCIDO_SIMULADO,56.5172,5421,83799.506667,1524.84,822.746667,0,0,true,true,26,11.428571,15774,2314,65.686275,898.344542
SA_ACEP08,N050-I05,50,5,11,53,RECOCIDO_SIMULADO,59.6957,5461,83874.908333,1524.408333,823.505,0,0,true,true,26,11.428571,16520,2470,65.686275,937.06154
SA_ACEP08,N050-I05,50,5,12,54,RECOCIDO_SIMULADO,64.5731,5501,83966.781667,1523.948333,824.428333,0,0,true,true,28,11.428571,16636,2466,65.686275,993.265343
SA_ACEP08,N050-I05,50,5,13,55,RECOCIDO_SIMULADO,55.6889,5381,84045.23,1525.396667,825.198333,0,0,true,true,26,11.428571,16760,2596,65.686275,851.218429
SA_ACEP08,N050-I05,50,5,14,56,RECOCIDO_SIMULADO,58.1233,5581,83983.796667,1529.963333,824.538333,0,0,true,true,28,11.428571,16524,2448,65.686275,1125.814193
SA_ACEP08,N050-I05,50,5,15,57,RECOCIDO_SIMULADO,56.3454,5461,83829.233333,1523.733333,823.055,0,0,true,true,26,11.428571,16244,2456,65.686275,947.259271
SA_ACEP08,N050-I05,50,5,16,58,RECOCIDO_SIMULADO,57.1584,5501,83937.218333,1519.718333,824.175,0,0,true,true,28,11.428571,16124,2450,65.686275,967.303451
SA_ACEP08,N050-I05,50,5,17,59,RECOCIDO_SIMULADO,58.2393,5581,83974.815,1522.815,824.52,0,0,true,true,28,11.428571,16058,2448,65.686275,1120.166317
SA_ACEP08,N050-I05,50,5,18,60,RECOCIDO_SIMULADO,58.1269,5621,83950.411667,1525.245,824.251667,0,0,true,true,26,11.428571,17630,2604,65.686275,1127.497447
SA_ACEP08,N050-I05,50,5,19,61,RECOCIDO_SIMULADO,58.1176,5621,84070.665,1518.831667,825.518333,0,0,true,true,26,11.428571,14502,2152,65.686275,1154.220494
SA_ACEP08,N050-I05,50,5,20,62,RECOCIDO_SIMULADO,56.5522,5421,83936.833333,1520.333333,824.165,0,0,true,true,26,11.428571,16070,2412,65.686275,884.490152
SA_ACEP08,N050-I05,50,5,21,63,RECOCIDO_SIMULADO,56.7904,5421,83972.071667,1526.405,824.456667,0,0,true,true,30,14.285714,16864,2526,65.686275,910.764112
SA_ACEP08,N050-I05,50,5,22,64,RECOCIDO_SIMULADO,57.8911,5621,83693.968333,1527.968333,821.66,0,0,true,true,26,11.428571,15864,2280,65.686275,1133.634884
SA_ACEP08,N050-I05,50,5,23,65,RECOCIDO_SIMULADO,59.8857,5701,83813.673333,1522.173333,822.915,0,0,true,true,26,11.428571,15976,2436,65.686275,1282.680338
SA_ACEP08,N050-I05,50,5,24,66,RECOCIDO_SIMULADO,55.297,5501,83993.831667,1525.831667,824.68,0,0,true,true,28,14.285714,17158,2468,65.686275,977.825498
SA_ACEP08,N050-I05,50,5,25,67,RECOCIDO_SIMULADO,57.8745,5541,84034.561667,1526.228333,825.083333,0,0,true,true,28,11.428571,15782,2414,65.686275,1055.029563
SA_ACEP08,N050-I05,50,5,26,68,RECOCIDO_SIMULADO,56.7016,5461,83837.626667,1525.793333,823.118333,0,0,true,true,28,11.428571,16038,2412,65.686275,924.013451
SA_ACEP08,N050-I05,50,5,27,69,RECOCIDO_SIMULADO,56.9057,5421,84070.665,1518.831667,825.518333,0,0,true,true,26,11.428571,14502,2152,65.686275,898.241992
SA_ACEP08,N050-I05,50,5,28,70,RECOCIDO_SIMULADO,55.891,5461,83823.128333,1522.128333,823.01,0,0,true,true,26,11.428571,15088,2230,65.686275,959.144101
SA_ACEP08,N050-I05,50,5,29,71,RECOCIDO_SIMULADO,56.7504,5501,83888.888333,1521.388333,823.675,0,0,true,true,26,11.428571,15546,2340,65.686275,978.027879
SA_RECAL01,N025-I01,25,1,0,42,RECOCIDO_SIMULADO,28.5613,4341,22595.201667,608.868333,219.863333,0,0,true,true,48,26.666667,10480,1452,42.401961,224.368883
SA_RECAL01,N025-I01,25,1,1,43,RECOCIDO_SIMULADO,29.0128,4461,22577.646667,610.813333,219.668333,0,0,true,true,48,26.666667,10672,1468,42.401961,259.893473
SA_RECAL01,N025-I01,25,1,2,44,RECOCIDO_SIMULADO,29.3126,4501,22569.461667,611.628333,219.578333,0,0,true,true,48,26.666667,10536,1416,42.401961,278.44757
SA_RECAL01,N025-I01,25,1,3,45,RECOCIDO_SIMULADO,29.2325,4581,22557.401667,610.068333,219.473333,0,0,true,true,48,26.666667,10752,1436,42.401961,310.106015
SA_RECAL01,N025-I01,25,1,4,46,RECOCIDO_SIMULADO,28.5013,4461,22596.671667,617.838333,219.788333,0,0,true,true,48,26.666667,10120,1352,42.401961,267.966511
SA_RECAL01,N025-I01,25,1,5,47,RECOCIDO_SIMULADO,30.4473,4621,22567.961667,610.128333,219.578333,0,0,true,true,48,26.666667,10264,1382,42.401961,318.33296
SA_RECAL01,N025-I01,25,1,6,48,RECOCIDO_SIMULADO,28.5434,4501,22541.646667,610.813333,219.308333,0,0,true,true,48,26.666667,10300,1386,42.401961,271.479455
SA_RECAL01,N025-I01,25,1,7,49,RECOCIDO_SIMULADO,29.6781,4421,22565.781667,609.448333,219.563333,0,0,true,true,48,26.666667,10568,1444,42.401961,244.28834
SA_RECAL01,N025-I01,25,1,8,50,RECOCIDO_SIMULADO,28.4534,4501,22583.665,609.998333,219.736667,0,0,true,true,52,33.333333,11088,1514,42.401961,270.576052
SA_RECAL01,N025-I01,25,1,9,51,RECOCIDO_SIMULADO,28.4165,4421,22569.316667,611.483333,219.578333,0,0,true,true,48,26.666667,10164,1378,42.401961,247.06906
SA_RECAL01,N025-I01,25,1,10,52,RECOCIDO_SIMULADO,29.67,4501,22585.116667,610.783333,219.743333,0,0,true,true,48,26.666667,10688,1504,42.401961,277.318243
SA_RECAL01,N025-I01,25,1,11,53,RECOCIDO_SIMULADO,28.3258,4461,22558.081667,612.248333,219.458333,0,0,true,true,48,26.666667,10592,1412,42.401961,255.90468
SA_RECAL01,N025-I01,25,1,12,54,RECOCIDO_SIMULADO,29.7291,4461,22604.451667,610.618333,219.938333,0,0,true,true,48,26.666667,10816,1484,42.401961,263.983968
SA_RECAL01,N025-I01,25,1,13,55,RECOCIDO_SIMULADO,27.4062,4341,22577.596667,610.763333,219.668333,0,0,true,true,48,26.666667,10108,1362,42.401961,224.218935
SA_RECAL01,N025-I01,25,1,14,56,RECOCIDO_SIMULADO,28.5782,4421,22551.631667,611.798333,219.398333,0,0,true,true,48,26.666667,10264,1376,42.401961,253.895667
SA_RECAL01,N025-I01,25,1,15,57,RECOCIDO_SIMULADO,28.6492,4341,22618.846667,610.013333,220.088333,0,0,true,true,48,26.666667,10580,1456,42.401961,227.823707
SA_RECAL01,N025-I01,25,1,16,58,RECOCIDO_SIMULADO,28.9335,4541,22539.406667,608.573333,219.308333,0,0,true,true,48,26.666667,11140,1528,42.401961,288.141004
SA_RECAL01,N025-I01,25,1,17,59,RECOCIDO_SIMULADO,29.4319,4421,22603.21,620.543333,219.826667,0,0,true,true,52,33.333333,10868,1428,42.401961,248.495483
SA_RECAL01,N025-I01,25,1,18,60,RECOCIDO_SIMULADO,28.481,4461,22558.656667,608.323333,219.503333,0,0,true,true,48,26.666667,10964,1516,42.401961,264.893171
SA_RECAL01,N025-I01,25,1,19,61,RECOCIDO_SIMULADO,28.8617,4421,22567.341667,611.008333,219.563333,0,0,true,true,48,26.666667,10664,1458,42.401961,250.094095
SA_RECAL01,N025-I01,25,1,20,62,RECOCIDO_SIMULADO,29.3636,4461,22575.391667,608.558333,219.668333,0,0,true,true,48,26.666667,9944,1368,42.401961,256.508145
SA_RECAL01,N025-I01,25,1,21,63,RECOCIDO_SIMULADO,28.0366,4421,22633.276667,610.943333,220.223333,0,0,true,true,48,26.666667,9790,1362,42.401961,252.116905
SA_RECAL01,N025-I01,25,1,22,64,RECOCIDO_SIMULADO,28.9861,4541,22596.081667,609.748333,219.863333,0,0,true,true,48,26.666667,10576,1460,42.401961,295.767732
SA_RECAL01,N025-I01,25,1,23,65,RECOCIDO_SIMULADO,30.0904,4581,22618.156667,610.823333,220.073333,0,0,true,true,48,26.666667,11580,1598,42.401961,302.383303
SA_RECAL01,N025-I01,25,1,24,66,RECOCIDO_SIMULADO,28.6424,4461,22582.031667,609.198333,219.728333,0,0,true,true,48,26.666667,10280,1408,42.401961,265.749033
SA_RECAL01,N025-I01,25,1,25,67,RECOCIDO_SIMULADO,29.4238,4461,22554.886667,607.553333,219.473333,0,0,true,true,48,26.666667,10428,1420,42.401961,259.579614
SA_RECAL01,N025-I01,25,1,26,68,RECOCIDO_SIMULADO,28.5685,4501,22608.061667,618.728333,219.893333,0,0,true,true,48,26.666667,9850,1364,42.401961,278.397369
SA_RECAL01,N025-I01,25,1,27,69,RECOCIDO_SIMULADO,28.6026,4461,22556.226667,608.893333,219.473333,0,0,true,true,48,26.666667,10284,1388,42.401961,264.522949
SA_RECAL01,N025-I01,25,1,28,70,RECOCIDO_SIMULADO,30.1804,4581,22575.916667,607.583333,219.683333,0,0,true,true,48,26.666667,11644,1628,42.401961,297.784718
SA_RECAL01,N025-I01,25,1,29,71,RECOCIDO_SIMULADO,28.6084,4461,22570.056667,607.723333,219.623333,0,0,true,true,48,26.666667,10772,1512,42.401961,256.219892
SA_RECAL01,N025-I02,25,2,0,42,RECOCIDO_SIMULADO,29.4361,4301,11841.03,431.696667,114.093333,0,0,true,true,56,15.384615,11648,1702,31.617647,208.173216
SA_RECAL01,N025-I02,25,2,1,43,RECOCIDO_SIMULADO,27.9819,4301,11841.03,431.696667,114.093333,0,0,true,true,56,15.384615,11648,1702,31.617647,217.079958
SA_RECAL01,N025-I02,25,2,2,44,RECOCIDO_SIMULADO,27.4824,4181,11841.03,431.696667,114.093333,0,0,true,true,56,15.384615,11648,1702,31.617647,177.915806
SA_RECAL01,N025-I02,25,2,3,45,RECOCIDO_SIMULADO,27.1619,4061,11833.393333,440.56,113.928333,0,0,true,true,56,15.384615,11174,1560,31.617647,158.665844
SA_RECAL01,N025-I02,25,2,4,46,RECOCIDO_SIMULADO,27.4418,4261,11838.09,445.256667,113.928333,0,0,true,true,56,15.384615,11498,1656,31.617647,197.891493
SA_RECAL01,N025-I02,25,2,5,47,RECOCIDO_SIMULADO,29.5126,4341,11841.03,431.696667,114.093333,0,0,true,true,56,15.384615,11648,1702,31.617647,223.851387
SA_RECAL01,N025-I02,25,2,6,48,RECOCIDO_SIMULADO,26.1837,4061,11836.526667,443.693333,113.928333,0,0,true,true,56,15.384615,10730,1582,31.617647,152.632083
SA_RECAL01,N025-I02,25,2,7,49,RECOCIDO_SIMULADO,26.7898,4061,11841.03,431.696667,114.093333,0,0,true,true,56,15.384615,11648,1702,31.617647,155.172926
SA_RECAL01,N025-I02,25,2,8,50,RECOCIDO_SIMULADO,29.721,4341,11841.03,431.696667,114.093333,0,0,true,true,56,15.384615,11648,1702,31.617647,224.231177
SA_RECAL01,N025-I02,25,2,9,51,RECOCIDO_SIMULADO,27.7639,4301,11841.03,431.696667,114.093333,0,0,true,true,56,15.384615,11648,1702,31.617647,208.591285
SA_RECAL01,N025-I02,25,2,10,52,RECOCIDO_SIMULADO,28.333,4381,11841.03,431.696667,114.093333,0,0,true,true,56,15.384615,11648,1702,31.617647,241.140038
SA_RECAL01,N025-I02,25,2,11,53,RECOCIDO_SIMULADO,28.2609,4261,11841.03,431.696667,114.093333,0,0,true,true,56,15.384615,11648,1702,31.617647,203.540001
SA_RECAL01,N025-I02,25,2,12,54,RECOCIDO_SIMULADO,27.979,4381,11841.03,431.696667,114.093333,0,0,true,true,56,15.384615,11648,1702,31.617647,235.728053
SA_RECAL01,N025-I02,25,2,13,55,RECOCIDO_SIMULADO,28.6239,4341,11841.03,431.696667,114.093333,0,0,true,true,56,15.384615,11648,1702,31.617647,224.90306
SA_RECAL01,N025-I02,25,2,14,56,RECOCIDO_SIMULADO,27.3401,4221,11834.506667,441.673333,113.928333,0,0,true,true,56,15.384615,11452,1652,31.617647,195.2042
SA_RECAL01,N025-I02,25,2,15,57,RECOCIDO_SIMULADO,28.0292,4341,11841.03,431.696667,114.093333,0,0,true,true,56,15.384615,11648,1702,31.617647,228.545875
SA_RECAL01,N025-I02,25,2,16,58,RECOCIDO_SIMULADO,27.0464,4101,11829.493333,436.66,113.928333,0,0,true,true,56,15.384615,10966,1576,31.617647,164.800903
SA_RECAL01,N025-I02,25,2,17,59,RECOCIDO_SIMULADO,27.3413,4181,11841.03,431.696667,114.093333,0,0,true,true,56,15.384615,11648,1702,31.617647,178.165759
SA_RECAL01,N025-I02,25,2,18,60,RECOCIDO_SIMULADO,28.3856,4421,11841.03,431.696667,114.093333,0,0,true,true,56,15.384615,11648,1702,31.617647,248.958177
SA_RECAL01,N025-I02,25,2,19,61,RECOCIDO_SIMULADO,28.3364,4301,11841.03,431.696667,114.093333,0,0,true,true,56,15.384615,11648,1702,31.617647,212.113737
SA_RECAL01,N025-I02,25,2,20,62,RECOCIDO_SIMULADO,28.4041,4381,11841.03,431.696667,114.093333,0,0,true,true,56,15.384615,11648,1702,31.617647,233.107551
SA_RECAL01,N025-I02,25,2,21,63,RECOCIDO_SIMULADO,28.6964,4261,11841.03,431.696667,114.093333,0,0,true,true,56,15.384615,11648,1702,31.617647,197.9206
SA_RECAL01,N025-I02,25,2,22,64,RECOCIDO_SIMULADO,27.5315,4221,11841.03,431.696667,114.093333,0,0,true,true,56,15.384615,11648,1702,31.617647,192.162087
SA_RECAL01,N025-I02,25,2,23,65,RECOCIDO_SIMULADO,27.234,4141,11841.03,431.696667,114.093333,0,0,true,true,56,15.384615,11648,1702,31.617647,175.586569
SA_RECAL01,N025-I02,25,2,24,66,RECOCIDO_SIMULADO,27.5183,4141,11841.03,431.696667,114.093333,0,0,true,true,56,15.384615,11648,1702,31.617647,171.530678
SA_RECAL01,N025-I02,25,2,25,67,RECOCIDO_SIMULADO,28.2477,4341,11831.96,439.126667,113.928333,0,0,true,true,56,15.384615,10650,1522,31.617647,226.854563
SA_RECAL01,N025-I02,25,2,26,68,RECOCIDO_SIMULADO,26.877,4181,11841.03,431.696667,114.093333,0,0,true,true,56,15.384615,11648,1702,31.617647,183.771862
SA_RECAL01,N025-I02,25,2,27,69,RECOCIDO_SIMULADO,28.3388,4301,11834.188333,441.355,113.928333,0,0,true,true,56,15.384615,11066,1590,31.617647,210.227997
SA_RECAL01,N025-I02,25,2,28,70,RECOCIDO_SIMULADO,27.5771,4221,11835.33,442.496667,113.928333,0,0,true,true,56,15.384615,10976,1508,31.617647,192.209589
SA_RECAL01,N025-I02,25,2,29,71,RECOCIDO_SIMULADO,27.0183,4061,11833.175,440.341667,113.928333,0,0,true,true,56,15.384615,10868,1496,31.617647,156.329248
SA_RECAL01,N025-I03,25,3,0,42,RECOCIDO_SIMULADO,28.4601,4381,12032.715,416.048333,116.166667,0,0,true,true,68,52.941176,10704,1536,28.676471,233.151164
SA_RECAL01,N025-I03,25,3,1,43,RECOCIDO_SIMULADO,26.3573,4101,12032.715,416.048333,116.166667,0,0,true,true,68,52.941176,10704,1536,28.676471,160.80591
SA_RECAL01,N025-I03,25,3,2,44,RECOCIDO_SIMULADO,27.7098,4181,12032.715,416.048333,116.166667,0,0,true,true,68,52.941176,10704,1536,28.676471,186.827859
SA_RECAL01,N025-I03,25,3,3,45,RECOCIDO_SIMULADO,27.1245,4181,12032.715,416.048333,116.166667,0,0,true,true,68,52.941176,10704,1536,28.676471,186.578676
SA_RECAL01,N025-I03,25,3,4,46,RECOCIDO_SIMULADO,26.2251,4021,12032.715,416.048333,116.166667,0,0,true,true,68,52.941176,10704,1536,28.676471,151.920014
SA_RECAL01,N025-I03,25,3,5,47,RECOCIDO_SIMULADO,28.9544,4381,12032.715,416.048333,116.166667,0,0,true,true,68,52.941176,10704,1536,28.676471,241.584082
SA_RECAL01,N025-I03,25,3,6,48,RECOCIDO_SIMULADO,27.7308,4301,12032.715,416.048333,116.166667,0,0,true,true,68,52.941176,10704,1536,28.676471,213.072462
SA_RECAL01,N025-I03,25,3,7,49,RECOCIDO_SIMULADO,28.0399,4181,12032.715,416.048333,116.166667,0,0,true,true,68,52.941176,10704,1536,28.676471,185.280178
SA_RECAL01,N025-I03,25,3,8,50,RECOCIDO_SIMULADO,25.4462,4021,12032.715,416.048333,116.166667,0,0,true,true,68,52.941176,10704,1536,28.676471,151.938361
SA_RECAL01,N025-I03,25,3,9,51,RECOCIDO_SIMULADO,27.5228,4261,12032.715,416.048333,116.166667,0,0,true,true,68,52.941176,10704,1536,28.676471,205.645468
SA_RECAL01,N025-I03,25,3,10,52,RECOCIDO_SIMULADO,27.7012,4181,12032.715,416.048333,116.166667,0,0,true,true,68,52.941176,10704,1536,28.676471,179.513427
SA_RECAL01,N025-I03,25,3,11,53,RECOCIDO_SIMULADO,27.8155,4381,12032.715,416.048333,116.166667,0,0,true,true,68,52.941176,10704,1536,28.676471,241.491939
SA_RECAL01,N025-I03,25,3,12,54,RECOCIDO_SIMULADO,27.4352,4301,12032.715,416.048333,116.166667,0,0,true,true,68,52.941176,10704,1536,28.676471,211.259999
SA_RECAL01,N025-I03,25,3,13,55,RECOCIDO_SIMULADO,29.7513,4501,12032.715,416.048333,116.166667,0,0,true,true,68,52.941176,10704,1536,28.676471,269.280247
SA_RECAL01,N025-I03,25,3,14,56,RECOCIDO_SIMULADO,27.001,4221,12032.715,416.048333,116.166667,0,0,true,true,68,52.941176,10704,1536,28.676471,191.473286
SA_RECAL01,N025-I03,25,3,15,57,RECOCIDO_SIMULADO,28.2737,4261,12032.715,416.048333,116.166667,0,0,true,true,68,52.941176,10704,1536,28.676471,203.867255
SA_RECAL01,N025-I03,25,3,16,58,RECOCIDO_SIMULADO,26.3228,4101,12032.715,416.048333,116.166667,0,0,true,true,68,52.941176,10704,1536,28.676471,167.84609
SA_RECAL01,N025-I03,25,3,17,59,RECOCIDO_SIMULADO,27.5948,4301,12032.715,416.048333,116.166667,0,0,true,true,68,52.941176,10704,1536,28.676471,208.694357
SA_RECAL01,N025-I03,25,3,18,60,RECOCIDO_SIMULADO,29.4967,4341,12032.715,416.048333,116.166667,0,0,true,true,68,52.941176,10704,1536,28.676471,229.346791
SA_RECAL01,N025-I03,25,3,19,61,RECOCIDO_SIMULADO,26.8485,4181,12032.715,416.048333,116.166667,0,0,true,true,68,52.941176,10704,1536,28.676471,186.006019
SA_RECAL01,N025-I03,25,3,20,62,RECOCIDO_SIMULADO,27.4215,4301,12032.715,416.048333,116.166667,0,0,true,true,68,52.941176,10704,1536,28.676471,213.473978
SA_RECAL01,N025-I03,25,3,21,63,RECOCIDO_SIMULADO,27.7166,4181,12032.715,416.048333,116.166667,0,0,true,true,68,52.941176,10704,1536,28.676471,185.058774
SA_RECAL01,N025-I03,25,3,22,64,RECOCIDO_SIMULADO,28.1795,4341,12032.715,416.048333,116.166667,0,0,true,true,68,52.941176,10704,1536,28.676471,228.542809
SA_RECAL01,N025-I03,25,3,23,65,RECOCIDO_SIMULADO,29.1193,4301,12032.715,416.048333,116.166667,0,0,true,true,68,52.941176,10704,1536,28.676471,210.078364
SA_RECAL01,N025-I03,25,3,24,66,RECOCIDO_SIMULADO,26.616,4141,12032.715,416.048333,116.166667,0,0,true,true,68,52.941176,10704,1536,28.676471,174.644889
SA_RECAL01,N025-I03,25,3,25,67,RECOCIDO_SIMULADO,28.4031,4461,12032.715,416.048333,116.166667,0,0,true,true,68,52.941176,10704,1536,28.676471,259.534153
SA_RECAL01,N025-I03,25,3,26,68,RECOCIDO_SIMULADO,26.7286,4021,12032.715,416.048333,116.166667,0,0,true,true,68,52.941176,10704,1536,28.676471,149.870077
SA_RECAL01,N025-I03,25,3,27,69,RECOCIDO_SIMULADO,25.6717,3941,12032.715,416.048333,116.166667,0,0,true,true,68,52.941176,10704,1536,28.676471,135.101731
SA_RECAL01,N025-I03,25,3,28,70,RECOCIDO_SIMULADO,27.3903,4261,12032.715,416.048333,116.166667,0,0,true,true,68,52.941176,10704,1536,28.676471,199.903245
SA_RECAL01,N025-I03,25,3,29,71,RECOCIDO_SIMULADO,28.5742,4381,12032.715,416.048333,116.166667,0,0,true,true,68,52.941176,10704,1536,28.676471,233.341107
SA_RECAL01,N025-I04,25,4,0,42,RECOCIDO_SIMULADO,28.8,4381,11696.371667,426.871667,112.695,0,0,true,true,56,35.294118,11892,1690,25.490196,241.026709
SA_RECAL01,N025-I04,25,4,1,43,RECOCIDO_SIMULADO,28.2458,4221,11658.961667,428.461667,112.305,0,0,true,true,56,35.294118,11144,1486,25.490196,194.27161
SA_RECAL01,N025-I04,25,4,2,44,RECOCIDO_SIMULADO,28.2795,4381,11672.311667,428.311667,112.44,0,0,true,true,56,35.294118,11216,1570,25.490196,231.656826
SA_RECAL01,N025-I04,25,4,3,45,RECOCIDO_SIMULADO,29.441,4541,11664.796667,428.296667,112.365,0,0,true,true,56,35.294118,12332,1708,25.490196,294.947342
SA_RECAL01,N025-I04,25,4,4,46,RECOCIDO_SIMULADO,28.9436,4221,11657.601667,427.101667,112.305,0,0,true,true,56,35.294118,12588,1756,25.490196,187.380852
SA_RECAL01,N025-I04,25,4,5,47,RECOCIDO_SIMULADO,27.9139,4341,11685.535,426.535,112.59,0,0,true,true,56,35.294118,13084,1860,25.490196,227.871406
SA_RECAL01,N025-I04,25,4,6,48,RECOCIDO_SIMULADO,27.9865,4261,11690.046667,426.546667,112.635,0,0,true,true,56,35.294118,12744,1744,25.490196,204.985565
SA_RECAL01,N025-I04,25,4,7,49,RECOCIDO_SIMULADO,28.7807,4301,11713.851667,433.851667,112.8,0,0,true,true,56,35.294118,11414,1654,25.490196,210.621636
SA_RECAL01,N025-I04,25,4,8,50,RECOCIDO_SIMULADO,28.0343,4301,11677.161667,428.661667,112.485,0,0,true,true,56,35.294118,12288,1730,25.490196,210.539884
SA_RECAL01,N025-I04,25,4,9,51,RECOCIDO_SIMULADO,28.2801,4181,11663.205,426.705,112.365,0,0,true,true,56,35.294118,12812,1872,25.490196,182.340447
SA_RECAL01,N025-I04,25,4,10,52,RECOCIDO_SIMULADO,27.8894,4221,11681.07,429.57,112.515,0,0,true,true,56,35.294118,11474,1642,25.490196,195.969063
SA_RECAL01,N025-I04,25,4,11,53,RECOCIDO_SIMULADO,29.6036,4581,11702.995,434.995,112.68,0,0,true,true,56,35.294118,11654,1632,25.490196,306.642747
SA_RECAL01,N025-I04,25,4,12,54,RECOCIDO_SIMULADO,29.7044,4541,11702.916667,431.916667,112.71,0,0,true,true,56,35.294118,11976,1652,25.490196,283.791876
SA_RECAL01,N025-I04,25,4,13,55,RECOCIDO_SIMULADO,27.051,4261,11660.391667,423.891667,112.365,0,0,true,true,56,35.294118,12188,1686,25.490196,203.662514
SA_RECAL01,N025-I04,25,4,14,56,RECOCIDO_SIMULADO,29.3335,4421,11692.086667,427.086667,112.65,0,0,true,true,56,35.294118,12608,1730,25.490196,244.882641
SA_RECAL01,N025-I04,25,4,15,57,RECOCIDO_SIMULADO,28.7299,4421,11657.506667,427.006667,112.305,0,0,true,true,56,35.294118,12084,1646,25.490196,251.448432
SA_RECAL01,N025-I04,25,4,16,58,RECOCIDO_SIMULADO,27.052,4181,11661.776667,425.276667,112.365,0,0,true,true,56,35.294118,12488,1728,25.490196,183.211294
SA_RECAL01,N025-I04,25,4,17,59,RECOCIDO_SIMULADO,27.4003,4141,11711.721667,425.721667,112.86,0,0,true,true,56,35.294118,11812,1660,25.490196,173.044724
SA_RECAL01,N025-I04,25,4,18,60,RECOCIDO_SIMULADO,27.6379,4261,11718.756667,428.256667,112.905,0,0,true,true,56,35.294118,12892,1796,25.490196,204.587627
SA_RECAL01,N025-I04,25,4,19,61,RECOCIDO_SIMULADO,26.9937,4141,11696.036667,426.536667,112.695,0,0,true,true,56,35.294118,11908,1670,25.490196,173.762096
SA_RECAL01,N025-I04,25,4,20,62,RECOCIDO_SIMULADO,28.4469,4341,11688.676667,429.676667,112.59,0,0,true,true,56,35.294118,11240,1556,25.490196,220.168691
SA_RECAL01,N025-I04,25,4,21,63,RECOCIDO_SIMULADO,28.112,4301,11687.061667,423.561667,112.635,0,0,true,true,56,35.294118,13076,1836,25.490196,216.50112
SA_RECAL01,N025-I04,25,4,22,64,RECOCIDO_SIMULADO,27.7278,4221,11656.591667,426.091667,112.305,0,0,true,true,56,35.294118,11636,1618,25.490196,191.625472
SA_RECAL01,N025-I04,25,4,23,65,RECOCIDO_SIMULADO,29.0287,4421,11671.84,427.84,112.44,0,0,true,true,56,35.294118,12178,1718,25.490196,244.775461
SA_RECAL01,N025-I04,25,4,24,66,RECOCIDO_SIMULADO,27.517,4261,11690.908333,425.908333,112.65,0,0,true,true,56,35.294118,12808,1846,25.490196,203.088745
SA_RECAL01,N025-I04,25,4,25,67,RECOCIDO_SIMULADO,29.485,4421,11711.771667,425.771667,112.86,0,0,true,true,56,35.294118,13196,1858,25.490196,248.408948
SA_RECAL01,N025-I04,25,4,26,68,RECOCIDO_SIMULADO,28.3495,4421,11706.748333,426.748333,112.8,0,0,true,true,56,35.294118,12872,1872,25.490196,242.210764
SA_RECAL01,N025-I04,25,4,27,69,RECOCIDO_SIMULADO,26.7823,4061,11674.711667,426.211667,112.485,0,0,true,true,56,35.294118,12518,1850,25.490196,154.878363
SA_RECAL01,N025-I04,25,4,28,70,RECOCIDO_SIMULADO,28.4675,4341,11664.896667,428.396667,112.365,0,0,true,true,56,35.294118,13132,1870,25.490196,222.588934
SA_RECAL01,N025-I04,25,4,29,71,RECOCIDO_SIMULADO,26.9878,4221,11692.281667,427.281667,112.65,0,0,true,true,56,35.294118,11924,1646,25.490196,192.349766
SA_RECAL01,N025-I05,25,5,0,42,RECOCIDO_SIMULADO,27.3806,4101,11175.046667,498.38,106.766667,0,0,true,true,68,27.272727,10740,1536,31.127451,160.517034
SA_RECAL01,N025-I05,25,5,1,43,RECOCIDO_SIMULADO,27.3249,4221,11175.046667,498.38,106.766667,0,0,true,true,68,27.272727,10740,1536,31.127451,188.404859
SA_RECAL01,N025-I05,25,5,2,44,RECOCIDO_SIMULADO,26.8121,4181,11175.046667,498.38,106.766667,0,0,true,true,68,27.272727,10740,1536,31.127451,181.782559
SA_RECAL01,N025-I05,25,5,3,45,RECOCIDO_SIMULADO,27.3189,4101,11175.046667,498.38,106.766667,0,0,true,true,68,27.272727,10740,1536,31.127451,161.984491
SA_RECAL01,N025-I05,25,5,4,46,RECOCIDO_SIMULADO,26.8547,4181,11175.046667,498.38,106.766667,0,0,true,true,68,27.272727,10740,1536,31.127451,180.628981
SA_RECAL01,N025-I05,25,5,5,47,RECOCIDO_SIMULADO,26.5439,4181,11175.046667,498.38,106.766667,0,0,true,true,68,27.272727,10740,1536,31.127451,186.077804
SA_RECAL01,N025-I05,25,5,6,48,RECOCIDO_SIMULADO,27.6002,4181,11175.046667,498.38,106.766667,0,0,true,true,68,27.272727,10740,1536,31.127451,182.137953
SA_RECAL01,N025-I05,25,5,7,49,RECOCIDO_SIMULADO,26.2676,4141,11175.046667,498.38,106.766667,0,0,true,true,68,27.272727,10740,1536,31.127451,174.025002
SA_RECAL01,N025-I05,25,5,8,50,RECOCIDO_SIMULADO,27.2497,4141,11175.046667,498.38,106.766667,0,0,true,true,68,27.272727,10740,1536,31.127451,174.678719
SA_RECAL01,N025-I05,25,5,9,51,RECOCIDO_SIMULADO,25.9746,4061,11175.046667,498.38,106.766667,0,0,true,true,68,27.272727,10740,1536,31.127451,158.607762
SA_RECAL01,N025-I05,25,5,10,52,RECOCIDO_SIMULADO,27.4017,4261,11175.046667,498.38,106.766667,0,0,true,true,68,27.272727,10740,1536,31.127451,198.14604
SA_RECAL01,N025-I05,25,5,11,53,RECOCIDO_SIMULADO,27.1318,4141,11175.046667,498.38,106.766667,0,0,true,true,68,27.272727,10740,1536,31.127451,177.191734
SA_RECAL01,N025-I05,25,5,12,54,RECOCIDO_SIMULADO,26.9408,4261,11175.046667,498.38,106.766667,0,0,true,true,68,27.272727,10740,1536,31.127451,199.307771
SA_RECAL01,N025-I05,25,5,13,55,RECOCIDO_SIMULADO,26.4717,4141,11175.046667,498.38,106.766667,0,0,true,true,68,27.272727,10740,1536,31.127451,172.494428
SA_RECAL01,N025-I05,25,5,14,56,RECOCIDO_SIMULADO,28.3401,4301,11175.046667,498.38,106.766667,0,0,true,true,68,27.272727,10740,1536,31.127451,216.443317
SA_RECAL01,N025-I05,25,5,15,57,RECOCIDO_SIMULADO,26.5585,4181,11175.046667,498.38,106.766667,0,0,true,true,68,27.272727,10740,1536,31.127451,182.272589
SA_RECAL01,N025-I05,25,5,16,58,RECOCIDO_SIMULADO,26.555,4061,11175.046667,498.38,106.766667,0,0,true,true,68,27.272727,10740,1536,31.127451,154.195015
SA_RECAL01,N025-I05,25,5,17,59,RECOCIDO_SIMULADO,27.0627,4261,11175.046667,498.38,106.766667,0,0,true,true,68,27.272727,10740,1536,31.127451,202.645345
SA_RECAL01,N025-I05,25,5,18,60,RECOCIDO_SIMULADO,26.9802,4261,11175.046667,498.38,106.766667,0,0,true,true,68,27.272727,10740,1536,31.127451,202.367252
SA_RECAL01,N025-I05,25,5,19,61,RECOCIDO_SIMULADO,27.2212,4141,11175.046667,498.38,106.766667,0,0,true,true,68,27.272727,10740,1536,31.127451,172.710895
SA_RECAL01,N025-I05,25,5,20,62,RECOCIDO_SIMULADO,26.5483,4141,11175.046667,498.38,106.766667,0,0,true,true,68,27.272727,10740,1536,31.127451,175.492759
SA_RECAL01,N025-I05,25,5,21,63,RECOCIDO_SIMULADO,26.7898,4221,11175.046667,498.38,106.766667,0,0,true,true,68,27.272727,10740,1536,31.127451,194.540355
SA_RECAL01,N025-I05,25,5,22,64,RECOCIDO_SIMULADO,27.0066,4061,11175.046667,498.38,106.766667,0,0,true,true,68,27.272727,10740,1536,31.127451,155.503104
SA_RECAL01,N025-I05,25,5,23,65,RECOCIDO_SIMULADO,26.7597,4061,11175.046667,498.38,106.766667,0,0,true,true,68,27.272727,10740,1536,31.127451,152.458067
SA_RECAL01,N025-I05,25,5,24,66,RECOCIDO_SIMULADO,27.2157,4221,11175.046667,498.38,106.766667,0,0,true,true,68,27.272727,10740,1536,31.127451,189.609298
SA_RECAL01,N025-I05,25,5,25,67,RECOCIDO_SIMULADO,26.8156,4101,11175.046667,498.38,106.766667,0,0,true,true,68,27.272727,10740,1536,31.127451,162.112802
SA_RECAL01,N025-I05,25,5,26,68,RECOCIDO_SIMULADO,25.4297,3981,11175.046667,498.38,106.766667,0,0,true,true,68,27.272727,10740,1536,31.127451,144.80925
SA_RECAL01,N025-I05,25,5,27,69,RECOCIDO_SIMULADO,28.9815,4341,11175.046667,498.38,106.766667,0,0,true,true,68,27.272727,10740,1536,31.127451,224.530256
SA_RECAL01,N025-I05,25,5,28,70,RECOCIDO_SIMULADO,27.3305,4301,11175.046667,498.38,106.766667,0,0,true,true,68,27.272727,10740,1536,31.127451,208.29437
SA_RECAL01,N025-I05,25,5,29,71,RECOCIDO_SIMULADO,26.9475,4181,11175.046667,498.38,106.766667,0,0,true,true,68,27.272727,10740,1536,31.127451,183.787256
SA_RECAL01,N050-I01,50,1,0,42,RECOCIDO_SIMULADO,50.9767,4861,106377.758333,1941.091667,1044.366667,0,0,true,true,28,7.142857,15786,2416,74.019608,434.921985
SA_RECAL01,N050-I01,50,1,1,43,RECOCIDO_SIMULADO,47.952,4621,106350.138333,1952.138333,1043.98,0,0,true,true,28,7.142857,16324,2444,74.019608,325.850281
SA_RECAL01,N050-I01,50,1,2,44,RECOCIDO_SIMULADO,49.276,4821,106628.836667,1956.836667,1046.72,0,0,true,true,28,7.142857,18394,2676,74.019608,416.25569
SA_RECAL01,N050-I01,50,1,3,45,RECOCIDO_SIMULADO,50.7397,4861,106393.853333,1948.353333,1044.455,0,0,true,true,28,7.142857,16864,2494,74.019608,436.051889
SA_RECAL01,N050-I01,50,1,4,46,RECOCIDO_SIMULADO,50.3784,4581,106636.153333,1952.32,1046.838333,0,0,true,true,28,7.142857,17650,2630,74.019608,307.965079
SA_RECAL01,N050-I01,50,1,5,47,RECOCIDO_SIMULADO,49.36,4781,106378.213333,1945.713333,1044.325,0,0,true,true,28,7.142857,17170,2496,74.019608,393.603909
SA_RECAL01,N050-I01,50,1,6,48,RECOCIDO_SIMULADO,48.2538,4661,106393.241667,1942.241667,1044.51,0,0,true,true,28,7.142857,16398,2524,74.019608,335.632007
SA_RECAL01,N050-I01,50,1,7,49,RECOCIDO_SIMULADO,48.8341,4781,106571.531667,1947.531667,1046.24,0,0,true,true,28,7.142857,17820,2736,74.019608,390.441648
SA_RECAL01,N050-I01,50,1,8,50,RECOCIDO_SIMULADO,48.5953,4701,106538.421667,1947.421667,1045.91,0,0,true,true,28,7.142857,17794,2698,74.019608,347.918625
SA_RECAL01,N050-I01,50,1,9,51,RECOCIDO_SIMULADO,50.6591,4861,106440.408333,1950.741667,1044.896667,0,0,true,true,28,7.142857,17258,2572,74.019608,434.892299
SA_RECAL01,N050-I01,50,1,10,52,RECOCIDO_SIMULADO,49.0886,4861,106351.833333,1951.333333,1044.005,0,0,true,true,28,7.142857,16946,2476,74.019608,438.543257
SA_RECAL01,N050-I01,50,1,11,53,RECOCIDO_SIMULADO,50.8948,4901,106392.33,1947.663333,1044.446667,0,0,true,true,28,7.142857,16156,2400,74.019608,453.233219
SA_RECAL01,N050-I01,50,1,12,54,RECOCIDO_SIMULADO,50.1723,4781,106422.123333,1940.79,1044.813333,0,0,true,true,28,7.142857,17818,2734,74.019608,385.683425
SA_RECAL01,N050-I01,50,1,13,55,RECOCIDO_SIMULADO,48.6407,4821,106671.755,1944.088333,1047.276667,0,0,true,true,28,7.142857,16728,2560,74.019608,419.222231
SA_RECAL01,N050-I01,50,1,14,56,RECOCIDO_SIMULADO,51.2779,4901,106421.435,1952.268333,1044.691667,0,0,true,true,28,7.142857,17990,2710,74.019608,455.705516
SA_RECAL01,N050-I01,50,1,15,57,RECOCIDO_SIMULADO,47.9833,4741,106286.048333,1947.548333,1043.385,0,0,true,true,28,7.142857,17380,2624,74.019608,379.331152
SA_RECAL01,N050-I01,50,1,16,58,RECOCIDO_SIMULADO,50.2964,4821,106396.365,1952.365,1044.44,0,0,true,true,28,7.142857,16388,2446,74.019608,412.237649
SA_RECAL01,N050-I01,50,1,17,59,RECOCIDO_SIMULADO,49.2678,4781,106508.048333,1947.048333,1045.61,0,0,true,true,28,7.142857,16974,2584,74.019608,394.295626
SA_RECAL01,N050-I01,50,1,18,60,RECOCIDO_SIMULADO,48.5195,4781,106610.255,1943.755,1046.665,0,0,true,true,28,7.142857,17920,2728,74.019608,387.502502
SA_RECAL01,N050-I01,50,1,19,61,RECOCIDO_SIMULADO,49.7962,4861,106417.573333,1946.573333,1044.71,0,0,true,true,28,7.142857,16904,2482,74.019608,441.324296
SA_RECAL01,N050-I01,50,1,20,62,RECOCIDO_SIMULADO,50.7509,4861,106520.336667,1948.17,1045.721667,0,0,true,true,28,7.142857,17556,2650,74.019608,426.611161
SA_RECAL01,N050-I01,50,1,21,63,RECOCIDO_SIMULADO,48.9564,4821,106664.63,1943.463333,1047.211667,0,0,true,true,28,7.142857,17400,2602,74.019608,411.550894
SA_RECAL01,N050-I01,50,1,22,64,RECOCIDO_SIMULADO,51.9584,5021,106450.221667,1948.555,1045.016667,0,0,true,true,28,7.142857,17380,2664,74.019608,529.891884
SA_RECAL01,N050-I01,50,1,23,65,RECOCIDO_SIMULADO,50.9629,4901,106588.895,1949.061667,1046.398333,0,0,true,true,28,7.142857,17612,2622,74.019608,464.89929
SA_RECAL01,N050-I01,50,1,24,66,RECOCIDO_SIMULADO,49.4498,4861,106671.755,1944.088333,1047.276667,0,0,true,true,28,7.142857,16728,2560,74.019608,441.694224
SA_RECAL01,N050-I01,50,1,25,67,RECOCIDO_SIMULADO,51.4135,4941,106590.551667,1944.051667,1046.465,0,0,true,true,28,7.142857,17230,2616,74.019608,477.863071
SA_RECAL01,N050-I01,50,1,26,68,RECOCIDO_SIMULADO,52.4611,5061,106403.2,1948.866667,1044.543333,0,0,true,true,28,7.142857,17568,2706,74.019608,577.548156
SA_RECAL01,N050-I01,50,1,27,69,RECOCIDO_SIMULADO,50.4583,4981,106671.755,1944.088333,1047.276667,0,0,true,true,28,7.142857,16728,2560,74.019608,500.157844
SA_RECAL01,N050-I01,50,1,28,70,RECOCIDO_SIMULADO,49.6608,4781,106522.42,1957.253333,1045.651667,0,0,true,true,28,7.142857,18780,2684,74.019608,396.017253
SA_RECAL01,N050-I01,50,1,29,71,RECOCIDO_SIMULADO,51.0807,4941,106301.676667,1946.176667,1043.555,0,0,true,true,28,7.142857,16912,2488,74.019608,485.627039
SA_RECAL01,N050-I02,50,2,0,42,RECOCIDO_SIMULADO,51.3395,4941,80097.036667,1606.37,784.906667,0,0,true,true,26,14.705882,16530,2486,54.166667,486.179372
SA_RECAL01,N050-I02,50,2,1,43,RECOCIDO_SIMULADO,51.9897,4941,80119.288333,1611.955,785.073333,0,0,true,true,28,17.647059,18280,2794,54.166667,494.407066
SA_RECAL01,N050-I02,50,2,2,44,RECOCIDO_SIMULADO,52.2147,5021,80151.965,1612.798333,785.391667,0,0,true,true,28,17.647059,18392,2782,54.166667,532.779516
SA_RECAL01,N050-I02,50,2,3,45,RECOCIDO_SIMULADO,49.8848,4821,80198.135,1617.135,785.81,0,0,true,true,28,17.647059,18878,2850,54.166667,421.315802
SA_RECAL01,N050-I02,50,2,4,46,RECOCIDO_SIMULADO,51.0506,4861,80200.69,1613.856667,785.868333,0,0,true,true,28,17.647059,17990,2752,54.166667,427.087642
SA_RECAL01,N050-I02,50,2,5,47,RECOCIDO_SIMULADO,50.4737,4861,80284.011667,1615.845,786.681667,0,0,true,true,28,17.647059,16676,2618,54.166667,435.489356
SA_RECAL01,N050-I02,50,2,6,48,RECOCIDO_SIMULADO,49.1564,4821,80364.813333,1619.646667,787.451667,0,0,true,true,28,17.647059,19980,3056,54.166667,413.484475
SA_RECAL01,N050-I02,50,2,7,49,RECOCIDO_SIMULADO,52.5205,4861,80246.731667,1610.565,786.361667,0,0,true,true,28,17.647059,18502,2866,54.166667,438.073838
SA_RECAL01,N050-I02,50,2,8,50,RECOCIDO_SIMULADO,52.8768,5021,80206.39,1615.556667,785.908333,0,0,true,true,26,14.705882,18594,2722,54.166667,546.107479
SA_RECAL01,N050-I02,50,2,9,51,RECOCIDO_SIMULADO,51.2823,4941,80160.351667,1620.685,785.396667,0,0,true,true,26,14.705882,18008,2730,54.166667,471.225911
SA_RECAL01,N050-I02,50,2,10,52,RECOCIDO_SIMULADO,51.5991,4901,80041.425,1611.925,784.295,0,0,true,true,28,17.647059,17284,2554,54.166667,466.83544
SA_RECAL01,N050-I02,50,2,11,53,RECOCIDO_SIMULADO,50.8893,4821,80253.57,1615.07,786.385,0,0,true,true,28,17.647059,17736,2728,54.166667,419.104364
SA_RECAL01,N050-I02,50,2,12,54,RECOCIDO_SIMULADO,51.083,4941,80102.275,1616.608333,784.856667,0,0,true,true,28,17.647059,17150,2532,54.166667,489.593853
SA_RECAL01,N050-I02,50,2,13,55,RECOCIDO_SIMULADO,50.7079,4861,80245.663333,1613.496667,786.321667,0,0,true,true,28,17.647059,18504,2784,54.166667,434.318504
SA_RECAL01,N050-I02,50,2,14,56,RECOCIDO_SIMULADO,52.2152,5021,80118.3,1613.466667,785.048333,0,0,true,true,26,14.705882,16628,2444,54.166667,539.575041
SA_RECAL01,N050-I02,50,2,15,57,RECOCIDO_SIMULADO,52.026,4901,80372.53,1613.53,787.59,0,0,true,true,28,17.647059,19050,2910,54.166667,451.98714
SA_RECAL01,N050-I02,50,2,16,58,RECOCIDO_SIMULADO,52.4679,4941,80170.426667,1616.093333,785.543333,0,0,true,true,28,17.647059,17778,2596,54.166667,489.319865
SA_RECAL01,N050-I02,50,2,17,59,RECOCIDO_SIMULADO,50.2267,4821,80102.478333,1621.145,784.813333,0,0,true,true,28,17.647059,18400,2760,54.166667,407.012616
SA_RECAL01,N050-I02,50,2,18,60,RECOCIDO_SIMULADO,50.9473,4861,80168.438333,1618.605,785.498333,0,0,true,true,28,17.647059,18660,2728,54.166667,430.792067
SA_RECAL01,N050-I02,50,2,19,61,RECOCIDO_SIMULADO,54.459,4941,80285.5,1616.333333,786.691667,0,0,true,true,28,17.647059,17554,2584,54.166667,494.206518
SA_RECAL01,N050-I02,50,2,20,62,RECOCIDO_SIMULADO,50.3431,4861,80167.138333,1610.471667,785.566667,0,0,true,true,28,17.647059,18094,2792,54.166667,427.318444
SA_RECAL01,N050-I02,50,2,21,63,RECOCIDO_SIMULADO,51.2788,4861,80132.195,1617.528333,785.146667,0,0,true,true,28,17.647059,17218,2600,54.166667,427.658986
SA_RECAL01,N050-I02,50,2,22,64,RECOCIDO_SIMULADO,52.3923,4981,80076.761667,1607.595,784.691667,0,0,true,true,28,17.647059,16948,2584,54.166667,497.265843
SA_RECAL01,N050-I02,50,2,23,65,RECOCIDO_SIMULADO,51.437,4981,80095.12,1611.786667,784.833333,0,0,true,true,26,14.705882,17490,2632,54.166667,501.276975
SA_RECAL01,N050-I02,50,2,24,66,RECOCIDO_SIMULADO,52.9009,5021,80288.076667,1612.076667,786.76,0,0,true,true,30,17.647059,18770,2862,54.166667,527.568233
SA_RECAL01,N050-I02,50,2,25,67,RECOCIDO_SIMULADO,53.4037,5101,80263.14,1612.64,786.505,0,0,true,true,26,14.705882,19062,2916,54.166667,578.880083
SA_RECAL01,N050-I02,50,2,26,68,RECOCIDO_SIMULADO,49.9139,4861,80286.106667,1612.94,786.731667,0,0,true,true,26,14.705882,17970,2736,54.166667,425.388169
SA_RECAL01,N050-I02,50,2,27,69,RECOCIDO_SIMULADO,52.2917,4941,80250.476667,1609.143333,786.413333,0,0,true,true,28,17.647059,17732,2766,54.166667,486.368055
SA_RECAL01,N050-I02,50,2,28,70,RECOCIDO_SIMULADO,49.9152,4781,80390.085,1613.085,787.77,0,0,true,true,28,17.647059,18948,2954,54.166667,393.743944
SA_RECAL01,N050-I02,50,2,29,71,RECOCIDO_SIMULADO,51.1408,4941,79959.465,1610.465,783.49,0,0,true,true,28,17.647059,18168,2738,54.166667,486.20892
SA_RECAL01,N050-I03,50,3,0,42,RECOCIDO_SIMULADO,51.6697,4901,82985.82,1741.486667,812.443333,0,0,true,true,28,14.814815,16536,2536,64.460784,451.144969
SA_RECAL01,N050-I03,50,3,1,43,RECOCIDO_SIMULADO,51.3352,4941,82867.148333,1742.648333,811.245,0,0,true,true,28,14.814815,16574,2476,64.460784,475.85009
SA_RECAL01,N050-I03,50,3,2,44,RECOCIDO_SIMULADO,50.8001,4901,82993.803333,1737.136667,812.566667,0,0,true,true,28,14.814815,14324,2112,64.460784,452.466699
SA_RECAL01,N050-I03,50,3,3,45,RECOCIDO_SIMULADO,50.3294,4821,82885.933333,1739.266667,811.466667,0,0,true,true,28,14.814815,17108,2580,64.460784,417.725747
SA_RECAL01,N050-I03,50,3,4,46,RECOCIDO_SIMULADO,51.4172,4981,82749.51,1741.676667,810.078333,0,0,true,true,28,14.814815,16256,2382,64.460784,498.191048
SA_RECAL01,N050-I03,50,3,5,47,RECOCIDO_SIMULADO,52.165,4781,82832.873333,1738.373333,810.945,0,0,true,true,28,14.814815,15592,2360,64.460784,394.537743
SA_RECAL01,N050-I03,50,3,6,48,RECOCIDO_SIMULADO,49.9326,4661,82993.803333,1737.136667,812.566667,0,0,true,true,28,14.814815,14324,2112,64.460784,345.174356
SA_RECAL01,N050-I03,50,3,7,49,RECOCIDO_SIMULADO,53.9042,4861,82953.221667,1739.388333,812.138333,0,0,true,true,26,11.111111,16606,2536,64.460784,443.607279
SA_RECAL01,N050-I03,50,3,8,50,RECOCIDO_SIMULADO,49.2609,4781,82993.803333,1737.136667,812.566667,0,0,true,true,28,14.814815,14324,2112,64.460784,399.776881
SA_RECAL01,N050-I03,50,3,9,51,RECOCIDO_SIMULADO,51.7342,4941,82883.288333,1738.621667,811.446667,0,0,true,true,24,11.111111,17134,2588,64.460784,475.457706
SA_RECAL01,N050-I03,50,3,10,52,RECOCIDO_SIMULADO,49.2776,4701,82993.803333,1737.136667,812.566667,0,0,true,true,28,14.814815,14324,2112,64.460784,349.418365
SA_RECAL01,N050-I03,50,3,11,53,RECOCIDO_SIMULADO,49.7521,4821,82972.461667,1737.628333,812.348333,0,0,true,true,28,14.814815,16234,2494,64.460784,421.607888
SA_RECAL01,N050-I03,50,3,12,54,RECOCIDO_SIMULADO,51.3814,4901,82881.975,1743.975,811.38,0,0,true,true,28,14.814815,16918,2514,64.460784,447.619134
SA_RECAL01,N050-I03,50,3,13,55,RECOCIDO_SIMULADO,50.3188,4861,82993.803333,1737.136667,812.566667,0,0,true,true,28,14.814815,14324,2112,64.460784,438.198348
SA_RECAL01,N050-I03,50,3,14,56,RECOCIDO_SIMULADO,50.3043,4861,82878.033333,1737.2,811.408333,0,0,true,true,26,14.814815,15486,2278,64.460784,447.237759
SA_RECAL01,N050-I03,50,3,15,57,RECOCIDO_SIMULADO,52.4329,4981,82898.505,1736.671667,811.618333,0,0,true,true,26,11.111111,15906,2420,64.460784,501.610634
SA_RECAL01,N050-I03,50,3,16,58,RECOCIDO_SIMULADO,50.9425,4901,82927.385,1736.885,811.905,0,0,true,true,28,14.814815,16338,2508,64.460784,453.960337
SA_RECAL01,N050-I03,50,3,17,59,RECOCIDO_SIMULADO,50.5729,4821,82799.578333,1743.078333,810.565,0,0,true,true,26,11.111111,16996,2510,64.460784,424.31164
SA_RECAL01,N050-I03,50,3,18,60,RECOCIDO_SIMULADO,51.0629,4901,82993.803333,1737.136667,812.566667,0,0,true,true,28,14.814815,14324,2112,64.460784,468.722124
SA_RECAL01,N050-I03,50,3,19,61,RECOCIDO_SIMULADO,51.4747,5021,82795.733333,1739.233333,810.565,0,0,true,true,26,11.111111,16504,2516,64.460784,539.125354
SA_RECAL01,N050-I03,50,3,20,62,RECOCIDO_SIMULADO,51.8808,4661,82943.885,1748.385,811.955,0,0,true,true,28,14.814815,17776,2660,64.460784,344.082271
SA_RECAL01,N050-I03,50,3,21,63,RECOCIDO_SIMULADO,49.7013,4701,82836.043333,1745.543333,810.905,0,0,true,true,28,14.814815,17302,2608,64.460784,355.884113
SA_RECAL01,N050-I03,50,3,22,64,RECOCIDO_SIMULADO,49.4462,4821,82993.803333,1737.136667,812.566667,0,0,true,true,28,14.814815,14324,2112,64.460784,407.487287
SA_RECAL01,N050-I03,50,3,23,65,RECOCIDO_SIMULADO,51.6087,4981,82965.086667,1740.086667,812.25,0,0,true,true,24,11.111111,16832,2558,64.460784,503.770264
SA_RECAL01,N050-I03,50,3,24,66,RECOCIDO_SIMULADO,49.1115,4701,82805.785,1736.451667,810.693333,0,0,true,true,26,14.814815,15874,2422,64.460784,363.699202
SA_RECAL01,N050-I03,50,3,25,67,RECOCIDO_SIMULADO,49.8088,4861,82993.803333,1737.136667,812.566667,0,0,true,true,28,14.814815,14324,2112,64.460784,441.466678
SA_RECAL01,N050-I03,50,3,26,68,RECOCIDO_SIMULADO,50.9848,4901,82993.803333,1737.136667,812.566667,0,0,true,true,28,14.814815,14324,2112,64.460784,467.187126
SA_RECAL01,N050-I03,50,3,27,69,RECOCIDO_SIMULADO,51.0825,4901,82993.803333,1737.136667,812.566667,0,0,true,true,28,14.814815,14324,2112,64.460784,447.692035
SA_RECAL01,N050-I03,50,3,28,70,RECOCIDO_SIMULADO,50.1548,4821,82993.803333,1737.136667,812.566667,0,0,true,true,28,14.814815,14324,2112,64.460784,407.703636
SA_RECAL01,N050-I03,50,3,29,71,RECOCIDO_SIMULADO,49.8525,4741,82985.723333,1737.056667,812.486667,0,0,true,true,28,14.814815,14324,2112,64.460784,376.675095
SA_RECAL01,N050-I04,50,4,0,42,RECOCIDO_SIMULADO,52.9707,4981,87050.743333,1722.576667,853.281667,0,0,true,true,30,12.903226,15710,2288,64.215686,510.768735
SA_RECAL01,N050-I04,50,4,1,43,RECOCIDO_SIMULADO,50.4722,4901,86815.031667,1723.365,850.916667,0,0,true,true,32,16.129032,16224,2410,64.215686,464.140968
SA_RECAL01,N050-I04,50,4,2,44,RECOCIDO_SIMULADO,51.789,4981,86805.596667,1723.263333,850.823333,0,0,true,true,32,16.129032,15034,2196,64.215686,518.523225
SA_RECAL01,N050-I04,50,4,3,45,RECOCIDO_SIMULADO,52.3606,4981,87050.743333,1722.576667,853.281667,0,0,true,true,30,12.903226,15710,2288,64.215686,513.284941
SA_RECAL01,N050-I04,50,4,4,46,RECOCIDO_SIMULADO,50.5783,4901,86947.146667,1727.813333,852.193333,0,0,true,true,30,12.903226,16622,2486,64.215686,454.689815
SA_RECAL01,N050-I04,50,4,5,47,RECOCIDO_SIMULADO,54.9722,4861,87014.471667,1727.138333,852.873333,0,0,true,true,32,16.129032,16476,2424,64.215686,445.707314
SA_RECAL01,N050-I04,50,4,6,48,RECOCIDO_SIMULADO,52.7883,5021,87050.743333,1722.576667,853.281667,0,0,true,true,30,12.903226,15710,2288,64.215686,537.672121
SA_RECAL01,N050-I04,50,4,7,49,RECOCIDO_SIMULADO,50.277,4861,86807.771667,1728.938333,850.788333,0,0,true,true,32,16.129032,16698,2396,64.215686,431.258171
SA_RECAL01,N050-I04,50,4,8,50,RECOCIDO_SIMULADO,52.3348,5021,86835.465,1729.965,851.055,0,0,true,true,32,16.129032,16108,2470,64.215686,534.567191
SA_RECAL01,N050-I04,50,4,9,51,RECOCIDO_SIMULADO,51.4491,4941,87050.743333,1722.576667,853.281667,0,0,true,true,30,12.903226,15710,2288,64.215686,487.309027
SA_RECAL01,N050-I04,50,4,10,52,RECOCIDO_SIMULADO,51.525,4941,86864.145,1719.645,851.445,0,0,true,true,30,12.903226,15926,2448,64.215686,473.733627
SA_RECAL01,N050-I04,50,4,11,53,RECOCIDO_SIMULADO,51.4102,4901,86812.468333,1726.468333,850.86,0,0,true,true,30,12.903226,15752,2330,64.215686,451.773785
SA_RECAL01,N050-I04,50,4,12,54,RECOCIDO_SIMULADO,51.2309,4861,86931.41,1722.243333,852.091667,0,0,true,true,32,16.129032,15170,2220,64.215686,441.004423
SA_RECAL01,N050-I04,50,4,13,55,RECOCIDO_SIMULADO,50.9202,4861,86844.32,1720.82,851.235,0,0,true,true,32,16.129032,14518,2152,64.215686,434.682438
SA_RECAL01,N050-I04,50,4,14,56,RECOCIDO_SIMULADO,51.6581,4941,86842.698333,1726.365,851.163333,0,0,true,true,32,16.129032,15974,2358,64.215686,483.661029
SA_RECAL01,N050-I04,50,4,15,57,RECOCIDO_SIMULADO,51.7182,4981,87050.743333,1722.576667,853.281667,0,0,true,true,30,12.903226,15710,2288,64.215686,515.579742
SA_RECAL01,N050-I04,50,4,16,58,RECOCIDO_SIMULADO,50.7953,4861,86796.615,1725.115,850.715,0,0,true,true,32,16.129032,16442,2388,64.215686,431.059415
SA_RECAL01,N050-I04,50,4,17,59,RECOCIDO_SIMULADO,52.4931,5021,87050.743333,1722.576667,853.281667,0,0,true,true,30,12.903226,15710,2288,64.215686,547.390254
SA_RECAL01,N050-I04,50,4,18,60,RECOCIDO_SIMULADO,53.0523,5021,86950.138333,1724.805,852.253333,0,0,true,true,32,16.129032,15430,2278,64.215686,543.710013
SA_RECAL01,N050-I04,50,4,19,61,RECOCIDO_SIMULADO,52.2908,5061,86894.583333,1724.916667,851.696667,0,0,true,true,32,16.129032,16144,2394,64.215686,553.011046
SA_RECAL01,N050-I04,50,4,20,62,RECOCIDO_SIMULADO,52.4126,4901,87050.743333,1722.576667,853.281667,0,0,true,true,30,12.903226,15710,2288,64.215686,456.89274
SA_RECAL01,N050-I04,50,4,21,63,RECOCIDO_SIMULADO,53.7824,4941,87008.415,1728.915,852.795,0,0,true,true,32,16.129032,15624,2306,64.215686,478.13181
SA_RECAL01,N050-I04,50,4,22,64,RECOCIDO_SIMULADO,53.3422,5101,86969.153333,1725.653333,852.435,0,0,true,true,30,12.903226,16332,2452,64.215686,582.219032
SA_RECAL01,N050-I04,50,4,23,65,RECOCIDO_SIMULADO,51.5995,4901,86956.608333,1722.608333,852.34,0,0,true,true,32,16.129032,15880,2386,64.215686,466.869963
SA_RECAL01,N050-I04,50,4,24,66,RECOCIDO_SIMULADO,52.5814,5021,87024.765,1722.598333,853.021667,0,0,true,true,32,16.129032,15336,2370,64.215686,529.110931
SA_RECAL01,N050-I04,50,4,25,67,RECOCIDO_SIMULADO,51.1479,4941,86836.336667,1730.67,851.056667,0,0,true,true,32,16.129032,16284,2348,64.215686,490.008381
SA_RECAL01,N050-I04,50,4,26,68,RECOCIDO_SIMULADO,52.9241,4981,87028.151667,1727.651667,853.005,0,0,true,true,30,12.903226,15982,2408,64.215686,502.297259
SA_RECAL01,N050-I04,50,4,27,69,RECOCIDO_SIMULADO,52.4527,4941,87050.743333,1722.576667,853.281667,0,0,true,true,30,12.903226,15710,2288,64.215686,485.047389
SA_RECAL01,N050-I04,50,4,28,70,RECOCIDO_SIMULADO,49.7855,4781,86883.145,1725.311667,851.578333,0,0,true,true,30,12.903226,16246,2378,64.215686,393.290692
SA_RECAL01,N050-I04,50,4,29,71,RECOCIDO_SIMULADO,51.3673,4901,87050.743333,1722.576667,853.281667,0,0,true,true,30,12.903226,15710,2288,64.215686,457.578304
SA_RECAL01,N050-I05,50,5,0,42,RECOCIDO_SIMULADO,49.2738,4661,83798.253333,1523.753333,822.745,0,0,true,true,26,11.428571,16322,2414,65.686275,341.459488
SA_RECAL01,N050-I05,50,5,1,43,RECOCIDO_SIMULADO,49.8478,4821,84070.665,1518.831667,825.518333,0,0,true,true,26,11.428571,14502,2152,65.686275,420.584026
SA_RECAL01,N050-I05,50,5,2,44,RECOCIDO_SIMULADO,52.1507,4901,84064.133333,1528.3,825.358333,0,0,true,true,28,14.285714,17018,2544,65.686275,460.603516
SA_RECAL01,N050-I05,50,5,3,45,RECOCIDO_SIMULADO,50.2453,4781,83829.528333,1521.528333,823.08,0,0,true,true,26,11.428571,14966,2254,65.686275,401.860152
SA_RECAL01,N050-I05,50,5,4,46,RECOCIDO_SIMULADO,49.0697,4701,83876.351667,1524.185,823.521667,0,0,true,true,26,11.428571,14762,2200,65.686275,362.548796
SA_RECAL01,N050-I05,50,5,5,47,RECOCIDO_SIMULADO,54.2214,4821,83807.346667,1523.513333,822.838333,0,0,true,true,26,11.428571,16054,2472,65.686275,423.175659
SA_RECAL01,N050-I05,50,5,6,48,RECOCIDO_SIMULADO,50.0305,4821,83812.93,1531.096667,822.818333,0,0,true,true,26,11.428571,16026,2358,65.686275,410.407428
SA_RECAL01,N050-I05,50,5,7,49,RECOCIDO_SIMULADO,52.127,4901,84001.438333,1526.771667,824.746667,0,0,true,true,28,11.428571,16240,2440,65.686275,458.04005
SA_RECAL01,N050-I05,50,5,8,50,RECOCIDO_SIMULADO,49.7438,4701,83989.25,1524.083333,824.651667,0,0,true,true,26,8.571429,16440,2492,65.686275,358.622183
SA_RECAL01,N050-I05,50,5,9,51,RECOCIDO_SIMULADO,48.4153,4661,83835.53,1518.03,823.175,0,0,true,true,28,11.428571,15614,2348,65.686275,346.090777
SA_RECAL01,N050-I05,50,5,10,52,RECOCIDO_SIMULADO,49.1929,4701,83614.973333,1526.973333,820.88,0,0,true,true,26,11.428571,15824,2312,65.686275,356.811837
SA_RECAL01,N050-I05,50,5,11,53,RECOCIDO_SIMULADO,49.466,4741,83827.846667,1524.68,823.031667,0,0,true,true,26,11.428571,15662,2312,65.686275,378.425144
SA_RECAL01,N050-I05,50,5,12,54,RECOCIDO_SIMULADO,50.5602,4821,83870.62,1518.286667,823.523333,0,0,true,true,26,11.428571,15206,2294,65.686275,409.647074
SA_RECAL01,N050-I05,50,5,13,55,RECOCIDO_SIMULADO,49.176,4661,83760.17,1527.003333,822.331667,0,0,true,true,26,11.428571,15964,2356,65.686275,340.733619
SA_RECAL01,N050-I05,50,5,14,56,RECOCIDO_SIMULADO,51.9198,4901,84047.446667,1519.78,825.276667,0,0,true,true,26,11.428571,15402,2294,65.686275,456.742543
SA_RECAL01,N050-I05,50,5,15,57,RECOCIDO_SIMULADO,49.4266,4741,83960.153333,1528.153333,824.32,0,0,true,true,30,14.285714,16776,2442,65.686275,383.568193
SA_RECAL01,N050-I05,50,5,16,58,RECOCIDO_SIMULADO,50.0061,4781,83750.771667,1524.105,822.266667,0,0,true,true,26,11.428571,15816,2376,65.686275,392.924379
SA_RECAL01,N050-I05,50,5,17,59,RECOCIDO_SIMULADO,52.2196,4901,83855.908333,1525.408333,823.305,0,0,true,true,26,11.428571,15372,2314,65.686275,462.830138
SA_RECAL01,N050-I05,50,5,18,60,RECOCIDO_SIMULADO,50.5045,4901,83944.64,1529.806667,824.148333,0,0,true,true,26,11.428571,16410,2360,65.686275,466.911584
SA_RECAL01,N050-I05,50,5,19,61,RECOCIDO_SIMULADO,52.1006,4941,83916.423333,1523.423333,823.93,0,0,true,true,26,11.428571,16288,2468,65.686275,476.72686
SA_RECAL01,N050-I05,50,5,20,62,RECOCIDO_SIMULADO,49.5489,4701,84026.045,1522.045,825.04,0,0,true,true,28,11.428571,16536,2478,65.686275,347.039638
SA_RECAL01,N050-I05,50,5,21,63,RECOCIDO_SIMULADO,49.583,4701,84035.788333,1523.788333,825.12,0,0,true,true,26,11.428571,16408,2486,65.686275,360.758741
SA_RECAL01,N050-I05,50,5,22,64,RECOCIDO_SIMULADO,51.3662,4901,83796.701667,1528.035,822.686667,0,0,true,true,26,11.428571,15366,2244,65.686275,463.164838
SA_RECAL01,N050-I05,50,5,23,65,RECOCIDO_SIMULADO,52.6561,5021,83919.028333,1526.528333,823.925,0,0,true,true,26,11.428571,16394,2498,65.686275,528.721386
SA_RECAL01,N050-I05,50,5,24,66,RECOCIDO_SIMULADO,49.6037,4781,83861.323333,1523.323333,823.38,0,0,true,true,26,11.428571,16602,2476,65.686275,396.912426
SA_RECAL01,N050-I05,50,5,25,67,RECOCIDO_SIMULADO,51.2263,4861,83861.766667,1527.1,823.346667,0,0,true,true,26,11.428571,16972,2554,65.686275,425.904209
SA_RECAL01,N050-I05,50,5,26,68,RECOCIDO_SIMULADO,49.3337,4741,84000.226667,1524.226667,824.76,0,0,true,true,28,14.285714,15858,2392,65.686275,369.478229
SA_RECAL01,N050-I05,50,5,27,69,RECOCIDO_SIMULADO,50.1948,4701,83934.163333,1518.496667,824.156667,0,0,true,true,28,11.428571,15848,2432,65.686275,354.766925
SA_RECAL01,N050-I05,50,5,28,70,RECOCIDO_SIMULADO,50.981,4781,83824.785,1523.951667,823.008333,0,0,true,true,28,11.428571,15924,2382,65.686275,387.858576
SA_RECAL01,N050-I05,50,5,29,71,RECOCIDO_SIMULADO,50.2832,4781,83811.786667,1527.62,822.841667,0,0,true,true,26,11.428571,17050,2514,65.686275,393.45444
SA_RECAL05,N025-I01,25,1,0,42,RECOCIDO_SIMULADO,28.018,4341,22595.201667,608.868333,219.863333,0,0,true,true,48,26.666667,10480,1452,42.401961,224.368883
SA_RECAL05,N025-I01,25,1,1,43,RECOCIDO_SIMULADO,29.5822,4461,22577.646667,610.813333,219.668333,0,0,true,true,48,26.666667,10672,1468,42.401961,259.893473
SA_RECAL05,N025-I01,25,1,2,44,RECOCIDO_SIMULADO,29.0346,4501,22569.461667,611.628333,219.578333,0,0,true,true,48,26.666667,10536,1416,42.401961,278.44757
SA_RECAL05,N025-I01,25,1,3,45,RECOCIDO_SIMULADO,29.623,4581,22557.401667,610.068333,219.473333,0,0,true,true,48,26.666667,10752,1436,42.401961,310.106015
SA_RECAL05,N025-I01,25,1,4,46,RECOCIDO_SIMULADO,30.0617,4461,22596.671667,617.838333,219.788333,0,0,true,true,48,26.666667,10120,1352,42.401961,267.966511
SA_RECAL05,N025-I01,25,1,5,47,RECOCIDO_SIMULADO,29.9226,4621,22567.961667,610.128333,219.578333,0,0,true,true,48,26.666667,10264,1382,42.401961,318.33296
SA_RECAL05,N025-I01,25,1,6,48,RECOCIDO_SIMULADO,29.9893,4501,22541.646667,610.813333,219.308333,0,0,true,true,48,26.666667,10300,1386,42.401961,271.479455
SA_RECAL05,N025-I01,25,1,7,49,RECOCIDO_SIMULADO,28.6991,4421,22565.781667,609.448333,219.563333,0,0,true,true,48,26.666667,10568,1444,42.401961,244.28834
SA_RECAL05,N025-I01,25,1,8,50,RECOCIDO_SIMULADO,29.352,4501,22583.665,609.998333,219.736667,0,0,true,true,52,33.333333,11088,1514,42.401961,270.576052
SA_RECAL05,N025-I01,25,1,9,51,RECOCIDO_SIMULADO,29.9489,4421,22569.316667,611.483333,219.578333,0,0,true,true,48,26.666667,10164,1378,42.401961,247.06906
SA_RECAL05,N025-I01,25,1,10,52,RECOCIDO_SIMULADO,28.667,4501,22585.116667,610.783333,219.743333,0,0,true,true,48,26.666667,10688,1504,42.401961,277.318243
SA_RECAL05,N025-I01,25,1,11,53,RECOCIDO_SIMULADO,29.6231,4461,22558.081667,612.248333,219.458333,0,0,true,true,48,26.666667,10592,1412,42.401961,255.90468
SA_RECAL05,N025-I01,25,1,12,54,RECOCIDO_SIMULADO,28.85,4461,22604.451667,610.618333,219.938333,0,0,true,true,48,26.666667,10816,1484,42.401961,263.983968
SA_RECAL05,N025-I01,25,1,13,55,RECOCIDO_SIMULADO,27.6236,4341,22577.596667,610.763333,219.668333,0,0,true,true,48,26.666667,10108,1362,42.401961,224.218935
SA_RECAL05,N025-I01,25,1,14,56,RECOCIDO_SIMULADO,29.215,4421,22551.631667,611.798333,219.398333,0,0,true,true,48,26.666667,10264,1376,42.401961,253.895667
SA_RECAL05,N025-I01,25,1,15,57,RECOCIDO_SIMULADO,27.9043,4341,22618.846667,610.013333,220.088333,0,0,true,true,48,26.666667,10580,1456,42.401961,227.823707
SA_RECAL05,N025-I01,25,1,16,58,RECOCIDO_SIMULADO,29.1096,4541,22539.406667,608.573333,219.308333,0,0,true,true,48,26.666667,11140,1528,42.401961,288.141004
SA_RECAL05,N025-I01,25,1,17,59,RECOCIDO_SIMULADO,29.1198,4421,22603.21,620.543333,219.826667,0,0,true,true,52,33.333333,10868,1428,42.401961,248.495483
SA_RECAL05,N025-I01,25,1,18,60,RECOCIDO_SIMULADO,28.3207,4461,22558.656667,608.323333,219.503333,0,0,true,true,48,26.666667,10964,1516,42.401961,264.893171
SA_RECAL05,N025-I01,25,1,19,61,RECOCIDO_SIMULADO,28.7549,4421,22567.341667,611.008333,219.563333,0,0,true,true,48,26.666667,10664,1458,42.401961,250.094095
SA_RECAL05,N025-I01,25,1,20,62,RECOCIDO_SIMULADO,28.3163,4461,22575.391667,608.558333,219.668333,0,0,true,true,48,26.666667,9944,1368,42.401961,256.508145
SA_RECAL05,N025-I01,25,1,21,63,RECOCIDO_SIMULADO,28.4402,4421,22633.276667,610.943333,220.223333,0,0,true,true,48,26.666667,9790,1362,42.401961,252.116905
SA_RECAL05,N025-I01,25,1,22,64,RECOCIDO_SIMULADO,29.8232,4541,22596.081667,609.748333,219.863333,0,0,true,true,48,26.666667,10576,1460,42.401961,295.767732
SA_RECAL05,N025-I01,25,1,23,65,RECOCIDO_SIMULADO,29.3201,4581,22618.156667,610.823333,220.073333,0,0,true,true,48,26.666667,11580,1598,42.401961,302.383303
SA_RECAL05,N025-I01,25,1,24,66,RECOCIDO_SIMULADO,28.7126,4461,22582.031667,609.198333,219.728333,0,0,true,true,48,26.666667,10280,1408,42.401961,265.749033
SA_RECAL05,N025-I01,25,1,25,67,RECOCIDO_SIMULADO,28.452,4461,22554.886667,607.553333,219.473333,0,0,true,true,48,26.666667,10428,1420,42.401961,259.579614
SA_RECAL05,N025-I01,25,1,26,68,RECOCIDO_SIMULADO,28.5783,4501,22608.061667,618.728333,219.893333,0,0,true,true,48,26.666667,9850,1364,42.401961,278.397369
SA_RECAL05,N025-I01,25,1,27,69,RECOCIDO_SIMULADO,29.3487,4461,22556.226667,608.893333,219.473333,0,0,true,true,48,26.666667,10284,1388,42.401961,264.522949
SA_RECAL05,N025-I01,25,1,28,70,RECOCIDO_SIMULADO,30.2569,4581,22575.916667,607.583333,219.683333,0,0,true,true,48,26.666667,11644,1628,42.401961,297.784718
SA_RECAL05,N025-I01,25,1,29,71,RECOCIDO_SIMULADO,29.6271,4461,22570.056667,607.723333,219.623333,0,0,true,true,48,26.666667,10772,1512,42.401961,256.219892
SA_RECAL05,N025-I02,25,2,0,42,RECOCIDO_SIMULADO,28.5673,4301,11841.03,431.696667,114.093333,0,0,true,true,56,15.384615,11648,1702,31.617647,208.173216
SA_RECAL05,N025-I02,25,2,1,43,RECOCIDO_SIMULADO,27.9893,4301,11841.03,431.696667,114.093333,0,0,true,true,56,15.384615,11648,1702,31.617647,217.079958
SA_RECAL05,N025-I02,25,2,2,44,RECOCIDO_SIMULADO,28.4622,4181,11841.03,431.696667,114.093333,0,0,true,true,56,15.384615,11648,1702,31.617647,177.915806
SA_RECAL05,N025-I02,25,2,3,45,RECOCIDO_SIMULADO,26.6518,4061,11833.393333,440.56,113.928333,0,0,true,true,56,15.384615,11174,1560,31.617647,158.665844
SA_RECAL05,N025-I02,25,2,4,46,RECOCIDO_SIMULADO,28.6781,4261,11838.09,445.256667,113.928333,0,0,true,true,56,15.384615,11498,1656,31.617647,197.891493
SA_RECAL05,N025-I02,25,2,5,47,RECOCIDO_SIMULADO,28.9008,4341,11841.03,431.696667,114.093333,0,0,true,true,56,15.384615,11648,1702,31.617647,223.851387
SA_RECAL05,N025-I02,25,2,6,48,RECOCIDO_SIMULADO,26.9699,4061,11836.526667,443.693333,113.928333,0,0,true,true,56,15.384615,10730,1582,31.617647,152.632083
SA_RECAL05,N025-I02,25,2,7,49,RECOCIDO_SIMULADO,27.5181,4061,11841.03,431.696667,114.093333,0,0,true,true,56,15.384615,11648,1702,31.617647,155.172926
SA_RECAL05,N025-I02,25,2,8,50,RECOCIDO_SIMULADO,28.6788,4341,11841.03,431.696667,114.093333,0,0,true,true,56,15.384615,11648,1702,31.617647,224.231177
SA_RECAL05,N025-I02,25,2,9,51,RECOCIDO_SIMULADO,27.3275,4301,11841.03,431.696667,114.093333,0,0,true,true,56,15.384615,11648,1702,31.617647,208.591285
SA_RECAL05,N025-I02,25,2,10,52,RECOCIDO_SIMULADO,29.1071,4381,11841.03,431.696667,114.093333,0,0,true,true,56,15.384615,11648,1702,31.617647,241.140038
SA_RECAL05,N025-I02,25,2,11,53,RECOCIDO_SIMULADO,27.4651,4261,11841.03,431.696667,114.093333,0,0,true,true,56,15.384615,11648,1702,31.617647,203.540001
SA_RECAL05,N025-I02,25,2,12,54,RECOCIDO_SIMULADO,28.9678,4381,11841.03,431.696667,114.093333,0,0,true,true,56,15.384615,11648,1702,31.617647,235.728053
SA_RECAL05,N025-I02,25,2,13,55,RECOCIDO_SIMULADO,27.9116,4341,11841.03,431.696667,114.093333,0,0,true,true,56,15.384615,11648,1702,31.617647,224.90306
SA_RECAL05,N025-I02,25,2,14,56,RECOCIDO_SIMULADO,27.4424,4221,11834.506667,441.673333,113.928333,0,0,true,true,56,15.384615,11452,1652,31.617647,195.2042
SA_RECAL05,N025-I02,25,2,15,57,RECOCIDO_SIMULADO,28.6015,4341,11841.03,431.696667,114.093333,0,0,true,true,56,15.384615,11648,1702,31.617647,228.545875
SA_RECAL05,N025-I02,25,2,16,58,RECOCIDO_SIMULADO,26.5192,4101,11829.493333,436.66,113.928333,0,0,true,true,56,15.384615,10966,1576,31.617647,164.800903
SA_RECAL05,N025-I02,25,2,17,59,RECOCIDO_SIMULADO,27.3172,4181,11841.03,431.696667,114.093333,0,0,true,true,56,15.384615,11648,1702,31.617647,178.165759
SA_RECAL05,N025-I02,25,2,18,60,RECOCIDO_SIMULADO,29.1828,4421,11841.03,431.696667,114.093333,0,0,true,true,56,15.384615,11648,1702,31.617647,248.958177
SA_RECAL05,N025-I02,25,2,19,61,RECOCIDO_SIMULADO,27.9566,4301,11841.03,431.696667,114.093333,0,0,true,true,56,15.384615,11648,1702,31.617647,212.113737
SA_RECAL05,N025-I02,25,2,20,62,RECOCIDO_SIMULADO,29.5598,4381,11841.03,431.696667,114.093333,0,0,true,true,56,15.384615,11648,1702,31.617647,233.107551
SA_RECAL05,N025-I02,25,2,21,63,RECOCIDO_SIMULADO,27.6165,4261,11841.03,431.696667,114.093333,0,0,true,true,56,15.384615,11648,1702,31.617647,197.9206
SA_RECAL05,N025-I02,25,2,22,64,RECOCIDO_SIMULADO,27.5666,4221,11841.03,431.696667,114.093333,0,0,true,true,56,15.384615,11648,1702,31.617647,192.162087
SA_RECAL05,N025-I02,25,2,23,65,RECOCIDO_SIMULADO,27.6202,4141,11841.03,431.696667,114.093333,0,0,true,true,56,15.384615,11648,1702,31.617647,175.586569
SA_RECAL05,N025-I02,25,2,24,66,RECOCIDO_SIMULADO,26.824,4141,11841.03,431.696667,114.093333,0,0,true,true,56,15.384615,11648,1702,31.617647,171.530678
SA_RECAL05,N025-I02,25,2,25,67,RECOCIDO_SIMULADO,28.4331,4341,11831.96,439.126667,113.928333,0,0,true,true,56,15.384615,10650,1522,31.617647,226.854563
SA_RECAL05,N025-I02,25,2,26,68,RECOCIDO_SIMULADO,28.163,4181,11841.03,431.696667,114.093333,0,0,true,true,56,15.384615,11648,1702,31.617647,183.771862
SA_RECAL05,N025-I02,25,2,27,69,RECOCIDO_SIMULADO,27.6676,4301,11834.188333,441.355,113.928333,0,0,true,true,56,15.384615,11066,1590,31.617647,210.227997
SA_RECAL05,N025-I02,25,2,28,70,RECOCIDO_SIMULADO,28.4005,4221,11835.33,442.496667,113.928333,0,0,true,true,56,15.384615,10976,1508,31.617647,192.209589
SA_RECAL05,N025-I02,25,2,29,71,RECOCIDO_SIMULADO,26.7098,4061,11833.175,440.341667,113.928333,0,0,true,true,56,15.384615,10868,1496,31.617647,156.329248
SA_RECAL05,N025-I03,25,3,0,42,RECOCIDO_SIMULADO,28.4499,4381,12032.715,416.048333,116.166667,0,0,true,true,68,52.941176,10704,1536,28.676471,233.151164
SA_RECAL05,N025-I03,25,3,1,43,RECOCIDO_SIMULADO,27.6943,4101,12032.715,416.048333,116.166667,0,0,true,true,68,52.941176,10704,1536,28.676471,160.80591
SA_RECAL05,N025-I03,25,3,2,44,RECOCIDO_SIMULADO,27.5908,4181,12032.715,416.048333,116.166667,0,0,true,true,68,52.941176,10704,1536,28.676471,186.827859
SA_RECAL05,N025-I03,25,3,3,45,RECOCIDO_SIMULADO,27.0037,4181,12032.715,416.048333,116.166667,0,0,true,true,68,52.941176,10704,1536,28.676471,186.578676
SA_RECAL05,N025-I03,25,3,4,46,RECOCIDO_SIMULADO,27.1358,4021,12032.715,416.048333,116.166667,0,0,true,true,68,52.941176,10704,1536,28.676471,151.920014
SA_RECAL05,N025-I03,25,3,5,47,RECOCIDO_SIMULADO,28.331,4381,12032.715,416.048333,116.166667,0,0,true,true,68,52.941176,10704,1536,28.676471,241.584082
SA_RECAL05,N025-I03,25,3,6,48,RECOCIDO_SIMULADO,28.5056,4301,12032.715,416.048333,116.166667,0,0,true,true,68,52.941176,10704,1536,28.676471,213.072462
SA_RECAL05,N025-I03,25,3,7,49,RECOCIDO_SIMULADO,27.3548,4181,12032.715,416.048333,116.166667,0,0,true,true,68,52.941176,10704,1536,28.676471,185.280178
SA_RECAL05,N025-I03,25,3,8,50,RECOCIDO_SIMULADO,25.7694,4021,12032.715,416.048333,116.166667,0,0,true,true,68,52.941176,10704,1536,28.676471,151.938361
SA_RECAL05,N025-I03,25,3,9,51,RECOCIDO_SIMULADO,28.5795,4261,12032.715,416.048333,116.166667,0,0,true,true,68,52.941176,10704,1536,28.676471,205.645468
SA_RECAL05,N025-I03,25,3,10,52,RECOCIDO_SIMULADO,26.8323,4181,12032.715,416.048333,116.166667,0,0,true,true,68,52.941176,10704,1536,28.676471,179.513427
SA_RECAL05,N025-I03,25,3,11,53,RECOCIDO_SIMULADO,28.1891,4381,12032.715,416.048333,116.166667,0,0,true,true,68,52.941176,10704,1536,28.676471,241.491939
SA_RECAL05,N025-I03,25,3,12,54,RECOCIDO_SIMULADO,29.5461,4301,12032.715,416.048333,116.166667,0,0,true,true,68,52.941176,10704,1536,28.676471,211.259999
SA_RECAL05,N025-I03,25,3,13,55,RECOCIDO_SIMULADO,29.0846,4501,12032.715,416.048333,116.166667,0,0,true,true,68,52.941176,10704,1536,28.676471,269.280247
SA_RECAL05,N025-I03,25,3,14,56,RECOCIDO_SIMULADO,28.3463,4221,12032.715,416.048333,116.166667,0,0,true,true,68,52.941176,10704,1536,28.676471,191.473286
SA_RECAL05,N025-I03,25,3,15,57,RECOCIDO_SIMULADO,27.6887,4261,12032.715,416.048333,116.166667,0,0,true,true,68,52.941176,10704,1536,28.676471,203.867255
SA_RECAL05,N025-I03,25,3,16,58,RECOCIDO_SIMULADO,26.2593,4101,12032.715,416.048333,116.166667,0,0,true,true,68,52.941176,10704,1536,28.676471,167.84609
SA_RECAL05,N025-I03,25,3,17,59,RECOCIDO_SIMULADO,28.5983,4301,12032.715,416.048333,116.166667,0,0,true,true,68,52.941176,10704,1536,28.676471,208.694357
SA_RECAL05,N025-I03,25,3,18,60,RECOCIDO_SIMULADO,28.0715,4341,12032.715,416.048333,116.166667,0,0,true,true,68,52.941176,10704,1536,28.676471,229.346791
SA_RECAL05,N025-I03,25,3,19,61,RECOCIDO_SIMULADO,26.9334,4181,12032.715,416.048333,116.166667,0,0,true,true,68,52.941176,10704,1536,28.676471,186.006019
SA_RECAL05,N025-I03,25,3,20,62,RECOCIDO_SIMULADO,28.4258,4301,12032.715,416.048333,116.166667,0,0,true,true,68,52.941176,10704,1536,28.676471,213.473978
SA_RECAL05,N025-I03,25,3,21,63,RECOCIDO_SIMULADO,27.1145,4181,12032.715,416.048333,116.166667,0,0,true,true,68,52.941176,10704,1536,28.676471,185.058774
SA_RECAL05,N025-I03,25,3,22,64,RECOCIDO_SIMULADO,28.7956,4341,12032.715,416.048333,116.166667,0,0,true,true,68,52.941176,10704,1536,28.676471,228.542809
SA_RECAL05,N025-I03,25,3,23,65,RECOCIDO_SIMULADO,28.4264,4301,12032.715,416.048333,116.166667,0,0,true,true,68,52.941176,10704,1536,28.676471,210.078364
SA_RECAL05,N025-I03,25,3,24,66,RECOCIDO_SIMULADO,28.0995,4141,12032.715,416.048333,116.166667,0,0,true,true,68,52.941176,10704,1536,28.676471,174.644889
SA_RECAL05,N025-I03,25,3,25,67,RECOCIDO_SIMULADO,30.5159,4461,12032.715,416.048333,116.166667,0,0,true,true,68,52.941176,10704,1536,28.676471,259.534153
SA_RECAL05,N025-I03,25,3,26,68,RECOCIDO_SIMULADO,26.7072,4021,12032.715,416.048333,116.166667,0,0,true,true,68,52.941176,10704,1536,28.676471,149.870077
SA_RECAL05,N025-I03,25,3,27,69,RECOCIDO_SIMULADO,25.9223,3941,12032.715,416.048333,116.166667,0,0,true,true,68,52.941176,10704,1536,28.676471,135.101731
SA_RECAL05,N025-I03,25,3,28,70,RECOCIDO_SIMULADO,28.5589,4261,12032.715,416.048333,116.166667,0,0,true,true,68,52.941176,10704,1536,28.676471,199.903245
SA_RECAL05,N025-I03,25,3,29,71,RECOCIDO_SIMULADO,28.9197,4381,12032.715,416.048333,116.166667,0,0,true,true,68,52.941176,10704,1536,28.676471,233.341107
SA_RECAL05,N025-I04,25,4,0,42,RECOCIDO_SIMULADO,29.7492,4381,11696.371667,426.871667,112.695,0,0,true,true,56,35.294118,11892,1690,25.490196,241.026709
SA_RECAL05,N025-I04,25,4,1,43,RECOCIDO_SIMULADO,31.019,4221,11658.961667,428.461667,112.305,0,0,true,true,56,35.294118,11144,1486,25.490196,194.27161
SA_RECAL05,N025-I04,25,4,2,44,RECOCIDO_SIMULADO,28.4296,4381,11672.311667,428.311667,112.44,0,0,true,true,56,35.294118,11216,1570,25.490196,231.656826
SA_RECAL05,N025-I04,25,4,3,45,RECOCIDO_SIMULADO,30.2051,4541,11664.796667,428.296667,112.365,0,0,true,true,56,35.294118,12332,1708,25.490196,294.947342
SA_RECAL05,N025-I04,25,4,4,46,RECOCIDO_SIMULADO,27.6011,4221,11657.601667,427.101667,112.305,0,0,true,true,56,35.294118,12588,1756,25.490196,187.380852
SA_RECAL05,N025-I04,25,4,5,47,RECOCIDO_SIMULADO,28.8622,4341,11685.535,426.535,112.59,0,0,true,true,56,35.294118,13084,1860,25.490196,227.871406
SA_RECAL05,N025-I04,25,4,6,48,RECOCIDO_SIMULADO,27.8726,4261,11690.046667,426.546667,112.635,0,0,true,true,56,35.294118,12744,1744,25.490196,204.985565
SA_RECAL05,N025-I04,25,4,7,49,RECOCIDO_SIMULADO,27.9842,4301,11713.851667,433.851667,112.8,0,0,true,true,56,35.294118,11414,1654,25.490196,210.621636
SA_RECAL05,N025-I04,25,4,8,50,RECOCIDO_SIMULADO,28.6665,4301,11677.161667,428.661667,112.485,0,0,true,true,56,35.294118,12288,1730,25.490196,210.539884
SA_RECAL05,N025-I04,25,4,9,51,RECOCIDO_SIMULADO,27.3335,4181,11663.205,426.705,112.365,0,0,true,true,56,35.294118,12812,1872,25.490196,182.340447
SA_RECAL05,N025-I04,25,4,10,52,RECOCIDO_SIMULADO,27.4545,4221,11681.07,429.57,112.515,0,0,true,true,56,35.294118,11474,1642,25.490196,195.969063
SA_RECAL05,N025-I04,25,4,11,53,RECOCIDO_SIMULADO,30.6292,4581,11702.995,434.995,112.68,0,0,true,true,56,35.294118,11654,1632,25.490196,306.642747
SA_RECAL05,N025-I04,25,4,12,54,RECOCIDO_SIMULADO,29.1136,4541,11702.916667,431.916667,112.71,0,0,true,true,56,35.294118,11976,1652,25.490196,283.791876
SA_RECAL05,N025-I04,25,4,13,55,RECOCIDO_SIMULADO,28.2816,4261,11660.391667,423.891667,112.365,0,0,true,true,56,35.294118,12188,1686,25.490196,203.662514
SA_RECAL05,N025-I04,25,4,14,56,RECOCIDO_SIMULADO,29.0454,4421,11692.086667,427.086667,112.65,0,0,true,true,56,35.294118,12608,1730,25.490196,244.882641
SA_RECAL05,N025-I04,25,4,15,57,RECOCIDO_SIMULADO,28.893,4421,11657.506667,427.006667,112.305,0,0,true,true,56,35.294118,12084,1646,25.490196,251.448432
SA_RECAL05,N025-I04,25,4,16,58,RECOCIDO_SIMULADO,28.2896,4181,11661.776667,425.276667,112.365,0,0,true,true,56,35.294118,12488,1728,25.490196,183.211294
SA_RECAL05,N025-I04,25,4,17,59,RECOCIDO_SIMULADO,27.9787,4141,11711.721667,425.721667,112.86,0,0,true,true,56,35.294118,11812,1660,25.490196,173.044724
SA_RECAL05,N025-I04,25,4,18,60,RECOCIDO_SIMULADO,27.475,4261,11718.756667,428.256667,112.905,0,0,true,true,56,35.294118,12892,1796,25.490196,204.587627
SA_RECAL05,N025-I04,25,4,19,61,RECOCIDO_SIMULADO,28.31,4141,11696.036667,426.536667,112.695,0,0,true,true,56,35.294118,11908,1670,25.490196,173.762096
SA_RECAL05,N025-I04,25,4,20,62,RECOCIDO_SIMULADO,28.8688,4341,11688.676667,429.676667,112.59,0,0,true,true,56,35.294118,11240,1556,25.490196,220.168691
SA_RECAL05,N025-I04,25,4,21,63,RECOCIDO_SIMULADO,29.3183,4301,11687.061667,423.561667,112.635,0,0,true,true,56,35.294118,13076,1836,25.490196,216.50112
SA_RECAL05,N025-I04,25,4,22,64,RECOCIDO_SIMULADO,27.5151,4221,11656.591667,426.091667,112.305,0,0,true,true,56,35.294118,11636,1618,25.490196,191.625472
SA_RECAL05,N025-I04,25,4,23,65,RECOCIDO_SIMULADO,28.8334,4421,11671.84,427.84,112.44,0,0,true,true,56,35.294118,12178,1718,25.490196,244.775461
SA_RECAL05,N025-I04,25,4,24,66,RECOCIDO_SIMULADO,29.2847,4261,11690.908333,425.908333,112.65,0,0,true,true,56,35.294118,12808,1846,25.490196,203.088745
SA_RECAL05,N025-I04,25,4,25,67,RECOCIDO_SIMULADO,29.5824,4421,11711.771667,425.771667,112.86,0,0,true,true,56,35.294118,13196,1858,25.490196,248.408948
SA_RECAL05,N025-I04,25,4,26,68,RECOCIDO_SIMULADO,29.5629,4421,11706.748333,426.748333,112.8,0,0,true,true,56,35.294118,12872,1872,25.490196,242.210764
SA_RECAL05,N025-I04,25,4,27,69,RECOCIDO_SIMULADO,26.3168,4061,11674.711667,426.211667,112.485,0,0,true,true,56,35.294118,12518,1850,25.490196,154.878363
SA_RECAL05,N025-I04,25,4,28,70,RECOCIDO_SIMULADO,28.0209,4341,11664.896667,428.396667,112.365,0,0,true,true,56,35.294118,13132,1870,25.490196,222.588934
SA_RECAL05,N025-I04,25,4,29,71,RECOCIDO_SIMULADO,27.8002,4221,11692.281667,427.281667,112.65,0,0,true,true,56,35.294118,11924,1646,25.490196,192.349766
SA_RECAL05,N025-I05,25,5,0,42,RECOCIDO_SIMULADO,27.9127,4101,11175.046667,498.38,106.766667,0,0,true,true,68,27.272727,10740,1536,31.127451,160.517034
SA_RECAL05,N025-I05,25,5,1,43,RECOCIDO_SIMULADO,27.4454,4221,11175.046667,498.38,106.766667,0,0,true,true,68,27.272727,10740,1536,31.127451,188.404859
SA_RECAL05,N025-I05,25,5,2,44,RECOCIDO_SIMULADO,27.6411,4181,11175.046667,498.38,106.766667,0,0,true,true,68,27.272727,10740,1536,31.127451,181.782559
SA_RECAL05,N025-I05,25,5,3,45,RECOCIDO_SIMULADO,26.7465,4101,11175.046667,498.38,106.766667,0,0,true,true,68,27.272727,10740,1536,31.127451,161.984491
SA_RECAL05,N025-I05,25,5,4,46,RECOCIDO_SIMULADO,27.1886,4181,11175.046667,498.38,106.766667,0,0,true,true,68,27.272727,10740,1536,31.127451,180.628981
SA_RECAL05,N025-I05,25,5,5,47,RECOCIDO_SIMULADO,27.7531,4181,11175.046667,498.38,106.766667,0,0,true,true,68,27.272727,10740,1536,31.127451,186.077804
SA_RECAL05,N025-I05,25,5,6,48,RECOCIDO_SIMULADO,26.7181,4181,11175.046667,498.38,106.766667,0,0,true,true,68,27.272727,10740,1536,31.127451,182.137953
SA_RECAL05,N025-I05,25,5,7,49,RECOCIDO_SIMULADO,27.3122,4141,11175.046667,498.38,106.766667,0,0,true,true,68,27.272727,10740,1536,31.127451,174.025002
SA_RECAL05,N025-I05,25,5,8,50,RECOCIDO_SIMULADO,28.5555,4141,11175.046667,498.38,106.766667,0,0,true,true,68,27.272727,10740,1536,31.127451,174.678719
SA_RECAL05,N025-I05,25,5,9,51,RECOCIDO_SIMULADO,26.1192,4061,11175.046667,498.38,106.766667,0,0,true,true,68,27.272727,10740,1536,31.127451,158.607762
SA_RECAL05,N025-I05,25,5,10,52,RECOCIDO_SIMULADO,28.1707,4261,11175.046667,498.38,106.766667,0,0,true,true,68,27.272727,10740,1536,31.127451,198.14604
SA_RECAL05,N025-I05,25,5,11,53,RECOCIDO_SIMULADO,26.488,4141,11175.046667,498.38,106.766667,0,0,true,true,68,27.272727,10740,1536,31.127451,177.191734
SA_RECAL05,N025-I05,25,5,12,54,RECOCIDO_SIMULADO,27.3459,4261,11175.046667,498.38,106.766667,0,0,true,true,68,27.272727,10740,1536,31.127451,199.307771
SA_RECAL05,N025-I05,25,5,13,55,RECOCIDO_SIMULADO,27.2564,4141,11175.046667,498.38,106.766667,0,0,true,true,68,27.272727,10740,1536,31.127451,172.494428
SA_RECAL05,N025-I05,25,5,14,56,RECOCIDO_SIMULADO,27.5234,4301,11175.046667,498.38,106.766667,0,0,true,true,68,27.272727,10740,1536,31.127451,216.443317
SA_RECAL05,N025-I05,25,5,15,57,RECOCIDO_SIMULADO,27.7312,4181,11175.046667,498.38,106.766667,0,0,true,true,68,27.272727,10740,1536,31.127451,182.272589
SA_RECAL05,N025-I05,25,5,16,58,RECOCIDO_SIMULADO,26.0153,4061,11175.046667,498.38,106.766667,0,0,true,true,68,27.272727,10740,1536,31.127451,154.195015
SA_RECAL05,N025-I05,25,5,17,59,RECOCIDO_SIMULADO,27.3845,4261,11175.046667,498.38,106.766667,0,0,true,true,68,27.272727,10740,1536,31.127451,202.645345
SA_RECAL05,N025-I05,25,5,18,60,RECOCIDO_SIMULADO,27.6433,4261,11175.046667,498.38,106.766667,0,0,true,true,68,27.272727,10740,1536,31.127451,202.367252
SA_RECAL05,N025-I05,25,5,19,61,RECOCIDO_SIMULADO,26.3934,4141,11175.046667,498.38,106.766667,0,0,true,true,68,27.272727,10740,1536,31.127451,172.710895
SA_RECAL05,N025-I05,25,5,20,62,RECOCIDO_SIMULADO,26.5658,4141,11175.046667,498.38,106.766667,0,0,true,true,68,27.272727,10740,1536,31.127451,175.492759
SA_RECAL05,N025-I05,25,5,21,63,RECOCIDO_SIMULADO,27.7215,4221,11175.046667,498.38,106.766667,0,0,true,true,68,27.272727,10740,1536,31.127451,194.540355
SA_RECAL05,N025-I05,25,5,22,64,RECOCIDO_SIMULADO,26.3197,4061,11175.046667,498.38,106.766667,0,0,true,true,68,27.272727,10740,1536,31.127451,155.503104
SA_RECAL05,N025-I05,25,5,23,65,RECOCIDO_SIMULADO,27.2132,4061,11175.046667,498.38,106.766667,0,0,true,true,68,27.272727,10740,1536,31.127451,152.458067
SA_RECAL05,N025-I05,25,5,24,66,RECOCIDO_SIMULADO,27.9866,4221,11175.046667,498.38,106.766667,0,0,true,true,68,27.272727,10740,1536,31.127451,189.609298
SA_RECAL05,N025-I05,25,5,25,67,RECOCIDO_SIMULADO,26.4965,4101,11175.046667,498.38,106.766667,0,0,true,true,68,27.272727,10740,1536,31.127451,162.112802
SA_RECAL05,N025-I05,25,5,26,68,RECOCIDO_SIMULADO,29.2958,3981,11175.046667,498.38,106.766667,0,0,true,true,68,27.272727,10740,1536,31.127451,144.80925
SA_RECAL05,N025-I05,25,5,27,69,RECOCIDO_SIMULADO,28.1691,4341,11175.046667,498.38,106.766667,0,0,true,true,68,27.272727,10740,1536,31.127451,224.530256
SA_RECAL05,N025-I05,25,5,28,70,RECOCIDO_SIMULADO,27.6852,4301,11175.046667,498.38,106.766667,0,0,true,true,68,27.272727,10740,1536,31.127451,208.29437
SA_RECAL05,N025-I05,25,5,29,71,RECOCIDO_SIMULADO,27.9581,4181,11175.046667,498.38,106.766667,0,0,true,true,68,27.272727,10740,1536,31.127451,183.787256
SA_RECAL05,N050-I01,50,1,0,42,RECOCIDO_SIMULADO,49.9283,4861,106377.758333,1941.091667,1044.366667,0,0,true,true,28,7.142857,15786,2416,74.019608,434.921985
SA_RECAL05,N050-I01,50,1,1,43,RECOCIDO_SIMULADO,47.6884,4621,106350.138333,1952.138333,1043.98,0,0,true,true,28,7.142857,16324,2444,74.019608,325.850281
SA_RECAL05,N050-I01,50,1,2,44,RECOCIDO_SIMULADO,49.7947,4821,106628.836667,1956.836667,1046.72,0,0,true,true,28,7.142857,18394,2676,74.019608,416.25569
SA_RECAL05,N050-I01,50,1,3,45,RECOCIDO_SIMULADO,49.7708,4861,106393.853333,1948.353333,1044.455,0,0,true,true,28,7.142857,16864,2494,74.019608,436.051889
SA_RECAL05,N050-I01,50,1,4,46,RECOCIDO_SIMULADO,47.9813,4581,106636.153333,1952.32,1046.838333,0,0,true,true,28,7.142857,17650,2630,74.019608,307.965079
SA_RECAL05,N050-I01,50,1,5,47,RECOCIDO_SIMULADO,48.576,4781,106378.213333,1945.713333,1044.325,0,0,true,true,28,7.142857,17170,2496,74.019608,393.603909
SA_RECAL05,N050-I01,50,1,6,48,RECOCIDO_SIMULADO,48.1409,4661,106393.241667,1942.241667,1044.51,0,0,true,true,28,7.142857,16398,2524,74.019608,335.632007
SA_RECAL05,N050-I01,50,1,7,49,RECOCIDO_SIMULADO,49.9335,4781,106571.531667,1947.531667,1046.24,0,0,true,true,28,7.142857,17820,2736,74.019608,390.441648
SA_RECAL05,N050-I01,50,1,8,50,RECOCIDO_SIMULADO,49.1336,4701,106538.421667,1947.421667,1045.91,0,0,true,true,28,7.142857,17794,2698,74.019608,347.918625
SA_RECAL05,N050-I01,50,1,9,51,RECOCIDO_SIMULADO,50.0696,4861,106440.408333,1950.741667,1044.896667,0,0,true,true,28,7.142857,17258,2572,74.019608,434.892299
SA_RECAL05,N050-I01,50,1,10,52,RECOCIDO_SIMULADO,49.9054,4861,106351.833333,1951.333333,1044.005,0,0,true,true,28,7.142857,16946,2476,74.019608,438.543257
SA_RECAL05,N050-I01,50,1,11,53,RECOCIDO_SIMULADO,50.2455,4901,106392.33,1947.663333,1044.446667,0,0,true,true,28,7.142857,16156,2400,74.019608,453.233219
SA_RECAL05,N050-I01,50,1,12,54,RECOCIDO_SIMULADO,50.6012,4781,106422.123333,1940.79,1044.813333,0,0,true,true,28,7.142857,17818,2734,74.019608,385.683425
SA_RECAL05,N050-I01,50,1,13,55,RECOCIDO_SIMULADO,49.5307,4821,106671.755,1944.088333,1047.276667,0,0,true,true,28,7.142857,16728,2560,74.019608,419.222231
SA_RECAL05,N050-I01,50,1,14,56,RECOCIDO_SIMULADO,50.3684,4901,106421.435,1952.268333,1044.691667,0,0,true,true,28,7.142857,17990,2710,74.019608,455.705516
SA_RECAL05,N050-I01,50,1,15,57,RECOCIDO_SIMULADO,48.7893,4741,106286.048333,1947.548333,1043.385,0,0,true,true,28,7.142857,17380,2624,74.019608,379.331152
SA_RECAL05,N050-I01,50,1,16,58,RECOCIDO_SIMULADO,50.5153,4821,106396.365,1952.365,1044.44,0,0,true,true,28,7.142857,16388,2446,74.019608,412.237649
SA_RECAL05,N050-I01,50,1,17,59,RECOCIDO_SIMULADO,49.1668,4781,106508.048333,1947.048333,1045.61,0,0,true,true,28,7.142857,16974,2584,74.019608,394.295626
SA_RECAL05,N050-I01,50,1,18,60,RECOCIDO_SIMULADO,49.3084,4781,106610.255,1943.755,1046.665,0,0,true,true,28,7.142857,17920,2728,74.019608,387.502502
SA_RECAL05,N050-I01,50,1,19,61,RECOCIDO_SIMULADO,49.1777,4861,106417.573333,1946.573333,1044.71,0,0,true,true,28,7.142857,16904,2482,74.019608,441.324296
SA_RECAL05,N050-I01,50,1,20,62,RECOCIDO_SIMULADO,50.5763,4861,106520.336667,1948.17,1045.721667,0,0,true,true,28,7.142857,17556,2650,74.019608,426.611161
SA_RECAL05,N050-I01,50,1,21,63,RECOCIDO_SIMULADO,50.5341,4821,106664.63,1943.463333,1047.211667,0,0,true,true,28,7.142857,17400,2602,74.019608,411.550894
SA_RECAL05,N050-I01,50,1,22,64,RECOCIDO_SIMULADO,53.2518,5021,106450.221667,1948.555,1045.016667,0,0,true,true,28,7.142857,17380,2664,74.019608,529.891884
SA_RECAL05,N050-I01,50,1,23,65,RECOCIDO_SIMULADO,53.6182,4901,106588.895,1949.061667,1046.398333,0,0,true,true,28,7.142857,17612,2622,74.019608,464.89929
SA_RECAL05,N050-I01,50,1,24,66,RECOCIDO_SIMULADO,50.0303,4861,106671.755,1944.088333,1047.276667,0,0,true,true,28,7.142857,16728,2560,74.019608,441.694224
SA_RECAL05,N050-I01,50,1,25,67,RECOCIDO_SIMULADO,51.1623,4941,106590.551667,1944.051667,1046.465,0,0,true,true,28,7.142857,17230,2616,74.019608,477.863071
SA_RECAL05,N050-I01,50,1,26,68,RECOCIDO_SIMULADO,51.8383,5061,106403.2,1948.866667,1044.543333,0,0,true,true,28,7.142857,17568,2706,74.019608,577.548156
SA_RECAL05,N050-I01,50,1,27,69,RECOCIDO_SIMULADO,51.711,4981,106671.755,1944.088333,1047.276667,0,0,true,true,28,7.142857,16728,2560,74.019608,500.157844
SA_RECAL05,N050-I01,50,1,28,70,RECOCIDO_SIMULADO,48.9254,4781,106522.42,1957.253333,1045.651667,0,0,true,true,28,7.142857,18780,2684,74.019608,396.017253
SA_RECAL05,N050-I01,50,1,29,71,RECOCIDO_SIMULADO,51.3082,4941,106301.676667,1946.176667,1043.555,0,0,true,true,28,7.142857,16912,2488,74.019608,485.627039
SA_RECAL05,N050-I02,50,2,0,42,RECOCIDO_SIMULADO,51.9785,4941,80097.036667,1606.37,784.906667,0,0,true,true,26,14.705882,16530,2486,54.166667,486.179372
SA_RECAL05,N050-I02,50,2,1,43,RECOCIDO_SIMULADO,51.2561,4941,80119.288333,1611.955,785.073333,0,0,true,true,28,17.647059,18280,2794,54.166667,494.407066
SA_RECAL05,N050-I02,50,2,2,44,RECOCIDO_SIMULADO,52.4768,5021,80151.965,1612.798333,785.391667,0,0,true,true,28,17.647059,18392,2782,54.166667,532.779516
SA_RECAL05,N050-I02,50,2,3,45,RECOCIDO_SIMULADO,51.1846,4821,80198.135,1617.135,785.81,0,0,true,true,28,17.647059,18878,2850,54.166667,421.315802
SA_RECAL05,N050-I02,50,2,4,46,RECOCIDO_SIMULADO,50.4026,4861,80200.69,1613.856667,785.868333,0,0,true,true,28,17.647059,17990,2752,54.166667,427.087642
SA_RECAL05,N050-I02,50,2,5,47,RECOCIDO_SIMULADO,50.9308,4861,80284.011667,1615.845,786.681667,0,0,true,true,28,17.647059,16676,2618,54.166667,435.489356
SA_RECAL05,N050-I02,50,2,6,48,RECOCIDO_SIMULADO,50.6151,4821,80364.813333,1619.646667,787.451667,0,0,true,true,28,17.647059,19980,3056,54.166667,413.484475
SA_RECAL05,N050-I02,50,2,7,49,RECOCIDO_SIMULADO,50.9721,4861,80246.731667,1610.565,786.361667,0,0,true,true,28,17.647059,18502,2866,54.166667,438.073838
SA_RECAL05,N050-I02,50,2,8,50,RECOCIDO_SIMULADO,52.7174,5021,80206.39,1615.556667,785.908333,0,0,true,true,26,14.705882,18594,2722,54.166667,546.107479
SA_RECAL05,N050-I02,50,2,9,51,RECOCIDO_SIMULADO,52.7408,4941,80160.351667,1620.685,785.396667,0,0,true,true,26,14.705882,18008,2730,54.166667,471.225911
SA_RECAL05,N050-I02,50,2,10,52,RECOCIDO_SIMULADO,50.6717,4901,80041.425,1611.925,784.295,0,0,true,true,28,17.647059,17284,2554,54.166667,466.83544
SA_RECAL05,N050-I02,50,2,11,53,RECOCIDO_SIMULADO,53.751,4821,80253.57,1615.07,786.385,0,0,true,true,28,17.647059,17736,2728,54.166667,419.104364
SA_RECAL05,N050-I02,50,2,12,54,RECOCIDO_SIMULADO,52.2716,4941,80102.275,1616.608333,784.856667,0,0,true,true,28,17.647059,17150,2532,54.166667,489.593853
SA_RECAL05,N050-I02,50,2,13,55,RECOCIDO_SIMULADO,49.8681,4861,80245.663333,1613.496667,786.321667,0,0,true,true,28,17.647059,18504,2784,54.166667,434.318504
SA_RECAL05,N050-I02,50,2,14,56,RECOCIDO_SIMULADO,51.6966,5021,80118.3,1613.466667,785.048333,0,0,true,true,26,14.705882,16628,2444,54.166667,539.575041
SA_RECAL05,N050-I02,50,2,15,57,RECOCIDO_SIMULADO,50.9962,4901,80372.53,1613.53,787.59,0,0,true,true,28,17.647059,19050,2910,54.166667,451.98714
SA_RECAL05,N050-I02,50,2,16,58,RECOCIDO_SIMULADO,50.4349,4941,80170.426667,1616.093333,785.543333,0,0,true,true,28,17.647059,17778,2596,54.166667,489.319865
SA_RECAL05,N050-I02,50,2,17,59,RECOCIDO_SIMULADO,50.2397,4821,80102.478333,1621.145,784.813333,0,0,true,true,28,17.647059,18400,2760,54.166667,407.012616
SA_RECAL05,N050-I02,50,2,18,60,RECOCIDO_SIMULADO,49.8155,4861,80168.438333,1618.605,785.498333,0,0,true,true,28,17.647059,18660,2728,54.166667,430.792067
SA_RECAL05,N050-I02,50,2,19,61,RECOCIDO_SIMULADO,51.3741,4941,80285.5,1616.333333,786.691667,0,0,true,true,28,17.647059,17554,2584,54.166667,494.206518
SA_RECAL05,N050-I02,50,2,20,62,RECOCIDO_SIMULADO,50.819,4861,80167.138333,1610.471667,785.566667,0,0,true,true,28,17.647059,18094,2792,54.166667,427.318444
SA_RECAL05,N050-I02,50,2,21,63,RECOCIDO_SIMULADO,50.4716,4861,80132.195,1617.528333,785.146667,0,0,true,true,28,17.647059,17218,2600,54.166667,427.658986
SA_RECAL05,N050-I02,50,2,22,64,RECOCIDO_SIMULADO,51.9121,4981,80076.761667,1607.595,784.691667,0,0,true,true,28,17.647059,16948,2584,54.166667,497.265843
SA_RECAL05,N050-I02,50,2,23,65,RECOCIDO_SIMULADO,52.2876,4981,80095.12,1611.786667,784.833333,0,0,true,true,26,14.705882,17490,2632,54.166667,501.276975
SA_RECAL05,N050-I02,50,2,24,66,RECOCIDO_SIMULADO,52.243,5021,80288.076667,1612.076667,786.76,0,0,true,true,30,17.647059,18770,2862,54.166667,527.568233
SA_RECAL05,N050-I02,50,2,25,67,RECOCIDO_SIMULADO,53.0249,5101,80263.14,1612.64,786.505,0,0,true,true,26,14.705882,19062,2916,54.166667,578.880083
SA_RECAL05,N050-I02,50,2,26,68,RECOCIDO_SIMULADO,50.3608,4861,80286.106667,1612.94,786.731667,0,0,true,true,26,14.705882,17970,2736,54.166667,425.388169
SA_RECAL05,N050-I02,50,2,27,69,RECOCIDO_SIMULADO,50.8232,4941,80250.476667,1609.143333,786.413333,0,0,true,true,28,17.647059,17732,2766,54.166667,486.368055
SA_RECAL05,N050-I02,50,2,28,70,RECOCIDO_SIMULADO,49.1384,4781,80390.085,1613.085,787.77,0,0,true,true,28,17.647059,18948,2954,54.166667,393.743944
SA_RECAL05,N050-I02,50,2,29,71,RECOCIDO_SIMULADO,54.7105,4941,79959.465,1610.465,783.49,0,0,true,true,28,17.647059,18168,2738,54.166667,486.20892
SA_RECAL05,N050-I03,50,3,0,42,RECOCIDO_SIMULADO,51.1761,4901,82985.82,1741.486667,812.443333,0,0,true,true,28,14.814815,16536,2536,64.460784,451.144969
SA_RECAL05,N050-I03,50,3,1,43,RECOCIDO_SIMULADO,52.9302,4941,82867.148333,1742.648333,811.245,0,0,true,true,28,14.814815,16574,2476,64.460784,475.85009
SA_RECAL05,N050-I03,50,3,2,44,RECOCIDO_SIMULADO,51.0466,4901,82993.803333,1737.136667,812.566667,0,0,true,true,28,14.814815,14324,2112,64.460784,452.466699
SA_RECAL05,N050-I03,50,3,3,45,RECOCIDO_SIMULADO,50.015,4821,82885.933333,1739.266667,811.466667,0,0,true,true,28,14.814815,17108,2580,64.460784,417.725747
SA_RECAL05,N050-I03,50,3,4,46,RECOCIDO_SIMULADO,51.2211,4981,82749.51,1741.676667,810.078333,0,0,true,true,28,14.814815,16256,2382,64.460784,498.191048
SA_RECAL05,N050-I03,50,3,5,47,RECOCIDO_SIMULADO,50.689,4781,82832.873333,1738.373333,810.945,0,0,true,true,28,14.814815,15592,2360,64.460784,394.537743
SA_RECAL05,N050-I03,50,3,6,48,RECOCIDO_SIMULADO,47.2799,4661,82993.803333,1737.136667,812.566667,0,0,true,true,28,14.814815,14324,2112,64.460784,345.174356
SA_RECAL05,N050-I03,50,3,7,49,RECOCIDO_SIMULADO,50.8878,4861,82953.221667,1739.388333,812.138333,0,0,true,true,26,11.111111,16606,2536,64.460784,443.607279
SA_RECAL05,N050-I03,50,3,8,50,RECOCIDO_SIMULADO,50.1921,4781,82993.803333,1737.136667,812.566667,0,0,true,true,28,14.814815,14324,2112,64.460784,399.776881
SA_RECAL05,N050-I03,50,3,9,51,RECOCIDO_SIMULADO,50.9046,4941,82883.288333,1738.621667,811.446667,0,0,true,true,24,11.111111,17134,2588,64.460784,475.457706
SA_RECAL05,N050-I03,50,3,10,52,RECOCIDO_SIMULADO,49.4418,4701,82993.803333,1737.136667,812.566667,0,0,true,true,28,14.814815,14324,2112,64.460784,349.418365
SA_RECAL05,N050-I03,50,3,11,53,RECOCIDO_SIMULADO,50.4842,4821,82972.461667,1737.628333,812.348333,0,0,true,true,28,14.814815,16234,2494,64.460784,421.607888
SA_RECAL05,N050-I03,50,3,12,54,RECOCIDO_SIMULADO,50.5608,4901,82881.975,1743.975,811.38,0,0,true,true,28,14.814815,16918,2514,64.460784,447.619134
SA_RECAL05,N050-I03,50,3,13,55,RECOCIDO_SIMULADO,51.7267,4861,82993.803333,1737.136667,812.566667,0,0,true,true,28,14.814815,14324,2112,64.460784,438.198348
SA_RECAL05,N050-I03,50,3,14,56,RECOCIDO_SIMULADO,50.6399,4861,82878.033333,1737.2,811.408333,0,0,true,true,26,14.814815,15486,2278,64.460784,447.237759
SA_RECAL05,N050-I03,50,3,15,57,RECOCIDO_SIMULADO,51.4088,4981,82898.505,1736.671667,811.618333,0,0,true,true,26,11.111111,15906,2420,64.460784,501.610634
SA_RECAL05,N050-I03,50,3,16,58,RECOCIDO_SIMULADO,50.8591,4901,82927.385,1736.885,811.905,0,0,true,true,28,14.814815,16338,2508,64.460784,453.960337
SA_RECAL05,N050-I03,50,3,17,59,RECOCIDO_SIMULADO,49.6513,4821,82799.578333,1743.078333,810.565,0,0,true,true,26,11.111111,16996,2510,64.460784,424.31164
SA_RECAL05,N050-I03,50,3,18,60,RECOCIDO_SIMULADO,51.1027,4901,82993.803333,1737.136667,812.566667,0,0,true,true,28,14.814815,14324,2112,64.460784,468.722124
SA_RECAL05,N050-I03,50,3,19,61,RECOCIDO_SIMULADO,52.1152,5021,82795.733333,1739.233333,810.565,0,0,true,true,26,11.111111,16504,2516,64.460784,539.125354
SA_RECAL05,N050-I03,50,3,20,62,RECOCIDO_SIMULADO,48.1071,4661,82943.885,1748.385,811.955,0,0,true,true,28,14.814815,17776,2660,64.460784,344.082271
SA_RECAL05,N050-I03,50,3,21,63,RECOCIDO_SIMULADO,49.7857,4701,82836.043333,1745.543333,810.905,0,0,true,true,28,14.814815,17302,2608,64.460784,355.884113
SA_RECAL05,N050-I03,50,3,22,64,RECOCIDO_SIMULADO,50.5086,4821,82993.803333,1737.136667,812.566667,0,0,true,true,28,14.814815,14324,2112,64.460784,407.487287
SA_RECAL05,N050-I03,50,3,23,65,RECOCIDO_SIMULADO,53.1358,4981,82965.086667,1740.086667,812.25,0,0,true,true,24,11.111111,16832,2558,64.460784,503.770264
SA_RECAL05,N050-I03,50,3,24,66,RECOCIDO_SIMULADO,49.2742,4701,82805.785,1736.451667,810.693333,0,0,true,true,26,14.814815,15874,2422,64.460784,363.699202
SA_RECAL05,N050-I03,50,3,25,67,RECOCIDO_SIMULADO,50.5396,4861,82993.803333,1737.136667,812.566667,0,0,true,true,28,14.814815,14324,2112,64.460784,441.466678
SA_RECAL05,N050-I03,50,3,26,68,RECOCIDO_SIMULADO,50.1968,4901,82993.803333,1737.136667,812.566667,0,0,true,true,28,14.814815,14324,2112,64.460784,467.187126
SA_RECAL05,N050-I03,50,3,27,69,RECOCIDO_SIMULADO,50.7104,4901,82993.803333,1737.136667,812.566667,0,0,true,true,28,14.814815,14324,2112,64.460784,447.692035
SA_RECAL05,N050-I03,50,3,28,70,RECOCIDO_SIMULADO,50.348,4821,82993.803333,1737.136667,812.566667,0,0,true,true,28,14.814815,14324,2112,64.460784,407.703636
SA_RECAL05,N050-I03,50,3,29,71,RECOCIDO_SIMULADO,48.8973,4741,82985.723333,1737.056667,812.486667,0,0,true,true,28,14.814815,14324,2112,64.460784,376.675095
SA_RECAL05,N050-I04,50,4,0,42,RECOCIDO_SIMULADO,52.9559,4981,87050.743333,1722.576667,853.281667,0,0,true,true,30,12.903226,15710,2288,64.215686,510.768735
SA_RECAL05,N050-I04,50,4,1,43,RECOCIDO_SIMULADO,50.8774,4901,86815.031667,1723.365,850.916667,0,0,true,true,32,16.129032,16224,2410,64.215686,464.140968
SA_RECAL05,N050-I04,50,4,2,44,RECOCIDO_SIMULADO,51.0884,4981,86805.596667,1723.263333,850.823333,0,0,true,true,32,16.129032,15034,2196,64.215686,518.523225
SA_RECAL05,N050-I04,50,4,3,45,RECOCIDO_SIMULADO,51.6411,4981,87050.743333,1722.576667,853.281667,0,0,true,true,30,12.903226,15710,2288,64.215686,513.284941
SA_RECAL05,N050-I04,50,4,4,46,RECOCIDO_SIMULADO,51.3664,4901,86947.146667,1727.813333,852.193333,0,0,true,true,30,12.903226,16622,2486,64.215686,454.689815
SA_RECAL05,N050-I04,50,4,5,47,RECOCIDO_SIMULADO,50.4023,4861,87014.471667,1727.138333,852.873333,0,0,true,true,32,16.129032,16476,2424,64.215686,445.707314
SA_RECAL05,N050-I04,50,4,6,48,RECOCIDO_SIMULADO,52.2755,5021,87050.743333,1722.576667,853.281667,0,0,true,true,30,12.903226,15710,2288,64.215686,537.672121
SA_RECAL05,N050-I04,50,4,7,49,RECOCIDO_SIMULADO,53.2168,4861,86807.771667,1728.938333,850.788333,0,0,true,true,32,16.129032,16698,2396,64.215686,431.258171
SA_RECAL05,N050-I04,50,4,8,50,RECOCIDO_SIMULADO,50.8834,5021,86835.465,1729.965,851.055,0,0,true,true,32,16.129032,16108,2470,64.215686,534.567191
SA_RECAL05,N050-I04,50,4,9,51,RECOCIDO_SIMULADO,51.4672,4941,87050.743333,1722.576667,853.281667,0,0,true,true,30,12.903226,15710,2288,64.215686,487.309027
SA_RECAL05,N050-I04,50,4,10,52,RECOCIDO_SIMULADO,52.2455,4941,86864.145,1719.645,851.445,0,0,true,true,30,12.903226,15926,2448,64.215686,473.733627
SA_RECAL05,N050-I04,50,4,11,53,RECOCIDO_SIMULADO,50.8118,4901,86812.468333,1726.468333,850.86,0,0,true,true,30,12.903226,15752,2330,64.215686,451.773785
SA_RECAL05,N050-I04,50,4,12,54,RECOCIDO_SIMULADO,50.674,4861,86931.41,1722.243333,852.091667,0,0,true,true,32,16.129032,15170,2220,64.215686,441.004423
SA_RECAL05,N050-I04,50,4,13,55,RECOCIDO_SIMULADO,51.4617,4861,86844.32,1720.82,851.235,0,0,true,true,32,16.129032,14518,2152,64.215686,434.682438
SA_RECAL05,N050-I04,50,4,14,56,RECOCIDO_SIMULADO,50.9605,4941,86842.698333,1726.365,851.163333,0,0,true,true,32,16.129032,15974,2358,64.215686,483.661029
SA_RECAL05,N050-I04,50,4,15,57,RECOCIDO_SIMULADO,51.5987,4981,87050.743333,1722.576667,853.281667,0,0,true,true,30,12.903226,15710,2288,64.215686,515.579742
SA_RECAL05,N050-I04,50,4,16,58,RECOCIDO_SIMULADO,51.4869,4861,86796.615,1725.115,850.715,0,0,true,true,32,16.129032,16442,2388,64.215686,431.059415
SA_RECAL05,N050-I04,50,4,17,59,RECOCIDO_SIMULADO,51.5168,5021,87050.743333,1722.576667,853.281667,0,0,true,true,30,12.903226,15710,2288,64.215686,547.390254
SA_RECAL05,N050-I04,50,4,18,60,RECOCIDO_SIMULADO,51.8857,5021,86950.138333,1724.805,852.253333,0,0,true,true,32,16.129032,15430,2278,64.215686,543.710013
SA_RECAL05,N050-I04,50,4,19,61,RECOCIDO_SIMULADO,53.4553,5061,86894.583333,1724.916667,851.696667,0,0,true,true,32,16.129032,16144,2394,64.215686,553.011046
SA_RECAL05,N050-I04,50,4,20,62,RECOCIDO_SIMULADO,50.7497,4901,87050.743333,1722.576667,853.281667,0,0,true,true,30,12.903226,15710,2288,64.215686,456.89274
SA_RECAL05,N050-I04,50,4,21,63,RECOCIDO_SIMULADO,51.4041,4941,87008.415,1728.915,852.795,0,0,true,true,32,16.129032,15624,2306,64.215686,478.13181
SA_RECAL05,N050-I04,50,4,22,64,RECOCIDO_SIMULADO,54.112,5101,86969.153333,1725.653333,852.435,0,0,true,true,30,12.903226,16332,2452,64.215686,582.219032
SA_RECAL05,N050-I04,50,4,23,65,RECOCIDO_SIMULADO,50.4314,4901,86956.608333,1722.608333,852.34,0,0,true,true,32,16.129032,15880,2386,64.215686,466.869963
SA_RECAL05,N050-I04,50,4,24,66,RECOCIDO_SIMULADO,52.4134,5021,87024.765,1722.598333,853.021667,0,0,true,true,32,16.129032,15336,2370,64.215686,529.110931
SA_RECAL05,N050-I04,50,4,25,67,RECOCIDO_SIMULADO,51.4863,4941,86836.336667,1730.67,851.056667,0,0,true,true,32,16.129032,16284,2348,64.215686,490.008381
SA_RECAL05,N050-I04,50,4,26,68,RECOCIDO_SIMULADO,51.1769,4981,87028.151667,1727.651667,853.005,0,0,true,true,30,12.903226,15982,2408,64.215686,502.297259
SA_RECAL05,N050-I04,50,4,27,69,RECOCIDO_SIMULADO,52.0437,4941,87050.743333,1722.576667,853.281667,0,0,true,true,30,12.903226,15710,2288,64.215686,485.047389
SA_RECAL05,N050-I04,50,4,28,70,RECOCIDO_SIMULADO,50.1698,4781,86883.145,1725.311667,851.578333,0,0,true,true,30,12.903226,16246,2378,64.215686,393.290692
SA_RECAL05,N050-I04,50,4,29,71,RECOCIDO_SIMULADO,50.6066,4901,87050.743333,1722.576667,853.281667,0,0,true,true,30,12.903226,15710,2288,64.215686,457.578304
SA_RECAL05,N050-I05,50,5,0,42,RECOCIDO_SIMULADO,49.2187,4661,83798.253333,1523.753333,822.745,0,0,true,true,26,11.428571,16322,2414,65.686275,341.459488
SA_RECAL05,N050-I05,50,5,1,43,RECOCIDO_SIMULADO,50.9928,4821,84070.665,1518.831667,825.518333,0,0,true,true,26,11.428571,14502,2152,65.686275,420.584026
SA_RECAL05,N050-I05,50,5,2,44,RECOCIDO_SIMULADO,50.4271,4901,84064.133333,1528.3,825.358333,0,0,true,true,28,14.285714,17018,2544,65.686275,460.603516
SA_RECAL05,N050-I05,50,5,3,45,RECOCIDO_SIMULADO,50.3262,4781,83829.528333,1521.528333,823.08,0,0,true,true,26,11.428571,14966,2254,65.686275,401.860152
SA_RECAL05,N050-I05,50,5,4,46,RECOCIDO_SIMULADO,49.1962,4701,83876.351667,1524.185,823.521667,0,0,true,true,26,11.428571,14762,2200,65.686275,362.548796
SA_RECAL05,N050-I05,50,5,5,47,RECOCIDO_SIMULADO,49.7767,4821,83807.346667,1523.513333,822.838333,0,0,true,true,26,11.428571,16054,2472,65.686275,423.175659
SA_RECAL05,N050-I05,50,5,6,48,RECOCIDO_SIMULADO,50.7386,4821,83812.93,1531.096667,822.818333,0,0,true,true,26,11.428571,16026,2358,65.686275,410.407428
SA_RECAL05,N050-I05,50,5,7,49,RECOCIDO_SIMULADO,50.6526,4901,84001.438333,1526.771667,824.746667,0,0,true,true,28,11.428571,16240,2440,65.686275,458.04005
SA_RECAL05,N050-I05,50,5,8,50,RECOCIDO_SIMULADO,49.7774,4701,83989.25,1524.083333,824.651667,0,0,true,true,26,8.571429,16440,2492,65.686275,358.622183
SA_RECAL05,N050-I05,50,5,9,51,RECOCIDO_SIMULADO,49.3717,4661,83835.53,1518.03,823.175,0,0,true,true,28,11.428571,15614,2348,65.686275,346.090777
SA_RECAL05,N050-I05,50,5,10,52,RECOCIDO_SIMULADO,49.1668,4701,83614.973333,1526.973333,820.88,0,0,true,true,26,11.428571,15824,2312,65.686275,356.811837
SA_RECAL05,N050-I05,50,5,11,53,RECOCIDO_SIMULADO,49.1245,4741,83827.846667,1524.68,823.031667,0,0,true,true,26,11.428571,15662,2312,65.686275,378.425144
SA_RECAL05,N050-I05,50,5,12,54,RECOCIDO_SIMULADO,50.7997,4821,83870.62,1518.286667,823.523333,0,0,true,true,26,11.428571,15206,2294,65.686275,409.647074
SA_RECAL05,N050-I05,50,5,13,55,RECOCIDO_SIMULADO,47.8587,4661,83760.17,1527.003333,822.331667,0,0,true,true,26,11.428571,15964,2356,65.686275,340.733619
SA_RECAL05,N050-I05,50,5,14,56,RECOCIDO_SIMULADO,51.1985,4901,84047.446667,1519.78,825.276667,0,0,true,true,26,11.428571,15402,2294,65.686275,456.742543
SA_RECAL05,N050-I05,50,5,15,57,RECOCIDO_SIMULADO,49.8238,4741,83960.153333,1528.153333,824.32,0,0,true,true,30,14.285714,16776,2442,65.686275,383.568193
SA_RECAL05,N050-I05,50,5,16,58,RECOCIDO_SIMULADO,49.2464,4781,83750.771667,1524.105,822.266667,0,0,true,true,26,11.428571,15816,2376,65.686275,392.924379
SA_RECAL05,N050-I05,50,5,17,59,RECOCIDO_SIMULADO,51.8325,4901,83855.908333,1525.408333,823.305,0,0,true,true,26,11.428571,15372,2314,65.686275,462.830138
SA_RECAL05,N050-I05,50,5,18,60,RECOCIDO_SIMULADO,51.1102,4901,83944.64,1529.806667,824.148333,0,0,true,true,26,11.428571,16410,2360,65.686275,466.911584
SA_RECAL05,N050-I05,50,5,19,61,RECOCIDO_SIMULADO,51.4586,4941,83916.423333,1523.423333,823.93,0,0,true,true,26,11.428571,16288,2468,65.686275,476.72686
SA_RECAL05,N050-I05,50,5,20,62,RECOCIDO_SIMULADO,49.5289,4701,84026.045,1522.045,825.04,0,0,true,true,28,11.428571,16536,2478,65.686275,347.039638
SA_RECAL05,N050-I05,50,5,21,63,RECOCIDO_SIMULADO,49.271,4701,84035.788333,1523.788333,825.12,0,0,true,true,26,11.428571,16408,2486,65.686275,360.758741
SA_RECAL05,N050-I05,50,5,22,64,RECOCIDO_SIMULADO,50.5475,4901,83796.701667,1528.035,822.686667,0,0,true,true,26,11.428571,15366,2244,65.686275,463.164838
SA_RECAL05,N050-I05,50,5,23,65,RECOCIDO_SIMULADO,52.4477,5021,83919.028333,1526.528333,823.925,0,0,true,true,26,11.428571,16394,2498,65.686275,528.721386
SA_RECAL05,N050-I05,50,5,24,66,RECOCIDO_SIMULADO,50.2139,4781,83861.323333,1523.323333,823.38,0,0,true,true,26,11.428571,16602,2476,65.686275,396.912426
SA_RECAL05,N050-I05,50,5,25,67,RECOCIDO_SIMULADO,50.3234,4861,83861.766667,1527.1,823.346667,0,0,true,true,26,11.428571,16972,2554,65.686275,425.904209
SA_RECAL05,N050-I05,50,5,26,68,RECOCIDO_SIMULADO,50.0971,4741,84000.226667,1524.226667,824.76,0,0,true,true,28,14.285714,15858,2392,65.686275,369.478229
SA_RECAL05,N050-I05,50,5,27,69,RECOCIDO_SIMULADO,48.8669,4701,83934.163333,1518.496667,824.156667,0,0,true,true,28,11.428571,15848,2432,65.686275,354.766925
SA_RECAL05,N050-I05,50,5,28,70,RECOCIDO_SIMULADO,50.6536,4781,83824.785,1523.951667,823.008333,0,0,true,true,28,11.428571,15924,2382,65.686275,387.858576
SA_RECAL05,N050-I05,50,5,29,71,RECOCIDO_SIMULADO,52.7342,4781,83811.786667,1527.62,822.841667,0,0,true,true,26,11.428571,17050,2514,65.686275,393.45444
SA_MOV3,N025-I01,25,1,0,42,RECOCIDO_SIMULADO,25.985,4621,22697.865,607.198333,220.906667,0,0,true,true,44,20,10424,1456,42.401961,316.103334
SA_MOV3,N025-I01,25,1,1,43,RECOCIDO_SIMULADO,25.9595,4541,22697.865,607.198333,220.906667,0,0,true,true,44,20,10424,1456,42.401961,294.803653
SA_MOV3,N025-I01,25,1,2,44,RECOCIDO_SIMULADO,25.797,4621,22697.865,607.198333,220.906667,0,0,true,true,44,20,10424,1456,42.401961,324.21625
SA_MOV3,N025-I01,25,1,3,45,RECOCIDO_SIMULADO,26.4437,4621,22697.865,607.198333,220.906667,0,0,true,true,44,20,10424,1456,42.401961,317.884026
SA_MOV3,N025-I01,25,1,4,46,RECOCIDO_SIMULADO,26.0667,4661,22697.865,607.198333,220.906667,0,0,true,true,44,20,10424,1456,42.401961,343.086894
SA_MOV3,N025-I01,25,1,5,47,RECOCIDO_SIMULADO,26.2413,4701,22697.865,607.198333,220.906667,0,0,true,true,44,20,10424,1456,42.401961,355.16374
SA_MOV3,N025-I01,25,1,6,48,RECOCIDO_SIMULADO,26.5059,4621,22697.865,607.198333,220.906667,0,0,true,true,44,20,10424,1456,42.401961,328.810181
SA_MOV3,N025-I01,25,1,7,49,RECOCIDO_SIMULADO,25.8115,4621,22697.865,607.198333,220.906667,0,0,true,true,44,20,10424,1456,42.401961,318.742314
SA_MOV3,N025-I01,25,1,8,50,RECOCIDO_SIMULADO,25.746,4581,22697.865,607.198333,220.906667,0,0,true,true,44,20,10424,1456,42.401961,307.75096
SA_MOV3,N025-I01,25,1,9,51,RECOCIDO_SIMULADO,27.38,4661,22697.865,607.198333,220.906667,0,0,true,true,44,20,10424,1456,42.401961,333.350358
SA_MOV3,N025-I01,25,1,10,52,RECOCIDO_SIMULADO,26.1725,4661,22697.865,607.198333,220.906667,0,0,true,true,44,20,10424,1456,42.401961,336.781168
SA_MOV3,N025-I01,25,1,11,53,RECOCIDO_SIMULADO,26.0382,4661,22697.865,607.198333,220.906667,0,0,true,true,44,20,10424,1456,42.401961,329.111035
SA_MOV3,N025-I01,25,1,12,54,RECOCIDO_SIMULADO,27.4781,4701,22697.865,607.198333,220.906667,0,0,true,true,44,20,10424,1456,42.401961,348.369851
SA_MOV3,N025-I01,25,1,13,55,RECOCIDO_SIMULADO,25.4137,4541,22697.865,607.198333,220.906667,0,0,true,true,44,20,10424,1456,42.401961,296.072757
SA_MOV3,N025-I01,25,1,14,56,RECOCIDO_SIMULADO,25.9971,4661,22697.865,607.198333,220.906667,0,0,true,true,44,20,10424,1456,42.401961,331.632889
SA_MOV3,N025-I01,25,1,15,57,RECOCIDO_SIMULADO,26.6612,4661,22697.865,607.198333,220.906667,0,0,true,true,44,20,10424,1456,42.401961,332.377586
SA_MOV3,N025-I01,25,1,16,58,RECOCIDO_SIMULADO,25.6119,4581,22697.865,607.198333,220.906667,0,0,true,true,44,20,10424,1456,42.401961,309.549482
SA_MOV3,N025-I01,25,1,17,59,RECOCIDO_SIMULADO,26.867,4661,22697.865,607.198333,220.906667,0,0,true,true,44,20,10424,1456,42.401961,343.240123
SA_MOV3,N025-I01,25,1,18,60,RECOCIDO_SIMULADO,26.0273,4621,22697.865,607.198333,220.906667,0,0,true,true,44,20,10424,1456,42.401961,326.002179
SA_MOV3,N025-I01,25,1,19,61,RECOCIDO_SIMULADO,26.3475,4701,22697.865,607.198333,220.906667,0,0,true,true,44,20,10424,1456,42.401961,353.154386
SA_MOV3,N025-I01,25,1,20,62,RECOCIDO_SIMULADO,26.3065,4581,22697.865,607.198333,220.906667,0,0,true,true,44,20,10424,1456,42.401961,309.54314
SA_MOV3,N025-I01,25,1,21,63,RECOCIDO_SIMULADO,26.339,4661,22697.865,607.198333,220.906667,0,0,true,true,44,20,10424,1456,42.401961,338.711303
SA_MOV3,N025-I01,25,1,22,64,RECOCIDO_SIMULADO,26.0623,4621,22697.865,607.198333,220.906667,0,0,true,true,44,20,10424,1456,42.401961,320.303607
SA_MOV3,N025-I01,25,1,23,65,RECOCIDO_SIMULADO,26.7476,4661,22697.865,607.198333,220.906667,0,0,true,true,44,20,10424,1456,42.401961,329.935094
SA_MOV3,N025-I01,25,1,24,66,RECOCIDO_SIMULADO,26.4006,4661,22697.865,607.198333,220.906667,0,0,true,true,44,20,10424,1456,42.401961,341.514669
SA_MOV3,N025-I01,25,1,25,67,RECOCIDO_SIMULADO,26.0931,4581,22697.865,607.198333,220.906667,0,0,true,true,44,20,10424,1456,42.401961,303.336895
SA_MOV3,N025-I01,25,1,26,68,RECOCIDO_SIMULADO,27.3428,4621,22697.865,607.198333,220.906667,0,0,true,true,44,20,10424,1456,42.401961,322.816654
SA_MOV3,N025-I01,25,1,27,69,RECOCIDO_SIMULADO,25.4528,4541,22697.865,607.198333,220.906667,0,0,true,true,44,20,10424,1456,42.401961,292.734389
SA_MOV3,N025-I01,25,1,28,70,RECOCIDO_SIMULADO,26.0151,4621,22697.865,607.198333,220.906667,0,0,true,true,44,20,10424,1456,42.401961,324.678267
SA_MOV3,N025-I01,25,1,29,71,RECOCIDO_SIMULADO,26.8284,4621,22697.865,607.198333,220.906667,0,0,true,true,44,20,10424,1456,42.401961,312.808001
SA_MOV3,N025-I02,25,2,0,42,RECOCIDO_SIMULADO,29.2013,4621,11841.03,431.696667,114.093333,0,0,true,true,56,15.384615,11648,1702,31.617647,324.278956
SA_MOV3,N025-I02,25,2,1,43,RECOCIDO_SIMULADO,29.2044,4621,11841.03,431.696667,114.093333,0,0,true,true,56,15.384615,11648,1702,31.617647,324.278956
SA_MOV3,N025-I02,25,2,2,44,RECOCIDO_SIMULADO,28.1503,4621,11841.03,431.696667,114.093333,0,0,true,true,56,15.384615,11648,1702,31.617647,324.278956
SA_MOV3,N025-I02,25,2,3,45,RECOCIDO_SIMULADO,28.202,4621,11841.03,431.696667,114.093333,0,0,true,true,56,15.384615,11648,1702,31.617647,324.278956
SA_MOV3,N025-I02,25,2,4,46,RECOCIDO_SIMULADO,28.9892,4621,11841.03,431.696667,114.093333,0,0,true,true,56,15.384615,11648,1702,31.617647,324.278956
SA_MOV3,N025-I02,25,2,5,47,RECOCIDO_SIMULADO,28.0833,4621,11841.03,431.696667,114.093333,0,0,true,true,56,15.384615,11648,1702,31.617647,324.278956
SA_MOV3,N025-I02,25,2,6,48,RECOCIDO_SIMULADO,28.8676,4621,11841.03,431.696667,114.093333,0,0,true,true,56,15.384615,11648,1702,31.617647,324.278956
SA_MOV3,N025-I02,25,2,7,49,RECOCIDO_SIMULADO,28.2021,4621,11841.03,431.696667,114.093333,0,0,true,true,56,15.384615,11648,1702,31.617647,324.278956
SA_MOV3,N025-I02,25,2,8,50,RECOCIDO_SIMULADO,28.1529,4621,11841.03,431.696667,114.093333,0,0,true,true,56,15.384615,11648,1702,31.617647,324.278956
SA_MOV3,N025-I02,25,2,9,51,RECOCIDO_SIMULADO,28.9293,4621,11841.03,431.696667,114.093333,0,0,true,true,56,15.384615,11648,1702,31.617647,324.278956
SA_MOV3,N025-I02,25,2,10,52,RECOCIDO_SIMULADO,28.1322,4621,11841.03,431.696667,114.093333,0,0,true,true,56,15.384615,11648,1702,31.617647,324.278956
SA_MOV3,N025-I02,25,2,11,53,RECOCIDO_SIMULADO,28.667,4621,11841.03,431.696667,114.093333,0,0,true,true,56,15.384615,11648,1702,31.617647,324.278956
SA_MOV3,N025-I02,25,2,12,54,RECOCIDO_SIMULADO,28.251,4621,11841.03,431.696667,114.093333,0,0,true,true,56,15.384615,11648,1702,31.617647,324.278956
SA_MOV3,N025-I02,25,2,13,55,RECOCIDO_SIMULADO,28.1653,4621,11841.03,431.696667,114.093333,0,0,true,true,56,15.384615,11648,1702,31.617647,324.278956
SA_MOV3,N025-I02,25,2,14,56,RECOCIDO_SIMULADO,29.0068,4621,11841.03,431.696667,114.093333,0,0,true,true,56,15.384615,11648,1702,31.617647,324.278956
SA_MOV3,N025-I02,25,2,15,57,RECOCIDO_SIMULADO,28.0939,4621,11841.03,431.696667,114.093333,0,0,true,true,56,15.384615,11648,1702,31.617647,324.278956
SA_MOV3,N025-I02,25,2,16,58,RECOCIDO_SIMULADO,28.9151,4621,11841.03,431.696667,114.093333,0,0,true,true,56,15.384615,11648,1702,31.617647,324.278956
SA_MOV3,N025-I02,25,2,17,59,RECOCIDO_SIMULADO,28.2061,4621,11841.03,431.696667,114.093333,0,0,true,true,56,15.384615,11648,1702,31.617647,324.278956
SA_MOV3,N025-I02,25,2,18,60,RECOCIDO_SIMULADO,28.2224,4621,11841.03,431.696667,114.093333,0,0,true,true,56,15.384615,11648,1702,31.617647,324.278956
SA_MOV3,N025-I02,25,2,19,61,RECOCIDO_SIMULADO,29.1891,4621,11841.03,431.696667,114.093333,0,0,true,true,56,15.384615,11648,1702,31.617647,324.278956
SA_MOV3,N025-I02,25,2,20,62,RECOCIDO_SIMULADO,28.2253,4621,11841.03,431.696667,114.093333,0,0,true,true,56,15.384615,11648,1702,31.617647,324.278956
SA_MOV3,N025-I02,25,2,21,63,RECOCIDO_SIMULADO,28.4443,4621,11841.03,431.696667,114.093333,0,0,true,true,56,15.384615,11648,1702,31.617647,324.278956
SA_MOV3,N025-I02,25,2,22,64,RECOCIDO_SIMULADO,28.6975,4621,11841.03,431.696667,114.093333,0,0,true,true,56,15.384615,11648,1702,31.617647,324.278956
SA_MOV3,N025-I02,25,2,23,65,RECOCIDO_SIMULADO,28.1149,4621,11841.03,431.696667,114.093333,0,0,true,true,56,15.384615,11648,1702,31.617647,324.278956
SA_MOV3,N025-I02,25,2,24,66,RECOCIDO_SIMULADO,29.0946,4621,11841.03,431.696667,114.093333,0,0,true,true,56,15.384615,11648,1702,31.617647,324.278956
SA_MOV3,N025-I02,25,2,25,67,RECOCIDO_SIMULADO,28.2942,4621,11841.03,431.696667,114.093333,0,0,true,true,56,15.384615,11648,1702,31.617647,324.278956
SA_MOV3,N025-I02,25,2,26,68,RECOCIDO_SIMULADO,28.2826,4621,11841.03,431.696667,114.093333,0,0,true,true,56,15.384615,11648,1702,31.617647,324.278956
SA_MOV3,N025-I02,25,2,27,69,RECOCIDO_SIMULADO,28.8318,4621,11841.03,431.696667,114.093333,0,0,true,true,56,15.384615,11648,1702,31.617647,324.278956
SA_MOV3,N025-I02,25,2,28,70,RECOCIDO_SIMULADO,31.5662,4621,11841.03,431.696667,114.093333,0,0,true,true,56,15.384615,11648,1702,31.617647,324.278956
SA_MOV3,N025-I02,25,2,29,71,RECOCIDO_SIMULADO,28.7268,4621,11841.03,431.696667,114.093333,0,0,true,true,56,15.384615,11648,1702,31.617647,324.278956
SA_MOV3,N025-I03,25,3,0,42,RECOCIDO_SIMULADO,28.1183,4701,12032.715,416.048333,116.166667,0,0,true,true,68,52.941176,10704,1536,28.676471,352.441023
SA_MOV3,N025-I03,25,3,1,43,RECOCIDO_SIMULADO,26.9679,4541,12032.715,416.048333,116.166667,0,0,true,true,68,52.941176,10704,1536,28.676471,284.835902
SA_MOV3,N025-I03,25,3,2,44,RECOCIDO_SIMULADO,27.7459,4581,12032.715,416.048333,116.166667,0,0,true,true,68,52.941176,10704,1536,28.676471,299.101722
SA_MOV3,N025-I03,25,3,3,45,RECOCIDO_SIMULADO,26.9962,4581,12032.715,416.048333,116.166667,0,0,true,true,68,52.941176,10704,1536,28.676471,304.255458
SA_MOV3,N025-I03,25,3,4,46,RECOCIDO_SIMULADO,28.1634,4621,12032.715,416.048333,116.166667,0,0,true,true,68,52.941176,10704,1536,28.676471,328.271463
SA_MOV3,N025-I03,25,3,5,47,RECOCIDO_SIMULADO,27.9253,4741,12032.715,416.048333,116.166667,0,0,true,true,68,52.941176,10704,1536,28.676471,369.807389
SA_MOV3,N025-I03,25,3,6,48,RECOCIDO_SIMULADO,27.5202,4661,12032.715,416.048333,116.166667,0,0,true,true,68,52.941176,10704,1536,28.676471,341.165668
SA_MOV3,N025-I03,25,3,7,49,RECOCIDO_SIMULADO,26.8627,4461,12032.715,416.048333,116.166667,0,0,true,true,68,52.941176,10704,1536,28.676471,258.171997
SA_MOV3,N025-I03,25,3,8,50,RECOCIDO_SIMULADO,26.8019,4541,12032.715,416.048333,116.166667,0,0,true,true,68,52.941176,10704,1536,28.676471,291.547143
SA_MOV3,N025-I03,25,3,9,51,RECOCIDO_SIMULADO,27.5459,4621,12032.715,416.048333,116.166667,0,0,true,true,68,52.941176,10704,1536,28.676471,316.944261
SA_MOV3,N025-I03,25,3,10,52,RECOCIDO_SIMULADO,28.5337,4701,12032.715,416.048333,116.166667,0,0,true,true,68,52.941176,10704,1536,28.676471,354.374481
SA_MOV3,N025-I03,25,3,11,53,RECOCIDO_SIMULADO,27.7151,4701,12032.715,416.048333,116.166667,0,0,true,true,68,52.941176,10704,1536,28.676471,357.873596
SA_MOV3,N025-I03,25,3,12,54,RECOCIDO_SIMULADO,29.1604,4821,12032.715,416.048333,116.166667,0,0,true,true,68,52.941176,10704,1536,28.676471,413.541434
SA_MOV3,N025-I03,25,3,13,55,RECOCIDO_SIMULADO,26.6199,4501,12032.715,416.048333,116.166667,0,0,true,true,68,52.941176,10704,1536,28.676471,276.750133
SA_MOV3,N025-I03,25,3,14,56,RECOCIDO_SIMULADO,27.4333,4661,12032.715,416.048333,116.166667,0,0,true,true,68,52.941176,10704,1536,28.676471,334.741795
SA_MOV3,N025-I03,25,3,15,57,RECOCIDO_SIMULADO,27.8943,4581,12032.715,416.048333,116.166667,0,0,true,true,68,52.941176,10704,1536,28.676471,304.215251
SA_MOV3,N025-I03,25,3,16,58,RECOCIDO_SIMULADO,27.3357,4621,12032.715,416.048333,116.166667,0,0,true,true,68,52.941176,10704,1536,28.676471,319.574109
SA_MOV3,N025-I03,25,3,17,59,RECOCIDO_SIMULADO,28.0556,4621,12032.715,416.048333,116.166667,0,0,true,true,68,52.941176,10704,1536,28.676471,319.576883
SA_MOV3,N025-I03,25,3,18,60,RECOCIDO_SIMULADO,28.0463,4621,12032.715,416.048333,116.166667,0,0,true,true,68,52.941176,10704,1536,28.676471,328.25525
SA_MOV3,N025-I03,25,3,19,61,RECOCIDO_SIMULADO,27.0503,4581,12032.715,416.048333,116.166667,0,0,true,true,68,52.941176,10704,1536,28.676471,305.191823
SA_MOV3,N025-I03,25,3,20,62,RECOCIDO_SIMULADO,27.929,4621,12032.715,416.048333,116.166667,0,0,true,true,68,52.941176,10704,1536,28.676471,325.618732
SA_MOV3,N025-I03,25,3,21,63,RECOCIDO_SIMULADO,27.2172,4541,12032.715,416.048333,116.166667,0,0,true,true,68,52.941176,10704,1536,28.676471,289.77178
SA_MOV3,N025-I03,25,3,22,64,RECOCIDO_SIMULADO,27.3295,4621,12032.715,416.048333,116.166667,0,0,true,true,68,52.941176,10704,1536,28.676471,328.996418
SA_MOV3,N025-I03,25,3,23,65,RECOCIDO_SIMULADO,28.3108,4661,12032.715,416.048333,116.166667,0,0,true,true,68,52.941176,10704,1536,28.676471,331.403483
SA_MOV3,N025-I03,25,3,24,66,RECOCIDO_SIMULADO,27.2667,4621,12032.715,416.048333,116.166667,0,0,true,true,68,52.941176,10704,1536,28.676471,325.257982
SA_MOV3,N025-I03,25,3,25,67,RECOCIDO_SIMULADO,28.227,4661,12032.715,416.048333,116.166667,0,0,true,true,68,52.941176,10704,1536,28.676471,338.237569
SA_MOV3,N025-I03,25,3,26,68,RECOCIDO_SIMULADO,29.7605,4661,12032.715,416.048333,116.166667,0,0,true,true,68,52.941176,10704,1536,28.676471,329.517598
SA_MOV3,N025-I03,25,3,27,69,RECOCIDO_SIMULADO,26.9948,4581,12032.715,416.048333,116.166667,0,0,true,true,68,52.941176,10704,1536,28.676471,303.696008
SA_MOV3,N025-I03,25,3,28,70,RECOCIDO_SIMULADO,28.7889,4741,12032.715,416.048333,116.166667,0,0,true,true,68,52.941176,10704,1536,28.676471,365.338387
SA_MOV3,N025-I03,25,3,29,71,RECOCIDO_SIMULADO,27.7776,4701,12032.715,416.048333,116.166667,0,0,true,true,68,52.941176,10704,1536,28.676471,353.45744
SA_MOV3,N025-I04,25,4,0,42,RECOCIDO_SIMULADO,31.9556,4461,11795.655,422.321667,113.733333,0,0,true,true,52,29.411765,13084,1874,25.490196,265.584189
SA_MOV3,N025-I04,25,4,1,43,RECOCIDO_SIMULADO,31.87,4581,11795.655,422.321667,113.733333,0,0,true,true,52,29.411765,13084,1874,25.490196,302.184596
SA_MOV3,N025-I04,25,4,2,44,RECOCIDO_SIMULADO,26.613,4501,11795.655,422.321667,113.733333,0,0,true,true,52,29.411765,13084,1874,25.490196,280.670893
SA_MOV3,N025-I04,25,4,3,45,RECOCIDO_SIMULADO,27.7913,4621,11795.655,422.321667,113.733333,0,0,true,true,52,29.411765,13084,1874,25.490196,323.871538
SA_MOV3,N025-I04,25,4,4,46,RECOCIDO_SIMULADO,25.9256,4421,11795.655,422.321667,113.733333,0,0,true,true,52,29.411765,13084,1874,25.490196,249.822681
SA_MOV3,N025-I04,25,4,5,47,RECOCIDO_SIMULADO,25.9352,4421,11795.655,422.321667,113.733333,0,0,true,true,52,29.411765,13084,1874,25.490196,251.007917
SA_MOV3,N025-I04,25,4,6,48,RECOCIDO_SIMULADO,27.8418,4621,11795.655,422.321667,113.733333,0,0,true,true,52,29.411765,13084,1874,25.490196,313.156592
SA_MOV3,N025-I04,25,4,7,49,RECOCIDO_SIMULADO,26.814,4581,11795.655,422.321667,113.733333,0,0,true,true,52,29.411765,13084,1874,25.490196,306.72178
SA_MOV3,N025-I04,25,4,8,50,RECOCIDO_SIMULADO,25.8464,4381,11795.655,422.321667,113.733333,0,0,true,true,52,29.411765,13084,1874,25.490196,236.948112
SA_MOV3,N025-I04,25,4,9,51,RECOCIDO_SIMULADO,26.4524,4341,11795.655,422.321667,113.733333,0,0,true,true,52,29.411765,13084,1874,25.490196,219.680947
SA_MOV3,N025-I04,25,4,10,52,RECOCIDO_SIMULADO,26.0764,4421,11795.655,422.321667,113.733333,0,0,true,true,52,29.411765,13084,1874,25.490196,250.032141
SA_MOV3,N025-I04,25,4,11,53,RECOCIDO_SIMULADO,27.3778,4621,11795.655,422.321667,113.733333,0,0,true,true,52,29.411765,13084,1874,25.490196,314.523399
SA_MOV3,N025-I04,25,4,12,54,RECOCIDO_SIMULADO,26.9014,4421,11795.655,422.321667,113.733333,0,0,true,true,52,29.411765,13084,1874,25.490196,244.460932
SA_MOV3,N025-I04,25,4,13,55,RECOCIDO_SIMULADO,26.2952,4461,11795.655,422.321667,113.733333,0,0,true,true,52,29.411765,13084,1874,25.490196,260.504609
SA_MOV3,N025-I04,25,4,14,56,RECOCIDO_SIMULADO,27.6896,4581,11795.655,422.321667,113.733333,0,0,true,true,52,29.411765,13084,1874,25.490196,299.057986
SA_MOV3,N025-I04,25,4,15,57,RECOCIDO_SIMULADO,26.4497,4461,11795.655,422.321667,113.733333,0,0,true,true,52,29.411765,13084,1874,25.490196,266.076489
SA_MOV3,N025-I04,25,4,16,58,RECOCIDO_SIMULADO,26.7926,4501,11795.655,422.321667,113.733333,0,0,true,true,52,29.411765,13084,1874,25.490196,270.038308
SA_MOV3,N025-I04,25,4,17,59,RECOCIDO_SIMULADO,26.5919,4381,11795.655,422.321667,113.733333,0,0,true,true,52,29.411765,13084,1874,25.490196,240.05004
SA_MOV3,N025-I04,25,4,18,60,RECOCIDO_SIMULADO,25.3264,4301,11795.655,422.321667,113.733333,0,0,true,true,52,29.411765,13084,1874,25.490196,212.79741
SA_MOV3,N025-I04,25,4,19,61,RECOCIDO_SIMULADO,26.5147,4461,11795.655,422.321667,113.733333,0,0,true,true,52,29.411765,13084,1874,25.490196,258.142149
SA_MOV3,N025-I04,25,4,20,62,RECOCIDO_SIMULADO,27.0198,4461,11795.655,422.321667,113.733333,0,0,true,true,52,29.411765,13084,1874,25.490196,260.721908
SA_MOV3,N025-I04,25,4,21,63,RECOCIDO_SIMULADO,26.525,4501,11795.655,422.321667,113.733333,0,0,true,true,52,29.411765,13084,1874,25.490196,275.255845
SA_MOV3,N025-I04,25,4,22,64,RECOCIDO_SIMULADO,26.899,4581,11795.655,422.321667,113.733333,0,0,true,true,52,29.411765,13084,1874,25.490196,312.257579
SA_MOV3,N025-I04,25,4,23,65,RECOCIDO_SIMULADO,26.3124,4381,11795.655,422.321667,113.733333,0,0,true,true,52,29.411765,13084,1874,25.490196,241.015832
SA_MOV3,N025-I04,25,4,24,66,RECOCIDO_SIMULADO,29.762,4501,11795.655,422.321667,113.733333,0,0,true,true,52,29.411765,13084,1874,25.490196,274.721579
SA_MOV3,N025-I04,25,4,25,67,RECOCIDO_SIMULADO,28.0792,4661,11795.655,422.321667,113.733333,0,0,true,true,52,29.411765,13084,1874,25.490196,332.328215
SA_MOV3,N025-I04,25,4,26,68,RECOCIDO_SIMULADO,27.5592,4661,11795.655,422.321667,113.733333,0,0,true,true,52,29.411765,13084,1874,25.490196,342.669496
SA_MOV3,N025-I04,25,4,27,69,RECOCIDO_SIMULADO,26.89,4581,11795.655,422.321667,113.733333,0,0,true,true,52,29.411765,13084,1874,25.490196,309.242481
SA_MOV3,N025-I04,25,4,28,70,RECOCIDO_SIMULADO,27.0506,4501,11795.655,422.321667,113.733333,0,0,true,true,52,29.411765,13084,1874,25.490196,275.317786
SA_MOV3,N025-I04,25,4,29,71,RECOCIDO_SIMULADO,26.2849,4461,11795.655,422.321667,113.733333,0,0,true,true,52,29.411765,13084,1874,25.490196,260.02862
SA_MOV3,N025-I05,25,5,0,42,RECOCIDO_SIMULADO,27.6925,4541,11175.046667,498.38,106.766667,0,0,true,true,68,27.272727,10740,1536,31.127451,289.234734
SA_MOV3,N025-I05,25,5,1,43,RECOCIDO_SIMULADO,28.1,4541,11175.046667,498.38,106.766667,0,0,true,true,68,27.272727,10740,1536,31.127451,282.2098
SA_MOV3,N025-I05,25,5,2,44,RECOCIDO_SIMULADO,27.2037,4541,11175.046667,498.38,106.766667,0,0,true,true,68,27.272727,10740,1536,31.127451,285.714258
SA_MOV3,N025-I05,25,5,3,45,RECOCIDO_SIMULADO,27.529,4501,11175.046667,498.38,106.766667,0,0,true,true,68,27.272727,10740,1536,31.127451,277.629502
SA_MOV3,N025-I05,25,5,4,46,RECOCIDO_SIMULADO,27.5823,4541,11175.046667,498.38,106.766667,0,0,true,true,68,27.272727,10740,1536,31.127451,295.103063
SA_MOV3,N025-I05,25,5,5,47,RECOCIDO_SIMULADO,27.1713,4541,11175.046667,498.38,106.766667,0,0,true,true,68,27.272727,10740,1536,31.127451,292.108357
SA_MOV3,N025-I05,25,5,6,48,RECOCIDO_SIMULADO,27.7349,4501,11175.046667,498.38,106.766667,0,0,true,true,68,27.272727,10740,1536,31.127451,277.476891
SA_MOV3,N025-I05,25,5,7,49,RECOCIDO_SIMULADO,27.2146,4541,11175.046667,498.38,106.766667,0,0,true,true,68,27.272727,10740,1536,31.127451,283.062932
SA_MOV3,N025-I05,25,5,8,50,RECOCIDO_SIMULADO,27.2265,4541,11175.046667,498.38,106.766667,0,0,true,true,68,27.272727,10740,1536,31.127451,294.708181
SA_MOV3,N025-I05,25,5,9,51,RECOCIDO_SIMULADO,28.161,4581,11175.046667,498.38,106.766667,0,0,true,true,68,27.272727,10740,1536,31.127451,299.738734
SA_MOV3,N025-I05,25,5,10,52,RECOCIDO_SIMULADO,27.161,4541,11175.046667,498.38,106.766667,0,0,true,true,68,27.272727,10740,1536,31.127451,293.547362
SA_MOV3,N025-I05,25,5,11,53,RECOCIDO_SIMULADO,27.7525,4541,11175.046667,498.38,106.766667,0,0,true,true,68,27.272727,10740,1536,31.127451,282.536743
SA_MOV3,N025-I05,25,5,12,54,RECOCIDO_SIMULADO,27.1566,4541,11175.046667,498.38,106.766667,0,0,true,true,68,27.272727,10740,1536,31.127451,295.785727
SA_MOV3,N025-I05,25,5,13,55,RECOCIDO_SIMULADO,27.1841,4541,11175.046667,498.38,106.766667,0,0,true,true,68,27.272727,10740,1536,31.127451,290.719341
SA_MOV3,N025-I05,25,5,14,56,RECOCIDO_SIMULADO,27.5776,4501,11175.046667,498.38,106.766667,0,0,true,true,68,27.272727,10740,1536,31.127451,281.874017
SA_MOV3,N025-I05,25,5,15,57,RECOCIDO_SIMULADO,27.1649,4541,11175.046667,498.38,106.766667,0,0,true,true,68,27.272727,10740,1536,31.127451,289.669229
SA_MOV3,N025-I05,25,5,16,58,RECOCIDO_SIMULADO,27.1414,4541,11175.046667,498.38,106.766667,0,0,true,true,68,27.272727,10740,1536,31.127451,287.644377
SA_MOV3,N025-I05,25,5,17,59,RECOCIDO_SIMULADO,28.4589,4541,11175.046667,498.38,106.766667,0,0,true,true,68,27.272727,10740,1536,31.127451,292.020502
SA_MOV3,N025-I05,25,5,18,60,RECOCIDO_SIMULADO,27.4051,4581,11175.046667,498.38,106.766667,0,0,true,true,68,27.272727,10740,1536,31.127451,302.653103
SA_MOV3,N025-I05,25,5,19,61,RECOCIDO_SIMULADO,28.1254,4541,11175.046667,498.38,106.766667,0,0,true,true,68,27.272727,10740,1536,31.127451,290.489794
SA_MOV3,N025-I05,25,5,20,62,RECOCIDO_SIMULADO,27.2533,4541,11175.046667,498.38,106.766667,0,0,true,true,68,27.272727,10740,1536,31.127451,289.581044
SA_MOV3,N025-I05,25,5,21,63,RECOCIDO_SIMULADO,27.1881,4541,11175.046667,498.38,106.766667,0,0,true,true,68,27.272727,10740,1536,31.127451,287.644377
SA_MOV3,N025-I05,25,5,22,64,RECOCIDO_SIMULADO,27.583,4501,11175.046667,498.38,106.766667,0,0,true,true,68,27.272727,10740,1536,31.127451,277.93227
SA_MOV3,N025-I05,25,5,23,65,RECOCIDO_SIMULADO,30.5174,4541,11175.046667,498.38,106.766667,0,0,true,true,68,27.272727,10740,1536,31.127451,296.221864
SA_MOV3,N025-I05,25,5,24,66,RECOCIDO_SIMULADO,27.1827,4541,11175.046667,498.38,106.766667,0,0,true,true,68,27.272727,10740,1536,31.127451,288.552615
SA_MOV3,N025-I05,25,5,25,67,RECOCIDO_SIMULADO,27.57,4501,11175.046667,498.38,106.766667,0,0,true,true,68,27.272727,10740,1536,31.127451,276.880451
SA_MOV3,N025-I05,25,5,26,68,RECOCIDO_SIMULADO,26.9676,4501,11175.046667,498.38,106.766667,0,0,true,true,68,27.272727,10740,1536,31.127451,273.020728
SA_MOV3,N025-I05,25,5,27,69,RECOCIDO_SIMULADO,27.6322,4501,11175.046667,498.38,106.766667,0,0,true,true,68,27.272727,10740,1536,31.127451,281.573965
SA_MOV3,N025-I05,25,5,28,70,RECOCIDO_SIMULADO,27.1243,4541,11175.046667,498.38,106.766667,0,0,true,true,68,27.272727,10740,1536,31.127451,285.868424
SA_MOV3,N025-I05,25,5,29,71,RECOCIDO_SIMULADO,27.2022,4541,11175.046667,498.38,106.766667,0,0,true,true,68,27.272727,10740,1536,31.127451,291.524172
SA_MOV3,N050-I01,50,1,0,42,RECOCIDO_SIMULADO,45.6852,4741,106545.155,1942.488333,1046.026667,0,0,true,true,28,7.142857,16616,2546,74.019608,366.332948
SA_MOV3,N050-I01,50,1,1,43,RECOCIDO_SIMULADO,45.2112,4701,106545.155,1942.488333,1046.026667,0,0,true,true,28,7.142857,16616,2546,74.019608,357.487866
SA_MOV3,N050-I01,50,1,2,44,RECOCIDO_SIMULADO,42.5841,4541,106545.155,1942.488333,1046.026667,0,0,true,true,28,7.142857,16616,2546,74.019608,293.593333
SA_MOV3,N050-I01,50,1,3,45,RECOCIDO_SIMULADO,46.7206,4901,106545.155,1942.488333,1046.026667,0,0,true,true,28,7.142857,16616,2546,74.019608,458.567545
SA_MOV3,N050-I01,50,1,4,46,RECOCIDO_SIMULADO,41.4234,4421,106545.155,1942.488333,1046.026667,0,0,true,true,28,7.142857,16616,2546,74.019608,243.208037
SA_MOV3,N050-I01,50,1,5,47,RECOCIDO_SIMULADO,43.0878,4501,106545.155,1942.488333,1046.026667,0,0,true,true,28,7.142857,16616,2546,74.019608,280.861759
SA_MOV3,N050-I01,50,1,6,48,RECOCIDO_SIMULADO,44.4434,4741,106545.155,1942.488333,1046.026667,0,0,true,true,28,7.142857,16616,2546,74.019608,373.039661
SA_MOV3,N050-I01,50,1,7,49,RECOCIDO_SIMULADO,43.1995,4501,106545.155,1942.488333,1046.026667,0,0,true,true,28,7.142857,16616,2546,74.019608,276.596242
SA_MOV3,N050-I01,50,1,8,50,RECOCIDO_SIMULADO,42.5862,4541,106545.155,1942.488333,1046.026667,0,0,true,true,28,7.142857,16616,2546,74.019608,296.276566
SA_MOV3,N050-I01,50,1,9,51,RECOCIDO_SIMULADO,48.3201,4741,106545.155,1942.488333,1046.026667,0,0,true,true,28,7.142857,16616,2546,74.019608,366.38859
SA_MOV3,N050-I01,50,1,10,52,RECOCIDO_SIMULADO,45.6634,4741,106545.155,1942.488333,1046.026667,0,0,true,true,28,7.142857,16616,2546,74.019608,375.641407
SA_MOV3,N050-I01,50,1,11,53,RECOCIDO_SIMULADO,45.2012,4781,106545.155,1942.488333,1046.026667,0,0,true,true,28,7.142857,16616,2546,74.019608,384.557367
SA_MOV3,N050-I01,50,1,12,54,RECOCIDO_SIMULADO,43.9066,4621,106545.155,1942.488333,1046.026667,0,0,true,true,28,7.142857,16616,2546,74.019608,325.129601
SA_MOV3,N050-I01,50,1,13,55,RECOCIDO_SIMULADO,47.2541,4701,106545.155,1942.488333,1046.026667,0,0,true,true,28,7.142857,16616,2546,74.019608,352.79284
SA_MOV3,N050-I01,50,1,14,56,RECOCIDO_SIMULADO,43.9076,4621,106545.155,1942.488333,1046.026667,0,0,true,true,28,7.142857,16616,2546,74.019608,327.502518
SA_MOV3,N050-I01,50,1,15,57,RECOCIDO_SIMULADO,43.3231,4621,106545.155,1942.488333,1046.026667,0,0,true,true,28,7.142857,16616,2546,74.019608,323.869714
SA_MOV3,N050-I01,50,1,16,58,RECOCIDO_SIMULADO,41.7112,4381,106545.155,1942.488333,1046.026667,0,0,true,true,28,7.142857,16616,2546,74.019608,235.077461
SA_MOV3,N050-I01,50,1,17,59,RECOCIDO_SIMULADO,44.3186,4741,106545.155,1942.488333,1046.026667,0,0,true,true,28,7.142857,16616,2546,74.019608,382.001936
SA_MOV3,N050-I01,50,1,18,60,RECOCIDO_SIMULADO,45.6387,4821,106545.155,1942.488333,1046.026667,0,0,true,true,28,7.142857,16616,2546,74.019608,421.687608
SA_MOV3,N050-I01,50,1,19,61,RECOCIDO_SIMULADO,44.3284,4661,106545.155,1942.488333,1046.026667,0,0,true,true,28,7.142857,16616,2546,74.019608,344.931378
SA_MOV3,N050-I01,50,1,20,62,RECOCIDO_SIMULADO,43.8752,4701,106545.155,1942.488333,1046.026667,0,0,true,true,28,7.142857,16616,2546,74.019608,351.811761
SA_MOV3,N050-I01,50,1,21,63,RECOCIDO_SIMULADO,44.2564,4661,106545.155,1942.488333,1046.026667,0,0,true,true,28,7.142857,16616,2546,74.019608,344.268516
SA_MOV3,N050-I01,50,1,22,64,RECOCIDO_SIMULADO,45.1659,4821,106545.155,1942.488333,1046.026667,0,0,true,true,28,7.142857,16616,2546,74.019608,405.117558
SA_MOV3,N050-I01,50,1,23,65,RECOCIDO_SIMULADO,44.2629,4661,106545.155,1942.488333,1046.026667,0,0,true,true,28,7.142857,16616,2546,74.019608,330.545667
SA_MOV3,N050-I01,50,1,24,66,RECOCIDO_SIMULADO,46.4416,4981,106545.155,1942.488333,1046.026667,0,0,true,true,28,7.142857,16616,2546,74.019608,519.975505
SA_MOV3,N050-I01,50,1,25,67,RECOCIDO_SIMULADO,44.5463,4661,106545.155,1942.488333,1046.026667,0,0,true,true,28,7.142857,16616,2546,74.019608,339.293817
SA_MOV3,N050-I01,50,1,26,68,RECOCIDO_SIMULADO,46.0707,4741,106545.155,1942.488333,1046.026667,0,0,true,true,28,7.142857,16616,2546,74.019608,371.612495
SA_MOV3,N050-I01,50,1,27,69,RECOCIDO_SIMULADO,45.9655,4861,106545.155,1942.488333,1046.026667,0,0,true,true,28,7.142857,16616,2546,74.019608,437.309885
SA_MOV3,N050-I01,50,1,28,70,RECOCIDO_SIMULADO,45.1647,4741,106545.155,1942.488333,1046.026667,0,0,true,true,28,7.142857,16616,2546,74.019608,382.531434
SA_MOV3,N050-I01,50,1,29,71,RECOCIDO_SIMULADO,44.1878,4661,106545.155,1942.488333,1046.026667,0,0,true,true,28,7.142857,16616,2546,74.019608,339.15207
SA_MOV3,N050-I02,50,2,0,42,RECOCIDO_SIMULADO,44.3228,4661,80339.456667,1607.79,787.316667,0,0,true,true,28,17.647059,16864,2554,54.166667,344.265775
SA_MOV3,N050-I02,50,2,1,43,RECOCIDO_SIMULADO,44.7503,4821,80339.456667,1607.79,787.316667,0,0,true,true,28,17.647059,16864,2554,54.166667,404.754811
SA_MOV3,N050-I02,50,2,2,44,RECOCIDO_SIMULADO,44.7028,4741,80339.456667,1607.79,787.316667,0,0,true,true,28,17.647059,16864,2554,54.166667,383.07294
SA_MOV3,N050-I02,50,2,3,45,RECOCIDO_SIMULADO,44.7355,4661,80339.456667,1607.79,787.316667,0,0,true,true,28,17.647059,16864,2554,54.166667,333.407192
SA_MOV3,N050-I02,50,2,4,46,RECOCIDO_SIMULADO,43.8471,4701,80339.456667,1607.79,787.316667,0,0,true,true,28,17.647059,16864,2554,54.166667,358.226822
SA_MOV3,N050-I02,50,2,5,47,RECOCIDO_SIMULADO,45.4972,4781,80339.456667,1607.79,787.316667,0,0,true,true,28,17.647059,16864,2554,54.166667,394.89935
SA_MOV3,N050-I02,50,2,6,48,RECOCIDO_SIMULADO,43.6077,4701,80339.456667,1607.79,787.316667,0,0,true,true,28,17.647059,16864,2554,54.166667,347.858927
SA_MOV3,N050-I02,50,2,7,49,RECOCIDO_SIMULADO,44.8185,4741,80339.456667,1607.79,787.316667,0,0,true,true,28,17.647059,16864,2554,54.166667,379.370929
SA_MOV3,N050-I02,50,2,8,50,RECOCIDO_SIMULADO,43.0087,4621,80339.456667,1607.79,787.316667,0,0,true,true,28,17.647059,16864,2554,54.166667,320.734751
SA_MOV3,N050-I02,50,2,9,51,RECOCIDO_SIMULADO,44.8155,4741,80339.456667,1607.79,787.316667,0,0,true,true,28,17.647059,16864,2554,54.166667,382.307392
SA_MOV3,N050-I02,50,2,10,52,RECOCIDO_SIMULADO,43.7737,4701,80339.456667,1607.79,787.316667,0,0,true,true,28,17.647059,16864,2554,54.166667,363.220943
SA_MOV3,N050-I02,50,2,11,53,RECOCIDO_SIMULADO,44.3355,4701,80339.456667,1607.79,787.316667,0,0,true,true,28,17.647059,16864,2554,54.166667,363.797146
SA_MOV3,N050-I02,50,2,12,54,RECOCIDO_SIMULADO,44.4868,4661,80339.456667,1607.79,787.316667,0,0,true,true,28,17.647059,16864,2554,54.166667,340.146962
SA_MOV3,N050-I02,50,2,13,55,RECOCIDO_SIMULADO,44.3797,4621,80339.456667,1607.79,787.316667,0,0,true,true,28,17.647059,16864,2554,54.166667,314.199399
SA_MOV3,N050-I02,50,2,14,56,RECOCIDO_SIMULADO,44.7361,4661,80339.456667,1607.79,787.316667,0,0,true,true,28,17.647059,16864,2554,54.166667,341.781572
SA_MOV3,N050-I02,50,2,15,57,RECOCIDO_SIMULADO,42.7465,4581,80339.456667,1607.79,787.316667,0,0,true,true,28,17.647059,16864,2554,54.166667,300.467589
SA_MOV3,N050-I02,50,2,16,58,RECOCIDO_SIMULADO,44.0377,4621,80339.456667,1607.79,787.316667,0,0,true,true,28,17.647059,16864,2554,54.166667,327.064618
SA_MOV3,N050-I02,50,2,17,59,RECOCIDO_SIMULADO,44.1404,4661,80339.456667,1607.79,787.316667,0,0,true,true,28,17.647059,16864,2554,54.166667,331.149346
SA_MOV3,N050-I02,50,2,18,60,RECOCIDO_SIMULADO,44.9232,4741,80339.456667,1607.79,787.316667,0,0,true,true,28,17.647059,16864,2554,54.166667,370.532692
SA_MOV3,N050-I02,50,2,19,61,RECOCIDO_SIMULADO,46.9835,4661,80339.456667,1607.79,787.316667,0,0,true,true,28,17.647059,16864,2554,54.166667,334.702867
SA_MOV3,N050-I02,50,2,20,62,RECOCIDO_SIMULADO,45.1253,4741,80339.456667,1607.79,787.316667,0,0,true,true,28,17.647059,16864,2554,54.166667,366.62609
SA_MOV3,N050-I02,50,2,21,63,RECOCIDO_SIMULADO,45.0653,4741,80339.456667,1607.79,787.316667,0,0,true,true,28,17.647059,16864,2554,54.166667,379.201133
SA_MOV3,N050-I02,50,2,22,64,RECOCIDO_SIMULADO,43.529,4661,80339.456667,1607.79,787.316667,0,0,true,true,28,17.647059,16864,2554,54.166667,344.996895
SA_MOV3,N050-I02,50,2,23,65,RECOCIDO_SIMULADO,45.496,4821,80339.456667,1607.79,787.316667,0,0,true,true,28,17.647059,16864,2554,54.166667,408.152452
SA_MOV3,N050-I02,50,2,24,66,RECOCIDO_SIMULADO,43.7991,4701,80339.456667,1607.79,787.316667,0,0,true,true,28,17.647059,16864,2554,54.166667,354.681672
SA_MOV3,N050-I02,50,2,25,67,RECOCIDO_SIMULADO,44.514,4701,80339.456667,1607.79,787.316667,0,0,true,true,28,17.647059,16864,2554,54.166667,350.534266
SA_MOV3,N050-I02,50,2,26,68,RECOCIDO_SIMULADO,44.7682,4821,80339.456667,1607.79,787.316667,0,0,true,true,28,17.647059,16864,2554,54.166667,417.22701
SA_MOV3,N050-I02,50,2,27,69,RECOCIDO_SIMULADO,43.5398,4581,80339.456667,1607.79,787.316667,0,0,true,true,28,17.647059,16864,2554,54.166667,306.935994
SA_MOV3,N050-I02,50,2,28,70,RECOCIDO_SIMULADO,42.9471,4581,80339.456667,1607.79,787.316667,0,0,true,true,28,17.647059,16864,2554,54.166667,305.876965
SA_MOV3,N050-I02,50,2,29,71,RECOCIDO_SIMULADO,43.9191,4661,80339.456667,1607.79,787.316667,0,0,true,true,28,17.647059,16864,2554,54.166667,336.841868
SA_MOV3,N050-I03,50,3,0,42,RECOCIDO_SIMULADO,42.4293,4541,82818.673333,1735.006667,810.836667,0,0,true,true,28,14.814815,14196,2096,64.460784,283.880179
SA_MOV3,N050-I03,50,3,1,43,RECOCIDO_SIMULADO,42.0951,4421,82818.673333,1735.006667,810.836667,0,0,true,true,28,14.814815,14196,2096,64.460784,252.231081
SA_MOV3,N050-I03,50,3,2,44,RECOCIDO_SIMULADO,43.4333,4541,82818.673333,1735.006667,810.836667,0,0,true,true,28,14.814815,14196,2096,64.460784,290.228145
SA_MOV3,N050-I03,50,3,3,45,RECOCIDO_SIMULADO,42.6997,4541,82818.673333,1735.006667,810.836667,0,0,true,true,28,14.814815,14196,2096,64.460784,287.588417
SA_MOV3,N050-I03,50,3,4,46,RECOCIDO_SIMULADO,41.1278,4341,82818.673333,1735.006667,810.836667,0,0,true,true,28,14.814815,14196,2096,64.460784,227.273262
SA_MOV3,N050-I03,50,3,5,47,RECOCIDO_SIMULADO,42.4964,4501,82818.673333,1735.006667,810.836667,0,0,true,true,28,14.814815,14196,2096,64.460784,269.627216
SA_MOV3,N050-I03,50,3,6,48,RECOCIDO_SIMULADO,40.8706,4381,82818.673333,1735.006667,810.836667,0,0,true,true,28,14.814815,14196,2096,64.460784,230.446063
SA_MOV3,N050-I03,50,3,7,49,RECOCIDO_SIMULADO,42.2368,4501,82818.673333,1735.006667,810.836667,0,0,true,true,28,14.814815,14196,2096,64.460784,279.662364
SA_MOV3,N050-I03,50,3,8,50,RECOCIDO_SIMULADO,40.9324,4381,82818.673333,1735.006667,810.836667,0,0,true,true,28,14.814815,14196,2096,64.460784,237.789707
SA_MOV3,N050-I03,50,3,9,51,RECOCIDO_SIMULADO,41.3978,4501,82818.673333,1735.006667,810.836667,0,0,true,true,28,14.814815,14196,2096,64.460784,275.264023
SA_MOV3,N050-I03,50,3,10,52,RECOCIDO_SIMULADO,42.4153,4461,82818.673333,1735.006667,810.836667,0,0,true,true,28,14.814815,14196,2096,64.460784,255.969261
SA_MOV3,N050-I03,50,3,11,53,RECOCIDO_SIMULADO,41.868,4541,82818.673333,1735.006667,810.836667,0,0,true,true,28,14.814815,14196,2096,64.460784,288.992017
SA_MOV3,N050-I03,50,3,12,54,RECOCIDO_SIMULADO,40.624,4301,82818.673333,1735.006667,810.836667,0,0,true,true,28,14.814815,14196,2096,64.460784,215.357768
SA_MOV3,N050-I03,50,3,13,55,RECOCIDO_SIMULADO,41.141,4461,82818.673333,1735.006667,810.836667,0,0,true,true,28,14.814815,14196,2096,64.460784,257.579782
SA_MOV3,N050-I03,50,3,14,56,RECOCIDO_SIMULADO,41.5702,4421,82818.673333,1735.006667,810.836667,0,0,true,true,28,14.814815,14196,2096,64.460784,243.053013
SA_MOV3,N050-I03,50,3,15,57,RECOCIDO_SIMULADO,41.9438,4541,82818.673333,1735.006667,810.836667,0,0,true,true,28,14.814815,14196,2096,64.460784,286.093968
SA_MOV3,N050-I03,50,3,16,58,RECOCIDO_SIMULADO,40.7871,4341,82818.673333,1735.006667,810.836667,0,0,true,true,28,14.814815,14196,2096,64.460784,229.35828
SA_MOV3,N050-I03,50,3,17,59,RECOCIDO_SIMULADO,41.8096,4501,82818.673333,1735.006667,810.836667,0,0,true,true,28,14.814815,14196,2096,64.460784,278.240161
SA_MOV3,N050-I03,50,3,18,60,RECOCIDO_SIMULADO,44.7627,4661,82818.673333,1735.006667,810.836667,0,0,true,true,28,14.814815,14196,2096,64.460784,331.705526
SA_MOV3,N050-I03,50,3,19,61,RECOCIDO_SIMULADO,42.0595,4541,82818.673333,1735.006667,810.836667,0,0,true,true,28,14.814815,14196,2096,64.460784,294.811017
SA_MOV3,N050-I03,50,3,20,62,RECOCIDO_SIMULADO,40.7257,4261,82818.673333,1735.006667,810.836667,0,0,true,true,28,14.814815,14196,2096,64.460784,205.014558
SA_MOV3,N050-I03,50,3,21,63,RECOCIDO_SIMULADO,42.5769,4461,82818.673333,1735.006667,810.836667,0,0,true,true,28,14.814815,14196,2096,64.460784,267.94237
SA_MOV3,N050-I03,50,3,22,64,RECOCIDO_SIMULADO,40.3985,4381,82818.673333,1735.006667,810.836667,0,0,true,true,28,14.814815,14196,2096,64.460784,236.435069
SA_MOV3,N050-I03,50,3,23,65,RECOCIDO_SIMULADO,41.6203,4381,82818.673333,1735.006667,810.836667,0,0,true,true,28,14.814815,14196,2096,64.460784,236.899421
SA_MOV3,N050-I03,50,3,24,66,RECOCIDO_SIMULADO,42.2407,4541,82818.673333,1735.006667,810.836667,0,0,true,true,28,14.814815,14196,2096,64.460784,286.592502
SA_MOV3,N050-I03,50,3,25,67,RECOCIDO_SIMULADO,40.8589,4381,82818.673333,1735.006667,810.836667,0,0,true,true,28,14.814815,14196,2096,64.460784,233.014267
SA_MOV3,N050-I03,50,3,26,68,RECOCIDO_SIMULADO,40.5676,4381,82818.673333,1735.006667,810.836667,0,0,true,true,28,14.814815,14196,2096,64.460784,231.054233
SA_MOV3,N050-I03,50,3,27,69,RECOCIDO_SIMULADO,42.6201,4501,82818.673333,1735.006667,810.836667,0,0,true,true,28,14.814815,14196,2096,64.460784,280.478325
SA_MOV3,N050-I03,50,3,28,70,RECOCIDO_SIMULADO,41.0956,4461,82818.673333,1735.006667,810.836667,0,0,true,true,28,14.814815,14196,2096,64.460784,258.490825
SA_MOV3,N050-I03,50,3,29,71,RECOCIDO_SIMULADO,41.608,4461,82818.673333,1735.006667,810.836667,0,0,true,true,28,14.814815,14196,2096,64.460784,254.867363
SA_MOV3,N050-I04,50,4,0,42,RECOCIDO_SIMULADO,44.6062,4781,86995.593333,1722.426667,852.731667,0,0,true,true,30,12.903226,15838,2304,64.215686,393.545206
SA_MOV3,N050-I04,50,4,1,43,RECOCIDO_SIMULADO,43.337,4621,86995.593333,1722.426667,852.731667,0,0,true,true,30,12.903226,15838,2304,64.215686,327.075087
SA_MOV3,N050-I04,50,4,2,44,RECOCIDO_SIMULADO,43.7653,4741,86995.593333,1722.426667,852.731667,0,0,true,true,30,12.903226,15838,2304,64.215686,382.571272
SA_MOV3,N050-I04,50,4,3,45,RECOCIDO_SIMULADO,44.5627,4741,86995.593333,1722.426667,852.731667,0,0,true,true,30,12.903226,15838,2304,64.215686,368.368448
SA_MOV3,N050-I04,50,4,4,46,RECOCIDO_SIMULADO,44.0176,4701,86995.593333,1722.426667,852.731667,0,0,true,true,30,12.903226,15838,2304,64.215686,354.389173
SA_MOV3,N050-I04,50,4,5,47,RECOCIDO_SIMULADO,44.0925,4741,86995.593333,1722.426667,852.731667,0,0,true,true,30,12.903226,15838,2304,64.215686,366.538122
SA_MOV3,N050-I04,50,4,6,48,RECOCIDO_SIMULADO,45.1005,4821,86995.593333,1722.426667,852.731667,0,0,true,true,30,12.903226,15838,2304,64.215686,405.156946
SA_MOV3,N050-I04,50,4,7,49,RECOCIDO_SIMULADO,43.4725,4701,86995.593333,1722.426667,852.731667,0,0,true,true,30,12.903226,15838,2304,64.215686,347.083295
SA_MOV3,N050-I04,50,4,8,50,RECOCIDO_SIMULADO,45.7532,4781,86995.593333,1722.426667,852.731667,0,0,true,true,30,12.903226,15838,2304,64.215686,396.868805
SA_MOV3,N050-I04,50,4,9,51,RECOCIDO_SIMULADO,45.2958,4901,86995.593333,1722.426667,852.731667,0,0,true,true,30,12.903226,15838,2304,64.215686,465.171516
SA_MOV3,N050-I04,50,4,10,52,RECOCIDO_SIMULADO,44.5218,4701,86995.593333,1722.426667,852.731667,0,0,true,true,30,12.903226,15838,2304,64.215686,349.727806
SA_MOV3,N050-I04,50,4,11,53,RECOCIDO_SIMULADO,43.9545,4781,86995.593333,1722.426667,852.731667,0,0,true,true,30,12.903226,15838,2304,64.215686,398.012006
SA_MOV3,N050-I04,50,4,12,54,RECOCIDO_SIMULADO,45.534,4701,86995.593333,1722.426667,852.731667,0,0,true,true,30,12.903226,15838,2304,64.215686,364.421723
SA_MOV3,N050-I04,50,4,13,55,RECOCIDO_SIMULADO,44.9211,4661,86995.593333,1722.426667,852.731667,0,0,true,true,30,12.903226,15838,2304,64.215686,343.385291
SA_MOV3,N050-I04,50,4,14,56,RECOCIDO_SIMULADO,42.5031,4581,86995.593333,1722.426667,852.731667,0,0,true,true,30,12.903226,15838,2304,64.215686,301.470495
SA_MOV3,N050-I04,50,4,15,57,RECOCIDO_SIMULADO,43.6088,4621,86995.593333,1722.426667,852.731667,0,0,true,true,30,12.903226,15838,2304,64.215686,319.767925
SA_MOV3,N050-I04,50,4,16,58,RECOCIDO_SIMULADO,42.8418,4621,86995.593333,1722.426667,852.731667,0,0,true,true,30,12.903226,15838,2304,64.215686,314.675136
SA_MOV3,N050-I04,50,4,17,59,RECOCIDO_SIMULADO,44.9288,4781,86995.593333,1722.426667,852.731667,0,0,true,true,30,12.903226,15838,2304,64.215686,396.11959
SA_MOV3,N050-I04,50,4,18,60,RECOCIDO_SIMULADO,44.2196,4781,86995.593333,1722.426667,852.731667,0,0,true,true,30,12.903226,15838,2304,64.215686,393.689561
SA_MOV3,N050-I04,50,4,19,61,RECOCIDO_SIMULADO,44.3518,4741,86995.593333,1722.426667,852.731667,0,0,true,true,30,12.903226,15838,2304,64.215686,365.794553
SA_MOV3,N050-I04,50,4,20,62,RECOCIDO_SIMULADO,43.4343,4701,86995.593333,1722.426667,852.731667,0,0,true,true,30,12.903226,15838,2304,64.215686,352.493886
SA_MOV3,N050-I04,50,4,21,63,RECOCIDO_SIMULADO,45.4157,4861,86995.593333,1722.426667,852.731667,0,0,true,true,30,12.903226,15838,2304,64.215686,446.056475
SA_MOV3,N050-I04,50,4,22,64,RECOCIDO_SIMULADO,44.9834,4781,86995.593333,1722.426667,852.731667,0,0,true,true,30,12.903226,15838,2304,64.215686,393.850546
SA_MOV3,N050-I04,50,4,23,65,RECOCIDO_SIMULADO,43.047,4661,86995.593333,1722.426667,852.731667,0,0,true,true,30,12.903226,15838,2304,64.215686,342.67342
SA_MOV3,N050-I04,50,4,24,66,RECOCIDO_SIMULADO,43.7225,4661,86995.593333,1722.426667,852.731667,0,0,true,true,30,12.903226,15838,2304,64.215686,334.874519
SA_MOV3,N050-I04,50,4,25,67,RECOCIDO_SIMULADO,43.3175,4581,86995.593333,1722.426667,852.731667,0,0,true,true,30,12.903226,15838,2304,64.215686,304.758849
SA_MOV3,N050-I04,50,4,26,68,RECOCIDO_SIMULADO,44.1268,4661,86995.593333,1722.426667,852.731667,0,0,true,true,30,12.903226,15838,2304,64.215686,331.177371
SA_MOV3,N050-I04,50,4,27,69,RECOCIDO_SIMULADO,44.099,4661,86995.593333,1722.426667,852.731667,0,0,true,true,30,12.903226,15838,2304,64.215686,344.002897
SA_MOV3,N050-I04,50,4,28,70,RECOCIDO_SIMULADO,45.4245,4781,86995.593333,1722.426667,852.731667,0,0,true,true,30,12.903226,15838,2304,64.215686,403.749775
SA_MOV3,N050-I04,50,4,29,71,RECOCIDO_SIMULADO,43.3403,4701,86995.593333,1722.426667,852.731667,0,0,true,true,30,12.903226,15838,2304,64.215686,359.120568
SA_MOV3,N050-I05,50,5,0,42,RECOCIDO_SIMULADO,44.8198,4701,84000.065,1518.231667,824.818333,0,0,true,true,26,11.428571,14534,2156,65.686275,351.190044
SA_MOV3,N050-I05,50,5,1,43,RECOCIDO_SIMULADO,43.7691,4661,84000.065,1518.231667,824.818333,0,0,true,true,26,11.428571,14534,2156,65.686275,335.990338
SA_MOV3,N050-I05,50,5,2,44,RECOCIDO_SIMULADO,43.6734,4741,84000.065,1518.231667,824.818333,0,0,true,true,26,11.428571,14534,2156,65.686275,368.66191
SA_MOV3,N050-I05,50,5,3,45,RECOCIDO_SIMULADO,43.4093,4661,84000.065,1518.231667,824.818333,0,0,true,true,26,11.428571,14534,2156,65.686275,329.078779
SA_MOV3,N050-I05,50,5,4,46,RECOCIDO_SIMULADO,41.9207,4541,84000.065,1518.231667,824.818333,0,0,true,true,26,11.428571,14534,2156,65.686275,294.30447
SA_MOV3,N050-I05,50,5,5,47,RECOCIDO_SIMULADO,43.823,4661,84000.065,1518.231667,824.818333,0,0,true,true,26,11.428571,14534,2156,65.686275,340.726498
SA_MOV3,N050-I05,50,5,6,48,RECOCIDO_SIMULADO,43.4024,4701,84000.065,1518.231667,824.818333,0,0,true,true,26,11.428571,14534,2156,65.686275,349.4526
SA_MOV3,N050-I05,50,5,7,49,RECOCIDO_SIMULADO,43.319,4661,84000.065,1518.231667,824.818333,0,0,true,true,26,11.428571,14534,2156,65.686275,344.186201
SA_MOV3,N050-I05,50,5,8,50,RECOCIDO_SIMULADO,42.6506,4661,84000.065,1518.231667,824.818333,0,0,true,true,26,11.428571,14534,2156,65.686275,331.772416
SA_MOV3,N050-I05,50,5,9,51,RECOCIDO_SIMULADO,44.4955,4701,84000.065,1518.231667,824.818333,0,0,true,true,26,11.428571,14534,2156,65.686275,353.951953
SA_MOV3,N050-I05,50,5,10,52,RECOCIDO_SIMULADO,43.5153,4741,84000.065,1518.231667,824.818333,0,0,true,true,26,11.428571,14534,2156,65.686275,380.879357
SA_MOV3,N050-I05,50,5,11,53,RECOCIDO_SIMULADO,42.8395,4581,84000.065,1518.231667,824.818333,0,0,true,true,26,11.428571,14534,2156,65.686275,312.417263
SA_MOV3,N050-I05,50,5,12,54,RECOCIDO_SIMULADO,43.4715,4581,84000.065,1518.231667,824.818333,0,0,true,true,26,11.428571,14534,2156,65.686275,297.648409
SA_MOV3,N050-I05,50,5,13,55,RECOCIDO_SIMULADO,43.2321,4701,84000.065,1518.231667,824.818333,0,0,true,true,26,11.428571,14534,2156,65.686275,347.457882
SA_MOV3,N050-I05,50,5,14,56,RECOCIDO_SIMULADO,44.2474,4741,84000.065,1518.231667,824.818333,0,0,true,true,26,11.428571,14534,2156,65.686275,380.479147
SA_MOV3,N050-I05,50,5,15,57,RECOCIDO_SIMULADO,43.6624,4701,84000.065,1518.231667,824.818333,0,0,true,true,26,11.428571,14534,2156,65.686275,362.927031
SA_MOV3,N050-I05,50,5,16,58,RECOCIDO_SIMULADO,42.4718,4501,84000.065,1518.231667,824.818333,0,0,true,true,26,11.428571,14534,2156,65.686275,279.613811
SA_MOV3,N050-I05,50,5,17,59,RECOCIDO_SIMULADO,43.25,4701,84000.065,1518.231667,824.818333,0,0,true,true,26,11.428571,14534,2156,65.686275,347.378517
SA_MOV3,N050-I05,50,5,18,60,RECOCIDO_SIMULADO,44.2534,4741,84000.065,1518.231667,824.818333,0,0,true,true,26,11.428571,14534,2156,65.686275,371.553202
SA_MOV3,N050-I05,50,5,19,61,RECOCIDO_SIMULADO,44.022,4701,84000.065,1518.231667,824.818333,0,0,true,true,26,11.428571,14534,2156,65.686275,352.454847
SA_MOV3,N050-I05,50,5,20,62,RECOCIDO_SIMULADO,42.8665,4581,84000.065,1518.231667,824.818333,0,0,true,true,26,11.428571,14534,2156,65.686275,306.532734
SA_MOV3,N050-I05,50,5,21,63,RECOCIDO_SIMULADO,42.9893,4661,84000.065,1518.231667,824.818333,0,0,true,true,26,11.428571,14534,2156,65.686275,343.408047
SA_MOV3,N050-I05,50,5,22,64,RECOCIDO_SIMULADO,41.8021,4461,84000.065,1518.231667,824.818333,0,0,true,true,26,11.428571,14534,2156,65.686275,267.952437
SA_MOV3,N050-I05,50,5,23,65,RECOCIDO_SIMULADO,45.0935,4781,84000.065,1518.231667,824.818333,0,0,true,true,26,11.428571,14534,2156,65.686275,395.031009
SA_MOV3,N050-I05,50,5,24,66,RECOCIDO_SIMULADO,43.439,4741,84000.065,1518.231667,824.818333,0,0,true,true,26,11.428571,14534,2156,65.686275,371.89313
SA_MOV3,N050-I05,50,5,25,67,RECOCIDO_SIMULADO,44.7168,4741,84000.065,1518.231667,824.818333,0,0,true,true,26,11.428571,14534,2156,65.686275,365.08447
SA_MOV3,N050-I05,50,5,26,68,RECOCIDO_SIMULADO,42.1272,4581,84000.065,1518.231667,824.818333,0,0,true,true,26,11.428571,14534,2156,65.686275,309.668042
SA_MOV3,N050-I05,50,5,27,69,RECOCIDO_SIMULADO,44.0312,4701,84000.065,1518.231667,824.818333,0,0,true,true,26,11.428571,14534,2156,65.686275,361.650557
SA_MOV3,N050-I05,50,5,28,70,RECOCIDO_SIMULADO,43.0633,4621,84000.065,1518.231667,824.818333,0,0,true,true,26,11.428571,14534,2156,65.686275,312.844391
SA_MOV3,N050-I05,50,5,29,71,RECOCIDO_SIMULADO,44.6176,4741,84000.065,1518.231667,824.818333,0,0,true,true,26,11.428571,14534,2156,65.686275,366.09487
