variante,escenario,algoritmo,repeticion,semilla,iteracion,evaluaciones,mejor_F
BASE,OPERACION_DIARIA-NORMAL-N01,GENETICO,0,42,0,60,5028.425
BASE,OPERACION_DIARIA-NORMAL-N01,GENETICO,0,42,1,120,5028.425
BASE,OPERACION_DIARIA-NORMAL-N01,GENETICO,0,42,2,180,5028.425
BASE,OPERACION_DIARIA-NORMAL-N01,GENETICO,0,42,3,240,5028.425
BASE,OPERACION_DIARIA-NORMAL-N01,GENETICO,0,42,4,300,5028.425
BASE,OPERACION_DIARIA-NORMAL-N01,GENETICO,0,42,5,360,5028.425
BASE,OPERACION_DIARIA-NORMAL-N01,GENETICO,0,42,6,420,5028.425
BASE,OPERACION_DIARIA-NORMAL-N01,GENETICO,0,42,7,480,5028.425
BASE,OPERACION_DIARIA-NORMAL-N01,GENETICO,0,42,8,540,5028.425
BASE,OPERACION_DIARIA-NORMAL-N01,GENETICO,0,42,9,600,5028.425
BASE,OPERACION_DIARIA-NORMAL-N01,GENETICO,0,42,10,660,5028.425
BASE,OPERACION_DIARIA-NORMAL-N01,GENETICO,0,42,11,720,5028.425
BASE,OPERACION_DIARIA-NORMAL-N01,GENETICO,0,42,12,780,5028.425
BASE,OPERACION_DIARIA-NORMAL-N01,GENETICO,0,42,13,840,5028.425
BASE,OPERACION_DIARIA-NORMAL-N01,GENETICO,0,42,14,900,5028.425
BASE,OPERACION_DIARIA-NORMAL-N01,GENETICO,0,42,15,960,5028.425
BASE,OPERACION_DIARIA-NORMAL-N01,GENETICO,0,42,16,1020,5028.425
BASE,OPERACION_DIARIA-NORMAL-N01,GENETICO,0,42,17,1080,5028.425
BASE,OPERACION_DIARIA-NORMAL-N01,GENETICO,0,42,18,1140,5028.425
BASE,OPERACION_DIARIA-NORMAL-N01,GENETICO,0,42,19,1200,5028.425
BASE,OPERACION_DIARIA-NORMAL-N01,GENETICO,0,42,20,1260,5028.425
BASE,OPERACION_DIARIA-NORMAL-N01,GENETICO,0,42,21,1320,5028.425
BASE,OPERACION_DIARIA-NORMAL-N01,GENETICO,0,42,22,1380,5028.425
BASE,OPERACION_DIARIA-NORMAL-N01,GENETICO,0,42,23,1440,5028.425
BASE,OPERACION_DIARIA-NORMAL-N01,GENETICO,0,42,24,1500,5028.425
BASE,OPERACION_DIARIA-NORMAL-N01,GENETICO,0,42,25,1560,5028.425
BASE,OPERACION_DIARIA-NORMAL-N01,GENETICO,0,42,26,1620,5028.425
BASE,OPERACION_DIARIA-NORMAL-N01,GENETICO,0,42,27,1680,5028.425
BASE,OPERACION_DIARIA-NORMAL-N01,GENETICO,0,42,28,1740,5028.425
BASE,OPERACION_DIARIA-NORMAL-N01,GENETICO,0,42,29,1800,5028.425
BASE,OPERACION_DIARIA-NORMAL-N01,GENETICO,0,42,30,1860,5028.425
BASE,OPERACION_DIARIA-NORMAL-N01,GENETICO,0,42,31,1920,5028.425
BASE,OPERACION_DIARIA-NORMAL-N01,GENETICO,0,42,32,1980,5028.425
BASE,OPERACION_DIARIA-NORMAL-N01,GENETICO,0,42,33,2040,5028.425
BASE,OPERACION_DIARIA-NORMAL-N01,GENETICO,0,42,34,2100,5028.425
BASE,OPERACION_DIARIA-NORMAL-N01,GENETICO,0,42,35,2160,5028.425
BASE,OPERACION_DIARIA-NORMAL-N01,GENETICO,0,42,36,2220,5028.425
BASE,OPERACION_DIARIA-NORMAL-N01,GENETICO,0,42,37,2280,5028.425
BASE,OPERACION_DIARIA-NORMAL-N01,GENETICO,0,42,38,2340,5028.425
BASE,OPERACION_DIARIA-NORMAL-N01,GENETICO,0,42,39,2400,5028.425
BASE,OPERACION_DIARIA-NORMAL-N01,GENETICO,0,42,40,2460,5028.425
BASE,OPERACION_DIARIA-NORMAL-N01,GENETICO,0,42,41,2520,5028.425
BASE,OPERACION_DIARIA-NORMAL-N01,GENETICO,0,42,42,2580,5028.425
BASE,OPERACION_DIARIA-NORMAL-N01,GENETICO,0,42,43,2640,5028.425
BASE,OPERACION_DIARIA-NORMAL-N01,GENETICO,0,42,44,2700,5028.425
BASE,OPERACION_DIARIA-NORMAL-N01,GENETICO,0,42,45,2760,5028.425
BASE,OPERACION_DIARIA-NORMAL-N01,GENETICO,0,42,46,2820,5028.425
BASE,OPERACION_DIARIA-NORMAL-N01,GENETICO,0,42,47,2880,5028.425
BASE,OPERACION_DIARIA-NORMAL-N01,GENETICO,0,42,48,2940,5028.425
BASE,OPERACION_DIARIA-NORMAL-N01,GENETICO,0,42,49,3000,5028.425
BASE,OPERACION_DIARIA-NORMAL-N01,GENETICO,0,42,50,3060,5028.425
BASE,OPERACION_DIARIA-NORMAL-N01,GENETICO,0,42,51,3120,5028.425
BASE,OPERACION_DIARIA-NORMAL-N01,GENETICO,0,42,52,3180,5028.425
BASE,OPERACION_DIARIA-NORMAL-N01,GENETICO,0,42,53,3240,5028.425
BASE,OPERACION_DIARIA-NORMAL-N01,GENETICO,0,42,54,3300,5028.425
BASE,OPERACION_DIARIA-NORMAL-N01,GENETICO,0,42,55,3360,5028.425
BASE,OPERACION_DIARIA-NORMAL-N01,GENETICO,0,42,56,3420,5028.425
BASE,OPERACION_DIARIA-NORMAL-N01,GENETICO,0,42,57,3480,5028.425
BASE,OPERACION_DIARIA-NORMAL-N01,GENETICO,0,42,58,3540,5028.425
BASE,OPERACION_DIARIA-NORMAL-N01,GENETICO,0,42,59,3600,5028.425
BASE,OPERACION_DIARIA-NORMAL-N01,GENETICO,0,42,60,3660,5028.425
BASE,OPERACION_DIARIA-NORMAL-N01,GENETICO,0,42,61,3720,5028.425
BASE,OPERACION_DIARIA-NORMAL-N01,GENETICO,0,42,62,3780,5028.425
BASE,OPERACION_DIARIA-NORMAL-N01,GENETICO,0,42,63,3840,5028.425
BASE,OPERACION_DIARIA-NORMAL-N01,GENETICO,0,42,64,3900,5028.425
BASE,OPERACION_DIARIA-NORMAL-N01,GENETICO,0,42,65,3960,5028.425
BASE,OPERACION_DIARIA-NORMAL-N01,GENETICO,0,42,66,4020,5028.425
BASE,OPERACION_DIARIA-NORMAL-N01,GENETICO,0,42,67,4080,5028.425
BASE,OPERACION_DIARIA-NORMAL-N01,GENETICO,0,42,68,4140,5028.425
BASE,OPERACION_DIARIA-NORMAL-N01,GENETICO,0,42,69,4200,5028.425
BASE,OPERACION_DIARIA-NORMAL-N01,GENETICO,0,42,70,4260,5028.425
BASE,OPERACION_DIARIA-NORMAL-N01,GENETICO,0,42,71,4320,5028.425
BASE,OPERACION_DIARIA-NORMAL-N01,GENETICO,0,42,72,4380,5028.425
BASE,OPERACION_DIARIA-NORMAL-N01,GENETICO,0,42,73,4440,5028.425
BASE,OPERACION_DIARIA-NORMAL-N01,GENETICO,0,42,74,4500,5028.425
BASE,OPERACION_DIARIA-NORMAL-N01,GENETICO,0,42,75,4560,5028.425
BASE,OPERACION_DIARIA-NORMAL-N01,GENETICO,0,42,76,4620,5028.425
BASE,OPERACION_DIARIA-NORMAL-N01,GENETICO,0,42,77,4680,5028.425
BASE,OPERACION_DIARIA-NORMAL-N01,GENETICO,0,42,78,4740,5028.425
BASE,OPERACION_DIARIA-NORMAL-N01,GENETICO,0,42,79,4800,5028.425
BASE,OPERACION_DIARIA-NORMAL-N01,GENETICO,0,42,80,4860,5028.425
BASE,OPERACION_DIARIA-NORMAL-N01,GENETICO,0,42,81,4920,5028.425
BASE,OPERACION_DIARIA-NORMAL-N01,GENETICO,0,42,82,4980,5028.425
BASE,OPERACION_DIARIA-NORMAL-N01,GENETICO,0,42,83,5040,5028.425
BASE,OPERACION_DIARIA-NORMAL-N01,GENETICO,0,42,84,5100,5028.425
BASE,OPERACION_DIARIA-NORMAL-N01,GENETICO,0,42,85,5160,5028.425
BASE,OPERACION_DIARIA-NORMAL-N01,GENETICO,0,42,86,5220,5028.425
BASE,OPERACION_DIARIA-NORMAL-N01,GENETICO,0,42,87,5280,5028.425
BASE,OPERACION_DIARIA-NORMAL-N01,GENETICO,0,42,88,5340,5028.425
BASE,OPERACION_DIARIA-NORMAL-N01,GENETICO,0,42,89,5400,5028.425
BASE,OPERACION_DIARIA-NORMAL-N01,GENETICO,0,42,90,5460,5028.425
BASE,OPERACION_DIARIA-NORMAL-N01,GENETICO,0,42,91,5520,5028.425
BASE,OPERACION_DIARIA-NORMAL-N01,GENETICO,0,42,92,5580,5028.425
BASE,OPERACION_DIARIA-NORMAL-N01,GENETICO,0,42,93,5640,5028.425
BASE,OPERACION_DIARIA-NORMAL-N01,GENETICO,0,42,94,5700,5028.425
BASE,OPERACION_DIARIA-NORMAL-N01,GENETICO,0,42,95,5760,5028.425
BASE,OPERACION_DIARIA-NORMAL-N01,GENETICO,0,42,96,5820,5028.425
BASE,OPERACION_DIARIA-NORMAL-N01,GENETICO,0,42,97,5880,5028.425
BASE,OPERACION_DIARIA-NORMAL-N01,GENETICO,0,42,98,5940,5028.425
BASE,OPERACION_DIARIA-NORMAL-N01,GENETICO,0,42,99,6000,5028.425
BASE,OPERACION_DIARIA-NORMAL-N01,GENETICO,0,42,100,6060,5028.425
BASE,OPERACION_DIARIA-NORMAL-N01,GENETICO,0,42,101,6120,5028.425
BASE,OPERACION_DIARIA-NORMAL-N01,GENETICO,0,42,102,6180,5028.425
BASE,OPERACION_DIARIA-NORMAL-N01,GENETICO,0,42,103,6240,5028.425
BASE,OPERACION_DIARIA-NORMAL-N01,GENETICO,0,42,104,6300,5028.425
BASE,OPERACION_DIARIA-NORMAL-N01,GENETICO,0,42,105,6360,5028.425
BASE,OPERACION_DIARIA-NORMAL-N01,GENETICO,0,42,106,6420,5028.425
BASE,OPERACION_DIARIA-NORMAL-N01,GENETICO,0,42,107,6480,5028.425
BASE,OPERACION_DIARIA-NORMAL-N01,GENETICO,0,42,108,6540,5028.425
BASE,OPERACION_DIARIA-NORMAL-N01,GENETICO,0,42,109,6600,5028.425
BASE,OPERACION_DIARIA-NORMAL-N01,GENETICO,0,42,110,6660,5028.425
BASE,OPERACION_DIARIA-NORMAL-N01,GENETICO,0,42,111,6720,5028.425
BASE,OPERACION_DIARIA-NORMAL-N01,GENETICO,0,42,112,6780,5028.425
BASE,OPERACION_DIARIA-NORMAL-N01,GENETICO,0,42,113,6840,5028.425
BASE,OPERACION_DIARIA-NORMAL-N01,GENETICO,0,42,114,6900,5028.425
BASE,OPERACION_DIARIA-NORMAL-N01,GENETICO,0,42,115,6960,5028.425
BASE,OPERACION_DIARIA-NORMAL-N01,GENETICO,0,42,116,7020,5028.425
BASE,OPERACION_DIARIA-NORMAL-N01,GENETICO,0,42,117,7080,5028.425
BASE,OPERACION_DIARIA-NORMAL-N01,GENETICO,0,42,118,7140,5028.425
BASE,OPERACION_DIARIA-NORMAL-N01,GENETICO,0,42,119,7200,5028.425
BASE,OPERACION_DIARIA-NORMAL-N01,GENETICO,0,42,120,7260,5028.425
BASE,OPERACION_DIARIA-NORMAL-N01,GENETICO,0,42,121,7320,5028.425
BASE,OPERACION_DIARIA-NORMAL-N01,GENETICO,0,42,122,7380,5028.425
BASE,OPERACION_DIARIA-NORMAL-N01,GENETICO,0,42,123,7440,5028.425
BASE,OPERACION_DIARIA-NORMAL-N01,GENETICO,0,42,124,7500,5028.425
BASE,OPERACION_DIARIA-NORMAL-N01,GENETICO,0,42,125,7560,5028.425
BASE,OPERACION_DIARIA-NORMAL-N01,GENETICO,0,42,126,7620,5028.425
BASE,OPERACION_DIARIA-NORMAL-N01,GENETICO,0,42,127,7680,5028.425
BASE,OPERACION_DIARIA-NORMAL-N01,GENETICO,0,42,128,7740,5028.425
BASE,OPERACION_DIARIA-NORMAL-N01,GENETICO,0,42,129,7800,5028.425
BASE,OPERACION_DIARIA-NORMAL-N01,GENETICO,0,42,130,7860,5028.425
BASE,OPERACION_DIARIA-NORMAL-N01,GENETICO,0,42,131,7920,5028.425
BASE,OPERACION_DIARIA-NORMAL-N01,GENETICO,0,42,132,7980,5028.425
BASE,OPERACION_DIARIA-NORMAL-N01,GENETICO,0,42,133,8040,5028.425
BASE,OPERACION_DIARIA-NORMAL-N01,GENETICO,0,42,134,8100,5028.425
BASE,OPERACION_DIARIA-NORMAL-N01,GENETICO,0,42,135,8160,5028.425
BASE,OPERACION_DIARIA-NORMAL-N01,GENETICO,0,42,136,8220,5028.425
BASE,OPERACION_DIARIA-NORMAL-N01,GENETICO,0,42,137,8280,5028.425
BASE,OPERACION_DIARIA-NORMAL-N01,GENETICO,0,42,138,8340,5028.425
BASE,OPERACION_DIARIA-NORMAL-N01,GENETICO,0,42,139,8400,5028.425
BASE,OPERACION_DIARIA-NORMAL-N01,GENETICO,0,42,140,8460,5028.425
BASE,OPERACION_DIARIA-NORMAL-N01,GENETICO,0,42,141,8520,5028.425
BASE,OPERACION_DIARIA-NORMAL-N01,GENETICO,0,42,142,8580,5028.425
BASE,OPERACION_DIARIA-NORMAL-N01,GENETICO,0,42,143,8640,5028.425
BASE,OPERACION_DIARIA-NORMAL-N01,GENETICO,0,42,144,8700,5028.425
BASE,OPERACION_DIARIA-NORMAL-N01,GENETICO,0,42,145,8760,5028.425
BASE,OPERACION_DIARIA-NORMAL-N01,GENETICO,0,42,146,8820,5028.425
BASE,OPERACION_DIARIA-NORMAL-N01,GENETICO,0,42,147,8880,5028.425
BASE,OPERACION_DIARIA-NORMAL-N01,GENETICO,0,42,148,8940,5028.425
BASE,OPERACION_DIARIA-NORMAL-N01,GENETICO,0,42,149,9000,5028.425
BASE,OPERACION_DIARIA-NORMAL-N01,GENETICO,0,42,150,9060,5028.425
BASE,OPERACION_DIARIA-NORMAL-N01,RECOCIDO_SIMULADO,0,42,0,101,5028.7
BASE,OPERACION_DIARIA-NORMAL-N01,RECOCIDO_SIMULADO,0,42,1,141,5028.7
BASE,OPERACION_DIARIA-NORMAL-N01,RECOCIDO_SIMULADO,0,42,2,181,5028.7
BASE,OPERACION_DIARIA-NORMAL-N01,RECOCIDO_SIMULADO,0,42,3,221,5028.7
BASE,OPERACION_DIARIA-NORMAL-N01,RECOCIDO_SIMULADO,0,42,4,261,5028.7
BASE,OPERACION_DIARIA-NORMAL-N01,RECOCIDO_SIMULADO,0,42,5,301,5028.7
BASE,OPERACION_DIARIA-NORMAL-N01,RECOCIDO_SIMULADO,0,42,6,341,5028.7
BASE,OPERACION_DIARIA-NORMAL-N01,RECOCIDO_SIMULADO,0,42,7,381,5028.7
BASE,OPERACION_DIARIA-NORMAL-N01,RECOCIDO_SIMULADO,0,42,8,421,5028.7
BASE,OPERACION_DIARIA-NORMAL-N01,RECOCIDO_SIMULADO,0,42,9,461,5028.7
BASE,OPERACION_DIARIA-NORMAL-N01,RECOCIDO_SIMULADO,0,42,10,501,5028.7
BASE,OPERACION_DIARIA-NORMAL-N01,RECOCIDO_SIMULADO,0,42,11,541,5028.7
BASE,OPERACION_DIARIA-NORMAL-N01,RECOCIDO_SIMULADO,0,42,12,581,5028.7
BASE,OPERACION_DIARIA-NORMAL-N01,RECOCIDO_SIMULADO,0,42,13,621,5028.7
BASE,OPERACION_DIARIA-NORMAL-N01,RECOCIDO_SIMULADO,0,42,14,661,5028.7
BASE,OPERACION_DIARIA-NORMAL-N01,RECOCIDO_SIMULADO,0,42,15,701,5028.7
BASE,OPERACION_DIARIA-NORMAL-N01,RECOCIDO_SIMULADO,0,42,16,741,5028.7
BASE,OPERACION_DIARIA-NORMAL-N01,RECOCIDO_SIMULADO,0,42,17,781,5028.7
BASE,OPERACION_DIARIA-NORMAL-N01,RECOCIDO_SIMULADO,0,42,18,821,5028.7
BASE,OPERACION_DIARIA-NORMAL-N01,RECOCIDO_SIMULADO,0,42,19,861,5028.7
BASE,OPERACION_DIARIA-NORMAL-N01,RECOCIDO_SIMULADO,0,42,20,901,5028.7
BASE,OPERACION_DIARIA-NORMAL-N01,RECOCIDO_SIMULADO,0,42,21,941,5028.7
BASE,OPERACION_DIARIA-NORMAL-N01,RECOCIDO_SIMULADO,0,42,22,981,5028.7
BASE,OPERACION_DIARIA-NORMAL-N01,RECOCIDO_SIMULADO,0,42,23,1021,5028.7
BASE,OPERACION_DIARIA-NORMAL-N01,RECOCIDO_SIMULADO,0,42,24,1061,5028.7
BASE,OPERACION_DIARIA-NORMAL-N01,RECOCIDO_SIMULADO,0,42,25,1101,5028.7
BASE,OPERACION_DIARIA-NORMAL-N01,RECOCIDO_SIMULADO,0,42,26,1141,5028.7
BASE,OPERACION_DIARIA-NORMAL-N01,RECOCIDO_SIMULADO,0,42,27,1181,5028.7
BASE,OPERACION_DIARIA-NORMAL-N01,RECOCIDO_SIMULADO,0,42,28,1221,5028.7
BASE,OPERACION_DIARIA-NORMAL-N01,RECOCIDO_SIMULADO,0,42,29,1261,5028.7
BASE,OPERACION_DIARIA-NORMAL-N01,RECOCIDO_SIMULADO,0,42,30,1301,5028.7
BASE,OPERACION_DIARIA-NORMAL-N01,RECOCIDO_SIMULADO,0,42,31,1341,5028.7
BASE,OPERACION_DIARIA-NORMAL-N01,RECOCIDO_SIMULADO,0,42,32,1381,5028.7
BASE,OPERACION_DIARIA-NORMAL-N01,RECOCIDO_SIMULADO,0,42,33,1421,5028.7
BASE,OPERACION_DIARIA-NORMAL-N01,RECOCIDO_SIMULADO,0,42,34,1461,5028.7
BASE,OPERACION_DIARIA-NORMAL-N01,RECOCIDO_SIMULADO,0,42,35,1501,5028.7
BASE,OPERACION_DIARIA-NORMAL-N01,RECOCIDO_SIMULADO,0,42,36,1541,5028.7
BASE,OPERACION_DIARIA-NORMAL-N01,RECOCIDO_SIMULADO,0,42,37,1581,5028.7
BASE,OPERACION_DIARIA-NORMAL-N01,RECOCIDO_SIMULADO,0,42,38,1621,5028.7
BASE,OPERACION_DIARIA-NORMAL-N01,RECOCIDO_SIMULADO,0,42,39,1661,5028.7
BASE,OPERACION_DIARIA-NORMAL-N01,RECOCIDO_SIMULADO,0,42,40,1701,5028.7
BASE,OPERACION_DIARIA-NORMAL-N01,RECOCIDO_SIMULADO,0,42,41,1741,5028.7
BASE,OPERACION_DIARIA-NORMAL-N01,RECOCIDO_SIMULADO,0,42,42,1781,5028.7
BASE,OPERACION_DIARIA-NORMAL-N01,RECOCIDO_SIMULADO,0,42,43,1821,5028.7
BASE,OPERACION_DIARIA-NORMAL-N01,RECOCIDO_SIMULADO,0,42,44,1861,5028.7
BASE,OPERACION_DIARIA-NORMAL-N01,RECOCIDO_SIMULADO,0,42,45,1901,5028.7
BASE,OPERACION_DIARIA-NORMAL-N01,RECOCIDO_SIMULADO,0,42,46,1941,5028.7
BASE,OPERACION_DIARIA-NORMAL-N01,RECOCIDO_SIMULADO,0,42,47,1981,5028.7
BASE,OPERACION_DIARIA-NORMAL-N01,RECOCIDO_SIMULADO,0,42,48,2021,5028.7
BASE,OPERACION_DIARIA-NORMAL-N01,RECOCIDO_SIMULADO,0,42,49,2061,5028.7
BASE,OPERACION_DIARIA-NORMAL-N01,RECOCIDO_SIMULADO,0,42,50,2101,5028.7
BASE,OPERACION_DIARIA-NORMAL-N01,RECOCIDO_SIMULADO,0,42,51,2141,5028.7
BASE,OPERACION_DIARIA-NORMAL-N01,RECOCIDO_SIMULADO,0,42,52,2181,5028.7
BASE,OPERACION_DIARIA-NORMAL-N01,RECOCIDO_SIMULADO,0,42,53,2221,5028.7
BASE,OPERACION_DIARIA-NORMAL-N01,RECOCIDO_SIMULADO,0,42,54,2261,5028.7
BASE,OPERACION_DIARIA-NORMAL-N01,RECOCIDO_SIMULADO,0,42,55,2301,5028.7
BASE,OPERACION_DIARIA-NORMAL-N01,RECOCIDO_SIMULADO,0,42,56,2341,5028.7
BASE,OPERACION_DIARIA-NORMAL-N01,RECOCIDO_SIMULADO,0,42,57,2381,5028.7
BASE,OPERACION_DIARIA-NORMAL-N01,RECOCIDO_SIMULADO,0,42,58,2421,5028.7
BASE,OPERACION_DIARIA-NORMAL-N01,RECOCIDO_SIMULADO,0,42,59,2461,5028.7
BASE,OPERACION_DIARIA-NORMAL-N01,RECOCIDO_SIMULADO,0,42,60,2501,5028.7
BASE,OPERACION_DIARIA-NORMAL-N01,RECOCIDO_SIMULADO,0,42,61,2541,5028.7
BASE,OPERACION_DIARIA-NORMAL-N01,RECOCIDO_SIMULADO,0,42,62,2581,5028.7
BASE,OPERACION_DIARIA-NORMAL-N01,RECOCIDO_SIMULADO,0,42,63,2621,5028.7
BASE,OPERACION_DIARIA-NORMAL-N01,RECOCIDO_SIMULADO,0,42,64,2661,5028.7
BASE,OPERACION_DIARIA-NORMAL-N01,RECOCIDO_SIMULADO,0,42,65,2701,5028.7
BASE,OPERACION_DIARIA-NORMAL-N01,RECOCIDO_SIMULADO,0,42,66,2741,5028.7
BASE,OPERACION_DIARIA-NORMAL-N01,RECOCIDO_SIMULADO,0,42,67,2781,5028.7
BASE,OPERACION_DIARIA-NORMAL-N01,RECOCIDO_SIMULADO,0,42,68,2821,5028.7
BASE,OPERACION_DIARIA-NORMAL-N01,RECOCIDO_SIMULADO,0,42,69,2861,5028.7
BASE,OPERACION_DIARIA-NORMAL-N01,RECOCIDO_SIMULADO,0,42,70,2901,5028.7
BASE,OPERACION_DIARIA-NORMAL-N01,RECOCIDO_SIMULADO,0,42,71,2941,5028.7
BASE,OPERACION_DIARIA-NORMAL-N01,RECOCIDO_SIMULADO,0,42,72,2981,5028.7
BASE,OPERACION_DIARIA-NORMAL-N01,RECOCIDO_SIMULADO,0,42,73,3021,5028.7
BASE,OPERACION_DIARIA-NORMAL-N01,RECOCIDO_SIMULADO,0,42,74,3061,5028.7
BASE,OPERACION_DIARIA-NORMAL-N01,RECOCIDO_SIMULADO,0,42,75,3101,5028.7
BASE,OPERACION_DIARIA-NORMAL-N01,RECOCIDO_SIMULADO,0,42,76,3141,5028.7
BASE,OPERACION_DIARIA-NORMAL-N01,RECOCIDO_SIMULADO,0,42,77,3181,5028.7
BASE,OPERACION_DIARIA-NORMAL-N01,RECOCIDO_SIMULADO,0,42,78,3221,5028.7
BASE,OPERACION_DIARIA-NORMAL-N01,RECOCIDO_SIMULADO,0,42,79,3261,5028.7
BASE,OPERACION_DIARIA-NORMAL-N01,RECOCIDO_SIMULADO,0,42,80,3301,5028.7
BASE,OPERACION_DIARIA-NORMAL-N01,RECOCIDO_SIMULADO,0,42,81,3341,5028.7
BASE,OPERACION_DIARIA-NORMAL-N01,RECOCIDO_SIMULADO,0,42,82,3381,5028.7
BASE,OPERACION_DIARIA-NORMAL-N01,RECOCIDO_SIMULADO,0,42,83,3421,5028.7
BASE,OPERACION_DIARIA-NORMAL-N01,RECOCIDO_SIMULADO,0,42,84,3461,5028.7
BASE,OPERACION_DIARIA-NORMAL-N01,RECOCIDO_SIMULADO,0,42,85,3501,5028.7
BASE,OPERACION_DIARIA-NORMAL-N01,RECOCIDO_SIMULADO,0,42,86,3541,5028.7
BASE,OPERACION_DIARIA-NORMAL-N01,RECOCIDO_SIMULADO,0,42,87,3581,5028.7
BASE,OPERACION_DIARIA-NORMAL-N01,RECOCIDO_SIMULADO,0,42,88,3621,5028.7
BASE,OPERACION_DIARIA-NORMAL-N01,RECOCIDO_SIMULADO,0,42,89,3661,5028.7
BASE,OPERACION_DIARIA-NORMAL-N01,RECOCIDO_SIMULADO,1,43,0,101,5028.7
BASE,OPERACION_DIARIA-NORMAL-N01,RECOCIDO_SIMULADO,1,43,1,141,5028.7
BASE,OPERACION_DIARIA-NORMAL-N01,RECOCIDO_SIMULADO,1,43,2,181,5028.7
BASE,OPERACION_DIARIA-NORMAL-N01,RECOCIDO_SIMULADO,1,43,3,221,5028.7
BASE,OPERACION_DIARIA-NORMAL-N01,RECOCIDO_SIMULADO,1,43,4,261,5028.7
BASE,OPERACION_DIARIA-NORMAL-N01,RECOCIDO_SIMULADO,1,43,5,301,5028.7
BASE,OPERACION_DIARIA-NORMAL-N01,RECOCIDO_SIMULADO,1,43,6,341,5028.7
BASE,OPERACION_DIARIA-NORMAL-N01,RECOCIDO_SIMULADO,1,43,7,381,5028.7
BASE,OPERACION_DIARIA-NORMAL-N01,RECOCIDO_SIMULADO,1,43,8,421,5028.7
BASE,OPERACION_DIARIA-NORMAL-N01,RECOCIDO_SIMULADO,1,43,9,461,5028.7
BASE,OPERACION_DIARIA-NORMAL-N01,RECOCIDO_SIMULADO,1,43,10,501,5028.7
BASE,OPERACION_DIARIA-NORMAL-N01,RECOCIDO_SIMULADO,1,43,11,541,5028.7
BASE,OPERACION_DIARIA-NORMAL-N01,RECOCIDO_SIMULADO,1,43,12,581,5028.7
BASE,OPERACION_DIARIA-NORMAL-N01,RECOCIDO_SIMULADO,1,43,13,621,5028.7
BASE,OPERACION_DIARIA-NORMAL-N01,RECOCIDO_SIMULADO,1,43,14,661,5028.7
BASE,OPERACION_DIARIA-NORMAL-N01,RECOCIDO_SIMULADO,1,43,15,701,5028.7
BASE,OPERACION_DIARIA-NORMAL-N01,RECOCIDO_SIMULADO,1,43,16,741,5028.7
BASE,OPERACION_DIARIA-NORMAL-N01,RECOCIDO_SIMULADO,1,43,17,781,5028.7
BASE,OPERACION_DIARIA-NORMAL-N01,RECOCIDO_SIMULADO,1,43,18,821,5028.7
BASE,OPERACION_DIARIA-NORMAL-N01,RECOCIDO_SIMULADO,1,43,19,861,5028.7
BASE,OPERACION_DIARIA-NORMAL-N01,RECOCIDO_SIMULADO,1,43,20,901,5028.7
BASE,OPERACION_DIARIA-NORMAL-N01,RECOCIDO_SIMULADO,1,43,21,941,5028.7
BASE,OPERACION_DIARIA-NORMAL-N01,RECOCIDO_SIMULADO,1,43,22,981,5028.7
BASE,OPERACION_DIARIA-NORMAL-N01,RECOCIDO_SIMULADO,1,43,23,1021,5028.7
BASE,OPERACION_DIARIA-NORMAL-N01,RECOCIDO_SIMULADO,1,43,24,1061,5028.7
BASE,OPERACION_DIARIA-NORMAL-N01,RECOCIDO_SIMULADO,1,43,25,1101,5028.7
BASE,OPERACION_DIARIA-NORMAL-N01,RECOCIDO_SIMULADO,1,43,26,1141,5028.7
BASE,OPERACION_DIARIA-NORMAL-N01,RECOCIDO_SIMULADO,1,43,27,1181,5028.7
BASE,OPERACION_DIARIA-NORMAL-N01,RECOCIDO_SIMULADO,1,43,28,1221,5028.7
BASE,OPERACION_DIARIA-NORMAL-N01,RECOCIDO_SIMULADO,1,43,29,1261,5028.7
BASE,OPERACION_DIARIA-NORMAL-N01,RECOCIDO_SIMULADO,1,43,30,1301,5028.7
BASE,OPERACION_DIARIA-NORMAL-N01,RECOCIDO_SIMULADO,1,43,31,1341,5028.7
BASE,OPERACION_DIARIA-NORMAL-N01,RECOCIDO_SIMULADO,1,43,32,1381,5028.7
BASE,OPERACION_DIARIA-NORMAL-N01,RECOCIDO_SIMULADO,1,43,33,1421,5028.7
BASE,OPERACION_DIARIA-NORMAL-N01,RECOCIDO_SIMULADO,1,43,34,1461,5028.7
BASE,OPERACION_DIARIA-NORMAL-N01,RECOCIDO_SIMULADO,1,43,35,1501,5028.7
BASE,OPERACION_DIARIA-NORMAL-N01,RECOCIDO_SIMULADO,1,43,36,1541,5028.7
BASE,OPERACION_DIARIA-NORMAL-N01,RECOCIDO_SIMULADO,1,43,37,1581,5028.7
BASE,OPERACION_DIARIA-NORMAL-N01,RECOCIDO_SIMULADO,1,43,38,1621,5028.7
BASE,OPERACION_DIARIA-NORMAL-N01,RECOCIDO_SIMULADO,1,43,39,1661,5028.7
BASE,OPERACION_DIARIA-NORMAL-N01,RECOCIDO_SIMULADO,1,43,40,1701,5028.7
BASE,OPERACION_DIARIA-NORMAL-N01,RECOCIDO_SIMULADO,1,43,41,1741,5028.7
BASE,OPERACION_DIARIA-NORMAL-N01,RECOCIDO_SIMULADO,1,43,42,1781,5028.7
BASE,OPERACION_DIARIA-NORMAL-N01,RECOCIDO_SIMULADO,1,43,43,1821,5028.7
BASE,OPERACION_DIARIA-NORMAL-N01,RECOCIDO_SIMULADO,1,43,44,1861,5028.7
BASE,OPERACION_DIARIA-NORMAL-N01,RECOCIDO_SIMULADO,1,43,45,1901,5028.7
BASE,OPERACION_DIARIA-NORMAL-N01,RECOCIDO_SIMULADO,1,43,46,1941,5028.7
BASE,OPERACION_DIARIA-NORMAL-N01,RECOCIDO_SIMULADO,1,43,47,1981,5028.7
BASE,OPERACION_DIARIA-NORMAL-N01,RECOCIDO_SIMULADO,1,43,48,2021,5028.7
BASE,OPERACION_DIARIA-NORMAL-N01,RECOCIDO_SIMULADO,1,43,49,2061,5028.7
BASE,OPERACION_DIARIA-NORMAL-N01,RECOCIDO_SIMULADO,1,43,50,2101,5028.7
BASE,OPERACION_DIARIA-NORMAL-N01,RECOCIDO_SIMULADO,1,43,51,2141,5028.7
BASE,OPERACION_DIARIA-NORMAL-N01,RECOCIDO_SIMULADO,1,43,52,2181,5028.7
BASE,OPERACION_DIARIA-NORMAL-N01,RECOCIDO_SIMULADO,1,43,53,2221,5028.7
BASE,OPERACION_DIARIA-NORMAL-N01,RECOCIDO_SIMULADO,1,43,54,2261,5028.7
BASE,OPERACION_DIARIA-NORMAL-N01,RECOCIDO_SIMULADO,1,43,55,2301,5028.7
BASE,OPERACION_DIARIA-NORMAL-N01,RECOCIDO_SIMULADO,1,43,56,2341,5028.7
BASE,OPERACION_DIARIA-NORMAL-N01,RECOCIDO_SIMULADO,1,43,57,2381,5028.7
BASE,OPERACION_DIARIA-NORMAL-N01,RECOCIDO_SIMULADO,1,43,58,2421,5028.7
BASE,OPERACION_DIARIA-NORMAL-N01,RECOCIDO_SIMULADO,1,43,59,2461,5028.7
BASE,OPERACION_DIARIA-NORMAL-N01,RECOCIDO_SIMULADO,1,43,60,2501,5028.7
BASE,OPERACION_DIARIA-NORMAL-N01,RECOCIDO_SIMULADO,1,43,61,2541,5028.7
BASE,OPERACION_DIARIA-NORMAL-N01,RECOCIDO_SIMULADO,1,43,62,2581,5028.7
BASE,OPERACION_DIARIA-NORMAL-N01,RECOCIDO_SIMULADO,1,43,63,2621,5028.7
BASE,OPERACION_DIARIA-NORMAL-N01,RECOCIDO_SIMULADO,1,43,64,2661,5028.7
BASE,OPERACION_DIARIA-NORMAL-N01,RECOCIDO_SIMULADO,1,43,65,2701,5028.7
BASE,OPERACION_DIARIA-NORMAL-N01,RECOCIDO_SIMULADO,1,43,66,2741,5028.7
BASE,OPERACION_DIARIA-NORMAL-N01,RECOCIDO_SIMULADO,1,43,67,2781,5028.7
BASE,OPERACION_DIARIA-NORMAL-N01,RECOCIDO_SIMULADO,1,43,68,2821,5028.7
BASE,OPERACION_DIARIA-NORMAL-N01,RECOCIDO_SIMULADO,1,43,69,2861,5028.7
BASE,OPERACION_DIARIA-NORMAL-N01,RECOCIDO_SIMULADO,1,43,70,2901,5028.7
BASE,OPERACION_DIARIA-NORMAL-N01,RECOCIDO_SIMULADO,1,43,71,2941,5028.7
BASE,OPERACION_DIARIA-NORMAL-N01,RECOCIDO_SIMULADO,1,43,72,2981,5028.7
BASE,OPERACION_DIARIA-NORMAL-N01,RECOCIDO_SIMULADO,1,43,73,3021,5028.7
BASE,OPERACION_DIARIA-NORMAL-N01,RECOCIDO_SIMULADO,1,43,74,3061,5028.7
BASE,OPERACION_DIARIA-NORMAL-N01,RECOCIDO_SIMULADO,1,43,75,3101,5028.7
BASE,OPERACION_DIARIA-NORMAL-N01,RECOCIDO_SIMULADO,1,43,76,3141,5028.7
BASE,OPERACION_DIARIA-NORMAL-N01,RECOCIDO_SIMULADO,1,43,77,3181,5028.7
BASE,OPERACION_DIARIA-NORMAL-N01,RECOCIDO_SIMULADO,1,43,78,3221,5028.7
BASE,OPERACION_DIARIA-NORMAL-N01,RECOCIDO_SIMULADO,1,43,79,3261,5028.7
BASE,OPERACION_DIARIA-NORMAL-N01,RECOCIDO_SIMULADO,1,43,80,3301,5028.7
BASE,OPERACION_DIARIA-NORMAL-N01,RECOCIDO_SIMULADO,1,43,81,3341,5028.7
BASE,OPERACION_DIARIA-NORMAL-N01,RECOCIDO_SIMULADO,1,43,82,3381,5028.7
BASE,OPERACION_DIARIA-NORMAL-N01,RECOCIDO_SIMULADO,1,43,83,3421,5028.7
BASE,OPERACION_DIARIA-NORMAL-N01,RECOCIDO_SIMULADO,1,43,84,3461,5028.7
BASE,OPERACION_DIARIA-NORMAL-N01,RECOCIDO_SIMULADO,1,43,85,3501,5028.7
BASE,OPERACION_DIARIA-NORMAL-N01,GENETICO,1,43,0,60,5028.7
BASE,OPERACION_DIARIA-NORMAL-N01,GENETICO,1,43,1,120,5028.7
BASE,OPERACION_DIARIA-NORMAL-N01,GENETICO,1,43,2,180,5028.7
BASE,OPERACION_DIARIA-NORMAL-N01,GENETICO,1,43,3,240,5028.7
BASE,OPERACION_DIARIA-NORMAL-N01,GENETICO,1,43,4,300,5028.7
BASE,OPERACION_DIARIA-NORMAL-N01,GENETICO,1,43,5,360,5028.7
BASE,OPERACION_DIARIA-NORMAL-N01,GENETICO,1,43,6,420,5028.7
BASE,OPERACION_DIARIA-NORMAL-N01,GENETICO,1,43,7,480,5028.7
BASE,OPERACION_DIARIA-NORMAL-N01,GENETICO,1,43,8,540,5028.7
BASE,OPERACION_DIARIA-NORMAL-N01,GENETICO,1,43,9,600,5028.7
BASE,OPERACION_DIARIA-NORMAL-N01,GENETICO,1,43,10,660,5028.7
BASE,OPERACION_DIARIA-NORMAL-N01,GENETICO,1,43,11,720,5028.7
BASE,OPERACION_DIARIA-NORMAL-N01,GENETICO,1,43,12,780,5028.7
BASE,OPERACION_DIARIA-NORMAL-N01,GENETICO,1,43,13,840,5028.7
BASE,OPERACION_DIARIA-NORMAL-N01,GENETICO,1,43,14,900,5028.7
BASE,OPERACION_DIARIA-NORMAL-N01,GENETICO,1,43,15,960,5028.425
BASE,OPERACION_DIARIA-NORMAL-N01,GENETICO,1,43,16,1020,5028.425
BASE,OPERACION_DIARIA-NORMAL-N01,GENETICO,1,43,17,1080,5028.425
BASE,OPERACION_DIARIA-NORMAL-N01,GENETICO,1,43,18,1140,5028.425
BASE,OPERACION_DIARIA-NORMAL-N01,GENETICO,1,43,19,1200,5028.425
BASE,OPERACION_DIARIA-NORMAL-N01,GENETICO,1,43,20,1260,5028.425
BASE,OPERACION_DIARIA-NORMAL-N01,GENETICO,1,43,21,1320,5028.425
BASE,OPERACION_DIARIA-NORMAL-N01,GENETICO,1,43,22,1380,5028.425
BASE,OPERACION_DIARIA-NORMAL-N01,GENETICO,1,43,23,1440,5028.425
BASE,OPERACION_DIARIA-NORMAL-N01,GENETICO,1,43,24,1500,5028.425
BASE,OPERACION_DIARIA-NORMAL-N01,GENETICO,1,43,25,1560,5028.425
BASE,OPERACION_DIARIA-NORMAL-N01,GENETICO,1,43,26,1620,5028.425
BASE,OPERACION_DIARIA-NORMAL-N01,GENETICO,1,43,27,1680,5028.425
BASE,OPERACION_DIARIA-NORMAL-N01,GENETICO,1,43,28,1740,5028.425
BASE,OPERACION_DIARIA-NORMAL-N01,GENETICO,1,43,29,1800,5028.425
BASE,OPERACION_DIARIA-NORMAL-N01,GENETICO,1,43,30,1860,5028.425
BASE,OPERACION_DIARIA-NORMAL-N01,GENETICO,1,43,31,1920,5028.425
BASE,OPERACION_DIARIA-NORMAL-N01,GENETICO,1,43,32,1980,5028.425
BASE,OPERACION_DIARIA-NORMAL-N01,GENETICO,1,43,33,2040,5028.425
BASE,OPERACION_DIARIA-NORMAL-N01,GENETICO,1,43,34,2100,5028.425
BASE,OPERACION_DIARIA-NORMAL-N01,GENETICO,1,43,35,2160,5028.425
BASE,OPERACION_DIARIA-NORMAL-N01,GENETICO,1,43,36,2220,5028.425
BASE,OPERACION_DIARIA-NORMAL-N01,GENETICO,1,43,37,2280,5028.425
BASE,OPERACION_DIARIA-NORMAL-N01,GENETICO,1,43,38,2340,5028.425
BASE,OPERACION_DIARIA-NORMAL-N01,GENETICO,1,43,39,2400,5028.425
BASE,OPERACION_DIARIA-NORMAL-N01,GENETICO,1,43,40,2460,5028.425
BASE,OPERACION_DIARIA-NORMAL-N01,GENETICO,1,43,41,2520,5028.425
BASE,OPERACION_DIARIA-NORMAL-N01,GENETICO,1,43,42,2580,5028.425
BASE,OPERACION_DIARIA-NORMAL-N01,GENETICO,1,43,43,2640,5028.425
BASE,OPERACION_DIARIA-NORMAL-N01,GENETICO,1,43,44,2700,5028.425
BASE,OPERACION_DIARIA-NORMAL-N01,GENETICO,1,43,45,2760,5028.425
BASE,OPERACION_DIARIA-NORMAL-N01,GENETICO,1,43,46,2820,5028.425
BASE,OPERACION_DIARIA-NORMAL-N01,GENETICO,1,43,47,2880,5028.425
BASE,OPERACION_DIARIA-NORMAL-N01,GENETICO,1,43,48,2940,5028.425
BASE,OPERACION_DIARIA-NORMAL-N01,GENETICO,1,43,49,3000,5028.425
BASE,OPERACION_DIARIA-NORMAL-N01,GENETICO,1,43,50,3060,5028.425
BASE,OPERACION_DIARIA-NORMAL-N01,GENETICO,1,43,51,3120,5028.425
BASE,OPERACION_DIARIA-NORMAL-N01,GENETICO,1,43,52,3180,5028.425
BASE,OPERACION_DIARIA-NORMAL-N01,GENETICO,1,43,53,3240,5028.425
BASE,OPERACION_DIARIA-NORMAL-N01,GENETICO,1,43,54,3300,5028.425
BASE,OPERACION_DIARIA-NORMAL-N01,GENETICO,1,43,55,3360,5028.425
BASE,OPERACION_DIARIA-NORMAL-N01,GENETICO,1,43,56,3420,5028.425
BASE,OPERACION_DIARIA-NORMAL-N01,GENETICO,1,43,57,3480,5028.425
BASE,OPERACION_DIARIA-NORMAL-N01,GENETICO,1,43,58,3540,5028.425
BASE,OPERACION_DIARIA-NORMAL-N01,GENETICO,1,43,59,3600,5028.425
BASE,OPERACION_DIARIA-NORMAL-N01,GENETICO,1,43,60,3660,5028.425
BASE,OPERACION_DIARIA-NORMAL-N01,GENETICO,1,43,61,3720,5028.425
BASE,OPERACION_DIARIA-NORMAL-N01,GENETICO,1,43,62,3780,5028.425
BASE,OPERACION_DIARIA-NORMAL-N01,GENETICO,1,43,63,3840,5028.425
BASE,OPERACION_DIARIA-NORMAL-N01,GENETICO,1,43,64,3900,5028.425
BASE,OPERACION_DIARIA-NORMAL-N01,GENETICO,1,43,65,3960,5028.425
BASE,OPERACION_DIARIA-NORMAL-N01,GENETICO,1,43,66,4020,5028.425
BASE,OPERACION_DIARIA-NORMAL-N01,GENETICO,1,43,67,4080,5028.425
BASE,OPERACION_DIARIA-NORMAL-N01,GENETICO,1,43,68,4140,5028.425
BASE,OPERACION_DIARIA-NORMAL-N01,GENETICO,1,43,69,4200,5028.425
BASE,OPERACION_DIARIA-NORMAL-N01,GENETICO,1,43,70,4260,5028.425
BASE,OPERACION_DIARIA-NORMAL-N01,GENETICO,1,43,71,4320,5028.425
BASE,OPERACION_DIARIA-NORMAL-N01,GENETICO,1,43,72,4380,5028.425
BASE,OPERACION_DIARIA-NORMAL-N01,GENETICO,1,43,73,4440,5028.425
BASE,OPERACION_DIARIA-NORMAL-N01,GENETICO,1,43,74,4500,5028.425
BASE,OPERACION_DIARIA-NORMAL-N01,GENETICO,1,43,75,4560,5028.425
BASE,OPERACION_DIARIA-NORMAL-N01,GENETICO,1,43,76,4620,5028.425
BASE,OPERACION_DIARIA-NORMAL-N01,GENETICO,1,43,77,4680,5028.425
BASE,OPERACION_DIARIA-NORMAL-N01,GENETICO,1,43,78,4740,5028.425
BASE,OPERACION_DIARIA-NORMAL-N01,GENETICO,1,43,79,4800,5028.425
BASE,OPERACION_DIARIA-NORMAL-N01,GENETICO,1,43,80,4860,5028.425
BASE,OPERACION_DIARIA-NORMAL-N01,GENETICO,1,43,81,4920,5028.425
BASE,OPERACION_DIARIA-NORMAL-N01,GENETICO,1,43,82,4980,5028.425
BASE,OPERACION_DIARIA-NORMAL-N01,GENETICO,1,43,83,5040,5028.425
BASE,OPERACION_DIARIA-NORMAL-N01,GENETICO,1,43,84,5100,5028.425
BASE,OPERACION_DIARIA-NORMAL-N01,GENETICO,1,43,85,5160,5028.425
BASE,OPERACION_DIARIA-NORMAL-N01,GENETICO,1,43,86,5220,5028.425
BASE,OPERACION_DIARIA-NORMAL-N01,GENETICO,1,43,87,5280,5028.425
BASE,OPERACION_DIARIA-NORMAL-N01,GENETICO,1,43,88,5340,5028.425
BASE,OPERACION_DIARIA-NORMAL-N01,GENETICO,1,43,89,5400,5028.425
BASE,OPERACION_DIARIA-NORMAL-N01,GENETICO,1,43,90,5460,5028.425
BASE,OPERACION_DIARIA-NORMAL-N01,GENETICO,1,43,91,5520,5028.425
BASE,OPERACION_DIARIA-NORMAL-N01,GENETICO,1,43,92,5580,5028.425
BASE,OPERACION_DIARIA-NORMAL-N01,GENETICO,1,43,93,5640,5028.425
BASE,OPERACION_DIARIA-NORMAL-N01,GENETICO,1,43,94,5700,5028.425
BASE,OPERACION_DIARIA-NORMAL-N01,GENETICO,1,43,95,5760,5028.425
BASE,OPERACION_DIARIA-NORMAL-N01,GENETICO,1,43,96,5820,5028.425
BASE,OPERACION_DIARIA-NORMAL-N01,GENETICO,1,43,97,5880,5028.425
BASE,OPERACION_DIARIA-NORMAL-N01,GENETICO,1,43,98,5940,5028.425
BASE,OPERACION_DIARIA-NORMAL-N01,GENETICO,1,43,99,6000,5028.425
BASE,OPERACION_DIARIA-NORMAL-N01,GENETICO,1,43,100,6060,5028.425
BASE,OPERACION_DIARIA-NORMAL-N01,GENETICO,1,43,101,6120,5028.425
BASE,OPERACION_DIARIA-NORMAL-N01,GENETICO,1,43,102,6180,5028.425
BASE,OPERACION_DIARIA-NORMAL-N01,GENETICO,1,43,103,6240,5028.425
BASE,OPERACION_DIARIA-NORMAL-N01,GENETICO,1,43,104,6300,5028.425
BASE,OPERACION_DIARIA-NORMAL-N01,GENETICO,1,43,105,6360,5028.425
BASE,OPERACION_DIARIA-NORMAL-N01,GENETICO,1,43,106,6420,5028.425
BASE,OPERACION_DIARIA-NORMAL-N01,GENETICO,1,43,107,6480,5028.425
BASE,OPERACION_DIARIA-NORMAL-N01,GENETICO,1,43,108,6540,5028.425
BASE,OPERACION_DIARIA-NORMAL-N01,GENETICO,1,43,109,6600,5028.425
BASE,OPERACION_DIARIA-NORMAL-N01,GENETICO,1,43,110,6660,5028.425
BASE,OPERACION_DIARIA-NORMAL-N01,GENETICO,1,43,111,6720,5028.425
BASE,OPERACION_DIARIA-NORMAL-N01,GENETICO,1,43,112,6780,5028.425
BASE,OPERACION_DIARIA-NORMAL-N01,GENETICO,1,43,113,6840,5028.425
BASE,OPERACION_DIARIA-NORMAL-N01,GENETICO,1,43,114,6900,5028.425
BASE,OPERACION_DIARIA-NORMAL-N01,GENETICO,1,43,115,6960,5028.425
BASE,OPERACION_DIARIA-NORMAL-N01,GENETICO,1,43,116,7020,5028.425
BASE,OPERACION_DIARIA-NORMAL-N01,GENETICO,1,43,117,7080,5028.425
BASE,OPERACION_DIARIA-NORMAL-N01,GENETICO,1,43,118,7140,5028.425
BASE,OPERACION_DIARIA-NORMAL-N01,GENETICO,1,43,119,7200,5028.425
BASE,OPERACION_DIARIA-NORMAL-N01,GENETICO,1,43,120,7260,5028.425
BASE,OPERACION_DIARIA-NORMAL-N01,GENETICO,1,43,121,7320,5028.425
BASE,OPERACION_DIARIA-NORMAL-N01,GENETICO,1,43,122,7380,5028.425
BASE,OPERACION_DIARIA-NORMAL-N01,GENETICO,1,43,123,7440,5028.425
BASE,OPERACION_DIARIA-NORMAL-N01,GENETICO,1,43,124,7500,5028.425
BASE,OPERACION_DIARIA-NORMAL-N01,GENETICO,1,43,125,7560,5028.425
BASE,OPERACION_DIARIA-NORMAL-N01,GENETICO,1,43,126,7620,5028.425
BASE,OPERACION_DIARIA-NORMAL-N01,GENETICO,1,43,127,7680,5028.425
BASE,OPERACION_DIARIA-NORMAL-N01,GENETICO,1,43,128,7740,5028.425
BASE,OPERACION_DIARIA-NORMAL-N01,GENETICO,1,43,129,7800,5028.425
BASE,OPERACION_DIARIA-NORMAL-N01,GENETICO,1,43,130,7860,5028.425
BASE,OPERACION_DIARIA-NORMAL-N01,GENETICO,1,43,131,7920,5028.425
BASE,OPERACION_DIARIA-NORMAL-N01,GENETICO,1,43,132,7980,5028.425
BASE,OPERACION_DIARIA-NORMAL-N01,GENETICO,1,43,133,8040,5028.425
BASE,OPERACION_DIARIA-NORMAL-N01,GENETICO,1,43,134,8100,5028.425
BASE,OPERACION_DIARIA-NORMAL-N01,GENETICO,1,43,135,8160,5028.425
BASE,OPERACION_DIARIA-NORMAL-N01,GENETICO,1,43,136,8220,5028.425
BASE,OPERACION_DIARIA-NORMAL-N01,GENETICO,1,43,137,8280,5028.425
BASE,OPERACION_DIARIA-NORMAL-N01,GENETICO,1,43,138,8340,5028.425
BASE,OPERACION_DIARIA-NORMAL-N01,GENETICO,1,43,139,8400,5028.425
BASE,OPERACION_DIARIA-NORMAL-N01,GENETICO,1,43,140,8460,5028.425
BASE,OPERACION_DIARIA-NORMAL-N01,GENETICO,1,43,141,8520,5028.425
BASE,OPERACION_DIARIA-NORMAL-N01,GENETICO,1,43,142,8580,5028.425
BASE,OPERACION_DIARIA-NORMAL-N01,GENETICO,1,43,143,8640,5028.425
BASE,OPERACION_DIARIA-NORMAL-N01,GENETICO,1,43,144,8700,5028.425
BASE,OPERACION_DIARIA-NORMAL-N01,GENETICO,1,43,145,8760,5028.425
BASE,OPERACION_DIARIA-NORMAL-N01,GENETICO,1,43,146,8820,5028.425
BASE,OPERACION_DIARIA-NORMAL-N01,GENETICO,1,43,147,8880,5028.425
BASE,OPERACION_DIARIA-NORMAL-N01,GENETICO,1,43,148,8940,5028.425
BASE,OPERACION_DIARIA-NORMAL-N01,GENETICO,1,43,149,9000,5028.425
BASE,OPERACION_DIARIA-NORMAL-N01,GENETICO,1,43,150,9060,5028.425
BASE,OPERACION_DIARIA-ALTA-N01,GENETICO,0,42,0,60,10032.65
BASE,OPERACION_DIARIA-ALTA-N01,GENETICO,0,42,1,120,10032.65
BASE,OPERACION_DIARIA-ALTA-N01,GENETICO,0,42,2,180,10032.65
BASE,OPERACION_DIARIA-ALTA-N01,GENETICO,0,42,3,240,10032.65
BASE,OPERACION_DIARIA-ALTA-N01,GENETICO,0,42,4,300,10032.65
BASE,OPERACION_DIARIA-ALTA-N01,GENETICO,0,42,5,360,10032.65
BASE,OPERACION_DIARIA-ALTA-N01,GENETICO,0,42,6,420,10032.65
BASE,OPERACION_DIARIA-ALTA-N01,GENETICO,0,42,7,480,10032.65
BASE,OPERACION_DIARIA-ALTA-N01,GENETICO,0,42,8,540,10032.65
BASE,OPERACION_DIARIA-ALTA-N01,GENETICO,0,42,9,600,10032.65
BASE,OPERACION_DIARIA-ALTA-N01,GENETICO,0,42,10,660,10032.65
BASE,OPERACION_DIARIA-ALTA-N01,GENETICO,0,42,11,720,10032.65
BASE,OPERACION_DIARIA-ALTA-N01,GENETICO,0,42,12,780,10032.65
BASE,OPERACION_DIARIA-ALTA-N01,GENETICO,0,42,13,840,10032.65
BASE,OPERACION_DIARIA-ALTA-N01,GENETICO,0,42,14,900,10032.65
BASE,OPERACION_DIARIA-ALTA-N01,GENETICO,0,42,15,960,10032.65
BASE,OPERACION_DIARIA-ALTA-N01,GENETICO,0,42,16,1020,10032.65
BASE,OPERACION_DIARIA-ALTA-N01,GENETICO,0,42,17,1080,10032.275
BASE,OPERACION_DIARIA-ALTA-N01,GENETICO,0,42,18,1140,10032.275
BASE,OPERACION_DIARIA-ALTA-N01,GENETICO,0,42,19,1200,10032.275
BASE,OPERACION_DIARIA-ALTA-N01,GENETICO,0,42,20,1260,10032.275
BASE,OPERACION_DIARIA-ALTA-N01,GENETICO,0,42,21,1320,10032.275
BASE,OPERACION_DIARIA-ALTA-N01,GENETICO,0,42,22,1380,10032.275
BASE,OPERACION_DIARIA-ALTA-N01,GENETICO,0,42,23,1440,10032.275
BASE,OPERACION_DIARIA-ALTA-N01,GENETICO,0,42,24,1500,10032.275
BASE,OPERACION_DIARIA-ALTA-N01,GENETICO,0,42,25,1560,10032.275
BASE,OPERACION_DIARIA-ALTA-N01,GENETICO,0,42,26,1620,10032.275
BASE,OPERACION_DIARIA-ALTA-N01,GENETICO,0,42,27,1680,10032.275
BASE,OPERACION_DIARIA-ALTA-N01,GENETICO,0,42,28,1740,10032.275
BASE,OPERACION_DIARIA-ALTA-N01,GENETICO,0,42,29,1800,10032.275
BASE,OPERACION_DIARIA-ALTA-N01,GENETICO,0,42,30,1860,10032.275
BASE,OPERACION_DIARIA-ALTA-N01,GENETICO,0,42,31,1920,10032.275
BASE,OPERACION_DIARIA-ALTA-N01,GENETICO,0,42,32,1980,10032.275
BASE,OPERACION_DIARIA-ALTA-N01,GENETICO,0,42,33,2040,10032.275
BASE,OPERACION_DIARIA-ALTA-N01,GENETICO,0,42,34,2100,10032.275
BASE,OPERACION_DIARIA-ALTA-N01,GENETICO,0,42,35,2160,10032.275
BASE,OPERACION_DIARIA-ALTA-N01,GENETICO,0,42,36,2220,10032.275
BASE,OPERACION_DIARIA-ALTA-N01,GENETICO,0,42,37,2280,10032.275
BASE,OPERACION_DIARIA-ALTA-N01,GENETICO,0,42,38,2340,10032.275
BASE,OPERACION_DIARIA-ALTA-N01,GENETICO,0,42,39,2400,10032.275
BASE,OPERACION_DIARIA-ALTA-N01,GENETICO,0,42,40,2460,10032.275
BASE,OPERACION_DIARIA-ALTA-N01,GENETICO,0,42,41,2520,10032.275
BASE,OPERACION_DIARIA-ALTA-N01,GENETICO,0,42,42,2580,10032.275
BASE,OPERACION_DIARIA-ALTA-N01,GENETICO,0,42,43,2640,10032.275
BASE,OPERACION_DIARIA-ALTA-N01,GENETICO,0,42,44,2700,10032.275
BASE,OPERACION_DIARIA-ALTA-N01,GENETICO,0,42,45,2760,10032.275
BASE,OPERACION_DIARIA-ALTA-N01,GENETICO,0,42,46,2820,10032.275
BASE,OPERACION_DIARIA-ALTA-N01,GENETICO,0,42,47,2880,10032.275
BASE,OPERACION_DIARIA-ALTA-N01,GENETICO,0,42,48,2940,10032.275
BASE,OPERACION_DIARIA-ALTA-N01,GENETICO,0,42,49,3000,10032.275
BASE,OPERACION_DIARIA-ALTA-N01,GENETICO,0,42,50,3060,10032.275
BASE,OPERACION_DIARIA-ALTA-N01,GENETICO,0,42,51,3120,10032.275
BASE,OPERACION_DIARIA-ALTA-N01,GENETICO,0,42,52,3180,10032.275
BASE,OPERACION_DIARIA-ALTA-N01,GENETICO,0,42,53,3240,10032.275
BASE,OPERACION_DIARIA-ALTA-N01,GENETICO,0,42,54,3300,10032.275
BASE,OPERACION_DIARIA-ALTA-N01,GENETICO,0,42,55,3360,10032.275
BASE,OPERACION_DIARIA-ALTA-N01,GENETICO,0,42,56,3420,10032.275
BASE,OPERACION_DIARIA-ALTA-N01,GENETICO,0,42,57,3480,10032.275
BASE,OPERACION_DIARIA-ALTA-N01,GENETICO,0,42,58,3540,10032.275
BASE,OPERACION_DIARIA-ALTA-N01,GENETICO,0,42,59,3600,10032.275
BASE,OPERACION_DIARIA-ALTA-N01,GENETICO,0,42,60,3660,10032.275
BASE,OPERACION_DIARIA-ALTA-N01,GENETICO,0,42,61,3720,10032.275
BASE,OPERACION_DIARIA-ALTA-N01,GENETICO,0,42,62,3780,10032.275
BASE,OPERACION_DIARIA-ALTA-N01,GENETICO,0,42,63,3840,10032.275
BASE,OPERACION_DIARIA-ALTA-N01,GENETICO,0,42,64,3900,10032.275
BASE,OPERACION_DIARIA-ALTA-N01,GENETICO,0,42,65,3960,10032.275
BASE,OPERACION_DIARIA-ALTA-N01,GENETICO,0,42,66,4020,10032.275
BASE,OPERACION_DIARIA-ALTA-N01,GENETICO,0,42,67,4080,10032.275
BASE,OPERACION_DIARIA-ALTA-N01,GENETICO,0,42,68,4140,10032.275
BASE,OPERACION_DIARIA-ALTA-N01,GENETICO,0,42,69,4200,10032.275
BASE,OPERACION_DIARIA-ALTA-N01,GENETICO,0,42,70,4260,10032.275
BASE,OPERACION_DIARIA-ALTA-N01,GENETICO,0,42,71,4320,10032.275
BASE,OPERACION_DIARIA-ALTA-N01,GENETICO,0,42,72,4380,10032.275
BASE,OPERACION_DIARIA-ALTA-N01,GENETICO,0,42,73,4440,10032.275
BASE,OPERACION_DIARIA-ALTA-N01,GENETICO,0,42,74,4500,10032.275
BASE,OPERACION_DIARIA-ALTA-N01,GENETICO,0,42,75,4560,10032.275
BASE,OPERACION_DIARIA-ALTA-N01,GENETICO,0,42,76,4620,10032.275
BASE,OPERACION_DIARIA-ALTA-N01,GENETICO,0,42,77,4680,10032.275
BASE,OPERACION_DIARIA-ALTA-N01,GENETICO,0,42,78,4740,10032.275
BASE,OPERACION_DIARIA-ALTA-N01,GENETICO,0,42,79,4800,10032.275
BASE,OPERACION_DIARIA-ALTA-N01,GENETICO,0,42,80,4860,10032.275
BASE,OPERACION_DIARIA-ALTA-N01,GENETICO,0,42,81,4920,10032.275
BASE,OPERACION_DIARIA-ALTA-N01,GENETICO,0,42,82,4980,10032.275
BASE,OPERACION_DIARIA-ALTA-N01,GENETICO,0,42,83,5040,10032.275
BASE,OPERACION_DIARIA-ALTA-N01,GENETICO,0,42,84,5100,10032.275
BASE,OPERACION_DIARIA-ALTA-N01,GENETICO,0,42,85,5160,10032.275
BASE,OPERACION_DIARIA-ALTA-N01,GENETICO,0,42,86,5220,10032.275
BASE,OPERACION_DIARIA-ALTA-N01,GENETICO,0,42,87,5280,10032.275
BASE,OPERACION_DIARIA-ALTA-N01,GENETICO,0,42,88,5340,10032.275
BASE,OPERACION_DIARIA-ALTA-N01,GENETICO,0,42,89,5400,10032.275
BASE,OPERACION_DIARIA-ALTA-N01,GENETICO,0,42,90,5460,10032.275
BASE,OPERACION_DIARIA-ALTA-N01,GENETICO,0,42,91,5520,10032.275
BASE,OPERACION_DIARIA-ALTA-N01,GENETICO,0,42,92,5580,10032.275
BASE,OPERACION_DIARIA-ALTA-N01,GENETICO,0,42,93,5640,10032.275
BASE,OPERACION_DIARIA-ALTA-N01,GENETICO,0,42,94,5700,10032.275
BASE,OPERACION_DIARIA-ALTA-N01,GENETICO,0,42,95,5760,10032.275
BASE,OPERACION_DIARIA-ALTA-N01,GENETICO,0,42,96,5820,10032.275
BASE,OPERACION_DIARIA-ALTA-N01,GENETICO,0,42,97,5880,10032.275
BASE,OPERACION_DIARIA-ALTA-N01,GENETICO,0,42,98,5940,10032.275
BASE,OPERACION_DIARIA-ALTA-N01,GENETICO,0,42,99,6000,10032.275
BASE,OPERACION_DIARIA-ALTA-N01,GENETICO,0,42,100,6060,10032.275
BASE,OPERACION_DIARIA-ALTA-N01,GENETICO,0,42,101,6120,10032.275
BASE,OPERACION_DIARIA-ALTA-N01,GENETICO,0,42,102,6180,10032.275
BASE,OPERACION_DIARIA-ALTA-N01,GENETICO,0,42,103,6240,10032.275
BASE,OPERACION_DIARIA-ALTA-N01,GENETICO,0,42,104,6300,10032.275
BASE,OPERACION_DIARIA-ALTA-N01,GENETICO,0,42,105,6360,10032.275
BASE,OPERACION_DIARIA-ALTA-N01,GENETICO,0,42,106,6420,10032.275
BASE,OPERACION_DIARIA-ALTA-N01,GENETICO,0,42,107,6480,10032.275
BASE,OPERACION_DIARIA-ALTA-N01,GENETICO,0,42,108,6540,10032.275
BASE,OPERACION_DIARIA-ALTA-N01,GENETICO,0,42,109,6600,10032.275
BASE,OPERACION_DIARIA-ALTA-N01,GENETICO,0,42,110,6660,10032.275
BASE,OPERACION_DIARIA-ALTA-N01,GENETICO,0,42,111,6720,10032.275
BASE,OPERACION_DIARIA-ALTA-N01,GENETICO,0,42,112,6780,10032.275
BASE,OPERACION_DIARIA-ALTA-N01,GENETICO,0,42,113,6840,10032.275
BASE,OPERACION_DIARIA-ALTA-N01,GENETICO,0,42,114,6900,10032.275
BASE,OPERACION_DIARIA-ALTA-N01,GENETICO,0,42,115,6960,10032.275
BASE,OPERACION_DIARIA-ALTA-N01,GENETICO,0,42,116,7020,10032.275
BASE,OPERACION_DIARIA-ALTA-N01,GENETICO,0,42,117,7080,10032.275
BASE,OPERACION_DIARIA-ALTA-N01,GENETICO,0,42,118,7140,10032.275
BASE,OPERACION_DIARIA-ALTA-N01,GENETICO,0,42,119,7200,10032.275
BASE,OPERACION_DIARIA-ALTA-N01,GENETICO,0,42,120,7260,10032.275
BASE,OPERACION_DIARIA-ALTA-N01,GENETICO,0,42,121,7320,10032.275
BASE,OPERACION_DIARIA-ALTA-N01,GENETICO,0,42,122,7380,10032.275
BASE,OPERACION_DIARIA-ALTA-N01,GENETICO,0,42,123,7440,10032.275
BASE,OPERACION_DIARIA-ALTA-N01,GENETICO,0,42,124,7500,10032.275
BASE,OPERACION_DIARIA-ALTA-N01,GENETICO,0,42,125,7560,10032.275
BASE,OPERACION_DIARIA-ALTA-N01,GENETICO,0,42,126,7620,10032.275
BASE,OPERACION_DIARIA-ALTA-N01,GENETICO,0,42,127,7680,10032.275
BASE,OPERACION_DIARIA-ALTA-N01,GENETICO,0,42,128,7740,10032.275
BASE,OPERACION_DIARIA-ALTA-N01,GENETICO,0,42,129,7800,10032.275
BASE,OPERACION_DIARIA-ALTA-N01,GENETICO,0,42,130,7860,10032.275
BASE,OPERACION_DIARIA-ALTA-N01,GENETICO,0,42,131,7920,10032.275
BASE,OPERACION_DIARIA-ALTA-N01,GENETICO,0,42,132,7980,10032.275
BASE,OPERACION_DIARIA-ALTA-N01,GENETICO,0,42,133,8040,10032.275
BASE,OPERACION_DIARIA-ALTA-N01,GENETICO,0,42,134,8100,10032.275
BASE,OPERACION_DIARIA-ALTA-N01,GENETICO,0,42,135,8160,10032.275
BASE,OPERACION_DIARIA-ALTA-N01,GENETICO,0,42,136,8220,10032.275
BASE,OPERACION_DIARIA-ALTA-N01,GENETICO,0,42,137,8280,10032.275
BASE,OPERACION_DIARIA-ALTA-N01,GENETICO,0,42,138,8340,10032.275
BASE,OPERACION_DIARIA-ALTA-N01,GENETICO,0,42,139,8400,10032.275
BASE,OPERACION_DIARIA-ALTA-N01,GENETICO,0,42,140,8460,10032.275
BASE,OPERACION_DIARIA-ALTA-N01,GENETICO,0,42,141,8520,10032.275
BASE,OPERACION_DIARIA-ALTA-N01,GENETICO,0,42,142,8580,10032.275
BASE,OPERACION_DIARIA-ALTA-N01,GENETICO,0,42,143,8640,10032.275
BASE,OPERACION_DIARIA-ALTA-N01,GENETICO,0,42,144,8700,10032.275
BASE,OPERACION_DIARIA-ALTA-N01,GENETICO,0,42,145,8760,10032.275
BASE,OPERACION_DIARIA-ALTA-N01,GENETICO,0,42,146,8820,10032.275
BASE,OPERACION_DIARIA-ALTA-N01,GENETICO,0,42,147,8880,10032.275
BASE,OPERACION_DIARIA-ALTA-N01,GENETICO,0,42,148,8940,10032.275
BASE,OPERACION_DIARIA-ALTA-N01,GENETICO,0,42,149,9000,10032.275
BASE,OPERACION_DIARIA-ALTA-N01,GENETICO,0,42,150,9060,10032.275
BASE,OPERACION_DIARIA-ALTA-N01,RECOCIDO_SIMULADO,0,42,0,101,10032.7
BASE,OPERACION_DIARIA-ALTA-N01,RECOCIDO_SIMULADO,0,42,1,141,10032.7
BASE,OPERACION_DIARIA-ALTA-N01,RECOCIDO_SIMULADO,0,42,2,181,10032.7
BASE,OPERACION_DIARIA-ALTA-N01,RECOCIDO_SIMULADO,0,42,3,221,10032.7
BASE,OPERACION_DIARIA-ALTA-N01,RECOCIDO_SIMULADO,0,42,4,261,10032.7
BASE,OPERACION_DIARIA-ALTA-N01,RECOCIDO_SIMULADO,0,42,5,301,10032.7
BASE,OPERACION_DIARIA-ALTA-N01,RECOCIDO_SIMULADO,0,42,6,341,10032.7
BASE,OPERACION_DIARIA-ALTA-N01,RECOCIDO_SIMULADO,0,42,7,381,10032.7
BASE,OPERACION_DIARIA-ALTA-N01,RECOCIDO_SIMULADO,0,42,8,421,10032.7
BASE,OPERACION_DIARIA-ALTA-N01,RECOCIDO_SIMULADO,0,42,9,461,10032.7
BASE,OPERACION_DIARIA-ALTA-N01,RECOCIDO_SIMULADO,0,42,10,501,10032.7
BASE,OPERACION_DIARIA-ALTA-N01,RECOCIDO_SIMULADO,0,42,11,541,10032.7
BASE,OPERACION_DIARIA-ALTA-N01,RECOCIDO_SIMULADO,0,42,12,581,10032.7
BASE,OPERACION_DIARIA-ALTA-N01,RECOCIDO_SIMULADO,0,42,13,621,10032.7
BASE,OPERACION_DIARIA-ALTA-N01,RECOCIDO_SIMULADO,0,42,14,661,10032.7
BASE,OPERACION_DIARIA-ALTA-N01,RECOCIDO_SIMULADO,0,42,15,701,10032.7
BASE,OPERACION_DIARIA-ALTA-N01,RECOCIDO_SIMULADO,0,42,16,741,10032.7
BASE,OPERACION_DIARIA-ALTA-N01,RECOCIDO_SIMULADO,0,42,17,781,10032.7
BASE,OPERACION_DIARIA-ALTA-N01,RECOCIDO_SIMULADO,0,42,18,821,10032.7
BASE,OPERACION_DIARIA-ALTA-N01,RECOCIDO_SIMULADO,0,42,19,861,10032.7
BASE,OPERACION_DIARIA-ALTA-N01,RECOCIDO_SIMULADO,0,42,20,901,10032.7
BASE,OPERACION_DIARIA-ALTA-N01,RECOCIDO_SIMULADO,0,42,21,941,10032.7
BASE,OPERACION_DIARIA-ALTA-N01,RECOCIDO_SIMULADO,0,42,22,981,10032.7
BASE,OPERACION_DIARIA-ALTA-N01,RECOCIDO_SIMULADO,0,42,23,1021,10032.7
BASE,OPERACION_DIARIA-ALTA-N01,RECOCIDO_SIMULADO,0,42,24,1061,10032.7
BASE,OPERACION_DIARIA-ALTA-N01,RECOCIDO_SIMULADO,0,42,25,1101,10032.7
BASE,OPERACION_DIARIA-ALTA-N01,RECOCIDO_SIMULADO,0,42,26,1141,10032.7
BASE,OPERACION_DIARIA-ALTA-N01,RECOCIDO_SIMULADO,0,42,27,1181,10032.7
BASE,OPERACION_DIARIA-ALTA-N01,RECOCIDO_SIMULADO,0,42,28,1221,10032.7
BASE,OPERACION_DIARIA-ALTA-N01,RECOCIDO_SIMULADO,0,42,29,1261,10032.7
BASE,OPERACION_DIARIA-ALTA-N01,RECOCIDO_SIMULADO,0,42,30,1301,10032.7
BASE,OPERACION_DIARIA-ALTA-N01,RECOCIDO_SIMULADO,0,42,31,1341,10032.7
BASE,OPERACION_DIARIA-ALTA-N01,RECOCIDO_SIMULADO,0,42,32,1381,10032.7
BASE,OPERACION_DIARIA-ALTA-N01,RECOCIDO_SIMULADO,0,42,33,1421,10032.7
BASE,OPERACION_DIARIA-ALTA-N01,RECOCIDO_SIMULADO,0,42,34,1461,10032.7
BASE,OPERACION_DIARIA-ALTA-N01,RECOCIDO_SIMULADO,0,42,35,1501,10032.7
BASE,OPERACION_DIARIA-ALTA-N01,RECOCIDO_SIMULADO,0,42,36,1541,10032.7
BASE,OPERACION_DIARIA-ALTA-N01,RECOCIDO_SIMULADO,0,42,37,1581,10032.7
BASE,OPERACION_DIARIA-ALTA-N01,RECOCIDO_SIMULADO,0,42,38,1621,10032.7
BASE,OPERACION_DIARIA-ALTA-N01,RECOCIDO_SIMULADO,0,42,39,1661,10032.7
BASE,OPERACION_DIARIA-ALTA-N01,RECOCIDO_SIMULADO,0,42,40,1701,10032.7
BASE,OPERACION_DIARIA-ALTA-N01,RECOCIDO_SIMULADO,0,42,41,1741,10032.7
BASE,OPERACION_DIARIA-ALTA-N01,RECOCIDO_SIMULADO,0,42,42,1781,10032.7
BASE,OPERACION_DIARIA-ALTA-N01,RECOCIDO_SIMULADO,0,42,43,1821,10032.7
BASE,OPERACION_DIARIA-ALTA-N01,RECOCIDO_SIMULADO,0,42,44,1861,10032.7
BASE,OPERACION_DIARIA-ALTA-N01,RECOCIDO_SIMULADO,0,42,45,1901,10032.7
BASE,OPERACION_DIARIA-ALTA-N01,RECOCIDO_SIMULADO,0,42,46,1941,10032.7
BASE,OPERACION_DIARIA-ALTA-N01,RECOCIDO_SIMULADO,0,42,47,1981,10032.7
BASE,OPERACION_DIARIA-ALTA-N01,RECOCIDO_SIMULADO,0,42,48,2021,10032.7
BASE,OPERACION_DIARIA-ALTA-N01,RECOCIDO_SIMULADO,0,42,49,2061,10032.7
BASE,OPERACION_DIARIA-ALTA-N01,RECOCIDO_SIMULADO,0,42,50,2101,10032.7
BASE,OPERACION_DIARIA-ALTA-N01,RECOCIDO_SIMULADO,0,42,51,2141,10032.7
BASE,OPERACION_DIARIA-ALTA-N01,RECOCIDO_SIMULADO,0,42,52,2181,10032.7
BASE,OPERACION_DIARIA-ALTA-N01,RECOCIDO_SIMULADO,0,42,53,2221,10032.7
BASE,OPERACION_DIARIA-ALTA-N01,RECOCIDO_SIMULADO,0,42,54,2261,10032.7
BASE,OPERACION_DIARIA-ALTA-N01,RECOCIDO_SIMULADO,0,42,55,2301,10032.7
BASE,OPERACION_DIARIA-ALTA-N01,RECOCIDO_SIMULADO,0,42,56,2341,10032.7
BASE,OPERACION_DIARIA-ALTA-N01,RECOCIDO_SIMULADO,0,42,57,2381,10032.7
BASE,OPERACION_DIARIA-ALTA-N01,RECOCIDO_SIMULADO,0,42,58,2421,10032.7
BASE,OPERACION_DIARIA-ALTA-N01,RECOCIDO_SIMULADO,0,42,59,2461,10032.7
BASE,OPERACION_DIARIA-ALTA-N01,RECOCIDO_SIMULADO,0,42,60,2501,10032.7
BASE,OPERACION_DIARIA-ALTA-N01,RECOCIDO_SIMULADO,0,42,61,2541,10032.7
BASE,OPERACION_DIARIA-ALTA-N01,RECOCIDO_SIMULADO,0,42,62,2581,10032.7
BASE,OPERACION_DIARIA-ALTA-N01,RECOCIDO_SIMULADO,0,42,63,2621,10032.7
BASE,OPERACION_DIARIA-ALTA-N01,RECOCIDO_SIMULADO,0,42,64,2661,10032.7
BASE,OPERACION_DIARIA-ALTA-N01,RECOCIDO_SIMULADO,0,42,65,2701,10032.7
BASE,OPERACION_DIARIA-ALTA-N01,RECOCIDO_SIMULADO,0,42,66,2741,10032.7
BASE,OPERACION_DIARIA-ALTA-N01,RECOCIDO_SIMULADO,0,42,67,2781,10032.7
BASE,OPERACION_DIARIA-ALTA-N01,RECOCIDO_SIMULADO,0,42,68,2821,10032.7
BASE,OPERACION_DIARIA-ALTA-N01,RECOCIDO_SIMULADO,0,42,69,2861,10032.7
BASE,OPERACION_DIARIA-ALTA-N01,RECOCIDO_SIMULADO,0,42,70,2901,10032.7
BASE,OPERACION_DIARIA-ALTA-N01,RECOCIDO_SIMULADO,0,42,71,2941,10032.7
BASE,OPERACION_DIARIA-ALTA-N01,RECOCIDO_SIMULADO,0,42,72,2981,10032.7
BASE,OPERACION_DIARIA-ALTA-N01,RECOCIDO_SIMULADO,0,42,73,3021,10032.7
BASE,OPERACION_DIARIA-ALTA-N01,RECOCIDO_SIMULADO,0,42,74,3061,10032.7
BASE,OPERACION_DIARIA-ALTA-N01,RECOCIDO_SIMULADO,0,42,75,3101,10032.7
BASE,OPERACION_DIARIA-ALTA-N01,RECOCIDO_SIMULADO,0,42,76,3141,10032.7
BASE,OPERACION_DIARIA-ALTA-N01,RECOCIDO_SIMULADO,1,43,0,101,10032.7
BASE,OPERACION_DIARIA-ALTA-N01,RECOCIDO_SIMULADO,1,43,1,141,10032.7
BASE,OPERACION_DIARIA-ALTA-N01,RECOCIDO_SIMULADO,1,43,2,181,10032.7
BASE,OPERACION_DIARIA-ALTA-N01,RECOCIDO_SIMULADO,1,43,3,221,10032.7
BASE,OPERACION_DIARIA-ALTA-N01,RECOCIDO_SIMULADO,1,43,4,261,10032.7
BASE,OPERACION_DIARIA-ALTA-N01,RECOCIDO_SIMULADO,1,43,5,301,10032.7
BASE,OPERACION_DIARIA-ALTA-N01,RECOCIDO_SIMULADO,1,43,6,341,10032.7
BASE,OPERACION_DIARIA-ALTA-N01,RECOCIDO_SIMULADO,1,43,7,381,10032.7
BASE,OPERACION_DIARIA-ALTA-N01,RECOCIDO_SIMULADO,1,43,8,421,10032.7
BASE,OPERACION_DIARIA-ALTA-N01,RECOCIDO_SIMULADO,1,43,9,461,10032.7
BASE,OPERACION_DIARIA-ALTA-N01,RECOCIDO_SIMULADO,1,43,10,501,10032.7
BASE,OPERACION_DIARIA-ALTA-N01,RECOCIDO_SIMULADO,1,43,11,541,10032.7
BASE,OPERACION_DIARIA-ALTA-N01,RECOCIDO_SIMULADO,1,43,12,581,10032.7
BASE,OPERACION_DIARIA-ALTA-N01,RECOCIDO_SIMULADO,1,43,13,621,10032.7
BASE,OPERACION_DIARIA-ALTA-N01,RECOCIDO_SIMULADO,1,43,14,661,10032.7
BASE,OPERACION_DIARIA-ALTA-N01,RECOCIDO_SIMULADO,1,43,15,701,10032.7
BASE,OPERACION_DIARIA-ALTA-N01,RECOCIDO_SIMULADO,1,43,16,741,10032.7
BASE,OPERACION_DIARIA-ALTA-N01,RECOCIDO_SIMULADO,1,43,17,781,10032.7
BASE,OPERACION_DIARIA-ALTA-N01,RECOCIDO_SIMULADO,1,43,18,821,10032.7
BASE,OPERACION_DIARIA-ALTA-N01,RECOCIDO_SIMULADO,1,43,19,861,10032.7
BASE,OPERACION_DIARIA-ALTA-N01,RECOCIDO_SIMULADO,1,43,20,901,10032.7
BASE,OPERACION_DIARIA-ALTA-N01,RECOCIDO_SIMULADO,1,43,21,941,10032.7
BASE,OPERACION_DIARIA-ALTA-N01,RECOCIDO_SIMULADO,1,43,22,981,10032.7
BASE,OPERACION_DIARIA-ALTA-N01,RECOCIDO_SIMULADO,1,43,23,1021,10032.7
BASE,OPERACION_DIARIA-ALTA-N01,RECOCIDO_SIMULADO,1,43,24,1061,10032.7
BASE,OPERACION_DIARIA-ALTA-N01,RECOCIDO_SIMULADO,1,43,25,1101,10032.7
BASE,OPERACION_DIARIA-ALTA-N01,RECOCIDO_SIMULADO,1,43,26,1141,10032.7
BASE,OPERACION_DIARIA-ALTA-N01,RECOCIDO_SIMULADO,1,43,27,1181,10032.7
BASE,OPERACION_DIARIA-ALTA-N01,RECOCIDO_SIMULADO,1,43,28,1221,10032.7
BASE,OPERACION_DIARIA-ALTA-N01,RECOCIDO_SIMULADO,1,43,29,1261,10032.7
BASE,OPERACION_DIARIA-ALTA-N01,RECOCIDO_SIMULADO,1,43,30,1301,10032.7
BASE,OPERACION_DIARIA-ALTA-N01,RECOCIDO_SIMULADO,1,43,31,1341,10032.7
BASE,OPERACION_DIARIA-ALTA-N01,RECOCIDO_SIMULADO,1,43,32,1381,10032.7
BASE,OPERACION_DIARIA-ALTA-N01,RECOCIDO_SIMULADO,1,43,33,1421,10032.7
BASE,OPERACION_DIARIA-ALTA-N01,RECOCIDO_SIMULADO,1,43,34,1461,10032.7
BASE,OPERACION_DIARIA-ALTA-N01,RECOCIDO_SIMULADO,1,43,35,1501,10032.7
BASE,OPERACION_DIARIA-ALTA-N01,RECOCIDO_SIMULADO,1,43,36,1541,10032.7
BASE,OPERACION_DIARIA-ALTA-N01,RECOCIDO_SIMULADO,1,43,37,1581,10032.7
BASE,OPERACION_DIARIA-ALTA-N01,RECOCIDO_SIMULADO,1,43,38,1621,10032.7
BASE,OPERACION_DIARIA-ALTA-N01,RECOCIDO_SIMULADO,1,43,39,1661,10032.7
BASE,OPERACION_DIARIA-ALTA-N01,RECOCIDO_SIMULADO,1,43,40,1701,10032.7
BASE,OPERACION_DIARIA-ALTA-N01,RECOCIDO_SIMULADO,1,43,41,1741,10032.7
BASE,OPERACION_DIARIA-ALTA-N01,RECOCIDO_SIMULADO,1,43,42,1781,10032.7
BASE,OPERACION_DIARIA-ALTA-N01,RECOCIDO_SIMULADO,1,43,43,1821,10032.7
BASE,OPERACION_DIARIA-ALTA-N01,RECOCIDO_SIMULADO,1,43,44,1861,10032.7
BASE,OPERACION_DIARIA-ALTA-N01,RECOCIDO_SIMULADO,1,43,45,1901,10032.7
BASE,OPERACION_DIARIA-ALTA-N01,RECOCIDO_SIMULADO,1,43,46,1941,10032.7
BASE,OPERACION_DIARIA-ALTA-N01,RECOCIDO_SIMULADO,1,43,47,1981,10032.7
BASE,OPERACION_DIARIA-ALTA-N01,RECOCIDO_SIMULADO,1,43,48,2021,10032.7
BASE,OPERACION_DIARIA-ALTA-N01,RECOCIDO_SIMULADO,1,43,49,2061,10032.7
BASE,OPERACION_DIARIA-ALTA-N01,RECOCIDO_SIMULADO,1,43,50,2101,10032.7
BASE,OPERACION_DIARIA-ALTA-N01,RECOCIDO_SIMULADO,1,43,51,2141,10032.7
BASE,OPERACION_DIARIA-ALTA-N01,RECOCIDO_SIMULADO,1,43,52,2181,10032.7
BASE,OPERACION_DIARIA-ALTA-N01,RECOCIDO_SIMULADO,1,43,53,2221,10032.7
BASE,OPERACION_DIARIA-ALTA-N01,RECOCIDO_SIMULADO,1,43,54,2261,10032.7
BASE,OPERACION_DIARIA-ALTA-N01,RECOCIDO_SIMULADO,1,43,55,2301,10032.7
BASE,OPERACION_DIARIA-ALTA-N01,RECOCIDO_SIMULADO,1,43,56,2341,10032.7
BASE,OPERACION_DIARIA-ALTA-N01,RECOCIDO_SIMULADO,1,43,57,2381,10032.7
BASE,OPERACION_DIARIA-ALTA-N01,RECOCIDO_SIMULADO,1,43,58,2421,10032.7
BASE,OPERACION_DIARIA-ALTA-N01,RECOCIDO_SIMULADO,1,43,59,2461,10032.7
BASE,OPERACION_DIARIA-ALTA-N01,RECOCIDO_SIMULADO,1,43,60,2501,10032.7
BASE,OPERACION_DIARIA-ALTA-N01,RECOCIDO_SIMULADO,1,43,61,2541,10032.7
BASE,OPERACION_DIARIA-ALTA-N01,RECOCIDO_SIMULADO,1,43,62,2581,10032.7
BASE,OPERACION_DIARIA-ALTA-N01,RECOCIDO_SIMULADO,1,43,63,2621,10032.7
BASE,OPERACION_DIARIA-ALTA-N01,RECOCIDO_SIMULADO,1,43,64,2661,10032.7
BASE,OPERACION_DIARIA-ALTA-N01,GENETICO,1,43,0,60,10032.65
BASE,OPERACION_DIARIA-ALTA-N01,GENETICO,1,43,1,120,10032.65
BASE,OPERACION_DIARIA-ALTA-N01,GENETICO,1,43,2,180,10032.65
BASE,OPERACION_DIARIA-ALTA-N01,GENETICO,1,43,3,240,10032.65
BASE,OPERACION_DIARIA-ALTA-N01,GENETICO,1,43,4,300,10032.65
BASE,OPERACION_DIARIA-ALTA-N01,GENETICO,1,43,5,360,10032.65
BASE,OPERACION_DIARIA-ALTA-N01,GENETICO,1,43,6,420,10032.65
BASE,OPERACION_DIARIA-ALTA-N01,GENETICO,1,43,7,480,10032.65
BASE,OPERACION_DIARIA-ALTA-N01,GENETICO,1,43,8,540,10032.65
BASE,OPERACION_DIARIA-ALTA-N01,GENETICO,1,43,9,600,10032.65
BASE,OPERACION_DIARIA-ALTA-N01,GENETICO,1,43,10,660,10032.275
BASE,OPERACION_DIARIA-ALTA-N01,GENETICO,1,43,11,720,10032.275
BASE,OPERACION_DIARIA-ALTA-N01,GENETICO,1,43,12,780,10032.275
BASE,OPERACION_DIARIA-ALTA-N01,GENETICO,1,43,13,840,10032.275
BASE,OPERACION_DIARIA-ALTA-N01,GENETICO,1,43,14,900,10032.275
BASE,OPERACION_DIARIA-ALTA-N01,GENETICO,1,43,15,960,10032.275
BASE,OPERACION_DIARIA-ALTA-N01,GENETICO,1,43,16,1020,10032.275
BASE,OPERACION_DIARIA-ALTA-N01,GENETICO,1,43,17,1080,10032.275
BASE,OPERACION_DIARIA-ALTA-N01,GENETICO,1,43,18,1140,10032.275
BASE,OPERACION_DIARIA-ALTA-N01,GENETICO,1,43,19,1200,10032.275
BASE,OPERACION_DIARIA-ALTA-N01,GENETICO,1,43,20,1260,10032.275
BASE,OPERACION_DIARIA-ALTA-N01,GENETICO,1,43,21,1320,10032.275
BASE,OPERACION_DIARIA-ALTA-N01,GENETICO,1,43,22,1380,10032.275
BASE,OPERACION_DIARIA-ALTA-N01,GENETICO,1,43,23,1440,10032.275
BASE,OPERACION_DIARIA-ALTA-N01,GENETICO,1,43,24,1500,10032.275
BASE,OPERACION_DIARIA-ALTA-N01,GENETICO,1,43,25,1560,10032.275
BASE,OPERACION_DIARIA-ALTA-N01,GENETICO,1,43,26,1620,10032.275
BASE,OPERACION_DIARIA-ALTA-N01,GENETICO,1,43,27,1680,10032.275
BASE,OPERACION_DIARIA-ALTA-N01,GENETICO,1,43,28,1740,10032.275
BASE,OPERACION_DIARIA-ALTA-N01,GENETICO,1,43,29,1800,10032.275
BASE,OPERACION_DIARIA-ALTA-N01,GENETICO,1,43,30,1860,10032.275
BASE,OPERACION_DIARIA-ALTA-N01,GENETICO,1,43,31,1920,10032.275
BASE,OPERACION_DIARIA-ALTA-N01,GENETICO,1,43,32,1980,10032.275
BASE,OPERACION_DIARIA-ALTA-N01,GENETICO,1,43,33,2040,10032.275
BASE,OPERACION_DIARIA-ALTA-N01,GENETICO,1,43,34,2100,10032.275
BASE,OPERACION_DIARIA-ALTA-N01,GENETICO,1,43,35,2160,10032.275
BASE,OPERACION_DIARIA-ALTA-N01,GENETICO,1,43,36,2220,10032.275
BASE,OPERACION_DIARIA-ALTA-N01,GENETICO,1,43,37,2280,10032.275
BASE,OPERACION_DIARIA-ALTA-N01,GENETICO,1,43,38,2340,10032.275
BASE,OPERACION_DIARIA-ALTA-N01,GENETICO,1,43,39,2400,10032.275
BASE,OPERACION_DIARIA-ALTA-N01,GENETICO,1,43,40,2460,10032.275
BASE,OPERACION_DIARIA-ALTA-N01,GENETICO,1,43,41,2520,10032.275
BASE,OPERACION_DIARIA-ALTA-N01,GENETICO,1,43,42,2580,10032.275
BASE,OPERACION_DIARIA-ALTA-N01,GENETICO,1,43,43,2640,10032.275
BASE,OPERACION_DIARIA-ALTA-N01,GENETICO,1,43,44,2700,10032.275
BASE,OPERACION_DIARIA-ALTA-N01,GENETICO,1,43,45,2760,10032.275
BASE,OPERACION_DIARIA-ALTA-N01,GENETICO,1,43,46,2820,10032.275
BASE,OPERACION_DIARIA-ALTA-N01,GENETICO,1,43,47,2880,10032.275
BASE,OPERACION_DIARIA-ALTA-N01,GENETICO,1,43,48,2940,10032.275
BASE,OPERACION_DIARIA-ALTA-N01,GENETICO,1,43,49,3000,10032.275
BASE,OPERACION_DIARIA-ALTA-N01,GENETICO,1,43,50,3060,10032.275
BASE,OPERACION_DIARIA-ALTA-N01,GENETICO,1,43,51,3120,10032.275
BASE,OPERACION_DIARIA-ALTA-N01,GENETICO,1,43,52,3180,10032.275
BASE,OPERACION_DIARIA-ALTA-N01,GENETICO,1,43,53,3240,10032.275
BASE,OPERACION_DIARIA-ALTA-N01,GENETICO,1,43,54,3300,10032.275
BASE,OPERACION_DIARIA-ALTA-N01,GENETICO,1,43,55,3360,10032.275
BASE,OPERACION_DIARIA-ALTA-N01,GENETICO,1,43,56,3420,10032.275
BASE,OPERACION_DIARIA-ALTA-N01,GENETICO,1,43,57,3480,10032.275
BASE,OPERACION_DIARIA-ALTA-N01,GENETICO,1,43,58,3540,10032.275
BASE,OPERACION_DIARIA-ALTA-N01,GENETICO,1,43,59,3600,10032.275
BASE,OPERACION_DIARIA-ALTA-N01,GENETICO,1,43,60,3660,10032.275
BASE,OPERACION_DIARIA-ALTA-N01,GENETICO,1,43,61,3720,10032.275
BASE,OPERACION_DIARIA-ALTA-N01,GENETICO,1,43,62,3780,10032.275
BASE,OPERACION_DIARIA-ALTA-N01,GENETICO,1,43,63,3840,10032.275
BASE,OPERACION_DIARIA-ALTA-N01,GENETICO,1,43,64,3900,10032.275
BASE,OPERACION_DIARIA-ALTA-N01,GENETICO,1,43,65,3960,10032.275
BASE,OPERACION_DIARIA-ALTA-N01,GENETICO,1,43,66,4020,10032.275
BASE,OPERACION_DIARIA-ALTA-N01,GENETICO,1,43,67,4080,10032.275
BASE,OPERACION_DIARIA-ALTA-N01,GENETICO,1,43,68,4140,10032.275
BASE,OPERACION_DIARIA-ALTA-N01,GENETICO,1,43,69,4200,10032.275
BASE,OPERACION_DIARIA-ALTA-N01,GENETICO,1,43,70,4260,10032.275
BASE,OPERACION_DIARIA-ALTA-N01,GENETICO,1,43,71,4320,10032.275
BASE,OPERACION_DIARIA-ALTA-N01,GENETICO,1,43,72,4380,10032.275
BASE,OPERACION_DIARIA-ALTA-N01,GENETICO,1,43,73,4440,10032.275
BASE,OPERACION_DIARIA-ALTA-N01,GENETICO,1,43,74,4500,10032.275
BASE,OPERACION_DIARIA-ALTA-N01,GENETICO,1,43,75,4560,10032.275
BASE,OPERACION_DIARIA-ALTA-N01,GENETICO,1,43,76,4620,10032.275
BASE,OPERACION_DIARIA-ALTA-N01,GENETICO,1,43,77,4680,10032.275
BASE,OPERACION_DIARIA-ALTA-N01,GENETICO,1,43,78,4740,10032.275
BASE,OPERACION_DIARIA-ALTA-N01,GENETICO,1,43,79,4800,10032.275
BASE,OPERACION_DIARIA-ALTA-N01,GENETICO,1,43,80,4860,10032.275
BASE,OPERACION_DIARIA-ALTA-N01,GENETICO,1,43,81,4920,10032.275
BASE,OPERACION_DIARIA-ALTA-N01,GENETICO,1,43,82,4980,10032.275
BASE,OPERACION_DIARIA-ALTA-N01,GENETICO,1,43,83,5040,10032.275
BASE,OPERACION_DIARIA-ALTA-N01,GENETICO,1,43,84,5100,10032.275
BASE,OPERACION_DIARIA-ALTA-N01,GENETICO,1,43,85,5160,10032.275
BASE,OPERACION_DIARIA-ALTA-N01,GENETICO,1,43,86,5220,10032.275
BASE,OPERACION_DIARIA-ALTA-N01,GENETICO,1,43,87,5280,10032.275
BASE,OPERACION_DIARIA-ALTA-N01,GENETICO,1,43,88,5340,10032.275
BASE,OPERACION_DIARIA-ALTA-N01,GENETICO,1,43,89,5400,10032.275
BASE,OPERACION_DIARIA-ALTA-N01,GENETICO,1,43,90,5460,10032.275
BASE,OPERACION_DIARIA-ALTA-N01,GENETICO,1,43,91,5520,10032.275
BASE,OPERACION_DIARIA-ALTA-N01,GENETICO,1,43,92,5580,10032.275
BASE,OPERACION_DIARIA-ALTA-N01,GENETICO,1,43,93,5640,10032.275
BASE,OPERACION_DIARIA-ALTA-N01,GENETICO,1,43,94,5700,10032.275
BASE,OPERACION_DIARIA-ALTA-N01,GENETICO,1,43,95,5760,10032.275
BASE,OPERACION_DIARIA-ALTA-N01,GENETICO,1,43,96,5820,10032.275
BASE,OPERACION_DIARIA-ALTA-N01,GENETICO,1,43,97,5880,10032.275
BASE,OPERACION_DIARIA-ALTA-N01,GENETICO,1,43,98,5940,10032.275
BASE,OPERACION_DIARIA-ALTA-N01,GENETICO,1,43,99,6000,10032.275
BASE,OPERACION_DIARIA-ALTA-N01,GENETICO,1,43,100,6060,10032.275
BASE,OPERACION_DIARIA-ALTA-N01,GENETICO,1,43,101,6120,10032.275
BASE,OPERACION_DIARIA-ALTA-N01,GENETICO,1,43,102,6180,10032.275
BASE,OPERACION_DIARIA-ALTA-N01,GENETICO,1,43,103,6240,10032.275
BASE,OPERACION_DIARIA-ALTA-N01,GENETICO,1,43,104,6300,10032.275
BASE,OPERACION_DIARIA-ALTA-N01,GENETICO,1,43,105,6360,10032.275
BASE,OPERACION_DIARIA-ALTA-N01,GENETICO,1,43,106,6420,10032.275
BASE,OPERACION_DIARIA-ALTA-N01,GENETICO,1,43,107,6480,10032.275
BASE,OPERACION_DIARIA-ALTA-N01,GENETICO,1,43,108,6540,10032.275
BASE,OPERACION_DIARIA-ALTA-N01,GENETICO,1,43,109,6600,10032.275
BASE,OPERACION_DIARIA-ALTA-N01,GENETICO,1,43,110,6660,10032.275
BASE,OPERACION_DIARIA-ALTA-N01,GENETICO,1,43,111,6720,10032.275
BASE,OPERACION_DIARIA-ALTA-N01,GENETICO,1,43,112,6780,10032.275
BASE,OPERACION_DIARIA-ALTA-N01,GENETICO,1,43,113,6840,10032.275
BASE,OPERACION_DIARIA-ALTA-N01,GENETICO,1,43,114,6900,10032.275
BASE,OPERACION_DIARIA-ALTA-N01,GENETICO,1,43,115,6960,10032.275
BASE,OPERACION_DIARIA-ALTA-N01,GENETICO,1,43,116,7020,10032.275
BASE,OPERACION_DIARIA-ALTA-N01,GENETICO,1,43,117,7080,10032.275
BASE,OPERACION_DIARIA-ALTA-N01,GENETICO,1,43,118,7140,10032.275
BASE,OPERACION_DIARIA-ALTA-N01,GENETICO,1,43,119,7200,10032.275
BASE,OPERACION_DIARIA-ALTA-N01,GENETICO,1,43,120,7260,10032.275
BASE,OPERACION_DIARIA-ALTA-N01,GENETICO,1,43,121,7320,10032.275
BASE,OPERACION_DIARIA-ALTA-N01,GENETICO,1,43,122,7380,10032.275
BASE,OPERACION_DIARIA-ALTA-N01,GENETICO,1,43,123,7440,10032.275
BASE,OPERACION_DIARIA-ALTA-N01,GENETICO,1,43,124,7500,10032.275
BASE,OPERACION_DIARIA-ALTA-N01,GENETICO,1,43,125,7560,10032.275
BASE,OPERACION_DIARIA-ALTA-N01,GENETICO,1,43,126,7620,10032.275
BASE,OPERACION_DIARIA-ALTA-N01,GENETICO,1,43,127,7680,10032.275
BASE,OPERACION_DIARIA-ALTA-N01,GENETICO,1,43,128,7740,10032.275
BASE,OPERACION_DIARIA-ALTA-N01,GENETICO,1,43,129,7800,10032.275
BASE,OPERACION_DIARIA-ALTA-N01,GENETICO,1,43,130,7860,10032.275
BASE,OPERACION_DIARIA-ALTA-N01,GENETICO,1,43,131,7920,10032.275
BASE,OPERACION_DIARIA-ALTA-N01,GENETICO,1,43,132,7980,10032.275
BASE,OPERACION_DIARIA-ALTA-N01,GENETICO,1,43,133,8040,10032.275
BASE,OPERACION_DIARIA-ALTA-N01,GENETICO,1,43,134,8100,10032.275
BASE,OPERACION_DIARIA-ALTA-N01,GENETICO,1,43,135,8160,10032.275
BASE,OPERACION_DIARIA-ALTA-N01,GENETICO,1,43,136,8220,10032.275
BASE,OPERACION_DIARIA-ALTA-N01,GENETICO,1,43,137,8280,10032.275
BASE,OPERACION_DIARIA-ALTA-N01,GENETICO,1,43,138,8340,10032.275
BASE,OPERACION_DIARIA-ALTA-N01,GENETICO,1,43,139,8400,10032.275
BASE,OPERACION_DIARIA-ALTA-N01,GENETICO,1,43,140,8460,10032.275
BASE,OPERACION_DIARIA-ALTA-N01,GENETICO,1,43,141,8520,10032.275
BASE,OPERACION_DIARIA-ALTA-N01,GENETICO,1,43,142,8580,10032.275
BASE,OPERACION_DIARIA-ALTA-N01,GENETICO,1,43,143,8640,10032.275
BASE,OPERACION_DIARIA-ALTA-N01,GENETICO,1,43,144,8700,10032.275
BASE,OPERACION_DIARIA-ALTA-N01,GENETICO,1,43,145,8760,10032.275
BASE,OPERACION_DIARIA-ALTA-N01,GENETICO,1,43,146,8820,10032.275
BASE,OPERACION_DIARIA-ALTA-N01,GENETICO,1,43,147,8880,10032.275
BASE,OPERACION_DIARIA-ALTA-N01,GENETICO,1,43,148,8940,10032.275
BASE,OPERACION_DIARIA-ALTA-N01,GENETICO,1,43,149,9000,10032.275
BASE,OPERACION_DIARIA-ALTA-N01,GENETICO,1,43,150,9060,10032.275
BASE,OPERACION_DIARIA-CRITICA-N01,GENETICO,0,42,0,60,40.325
BASE,OPERACION_DIARIA-CRITICA-N01,GENETICO,0,42,1,120,40.29
BASE,OPERACION_DIARIA-CRITICA-N01,GENETICO,0,42,2,180,40.29
BASE,OPERACION_DIARIA-CRITICA-N01,GENETICO,0,42,3,240,40.19
BASE,OPERACION_DIARIA-CRITICA-N01,GENETICO,0,42,4,300,40.19
BASE,OPERACION_DIARIA-CRITICA-N01,GENETICO,0,42,5,360,40.19
BASE,OPERACION_DIARIA-CRITICA-N01,GENETICO,0,42,6,420,40.19
BASE,OPERACION_DIARIA-CRITICA-N01,GENETICO,0,42,7,480,40.19
BASE,OPERACION_DIARIA-CRITICA-N01,GENETICO,0,42,8,540,40.19
BASE,OPERACION_DIARIA-CRITICA-N01,GENETICO,0,42,9,600,40.19
BASE,OPERACION_DIARIA-CRITICA-N01,GENETICO,0,42,10,660,40.19
BASE,OPERACION_DIARIA-CRITICA-N01,GENETICO,0,42,11,720,40.19
BASE,OPERACION_DIARIA-CRITICA-N01,GENETICO,0,42,12,780,40.19
BASE,OPERACION_DIARIA-CRITICA-N01,GENETICO,0,42,13,840,40.19
BASE,OPERACION_DIARIA-CRITICA-N01,GENETICO,0,42,14,900,40.19
BASE,OPERACION_DIARIA-CRITICA-N01,GENETICO,0,42,15,960,40.19
BASE,OPERACION_DIARIA-CRITICA-N01,GENETICO,0,42,16,1020,40.19
BASE,OPERACION_DIARIA-CRITICA-N01,GENETICO,0,42,17,1080,40.19
BASE,OPERACION_DIARIA-CRITICA-N01,GENETICO,0,42,18,1140,40.19
BASE,OPERACION_DIARIA-CRITICA-N01,GENETICO,0,42,19,1200,40.19
BASE,OPERACION_DIARIA-CRITICA-N01,GENETICO,0,42,20,1260,40.19
BASE,OPERACION_DIARIA-CRITICA-N01,GENETICO,0,42,21,1320,40.19
BASE,OPERACION_DIARIA-CRITICA-N01,GENETICO,0,42,22,1380,40.19
BASE,OPERACION_DIARIA-CRITICA-N01,GENETICO,0,42,23,1440,40.19
BASE,OPERACION_DIARIA-CRITICA-N01,GENETICO,0,42,24,1500,40.19
BASE,OPERACION_DIARIA-CRITICA-N01,GENETICO,0,42,25,1560,40.19
BASE,OPERACION_DIARIA-CRITICA-N01,GENETICO,0,42,26,1620,40.19
BASE,OPERACION_DIARIA-CRITICA-N01,GENETICO,0,42,27,1680,40.19
BASE,OPERACION_DIARIA-CRITICA-N01,GENETICO,0,42,28,1740,40.19
BASE,OPERACION_DIARIA-CRITICA-N01,GENETICO,0,42,29,1800,40.19
BASE,OPERACION_DIARIA-CRITICA-N01,GENETICO,0,42,30,1860,40.19
BASE,OPERACION_DIARIA-CRITICA-N01,GENETICO,0,42,31,1920,40.19
BASE,OPERACION_DIARIA-CRITICA-N01,GENETICO,0,42,32,1980,40.19
BASE,OPERACION_DIARIA-CRITICA-N01,GENETICO,0,42,33,2040,40.19
BASE,OPERACION_DIARIA-CRITICA-N01,GENETICO,0,42,34,2100,40.19
BASE,OPERACION_DIARIA-CRITICA-N01,GENETICO,0,42,35,2160,40.19
BASE,OPERACION_DIARIA-CRITICA-N01,GENETICO,0,42,36,2220,40.19
BASE,OPERACION_DIARIA-CRITICA-N01,GENETICO,0,42,37,2280,40.19
BASE,OPERACION_DIARIA-CRITICA-N01,GENETICO,0,42,38,2340,40.19
BASE,OPERACION_DIARIA-CRITICA-N01,GENETICO,0,42,39,2400,40.19
BASE,OPERACION_DIARIA-CRITICA-N01,GENETICO,0,42,40,2460,40.19
BASE,OPERACION_DIARIA-CRITICA-N01,GENETICO,0,42,41,2520,40.19
BASE,OPERACION_DIARIA-CRITICA-N01,GENETICO,0,42,42,2580,40.19
BASE,OPERACION_DIARIA-CRITICA-N01,GENETICO,0,42,43,2640,40.19
BASE,OPERACION_DIARIA-CRITICA-N01,GENETICO,0,42,44,2700,40.19
BASE,OPERACION_DIARIA-CRITICA-N01,GENETICO,0,42,45,2760,40.19
BASE,OPERACION_DIARIA-CRITICA-N01,GENETICO,0,42,46,2820,40.19
BASE,OPERACION_DIARIA-CRITICA-N01,GENETICO,0,42,47,2880,40.19
BASE,OPERACION_DIARIA-CRITICA-N01,GENETICO,0,42,48,2940,40.19
BASE,OPERACION_DIARIA-CRITICA-N01,GENETICO,0,42,49,3000,40.19
BASE,OPERACION_DIARIA-CRITICA-N01,GENETICO,0,42,50,3060,40.19
BASE,OPERACION_DIARIA-CRITICA-N01,GENETICO,0,42,51,3120,40.19
BASE,OPERACION_DIARIA-CRITICA-N01,GENETICO,0,42,52,3180,40.19
BASE,OPERACION_DIARIA-CRITICA-N01,GENETICO,0,42,53,3240,40.19
BASE,OPERACION_DIARIA-CRITICA-N01,GENETICO,0,42,54,3300,40.19
BASE,OPERACION_DIARIA-CRITICA-N01,GENETICO,0,42,55,3360,40.19
BASE,OPERACION_DIARIA-CRITICA-N01,GENETICO,0,42,56,3420,40.19
BASE,OPERACION_DIARIA-CRITICA-N01,GENETICO,0,42,57,3480,40.19
BASE,OPERACION_DIARIA-CRITICA-N01,GENETICO,0,42,58,3540,40.19
BASE,OPERACION_DIARIA-CRITICA-N01,GENETICO,0,42,59,3600,40.19
BASE,OPERACION_DIARIA-CRITICA-N01,GENETICO,0,42,60,3660,40.19
BASE,OPERACION_DIARIA-CRITICA-N01,GENETICO,0,42,61,3720,40.19
BASE,OPERACION_DIARIA-CRITICA-N01,GENETICO,0,42,62,3780,40.19
BASE,OPERACION_DIARIA-CRITICA-N01,GENETICO,0,42,63,3840,40.19
BASE,OPERACION_DIARIA-CRITICA-N01,GENETICO,0,42,64,3900,40.19
BASE,OPERACION_DIARIA-CRITICA-N01,GENETICO,0,42,65,3960,40.19
BASE,OPERACION_DIARIA-CRITICA-N01,GENETICO,0,42,66,4020,40.19
BASE,OPERACION_DIARIA-CRITICA-N01,GENETICO,0,42,67,4080,40.19
BASE,OPERACION_DIARIA-CRITICA-N01,GENETICO,0,42,68,4140,40.19
BASE,OPERACION_DIARIA-CRITICA-N01,GENETICO,0,42,69,4200,40.19
BASE,OPERACION_DIARIA-CRITICA-N01,GENETICO,0,42,70,4260,40.19
BASE,OPERACION_DIARIA-CRITICA-N01,GENETICO,0,42,71,4320,40.19
BASE,OPERACION_DIARIA-CRITICA-N01,GENETICO,0,42,72,4380,40.19
BASE,OPERACION_DIARIA-CRITICA-N01,GENETICO,0,42,73,4440,40.19
BASE,OPERACION_DIARIA-CRITICA-N01,GENETICO,0,42,74,4500,40.19
BASE,OPERACION_DIARIA-CRITICA-N01,GENETICO,0,42,75,4560,40.19
BASE,OPERACION_DIARIA-CRITICA-N01,GENETICO,0,42,76,4620,40.19
BASE,OPERACION_DIARIA-CRITICA-N01,GENETICO,0,42,77,4680,40.19
BASE,OPERACION_DIARIA-CRITICA-N01,GENETICO,0,42,78,4740,40.19
BASE,OPERACION_DIARIA-CRITICA-N01,GENETICO,0,42,79,4800,40.19
BASE,OPERACION_DIARIA-CRITICA-N01,GENETICO,0,42,80,4860,40.19
BASE,OPERACION_DIARIA-CRITICA-N01,GENETICO,0,42,81,4920,40.19
BASE,OPERACION_DIARIA-CRITICA-N01,GENETICO,0,42,82,4980,40.19
BASE,OPERACION_DIARIA-CRITICA-N01,GENETICO,0,42,83,5040,40.19
BASE,OPERACION_DIARIA-CRITICA-N01,GENETICO,0,42,84,5100,40.19
BASE,OPERACION_DIARIA-CRITICA-N01,GENETICO,0,42,85,5160,40.19
BASE,OPERACION_DIARIA-CRITICA-N01,GENETICO,0,42,86,5220,40.19
BASE,OPERACION_DIARIA-CRITICA-N01,GENETICO,0,42,87,5280,40.19
BASE,OPERACION_DIARIA-CRITICA-N01,GENETICO,0,42,88,5340,40.19
BASE,OPERACION_DIARIA-CRITICA-N01,GENETICO,0,42,89,5400,40.19
BASE,OPERACION_DIARIA-CRITICA-N01,GENETICO,0,42,90,5460,40.19
BASE,OPERACION_DIARIA-CRITICA-N01,GENETICO,0,42,91,5520,40.19
BASE,OPERACION_DIARIA-CRITICA-N01,GENETICO,0,42,92,5580,40.19
BASE,OPERACION_DIARIA-CRITICA-N01,GENETICO,0,42,93,5640,40.19
BASE,OPERACION_DIARIA-CRITICA-N01,GENETICO,0,42,94,5700,40.19
BASE,OPERACION_DIARIA-CRITICA-N01,GENETICO,0,42,95,5760,40.19
BASE,OPERACION_DIARIA-CRITICA-N01,GENETICO,0,42,96,5820,40.19
BASE,OPERACION_DIARIA-CRITICA-N01,GENETICO,0,42,97,5880,40.19
BASE,OPERACION_DIARIA-CRITICA-N01,GENETICO,0,42,98,5940,40.19
BASE,OPERACION_DIARIA-CRITICA-N01,GENETICO,0,42,99,6000,40.19
BASE,OPERACION_DIARIA-CRITICA-N01,GENETICO,0,42,100,6060,40.19
BASE,OPERACION_DIARIA-CRITICA-N01,GENETICO,0,42,101,6120,40.19
BASE,OPERACION_DIARIA-CRITICA-N01,GENETICO,0,42,102,6180,40.19
BASE,OPERACION_DIARIA-CRITICA-N01,GENETICO,0,42,103,6240,40.19
BASE,OPERACION_DIARIA-CRITICA-N01,GENETICO,0,42,104,6300,40.19
BASE,OPERACION_DIARIA-CRITICA-N01,GENETICO,0,42,105,6360,40.19
BASE,OPERACION_DIARIA-CRITICA-N01,GENETICO,0,42,106,6420,40.19
BASE,OPERACION_DIARIA-CRITICA-N01,GENETICO,0,42,107,6480,40.19
BASE,OPERACION_DIARIA-CRITICA-N01,GENETICO,0,42,108,6540,40.19
BASE,OPERACION_DIARIA-CRITICA-N01,GENETICO,0,42,109,6600,40.19
BASE,OPERACION_DIARIA-CRITICA-N01,GENETICO,0,42,110,6660,40.19
BASE,OPERACION_DIARIA-CRITICA-N01,GENETICO,0,42,111,6720,40.19
BASE,OPERACION_DIARIA-CRITICA-N01,GENETICO,0,42,112,6780,40.19
BASE,OPERACION_DIARIA-CRITICA-N01,GENETICO,0,42,113,6840,40.19
BASE,OPERACION_DIARIA-CRITICA-N01,GENETICO,0,42,114,6900,40.19
BASE,OPERACION_DIARIA-CRITICA-N01,GENETICO,0,42,115,6960,40.19
BASE,OPERACION_DIARIA-CRITICA-N01,GENETICO,0,42,116,7020,40.19
BASE,OPERACION_DIARIA-CRITICA-N01,GENETICO,0,42,117,7080,40.19
BASE,OPERACION_DIARIA-CRITICA-N01,GENETICO,0,42,118,7140,40.19
BASE,OPERACION_DIARIA-CRITICA-N01,GENETICO,0,42,119,7200,40.19
BASE,OPERACION_DIARIA-CRITICA-N01,GENETICO,0,42,120,7260,40.19
BASE,OPERACION_DIARIA-CRITICA-N01,GENETICO,0,42,121,7320,40.19
BASE,OPERACION_DIARIA-CRITICA-N01,GENETICO,0,42,122,7380,40.19
BASE,OPERACION_DIARIA-CRITICA-N01,GENETICO,0,42,123,7440,40.19
BASE,OPERACION_DIARIA-CRITICA-N01,GENETICO,0,42,124,7500,40.19
BASE,OPERACION_DIARIA-CRITICA-N01,GENETICO,0,42,125,7560,40.19
BASE,OPERACION_DIARIA-CRITICA-N01,GENETICO,0,42,126,7620,40.19
BASE,OPERACION_DIARIA-CRITICA-N01,GENETICO,0,42,127,7680,40.19
BASE,OPERACION_DIARIA-CRITICA-N01,GENETICO,0,42,128,7740,40.19
BASE,OPERACION_DIARIA-CRITICA-N01,GENETICO,0,42,129,7800,40.19
BASE,OPERACION_DIARIA-CRITICA-N01,GENETICO,0,42,130,7860,40.19
BASE,OPERACION_DIARIA-CRITICA-N01,GENETICO,0,42,131,7920,40.19
BASE,OPERACION_DIARIA-CRITICA-N01,GENETICO,0,42,132,7980,40.19
BASE,OPERACION_DIARIA-CRITICA-N01,GENETICO,0,42,133,8040,40.19
BASE,OPERACION_DIARIA-CRITICA-N01,GENETICO,0,42,134,8100,40.19
BASE,OPERACION_DIARIA-CRITICA-N01,GENETICO,0,42,135,8160,40.19
BASE,OPERACION_DIARIA-CRITICA-N01,GENETICO,0,42,136,8220,40.19
BASE,OPERACION_DIARIA-CRITICA-N01,GENETICO,0,42,137,8280,40.19
BASE,OPERACION_DIARIA-CRITICA-N01,GENETICO,0,42,138,8340,40.19
BASE,OPERACION_DIARIA-CRITICA-N01,GENETICO,0,42,139,8400,40.19
BASE,OPERACION_DIARIA-CRITICA-N01,GENETICO,0,42,140,8460,40.19
BASE,OPERACION_DIARIA-CRITICA-N01,GENETICO,0,42,141,8520,40.19
BASE,OPERACION_DIARIA-CRITICA-N01,GENETICO,0,42,142,8580,40.19
BASE,OPERACION_DIARIA-CRITICA-N01,GENETICO,0,42,143,8640,40.19
BASE,OPERACION_DIARIA-CRITICA-N01,GENETICO,0,42,144,8700,40.19
BASE,OPERACION_DIARIA-CRITICA-N01,GENETICO,0,42,145,8760,40.19
BASE,OPERACION_DIARIA-CRITICA-N01,GENETICO,0,42,146,8820,40.19
BASE,OPERACION_DIARIA-CRITICA-N01,GENETICO,0,42,147,8880,40.19
BASE,OPERACION_DIARIA-CRITICA-N01,GENETICO,0,42,148,8940,40.19
BASE,OPERACION_DIARIA-CRITICA-N01,GENETICO,0,42,149,9000,40.19
BASE,OPERACION_DIARIA-CRITICA-N01,GENETICO,0,42,150,9060,40.19
BASE,OPERACION_DIARIA-CRITICA-N01,RECOCIDO_SIMULADO,0,42,0,101,41.8
BASE,OPERACION_DIARIA-CRITICA-N01,RECOCIDO_SIMULADO,0,42,1,141,41.8
BASE,OPERACION_DIARIA-CRITICA-N01,RECOCIDO_SIMULADO,0,42,2,181,41.8
BASE,OPERACION_DIARIA-CRITICA-N01,RECOCIDO_SIMULADO,0,42,3,221,41.8
BASE,OPERACION_DIARIA-CRITICA-N01,RECOCIDO_SIMULADO,0,42,4,261,41.8
BASE,OPERACION_DIARIA-CRITICA-N01,RECOCIDO_SIMULADO,0,42,5,301,41.8
BASE,OPERACION_DIARIA-CRITICA-N01,RECOCIDO_SIMULADO,0,42,6,341,41.8
BASE,OPERACION_DIARIA-CRITICA-N01,RECOCIDO_SIMULADO,0,42,7,381,41.8
BASE,OPERACION_DIARIA-CRITICA-N01,RECOCIDO_SIMULADO,0,42,8,421,41.8
BASE,OPERACION_DIARIA-CRITICA-N01,RECOCIDO_SIMULADO,0,42,9,461,41.8
BASE,OPERACION_DIARIA-CRITICA-N01,RECOCIDO_SIMULADO,0,42,10,501,41.8
BASE,OPERACION_DIARIA-CRITICA-N01,RECOCIDO_SIMULADO,0,42,11,541,41.8
BASE,OPERACION_DIARIA-CRITICA-N01,RECOCIDO_SIMULADO,0,42,12,581,41.8
BASE,OPERACION_DIARIA-CRITICA-N01,RECOCIDO_SIMULADO,0,42,13,621,41.8
BASE,OPERACION_DIARIA-CRITICA-N01,RECOCIDO_SIMULADO,0,42,14,661,41.8
BASE,OPERACION_DIARIA-CRITICA-N01,RECOCIDO_SIMULADO,0,42,15,701,41.8
BASE,OPERACION_DIARIA-CRITICA-N01,RECOCIDO_SIMULADO,0,42,16,741,41.8
BASE,OPERACION_DIARIA-CRITICA-N01,RECOCIDO_SIMULADO,0,42,17,781,41.8
BASE,OPERACION_DIARIA-CRITICA-N01,RECOCIDO_SIMULADO,0,42,18,821,41.8
BASE,OPERACION_DIARIA-CRITICA-N01,RECOCIDO_SIMULADO,0,42,19,861,41.8
BASE,OPERACION_DIARIA-CRITICA-N01,RECOCIDO_SIMULADO,0,42,20,901,41.8
BASE,OPERACION_DIARIA-CRITICA-N01,RECOCIDO_SIMULADO,0,42,21,941,41.8
BASE,OPERACION_DIARIA-CRITICA-N01,RECOCIDO_SIMULADO,0,42,22,981,41.8
BASE,OPERACION_DIARIA-CRITICA-N01,RECOCIDO_SIMULADO,0,42,23,1021,41.8
BASE,OPERACION_DIARIA-CRITICA-N01,RECOCIDO_SIMULADO,0,42,24,1061,41.8
BASE,OPERACION_DIARIA-CRITICA-N01,RECOCIDO_SIMULADO,0,42,25,1101,41.8
BASE,OPERACION_DIARIA-CRITICA-N01,RECOCIDO_SIMULADO,0,42,26,1141,41.8
BASE,OPERACION_DIARIA-CRITICA-N01,RECOCIDO_SIMULADO,0,42,27,1181,41.8
BASE,OPERACION_DIARIA-CRITICA-N01,RECOCIDO_SIMULADO,0,42,28,1221,41.8
BASE,OPERACION_DIARIA-CRITICA-N01,RECOCIDO_SIMULADO,0,42,29,1261,41.8
BASE,OPERACION_DIARIA-CRITICA-N01,RECOCIDO_SIMULADO,0,42,30,1301,41.8
BASE,OPERACION_DIARIA-CRITICA-N01,RECOCIDO_SIMULADO,0,42,31,1341,41.8
BASE,OPERACION_DIARIA-CRITICA-N01,RECOCIDO_SIMULADO,0,42,32,1381,41.8
BASE,OPERACION_DIARIA-CRITICA-N01,RECOCIDO_SIMULADO,0,42,33,1421,41.8
BASE,OPERACION_DIARIA-CRITICA-N01,RECOCIDO_SIMULADO,0,42,34,1461,41.8
BASE,OPERACION_DIARIA-CRITICA-N01,RECOCIDO_SIMULADO,0,42,35,1501,41.8
BASE,OPERACION_DIARIA-CRITICA-N01,RECOCIDO_SIMULADO,0,42,36,1541,41.8
BASE,OPERACION_DIARIA-CRITICA-N01,RECOCIDO_SIMULADO,0,42,37,1581,41.8
BASE,OPERACION_DIARIA-CRITICA-N01,RECOCIDO_SIMULADO,0,42,38,1621,41.8
BASE,OPERACION_DIARIA-CRITICA-N01,RECOCIDO_SIMULADO,0,42,39,1661,41.8
BASE,OPERACION_DIARIA-CRITICA-N01,RECOCIDO_SIMULADO,0,42,40,1701,41.8
BASE,OPERACION_DIARIA-CRITICA-N01,RECOCIDO_SIMULADO,0,42,41,1741,41.8
BASE,OPERACION_DIARIA-CRITICA-N01,RECOCIDO_SIMULADO,0,42,42,1781,41.8
BASE,OPERACION_DIARIA-CRITICA-N01,RECOCIDO_SIMULADO,0,42,43,1821,41.8
BASE,OPERACION_DIARIA-CRITICA-N01,RECOCIDO_SIMULADO,0,42,44,1861,41.8
BASE,OPERACION_DIARIA-CRITICA-N01,RECOCIDO_SIMULADO,0,42,45,1901,41.8
BASE,OPERACION_DIARIA-CRITICA-N01,RECOCIDO_SIMULADO,0,42,46,1941,41.8
BASE,OPERACION_DIARIA-CRITICA-N01,RECOCIDO_SIMULADO,0,42,47,1981,41.8
BASE,OPERACION_DIARIA-CRITICA-N01,RECOCIDO_SIMULADO,0,42,48,2021,41.8
BASE,OPERACION_DIARIA-CRITICA-N01,RECOCIDO_SIMULADO,0,42,49,2061,41.8
BASE,OPERACION_DIARIA-CRITICA-N01,RECOCIDO_SIMULADO,0,42,50,2101,41.8
BASE,OPERACION_DIARIA-CRITICA-N01,RECOCIDO_SIMULADO,0,42,51,2141,41.8
BASE,OPERACION_DIARIA-CRITICA-N01,RECOCIDO_SIMULADO,0,42,52,2181,41.8
BASE,OPERACION_DIARIA-CRITICA-N01,RECOCIDO_SIMULADO,0,42,53,2221,41.8
BASE,OPERACION_DIARIA-CRITICA-N01,RECOCIDO_SIMULADO,0,42,54,2261,41.8
BASE,OPERACION_DIARIA-CRITICA-N01,RECOCIDO_SIMULADO,0,42,55,2301,41.8
BASE,OPERACION_DIARIA-CRITICA-N01,RECOCIDO_SIMULADO,0,42,56,2341,41.8
BASE,OPERACION_DIARIA-CRITICA-N01,RECOCIDO_SIMULADO,0,42,57,2381,41.8
BASE,OPERACION_DIARIA-CRITICA-N01,RECOCIDO_SIMULADO,0,42,58,2421,41.8
BASE,OPERACION_DIARIA-CRITICA-N01,RECOCIDO_SIMULADO,0,42,59,2461,41.74
BASE,OPERACION_DIARIA-CRITICA-N01,RECOCIDO_SIMULADO,0,42,60,2501,41.74
BASE,OPERACION_DIARIA-CRITICA-N01,RECOCIDO_SIMULADO,0,42,61,2541,41.74
BASE,OPERACION_DIARIA-CRITICA-N01,RECOCIDO_SIMULADO,0,42,62,2581,41.74
BASE,OPERACION_DIARIA-CRITICA-N01,RECOCIDO_SIMULADO,0,42,63,2621,41.74
BASE,OPERACION_DIARIA-CRITICA-N01,RECOCIDO_SIMULADO,0,42,64,2661,41.74
BASE,OPERACION_DIARIA-CRITICA-N01,RECOCIDO_SIMULADO,0,42,65,2701,41.74
BASE,OPERACION_DIARIA-CRITICA-N01,RECOCIDO_SIMULADO,0,42,66,2741,41.74
BASE,OPERACION_DIARIA-CRITICA-N01,RECOCIDO_SIMULADO,0,42,67,2781,41.74
BASE,OPERACION_DIARIA-CRITICA-N01,RECOCIDO_SIMULADO,0,42,68,2821,41.74
BASE,OPERACION_DIARIA-CRITICA-N01,RECOCIDO_SIMULADO,0,42,69,2861,41.74
BASE,OPERACION_DIARIA-CRITICA-N01,RECOCIDO_SIMULADO,0,42,70,2901,41.74
BASE,OPERACION_DIARIA-CRITICA-N01,RECOCIDO_SIMULADO,0,42,71,2941,41.74
BASE,OPERACION_DIARIA-CRITICA-N01,RECOCIDO_SIMULADO,0,42,72,2981,41.74
BASE,OPERACION_DIARIA-CRITICA-N01,RECOCIDO_SIMULADO,0,42,73,3021,41.74
BASE,OPERACION_DIARIA-CRITICA-N01,RECOCIDO_SIMULADO,0,42,74,3061,41.74
BASE,OPERACION_DIARIA-CRITICA-N01,RECOCIDO_SIMULADO,0,42,75,3101,41.74
BASE,OPERACION_DIARIA-CRITICA-N01,RECOCIDO_SIMULADO,0,42,76,3141,41.74
BASE,OPERACION_DIARIA-CRITICA-N01,RECOCIDO_SIMULADO,0,42,77,3181,41.74
BASE,OPERACION_DIARIA-CRITICA-N01,RECOCIDO_SIMULADO,0,42,78,3221,41.74
BASE,OPERACION_DIARIA-CRITICA-N01,RECOCIDO_SIMULADO,0,42,79,3261,41.74
BASE,OPERACION_DIARIA-CRITICA-N01,RECOCIDO_SIMULADO,0,42,80,3301,41.74
BASE,OPERACION_DIARIA-CRITICA-N01,RECOCIDO_SIMULADO,0,42,81,3341,41.74
BASE,OPERACION_DIARIA-CRITICA-N01,RECOCIDO_SIMULADO,0,42,82,3381,41.74
BASE,OPERACION_DIARIA-CRITICA-N01,RECOCIDO_SIMULADO,0,42,83,3421,41.74
BASE,OPERACION_DIARIA-CRITICA-N01,RECOCIDO_SIMULADO,0,42,84,3461,41.74
BASE,OPERACION_DIARIA-CRITICA-N01,RECOCIDO_SIMULADO,0,42,85,3501,41.74
BASE,OPERACION_DIARIA-CRITICA-N01,RECOCIDO_SIMULADO,0,42,86,3541,41.74
BASE,OPERACION_DIARIA-CRITICA-N01,RECOCIDO_SIMULADO,0,42,87,3581,41.74
BASE,OPERACION_DIARIA-CRITICA-N01,RECOCIDO_SIMULADO,1,43,0,101,41.8
BASE,OPERACION_DIARIA-CRITICA-N01,RECOCIDO_SIMULADO,1,43,1,141,41.8
BASE,OPERACION_DIARIA-CRITICA-N01,RECOCIDO_SIMULADO,1,43,2,181,41.8
BASE,OPERACION_DIARIA-CRITICA-N01,RECOCIDO_SIMULADO,1,43,3,221,41.8
BASE,OPERACION_DIARIA-CRITICA-N01,RECOCIDO_SIMULADO,1,43,4,261,41.8
BASE,OPERACION_DIARIA-CRITICA-N01,RECOCIDO_SIMULADO,1,43,5,301,41.8
BASE,OPERACION_DIARIA-CRITICA-N01,RECOCIDO_SIMULADO,1,43,6,341,41.8
BASE,OPERACION_DIARIA-CRITICA-N01,RECOCIDO_SIMULADO,1,43,7,381,41.8
BASE,OPERACION_DIARIA-CRITICA-N01,RECOCIDO_SIMULADO,1,43,8,421,41.8
BASE,OPERACION_DIARIA-CRITICA-N01,RECOCIDO_SIMULADO,1,43,9,461,41.8
BASE,OPERACION_DIARIA-CRITICA-N01,RECOCIDO_SIMULADO,1,43,10,501,41.8
BASE,OPERACION_DIARIA-CRITICA-N01,RECOCIDO_SIMULADO,1,43,11,541,41.8
BASE,OPERACION_DIARIA-CRITICA-N01,RECOCIDO_SIMULADO,1,43,12,581,41.8
BASE,OPERACION_DIARIA-CRITICA-N01,RECOCIDO_SIMULADO,1,43,13,621,41.8
BASE,OPERACION_DIARIA-CRITICA-N01,RECOCIDO_SIMULADO,1,43,14,661,41.8
BASE,OPERACION_DIARIA-CRITICA-N01,RECOCIDO_SIMULADO,1,43,15,701,41.8
BASE,OPERACION_DIARIA-CRITICA-N01,RECOCIDO_SIMULADO,1,43,16,741,41.8
BASE,OPERACION_DIARIA-CRITICA-N01,RECOCIDO_SIMULADO,1,43,17,781,41.8
BASE,OPERACION_DIARIA-CRITICA-N01,RECOCIDO_SIMULADO,1,43,18,821,41.8
BASE,OPERACION_DIARIA-CRITICA-N01,RECOCIDO_SIMULADO,1,43,19,861,41.8
BASE,OPERACION_DIARIA-CRITICA-N01,RECOCIDO_SIMULADO,1,43,20,901,41.8
BASE,OPERACION_DIARIA-CRITICA-N01,RECOCIDO_SIMULADO,1,43,21,941,41.8
BASE,OPERACION_DIARIA-CRITICA-N01,RECOCIDO_SIMULADO,1,43,22,981,41.8
BASE,OPERACION_DIARIA-CRITICA-N01,RECOCIDO_SIMULADO,1,43,23,1021,41.8
BASE,OPERACION_DIARIA-CRITICA-N01,RECOCIDO_SIMULADO,1,43,24,1061,41.8
BASE,OPERACION_DIARIA-CRITICA-N01,RECOCIDO_SIMULADO,1,43,25,1101,41.8
BASE,OPERACION_DIARIA-CRITICA-N01,RECOCIDO_SIMULADO,1,43,26,1141,41.8
BASE,OPERACION_DIARIA-CRITICA-N01,RECOCIDO_SIMULADO,1,43,27,1181,41.8
BASE,OPERACION_DIARIA-CRITICA-N01,RECOCIDO_SIMULADO,1,43,28,1221,41.8
BASE,OPERACION_DIARIA-CRITICA-N01,RECOCIDO_SIMULADO,1,43,29,1261,41.8
BASE,OPERACION_DIARIA-CRITICA-N01,RECOCIDO_SIMULADO,1,43,30,1301,41.8
BASE,OPERACION_DIARIA-CRITICA-N01,RECOCIDO_SIMULADO,1,43,31,1341,41.8
BASE,OPERACION_DIARIA-CRITICA-N01,RECOCIDO_SIMULADO,1,43,32,1381,41.8
BASE,OPERACION_DIARIA-CRITICA-N01,RECOCIDO_SIMULADO,1,43,33,1421,41.8
BASE,OPERACION_DIARIA-CRITICA-N01,RECOCIDO_SIMULADO,1,43,34,1461,41.8
BASE,OPERACION_DIARIA-CRITICA-N01,RECOCIDO_SIMULADO,1,43,35,1501,41.8
BASE,OPERACION_DIARIA-CRITICA-N01,RECOCIDO_SIMULADO,1,43,36,1541,41.8
BASE,OPERACION_DIARIA-CRITICA-N01,RECOCIDO_SIMULADO,1,43,37,1581,41.8
BASE,OPERACION_DIARIA-CRITICA-N01,RECOCIDO_SIMULADO,1,43,38,1621,41.8
BASE,OPERACION_DIARIA-CRITICA-N01,RECOCIDO_SIMULADO,1,43,39,1661,41.8
BASE,OPERACION_DIARIA-CRITICA-N01,RECOCIDO_SIMULADO,1,43,40,1701,41.8
BASE,OPERACION_DIARIA-CRITICA-N01,RECOCIDO_SIMULADO,1,43,41,1741,41.8
BASE,OPERACION_DIARIA-CRITICA-N01,RECOCIDO_SIMULADO,1,43,42,1781,41.8
BASE,OPERACION_DIARIA-CRITICA-N01,RECOCIDO_SIMULADO,1,43,43,1821,41.8
BASE,OPERACION_DIARIA-CRITICA-N01,RECOCIDO_SIMULADO,1,43,44,1861,41.8
BASE,OPERACION_DIARIA-CRITICA-N01,RECOCIDO_SIMULADO,1,43,45,1901,41.8
BASE,OPERACION_DIARIA-CRITICA-N01,RECOCIDO_SIMULADO,1,43,46,1941,41.8
BASE,OPERACION_DIARIA-CRITICA-N01,RECOCIDO_SIMULADO,1,43,47,1981,41.8
BASE,OPERACION_DIARIA-CRITICA-N01,RECOCIDO_SIMULADO,1,43,48,2021,41.8
BASE,OPERACION_DIARIA-CRITICA-N01,RECOCIDO_SIMULADO,1,43,49,2061,41.8
BASE,OPERACION_DIARIA-CRITICA-N01,RECOCIDO_SIMULADO,1,43,50,2101,41.8
BASE,OPERACION_DIARIA-CRITICA-N01,RECOCIDO_SIMULADO,1,43,51,2141,41.8
BASE,OPERACION_DIARIA-CRITICA-N01,RECOCIDO_SIMULADO,1,43,52,2181,41.8
BASE,OPERACION_DIARIA-CRITICA-N01,RECOCIDO_SIMULADO,1,43,53,2221,41.8
BASE,OPERACION_DIARIA-CRITICA-N01,RECOCIDO_SIMULADO,1,43,54,2261,41.8
BASE,OPERACION_DIARIA-CRITICA-N01,RECOCIDO_SIMULADO,1,43,55,2301,41.8
BASE,OPERACION_DIARIA-CRITICA-N01,RECOCIDO_SIMULADO,1,43,56,2341,41.8
BASE,OPERACION_DIARIA-CRITICA-N01,RECOCIDO_SIMULADO,1,43,57,2381,41.8
BASE,OPERACION_DIARIA-CRITICA-N01,RECOCIDO_SIMULADO,1,43,58,2421,41.8
BASE,OPERACION_DIARIA-CRITICA-N01,RECOCIDO_SIMULADO,1,43,59,2461,41.8
BASE,OPERACION_DIARIA-CRITICA-N01,RECOCIDO_SIMULADO,1,43,60,2501,41.8
BASE,OPERACION_DIARIA-CRITICA-N01,RECOCIDO_SIMULADO,1,43,61,2541,41.8
BASE,OPERACION_DIARIA-CRITICA-N01,RECOCIDO_SIMULADO,1,43,62,2581,41.8
BASE,OPERACION_DIARIA-CRITICA-N01,RECOCIDO_SIMULADO,1,43,63,2621,41.8
BASE,OPERACION_DIARIA-CRITICA-N01,RECOCIDO_SIMULADO,1,43,64,2661,41.8
BASE,OPERACION_DIARIA-CRITICA-N01,RECOCIDO_SIMULADO,1,43,65,2701,41.8
BASE,OPERACION_DIARIA-CRITICA-N01,RECOCIDO_SIMULADO,1,43,66,2741,41.8
BASE,OPERACION_DIARIA-CRITICA-N01,RECOCIDO_SIMULADO,1,43,67,2781,41.8
BASE,OPERACION_DIARIA-CRITICA-N01,RECOCIDO_SIMULADO,1,43,68,2821,41.191667
BASE,OPERACION_DIARIA-CRITICA-N01,RECOCIDO_SIMULADO,1,43,69,2861,41.115
BASE,OPERACION_DIARIA-CRITICA-N01,RECOCIDO_SIMULADO,1,43,70,2901,41.115
BASE,OPERACION_DIARIA-CRITICA-N01,RECOCIDO_SIMULADO,1,43,71,2941,41.115
BASE,OPERACION_DIARIA-CRITICA-N01,RECOCIDO_SIMULADO,1,43,72,2981,41.115
BASE,OPERACION_DIARIA-CRITICA-N01,RECOCIDO_SIMULADO,1,43,73,3021,41.115
BASE,OPERACION_DIARIA-CRITICA-N01,RECOCIDO_SIMULADO,1,43,74,3061,41.115
BASE,OPERACION_DIARIA-CRITICA-N01,RECOCIDO_SIMULADO,1,43,75,3101,41.115
BASE,OPERACION_DIARIA-CRITICA-N01,RECOCIDO_SIMULADO,1,43,76,3141,41.115
BASE,OPERACION_DIARIA-CRITICA-N01,RECOCIDO_SIMULADO,1,43,77,3181,41.115
BASE,OPERACION_DIARIA-CRITICA-N01,RECOCIDO_SIMULADO,1,43,78,3221,41.115
BASE,OPERACION_DIARIA-CRITICA-N01,RECOCIDO_SIMULADO,1,43,79,3261,41.115
BASE,OPERACION_DIARIA-CRITICA-N01,RECOCIDO_SIMULADO,1,43,80,3301,41.115
BASE,OPERACION_DIARIA-CRITICA-N01,RECOCIDO_SIMULADO,1,43,81,3341,41.048333
BASE,OPERACION_DIARIA-CRITICA-N01,RECOCIDO_SIMULADO,1,43,82,3381,41.048333
BASE,OPERACION_DIARIA-CRITICA-N01,RECOCIDO_SIMULADO,1,43,83,3421,41.048333
BASE,OPERACION_DIARIA-CRITICA-N01,GENETICO,1,43,0,60,40.325
BASE,OPERACION_DIARIA-CRITICA-N01,GENETICO,1,43,1,120,40.325
BASE,OPERACION_DIARIA-CRITICA-N01,GENETICO,1,43,2,180,40.325
BASE,OPERACION_DIARIA-CRITICA-N01,GENETICO,1,43,3,240,40.325
BASE,OPERACION_DIARIA-CRITICA-N01,GENETICO,1,43,4,300,40.325
BASE,OPERACION_DIARIA-CRITICA-N01,GENETICO,1,43,5,360,40.325
BASE,OPERACION_DIARIA-CRITICA-N01,GENETICO,1,43,6,420,40.325
BASE,OPERACION_DIARIA-CRITICA-N01,GENETICO,1,43,7,480,40.325
BASE,OPERACION_DIARIA-CRITICA-N01,GENETICO,1,43,8,540,40.325
BASE,OPERACION_DIARIA-CRITICA-N01,GENETICO,1,43,9,600,40.325
BASE,OPERACION_DIARIA-CRITICA-N01,GENETICO,1,43,10,660,40.19
BASE,OPERACION_DIARIA-CRITICA-N01,GENETICO,1,43,11,720,40.19
BASE,OPERACION_DIARIA-CRITICA-N01,GENETICO,1,43,12,780,40.19
BASE,OPERACION_DIARIA-CRITICA-N01,GENETICO,1,43,13,840,40.19
BASE,OPERACION_DIARIA-CRITICA-N01,GENETICO,1,43,14,900,40.19
BASE,OPERACION_DIARIA-CRITICA-N01,GENETICO,1,43,15,960,40.19
BASE,OPERACION_DIARIA-CRITICA-N01,GENETICO,1,43,16,1020,40.19
BASE,OPERACION_DIARIA-CRITICA-N01,GENETICO,1,43,17,1080,40.19
BASE,OPERACION_DIARIA-CRITICA-N01,GENETICO,1,43,18,1140,40.19
BASE,OPERACION_DIARIA-CRITICA-N01,GENETICO,1,43,19,1200,40.19
BASE,OPERACION_DIARIA-CRITICA-N01,GENETICO,1,43,20,1260,40.19
BASE,OPERACION_DIARIA-CRITICA-N01,GENETICO,1,43,21,1320,40.19
BASE,OPERACION_DIARIA-CRITICA-N01,GENETICO,1,43,22,1380,40.19
BASE,OPERACION_DIARIA-CRITICA-N01,GENETICO,1,43,23,1440,40.19
BASE,OPERACION_DIARIA-CRITICA-N01,GENETICO,1,43,24,1500,40.19
BASE,OPERACION_DIARIA-CRITICA-N01,GENETICO,1,43,25,1560,40.19
BASE,OPERACION_DIARIA-CRITICA-N01,GENETICO,1,43,26,1620,40.19
BASE,OPERACION_DIARIA-CRITICA-N01,GENETICO,1,43,27,1680,40.19
BASE,OPERACION_DIARIA-CRITICA-N01,GENETICO,1,43,28,1740,40.19
BASE,OPERACION_DIARIA-CRITICA-N01,GENETICO,1,43,29,1800,40.19
BASE,OPERACION_DIARIA-CRITICA-N01,GENETICO,1,43,30,1860,40.19
BASE,OPERACION_DIARIA-CRITICA-N01,GENETICO,1,43,31,1920,40.19
BASE,OPERACION_DIARIA-CRITICA-N01,GENETICO,1,43,32,1980,40.19
BASE,OPERACION_DIARIA-CRITICA-N01,GENETICO,1,43,33,2040,40.19
BASE,OPERACION_DIARIA-CRITICA-N01,GENETICO,1,43,34,2100,40.19
BASE,OPERACION_DIARIA-CRITICA-N01,GENETICO,1,43,35,2160,40.19
BASE,OPERACION_DIARIA-CRITICA-N01,GENETICO,1,43,36,2220,40.19
BASE,OPERACION_DIARIA-CRITICA-N01,GENETICO,1,43,37,2280,40.19
BASE,OPERACION_DIARIA-CRITICA-N01,GENETICO,1,43,38,2340,40.19
BASE,OPERACION_DIARIA-CRITICA-N01,GENETICO,1,43,39,2400,40.19
BASE,OPERACION_DIARIA-CRITICA-N01,GENETICO,1,43,40,2460,40.19
BASE,OPERACION_DIARIA-CRITICA-N01,GENETICO,1,43,41,2520,40.19
BASE,OPERACION_DIARIA-CRITICA-N01,GENETICO,1,43,42,2580,40.19
BASE,OPERACION_DIARIA-CRITICA-N01,GENETICO,1,43,43,2640,40.19
BASE,OPERACION_DIARIA-CRITICA-N01,GENETICO,1,43,44,2700,40.19
BASE,OPERACION_DIARIA-CRITICA-N01,GENETICO,1,43,45,2760,40.19
BASE,OPERACION_DIARIA-CRITICA-N01,GENETICO,1,43,46,2820,40.19
BASE,OPERACION_DIARIA-CRITICA-N01,GENETICO,1,43,47,2880,40.19
BASE,OPERACION_DIARIA-CRITICA-N01,GENETICO,1,43,48,2940,40.19
BASE,OPERACION_DIARIA-CRITICA-N01,GENETICO,1,43,49,3000,40.19
BASE,OPERACION_DIARIA-CRITICA-N01,GENETICO,1,43,50,3060,40.19
BASE,OPERACION_DIARIA-CRITICA-N01,GENETICO,1,43,51,3120,40.19
BASE,OPERACION_DIARIA-CRITICA-N01,GENETICO,1,43,52,3180,40.19
BASE,OPERACION_DIARIA-CRITICA-N01,GENETICO,1,43,53,3240,40.19
BASE,OPERACION_DIARIA-CRITICA-N01,GENETICO,1,43,54,3300,40.19
BASE,OPERACION_DIARIA-CRITICA-N01,GENETICO,1,43,55,3360,40.19
BASE,OPERACION_DIARIA-CRITICA-N01,GENETICO,1,43,56,3420,40.19
BASE,OPERACION_DIARIA-CRITICA-N01,GENETICO,1,43,57,3480,40.19
BASE,OPERACION_DIARIA-CRITICA-N01,GENETICO,1,43,58,3540,40.19
BASE,OPERACION_DIARIA-CRITICA-N01,GENETICO,1,43,59,3600,40.19
BASE,OPERACION_DIARIA-CRITICA-N01,GENETICO,1,43,60,3660,40.19
BASE,OPERACION_DIARIA-CRITICA-N01,GENETICO,1,43,61,3720,40.19
BASE,OPERACION_DIARIA-CRITICA-N01,GENETICO,1,43,62,3780,40.19
BASE,OPERACION_DIARIA-CRITICA-N01,GENETICO,1,43,63,3840,40.19
BASE,OPERACION_DIARIA-CRITICA-N01,GENETICO,1,43,64,3900,40.19
BASE,OPERACION_DIARIA-CRITICA-N01,GENETICO,1,43,65,3960,40.19
BASE,OPERACION_DIARIA-CRITICA-N01,GENETICO,1,43,66,4020,40.19
BASE,OPERACION_DIARIA-CRITICA-N01,GENETICO,1,43,67,4080,40.19
BASE,OPERACION_DIARIA-CRITICA-N01,GENETICO,1,43,68,4140,40.19
BASE,OPERACION_DIARIA-CRITICA-N01,GENETICO,1,43,69,4200,40.19
BASE,OPERACION_DIARIA-CRITICA-N01,GENETICO,1,43,70,4260,40.19
BASE,OPERACION_DIARIA-CRITICA-N01,GENETICO,1,43,71,4320,40.19
BASE,OPERACION_DIARIA-CRITICA-N01,GENETICO,1,43,72,4380,40.19
BASE,OPERACION_DIARIA-CRITICA-N01,GENETICO,1,43,73,4440,40.19
BASE,OPERACION_DIARIA-CRITICA-N01,GENETICO,1,43,74,4500,40.19
BASE,OPERACION_DIARIA-CRITICA-N01,GENETICO,1,43,75,4560,40.19
BASE,OPERACION_DIARIA-CRITICA-N01,GENETICO,1,43,76,4620,40.19
BASE,OPERACION_DIARIA-CRITICA-N01,GENETICO,1,43,77,4680,40.19
BASE,OPERACION_DIARIA-CRITICA-N01,GENETICO,1,43,78,4740,40.19
BASE,OPERACION_DIARIA-CRITICA-N01,GENETICO,1,43,79,4800,40.19
BASE,OPERACION_DIARIA-CRITICA-N01,GENETICO,1,43,80,4860,40.19
BASE,OPERACION_DIARIA-CRITICA-N01,GENETICO,1,43,81,4920,40.19
BASE,OPERACION_DIARIA-CRITICA-N01,GENETICO,1,43,82,4980,40.19
BASE,OPERACION_DIARIA-CRITICA-N01,GENETICO,1,43,83,5040,40.19
BASE,OPERACION_DIARIA-CRITICA-N01,GENETICO,1,43,84,5100,40.19
BASE,OPERACION_DIARIA-CRITICA-N01,GENETICO,1,43,85,5160,40.19
BASE,OPERACION_DIARIA-CRITICA-N01,GENETICO,1,43,86,5220,40.19
BASE,OPERACION_DIARIA-CRITICA-N01,GENETICO,1,43,87,5280,40.19
BASE,OPERACION_DIARIA-CRITICA-N01,GENETICO,1,43,88,5340,40.19
BASE,OPERACION_DIARIA-CRITICA-N01,GENETICO,1,43,89,5400,40.19
BASE,OPERACION_DIARIA-CRITICA-N01,GENETICO,1,43,90,5460,40.19
BASE,OPERACION_DIARIA-CRITICA-N01,GENETICO,1,43,91,5520,40.19
BASE,OPERACION_DIARIA-CRITICA-N01,GENETICO,1,43,92,5580,40.19
BASE,OPERACION_DIARIA-CRITICA-N01,GENETICO,1,43,93,5640,40.19
BASE,OPERACION_DIARIA-CRITICA-N01,GENETICO,1,43,94,5700,40.19
BASE,OPERACION_DIARIA-CRITICA-N01,GENETICO,1,43,95,5760,40.19
BASE,OPERACION_DIARIA-CRITICA-N01,GENETICO,1,43,96,5820,40.19
BASE,OPERACION_DIARIA-CRITICA-N01,GENETICO,1,43,97,5880,40.19
BASE,OPERACION_DIARIA-CRITICA-N01,GENETICO,1,43,98,5940,40.19
BASE,OPERACION_DIARIA-CRITICA-N01,GENETICO,1,43,99,6000,40.19
BASE,OPERACION_DIARIA-CRITICA-N01,GENETICO,1,43,100,6060,40.19
BASE,OPERACION_DIARIA-CRITICA-N01,GENETICO,1,43,101,6120,40.19
BASE,OPERACION_DIARIA-CRITICA-N01,GENETICO,1,43,102,6180,40.19
BASE,OPERACION_DIARIA-CRITICA-N01,GENETICO,1,43,103,6240,40.19
BASE,OPERACION_DIARIA-CRITICA-N01,GENETICO,1,43,104,6300,40.19
BASE,OPERACION_DIARIA-CRITICA-N01,GENETICO,1,43,105,6360,40.19
BASE,OPERACION_DIARIA-CRITICA-N01,GENETICO,1,43,106,6420,40.19
BASE,OPERACION_DIARIA-CRITICA-N01,GENETICO,1,43,107,6480,40.19
BASE,OPERACION_DIARIA-CRITICA-N01,GENETICO,1,43,108,6540,40.19
BASE,OPERACION_DIARIA-CRITICA-N01,GENETICO,1,43,109,6600,40.19
BASE,OPERACION_DIARIA-CRITICA-N01,GENETICO,1,43,110,6660,40.19
BASE,OPERACION_DIARIA-CRITICA-N01,GENETICO,1,43,111,6720,40.19
BASE,OPERACION_DIARIA-CRITICA-N01,GENETICO,1,43,112,6780,40.19
BASE,OPERACION_DIARIA-CRITICA-N01,GENETICO,1,43,113,6840,40.19
BASE,OPERACION_DIARIA-CRITICA-N01,GENETICO,1,43,114,6900,40.19
BASE,OPERACION_DIARIA-CRITICA-N01,GENETICO,1,43,115,6960,40.19
BASE,OPERACION_DIARIA-CRITICA-N01,GENETICO,1,43,116,7020,40.19
BASE,OPERACION_DIARIA-CRITICA-N01,GENETICO,1,43,117,7080,40.19
BASE,OPERACION_DIARIA-CRITICA-N01,GENETICO,1,43,118,7140,40.19
BASE,OPERACION_DIARIA-CRITICA-N01,GENETICO,1,43,119,7200,40.19
BASE,OPERACION_DIARIA-CRITICA-N01,GENETICO,1,43,120,7260,40.19
BASE,OPERACION_DIARIA-CRITICA-N01,GENETICO,1,43,121,7320,40.19
BASE,OPERACION_DIARIA-CRITICA-N01,GENETICO,1,43,122,7380,40.19
BASE,OPERACION_DIARIA-CRITICA-N01,GENETICO,1,43,123,7440,40.19
BASE,OPERACION_DIARIA-CRITICA-N01,GENETICO,1,43,124,7500,40.19
BASE,OPERACION_DIARIA-CRITICA-N01,GENETICO,1,43,125,7560,40.19
BASE,OPERACION_DIARIA-CRITICA-N01,GENETICO,1,43,126,7620,40.19
BASE,OPERACION_DIARIA-CRITICA-N01,GENETICO,1,43,127,7680,40.19
BASE,OPERACION_DIARIA-CRITICA-N01,GENETICO,1,43,128,7740,40.19
BASE,OPERACION_DIARIA-CRITICA-N01,GENETICO,1,43,129,7800,40.19
BASE,OPERACION_DIARIA-CRITICA-N01,GENETICO,1,43,130,7860,40.19
BASE,OPERACION_DIARIA-CRITICA-N01,GENETICO,1,43,131,7920,40.19
BASE,OPERACION_DIARIA-CRITICA-N01,GENETICO,1,43,132,7980,40.19
BASE,OPERACION_DIARIA-CRITICA-N01,GENETICO,1,43,133,8040,40.19
BASE,OPERACION_DIARIA-CRITICA-N01,GENETICO,1,43,134,8100,40.19
BASE,OPERACION_DIARIA-CRITICA-N01,GENETICO,1,43,135,8160,40.19
BASE,OPERACION_DIARIA-CRITICA-N01,GENETICO,1,43,136,8220,40.19
BASE,OPERACION_DIARIA-CRITICA-N01,GENETICO,1,43,137,8280,40.19
BASE,OPERACION_DIARIA-CRITICA-N01,GENETICO,1,43,138,8340,40.19
BASE,OPERACION_DIARIA-CRITICA-N01,GENETICO,1,43,139,8400,40.19
BASE,OPERACION_DIARIA-CRITICA-N01,GENETICO,1,43,140,8460,40.19
BASE,OPERACION_DIARIA-CRITICA-N01,GENETICO,1,43,141,8520,40.19
BASE,OPERACION_DIARIA-CRITICA-N01,GENETICO,1,43,142,8580,40.19
BASE,OPERACION_DIARIA-CRITICA-N01,GENETICO,1,43,143,8640,40.19
BASE,OPERACION_DIARIA-CRITICA-N01,GENETICO,1,43,144,8700,40.19
BASE,OPERACION_DIARIA-CRITICA-N01,GENETICO,1,43,145,8760,40.19
BASE,OPERACION_DIARIA-CRITICA-N01,GENETICO,1,43,146,8820,40.19
BASE,OPERACION_DIARIA-CRITICA-N01,GENETICO,1,43,147,8880,40.19
BASE,OPERACION_DIARIA-CRITICA-N01,GENETICO,1,43,148,8940,40.19
BASE,OPERACION_DIARIA-CRITICA-N01,GENETICO,1,43,149,9000,40.19
BASE,OPERACION_DIARIA-CRITICA-N01,GENETICO,1,43,150,9060,40.19
BASE,COLAPSO_LOGISTICO-NORMAL-N01,GENETICO,0,42,0,60,60084.463333
BASE,COLAPSO_LOGISTICO-NORMAL-N01,GENETICO,0,42,1,120,60084.463333
BASE,COLAPSO_LOGISTICO-NORMAL-N01,GENETICO,0,42,2,180,60084.463333
BASE,COLAPSO_LOGISTICO-NORMAL-N01,GENETICO,0,42,3,240,60084.463333
BASE,COLAPSO_LOGISTICO-NORMAL-N01,GENETICO,0,42,4,300,60084.463333
BASE,COLAPSO_LOGISTICO-NORMAL-N01,GENETICO,0,42,5,360,60084.463333
BASE,COLAPSO_LOGISTICO-NORMAL-N01,GENETICO,0,42,6,420,60076.696667
BASE,COLAPSO_LOGISTICO-NORMAL-N01,GENETICO,0,42,7,480,60076.696667
BASE,COLAPSO_LOGISTICO-NORMAL-N01,GENETICO,0,42,8,540,60076.696667
BASE,COLAPSO_LOGISTICO-NORMAL-N01,GENETICO,0,42,9,600,60076.696667
BASE,COLAPSO_LOGISTICO-NORMAL-N01,GENETICO,0,42,10,660,60076.696667
BASE,COLAPSO_LOGISTICO-NORMAL-N01,GENETICO,0,42,11,720,60076.696667
BASE,COLAPSO_LOGISTICO-NORMAL-N01,GENETICO,0,42,12,780,60076.696667
BASE,COLAPSO_LOGISTICO-NORMAL-N01,GENETICO,0,42,13,840,60076.696667
BASE,COLAPSO_LOGISTICO-NORMAL-N01,GENETICO,0,42,14,900,60076.696667
BASE,COLAPSO_LOGISTICO-NORMAL-N01,GENETICO,0,42,15,960,60076.696667
BASE,COLAPSO_LOGISTICO-NORMAL-N01,GENETICO,0,42,16,1020,60076.696667
BASE,COLAPSO_LOGISTICO-NORMAL-N01,GENETICO,0,42,17,1080,60076.696667
BASE,COLAPSO_LOGISTICO-NORMAL-N01,GENETICO,0,42,18,1140,60076.696667
BASE,COLAPSO_LOGISTICO-NORMAL-N01,GENETICO,0,42,19,1200,60076.696667
BASE,COLAPSO_LOGISTICO-NORMAL-N01,GENETICO,0,42,20,1260,60076.696667
BASE,COLAPSO_LOGISTICO-NORMAL-N01,GENETICO,0,42,21,1320,60076.696667
BASE,COLAPSO_LOGISTICO-NORMAL-N01,GENETICO,0,42,22,1380,60076.696667
BASE,COLAPSO_LOGISTICO-NORMAL-N01,GENETICO,0,42,23,1440,60076.696667
BASE,COLAPSO_LOGISTICO-NORMAL-N01,GENETICO,0,42,24,1500,60076.696667
BASE,COLAPSO_LOGISTICO-NORMAL-N01,GENETICO,0,42,25,1560,60076.696667
BASE,COLAPSO_LOGISTICO-NORMAL-N01,GENETICO,0,42,26,1620,60076.696667
BASE,COLAPSO_LOGISTICO-NORMAL-N01,GENETICO,0,42,27,1680,60076.696667
BASE,COLAPSO_LOGISTICO-NORMAL-N01,GENETICO,0,42,28,1740,60076.696667
BASE,COLAPSO_LOGISTICO-NORMAL-N01,GENETICO,0,42,29,1800,60076.696667
BASE,COLAPSO_LOGISTICO-NORMAL-N01,GENETICO,0,42,30,1860,60076.696667
BASE,COLAPSO_LOGISTICO-NORMAL-N01,GENETICO,0,42,31,1920,60076.696667
BASE,COLAPSO_LOGISTICO-NORMAL-N01,GENETICO,0,42,32,1980,60076.696667
BASE,COLAPSO_LOGISTICO-NORMAL-N01,GENETICO,0,42,33,2040,60076.696667
BASE,COLAPSO_LOGISTICO-NORMAL-N01,GENETICO,0,42,34,2100,60076.696667
BASE,COLAPSO_LOGISTICO-NORMAL-N01,GENETICO,0,42,35,2160,60076.696667
BASE,COLAPSO_LOGISTICO-NORMAL-N01,GENETICO,0,42,36,2220,60076.696667
BASE,COLAPSO_LOGISTICO-NORMAL-N01,GENETICO,0,42,37,2280,60076.696667
BASE,COLAPSO_LOGISTICO-NORMAL-N01,GENETICO,0,42,38,2340,60076.696667
BASE,COLAPSO_LOGISTICO-NORMAL-N01,GENETICO,0,42,39,2400,60076.696667
BASE,COLAPSO_LOGISTICO-NORMAL-N01,GENETICO,0,42,40,2460,60076.696667
BASE,COLAPSO_LOGISTICO-NORMAL-N01,GENETICO,0,42,41,2520,60076.696667
BASE,COLAPSO_LOGISTICO-NORMAL-N01,GENETICO,0,42,42,2580,60076.696667
BASE,COLAPSO_LOGISTICO-NORMAL-N01,GENETICO,0,42,43,2640,60076.696667
BASE,COLAPSO_LOGISTICO-NORMAL-N01,GENETICO,0,42,44,2700,60076.696667
BASE,COLAPSO_LOGISTICO-NORMAL-N01,GENETICO,0,42,45,2760,60076.696667
BASE,COLAPSO_LOGISTICO-NORMAL-N01,GENETICO,0,42,46,2820,60076.696667
BASE,COLAPSO_LOGISTICO-NORMAL-N01,GENETICO,0,42,47,2880,60076.696667
BASE,COLAPSO_LOGISTICO-NORMAL-N01,GENETICO,0,42,48,2940,60076.696667
BASE,COLAPSO_LOGISTICO-NORMAL-N01,GENETICO,0,42,49,3000,60076.696667
BASE,COLAPSO_LOGISTICO-NORMAL-N01,GENETICO,0,42,50,3060,60076.696667
BASE,COLAPSO_LOGISTICO-NORMAL-N01,GENETICO,0,42,51,3120,60076.696667
BASE,COLAPSO_LOGISTICO-NORMAL-N01,GENETICO,0,42,52,3180,60076.696667
BASE,COLAPSO_LOGISTICO-NORMAL-N01,GENETICO,0,42,53,3240,60076.696667
BASE,COLAPSO_LOGISTICO-NORMAL-N01,GENETICO,0,42,54,3300,60076.696667
BASE,COLAPSO_LOGISTICO-NORMAL-N01,GENETICO,0,42,55,3360,60076.696667
BASE,COLAPSO_LOGISTICO-NORMAL-N01,GENETICO,0,42,56,3420,60076.696667
BASE,COLAPSO_LOGISTICO-NORMAL-N01,GENETICO,0,42,57,3480,60076.696667
BASE,COLAPSO_LOGISTICO-NORMAL-N01,GENETICO,0,42,58,3540,60076.696667
BASE,COLAPSO_LOGISTICO-NORMAL-N01,GENETICO,0,42,59,3600,60076.696667
BASE,COLAPSO_LOGISTICO-NORMAL-N01,GENETICO,0,42,60,3660,60076.696667
BASE,COLAPSO_LOGISTICO-NORMAL-N01,GENETICO,0,42,61,3720,60076.696667
BASE,COLAPSO_LOGISTICO-NORMAL-N01,GENETICO,0,42,62,3780,60076.696667
BASE,COLAPSO_LOGISTICO-NORMAL-N01,GENETICO,0,42,63,3840,60076.696667
BASE,COLAPSO_LOGISTICO-NORMAL-N01,GENETICO,0,42,64,3900,60076.696667
BASE,COLAPSO_LOGISTICO-NORMAL-N01,GENETICO,0,42,65,3960,60076.696667
BASE,COLAPSO_LOGISTICO-NORMAL-N01,GENETICO,0,42,66,4020,60076.696667
BASE,COLAPSO_LOGISTICO-NORMAL-N01,GENETICO,0,42,67,4080,60076.696667
BASE,COLAPSO_LOGISTICO-NORMAL-N01,GENETICO,0,42,68,4140,60076.696667
BASE,COLAPSO_LOGISTICO-NORMAL-N01,GENETICO,0,42,69,4200,60076.696667
BASE,COLAPSO_LOGISTICO-NORMAL-N01,GENETICO,0,42,70,4260,60076.696667
BASE,COLAPSO_LOGISTICO-NORMAL-N01,GENETICO,0,42,71,4320,60076.696667
BASE,COLAPSO_LOGISTICO-NORMAL-N01,GENETICO,0,42,72,4380,60076.696667
BASE,COLAPSO_LOGISTICO-NORMAL-N01,GENETICO,0,42,73,4440,60076.696667
BASE,COLAPSO_LOGISTICO-NORMAL-N01,GENETICO,0,42,74,4500,60076.696667
BASE,COLAPSO_LOGISTICO-NORMAL-N01,GENETICO,0,42,75,4560,60076.696667
BASE,COLAPSO_LOGISTICO-NORMAL-N01,GENETICO,0,42,76,4620,60076.696667
BASE,COLAPSO_LOGISTICO-NORMAL-N01,GENETICO,0,42,77,4680,60076.696667
BASE,COLAPSO_LOGISTICO-NORMAL-N01,GENETICO,0,42,78,4740,60076.696667
BASE,COLAPSO_LOGISTICO-NORMAL-N01,GENETICO,0,42,79,4800,60076.696667
BASE,COLAPSO_LOGISTICO-NORMAL-N01,GENETICO,0,42,80,4860,60076.696667
BASE,COLAPSO_LOGISTICO-NORMAL-N01,GENETICO,0,42,81,4920,60076.696667
BASE,COLAPSO_LOGISTICO-NORMAL-N01,GENETICO,0,42,82,4980,60076.696667
BASE,COLAPSO_LOGISTICO-NORMAL-N01,GENETICO,0,42,83,5040,60076.696667
BASE,COLAPSO_LOGISTICO-NORMAL-N01,GENETICO,0,42,84,5100,60076.696667
BASE,COLAPSO_LOGISTICO-NORMAL-N01,GENETICO,0,42,85,5160,60076.696667
BASE,COLAPSO_LOGISTICO-NORMAL-N01,GENETICO,0,42,86,5220,60076.696667
BASE,COLAPSO_LOGISTICO-NORMAL-N01,GENETICO,0,42,87,5280,60076.696667
BASE,COLAPSO_LOGISTICO-NORMAL-N01,GENETICO,0,42,88,5340,60076.696667
BASE,COLAPSO_LOGISTICO-NORMAL-N01,GENETICO,0,42,89,5400,60076.696667
BASE,COLAPSO_LOGISTICO-NORMAL-N01,GENETICO,0,42,90,5460,60076.696667
BASE,COLAPSO_LOGISTICO-NORMAL-N01,GENETICO,0,42,91,5520,60076.696667
BASE,COLAPSO_LOGISTICO-NORMAL-N01,GENETICO,0,42,92,5580,60076.696667
BASE,COLAPSO_LOGISTICO-NORMAL-N01,GENETICO,0,42,93,5640,60076.696667
BASE,COLAPSO_LOGISTICO-NORMAL-N01,GENETICO,0,42,94,5700,60076.696667
BASE,COLAPSO_LOGISTICO-NORMAL-N01,GENETICO,0,42,95,5760,60076.696667
BASE,COLAPSO_LOGISTICO-NORMAL-N01,GENETICO,0,42,96,5820,60076.696667
BASE,COLAPSO_LOGISTICO-NORMAL-N01,GENETICO,0,42,97,5880,60076.696667
BASE,COLAPSO_LOGISTICO-NORMAL-N01,GENETICO,0,42,98,5940,60076.696667
BASE,COLAPSO_LOGISTICO-NORMAL-N01,GENETICO,0,42,99,6000,60076.696667
BASE,COLAPSO_LOGISTICO-NORMAL-N01,GENETICO,0,42,100,6060,60076.696667
BASE,COLAPSO_LOGISTICO-NORMAL-N01,GENETICO,0,42,101,6120,60076.696667
BASE,COLAPSO_LOGISTICO-NORMAL-N01,GENETICO,0,42,102,6180,60076.696667
BASE,COLAPSO_LOGISTICO-NORMAL-N01,GENETICO,0,42,103,6240,60076.696667
BASE,COLAPSO_LOGISTICO-NORMAL-N01,GENETICO,0,42,104,6300,60076.696667
BASE,COLAPSO_LOGISTICO-NORMAL-N01,GENETICO,0,42,105,6360,60076.696667
BASE,COLAPSO_LOGISTICO-NORMAL-N01,GENETICO,0,42,106,6420,60076.696667
BASE,COLAPSO_LOGISTICO-NORMAL-N01,GENETICO,0,42,107,6480,60076.696667
BASE,COLAPSO_LOGISTICO-NORMAL-N01,GENETICO,0,42,108,6540,60076.696667
BASE,COLAPSO_LOGISTICO-NORMAL-N01,GENETICO,0,42,109,6600,60076.696667
BASE,COLAPSO_LOGISTICO-NORMAL-N01,GENETICO,0,42,110,6660,60076.696667
BASE,COLAPSO_LOGISTICO-NORMAL-N01,GENETICO,0,42,111,6720,60076.696667
BASE,COLAPSO_LOGISTICO-NORMAL-N01,GENETICO,0,42,112,6780,60076.696667
BASE,COLAPSO_LOGISTICO-NORMAL-N01,GENETICO,0,42,113,6840,60076.696667
BASE,COLAPSO_LOGISTICO-NORMAL-N01,GENETICO,0,42,114,6900,60076.696667
BASE,COLAPSO_LOGISTICO-NORMAL-N01,GENETICO,0,42,115,6960,60076.696667
BASE,COLAPSO_LOGISTICO-NORMAL-N01,GENETICO,0,42,116,7020,60076.696667
BASE,COLAPSO_LOGISTICO-NORMAL-N01,GENETICO,0,42,117,7080,60076.696667
BASE,COLAPSO_LOGISTICO-NORMAL-N01,GENETICO,0,42,118,7140,60076.696667
BASE,COLAPSO_LOGISTICO-NORMAL-N01,GENETICO,0,42,119,7200,60076.696667
BASE,COLAPSO_LOGISTICO-NORMAL-N01,GENETICO,0,42,120,7260,60076.696667
BASE,COLAPSO_LOGISTICO-NORMAL-N01,GENETICO,0,42,121,7320,60076.696667
BASE,COLAPSO_LOGISTICO-NORMAL-N01,GENETICO,0,42,122,7380,60076.696667
BASE,COLAPSO_LOGISTICO-NORMAL-N01,GENETICO,0,42,123,7440,60076.696667
BASE,COLAPSO_LOGISTICO-NORMAL-N01,GENETICO,0,42,124,7500,60076.696667
BASE,COLAPSO_LOGISTICO-NORMAL-N01,GENETICO,0,42,125,7560,60076.696667
BASE,COLAPSO_LOGISTICO-NORMAL-N01,GENETICO,0,42,126,7620,60076.696667
BASE,COLAPSO_LOGISTICO-NORMAL-N01,GENETICO,0,42,127,7680,60076.696667
BASE,COLAPSO_LOGISTICO-NORMAL-N01,GENETICO,0,42,128,7740,60076.696667
BASE,COLAPSO_LOGISTICO-NORMAL-N01,GENETICO,0,42,129,7800,60076.696667
BASE,COLAPSO_LOGISTICO-NORMAL-N01,GENETICO,0,42,130,7860,60076.696667
BASE,COLAPSO_LOGISTICO-NORMAL-N01,GENETICO,0,42,131,7920,60076.696667
BASE,COLAPSO_LOGISTICO-NORMAL-N01,GENETICO,0,42,132,7980,60076.696667
BASE,COLAPSO_LOGISTICO-NORMAL-N01,GENETICO,0,42,133,8040,60076.696667
BASE,COLAPSO_LOGISTICO-NORMAL-N01,GENETICO,0,42,134,8100,60076.696667
BASE,COLAPSO_LOGISTICO-NORMAL-N01,GENETICO,0,42,135,8160,60076.696667
BASE,COLAPSO_LOGISTICO-NORMAL-N01,GENETICO,0,42,136,8220,60076.696667
BASE,COLAPSO_LOGISTICO-NORMAL-N01,GENETICO,0,42,137,8280,60076.696667
BASE,COLAPSO_LOGISTICO-NORMAL-N01,GENETICO,0,42,138,8340,60076.696667
BASE,COLAPSO_LOGISTICO-NORMAL-N01,GENETICO,0,42,139,8400,60076.696667
BASE,COLAPSO_LOGISTICO-NORMAL-N01,GENETICO,0,42,140,8460,60076.696667
BASE,COLAPSO_LOGISTICO-NORMAL-N01,GENETICO,0,42,141,8520,60076.696667
BASE,COLAPSO_LOGISTICO-NORMAL-N01,GENETICO,0,42,142,8580,60076.696667
BASE,COLAPSO_LOGISTICO-NORMAL-N01,GENETICO,0,42,143,8640,60076.696667
BASE,COLAPSO_LOGISTICO-NORMAL-N01,GENETICO,0,42,144,8700,60076.696667
BASE,COLAPSO_LOGISTICO-NORMAL-N01,GENETICO,0,42,145,8760,60076.696667
BASE,COLAPSO_LOGISTICO-NORMAL-N01,GENETICO,0,42,146,8820,60076.696667
BASE,COLAPSO_LOGISTICO-NORMAL-N01,GENETICO,0,42,147,8880,60076.696667
BASE,COLAPSO_LOGISTICO-NORMAL-N01,GENETICO,0,42,148,8940,60076.696667
BASE,COLAPSO_LOGISTICO-NORMAL-N01,GENETICO,0,42,149,9000,60076.696667
BASE,COLAPSO_LOGISTICO-NORMAL-N01,GENETICO,0,42,150,9060,60076.696667
BASE,COLAPSO_LOGISTICO-NORMAL-N01,RECOCIDO_SIMULADO,0,42,0,101,65084.463333
BASE,COLAPSO_LOGISTICO-NORMAL-N01,RECOCIDO_SIMULADO,0,42,1,141,65084.463333
BASE,COLAPSO_LOGISTICO-NORMAL-N01,RECOCIDO_SIMULADO,0,42,2,181,65084.463333
BASE,COLAPSO_LOGISTICO-NORMAL-N01,RECOCIDO_SIMULADO,0,42,3,221,65084.463333
BASE,COLAPSO_LOGISTICO-NORMAL-N01,RECOCIDO_SIMULADO,0,42,4,261,65084.463333
BASE,COLAPSO_LOGISTICO-NORMAL-N01,RECOCIDO_SIMULADO,0,42,5,301,65084.463333
BASE,COLAPSO_LOGISTICO-NORMAL-N01,RECOCIDO_SIMULADO,0,42,6,341,65084.463333
BASE,COLAPSO_LOGISTICO-NORMAL-N01,RECOCIDO_SIMULADO,0,42,7,381,65084.463333
BASE,COLAPSO_LOGISTICO-NORMAL-N01,RECOCIDO_SIMULADO,0,42,8,421,65084.463333
BASE,COLAPSO_LOGISTICO-NORMAL-N01,RECOCIDO_SIMULADO,0,42,9,461,65084.463333
BASE,COLAPSO_LOGISTICO-NORMAL-N01,RECOCIDO_SIMULADO,0,42,10,501,65084.463333
BASE,COLAPSO_LOGISTICO-NORMAL-N01,RECOCIDO_SIMULADO,0,42,11,541,65084.463333
BASE,COLAPSO_LOGISTICO-NORMAL-N01,RECOCIDO_SIMULADO,0,42,12,581,65084.463333
BASE,COLAPSO_LOGISTICO-NORMAL-N01,RECOCIDO_SIMULADO,0,42,13,621,65084.463333
BASE,COLAPSO_LOGISTICO-NORMAL-N01,RECOCIDO_SIMULADO,0,42,14,661,65084.463333
BASE,COLAPSO_LOGISTICO-NORMAL-N01,RECOCIDO_SIMULADO,0,42,15,701,65084.463333
BASE,COLAPSO_LOGISTICO-NORMAL-N01,RECOCIDO_SIMULADO,0,42,16,741,65084.463333
BASE,COLAPSO_LOGISTICO-NORMAL-N01,RECOCIDO_SIMULADO,0,42,17,781,65084.463333
BASE,COLAPSO_LOGISTICO-NORMAL-N01,RECOCIDO_SIMULADO,0,42,18,821,65084.463333
BASE,COLAPSO_LOGISTICO-NORMAL-N01,RECOCIDO_SIMULADO,0,42,19,861,65084.463333
BASE,COLAPSO_LOGISTICO-NORMAL-N01,RECOCIDO_SIMULADO,0,42,20,901,65084.463333
BASE,COLAPSO_LOGISTICO-NORMAL-N01,RECOCIDO_SIMULADO,0,42,21,941,65084.463333
BASE,COLAPSO_LOGISTICO-NORMAL-N01,RECOCIDO_SIMULADO,0,42,22,981,65084.463333
BASE,COLAPSO_LOGISTICO-NORMAL-N01,RECOCIDO_SIMULADO,0,42,23,1021,65084.463333
BASE,COLAPSO_LOGISTICO-NORMAL-N01,RECOCIDO_SIMULADO,0,42,24,1061,65084.463333
BASE,COLAPSO_LOGISTICO-NORMAL-N01,RECOCIDO_SIMULADO,0,42,25,1101,60220.268333
BASE,COLAPSO_LOGISTICO-NORMAL-N01,RECOCIDO_SIMULADO,0,42,26,1141,60197.585
BASE,COLAPSO_LOGISTICO-NORMAL-N01,RECOCIDO_SIMULADO,0,42,27,1181,60197.585
BASE,COLAPSO_LOGISTICO-NORMAL-N01,RECOCIDO_SIMULADO,0,42,28,1221,60197.585
BASE,COLAPSO_LOGISTICO-NORMAL-N01,RECOCIDO_SIMULADO,0,42,29,1261,60197.585
BASE,COLAPSO_LOGISTICO-NORMAL-N01,RECOCIDO_SIMULADO,0,42,30,1301,60197.585
BASE,COLAPSO_LOGISTICO-NORMAL-N01,RECOCIDO_SIMULADO,0,42,31,1341,60197.585
BASE,COLAPSO_LOGISTICO-NORMAL-N01,RECOCIDO_SIMULADO,0,42,32,1381,60197.585
BASE,COLAPSO_LOGISTICO-NORMAL-N01,RECOCIDO_SIMULADO,0,42,33,1421,60197.585
BASE,COLAPSO_LOGISTICO-NORMAL-N01,RECOCIDO_SIMULADO,0,42,34,1461,60197.585
BASE,COLAPSO_LOGISTICO-NORMAL-N01,RECOCIDO_SIMULADO,0,42,35,1501,60197.585
BASE,COLAPSO_LOGISTICO-NORMAL-N01,RECOCIDO_SIMULADO,0,42,36,1541,60197.585
BASE,COLAPSO_LOGISTICO-NORMAL-N01,RECOCIDO_SIMULADO,0,42,37,1581,60197.585
BASE,COLAPSO_LOGISTICO-NORMAL-N01,RECOCIDO_SIMULADO,0,42,38,1621,60197.585
BASE,COLAPSO_LOGISTICO-NORMAL-N01,RECOCIDO_SIMULADO,0,42,39,1661,60197.585
BASE,COLAPSO_LOGISTICO-NORMAL-N01,RECOCIDO_SIMULADO,0,42,40,1701,60197.585
BASE,COLAPSO_LOGISTICO-NORMAL-N01,RECOCIDO_SIMULADO,0,42,41,1741,60197.585
BASE,COLAPSO_LOGISTICO-NORMAL-N01,RECOCIDO_SIMULADO,0,42,42,1781,60197.585
BASE,COLAPSO_LOGISTICO-NORMAL-N01,RECOCIDO_SIMULADO,0,42,43,1821,60155.396667
BASE,COLAPSO_LOGISTICO-NORMAL-N01,RECOCIDO_SIMULADO,0,42,44,1861,60145.631667
BASE,COLAPSO_LOGISTICO-NORMAL-N01,RECOCIDO_SIMULADO,0,42,45,1901,60143.008333
BASE,COLAPSO_LOGISTICO-NORMAL-N01,RECOCIDO_SIMULADO,0,42,46,1941,60143.008333
BASE,COLAPSO_LOGISTICO-NORMAL-N01,RECOCIDO_SIMULADO,0,42,47,1981,60143.008333
BASE,COLAPSO_LOGISTICO-NORMAL-N01,RECOCIDO_SIMULADO,0,42,48,2021,60143.008333
BASE,COLAPSO_LOGISTICO-NORMAL-N01,RECOCIDO_SIMULADO,0,42,49,2061,60143.008333
BASE,COLAPSO_LOGISTICO-NORMAL-N01,RECOCIDO_SIMULADO,0,42,50,2101,60143.008333
BASE,COLAPSO_LOGISTICO-NORMAL-N01,RECOCIDO_SIMULADO,0,42,51,2141,60143.008333
BASE,COLAPSO_LOGISTICO-NORMAL-N01,RECOCIDO_SIMULADO,0,42,52,2181,60143.008333
BASE,COLAPSO_LOGISTICO-NORMAL-N01,RECOCIDO_SIMULADO,0,42,53,2221,60143.008333
BASE,COLAPSO_LOGISTICO-NORMAL-N01,RECOCIDO_SIMULADO,0,42,54,2261,60143.008333
BASE,COLAPSO_LOGISTICO-NORMAL-N01,RECOCIDO_SIMULADO,0,42,55,2301,60143.008333
BASE,COLAPSO_LOGISTICO-NORMAL-N01,RECOCIDO_SIMULADO,0,42,56,2341,60143.008333
BASE,COLAPSO_LOGISTICO-NORMAL-N01,RECOCIDO_SIMULADO,0,42,57,2381,60143.008333
BASE,COLAPSO_LOGISTICO-NORMAL-N01,RECOCIDO_SIMULADO,0,42,58,2421,60143.008333
BASE,COLAPSO_LOGISTICO-NORMAL-N01,RECOCIDO_SIMULADO,0,42,59,2461,60133.853333
BASE,COLAPSO_LOGISTICO-NORMAL-N01,RECOCIDO_SIMULADO,0,42,60,2501,60133.853333
BASE,COLAPSO_LOGISTICO-NORMAL-N01,RECOCIDO_SIMULADO,0,42,61,2541,60133.853333
BASE,COLAPSO_LOGISTICO-NORMAL-N01,RECOCIDO_SIMULADO,0,42,62,2581,60130.111667
BASE,COLAPSO_LOGISTICO-NORMAL-N01,RECOCIDO_SIMULADO,0,42,63,2621,60107.72
BASE,COLAPSO_LOGISTICO-NORMAL-N01,RECOCIDO_SIMULADO,0,42,64,2661,60102.605
BASE,COLAPSO_LOGISTICO-NORMAL-N01,RECOCIDO_SIMULADO,0,42,65,2701,60102.605
BASE,COLAPSO_LOGISTICO-NORMAL-N01,RECOCIDO_SIMULADO,0,42,66,2741,60102.605
BASE,COLAPSO_LOGISTICO-NORMAL-N01,RECOCIDO_SIMULADO,0,42,67,2781,60102.605
BASE,COLAPSO_LOGISTICO-NORMAL-N01,RECOCIDO_SIMULADO,0,42,68,2821,60102.605
BASE,COLAPSO_LOGISTICO-NORMAL-N01,RECOCIDO_SIMULADO,0,42,69,2861,60102.605
BASE,COLAPSO_LOGISTICO-NORMAL-N01,RECOCIDO_SIMULADO,0,42,70,2901,60102.605
BASE,COLAPSO_LOGISTICO-NORMAL-N01,RECOCIDO_SIMULADO,0,42,71,2941,60102.605
BASE,COLAPSO_LOGISTICO-NORMAL-N01,RECOCIDO_SIMULADO,0,42,72,2981,60102.605
BASE,COLAPSO_LOGISTICO-NORMAL-N01,RECOCIDO_SIMULADO,0,42,73,3021,60102.605
BASE,COLAPSO_LOGISTICO-NORMAL-N01,RECOCIDO_SIMULADO,0,42,74,3061,60102.605
BASE,COLAPSO_LOGISTICO-NORMAL-N01,RECOCIDO_SIMULADO,0,42,75,3101,60102.605
BASE,COLAPSO_LOGISTICO-NORMAL-N01,RECOCIDO_SIMULADO,0,42,76,3141,60102.605
BASE,COLAPSO_LOGISTICO-NORMAL-N01,RECOCIDO_SIMULADO,0,42,77,3181,60102.605
BASE,COLAPSO_LOGISTICO-NORMAL-N01,RECOCIDO_SIMULADO,0,42,78,3221,60102.605
BASE,COLAPSO_LOGISTICO-NORMAL-N01,RECOCIDO_SIMULADO,0,42,79,3261,60102.605
BASE,COLAPSO_LOGISTICO-NORMAL-N01,RECOCIDO_SIMULADO,0,42,80,3301,60102.605
BASE,COLAPSO_LOGISTICO-NORMAL-N01,RECOCIDO_SIMULADO,0,42,81,3341,60102.605
BASE,COLAPSO_LOGISTICO-NORMAL-N01,RECOCIDO_SIMULADO,0,42,82,3381,60102.605
BASE,COLAPSO_LOGISTICO-NORMAL-N01,RECOCIDO_SIMULADO,0,42,83,3421,60102.605
BASE,COLAPSO_LOGISTICO-NORMAL-N01,RECOCIDO_SIMULADO,0,42,84,3461,60102.605
BASE,COLAPSO_LOGISTICO-NORMAL-N01,RECOCIDO_SIMULADO,0,42,85,3501,60102.605
BASE,COLAPSO_LOGISTICO-NORMAL-N01,RECOCIDO_SIMULADO,0,42,86,3541,60102.605
BASE,COLAPSO_LOGISTICO-NORMAL-N01,RECOCIDO_SIMULADO,0,42,87,3581,60102.605
BASE,COLAPSO_LOGISTICO-NORMAL-N01,RECOCIDO_SIMULADO,0,42,88,3621,60102.605
BASE,COLAPSO_LOGISTICO-NORMAL-N01,RECOCIDO_SIMULADO,0,42,89,3661,60102.605
BASE,COLAPSO_LOGISTICO-NORMAL-N01,RECOCIDO_SIMULADO,0,42,90,3701,60102.605
BASE,COLAPSO_LOGISTICO-NORMAL-N01,RECOCIDO_SIMULADO,0,42,91,3741,60102.605
BASE,COLAPSO_LOGISTICO-NORMAL-N01,RECOCIDO_SIMULADO,0,42,92,3781,60102.605
BASE,COLAPSO_LOGISTICO-NORMAL-N01,RECOCIDO_SIMULADO,0,42,93,3821,60101.163333
BASE,COLAPSO_LOGISTICO-NORMAL-N01,RECOCIDO_SIMULADO,0,42,94,3861,60101.163333
BASE,COLAPSO_LOGISTICO-NORMAL-N01,RECOCIDO_SIMULADO,0,42,95,3901,60096.805
BASE,COLAPSO_LOGISTICO-NORMAL-N01,RECOCIDO_SIMULADO,0,42,96,3941,60086.63
BASE,COLAPSO_LOGISTICO-NORMAL-N01,RECOCIDO_SIMULADO,0,42,97,3981,60086.63
BASE,COLAPSO_LOGISTICO-NORMAL-N01,RECOCIDO_SIMULADO,0,42,98,4021,60086.63
BASE,COLAPSO_LOGISTICO-NORMAL-N01,RECOCIDO_SIMULADO,0,42,99,4061,60086.63
BASE,COLAPSO_LOGISTICO-NORMAL-N01,RECOCIDO_SIMULADO,0,42,100,4101,60086.63
BASE,COLAPSO_LOGISTICO-NORMAL-N01,RECOCIDO_SIMULADO,0,42,101,4141,60086.63
BASE,COLAPSO_LOGISTICO-NORMAL-N01,RECOCIDO_SIMULADO,0,42,102,4181,60086.63
BASE,COLAPSO_LOGISTICO-NORMAL-N01,RECOCIDO_SIMULADO,0,42,103,4221,60086.63
BASE,COLAPSO_LOGISTICO-NORMAL-N01,RECOCIDO_SIMULADO,0,42,104,4261,60086.63
BASE,COLAPSO_LOGISTICO-NORMAL-N01,RECOCIDO_SIMULADO,0,42,105,4301,60086.63
BASE,COLAPSO_LOGISTICO-NORMAL-N01,RECOCIDO_SIMULADO,0,42,106,4341,60086.63
BASE,COLAPSO_LOGISTICO-NORMAL-N01,RECOCIDO_SIMULADO,0,42,107,4381,60086.63
BASE,COLAPSO_LOGISTICO-NORMAL-N01,RECOCIDO_SIMULADO,0,42,108,4421,60086.63
BASE,COLAPSO_LOGISTICO-NORMAL-N01,RECOCIDO_SIMULADO,0,42,109,4461,60086.63
BASE,COLAPSO_LOGISTICO-NORMAL-N01,RECOCIDO_SIMULADO,0,42,110,4501,60086.63
BASE,COLAPSO_LOGISTICO-NORMAL-N01,RECOCIDO_SIMULADO,0,42,111,4541,60086.63
BASE,COLAPSO_LOGISTICO-NORMAL-N01,RECOCIDO_SIMULADO,0,42,112,4581,60086.63
BASE,COLAPSO_LOGISTICO-NORMAL-N01,RECOCIDO_SIMULADO,0,42,113,4621,60086.63
BASE,COLAPSO_LOGISTICO-NORMAL-N01,RECOCIDO_SIMULADO,0,42,114,4661,60086.63
BASE,COLAPSO_LOGISTICO-NORMAL-N01,RECOCIDO_SIMULADO,0,42,115,4701,60086.63
BASE,COLAPSO_LOGISTICO-NORMAL-N01,RECOCIDO_SIMULADO,1,43,0,101,60084.463333
BASE,COLAPSO_LOGISTICO-NORMAL-N01,RECOCIDO_SIMULADO,1,43,1,141,60084.463333
BASE,COLAPSO_LOGISTICO-NORMAL-N01,RECOCIDO_SIMULADO,1,43,2,181,60084.463333
BASE,COLAPSO_LOGISTICO-NORMAL-N01,RECOCIDO_SIMULADO,1,43,3,221,55561.118333
BASE,COLAPSO_LOGISTICO-NORMAL-N01,RECOCIDO_SIMULADO,1,43,4,261,55183.343333
BASE,COLAPSO_LOGISTICO-NORMAL-N01,RECOCIDO_SIMULADO,1,43,5,301,55174.25
BASE,COLAPSO_LOGISTICO-NORMAL-N01,RECOCIDO_SIMULADO,1,43,6,341,55174.25
BASE,COLAPSO_LOGISTICO-NORMAL-N01,RECOCIDO_SIMULADO,1,43,7,381,55174.25
BASE,COLAPSO_LOGISTICO-NORMAL-N01,RECOCIDO_SIMULADO,1,43,8,421,55174.25
BASE,COLAPSO_LOGISTICO-NORMAL-N01,RECOCIDO_SIMULADO,1,43,9,461,55174.25
BASE,COLAPSO_LOGISTICO-NORMAL-N01,RECOCIDO_SIMULADO,1,43,10,501,55174.25
BASE,COLAPSO_LOGISTICO-NORMAL-N01,RECOCIDO_SIMULADO,1,43,11,541,55174.25
BASE,COLAPSO_LOGISTICO-NORMAL-N01,RECOCIDO_SIMULADO,1,43,12,581,55174.25
BASE,COLAPSO_LOGISTICO-NORMAL-N01,RECOCIDO_SIMULADO,1,43,13,621,55174.25
BASE,COLAPSO_LOGISTICO-NORMAL-N01,RECOCIDO_SIMULADO,1,43,14,661,55174.25
BASE,COLAPSO_LOGISTICO-NORMAL-N01,RECOCIDO_SIMULADO,1,43,15,701,55174.25
BASE,COLAPSO_LOGISTICO-NORMAL-N01,RECOCIDO_SIMULADO,1,43,16,741,55174.25
BASE,COLAPSO_LOGISTICO-NORMAL-N01,RECOCIDO_SIMULADO,1,43,17,781,55174.25
BASE,COLAPSO_LOGISTICO-NORMAL-N01,RECOCIDO_SIMULADO,1,43,18,821,55174.25
BASE,COLAPSO_LOGISTICO-NORMAL-N01,RECOCIDO_SIMULADO,1,43,19,861,55174.25
BASE,COLAPSO_LOGISTICO-NORMAL-N01,RECOCIDO_SIMULADO,1,43,20,901,55174.25
BASE,COLAPSO_LOGISTICO-NORMAL-N01,RECOCIDO_SIMULADO,1,43,21,941,55174.25
BASE,COLAPSO_LOGISTICO-NORMAL-N01,RECOCIDO_SIMULADO,1,43,22,981,55164.918333
BASE,COLAPSO_LOGISTICO-NORMAL-N01,RECOCIDO_SIMULADO,1,43,23,1021,55164.918333
BASE,COLAPSO_LOGISTICO-NORMAL-N01,RECOCIDO_SIMULADO,1,43,24,1061,55164.918333
BASE,COLAPSO_LOGISTICO-NORMAL-N01,RECOCIDO_SIMULADO,1,43,25,1101,55164.918333
BASE,COLAPSO_LOGISTICO-NORMAL-N01,RECOCIDO_SIMULADO,1,43,26,1141,55164.918333
BASE,COLAPSO_LOGISTICO-NORMAL-N01,RECOCIDO_SIMULADO,1,43,27,1181,55164.918333
BASE,COLAPSO_LOGISTICO-NORMAL-N01,RECOCIDO_SIMULADO,1,43,28,1221,55164.918333
BASE,COLAPSO_LOGISTICO-NORMAL-N01,RECOCIDO_SIMULADO,1,43,29,1261,55164.918333
BASE,COLAPSO_LOGISTICO-NORMAL-N01,RECOCIDO_SIMULADO,1,43,30,1301,55164.918333
BASE,COLAPSO_LOGISTICO-NORMAL-N01,RECOCIDO_SIMULADO,1,43,31,1341,55164.918333
BASE,COLAPSO_LOGISTICO-NORMAL-N01,RECOCIDO_SIMULADO,1,43,32,1381,55164.918333
BASE,COLAPSO_LOGISTICO-NORMAL-N01,RECOCIDO_SIMULADO,1,43,33,1421,55164.918333
BASE,COLAPSO_LOGISTICO-NORMAL-N01,RECOCIDO_SIMULADO,1,43,34,1461,55164.918333
BASE,COLAPSO_LOGISTICO-NORMAL-N01,RECOCIDO_SIMULADO,1,43,35,1501,55164.918333
BASE,COLAPSO_LOGISTICO-NORMAL-N01,RECOCIDO_SIMULADO,1,43,36,1541,55164.918333
BASE,COLAPSO_LOGISTICO-NORMAL-N01,RECOCIDO_SIMULADO,1,43,37,1581,55164.918333
BASE,COLAPSO_LOGISTICO-NORMAL-N01,RECOCIDO_SIMULADO,1,43,38,1621,55164.918333
BASE,COLAPSO_LOGISTICO-NORMAL-N01,RECOCIDO_SIMULADO,1,43,39,1661,55164.918333
BASE,COLAPSO_LOGISTICO-NORMAL-N01,RECOCIDO_SIMULADO,1,43,40,1701,55164.918333
BASE,COLAPSO_LOGISTICO-NORMAL-N01,RECOCIDO_SIMULADO,1,43,41,1741,55164.918333
BASE,COLAPSO_LOGISTICO-NORMAL-N01,RECOCIDO_SIMULADO,1,43,42,1781,55164.918333
BASE,COLAPSO_LOGISTICO-NORMAL-N01,RECOCIDO_SIMULADO,1,43,43,1821,55164.918333
BASE,COLAPSO_LOGISTICO-NORMAL-N01,RECOCIDO_SIMULADO,1,43,44,1861,55164.918333
BASE,COLAPSO_LOGISTICO-NORMAL-N01,RECOCIDO_SIMULADO,1,43,45,1901,55164.918333
BASE,COLAPSO_LOGISTICO-NORMAL-N01,RECOCIDO_SIMULADO,1,43,46,1941,55164.918333
BASE,COLAPSO_LOGISTICO-NORMAL-N01,RECOCIDO_SIMULADO,1,43,47,1981,55162.356667
BASE,COLAPSO_LOGISTICO-NORMAL-N01,RECOCIDO_SIMULADO,1,43,48,2021,55162.356667
BASE,COLAPSO_LOGISTICO-NORMAL-N01,RECOCIDO_SIMULADO,1,43,49,2061,55162.356667
BASE,COLAPSO_LOGISTICO-NORMAL-N01,RECOCIDO_SIMULADO,1,43,50,2101,55162.356667
BASE,COLAPSO_LOGISTICO-NORMAL-N01,RECOCIDO_SIMULADO,1,43,51,2141,55140.08
BASE,COLAPSO_LOGISTICO-NORMAL-N01,RECOCIDO_SIMULADO,1,43,52,2181,55140.08
BASE,COLAPSO_LOGISTICO-NORMAL-N01,RECOCIDO_SIMULADO,1,43,53,2221,55140.08
BASE,COLAPSO_LOGISTICO-NORMAL-N01,RECOCIDO_SIMULADO,1,43,54,2261,55140.08
BASE,COLAPSO_LOGISTICO-NORMAL-N01,RECOCIDO_SIMULADO,1,43,55,2301,55140.08
BASE,COLAPSO_LOGISTICO-NORMAL-N01,RECOCIDO_SIMULADO,1,43,56,2341,55140.08
BASE,COLAPSO_LOGISTICO-NORMAL-N01,RECOCIDO_SIMULADO,1,43,57,2381,50175.205
BASE,COLAPSO_LOGISTICO-NORMAL-N01,RECOCIDO_SIMULADO,1,43,58,2421,50167.855
BASE,COLAPSO_LOGISTICO-NORMAL-N01,RECOCIDO_SIMULADO,1,43,59,2461,50166.78
BASE,COLAPSO_LOGISTICO-NORMAL-N01,RECOCIDO_SIMULADO,1,43,60,2501,50138.78
BASE,COLAPSO_LOGISTICO-NORMAL-N01,RECOCIDO_SIMULADO,1,43,61,2541,50134.055
BASE,COLAPSO_LOGISTICO-NORMAL-N01,RECOCIDO_SIMULADO,1,43,62,2581,50129.955
BASE,COLAPSO_LOGISTICO-NORMAL-N01,RECOCIDO_SIMULADO,1,43,63,2621,50116.488333
BASE,COLAPSO_LOGISTICO-NORMAL-N01,RECOCIDO_SIMULADO,1,43,64,2661,50116.488333
BASE,COLAPSO_LOGISTICO-NORMAL-N01,RECOCIDO_SIMULADO,1,43,65,2701,50116.488333
BASE,COLAPSO_LOGISTICO-NORMAL-N01,RECOCIDO_SIMULADO,1,43,66,2741,50116.488333
BASE,COLAPSO_LOGISTICO-NORMAL-N01,RECOCIDO_SIMULADO,1,43,67,2781,50116.488333
BASE,COLAPSO_LOGISTICO-NORMAL-N01,RECOCIDO_SIMULADO,1,43,68,2821,50116.488333
BASE,COLAPSO_LOGISTICO-NORMAL-N01,RECOCIDO_SIMULADO,1,43,69,2861,50116.488333
BASE,COLAPSO_LOGISTICO-NORMAL-N01,RECOCIDO_SIMULADO,1,43,70,2901,50116.488333
BASE,COLAPSO_LOGISTICO-NORMAL-N01,RECOCIDO_SIMULADO,1,43,71,2941,50116.488333
BASE,COLAPSO_LOGISTICO-NORMAL-N01,RECOCIDO_SIMULADO,1,43,72,2981,50116.488333
BASE,COLAPSO_LOGISTICO-NORMAL-N01,RECOCIDO_SIMULADO,1,43,73,3021,50116.488333
BASE,COLAPSO_LOGISTICO-NORMAL-N01,RECOCIDO_SIMULADO,1,43,74,3061,50114.618333
BASE,COLAPSO_LOGISTICO-NORMAL-N01,RECOCIDO_SIMULADO,1,43,75,3101,50114.435
BASE,COLAPSO_LOGISTICO-NORMAL-N01,RECOCIDO_SIMULADO,1,43,76,3141,50109.568333
BASE,COLAPSO_LOGISTICO-NORMAL-N01,RECOCIDO_SIMULADO,1,43,77,3181,50109.568333
BASE,COLAPSO_LOGISTICO-NORMAL-N01,RECOCIDO_SIMULADO,1,43,78,3221,50109.568333
BASE,COLAPSO_LOGISTICO-NORMAL-N01,RECOCIDO_SIMULADO,1,43,79,3261,50107.515
BASE,COLAPSO_LOGISTICO-NORMAL-N01,RECOCIDO_SIMULADO,1,43,80,3301,50107.515
BASE,COLAPSO_LOGISTICO-NORMAL-N01,RECOCIDO_SIMULADO,1,43,81,3341,50105.725
BASE,COLAPSO_LOGISTICO-NORMAL-N01,RECOCIDO_SIMULADO,1,43,82,3381,50105.725
BASE,COLAPSO_LOGISTICO-NORMAL-N01,RECOCIDO_SIMULADO,1,43,83,3421,50105.725
BASE,COLAPSO_LOGISTICO-NORMAL-N01,RECOCIDO_SIMULADO,1,43,84,3461,50105.725
BASE,COLAPSO_LOGISTICO-NORMAL-N01,RECOCIDO_SIMULADO,1,43,85,3501,50105.725
BASE,COLAPSO_LOGISTICO-NORMAL-N01,RECOCIDO_SIMULADO,1,43,86,3541,50105.725
BASE,COLAPSO_LOGISTICO-NORMAL-N01,RECOCIDO_SIMULADO,1,43,87,3581,50105.725
BASE,COLAPSO_LOGISTICO-NORMAL-N01,RECOCIDO_SIMULADO,1,43,88,3621,50105.725
BASE,COLAPSO_LOGISTICO-NORMAL-N01,RECOCIDO_SIMULADO,1,43,89,3661,50105.725
BASE,COLAPSO_LOGISTICO-NORMAL-N01,RECOCIDO_SIMULADO,1,43,90,3701,50105.725
BASE,COLAPSO_LOGISTICO-NORMAL-N01,RECOCIDO_SIMULADO,1,43,91,3741,50105.725
BASE,COLAPSO_LOGISTICO-NORMAL-N01,RECOCIDO_SIMULADO,1,43,92,3781,50105.725
BASE,COLAPSO_LOGISTICO-NORMAL-N01,RECOCIDO_SIMULADO,1,43,93,3821,50102.286667
BASE,COLAPSO_LOGISTICO-NORMAL-N01,RECOCIDO_SIMULADO,1,43,94,3861,50102.286667
BASE,COLAPSO_LOGISTICO-NORMAL-N01,RECOCIDO_SIMULADO,1,43,95,3901,50102.286667
BASE,COLAPSO_LOGISTICO-NORMAL-N01,RECOCIDO_SIMULADO,1,43,96,3941,50102.286667
BASE,COLAPSO_LOGISTICO-NORMAL-N01,RECOCIDO_SIMULADO,1,43,97,3981,50102.286667
BASE,COLAPSO_LOGISTICO-NORMAL-N01,RECOCIDO_SIMULADO,1,43,98,4021,50102.286667
BASE,COLAPSO_LOGISTICO-NORMAL-N01,RECOCIDO_SIMULADO,1,43,99,4061,50102.286667
BASE,COLAPSO_LOGISTICO-NORMAL-N01,RECOCIDO_SIMULADO,1,43,100,4101,50102.286667
BASE,COLAPSO_LOGISTICO-NORMAL-N01,RECOCIDO_SIMULADO,1,43,101,4141,50102.286667
BASE,COLAPSO_LOGISTICO-NORMAL-N01,RECOCIDO_SIMULADO,1,43,102,4181,50102.286667
BASE,COLAPSO_LOGISTICO-NORMAL-N01,RECOCIDO_SIMULADO,1,43,103,4221,50102.286667
BASE,COLAPSO_LOGISTICO-NORMAL-N01,RECOCIDO_SIMULADO,1,43,104,4261,50102.286667
BASE,COLAPSO_LOGISTICO-NORMAL-N01,RECOCIDO_SIMULADO,1,43,105,4301,50102.286667
BASE,COLAPSO_LOGISTICO-NORMAL-N01,RECOCIDO_SIMULADO,1,43,106,4341,50101.593333
BASE,COLAPSO_LOGISTICO-NORMAL-N01,GENETICO,1,43,0,60,60084.463333
BASE,COLAPSO_LOGISTICO-NORMAL-N01,GENETICO,1,43,1,120,60084.463333
BASE,COLAPSO_LOGISTICO-NORMAL-N01,GENETICO,1,43,2,180,60084.463333
BASE,COLAPSO_LOGISTICO-NORMAL-N01,GENETICO,1,43,3,240,60084.463333
BASE,COLAPSO_LOGISTICO-NORMAL-N01,GENETICO,1,43,4,300,60084.463333
BASE,COLAPSO_LOGISTICO-NORMAL-N01,GENETICO,1,43,5,360,55111.633333
BASE,COLAPSO_LOGISTICO-NORMAL-N01,GENETICO,1,43,6,420,55094.933333
BASE,COLAPSO_LOGISTICO-NORMAL-N01,GENETICO,1,43,7,480,55085.403333
BASE,COLAPSO_LOGISTICO-NORMAL-N01,GENETICO,1,43,8,540,55085.403333
BASE,COLAPSO_LOGISTICO-NORMAL-N01,GENETICO,1,43,9,600,55085.403333
BASE,COLAPSO_LOGISTICO-NORMAL-N01,GENETICO,1,43,10,660,55085.403333
BASE,COLAPSO_LOGISTICO-NORMAL-N01,GENETICO,1,43,11,720,55085.403333
BASE,COLAPSO_LOGISTICO-NORMAL-N01,GENETICO,1,43,12,780,55085.403333
BASE,COLAPSO_LOGISTICO-NORMAL-N01,GENETICO,1,43,13,840,55085.403333
BASE,COLAPSO_LOGISTICO-NORMAL-N01,GENETICO,1,43,14,900,55085.403333
BASE,COLAPSO_LOGISTICO-NORMAL-N01,GENETICO,1,43,15,960,55085.403333
BASE,COLAPSO_LOGISTICO-NORMAL-N01,GENETICO,1,43,16,1020,55085.403333
BASE,COLAPSO_LOGISTICO-NORMAL-N01,GENETICO,1,43,17,1080,55085.403333
BASE,COLAPSO_LOGISTICO-NORMAL-N01,GENETICO,1,43,18,1140,55085.403333
BASE,COLAPSO_LOGISTICO-NORMAL-N01,GENETICO,1,43,19,1200,55085.403333
BASE,COLAPSO_LOGISTICO-NORMAL-N01,GENETICO,1,43,20,1260,55085.403333
BASE,COLAPSO_LOGISTICO-NORMAL-N01,GENETICO,1,43,21,1320,55085.403333
BASE,COLAPSO_LOGISTICO-NORMAL-N01,GENETICO,1,43,22,1380,55085.403333
BASE,COLAPSO_LOGISTICO-NORMAL-N01,GENETICO,1,43,23,1440,55085.403333
BASE,COLAPSO_LOGISTICO-NORMAL-N01,GENETICO,1,43,24,1500,55077.636667
BASE,COLAPSO_LOGISTICO-NORMAL-N01,GENETICO,1,43,25,1560,55077.636667
BASE,COLAPSO_LOGISTICO-NORMAL-N01,GENETICO,1,43,26,1620,55077.636667
BASE,COLAPSO_LOGISTICO-NORMAL-N01,GENETICO,1,43,27,1680,55077.636667
BASE,COLAPSO_LOGISTICO-NORMAL-N01,GENETICO,1,43,28,1740,55077.636667
BASE,COLAPSO_LOGISTICO-NORMAL-N01,GENETICO,1,43,29,1800,55077.636667
BASE,COLAPSO_LOGISTICO-NORMAL-N01,GENETICO,1,43,30,1860,55077.636667
BASE,COLAPSO_LOGISTICO-NORMAL-N01,GENETICO,1,43,31,1920,55077.636667
BASE,COLAPSO_LOGISTICO-NORMAL-N01,GENETICO,1,43,32,1980,55077.636667
BASE,COLAPSO_LOGISTICO-NORMAL-N01,GENETICO,1,43,33,2040,55077.636667
BASE,COLAPSO_LOGISTICO-NORMAL-N01,GENETICO,1,43,34,2100,55077.636667
BASE,COLAPSO_LOGISTICO-NORMAL-N01,GENETICO,1,43,35,2160,55077.636667
BASE,COLAPSO_LOGISTICO-NORMAL-N01,GENETICO,1,43,36,2220,55077.636667
BASE,COLAPSO_LOGISTICO-NORMAL-N01,GENETICO,1,43,37,2280,55077.636667
BASE,COLAPSO_LOGISTICO-NORMAL-N01,GENETICO,1,43,38,2340,55077.636667
BASE,COLAPSO_LOGISTICO-NORMAL-N01,GENETICO,1,43,39,2400,55077.636667
BASE,COLAPSO_LOGISTICO-NORMAL-N01,GENETICO,1,43,40,2460,55077.636667
BASE,COLAPSO_LOGISTICO-NORMAL-N01,GENETICO,1,43,41,2520,55077.636667
BASE,COLAPSO_LOGISTICO-NORMAL-N01,GENETICO,1,43,42,2580,55077.636667
BASE,COLAPSO_LOGISTICO-NORMAL-N01,GENETICO,1,43,43,2640,55077.636667
BASE,COLAPSO_LOGISTICO-NORMAL-N01,GENETICO,1,43,44,2700,55077.636667
BASE,COLAPSO_LOGISTICO-NORMAL-N01,GENETICO,1,43,45,2760,55077.636667
BASE,COLAPSO_LOGISTICO-NORMAL-N01,GENETICO,1,43,46,2820,55077.636667
BASE,COLAPSO_LOGISTICO-NORMAL-N01,GENETICO,1,43,47,2880,55077.636667
BASE,COLAPSO_LOGISTICO-NORMAL-N01,GENETICO,1,43,48,2940,55077.636667
BASE,COLAPSO_LOGISTICO-NORMAL-N01,GENETICO,1,43,49,3000,55077.636667
BASE,COLAPSO_LOGISTICO-NORMAL-N01,GENETICO,1,43,50,3060,55077.636667
BASE,COLAPSO_LOGISTICO-NORMAL-N01,GENETICO,1,43,51,3120,55077.636667
BASE,COLAPSO_LOGISTICO-NORMAL-N01,GENETICO,1,43,52,3180,55077.636667
BASE,COLAPSO_LOGISTICO-NORMAL-N01,GENETICO,1,43,53,3240,55077.636667
BASE,COLAPSO_LOGISTICO-NORMAL-N01,GENETICO,1,43,54,3300,55077.636667
BASE,COLAPSO_LOGISTICO-NORMAL-N01,GENETICO,1,43,55,3360,55077.636667
BASE,COLAPSO_LOGISTICO-NORMAL-N01,GENETICO,1,43,56,3420,55077.636667
BASE,COLAPSO_LOGISTICO-NORMAL-N01,GENETICO,1,43,57,3480,55077.636667
BASE,COLAPSO_LOGISTICO-NORMAL-N01,GENETICO,1,43,58,3540,55077.636667
BASE,COLAPSO_LOGISTICO-NORMAL-N01,GENETICO,1,43,59,3600,55077.636667
BASE,COLAPSO_LOGISTICO-NORMAL-N01,GENETICO,1,43,60,3660,55077.636667
BASE,COLAPSO_LOGISTICO-NORMAL-N01,GENETICO,1,43,61,3720,55077.636667
BASE,COLAPSO_LOGISTICO-NORMAL-N01,GENETICO,1,43,62,3780,55077.636667
BASE,COLAPSO_LOGISTICO-NORMAL-N01,GENETICO,1,43,63,3840,55077.636667
BASE,COLAPSO_LOGISTICO-NORMAL-N01,GENETICO,1,43,64,3900,55077.636667
BASE,COLAPSO_LOGISTICO-NORMAL-N01,GENETICO,1,43,65,3960,55077.636667
BASE,COLAPSO_LOGISTICO-NORMAL-N01,GENETICO,1,43,66,4020,55077.636667
BASE,COLAPSO_LOGISTICO-NORMAL-N01,GENETICO,1,43,67,4080,55077.636667
BASE,COLAPSO_LOGISTICO-NORMAL-N01,GENETICO,1,43,68,4140,55077.636667
BASE,COLAPSO_LOGISTICO-NORMAL-N01,GENETICO,1,43,69,4200,55077.636667
BASE,COLAPSO_LOGISTICO-NORMAL-N01,GENETICO,1,43,70,4260,55077.636667
BASE,COLAPSO_LOGISTICO-NORMAL-N01,GENETICO,1,43,71,4320,55077.636667
BASE,COLAPSO_LOGISTICO-NORMAL-N01,GENETICO,1,43,72,4380,55077.636667
BASE,COLAPSO_LOGISTICO-NORMAL-N01,GENETICO,1,43,73,4440,55077.636667
BASE,COLAPSO_LOGISTICO-NORMAL-N01,GENETICO,1,43,74,4500,55077.636667
BASE,COLAPSO_LOGISTICO-NORMAL-N01,GENETICO,1,43,75,4560,55077.636667
BASE,COLAPSO_LOGISTICO-NORMAL-N01,GENETICO,1,43,76,4620,55077.636667
BASE,COLAPSO_LOGISTICO-NORMAL-N01,GENETICO,1,43,77,4680,55077.636667
BASE,COLAPSO_LOGISTICO-NORMAL-N01,GENETICO,1,43,78,4740,55077.636667
BASE,COLAPSO_LOGISTICO-NORMAL-N01,GENETICO,1,43,79,4800,55077.636667
BASE,COLAPSO_LOGISTICO-NORMAL-N01,GENETICO,1,43,80,4860,55077.636667
BASE,COLAPSO_LOGISTICO-NORMAL-N01,GENETICO,1,43,81,4920,55077.636667
BASE,COLAPSO_LOGISTICO-NORMAL-N01,GENETICO,1,43,82,4980,55077.636667
BASE,COLAPSO_LOGISTICO-NORMAL-N01,GENETICO,1,43,83,5040,55077.636667
BASE,COLAPSO_LOGISTICO-NORMAL-N01,GENETICO,1,43,84,5100,55077.636667
BASE,COLAPSO_LOGISTICO-NORMAL-N01,GENETICO,1,43,85,5160,55077.636667
BASE,COLAPSO_LOGISTICO-NORMAL-N01,GENETICO,1,43,86,5220,55077.636667
BASE,COLAPSO_LOGISTICO-NORMAL-N01,GENETICO,1,43,87,5280,55077.636667
BASE,COLAPSO_LOGISTICO-NORMAL-N01,GENETICO,1,43,88,5340,55077.636667
BASE,COLAPSO_LOGISTICO-NORMAL-N01,GENETICO,1,43,89,5400,55077.636667
BASE,COLAPSO_LOGISTICO-NORMAL-N01,GENETICO,1,43,90,5460,55077.636667
BASE,COLAPSO_LOGISTICO-NORMAL-N01,GENETICO,1,43,91,5520,55077.636667
BASE,COLAPSO_LOGISTICO-NORMAL-N01,GENETICO,1,43,92,5580,55077.636667
BASE,COLAPSO_LOGISTICO-NORMAL-N01,GENETICO,1,43,93,5640,55077.636667
BASE,COLAPSO_LOGISTICO-NORMAL-N01,GENETICO,1,43,94,5700,55077.636667
BASE,COLAPSO_LOGISTICO-NORMAL-N01,GENETICO,1,43,95,5760,55077.636667
BASE,COLAPSO_LOGISTICO-NORMAL-N01,GENETICO,1,43,96,5820,55077.636667
BASE,COLAPSO_LOGISTICO-NORMAL-N01,GENETICO,1,43,97,5880,55077.636667
BASE,COLAPSO_LOGISTICO-NORMAL-N01,GENETICO,1,43,98,5940,55077.636667
BASE,COLAPSO_LOGISTICO-NORMAL-N01,GENETICO,1,43,99,6000,55077.636667
BASE,COLAPSO_LOGISTICO-NORMAL-N01,GENETICO,1,43,100,6060,55077.636667
BASE,COLAPSO_LOGISTICO-NORMAL-N01,GENETICO,1,43,101,6120,55077.636667
BASE,COLAPSO_LOGISTICO-NORMAL-N01,GENETICO,1,43,102,6180,55077.636667
BASE,COLAPSO_LOGISTICO-NORMAL-N01,GENETICO,1,43,103,6240,55077.636667
BASE,COLAPSO_LOGISTICO-NORMAL-N01,GENETICO,1,43,104,6300,55077.636667
BASE,COLAPSO_LOGISTICO-NORMAL-N01,GENETICO,1,43,105,6360,55077.636667
BASE,COLAPSO_LOGISTICO-NORMAL-N01,GENETICO,1,43,106,6420,55077.636667
BASE,COLAPSO_LOGISTICO-NORMAL-N01,GENETICO,1,43,107,6480,55077.636667
BASE,COLAPSO_LOGISTICO-NORMAL-N01,GENETICO,1,43,108,6540,55077.636667
BASE,COLAPSO_LOGISTICO-NORMAL-N01,GENETICO,1,43,109,6600,55077.636667
BASE,COLAPSO_LOGISTICO-NORMAL-N01,GENETICO,1,43,110,6660,55077.636667
BASE,COLAPSO_LOGISTICO-NORMAL-N01,GENETICO,1,43,111,6720,55077.636667
BASE,COLAPSO_LOGISTICO-NORMAL-N01,GENETICO,1,43,112,6780,55077.636667
BASE,COLAPSO_LOGISTICO-NORMAL-N01,GENETICO,1,43,113,6840,55077.636667
BASE,COLAPSO_LOGISTICO-NORMAL-N01,GENETICO,1,43,114,6900,55077.636667
BASE,COLAPSO_LOGISTICO-NORMAL-N01,GENETICO,1,43,115,6960,55077.636667
BASE,COLAPSO_LOGISTICO-NORMAL-N01,GENETICO,1,43,116,7020,55077.636667
BASE,COLAPSO_LOGISTICO-NORMAL-N01,GENETICO,1,43,117,7080,55077.636667
BASE,COLAPSO_LOGISTICO-NORMAL-N01,GENETICO,1,43,118,7140,55077.636667
BASE,COLAPSO_LOGISTICO-NORMAL-N01,GENETICO,1,43,119,7200,55077.636667
BASE,COLAPSO_LOGISTICO-NORMAL-N01,GENETICO,1,43,120,7260,55077.636667
BASE,COLAPSO_LOGISTICO-NORMAL-N01,GENETICO,1,43,121,7320,55077.636667
BASE,COLAPSO_LOGISTICO-NORMAL-N01,GENETICO,1,43,122,7380,55077.636667
BASE,COLAPSO_LOGISTICO-NORMAL-N01,GENETICO,1,43,123,7440,55077.636667
BASE,COLAPSO_LOGISTICO-NORMAL-N01,GENETICO,1,43,124,7500,55077.636667
BASE,COLAPSO_LOGISTICO-NORMAL-N01,GENETICO,1,43,125,7560,55077.636667
BASE,COLAPSO_LOGISTICO-NORMAL-N01,GENETICO,1,43,126,7620,55077.636667
BASE,COLAPSO_LOGISTICO-NORMAL-N01,GENETICO,1,43,127,7680,55077.636667
BASE,COLAPSO_LOGISTICO-NORMAL-N01,GENETICO,1,43,128,7740,55077.636667
BASE,COLAPSO_LOGISTICO-NORMAL-N01,GENETICO,1,43,129,7800,55077.636667
BASE,COLAPSO_LOGISTICO-NORMAL-N01,GENETICO,1,43,130,7860,55077.636667
BASE,COLAPSO_LOGISTICO-NORMAL-N01,GENETICO,1,43,131,7920,55077.636667
BASE,COLAPSO_LOGISTICO-NORMAL-N01,GENETICO,1,43,132,7980,55077.636667
BASE,COLAPSO_LOGISTICO-NORMAL-N01,GENETICO,1,43,133,8040,55077.636667
BASE,COLAPSO_LOGISTICO-NORMAL-N01,GENETICO,1,43,134,8100,55077.636667
BASE,COLAPSO_LOGISTICO-NORMAL-N01,GENETICO,1,43,135,8160,55077.636667
BASE,COLAPSO_LOGISTICO-NORMAL-N01,GENETICO,1,43,136,8220,55077.636667
BASE,COLAPSO_LOGISTICO-NORMAL-N01,GENETICO,1,43,137,8280,55077.636667
BASE,COLAPSO_LOGISTICO-NORMAL-N01,GENETICO,1,43,138,8340,55077.636667
BASE,COLAPSO_LOGISTICO-NORMAL-N01,GENETICO,1,43,139,8400,55077.636667
BASE,COLAPSO_LOGISTICO-NORMAL-N01,GENETICO,1,43,140,8460,55077.636667
BASE,COLAPSO_LOGISTICO-NORMAL-N01,GENETICO,1,43,141,8520,55077.636667
BASE,COLAPSO_LOGISTICO-NORMAL-N01,GENETICO,1,43,142,8580,55077.636667
BASE,COLAPSO_LOGISTICO-NORMAL-N01,GENETICO,1,43,143,8640,55077.636667
BASE,COLAPSO_LOGISTICO-NORMAL-N01,GENETICO,1,43,144,8700,55077.636667
BASE,COLAPSO_LOGISTICO-NORMAL-N01,GENETICO,1,43,145,8760,55077.636667
BASE,COLAPSO_LOGISTICO-NORMAL-N01,GENETICO,1,43,146,8820,55077.636667
BASE,COLAPSO_LOGISTICO-NORMAL-N01,GENETICO,1,43,147,8880,55077.636667
BASE,COLAPSO_LOGISTICO-NORMAL-N01,GENETICO,1,43,148,8940,55077.636667
BASE,COLAPSO_LOGISTICO-NORMAL-N01,GENETICO,1,43,149,9000,55077.636667
BASE,COLAPSO_LOGISTICO-NORMAL-N01,GENETICO,1,43,150,9060,55077.636667
BASE,COLAPSO_LOGISTICO-ALTA-N01,GENETICO,0,42,0,60,15039.441667
BASE,COLAPSO_LOGISTICO-ALTA-N01,GENETICO,0,42,1,120,15039.441667
BASE,COLAPSO_LOGISTICO-ALTA-N01,GENETICO,0,42,2,180,15039.441667
BASE,COLAPSO_LOGISTICO-ALTA-N01,GENETICO,0,42,3,240,15039.441667
BASE,COLAPSO_LOGISTICO-ALTA-N01,GENETICO,0,42,4,300,15039.441667
BASE,COLAPSO_LOGISTICO-ALTA-N01,GENETICO,0,42,5,360,15039.441667
BASE,COLAPSO_LOGISTICO-ALTA-N01,GENETICO,0,42,6,420,15039.441667
BASE,COLAPSO_LOGISTICO-ALTA-N01,GENETICO,0,42,7,480,15039.441667
BASE,COLAPSO_LOGISTICO-ALTA-N01,GENETICO,0,42,8,540,15039.441667
BASE,COLAPSO_LOGISTICO-ALTA-N01,GENETICO,0,42,9,600,15039.441667
BASE,COLAPSO_LOGISTICO-ALTA-N01,GENETICO,0,42,10,660,15039.441667
BASE,COLAPSO_LOGISTICO-ALTA-N01,GENETICO,0,42,11,720,15039.441667
BASE,COLAPSO_LOGISTICO-ALTA-N01,GENETICO,0,42,12,780,15039.441667
BASE,COLAPSO_LOGISTICO-ALTA-N01,GENETICO,0,42,13,840,15039.441667
BASE,COLAPSO_LOGISTICO-ALTA-N01,GENETICO,0,42,14,900,15039.441667
BASE,COLAPSO_LOGISTICO-ALTA-N01,GENETICO,0,42,15,960,15039.441667
BASE,COLAPSO_LOGISTICO-ALTA-N01,GENETICO,0,42,16,1020,15039.441667
BASE,COLAPSO_LOGISTICO-ALTA-N01,GENETICO,0,42,17,1080,15039.441667
BASE,COLAPSO_LOGISTICO-ALTA-N01,GENETICO,0,42,18,1140,15039.441667
BASE,COLAPSO_LOGISTICO-ALTA-N01,GENETICO,0,42,19,1200,15039.441667
BASE,COLAPSO_LOGISTICO-ALTA-N01,GENETICO,0,42,20,1260,15039.441667
BASE,COLAPSO_LOGISTICO-ALTA-N01,GENETICO,0,42,21,1320,15039.441667
BASE,COLAPSO_LOGISTICO-ALTA-N01,GENETICO,0,42,22,1380,15039.441667
BASE,COLAPSO_LOGISTICO-ALTA-N01,GENETICO,0,42,23,1440,15039.441667
BASE,COLAPSO_LOGISTICO-ALTA-N01,GENETICO,0,42,24,1500,15039.441667
BASE,COLAPSO_LOGISTICO-ALTA-N01,GENETICO,0,42,25,1560,15039.441667
BASE,COLAPSO_LOGISTICO-ALTA-N01,GENETICO,0,42,26,1620,15039.441667
BASE,COLAPSO_LOGISTICO-ALTA-N01,GENETICO,0,42,27,1680,15039.441667
BASE,COLAPSO_LOGISTICO-ALTA-N01,GENETICO,0,42,28,1740,15039.441667
BASE,COLAPSO_LOGISTICO-ALTA-N01,GENETICO,0,42,29,1800,15039.441667
BASE,COLAPSO_LOGISTICO-ALTA-N01,GENETICO,0,42,30,1860,15039.441667
BASE,COLAPSO_LOGISTICO-ALTA-N01,GENETICO,0,42,31,1920,15039.441667
BASE,COLAPSO_LOGISTICO-ALTA-N01,GENETICO,0,42,32,1980,15039.441667
BASE,COLAPSO_LOGISTICO-ALTA-N01,GENETICO,0,42,33,2040,15039.441667
BASE,COLAPSO_LOGISTICO-ALTA-N01,GENETICO,0,42,34,2100,15039.441667
BASE,COLAPSO_LOGISTICO-ALTA-N01,GENETICO,0,42,35,2160,15039.441667
BASE,COLAPSO_LOGISTICO-ALTA-N01,GENETICO,0,42,36,2220,15039.441667
BASE,COLAPSO_LOGISTICO-ALTA-N01,GENETICO,0,42,37,2280,15039.441667
BASE,COLAPSO_LOGISTICO-ALTA-N01,GENETICO,0,42,38,2340,15039.441667
BASE,COLAPSO_LOGISTICO-ALTA-N01,GENETICO,0,42,39,2400,15039.441667
BASE,COLAPSO_LOGISTICO-ALTA-N01,GENETICO,0,42,40,2460,15039.441667
BASE,COLAPSO_LOGISTICO-ALTA-N01,GENETICO,0,42,41,2520,15039.441667
BASE,COLAPSO_LOGISTICO-ALTA-N01,GENETICO,0,42,42,2580,15039.441667
BASE,COLAPSO_LOGISTICO-ALTA-N01,GENETICO,0,42,43,2640,15039.441667
BASE,COLAPSO_LOGISTICO-ALTA-N01,GENETICO,0,42,44,2700,15039.441667
BASE,COLAPSO_LOGISTICO-ALTA-N01,GENETICO,0,42,45,2760,15039.441667
BASE,COLAPSO_LOGISTICO-ALTA-N01,GENETICO,0,42,46,2820,15039.441667
BASE,COLAPSO_LOGISTICO-ALTA-N01,GENETICO,0,42,47,2880,15039.441667
BASE,COLAPSO_LOGISTICO-ALTA-N01,GENETICO,0,42,48,2940,15039.441667
BASE,COLAPSO_LOGISTICO-ALTA-N01,GENETICO,0,42,49,3000,15039.441667
BASE,COLAPSO_LOGISTICO-ALTA-N01,GENETICO,0,42,50,3060,15039.441667
BASE,COLAPSO_LOGISTICO-ALTA-N01,GENETICO,0,42,51,3120,15039.441667
BASE,COLAPSO_LOGISTICO-ALTA-N01,GENETICO,0,42,52,3180,15039.441667
BASE,COLAPSO_LOGISTICO-ALTA-N01,GENETICO,0,42,53,3240,15039.441667
BASE,COLAPSO_LOGISTICO-ALTA-N01,GENETICO,0,42,54,3300,15039.441667
BASE,COLAPSO_LOGISTICO-ALTA-N01,GENETICO,0,42,55,3360,15039.441667
BASE,COLAPSO_LOGISTICO-ALTA-N01,GENETICO,0,42,56,3420,15039.441667
BASE,COLAPSO_LOGISTICO-ALTA-N01,GENETICO,0,42,57,3480,15039.441667
BASE,COLAPSO_LOGISTICO-ALTA-N01,GENETICO,0,42,58,3540,15039.441667
BASE,COLAPSO_LOGISTICO-ALTA-N01,GENETICO,0,42,59,3600,15039.441667
BASE,COLAPSO_LOGISTICO-ALTA-N01,GENETICO,0,42,60,3660,15039.441667
BASE,COLAPSO_LOGISTICO-ALTA-N01,GENETICO,0,42,61,3720,15039.441667
BASE,COLAPSO_LOGISTICO-ALTA-N01,GENETICO,0,42,62,3780,15039.441667
BASE,COLAPSO_LOGISTICO-ALTA-N01,GENETICO,0,42,63,3840,15039.441667
BASE,COLAPSO_LOGISTICO-ALTA-N01,GENETICO,0,42,64,3900,15039.441667
BASE,COLAPSO_LOGISTICO-ALTA-N01,GENETICO,0,42,65,3960,15039.441667
BASE,COLAPSO_LOGISTICO-ALTA-N01,GENETICO,0,42,66,4020,15039.441667
BASE,COLAPSO_LOGISTICO-ALTA-N01,GENETICO,0,42,67,4080,15039.441667
BASE,COLAPSO_LOGISTICO-ALTA-N01,GENETICO,0,42,68,4140,15039.441667
BASE,COLAPSO_LOGISTICO-ALTA-N01,GENETICO,0,42,69,4200,15039.441667
BASE,COLAPSO_LOGISTICO-ALTA-N01,GENETICO,0,42,70,4260,15039.441667
BASE,COLAPSO_LOGISTICO-ALTA-N01,GENETICO,0,42,71,4320,15039.441667
BASE,COLAPSO_LOGISTICO-ALTA-N01,GENETICO,0,42,72,4380,15039.441667
BASE,COLAPSO_LOGISTICO-ALTA-N01,GENETICO,0,42,73,4440,15039.441667
BASE,COLAPSO_LOGISTICO-ALTA-N01,GENETICO,0,42,74,4500,15039.441667
BASE,COLAPSO_LOGISTICO-ALTA-N01,GENETICO,0,42,75,4560,15039.441667
BASE,COLAPSO_LOGISTICO-ALTA-N01,GENETICO,0,42,76,4620,15039.441667
BASE,COLAPSO_LOGISTICO-ALTA-N01,GENETICO,0,42,77,4680,15039.441667
BASE,COLAPSO_LOGISTICO-ALTA-N01,GENETICO,0,42,78,4740,15039.441667
BASE,COLAPSO_LOGISTICO-ALTA-N01,GENETICO,0,42,79,4800,15039.441667
BASE,COLAPSO_LOGISTICO-ALTA-N01,GENETICO,0,42,80,4860,15039.441667
BASE,COLAPSO_LOGISTICO-ALTA-N01,GENETICO,0,42,81,4920,15039.441667
BASE,COLAPSO_LOGISTICO-ALTA-N01,GENETICO,0,42,82,4980,15039.441667
BASE,COLAPSO_LOGISTICO-ALTA-N01,GENETICO,0,42,83,5040,15039.441667
BASE,COLAPSO_LOGISTICO-ALTA-N01,GENETICO,0,42,84,5100,15039.441667
BASE,COLAPSO_LOGISTICO-ALTA-N01,GENETICO,0,42,85,5160,15039.441667
BASE,COLAPSO_LOGISTICO-ALTA-N01,GENETICO,0,42,86,5220,15039.441667
BASE,COLAPSO_LOGISTICO-ALTA-N01,GENETICO,0,42,87,5280,15039.441667
BASE,COLAPSO_LOGISTICO-ALTA-N01,GENETICO,0,42,88,5340,15039.441667
BASE,COLAPSO_LOGISTICO-ALTA-N01,GENETICO,0,42,89,5400,15039.441667
BASE,COLAPSO_LOGISTICO-ALTA-N01,GENETICO,0,42,90,5460,15039.441667
BASE,COLAPSO_LOGISTICO-ALTA-N01,GENETICO,0,42,91,5520,15039.441667
BASE,COLAPSO_LOGISTICO-ALTA-N01,GENETICO,0,42,92,5580,15039.441667
BASE,COLAPSO_LOGISTICO-ALTA-N01,GENETICO,0,42,93,5640,15039.441667
BASE,COLAPSO_LOGISTICO-ALTA-N01,GENETICO,0,42,94,5700,15039.441667
BASE,COLAPSO_LOGISTICO-ALTA-N01,GENETICO,0,42,95,5760,15039.441667
BASE,COLAPSO_LOGISTICO-ALTA-N01,GENETICO,0,42,96,5820,15039.441667
BASE,COLAPSO_LOGISTICO-ALTA-N01,GENETICO,0,42,97,5880,15039.441667
BASE,COLAPSO_LOGISTICO-ALTA-N01,GENETICO,0,42,98,5940,15039.441667
BASE,COLAPSO_LOGISTICO-ALTA-N01,GENETICO,0,42,99,6000,15039.441667
BASE,COLAPSO_LOGISTICO-ALTA-N01,GENETICO,0,42,100,6060,15039.441667
BASE,COLAPSO_LOGISTICO-ALTA-N01,GENETICO,0,42,101,6120,15039.441667
BASE,COLAPSO_LOGISTICO-ALTA-N01,GENETICO,0,42,102,6180,15039.441667
BASE,COLAPSO_LOGISTICO-ALTA-N01,GENETICO,0,42,103,6240,15039.441667
BASE,COLAPSO_LOGISTICO-ALTA-N01,GENETICO,0,42,104,6300,15039.441667
BASE,COLAPSO_LOGISTICO-ALTA-N01,GENETICO,0,42,105,6360,15039.441667
BASE,COLAPSO_LOGISTICO-ALTA-N01,GENETICO,0,42,106,6420,15039.441667
BASE,COLAPSO_LOGISTICO-ALTA-N01,GENETICO,0,42,107,6480,15039.441667
BASE,COLAPSO_LOGISTICO-ALTA-N01,GENETICO,0,42,108,6540,15039.441667
BASE,COLAPSO_LOGISTICO-ALTA-N01,GENETICO,0,42,109,6600,15039.441667
BASE,COLAPSO_LOGISTICO-ALTA-N01,GENETICO,0,42,110,6660,15039.441667
BASE,COLAPSO_LOGISTICO-ALTA-N01,GENETICO,0,42,111,6720,15039.441667
BASE,COLAPSO_LOGISTICO-ALTA-N01,GENETICO,0,42,112,6780,15039.441667
BASE,COLAPSO_LOGISTICO-ALTA-N01,GENETICO,0,42,113,6840,15039.441667
BASE,COLAPSO_LOGISTICO-ALTA-N01,GENETICO,0,42,114,6900,15039.441667
BASE,COLAPSO_LOGISTICO-ALTA-N01,GENETICO,0,42,115,6960,15039.441667
BASE,COLAPSO_LOGISTICO-ALTA-N01,GENETICO,0,42,116,7020,15039.441667
BASE,COLAPSO_LOGISTICO-ALTA-N01,GENETICO,0,42,117,7080,15039.441667
BASE,COLAPSO_LOGISTICO-ALTA-N01,GENETICO,0,42,118,7140,15039.441667
BASE,COLAPSO_LOGISTICO-ALTA-N01,GENETICO,0,42,119,7200,15039.441667
BASE,COLAPSO_LOGISTICO-ALTA-N01,GENETICO,0,42,120,7260,15039.441667
BASE,COLAPSO_LOGISTICO-ALTA-N01,GENETICO,0,42,121,7320,15039.441667
BASE,COLAPSO_LOGISTICO-ALTA-N01,GENETICO,0,42,122,7380,15039.441667
BASE,COLAPSO_LOGISTICO-ALTA-N01,GENETICO,0,42,123,7440,15039.441667
BASE,COLAPSO_LOGISTICO-ALTA-N01,GENETICO,0,42,124,7500,15039.441667
BASE,COLAPSO_LOGISTICO-ALTA-N01,GENETICO,0,42,125,7560,15039.441667
BASE,COLAPSO_LOGISTICO-ALTA-N01,GENETICO,0,42,126,7620,15039.441667
BASE,COLAPSO_LOGISTICO-ALTA-N01,GENETICO,0,42,127,7680,15039.441667
BASE,COLAPSO_LOGISTICO-ALTA-N01,GENETICO,0,42,128,7740,15039.441667
BASE,COLAPSO_LOGISTICO-ALTA-N01,GENETICO,0,42,129,7800,15039.441667
BASE,COLAPSO_LOGISTICO-ALTA-N01,GENETICO,0,42,130,7860,15039.441667
BASE,COLAPSO_LOGISTICO-ALTA-N01,GENETICO,0,42,131,7920,15039.441667
BASE,COLAPSO_LOGISTICO-ALTA-N01,GENETICO,0,42,132,7980,15039.441667
BASE,COLAPSO_LOGISTICO-ALTA-N01,GENETICO,0,42,133,8040,15039.441667
BASE,COLAPSO_LOGISTICO-ALTA-N01,GENETICO,0,42,134,8100,15039.441667
BASE,COLAPSO_LOGISTICO-ALTA-N01,GENETICO,0,42,135,8160,15039.441667
BASE,COLAPSO_LOGISTICO-ALTA-N01,GENETICO,0,42,136,8220,15039.441667
BASE,COLAPSO_LOGISTICO-ALTA-N01,GENETICO,0,42,137,8280,15039.441667
BASE,COLAPSO_LOGISTICO-ALTA-N01,GENETICO,0,42,138,8340,15039.441667
BASE,COLAPSO_LOGISTICO-ALTA-N01,GENETICO,0,42,139,8400,15039.441667
BASE,COLAPSO_LOGISTICO-ALTA-N01,GENETICO,0,42,140,8460,15039.441667
BASE,COLAPSO_LOGISTICO-ALTA-N01,GENETICO,0,42,141,8520,15039.441667
BASE,COLAPSO_LOGISTICO-ALTA-N01,GENETICO,0,42,142,8580,15039.441667
BASE,COLAPSO_LOGISTICO-ALTA-N01,GENETICO,0,42,143,8640,15039.441667
BASE,COLAPSO_LOGISTICO-ALTA-N01,GENETICO,0,42,144,8700,15039.441667
BASE,COLAPSO_LOGISTICO-ALTA-N01,GENETICO,0,42,145,8760,15039.441667
BASE,COLAPSO_LOGISTICO-ALTA-N01,GENETICO,0,42,146,8820,15039.441667
BASE,COLAPSO_LOGISTICO-ALTA-N01,GENETICO,0,42,147,8880,15039.441667
BASE,COLAPSO_LOGISTICO-ALTA-N01,GENETICO,0,42,148,8940,15039.441667
BASE,COLAPSO_LOGISTICO-ALTA-N01,GENETICO,0,42,149,9000,15039.441667
BASE,COLAPSO_LOGISTICO-ALTA-N01,GENETICO,0,42,150,9060,15039.441667
BASE,COLAPSO_LOGISTICO-ALTA-N01,RECOCIDO_SIMULADO,0,42,0,101,15044.65
BASE,COLAPSO_LOGISTICO-ALTA-N01,RECOCIDO_SIMULADO,0,42,1,141,15044.65
BASE,COLAPSO_LOGISTICO-ALTA-N01,RECOCIDO_SIMULADO,0,42,2,181,15044.65
BASE,COLAPSO_LOGISTICO-ALTA-N01,RECOCIDO_SIMULADO,0,42,3,221,15044.65
BASE,COLAPSO_LOGISTICO-ALTA-N01,RECOCIDO_SIMULADO,0,42,4,261,15044.65
BASE,COLAPSO_LOGISTICO-ALTA-N01,RECOCIDO_SIMULADO,0,42,5,301,15044.65
BASE,COLAPSO_LOGISTICO-ALTA-N01,RECOCIDO_SIMULADO,0,42,6,341,15044.65
BASE,COLAPSO_LOGISTICO-ALTA-N01,RECOCIDO_SIMULADO,0,42,7,381,15044.65
BASE,COLAPSO_LOGISTICO-ALTA-N01,RECOCIDO_SIMULADO,0,42,8,421,15044.65
BASE,COLAPSO_LOGISTICO-ALTA-N01,RECOCIDO_SIMULADO,0,42,9,461,15044.65
BASE,COLAPSO_LOGISTICO-ALTA-N01,RECOCIDO_SIMULADO,0,42,10,501,15044.65
BASE,COLAPSO_LOGISTICO-ALTA-N01,RECOCIDO_SIMULADO,0,42,11,541,15044.65
BASE,COLAPSO_LOGISTICO-ALTA-N01,RECOCIDO_SIMULADO,0,42,12,581,15044.65
BASE,COLAPSO_LOGISTICO-ALTA-N01,RECOCIDO_SIMULADO,0,42,13,621,15044.65
BASE,COLAPSO_LOGISTICO-ALTA-N01,RECOCIDO_SIMULADO,0,42,14,661,15044.65
BASE,COLAPSO_LOGISTICO-ALTA-N01,RECOCIDO_SIMULADO,0,42,15,701,15044.65
BASE,COLAPSO_LOGISTICO-ALTA-N01,RECOCIDO_SIMULADO,0,42,16,741,15044.65
BASE,COLAPSO_LOGISTICO-ALTA-N01,RECOCIDO_SIMULADO,0,42,17,781,15044.65
BASE,COLAPSO_LOGISTICO-ALTA-N01,RECOCIDO_SIMULADO,0,42,18,821,15044.65
BASE,COLAPSO_LOGISTICO-ALTA-N01,RECOCIDO_SIMULADO,0,42,19,861,15044.65
BASE,COLAPSO_LOGISTICO-ALTA-N01,RECOCIDO_SIMULADO,0,42,20,901,15044.65
BASE,COLAPSO_LOGISTICO-ALTA-N01,RECOCIDO_SIMULADO,0,42,21,941,15044.65
BASE,COLAPSO_LOGISTICO-ALTA-N01,RECOCIDO_SIMULADO,0,42,22,981,15044.65
BASE,COLAPSO_LOGISTICO-ALTA-N01,RECOCIDO_SIMULADO,0,42,23,1021,15044.65
BASE,COLAPSO_LOGISTICO-ALTA-N01,RECOCIDO_SIMULADO,0,42,24,1061,15044.65
BASE,COLAPSO_LOGISTICO-ALTA-N01,RECOCIDO_SIMULADO,0,42,25,1101,15044.65
BASE,COLAPSO_LOGISTICO-ALTA-N01,RECOCIDO_SIMULADO,0,42,26,1141,15044.65
BASE,COLAPSO_LOGISTICO-ALTA-N01,RECOCIDO_SIMULADO,0,42,27,1181,15044.65
BASE,COLAPSO_LOGISTICO-ALTA-N01,RECOCIDO_SIMULADO,0,42,28,1221,15044.65
BASE,COLAPSO_LOGISTICO-ALTA-N01,RECOCIDO_SIMULADO,0,42,29,1261,15044.65
BASE,COLAPSO_LOGISTICO-ALTA-N01,RECOCIDO_SIMULADO,0,42,30,1301,15044.65
BASE,COLAPSO_LOGISTICO-ALTA-N01,RECOCIDO_SIMULADO,0,42,31,1341,15044.65
BASE,COLAPSO_LOGISTICO-ALTA-N01,RECOCIDO_SIMULADO,0,42,32,1381,15044.65
BASE,COLAPSO_LOGISTICO-ALTA-N01,RECOCIDO_SIMULADO,0,42,33,1421,15044.65
BASE,COLAPSO_LOGISTICO-ALTA-N01,RECOCIDO_SIMULADO,0,42,34,1461,15044.65
BASE,COLAPSO_LOGISTICO-ALTA-N01,RECOCIDO_SIMULADO,0,42,35,1501,15044.65
BASE,COLAPSO_LOGISTICO-ALTA-N01,RECOCIDO_SIMULADO,0,42,36,1541,15044.65
BASE,COLAPSO_LOGISTICO-ALTA-N01,RECOCIDO_SIMULADO,0,42,37,1581,15044.65
BASE,COLAPSO_LOGISTICO-ALTA-N01,RECOCIDO_SIMULADO,0,42,38,1621,15044.65
BASE,COLAPSO_LOGISTICO-ALTA-N01,RECOCIDO_SIMULADO,0,42,39,1661,15044.65
BASE,COLAPSO_LOGISTICO-ALTA-N01,RECOCIDO_SIMULADO,0,42,40,1701,15044.65
BASE,COLAPSO_LOGISTICO-ALTA-N01,RECOCIDO_SIMULADO,0,42,41,1741,15044.65
BASE,COLAPSO_LOGISTICO-ALTA-N01,RECOCIDO_SIMULADO,0,42,42,1781,15044.65
BASE,COLAPSO_LOGISTICO-ALTA-N01,RECOCIDO_SIMULADO,0,42,43,1821,15044.65
BASE,COLAPSO_LOGISTICO-ALTA-N01,RECOCIDO_SIMULADO,0,42,44,1861,15044.65
BASE,COLAPSO_LOGISTICO-ALTA-N01,RECOCIDO_SIMULADO,0,42,45,1901,15044.65
BASE,COLAPSO_LOGISTICO-ALTA-N01,RECOCIDO_SIMULADO,0,42,46,1941,15044.65
BASE,COLAPSO_LOGISTICO-ALTA-N01,RECOCIDO_SIMULADO,0,42,47,1981,15044.65
BASE,COLAPSO_LOGISTICO-ALTA-N01,RECOCIDO_SIMULADO,0,42,48,2021,15044.65
BASE,COLAPSO_LOGISTICO-ALTA-N01,RECOCIDO_SIMULADO,0,42,49,2061,15044.65
BASE,COLAPSO_LOGISTICO-ALTA-N01,RECOCIDO_SIMULADO,0,42,50,2101,15044.65
BASE,COLAPSO_LOGISTICO-ALTA-N01,RECOCIDO_SIMULADO,0,42,51,2141,15044.65
BASE,COLAPSO_LOGISTICO-ALTA-N01,RECOCIDO_SIMULADO,0,42,52,2181,15044.65
BASE,COLAPSO_LOGISTICO-ALTA-N01,RECOCIDO_SIMULADO,0,42,53,2221,15044.65
BASE,COLAPSO_LOGISTICO-ALTA-N01,RECOCIDO_SIMULADO,0,42,54,2261,15044.65
BASE,COLAPSO_LOGISTICO-ALTA-N01,RECOCIDO_SIMULADO,0,42,55,2301,15044.65
BASE,COLAPSO_LOGISTICO-ALTA-N01,RECOCIDO_SIMULADO,0,42,56,2341,15044.65
BASE,COLAPSO_LOGISTICO-ALTA-N01,RECOCIDO_SIMULADO,0,42,57,2381,15044.65
BASE,COLAPSO_LOGISTICO-ALTA-N01,RECOCIDO_SIMULADO,0,42,58,2421,15044.65
BASE,COLAPSO_LOGISTICO-ALTA-N01,RECOCIDO_SIMULADO,0,42,59,2461,15044.65
BASE,COLAPSO_LOGISTICO-ALTA-N01,RECOCIDO_SIMULADO,0,42,60,2501,15044.65
BASE,COLAPSO_LOGISTICO-ALTA-N01,RECOCIDO_SIMULADO,0,42,61,2541,15044.65
BASE,COLAPSO_LOGISTICO-ALTA-N01,RECOCIDO_SIMULADO,0,42,62,2581,15044.65
BASE,COLAPSO_LOGISTICO-ALTA-N01,RECOCIDO_SIMULADO,0,42,63,2621,15044.65
BASE,COLAPSO_LOGISTICO-ALTA-N01,RECOCIDO_SIMULADO,0,42,64,2661,15044.65
BASE,COLAPSO_LOGISTICO-ALTA-N01,RECOCIDO_SIMULADO,0,42,65,2701,15044.65
BASE,COLAPSO_LOGISTICO-ALTA-N01,RECOCIDO_SIMULADO,0,42,66,2741,15044.65
BASE,COLAPSO_LOGISTICO-ALTA-N01,RECOCIDO_SIMULADO,0,42,67,2781,15044.65
BASE,COLAPSO_LOGISTICO-ALTA-N01,RECOCIDO_SIMULADO,0,42,68,2821,15044.65
BASE,COLAPSO_LOGISTICO-ALTA-N01,RECOCIDO_SIMULADO,0,42,69,2861,15044.65
BASE,COLAPSO_LOGISTICO-ALTA-N01,RECOCIDO_SIMULADO,0,42,70,2901,15044.65
BASE,COLAPSO_LOGISTICO-ALTA-N01,RECOCIDO_SIMULADO,0,42,71,2941,15044.65
BASE,COLAPSO_LOGISTICO-ALTA-N01,RECOCIDO_SIMULADO,0,42,72,2981,15044.65
BASE,COLAPSO_LOGISTICO-ALTA-N01,RECOCIDO_SIMULADO,0,42,73,3021,15044.65
BASE,COLAPSO_LOGISTICO-ALTA-N01,RECOCIDO_SIMULADO,0,42,74,3061,15044.65
BASE,COLAPSO_LOGISTICO-ALTA-N01,RECOCIDO_SIMULADO,0,42,75,3101,15044.65
BASE,COLAPSO_LOGISTICO-ALTA-N01,RECOCIDO_SIMULADO,0,42,76,3141,15044.65
BASE,COLAPSO_LOGISTICO-ALTA-N01,RECOCIDO_SIMULADO,0,42,77,3181,15044.65
BASE,COLAPSO_LOGISTICO-ALTA-N01,RECOCIDO_SIMULADO,0,42,78,3221,15044.65
BASE,COLAPSO_LOGISTICO-ALTA-N01,RECOCIDO_SIMULADO,0,42,79,3261,15044.65
BASE,COLAPSO_LOGISTICO-ALTA-N01,RECOCIDO_SIMULADO,0,42,80,3301,15044.65
BASE,COLAPSO_LOGISTICO-ALTA-N01,RECOCIDO_SIMULADO,0,42,81,3341,15044.65
BASE,COLAPSO_LOGISTICO-ALTA-N01,RECOCIDO_SIMULADO,0,42,82,3381,15044.65
BASE,COLAPSO_LOGISTICO-ALTA-N01,RECOCIDO_SIMULADO,0,42,83,3421,15044.65
BASE,COLAPSO_LOGISTICO-ALTA-N01,RECOCIDO_SIMULADO,0,42,84,3461,15044.65
BASE,COLAPSO_LOGISTICO-ALTA-N01,RECOCIDO_SIMULADO,0,42,85,3501,15044.65
BASE,COLAPSO_LOGISTICO-ALTA-N01,RECOCIDO_SIMULADO,0,42,86,3541,15044.65
BASE,COLAPSO_LOGISTICO-ALTA-N01,RECOCIDO_SIMULADO,0,42,87,3581,15044.65
BASE,COLAPSO_LOGISTICO-ALTA-N01,RECOCIDO_SIMULADO,0,42,88,3621,15044.65
BASE,COLAPSO_LOGISTICO-ALTA-N01,RECOCIDO_SIMULADO,0,42,89,3661,15044.65
BASE,COLAPSO_LOGISTICO-ALTA-N01,RECOCIDO_SIMULADO,0,42,90,3701,15044.65
BASE,COLAPSO_LOGISTICO-ALTA-N01,RECOCIDO_SIMULADO,0,42,91,3741,15044.65
BASE,COLAPSO_LOGISTICO-ALTA-N01,RECOCIDO_SIMULADO,0,42,92,3781,15044.65
BASE,COLAPSO_LOGISTICO-ALTA-N01,RECOCIDO_SIMULADO,0,42,93,3821,15044.65
BASE,COLAPSO_LOGISTICO-ALTA-N01,RECOCIDO_SIMULADO,0,42,94,3861,15044.65
BASE,COLAPSO_LOGISTICO-ALTA-N01,RECOCIDO_SIMULADO,0,42,95,3901,15044.65
BASE,COLAPSO_LOGISTICO-ALTA-N01,RECOCIDO_SIMULADO,0,42,96,3941,15044.65
BASE,COLAPSO_LOGISTICO-ALTA-N01,RECOCIDO_SIMULADO,0,42,97,3981,15044.65
BASE,COLAPSO_LOGISTICO-ALTA-N01,RECOCIDO_SIMULADO,0,42,98,4021,15044.65
BASE,COLAPSO_LOGISTICO-ALTA-N01,RECOCIDO_SIMULADO,0,42,99,4061,15044.65
BASE,COLAPSO_LOGISTICO-ALTA-N01,RECOCIDO_SIMULADO,0,42,100,4101,15044.65
BASE,COLAPSO_LOGISTICO-ALTA-N01,RECOCIDO_SIMULADO,0,42,101,4141,15044.65
BASE,COLAPSO_LOGISTICO-ALTA-N01,RECOCIDO_SIMULADO,0,42,102,4181,15044.65
BASE,COLAPSO_LOGISTICO-ALTA-N01,RECOCIDO_SIMULADO,0,42,103,4221,15044.65
BASE,COLAPSO_LOGISTICO-ALTA-N01,RECOCIDO_SIMULADO,0,42,104,4261,15044.65
BASE,COLAPSO_LOGISTICO-ALTA-N01,RECOCIDO_SIMULADO,0,42,105,4301,15044.65
BASE,COLAPSO_LOGISTICO-ALTA-N01,RECOCIDO_SIMULADO,0,42,106,4341,15044.65
BASE,COLAPSO_LOGISTICO-ALTA-N01,RECOCIDO_SIMULADO,1,43,0,101,15044.65
BASE,COLAPSO_LOGISTICO-ALTA-N01,RECOCIDO_SIMULADO,1,43,1,141,15044.65
BASE,COLAPSO_LOGISTICO-ALTA-N01,RECOCIDO_SIMULADO,1,43,2,181,15044.65
BASE,COLAPSO_LOGISTICO-ALTA-N01,RECOCIDO_SIMULADO,1,43,3,221,15044.65
BASE,COLAPSO_LOGISTICO-ALTA-N01,RECOCIDO_SIMULADO,1,43,4,261,15044.65
BASE,COLAPSO_LOGISTICO-ALTA-N01,RECOCIDO_SIMULADO,1,43,5,301,15044.65
BASE,COLAPSO_LOGISTICO-ALTA-N01,RECOCIDO_SIMULADO,1,43,6,341,15044.65
BASE,COLAPSO_LOGISTICO-ALTA-N01,RECOCIDO_SIMULADO,1,43,7,381,15044.65
BASE,COLAPSO_LOGISTICO-ALTA-N01,RECOCIDO_SIMULADO,1,43,8,421,15044.65
BASE,COLAPSO_LOGISTICO-ALTA-N01,RECOCIDO_SIMULADO,1,43,9,461,15044.65
BASE,COLAPSO_LOGISTICO-ALTA-N01,RECOCIDO_SIMULADO,1,43,10,501,15044.65
BASE,COLAPSO_LOGISTICO-ALTA-N01,RECOCIDO_SIMULADO,1,43,11,541,15044.65
BASE,COLAPSO_LOGISTICO-ALTA-N01,RECOCIDO_SIMULADO,1,43,12,581,15044.65
BASE,COLAPSO_LOGISTICO-ALTA-N01,RECOCIDO_SIMULADO,1,43,13,621,15044.65
BASE,COLAPSO_LOGISTICO-ALTA-N01,RECOCIDO_SIMULADO,1,43,14,661,15044.65
BASE,COLAPSO_LOGISTICO-ALTA-N01,RECOCIDO_SIMULADO,1,43,15,701,15044.65
BASE,COLAPSO_LOGISTICO-ALTA-N01,RECOCIDO_SIMULADO,1,43,16,741,15044.65
BASE,COLAPSO_LOGISTICO-ALTA-N01,RECOCIDO_SIMULADO,1,43,17,781,15044.65
BASE,COLAPSO_LOGISTICO-ALTA-N01,RECOCIDO_SIMULADO,1,43,18,821,15044.65
BASE,COLAPSO_LOGISTICO-ALTA-N01,RECOCIDO_SIMULADO,1,43,19,861,15044.65
BASE,COLAPSO_LOGISTICO-ALTA-N01,RECOCIDO_SIMULADO,1,43,20,901,15044.65
BASE,COLAPSO_LOGISTICO-ALTA-N01,RECOCIDO_SIMULADO,1,43,21,941,15044.65
BASE,COLAPSO_LOGISTICO-ALTA-N01,RECOCIDO_SIMULADO,1,43,22,981,15044.65
BASE,COLAPSO_LOGISTICO-ALTA-N01,RECOCIDO_SIMULADO,1,43,23,1021,15044.65
BASE,COLAPSO_LOGISTICO-ALTA-N01,RECOCIDO_SIMULADO,1,43,24,1061,15044.65
BASE,COLAPSO_LOGISTICO-ALTA-N01,RECOCIDO_SIMULADO,1,43,25,1101,15044.65
BASE,COLAPSO_LOGISTICO-ALTA-N01,RECOCIDO_SIMULADO,1,43,26,1141,15044.65
BASE,COLAPSO_LOGISTICO-ALTA-N01,RECOCIDO_SIMULADO,1,43,27,1181,15044.65
BASE,COLAPSO_LOGISTICO-ALTA-N01,RECOCIDO_SIMULADO,1,43,28,1221,15044.65
BASE,COLAPSO_LOGISTICO-ALTA-N01,RECOCIDO_SIMULADO,1,43,29,1261,15044.65
BASE,COLAPSO_LOGISTICO-ALTA-N01,RECOCIDO_SIMULADO,1,43,30,1301,15044.65
BASE,COLAPSO_LOGISTICO-ALTA-N01,RECOCIDO_SIMULADO,1,43,31,1341,15044.65
BASE,COLAPSO_LOGISTICO-ALTA-N01,RECOCIDO_SIMULADO,1,43,32,1381,15044.65
BASE,COLAPSO_LOGISTICO-ALTA-N01,RECOCIDO_SIMULADO,1,43,33,1421,15044.65
BASE,COLAPSO_LOGISTICO-ALTA-N01,RECOCIDO_SIMULADO,1,43,34,1461,15044.65
BASE,COLAPSO_LOGISTICO-ALTA-N01,RECOCIDO_SIMULADO,1,43,35,1501,15044.65
BASE,COLAPSO_LOGISTICO-ALTA-N01,RECOCIDO_SIMULADO,1,43,36,1541,15044.65
BASE,COLAPSO_LOGISTICO-ALTA-N01,RECOCIDO_SIMULADO,1,43,37,1581,15044.65
BASE,COLAPSO_LOGISTICO-ALTA-N01,RECOCIDO_SIMULADO,1,43,38,1621,15044.65
BASE,COLAPSO_LOGISTICO-ALTA-N01,RECOCIDO_SIMULADO,1,43,39,1661,15044.65
BASE,COLAPSO_LOGISTICO-ALTA-N01,RECOCIDO_SIMULADO,1,43,40,1701,15044.65
BASE,COLAPSO_LOGISTICO-ALTA-N01,RECOCIDO_SIMULADO,1,43,41,1741,15044.65
BASE,COLAPSO_LOGISTICO-ALTA-N01,RECOCIDO_SIMULADO,1,43,42,1781,15044.65
BASE,COLAPSO_LOGISTICO-ALTA-N01,RECOCIDO_SIMULADO,1,43,43,1821,15044.65
BASE,COLAPSO_LOGISTICO-ALTA-N01,RECOCIDO_SIMULADO,1,43,44,1861,15044.65
BASE,COLAPSO_LOGISTICO-ALTA-N01,RECOCIDO_SIMULADO,1,43,45,1901,15044.65
BASE,COLAPSO_LOGISTICO-ALTA-N01,RECOCIDO_SIMULADO,1,43,46,1941,15044.65
BASE,COLAPSO_LOGISTICO-ALTA-N01,RECOCIDO_SIMULADO,1,43,47,1981,15044.65
BASE,COLAPSO_LOGISTICO-ALTA-N01,RECOCIDO_SIMULADO,1,43,48,2021,15044.65
BASE,COLAPSO_LOGISTICO-ALTA-N01,RECOCIDO_SIMULADO,1,43,49,2061,15044.65
BASE,COLAPSO_LOGISTICO-ALTA-N01,RECOCIDO_SIMULADO,1,43,50,2101,15044.65
BASE,COLAPSO_LOGISTICO-ALTA-N01,RECOCIDO_SIMULADO,1,43,51,2141,15044.65
BASE,COLAPSO_LOGISTICO-ALTA-N01,RECOCIDO_SIMULADO,1,43,52,2181,15044.65
BASE,COLAPSO_LOGISTICO-ALTA-N01,RECOCIDO_SIMULADO,1,43,53,2221,15044.65
BASE,COLAPSO_LOGISTICO-ALTA-N01,RECOCIDO_SIMULADO,1,43,54,2261,15044.65
BASE,COLAPSO_LOGISTICO-ALTA-N01,RECOCIDO_SIMULADO,1,43,55,2301,15044.65
BASE,COLAPSO_LOGISTICO-ALTA-N01,RECOCIDO_SIMULADO,1,43,56,2341,15044.65
BASE,COLAPSO_LOGISTICO-ALTA-N01,RECOCIDO_SIMULADO,1,43,57,2381,15044.65
BASE,COLAPSO_LOGISTICO-ALTA-N01,RECOCIDO_SIMULADO,1,43,58,2421,15044.65
BASE,COLAPSO_LOGISTICO-ALTA-N01,RECOCIDO_SIMULADO,1,43,59,2461,15044.65
BASE,COLAPSO_LOGISTICO-ALTA-N01,RECOCIDO_SIMULADO,1,43,60,2501,15044.65
BASE,COLAPSO_LOGISTICO-ALTA-N01,RECOCIDO_SIMULADO,1,43,61,2541,15044.65
BASE,COLAPSO_LOGISTICO-ALTA-N01,RECOCIDO_SIMULADO,1,43,62,2581,15044.65
BASE,COLAPSO_LOGISTICO-ALTA-N01,RECOCIDO_SIMULADO,1,43,63,2621,15044.65
BASE,COLAPSO_LOGISTICO-ALTA-N01,RECOCIDO_SIMULADO,1,43,64,2661,15044.65
BASE,COLAPSO_LOGISTICO-ALTA-N01,RECOCIDO_SIMULADO,1,43,65,2701,15044.65
BASE,COLAPSO_LOGISTICO-ALTA-N01,RECOCIDO_SIMULADO,1,43,66,2741,15044.65
BASE,COLAPSO_LOGISTICO-ALTA-N01,RECOCIDO_SIMULADO,1,43,67,2781,15044.65
BASE,COLAPSO_LOGISTICO-ALTA-N01,RECOCIDO_SIMULADO,1,43,68,2821,15044.65
BASE,COLAPSO_LOGISTICO-ALTA-N01,RECOCIDO_SIMULADO,1,43,69,2861,15044.65
BASE,COLAPSO_LOGISTICO-ALTA-N01,RECOCIDO_SIMULADO,1,43,70,2901,15044.65
BASE,COLAPSO_LOGISTICO-ALTA-N01,RECOCIDO_SIMULADO,1,43,71,2941,15044.65
BASE,COLAPSO_LOGISTICO-ALTA-N01,RECOCIDO_SIMULADO,1,43,72,2981,15044.65
BASE,COLAPSO_LOGISTICO-ALTA-N01,RECOCIDO_SIMULADO,1,43,73,3021,15044.65
BASE,COLAPSO_LOGISTICO-ALTA-N01,RECOCIDO_SIMULADO,1,43,74,3061,15044.65
BASE,COLAPSO_LOGISTICO-ALTA-N01,RECOCIDO_SIMULADO,1,43,75,3101,15044.61
BASE,COLAPSO_LOGISTICO-ALTA-N01,RECOCIDO_SIMULADO,1,43,76,3141,15044.61
BASE,COLAPSO_LOGISTICO-ALTA-N01,RECOCIDO_SIMULADO,1,43,77,3181,15044.61
BASE,COLAPSO_LOGISTICO-ALTA-N01,RECOCIDO_SIMULADO,1,43,78,3221,15044.61
BASE,COLAPSO_LOGISTICO-ALTA-N01,RECOCIDO_SIMULADO,1,43,79,3261,15044.61
BASE,COLAPSO_LOGISTICO-ALTA-N01,RECOCIDO_SIMULADO,1,43,80,3301,15044.61
BASE,COLAPSO_LOGISTICO-ALTA-N01,RECOCIDO_SIMULADO,1,43,81,3341,15040.545
BASE,COLAPSO_LOGISTICO-ALTA-N01,RECOCIDO_SIMULADO,1,43,82,3381,15040.545
BASE,COLAPSO_LOGISTICO-ALTA-N01,RECOCIDO_SIMULADO,1,43,83,3421,15040.545
BASE,COLAPSO_LOGISTICO-ALTA-N01,RECOCIDO_SIMULADO,1,43,84,3461,15040.545
BASE,COLAPSO_LOGISTICO-ALTA-N01,RECOCIDO_SIMULADO,1,43,85,3501,15040.545
BASE,COLAPSO_LOGISTICO-ALTA-N01,RECOCIDO_SIMULADO,1,43,86,3541,15040.545
BASE,COLAPSO_LOGISTICO-ALTA-N01,RECOCIDO_SIMULADO,1,43,87,3581,15040.545
BASE,COLAPSO_LOGISTICO-ALTA-N01,RECOCIDO_SIMULADO,1,43,88,3621,15040.545
BASE,COLAPSO_LOGISTICO-ALTA-N01,RECOCIDO_SIMULADO,1,43,89,3661,15040.545
BASE,COLAPSO_LOGISTICO-ALTA-N01,RECOCIDO_SIMULADO,1,43,90,3701,15040.545
BASE,COLAPSO_LOGISTICO-ALTA-N01,RECOCIDO_SIMULADO,1,43,91,3741,15040.545
BASE,COLAPSO_LOGISTICO-ALTA-N01,RECOCIDO_SIMULADO,1,43,92,3781,15040.545
BASE,COLAPSO_LOGISTICO-ALTA-N01,RECOCIDO_SIMULADO,1,43,93,3821,15040.545
BASE,COLAPSO_LOGISTICO-ALTA-N01,RECOCIDO_SIMULADO,1,43,94,3861,15040.545
BASE,COLAPSO_LOGISTICO-ALTA-N01,RECOCIDO_SIMULADO,1,43,95,3901,15040.545
BASE,COLAPSO_LOGISTICO-ALTA-N01,RECOCIDO_SIMULADO,1,43,96,3941,15040.545
BASE,COLAPSO_LOGISTICO-ALTA-N01,RECOCIDO_SIMULADO,1,43,97,3981,15040.545
BASE,COLAPSO_LOGISTICO-ALTA-N01,RECOCIDO_SIMULADO,1,43,98,4021,15040.545
BASE,COLAPSO_LOGISTICO-ALTA-N01,RECOCIDO_SIMULADO,1,43,99,4061,15040.545
BASE,COLAPSO_LOGISTICO-ALTA-N01,GENETICO,1,43,0,60,15039.441667
BASE,COLAPSO_LOGISTICO-ALTA-N01,GENETICO,1,43,1,120,15039.441667
BASE,COLAPSO_LOGISTICO-ALTA-N01,GENETICO,1,43,2,180,15039.441667
BASE,COLAPSO_LOGISTICO-ALTA-N01,GENETICO,1,43,3,240,15039.441667
BASE,COLAPSO_LOGISTICO-ALTA-N01,GENETICO,1,43,4,300,15039.441667
BASE,COLAPSO_LOGISTICO-ALTA-N01,GENETICO,1,43,5,360,15039.441667
BASE,COLAPSO_LOGISTICO-ALTA-N01,GENETICO,1,43,6,420,15039.441667
BASE,COLAPSO_LOGISTICO-ALTA-N01,GENETICO,1,43,7,480,15039.441667
BASE,COLAPSO_LOGISTICO-ALTA-N01,GENETICO,1,43,8,540,15039.441667
BASE,COLAPSO_LOGISTICO-ALTA-N01,GENETICO,1,43,9,600,15039.441667
BASE,COLAPSO_LOGISTICO-ALTA-N01,GENETICO,1,43,10,660,15039.441667
BASE,COLAPSO_LOGISTICO-ALTA-N01,GENETICO,1,43,11,720,15039.441667
BASE,COLAPSO_LOGISTICO-ALTA-N01,GENETICO,1,43,12,780,15039.441667
BASE,COLAPSO_LOGISTICO-ALTA-N01,GENETICO,1,43,13,840,15039.441667
BASE,COLAPSO_LOGISTICO-ALTA-N01,GENETICO,1,43,14,900,15039.441667
BASE,COLAPSO_LOGISTICO-ALTA-N01,GENETICO,1,43,15,960,15039.441667
BASE,COLAPSO_LOGISTICO-ALTA-N01,GENETICO,1,43,16,1020,15039.441667
BASE,COLAPSO_LOGISTICO-ALTA-N01,GENETICO,1,43,17,1080,15039.441667
BASE,COLAPSO_LOGISTICO-ALTA-N01,GENETICO,1,43,18,1140,15039.441667
BASE,COLAPSO_LOGISTICO-ALTA-N01,GENETICO,1,43,19,1200,15039.441667
BASE,COLAPSO_LOGISTICO-ALTA-N01,GENETICO,1,43,20,1260,15039.441667
BASE,COLAPSO_LOGISTICO-ALTA-N01,GENETICO,1,43,21,1320,15039.441667
BASE,COLAPSO_LOGISTICO-ALTA-N01,GENETICO,1,43,22,1380,15039.441667
BASE,COLAPSO_LOGISTICO-ALTA-N01,GENETICO,1,43,23,1440,15039.441667
BASE,COLAPSO_LOGISTICO-ALTA-N01,GENETICO,1,43,24,1500,15039.441667
BASE,COLAPSO_LOGISTICO-ALTA-N01,GENETICO,1,43,25,1560,15039.441667
BASE,COLAPSO_LOGISTICO-ALTA-N01,GENETICO,1,43,26,1620,15039.441667
BASE,COLAPSO_LOGISTICO-ALTA-N01,GENETICO,1,43,27,1680,15039.441667
BASE,COLAPSO_LOGISTICO-ALTA-N01,GENETICO,1,43,28,1740,15039.441667
BASE,COLAPSO_LOGISTICO-ALTA-N01,GENETICO,1,43,29,1800,15039.441667
BASE,COLAPSO_LOGISTICO-ALTA-N01,GENETICO,1,43,30,1860,15039.441667
BASE,COLAPSO_LOGISTICO-ALTA-N01,GENETICO,1,43,31,1920,15039.441667
BASE,COLAPSO_LOGISTICO-ALTA-N01,GENETICO,1,43,32,1980,15039.441667
BASE,COLAPSO_LOGISTICO-ALTA-N01,GENETICO,1,43,33,2040,15039.441667
BASE,COLAPSO_LOGISTICO-ALTA-N01,GENETICO,1,43,34,2100,15039.441667
BASE,COLAPSO_LOGISTICO-ALTA-N01,GENETICO,1,43,35,2160,15039.441667
BASE,COLAPSO_LOGISTICO-ALTA-N01,GENETICO,1,43,36,2220,15039.441667
BASE,COLAPSO_LOGISTICO-ALTA-N01,GENETICO,1,43,37,2280,15039.441667
BASE,COLAPSO_LOGISTICO-ALTA-N01,GENETICO,1,43,38,2340,15039.441667
BASE,COLAPSO_LOGISTICO-ALTA-N01,GENETICO,1,43,39,2400,15039.441667
BASE,COLAPSO_LOGISTICO-ALTA-N01,GENETICO,1,43,40,2460,15039.441667
BASE,COLAPSO_LOGISTICO-ALTA-N01,GENETICO,1,43,41,2520,15039.441667
BASE,COLAPSO_LOGISTICO-ALTA-N01,GENETICO,1,43,42,2580,15039.441667
BASE,COLAPSO_LOGISTICO-ALTA-N01,GENETICO,1,43,43,2640,15039.441667
BASE,COLAPSO_LOGISTICO-ALTA-N01,GENETICO,1,43,44,2700,15039.441667
BASE,COLAPSO_LOGISTICO-ALTA-N01,GENETICO,1,43,45,2760,15039.441667
BASE,COLAPSO_LOGISTICO-ALTA-N01,GENETICO,1,43,46,2820,15039.441667
BASE,COLAPSO_LOGISTICO-ALTA-N01,GENETICO,1,43,47,2880,15039.441667
BASE,COLAPSO_LOGISTICO-ALTA-N01,GENETICO,1,43,48,2940,15039.441667
BASE,COLAPSO_LOGISTICO-ALTA-N01,GENETICO,1,43,49,3000,15039.441667
BASE,COLAPSO_LOGISTICO-ALTA-N01,GENETICO,1,43,50,3060,15039.441667
BASE,COLAPSO_LOGISTICO-ALTA-N01,GENETICO,1,43,51,3120,15039.441667
BASE,COLAPSO_LOGISTICO-ALTA-N01,GENETICO,1,43,52,3180,15039.441667
BASE,COLAPSO_LOGISTICO-ALTA-N01,GENETICO,1,43,53,3240,15039.441667
BASE,COLAPSO_LOGISTICO-ALTA-N01,GENETICO,1,43,54,3300,15039.441667
BASE,COLAPSO_LOGISTICO-ALTA-N01,GENETICO,1,43,55,3360,15039.441667
BASE,COLAPSO_LOGISTICO-ALTA-N01,GENETICO,1,43,56,3420,15039.441667
BASE,COLAPSO_LOGISTICO-ALTA-N01,GENETICO,1,43,57,3480,15039.441667
BASE,COLAPSO_LOGISTICO-ALTA-N01,GENETICO,1,43,58,3540,15039.441667
BASE,COLAPSO_LOGISTICO-ALTA-N01,GENETICO,1,43,59,3600,15039.441667
BASE,COLAPSO_LOGISTICO-ALTA-N01,GENETICO,1,43,60,3660,15039.441667
BASE,COLAPSO_LOGISTICO-ALTA-N01,GENETICO,1,43,61,3720,15039.441667
BASE,COLAPSO_LOGISTICO-ALTA-N01,GENETICO,1,43,62,3780,15039.441667
BASE,COLAPSO_LOGISTICO-ALTA-N01,GENETICO,1,43,63,3840,15039.441667
BASE,COLAPSO_LOGISTICO-ALTA-N01,GENETICO,1,43,64,3900,15039.441667
BASE,COLAPSO_LOGISTICO-ALTA-N01,GENETICO,1,43,65,3960,15039.441667
BASE,COLAPSO_LOGISTICO-ALTA-N01,GENETICO,1,43,66,4020,15039.441667
BASE,COLAPSO_LOGISTICO-ALTA-N01,GENETICO,1,43,67,4080,15039.441667
BASE,COLAPSO_LOGISTICO-ALTA-N01,GENETICO,1,43,68,4140,15039.441667
BASE,COLAPSO_LOGISTICO-ALTA-N01,GENETICO,1,43,69,4200,15039.441667
BASE,COLAPSO_LOGISTICO-ALTA-N01,GENETICO,1,43,70,4260,15039.441667
BASE,COLAPSO_LOGISTICO-ALTA-N01,GENETICO,1,43,71,4320,15039.441667
BASE,COLAPSO_LOGISTICO-ALTA-N01,GENETICO,1,43,72,4380,15039.441667
BASE,COLAPSO_LOGISTICO-ALTA-N01,GENETICO,1,43,73,4440,15039.441667
BASE,COLAPSO_LOGISTICO-ALTA-N01,GENETICO,1,43,74,4500,15039.441667
BASE,COLAPSO_LOGISTICO-ALTA-N01,GENETICO,1,43,75,4560,15039.441667
BASE,COLAPSO_LOGISTICO-ALTA-N01,GENETICO,1,43,76,4620,15039.441667
BASE,COLAPSO_LOGISTICO-ALTA-N01,GENETICO,1,43,77,4680,15039.441667
BASE,COLAPSO_LOGISTICO-ALTA-N01,GENETICO,1,43,78,4740,15039.441667
BASE,COLAPSO_LOGISTICO-ALTA-N01,GENETICO,1,43,79,4800,15039.441667
BASE,COLAPSO_LOGISTICO-ALTA-N01,GENETICO,1,43,80,4860,15039.441667
BASE,COLAPSO_LOGISTICO-ALTA-N01,GENETICO,1,43,81,4920,15039.441667
BASE,COLAPSO_LOGISTICO-ALTA-N01,GENETICO,1,43,82,4980,15039.441667
BASE,COLAPSO_LOGISTICO-ALTA-N01,GENETICO,1,43,83,5040,15039.441667
BASE,COLAPSO_LOGISTICO-ALTA-N01,GENETICO,1,43,84,5100,15039.441667
BASE,COLAPSO_LOGISTICO-ALTA-N01,GENETICO,1,43,85,5160,15039.441667
BASE,COLAPSO_LOGISTICO-ALTA-N01,GENETICO,1,43,86,5220,15039.441667
BASE,COLAPSO_LOGISTICO-ALTA-N01,GENETICO,1,43,87,5280,15039.441667
BASE,COLAPSO_LOGISTICO-ALTA-N01,GENETICO,1,43,88,5340,15039.441667
BASE,COLAPSO_LOGISTICO-ALTA-N01,GENETICO,1,43,89,5400,15039.441667
BASE,COLAPSO_LOGISTICO-ALTA-N01,GENETICO,1,43,90,5460,15039.441667
BASE,COLAPSO_LOGISTICO-ALTA-N01,GENETICO,1,43,91,5520,15039.441667
BASE,COLAPSO_LOGISTICO-ALTA-N01,GENETICO,1,43,92,5580,15039.441667
BASE,COLAPSO_LOGISTICO-ALTA-N01,GENETICO,1,43,93,5640,15039.441667
BASE,COLAPSO_LOGISTICO-ALTA-N01,GENETICO,1,43,94,5700,15039.441667
BASE,COLAPSO_LOGISTICO-ALTA-N01,GENETICO,1,43,95,5760,15039.441667
BASE,COLAPSO_LOGISTICO-ALTA-N01,GENETICO,1,43,96,5820,15039.441667
BASE,COLAPSO_LOGISTICO-ALTA-N01,GENETICO,1,43,97,5880,15039.441667
BASE,COLAPSO_LOGISTICO-ALTA-N01,GENETICO,1,43,98,5940,15039.441667
BASE,COLAPSO_LOGISTICO-ALTA-N01,GENETICO,1,43,99,6000,15039.441667
BASE,COLAPSO_LOGISTICO-ALTA-N01,GENETICO,1,43,100,6060,15039.441667
BASE,COLAPSO_LOGISTICO-ALTA-N01,GENETICO,1,43,101,6120,15039.441667
BASE,COLAPSO_LOGISTICO-ALTA-N01,GENETICO,1,43,102,6180,15039.441667
BASE,COLAPSO_LOGISTICO-ALTA-N01,GENETICO,1,43,103,6240,15039.441667
BASE,COLAPSO_LOGISTICO-ALTA-N01,GENETICO,1,43,104,6300,15039.441667
BASE,COLAPSO_LOGISTICO-ALTA-N01,GENETICO,1,43,105,6360,15039.441667
BASE,COLAPSO_LOGISTICO-ALTA-N01,GENETICO,1,43,106,6420,15039.441667
BASE,COLAPSO_LOGISTICO-ALTA-N01,GENETICO,1,43,107,6480,15039.441667
BASE,COLAPSO_LOGISTICO-ALTA-N01,GENETICO,1,43,108,6540,15039.441667
BASE,COLAPSO_LOGISTICO-ALTA-N01,GENETICO,1,43,109,6600,15039.441667
BASE,COLAPSO_LOGISTICO-ALTA-N01,GENETICO,1,43,110,6660,15039.441667
BASE,COLAPSO_LOGISTICO-ALTA-N01,GENETICO,1,43,111,6720,15039.441667
BASE,COLAPSO_LOGISTICO-ALTA-N01,GENETICO,1,43,112,6780,15039.441667
BASE,COLAPSO_LOGISTICO-ALTA-N01,GENETICO,1,43,113,6840,15039.441667
BASE,COLAPSO_LOGISTICO-ALTA-N01,GENETICO,1,43,114,6900,15039.441667
BASE,COLAPSO_LOGISTICO-ALTA-N01,GENETICO,1,43,115,6960,15039.441667
BASE,COLAPSO_LOGISTICO-ALTA-N01,GENETICO,1,43,116,7020,15039.441667
BASE,COLAPSO_LOGISTICO-ALTA-N01,GENETICO,1,43,117,7080,15039.441667
BASE,COLAPSO_LOGISTICO-ALTA-N01,GENETICO,1,43,118,7140,15039.441667
BASE,COLAPSO_LOGISTICO-ALTA-N01,GENETICO,1,43,119,7200,15039.441667
BASE,COLAPSO_LOGISTICO-ALTA-N01,GENETICO,1,43,120,7260,15039.441667
BASE,COLAPSO_LOGISTICO-ALTA-N01,GENETICO,1,43,121,7320,15039.441667
BASE,COLAPSO_LOGISTICO-ALTA-N01,GENETICO,1,43,122,7380,15039.441667
BASE,COLAPSO_LOGISTICO-ALTA-N01,GENETICO,1,43,123,7440,15039.441667
BASE,COLAPSO_LOGISTICO-ALTA-N01,GENETICO,1,43,124,7500,15039.441667
BASE,COLAPSO_LOGISTICO-ALTA-N01,GENETICO,1,43,125,7560,15039.441667
BASE,COLAPSO_LOGISTICO-ALTA-N01,GENETICO,1,43,126,7620,15039.441667
BASE,COLAPSO_LOGISTICO-ALTA-N01,GENETICO,1,43,127,7680,15039.441667
BASE,COLAPSO_LOGISTICO-ALTA-N01,GENETICO,1,43,128,7740,15039.441667
BASE,COLAPSO_LOGISTICO-ALTA-N01,GENETICO,1,43,129,7800,15039.441667
BASE,COLAPSO_LOGISTICO-ALTA-N01,GENETICO,1,43,130,7860,15039.441667
BASE,COLAPSO_LOGISTICO-ALTA-N01,GENETICO,1,43,131,7920,15039.441667
BASE,COLAPSO_LOGISTICO-ALTA-N01,GENETICO,1,43,132,7980,15039.441667
BASE,COLAPSO_LOGISTICO-ALTA-N01,GENETICO,1,43,133,8040,15039.441667
BASE,COLAPSO_LOGISTICO-ALTA-N01,GENETICO,1,43,134,8100,15039.441667
BASE,COLAPSO_LOGISTICO-ALTA-N01,GENETICO,1,43,135,8160,15039.441667
BASE,COLAPSO_LOGISTICO-ALTA-N01,GENETICO,1,43,136,8220,15039.441667
BASE,COLAPSO_LOGISTICO-ALTA-N01,GENETICO,1,43,137,8280,15039.441667
BASE,COLAPSO_LOGISTICO-ALTA-N01,GENETICO,1,43,138,8340,15039.441667
BASE,COLAPSO_LOGISTICO-ALTA-N01,GENETICO,1,43,139,8400,15039.441667
BASE,COLAPSO_LOGISTICO-ALTA-N01,GENETICO,1,43,140,8460,15039.441667
BASE,COLAPSO_LOGISTICO-ALTA-N01,GENETICO,1,43,141,8520,15039.441667
BASE,COLAPSO_LOGISTICO-ALTA-N01,GENETICO,1,43,142,8580,15039.441667
BASE,COLAPSO_LOGISTICO-ALTA-N01,GENETICO,1,43,143,8640,15039.441667
BASE,COLAPSO_LOGISTICO-ALTA-N01,GENETICO,1,43,144,8700,15039.441667
BASE,COLAPSO_LOGISTICO-ALTA-N01,GENETICO,1,43,145,8760,15039.441667
BASE,COLAPSO_LOGISTICO-ALTA-N01,GENETICO,1,43,146,8820,15039.441667
BASE,COLAPSO_LOGISTICO-ALTA-N01,GENETICO,1,43,147,8880,15039.441667
BASE,COLAPSO_LOGISTICO-ALTA-N01,GENETICO,1,43,148,8940,15039.441667
BASE,COLAPSO_LOGISTICO-ALTA-N01,GENETICO,1,43,149,9000,15039.441667
BASE,COLAPSO_LOGISTICO-ALTA-N01,GENETICO,1,43,150,9060,15039.441667
BASE,COLAPSO_LOGISTICO-CRITICA-N01,GENETICO,0,42,0,60,15049.858333
BASE,COLAPSO_LOGISTICO-CRITICA-N01,GENETICO,0,42,1,120,15049.858333
BASE,COLAPSO_LOGISTICO-CRITICA-N01,GENETICO,0,42,2,180,15049.858333
BASE,COLAPSO_LOGISTICO-CRITICA-N01,GENETICO,0,42,3,240,15049.725
BASE,COLAPSO_LOGISTICO-CRITICA-N01,GENETICO,0,42,4,300,15049.725
BASE,COLAPSO_LOGISTICO-CRITICA-N01,GENETICO,0,42,5,360,15049.725
BASE,COLAPSO_LOGISTICO-CRITICA-N01,GENETICO,0,42,6,420,15048.241667
BASE,COLAPSO_LOGISTICO-CRITICA-N01,GENETICO,0,42,7,480,15046.983333
BASE,COLAPSO_LOGISTICO-CRITICA-N01,GENETICO,0,42,8,540,15046.983333
BASE,COLAPSO_LOGISTICO-CRITICA-N01,GENETICO,0,42,9,600,15046.983333
BASE,COLAPSO_LOGISTICO-CRITICA-N01,GENETICO,0,42,10,660,15046.983333
BASE,COLAPSO_LOGISTICO-CRITICA-N01,GENETICO,0,42,11,720,15046.983333
BASE,COLAPSO_LOGISTICO-CRITICA-N01,GENETICO,0,42,12,780,15046.983333
BASE,COLAPSO_LOGISTICO-CRITICA-N01,GENETICO,0,42,13,840,15046.983333
BASE,COLAPSO_LOGISTICO-CRITICA-N01,GENETICO,0,42,14,900,15046.983333
BASE,COLAPSO_LOGISTICO-CRITICA-N01,GENETICO,0,42,15,960,15046.983333
BASE,COLAPSO_LOGISTICO-CRITICA-N01,GENETICO,0,42,16,1020,15046.983333
BASE,COLAPSO_LOGISTICO-CRITICA-N01,GENETICO,0,42,17,1080,15046.983333
BASE,COLAPSO_LOGISTICO-CRITICA-N01,GENETICO,0,42,18,1140,15046.983333
BASE,COLAPSO_LOGISTICO-CRITICA-N01,GENETICO,0,42,19,1200,15046.983333
BASE,COLAPSO_LOGISTICO-CRITICA-N01,GENETICO,0,42,20,1260,15046.983333
BASE,COLAPSO_LOGISTICO-CRITICA-N01,GENETICO,0,42,21,1320,15046.983333
BASE,COLAPSO_LOGISTICO-CRITICA-N01,GENETICO,0,42,22,1380,15046.983333
BASE,COLAPSO_LOGISTICO-CRITICA-N01,GENETICO,0,42,23,1440,15046.983333
BASE,COLAPSO_LOGISTICO-CRITICA-N01,GENETICO,0,42,24,1500,15046.983333
BASE,COLAPSO_LOGISTICO-CRITICA-N01,GENETICO,0,42,25,1560,15046.983333
BASE,COLAPSO_LOGISTICO-CRITICA-N01,GENETICO,0,42,26,1620,15046.983333
BASE,COLAPSO_LOGISTICO-CRITICA-N01,GENETICO,0,42,27,1680,15046.983333
BASE,COLAPSO_LOGISTICO-CRITICA-N01,GENETICO,0,42,28,1740,15046.983333
BASE,COLAPSO_LOGISTICO-CRITICA-N01,GENETICO,0,42,29,1800,15046.983333
BASE,COLAPSO_LOGISTICO-CRITICA-N01,GENETICO,0,42,30,1860,15046.983333
BASE,COLAPSO_LOGISTICO-CRITICA-N01,GENETICO,0,42,31,1920,15046.983333
BASE,COLAPSO_LOGISTICO-CRITICA-N01,GENETICO,0,42,32,1980,15046.983333
BASE,COLAPSO_LOGISTICO-CRITICA-N01,GENETICO,0,42,33,2040,15046.983333
BASE,COLAPSO_LOGISTICO-CRITICA-N01,GENETICO,0,42,34,2100,15046.983333
BASE,COLAPSO_LOGISTICO-CRITICA-N01,GENETICO,0,42,35,2160,15046.983333
BASE,COLAPSO_LOGISTICO-CRITICA-N01,GENETICO,0,42,36,2220,15046.983333
BASE,COLAPSO_LOGISTICO-CRITICA-N01,GENETICO,0,42,37,2280,15046.983333
BASE,COLAPSO_LOGISTICO-CRITICA-N01,GENETICO,0,42,38,2340,15046.983333
BASE,COLAPSO_LOGISTICO-CRITICA-N01,GENETICO,0,42,39,2400,15046.983333
BASE,COLAPSO_LOGISTICO-CRITICA-N01,GENETICO,0,42,40,2460,15046.983333
BASE,COLAPSO_LOGISTICO-CRITICA-N01,GENETICO,0,42,41,2520,15046.983333
BASE,COLAPSO_LOGISTICO-CRITICA-N01,GENETICO,0,42,42,2580,15046.983333
BASE,COLAPSO_LOGISTICO-CRITICA-N01,GENETICO,0,42,43,2640,15046.983333
BASE,COLAPSO_LOGISTICO-CRITICA-N01,GENETICO,0,42,44,2700,15046.983333
BASE,COLAPSO_LOGISTICO-CRITICA-N01,GENETICO,0,42,45,2760,15046.983333
BASE,COLAPSO_LOGISTICO-CRITICA-N01,GENETICO,0,42,46,2820,15046.983333
BASE,COLAPSO_LOGISTICO-CRITICA-N01,GENETICO,0,42,47,2880,15046.983333
BASE,COLAPSO_LOGISTICO-CRITICA-N01,GENETICO,0,42,48,2940,15046.983333
BASE,COLAPSO_LOGISTICO-CRITICA-N01,GENETICO,0,42,49,3000,15046.983333
BASE,COLAPSO_LOGISTICO-CRITICA-N01,GENETICO,0,42,50,3060,15046.983333
BASE,COLAPSO_LOGISTICO-CRITICA-N01,GENETICO,0,42,51,3120,15046.983333
BASE,COLAPSO_LOGISTICO-CRITICA-N01,GENETICO,0,42,52,3180,15046.983333
BASE,COLAPSO_LOGISTICO-CRITICA-N01,GENETICO,0,42,53,3240,15046.983333
BASE,COLAPSO_LOGISTICO-CRITICA-N01,GENETICO,0,42,54,3300,15046.983333
BASE,COLAPSO_LOGISTICO-CRITICA-N01,GENETICO,0,42,55,3360,15046.983333
BASE,COLAPSO_LOGISTICO-CRITICA-N01,GENETICO,0,42,56,3420,15046.983333
BASE,COLAPSO_LOGISTICO-CRITICA-N01,GENETICO,0,42,57,3480,15046.983333
BASE,COLAPSO_LOGISTICO-CRITICA-N01,GENETICO,0,42,58,3540,15046.983333
BASE,COLAPSO_LOGISTICO-CRITICA-N01,GENETICO,0,42,59,3600,15046.983333
BASE,COLAPSO_LOGISTICO-CRITICA-N01,GENETICO,0,42,60,3660,15046.983333
BASE,COLAPSO_LOGISTICO-CRITICA-N01,GENETICO,0,42,61,3720,15046.983333
BASE,COLAPSO_LOGISTICO-CRITICA-N01,GENETICO,0,42,62,3780,15046.983333
BASE,COLAPSO_LOGISTICO-CRITICA-N01,GENETICO,0,42,63,3840,15046.983333
BASE,COLAPSO_LOGISTICO-CRITICA-N01,GENETICO,0,42,64,3900,15046.983333
BASE,COLAPSO_LOGISTICO-CRITICA-N01,GENETICO,0,42,65,3960,15046.983333
BASE,COLAPSO_LOGISTICO-CRITICA-N01,GENETICO,0,42,66,4020,15046.983333
BASE,COLAPSO_LOGISTICO-CRITICA-N01,GENETICO,0,42,67,4080,15046.983333
BASE,COLAPSO_LOGISTICO-CRITICA-N01,GENETICO,0,42,68,4140,15046.983333
BASE,COLAPSO_LOGISTICO-CRITICA-N01,GENETICO,0,42,69,4200,15046.983333
BASE,COLAPSO_LOGISTICO-CRITICA-N01,GENETICO,0,42,70,4260,15046.983333
BASE,COLAPSO_LOGISTICO-CRITICA-N01,GENETICO,0,42,71,4320,15046.983333
BASE,COLAPSO_LOGISTICO-CRITICA-N01,GENETICO,0,42,72,4380,15046.983333
BASE,COLAPSO_LOGISTICO-CRITICA-N01,GENETICO,0,42,73,4440,15046.983333
BASE,COLAPSO_LOGISTICO-CRITICA-N01,GENETICO,0,42,74,4500,15046.983333
BASE,COLAPSO_LOGISTICO-CRITICA-N01,GENETICO,0,42,75,4560,15046.983333
BASE,COLAPSO_LOGISTICO-CRITICA-N01,GENETICO,0,42,76,4620,15046.983333
BASE,COLAPSO_LOGISTICO-CRITICA-N01,GENETICO,0,42,77,4680,15046.983333
BASE,COLAPSO_LOGISTICO-CRITICA-N01,GENETICO,0,42,78,4740,15046.983333
BASE,COLAPSO_LOGISTICO-CRITICA-N01,GENETICO,0,42,79,4800,15046.983333
BASE,COLAPSO_LOGISTICO-CRITICA-N01,GENETICO,0,42,80,4860,15046.983333
BASE,COLAPSO_LOGISTICO-CRITICA-N01,GENETICO,0,42,81,4920,15046.983333
BASE,COLAPSO_LOGISTICO-CRITICA-N01,GENETICO,0,42,82,4980,15046.983333
BASE,COLAPSO_LOGISTICO-CRITICA-N01,GENETICO,0,42,83,5040,15046.983333
BASE,COLAPSO_LOGISTICO-CRITICA-N01,GENETICO,0,42,84,5100,15046.983333
BASE,COLAPSO_LOGISTICO-CRITICA-N01,GENETICO,0,42,85,5160,15046.983333
BASE,COLAPSO_LOGISTICO-CRITICA-N01,GENETICO,0,42,86,5220,15046.983333
BASE,COLAPSO_LOGISTICO-CRITICA-N01,GENETICO,0,42,87,5280,15046.983333
BASE,COLAPSO_LOGISTICO-CRITICA-N01,GENETICO,0,42,88,5340,15046.983333
BASE,COLAPSO_LOGISTICO-CRITICA-N01,GENETICO,0,42,89,5400,15046.983333
BASE,COLAPSO_LOGISTICO-CRITICA-N01,GENETICO,0,42,90,5460,15046.983333
BASE,COLAPSO_LOGISTICO-CRITICA-N01,GENETICO,0,42,91,5520,15046.983333
BASE,COLAPSO_LOGISTICO-CRITICA-N01,GENETICO,0,42,92,5580,15046.983333
BASE,COLAPSO_LOGISTICO-CRITICA-N01,GENETICO,0,42,93,5640,15046.983333
BASE,COLAPSO_LOGISTICO-CRITICA-N01,GENETICO,0,42,94,5700,15046.983333
BASE,COLAPSO_LOGISTICO-CRITICA-N01,GENETICO,0,42,95,5760,15046.983333
BASE,COLAPSO_LOGISTICO-CRITICA-N01,GENETICO,0,42,96,5820,15046.983333
BASE,COLAPSO_LOGISTICO-CRITICA-N01,GENETICO,0,42,97,5880,15046.983333
BASE,COLAPSO_LOGISTICO-CRITICA-N01,GENETICO,0,42,98,5940,15046.983333
BASE,COLAPSO_LOGISTICO-CRITICA-N01,GENETICO,0,42,99,6000,15046.983333
BASE,COLAPSO_LOGISTICO-CRITICA-N01,GENETICO,0,42,100,6060,15046.983333
BASE,COLAPSO_LOGISTICO-CRITICA-N01,GENETICO,0,42,101,6120,15046.983333
BASE,COLAPSO_LOGISTICO-CRITICA-N01,GENETICO,0,42,102,6180,15046.983333
BASE,COLAPSO_LOGISTICO-CRITICA-N01,GENETICO,0,42,103,6240,15046.983333
BASE,COLAPSO_LOGISTICO-CRITICA-N01,GENETICO,0,42,104,6300,15046.983333
BASE,COLAPSO_LOGISTICO-CRITICA-N01,GENETICO,0,42,105,6360,15046.983333
BASE,COLAPSO_LOGISTICO-CRITICA-N01,GENETICO,0,42,106,6420,15046.983333
BASE,COLAPSO_LOGISTICO-CRITICA-N01,GENETICO,0,42,107,6480,15046.983333
BASE,COLAPSO_LOGISTICO-CRITICA-N01,GENETICO,0,42,108,6540,15046.983333
BASE,COLAPSO_LOGISTICO-CRITICA-N01,GENETICO,0,42,109,6600,15046.983333
BASE,COLAPSO_LOGISTICO-CRITICA-N01,GENETICO,0,42,110,6660,15046.983333
BASE,COLAPSO_LOGISTICO-CRITICA-N01,GENETICO,0,42,111,6720,15046.983333
BASE,COLAPSO_LOGISTICO-CRITICA-N01,GENETICO,0,42,112,6780,15046.983333
BASE,COLAPSO_LOGISTICO-CRITICA-N01,GENETICO,0,42,113,6840,15046.983333
BASE,COLAPSO_LOGISTICO-CRITICA-N01,GENETICO,0,42,114,6900,15046.983333
BASE,COLAPSO_LOGISTICO-CRITICA-N01,GENETICO,0,42,115,6960,15046.983333
BASE,COLAPSO_LOGISTICO-CRITICA-N01,GENETICO,0,42,116,7020,15046.983333
BASE,COLAPSO_LOGISTICO-CRITICA-N01,GENETICO,0,42,117,7080,15046.983333
BASE,COLAPSO_LOGISTICO-CRITICA-N01,GENETICO,0,42,118,7140,15046.983333
BASE,COLAPSO_LOGISTICO-CRITICA-N01,GENETICO,0,42,119,7200,15046.983333
BASE,COLAPSO_LOGISTICO-CRITICA-N01,GENETICO,0,42,120,7260,15046.983333
BASE,COLAPSO_LOGISTICO-CRITICA-N01,GENETICO,0,42,121,7320,15046.983333
BASE,COLAPSO_LOGISTICO-CRITICA-N01,GENETICO,0,42,122,7380,15046.983333
BASE,COLAPSO_LOGISTICO-CRITICA-N01,GENETICO,0,42,123,7440,15046.983333
BASE,COLAPSO_LOGISTICO-CRITICA-N01,GENETICO,0,42,124,7500,15046.983333
BASE,COLAPSO_LOGISTICO-CRITICA-N01,GENETICO,0,42,125,7560,15046.983333
BASE,COLAPSO_LOGISTICO-CRITICA-N01,GENETICO,0,42,126,7620,15046.983333
BASE,COLAPSO_LOGISTICO-CRITICA-N01,GENETICO,0,42,127,7680,15046.983333
BASE,COLAPSO_LOGISTICO-CRITICA-N01,GENETICO,0,42,128,7740,15046.983333
BASE,COLAPSO_LOGISTICO-CRITICA-N01,GENETICO,0,42,129,7800,15046.983333
BASE,COLAPSO_LOGISTICO-CRITICA-N01,GENETICO,0,42,130,7860,15046.983333
BASE,COLAPSO_LOGISTICO-CRITICA-N01,GENETICO,0,42,131,7920,15046.983333
BASE,COLAPSO_LOGISTICO-CRITICA-N01,GENETICO,0,42,132,7980,15046.983333
BASE,COLAPSO_LOGISTICO-CRITICA-N01,GENETICO,0,42,133,8040,15046.983333
BASE,COLAPSO_LOGISTICO-CRITICA-N01,GENETICO,0,42,134,8100,15046.983333
BASE,COLAPSO_LOGISTICO-CRITICA-N01,GENETICO,0,42,135,8160,15046.983333
BASE,COLAPSO_LOGISTICO-CRITICA-N01,GENETICO,0,42,136,8220,15046.983333
BASE,COLAPSO_LOGISTICO-CRITICA-N01,GENETICO,0,42,137,8280,15046.983333
BASE,COLAPSO_LOGISTICO-CRITICA-N01,GENETICO,0,42,138,8340,15046.983333
BASE,COLAPSO_LOGISTICO-CRITICA-N01,GENETICO,0,42,139,8400,15046.983333
BASE,COLAPSO_LOGISTICO-CRITICA-N01,GENETICO,0,42,140,8460,15046.983333
BASE,COLAPSO_LOGISTICO-CRITICA-N01,GENETICO,0,42,141,8520,15046.983333
BASE,COLAPSO_LOGISTICO-CRITICA-N01,GENETICO,0,42,142,8580,15046.983333
BASE,COLAPSO_LOGISTICO-CRITICA-N01,GENETICO,0,42,143,8640,15046.983333
BASE,COLAPSO_LOGISTICO-CRITICA-N01,GENETICO,0,42,144,8700,15046.983333
BASE,COLAPSO_LOGISTICO-CRITICA-N01,GENETICO,0,42,145,8760,15046.983333
BASE,COLAPSO_LOGISTICO-CRITICA-N01,GENETICO,0,42,146,8820,15046.983333
BASE,COLAPSO_LOGISTICO-CRITICA-N01,GENETICO,0,42,147,8880,15046.983333
BASE,COLAPSO_LOGISTICO-CRITICA-N01,GENETICO,0,42,148,8940,15046.983333
BASE,COLAPSO_LOGISTICO-CRITICA-N01,GENETICO,0,42,149,9000,15046.983333
BASE,COLAPSO_LOGISTICO-CRITICA-N01,GENETICO,0,42,150,9060,15046.983333
BASE,COLAPSO_LOGISTICO-CRITICA-N01,RECOCIDO_SIMULADO,0,42,0,101,20065.533333
BASE,COLAPSO_LOGISTICO-CRITICA-N01,RECOCIDO_SIMULADO,0,42,1,141,20065.533333
BASE,COLAPSO_LOGISTICO-CRITICA-N01,RECOCIDO_SIMULADO,0,42,2,181,20065.533333
BASE,COLAPSO_LOGISTICO-CRITICA-N01,RECOCIDO_SIMULADO,0,42,3,221,20065.533333
BASE,COLAPSO_LOGISTICO-CRITICA-N01,RECOCIDO_SIMULADO,0,42,4,261,20065.533333
BASE,COLAPSO_LOGISTICO-CRITICA-N01,RECOCIDO_SIMULADO,0,42,5,301,20065.533333
BASE,COLAPSO_LOGISTICO-CRITICA-N01,RECOCIDO_SIMULADO,0,42,6,341,20065.533333
BASE,COLAPSO_LOGISTICO-CRITICA-N01,RECOCIDO_SIMULADO,0,42,7,381,20065.533333
BASE,COLAPSO_LOGISTICO-CRITICA-N01,RECOCIDO_SIMULADO,0,42,8,421,20065.533333
BASE,COLAPSO_LOGISTICO-CRITICA-N01,RECOCIDO_SIMULADO,0,42,9,461,20065.533333
BASE,COLAPSO_LOGISTICO-CRITICA-N01,RECOCIDO_SIMULADO,0,42,10,501,20065.533333
BASE,COLAPSO_LOGISTICO-CRITICA-N01,RECOCIDO_SIMULADO,0,42,11,541,20065.533333
BASE,COLAPSO_LOGISTICO-CRITICA-N01,RECOCIDO_SIMULADO,0,42,12,581,20065.533333
BASE,COLAPSO_LOGISTICO-CRITICA-N01,RECOCIDO_SIMULADO,0,42,13,621,20065.533333
BASE,COLAPSO_LOGISTICO-CRITICA-N01,RECOCIDO_SIMULADO,0,42,14,661,20065.533333
BASE,COLAPSO_LOGISTICO-CRITICA-N01,RECOCIDO_SIMULADO,0,42,15,701,20065.533333
BASE,COLAPSO_LOGISTICO-CRITICA-N01,RECOCIDO_SIMULADO,0,42,16,741,20065.533333
BASE,COLAPSO_LOGISTICO-CRITICA-N01,RECOCIDO_SIMULADO,0,42,17,781,20065.533333
BASE,COLAPSO_LOGISTICO-CRITICA-N01,RECOCIDO_SIMULADO,0,42,18,821,20065.533333
BASE,COLAPSO_LOGISTICO-CRITICA-N01,RECOCIDO_SIMULADO,0,42,19,861,20065.533333
BASE,COLAPSO_LOGISTICO-CRITICA-N01,RECOCIDO_SIMULADO,0,42,20,901,20065.533333
BASE,COLAPSO_LOGISTICO-CRITICA-N01,RECOCIDO_SIMULADO,0,42,21,941,20065.533333
BASE,COLAPSO_LOGISTICO-CRITICA-N01,RECOCIDO_SIMULADO,0,42,22,981,20065.533333
BASE,COLAPSO_LOGISTICO-CRITICA-N01,RECOCIDO_SIMULADO,0,42,23,1021,20065.533333
BASE,COLAPSO_LOGISTICO-CRITICA-N01,RECOCIDO_SIMULADO,0,42,24,1061,20065.533333
BASE,COLAPSO_LOGISTICO-CRITICA-N01,RECOCIDO_SIMULADO,0,42,25,1101,20065.533333
BASE,COLAPSO_LOGISTICO-CRITICA-N01,RECOCIDO_SIMULADO,0,42,26,1141,20065.533333
BASE,COLAPSO_LOGISTICO-CRITICA-N01,RECOCIDO_SIMULADO,0,42,27,1181,20065.533333
BASE,COLAPSO_LOGISTICO-CRITICA-N01,RECOCIDO_SIMULADO,0,42,28,1221,20065.533333
BASE,COLAPSO_LOGISTICO-CRITICA-N01,RECOCIDO_SIMULADO,0,42,29,1261,20065.533333
BASE,COLAPSO_LOGISTICO-CRITICA-N01,RECOCIDO_SIMULADO,0,42,30,1301,20065.533333
BASE,COLAPSO_LOGISTICO-CRITICA-N01,RECOCIDO_SIMULADO,0,42,31,1341,20065.533333
BASE,COLAPSO_LOGISTICO-CRITICA-N01,RECOCIDO_SIMULADO,0,42,32,1381,20065.533333
BASE,COLAPSO_LOGISTICO-CRITICA-N01,RECOCIDO_SIMULADO,0,42,33,1421,20065.533333
BASE,COLAPSO_LOGISTICO-CRITICA-N01,RECOCIDO_SIMULADO,0,42,34,1461,20065.533333
BASE,COLAPSO_LOGISTICO-CRITICA-N01,RECOCIDO_SIMULADO,0,42,35,1501,20065.533333
BASE,COLAPSO_LOGISTICO-CRITICA-N01,RECOCIDO_SIMULADO,0,42,36,1541,20065.533333
BASE,COLAPSO_LOGISTICO-CRITICA-N01,RECOCIDO_SIMULADO,0,42,37,1581,20065.533333
BASE,COLAPSO_LOGISTICO-CRITICA-N01,RECOCIDO_SIMULADO,0,42,38,1621,20065.533333
BASE,COLAPSO_LOGISTICO-CRITICA-N01,RECOCIDO_SIMULADO,0,42,39,1661,20065.533333
BASE,COLAPSO_LOGISTICO-CRITICA-N01,RECOCIDO_SIMULADO,0,42,40,1701,20065.533333
BASE,COLAPSO_LOGISTICO-CRITICA-N01,RECOCIDO_SIMULADO,0,42,41,1741,20065.533333
BASE,COLAPSO_LOGISTICO-CRITICA-N01,RECOCIDO_SIMULADO,0,42,42,1781,20065.533333
BASE,COLAPSO_LOGISTICO-CRITICA-N01,RECOCIDO_SIMULADO,0,42,43,1821,20065.533333
BASE,COLAPSO_LOGISTICO-CRITICA-N01,RECOCIDO_SIMULADO,0,42,44,1861,20065.533333
BASE,COLAPSO_LOGISTICO-CRITICA-N01,RECOCIDO_SIMULADO,0,42,45,1901,20065.533333
BASE,COLAPSO_LOGISTICO-CRITICA-N01,RECOCIDO_SIMULADO,0,42,46,1941,20065.533333
BASE,COLAPSO_LOGISTICO-CRITICA-N01,RECOCIDO_SIMULADO,0,42,47,1981,20065.533333
BASE,COLAPSO_LOGISTICO-CRITICA-N01,RECOCIDO_SIMULADO,0,42,48,2021,20065.533333
BASE,COLAPSO_LOGISTICO-CRITICA-N01,RECOCIDO_SIMULADO,0,42,49,2061,20065.533333
BASE,COLAPSO_LOGISTICO-CRITICA-N01,RECOCIDO_SIMULADO,0,42,50,2101,20065.533333
BASE,COLAPSO_LOGISTICO-CRITICA-N01,RECOCIDO_SIMULADO,0,42,51,2141,15208.7
BASE,COLAPSO_LOGISTICO-CRITICA-N01,RECOCIDO_SIMULADO,0,42,52,2181,15208.7
BASE,COLAPSO_LOGISTICO-CRITICA-N01,RECOCIDO_SIMULADO,0,42,53,2221,15208.7
BASE,COLAPSO_LOGISTICO-CRITICA-N01,RECOCIDO_SIMULADO,0,42,54,2261,15208.7
BASE,COLAPSO_LOGISTICO-CRITICA-N01,RECOCIDO_SIMULADO,0,42,55,2301,15208.7
BASE,COLAPSO_LOGISTICO-CRITICA-N01,RECOCIDO_SIMULADO,0,42,56,2341,15208.7
BASE,COLAPSO_LOGISTICO-CRITICA-N01,RECOCIDO_SIMULADO,0,42,57,2381,15208.7
BASE,COLAPSO_LOGISTICO-CRITICA-N01,RECOCIDO_SIMULADO,0,42,58,2421,15136.516667
BASE,COLAPSO_LOGISTICO-CRITICA-N01,RECOCIDO_SIMULADO,0,42,59,2461,15103.45
BASE,COLAPSO_LOGISTICO-CRITICA-N01,RECOCIDO_SIMULADO,0,42,60,2501,15103.45
BASE,COLAPSO_LOGISTICO-CRITICA-N01,RECOCIDO_SIMULADO,0,42,61,2541,15103.45
BASE,COLAPSO_LOGISTICO-CRITICA-N01,RECOCIDO_SIMULADO,0,42,62,2581,15103.45
BASE,COLAPSO_LOGISTICO-CRITICA-N01,RECOCIDO_SIMULADO,0,42,63,2621,15103.45
BASE,COLAPSO_LOGISTICO-CRITICA-N01,RECOCIDO_SIMULADO,0,42,64,2661,15103.45
BASE,COLAPSO_LOGISTICO-CRITICA-N01,RECOCIDO_SIMULADO,0,42,65,2701,15103.45
BASE,COLAPSO_LOGISTICO-CRITICA-N01,RECOCIDO_SIMULADO,0,42,66,2741,15103.45
BASE,COLAPSO_LOGISTICO-CRITICA-N01,RECOCIDO_SIMULADO,0,42,67,2781,15103.45
BASE,COLAPSO_LOGISTICO-CRITICA-N01,RECOCIDO_SIMULADO,0,42,68,2821,15103.45
BASE,COLAPSO_LOGISTICO-CRITICA-N01,RECOCIDO_SIMULADO,0,42,69,2861,15103.45
BASE,COLAPSO_LOGISTICO-CRITICA-N01,RECOCIDO_SIMULADO,0,42,70,2901,15103.45
BASE,COLAPSO_LOGISTICO-CRITICA-N01,RECOCIDO_SIMULADO,0,42,71,2941,15103.45
BASE,COLAPSO_LOGISTICO-CRITICA-N01,RECOCIDO_SIMULADO,0,42,72,2981,15103.45
BASE,COLAPSO_LOGISTICO-CRITICA-N01,RECOCIDO_SIMULADO,0,42,73,3021,15103.45
BASE,COLAPSO_LOGISTICO-CRITICA-N01,RECOCIDO_SIMULADO,0,42,74,3061,15103.45
BASE,COLAPSO_LOGISTICO-CRITICA-N01,RECOCIDO_SIMULADO,0,42,75,3101,15103.45
BASE,COLAPSO_LOGISTICO-CRITICA-N01,RECOCIDO_SIMULADO,0,42,76,3141,15103.45
BASE,COLAPSO_LOGISTICO-CRITICA-N01,RECOCIDO_SIMULADO,0,42,77,3181,15103.45
BASE,COLAPSO_LOGISTICO-CRITICA-N01,RECOCIDO_SIMULADO,0,42,78,3221,15103.45
BASE,COLAPSO_LOGISTICO-CRITICA-N01,RECOCIDO_SIMULADO,0,42,79,3261,15103.45
BASE,COLAPSO_LOGISTICO-CRITICA-N01,RECOCIDO_SIMULADO,0,42,80,3301,15103.45
BASE,COLAPSO_LOGISTICO-CRITICA-N01,RECOCIDO_SIMULADO,0,42,81,3341,15103.45
BASE,COLAPSO_LOGISTICO-CRITICA-N01,RECOCIDO_SIMULADO,0,42,82,3381,15103.45
BASE,COLAPSO_LOGISTICO-CRITICA-N01,RECOCIDO_SIMULADO,0,42,83,3421,15103.45
BASE,COLAPSO_LOGISTICO-CRITICA-N01,RECOCIDO_SIMULADO,0,42,84,3461,15103.45
BASE,COLAPSO_LOGISTICO-CRITICA-N01,RECOCIDO_SIMULADO,0,42,85,3501,15103.45
BASE,COLAPSO_LOGISTICO-CRITICA-N01,RECOCIDO_SIMULADO,0,42,86,3541,15103.45
BASE,COLAPSO_LOGISTICO-CRITICA-N01,RECOCIDO_SIMULADO,0,42,87,3581,15103.45
BASE,COLAPSO_LOGISTICO-CRITICA-N01,RECOCIDO_SIMULADO,0,42,88,3621,15103.45
BASE,COLAPSO_LOGISTICO-CRITICA-N01,RECOCIDO_SIMULADO,0,42,89,3661,15103.45
BASE,COLAPSO_LOGISTICO-CRITICA-N01,RECOCIDO_SIMULADO,0,42,90,3701,15103.45
BASE,COLAPSO_LOGISTICO-CRITICA-N01,RECOCIDO_SIMULADO,0,42,91,3741,15103.45
BASE,COLAPSO_LOGISTICO-CRITICA-N01,RECOCIDO_SIMULADO,0,42,92,3781,15103.45
BASE,COLAPSO_LOGISTICO-CRITICA-N01,RECOCIDO_SIMULADO,0,42,93,3821,15084.083333
BASE,COLAPSO_LOGISTICO-CRITICA-N01,RECOCIDO_SIMULADO,0,42,94,3861,15084.083333
BASE,COLAPSO_LOGISTICO-CRITICA-N01,RECOCIDO_SIMULADO,0,42,95,3901,15084.083333
BASE,COLAPSO_LOGISTICO-CRITICA-N01,RECOCIDO_SIMULADO,0,42,96,3941,15084.083333
BASE,COLAPSO_LOGISTICO-CRITICA-N01,RECOCIDO_SIMULADO,0,42,97,3981,15084.083333
BASE,COLAPSO_LOGISTICO-CRITICA-N01,RECOCIDO_SIMULADO,0,42,98,4021,15084.083333
BASE,COLAPSO_LOGISTICO-CRITICA-N01,RECOCIDO_SIMULADO,0,42,99,4061,15084.083333
BASE,COLAPSO_LOGISTICO-CRITICA-N01,RECOCIDO_SIMULADO,0,42,100,4101,15084.083333
BASE,COLAPSO_LOGISTICO-CRITICA-N01,RECOCIDO_SIMULADO,0,42,101,4141,15084.083333
BASE,COLAPSO_LOGISTICO-CRITICA-N01,RECOCIDO_SIMULADO,0,42,102,4181,15084.083333
BASE,COLAPSO_LOGISTICO-CRITICA-N01,RECOCIDO_SIMULADO,0,42,103,4221,15084.083333
BASE,COLAPSO_LOGISTICO-CRITICA-N01,RECOCIDO_SIMULADO,0,42,104,4261,15084.083333
BASE,COLAPSO_LOGISTICO-CRITICA-N01,RECOCIDO_SIMULADO,0,42,105,4301,15084.083333
BASE,COLAPSO_LOGISTICO-CRITICA-N01,RECOCIDO_SIMULADO,0,42,106,4341,15084.083333
BASE,COLAPSO_LOGISTICO-CRITICA-N01,RECOCIDO_SIMULADO,0,42,107,4381,15084.083333
BASE,COLAPSO_LOGISTICO-CRITICA-N01,RECOCIDO_SIMULADO,0,42,108,4421,15084.083333
BASE,COLAPSO_LOGISTICO-CRITICA-N01,RECOCIDO_SIMULADO,0,42,109,4461,15084.083333
BASE,COLAPSO_LOGISTICO-CRITICA-N01,RECOCIDO_SIMULADO,0,42,110,4501,15084.083333
BASE,COLAPSO_LOGISTICO-CRITICA-N01,RECOCIDO_SIMULADO,0,42,111,4541,15084.083333
BASE,COLAPSO_LOGISTICO-CRITICA-N01,RECOCIDO_SIMULADO,0,42,112,4581,15084.083333
BASE,COLAPSO_LOGISTICO-CRITICA-N01,RECOCIDO_SIMULADO,0,42,113,4621,15084.083333
BASE,COLAPSO_LOGISTICO-CRITICA-N01,RECOCIDO_SIMULADO,0,42,114,4661,15084.083333
BASE,COLAPSO_LOGISTICO-CRITICA-N01,RECOCIDO_SIMULADO,0,42,115,4701,15084.083333
BASE,COLAPSO_LOGISTICO-CRITICA-N01,RECOCIDO_SIMULADO,0,42,116,4741,15084.083333
BASE,COLAPSO_LOGISTICO-CRITICA-N01,RECOCIDO_SIMULADO,0,42,117,4781,15084.083333
BASE,COLAPSO_LOGISTICO-CRITICA-N01,RECOCIDO_SIMULADO,0,42,118,4821,15084.083333
BASE,COLAPSO_LOGISTICO-CRITICA-N01,RECOCIDO_SIMULADO,0,42,119,4861,15084.083333
BASE,COLAPSO_LOGISTICO-CRITICA-N01,RECOCIDO_SIMULADO,0,42,120,4901,15084.083333
BASE,COLAPSO_LOGISTICO-CRITICA-N01,RECOCIDO_SIMULADO,0,42,121,4941,15084.083333
BASE,COLAPSO_LOGISTICO-CRITICA-N01,RECOCIDO_SIMULADO,0,42,122,4981,15084.083333
BASE,COLAPSO_LOGISTICO-CRITICA-N01,RECOCIDO_SIMULADO,0,42,123,5021,15084.063333
BASE,COLAPSO_LOGISTICO-CRITICA-N01,RECOCIDO_SIMULADO,0,42,124,5061,15084.063333
BASE,COLAPSO_LOGISTICO-CRITICA-N01,RECOCIDO_SIMULADO,0,42,125,5101,15084.063333
BASE,COLAPSO_LOGISTICO-CRITICA-N01,RECOCIDO_SIMULADO,0,42,126,5141,15084.063333
BASE,COLAPSO_LOGISTICO-CRITICA-N01,RECOCIDO_SIMULADO,0,42,127,5181,15084.063333
BASE,COLAPSO_LOGISTICO-CRITICA-N01,RECOCIDO_SIMULADO,0,42,128,5221,15084.063333
BASE,COLAPSO_LOGISTICO-CRITICA-N01,RECOCIDO_SIMULADO,0,42,129,5261,15084.063333
BASE,COLAPSO_LOGISTICO-CRITICA-N01,RECOCIDO_SIMULADO,0,42,130,5301,15081.455
BASE,COLAPSO_LOGISTICO-CRITICA-N01,RECOCIDO_SIMULADO,0,42,131,5341,15076.38
BASE,COLAPSO_LOGISTICO-CRITICA-N01,RECOCIDO_SIMULADO,0,42,132,5381,15074.058333
BASE,COLAPSO_LOGISTICO-CRITICA-N01,RECOCIDO_SIMULADO,0,42,133,5421,15074.058333
BASE,COLAPSO_LOGISTICO-CRITICA-N01,RECOCIDO_SIMULADO,0,42,134,5461,15074.058333
BASE,COLAPSO_LOGISTICO-CRITICA-N01,RECOCIDO_SIMULADO,0,42,135,5501,15072.875
BASE,COLAPSO_LOGISTICO-CRITICA-N01,RECOCIDO_SIMULADO,0,42,136,5541,15066.625
BASE,COLAPSO_LOGISTICO-CRITICA-N01,RECOCIDO_SIMULADO,0,42,137,5581,15066.625
BASE,COLAPSO_LOGISTICO-CRITICA-N01,RECOCIDO_SIMULADO,0,42,138,5621,15066.625
BASE,COLAPSO_LOGISTICO-CRITICA-N01,RECOCIDO_SIMULADO,0,42,139,5661,15062.933333
BASE,COLAPSO_LOGISTICO-CRITICA-N01,RECOCIDO_SIMULADO,0,42,140,5701,15062.933333
BASE,COLAPSO_LOGISTICO-CRITICA-N01,RECOCIDO_SIMULADO,0,42,141,5741,15062.933333
BASE,COLAPSO_LOGISTICO-CRITICA-N01,RECOCIDO_SIMULADO,0,42,142,5781,15062.933333
BASE,COLAPSO_LOGISTICO-CRITICA-N01,RECOCIDO_SIMULADO,0,42,143,5821,15062.933333
BASE,COLAPSO_LOGISTICO-CRITICA-N01,RECOCIDO_SIMULADO,0,42,144,5861,15062.933333
BASE,COLAPSO_LOGISTICO-CRITICA-N01,RECOCIDO_SIMULADO,0,42,145,5901,15062.933333
BASE,COLAPSO_LOGISTICO-CRITICA-N01,RECOCIDO_SIMULADO,0,42,146,5941,15062.933333
BASE,COLAPSO_LOGISTICO-CRITICA-N01,RECOCIDO_SIMULADO,0,42,147,5981,15062.933333
BASE,COLAPSO_LOGISTICO-CRITICA-N01,RECOCIDO_SIMULADO,0,42,148,6021,15062.933333
BASE,COLAPSO_LOGISTICO-CRITICA-N01,RECOCIDO_SIMULADO,0,42,149,6061,15062.933333
BASE,COLAPSO_LOGISTICO-CRITICA-N01,RECOCIDO_SIMULADO,0,42,150,6101,15062.383333
BASE,COLAPSO_LOGISTICO-CRITICA-N01,RECOCIDO_SIMULADO,0,42,151,6141,15062.383333
BASE,COLAPSO_LOGISTICO-CRITICA-N01,RECOCIDO_SIMULADO,0,42,152,6181,15062.383333
BASE,COLAPSO_LOGISTICO-CRITICA-N01,RECOCIDO_SIMULADO,0,42,153,6221,15062.383333
BASE,COLAPSO_LOGISTICO-CRITICA-N01,RECOCIDO_SIMULADO,0,42,154,6261,15062.383333
BASE,COLAPSO_LOGISTICO-CRITICA-N01,RECOCIDO_SIMULADO,1,43,0,101,20065.533333
BASE,COLAPSO_LOGISTICO-CRITICA-N01,RECOCIDO_SIMULADO,1,43,1,141,20065.533333
BASE,COLAPSO_LOGISTICO-CRITICA-N01,RECOCIDO_SIMULADO,1,43,2,181,20065.533333
BASE,COLAPSO_LOGISTICO-CRITICA-N01,RECOCIDO_SIMULADO,1,43,3,221,20065.533333
BASE,COLAPSO_LOGISTICO-CRITICA-N01,RECOCIDO_SIMULADO,1,43,4,261,20065.533333
BASE,COLAPSO_LOGISTICO-CRITICA-N01,RECOCIDO_SIMULADO,1,43,5,301,20065.533333
BASE,COLAPSO_LOGISTICO-CRITICA-N01,RECOCIDO_SIMULADO,1,43,6,341,20065.533333
BASE,COLAPSO_LOGISTICO-CRITICA-N01,RECOCIDO_SIMULADO,1,43,7,381,20065.533333
BASE,COLAPSO_LOGISTICO-CRITICA-N01,RECOCIDO_SIMULADO,1,43,8,421,20065.533333
BASE,COLAPSO_LOGISTICO-CRITICA-N01,RECOCIDO_SIMULADO,1,43,9,461,20065.533333
BASE,COLAPSO_LOGISTICO-CRITICA-N01,RECOCIDO_SIMULADO,1,43,10,501,20065.533333
BASE,COLAPSO_LOGISTICO-CRITICA-N01,RECOCIDO_SIMULADO,1,43,11,541,20065.533333
BASE,COLAPSO_LOGISTICO-CRITICA-N01,RECOCIDO_SIMULADO,1,43,12,581,20065.533333
BASE,COLAPSO_LOGISTICO-CRITICA-N01,RECOCIDO_SIMULADO,1,43,13,621,20065.533333
BASE,COLAPSO_LOGISTICO-CRITICA-N01,RECOCIDO_SIMULADO,1,43,14,661,20065.533333
BASE,COLAPSO_LOGISTICO-CRITICA-N01,RECOCIDO_SIMULADO,1,43,15,701,20065.533333
BASE,COLAPSO_LOGISTICO-CRITICA-N01,RECOCIDO_SIMULADO,1,43,16,741,20065.533333
BASE,COLAPSO_LOGISTICO-CRITICA-N01,RECOCIDO_SIMULADO,1,43,17,781,20065.533333
BASE,COLAPSO_LOGISTICO-CRITICA-N01,RECOCIDO_SIMULADO,1,43,18,821,17656.968333
BASE,COLAPSO_LOGISTICO-CRITICA-N01,RECOCIDO_SIMULADO,1,43,19,861,16063.068333
BASE,COLAPSO_LOGISTICO-CRITICA-N01,RECOCIDO_SIMULADO,1,43,20,901,16063.068333
BASE,COLAPSO_LOGISTICO-CRITICA-N01,RECOCIDO_SIMULADO,1,43,21,941,16063.068333
BASE,COLAPSO_LOGISTICO-CRITICA-N01,RECOCIDO_SIMULADO,1,43,22,981,16063.068333
BASE,COLAPSO_LOGISTICO-CRITICA-N01,RECOCIDO_SIMULADO,1,43,23,1021,16063.068333
BASE,COLAPSO_LOGISTICO-CRITICA-N01,RECOCIDO_SIMULADO,1,43,24,1061,16063.068333
BASE,COLAPSO_LOGISTICO-CRITICA-N01,RECOCIDO_SIMULADO,1,43,25,1101,16063.068333
BASE,COLAPSO_LOGISTICO-CRITICA-N01,RECOCIDO_SIMULADO,1,43,26,1141,16063.068333
BASE,COLAPSO_LOGISTICO-CRITICA-N01,RECOCIDO_SIMULADO,1,43,27,1181,16063.068333
BASE,COLAPSO_LOGISTICO-CRITICA-N01,RECOCIDO_SIMULADO,1,43,28,1221,16063.068333
BASE,COLAPSO_LOGISTICO-CRITICA-N01,RECOCIDO_SIMULADO,1,43,29,1261,16063.068333
BASE,COLAPSO_LOGISTICO-CRITICA-N01,RECOCIDO_SIMULADO,1,43,30,1301,16063.068333
BASE,COLAPSO_LOGISTICO-CRITICA-N01,RECOCIDO_SIMULADO,1,43,31,1341,15551.491667
BASE,COLAPSO_LOGISTICO-CRITICA-N01,RECOCIDO_SIMULADO,1,43,32,1381,15551.491667
BASE,COLAPSO_LOGISTICO-CRITICA-N01,RECOCIDO_SIMULADO,1,43,33,1421,15551.491667
BASE,COLAPSO_LOGISTICO-CRITICA-N01,RECOCIDO_SIMULADO,1,43,34,1461,15551.491667
BASE,COLAPSO_LOGISTICO-CRITICA-N01,RECOCIDO_SIMULADO,1,43,35,1501,15551.491667
BASE,COLAPSO_LOGISTICO-CRITICA-N01,RECOCIDO_SIMULADO,1,43,36,1541,15551.491667
BASE,COLAPSO_LOGISTICO-CRITICA-N01,RECOCIDO_SIMULADO,1,43,37,1581,15551.491667
BASE,COLAPSO_LOGISTICO-CRITICA-N01,RECOCIDO_SIMULADO,1,43,38,1621,15551.491667
BASE,COLAPSO_LOGISTICO-CRITICA-N01,RECOCIDO_SIMULADO,1,43,39,1661,15551.491667
BASE,COLAPSO_LOGISTICO-CRITICA-N01,RECOCIDO_SIMULADO,1,43,40,1701,15551.491667
BASE,COLAPSO_LOGISTICO-CRITICA-N01,RECOCIDO_SIMULADO,1,43,41,1741,15551.491667
BASE,COLAPSO_LOGISTICO-CRITICA-N01,RECOCIDO_SIMULADO,1,43,42,1781,15551.491667
BASE,COLAPSO_LOGISTICO-CRITICA-N01,RECOCIDO_SIMULADO,1,43,43,1821,15551.491667
BASE,COLAPSO_LOGISTICO-CRITICA-N01,RECOCIDO_SIMULADO,1,43,44,1861,15551.491667
BASE,COLAPSO_LOGISTICO-CRITICA-N01,RECOCIDO_SIMULADO,1,43,45,1901,15551.491667
BASE,COLAPSO_LOGISTICO-CRITICA-N01,RECOCIDO_SIMULADO,1,43,46,1941,15551.491667
BASE,COLAPSO_LOGISTICO-CRITICA-N01,RECOCIDO_SIMULADO,1,43,47,1981,15551.491667
BASE,COLAPSO_LOGISTICO-CRITICA-N01,RECOCIDO_SIMULADO,1,43,48,2021,15412.358333
BASE,COLAPSO_LOGISTICO-CRITICA-N01,RECOCIDO_SIMULADO,1,43,49,2061,15412.358333
BASE,COLAPSO_LOGISTICO-CRITICA-N01,RECOCIDO_SIMULADO,1,43,50,2101,15404.083333
BASE,COLAPSO_LOGISTICO-CRITICA-N01,RECOCIDO_SIMULADO,1,43,51,2141,15221.108333
BASE,COLAPSO_LOGISTICO-CRITICA-N01,RECOCIDO_SIMULADO,1,43,52,2181,15221.108333
BASE,COLAPSO_LOGISTICO-CRITICA-N01,RECOCIDO_SIMULADO,1,43,53,2221,15221.108333
BASE,COLAPSO_LOGISTICO-CRITICA-N01,RECOCIDO_SIMULADO,1,43,54,2261,15221.108333
BASE,COLAPSO_LOGISTICO-CRITICA-N01,RECOCIDO_SIMULADO,1,43,55,2301,15221.108333
BASE,COLAPSO_LOGISTICO-CRITICA-N01,RECOCIDO_SIMULADO,1,43,56,2341,15221.108333
BASE,COLAPSO_LOGISTICO-CRITICA-N01,RECOCIDO_SIMULADO,1,43,57,2381,15221.108333
BASE,COLAPSO_LOGISTICO-CRITICA-N01,RECOCIDO_SIMULADO,1,43,58,2421,15141.656667
BASE,COLAPSO_LOGISTICO-CRITICA-N01,RECOCIDO_SIMULADO,1,43,59,2461,15141.656667
BASE,COLAPSO_LOGISTICO-CRITICA-N01,RECOCIDO_SIMULADO,1,43,60,2501,15141.656667
BASE,COLAPSO_LOGISTICO-CRITICA-N01,RECOCIDO_SIMULADO,1,43,61,2541,15141.656667
BASE,COLAPSO_LOGISTICO-CRITICA-N01,RECOCIDO_SIMULADO,1,43,62,2581,15141.656667
BASE,COLAPSO_LOGISTICO-CRITICA-N01,RECOCIDO_SIMULADO,1,43,63,2621,15141.656667
BASE,COLAPSO_LOGISTICO-CRITICA-N01,RECOCIDO_SIMULADO,1,43,64,2661,15141.656667
BASE,COLAPSO_LOGISTICO-CRITICA-N01,RECOCIDO_SIMULADO,1,43,65,2701,15141.656667
BASE,COLAPSO_LOGISTICO-CRITICA-N01,RECOCIDO_SIMULADO,1,43,66,2741,15141.656667
BASE,COLAPSO_LOGISTICO-CRITICA-N01,RECOCIDO_SIMULADO,1,43,67,2781,15141.656667
BASE,COLAPSO_LOGISTICO-CRITICA-N01,RECOCIDO_SIMULADO,1,43,68,2821,15141.656667
BASE,COLAPSO_LOGISTICO-CRITICA-N01,RECOCIDO_SIMULADO,1,43,69,2861,15141.656667
BASE,COLAPSO_LOGISTICO-CRITICA-N01,RECOCIDO_SIMULADO,1,43,70,2901,15141.656667
BASE,COLAPSO_LOGISTICO-CRITICA-N01,RECOCIDO_SIMULADO,1,43,71,2941,15141.656667
BASE,COLAPSO_LOGISTICO-CRITICA-N01,RECOCIDO_SIMULADO,1,43,72,2981,15141.656667
BASE,COLAPSO_LOGISTICO-CRITICA-N01,RECOCIDO_SIMULADO,1,43,73,3021,15141.656667
BASE,COLAPSO_LOGISTICO-CRITICA-N01,RECOCIDO_SIMULADO,1,43,74,3061,15141.656667
BASE,COLAPSO_LOGISTICO-CRITICA-N01,RECOCIDO_SIMULADO,1,43,75,3101,15141.656667
BASE,COLAPSO_LOGISTICO-CRITICA-N01,RECOCIDO_SIMULADO,1,43,76,3141,15141.656667
BASE,COLAPSO_LOGISTICO-CRITICA-N01,RECOCIDO_SIMULADO,1,43,77,3181,15141.656667
BASE,COLAPSO_LOGISTICO-CRITICA-N01,RECOCIDO_SIMULADO,1,43,78,3221,15141.656667
BASE,COLAPSO_LOGISTICO-CRITICA-N01,RECOCIDO_SIMULADO,1,43,79,3261,15141.656667
BASE,COLAPSO_LOGISTICO-CRITICA-N01,RECOCIDO_SIMULADO,1,43,80,3301,15141.156667
BASE,COLAPSO_LOGISTICO-CRITICA-N01,RECOCIDO_SIMULADO,1,43,81,3341,15141.156667
BASE,COLAPSO_LOGISTICO-CRITICA-N01,RECOCIDO_SIMULADO,1,43,82,3381,15141.156667
BASE,COLAPSO_LOGISTICO-CRITICA-N01,RECOCIDO_SIMULADO,1,43,83,3421,15141.156667
BASE,COLAPSO_LOGISTICO-CRITICA-N01,RECOCIDO_SIMULADO,1,43,84,3461,15141.156667
BASE,COLAPSO_LOGISTICO-CRITICA-N01,RECOCIDO_SIMULADO,1,43,85,3501,15141.156667
BASE,COLAPSO_LOGISTICO-CRITICA-N01,RECOCIDO_SIMULADO,1,43,86,3541,15141.156667
BASE,COLAPSO_LOGISTICO-CRITICA-N01,RECOCIDO_SIMULADO,1,43,87,3581,15135.095
BASE,COLAPSO_LOGISTICO-CRITICA-N01,RECOCIDO_SIMULADO,1,43,88,3621,15119.703333
BASE,COLAPSO_LOGISTICO-CRITICA-N01,RECOCIDO_SIMULADO,1,43,89,3661,15119.703333
BASE,COLAPSO_LOGISTICO-CRITICA-N01,RECOCIDO_SIMULADO,1,43,90,3701,15119.703333
BASE,COLAPSO_LOGISTICO-CRITICA-N01,RECOCIDO_SIMULADO,1,43,91,3741,15119.703333
BASE,COLAPSO_LOGISTICO-CRITICA-N01,RECOCIDO_SIMULADO,1,43,92,3781,15119.703333
BASE,COLAPSO_LOGISTICO-CRITICA-N01,RECOCIDO_SIMULADO,1,43,93,3821,15119.703333
BASE,COLAPSO_LOGISTICO-CRITICA-N01,RECOCIDO_SIMULADO,1,43,94,3861,15119.703333
BASE,COLAPSO_LOGISTICO-CRITICA-N01,RECOCIDO_SIMULADO,1,43,95,3901,15119.703333
BASE,COLAPSO_LOGISTICO-CRITICA-N01,RECOCIDO_SIMULADO,1,43,96,3941,15119.703333
BASE,COLAPSO_LOGISTICO-CRITICA-N01,RECOCIDO_SIMULADO,1,43,97,3981,15119.703333
BASE,COLAPSO_LOGISTICO-CRITICA-N01,RECOCIDO_SIMULADO,1,43,98,4021,15119.703333
BASE,COLAPSO_LOGISTICO-CRITICA-N01,RECOCIDO_SIMULADO,1,43,99,4061,15119.703333
BASE,COLAPSO_LOGISTICO-CRITICA-N01,RECOCIDO_SIMULADO,1,43,100,4101,15119.703333
BASE,COLAPSO_LOGISTICO-CRITICA-N01,RECOCIDO_SIMULADO,1,43,101,4141,15119.703333
BASE,COLAPSO_LOGISTICO-CRITICA-N01,RECOCIDO_SIMULADO,1,43,102,4181,15119.703333
BASE,COLAPSO_LOGISTICO-CRITICA-N01,RECOCIDO_SIMULADO,1,43,103,4221,15119.703333
BASE,COLAPSO_LOGISTICO-CRITICA-N01,RECOCIDO_SIMULADO,1,43,104,4261,15119.703333
BASE,COLAPSO_LOGISTICO-CRITICA-N01,RECOCIDO_SIMULADO,1,43,105,4301,15119.573333
BASE,COLAPSO_LOGISTICO-CRITICA-N01,RECOCIDO_SIMULADO,1,43,106,4341,15119.573333
BASE,COLAPSO_LOGISTICO-CRITICA-N01,RECOCIDO_SIMULADO,1,43,107,4381,15119.573333
BASE,COLAPSO_LOGISTICO-CRITICA-N01,RECOCIDO_SIMULADO,1,43,108,4421,15116.666667
BASE,COLAPSO_LOGISTICO-CRITICA-N01,RECOCIDO_SIMULADO,1,43,109,4461,15112.056667
BASE,COLAPSO_LOGISTICO-CRITICA-N01,RECOCIDO_SIMULADO,1,43,110,4501,15112.056667
BASE,COLAPSO_LOGISTICO-CRITICA-N01,RECOCIDO_SIMULADO,1,43,111,4541,15112.056667
BASE,COLAPSO_LOGISTICO-CRITICA-N01,RECOCIDO_SIMULADO,1,43,112,4581,15112.056667
BASE,COLAPSO_LOGISTICO-CRITICA-N01,RECOCIDO_SIMULADO,1,43,113,4621,15112.056667
BASE,COLAPSO_LOGISTICO-CRITICA-N01,RECOCIDO_SIMULADO,1,43,114,4661,15112.056667
BASE,COLAPSO_LOGISTICO-CRITICA-N01,RECOCIDO_SIMULADO,1,43,115,4701,15112.056667
BASE,COLAPSO_LOGISTICO-CRITICA-N01,RECOCIDO_SIMULADO,1,43,116,4741,15112.056667
BASE,COLAPSO_LOGISTICO-CRITICA-N01,RECOCIDO_SIMULADO,1,43,117,4781,15112.056667
BASE,COLAPSO_LOGISTICO-CRITICA-N01,RECOCIDO_SIMULADO,1,43,118,4821,15112.056667
BASE,COLAPSO_LOGISTICO-CRITICA-N01,RECOCIDO_SIMULADO,1,43,119,4861,15111.588333
BASE,COLAPSO_LOGISTICO-CRITICA-N01,RECOCIDO_SIMULADO,1,43,120,4901,15100.03
BASE,COLAPSO_LOGISTICO-CRITICA-N01,RECOCIDO_SIMULADO,1,43,121,4941,15100.03
BASE,COLAPSO_LOGISTICO-CRITICA-N01,RECOCIDO_SIMULADO,1,43,122,4981,15100.03
BASE,COLAPSO_LOGISTICO-CRITICA-N01,RECOCIDO_SIMULADO,1,43,123,5021,15100.03
BASE,COLAPSO_LOGISTICO-CRITICA-N01,RECOCIDO_SIMULADO,1,43,124,5061,15100.03
BASE,COLAPSO_LOGISTICO-CRITICA-N01,RECOCIDO_SIMULADO,1,43,125,5101,15100.03
BASE,COLAPSO_LOGISTICO-CRITICA-N01,RECOCIDO_SIMULADO,1,43,126,5141,15087.756667
BASE,COLAPSO_LOGISTICO-CRITICA-N01,RECOCIDO_SIMULADO,1,43,127,5181,15087.278333
BASE,COLAPSO_LOGISTICO-CRITICA-N01,RECOCIDO_SIMULADO,1,43,128,5221,15087.278333
BASE,COLAPSO_LOGISTICO-CRITICA-N01,RECOCIDO_SIMULADO,1,43,129,5261,15087.278333
BASE,COLAPSO_LOGISTICO-CRITICA-N01,RECOCIDO_SIMULADO,1,43,130,5301,15087.278333
BASE,COLAPSO_LOGISTICO-CRITICA-N01,RECOCIDO_SIMULADO,1,43,131,5341,15087.278333
BASE,COLAPSO_LOGISTICO-CRITICA-N01,RECOCIDO_SIMULADO,1,43,132,5381,15087.278333
BASE,COLAPSO_LOGISTICO-CRITICA-N01,RECOCIDO_SIMULADO,1,43,133,5421,15087.278333
BASE,COLAPSO_LOGISTICO-CRITICA-N01,RECOCIDO_SIMULADO,1,43,134,5461,15087.278333
BASE,COLAPSO_LOGISTICO-CRITICA-N01,RECOCIDO_SIMULADO,1,43,135,5501,15087.278333
BASE,COLAPSO_LOGISTICO-CRITICA-N01,RECOCIDO_SIMULADO,1,43,136,5541,15087.278333
BASE,COLAPSO_LOGISTICO-CRITICA-N01,RECOCIDO_SIMULADO,1,43,137,5581,15087.278333
BASE,COLAPSO_LOGISTICO-CRITICA-N01,RECOCIDO_SIMULADO,1,43,138,5621,15087.278333
BASE,COLAPSO_LOGISTICO-CRITICA-N01,RECOCIDO_SIMULADO,1,43,139,5661,15087.278333
BASE,COLAPSO_LOGISTICO-CRITICA-N01,RECOCIDO_SIMULADO,1,43,140,5701,15087.278333
BASE,COLAPSO_LOGISTICO-CRITICA-N01,RECOCIDO_SIMULADO,1,43,141,5741,15087.278333
BASE,COLAPSO_LOGISTICO-CRITICA-N01,RECOCIDO_SIMULADO,1,43,142,5781,15087.278333
BASE,COLAPSO_LOGISTICO-CRITICA-N01,RECOCIDO_SIMULADO,1,43,143,5821,15087.278333
BASE,COLAPSO_LOGISTICO-CRITICA-N01,RECOCIDO_SIMULADO,1,43,144,5861,15087.278333
BASE,COLAPSO_LOGISTICO-CRITICA-N01,RECOCIDO_SIMULADO,1,43,145,5901,15086.9
BASE,COLAPSO_LOGISTICO-CRITICA-N01,RECOCIDO_SIMULADO,1,43,146,5941,15086.441667
BASE,COLAPSO_LOGISTICO-CRITICA-N01,RECOCIDO_SIMULADO,1,43,147,5981,15085.641667
BASE,COLAPSO_LOGISTICO-CRITICA-N01,RECOCIDO_SIMULADO,1,43,148,6021,15080.241667
BASE,COLAPSO_LOGISTICO-CRITICA-N01,RECOCIDO_SIMULADO,1,43,149,6061,15080.241667
BASE,COLAPSO_LOGISTICO-CRITICA-N01,RECOCIDO_SIMULADO,1,43,150,6101,15080.241667
BASE,COLAPSO_LOGISTICO-CRITICA-N01,RECOCIDO_SIMULADO,1,43,151,6141,15080.241667
BASE,COLAPSO_LOGISTICO-CRITICA-N01,RECOCIDO_SIMULADO,1,43,152,6181,15066.183333
BASE,COLAPSO_LOGISTICO-CRITICA-N01,RECOCIDO_SIMULADO,1,43,153,6221,15066.183333
BASE,COLAPSO_LOGISTICO-CRITICA-N01,RECOCIDO_SIMULADO,1,43,154,6261,15066.183333
BASE,COLAPSO_LOGISTICO-CRITICA-N01,RECOCIDO_SIMULADO,1,43,155,6301,15066.183333
BASE,COLAPSO_LOGISTICO-CRITICA-N01,RECOCIDO_SIMULADO,1,43,156,6341,15066.183333
BASE,COLAPSO_LOGISTICO-CRITICA-N01,RECOCIDO_SIMULADO,1,43,157,6381,15066.183333
BASE,COLAPSO_LOGISTICO-CRITICA-N01,RECOCIDO_SIMULADO,1,43,158,6421,15066.183333
BASE,COLAPSO_LOGISTICO-CRITICA-N01,RECOCIDO_SIMULADO,1,43,159,6461,15066.183333
BASE,COLAPSO_LOGISTICO-CRITICA-N01,RECOCIDO_SIMULADO,1,43,160,6501,15066.183333
BASE,COLAPSO_LOGISTICO-CRITICA-N01,RECOCIDO_SIMULADO,1,43,161,6541,15066.183333
BASE,COLAPSO_LOGISTICO-CRITICA-N01,GENETICO,1,43,0,60,15051.991667
BASE,COLAPSO_LOGISTICO-CRITICA-N01,GENETICO,1,43,1,120,15051.816667
BASE,COLAPSO_LOGISTICO-CRITICA-N01,GENETICO,1,43,2,180,15051.816667
BASE,COLAPSO_LOGISTICO-CRITICA-N01,GENETICO,1,43,3,240,15051.816667
BASE,COLAPSO_LOGISTICO-CRITICA-N01,GENETICO,1,43,4,300,15051.816667
BASE,COLAPSO_LOGISTICO-CRITICA-N01,GENETICO,1,43,5,360,15051.816667
BASE,COLAPSO_LOGISTICO-CRITICA-N01,GENETICO,1,43,6,420,15047.166667
BASE,COLAPSO_LOGISTICO-CRITICA-N01,GENETICO,1,43,7,480,15047.166667
BASE,COLAPSO_LOGISTICO-CRITICA-N01,GENETICO,1,43,8,540,15047.166667
BASE,COLAPSO_LOGISTICO-CRITICA-N01,GENETICO,1,43,9,600,15046.983333
BASE,COLAPSO_LOGISTICO-CRITICA-N01,GENETICO,1,43,10,660,15046.983333
BASE,COLAPSO_LOGISTICO-CRITICA-N01,GENETICO,1,43,11,720,15046.983333
BASE,COLAPSO_LOGISTICO-CRITICA-N01,GENETICO,1,43,12,780,15046.983333
BASE,COLAPSO_LOGISTICO-CRITICA-N01,GENETICO,1,43,13,840,15046.983333
BASE,COLAPSO_LOGISTICO-CRITICA-N01,GENETICO,1,43,14,900,15046.983333
BASE,COLAPSO_LOGISTICO-CRITICA-N01,GENETICO,1,43,15,960,15046.983333
BASE,COLAPSO_LOGISTICO-CRITICA-N01,GENETICO,1,43,16,1020,15046.983333
BASE,COLAPSO_LOGISTICO-CRITICA-N01,GENETICO,1,43,17,1080,15046.983333
BASE,COLAPSO_LOGISTICO-CRITICA-N01,GENETICO,1,43,18,1140,15046.983333
BASE,COLAPSO_LOGISTICO-CRITICA-N01,GENETICO,1,43,19,1200,15046.983333
BASE,COLAPSO_LOGISTICO-CRITICA-N01,GENETICO,1,43,20,1260,15046.983333
BASE,COLAPSO_LOGISTICO-CRITICA-N01,GENETICO,1,43,21,1320,15046.983333
BASE,COLAPSO_LOGISTICO-CRITICA-N01,GENETICO,1,43,22,1380,15046.983333
BASE,COLAPSO_LOGISTICO-CRITICA-N01,GENETICO,1,43,23,1440,15046.983333
BASE,COLAPSO_LOGISTICO-CRITICA-N01,GENETICO,1,43,24,1500,15046.983333
BASE,COLAPSO_LOGISTICO-CRITICA-N01,GENETICO,1,43,25,1560,15046.983333
BASE,COLAPSO_LOGISTICO-CRITICA-N01,GENETICO,1,43,26,1620,15046.983333
BASE,COLAPSO_LOGISTICO-CRITICA-N01,GENETICO,1,43,27,1680,15046.983333
BASE,COLAPSO_LOGISTICO-CRITICA-N01,GENETICO,1,43,28,1740,15046.983333
BASE,COLAPSO_LOGISTICO-CRITICA-N01,GENETICO,1,43,29,1800,15046.983333
BASE,COLAPSO_LOGISTICO-CRITICA-N01,GENETICO,1,43,30,1860,15046.983333
BASE,COLAPSO_LOGISTICO-CRITICA-N01,GENETICO,1,43,31,1920,15046.983333
BASE,COLAPSO_LOGISTICO-CRITICA-N01,GENETICO,1,43,32,1980,15046.983333
BASE,COLAPSO_LOGISTICO-CRITICA-N01,GENETICO,1,43,33,2040,15046.983333
BASE,COLAPSO_LOGISTICO-CRITICA-N01,GENETICO,1,43,34,2100,15046.983333
BASE,COLAPSO_LOGISTICO-CRITICA-N01,GENETICO,1,43,35,2160,15046.983333
BASE,COLAPSO_LOGISTICO-CRITICA-N01,GENETICO,1,43,36,2220,15046.983333
BASE,COLAPSO_LOGISTICO-CRITICA-N01,GENETICO,1,43,37,2280,15046.983333
BASE,COLAPSO_LOGISTICO-CRITICA-N01,GENETICO,1,43,38,2340,15046.983333
BASE,COLAPSO_LOGISTICO-CRITICA-N01,GENETICO,1,43,39,2400,15046.983333
BASE,COLAPSO_LOGISTICO-CRITICA-N01,GENETICO,1,43,40,2460,15046.983333
BASE,COLAPSO_LOGISTICO-CRITICA-N01,GENETICO,1,43,41,2520,15046.983333
BASE,COLAPSO_LOGISTICO-CRITICA-N01,GENETICO,1,43,42,2580,15046.983333
BASE,COLAPSO_LOGISTICO-CRITICA-N01,GENETICO,1,43,43,2640,15046.983333
BASE,COLAPSO_LOGISTICO-CRITICA-N01,GENETICO,1,43,44,2700,15046.983333
BASE,COLAPSO_LOGISTICO-CRITICA-N01,GENETICO,1,43,45,2760,15046.983333
BASE,COLAPSO_LOGISTICO-CRITICA-N01,GENETICO,1,43,46,2820,15046.983333
BASE,COLAPSO_LOGISTICO-CRITICA-N01,GENETICO,1,43,47,2880,15046.983333
BASE,COLAPSO_LOGISTICO-CRITICA-N01,GENETICO,1,43,48,2940,15046.983333
BASE,COLAPSO_LOGISTICO-CRITICA-N01,GENETICO,1,43,49,3000,15046.983333
BASE,COLAPSO_LOGISTICO-CRITICA-N01,GENETICO,1,43,50,3060,15046.983333
BASE,COLAPSO_LOGISTICO-CRITICA-N01,GENETICO,1,43,51,3120,15046.983333
BASE,COLAPSO_LOGISTICO-CRITICA-N01,GENETICO,1,43,52,3180,15046.983333
BASE,COLAPSO_LOGISTICO-CRITICA-N01,GENETICO,1,43,53,3240,15046.983333
BASE,COLAPSO_LOGISTICO-CRITICA-N01,GENETICO,1,43,54,3300,15046.983333
BASE,COLAPSO_LOGISTICO-CRITICA-N01,GENETICO,1,43,55,3360,15046.983333
BASE,COLAPSO_LOGISTICO-CRITICA-N01,GENETICO,1,43,56,3420,15046.983333
BASE,COLAPSO_LOGISTICO-CRITICA-N01,GENETICO,1,43,57,3480,15046.983333
BASE,COLAPSO_LOGISTICO-CRITICA-N01,GENETICO,1,43,58,3540,15046.983333
BASE,COLAPSO_LOGISTICO-CRITICA-N01,GENETICO,1,43,59,3600,15046.983333
BASE,COLAPSO_LOGISTICO-CRITICA-N01,GENETICO,1,43,60,3660,15046.983333
BASE,COLAPSO_LOGISTICO-CRITICA-N01,GENETICO,1,43,61,3720,15046.983333
BASE,COLAPSO_LOGISTICO-CRITICA-N01,GENETICO,1,43,62,3780,15046.983333
BASE,COLAPSO_LOGISTICO-CRITICA-N01,GENETICO,1,43,63,3840,15046.983333
BASE,COLAPSO_LOGISTICO-CRITICA-N01,GENETICO,1,43,64,3900,15046.983333
BASE,COLAPSO_LOGISTICO-CRITICA-N01,GENETICO,1,43,65,3960,15046.983333
BASE,COLAPSO_LOGISTICO-CRITICA-N01,GENETICO,1,43,66,4020,15046.983333
BASE,COLAPSO_LOGISTICO-CRITICA-N01,GENETICO,1,43,67,4080,15046.983333
BASE,COLAPSO_LOGISTICO-CRITICA-N01,GENETICO,1,43,68,4140,15046.983333
BASE,COLAPSO_LOGISTICO-CRITICA-N01,GENETICO,1,43,69,4200,15046.983333
BASE,COLAPSO_LOGISTICO-CRITICA-N01,GENETICO,1,43,70,4260,15046.983333
BASE,COLAPSO_LOGISTICO-CRITICA-N01,GENETICO,1,43,71,4320,15046.983333
BASE,COLAPSO_LOGISTICO-CRITICA-N01,GENETICO,1,43,72,4380,15046.983333
BASE,COLAPSO_LOGISTICO-CRITICA-N01,GENETICO,1,43,73,4440,15046.983333
BASE,COLAPSO_LOGISTICO-CRITICA-N01,GENETICO,1,43,74,4500,15046.983333
BASE,COLAPSO_LOGISTICO-CRITICA-N01,GENETICO,1,43,75,4560,15046.983333
BASE,COLAPSO_LOGISTICO-CRITICA-N01,GENETICO,1,43,76,4620,15046.983333
BASE,COLAPSO_LOGISTICO-CRITICA-N01,GENETICO,1,43,77,4680,15046.983333
BASE,COLAPSO_LOGISTICO-CRITICA-N01,GENETICO,1,43,78,4740,15046.983333
BASE,COLAPSO_LOGISTICO-CRITICA-N01,GENETICO,1,43,79,4800,15046.983333
BASE,COLAPSO_LOGISTICO-CRITICA-N01,GENETICO,1,43,80,4860,15046.983333
BASE,COLAPSO_LOGISTICO-CRITICA-N01,GENETICO,1,43,81,4920,15046.983333
BASE,COLAPSO_LOGISTICO-CRITICA-N01,GENETICO,1,43,82,4980,15046.983333
BASE,COLAPSO_LOGISTICO-CRITICA-N01,GENETICO,1,43,83,5040,15046.983333
BASE,COLAPSO_LOGISTICO-CRITICA-N01,GENETICO,1,43,84,5100,15046.983333
BASE,COLAPSO_LOGISTICO-CRITICA-N01,GENETICO,1,43,85,5160,15046.983333
BASE,COLAPSO_LOGISTICO-CRITICA-N01,GENETICO,1,43,86,5220,15046.983333
BASE,COLAPSO_LOGISTICO-CRITICA-N01,GENETICO,1,43,87,5280,15046.983333
BASE,COLAPSO_LOGISTICO-CRITICA-N01,GENETICO,1,43,88,5340,15046.983333
BASE,COLAPSO_LOGISTICO-CRITICA-N01,GENETICO,1,43,89,5400,15046.983333
BASE,COLAPSO_LOGISTICO-CRITICA-N01,GENETICO,1,43,90,5460,15046.983333
BASE,COLAPSO_LOGISTICO-CRITICA-N01,GENETICO,1,43,91,5520,15046.983333
BASE,COLAPSO_LOGISTICO-CRITICA-N01,GENETICO,1,43,92,5580,15046.983333
BASE,COLAPSO_LOGISTICO-CRITICA-N01,GENETICO,1,43,93,5640,15046.983333
BASE,COLAPSO_LOGISTICO-CRITICA-N01,GENETICO,1,43,94,5700,15046.983333
BASE,COLAPSO_LOGISTICO-CRITICA-N01,GENETICO,1,43,95,5760,15046.983333
BASE,COLAPSO_LOGISTICO-CRITICA-N01,GENETICO,1,43,96,5820,15046.983333
BASE,COLAPSO_LOGISTICO-CRITICA-N01,GENETICO,1,43,97,5880,15046.983333
BASE,COLAPSO_LOGISTICO-CRITICA-N01,GENETICO,1,43,98,5940,15046.983333
BASE,COLAPSO_LOGISTICO-CRITICA-N01,GENETICO,1,43,99,6000,15046.983333
BASE,COLAPSO_LOGISTICO-CRITICA-N01,GENETICO,1,43,100,6060,15046.983333
BASE,COLAPSO_LOGISTICO-CRITICA-N01,GENETICO,1,43,101,6120,15046.983333
BASE,COLAPSO_LOGISTICO-CRITICA-N01,GENETICO,1,43,102,6180,15046.983333
BASE,COLAPSO_LOGISTICO-CRITICA-N01,GENETICO,1,43,103,6240,15046.983333
BASE,COLAPSO_LOGISTICO-CRITICA-N01,GENETICO,1,43,104,6300,15046.983333
BASE,COLAPSO_LOGISTICO-CRITICA-N01,GENETICO,1,43,105,6360,15046.983333
BASE,COLAPSO_LOGISTICO-CRITICA-N01,GENETICO,1,43,106,6420,15046.983333
BASE,COLAPSO_LOGISTICO-CRITICA-N01,GENETICO,1,43,107,6480,15046.983333
BASE,COLAPSO_LOGISTICO-CRITICA-N01,GENETICO,1,43,108,6540,15046.983333
BASE,COLAPSO_LOGISTICO-CRITICA-N01,GENETICO,1,43,109,6600,15046.983333
BASE,COLAPSO_LOGISTICO-CRITICA-N01,GENETICO,1,43,110,6660,15046.983333
BASE,COLAPSO_LOGISTICO-CRITICA-N01,GENETICO,1,43,111,6720,15046.983333
BASE,COLAPSO_LOGISTICO-CRITICA-N01,GENETICO,1,43,112,6780,15046.983333
BASE,COLAPSO_LOGISTICO-CRITICA-N01,GENETICO,1,43,113,6840,15046.983333
BASE,COLAPSO_LOGISTICO-CRITICA-N01,GENETICO,1,43,114,6900,15046.983333
BASE,COLAPSO_LOGISTICO-CRITICA-N01,GENETICO,1,43,115,6960,15046.983333
BASE,COLAPSO_LOGISTICO-CRITICA-N01,GENETICO,1,43,116,7020,15046.983333
BASE,COLAPSO_LOGISTICO-CRITICA-N01,GENETICO,1,43,117,7080,15046.983333
BASE,COLAPSO_LOGISTICO-CRITICA-N01,GENETICO,1,43,118,7140,15046.983333
BASE,COLAPSO_LOGISTICO-CRITICA-N01,GENETICO,1,43,119,7200,15046.983333
BASE,COLAPSO_LOGISTICO-CRITICA-N01,GENETICO,1,43,120,7260,15046.983333
BASE,COLAPSO_LOGISTICO-CRITICA-N01,GENETICO,1,43,121,7320,15046.983333
BASE,COLAPSO_LOGISTICO-CRITICA-N01,GENETICO,1,43,122,7380,15046.983333
BASE,COLAPSO_LOGISTICO-CRITICA-N01,GENETICO,1,43,123,7440,15046.983333
BASE,COLAPSO_LOGISTICO-CRITICA-N01,GENETICO,1,43,124,7500,15046.983333
BASE,COLAPSO_LOGISTICO-CRITICA-N01,GENETICO,1,43,125,7560,15046.983333
BASE,COLAPSO_LOGISTICO-CRITICA-N01,GENETICO,1,43,126,7620,15046.983333
BASE,COLAPSO_LOGISTICO-CRITICA-N01,GENETICO,1,43,127,7680,15046.983333
BASE,COLAPSO_LOGISTICO-CRITICA-N01,GENETICO,1,43,128,7740,15046.983333
BASE,COLAPSO_LOGISTICO-CRITICA-N01,GENETICO,1,43,129,7800,15046.983333
BASE,COLAPSO_LOGISTICO-CRITICA-N01,GENETICO,1,43,130,7860,15046.983333
BASE,COLAPSO_LOGISTICO-CRITICA-N01,GENETICO,1,43,131,7920,15046.983333
BASE,COLAPSO_LOGISTICO-CRITICA-N01,GENETICO,1,43,132,7980,15046.983333
BASE,COLAPSO_LOGISTICO-CRITICA-N01,GENETICO,1,43,133,8040,15046.983333
BASE,COLAPSO_LOGISTICO-CRITICA-N01,GENETICO,1,43,134,8100,15046.983333
BASE,COLAPSO_LOGISTICO-CRITICA-N01,GENETICO,1,43,135,8160,15046.983333
BASE,COLAPSO_LOGISTICO-CRITICA-N01,GENETICO,1,43,136,8220,15046.983333
BASE,COLAPSO_LOGISTICO-CRITICA-N01,GENETICO,1,43,137,8280,15046.983333
BASE,COLAPSO_LOGISTICO-CRITICA-N01,GENETICO,1,43,138,8340,15046.983333
BASE,COLAPSO_LOGISTICO-CRITICA-N01,GENETICO,1,43,139,8400,15046.983333
BASE,COLAPSO_LOGISTICO-CRITICA-N01,GENETICO,1,43,140,8460,15046.983333
BASE,COLAPSO_LOGISTICO-CRITICA-N01,GENETICO,1,43,141,8520,15046.983333
BASE,COLAPSO_LOGISTICO-CRITICA-N01,GENETICO,1,43,142,8580,15046.983333
BASE,COLAPSO_LOGISTICO-CRITICA-N01,GENETICO,1,43,143,8640,15046.983333
BASE,COLAPSO_LOGISTICO-CRITICA-N01,GENETICO,1,43,144,8700,15046.983333
BASE,COLAPSO_LOGISTICO-CRITICA-N01,GENETICO,1,43,145,8760,15046.983333
BASE,COLAPSO_LOGISTICO-CRITICA-N01,GENETICO,1,43,146,8820,15046.983333
BASE,COLAPSO_LOGISTICO-CRITICA-N01,GENETICO,1,43,147,8880,15046.983333
BASE,COLAPSO_LOGISTICO-CRITICA-N01,GENETICO,1,43,148,8940,15046.983333
BASE,COLAPSO_LOGISTICO-CRITICA-N01,GENETICO,1,43,149,9000,15046.983333
BASE,COLAPSO_LOGISTICO-CRITICA-N01,GENETICO,1,43,150,9060,15046.983333
