variante,escenario,algoritmo,repeticion,vehiculo,almacen_origen,orden,id_pedido
BASE,OPERACION_DIARIA-NORMAL-N01,GENETICO,0,TA01,ALM-CENTRAL,1,1000100000020
BASE,OPERACION_DIARIA-NORMAL-N01,GENETICO,0,TA01,ALM-CENTRAL,2,1000100000002
BASE,OPERACION_DIARIA-NORMAL-N01,GENETICO,0,TA01,ALM-CENTRAL,3,1000100000018
BASE,OPERACION_DIARIA-NORMAL-N01,GENETICO,0,TA02,ALM-CENTRAL,1,1000100000006
BASE,OPERACION_DIARIA-NORMAL-N01,GENETICO,0,TA02,ALM-CENTRAL,2,1000100000026
BASE,OPERACION_DIARIA-NORMAL-N01,GENETICO,0,TA02,ALM-CENTRAL,3,1000100000016
BASE,OPERACION_DIARIA-NORMAL-N01,GENETICO,0,TA03,ALM-CENTRAL,1,1000100000012
BASE,OPERACION_DIARIA-NORMAL-N01,GENETICO,0,TA03,ALM-CENTRAL,2,1000100000003
BASE,OPERACION_DIARIA-NORMAL-N01,GENETICO,0,TA03,ALM-CENTRAL,3,1000100000025
BASE,OPERACION_DIARIA-NORMAL-N01,GENETICO,0,TA04,ALM-CENTRAL,1,1000100000010
BASE,OPERACION_DIARIA-NORMAL-N01,GENETICO,0,TA04,ALM-CENTRAL,2,1000100000000
BASE,OPERACION_DIARIA-NORMAL-N01,GENETICO,0,TA04,ALM-CENTRAL,3,1000100000005
BASE,OPERACION_DIARIA-NORMAL-N01,GENETICO,0,TA04,ALM-CENTRAL,4,1000100000027
BASE,OPERACION_DIARIA-NORMAL-N01,GENETICO,0,TA05,ALM-CENTRAL,1,1000100000013
BASE,OPERACION_DIARIA-NORMAL-N01,GENETICO,0,TA05,ALM-CENTRAL,2,1000100000004
BASE,OPERACION_DIARIA-NORMAL-N01,GENETICO,0,TA05,ALM-CENTRAL,3,1000100000009
BASE,OPERACION_DIARIA-NORMAL-N01,GENETICO,0,TA06,ALM-CENTRAL,1,1000100000015
BASE,OPERACION_DIARIA-NORMAL-N01,GENETICO,0,TA06,ALM-CENTRAL,2,1000100000024
BASE,OPERACION_DIARIA-NORMAL-N01,GENETICO,0,TA06,ALM-CENTRAL,3,1000100000007
BASE,OPERACION_DIARIA-NORMAL-N01,GENETICO,0,TA07,ALM-CENTRAL,1,1000100000022
BASE,OPERACION_DIARIA-NORMAL-N01,GENETICO,0,TA07,ALM-CENTRAL,2,1000100000011
BASE,OPERACION_DIARIA-NORMAL-N01,GENETICO,0,TA07,ALM-CENTRAL,3,1000100000008
BASE,OPERACION_DIARIA-NORMAL-N01,GENETICO,0,TA08,ALM-CENTRAL,1,1000100000019
BASE,OPERACION_DIARIA-NORMAL-N01,GENETICO,0,TA08,ALM-CENTRAL,2,1000100000014
BASE,OPERACION_DIARIA-NORMAL-N01,GENETICO,0,TA08,ALM-CENTRAL,3,1000100000028
BASE,OPERACION_DIARIA-NORMAL-N01,GENETICO,0,TA09,ALM-CENTRAL,1,1000100000001
BASE,OPERACION_DIARIA-NORMAL-N01,GENETICO,0,TA09,ALM-CENTRAL,2,1000100000017
BASE,OPERACION_DIARIA-NORMAL-N01,GENETICO,0,TA10,ALM-ESTE,1,1000100000021
BASE,OPERACION_DIARIA-NORMAL-N01,GENETICO,0,NO_ASIGNADO,,,1000100000023
BASE,OPERACION_DIARIA-NORMAL-N01,RECOCIDO_SIMULADO,0,TA01,ALM-CENTRAL,1,1000100000011
BASE,OPERACION_DIARIA-NORMAL-N01,RECOCIDO_SIMULADO,0,TA01,ALM-CENTRAL,2,1000100000000
BASE,OPERACION_DIARIA-NORMAL-N01,RECOCIDO_SIMULADO,0,TA01,ALM-CENTRAL,3,1000100000005
BASE,OPERACION_DIARIA-NORMAL-N01,RECOCIDO_SIMULADO,0,TA01,ALM-CENTRAL,4,1000100000027
BASE,OPERACION_DIARIA-NORMAL-N01,RECOCIDO_SIMULADO,0,TA02,ALM-CENTRAL,1,1000100000021
BASE,OPERACION_DIARIA-NORMAL-N01,RECOCIDO_SIMULADO,0,TA02,ALM-CENTRAL,2,1000100000015
BASE,OPERACION_DIARIA-NORMAL-N01,RECOCIDO_SIMULADO,0,TA02,ALM-CENTRAL,3,1000100000002
BASE,OPERACION_DIARIA-NORMAL-N01,RECOCIDO_SIMULADO,0,TA02,ALM-CENTRAL,4,1000100000028
BASE,OPERACION_DIARIA-NORMAL-N01,RECOCIDO_SIMULADO,0,TA03,ALM-CENTRAL,1,1000100000020
BASE,OPERACION_DIARIA-NORMAL-N01,RECOCIDO_SIMULADO,0,TA03,ALM-CENTRAL,2,1000100000013
BASE,OPERACION_DIARIA-NORMAL-N01,RECOCIDO_SIMULADO,0,TA03,ALM-CENTRAL,3,1000100000007
BASE,OPERACION_DIARIA-NORMAL-N01,RECOCIDO_SIMULADO,0,TA03,ALM-CENTRAL,4,1000100000016
BASE,OPERACION_DIARIA-NORMAL-N01,RECOCIDO_SIMULADO,0,TA04,ALM-CENTRAL,1,1000100000010
BASE,OPERACION_DIARIA-NORMAL-N01,RECOCIDO_SIMULADO,0,TA04,ALM-CENTRAL,2,1000100000024
BASE,OPERACION_DIARIA-NORMAL-N01,RECOCIDO_SIMULADO,0,TA04,ALM-CENTRAL,3,1000100000009
BASE,OPERACION_DIARIA-NORMAL-N01,RECOCIDO_SIMULADO,0,TA05,ALM-CENTRAL,1,1000100000022
BASE,OPERACION_DIARIA-NORMAL-N01,RECOCIDO_SIMULADO,0,TA05,ALM-CENTRAL,2,1000100000017
BASE,OPERACION_DIARIA-NORMAL-N01,RECOCIDO_SIMULADO,0,TA05,ALM-CENTRAL,3,1000100000026
BASE,OPERACION_DIARIA-NORMAL-N01,RECOCIDO_SIMULADO,0,TA06,ALM-CENTRAL,1,1000100000004
BASE,OPERACION_DIARIA-NORMAL-N01,RECOCIDO_SIMULADO,0,TA06,ALM-CENTRAL,2,1000100000003
BASE,OPERACION_DIARIA-NORMAL-N01,RECOCIDO_SIMULADO,0,TA06,ALM-CENTRAL,3,1000100000018
BASE,OPERACION_DIARIA-NORMAL-N01,RECOCIDO_SIMULADO,0,TA07,ALM-CENTRAL,1,1000100000006
BASE,OPERACION_DIARIA-NORMAL-N01,RECOCIDO_SIMULADO,0,TA07,ALM-CENTRAL,2,1000100000008
BASE,OPERACION_DIARIA-NORMAL-N01,RECOCIDO_SIMULADO,0,TA07,ALM-CENTRAL,3,1000100000025
BASE,OPERACION_DIARIA-NORMAL-N01,RECOCIDO_SIMULADO,0,TA08,ALM-CENTRAL,1,1000100000014
BASE,OPERACION_DIARIA-NORMAL-N01,RECOCIDO_SIMULADO,0,TA09,ALM-CENTRAL,1,1000100000019
BASE,OPERACION_DIARIA-NORMAL-N01,RECOCIDO_SIMULADO,0,TA09,ALM-CENTRAL,2,1000100000012
BASE,OPERACION_DIARIA-NORMAL-N01,RECOCIDO_SIMULADO,0,TA10,ALM-CENTRAL,1,1000100000001
BASE,OPERACION_DIARIA-NORMAL-N01,RECOCIDO_SIMULADO,0,NO_ASIGNADO,,,1000100000023
BASE,OPERACION_DIARIA-NORMAL-N01,RECOCIDO_SIMULADO,1,TA01,ALM-CENTRAL,1,1000100000011
BASE,OPERACION_DIARIA-NORMAL-N01,RECOCIDO_SIMULADO,1,TA01,ALM-CENTRAL,2,1000100000000
BASE,OPERACION_DIARIA-NORMAL-N01,RECOCIDO_SIMULADO,1,TA01,ALM-CENTRAL,3,1000100000005
BASE,OPERACION_DIARIA-NORMAL-N01,RECOCIDO_SIMULADO,1,TA01,ALM-CENTRAL,4,1000100000027
BASE,OPERACION_DIARIA-NORMAL-N01,RECOCIDO_SIMULADO,1,TA02,ALM-CENTRAL,1,1000100000021
BASE,OPERACION_DIARIA-NORMAL-N01,RECOCIDO_SIMULADO,1,TA02,ALM-CENTRAL,2,1000100000015
BASE,OPERACION_DIARIA-NORMAL-N01,RECOCIDO_SIMULADO,1,TA02,ALM-CENTRAL,3,1000100000002
BASE,OPERACION_DIARIA-NORMAL-N01,RECOCIDO_SIMULADO,1,TA02,ALM-CENTRAL,4,1000100000028
BASE,OPERACION_DIARIA-NORMAL-N01,RECOCIDO_SIMULADO,1,TA03,ALM-CENTRAL,1,1000100000020
BASE,OPERACION_DIARIA-NORMAL-N01,RECOCIDO_SIMULADO,1,TA03,ALM-CENTRAL,2,1000100000013
BASE,OPERACION_DIARIA-NORMAL-N01,RECOCIDO_SIMULADO,1,TA03,ALM-CENTRAL,3,1000100000007
BASE,OPERACION_DIARIA-NORMAL-N01,RECOCIDO_SIMULADO,1,TA03,ALM-CENTRAL,4,1000100000016
BASE,OPERACION_DIARIA-NORMAL-N01,RECOCIDO_SIMULADO,1,TA04,ALM-CENTRAL,1,1000100000010
BASE,OPERACION_DIARIA-NORMAL-N01,RECOCIDO_SIMULADO,1,TA04,ALM-CENTRAL,2,1000100000024
BASE,OPERACION_DIARIA-NORMAL-N01,RECOCIDO_SIMULADO,1,TA04,ALM-CENTRAL,3,1000100000009
BASE,OPERACION_DIARIA-NORMAL-N01,RECOCIDO_SIMULADO,1,TA05,ALM-CENTRAL,1,1000100000022
BASE,OPERACION_DIARIA-NORMAL-N01,RECOCIDO_SIMULADO,1,TA05,ALM-CENTRAL,2,1000100000017
BASE,OPERACION_DIARIA-NORMAL-N01,RECOCIDO_SIMULADO,1,TA05,ALM-CENTRAL,3,1000100000026
BASE,OPERACION_DIARIA-NORMAL-N01,RECOCIDO_SIMULADO,1,TA06,ALM-CENTRAL,1,1000100000004
BASE,OPERACION_DIARIA-NORMAL-N01,RECOCIDO_SIMULADO,1,TA06,ALM-CENTRAL,2,1000100000003
BASE,OPERACION_DIARIA-NORMAL-N01,RECOCIDO_SIMULADO,1,TA06,ALM-CENTRAL,3,1000100000018
BASE,OPERACION_DIARIA-NORMAL-N01,RECOCIDO_SIMULADO,1,TA07,ALM-CENTRAL,1,1000100000006
BASE,OPERACION_DIARIA-NORMAL-N01,RECOCIDO_SIMULADO,1,TA07,ALM-CENTRAL,2,1000100000008
BASE,OPERACION_DIARIA-NORMAL-N01,RECOCIDO_SIMULADO,1,TA07,ALM-CENTRAL,3,1000100000025
BASE,OPERACION_DIARIA-NORMAL-N01,RECOCIDO_SIMULADO,1,TA08,ALM-CENTRAL,1,1000100000014
BASE,OPERACION_DIARIA-NORMAL-N01,RECOCIDO_SIMULADO,1,TA09,ALM-CENTRAL,1,1000100000019
BASE,OPERACION_DIARIA-NORMAL-N01,RECOCIDO_SIMULADO,1,TA09,ALM-CENTRAL,2,1000100000012
BASE,OPERACION_DIARIA-NORMAL-N01,RECOCIDO_SIMULADO,1,TA10,ALM-CENTRAL,1,1000100000001
BASE,OPERACION_DIARIA-NORMAL-N01,RECOCIDO_SIMULADO,1,NO_ASIGNADO,,,1000100000023
BASE,OPERACION_DIARIA-NORMAL-N01,GENETICO,1,TA01,ALM-CENTRAL,1,1000100000019
BASE,OPERACION_DIARIA-NORMAL-N01,GENETICO,1,TA01,ALM-CENTRAL,2,1000100000005
BASE,OPERACION_DIARIA-NORMAL-N01,GENETICO,1,TA01,ALM-CENTRAL,3,1000100000028
BASE,OPERACION_DIARIA-NORMAL-N01,GENETICO,1,TA02,ALM-CENTRAL,1,1000100000017
BASE,OPERACION_DIARIA-NORMAL-N01,GENETICO,1,TA02,ALM-CENTRAL,2,1000100000024
BASE,OPERACION_DIARIA-NORMAL-N01,GENETICO,1,TA02,ALM-CENTRAL,3,1000100000002
BASE,OPERACION_DIARIA-NORMAL-N01,GENETICO,1,TA02,ALM-CENTRAL,4,1000100000027
BASE,OPERACION_DIARIA-NORMAL-N01,GENETICO,1,TA03,ALM-CENTRAL,1,1000100000020
BASE,OPERACION_DIARIA-NORMAL-N01,GENETICO,1,TA03,ALM-CENTRAL,2,1000100000013
BASE,OPERACION_DIARIA-NORMAL-N01,GENETICO,1,TA03,ALM-CENTRAL,3,1000100000007
BASE,OPERACION_DIARIA-NORMAL-N01,GENETICO,1,TA03,ALM-CENTRAL,4,1000100000016
BASE,OPERACION_DIARIA-NORMAL-N01,GENETICO,1,TA04,ALM-CENTRAL,1,1000100000015
BASE,OPERACION_DIARIA-NORMAL-N01,GENETICO,1,TA04,ALM-CENTRAL,2,1000100000026
BASE,OPERACION_DIARIA-NORMAL-N01,GENETICO,1,TA04,ALM-CENTRAL,3,1000100000009
BASE,OPERACION_DIARIA-NORMAL-N01,GENETICO,1,TA04,ALM-CENTRAL,4,1000100000025
BASE,OPERACION_DIARIA-NORMAL-N01,GENETICO,1,TA05,ALM-CENTRAL,1,1000100000022
BASE,OPERACION_DIARIA-NORMAL-N01,GENETICO,1,TA05,ALM-CENTRAL,2,1000100000006
BASE,OPERACION_DIARIA-NORMAL-N01,GENETICO,1,TA05,ALM-CENTRAL,3,1000100000014
BASE,OPERACION_DIARIA-NORMAL-N01,GENETICO,1,TA06,ALM-CENTRAL,1,1000100000003
BASE,OPERACION_DIARIA-NORMAL-N01,GENETICO,1,TA06,ALM-CENTRAL,2,1000100000018
BASE,OPERACION_DIARIA-NORMAL-N01,GENETICO,1,TA07,ALM-CENTRAL,1,1000100000008
BASE,OPERACION_DIARIA-NORMAL-N01,GENETICO,1,TA07,ALM-CENTRAL,2,1000100000004
BASE,OPERACION_DIARIA-NORMAL-N01,GENETICO,1,TA08,ALM-CENTRAL,1,1000100000001
BASE,OPERACION_DIARIA-NORMAL-N01,GENETICO,1,TA08,ALM-CENTRAL,2,1000100000011
BASE,OPERACION_DIARIA-NORMAL-N01,GENETICO,1,TA08,ALM-CENTRAL,3,1000100000000
BASE,OPERACION_DIARIA-NORMAL-N01,GENETICO,1,TA09,ALM-CENTRAL,1,1000100000010
BASE,OPERACION_DIARIA-NORMAL-N01,GENETICO,1,TA10,ALM-ESTE,1,1000100000021
BASE,OPERACION_DIARIA-NORMAL-N01,GENETICO,1,TM02,ALM-CENTRAL,1,1000100000012
BASE,OPERACION_DIARIA-NORMAL-N01,GENETICO,1,NO_ASIGNADO,,,1000100000023
BASE,OPERACION_DIARIA-ALTA-N01,GENETICO,0,TA01,ALM-CENTRAL,1,1010100000001
BASE,OPERACION_DIARIA-ALTA-N01,GENETICO,0,TA01,ALM-CENTRAL,2,1010100000003
BASE,OPERACION_DIARIA-ALTA-N01,GENETICO,0,TA01,ALM-CENTRAL,3,1010100000013
BASE,OPERACION_DIARIA-ALTA-N01,GENETICO,0,TA02,ALM-CENTRAL,1,1010100000009
BASE,OPERACION_DIARIA-ALTA-N01,GENETICO,0,TA02,ALM-CENTRAL,2,1010100000022
BASE,OPERACION_DIARIA-ALTA-N01,GENETICO,0,TA02,ALM-CENTRAL,3,1010100000026
BASE,OPERACION_DIARIA-ALTA-N01,GENETICO,0,TA02,ALM-CENTRAL,4,1010100000017
BASE,OPERACION_DIARIA-ALTA-N01,GENETICO,0,TA02,ALM-CENTRAL,5,1010100000006
BASE,OPERACION_DIARIA-ALTA-N01,GENETICO,0,TA03,ALM-CENTRAL,1,1010100000010
BASE,OPERACION_DIARIA-ALTA-N01,GENETICO,0,TA03,ALM-CENTRAL,2,1010100000000
BASE,OPERACION_DIARIA-ALTA-N01,GENETICO,0,TA03,ALM-CENTRAL,3,1010100000016
BASE,OPERACION_DIARIA-ALTA-N01,GENETICO,0,TA04,ALM-CENTRAL,1,1010100000012
BASE,OPERACION_DIARIA-ALTA-N01,GENETICO,0,TA04,ALM-CENTRAL,2,1010100000021
BASE,OPERACION_DIARIA-ALTA-N01,GENETICO,0,TA04,ALM-CENTRAL,3,1010100000018
BASE,OPERACION_DIARIA-ALTA-N01,GENETICO,0,TA04,ALM-CENTRAL,4,1010100000015
BASE,OPERACION_DIARIA-ALTA-N01,GENETICO,0,TA05,ALM-CENTRAL,1,1010100000024
BASE,OPERACION_DIARIA-ALTA-N01,GENETICO,0,TA05,ALM-CENTRAL,2,1010100000023
BASE,OPERACION_DIARIA-ALTA-N01,GENETICO,0,TA05,ALM-CENTRAL,3,1010100000004
BASE,OPERACION_DIARIA-ALTA-N01,GENETICO,0,TA05,ALM-CENTRAL,4,1010100000029
BASE,OPERACION_DIARIA-ALTA-N01,GENETICO,0,TA06,ALM-CENTRAL,1,1010100000025
BASE,OPERACION_DIARIA-ALTA-N01,GENETICO,0,TA06,ALM-CENTRAL,2,1010100000030
BASE,OPERACION_DIARIA-ALTA-N01,GENETICO,0,TA06,ALM-CENTRAL,3,1010100000028
BASE,OPERACION_DIARIA-ALTA-N01,GENETICO,0,TA06,ALM-CENTRAL,4,1010100000008
BASE,OPERACION_DIARIA-ALTA-N01,GENETICO,0,TA07,ALM-CENTRAL,1,1010100000027
BASE,OPERACION_DIARIA-ALTA-N01,GENETICO,0,TA07,ALM-CENTRAL,2,1010100000014
BASE,OPERACION_DIARIA-ALTA-N01,GENETICO,0,TA07,ALM-CENTRAL,3,1010100000033
BASE,OPERACION_DIARIA-ALTA-N01,GENETICO,0,TA08,ALM-CENTRAL,1,1010100000020
BASE,OPERACION_DIARIA-ALTA-N01,GENETICO,0,TA08,ALM-CENTRAL,2,1010100000032
BASE,OPERACION_DIARIA-ALTA-N01,GENETICO,0,TA09,ALM-CENTRAL,1,1010100000019
BASE,OPERACION_DIARIA-ALTA-N01,GENETICO,0,TA10,ALM-ESTE,1,1010100000011
BASE,OPERACION_DIARIA-ALTA-N01,GENETICO,0,TB01,ALM-CENTRAL,1,1010100000005
BASE,OPERACION_DIARIA-ALTA-N01,GENETICO,0,TM01,ALM-CENTRAL,1,1010100000002
BASE,OPERACION_DIARIA-ALTA-N01,GENETICO,0,NO_ASIGNADO,,,1010100000031
BASE,OPERACION_DIARIA-ALTA-N01,GENETICO,0,NO_ASIGNADO,,,1010100000007
BASE,OPERACION_DIARIA-ALTA-N01,RECOCIDO_SIMULADO,0,TA01,ALM-CENTRAL,1,1010100000001
BASE,OPERACION_DIARIA-ALTA-N01,RECOCIDO_SIMULADO,0,TA01,ALM-CENTRAL,2,1010100000003
BASE,OPERACION_DIARIA-ALTA-N01,RECOCIDO_SIMULADO,0,TA01,ALM-CENTRAL,3,1010100000013
BASE,OPERACION_DIARIA-ALTA-N01,RECOCIDO_SIMULADO,0,TA02,ALM-CENTRAL,1,1010100000011
BASE,OPERACION_DIARIA-ALTA-N01,RECOCIDO_SIMULADO,0,TA02,ALM-CENTRAL,2,1010100000005
BASE,OPERACION_DIARIA-ALTA-N01,RECOCIDO_SIMULADO,0,TA02,ALM-CENTRAL,3,1010100000014
BASE,OPERACION_DIARIA-ALTA-N01,RECOCIDO_SIMULADO,0,TA02,ALM-CENTRAL,4,1010100000017
BASE,OPERACION_DIARIA-ALTA-N01,RECOCIDO_SIMULADO,0,TA02,ALM-CENTRAL,5,1010100000006
BASE,OPERACION_DIARIA-ALTA-N01,RECOCIDO_SIMULADO,0,TA03,ALM-CENTRAL,1,1010100000010
BASE,OPERACION_DIARIA-ALTA-N01,RECOCIDO_SIMULADO,0,TA03,ALM-CENTRAL,2,1010100000000
BASE,OPERACION_DIARIA-ALTA-N01,RECOCIDO_SIMULADO,0,TA03,ALM-CENTRAL,3,1010100000016
BASE,OPERACION_DIARIA-ALTA-N01,RECOCIDO_SIMULADO,0,TA04,ALM-CENTRAL,1,1010100000012
BASE,OPERACION_DIARIA-ALTA-N01,RECOCIDO_SIMULADO,0,TA04,ALM-CENTRAL,2,1010100000021
BASE,OPERACION_DIARIA-ALTA-N01,RECOCIDO_SIMULADO,0,TA04,ALM-CENTRAL,3,1010100000018
BASE,OPERACION_DIARIA-ALTA-N01,RECOCIDO_SIMULADO,0,TA04,ALM-CENTRAL,4,1010100000015
BASE,OPERACION_DIARIA-ALTA-N01,RECOCIDO_SIMULADO,0,TA05,ALM-CENTRAL,1,1010100000024
BASE,OPERACION_DIARIA-ALTA-N01,RECOCIDO_SIMULADO,0,TA05,ALM-CENTRAL,2,1010100000023
BASE,OPERACION_DIARIA-ALTA-N01,RECOCIDO_SIMULADO,0,TA05,ALM-CENTRAL,3,1010100000004
BASE,OPERACION_DIARIA-ALTA-N01,RECOCIDO_SIMULADO,0,TA05,ALM-CENTRAL,4,1010100000029
BASE,OPERACION_DIARIA-ALTA-N01,RECOCIDO_SIMULADO,0,TA06,ALM-CENTRAL,1,1010100000025
BASE,OPERACION_DIARIA-ALTA-N01,RECOCIDO_SIMULADO,0,TA06,ALM-CENTRAL,2,1010100000030
BASE,OPERACION_DIARIA-ALTA-N01,RECOCIDO_SIMULADO,0,TA06,ALM-CENTRAL,3,1010100000028
BASE,OPERACION_DIARIA-ALTA-N01,RECOCIDO_SIMULADO,0,TA06,ALM-CENTRAL,4,1010100000008
BASE,OPERACION_DIARIA-ALTA-N01,RECOCIDO_SIMULADO,0,TA07,ALM-CENTRAL,1,1010100000009
BASE,OPERACION_DIARIA-ALTA-N01,RECOCIDO_SIMULADO,0,TA07,ALM-CENTRAL,2,1010100000027
BASE,OPERACION_DIARIA-ALTA-N01,RECOCIDO_SIMULADO,0,TA07,ALM-CENTRAL,3,1010100000033
BASE,OPERACION_DIARIA-ALTA-N01,RECOCIDO_SIMULADO,0,TA08,ALM-CENTRAL,1,1010100000020
BASE,OPERACION_DIARIA-ALTA-N01,RECOCIDO_SIMULADO,0,TA08,ALM-CENTRAL,2,1010100000002
BASE,OPERACION_DIARIA-ALTA-N01,RECOCIDO_SIMULADO,0,TA08,ALM-CENTRAL,3,1010100000026
BASE,OPERACION_DIARIA-ALTA-N01,RECOCIDO_SIMULADO,0,TA09,ALM-CENTRAL,1,1010100000022
BASE,OPERACION_DIARIA-ALTA-N01,RECOCIDO_SIMULADO,0,TA09,ALM-CENTRAL,2,1010100000019
BASE,OPERACION_DIARIA-ALTA-N01,RECOCIDO_SIMULADO,0,TA10,ALM-CENTRAL,1,1010100000032
BASE,OPERACION_DIARIA-ALTA-N01,RECOCIDO_SIMULADO,0,NO_ASIGNADO,,,1010100000031
BASE,OPERACION_DIARIA-ALTA-N01,RECOCIDO_SIMULADO,0,NO_ASIGNADO,,,1010100000007
BASE,OPERACION_DIARIA-ALTA-N01,RECOCIDO_SIMULADO,1,TA01,ALM-CENTRAL,1,1010100000001
BASE,OPERACION_DIARIA-ALTA-N01,RECOCIDO_SIMULADO,1,TA01,ALM-CENTRAL,2,1010100000003
BASE,OPERACION_DIARIA-ALTA-N01,RECOCIDO_SIMULADO,1,TA01,ALM-CENTRAL,3,1010100000013
BASE,OPERACION_DIARIA-ALTA-N01,RECOCIDO_SIMULADO,1,TA02,ALM-CENTRAL,1,1010100000011
BASE,OPERACION_DIARIA-ALTA-N01,RECOCIDO_SIMULADO,1,TA02,ALM-CENTRAL,2,1010100000005
BASE,OPERACION_DIARIA-ALTA-N01,RECOCIDO_SIMULADO,1,TA02,ALM-CENTRAL,3,1010100000014
BASE,OPERACION_DIARIA-ALTA-N01,RECOCIDO_SIMULADO,1,TA02,ALM-CENTRAL,4,1010100000017
BASE,OPERACION_DIARIA-ALTA-N01,RECOCIDO_SIMULADO,1,TA02,ALM-CENTRAL,5,1010100000006
BASE,OPERACION_DIARIA-ALTA-N01,RECOCIDO_SIMULADO,1,TA03,ALM-CENTRAL,1,1010100000010
BASE,OPERACION_DIARIA-ALTA-N01,RECOCIDO_SIMULADO,1,TA03,ALM-CENTRAL,2,1010100000000
BASE,OPERACION_DIARIA-ALTA-N01,RECOCIDO_SIMULADO,1,TA03,ALM-CENTRAL,3,1010100000016
BASE,OPERACION_DIARIA-ALTA-N01,RECOCIDO_SIMULADO,1,TA04,ALM-CENTRAL,1,1010100000012
BASE,OPERACION_DIARIA-ALTA-N01,RECOCIDO_SIMULADO,1,TA04,ALM-CENTRAL,2,1010100000021
BASE,OPERACION_DIARIA-ALTA-N01,RECOCIDO_SIMULADO,1,TA04,ALM-CENTRAL,3,1010100000018
BASE,OPERACION_DIARIA-ALTA-N01,RECOCIDO_SIMULADO,1,TA04,ALM-CENTRAL,4,1010100000015
BASE,OPERACION_DIARIA-ALTA-N01,RECOCIDO_SIMULADO,1,TA05,ALM-CENTRAL,1,1010100000024
BASE,OPERACION_DIARIA-ALTA-N01,RECOCIDO_SIMULADO,1,TA05,ALM-CENTRAL,2,1010100000023
BASE,OPERACION_DIARIA-ALTA-N01,RECOCIDO_SIMULADO,1,TA05,ALM-CENTRAL,3,1010100000004
BASE,OPERACION_DIARIA-ALTA-N01,RECOCIDO_SIMULADO,1,TA05,ALM-CENTRAL,4,1010100000029
BASE,OPERACION_DIARIA-ALTA-N01,RECOCIDO_SIMULADO,1,TA06,ALM-CENTRAL,1,1010100000025
BASE,OPERACION_DIARIA-ALTA-N01,RECOCIDO_SIMULADO,1,TA06,ALM-CENTRAL,2,1010100000030
BASE,OPERACION_DIARIA-ALTA-N01,RECOCIDO_SIMULADO,1,TA06,ALM-CENTRAL,3,1010100000028
BASE,OPERACION_DIARIA-ALTA-N01,RECOCIDO_SIMULADO,1,TA06,ALM-CENTRAL,4,1010100000008
BASE,OPERACION_DIARIA-ALTA-N01,RECOCIDO_SIMULADO,1,TA07,ALM-CENTRAL,1,1010100000009
BASE,OPERACION_DIARIA-ALTA-N01,RECOCIDO_SIMULADO,1,TA07,ALM-CENTRAL,2,1010100000027
BASE,OPERACION_DIARIA-ALTA-N01,RECOCIDO_SIMULADO,1,TA07,ALM-CENTRAL,3,1010100000033
BASE,OPERACION_DIARIA-ALTA-N01,RECOCIDO_SIMULADO,1,TA08,ALM-CENTRAL,1,1010100000020
BASE,OPERACION_DIARIA-ALTA-N01,RECOCIDO_SIMULADO,1,TA08,ALM-CENTRAL,2,1010100000002
BASE,OPERACION_DIARIA-ALTA-N01,RECOCIDO_SIMULADO,1,TA08,ALM-CENTRAL,3,1010100000026
BASE,OPERACION_DIARIA-ALTA-N01,RECOCIDO_SIMULADO,1,TA09,ALM-CENTRAL,1,1010100000022
BASE,OPERACION_DIARIA-ALTA-N01,RECOCIDO_SIMULADO,1,TA09,ALM-CENTRAL,2,1010100000019
BASE,OPERACION_DIARIA-ALTA-N01,RECOCIDO_SIMULADO,1,TA10,ALM-CENTRAL,1,1010100000032
BASE,OPERACION_DIARIA-ALTA-N01,RECOCIDO_SIMULADO,1,NO_ASIGNADO,,,1010100000031
BASE,OPERACION_DIARIA-ALTA-N01,RECOCIDO_SIMULADO,1,NO_ASIGNADO,,,1010100000007
BASE,OPERACION_DIARIA-ALTA-N01,GENETICO,1,TA01,ALM-CENTRAL,1,1010100000001
BASE,OPERACION_DIARIA-ALTA-N01,GENETICO,1,TA01,ALM-CENTRAL,2,1010100000003
BASE,OPERACION_DIARIA-ALTA-N01,GENETICO,1,TA01,ALM-CENTRAL,3,1010100000019
BASE,OPERACION_DIARIA-ALTA-N01,GENETICO,1,TA02,ALM-CENTRAL,1,1010100000028
BASE,OPERACION_DIARIA-ALTA-N01,GENETICO,1,TA02,ALM-CENTRAL,2,1010100000017
BASE,OPERACION_DIARIA-ALTA-N01,GENETICO,1,TA02,ALM-CENTRAL,3,1010100000006
BASE,OPERACION_DIARIA-ALTA-N01,GENETICO,1,TA03,ALM-CENTRAL,1,1010100000010
BASE,OPERACION_DIARIA-ALTA-N01,GENETICO,1,TA03,ALM-CENTRAL,2,1010100000000
BASE,OPERACION_DIARIA-ALTA-N01,GENETICO,1,TA03,ALM-CENTRAL,3,1010100000016
BASE,OPERACION_DIARIA-ALTA-N01,GENETICO,1,TA04,ALM-CENTRAL,1,1010100000012
BASE,OPERACION_DIARIA-ALTA-N01,GENETICO,1,TA04,ALM-CENTRAL,2,1010100000021
BASE,OPERACION_DIARIA-ALTA-N01,GENETICO,1,TA04,ALM-CENTRAL,3,1010100000018
BASE,OPERACION_DIARIA-ALTA-N01,GENETICO,1,TA04,ALM-CENTRAL,4,1010100000015
BASE,OPERACION_DIARIA-ALTA-N01,GENETICO,1,TA05,ALM-CENTRAL,1,1010100000014
BASE,OPERACION_DIARIA-ALTA-N01,GENETICO,1,TA05,ALM-CENTRAL,2,1010100000026
BASE,OPERACION_DIARIA-ALTA-N01,GENETICO,1,TA05,ALM-CENTRAL,3,1010100000029
BASE,OPERACION_DIARIA-ALTA-N01,GENETICO,1,TA06,ALM-CENTRAL,1,1010100000024
BASE,OPERACION_DIARIA-ALTA-N01,GENETICO,1,TA06,ALM-CENTRAL,2,1010100000004
BASE,OPERACION_DIARIA-ALTA-N01,GENETICO,1,TA06,ALM-CENTRAL,3,1010100000033
BASE,OPERACION_DIARIA-ALTA-N01,GENETICO,1,TA06,ALM-CENTRAL,4,1010100000013
BASE,OPERACION_DIARIA-ALTA-N01,GENETICO,1,TA06,ALM-CENTRAL,5,1010100000008
BASE,OPERACION_DIARIA-ALTA-N01,GENETICO,1,TA07,ALM-CENTRAL,1,1010100000009
BASE,OPERACION_DIARIA-ALTA-N01,GENETICO,1,TA07,ALM-CENTRAL,2,1010100000023
BASE,OPERACION_DIARIA-ALTA-N01,GENETICO,1,TA08,ALM-CENTRAL,1,1010100000022
BASE,OPERACION_DIARIA-ALTA-N01,GENETICO,1,TA09,ALM-ESTE,1,1010100000011
BASE,OPERACION_DIARIA-ALTA-N01,GENETICO,1,TA10,ALM-CENTRAL,1,1010100000020
BASE,OPERACION_DIARIA-ALTA-N01,GENETICO,1,TA10,ALM-CENTRAL,2,1010100000027
BASE,OPERACION_DIARIA-ALTA-N01,GENETICO,1,TA10,ALM-CENTRAL,3,1010100000032
BASE,OPERACION_DIARIA-ALTA-N01,GENETICO,1,TB01,ALM-CENTRAL,1,1010100000030
BASE,OPERACION_DIARIA-ALTA-N01,GENETICO,1,TB03,ALM-CENTRAL,1,1010100000005
BASE,OPERACION_DIARIA-ALTA-N01,GENETICO,1,TM01,ALM-CENTRAL,1,1010100000002
BASE,OPERACION_DIARIA-ALTA-N01,GENETICO,1,TM02,ALM-NOROESTE,1,1010100000025
BASE,OPERACION_DIARIA-ALTA-N01,GENETICO,1,NO_ASIGNADO,,,1010100000031
BASE,OPERACION_DIARIA-ALTA-N01,GENETICO,1,NO_ASIGNADO,,,1010100000007
BASE,OPERACION_DIARIA-CRITICA-N01,GENETICO,0,TA01,ALM-CENTRAL,1,1020100000023
BASE,OPERACION_DIARIA-CRITICA-N01,GENETICO,0,TA01,ALM-CENTRAL,2,1020100000030
BASE,OPERACION_DIARIA-CRITICA-N01,GENETICO,0,TA01,ALM-CENTRAL,3,1020100000035
BASE,OPERACION_DIARIA-CRITICA-N01,GENETICO,0,TA01,ALM-CENTRAL,4,1020100000001
BASE,OPERACION_DIARIA-CRITICA-N01,GENETICO,0,TA01,ALM-CENTRAL,5,1020100000027
BASE,OPERACION_DIARIA-CRITICA-N01,GENETICO,0,TA02,ALM-CENTRAL,1,1020100000013
BASE,OPERACION_DIARIA-CRITICA-N01,GENETICO,0,TA02,ALM-CENTRAL,2,1020100000026
BASE,OPERACION_DIARIA-CRITICA-N01,GENETICO,0,TA02,ALM-CENTRAL,3,1020100000028
BASE,OPERACION_DIARIA-CRITICA-N01,GENETICO,0,TA03,ALM-CENTRAL,1,1020100000038
BASE,OPERACION_DIARIA-CRITICA-N01,GENETICO,0,TA03,ALM-CENTRAL,2,1020100000004
BASE,OPERACION_DIARIA-CRITICA-N01,GENETICO,0,TA03,ALM-CENTRAL,3,1020100000005
BASE,OPERACION_DIARIA-CRITICA-N01,GENETICO,0,TA03,ALM-CENTRAL,4,1020100000039
BASE,OPERACION_DIARIA-CRITICA-N01,GENETICO,0,TA04,ALM-CENTRAL,1,1020100000031
BASE,OPERACION_DIARIA-CRITICA-N01,GENETICO,0,TA04,ALM-CENTRAL,2,1020100000009
BASE,OPERACION_DIARIA-CRITICA-N01,GENETICO,0,TA04,ALM-CENTRAL,3,1020100000006
BASE,OPERACION_DIARIA-CRITICA-N01,GENETICO,0,TA04,ALM-CENTRAL,4,1020100000003
BASE,OPERACION_DIARIA-CRITICA-N01,GENETICO,0,TA05,ALM-CENTRAL,1,1020100000032
BASE,OPERACION_DIARIA-CRITICA-N01,GENETICO,0,TA05,ALM-CENTRAL,2,1020100000011
BASE,OPERACION_DIARIA-CRITICA-N01,GENETICO,0,TA05,ALM-CENTRAL,3,1020100000017
BASE,OPERACION_DIARIA-CRITICA-N01,GENETICO,0,TA06,ALM-CENTRAL,1,1020100000029
BASE,OPERACION_DIARIA-CRITICA-N01,GENETICO,0,TA06,ALM-CENTRAL,2,1020100000034
BASE,OPERACION_DIARIA-CRITICA-N01,GENETICO,0,TA06,ALM-CENTRAL,3,1020100000007
BASE,OPERACION_DIARIA-CRITICA-N01,GENETICO,0,TA07,ALM-CENTRAL,1,1020100000012
BASE,OPERACION_DIARIA-CRITICA-N01,GENETICO,0,TA07,ALM-CENTRAL,2,1020100000015
BASE,OPERACION_DIARIA-CRITICA-N01,GENETICO,0,TA07,ALM-CENTRAL,3,1020100000010
BASE,OPERACION_DIARIA-CRITICA-N01,GENETICO,0,TA07,ALM-CENTRAL,4,1020100000014
BASE,OPERACION_DIARIA-CRITICA-N01,GENETICO,0,TA08,ALM-CENTRAL,1,1020100000000
BASE,OPERACION_DIARIA-CRITICA-N01,GENETICO,0,TA08,ALM-CENTRAL,2,1020100000022
BASE,OPERACION_DIARIA-CRITICA-N01,GENETICO,0,TA08,ALM-CENTRAL,3,1020100000018
BASE,OPERACION_DIARIA-CRITICA-N01,GENETICO,0,TA08,ALM-CENTRAL,4,1020100000002
BASE,OPERACION_DIARIA-CRITICA-N01,GENETICO,0,TA08,ALM-CENTRAL,5,1020100000021
BASE,OPERACION_DIARIA-CRITICA-N01,GENETICO,0,TA09,ALM-CENTRAL,1,1020100000008
BASE,OPERACION_DIARIA-CRITICA-N01,GENETICO,0,TA09,ALM-CENTRAL,2,1020100000024
BASE,OPERACION_DIARIA-CRITICA-N01,GENETICO,0,TA09,ALM-CENTRAL,3,1020100000025
BASE,OPERACION_DIARIA-CRITICA-N01,GENETICO,0,TA10,ALM-CENTRAL,1,1020100000019
BASE,OPERACION_DIARIA-CRITICA-N01,GENETICO,0,TA10,ALM-CENTRAL,2,1020100000036
BASE,OPERACION_DIARIA-CRITICA-N01,GENETICO,0,TA10,ALM-CENTRAL,3,1020100000016
BASE,OPERACION_DIARIA-CRITICA-N01,GENETICO,0,TB01,ALM-NOROESTE,1,1020100000037
BASE,OPERACION_DIARIA-CRITICA-N01,GENETICO,0,TM01,ALM-CENTRAL,1,1020100000020
BASE,OPERACION_DIARIA-CRITICA-N01,GENETICO,0,TM03,ALM-NOROESTE,1,1020100000033
BASE,OPERACION_DIARIA-CRITICA-N01,RECOCIDO_SIMULADO,0,TA01,ALM-CENTRAL,1,1020100000038
BASE,OPERACION_DIARIA-CRITICA-N01,RECOCIDO_SIMULADO,0,TA01,ALM-CENTRAL,2,1020100000018
BASE,OPERACION_DIARIA-CRITICA-N01,RECOCIDO_SIMULADO,0,TA01,ALM-CENTRAL,3,1020100000024
BASE,OPERACION_DIARIA-CRITICA-N01,RECOCIDO_SIMULADO,0,TA01,ALM-CENTRAL,4,1020100000017
BASE,OPERACION_DIARIA-CRITICA-N01,RECOCIDO_SIMULADO,0,TA03,ALM-CENTRAL,1,1020100000034
BASE,OPERACION_DIARIA-CRITICA-N01,RECOCIDO_SIMULADO,0,TA03,ALM-CENTRAL,2,1020100000016
BASE,OPERACION_DIARIA-CRITICA-N01,RECOCIDO_SIMULADO,0,TA03,ALM-CENTRAL,3,1020100000001
BASE,OPERACION_DIARIA-CRITICA-N01,RECOCIDO_SIMULADO,0,TA04,ALM-CENTRAL,1,1020100000015
BASE,OPERACION_DIARIA-CRITICA-N01,RECOCIDO_SIMULADO,0,TA05,ALM-CENTRAL,1,1020100000029
BASE,OPERACION_DIARIA-CRITICA-N01,RECOCIDO_SIMULADO,0,TA05,ALM-CENTRAL,2,1020100000004
BASE,OPERACION_DIARIA-CRITICA-N01,RECOCIDO_SIMULADO,0,TA06,ALM-CENTRAL,1,1020100000032
BASE,OPERACION_DIARIA-CRITICA-N01,RECOCIDO_SIMULADO,0,TA06,ALM-CENTRAL,2,1020100000035
BASE,OPERACION_DIARIA-CRITICA-N01,RECOCIDO_SIMULADO,0,TA07,ALM-CENTRAL,1,1020100000011
BASE,OPERACION_DIARIA-CRITICA-N01,RECOCIDO_SIMULADO,0,TA08,ALM-CENTRAL,1,1020100000000
BASE,OPERACION_DIARIA-CRITICA-N01,RECOCIDO_SIMULADO,0,TA08,ALM-CENTRAL,2,1020100000030
BASE,OPERACION_DIARIA-CRITICA-N01,RECOCIDO_SIMULADO,0,TA08,ALM-CENTRAL,3,1020100000007
BASE,OPERACION_DIARIA-CRITICA-N01,RECOCIDO_SIMULADO,0,TA09,ALM-CENTRAL,1,1020100000013
BASE,OPERACION_DIARIA-CRITICA-N01,RECOCIDO_SIMULADO,0,TA09,ALM-CENTRAL,2,1020100000010
BASE,OPERACION_DIARIA-CRITICA-N01,RECOCIDO_SIMULADO,0,TA09,ALM-CENTRAL,3,1020100000005
BASE,OPERACION_DIARIA-CRITICA-N01,RECOCIDO_SIMULADO,0,TA10,ALM-CENTRAL,1,1020100000036
BASE,OPERACION_DIARIA-CRITICA-N01,RECOCIDO_SIMULADO,0,TA10,ALM-CENTRAL,2,1020100000002
BASE,OPERACION_DIARIA-CRITICA-N01,RECOCIDO_SIMULADO,0,TB02,ALM-CENTRAL,1,1020100000028
BASE,OPERACION_DIARIA-CRITICA-N01,RECOCIDO_SIMULADO,0,TB04,ALM-CENTRAL,1,1020100000012
BASE,OPERACION_DIARIA-CRITICA-N01,RECOCIDO_SIMULADO,0,TB05,ALM-CENTRAL,1,1020100000023
BASE,OPERACION_DIARIA-CRITICA-N01,RECOCIDO_SIMULADO,0,TB05,ALM-CENTRAL,2,1020100000026
BASE,OPERACION_DIARIA-CRITICA-N01,RECOCIDO_SIMULADO,0,TB07,ALM-CENTRAL,1,1020100000021
BASE,OPERACION_DIARIA-CRITICA-N01,RECOCIDO_SIMULADO,0,TB09,ALM-CENTRAL,1,1020100000008
BASE,OPERACION_DIARIA-CRITICA-N01,RECOCIDO_SIMULADO,0,TB10,ALM-CENTRAL,1,1020100000022
BASE,OPERACION_DIARIA-CRITICA-N01,RECOCIDO_SIMULADO,0,TB10,ALM-CENTRAL,2,1020100000009
BASE,OPERACION_DIARIA-CRITICA-N01,RECOCIDO_SIMULADO,0,TM01,ALM-CENTRAL,1,1020100000003
BASE,OPERACION_DIARIA-CRITICA-N01,RECOCIDO_SIMULADO,0,TM04,ALM-CENTRAL,1,1020100000006
BASE,OPERACION_DIARIA-CRITICA-N01,RECOCIDO_SIMULADO,0,TM06,ALM-CENTRAL,1,1020100000020
BASE,OPERACION_DIARIA-CRITICA-N01,RECOCIDO_SIMULADO,0,TM08,ALM-CENTRAL,1,1020100000037
BASE,OPERACION_DIARIA-CRITICA-N01,RECOCIDO_SIMULADO,0,TM08,ALM-CENTRAL,2,1020100000025
BASE,OPERACION_DIARIA-CRITICA-N01,RECOCIDO_SIMULADO,0,TM08,ALM-CENTRAL,3,1020100000027
BASE,OPERACION_DIARIA-CRITICA-N01,RECOCIDO_SIMULADO,0,TM10,ALM-CENTRAL,1,1020100000019
BASE,OPERACION_DIARIA-CRITICA-N01,RECOCIDO_SIMULADO,0,TM11,ALM-CENTRAL,1,1020100000014
BASE,OPERACION_DIARIA-CRITICA-N01,RECOCIDO_SIMULADO,0,TM12,ALM-CENTRAL,1,1020100000031
BASE,OPERACION_DIARIA-CRITICA-N01,RECOCIDO_SIMULADO,0,TM14,ALM-CENTRAL,1,1020100000033
BASE,OPERACION_DIARIA-CRITICA-N01,RECOCIDO_SIMULADO,0,TM14,ALM-CENTRAL,2,1020100000039
BASE,OPERACION_DIARIA-CRITICA-N01,RECOCIDO_SIMULADO,1,TA02,ALM-CENTRAL,1,1020100000013
BASE,OPERACION_DIARIA-CRITICA-N01,RECOCIDO_SIMULADO,1,TA02,ALM-CENTRAL,2,1020100000011
BASE,OPERACION_DIARIA-CRITICA-N01,RECOCIDO_SIMULADO,1,TA03,ALM-CENTRAL,1,1020100000015
BASE,OPERACION_DIARIA-CRITICA-N01,RECOCIDO_SIMULADO,1,TA04,ALM-CENTRAL,1,1020100000000
BASE,OPERACION_DIARIA-CRITICA-N01,RECOCIDO_SIMULADO,1,TA04,ALM-CENTRAL,2,1020100000034
BASE,OPERACION_DIARIA-CRITICA-N01,RECOCIDO_SIMULADO,1,TA04,ALM-CENTRAL,3,1020100000007
BASE,OPERACION_DIARIA-CRITICA-N01,RECOCIDO_SIMULADO,1,TA04,ALM-CENTRAL,4,1020100000026
BASE,OPERACION_DIARIA-CRITICA-N01,RECOCIDO_SIMULADO,1,TA05,ALM-CENTRAL,1,1020100000036
BASE,OPERACION_DIARIA-CRITICA-N01,RECOCIDO_SIMULADO,1,TA05,ALM-CENTRAL,2,1020100000003
BASE,OPERACION_DIARIA-CRITICA-N01,RECOCIDO_SIMULADO,1,TA06,ALM-CENTRAL,1,1020100000038
BASE,OPERACION_DIARIA-CRITICA-N01,RECOCIDO_SIMULADO,1,TA06,ALM-CENTRAL,2,1020100000002
BASE,OPERACION_DIARIA-CRITICA-N01,RECOCIDO_SIMULADO,1,TA06,ALM-CENTRAL,3,1020100000006
BASE,OPERACION_DIARIA-CRITICA-N01,RECOCIDO_SIMULADO,1,TA07,ALM-CENTRAL,1,1020100000004
BASE,OPERACION_DIARIA-CRITICA-N01,RECOCIDO_SIMULADO,1,TA07,ALM-CENTRAL,2,1020100000039
BASE,OPERACION_DIARIA-CRITICA-N01,RECOCIDO_SIMULADO,1,TA08,ALM-CENTRAL,1,1020100000030
BASE,OPERACION_DIARIA-CRITICA-N01,RECOCIDO_SIMULADO,1,TA08,ALM-CENTRAL,2,1020100000024
BASE,OPERACION_DIARIA-CRITICA-N01,RECOCIDO_SIMULADO,1,TA08,ALM-CENTRAL,3,1020100000025
BASE,OPERACION_DIARIA-CRITICA-N01,RECOCIDO_SIMULADO,1,TA09,ALM-CENTRAL,1,1020100000010
BASE,OPERACION_DIARIA-CRITICA-N01,RECOCIDO_SIMULADO,1,TA10,ALM-CENTRAL,1,1020100000032
BASE,OPERACION_DIARIA-CRITICA-N01,RECOCIDO_SIMULADO,1,TA10,ALM-CENTRAL,2,1020100000029
BASE,OPERACION_DIARIA-CRITICA-N01,RECOCIDO_SIMULADO,1,TA10,ALM-CENTRAL,3,1020100000017
BASE,OPERACION_DIARIA-CRITICA-N01,RECOCIDO_SIMULADO,1,TB04,ALM-CENTRAL,1,1020100000005
BASE,OPERACION_DIARIA-CRITICA-N01,RECOCIDO_SIMULADO,1,TB10,ALM-CENTRAL,1,1020100000009
BASE,OPERACION_DIARIA-CRITICA-N01,RECOCIDO_SIMULADO,1,TB11,ALM-CENTRAL,1,1020100000035
BASE,OPERACION_DIARIA-CRITICA-N01,RECOCIDO_SIMULADO,1,TB11,ALM-CENTRAL,2,1020100000028
BASE,OPERACION_DIARIA-CRITICA-N01,RECOCIDO_SIMULADO,1,TB12,ALM-CENTRAL,1,1020100000008
BASE,OPERACION_DIARIA-CRITICA-N01,RECOCIDO_SIMULADO,1,TB12,ALM-CENTRAL,2,1020100000022
BASE,OPERACION_DIARIA-CRITICA-N01,RECOCIDO_SIMULADO,1,TM01,ALM-CENTRAL,1,1020100000033
BASE,OPERACION_DIARIA-CRITICA-N01,RECOCIDO_SIMULADO,1,TM01,ALM-CENTRAL,2,1020100000016
BASE,OPERACION_DIARIA-CRITICA-N01,RECOCIDO_SIMULADO,1,TM02,ALM-CENTRAL,1,1020100000037
BASE,OPERACION_DIARIA-CRITICA-N01,RECOCIDO_SIMULADO,1,TM05,ALM-CENTRAL,1,1020100000018
BASE,OPERACION_DIARIA-CRITICA-N01,RECOCIDO_SIMULADO,1,TM07,ALM-CENTRAL,1,1020100000019
BASE,OPERACION_DIARIA-CRITICA-N01,RECOCIDO_SIMULADO,1,TM08,ALM-CENTRAL,1,1020100000001
BASE,OPERACION_DIARIA-CRITICA-N01,RECOCIDO_SIMULADO,1,TM09,ALM-CENTRAL,1,1020100000031
BASE,OPERACION_DIARIA-CRITICA-N01,RECOCIDO_SIMULADO,1,TM11,ALM-CENTRAL,1,1020100000023
BASE,OPERACION_DIARIA-CRITICA-N01,RECOCIDO_SIMULADO,1,TM11,ALM-CENTRAL,2,1020100000021
BASE,OPERACION_DIARIA-CRITICA-N01,RECOCIDO_SIMULADO,1,TM12,ALM-CENTRAL,1,1020100000014
BASE,OPERACION_DIARIA-CRITICA-N01,RECOCIDO_SIMULADO,1,TM13,ALM-CENTRAL,1,1020100000012
BASE,OPERACION_DIARIA-CRITICA-N01,RECOCIDO_SIMULADO,1,TM14,ALM-CENTRAL,1,1020100000027
BASE,OPERACION_DIARIA-CRITICA-N01,RECOCIDO_SIMULADO,1,TM15,ALM-CENTRAL,1,1020100000020
BASE,OPERACION_DIARIA-CRITICA-N01,GENETICO,1,TA01,ALM-CENTRAL,1,1020100000023
BASE,OPERACION_DIARIA-CRITICA-N01,GENETICO,1,TA01,ALM-CENTRAL,2,1020100000030
BASE,OPERACION_DIARIA-CRITICA-N01,GENETICO,1,TA01,ALM-CENTRAL,3,1020100000035
BASE,OPERACION_DIARIA-CRITICA-N01,GENETICO,1,TA01,ALM-CENTRAL,4,1020100000001
BASE,OPERACION_DIARIA-CRITICA-N01,GENETICO,1,TA01,ALM-CENTRAL,5,1020100000027
BASE,OPERACION_DIARIA-CRITICA-N01,GENETICO,1,TA02,ALM-CENTRAL,1,1020100000018
BASE,OPERACION_DIARIA-CRITICA-N01,GENETICO,1,TA02,ALM-CENTRAL,2,1020100000007
BASE,OPERACION_DIARIA-CRITICA-N01,GENETICO,1,TA02,ALM-CENTRAL,3,1020100000017
BASE,OPERACION_DIARIA-CRITICA-N01,GENETICO,1,TA02,ALM-CENTRAL,4,1020100000003
BASE,OPERACION_DIARIA-CRITICA-N01,GENETICO,1,TA03,ALM-CENTRAL,1,1020100000038
BASE,OPERACION_DIARIA-CRITICA-N01,GENETICO,1,TA03,ALM-CENTRAL,2,1020100000004
BASE,OPERACION_DIARIA-CRITICA-N01,GENETICO,1,TA03,ALM-CENTRAL,3,1020100000039
BASE,OPERACION_DIARIA-CRITICA-N01,GENETICO,1,TA04,ALM-CENTRAL,1,1020100000029
BASE,OPERACION_DIARIA-CRITICA-N01,GENETICO,1,TA04,ALM-CENTRAL,2,1020100000019
BASE,OPERACION_DIARIA-CRITICA-N01,GENETICO,1,TA04,ALM-CENTRAL,3,1020100000036
BASE,OPERACION_DIARIA-CRITICA-N01,GENETICO,1,TA04,ALM-CENTRAL,4,1020100000021
BASE,OPERACION_DIARIA-CRITICA-N01,GENETICO,1,TA04,ALM-CENTRAL,5,1020100000028
BASE,OPERACION_DIARIA-CRITICA-N01,GENETICO,1,TA05,ALM-CENTRAL,1,1020100000000
BASE,OPERACION_DIARIA-CRITICA-N01,GENETICO,1,TA05,ALM-CENTRAL,2,1020100000011
BASE,OPERACION_DIARIA-CRITICA-N01,GENETICO,1,TA05,ALM-CENTRAL,3,1020100000009
BASE,OPERACION_DIARIA-CRITICA-N01,GENETICO,1,TA05,ALM-CENTRAL,4,1020100000026
BASE,OPERACION_DIARIA-CRITICA-N01,GENETICO,1,TA06,ALM-CENTRAL,1,1020100000022
BASE,OPERACION_DIARIA-CRITICA-N01,GENETICO,1,TA06,ALM-CENTRAL,2,1020100000034
BASE,OPERACION_DIARIA-CRITICA-N01,GENETICO,1,TA06,ALM-CENTRAL,3,1020100000016
BASE,OPERACION_DIARIA-CRITICA-N01,GENETICO,1,TA06,ALM-CENTRAL,4,1020100000005
BASE,OPERACION_DIARIA-CRITICA-N01,GENETICO,1,TA07,ALM-CENTRAL,1,1020100000012
BASE,OPERACION_DIARIA-CRITICA-N01,GENETICO,1,TA07,ALM-CENTRAL,2,1020100000010
BASE,OPERACION_DIARIA-CRITICA-N01,GENETICO,1,TA07,ALM-CENTRAL,3,1020100000006
BASE,OPERACION_DIARIA-CRITICA-N01,GENETICO,1,TA08,ALM-CENTRAL,1,1020100000037
BASE,OPERACION_DIARIA-CRITICA-N01,GENETICO,1,TA08,ALM-CENTRAL,2,1020100000024
BASE,OPERACION_DIARIA-CRITICA-N01,GENETICO,1,TA08,ALM-CENTRAL,3,1020100000025
BASE,OPERACION_DIARIA-CRITICA-N01,GENETICO,1,TA09,ALM-CENTRAL,1,1020100000015
BASE,OPERACION_DIARIA-CRITICA-N01,GENETICO,1,TA09,ALM-CENTRAL,2,1020100000002
BASE,OPERACION_DIARIA-CRITICA-N01,GENETICO,1,TA09,ALM-CENTRAL,3,1020100000014
BASE,OPERACION_DIARIA-CRITICA-N01,GENETICO,1,TA10,ALM-CENTRAL,1,1020100000032
BASE,OPERACION_DIARIA-CRITICA-N01,GENETICO,1,TA10,ALM-CENTRAL,2,1020100000008
BASE,OPERACION_DIARIA-CRITICA-N01,GENETICO,1,TA10,ALM-CENTRAL,3,1020100000020
BASE,OPERACION_DIARIA-CRITICA-N01,GENETICO,1,TM01,ALM-NOROESTE,1,1020100000013
BASE,OPERACION_DIARIA-CRITICA-N01,GENETICO,1,TM02,ALM-NOROESTE,1,1020100000033
BASE,OPERACION_DIARIA-CRITICA-N01,GENETICO,1,TM03,ALM-CENTRAL,1,1020100000031
BASE,SIMULACION_CINCO_DIAS-NORMAL-N01,GENETICO,0,TA01,ALM-CENTRAL,1,1100100000036
BASE,SIMULACION_CINCO_DIAS-NORMAL-N01,GENETICO,0,TA01,ALM-CENTRAL,2,1100100000026
BASE,SIMULACION_CINCO_DIAS-NORMAL-N01,GENETICO,0,TA01,ALM-CENTRAL,3,1100100000043
BASE,SIMULACION_CINCO_DIAS-NORMAL-N01,GENETICO,0,TA01,ALM-CENTRAL,4,1100100000014
BASE,SIMULACION_CINCO_DIAS-NORMAL-N01,GENETICO,0,TA02,ALM-CENTRAL,1,1100100000007
BASE,SIMULACION_CINCO_DIAS-NORMAL-N01,GENETICO,0,TA02,ALM-CENTRAL,2,1100100000004
BASE,SIMULACION_CINCO_DIAS-NORMAL-N01,GENETICO,0,TA02,ALM-CENTRAL,3,1100100000018
BASE,SIMULACION_CINCO_DIAS-NORMAL-N01,GENETICO,0,TA03,ALM-CENTRAL,1,1100100000041
BASE,SIMULACION_CINCO_DIAS-NORMAL-N01,GENETICO,0,TA03,ALM-CENTRAL,2,1100100000017
BASE,SIMULACION_CINCO_DIAS-NORMAL-N01,GENETICO,0,TA03,ALM-CENTRAL,3,1100100000028
BASE,SIMULACION_CINCO_DIAS-NORMAL-N01,GENETICO,0,TA04,ALM-CENTRAL,1,1100100000009
BASE,SIMULACION_CINCO_DIAS-NORMAL-N01,GENETICO,0,TA04,ALM-CENTRAL,2,1100100000020
BASE,SIMULACION_CINCO_DIAS-NORMAL-N01,GENETICO,0,TA04,ALM-CENTRAL,3,1100100000021
BASE,SIMULACION_CINCO_DIAS-NORMAL-N01,GENETICO,0,TA04,ALM-CENTRAL,4,1100100000040
BASE,SIMULACION_CINCO_DIAS-NORMAL-N01,GENETICO,0,TA04,ALM-CENTRAL,5,1100100000037
BASE,SIMULACION_CINCO_DIAS-NORMAL-N01,GENETICO,0,TA05,ALM-CENTRAL,1,1100100000012
BASE,SIMULACION_CINCO_DIAS-NORMAL-N01,GENETICO,0,TA05,ALM-CENTRAL,2,1100100000003
BASE,SIMULACION_CINCO_DIAS-NORMAL-N01,GENETICO,0,TA05,ALM-CENTRAL,3,1100100000005
BASE,SIMULACION_CINCO_DIAS-NORMAL-N01,GENETICO,0,TA06,ALM-CENTRAL,1,1100100000025
BASE,SIMULACION_CINCO_DIAS-NORMAL-N01,GENETICO,0,TA06,ALM-CENTRAL,2,1100100000015
BASE,SIMULACION_CINCO_DIAS-NORMAL-N01,GENETICO,0,TA06,ALM-CENTRAL,3,1100100000029
BASE,SIMULACION_CINCO_DIAS-NORMAL-N01,GENETICO,0,TA06,ALM-CENTRAL,4,1100100000034
BASE,SIMULACION_CINCO_DIAS-NORMAL-N01,GENETICO,0,TA07,ALM-CENTRAL,1,1100100000016
BASE,SIMULACION_CINCO_DIAS-NORMAL-N01,GENETICO,0,TA07,ALM-CENTRAL,2,1100100000030
BASE,SIMULACION_CINCO_DIAS-NORMAL-N01,GENETICO,0,TA08,ALM-CENTRAL,1,1100100000022
BASE,SIMULACION_CINCO_DIAS-NORMAL-N01,GENETICO,0,TA08,ALM-CENTRAL,2,1100100000010
BASE,SIMULACION_CINCO_DIAS-NORMAL-N01,GENETICO,0,TA08,ALM-CENTRAL,3,1100100000024
BASE,SIMULACION_CINCO_DIAS-NORMAL-N01,GENETICO,0,TA09,ALM-CENTRAL,1,1100100000008
BASE,SIMULACION_CINCO_DIAS-NORMAL-N01,GENETICO,0,TA09,ALM-CENTRAL,2,1100100000006
BASE,SIMULACION_CINCO_DIAS-NORMAL-N01,GENETICO,0,TA10,ALM-CENTRAL,1,1100100000002
BASE,SIMULACION_CINCO_DIAS-NORMAL-N01,GENETICO,0,TB01,ALM-CENTRAL,1,1100100000019
BASE,SIMULACION_CINCO_DIAS-NORMAL-N01,GENETICO,0,TM01,ALM-CENTRAL,1,1100100000000
BASE,SIMULACION_CINCO_DIAS-NORMAL-N01,GENETICO,0,TM02,ALM-CENTRAL,1,1100100000033
BASE,SIMULACION_CINCO_DIAS-NORMAL-N01,GENETICO,0,TM03,ALM-CENTRAL,1,1100100000027
BASE,SIMULACION_CINCO_DIAS-NORMAL-N01,GENETICO,0,TM04,ALM-CENTRAL,1,1100100000031
BASE,SIMULACION_CINCO_DIAS-NORMAL-N01,GENETICO,0,TM05,ALM-CENTRAL,1,1100100000039
BASE,SIMULACION_CINCO_DIAS-NORMAL-N01,GENETICO,0,TM06,ALM-CENTRAL,1,1100100000001
BASE,SIMULACION_CINCO_DIAS-NORMAL-N01,GENETICO,0,TM07,ALM-CENTRAL,1,1100100000023
BASE,SIMULACION_CINCO_DIAS-NORMAL-N01,GENETICO,0,TM08,ALM-CENTRAL,1,1100100000011
BASE,SIMULACION_CINCO_DIAS-NORMAL-N01,GENETICO,0,TM09,ALM-CENTRAL,1,1100100000038
BASE,SIMULACION_CINCO_DIAS-NORMAL-N01,GENETICO,0,TM10,ALM-CENTRAL,1,1100100000013
BASE,SIMULACION_CINCO_DIAS-NORMAL-N01,GENETICO,0,TM11,ALM-CENTRAL,1,1100100000035
BASE,SIMULACION_CINCO_DIAS-NORMAL-N01,GENETICO,0,TM12,ALM-CENTRAL,1,1100100000042
BASE,SIMULACION_CINCO_DIAS-NORMAL-N01,GENETICO,0,TA01,ALM-CENTRAL,1,1100100100011
BASE,SIMULACION_CINCO_DIAS-NORMAL-N01,GENETICO,0,TA01,ALM-CENTRAL,2,1100100100005
BASE,SIMULACION_CINCO_DIAS-NORMAL-N01,GENETICO,0,TA01,ALM-CENTRAL,3,1100100100021
BASE,SIMULACION_CINCO_DIAS-NORMAL-N01,GENETICO,0,TA01,ALM-CENTRAL,4,1100100100017
BASE,SIMULACION_CINCO_DIAS-NORMAL-N01,GENETICO,0,TA02,ALM-CENTRAL,1,1100100100033
BASE,SIMULACION_CINCO_DIAS-NORMAL-N01,GENETICO,0,TA02,ALM-CENTRAL,2,1100100100004
BASE,SIMULACION_CINCO_DIAS-NORMAL-N01,GENETICO,0,TA02,ALM-CENTRAL,3,1100100100008
BASE,SIMULACION_CINCO_DIAS-NORMAL-N01,GENETICO,0,TA02,ALM-CENTRAL,4,1100100100030
BASE,SIMULACION_CINCO_DIAS-NORMAL-N01,GENETICO,0,TA02,ALM-CENTRAL,5,1100100100035
BASE,SIMULACION_CINCO_DIAS-NORMAL-N01,GENETICO,0,TA03,ALM-CENTRAL,1,1100100100003
BASE,SIMULACION_CINCO_DIAS-NORMAL-N01,GENETICO,0,TA03,ALM-CENTRAL,2,1100100100036
BASE,SIMULACION_CINCO_DIAS-NORMAL-N01,GENETICO,0,TA03,ALM-CENTRAL,3,1100100100032
BASE,SIMULACION_CINCO_DIAS-NORMAL-N01,GENETICO,0,TA04,ALM-CENTRAL,1,1100100100007
BASE,SIMULACION_CINCO_DIAS-NORMAL-N01,GENETICO,0,TA04,ALM-CENTRAL,2,1100100100009
BASE,SIMULACION_CINCO_DIAS-NORMAL-N01,GENETICO,0,TA04,ALM-CENTRAL,3,1100100100025
BASE,SIMULACION_CINCO_DIAS-NORMAL-N01,GENETICO,0,TA04,ALM-CENTRAL,4,1100100100001
BASE,SIMULACION_CINCO_DIAS-NORMAL-N01,GENETICO,0,TA04,ALM-CENTRAL,5,1100100100015
BASE,SIMULACION_CINCO_DIAS-NORMAL-N01,GENETICO,0,TA05,ALM-CENTRAL,1,1100100100002
BASE,SIMULACION_CINCO_DIAS-NORMAL-N01,GENETICO,0,TA05,ALM-CENTRAL,2,1100100100014
BASE,SIMULACION_CINCO_DIAS-NORMAL-N01,GENETICO,0,TA05,ALM-CENTRAL,3,1100100100023
BASE,SIMULACION_CINCO_DIAS-NORMAL-N01,GENETICO,0,TA05,ALM-CENTRAL,4,1100100100006
BASE,SIMULACION_CINCO_DIAS-NORMAL-N01,GENETICO,0,TA05,ALM-CENTRAL,5,1100100100016
BASE,SIMULACION_CINCO_DIAS-NORMAL-N01,GENETICO,0,TA05,ALM-CENTRAL,6,1100100100019
BASE,SIMULACION_CINCO_DIAS-NORMAL-N01,GENETICO,0,TA06,ALM-CENTRAL,1,1100100100018
BASE,SIMULACION_CINCO_DIAS-NORMAL-N01,GENETICO,0,TA06,ALM-CENTRAL,2,1100100100012
BASE,SIMULACION_CINCO_DIAS-NORMAL-N01,GENETICO,0,TA06,ALM-CENTRAL,3,1100100100024
BASE,SIMULACION_CINCO_DIAS-NORMAL-N01,GENETICO,0,TA07,ALM-CENTRAL,1,1100100100026
BASE,SIMULACION_CINCO_DIAS-NORMAL-N01,GENETICO,0,TA07,ALM-CENTRAL,2,1100100100027
BASE,SIMULACION_CINCO_DIAS-NORMAL-N01,GENETICO,0,TA07,ALM-CENTRAL,3,1100100100022
BASE,SIMULACION_CINCO_DIAS-NORMAL-N01,GENETICO,0,TA08,ALM-CENTRAL,1,1100100100034
BASE,SIMULACION_CINCO_DIAS-NORMAL-N01,GENETICO,0,TA08,ALM-CENTRAL,2,1100100100020
BASE,SIMULACION_CINCO_DIAS-NORMAL-N01,GENETICO,0,TA08,ALM-CENTRAL,3,1100100100013
BASE,SIMULACION_CINCO_DIAS-NORMAL-N01,GENETICO,0,TA08,ALM-CENTRAL,4,1100100100031
BASE,SIMULACION_CINCO_DIAS-NORMAL-N01,GENETICO,0,TA09,ALM-CENTRAL,1,1100100100010
BASE,SIMULACION_CINCO_DIAS-NORMAL-N01,GENETICO,0,TA09,ALM-CENTRAL,2,1100100100029
BASE,SIMULACION_CINCO_DIAS-NORMAL-N01,GENETICO,0,TA10,ALM-CENTRAL,1,1100100100028
BASE,SIMULACION_CINCO_DIAS-NORMAL-N01,GENETICO,0,TA01,ALM-CENTRAL,1,1100100200019
BASE,SIMULACION_CINCO_DIAS-NORMAL-N01,GENETICO,0,TA01,ALM-CENTRAL,2,1100100200034
BASE,SIMULACION_CINCO_DIAS-NORMAL-N01,GENETICO,0,TA01,ALM-CENTRAL,3,1100100200031
BASE,SIMULACION_CINCO_DIAS-NORMAL-N01,GENETICO,0,TA01,ALM-CENTRAL,4,1100100200017
BASE,SIMULACION_CINCO_DIAS-NORMAL-N01,GENETICO,0,TA01,ALM-CENTRAL,5,1100100200000
BASE,SIMULACION_CINCO_DIAS-NORMAL-N01,GENETICO,0,TA02,ALM-CENTRAL,1,1100100200016
BASE,SIMULACION_CINCO_DIAS-NORMAL-N01,GENETICO,0,TA02,ALM-CENTRAL,2,1100100200020
BASE,SIMULACION_CINCO_DIAS-NORMAL-N01,GENETICO,0,TA02,ALM-CENTRAL,3,1100100200008
BASE,SIMULACION_CINCO_DIAS-NORMAL-N01,GENETICO,0,TA02,ALM-CENTRAL,4,1100100200001
BASE,SIMULACION_CINCO_DIAS-NORMAL-N01,GENETICO,0,TA03,ALM-CENTRAL,1,1100100200009
BASE,SIMULACION_CINCO_DIAS-NORMAL-N01,GENETICO,0,TA03,ALM-CENTRAL,2,1100100200006
BASE,SIMULACION_CINCO_DIAS-NORMAL-N01,GENETICO,0,TA03,ALM-CENTRAL,3,1100100200010
BASE,SIMULACION_CINCO_DIAS-NORMAL-N01,GENETICO,0,TA03,ALM-CENTRAL,4,1100100200035
BASE,SIMULACION_CINCO_DIAS-NORMAL-N01,GENETICO,0,TA04,ALM-CENTRAL,1,1100100200027
BASE,SIMULACION_CINCO_DIAS-NORMAL-N01,GENETICO,0,TA04,ALM-CENTRAL,2,1100100200033
BASE,SIMULACION_CINCO_DIAS-NORMAL-N01,GENETICO,0,TA04,ALM-CENTRAL,3,1100100200005
BASE,SIMULACION_CINCO_DIAS-NORMAL-N01,GENETICO,0,TA04,ALM-CENTRAL,4,1100100200007
BASE,SIMULACION_CINCO_DIAS-NORMAL-N01,GENETICO,0,TA05,ALM-CENTRAL,1,1100100200028
BASE,SIMULACION_CINCO_DIAS-NORMAL-N01,GENETICO,0,TA05,ALM-CENTRAL,2,1100100200023
BASE,SIMULACION_CINCO_DIAS-NORMAL-N01,GENETICO,0,TA05,ALM-CENTRAL,3,1100100200011
BASE,SIMULACION_CINCO_DIAS-NORMAL-N01,GENETICO,0,TA05,ALM-CENTRAL,4,1100100200022
BASE,SIMULACION_CINCO_DIAS-NORMAL-N01,GENETICO,0,TA06,ALM-CENTRAL,1,1100100200004
BASE,SIMULACION_CINCO_DIAS-NORMAL-N01,GENETICO,0,TA06,ALM-CENTRAL,2,1100100200030
BASE,SIMULACION_CINCO_DIAS-NORMAL-N01,GENETICO,0,TA06,ALM-CENTRAL,3,1100100200026
BASE,SIMULACION_CINCO_DIAS-NORMAL-N01,GENETICO,0,TA07,ALM-CENTRAL,1,1100100200029
BASE,SIMULACION_CINCO_DIAS-NORMAL-N01,GENETICO,0,TA07,ALM-CENTRAL,2,1100100200032
BASE,SIMULACION_CINCO_DIAS-NORMAL-N01,GENETICO,0,TA07,ALM-CENTRAL,3,1100100200002
BASE,SIMULACION_CINCO_DIAS-NORMAL-N01,GENETICO,0,TA07,ALM-CENTRAL,4,1100100200013
BASE,SIMULACION_CINCO_DIAS-NORMAL-N01,GENETICO,0,TA08,ALM-CENTRAL,1,1100100200012
BASE,SIMULACION_CINCO_DIAS-NORMAL-N01,GENETICO,0,TA08,ALM-CENTRAL,2,1100100200021
BASE,SIMULACION_CINCO_DIAS-NORMAL-N01,GENETICO,0,TA09,ALM-CENTRAL,1,1100100200025
BASE,SIMULACION_CINCO_DIAS-NORMAL-N01,GENETICO,0,TA10,ALM-CENTRAL,1,1100100200018
BASE,SIMULACION_CINCO_DIAS-NORMAL-N01,GENETICO,0,TB01,ALM-CENTRAL,1,1100100200003
BASE,SIMULACION_CINCO_DIAS-NORMAL-N01,GENETICO,0,TM01,ALM-CENTRAL,1,1100100200024
BASE,SIMULACION_CINCO_DIAS-NORMAL-N01,GENETICO,0,TA01,ALM-CENTRAL,1,1100100300013
BASE,SIMULACION_CINCO_DIAS-NORMAL-N01,GENETICO,0,TA01,ALM-CENTRAL,2,1100100300027
BASE,SIMULACION_CINCO_DIAS-NORMAL-N01,GENETICO,0,TA01,ALM-CENTRAL,3,1100100300014
BASE,SIMULACION_CINCO_DIAS-NORMAL-N01,GENETICO,0,TA01,ALM-CENTRAL,4,1100100300007
BASE,SIMULACION_CINCO_DIAS-NORMAL-N01,GENETICO,0,TA01,ALM-CENTRAL,5,1100100300017
BASE,SIMULACION_CINCO_DIAS-NORMAL-N01,GENETICO,0,TA03,ALM-CENTRAL,1,1100100300009
BASE,SIMULACION_CINCO_DIAS-NORMAL-N01,GENETICO,0,TA03,ALM-CENTRAL,2,1100100300000
BASE,SIMULACION_CINCO_DIAS-NORMAL-N01,GENETICO,0,TA03,ALM-CENTRAL,3,1100100300033
BASE,SIMULACION_CINCO_DIAS-NORMAL-N01,GENETICO,0,TA03,ALM-CENTRAL,4,1100100300010
BASE,SIMULACION_CINCO_DIAS-NORMAL-N01,GENETICO,0,TA04,ALM-CENTRAL,1,1100100300015
BASE,SIMULACION_CINCO_DIAS-NORMAL-N01,GENETICO,0,TA04,ALM-CENTRAL,2,1100100300029
BASE,SIMULACION_CINCO_DIAS-NORMAL-N01,GENETICO,0,TA04,ALM-CENTRAL,3,1100100300022
BASE,SIMULACION_CINCO_DIAS-NORMAL-N01,GENETICO,0,TA05,ALM-CENTRAL,1,1100100300023
BASE,SIMULACION_CINCO_DIAS-NORMAL-N01,GENETICO,0,TA05,ALM-CENTRAL,2,1100100300006
BASE,SIMULACION_CINCO_DIAS-NORMAL-N01,GENETICO,0,TA05,ALM-CENTRAL,3,1100100300002
BASE,SIMULACION_CINCO_DIAS-NORMAL-N01,GENETICO,0,TA06,ALM-CENTRAL,1,1100100300028
BASE,SIMULACION_CINCO_DIAS-NORMAL-N01,GENETICO,0,TA06,ALM-CENTRAL,2,1100100300024
BASE,SIMULACION_CINCO_DIAS-NORMAL-N01,GENETICO,0,TA06,ALM-CENTRAL,3,1100100300025
BASE,SIMULACION_CINCO_DIAS-NORMAL-N01,GENETICO,0,TA06,ALM-CENTRAL,4,1100100300031
BASE,SIMULACION_CINCO_DIAS-NORMAL-N01,GENETICO,0,TA07,ALM-CENTRAL,1,1100100300016
BASE,SIMULACION_CINCO_DIAS-NORMAL-N01,GENETICO,0,TA07,ALM-CENTRAL,2,1100100300008
BASE,SIMULACION_CINCO_DIAS-NORMAL-N01,GENETICO,0,TA07,ALM-CENTRAL,3,1100100300026
BASE,SIMULACION_CINCO_DIAS-NORMAL-N01,GENETICO,0,TA08,ALM-CENTRAL,1,1100100300021
BASE,SIMULACION_CINCO_DIAS-NORMAL-N01,GENETICO,0,TA08,ALM-CENTRAL,2,1100100300004
BASE,SIMULACION_CINCO_DIAS-NORMAL-N01,GENETICO,0,TA08,ALM-CENTRAL,3,1100100300012
BASE,SIMULACION_CINCO_DIAS-NORMAL-N01,GENETICO,0,TA08,ALM-CENTRAL,4,1100100300032
BASE,SIMULACION_CINCO_DIAS-NORMAL-N01,GENETICO,0,TA09,ALM-CENTRAL,1,1100100300034
BASE,SIMULACION_CINCO_DIAS-NORMAL-N01,GENETICO,0,TA09,ALM-CENTRAL,2,1100100300003
BASE,SIMULACION_CINCO_DIAS-NORMAL-N01,GENETICO,0,TA09,ALM-CENTRAL,3,1100100300035
BASE,SIMULACION_CINCO_DIAS-NORMAL-N01,GENETICO,0,TA10,ALM-CENTRAL,1,1100100300018
BASE,SIMULACION_CINCO_DIAS-NORMAL-N01,GENETICO,0,TA10,ALM-CENTRAL,2,1100100300019
BASE,SIMULACION_CINCO_DIAS-NORMAL-N01,GENETICO,0,TB01,ALM-CENTRAL,1,1100100300020
BASE,SIMULACION_CINCO_DIAS-NORMAL-N01,GENETICO,0,TM01,ALM-CENTRAL,1,1100100300001
BASE,SIMULACION_CINCO_DIAS-NORMAL-N01,GENETICO,0,TM02,ALM-CENTRAL,1,1100100300005
BASE,SIMULACION_CINCO_DIAS-NORMAL-N01,GENETICO,0,TM03,ALM-CENTRAL,1,1100100300011
BASE,SIMULACION_CINCO_DIAS-NORMAL-N01,GENETICO,0,TA01,ALM-CENTRAL,1,1100100400011
BASE,SIMULACION_CINCO_DIAS-NORMAL-N01,GENETICO,0,TA01,ALM-CENTRAL,2,1100100400039
BASE,SIMULACION_CINCO_DIAS-NORMAL-N01,GENETICO,0,TA01,ALM-CENTRAL,3,1100100400015
BASE,SIMULACION_CINCO_DIAS-NORMAL-N01,GENETICO,0,TA01,ALM-CENTRAL,4,1100100400018
BASE,SIMULACION_CINCO_DIAS-NORMAL-N01,GENETICO,0,TA03,ALM-CENTRAL,1,1100100400017
BASE,SIMULACION_CINCO_DIAS-NORMAL-N01,GENETICO,0,TA03,ALM-CENTRAL,2,1100100400020
BASE,SIMULACION_CINCO_DIAS-NORMAL-N01,GENETICO,0,TA03,ALM-CENTRAL,3,1100100400033
BASE,SIMULACION_CINCO_DIAS-NORMAL-N01,GENETICO,0,TA03,ALM-CENTRAL,4,1100100400029
BASE,SIMULACION_CINCO_DIAS-NORMAL-N01,GENETICO,0,TA04,ALM-CENTRAL,1,1100100400007
BASE,SIMULACION_CINCO_DIAS-NORMAL-N01,GENETICO,0,TA04,ALM-CENTRAL,2,1100100400038
BASE,SIMULACION_CINCO_DIAS-NORMAL-N01,GENETICO,0,TA04,ALM-CENTRAL,3,1100100400027
BASE,SIMULACION_CINCO_DIAS-NORMAL-N01,GENETICO,0,TA05,ALM-CENTRAL,1,1100100400013
BASE,SIMULACION_CINCO_DIAS-NORMAL-N01,GENETICO,0,TA05,ALM-CENTRAL,2,1100100400035
BASE,SIMULACION_CINCO_DIAS-NORMAL-N01,GENETICO,0,TA05,ALM-CENTRAL,3,1100100400040
BASE,SIMULACION_CINCO_DIAS-NORMAL-N01,GENETICO,0,TA05,ALM-CENTRAL,4,1100100400003
BASE,SIMULACION_CINCO_DIAS-NORMAL-N01,GENETICO,0,TA06,ALM-CENTRAL,1,1100100400024
BASE,SIMULACION_CINCO_DIAS-NORMAL-N01,GENETICO,0,TA06,ALM-CENTRAL,2,1100100400022
BASE,SIMULACION_CINCO_DIAS-NORMAL-N01,GENETICO,0,TA06,ALM-CENTRAL,3,1100100400004
BASE,SIMULACION_CINCO_DIAS-NORMAL-N01,GENETICO,0,TA06,ALM-CENTRAL,4,1100100400014
BASE,SIMULACION_CINCO_DIAS-NORMAL-N01,GENETICO,0,TA07,ALM-CENTRAL,1,1100100400009
BASE,SIMULACION_CINCO_DIAS-NORMAL-N01,GENETICO,0,TA07,ALM-CENTRAL,2,1100100400008
BASE,SIMULACION_CINCO_DIAS-NORMAL-N01,GENETICO,0,TA07,ALM-CENTRAL,3,1100100400034
BASE,SIMULACION_CINCO_DIAS-NORMAL-N01,GENETICO,0,TA07,ALM-CENTRAL,4,1100100400005
BASE,SIMULACION_CINCO_DIAS-NORMAL-N01,GENETICO,0,TA08,ALM-CENTRAL,1,1100100400012
BASE,SIMULACION_CINCO_DIAS-NORMAL-N01,GENETICO,0,TA08,ALM-CENTRAL,2,1100100400016
BASE,SIMULACION_CINCO_DIAS-NORMAL-N01,GENETICO,0,TA09,ALM-CENTRAL,1,1100100400023
BASE,SIMULACION_CINCO_DIAS-NORMAL-N01,GENETICO,0,TA09,ALM-CENTRAL,2,1100100400036
BASE,SIMULACION_CINCO_DIAS-NORMAL-N01,GENETICO,0,TA09,ALM-CENTRAL,3,1100100400037
BASE,SIMULACION_CINCO_DIAS-NORMAL-N01,GENETICO,0,TA09,ALM-CENTRAL,4,1100100400021
BASE,SIMULACION_CINCO_DIAS-NORMAL-N01,GENETICO,0,TA10,ALM-CENTRAL,1,1100100400019
BASE,SIMULACION_CINCO_DIAS-NORMAL-N01,GENETICO,0,TA10,ALM-CENTRAL,2,1100100400002
BASE,SIMULACION_CINCO_DIAS-NORMAL-N01,GENETICO,0,TA10,ALM-CENTRAL,3,1100100400028
BASE,SIMULACION_CINCO_DIAS-NORMAL-N01,GENETICO,0,TB01,ALM-CENTRAL,1,1100100400026
BASE,SIMULACION_CINCO_DIAS-NORMAL-N01,GENETICO,0,TB03,ALM-CENTRAL,1,1100100400030
BASE,SIMULACION_CINCO_DIAS-NORMAL-N01,GENETICO,0,TM01,ALM-CENTRAL,1,1100100400000
BASE,SIMULACION_CINCO_DIAS-NORMAL-N01,GENETICO,0,TM02,ALM-CENTRAL,1,1100100400010
BASE,SIMULACION_CINCO_DIAS-NORMAL-N01,GENETICO,0,TM03,ALM-CENTRAL,1,1100100400025
BASE,SIMULACION_CINCO_DIAS-NORMAL-N01,GENETICO,0,TM04,ALM-CENTRAL,1,1100100400006
BASE,SIMULACION_CINCO_DIAS-NORMAL-N01,GENETICO,0,TM05,ALM-CENTRAL,1,1100100400031
BASE,SIMULACION_CINCO_DIAS-NORMAL-N01,GENETICO,0,NO_ASIGNADO,,,1100100000032
BASE,SIMULACION_CINCO_DIAS-NORMAL-N01,GENETICO,0,NO_ASIGNADO,,,1100100100000
BASE,SIMULACION_CINCO_DIAS-NORMAL-N01,GENETICO,0,NO_ASIGNADO,,,1100100200015
BASE,SIMULACION_CINCO_DIAS-NORMAL-N01,GENETICO,0,NO_ASIGNADO,,,1100100200014
BASE,SIMULACION_CINCO_DIAS-NORMAL-N01,GENETICO,0,NO_ASIGNADO,,,1100100300030
BASE,SIMULACION_CINCO_DIAS-NORMAL-N01,GENETICO,0,NO_ASIGNADO,,,1100100400001
BASE,SIMULACION_CINCO_DIAS-NORMAL-N01,GENETICO,0,NO_ASIGNADO,,,1100100400032
BASE,SIMULACION_CINCO_DIAS-NORMAL-N01,RECOCIDO_SIMULADO,0,TA01,ALM-CENTRAL,1,1100100000042
BASE,SIMULACION_CINCO_DIAS-NORMAL-N01,RECOCIDO_SIMULADO,0,TA01,ALM-CENTRAL,2,1100100000034
BASE,SIMULACION_CINCO_DIAS-NORMAL-N01,RECOCIDO_SIMULADO,0,TA01,ALM-CENTRAL,3,1100100000030
BASE,SIMULACION_CINCO_DIAS-NORMAL-N01,RECOCIDO_SIMULADO,0,TA02,ALM-CENTRAL,1,1100100000033
BASE,SIMULACION_CINCO_DIAS-NORMAL-N01,RECOCIDO_SIMULADO,0,TA02,ALM-CENTRAL,2,1100100000037
BASE,SIMULACION_CINCO_DIAS-NORMAL-N01,RECOCIDO_SIMULADO,0,TA03,ALM-CENTRAL,1,1100100000011
BASE,SIMULACION_CINCO_DIAS-NORMAL-N01,RECOCIDO_SIMULADO,0,TA03,ALM-CENTRAL,2,1100100000003
BASE,SIMULACION_CINCO_DIAS-NORMAL-N01,RECOCIDO_SIMULADO,0,TA04,ALM-CENTRAL,1,1100100000002
BASE,SIMULACION_CINCO_DIAS-NORMAL-N01,RECOCIDO_SIMULADO,0,TA04,ALM-CENTRAL,2,1100100000028
BASE,SIMULACION_CINCO_DIAS-NORMAL-N01,RECOCIDO_SIMULADO,0,TA05,ALM-CENTRAL,1,1100100000009
BASE,SIMULACION_CINCO_DIAS-NORMAL-N01,RECOCIDO_SIMULADO,0,TA05,ALM-CENTRAL,2,1100100000029
BASE,SIMULACION_CINCO_DIAS-NORMAL-N01,RECOCIDO_SIMULADO,0,TA06,ALM-CENTRAL,1,1100100000022
BASE,SIMULACION_CINCO_DIAS-NORMAL-N01,RECOCIDO_SIMULADO,0,TA06,ALM-CENTRAL,2,1100100000027
BASE,SIMULACION_CINCO_DIAS-NORMAL-N01,RECOCIDO_SIMULADO,0,TA07,ALM-CENTRAL,1,1100100000041
BASE,SIMULACION_CINCO_DIAS-NORMAL-N01,RECOCIDO_SIMULADO,0,TA07,ALM-CENTRAL,2,1100100000038
BASE,SIMULACION_CINCO_DIAS-NORMAL-N01,RECOCIDO_SIMULADO,0,TA08,ALM-CENTRAL,1,1100100000035
BASE,SIMULACION_CINCO_DIAS-NORMAL-N01,RECOCIDO_SIMULADO,0,TA08,ALM-CENTRAL,2,1100100000008
BASE,SIMULACION_CINCO_DIAS-NORMAL-N01,RECOCIDO_SIMULADO,0,TA08,ALM-CENTRAL,3,1100100000040
BASE,SIMULACION_CINCO_DIAS-NORMAL-N01,RECOCIDO_SIMULADO,0,TA09,ALM-CENTRAL,1,1100100000036
BASE,SIMULACION_CINCO_DIAS-NORMAL-N01,RECOCIDO_SIMULADO,0,TA09,ALM-CENTRAL,2,1100100000004
BASE,SIMULACION_CINCO_DIAS-NORMAL-N01,RECOCIDO_SIMULADO,0,TA10,ALM-CENTRAL,1,1100100000012
BASE,SIMULACION_CINCO_DIAS-NORMAL-N01,RECOCIDO_SIMULADO,0,TA10,ALM-CENTRAL,2,1100100000016
BASE,SIMULACION_CINCO_DIAS-NORMAL-N01,RECOCIDO_SIMULADO,0,TA10,ALM-CENTRAL,3,1100100000024
BASE,SIMULACION_CINCO_DIAS-NORMAL-N01,RECOCIDO_SIMULADO,0,TB02,ALM-CENTRAL,1,1100100000026
BASE,SIMULACION_CINCO_DIAS-NORMAL-N01,RECOCIDO_SIMULADO,0,TB03,ALM-CENTRAL,1,1100100000020
BASE,SIMULACION_CINCO_DIAS-NORMAL-N01,RECOCIDO_SIMULADO,0,TM01,ALM-CENTRAL,1,1100100000039
BASE,SIMULACION_CINCO_DIAS-NORMAL-N01,RECOCIDO_SIMULADO,0,TM02,ALM-CENTRAL,1,1100100000014
BASE,SIMULACION_CINCO_DIAS-NORMAL-N01,RECOCIDO_SIMULADO,0,TM03,ALM-CENTRAL,1,1100100000025
BASE,SIMULACION_CINCO_DIAS-NORMAL-N01,RECOCIDO_SIMULADO,0,TM03,ALM-CENTRAL,2,1100100000021
BASE,SIMULACION_CINCO_DIAS-NORMAL-N01,RECOCIDO_SIMULADO,0,TM04,ALM-CENTRAL,1,1100100000013
BASE,SIMULACION_CINCO_DIAS-NORMAL-N01,RECOCIDO_SIMULADO,0,TM05,ALM-CENTRAL,1,1100100000017
BASE,SIMULACION_CINCO_DIAS-NORMAL-N01,RECOCIDO_SIMULADO,0,TM06,ALM-CENTRAL,1,1100100000031
BASE,SIMULACION_CINCO_DIAS-NORMAL-N01,RECOCIDO_SIMULADO,0,TM07,ALM-CENTRAL,1,1100100000000
BASE,SIMULACION_CINCO_DIAS-NORMAL-N01,RECOCIDO_SIMULADO,0,TM08,ALM-CENTRAL,1,1100100000023
BASE,SIMULACION_CINCO_DIAS-NORMAL-N01,RECOCIDO_SIMULADO,0,TM10,ALM-CENTRAL,1,1100100000019
BASE,SIMULACION_CINCO_DIAS-NORMAL-N01,RECOCIDO_SIMULADO,0,TM11,ALM-CENTRAL,1,1100100000007
BASE,SIMULACION_CINCO_DIAS-NORMAL-N01,RECOCIDO_SIMULADO,0,TM11,ALM-CENTRAL,2,1100100000005
BASE,SIMULACION_CINCO_DIAS-NORMAL-N01,RECOCIDO_SIMULADO,0,TM12,ALM-CENTRAL,1,1100100000015
BASE,SIMULACION_CINCO_DIAS-NORMAL-N01,RECOCIDO_SIMULADO,0,TM12,ALM-CENTRAL,2,1100100000010
BASE,SIMULACION_CINCO_DIAS-NORMAL-N01,RECOCIDO_SIMULADO,0,TM13,ALM-CENTRAL,1,1100100000001
BASE,SIMULACION_CINCO_DIAS-NORMAL-N01,RECOCIDO_SIMULADO,0,TM13,ALM-CENTRAL,2,1100100000018
BASE,SIMULACION_CINCO_DIAS-NORMAL-N01,RECOCIDO_SIMULADO,0,TM14,ALM-CENTRAL,1,1100100000006
BASE,SIMULACION_CINCO_DIAS-NORMAL-N01,RECOCIDO_SIMULADO,0,TM15,ALM-CENTRAL,1,1100100000043
BASE,SIMULACION_CINCO_DIAS-NORMAL-N01,RECOCIDO_SIMULADO,0,TA01,ALM-CENTRAL,1,1100100100011
BASE,SIMULACION_CINCO_DIAS-NORMAL-N01,RECOCIDO_SIMULADO,0,TA01,ALM-CENTRAL,2,1100100100005
BASE,SIMULACION_CINCO_DIAS-NORMAL-N01,RECOCIDO_SIMULADO,0,TA01,ALM-CENTRAL,3,1100100100021
BASE,SIMULACION_CINCO_DIAS-NORMAL-N01,RECOCIDO_SIMULADO,0,TA01,ALM-CENTRAL,4,1100100100017
BASE,SIMULACION_CINCO_DIAS-NORMAL-N01,RECOCIDO_SIMULADO,0,TA02,ALM-CENTRAL,1,1100100100033
BASE,SIMULACION_CINCO_DIAS-NORMAL-N01,RECOCIDO_SIMULADO,0,TA02,ALM-CENTRAL,2,1100100100004
BASE,SIMULACION_CINCO_DIAS-NORMAL-N01,RECOCIDO_SIMULADO,0,TA02,ALM-CENTRAL,3,1100100100008
BASE,SIMULACION_CINCO_DIAS-NORMAL-N01,RECOCIDO_SIMULADO,0,TA02,ALM-CENTRAL,4,1100100100030
BASE,SIMULACION_CINCO_DIAS-NORMAL-N01,RECOCIDO_SIMULADO,0,TA02,ALM-CENTRAL,5,1100100100035
BASE,SIMULACION_CINCO_DIAS-NORMAL-N01,RECOCIDO_SIMULADO,0,TA03,ALM-CENTRAL,1,1100100100003
BASE,SIMULACION_CINCO_DIAS-NORMAL-N01,RECOCIDO_SIMULADO,0,TA03,ALM-CENTRAL,2,1100100100036
BASE,SIMULACION_CINCO_DIAS-NORMAL-N01,RECOCIDO_SIMULADO,0,TA03,ALM-CENTRAL,3,1100100100032
BASE,SIMULACION_CINCO_DIAS-NORMAL-N01,RECOCIDO_SIMULADO,0,TA04,ALM-CENTRAL,1,1100100100007
BASE,SIMULACION_CINCO_DIAS-NORMAL-N01,RECOCIDO_SIMULADO,0,TA04,ALM-CENTRAL,2,1100100100009
BASE,SIMULACION_CINCO_DIAS-NORMAL-N01,RECOCIDO_SIMULADO,0,TA04,ALM-CENTRAL,3,1100100100025
BASE,SIMULACION_CINCO_DIAS-NORMAL-N01,RECOCIDO_SIMULADO,0,TA04,ALM-CENTRAL,4,1100100100001
BASE,SIMULACION_CINCO_DIAS-NORMAL-N01,RECOCIDO_SIMULADO,0,TA04,ALM-CENTRAL,5,1100100100015
BASE,SIMULACION_CINCO_DIAS-NORMAL-N01,RECOCIDO_SIMULADO,0,TA05,ALM-CENTRAL,1,1100100100002
BASE,SIMULACION_CINCO_DIAS-NORMAL-N01,RECOCIDO_SIMULADO,0,TA05,ALM-CENTRAL,2,1100100100014
BASE,SIMULACION_CINCO_DIAS-NORMAL-N01,RECOCIDO_SIMULADO,0,TA05,ALM-CENTRAL,3,1100100100023
BASE,SIMULACION_CINCO_DIAS-NORMAL-N01,RECOCIDO_SIMULADO,0,TA05,ALM-CENTRAL,4,1100100100006
BASE,SIMULACION_CINCO_DIAS-NORMAL-N01,RECOCIDO_SIMULADO,0,TA05,ALM-CENTRAL,5,1100100100016
BASE,SIMULACION_CINCO_DIAS-NORMAL-N01,RECOCIDO_SIMULADO,0,TA05,ALM-CENTRAL,6,1100100100019
BASE,SIMULACION_CINCO_DIAS-NORMAL-N01,RECOCIDO_SIMULADO,0,TA06,ALM-CENTRAL,1,1100100100018
BASE,SIMULACION_CINCO_DIAS-NORMAL-N01,RECOCIDO_SIMULADO,0,TA06,ALM-CENTRAL,2,1100100100012
BASE,SIMULACION_CINCO_DIAS-NORMAL-N01,RECOCIDO_SIMULADO,0,TA06,ALM-CENTRAL,3,1100100100024
BASE,SIMULACION_CINCO_DIAS-NORMAL-N01,RECOCIDO_SIMULADO,0,TA07,ALM-CENTRAL,1,1100100100026
BASE,SIMULACION_CINCO_DIAS-NORMAL-N01,RECOCIDO_SIMULADO,0,TA07,ALM-CENTRAL,2,1100100100027
BASE,SIMULACION_CINCO_DIAS-NORMAL-N01,RECOCIDO_SIMULADO,0,TA07,ALM-CENTRAL,3,1100100100022
BASE,SIMULACION_CINCO_DIAS-NORMAL-N01,RECOCIDO_SIMULADO,0,TA08,ALM-CENTRAL,1,1100100100034
BASE,SIMULACION_CINCO_DIAS-NORMAL-N01,RECOCIDO_SIMULADO,0,TA08,ALM-CENTRAL,2,1100100100020
BASE,SIMULACION_CINCO_DIAS-NORMAL-N01,RECOCIDO_SIMULADO,0,TA08,ALM-CENTRAL,3,1100100100013
BASE,SIMULACION_CINCO_DIAS-NORMAL-N01,RECOCIDO_SIMULADO,0,TA08,ALM-CENTRAL,4,1100100100031
BASE,SIMULACION_CINCO_DIAS-NORMAL-N01,RECOCIDO_SIMULADO,0,TA09,ALM-CENTRAL,1,1100100100010
BASE,SIMULACION_CINCO_DIAS-NORMAL-N01,RECOCIDO_SIMULADO,0,TA09,ALM-CENTRAL,2,1100100100029
BASE,SIMULACION_CINCO_DIAS-NORMAL-N01,RECOCIDO_SIMULADO,0,TA10,ALM-CENTRAL,1,1100100100028
BASE,SIMULACION_CINCO_DIAS-NORMAL-N01,RECOCIDO_SIMULADO,0,TA01,ALM-CENTRAL,1,1100100200019
BASE,SIMULACION_CINCO_DIAS-NORMAL-N01,RECOCIDO_SIMULADO,0,TA01,ALM-CENTRAL,2,1100100200034
BASE,SIMULACION_CINCO_DIAS-NORMAL-N01,RECOCIDO_SIMULADO,0,TA01,ALM-CENTRAL,3,1100100200031
BASE,SIMULACION_CINCO_DIAS-NORMAL-N01,RECOCIDO_SIMULADO,0,TA01,ALM-CENTRAL,4,1100100200017
BASE,SIMULACION_CINCO_DIAS-NORMAL-N01,RECOCIDO_SIMULADO,0,TA01,ALM-CENTRAL,5,1100100200000
BASE,SIMULACION_CINCO_DIAS-NORMAL-N01,RECOCIDO_SIMULADO,0,TA02,ALM-CENTRAL,1,1100100200016
BASE,SIMULACION_CINCO_DIAS-NORMAL-N01,RECOCIDO_SIMULADO,0,TA02,ALM-CENTRAL,2,1100100200020
BASE,SIMULACION_CINCO_DIAS-NORMAL-N01,RECOCIDO_SIMULADO,0,TA02,ALM-CENTRAL,3,1100100200008
BASE,SIMULACION_CINCO_DIAS-NORMAL-N01,RECOCIDO_SIMULADO,0,TA02,ALM-CENTRAL,4,1100100200001
BASE,SIMULACION_CINCO_DIAS-NORMAL-N01,RECOCIDO_SIMULADO,0,TA03,ALM-CENTRAL,1,1100100200009
BASE,SIMULACION_CINCO_DIAS-NORMAL-N01,RECOCIDO_SIMULADO,0,TA03,ALM-CENTRAL,2,1100100200006
BASE,SIMULACION_CINCO_DIAS-NORMAL-N01,RECOCIDO_SIMULADO,0,TA03,ALM-CENTRAL,3,1100100200010
BASE,SIMULACION_CINCO_DIAS-NORMAL-N01,RECOCIDO_SIMULADO,0,TA03,ALM-CENTRAL,4,1100100200035
BASE,SIMULACION_CINCO_DIAS-NORMAL-N01,RECOCIDO_SIMULADO,0,TA04,ALM-CENTRAL,1,1100100200027
BASE,SIMULACION_CINCO_DIAS-NORMAL-N01,RECOCIDO_SIMULADO,0,TA04,ALM-CENTRAL,2,1100100200033
BASE,SIMULACION_CINCO_DIAS-NORMAL-N01,RECOCIDO_SIMULADO,0,TA04,ALM-CENTRAL,3,1100100200005
BASE,SIMULACION_CINCO_DIAS-NORMAL-N01,RECOCIDO_SIMULADO,0,TA04,ALM-CENTRAL,4,1100100200007
BASE,SIMULACION_CINCO_DIAS-NORMAL-N01,RECOCIDO_SIMULADO,0,TA05,ALM-CENTRAL,1,1100100200028
BASE,SIMULACION_CINCO_DIAS-NORMAL-N01,RECOCIDO_SIMULADO,0,TA05,ALM-CENTRAL,2,1100100200023
BASE,SIMULACION_CINCO_DIAS-NORMAL-N01,RECOCIDO_SIMULADO,0,TA05,ALM-CENTRAL,3,1100100200011
BASE,SIMULACION_CINCO_DIAS-NORMAL-N01,RECOCIDO_SIMULADO,0,TA05,ALM-CENTRAL,4,1100100200022
BASE,SIMULACION_CINCO_DIAS-NORMAL-N01,RECOCIDO_SIMULADO,0,TA06,ALM-CENTRAL,1,1100100200004
BASE,SIMULACION_CINCO_DIAS-NORMAL-N01,RECOCIDO_SIMULADO,0,TA06,ALM-CENTRAL,2,1100100200030
BASE,SIMULACION_CINCO_DIAS-NORMAL-N01,RECOCIDO_SIMULADO,0,TA06,ALM-CENTRAL,3,1100100200026
BASE,SIMULACION_CINCO_DIAS-NORMAL-N01,RECOCIDO_SIMULADO,0,TA07,ALM-CENTRAL,1,1100100200029
BASE,SIMULACION_CINCO_DIAS-NORMAL-N01,RECOCIDO_SIMULADO,0,TA07,ALM-CENTRAL,2,1100100200032
BASE,SIMULACION_CINCO_DIAS-NORMAL-N01,RECOCIDO_SIMULADO,0,TA07,ALM-CENTRAL,3,1100100200002
BASE,SIMULACION_CINCO_DIAS-NORMAL-N01,RECOCIDO_SIMULADO,0,TA07,ALM-CENTRAL,4,1100100200013
BASE,SIMULACION_CINCO_DIAS-NORMAL-N01,RECOCIDO_SIMULADO,0,TA08,ALM-CENTRAL,1,1100100200012
BASE,SIMULACION_CINCO_DIAS-NORMAL-N01,RECOCIDO_SIMULADO,0,TA08,ALM-CENTRAL,2,1100100200021
BASE,SIMULACION_CINCO_DIAS-NORMAL-N01,RECOCIDO_SIMULADO,0,TA09,ALM-CENTRAL,1,1100100200025
BASE,SIMULACION_CINCO_DIAS-NORMAL-N01,RECOCIDO_SIMULADO,0,TA10,ALM-CENTRAL,1,1100100200018
BASE,SIMULACION_CINCO_DIAS-NORMAL-N01,RECOCIDO_SIMULADO,0,TB01,ALM-CENTRAL,1,1100100200003
BASE,SIMULACION_CINCO_DIAS-NORMAL-N01,RECOCIDO_SIMULADO,0,TM01,ALM-CENTRAL,1,1100100200024
BASE,SIMULACION_CINCO_DIAS-NORMAL-N01,RECOCIDO_SIMULADO,0,TA01,ALM-CENTRAL,1,1100100300028
BASE,SIMULACION_CINCO_DIAS-NORMAL-N01,RECOCIDO_SIMULADO,0,TA01,ALM-CENTRAL,2,1100100300013
BASE,SIMULACION_CINCO_DIAS-NORMAL-N01,RECOCIDO_SIMULADO,0,TA01,ALM-CENTRAL,3,1100100300008
BASE,SIMULACION_CINCO_DIAS-NORMAL-N01,RECOCIDO_SIMULADO,0,TA01,ALM-CENTRAL,4,1100100300033
BASE,SIMULACION_CINCO_DIAS-NORMAL-N01,RECOCIDO_SIMULADO,0,TA01,ALM-CENTRAL,5,1100100300032
BASE,SIMULACION_CINCO_DIAS-NORMAL-N01,RECOCIDO_SIMULADO,0,TA03,ALM-CENTRAL,1,1100100300034
BASE,SIMULACION_CINCO_DIAS-NORMAL-N01,RECOCIDO_SIMULADO,0,TA03,ALM-CENTRAL,2,1100100300024
BASE,SIMULACION_CINCO_DIAS-NORMAL-N01,RECOCIDO_SIMULADO,0,TA03,ALM-CENTRAL,3,1100100300027
BASE,SIMULACION_CINCO_DIAS-NORMAL-N01,RECOCIDO_SIMULADO,0,TA03,ALM-CENTRAL,4,1100100300003
BASE,SIMULACION_CINCO_DIAS-NORMAL-N01,RECOCIDO_SIMULADO,0,TA03,ALM-CENTRAL,5,1100100300010
BASE,SIMULACION_CINCO_DIAS-NORMAL-N01,RECOCIDO_SIMULADO,0,TA04,ALM-CENTRAL,1,1100100300023
BASE,SIMULACION_CINCO_DIAS-NORMAL-N01,RECOCIDO_SIMULADO,0,TA04,ALM-CENTRAL,2,1100100300001
BASE,SIMULACION_CINCO_DIAS-NORMAL-N01,RECOCIDO_SIMULADO,0,TA04,ALM-CENTRAL,3,1100100300002
BASE,SIMULACION_CINCO_DIAS-NORMAL-N01,RECOCIDO_SIMULADO,0,TA05,ALM-CENTRAL,1,1100100300016
BASE,SIMULACION_CINCO_DIAS-NORMAL-N01,RECOCIDO_SIMULADO,0,TA05,ALM-CENTRAL,2,1100100300012
BASE,SIMULACION_CINCO_DIAS-NORMAL-N01,RECOCIDO_SIMULADO,0,TA05,ALM-CENTRAL,3,1100100300025
BASE,SIMULACION_CINCO_DIAS-NORMAL-N01,RECOCIDO_SIMULADO,0,TA06,ALM-CENTRAL,1,1100100300009
BASE,SIMULACION_CINCO_DIAS-NORMAL-N01,RECOCIDO_SIMULADO,0,TA06,ALM-CENTRAL,2,1100100300026
BASE,SIMULACION_CINCO_DIAS-NORMAL-N01,RECOCIDO_SIMULADO,0,TA07,ALM-CENTRAL,1,1100100300000
BASE,SIMULACION_CINCO_DIAS-NORMAL-N01,RECOCIDO_SIMULADO,0,TA07,ALM-CENTRAL,2,1100100300031
BASE,SIMULACION_CINCO_DIAS-NORMAL-N01,RECOCIDO_SIMULADO,0,TA08,ALM-CENTRAL,1,1100100300011
BASE,SIMULACION_CINCO_DIAS-NORMAL-N01,RECOCIDO_SIMULADO,0,TA08,ALM-CENTRAL,2,1100100300017
BASE,SIMULACION_CINCO_DIAS-NORMAL-N01,RECOCIDO_SIMULADO,0,TA09,ALM-CENTRAL,1,1100100300021
BASE,SIMULACION_CINCO_DIAS-NORMAL-N01,RECOCIDO_SIMULADO,0,TA09,ALM-CENTRAL,2,1100100300004
BASE,SIMULACION_CINCO_DIAS-NORMAL-N01,RECOCIDO_SIMULADO,0,TA09,ALM-CENTRAL,3,1100100300006
BASE,SIMULACION_CINCO_DIAS-NORMAL-N01,RECOCIDO_SIMULADO,0,TA09,ALM-CENTRAL,4,1100100300020
BASE,SIMULACION_CINCO_DIAS-NORMAL-N01,RECOCIDO_SIMULADO,0,TA09,ALM-CENTRAL,5,1100100300019
BASE,SIMULACION_CINCO_DIAS-NORMAL-N01,RECOCIDO_SIMULADO,0,TA10,ALM-CENTRAL,1,1100100300005
BASE,SIMULACION_CINCO_DIAS-NORMAL-N01,RECOCIDO_SIMULADO,0,TA10,ALM-CENTRAL,2,1100100300015
BASE,SIMULACION_CINCO_DIAS-NORMAL-N01,RECOCIDO_SIMULADO,0,TA10,ALM-CENTRAL,3,1100100300014
BASE,SIMULACION_CINCO_DIAS-NORMAL-N01,RECOCIDO_SIMULADO,0,TA10,ALM-CENTRAL,4,1100100300007
BASE,SIMULACION_CINCO_DIAS-NORMAL-N01,RECOCIDO_SIMULADO,0,TA10,ALM-CENTRAL,5,1100100300029
BASE,SIMULACION_CINCO_DIAS-NORMAL-N01,RECOCIDO_SIMULADO,0,TB01,ALM-CENTRAL,1,1100100300018
BASE,SIMULACION_CINCO_DIAS-NORMAL-N01,RECOCIDO_SIMULADO,0,TM01,ALM-CENTRAL,1,1100100300035
BASE,SIMULACION_CINCO_DIAS-NORMAL-N01,RECOCIDO_SIMULADO,0,TM02,ALM-CENTRAL,1,1100100300022
BASE,SIMULACION_CINCO_DIAS-NORMAL-N01,RECOCIDO_SIMULADO,0,TA01,ALM-CENTRAL,1,1100100400013
BASE,SIMULACION_CINCO_DIAS-NORMAL-N01,RECOCIDO_SIMULADO,0,TA01,ALM-CENTRAL,2,1100100400024
BASE,SIMULACION_CINCO_DIAS-NORMAL-N01,RECOCIDO_SIMULADO,0,TA01,ALM-CENTRAL,3,1100100400037
BASE,SIMULACION_CINCO_DIAS-NORMAL-N01,RECOCIDO_SIMULADO,0,TA01,ALM-CENTRAL,4,1100100400034
BASE,SIMULACION_CINCO_DIAS-NORMAL-N01,RECOCIDO_SIMULADO,0,TA01,ALM-CENTRAL,5,1100100400018
BASE,SIMULACION_CINCO_DIAS-NORMAL-N01,RECOCIDO_SIMULADO,0,TA03,ALM-CENTRAL,1,1100100400025
BASE,SIMULACION_CINCO_DIAS-NORMAL-N01,RECOCIDO_SIMULADO,0,TA03,ALM-CENTRAL,2,1100100400009
BASE,SIMULACION_CINCO_DIAS-NORMAL-N01,RECOCIDO_SIMULADO,0,TA03,ALM-CENTRAL,3,1100100400008
BASE,SIMULACION_CINCO_DIAS-NORMAL-N01,RECOCIDO_SIMULADO,0,TA03,ALM-CENTRAL,4,1100100400026
BASE,SIMULACION_CINCO_DIAS-NORMAL-N01,RECOCIDO_SIMULADO,0,TA04,ALM-CENTRAL,1,1100100400007
BASE,SIMULACION_CINCO_DIAS-NORMAL-N01,RECOCIDO_SIMULADO,0,TA04,ALM-CENTRAL,2,1100100400000
BASE,SIMULACION_CINCO_DIAS-NORMAL-N01,RECOCIDO_SIMULADO,0,TA04,ALM-CENTRAL,3,1100100400038
BASE,SIMULACION_CINCO_DIAS-NORMAL-N01,RECOCIDO_SIMULADO,0,TA04,ALM-CENTRAL,4,1100100400015
BASE,SIMULACION_CINCO_DIAS-NORMAL-N01,RECOCIDO_SIMULADO,0,TA05,ALM-CENTRAL,1,1100100400010
BASE,SIMULACION_CINCO_DIAS-NORMAL-N01,RECOCIDO_SIMULADO,0,TA05,ALM-CENTRAL,2,1100100400035
BASE,SIMULACION_CINCO_DIAS-NORMAL-N01,RECOCIDO_SIMULADO,0,TA05,ALM-CENTRAL,3,1100100400002
BASE,SIMULACION_CINCO_DIAS-NORMAL-N01,RECOCIDO_SIMULADO,0,TA05,ALM-CENTRAL,4,1100100400005
BASE,SIMULACION_CINCO_DIAS-NORMAL-N01,RECOCIDO_SIMULADO,0,TA06,ALM-CENTRAL,1,1100100400006
BASE,SIMULACION_CINCO_DIAS-NORMAL-N01,RECOCIDO_SIMULADO,0,TA06,ALM-CENTRAL,2,1100100400011
BASE,SIMULACION_CINCO_DIAS-NORMAL-N01,RECOCIDO_SIMULADO,0,TA06,ALM-CENTRAL,3,1100100400029
BASE,SIMULACION_CINCO_DIAS-NORMAL-N01,RECOCIDO_SIMULADO,0,TA07,ALM-CENTRAL,1,1100100400023
BASE,SIMULACION_CINCO_DIAS-NORMAL-N01,RECOCIDO_SIMULADO,0,TA07,ALM-CENTRAL,2,1100100400033
BASE,SIMULACION_CINCO_DIAS-NORMAL-N01,RECOCIDO_SIMULADO,0,TA07,ALM-CENTRAL,3,1100100400003
BASE,SIMULACION_CINCO_DIAS-NORMAL-N01,RECOCIDO_SIMULADO,0,TA08,ALM-CENTRAL,1,1100100400030
BASE,SIMULACION_CINCO_DIAS-NORMAL-N01,RECOCIDO_SIMULADO,0,TA08,ALM-CENTRAL,2,1100100400021
BASE,SIMULACION_CINCO_DIAS-NORMAL-N01,RECOCIDO_SIMULADO,0,TA08,ALM-CENTRAL,3,1100100400027
BASE,SIMULACION_CINCO_DIAS-NORMAL-N01,RECOCIDO_SIMULADO,0,TA09,ALM-CENTRAL,1,1100100400040
BASE,SIMULACION_CINCO_DIAS-NORMAL-N01,RECOCIDO_SIMULADO,0,TA09,ALM-CENTRAL,2,1100100400014
BASE,SIMULACION_CINCO_DIAS-NORMAL-N01,RECOCIDO_SIMULADO,0,TA10,ALM-CENTRAL,1,1100100400039
BASE,SIMULACION_CINCO_DIAS-NORMAL-N01,RECOCIDO_SIMULADO,0,TA10,ALM-CENTRAL,2,1100100400012
BASE,SIMULACION_CINCO_DIAS-NORMAL-N01,RECOCIDO_SIMULADO,0,TB01,ALM-CENTRAL,1,1100100400036
BASE,SIMULACION_CINCO_DIAS-NORMAL-N01,RECOCIDO_SIMULADO,0,TB03,ALM-CENTRAL,1,1100100400020
BASE,SIMULACION_CINCO_DIAS-NORMAL-N01,RECOCIDO_SIMULADO,0,TB04,ALM-CENTRAL,1,1100100400016
BASE,SIMULACION_CINCO_DIAS-NORMAL-N01,RECOCIDO_SIMULADO,0,TM01,ALM-ESTE,1,1100100400019
BASE,SIMULACION_CINCO_DIAS-NORMAL-N01,RECOCIDO_SIMULADO,0,TM02,ALM-CENTRAL,1,1100100400017
BASE,SIMULACION_CINCO_DIAS-NORMAL-N01,RECOCIDO_SIMULADO,0,TM03,ALM-CENTRAL,1,1100100400022
BASE,SIMULACION_CINCO_DIAS-NORMAL-N01,RECOCIDO_SIMULADO,0,TM04,ALM-CENTRAL,1,1100100400031
BASE,SIMULACION_CINCO_DIAS-NORMAL-N01,RECOCIDO_SIMULADO,0,TM05,ALM-CENTRAL,1,1100100400004
BASE,SIMULACION_CINCO_DIAS-NORMAL-N01,RECOCIDO_SIMULADO,0,TM06,ALM-CENTRAL,1,1100100400028
BASE,SIMULACION_CINCO_DIAS-NORMAL-N01,RECOCIDO_SIMULADO,0,NO_ASIGNADO,,,1100100000032
BASE,SIMULACION_CINCO_DIAS-NORMAL-N01,RECOCIDO_SIMULADO,0,NO_ASIGNADO,,,1100100100000
BASE,SIMULACION_CINCO_DIAS-NORMAL-N01,RECOCIDO_SIMULADO,0,NO_ASIGNADO,,,1100100200015
BASE,SIMULACION_CINCO_DIAS-NORMAL-N01,RECOCIDO_SIMULADO,0,NO_ASIGNADO,,,1100100200014
BASE,SIMULACION_CINCO_DIAS-NORMAL-N01,RECOCIDO_SIMULADO,0,NO_ASIGNADO,,,1100100300030
BASE,SIMULACION_CINCO_DIAS-NORMAL-N01,RECOCIDO_SIMULADO,0,NO_ASIGNADO,,,1100100400001
BASE,SIMULACION_CINCO_DIAS-NORMAL-N01,RECOCIDO_SIMULADO,0,NO_ASIGNADO,,,1100100400032
BASE,SIMULACION_CINCO_DIAS-NORMAL-N01,RECOCIDO_SIMULADO,1,TA01,ALM-CENTRAL,1,1100100000002
BASE,SIMULACION_CINCO_DIAS-NORMAL-N01,RECOCIDO_SIMULADO,1,TA01,ALM-CENTRAL,2,1100100000029
BASE,SIMULACION_CINCO_DIAS-NORMAL-N01,RECOCIDO_SIMULADO,1,TA02,ALM-CENTRAL,1,1100100000022
BASE,SIMULACION_CINCO_DIAS-NORMAL-N01,RECOCIDO_SIMULADO,1,TA02,ALM-CENTRAL,2,1100100000037
BASE,SIMULACION_CINCO_DIAS-NORMAL-N01,RECOCIDO_SIMULADO,1,TA03,ALM-CENTRAL,1,1100100000012
BASE,SIMULACION_CINCO_DIAS-NORMAL-N01,RECOCIDO_SIMULADO,1,TA03,ALM-CENTRAL,2,1100100000016
BASE,SIMULACION_CINCO_DIAS-NORMAL-N01,RECOCIDO_SIMULADO,1,TA04,ALM-CENTRAL,1,1100100000008
BASE,SIMULACION_CINCO_DIAS-NORMAL-N01,RECOCIDO_SIMULADO,1,TA04,ALM-CENTRAL,2,1100100000005
BASE,SIMULACION_CINCO_DIAS-NORMAL-N01,RECOCIDO_SIMULADO,1,TA05,ALM-CENTRAL,1,1100100000041
BASE,SIMULACION_CINCO_DIAS-NORMAL-N01,RECOCIDO_SIMULADO,1,TA05,ALM-CENTRAL,2,1100100000011
BASE,SIMULACION_CINCO_DIAS-NORMAL-N01,RECOCIDO_SIMULADO,1,TA05,ALM-CENTRAL,3,1100100000010
BASE,SIMULACION_CINCO_DIAS-NORMAL-N01,RECOCIDO_SIMULADO,1,TA06,ALM-CENTRAL,1,1100100000015
BASE,SIMULACION_CINCO_DIAS-NORMAL-N01,RECOCIDO_SIMULADO,1,TA06,ALM-CENTRAL,2,1100100000040
BASE,SIMULACION_CINCO_DIAS-NORMAL-N01,RECOCIDO_SIMULADO,1,TA07,ALM-CENTRAL,1,1100100000009
BASE,SIMULACION_CINCO_DIAS-NORMAL-N01,RECOCIDO_SIMULADO,1,TA07,ALM-CENTRAL,2,1100100000036
BASE,SIMULACION_CINCO_DIAS-NORMAL-N01,RECOCIDO_SIMULADO,1,TA07,ALM-CENTRAL,3,1100100000033
BASE,SIMULACION_CINCO_DIAS-NORMAL-N01,RECOCIDO_SIMULADO,1,TA08,ALM-CENTRAL,1,1100100000006
BASE,SIMULACION_CINCO_DIAS-NORMAL-N01,RECOCIDO_SIMULADO,1,TA08,ALM-CENTRAL,2,1100100000014
BASE,SIMULACION_CINCO_DIAS-NORMAL-N01,RECOCIDO_SIMULADO,1,TA09,ALM-CENTRAL,1,1100100000020
BASE,SIMULACION_CINCO_DIAS-NORMAL-N01,RECOCIDO_SIMULADO,1,TA09,ALM-CENTRAL,2,1100100000004
BASE,SIMULACION_CINCO_DIAS-NORMAL-N01,RECOCIDO_SIMULADO,1,TA10,ALM-CENTRAL,1,1100100000028
BASE,SIMULACION_CINCO_DIAS-NORMAL-N01,RECOCIDO_SIMULADO,1,TA10,ALM-CENTRAL,2,1100100000034
BASE,SIMULACION_CINCO_DIAS-NORMAL-N01,RECOCIDO_SIMULADO,1,TB03,ALM-CENTRAL,1,1100100000019
BASE,SIMULACION_CINCO_DIAS-NORMAL-N01,RECOCIDO_SIMULADO,1,TM01,ALM-CENTRAL,1,1100100000039
BASE,SIMULACION_CINCO_DIAS-NORMAL-N01,RECOCIDO_SIMULADO,1,TM02,ALM-CENTRAL,1,1100100000035
BASE,SIMULACION_CINCO_DIAS-NORMAL-N01,RECOCIDO_SIMULADO,1,TM03,ALM-CENTRAL,1,1100100000025
BASE,SIMULACION_CINCO_DIAS-NORMAL-N01,RECOCIDO_SIMULADO,1,TM04,ALM-CENTRAL,1,1100100000031
BASE,SIMULACION_CINCO_DIAS-NORMAL-N01,RECOCIDO_SIMULADO,1,TM04,ALM-CENTRAL,2,1100100000017
BASE,SIMULACION_CINCO_DIAS-NORMAL-N01,RECOCIDO_SIMULADO,1,TM05,ALM-CENTRAL,1,1100100000026
BASE,SIMULACION_CINCO_DIAS-NORMAL-N01,RECOCIDO_SIMULADO,1,TM05,ALM-CENTRAL,2,1100100000023
BASE,SIMULACION_CINCO_DIAS-NORMAL-N01,RECOCIDO_SIMULADO,1,TM07,ALM-CENTRAL,1,1100100000042
BASE,SIMULACION_CINCO_DIAS-NORMAL-N01,RECOCIDO_SIMULADO,1,TM07,ALM-CENTRAL,2,1100100000018
BASE,SIMULACION_CINCO_DIAS-NORMAL-N01,RECOCIDO_SIMULADO,1,TM08,ALM-CENTRAL,1,1100100000043
BASE,SIMULACION_CINCO_DIAS-NORMAL-N01,RECOCIDO_SIMULADO,1,TM09,ALM-CENTRAL,1,1100100000030
BASE,SIMULACION_CINCO_DIAS-NORMAL-N01,RECOCIDO_SIMULADO,1,TM10,ALM-CENTRAL,1,1100100000001
BASE,SIMULACION_CINCO_DIAS-NORMAL-N01,RECOCIDO_SIMULADO,1,TM10,ALM-CENTRAL,2,1100100000007
BASE,SIMULACION_CINCO_DIAS-NORMAL-N01,RECOCIDO_SIMULADO,1,TM11,ALM-CENTRAL,1,1100100000021
BASE,SIMULACION_CINCO_DIAS-NORMAL-N01,RECOCIDO_SIMULADO,1,TM11,ALM-CENTRAL,2,1100100000003
BASE,SIMULACION_CINCO_DIAS-NORMAL-N01,RECOCIDO_SIMULADO,1,TM12,ALM-CENTRAL,1,1100100000038
BASE,SIMULACION_CINCO_DIAS-NORMAL-N01,RECOCIDO_SIMULADO,1,TM13,ALM-CENTRAL,1,1100100000013
BASE,SIMULACION_CINCO_DIAS-NORMAL-N01,RECOCIDO_SIMULADO,1,TM14,ALM-CENTRAL,1,1100100000027
BASE,SIMULACION_CINCO_DIAS-NORMAL-N01,RECOCIDO_SIMULADO,1,TM14,ALM-CENTRAL,2,1100100000024
BASE,SIMULACION_CINCO_DIAS-NORMAL-N01,RECOCIDO_SIMULADO,1,TM15,ALM-CENTRAL,1,1100100000000
BASE,SIMULACION_CINCO_DIAS-NORMAL-N01,RECOCIDO_SIMULADO,1,TA01,ALM-CENTRAL,1,1100100100011
BASE,SIMULACION_CINCO_DIAS-NORMAL-N01,RECOCIDO_SIMULADO,1,TA01,ALM-CENTRAL,2,1100100100005
BASE,SIMULACION_CINCO_DIAS-NORMAL-N01,RECOCIDO_SIMULADO,1,TA01,ALM-CENTRAL,3,1100100100021
BASE,SIMULACION_CINCO_DIAS-NORMAL-N01,RECOCIDO_SIMULADO,1,TA01,ALM-CENTRAL,4,1100100100017
BASE,SIMULACION_CINCO_DIAS-NORMAL-N01,RECOCIDO_SIMULADO,1,TA02,ALM-CENTRAL,1,1100100100033
BASE,SIMULACION_CINCO_DIAS-NORMAL-N01,RECOCIDO_SIMULADO,1,TA02,ALM-CENTRAL,2,1100100100004
BASE,SIMULACION_CINCO_DIAS-NORMAL-N01,RECOCIDO_SIMULADO,1,TA02,ALM-CENTRAL,3,1100100100008
BASE,SIMULACION_CINCO_DIAS-NORMAL-N01,RECOCIDO_SIMULADO,1,TA02,ALM-CENTRAL,4,1100100100030
BASE,SIMULACION_CINCO_DIAS-NORMAL-N01,RECOCIDO_SIMULADO,1,TA02,ALM-CENTRAL,5,1100100100035
BASE,SIMULACION_CINCO_DIAS-NORMAL-N01,RECOCIDO_SIMULADO,1,TA03,ALM-CENTRAL,1,1100100100003
BASE,SIMULACION_CINCO_DIAS-NORMAL-N01,RECOCIDO_SIMULADO,1,TA03,ALM-CENTRAL,2,1100100100036
BASE,SIMULACION_CINCO_DIAS-NORMAL-N01,RECOCIDO_SIMULADO,1,TA03,ALM-CENTRAL,3,1100100100032
BASE,SIMULACION_CINCO_DIAS-NORMAL-N01,RECOCIDO_SIMULADO,1,TA04,ALM-CENTRAL,1,1100100100007
BASE,SIMULACION_CINCO_DIAS-NORMAL-N01,RECOCIDO_SIMULADO,1,TA04,ALM-CENTRAL,2,1100100100009
BASE,SIMULACION_CINCO_DIAS-NORMAL-N01,RECOCIDO_SIMULADO,1,TA04,ALM-CENTRAL,3,1100100100025
BASE,SIMULACION_CINCO_DIAS-NORMAL-N01,RECOCIDO_SIMULADO,1,TA04,ALM-CENTRAL,4,1100100100001
BASE,SIMULACION_CINCO_DIAS-NORMAL-N01,RECOCIDO_SIMULADO,1,TA04,ALM-CENTRAL,5,1100100100015
BASE,SIMULACION_CINCO_DIAS-NORMAL-N01,RECOCIDO_SIMULADO,1,TA05,ALM-CENTRAL,1,1100100100002
BASE,SIMULACION_CINCO_DIAS-NORMAL-N01,RECOCIDO_SIMULADO,1,TA05,ALM-CENTRAL,2,1100100100014
BASE,SIMULACION_CINCO_DIAS-NORMAL-N01,RECOCIDO_SIMULADO,1,TA05,ALM-CENTRAL,3,1100100100023
BASE,SIMULACION_CINCO_DIAS-NORMAL-N01,RECOCIDO_SIMULADO,1,TA05,ALM-CENTRAL,4,1100100100006
BASE,SIMULACION_CINCO_DIAS-NORMAL-N01,RECOCIDO_SIMULADO,1,TA05,ALM-CENTRAL,5,1100100100016
BASE,SIMULACION_CINCO_DIAS-NORMAL-N01,RECOCIDO_SIMULADO,1,TA05,ALM-CENTRAL,6,1100100100019
BASE,SIMULACION_CINCO_DIAS-NORMAL-N01,RECOCIDO_SIMULADO,1,TA06,ALM-CENTRAL,1,1100100100018
BASE,SIMULACION_CINCO_DIAS-NORMAL-N01,RECOCIDO_SIMULADO,1,TA06,ALM-CENTRAL,2,1100100100012
BASE,SIMULACION_CINCO_DIAS-NORMAL-N01,RECOCIDO_SIMULADO,1,TA06,ALM-CENTRAL,3,1100100100024
BASE,SIMULACION_CINCO_DIAS-NORMAL-N01,RECOCIDO_SIMULADO,1,TA07,ALM-CENTRAL,1,1100100100026
BASE,SIMULACION_CINCO_DIAS-NORMAL-N01,RECOCIDO_SIMULADO,1,TA07,ALM-CENTRAL,2,1100100100027
BASE,SIMULACION_CINCO_DIAS-NORMAL-N01,RECOCIDO_SIMULADO,1,TA07,ALM-CENTRAL,3,1100100100022
BASE,SIMULACION_CINCO_DIAS-NORMAL-N01,RECOCIDO_SIMULADO,1,TA08,ALM-CENTRAL,1,1100100100034
BASE,SIMULACION_CINCO_DIAS-NORMAL-N01,RECOCIDO_SIMULADO,1,TA08,ALM-CENTRAL,2,1100100100020
BASE,SIMULACION_CINCO_DIAS-NORMAL-N01,RECOCIDO_SIMULADO,1,TA08,ALM-CENTRAL,3,1100100100013
BASE,SIMULACION_CINCO_DIAS-NORMAL-N01,RECOCIDO_SIMULADO,1,TA08,ALM-CENTRAL,4,1100100100031
BASE,SIMULACION_CINCO_DIAS-NORMAL-N01,RECOCIDO_SIMULADO,1,TA09,ALM-CENTRAL,1,1100100100010
BASE,SIMULACION_CINCO_DIAS-NORMAL-N01,RECOCIDO_SIMULADO,1,TA09,ALM-CENTRAL,2,1100100100029
BASE,SIMULACION_CINCO_DIAS-NORMAL-N01,RECOCIDO_SIMULADO,1,TA10,ALM-CENTRAL,1,1100100100028
BASE,SIMULACION_CINCO_DIAS-NORMAL-N01,RECOCIDO_SIMULADO,1,TA01,ALM-CENTRAL,1,1100100200019
BASE,SIMULACION_CINCO_DIAS-NORMAL-N01,RECOCIDO_SIMULADO,1,TA01,ALM-CENTRAL,2,1100100200034
BASE,SIMULACION_CINCO_DIAS-NORMAL-N01,RECOCIDO_SIMULADO,1,TA01,ALM-CENTRAL,3,1100100200031
BASE,SIMULACION_CINCO_DIAS-NORMAL-N01,RECOCIDO_SIMULADO,1,TA01,ALM-CENTRAL,4,1100100200017
BASE,SIMULACION_CINCO_DIAS-NORMAL-N01,RECOCIDO_SIMULADO,1,TA01,ALM-CENTRAL,5,1100100200000
BASE,SIMULACION_CINCO_DIAS-NORMAL-N01,RECOCIDO_SIMULADO,1,TA02,ALM-CENTRAL,1,1100100200016
BASE,SIMULACION_CINCO_DIAS-NORMAL-N01,RECOCIDO_SIMULADO,1,TA02,ALM-CENTRAL,2,1100100200020
BASE,SIMULACION_CINCO_DIAS-NORMAL-N01,RECOCIDO_SIMULADO,1,TA02,ALM-CENTRAL,3,1100100200008
BASE,SIMULACION_CINCO_DIAS-NORMAL-N01,RECOCIDO_SIMULADO,1,TA02,ALM-CENTRAL,4,1100100200001
BASE,SIMULACION_CINCO_DIAS-NORMAL-N01,RECOCIDO_SIMULADO,1,TA03,ALM-CENTRAL,1,1100100200009
BASE,SIMULACION_CINCO_DIAS-NORMAL-N01,RECOCIDO_SIMULADO,1,TA03,ALM-CENTRAL,2,1100100200006
BASE,SIMULACION_CINCO_DIAS-NORMAL-N01,RECOCIDO_SIMULADO,1,TA03,ALM-CENTRAL,3,1100100200010
BASE,SIMULACION_CINCO_DIAS-NORMAL-N01,RECOCIDO_SIMULADO,1,TA03,ALM-CENTRAL,4,1100100200035
BASE,SIMULACION_CINCO_DIAS-NORMAL-N01,RECOCIDO_SIMULADO,1,TA04,ALM-CENTRAL,1,1100100200027
BASE,SIMULACION_CINCO_DIAS-NORMAL-N01,RECOCIDO_SIMULADO,1,TA04,ALM-CENTRAL,2,1100100200033
BASE,SIMULACION_CINCO_DIAS-NORMAL-N01,RECOCIDO_SIMULADO,1,TA04,ALM-CENTRAL,3,1100100200005
BASE,SIMULACION_CINCO_DIAS-NORMAL-N01,RECOCIDO_SIMULADO,1,TA04,ALM-CENTRAL,4,1100100200007
BASE,SIMULACION_CINCO_DIAS-NORMAL-N01,RECOCIDO_SIMULADO,1,TA05,ALM-CENTRAL,1,1100100200028
BASE,SIMULACION_CINCO_DIAS-NORMAL-N01,RECOCIDO_SIMULADO,1,TA05,ALM-CENTRAL,2,1100100200023
BASE,SIMULACION_CINCO_DIAS-NORMAL-N01,RECOCIDO_SIMULADO,1,TA05,ALM-CENTRAL,3,1100100200011
BASE,SIMULACION_CINCO_DIAS-NORMAL-N01,RECOCIDO_SIMULADO,1,TA05,ALM-CENTRAL,4,1100100200022
BASE,SIMULACION_CINCO_DIAS-NORMAL-N01,RECOCIDO_SIMULADO,1,TA06,ALM-CENTRAL,1,1100100200004
BASE,SIMULACION_CINCO_DIAS-NORMAL-N01,RECOCIDO_SIMULADO,1,TA06,ALM-CENTRAL,2,1100100200030
BASE,SIMULACION_CINCO_DIAS-NORMAL-N01,RECOCIDO_SIMULADO,1,TA06,ALM-CENTRAL,3,1100100200026
BASE,SIMULACION_CINCO_DIAS-NORMAL-N01,RECOCIDO_SIMULADO,1,TA07,ALM-CENTRAL,1,1100100200029
BASE,SIMULACION_CINCO_DIAS-NORMAL-N01,RECOCIDO_SIMULADO,1,TA07,ALM-CENTRAL,2,1100100200032
BASE,SIMULACION_CINCO_DIAS-NORMAL-N01,RECOCIDO_SIMULADO,1,TA07,ALM-CENTRAL,3,1100100200002
BASE,SIMULACION_CINCO_DIAS-NORMAL-N01,RECOCIDO_SIMULADO,1,TA07,ALM-CENTRAL,4,1100100200013
BASE,SIMULACION_CINCO_DIAS-NORMAL-N01,RECOCIDO_SIMULADO,1,TA08,ALM-CENTRAL,1,1100100200012
BASE,SIMULACION_CINCO_DIAS-NORMAL-N01,RECOCIDO_SIMULADO,1,TA08,ALM-CENTRAL,2,1100100200021
BASE,SIMULACION_CINCO_DIAS-NORMAL-N01,RECOCIDO_SIMULADO,1,TA09,ALM-CENTRAL,1,1100100200025
BASE,SIMULACION_CINCO_DIAS-NORMAL-N01,RECOCIDO_SIMULADO,1,TA10,ALM-CENTRAL,1,1100100200018
BASE,SIMULACION_CINCO_DIAS-NORMAL-N01,RECOCIDO_SIMULADO,1,TB01,ALM-CENTRAL,1,1100100200003
BASE,SIMULACION_CINCO_DIAS-NORMAL-N01,RECOCIDO_SIMULADO,1,TM01,ALM-CENTRAL,1,1100100200024
BASE,SIMULACION_CINCO_DIAS-NORMAL-N01,RECOCIDO_SIMULADO,1,TA01,ALM-CENTRAL,1,1100100300028
BASE,SIMULACION_CINCO_DIAS-NORMAL-N01,RECOCIDO_SIMULADO,1,TA01,ALM-CENTRAL,2,1100100300013
BASE,SIMULACION_CINCO_DIAS-NORMAL-N01,RECOCIDO_SIMULADO,1,TA01,ALM-CENTRAL,3,1100100300027
BASE,SIMULACION_CINCO_DIAS-NORMAL-N01,RECOCIDO_SIMULADO,1,TA01,ALM-CENTRAL,4,1100100300033
BASE,SIMULACION_CINCO_DIAS-NORMAL-N01,RECOCIDO_SIMULADO,1,TA01,ALM-CENTRAL,5,1100100300032
BASE,SIMULACION_CINCO_DIAS-NORMAL-N01,RECOCIDO_SIMULADO,1,TA03,ALM-CENTRAL,1,1100100300034
BASE,SIMULACION_CINCO_DIAS-NORMAL-N01,RECOCIDO_SIMULADO,1,TA03,ALM-CENTRAL,2,1100100300024
BASE,SIMULACION_CINCO_DIAS-NORMAL-N01,RECOCIDO_SIMULADO,1,TA03,ALM-CENTRAL,3,1100100300008
BASE,SIMULACION_CINCO_DIAS-NORMAL-N01,RECOCIDO_SIMULADO,1,TA03,ALM-CENTRAL,4,1100100300003
BASE,SIMULACION_CINCO_DIAS-NORMAL-N01,RECOCIDO_SIMULADO,1,TA03,ALM-CENTRAL,5,1100100300010
BASE,SIMULACION_CINCO_DIAS-NORMAL-N01,RECOCIDO_SIMULADO,1,TA04,ALM-CENTRAL,1,1100100300023
BASE,SIMULACION_CINCO_DIAS-NORMAL-N01,RECOCIDO_SIMULADO,1,TA04,ALM-CENTRAL,2,1100100300001
BASE,SIMULACION_CINCO_DIAS-NORMAL-N01,RECOCIDO_SIMULADO,1,TA04,ALM-CENTRAL,3,1100100300002
BASE,SIMULACION_CINCO_DIAS-NORMAL-N01,RECOCIDO_SIMULADO,1,TA05,ALM-CENTRAL,1,1100100300016
BASE,SIMULACION_CINCO_DIAS-NORMAL-N01,RECOCIDO_SIMULADO,1,TA05,ALM-CENTRAL,2,1100100300012
BASE,SIMULACION_CINCO_DIAS-NORMAL-N01,RECOCIDO_SIMULADO,1,TA05,ALM-CENTRAL,3,1100100300025
BASE,SIMULACION_CINCO_DIAS-NORMAL-N01,RECOCIDO_SIMULADO,1,TA06,ALM-CENTRAL,1,1100100300009
BASE,SIMULACION_CINCO_DIAS-NORMAL-N01,RECOCIDO_SIMULADO,1,TA06,ALM-CENTRAL,2,1100100300026
BASE,SIMULACION_CINCO_DIAS-NORMAL-N01,RECOCIDO_SIMULADO,1,TA07,ALM-CENTRAL,1,1100100300000
BASE,SIMULACION_CINCO_DIAS-NORMAL-N01,RECOCIDO_SIMULADO,1,TA07,ALM-CENTRAL,2,1100100300031
BASE,SIMULACION_CINCO_DIAS-NORMAL-N01,RECOCIDO_SIMULADO,1,TA08,ALM-CENTRAL,1,1100100300011
BASE,SIMULACION_CINCO_DIAS-NORMAL-N01,RECOCIDO_SIMULADO,1,TA08,ALM-CENTRAL,2,1100100300017
BASE,SIMULACION_CINCO_DIAS-NORMAL-N01,RECOCIDO_SIMULADO,1,TA09,ALM-CENTRAL,1,1100100300021
BASE,SIMULACION_CINCO_DIAS-NORMAL-N01,RECOCIDO_SIMULADO,1,TA09,ALM-CENTRAL,2,1100100300004
BASE,SIMULACION_CINCO_DIAS-NORMAL-N01,RECOCIDO_SIMULADO,1,TA09,ALM-CENTRAL,3,1100100300006
BASE,SIMULACION_CINCO_DIAS-NORMAL-N01,RECOCIDO_SIMULADO,1,TA09,ALM-CENTRAL,4,1100100300020
BASE,SIMULACION_CINCO_DIAS-NORMAL-N01,RECOCIDO_SIMULADO,1,TA09,ALM-CENTRAL,5,1100100300019
BASE,SIMULACION_CINCO_DIAS-NORMAL-N01,RECOCIDO_SIMULADO,1,TA10,ALM-CENTRAL,1,1100100300005
BASE,SIMULACION_CINCO_DIAS-NORMAL-N01,RECOCIDO_SIMULADO,1,TA10,ALM-CENTRAL,2,1100100300015
BASE,SIMULACION_CINCO_DIAS-NORMAL-N01,RECOCIDO_SIMULADO,1,TA10,ALM-CENTRAL,3,1100100300014
BASE,SIMULACION_CINCO_DIAS-NORMAL-N01,RECOCIDO_SIMULADO,1,TA10,ALM-CENTRAL,4,1100100300007
BASE,SIMULACION_CINCO_DIAS-NORMAL-N01,RECOCIDO_SIMULADO,1,TA10,ALM-CENTRAL,5,1100100300029
BASE,SIMULACION_CINCO_DIAS-NORMAL-N01,RECOCIDO_SIMULADO,1,TB01,ALM-CENTRAL,1,1100100300018
BASE,SIMULACION_CINCO_DIAS-NORMAL-N01,RECOCIDO_SIMULADO,1,TM01,ALM-CENTRAL,1,1100100300035
BASE,SIMULACION_CINCO_DIAS-NORMAL-N01,RECOCIDO_SIMULADO,1,TM02,ALM-CENTRAL,1,1100100300022
BASE,SIMULACION_CINCO_DIAS-NORMAL-N01,RECOCIDO_SIMULADO,1,TA01,ALM-CENTRAL,1,1100100400013
BASE,SIMULACION_CINCO_DIAS-NORMAL-N01,RECOCIDO_SIMULADO,1,TA01,ALM-CENTRAL,2,1100100400024
BASE,SIMULACION_CINCO_DIAS-NORMAL-N01,RECOCIDO_SIMULADO,1,TA01,ALM-CENTRAL,3,1100100400037
BASE,SIMULACION_CINCO_DIAS-NORMAL-N01,RECOCIDO_SIMULADO,1,TA01,ALM-CENTRAL,4,1100100400034
BASE,SIMULACION_CINCO_DIAS-NORMAL-N01,RECOCIDO_SIMULADO,1,TA01,ALM-CENTRAL,5,1100100400018
BASE,SIMULACION_CINCO_DIAS-NORMAL-N01,RECOCIDO_SIMULADO,1,TA03,ALM-CENTRAL,1,1100100400025
BASE,SIMULACION_CINCO_DIAS-NORMAL-N01,RECOCIDO_SIMULADO,1,TA03,ALM-CENTRAL,2,1100100400009
BASE,SIMULACION_CINCO_DIAS-NORMAL-N01,RECOCIDO_SIMULADO,1,TA03,ALM-CENTRAL,3,1100100400008
BASE,SIMULACION_CINCO_DIAS-NORMAL-N01,RECOCIDO_SIMULADO,1,TA03,ALM-CENTRAL,4,1100100400026
BASE,SIMULACION_CINCO_DIAS-NORMAL-N01,RECOCIDO_SIMULADO,1,TA04,ALM-CENTRAL,1,1100100400007
BASE,SIMULACION_CINCO_DIAS-NORMAL-N01,RECOCIDO_SIMULADO,1,TA04,ALM-CENTRAL,2,1100100400000
BASE,SIMULACION_CINCO_DIAS-NORMAL-N01,RECOCIDO_SIMULADO,1,TA04,ALM-CENTRAL,3,1100100400038
BASE,SIMULACION_CINCO_DIAS-NORMAL-N01,RECOCIDO_SIMULADO,1,TA04,ALM-CENTRAL,4,1100100400015
BASE,SIMULACION_CINCO_DIAS-NORMAL-N01,RECOCIDO_SIMULADO,1,TA05,ALM-CENTRAL,1,1100100400010
BASE,SIMULACION_CINCO_DIAS-NORMAL-N01,RECOCIDO_SIMULADO,1,TA05,ALM-CENTRAL,2,1100100400035
BASE,SIMULACION_CINCO_DIAS-NORMAL-N01,RECOCIDO_SIMULADO,1,TA05,ALM-CENTRAL,3,1100100400002
BASE,SIMULACION_CINCO_DIAS-NORMAL-N01,RECOCIDO_SIMULADO,1,TA05,ALM-CENTRAL,4,1100100400005
BASE,SIMULACION_CINCO_DIAS-NORMAL-N01,RECOCIDO_SIMULADO,1,TA06,ALM-CENTRAL,1,1100100400006
BASE,SIMULACION_CINCO_DIAS-NORMAL-N01,RECOCIDO_SIMULADO,1,TA06,ALM-CENTRAL,2,1100100400011
BASE,SIMULACION_CINCO_DIAS-NORMAL-N01,RECOCIDO_SIMULADO,1,TA06,ALM-CENTRAL,3,1100100400029
BASE,SIMULACION_CINCO_DIAS-NORMAL-N01,RECOCIDO_SIMULADO,1,TA07,ALM-CENTRAL,1,1100100400023
BASE,SIMULACION_CINCO_DIAS-NORMAL-N01,RECOCIDO_SIMULADO,1,TA07,ALM-CENTRAL,2,1100100400033
BASE,SIMULACION_CINCO_DIAS-NORMAL-N01,RECOCIDO_SIMULADO,1,TA07,ALM-CENTRAL,3,1100100400003
BASE,SIMULACION_CINCO_DIAS-NORMAL-N01,RECOCIDO_SIMULADO,1,TA08,ALM-CENTRAL,1,1100100400030
BASE,SIMULACION_CINCO_DIAS-NORMAL-N01,RECOCIDO_SIMULADO,1,TA08,ALM-CENTRAL,2,1100100400021
BASE,SIMULACION_CINCO_DIAS-NORMAL-N01,RECOCIDO_SIMULADO,1,TA08,ALM-CENTRAL,3,1100100400027
BASE,SIMULACION_CINCO_DIAS-NORMAL-N01,RECOCIDO_SIMULADO,1,TA09,ALM-CENTRAL,1,1100100400040
BASE,SIMULACION_CINCO_DIAS-NORMAL-N01,RECOCIDO_SIMULADO,1,TA09,ALM-CENTRAL,2,1100100400014
BASE,SIMULACION_CINCO_DIAS-NORMAL-N01,RECOCIDO_SIMULADO,1,TA10,ALM-CENTRAL,1,1100100400039
BASE,SIMULACION_CINCO_DIAS-NORMAL-N01,RECOCIDO_SIMULADO,1,TA10,ALM-CENTRAL,2,1100100400012
BASE,SIMULACION_CINCO_DIAS-NORMAL-N01,RECOCIDO_SIMULADO,1,TB01,ALM-CENTRAL,1,1100100400036
BASE,SIMULACION_CINCO_DIAS-NORMAL-N01,RECOCIDO_SIMULADO,1,TB03,ALM-CENTRAL,1,1100100400020
BASE,SIMULACION_CINCO_DIAS-NORMAL-N01,RECOCIDO_SIMULADO,1,TB04,ALM-CENTRAL,1,1100100400016
BASE,SIMULACION_CINCO_DIAS-NORMAL-N01,RECOCIDO_SIMULADO,1,TM01,ALM-ESTE,1,1100100400019
BASE,SIMULACION_CINCO_DIAS-NORMAL-N01,RECOCIDO_SIMULADO,1,TM02,ALM-CENTRAL,1,1100100400017
BASE,SIMULACION_CINCO_DIAS-NORMAL-N01,RECOCIDO_SIMULADO,1,TM03,ALM-CENTRAL,1,1100100400022
BASE,SIMULACION_CINCO_DIAS-NORMAL-N01,RECOCIDO_SIMULADO,1,TM04,ALM-CENTRAL,1,1100100400031
BASE,SIMULACION_CINCO_DIAS-NORMAL-N01,RECOCIDO_SIMULADO,1,TM05,ALM-CENTRAL,1,1100100400004
BASE,SIMULACION_CINCO_DIAS-NORMAL-N01,RECOCIDO_SIMULADO,1,TM06,ALM-CENTRAL,1,1100100400028
BASE,SIMULACION_CINCO_DIAS-NORMAL-N01,RECOCIDO_SIMULADO,1,NO_ASIGNADO,,,1100100000032
BASE,SIMULACION_CINCO_DIAS-NORMAL-N01,RECOCIDO_SIMULADO,1,NO_ASIGNADO,,,1100100100000
BASE,SIMULACION_CINCO_DIAS-NORMAL-N01,RECOCIDO_SIMULADO,1,NO_ASIGNADO,,,1100100200015
BASE,SIMULACION_CINCO_DIAS-NORMAL-N01,RECOCIDO_SIMULADO,1,NO_ASIGNADO,,,1100100200014
BASE,SIMULACION_CINCO_DIAS-NORMAL-N01,RECOCIDO_SIMULADO,1,NO_ASIGNADO,,,1100100300030
BASE,SIMULACION_CINCO_DIAS-NORMAL-N01,RECOCIDO_SIMULADO,1,NO_ASIGNADO,,,1100100400001
BASE,SIMULACION_CINCO_DIAS-NORMAL-N01,RECOCIDO_SIMULADO,1,NO_ASIGNADO,,,1100100400032
BASE,SIMULACION_CINCO_DIAS-NORMAL-N01,GENETICO,1,TA01,ALM-CENTRAL,1,1100100000036
BASE,SIMULACION_CINCO_DIAS-NORMAL-N01,GENETICO,1,TA01,ALM-CENTRAL,2,1100100000026
BASE,SIMULACION_CINCO_DIAS-NORMAL-N01,GENETICO,1,TA01,ALM-CENTRAL,3,1100100000043
BASE,SIMULACION_CINCO_DIAS-NORMAL-N01,GENETICO,1,TA01,ALM-CENTRAL,4,1100100000014
BASE,SIMULACION_CINCO_DIAS-NORMAL-N01,GENETICO,1,TA02,ALM-CENTRAL,1,1100100000017
BASE,SIMULACION_CINCO_DIAS-NORMAL-N01,GENETICO,1,TA02,ALM-CENTRAL,2,1100100000008
BASE,SIMULACION_CINCO_DIAS-NORMAL-N01,GENETICO,1,TA02,ALM-CENTRAL,3,1100100000006
BASE,SIMULACION_CINCO_DIAS-NORMAL-N01,GENETICO,1,TA02,ALM-CENTRAL,4,1100100000018
BASE,SIMULACION_CINCO_DIAS-NORMAL-N01,GENETICO,1,TA03,ALM-CENTRAL,1,1100100000041
BASE,SIMULACION_CINCO_DIAS-NORMAL-N01,GENETICO,1,TA03,ALM-CENTRAL,2,1100100000028
BASE,SIMULACION_CINCO_DIAS-NORMAL-N01,GENETICO,1,TA03,ALM-CENTRAL,3,1100100000007
BASE,SIMULACION_CINCO_DIAS-NORMAL-N01,GENETICO,1,TA03,ALM-CENTRAL,4,1100100000024
BASE,SIMULACION_CINCO_DIAS-NORMAL-N01,GENETICO,1,TA04,ALM-CENTRAL,1,1100100000004
BASE,SIMULACION_CINCO_DIAS-NORMAL-N01,GENETICO,1,TA04,ALM-CENTRAL,2,1100100000037
BASE,SIMULACION_CINCO_DIAS-NORMAL-N01,GENETICO,1,TA05,ALM-CENTRAL,1,1100100000009
BASE,SIMULACION_CINCO_DIAS-NORMAL-N01,GENETICO,1,TA05,ALM-CENTRAL,2,1100100000038
BASE,SIMULACION_CINCO_DIAS-NORMAL-N01,GENETICO,1,TA05,ALM-CENTRAL,3,1100100000034
BASE,SIMULACION_CINCO_DIAS-NORMAL-N01,GENETICO,1,TA06,ALM-CENTRAL,1,1100100000000
BASE,SIMULACION_CINCO_DIAS-NORMAL-N01,GENETICO,1,TA06,ALM-CENTRAL,2,1100100000019
BASE,SIMULACION_CINCO_DIAS-NORMAL-N01,GENETICO,1,TA06,ALM-CENTRAL,3,1100100000013
BASE,SIMULACION_CINCO_DIAS-NORMAL-N01,GENETICO,1,TA06,ALM-CENTRAL,4,1100100000029
BASE,SIMULACION_CINCO_DIAS-NORMAL-N01,GENETICO,1,TA07,ALM-CENTRAL,1,1100100000016
BASE,SIMULACION_CINCO_DIAS-NORMAL-N01,GENETICO,1,TA07,ALM-CENTRAL,2,1100100000040
BASE,SIMULACION_CINCO_DIAS-NORMAL-N01,GENETICO,1,TA08,ALM-CENTRAL,1,1100100000025
BASE,SIMULACION_CINCO_DIAS-NORMAL-N01,GENETICO,1,TA08,ALM-CENTRAL,2,1100100000022
BASE,SIMULACION_CINCO_DIAS-NORMAL-N01,GENETICO,1,TA08,ALM-CENTRAL,3,1100100000015
BASE,SIMULACION_CINCO_DIAS-NORMAL-N01,GENETICO,1,TA08,ALM-CENTRAL,4,1100100000010
BASE,SIMULACION_CINCO_DIAS-NORMAL-N01,GENETICO,1,TA09,ALM-CENTRAL,1,1100100000012
BASE,SIMULACION_CINCO_DIAS-NORMAL-N01,GENETICO,1,TA09,ALM-CENTRAL,2,1100100000033
BASE,SIMULACION_CINCO_DIAS-NORMAL-N01,GENETICO,1,TA09,ALM-CENTRAL,3,1100100000023
BASE,SIMULACION_CINCO_DIAS-NORMAL-N01,GENETICO,1,TA10,ALM-CENTRAL,1,1100100000002
BASE,SIMULACION_CINCO_DIAS-NORMAL-N01,GENETICO,1,TA10,ALM-CENTRAL,2,1100100000030
BASE,SIMULACION_CINCO_DIAS-NORMAL-N01,GENETICO,1,TB01,ALM-CENTRAL,1,1100100000020
BASE,SIMULACION_CINCO_DIAS-NORMAL-N01,GENETICO,1,TB02,ALM-CENTRAL,1,1100100000021
BASE,SIMULACION_CINCO_DIAS-NORMAL-N01,GENETICO,1,TM01,ALM-CENTRAL,1,1100100000003
BASE,SIMULACION_CINCO_DIAS-NORMAL-N01,GENETICO,1,TM02,ALM-CENTRAL,1,1100100000042
BASE,SIMULACION_CINCO_DIAS-NORMAL-N01,GENETICO,1,TM03,ALM-CENTRAL,1,1100100000035
BASE,SIMULACION_CINCO_DIAS-NORMAL-N01,GENETICO,1,TM04,ALM-CENTRAL,1,1100100000001
BASE,SIMULACION_CINCO_DIAS-NORMAL-N01,GENETICO,1,TM05,ALM-CENTRAL,1,1100100000031
BASE,SIMULACION_CINCO_DIAS-NORMAL-N01,GENETICO,1,TM06,ALM-CENTRAL,1,1100100000027
BASE,SIMULACION_CINCO_DIAS-NORMAL-N01,GENETICO,1,TM07,ALM-CENTRAL,1,1100100000011
BASE,SIMULACION_CINCO_DIAS-NORMAL-N01,GENETICO,1,TM08,ALM-CENTRAL,1,1100100000039
BASE,SIMULACION_CINCO_DIAS-NORMAL-N01,GENETICO,1,TM09,ALM-CENTRAL,1,1100100000005
BASE,SIMULACION_CINCO_DIAS-NORMAL-N01,GENETICO,1,TA01,ALM-CENTRAL,1,1100100100011
BASE,SIMULACION_CINCO_DIAS-NORMAL-N01,GENETICO,1,TA01,ALM-CENTRAL,2,1100100100005
BASE,SIMULACION_CINCO_DIAS-NORMAL-N01,GENETICO,1,TA01,ALM-CENTRAL,3,1100100100021
BASE,SIMULACION_CINCO_DIAS-NORMAL-N01,GENETICO,1,TA01,ALM-CENTRAL,4,1100100100017
BASE,SIMULACION_CINCO_DIAS-NORMAL-N01,GENETICO,1,TA02,ALM-CENTRAL,1,1100100100033
BASE,SIMULACION_CINCO_DIAS-NORMAL-N01,GENETICO,1,TA02,ALM-CENTRAL,2,1100100100004
BASE,SIMULACION_CINCO_DIAS-NORMAL-N01,GENETICO,1,TA02,ALM-CENTRAL,3,1100100100008
BASE,SIMULACION_CINCO_DIAS-NORMAL-N01,GENETICO,1,TA02,ALM-CENTRAL,4,1100100100030
BASE,SIMULACION_CINCO_DIAS-NORMAL-N01,GENETICO,1,TA02,ALM-CENTRAL,5,1100100100035
BASE,SIMULACION_CINCO_DIAS-NORMAL-N01,GENETICO,1,TA03,ALM-CENTRAL,1,1100100100016
BASE,SIMULACION_CINCO_DIAS-NORMAL-N01,GENETICO,1,TA03,ALM-CENTRAL,2,1100100100031
BASE,SIMULACION_CINCO_DIAS-NORMAL-N01,GENETICO,1,TA03,ALM-CENTRAL,3,1100100100028
BASE,SIMULACION_CINCO_DIAS-NORMAL-N01,GENETICO,1,TA04,ALM-CENTRAL,1,1100100100007
BASE,SIMULACION_CINCO_DIAS-NORMAL-N01,GENETICO,1,TA04,ALM-CENTRAL,2,1100100100009
BASE,SIMULACION_CINCO_DIAS-NORMAL-N01,GENETICO,1,TA04,ALM-CENTRAL,3,1100100100025
BASE,SIMULACION_CINCO_DIAS-NORMAL-N01,GENETICO,1,TA04,ALM-CENTRAL,4,1100100100001
BASE,SIMULACION_CINCO_DIAS-NORMAL-N01,GENETICO,1,TA04,ALM-CENTRAL,5,1100100100015
BASE,SIMULACION_CINCO_DIAS-NORMAL-N01,GENETICO,1,TA05,ALM-CENTRAL,1,1100100100002
BASE,SIMULACION_CINCO_DIAS-NORMAL-N01,GENETICO,1,TA05,ALM-CENTRAL,2,1100100100014
BASE,SIMULACION_CINCO_DIAS-NORMAL-N01,GENETICO,1,TA05,ALM-CENTRAL,3,1100100100023
BASE,SIMULACION_CINCO_DIAS-NORMAL-N01,GENETICO,1,TA05,ALM-CENTRAL,4,1100100100006
BASE,SIMULACION_CINCO_DIAS-NORMAL-N01,GENETICO,1,TA05,ALM-CENTRAL,5,1100100100019
BASE,SIMULACION_CINCO_DIAS-NORMAL-N01,GENETICO,1,TA06,ALM-CENTRAL,1,1100100100018
BASE,SIMULACION_CINCO_DIAS-NORMAL-N01,GENETICO,1,TA06,ALM-CENTRAL,2,1100100100012
BASE,SIMULACION_CINCO_DIAS-NORMAL-N01,GENETICO,1,TA06,ALM-CENTRAL,3,1100100100024
BASE,SIMULACION_CINCO_DIAS-NORMAL-N01,GENETICO,1,TA07,ALM-CENTRAL,1,1100100100026
BASE,SIMULACION_CINCO_DIAS-NORMAL-N01,GENETICO,1,TA07,ALM-CENTRAL,2,1100100100022
BASE,SIMULACION_CINCO_DIAS-NORMAL-N01,GENETICO,1,TA08,ALM-CENTRAL,1,1100100100020
BASE,SIMULACION_CINCO_DIAS-NORMAL-N01,GENETICO,1,TA08,ALM-CENTRAL,2,1100100100013
BASE,SIMULACION_CINCO_DIAS-NORMAL-N01,GENETICO,1,TA08,ALM-CENTRAL,3,1100100100029
BASE,SIMULACION_CINCO_DIAS-NORMAL-N01,GENETICO,1,TA09,ALM-CENTRAL,1,1100100100010
BASE,SIMULACION_CINCO_DIAS-NORMAL-N01,GENETICO,1,TA09,ALM-CENTRAL,2,1100100100032
BASE,SIMULACION_CINCO_DIAS-NORMAL-N01,GENETICO,1,TA10,ALM-NOROESTE,1,1100100100003
BASE,SIMULACION_CINCO_DIAS-NORMAL-N01,GENETICO,1,TB01,ALM-CENTRAL,1,1100100100027
BASE,SIMULACION_CINCO_DIAS-NORMAL-N01,GENETICO,1,TB02,ALM-CENTRAL,1,1100100100034
BASE,SIMULACION_CINCO_DIAS-NORMAL-N01,GENETICO,1,TB06,ALM-CENTRAL,1,1100100100036
BASE,SIMULACION_CINCO_DIAS-NORMAL-N01,GENETICO,1,TA01,ALM-CENTRAL,1,1100100200019
BASE,SIMULACION_CINCO_DIAS-NORMAL-N01,GENETICO,1,TA01,ALM-CENTRAL,2,1100100200034
BASE,SIMULACION_CINCO_DIAS-NORMAL-N01,GENETICO,1,TA01,ALM-CENTRAL,3,1100100200031
BASE,SIMULACION_CINCO_DIAS-NORMAL-N01,GENETICO,1,TA01,ALM-CENTRAL,4,1100100200017
BASE,SIMULACION_CINCO_DIAS-NORMAL-N01,GENETICO,1,TA01,ALM-CENTRAL,5,1100100200000
BASE,SIMULACION_CINCO_DIAS-NORMAL-N01,GENETICO,1,TA02,ALM-CENTRAL,1,1100100200016
BASE,SIMULACION_CINCO_DIAS-NORMAL-N01,GENETICO,1,TA02,ALM-CENTRAL,2,1100100200020
BASE,SIMULACION_CINCO_DIAS-NORMAL-N01,GENETICO,1,TA02,ALM-CENTRAL,3,1100100200008
BASE,SIMULACION_CINCO_DIAS-NORMAL-N01,GENETICO,1,TA02,ALM-CENTRAL,4,1100100200001
BASE,SIMULACION_CINCO_DIAS-NORMAL-N01,GENETICO,1,TA03,ALM-CENTRAL,1,1100100200009
BASE,SIMULACION_CINCO_DIAS-NORMAL-N01,GENETICO,1,TA03,ALM-CENTRAL,2,1100100200006
BASE,SIMULACION_CINCO_DIAS-NORMAL-N01,GENETICO,1,TA03,ALM-CENTRAL,3,1100100200010
BASE,SIMULACION_CINCO_DIAS-NORMAL-N01,GENETICO,1,TA03,ALM-CENTRAL,4,1100100200035
BASE,SIMULACION_CINCO_DIAS-NORMAL-N01,GENETICO,1,TA04,ALM-CENTRAL,1,1100100200027
BASE,SIMULACION_CINCO_DIAS-NORMAL-N01,GENETICO,1,TA04,ALM-CENTRAL,2,1100100200033
BASE,SIMULACION_CINCO_DIAS-NORMAL-N01,GENETICO,1,TA04,ALM-CENTRAL,3,1100100200005
BASE,SIMULACION_CINCO_DIAS-NORMAL-N01,GENETICO,1,TA04,ALM-CENTRAL,4,1100100200007
BASE,SIMULACION_CINCO_DIAS-NORMAL-N01,GENETICO,1,TA05,ALM-CENTRAL,1,1100100200028
BASE,SIMULACION_CINCO_DIAS-NORMAL-N01,GENETICO,1,TA05,ALM-CENTRAL,2,1100100200023
BASE,SIMULACION_CINCO_DIAS-NORMAL-N01,GENETICO,1,TA05,ALM-CENTRAL,3,1100100200011
BASE,SIMULACION_CINCO_DIAS-NORMAL-N01,GENETICO,1,TA05,ALM-CENTRAL,4,1100100200022
BASE,SIMULACION_CINCO_DIAS-NORMAL-N01,GENETICO,1,TA06,ALM-CENTRAL,1,1100100200004
BASE,SIMULACION_CINCO_DIAS-NORMAL-N01,GENETICO,1,TA06,ALM-CENTRAL,2,1100100200030
BASE,SIMULACION_CINCO_DIAS-NORMAL-N01,GENETICO,1,TA06,ALM-CENTRAL,3,1100100200026
BASE,SIMULACION_CINCO_DIAS-NORMAL-N01,GENETICO,1,TA07,ALM-CENTRAL,1,1100100200029
BASE,SIMULACION_CINCO_DIAS-NORMAL-N01,GENETICO,1,TA07,ALM-CENTRAL,2,1100100200032
BASE,SIMULACION_CINCO_DIAS-NORMAL-N01,GENETICO,1,TA07,ALM-CENTRAL,3,1100100200002
BASE,SIMULACION_CINCO_DIAS-NORMAL-N01,GENETICO,1,TA07,ALM-CENTRAL,4,1100100200013
BASE,SIMULACION_CINCO_DIAS-NORMAL-N01,GENETICO,1,TA08,ALM-CENTRAL,1,1100100200012
BASE,SIMULACION_CINCO_DIAS-NORMAL-N01,GENETICO,1,TA08,ALM-CENTRAL,2,1100100200021
BASE,SIMULACION_CINCO_DIAS-NORMAL-N01,GENETICO,1,TA09,ALM-CENTRAL,1,1100100200025
BASE,SIMULACION_CINCO_DIAS-NORMAL-N01,GENETICO,1,TA10,ALM-CENTRAL,1,1100100200018
BASE,SIMULACION_CINCO_DIAS-NORMAL-N01,GENETICO,1,TB01,ALM-CENTRAL,1,1100100200003
BASE,SIMULACION_CINCO_DIAS-NORMAL-N01,GENETICO,1,TM01,ALM-CENTRAL,1,1100100200024
BASE,SIMULACION_CINCO_DIAS-NORMAL-N01,GENETICO,1,TA01,ALM-CENTRAL,1,1100100300009
BASE,SIMULACION_CINCO_DIAS-NORMAL-N01,GENETICO,1,TA01,ALM-CENTRAL,2,1100100300033
BASE,SIMULACION_CINCO_DIAS-NORMAL-N01,GENETICO,1,TA01,ALM-CENTRAL,3,1100100300035
BASE,SIMULACION_CINCO_DIAS-NORMAL-N01,GENETICO,1,TA03,ALM-CENTRAL,1,1100100300021
BASE,SIMULACION_CINCO_DIAS-NORMAL-N01,GENETICO,1,TA03,ALM-CENTRAL,2,1100100300008
BASE,SIMULACION_CINCO_DIAS-NORMAL-N01,GENETICO,1,TA03,ALM-CENTRAL,3,1100100300029
BASE,SIMULACION_CINCO_DIAS-NORMAL-N01,GENETICO,1,TA04,ALM-CENTRAL,1,1100100300023
BASE,SIMULACION_CINCO_DIAS-NORMAL-N01,GENETICO,1,TA04,ALM-CENTRAL,2,1100100300007
BASE,SIMULACION_CINCO_DIAS-NORMAL-N01,GENETICO,1,TA04,ALM-CENTRAL,3,1100100300022
BASE,SIMULACION_CINCO_DIAS-NORMAL-N01,GENETICO,1,TA05,ALM-CENTRAL,1,1100100300012
BASE,SIMULACION_CINCO_DIAS-NORMAL-N01,GENETICO,1,TA05,ALM-CENTRAL,2,1100100300002
BASE,SIMULACION_CINCO_DIAS-NORMAL-N01,GENETICO,1,TA06,ALM-CENTRAL,1,1100100300016
BASE,SIMULACION_CINCO_DIAS-NORMAL-N01,GENETICO,1,TA06,ALM-CENTRAL,2,1100100300013
BASE,SIMULACION_CINCO_DIAS-NORMAL-N01,GENETICO,1,TA06,ALM-CENTRAL,3,1100100300003
BASE,SIMULACION_CINCO_DIAS-NORMAL-N01,GENETICO,1,TA07,ALM-CENTRAL,1,1100100300006
BASE,SIMULACION_CINCO_DIAS-NORMAL-N01,GENETICO,1,TA07,ALM-CENTRAL,2,1100100300000
BASE,SIMULACION_CINCO_DIAS-NORMAL-N01,GENETICO,1,TA07,ALM-CENTRAL,3,1100100300017
BASE,SIMULACION_CINCO_DIAS-NORMAL-N01,GENETICO,1,TA08,ALM-CENTRAL,1,1100100300001
BASE,SIMULACION_CINCO_DIAS-NORMAL-N01,GENETICO,1,TA08,ALM-CENTRAL,2,1100100300020
BASE,SIMULACION_CINCO_DIAS-NORMAL-N01,GENETICO,1,TA08,ALM-CENTRAL,3,1100100300026
BASE,SIMULACION_CINCO_DIAS-NORMAL-N01,GENETICO,1,TA09,ALM-CENTRAL,1,1100100300034
BASE,SIMULACION_CINCO_DIAS-NORMAL-N01,GENETICO,1,TA09,ALM-CENTRAL,2,1100100300004
BASE,SIMULACION_CINCO_DIAS-NORMAL-N01,GENETICO,1,TA09,ALM-CENTRAL,3,1100100300027
BASE,SIMULACION_CINCO_DIAS-NORMAL-N01,GENETICO,1,TA09,ALM-CENTRAL,4,1100100300019
BASE,SIMULACION_CINCO_DIAS-NORMAL-N01,GENETICO,1,TA09,ALM-CENTRAL,5,1100100300010
BASE,SIMULACION_CINCO_DIAS-NORMAL-N01,GENETICO,1,TA10,ALM-CENTRAL,1,1100100300015
BASE,SIMULACION_CINCO_DIAS-NORMAL-N01,GENETICO,1,TA10,ALM-CENTRAL,2,1100100300025
BASE,SIMULACION_CINCO_DIAS-NORMAL-N01,GENETICO,1,TA10,ALM-CENTRAL,3,1100100300031
BASE,SIMULACION_CINCO_DIAS-NORMAL-N01,GENETICO,1,TB01,ALM-CENTRAL,1,1100100300018
BASE,SIMULACION_CINCO_DIAS-NORMAL-N01,GENETICO,1,TB02,ALM-CENTRAL,1,1100100300028
BASE,SIMULACION_CINCO_DIAS-NORMAL-N01,GENETICO,1,TB03,ALM-CENTRAL,1,1100100300024
BASE,SIMULACION_CINCO_DIAS-NORMAL-N01,GENETICO,1,TB03,ALM-CENTRAL,2,1100100300032
BASE,SIMULACION_CINCO_DIAS-NORMAL-N01,GENETICO,1,TM01,ALM-CENTRAL,1,1100100300014
BASE,SIMULACION_CINCO_DIAS-NORMAL-N01,GENETICO,1,TM02,ALM-CENTRAL,1,1100100300011
BASE,SIMULACION_CINCO_DIAS-NORMAL-N01,GENETICO,1,TM03,ALM-CENTRAL,1,1100100300005
BASE,SIMULACION_CINCO_DIAS-NORMAL-N01,GENETICO,1,TA01,ALM-CENTRAL,1,1100100400034
BASE,SIMULACION_CINCO_DIAS-NORMAL-N01,GENETICO,1,TA01,ALM-CENTRAL,2,1100100400015
BASE,SIMULACION_CINCO_DIAS-NORMAL-N01,GENETICO,1,TA01,ALM-CENTRAL,3,1100100400005
BASE,SIMULACION_CINCO_DIAS-NORMAL-N01,GENETICO,1,TA03,ALM-CENTRAL,1,1100100400023
BASE,SIMULACION_CINCO_DIAS-NORMAL-N01,GENETICO,1,TA03,ALM-CENTRAL,2,1100100400020
BASE,SIMULACION_CINCO_DIAS-NORMAL-N01,GENETICO,1,TA03,ALM-CENTRAL,3,1100100400033
BASE,SIMULACION_CINCO_DIAS-NORMAL-N01,GENETICO,1,TA03,ALM-CENTRAL,4,1100100400014
BASE,SIMULACION_CINCO_DIAS-NORMAL-N01,GENETICO,1,TA04,ALM-CENTRAL,1,1100100400019
BASE,SIMULACION_CINCO_DIAS-NORMAL-N01,GENETICO,1,TA04,ALM-CENTRAL,2,1100100400030
BASE,SIMULACION_CINCO_DIAS-NORMAL-N01,GENETICO,1,TA04,ALM-CENTRAL,3,1100100400039
BASE,SIMULACION_CINCO_DIAS-NORMAL-N01,GENETICO,1,TA04,ALM-CENTRAL,4,1100100400031
BASE,SIMULACION_CINCO_DIAS-NORMAL-N01,GENETICO,1,TA05,ALM-CENTRAL,1,1100100400009
BASE,SIMULACION_CINCO_DIAS-NORMAL-N01,GENETICO,1,TA05,ALM-CENTRAL,2,1100100400008
BASE,SIMULACION_CINCO_DIAS-NORMAL-N01,GENETICO,1,TA05,ALM-CENTRAL,3,1100100400002
BASE,SIMULACION_CINCO_DIAS-NORMAL-N01,GENETICO,1,TA05,ALM-CENTRAL,4,1100100400016
BASE,SIMULACION_CINCO_DIAS-NORMAL-N01,GENETICO,1,TA05,ALM-CENTRAL,5,1100100400018
BASE,SIMULACION_CINCO_DIAS-NORMAL-N01,GENETICO,1,TA06,ALM-CENTRAL,1,1100100400006
BASE,SIMULACION_CINCO_DIAS-NORMAL-N01,GENETICO,1,TA06,ALM-CENTRAL,2,1100100400035
BASE,SIMULACION_CINCO_DIAS-NORMAL-N01,GENETICO,1,TA06,ALM-CENTRAL,3,1100100400028
BASE,SIMULACION_CINCO_DIAS-NORMAL-N01,GENETICO,1,TA06,ALM-CENTRAL,4,1100100400029
BASE,SIMULACION_CINCO_DIAS-NORMAL-N01,GENETICO,1,TA07,ALM-CENTRAL,1,1100100400013
BASE,SIMULACION_CINCO_DIAS-NORMAL-N01,GENETICO,1,TA07,ALM-CENTRAL,2,1100100400024
BASE,SIMULACION_CINCO_DIAS-NORMAL-N01,GENETICO,1,TA07,ALM-CENTRAL,3,1100100400036
BASE,SIMULACION_CINCO_DIAS-NORMAL-N01,GENETICO,1,TA07,ALM-CENTRAL,4,1100100400038
BASE,SIMULACION_CINCO_DIAS-NORMAL-N01,GENETICO,1,TA07,ALM-CENTRAL,5,1100100400021
BASE,SIMULACION_CINCO_DIAS-NORMAL-N01,GENETICO,1,TA07,ALM-CENTRAL,6,1100100400003
BASE,SIMULACION_CINCO_DIAS-NORMAL-N01,GENETICO,1,TA08,ALM-CENTRAL,1,1100100400010
BASE,SIMULACION_CINCO_DIAS-NORMAL-N01,GENETICO,1,TA08,ALM-CENTRAL,2,1100100400017
BASE,SIMULACION_CINCO_DIAS-NORMAL-N01,GENETICO,1,TA08,ALM-CENTRAL,3,1100100400012
BASE,SIMULACION_CINCO_DIAS-NORMAL-N01,GENETICO,1,TA09,ALM-CENTRAL,1,1100100400037
BASE,SIMULACION_CINCO_DIAS-NORMAL-N01,GENETICO,1,TA09,ALM-CENTRAL,2,1100100400027
BASE,SIMULACION_CINCO_DIAS-NORMAL-N01,GENETICO,1,TA10,ALM-CENTRAL,1,1100100400040
BASE,SIMULACION_CINCO_DIAS-NORMAL-N01,GENETICO,1,TB01,ALM-CENTRAL,1,1100100400026
BASE,SIMULACION_CINCO_DIAS-NORMAL-N01,GENETICO,1,TB03,ALM-CENTRAL,1,1100100400011
BASE,SIMULACION_CINCO_DIAS-NORMAL-N01,GENETICO,1,TM01,ALM-CENTRAL,1,1100100400022
BASE,SIMULACION_CINCO_DIAS-NORMAL-N01,GENETICO,1,TM02,ALM-CENTRAL,1,1100100400004
BASE,SIMULACION_CINCO_DIAS-NORMAL-N01,GENETICO,1,TM03,ALM-ESTE,1,1100100400007
BASE,SIMULACION_CINCO_DIAS-NORMAL-N01,GENETICO,1,TM04,ALM-CENTRAL,1,1100100400000
BASE,SIMULACION_CINCO_DIAS-NORMAL-N01,GENETICO,1,TM05,ALM-CENTRAL,1,1100100400025
BASE,SIMULACION_CINCO_DIAS-NORMAL-N01,GENETICO,1,NO_ASIGNADO,,,1100100000032
BASE,SIMULACION_CINCO_DIAS-NORMAL-N01,GENETICO,1,NO_ASIGNADO,,,1100100100000
BASE,SIMULACION_CINCO_DIAS-NORMAL-N01,GENETICO,1,NO_ASIGNADO,,,1100100200015
BASE,SIMULACION_CINCO_DIAS-NORMAL-N01,GENETICO,1,NO_ASIGNADO,,,1100100200014
BASE,SIMULACION_CINCO_DIAS-NORMAL-N01,GENETICO,1,NO_ASIGNADO,,,1100100300030
BASE,SIMULACION_CINCO_DIAS-NORMAL-N01,GENETICO,1,NO_ASIGNADO,,,1100100400001
BASE,SIMULACION_CINCO_DIAS-NORMAL-N01,GENETICO,1,NO_ASIGNADO,,,1100100400032
BASE,SIMULACION_CINCO_DIAS-ALTA-N01,GENETICO,0,TA01,ALM-CENTRAL,1,1110100000048
BASE,SIMULACION_CINCO_DIAS-ALTA-N01,GENETICO,0,TA01,ALM-CENTRAL,2,1110100000004
BASE,SIMULACION_CINCO_DIAS-ALTA-N01,GENETICO,0,TA01,ALM-CENTRAL,3,1110100000033
BASE,SIMULACION_CINCO_DIAS-ALTA-N01,GENETICO,0,TA01,ALM-CENTRAL,4,1110100000020
BASE,SIMULACION_CINCO_DIAS-ALTA-N01,GENETICO,0,TA01,ALM-CENTRAL,5,1110100000057
BASE,SIMULACION_CINCO_DIAS-ALTA-N01,GENETICO,0,TA02,ALM-CENTRAL,1,1110100000035
BASE,SIMULACION_CINCO_DIAS-ALTA-N01,GENETICO,0,TA02,ALM-CENTRAL,2,1110100000015
BASE,SIMULACION_CINCO_DIAS-ALTA-N01,GENETICO,0,TA02,ALM-CENTRAL,3,1110100000051
BASE,SIMULACION_CINCO_DIAS-ALTA-N01,GENETICO,0,TA03,ALM-CENTRAL,1,1110100000039
BASE,SIMULACION_CINCO_DIAS-ALTA-N01,GENETICO,0,TA03,ALM-CENTRAL,2,1110100000007
BASE,SIMULACION_CINCO_DIAS-ALTA-N01,GENETICO,0,TA03,ALM-CENTRAL,3,1110100000017
BASE,SIMULACION_CINCO_DIAS-ALTA-N01,GENETICO,0,TA04,ALM-CENTRAL,1,1110100000050
BASE,SIMULACION_CINCO_DIAS-ALTA-N01,GENETICO,0,TA04,ALM-CENTRAL,2,1110100000008
BASE,SIMULACION_CINCO_DIAS-ALTA-N01,GENETICO,0,TA04,ALM-CENTRAL,3,1110100000032
BASE,SIMULACION_CINCO_DIAS-ALTA-N01,GENETICO,0,TA05,ALM-CENTRAL,1,1110100000049
BASE,SIMULACION_CINCO_DIAS-ALTA-N01,GENETICO,0,TA05,ALM-CENTRAL,2,1110100000034
BASE,SIMULACION_CINCO_DIAS-ALTA-N01,GENETICO,0,TA06,ALM-CENTRAL,1,1110100000009
BASE,SIMULACION_CINCO_DIAS-ALTA-N01,GENETICO,0,TA06,ALM-CENTRAL,2,1110100000043
BASE,SIMULACION_CINCO_DIAS-ALTA-N01,GENETICO,0,TA06,ALM-CENTRAL,3,1110100000041
BASE,SIMULACION_CINCO_DIAS-ALTA-N01,GENETICO,0,TA06,ALM-CENTRAL,4,1110100000037
BASE,SIMULACION_CINCO_DIAS-ALTA-N01,GENETICO,0,TA07,ALM-CENTRAL,1,1110100000011
BASE,SIMULACION_CINCO_DIAS-ALTA-N01,GENETICO,0,TA07,ALM-CENTRAL,2,1110100000022
BASE,SIMULACION_CINCO_DIAS-ALTA-N01,GENETICO,0,TA07,ALM-CENTRAL,3,1110100000005
BASE,SIMULACION_CINCO_DIAS-ALTA-N01,GENETICO,0,TA08,ALM-CENTRAL,1,1110100000053
BASE,SIMULACION_CINCO_DIAS-ALTA-N01,GENETICO,0,TA08,ALM-CENTRAL,2,1110100000013
BASE,SIMULACION_CINCO_DIAS-ALTA-N01,GENETICO,0,TA08,ALM-CENTRAL,3,1110100000021
BASE,SIMULACION_CINCO_DIAS-ALTA-N01,GENETICO,0,TA09,ALM-CENTRAL,1,1110100000003
BASE,SIMULACION_CINCO_DIAS-ALTA-N01,GENETICO,0,TA09,ALM-CENTRAL,2,1110100000012
BASE,SIMULACION_CINCO_DIAS-ALTA-N01,GENETICO,0,TA09,ALM-CENTRAL,3,1110100000036
BASE,SIMULACION_CINCO_DIAS-ALTA-N01,GENETICO,0,TA09,ALM-CENTRAL,4,1110100000014
BASE,SIMULACION_CINCO_DIAS-ALTA-N01,GENETICO,0,TA10,ALM-CENTRAL,1,1110100000006
BASE,SIMULACION_CINCO_DIAS-ALTA-N01,GENETICO,0,TA10,ALM-CENTRAL,2,1110100000054
BASE,SIMULACION_CINCO_DIAS-ALTA-N01,GENETICO,0,TA10,ALM-CENTRAL,3,1110100000000
BASE,SIMULACION_CINCO_DIAS-ALTA-N01,GENETICO,0,TB01,ALM-CENTRAL,1,1110100000016
BASE,SIMULACION_CINCO_DIAS-ALTA-N01,GENETICO,0,TB02,ALM-CENTRAL,1,1110100000056
BASE,SIMULACION_CINCO_DIAS-ALTA-N01,GENETICO,0,TB02,ALM-CENTRAL,2,1110100000059
BASE,SIMULACION_CINCO_DIAS-ALTA-N01,GENETICO,0,TB03,ALM-CENTRAL,1,1110100000030
BASE,SIMULACION_CINCO_DIAS-ALTA-N01,GENETICO,0,TB04,ALM-ESTE,1,1110100000023
BASE,SIMULACION_CINCO_DIAS-ALTA-N01,GENETICO,0,TB05,ALM-CENTRAL,1,1110100000055
BASE,SIMULACION_CINCO_DIAS-ALTA-N01,GENETICO,0,TB06,ALM-CENTRAL,1,1110100000018
BASE,SIMULACION_CINCO_DIAS-ALTA-N01,GENETICO,0,TB06,ALM-CENTRAL,2,1110100000024
BASE,SIMULACION_CINCO_DIAS-ALTA-N01,GENETICO,0,TB07,ALM-CENTRAL,1,1110100000031
BASE,SIMULACION_CINCO_DIAS-ALTA-N01,GENETICO,0,TB07,ALM-CENTRAL,2,1110100000028
BASE,SIMULACION_CINCO_DIAS-ALTA-N01,GENETICO,0,TB08,ALM-CENTRAL,1,1110100000025
BASE,SIMULACION_CINCO_DIAS-ALTA-N01,GENETICO,0,TB09,ALM-CENTRAL,1,1110100000046
BASE,SIMULACION_CINCO_DIAS-ALTA-N01,GENETICO,0,TB10,ALM-CENTRAL,1,1110100000045
BASE,SIMULACION_CINCO_DIAS-ALTA-N01,GENETICO,0,TB11,ALM-CENTRAL,1,1110100000029
BASE,SIMULACION_CINCO_DIAS-ALTA-N01,GENETICO,0,TB12,ALM-CENTRAL,1,1110100000038
BASE,SIMULACION_CINCO_DIAS-ALTA-N01,GENETICO,0,TM01,ALM-CENTRAL,1,1110100000019
BASE,SIMULACION_CINCO_DIAS-ALTA-N01,GENETICO,0,TM02,ALM-CENTRAL,1,1110100000047
BASE,SIMULACION_CINCO_DIAS-ALTA-N01,GENETICO,0,TM03,ALM-CENTRAL,1,1110100000040
BASE,SIMULACION_CINCO_DIAS-ALTA-N01,GENETICO,0,TM04,ALM-CENTRAL,1,1110100000010
BASE,SIMULACION_CINCO_DIAS-ALTA-N01,GENETICO,0,TM05,ALM-CENTRAL,1,1110100000058
BASE,SIMULACION_CINCO_DIAS-ALTA-N01,GENETICO,0,TM06,ALM-CENTRAL,1,1110100000042
BASE,SIMULACION_CINCO_DIAS-ALTA-N01,GENETICO,0,TM07,ALM-CENTRAL,1,1110100000026
BASE,SIMULACION_CINCO_DIAS-ALTA-N01,GENETICO,0,TM08,ALM-CENTRAL,1,1110100000001
BASE,SIMULACION_CINCO_DIAS-ALTA-N01,GENETICO,0,TM09,ALM-CENTRAL,1,1110100000044
BASE,SIMULACION_CINCO_DIAS-ALTA-N01,GENETICO,0,TM10,ALM-CENTRAL,1,1110100000027
BASE,SIMULACION_CINCO_DIAS-ALTA-N01,GENETICO,0,TM11,ALM-CENTRAL,1,1110100000052
BASE,SIMULACION_CINCO_DIAS-ALTA-N01,GENETICO,0,TA01,ALM-CENTRAL,1,1110100100031
BASE,SIMULACION_CINCO_DIAS-ALTA-N01,GENETICO,0,TA01,ALM-CENTRAL,2,1110100100026
BASE,SIMULACION_CINCO_DIAS-ALTA-N01,GENETICO,0,TA01,ALM-CENTRAL,3,1110100100010
BASE,SIMULACION_CINCO_DIAS-ALTA-N01,GENETICO,0,TA02,ALM-CENTRAL,1,1110100100013
BASE,SIMULACION_CINCO_DIAS-ALTA-N01,GENETICO,0,TA02,ALM-CENTRAL,2,1110100100024
BASE,SIMULACION_CINCO_DIAS-ALTA-N01,GENETICO,0,TA02,ALM-CENTRAL,3,1110100100007
BASE,SIMULACION_CINCO_DIAS-ALTA-N01,GENETICO,0,TA03,ALM-CENTRAL,1,1110100100030
BASE,SIMULACION_CINCO_DIAS-ALTA-N01,GENETICO,0,TA03,ALM-CENTRAL,2,1110100100027
BASE,SIMULACION_CINCO_DIAS-ALTA-N01,GENETICO,0,TA03,ALM-CENTRAL,3,1110100100034
BASE,SIMULACION_CINCO_DIAS-ALTA-N01,GENETICO,0,TA03,ALM-CENTRAL,4,1110100100025
BASE,SIMULACION_CINCO_DIAS-ALTA-N01,GENETICO,0,TA04,ALM-CENTRAL,1,1110100100006
BASE,SIMULACION_CINCO_DIAS-ALTA-N01,GENETICO,0,TA04,ALM-CENTRAL,2,1110100100000
BASE,SIMULACION_CINCO_DIAS-ALTA-N01,GENETICO,0,TA04,ALM-CENTRAL,3,1110100100017
BASE,SIMULACION_CINCO_DIAS-ALTA-N01,GENETICO,0,TA05,ALM-CENTRAL,1,1110100100020
BASE,SIMULACION_CINCO_DIAS-ALTA-N01,GENETICO,0,TA05,ALM-CENTRAL,2,1110100100012
BASE,SIMULACION_CINCO_DIAS-ALTA-N01,GENETICO,0,TA05,ALM-CENTRAL,3,1110100100019
BASE,SIMULACION_CINCO_DIAS-ALTA-N01,GENETICO,0,TA06,ALM-CENTRAL,1,1110100100015
BASE,SIMULACION_CINCO_DIAS-ALTA-N01,GENETICO,0,TA06,ALM-CENTRAL,2,1110100100018
BASE,SIMULACION_CINCO_DIAS-ALTA-N01,GENETICO,0,TA06,ALM-CENTRAL,3,1110100100011
BASE,SIMULACION_CINCO_DIAS-ALTA-N01,GENETICO,0,TA07,ALM-CENTRAL,1,1110100100002
BASE,SIMULACION_CINCO_DIAS-ALTA-N01,GENETICO,0,TA07,ALM-CENTRAL,2,1110100100003
BASE,SIMULACION_CINCO_DIAS-ALTA-N01,GENETICO,0,TA07,ALM-CENTRAL,3,1110100100023
BASE,SIMULACION_CINCO_DIAS-ALTA-N01,GENETICO,0,TA08,ALM-CENTRAL,1,1110100100016
BASE,SIMULACION_CINCO_DIAS-ALTA-N01,GENETICO,0,TA08,ALM-CENTRAL,2,1110100100014
BASE,SIMULACION_CINCO_DIAS-ALTA-N01,GENETICO,0,TA08,ALM-CENTRAL,3,1110100100028
BASE,SIMULACION_CINCO_DIAS-ALTA-N01,GENETICO,0,TA08,ALM-CENTRAL,4,1110100100004
BASE,SIMULACION_CINCO_DIAS-ALTA-N01,GENETICO,0,TA09,ALM-CENTRAL,1,1110100100005
BASE,SIMULACION_CINCO_DIAS-ALTA-N01,GENETICO,0,TA09,ALM-CENTRAL,2,1110100100001
BASE,SIMULACION_CINCO_DIAS-ALTA-N01,GENETICO,0,TA10,ALM-CENTRAL,1,1110100100033
BASE,SIMULACION_CINCO_DIAS-ALTA-N01,GENETICO,0,TA10,ALM-CENTRAL,2,1110100100009
BASE,SIMULACION_CINCO_DIAS-ALTA-N01,GENETICO,0,TM01,ALM-CENTRAL,1,1110100100029
BASE,SIMULACION_CINCO_DIAS-ALTA-N01,GENETICO,0,TM02,ALM-CENTRAL,1,1110100100032
BASE,SIMULACION_CINCO_DIAS-ALTA-N01,GENETICO,0,TM03,ALM-CENTRAL,1,1110100100021
BASE,SIMULACION_CINCO_DIAS-ALTA-N01,GENETICO,0,TA01,ALM-CENTRAL,1,1110100200002
BASE,SIMULACION_CINCO_DIAS-ALTA-N01,GENETICO,0,TA01,ALM-CENTRAL,2,1110100200012
BASE,SIMULACION_CINCO_DIAS-ALTA-N01,GENETICO,0,TA01,ALM-CENTRAL,3,1110100200011
BASE,SIMULACION_CINCO_DIAS-ALTA-N01,GENETICO,0,TA01,ALM-CENTRAL,4,1110100200027
BASE,SIMULACION_CINCO_DIAS-ALTA-N01,GENETICO,0,TA02,ALM-CENTRAL,1,1110100200023
BASE,SIMULACION_CINCO_DIAS-ALTA-N01,GENETICO,0,TA02,ALM-CENTRAL,2,1110100200008
BASE,SIMULACION_CINCO_DIAS-ALTA-N01,GENETICO,0,TA02,ALM-CENTRAL,3,1110100200010
BASE,SIMULACION_CINCO_DIAS-ALTA-N01,GENETICO,0,TA02,ALM-CENTRAL,4,1110100200025
BASE,SIMULACION_CINCO_DIAS-ALTA-N01,GENETICO,0,TA02,ALM-CENTRAL,5,1110100200028
BASE,SIMULACION_CINCO_DIAS-ALTA-N01,GENETICO,0,TA03,ALM-CENTRAL,1,1110100200020
BASE,SIMULACION_CINCO_DIAS-ALTA-N01,GENETICO,0,TA03,ALM-CENTRAL,2,1110100200009
BASE,SIMULACION_CINCO_DIAS-ALTA-N01,GENETICO,0,TA03,ALM-CENTRAL,3,1110100200000
BASE,SIMULACION_CINCO_DIAS-ALTA-N01,GENETICO,0,TA03,ALM-CENTRAL,4,1110100200004
BASE,SIMULACION_CINCO_DIAS-ALTA-N01,GENETICO,0,TA04,ALM-CENTRAL,1,1110100200021
BASE,SIMULACION_CINCO_DIAS-ALTA-N01,GENETICO,0,TA04,ALM-CENTRAL,2,1110100200029
BASE,SIMULACION_CINCO_DIAS-ALTA-N01,GENETICO,0,TA04,ALM-CENTRAL,3,1110100200019
BASE,SIMULACION_CINCO_DIAS-ALTA-N01,GENETICO,0,TA04,ALM-CENTRAL,4,1110100200007
BASE,SIMULACION_CINCO_DIAS-ALTA-N01,GENETICO,0,TA05,ALM-CENTRAL,1,1110100200006
BASE,SIMULACION_CINCO_DIAS-ALTA-N01,GENETICO,0,TA05,ALM-CENTRAL,2,1110100200026
BASE,SIMULACION_CINCO_DIAS-ALTA-N01,GENETICO,0,TA05,ALM-CENTRAL,3,1110100200015
BASE,SIMULACION_CINCO_DIAS-ALTA-N01,GENETICO,0,TA05,ALM-CENTRAL,4,1110100200022
BASE,SIMULACION_CINCO_DIAS-ALTA-N01,GENETICO,0,TA06,ALM-CENTRAL,1,1110100200013
BASE,SIMULACION_CINCO_DIAS-ALTA-N01,GENETICO,0,TA06,ALM-CENTRAL,2,1110100200017
BASE,SIMULACION_CINCO_DIAS-ALTA-N01,GENETICO,0,TA07,ALM-CENTRAL,1,1110100200016
BASE,SIMULACION_CINCO_DIAS-ALTA-N01,GENETICO,0,TA07,ALM-CENTRAL,2,1110100200018
BASE,SIMULACION_CINCO_DIAS-ALTA-N01,GENETICO,0,TA07,ALM-CENTRAL,3,1110100200030
BASE,SIMULACION_CINCO_DIAS-ALTA-N01,GENETICO,0,TA08,ALM-CENTRAL,1,1110100200003
BASE,SIMULACION_CINCO_DIAS-ALTA-N01,GENETICO,0,TA08,ALM-CENTRAL,2,1110100200032
BASE,SIMULACION_CINCO_DIAS-ALTA-N01,GENETICO,0,TA08,ALM-CENTRAL,3,1110100200014
BASE,SIMULACION_CINCO_DIAS-ALTA-N01,GENETICO,0,TA09,ALM-CENTRAL,1,1110100200031
BASE,SIMULACION_CINCO_DIAS-ALTA-N01,GENETICO,0,TA09,ALM-CENTRAL,2,1110100200033
BASE,SIMULACION_CINCO_DIAS-ALTA-N01,GENETICO,0,TA10,ALM-ESTE,1,1110100200005
BASE,SIMULACION_CINCO_DIAS-ALTA-N01,GENETICO,0,TM01,ALM-ESTE,1,1110100200001
BASE,SIMULACION_CINCO_DIAS-ALTA-N01,GENETICO,0,TA01,ALM-CENTRAL,1,1110100300011
BASE,SIMULACION_CINCO_DIAS-ALTA-N01,GENETICO,0,TA01,ALM-CENTRAL,2,1110100300006
BASE,SIMULACION_CINCO_DIAS-ALTA-N01,GENETICO,0,TA01,ALM-CENTRAL,3,1110100300032
BASE,SIMULACION_CINCO_DIAS-ALTA-N01,GENETICO,0,TA01,ALM-CENTRAL,4,1110100300003
BASE,SIMULACION_CINCO_DIAS-ALTA-N01,GENETICO,0,TA01,ALM-CENTRAL,5,1110100300009
BASE,SIMULACION_CINCO_DIAS-ALTA-N01,GENETICO,0,TA03,ALM-CENTRAL,1,1110100300004
BASE,SIMULACION_CINCO_DIAS-ALTA-N01,GENETICO,0,TA03,ALM-CENTRAL,2,1110100300005
BASE,SIMULACION_CINCO_DIAS-ALTA-N01,GENETICO,0,TA03,ALM-CENTRAL,3,1110100300031
BASE,SIMULACION_CINCO_DIAS-ALTA-N01,GENETICO,0,TA03,ALM-CENTRAL,4,1110100300016
BASE,SIMULACION_CINCO_DIAS-ALTA-N01,GENETICO,0,TA03,ALM-CENTRAL,5,1110100300033
BASE,SIMULACION_CINCO_DIAS-ALTA-N01,GENETICO,0,TA03,ALM-CENTRAL,6,1110100300036
BASE,SIMULACION_CINCO_DIAS-ALTA-N01,GENETICO,0,TA04,ALM-CENTRAL,1,1110100300026
BASE,SIMULACION_CINCO_DIAS-ALTA-N01,GENETICO,0,TA04,ALM-CENTRAL,2,1110100300027
BASE,SIMULACION_CINCO_DIAS-ALTA-N01,GENETICO,0,TA04,ALM-CENTRAL,3,1110100300008
BASE,SIMULACION_CINCO_DIAS-ALTA-N01,GENETICO,0,TA04,ALM-CENTRAL,4,1110100300020
BASE,SIMULACION_CINCO_DIAS-ALTA-N01,GENETICO,0,TA04,ALM-CENTRAL,5,1110100300000
BASE,SIMULACION_CINCO_DIAS-ALTA-N01,GENETICO,0,TA05,ALM-CENTRAL,1,1110100300024
BASE,SIMULACION_CINCO_DIAS-ALTA-N01,GENETICO,0,TA05,ALM-CENTRAL,2,1110100300012
BASE,SIMULACION_CINCO_DIAS-ALTA-N01,GENETICO,0,TA05,ALM-CENTRAL,3,1110100300034
BASE,SIMULACION_CINCO_DIAS-ALTA-N01,GENETICO,0,TA06,ALM-CENTRAL,1,1110100300030
BASE,SIMULACION_CINCO_DIAS-ALTA-N01,GENETICO,0,TA06,ALM-CENTRAL,2,1110100300015
BASE,SIMULACION_CINCO_DIAS-ALTA-N01,GENETICO,0,TA06,ALM-CENTRAL,3,1110100300028
BASE,SIMULACION_CINCO_DIAS-ALTA-N01,GENETICO,0,TA07,ALM-CENTRAL,1,1110100300025
BASE,SIMULACION_CINCO_DIAS-ALTA-N01,GENETICO,0,TA07,ALM-CENTRAL,2,1110100300023
BASE,SIMULACION_CINCO_DIAS-ALTA-N01,GENETICO,0,TA07,ALM-CENTRAL,3,1110100300035
BASE,SIMULACION_CINCO_DIAS-ALTA-N01,GENETICO,0,TA08,ALM-CENTRAL,1,1110100300014
BASE,SIMULACION_CINCO_DIAS-ALTA-N01,GENETICO,0,TA08,ALM-CENTRAL,2,1110100300002
BASE,SIMULACION_CINCO_DIAS-ALTA-N01,GENETICO,0,TA08,ALM-CENTRAL,3,1110100300017
BASE,SIMULACION_CINCO_DIAS-ALTA-N01,GENETICO,0,TA09,ALM-CENTRAL,1,1110100300001
BASE,SIMULACION_CINCO_DIAS-ALTA-N01,GENETICO,0,TA09,ALM-CENTRAL,2,1110100300021
BASE,SIMULACION_CINCO_DIAS-ALTA-N01,GENETICO,0,TA10,ALM-NOROESTE,1,1110100300010
BASE,SIMULACION_CINCO_DIAS-ALTA-N01,GENETICO,0,TB01,ALM-ESTE,1,1110100300029
BASE,SIMULACION_CINCO_DIAS-ALTA-N01,GENETICO,0,TM01,ALM-ESTE,1,1110100300007
BASE,SIMULACION_CINCO_DIAS-ALTA-N01,GENETICO,0,TM01,ALM-ESTE,2,1110100300013
BASE,SIMULACION_CINCO_DIAS-ALTA-N01,GENETICO,0,TM03,ALM-NOROESTE,1,1110100300022
BASE,SIMULACION_CINCO_DIAS-ALTA-N01,GENETICO,0,TM04,ALM-CENTRAL,1,1110100300019
BASE,SIMULACION_CINCO_DIAS-ALTA-N01,GENETICO,0,TM05,ALM-CENTRAL,1,1110100300037
BASE,SIMULACION_CINCO_DIAS-ALTA-N01,GENETICO,0,TA01,ALM-CENTRAL,1,1110100400035
BASE,SIMULACION_CINCO_DIAS-ALTA-N01,GENETICO,0,TA01,ALM-CENTRAL,2,1110100400000
BASE,SIMULACION_CINCO_DIAS-ALTA-N01,GENETICO,0,TA01,ALM-CENTRAL,3,1110100400040
BASE,SIMULACION_CINCO_DIAS-ALTA-N01,GENETICO,0,TA03,ALM-CENTRAL,1,1110100400031
BASE,SIMULACION_CINCO_DIAS-ALTA-N01,GENETICO,0,TA03,ALM-CENTRAL,2,1110100400024
BASE,SIMULACION_CINCO_DIAS-ALTA-N01,GENETICO,0,TA03,ALM-CENTRAL,3,1110100400008
BASE,SIMULACION_CINCO_DIAS-ALTA-N01,GENETICO,0,TA03,ALM-CENTRAL,4,1110100400005
BASE,SIMULACION_CINCO_DIAS-ALTA-N01,GENETICO,0,TA04,ALM-CENTRAL,1,1110100400033
BASE,SIMULACION_CINCO_DIAS-ALTA-N01,GENETICO,0,TA04,ALM-CENTRAL,2,1110100400018
BASE,SIMULACION_CINCO_DIAS-ALTA-N01,GENETICO,0,TA04,ALM-CENTRAL,3,1110100400027
BASE,SIMULACION_CINCO_DIAS-ALTA-N01,GENETICO,0,TA05,ALM-CENTRAL,1,1110100400002
BASE,SIMULACION_CINCO_DIAS-ALTA-N01,GENETICO,0,TA05,ALM-CENTRAL,2,1110100400039
BASE,SIMULACION_CINCO_DIAS-ALTA-N01,GENETICO,0,TA05,ALM-CENTRAL,3,1110100400019
BASE,SIMULACION_CINCO_DIAS-ALTA-N01,GENETICO,0,TA06,ALM-CENTRAL,1,1110100400013
BASE,SIMULACION_CINCO_DIAS-ALTA-N01,GENETICO,0,TA06,ALM-CENTRAL,2,1110100400036
BASE,SIMULACION_CINCO_DIAS-ALTA-N01,GENETICO,0,TA06,ALM-CENTRAL,3,1110100400042
BASE,SIMULACION_CINCO_DIAS-ALTA-N01,GENETICO,0,TA07,ALM-CENTRAL,1,1110100400045
BASE,SIMULACION_CINCO_DIAS-ALTA-N01,GENETICO,0,TA07,ALM-CENTRAL,2,1110100400023
BASE,SIMULACION_CINCO_DIAS-ALTA-N01,GENETICO,0,TA08,ALM-CENTRAL,1,1110100400034
BASE,SIMULACION_CINCO_DIAS-ALTA-N01,GENETICO,0,TA08,ALM-CENTRAL,2,1110100400029
BASE,SIMULACION_CINCO_DIAS-ALTA-N01,GENETICO,0,TA09,ALM-CENTRAL,1,1110100400016
BASE,SIMULACION_CINCO_DIAS-ALTA-N01,GENETICO,0,TA09,ALM-CENTRAL,2,1110100400028
BASE,SIMULACION_CINCO_DIAS-ALTA-N01,GENETICO,0,TA09,ALM-CENTRAL,3,1110100400017
BASE,SIMULACION_CINCO_DIAS-ALTA-N01,GENETICO,0,TA09,ALM-CENTRAL,4,1110100400010
BASE,SIMULACION_CINCO_DIAS-ALTA-N01,GENETICO,0,TA10,ALM-CENTRAL,1,1110100400022
BASE,SIMULACION_CINCO_DIAS-ALTA-N01,GENETICO,0,TA10,ALM-CENTRAL,2,1110100400006
BASE,SIMULACION_CINCO_DIAS-ALTA-N01,GENETICO,0,TA10,ALM-CENTRAL,3,1110100400003
BASE,SIMULACION_CINCO_DIAS-ALTA-N01,GENETICO,0,TB01,ALM-CENTRAL,1,1110100400021
BASE,SIMULACION_CINCO_DIAS-ALTA-N01,GENETICO,0,TB01,ALM-CENTRAL,2,1110100400014
BASE,SIMULACION_CINCO_DIAS-ALTA-N01,GENETICO,0,TB03,ALM-NOROESTE,1,1110100400030
BASE,SIMULACION_CINCO_DIAS-ALTA-N01,GENETICO,0,TB04,ALM-CENTRAL,1,1110100400004
BASE,SIMULACION_CINCO_DIAS-ALTA-N01,GENETICO,0,TB04,ALM-CENTRAL,2,1110100400015
BASE,SIMULACION_CINCO_DIAS-ALTA-N01,GENETICO,0,TB05,ALM-NOROESTE,1,1110100400012
BASE,SIMULACION_CINCO_DIAS-ALTA-N01,GENETICO,0,TM01,ALM-CENTRAL,1,1110100400025
BASE,SIMULACION_CINCO_DIAS-ALTA-N01,GENETICO,0,TM02,ALM-NOROESTE,1,1110100400038
BASE,SIMULACION_CINCO_DIAS-ALTA-N01,GENETICO,0,TM03,ALM-CENTRAL,1,1110100400001
BASE,SIMULACION_CINCO_DIAS-ALTA-N01,GENETICO,0,TM04,ALM-ESTE,1,1110100400032
BASE,SIMULACION_CINCO_DIAS-ALTA-N01,GENETICO,0,TM05,ALM-CENTRAL,1,1110100400046
BASE,SIMULACION_CINCO_DIAS-ALTA-N01,GENETICO,0,TM06,ALM-CENTRAL,1,1110100400043
BASE,SIMULACION_CINCO_DIAS-ALTA-N01,GENETICO,0,TM07,ALM-CENTRAL,1,1110100400026
BASE,SIMULACION_CINCO_DIAS-ALTA-N01,GENETICO,0,TM08,ALM-CENTRAL,1,1110100400037
BASE,SIMULACION_CINCO_DIAS-ALTA-N01,GENETICO,0,TM09,ALM-CENTRAL,1,1110100400020
BASE,SIMULACION_CINCO_DIAS-ALTA-N01,GENETICO,0,TM10,ALM-CENTRAL,1,1110100400009
BASE,SIMULACION_CINCO_DIAS-ALTA-N01,GENETICO,0,TM11,ALM-CENTRAL,1,1110100400041
BASE,SIMULACION_CINCO_DIAS-ALTA-N01,GENETICO,0,NO_ASIGNADO,,,1110100000002
BASE,SIMULACION_CINCO_DIAS-ALTA-N01,GENETICO,0,NO_ASIGNADO,,,1110100100008
BASE,SIMULACION_CINCO_DIAS-ALTA-N01,GENETICO,0,NO_ASIGNADO,,,1110100100022
BASE,SIMULACION_CINCO_DIAS-ALTA-N01,GENETICO,0,NO_ASIGNADO,,,1110100200024
BASE,SIMULACION_CINCO_DIAS-ALTA-N01,GENETICO,0,NO_ASIGNADO,,,1110100300018
BASE,SIMULACION_CINCO_DIAS-ALTA-N01,GENETICO,0,NO_ASIGNADO,,,1110100400044
BASE,SIMULACION_CINCO_DIAS-ALTA-N01,GENETICO,0,NO_ASIGNADO,,,1110100400011
BASE,SIMULACION_CINCO_DIAS-ALTA-N01,GENETICO,0,NO_ASIGNADO,,,1110100400007
BASE,SIMULACION_CINCO_DIAS-ALTA-N01,RECOCIDO_SIMULADO,0,TA01,ALM-CENTRAL,1,1110100000009
BASE,SIMULACION_CINCO_DIAS-ALTA-N01,RECOCIDO_SIMULADO,0,TA01,ALM-CENTRAL,2,1110100000004
BASE,SIMULACION_CINCO_DIAS-ALTA-N01,RECOCIDO_SIMULADO,0,TA01,ALM-CENTRAL,3,1110100000014
BASE,SIMULACION_CINCO_DIAS-ALTA-N01,RECOCIDO_SIMULADO,0,TA02,ALM-CENTRAL,1,1110100000049
BASE,SIMULACION_CINCO_DIAS-ALTA-N01,RECOCIDO_SIMULADO,0,TA02,ALM-CENTRAL,2,1110100000030
BASE,SIMULACION_CINCO_DIAS-ALTA-N01,RECOCIDO_SIMULADO,0,TA02,ALM-CENTRAL,3,1110100000022
BASE,SIMULACION_CINCO_DIAS-ALTA-N01,RECOCIDO_SIMULADO,0,TA02,ALM-CENTRAL,4,1110100000035
BASE,SIMULACION_CINCO_DIAS-ALTA-N01,RECOCIDO_SIMULADO,0,TA03,ALM-CENTRAL,1,1110100000025
BASE,SIMULACION_CINCO_DIAS-ALTA-N01,RECOCIDO_SIMULADO,0,TA03,ALM-CENTRAL,2,1110100000043
BASE,SIMULACION_CINCO_DIAS-ALTA-N01,RECOCIDO_SIMULADO,0,TA03,ALM-CENTRAL,3,1110100000042
BASE,SIMULACION_CINCO_DIAS-ALTA-N01,RECOCIDO_SIMULADO,0,TA03,ALM-CENTRAL,4,1110100000044
BASE,SIMULACION_CINCO_DIAS-ALTA-N01,RECOCIDO_SIMULADO,0,TA04,ALM-CENTRAL,1,1110100000010
BASE,SIMULACION_CINCO_DIAS-ALTA-N01,RECOCIDO_SIMULADO,0,TA04,ALM-CENTRAL,2,1110100000015
BASE,SIMULACION_CINCO_DIAS-ALTA-N01,RECOCIDO_SIMULADO,0,TA04,ALM-CENTRAL,3,1110100000051
BASE,SIMULACION_CINCO_DIAS-ALTA-N01,RECOCIDO_SIMULADO,0,TA05,ALM-CENTRAL,1,1110100000013
BASE,SIMULACION_CINCO_DIAS-ALTA-N01,RECOCIDO_SIMULADO,0,TA05,ALM-CENTRAL,2,1110100000008
BASE,SIMULACION_CINCO_DIAS-ALTA-N01,RECOCIDO_SIMULADO,0,TA05,ALM-CENTRAL,3,1110100000057
BASE,SIMULACION_CINCO_DIAS-ALTA-N01,RECOCIDO_SIMULADO,0,TA06,ALM-CENTRAL,1,1110100000003
BASE,SIMULACION_CINCO_DIAS-ALTA-N01,RECOCIDO_SIMULADO,0,TA06,ALM-CENTRAL,2,1110100000021
BASE,SIMULACION_CINCO_DIAS-ALTA-N01,RECOCIDO_SIMULADO,0,TA06,ALM-CENTRAL,3,1110100000017
BASE,SIMULACION_CINCO_DIAS-ALTA-N01,RECOCIDO_SIMULADO,0,TA07,ALM-CENTRAL,1,1110100000058
BASE,SIMULACION_CINCO_DIAS-ALTA-N01,RECOCIDO_SIMULADO,0,TA07,ALM-CENTRAL,2,1110100000034
BASE,SIMULACION_CINCO_DIAS-ALTA-N01,RECOCIDO_SIMULADO,0,TA08,ALM-CENTRAL,1,1110100000032
BASE,SIMULACION_CINCO_DIAS-ALTA-N01,RECOCIDO_SIMULADO,0,TA08,ALM-CENTRAL,2,1110100000000
BASE,SIMULACION_CINCO_DIAS-ALTA-N01,RECOCIDO_SIMULADO,0,TA09,ALM-CENTRAL,1,1110100000027
BASE,SIMULACION_CINCO_DIAS-ALTA-N01,RECOCIDO_SIMULADO,0,TA09,ALM-CENTRAL,2,1110100000050
BASE,SIMULACION_CINCO_DIAS-ALTA-N01,RECOCIDO_SIMULADO,0,TA09,ALM-CENTRAL,3,1110100000041
BASE,SIMULACION_CINCO_DIAS-ALTA-N01,RECOCIDO_SIMULADO,0,TA09,ALM-CENTRAL,4,1110100000007
BASE,SIMULACION_CINCO_DIAS-ALTA-N01,RECOCIDO_SIMULADO,0,TA10,ALM-CENTRAL,1,1110100000053
BASE,SIMULACION_CINCO_DIAS-ALTA-N01,RECOCIDO_SIMULADO,0,TA10,ALM-CENTRAL,2,1110100000011
BASE,SIMULACION_CINCO_DIAS-ALTA-N01,RECOCIDO_SIMULADO,0,TA10,ALM-CENTRAL,3,1110100000012
BASE,SIMULACION_CINCO_DIAS-ALTA-N01,RECOCIDO_SIMULADO,0,TB04,ALM-CENTRAL,1,1110100000031
BASE,SIMULACION_CINCO_DIAS-ALTA-N01,RECOCIDO_SIMULADO,0,TB04,ALM-CENTRAL,2,1110100000059
BASE,SIMULACION_CINCO_DIAS-ALTA-N01,RECOCIDO_SIMULADO,0,TB05,ALM-CENTRAL,1,1110100000020
BASE,SIMULACION_CINCO_DIAS-ALTA-N01,RECOCIDO_SIMULADO,0,TB07,ALM-CENTRAL,1,1110100000038
BASE,SIMULACION_CINCO_DIAS-ALTA-N01,RECOCIDO_SIMULADO,0,TB08,ALM-CENTRAL,1,1110100000036
BASE,SIMULACION_CINCO_DIAS-ALTA-N01,RECOCIDO_SIMULADO,0,TB09,ALM-CENTRAL,1,1110100000037
BASE,SIMULACION_CINCO_DIAS-ALTA-N01,RECOCIDO_SIMULADO,0,TB11,ALM-CENTRAL,1,1110100000054
BASE,SIMULACION_CINCO_DIAS-ALTA-N01,RECOCIDO_SIMULADO,0,TM01,ALM-CENTRAL,1,1110100000040
BASE,SIMULACION_CINCO_DIAS-ALTA-N01,RECOCIDO_SIMULADO,0,TM02,ALM-CENTRAL,1,1110100000055
BASE,SIMULACION_CINCO_DIAS-ALTA-N01,RECOCIDO_SIMULADO,0,TM03,ALM-CENTRAL,1,1110100000048
BASE,SIMULACION_CINCO_DIAS-ALTA-N01,RECOCIDO_SIMULADO,0,TM04,ALM-CENTRAL,1,1110100000056
BASE,SIMULACION_CINCO_DIAS-ALTA-N01,RECOCIDO_SIMULADO,0,TM04,ALM-CENTRAL,2,1110100000039
BASE,SIMULACION_CINCO_DIAS-ALTA-N01,RECOCIDO_SIMULADO,0,TM05,ALM-CENTRAL,1,1110100000029
BASE,SIMULACION_CINCO_DIAS-ALTA-N01,RECOCIDO_SIMULADO,0,TM05,ALM-CENTRAL,2,1110100000005
BASE,SIMULACION_CINCO_DIAS-ALTA-N01,RECOCIDO_SIMULADO,0,TM06,ALM-CENTRAL,1,1110100000028
BASE,SIMULACION_CINCO_DIAS-ALTA-N01,RECOCIDO_SIMULADO,0,TM06,ALM-CENTRAL,2,1110100000024
BASE,SIMULACION_CINCO_DIAS-ALTA-N01,RECOCIDO_SIMULADO,0,TM07,ALM-CENTRAL,1,1110100000006
BASE,SIMULACION_CINCO_DIAS-ALTA-N01,RECOCIDO_SIMULADO,0,TM08,ALM-CENTRAL,1,1110100000018
BASE,SIMULACION_CINCO_DIAS-ALTA-N01,RECOCIDO_SIMULADO,0,TM08,ALM-CENTRAL,2,1110100000026
BASE,SIMULACION_CINCO_DIAS-ALTA-N01,RECOCIDO_SIMULADO,0,TM09,ALM-CENTRAL,1,1110100000023
BASE,SIMULACION_CINCO_DIAS-ALTA-N01,RECOCIDO_SIMULADO,0,TM09,ALM-CENTRAL,2,1110100000016
BASE,SIMULACION_CINCO_DIAS-ALTA-N01,RECOCIDO_SIMULADO,0,TM10,ALM-CENTRAL,1,1110100000047
BASE,SIMULACION_CINCO_DIAS-ALTA-N01,RECOCIDO_SIMULADO,0,TM11,ALM-CENTRAL,1,1110100000052
BASE,SIMULACION_CINCO_DIAS-ALTA-N01,RECOCIDO_SIMULADO,0,TM12,ALM-CENTRAL,1,1110100000019
BASE,SIMULACION_CINCO_DIAS-ALTA-N01,RECOCIDO_SIMULADO,0,TM13,ALM-CENTRAL,1,1110100000033
BASE,SIMULACION_CINCO_DIAS-ALTA-N01,RECOCIDO_SIMULADO,0,TM14,ALM-CENTRAL,1,1110100000001
BASE,SIMULACION_CINCO_DIAS-ALTA-N01,RECOCIDO_SIMULADO,0,TM15,ALM-CENTRAL,1,1110100000046
BASE,SIMULACION_CINCO_DIAS-ALTA-N01,RECOCIDO_SIMULADO,0,TM15,ALM-CENTRAL,2,1110100000045
BASE,SIMULACION_CINCO_DIAS-ALTA-N01,RECOCIDO_SIMULADO,0,TA01,ALM-CENTRAL,1,1110100100013
BASE,SIMULACION_CINCO_DIAS-ALTA-N01,RECOCIDO_SIMULADO,0,TA01,ALM-CENTRAL,2,1110100100014
BASE,SIMULACION_CINCO_DIAS-ALTA-N01,RECOCIDO_SIMULADO,0,TA01,ALM-CENTRAL,3,1110100100029
BASE,SIMULACION_CINCO_DIAS-ALTA-N01,RECOCIDO_SIMULADO,0,TA02,ALM-CENTRAL,1,1110100100028
BASE,SIMULACION_CINCO_DIAS-ALTA-N01,RECOCIDO_SIMULADO,0,TA03,ALM-CENTRAL,1,1110100100004
BASE,SIMULACION_CINCO_DIAS-ALTA-N01,RECOCIDO_SIMULADO,0,TA04,ALM-CENTRAL,1,1110100100012
BASE,SIMULACION_CINCO_DIAS-ALTA-N01,RECOCIDO_SIMULADO,0,TA04,ALM-CENTRAL,2,1110100100001
BASE,SIMULACION_CINCO_DIAS-ALTA-N01,RECOCIDO_SIMULADO,0,TA05,ALM-CENTRAL,1,1110100100031
BASE,SIMULACION_CINCO_DIAS-ALTA-N01,RECOCIDO_SIMULADO,0,TA05,ALM-CENTRAL,2,1110100100027
BASE,SIMULACION_CINCO_DIAS-ALTA-N01,RECOCIDO_SIMULADO,0,TA05,ALM-CENTRAL,3,1110100100021
BASE,SIMULACION_CINCO_DIAS-ALTA-N01,RECOCIDO_SIMULADO,0,TA06,ALM-CENTRAL,1,1110100100017
BASE,SIMULACION_CINCO_DIAS-ALTA-N01,RECOCIDO_SIMULADO,0,TA06,ALM-CENTRAL,2,1110100100011
BASE,SIMULACION_CINCO_DIAS-ALTA-N01,RECOCIDO_SIMULADO,0,TA07,ALM-CENTRAL,1,1110100100019
BASE,SIMULACION_CINCO_DIAS-ALTA-N01,RECOCIDO_SIMULADO,0,TA08,ALM-CENTRAL,1,1110100100024
BASE,SIMULACION_CINCO_DIAS-ALTA-N01,RECOCIDO_SIMULADO,0,TA08,ALM-CENTRAL,2,1110100100023
BASE,SIMULACION_CINCO_DIAS-ALTA-N01,RECOCIDO_SIMULADO,0,TA09,ALM-CENTRAL,1,1110100100006
BASE,SIMULACION_CINCO_DIAS-ALTA-N01,RECOCIDO_SIMULADO,0,TA09,ALM-CENTRAL,2,1110100100026
BASE,SIMULACION_CINCO_DIAS-ALTA-N01,RECOCIDO_SIMULADO,0,TA09,ALM-CENTRAL,3,1110100100007
BASE,SIMULACION_CINCO_DIAS-ALTA-N01,RECOCIDO_SIMULADO,0,TA10,ALM-CENTRAL,1,1110100100015
BASE,SIMULACION_CINCO_DIAS-ALTA-N01,RECOCIDO_SIMULADO,0,TA10,ALM-CENTRAL,2,1110100100034
BASE,SIMULACION_CINCO_DIAS-ALTA-N01,RECOCIDO_SIMULADO,0,TA10,ALM-CENTRAL,3,1110100100009
BASE,SIMULACION_CINCO_DIAS-ALTA-N01,RECOCIDO_SIMULADO,0,TB03,ALM-CENTRAL,1,1110100100005
BASE,SIMULACION_CINCO_DIAS-ALTA-N01,RECOCIDO_SIMULADO,0,TB08,ALM-CENTRAL,1,1110100100016
BASE,SIMULACION_CINCO_DIAS-ALTA-N01,RECOCIDO_SIMULADO,0,TB08,ALM-CENTRAL,2,1110100100033
BASE,SIMULACION_CINCO_DIAS-ALTA-N01,RECOCIDO_SIMULADO,0,TM02,ALM-CENTRAL,1,1110100100000
BASE,SIMULACION_CINCO_DIAS-ALTA-N01,RECOCIDO_SIMULADO,0,TM04,ALM-CENTRAL,1,1110100100020
BASE,SIMULACION_CINCO_DIAS-ALTA-N01,RECOCIDO_SIMULADO,0,TM06,ALM-CENTRAL,1,1110100100025
BASE,SIMULACION_CINCO_DIAS-ALTA-N01,RECOCIDO_SIMULADO,0,TM07,ALM-CENTRAL,1,1110100100002
BASE,SIMULACION_CINCO_DIAS-ALTA-N01,RECOCIDO_SIMULADO,0,TM10,ALM-CENTRAL,1,1110100100018
BASE,SIMULACION_CINCO_DIAS-ALTA-N01,RECOCIDO_SIMULADO,0,TM11,ALM-CENTRAL,1,1110100100030
BASE,SIMULACION_CINCO_DIAS-ALTA-N01,RECOCIDO_SIMULADO,0,TM12,ALM-CENTRAL,1,1110100100003
BASE,SIMULACION_CINCO_DIAS-ALTA-N01,RECOCIDO_SIMULADO,0,TM13,ALM-CENTRAL,1,1110100100032
BASE,SIMULACION_CINCO_DIAS-ALTA-N01,RECOCIDO_SIMULADO,0,TM14,ALM-CENTRAL,1,1110100100010
BASE,SIMULACION_CINCO_DIAS-ALTA-N01,RECOCIDO_SIMULADO,0,TA01,ALM-CENTRAL,1,1110100200005
BASE,SIMULACION_CINCO_DIAS-ALTA-N01,RECOCIDO_SIMULADO,0,TA01,ALM-CENTRAL,2,1110100200018
BASE,SIMULACION_CINCO_DIAS-ALTA-N01,RECOCIDO_SIMULADO,0,TA01,ALM-CENTRAL,3,1110100200029
BASE,SIMULACION_CINCO_DIAS-ALTA-N01,RECOCIDO_SIMULADO,0,TA01,ALM-CENTRAL,4,1110100200019
BASE,SIMULACION_CINCO_DIAS-ALTA-N01,RECOCIDO_SIMULADO,0,TA01,ALM-CENTRAL,5,1110100200007
BASE,SIMULACION_CINCO_DIAS-ALTA-N01,RECOCIDO_SIMULADO,0,TA01,ALM-CENTRAL,6,1110100200025
BASE,SIMULACION_CINCO_DIAS-ALTA-N01,RECOCIDO_SIMULADO,0,TA02,ALM-CENTRAL,1,1110100200031
BASE,SIMULACION_CINCO_DIAS-ALTA-N01,RECOCIDO_SIMULADO,0,TA02,ALM-CENTRAL,2,1110100200014
BASE,SIMULACION_CINCO_DIAS-ALTA-N01,RECOCIDO_SIMULADO,0,TA02,ALM-CENTRAL,3,1110100200008
BASE,SIMULACION_CINCO_DIAS-ALTA-N01,RECOCIDO_SIMULADO,0,TA02,ALM-CENTRAL,4,1110100200010
BASE,SIMULACION_CINCO_DIAS-ALTA-N01,RECOCIDO_SIMULADO,0,TA02,ALM-CENTRAL,5,1110100200027
BASE,SIMULACION_CINCO_DIAS-ALTA-N01,RECOCIDO_SIMULADO,0,TA03,ALM-CENTRAL,1,1110100200016
BASE,SIMULACION_CINCO_DIAS-ALTA-N01,RECOCIDO_SIMULADO,0,TA03,ALM-CENTRAL,2,1110100200032
BASE,SIMULACION_CINCO_DIAS-ALTA-N01,RECOCIDO_SIMULADO,0,TA03,ALM-CENTRAL,3,1110100200012
BASE,SIMULACION_CINCO_DIAS-ALTA-N01,RECOCIDO_SIMULADO,0,TA03,ALM-CENTRAL,4,1110100200011
BASE,SIMULACION_CINCO_DIAS-ALTA-N01,RECOCIDO_SIMULADO,0,TA04,ALM-CENTRAL,1,1110100200009
BASE,SIMULACION_CINCO_DIAS-ALTA-N01,RECOCIDO_SIMULADO,0,TA04,ALM-CENTRAL,2,1110100200023
BASE,SIMULACION_CINCO_DIAS-ALTA-N01,RECOCIDO_SIMULADO,0,TA04,ALM-CENTRAL,3,1110100200022
BASE,SIMULACION_CINCO_DIAS-ALTA-N01,RECOCIDO_SIMULADO,0,TA04,ALM-CENTRAL,4,1110100200004
BASE,SIMULACION_CINCO_DIAS-ALTA-N01,RECOCIDO_SIMULADO,0,TA05,ALM-CENTRAL,1,1110100200006
BASE,SIMULACION_CINCO_DIAS-ALTA-N01,RECOCIDO_SIMULADO,0,TA05,ALM-CENTRAL,2,1110100200015
BASE,SIMULACION_CINCO_DIAS-ALTA-N01,RECOCIDO_SIMULADO,0,TA05,ALM-CENTRAL,3,1110100200017
BASE,SIMULACION_CINCO_DIAS-ALTA-N01,RECOCIDO_SIMULADO,0,TA05,ALM-CENTRAL,4,1110100200028
BASE,SIMULACION_CINCO_DIAS-ALTA-N01,RECOCIDO_SIMULADO,0,TA06,ALM-CENTRAL,1,1110100200000
BASE,SIMULACION_CINCO_DIAS-ALTA-N01,RECOCIDO_SIMULADO,0,TA07,ALM-CENTRAL,1,1110100200021
BASE,SIMULACION_CINCO_DIAS-ALTA-N01,RECOCIDO_SIMULADO,0,TA07,ALM-CENTRAL,2,1110100200002
BASE,SIMULACION_CINCO_DIAS-ALTA-N01,RECOCIDO_SIMULADO,0,TA07,ALM-CENTRAL,3,1110100200030
BASE,SIMULACION_CINCO_DIAS-ALTA-N01,RECOCIDO_SIMULADO,0,TA08,ALM-CENTRAL,1,1110100200001
BASE,SIMULACION_CINCO_DIAS-ALTA-N01,RECOCIDO_SIMULADO,0,TA08,ALM-CENTRAL,2,1110100200033
BASE,SIMULACION_CINCO_DIAS-ALTA-N01,RECOCIDO_SIMULADO,0,TA09,ALM-CENTRAL,1,1110100200020
BASE,SIMULACION_CINCO_DIAS-ALTA-N01,RECOCIDO_SIMULADO,0,TA09,ALM-CENTRAL,2,1110100200003
BASE,SIMULACION_CINCO_DIAS-ALTA-N01,RECOCIDO_SIMULADO,0,TA09,ALM-CENTRAL,3,1110100200026
BASE,SIMULACION_CINCO_DIAS-ALTA-N01,RECOCIDO_SIMULADO,0,TA10,ALM-CENTRAL,1,1110100200013
BASE,SIMULACION_CINCO_DIAS-ALTA-N01,RECOCIDO_SIMULADO,0,TA01,ALM-CENTRAL,1,1110100300026
BASE,SIMULACION_CINCO_DIAS-ALTA-N01,RECOCIDO_SIMULADO,0,TA01,ALM-CENTRAL,2,1110100300001
BASE,SIMULACION_CINCO_DIAS-ALTA-N01,RECOCIDO_SIMULADO,0,TA01,ALM-CENTRAL,3,1110100300011
BASE,SIMULACION_CINCO_DIAS-ALTA-N01,RECOCIDO_SIMULADO,0,TA01,ALM-CENTRAL,4,1110100300016
BASE,SIMULACION_CINCO_DIAS-ALTA-N01,RECOCIDO_SIMULADO,0,TA01,ALM-CENTRAL,5,1110100300033
BASE,SIMULACION_CINCO_DIAS-ALTA-N01,RECOCIDO_SIMULADO,0,TA01,ALM-CENTRAL,6,1110100300036
BASE,SIMULACION_CINCO_DIAS-ALTA-N01,RECOCIDO_SIMULADO,0,TA03,ALM-CENTRAL,1,1110100300004
BASE,SIMULACION_CINCO_DIAS-ALTA-N01,RECOCIDO_SIMULADO,0,TA03,ALM-CENTRAL,2,1110100300037
BASE,SIMULACION_CINCO_DIAS-ALTA-N01,RECOCIDO_SIMULADO,0,TA03,ALM-CENTRAL,3,1110100300003
BASE,SIMULACION_CINCO_DIAS-ALTA-N01,RECOCIDO_SIMULADO,0,TA03,ALM-CENTRAL,4,1110100300009
BASE,SIMULACION_CINCO_DIAS-ALTA-N01,RECOCIDO_SIMULADO,0,TA04,ALM-CENTRAL,1,1110100300029
BASE,SIMULACION_CINCO_DIAS-ALTA-N01,RECOCIDO_SIMULADO,0,TA04,ALM-CENTRAL,2,1110100300027
BASE,SIMULACION_CINCO_DIAS-ALTA-N01,RECOCIDO_SIMULADO,0,TA04,ALM-CENTRAL,3,1110100300006
BASE,SIMULACION_CINCO_DIAS-ALTA-N01,RECOCIDO_SIMULADO,0,TA04,ALM-CENTRAL,4,1110100300034
BASE,SIMULACION_CINCO_DIAS-ALTA-N01,RECOCIDO_SIMULADO,0,TA05,ALM-CENTRAL,1,1110100300014
BASE,SIMULACION_CINCO_DIAS-ALTA-N01,RECOCIDO_SIMULADO,0,TA05,ALM-CENTRAL,2,1110100300013
BASE,SIMULACION_CINCO_DIAS-ALTA-N01,RECOCIDO_SIMULADO,0,TA05,ALM-CENTRAL,3,1110100300035
BASE,SIMULACION_CINCO_DIAS-ALTA-N01,RECOCIDO_SIMULADO,0,TA05,ALM-CENTRAL,4,1110100300000
BASE,SIMULACION_CINCO_DIAS-ALTA-N01,RECOCIDO_SIMULADO,0,TA06,ALM-CENTRAL,1,1110100300007
BASE,SIMULACION_CINCO_DIAS-ALTA-N01,RECOCIDO_SIMULADO,0,TA06,ALM-CENTRAL,2,1110100300012
BASE,SIMULACION_CINCO_DIAS-ALTA-N01,RECOCIDO_SIMULADO,0,TA07,ALM-CENTRAL,1,1110100300024
BASE,SIMULACION_CINCO_DIAS-ALTA-N01,RECOCIDO_SIMULADO,0,TA07,ALM-CENTRAL,2,1110100300031
BASE,SIMULACION_CINCO_DIAS-ALTA-N01,RECOCIDO_SIMULADO,0,TA07,ALM-CENTRAL,3,1110100300015
BASE,SIMULACION_CINCO_DIAS-ALTA-N01,RECOCIDO_SIMULADO,0,TA07,ALM-CENTRAL,4,1110100300028
BASE,SIMULACION_CINCO_DIAS-ALTA-N01,RECOCIDO_SIMULADO,0,TA08,ALM-CENTRAL,1,1110100300002
BASE,SIMULACION_CINCO_DIAS-ALTA-N01,RECOCIDO_SIMULADO,0,TA08,ALM-CENTRAL,2,1110100300023
BASE,SIMULACION_CINCO_DIAS-ALTA-N01,RECOCIDO_SIMULADO,0,TA08,ALM-CENTRAL,3,1110100300032
BASE,SIMULACION_CINCO_DIAS-ALTA-N01,RECOCIDO_SIMULADO,0,TA09,ALM-CENTRAL,1,1110100300021
BASE,SIMULACION_CINCO_DIAS-ALTA-N01,RECOCIDO_SIMULADO,0,TA09,ALM-CENTRAL,2,1110100300020
BASE,SIMULACION_CINCO_DIAS-ALTA-N01,RECOCIDO_SIMULADO,0,TA10,ALM-NOROESTE,1,1110100300010
BASE,SIMULACION_CINCO_DIAS-ALTA-N01,RECOCIDO_SIMULADO,0,TA10,ALM-NOROESTE,2,1110100300030
BASE,SIMULACION_CINCO_DIAS-ALTA-N01,RECOCIDO_SIMULADO,0,TA10,ALM-NOROESTE,3,1110100300019
BASE,SIMULACION_CINCO_DIAS-ALTA-N01,RECOCIDO_SIMULADO,0,TM01,ALM-CENTRAL,1,1110100300022
BASE,SIMULACION_CINCO_DIAS-ALTA-N01,RECOCIDO_SIMULADO,0,TM01,ALM-CENTRAL,2,1110100300005
BASE,SIMULACION_CINCO_DIAS-ALTA-N01,RECOCIDO_SIMULADO,0,TM02,ALM-ESTE,1,1110100300025
BASE,SIMULACION_CINCO_DIAS-ALTA-N01,RECOCIDO_SIMULADO,0,TM03,ALM-CENTRAL,1,1110100300008
BASE,SIMULACION_CINCO_DIAS-ALTA-N01,RECOCIDO_SIMULADO,0,TM04,ALM-CENTRAL,1,1110100300017
BASE,SIMULACION_CINCO_DIAS-ALTA-N01,RECOCIDO_SIMULADO,0,TA01,ALM-CENTRAL,1,1110100400032
BASE,SIMULACION_CINCO_DIAS-ALTA-N01,RECOCIDO_SIMULADO,0,TA01,ALM-CENTRAL,2,1110100400022
BASE,SIMULACION_CINCO_DIAS-ALTA-N01,RECOCIDO_SIMULADO,0,TA01,ALM-CENTRAL,3,1110100400014
BASE,SIMULACION_CINCO_DIAS-ALTA-N01,RECOCIDO_SIMULADO,0,TA01,ALM-CENTRAL,4,1110100400042
BASE,SIMULACION_CINCO_DIAS-ALTA-N01,RECOCIDO_SIMULADO,0,TA03,ALM-CENTRAL,1,1110100400021
BASE,SIMULACION_CINCO_DIAS-ALTA-N01,RECOCIDO_SIMULADO,0,TA03,ALM-CENTRAL,2,1110100400039
BASE,SIMULACION_CINCO_DIAS-ALTA-N01,RECOCIDO_SIMULADO,0,TA03,ALM-CENTRAL,3,1110100400023
BASE,SIMULACION_CINCO_DIAS-ALTA-N01,RECOCIDO_SIMULADO,0,TA04,ALM-CENTRAL,1,1110100400031
BASE,SIMULACION_CINCO_DIAS-ALTA-N01,RECOCIDO_SIMULADO,0,TA04,ALM-CENTRAL,2,1110100400033
BASE,SIMULACION_CINCO_DIAS-ALTA-N01,RECOCIDO_SIMULADO,0,TA04,ALM-CENTRAL,3,1110100400010
BASE,SIMULACION_CINCO_DIAS-ALTA-N01,RECOCIDO_SIMULADO,0,TA05,ALM-CENTRAL,1,1110100400034
BASE,SIMULACION_CINCO_DIAS-ALTA-N01,RECOCIDO_SIMULADO,0,TA06,ALM-CENTRAL,1,1110100400009
BASE,SIMULACION_CINCO_DIAS-ALTA-N01,RECOCIDO_SIMULADO,0,TA06,ALM-CENTRAL,2,1110100400017
BASE,SIMULACION_CINCO_DIAS-ALTA-N01,RECOCIDO_SIMULADO,0,TA06,ALM-CENTRAL,3,1110100400005
BASE,SIMULACION_CINCO_DIAS-ALTA-N01,RECOCIDO_SIMULADO,0,TA07,ALM-CENTRAL,1,1110100400026
BASE,SIMULACION_CINCO_DIAS-ALTA-N01,RECOCIDO_SIMULADO,0,TA07,ALM-CENTRAL,2,1110100400045
BASE,SIMULACION_CINCO_DIAS-ALTA-N01,RECOCIDO_SIMULADO,0,TA08,ALM-CENTRAL,1,1110100400016
BASE,SIMULACION_CINCO_DIAS-ALTA-N01,RECOCIDO_SIMULADO,0,TA08,ALM-CENTRAL,2,1110100400029
BASE,SIMULACION_CINCO_DIAS-ALTA-N01,RECOCIDO_SIMULADO,0,TA09,ALM-CENTRAL,1,1110100400013
BASE,SIMULACION_CINCO_DIAS-ALTA-N01,RECOCIDO_SIMULADO,0,TA09,ALM-CENTRAL,2,1110100400018
BASE,SIMULACION_CINCO_DIAS-ALTA-N01,RECOCIDO_SIMULADO,0,TA09,ALM-CENTRAL,3,1110100400027
BASE,SIMULACION_CINCO_DIAS-ALTA-N01,RECOCIDO_SIMULADO,0,TA10,ALM-CENTRAL,1,1110100400002
BASE,SIMULACION_CINCO_DIAS-ALTA-N01,RECOCIDO_SIMULADO,0,TA10,ALM-CENTRAL,2,1110100400035
BASE,SIMULACION_CINCO_DIAS-ALTA-N01,RECOCIDO_SIMULADO,0,TA10,ALM-CENTRAL,3,1110100400008
BASE,SIMULACION_CINCO_DIAS-ALTA-N01,RECOCIDO_SIMULADO,0,TB05,ALM-CENTRAL,1,1110100400040
BASE,SIMULACION_CINCO_DIAS-ALTA-N01,RECOCIDO_SIMULADO,0,TB10,ALM-CENTRAL,1,1110100400030
BASE,SIMULACION_CINCO_DIAS-ALTA-N01,RECOCIDO_SIMULADO,0,TB11,ALM-CENTRAL,1,1110100400012
BASE,SIMULACION_CINCO_DIAS-ALTA-N01,RECOCIDO_SIMULADO,0,TM01,ALM-CENTRAL,1,1110100400038
BASE,SIMULACION_CINCO_DIAS-ALTA-N01,RECOCIDO_SIMULADO,0,TM01,ALM-CENTRAL,2,1110100400024
BASE,SIMULACION_CINCO_DIAS-ALTA-N01,RECOCIDO_SIMULADO,0,TM01,ALM-CENTRAL,3,1110100400015
BASE,SIMULACION_CINCO_DIAS-ALTA-N01,RECOCIDO_SIMULADO,0,TM02,ALM-CENTRAL,1,1110100400036
BASE,SIMULACION_CINCO_DIAS-ALTA-N01,RECOCIDO_SIMULADO,0,TM02,ALM-CENTRAL,2,1110100400019
BASE,SIMULACION_CINCO_DIAS-ALTA-N01,RECOCIDO_SIMULADO,0,TM03,ALM-CENTRAL,1,1110100400043
BASE,SIMULACION_CINCO_DIAS-ALTA-N01,RECOCIDO_SIMULADO,0,TM04,ALM-CENTRAL,1,1110100400001
BASE,SIMULACION_CINCO_DIAS-ALTA-N01,RECOCIDO_SIMULADO,0,TM05,ALM-CENTRAL,1,1110100400028
BASE,SIMULACION_CINCO_DIAS-ALTA-N01,RECOCIDO_SIMULADO,0,TM07,ALM-CENTRAL,1,1110100400037
BASE,SIMULACION_CINCO_DIAS-ALTA-N01,RECOCIDO_SIMULADO,0,TM09,ALM-CENTRAL,1,1110100400046
BASE,SIMULACION_CINCO_DIAS-ALTA-N01,RECOCIDO_SIMULADO,0,TM10,ALM-CENTRAL,1,1110100400003
BASE,SIMULACION_CINCO_DIAS-ALTA-N01,RECOCIDO_SIMULADO,0,TM11,ALM-CENTRAL,1,1110100400004
BASE,SIMULACION_CINCO_DIAS-ALTA-N01,RECOCIDO_SIMULADO,0,TM11,ALM-CENTRAL,2,1110100400020
BASE,SIMULACION_CINCO_DIAS-ALTA-N01,RECOCIDO_SIMULADO,0,TM12,ALM-CENTRAL,1,1110100400025
BASE,SIMULACION_CINCO_DIAS-ALTA-N01,RECOCIDO_SIMULADO,0,TM13,ALM-CENTRAL,1,1110100400000
BASE,SIMULACION_CINCO_DIAS-ALTA-N01,RECOCIDO_SIMULADO,0,TM14,ALM-CENTRAL,1,1110100400006
BASE,SIMULACION_CINCO_DIAS-ALTA-N01,RECOCIDO_SIMULADO,0,TM15,ALM-CENTRAL,1,1110100400041
BASE,SIMULACION_CINCO_DIAS-ALTA-N01,RECOCIDO_SIMULADO,0,NO_ASIGNADO,,,1110100000002
BASE,SIMULACION_CINCO_DIAS-ALTA-N01,RECOCIDO_SIMULADO,0,NO_ASIGNADO,,,1110100100008
BASE,SIMULACION_CINCO_DIAS-ALTA-N01,RECOCIDO_SIMULADO,0,NO_ASIGNADO,,,1110100100022
BASE,SIMULACION_CINCO_DIAS-ALTA-N01,RECOCIDO_SIMULADO,0,NO_ASIGNADO,,,1110100200024
BASE,SIMULACION_CINCO_DIAS-ALTA-N01,RECOCIDO_SIMULADO,0,NO_ASIGNADO,,,1110100300018
BASE,SIMULACION_CINCO_DIAS-ALTA-N01,RECOCIDO_SIMULADO,0,NO_ASIGNADO,,,1110100400044
BASE,SIMULACION_CINCO_DIAS-ALTA-N01,RECOCIDO_SIMULADO,0,NO_ASIGNADO,,,1110100400011
BASE,SIMULACION_CINCO_DIAS-ALTA-N01,RECOCIDO_SIMULADO,0,NO_ASIGNADO,,,1110100400007
BASE,SIMULACION_CINCO_DIAS-ALTA-N01,RECOCIDO_SIMULADO,1,TA01,ALM-CENTRAL,1,1110100000048
BASE,SIMULACION_CINCO_DIAS-ALTA-N01,RECOCIDO_SIMULADO,1,TA01,ALM-CENTRAL,2,1110100000004
BASE,SIMULACION_CINCO_DIAS-ALTA-N01,RECOCIDO_SIMULADO,1,TA01,ALM-CENTRAL,3,1110100000019
BASE,SIMULACION_CINCO_DIAS-ALTA-N01,RECOCIDO_SIMULADO,1,TA01,ALM-CENTRAL,4,1110100000011
BASE,SIMULACION_CINCO_DIAS-ALTA-N01,RECOCIDO_SIMULADO,1,TA02,ALM-CENTRAL,1,1110100000008
BASE,SIMULACION_CINCO_DIAS-ALTA-N01,RECOCIDO_SIMULADO,1,TA02,ALM-CENTRAL,2,1110100000051
BASE,SIMULACION_CINCO_DIAS-ALTA-N01,RECOCIDO_SIMULADO,1,TA03,ALM-CENTRAL,1,1110100000015
BASE,SIMULACION_CINCO_DIAS-ALTA-N01,RECOCIDO_SIMULADO,1,TA03,ALM-CENTRAL,2,1110100000000
BASE,SIMULACION_CINCO_DIAS-ALTA-N01,RECOCIDO_SIMULADO,1,TA04,ALM-CENTRAL,1,1110100000009
BASE,SIMULACION_CINCO_DIAS-ALTA-N01,RECOCIDO_SIMULADO,1,TA04,ALM-CENTRAL,2,1110100000043
BASE,SIMULACION_CINCO_DIAS-ALTA-N01,RECOCIDO_SIMULADO,1,TA04,ALM-CENTRAL,3,1110100000052
BASE,SIMULACION_CINCO_DIAS-ALTA-N01,RECOCIDO_SIMULADO,1,TA05,ALM-CENTRAL,1,1110100000013
BASE,SIMULACION_CINCO_DIAS-ALTA-N01,RECOCIDO_SIMULADO,1,TA05,ALM-CENTRAL,2,1110100000044
BASE,SIMULACION_CINCO_DIAS-ALTA-N01,RECOCIDO_SIMULADO,1,TA06,ALM-CENTRAL,1,1110100000035
BASE,SIMULACION_CINCO_DIAS-ALTA-N01,RECOCIDO_SIMULADO,1,TA06,ALM-CENTRAL,2,1110100000026
BASE,SIMULACION_CINCO_DIAS-ALTA-N01,RECOCIDO_SIMULADO,1,TA07,ALM-CENTRAL,1,1110100000053
BASE,SIMULACION_CINCO_DIAS-ALTA-N01,RECOCIDO_SIMULADO,1,TA07,ALM-CENTRAL,2,1110100000022
BASE,SIMULACION_CINCO_DIAS-ALTA-N01,RECOCIDO_SIMULADO,1,TA07,ALM-CENTRAL,3,1110100000005
BASE,SIMULACION_CINCO_DIAS-ALTA-N01,RECOCIDO_SIMULADO,1,TA08,ALM-CENTRAL,1,1110100000042
BASE,SIMULACION_CINCO_DIAS-ALTA-N01,RECOCIDO_SIMULADO,1,TA08,ALM-CENTRAL,2,1110100000039
BASE,SIMULACION_CINCO_DIAS-ALTA-N01,RECOCIDO_SIMULADO,1,TA08,ALM-CENTRAL,3,1110100000007
BASE,SIMULACION_CINCO_DIAS-ALTA-N01,RECOCIDO_SIMULADO,1,TA08,ALM-CENTRAL,4,1110100000054
BASE,SIMULACION_CINCO_DIAS-ALTA-N01,RECOCIDO_SIMULADO,1,TA09,ALM-CENTRAL,1,1110100000050
BASE,SIMULACION_CINCO_DIAS-ALTA-N01,RECOCIDO_SIMULADO,1,TA09,ALM-CENTRAL,2,1110100000032
BASE,SIMULACION_CINCO_DIAS-ALTA-N01,RECOCIDO_SIMULADO,1,TA10,ALM-CENTRAL,1,1110100000023
BASE,SIMULACION_CINCO_DIAS-ALTA-N01,RECOCIDO_SIMULADO,1,TA10,ALM-CENTRAL,2,1110100000012
BASE,SIMULACION_CINCO_DIAS-ALTA-N01,RECOCIDO_SIMULADO,1,TA10,ALM-CENTRAL,3,1110100000017
BASE,SIMULACION_CINCO_DIAS-ALTA-N01,RECOCIDO_SIMULADO,1,TB01,ALM-CENTRAL,1,1110100000045
BASE,SIMULACION_CINCO_DIAS-ALTA-N01,RECOCIDO_SIMULADO,1,TB02,ALM-CENTRAL,1,1110100000036
BASE,SIMULACION_CINCO_DIAS-ALTA-N01,RECOCIDO_SIMULADO,1,TB03,ALM-CENTRAL,1,1110100000014
BASE,SIMULACION_CINCO_DIAS-ALTA-N01,RECOCIDO_SIMULADO,1,TB04,ALM-CENTRAL,1,1110100000038
BASE,SIMULACION_CINCO_DIAS-ALTA-N01,RECOCIDO_SIMULADO,1,TB08,ALM-CENTRAL,1,1110100000046
BASE,SIMULACION_CINCO_DIAS-ALTA-N01,RECOCIDO_SIMULADO,1,TB09,ALM-CENTRAL,1,1110100000056
BASE,SIMULACION_CINCO_DIAS-ALTA-N01,RECOCIDO_SIMULADO,1,TB12,ALM-CENTRAL,1,1110100000029
BASE,SIMULACION_CINCO_DIAS-ALTA-N01,RECOCIDO_SIMULADO,1,TM01,ALM-CENTRAL,1,1110100000049
BASE,SIMULACION_CINCO_DIAS-ALTA-N01,RECOCIDO_SIMULADO,1,TM01,ALM-CENTRAL,2,1110100000016
BASE,SIMULACION_CINCO_DIAS-ALTA-N01,RECOCIDO_SIMULADO,1,TM02,ALM-CENTRAL,1,1110100000006
BASE,SIMULACION_CINCO_DIAS-ALTA-N01,RECOCIDO_SIMULADO,1,TM02,ALM-CENTRAL,2,1110100000020
BASE,SIMULACION_CINCO_DIAS-ALTA-N01,RECOCIDO_SIMULADO,1,TM04,ALM-CENTRAL,1,1110100000027
BASE,SIMULACION_CINCO_DIAS-ALTA-N01,RECOCIDO_SIMULADO,1,TM04,ALM-CENTRAL,2,1110100000021
BASE,SIMULACION_CINCO_DIAS-ALTA-N01,RECOCIDO_SIMULADO,1,TM05,ALM-CENTRAL,1,1110100000034
BASE,SIMULACION_CINCO_DIAS-ALTA-N01,RECOCIDO_SIMULADO,1,TM06,ALM-CENTRAL,1,1110100000001
BASE,SIMULACION_CINCO_DIAS-ALTA-N01,RECOCIDO_SIMULADO,1,TM06,ALM-CENTRAL,2,1110100000059
BASE,SIMULACION_CINCO_DIAS-ALTA-N01,RECOCIDO_SIMULADO,1,TM07,ALM-CENTRAL,1,1110100000033
BASE,SIMULACION_CINCO_DIAS-ALTA-N01,RECOCIDO_SIMULADO,1,TM08,ALM-CENTRAL,1,1110100000018
BASE,SIMULACION_CINCO_DIAS-ALTA-N01,RECOCIDO_SIMULADO,1,TM08,ALM-CENTRAL,2,1110100000057
BASE,SIMULACION_CINCO_DIAS-ALTA-N01,RECOCIDO_SIMULADO,1,TM09,ALM-CENTRAL,1,1110100000058
BASE,SIMULACION_CINCO_DIAS-ALTA-N01,RECOCIDO_SIMULADO,1,TM10,ALM-CENTRAL,1,1110100000010
BASE,SIMULACION_CINCO_DIAS-ALTA-N01,RECOCIDO_SIMULADO,1,TM10,ALM-CENTRAL,2,1110100000024
BASE,SIMULACION_CINCO_DIAS-ALTA-N01,RECOCIDO_SIMULADO,1,TM11,ALM-CENTRAL,1,1110100000031
BASE,SIMULACION_CINCO_DIAS-ALTA-N01,RECOCIDO_SIMULADO,1,TM11,ALM-CENTRAL,2,1110100000003
BASE,SIMULACION_CINCO_DIAS-ALTA-N01,RECOCIDO_SIMULADO,1,TM11,ALM-CENTRAL,3,1110100000028
BASE,SIMULACION_CINCO_DIAS-ALTA-N01,RECOCIDO_SIMULADO,1,TM12,ALM-CENTRAL,1,1110100000040
BASE,SIMULACION_CINCO_DIAS-ALTA-N01,RECOCIDO_SIMULADO,1,TM13,ALM-CENTRAL,1,1110100000047
BASE,SIMULACION_CINCO_DIAS-ALTA-N01,RECOCIDO_SIMULADO,1,TM14,ALM-CENTRAL,1,1110100000025
BASE,SIMULACION_CINCO_DIAS-ALTA-N01,RECOCIDO_SIMULADO,1,TM14,ALM-CENTRAL,2,1110100000055
BASE,SIMULACION_CINCO_DIAS-ALTA-N01,RECOCIDO_SIMULADO,1,TM14,ALM-CENTRAL,3,1110100000041
BASE,SIMULACION_CINCO_DIAS-ALTA-N01,RECOCIDO_SIMULADO,1,TM15,ALM-CENTRAL,1,1110100000030
BASE,SIMULACION_CINCO_DIAS-ALTA-N01,RECOCIDO_SIMULADO,1,TM15,ALM-CENTRAL,2,1110100000037
BASE,SIMULACION_CINCO_DIAS-ALTA-N01,RECOCIDO_SIMULADO,1,TA01,ALM-CENTRAL,1,1110100100026
BASE,SIMULACION_CINCO_DIAS-ALTA-N01,RECOCIDO_SIMULADO,1,TA01,ALM-CENTRAL,2,1110100100017
BASE,SIMULACION_CINCO_DIAS-ALTA-N01,RECOCIDO_SIMULADO,1,TA02,ALM-CENTRAL,1,1110100100029
BASE,SIMULACION_CINCO_DIAS-ALTA-N01,RECOCIDO_SIMULADO,1,TA02,ALM-CENTRAL,2,1110100100007
BASE,SIMULACION_CINCO_DIAS-ALTA-N01,RECOCIDO_SIMULADO,1,TA04,ALM-CENTRAL,1,1110100100018
BASE,SIMULACION_CINCO_DIAS-ALTA-N01,RECOCIDO_SIMULADO,1,TA04,ALM-CENTRAL,2,1110100100024
BASE,SIMULACION_CINCO_DIAS-ALTA-N01,RECOCIDO_SIMULADO,1,TA04,ALM-CENTRAL,3,1110100100019
BASE,SIMULACION_CINCO_DIAS-ALTA-N01,RECOCIDO_SIMULADO,1,TA05,ALM-CENTRAL,1,1110100100012
BASE,SIMULACION_CINCO_DIAS-ALTA-N01,RECOCIDO_SIMULADO,1,TA05,ALM-CENTRAL,2,1110100100023
BASE,SIMULACION_CINCO_DIAS-ALTA-N01,RECOCIDO_SIMULADO,1,TA06,ALM-CENTRAL,1,1110100100014
BASE,SIMULACION_CINCO_DIAS-ALTA-N01,RECOCIDO_SIMULADO,1,TA06,ALM-CENTRAL,2,1110100100021
BASE,SIMULACION_CINCO_DIAS-ALTA-N01,RECOCIDO_SIMULADO,1,TA06,ALM-CENTRAL,3,1110100100009
BASE,SIMULACION_CINCO_DIAS-ALTA-N01,RECOCIDO_SIMULADO,1,TA07,ALM-CENTRAL,1,1110100100015
BASE,SIMULACION_CINCO_DIAS-ALTA-N01,RECOCIDO_SIMULADO,1,TA07,ALM-CENTRAL,2,1110100100028
BASE,SIMULACION_CINCO_DIAS-ALTA-N01,RECOCIDO_SIMULADO,1,TA07,ALM-CENTRAL,3,1110100100001
BASE,SIMULACION_CINCO_DIAS-ALTA-N01,RECOCIDO_SIMULADO,1,TA08,ALM-CENTRAL,1,1110100100004
BASE,SIMULACION_CINCO_DIAS-ALTA-N01,RECOCIDO_SIMULADO,1,TA09,ALM-CENTRAL,1,1110100100006
BASE,SIMULACION_CINCO_DIAS-ALTA-N01,RECOCIDO_SIMULADO,1,TA09,ALM-CENTRAL,2,1110100100027
BASE,SIMULACION_CINCO_DIAS-ALTA-N01,RECOCIDO_SIMULADO,1,TA09,ALM-CENTRAL,3,1110100100034
BASE,SIMULACION_CINCO_DIAS-ALTA-N01,RECOCIDO_SIMULADO,1,TA10,ALM-CENTRAL,1,1110100100031
BASE,SIMULACION_CINCO_DIAS-ALTA-N01,RECOCIDO_SIMULADO,1,TA10,ALM-CENTRAL,2,1110100100005
BASE,SIMULACION_CINCO_DIAS-ALTA-N01,RECOCIDO_SIMULADO,1,TA10,ALM-CENTRAL,3,1110100100025
BASE,SIMULACION_CINCO_DIAS-ALTA-N01,RECOCIDO_SIMULADO,1,TB06,ALM-CENTRAL,1,1110100100033
BASE,SIMULACION_CINCO_DIAS-ALTA-N01,RECOCIDO_SIMULADO,1,TM02,ALM-CENTRAL,1,1110100100003
BASE,SIMULACION_CINCO_DIAS-ALTA-N01,RECOCIDO_SIMULADO,1,TM04,ALM-CENTRAL,1,1110100100002
BASE,SIMULACION_CINCO_DIAS-ALTA-N01,RECOCIDO_SIMULADO,1,TM05,ALM-CENTRAL,1,1110100100016
BASE,SIMULACION_CINCO_DIAS-ALTA-N01,RECOCIDO_SIMULADO,1,TM07,ALM-CENTRAL,1,1110100100020
BASE,SIMULACION_CINCO_DIAS-ALTA-N01,RECOCIDO_SIMULADO,1,TM09,ALM-CENTRAL,1,1110100100013
BASE,SIMULACION_CINCO_DIAS-ALTA-N01,RECOCIDO_SIMULADO,1,TM10,ALM-CENTRAL,1,1110100100030
BASE,SIMULACION_CINCO_DIAS-ALTA-N01,RECOCIDO_SIMULADO,1,TM11,ALM-CENTRAL,1,1110100100010
BASE,SIMULACION_CINCO_DIAS-ALTA-N01,RECOCIDO_SIMULADO,1,TM12,ALM-CENTRAL,1,1110100100032
BASE,SIMULACION_CINCO_DIAS-ALTA-N01,RECOCIDO_SIMULADO,1,TM14,ALM-CENTRAL,1,1110100100000
BASE,SIMULACION_CINCO_DIAS-ALTA-N01,RECOCIDO_SIMULADO,1,TM15,ALM-CENTRAL,1,1110100100011
BASE,SIMULACION_CINCO_DIAS-ALTA-N01,RECOCIDO_SIMULADO,1,TA01,ALM-CENTRAL,1,1110100200005
BASE,SIMULACION_CINCO_DIAS-ALTA-N01,RECOCIDO_SIMULADO,1,TA01,ALM-CENTRAL,2,1110100200018
BASE,SIMULACION_CINCO_DIAS-ALTA-N01,RECOCIDO_SIMULADO,1,TA01,ALM-CENTRAL,3,1110100200029
BASE,SIMULACION_CINCO_DIAS-ALTA-N01,RECOCIDO_SIMULADO,1,TA01,ALM-CENTRAL,4,1110100200019
BASE,SIMULACION_CINCO_DIAS-ALTA-N01,RECOCIDO_SIMULADO,1,TA01,ALM-CENTRAL,5,1110100200007
BASE,SIMULACION_CINCO_DIAS-ALTA-N01,RECOCIDO_SIMULADO,1,TA01,ALM-CENTRAL,6,1110100200025
BASE,SIMULACION_CINCO_DIAS-ALTA-N01,RECOCIDO_SIMULADO,1,TA02,ALM-CENTRAL,1,1110100200031
BASE,SIMULACION_CINCO_DIAS-ALTA-N01,RECOCIDO_SIMULADO,1,TA02,ALM-CENTRAL,2,1110100200014
BASE,SIMULACION_CINCO_DIAS-ALTA-N01,RECOCIDO_SIMULADO,1,TA02,ALM-CENTRAL,3,1110100200008
BASE,SIMULACION_CINCO_DIAS-ALTA-N01,RECOCIDO_SIMULADO,1,TA02,ALM-CENTRAL,4,1110100200010
BASE,SIMULACION_CINCO_DIAS-ALTA-N01,RECOCIDO_SIMULADO,1,TA02,ALM-CENTRAL,5,1110100200027
BASE,SIMULACION_CINCO_DIAS-ALTA-N01,RECOCIDO_SIMULADO,1,TA03,ALM-CENTRAL,1,1110100200016
BASE,SIMULACION_CINCO_DIAS-ALTA-N01,RECOCIDO_SIMULADO,1,TA03,ALM-CENTRAL,2,1110100200032
BASE,SIMULACION_CINCO_DIAS-ALTA-N01,RECOCIDO_SIMULADO,1,TA03,ALM-CENTRAL,3,1110100200012
BASE,SIMULACION_CINCO_DIAS-ALTA-N01,RECOCIDO_SIMULADO,1,TA03,ALM-CENTRAL,4,1110100200011
BASE,SIMULACION_CINCO_DIAS-ALTA-N01,RECOCIDO_SIMULADO,1,TA04,ALM-CENTRAL,1,1110100200009
BASE,SIMULACION_CINCO_DIAS-ALTA-N01,RECOCIDO_SIMULADO,1,TA04,ALM-CENTRAL,2,1110100200023
BASE,SIMULACION_CINCO_DIAS-ALTA-N01,RECOCIDO_SIMULADO,1,TA04,ALM-CENTRAL,3,1110100200022
BASE,SIMULACION_CINCO_DIAS-ALTA-N01,RECOCIDO_SIMULADO,1,TA04,ALM-CENTRAL,4,1110100200004
BASE,SIMULACION_CINCO_DIAS-ALTA-N01,RECOCIDO_SIMULADO,1,TA05,ALM-CENTRAL,1,1110100200006
BASE,SIMULACION_CINCO_DIAS-ALTA-N01,RECOCIDO_SIMULADO,1,TA05,ALM-CENTRAL,2,1110100200015
BASE,SIMULACION_CINCO_DIAS-ALTA-N01,RECOCIDO_SIMULADO,1,TA05,ALM-CENTRAL,3,1110100200017
BASE,SIMULACION_CINCO_DIAS-ALTA-N01,RECOCIDO_SIMULADO,1,TA05,ALM-CENTRAL,4,1110100200028
BASE,SIMULACION_CINCO_DIAS-ALTA-N01,RECOCIDO_SIMULADO,1,TA06,ALM-CENTRAL,1,1110100200000
BASE,SIMULACION_CINCO_DIAS-ALTA-N01,RECOCIDO_SIMULADO,1,TA07,ALM-CENTRAL,1,1110100200021
BASE,SIMULACION_CINCO_DIAS-ALTA-N01,RECOCIDO_SIMULADO,1,TA07,ALM-CENTRAL,2,1110100200002
BASE,SIMULACION_CINCO_DIAS-ALTA-N01,RECOCIDO_SIMULADO,1,TA07,ALM-CENTRAL,3,1110100200030
BASE,SIMULACION_CINCO_DIAS-ALTA-N01,RECOCIDO_SIMULADO,1,TA08,ALM-CENTRAL,1,1110100200001
BASE,SIMULACION_CINCO_DIAS-ALTA-N01,RECOCIDO_SIMULADO,1,TA08,ALM-CENTRAL,2,1110100200033
BASE,SIMULACION_CINCO_DIAS-ALTA-N01,RECOCIDO_SIMULADO,1,TA09,ALM-CENTRAL,1,1110100200020
BASE,SIMULACION_CINCO_DIAS-ALTA-N01,RECOCIDO_SIMULADO,1,TA09,ALM-CENTRAL,2,1110100200003
BASE,SIMULACION_CINCO_DIAS-ALTA-N01,RECOCIDO_SIMULADO,1,TA09,ALM-CENTRAL,3,1110100200026
BASE,SIMULACION_CINCO_DIAS-ALTA-N01,RECOCIDO_SIMULADO,1,TA10,ALM-CENTRAL,1,1110100200013
BASE,SIMULACION_CINCO_DIAS-ALTA-N01,RECOCIDO_SIMULADO,1,TA01,ALM-CENTRAL,1,1110100300022
BASE,SIMULACION_CINCO_DIAS-ALTA-N01,RECOCIDO_SIMULADO,1,TA01,ALM-CENTRAL,2,1110100300036
BASE,SIMULACION_CINCO_DIAS-ALTA-N01,RECOCIDO_SIMULADO,1,TA01,ALM-CENTRAL,3,1110100300009
BASE,SIMULACION_CINCO_DIAS-ALTA-N01,RECOCIDO_SIMULADO,1,TA03,ALM-CENTRAL,1,1110100300013
BASE,SIMULACION_CINCO_DIAS-ALTA-N01,RECOCIDO_SIMULADO,1,TA03,ALM-CENTRAL,2,1110100300017
BASE,SIMULACION_CINCO_DIAS-ALTA-N01,RECOCIDO_SIMULADO,1,TA03,ALM-CENTRAL,3,1110100300003
BASE,SIMULACION_CINCO_DIAS-ALTA-N01,RECOCIDO_SIMULADO,1,TA04,ALM-CENTRAL,1,1110100300025
BASE,SIMULACION_CINCO_DIAS-ALTA-N01,RECOCIDO_SIMULADO,1,TA04,ALM-CENTRAL,2,1110100300037
BASE,SIMULACION_CINCO_DIAS-ALTA-N01,RECOCIDO_SIMULADO,1,TA05,ALM-CENTRAL,1,1110100300029
BASE,SIMULACION_CINCO_DIAS-ALTA-N01,RECOCIDO_SIMULADO,1,TA05,ALM-CENTRAL,2,1110100300016
BASE,SIMULACION_CINCO_DIAS-ALTA-N01,RECOCIDO_SIMULADO,1,TA05,ALM-CENTRAL,3,1110100300012
BASE,SIMULACION_CINCO_DIAS-ALTA-N01,RECOCIDO_SIMULADO,1,TA06,ALM-CENTRAL,1,1110100300007
BASE,SIMULACION_CINCO_DIAS-ALTA-N01,RECOCIDO_SIMULADO,1,TA06,ALM-CENTRAL,2,1110100300008
BASE,SIMULACION_CINCO_DIAS-ALTA-N01,RECOCIDO_SIMULADO,1,TA06,ALM-CENTRAL,3,1110100300035
BASE,SIMULACION_CINCO_DIAS-ALTA-N01,RECOCIDO_SIMULADO,1,TA06,ALM-CENTRAL,4,1110100300034
BASE,SIMULACION_CINCO_DIAS-ALTA-N01,RECOCIDO_SIMULADO,1,TA07,ALM-CENTRAL,1,1110100300030
BASE,SIMULACION_CINCO_DIAS-ALTA-N01,RECOCIDO_SIMULADO,1,TA07,ALM-CENTRAL,2,1110100300026
BASE,SIMULACION_CINCO_DIAS-ALTA-N01,RECOCIDO_SIMULADO,1,TA08,ALM-CENTRAL,1,1110100300019
BASE,SIMULACION_CINCO_DIAS-ALTA-N01,RECOCIDO_SIMULADO,1,TA08,ALM-CENTRAL,2,1110100300015
BASE,SIMULACION_CINCO_DIAS-ALTA-N01,RECOCIDO_SIMULADO,1,TA10,ALM-NOROESTE,1,1110100300024
BASE,SIMULACION_CINCO_DIAS-ALTA-N01,RECOCIDO_SIMULADO,1,TA10,ALM-NOROESTE,2,1110100300023
BASE,SIMULACION_CINCO_DIAS-ALTA-N01,RECOCIDO_SIMULADO,1,TA10,ALM-NOROESTE,3,1110100300033
BASE,SIMULACION_CINCO_DIAS-ALTA-N01,RECOCIDO_SIMULADO,1,TB02,ALM-CENTRAL,1,1110100300021
BASE,SIMULACION_CINCO_DIAS-ALTA-N01,RECOCIDO_SIMULADO,1,TB05,ALM-CENTRAL,1,1110100300014
BASE,SIMULACION_CINCO_DIAS-ALTA-N01,RECOCIDO_SIMULADO,1,TB12,ALM-CENTRAL,1,1110100300000
BASE,SIMULACION_CINCO_DIAS-ALTA-N01,RECOCIDO_SIMULADO,1,TM05,ALM-CENTRAL,1,1110100300002
BASE,SIMULACION_CINCO_DIAS-ALTA-N01,RECOCIDO_SIMULADO,1,TM06,ALM-CENTRAL,1,1110100300031
BASE,SIMULACION_CINCO_DIAS-ALTA-N01,RECOCIDO_SIMULADO,1,TM07,ALM-CENTRAL,1,1110100300010
BASE,SIMULACION_CINCO_DIAS-ALTA-N01,RECOCIDO_SIMULADO,1,TM07,ALM-CENTRAL,2,1110100300032
BASE,SIMULACION_CINCO_DIAS-ALTA-N01,RECOCIDO_SIMULADO,1,TM08,ALM-CENTRAL,1,1110100300005
BASE,SIMULACION_CINCO_DIAS-ALTA-N01,RECOCIDO_SIMULADO,1,TM09,ALM-CENTRAL,1,1110100300004
BASE,SIMULACION_CINCO_DIAS-ALTA-N01,RECOCIDO_SIMULADO,1,TM10,ALM-CENTRAL,1,1110100300028
BASE,SIMULACION_CINCO_DIAS-ALTA-N01,RECOCIDO_SIMULADO,1,TM13,ALM-CENTRAL,1,1110100300001
BASE,SIMULACION_CINCO_DIAS-ALTA-N01,RECOCIDO_SIMULADO,1,TM14,ALM-CENTRAL,1,1110100300027
BASE,SIMULACION_CINCO_DIAS-ALTA-N01,RECOCIDO_SIMULADO,1,TM14,ALM-CENTRAL,2,1110100300020
BASE,SIMULACION_CINCO_DIAS-ALTA-N01,RECOCIDO_SIMULADO,1,TM15,ALM-CENTRAL,1,1110100300011
BASE,SIMULACION_CINCO_DIAS-ALTA-N01,RECOCIDO_SIMULADO,1,TM15,ALM-CENTRAL,2,1110100300006
BASE,SIMULACION_CINCO_DIAS-ALTA-N01,RECOCIDO_SIMULADO,1,TA01,ALM-CENTRAL,1,1110100400026
BASE,SIMULACION_CINCO_DIAS-ALTA-N01,RECOCIDO_SIMULADO,1,TA01,ALM-CENTRAL,2,1110100400005
BASE,SIMULACION_CINCO_DIAS-ALTA-N01,RECOCIDO_SIMULADO,1,TA03,ALM-CENTRAL,1,1110100400031
BASE,SIMULACION_CINCO_DIAS-ALTA-N01,RECOCIDO_SIMULADO,1,TA03,ALM-CENTRAL,2,1110100400027
BASE,SIMULACION_CINCO_DIAS-ALTA-N01,RECOCIDO_SIMULADO,1,TA03,ALM-CENTRAL,3,1110100400040
BASE,SIMULACION_CINCO_DIAS-ALTA-N01,RECOCIDO_SIMULADO,1,TA04,ALM-CENTRAL,1,1110100400034
BASE,SIMULACION_CINCO_DIAS-ALTA-N01,RECOCIDO_SIMULADO,1,TA05,ALM-CENTRAL,1,1110100400041
BASE,SIMULACION_CINCO_DIAS-ALTA-N01,RECOCIDO_SIMULADO,1,TA05,ALM-CENTRAL,2,1110100400019
BASE,SIMULACION_CINCO_DIAS-ALTA-N01,RECOCIDO_SIMULADO,1,TA06,ALM-CENTRAL,1,1110100400023
BASE,SIMULACION_CINCO_DIAS-ALTA-N01,RECOCIDO_SIMULADO,1,TA07,ALM-CENTRAL,1,1110100400022
BASE,SIMULACION_CINCO_DIAS-ALTA-N01,RECOCIDO_SIMULADO,1,TA07,ALM-CENTRAL,2,1110100400002
BASE,SIMULACION_CINCO_DIAS-ALTA-N01,RECOCIDO_SIMULADO,1,TA07,ALM-CENTRAL,3,1110100400042
BASE,SIMULACION_CINCO_DIAS-ALTA-N01,RECOCIDO_SIMULADO,1,TA08,ALM-CENTRAL,1,1110100400001
BASE,SIMULACION_CINCO_DIAS-ALTA-N01,RECOCIDO_SIMULADO,1,TA08,ALM-CENTRAL,2,1110100400016
BASE,SIMULACION_CINCO_DIAS-ALTA-N01,RECOCIDO_SIMULADO,1,TA08,ALM-CENTRAL,3,1110100400045
BASE,SIMULACION_CINCO_DIAS-ALTA-N01,RECOCIDO_SIMULADO,1,TA09,ALM-CENTRAL,1,1110100400030
BASE,SIMULACION_CINCO_DIAS-ALTA-N01,RECOCIDO_SIMULADO,1,TA09,ALM-CENTRAL,2,1110100400003
BASE,SIMULACION_CINCO_DIAS-ALTA-N01,RECOCIDO_SIMULADO,1,TA09,ALM-CENTRAL,3,1110100400014
BASE,SIMULACION_CINCO_DIAS-ALTA-N01,RECOCIDO_SIMULADO,1,TA09,ALM-CENTRAL,4,1110100400029
BASE,SIMULACION_CINCO_DIAS-ALTA-N01,RECOCIDO_SIMULADO,1,TA10,ALM-CENTRAL,1,1110100400035
BASE,SIMULACION_CINCO_DIAS-ALTA-N01,RECOCIDO_SIMULADO,1,TA10,ALM-CENTRAL,2,1110100400015
BASE,SIMULACION_CINCO_DIAS-ALTA-N01,RECOCIDO_SIMULADO,1,TA10,ALM-CENTRAL,3,1110100400039
BASE,SIMULACION_CINCO_DIAS-ALTA-N01,RECOCIDO_SIMULADO,1,TB07,ALM-CENTRAL,1,1110100400024
BASE,SIMULACION_CINCO_DIAS-ALTA-N01,RECOCIDO_SIMULADO,1,TB08,ALM-CENTRAL,1,1110100400038
BASE,SIMULACION_CINCO_DIAS-ALTA-N01,RECOCIDO_SIMULADO,1,TB08,ALM-CENTRAL,2,1110100400021
BASE,SIMULACION_CINCO_DIAS-ALTA-N01,RECOCIDO_SIMULADO,1,TB10,ALM-CENTRAL,1,1110100400028
BASE,SIMULACION_CINCO_DIAS-ALTA-N01,RECOCIDO_SIMULADO,1,TB11,ALM-CENTRAL,1,1110100400004
BASE,SIMULACION_CINCO_DIAS-ALTA-N01,RECOCIDO_SIMULADO,1,TM01,ALM-CENTRAL,1,1110100400025
BASE,SIMULACION_CINCO_DIAS-ALTA-N01,RECOCIDO_SIMULADO,1,TM02,ALM-CENTRAL,1,1110100400032
BASE,SIMULACION_CINCO_DIAS-ALTA-N01,RECOCIDO_SIMULADO,1,TM03,ALM-CENTRAL,1,1110100400037
BASE,SIMULACION_CINCO_DIAS-ALTA-N01,RECOCIDO_SIMULADO,1,TM04,ALM-CENTRAL,1,1110100400020
BASE,SIMULACION_CINCO_DIAS-ALTA-N01,RECOCIDO_SIMULADO,1,TM05,ALM-CENTRAL,1,1110100400008
BASE,SIMULACION_CINCO_DIAS-ALTA-N01,RECOCIDO_SIMULADO,1,TM06,ALM-CENTRAL,1,1110100400018
BASE,SIMULACION_CINCO_DIAS-ALTA-N01,RECOCIDO_SIMULADO,1,TM07,ALM-CENTRAL,1,1110100400000
BASE,SIMULACION_CINCO_DIAS-ALTA-N01,RECOCIDO_SIMULADO,1,TM08,ALM-CENTRAL,1,1110100400046
BASE,SIMULACION_CINCO_DIAS-ALTA-N01,RECOCIDO_SIMULADO,1,TM09,ALM-CENTRAL,1,1110100400009
BASE,SIMULACION_CINCO_DIAS-ALTA-N01,RECOCIDO_SIMULADO,1,TM11,ALM-CENTRAL,1,1110100400043
BASE,SIMULACION_CINCO_DIAS-ALTA-N01,RECOCIDO_SIMULADO,1,TM11,ALM-CENTRAL,2,1110100400036
BASE,SIMULACION_CINCO_DIAS-ALTA-N01,RECOCIDO_SIMULADO,1,TM12,ALM-CENTRAL,1,1110100400006
BASE,SIMULACION_CINCO_DIAS-ALTA-N01,RECOCIDO_SIMULADO,1,TM13,ALM-CENTRAL,1,1110100400012
BASE,SIMULACION_CINCO_DIAS-ALTA-N01,RECOCIDO_SIMULADO,1,TM13,ALM-CENTRAL,2,1110100400033
BASE,SIMULACION_CINCO_DIAS-ALTA-N01,RECOCIDO_SIMULADO,1,TM14,ALM-CENTRAL,1,1110100400017
BASE,SIMULACION_CINCO_DIAS-ALTA-N01,RECOCIDO_SIMULADO,1,TM15,ALM-CENTRAL,1,1110100400013
BASE,SIMULACION_CINCO_DIAS-ALTA-N01,RECOCIDO_SIMULADO,1,TM15,ALM-CENTRAL,2,1110100400010
BASE,SIMULACION_CINCO_DIAS-ALTA-N01,RECOCIDO_SIMULADO,1,NO_ASIGNADO,,,1110100000002
BASE,SIMULACION_CINCO_DIAS-ALTA-N01,RECOCIDO_SIMULADO,1,NO_ASIGNADO,,,1110100100008
BASE,SIMULACION_CINCO_DIAS-ALTA-N01,RECOCIDO_SIMULADO,1,NO_ASIGNADO,,,1110100100022
BASE,SIMULACION_CINCO_DIAS-ALTA-N01,RECOCIDO_SIMULADO,1,NO_ASIGNADO,,,1110100200024
BASE,SIMULACION_CINCO_DIAS-ALTA-N01,RECOCIDO_SIMULADO,1,NO_ASIGNADO,,,1110100300018
BASE,SIMULACION_CINCO_DIAS-ALTA-N01,RECOCIDO_SIMULADO,1,NO_ASIGNADO,,,1110100400044
BASE,SIMULACION_CINCO_DIAS-ALTA-N01,RECOCIDO_SIMULADO,1,NO_ASIGNADO,,,1110100400011
BASE,SIMULACION_CINCO_DIAS-ALTA-N01,RECOCIDO_SIMULADO,1,NO_ASIGNADO,,,1110100400007
BASE,SIMULACION_CINCO_DIAS-ALTA-N01,GENETICO,1,TA01,ALM-CENTRAL,1,1110100000048
BASE,SIMULACION_CINCO_DIAS-ALTA-N01,GENETICO,1,TA01,ALM-CENTRAL,2,1110100000004
BASE,SIMULACION_CINCO_DIAS-ALTA-N01,GENETICO,1,TA01,ALM-CENTRAL,3,1110100000033
BASE,SIMULACION_CINCO_DIAS-ALTA-N01,GENETICO,1,TA01,ALM-CENTRAL,4,1110100000020
BASE,SIMULACION_CINCO_DIAS-ALTA-N01,GENETICO,1,TA01,ALM-CENTRAL,5,1110100000057
BASE,SIMULACION_CINCO_DIAS-ALTA-N01,GENETICO,1,TA02,ALM-CENTRAL,1,1110100000054
BASE,SIMULACION_CINCO_DIAS-ALTA-N01,GENETICO,1,TA02,ALM-CENTRAL,2,1110100000051
BASE,SIMULACION_CINCO_DIAS-ALTA-N01,GENETICO,1,TA03,ALM-CENTRAL,1,1110100000023
BASE,SIMULACION_CINCO_DIAS-ALTA-N01,GENETICO,1,TA03,ALM-CENTRAL,2,1110100000028
BASE,SIMULACION_CINCO_DIAS-ALTA-N01,GENETICO,1,TA03,ALM-CENTRAL,3,1110100000012
BASE,SIMULACION_CINCO_DIAS-ALTA-N01,GENETICO,1,TA03,ALM-CENTRAL,4,1110100000036
BASE,SIMULACION_CINCO_DIAS-ALTA-N01,GENETICO,1,TA03,ALM-CENTRAL,5,1110100000035
BASE,SIMULACION_CINCO_DIAS-ALTA-N01,GENETICO,1,TA04,ALM-CENTRAL,1,1110100000009
BASE,SIMULACION_CINCO_DIAS-ALTA-N01,GENETICO,1,TA04,ALM-CENTRAL,2,1110100000022
BASE,SIMULACION_CINCO_DIAS-ALTA-N01,GENETICO,1,TA04,ALM-CENTRAL,3,1110100000032
BASE,SIMULACION_CINCO_DIAS-ALTA-N01,GENETICO,1,TA05,ALM-CENTRAL,1,1110100000053
BASE,SIMULACION_CINCO_DIAS-ALTA-N01,GENETICO,1,TA05,ALM-CENTRAL,2,1110100000007
BASE,SIMULACION_CINCO_DIAS-ALTA-N01,GENETICO,1,TA05,ALM-CENTRAL,3,1110100000000
BASE,SIMULACION_CINCO_DIAS-ALTA-N01,GENETICO,1,TA06,ALM-CENTRAL,1,1110100000043
BASE,SIMULACION_CINCO_DIAS-ALTA-N01,GENETICO,1,TA06,ALM-CENTRAL,2,1110100000045
BASE,SIMULACION_CINCO_DIAS-ALTA-N01,GENETICO,1,TA06,ALM-CENTRAL,3,1110100000015
BASE,SIMULACION_CINCO_DIAS-ALTA-N01,GENETICO,1,TA07,ALM-CENTRAL,1,1110100000006
BASE,SIMULACION_CINCO_DIAS-ALTA-N01,GENETICO,1,TA07,ALM-CENTRAL,2,1110100000008
BASE,SIMULACION_CINCO_DIAS-ALTA-N01,GENETICO,1,TA07,ALM-CENTRAL,3,1110100000044
BASE,SIMULACION_CINCO_DIAS-ALTA-N01,GENETICO,1,TA08,ALM-CENTRAL,1,1110100000018
BASE,SIMULACION_CINCO_DIAS-ALTA-N01,GENETICO,1,TA08,ALM-CENTRAL,2,1110100000042
BASE,SIMULACION_CINCO_DIAS-ALTA-N01,GENETICO,1,TA08,ALM-CENTRAL,3,1110100000026
BASE,SIMULACION_CINCO_DIAS-ALTA-N01,GENETICO,1,TA08,ALM-CENTRAL,4,1110100000034
BASE,SIMULACION_CINCO_DIAS-ALTA-N01,GENETICO,1,TA09,ALM-CENTRAL,1,1110100000055
BASE,SIMULACION_CINCO_DIAS-ALTA-N01,GENETICO,1,TA09,ALM-CENTRAL,2,1110100000013
BASE,SIMULACION_CINCO_DIAS-ALTA-N01,GENETICO,1,TA09,ALM-CENTRAL,3,1110100000052
BASE,SIMULACION_CINCO_DIAS-ALTA-N01,GENETICO,1,TA10,ALM-CENTRAL,1,1110100000050
BASE,SIMULACION_CINCO_DIAS-ALTA-N01,GENETICO,1,TA10,ALM-CENTRAL,2,1110100000037
BASE,SIMULACION_CINCO_DIAS-ALTA-N01,GENETICO,1,TA10,ALM-CENTRAL,3,1110100000017
BASE,SIMULACION_CINCO_DIAS-ALTA-N01,GENETICO,1,TB01,ALM-CENTRAL,1,1110100000031
BASE,SIMULACION_CINCO_DIAS-ALTA-N01,GENETICO,1,TB01,ALM-CENTRAL,2,1110100000024
BASE,SIMULACION_CINCO_DIAS-ALTA-N01,GENETICO,1,TB02,ALM-CENTRAL,1,1110100000041
BASE,SIMULACION_CINCO_DIAS-ALTA-N01,GENETICO,1,TB02,ALM-CENTRAL,2,1110100000014
BASE,SIMULACION_CINCO_DIAS-ALTA-N01,GENETICO,1,TB03,ALM-CENTRAL,1,1110100000038
BASE,SIMULACION_CINCO_DIAS-ALTA-N01,GENETICO,1,TB04,ALM-CENTRAL,1,1110100000059
BASE,SIMULACION_CINCO_DIAS-ALTA-N01,GENETICO,1,TB04,ALM-CENTRAL,2,1110100000021
BASE,SIMULACION_CINCO_DIAS-ALTA-N01,GENETICO,1,TB05,ALM-CENTRAL,1,1110100000025
BASE,SIMULACION_CINCO_DIAS-ALTA-N01,GENETICO,1,TB06,ALM-CENTRAL,1,1110100000016
BASE,SIMULACION_CINCO_DIAS-ALTA-N01,GENETICO,1,TB07,ALM-CENTRAL,1,1110100000029
BASE,SIMULACION_CINCO_DIAS-ALTA-N01,GENETICO,1,TB08,ALM-NOROESTE,1,1110100000049
BASE,SIMULACION_CINCO_DIAS-ALTA-N01,GENETICO,1,TB09,ALM-CENTRAL,1,1110100000030
BASE,SIMULACION_CINCO_DIAS-ALTA-N01,GENETICO,1,TB10,ALM-CENTRAL,1,1110100000056
BASE,SIMULACION_CINCO_DIAS-ALTA-N01,GENETICO,1,TB11,ALM-CENTRAL,1,1110100000046
BASE,SIMULACION_CINCO_DIAS-ALTA-N01,GENETICO,1,TM01,ALM-CENTRAL,1,1110100000001
BASE,SIMULACION_CINCO_DIAS-ALTA-N01,GENETICO,1,TM02,ALM-CENTRAL,1,1110100000003
BASE,SIMULACION_CINCO_DIAS-ALTA-N01,GENETICO,1,TM03,ALM-CENTRAL,1,1110100000010
BASE,SIMULACION_CINCO_DIAS-ALTA-N01,GENETICO,1,TM04,ALM-CENTRAL,1,1110100000040
BASE,SIMULACION_CINCO_DIAS-ALTA-N01,GENETICO,1,TM05,ALM-CENTRAL,1,1110100000011
BASE,SIMULACION_CINCO_DIAS-ALTA-N01,GENETICO,1,TM06,ALM-CENTRAL,1,1110100000027
BASE,SIMULACION_CINCO_DIAS-ALTA-N01,GENETICO,1,TM07,ALM-CENTRAL,1,1110100000047
BASE,SIMULACION_CINCO_DIAS-ALTA-N01,GENETICO,1,TM08,ALM-CENTRAL,1,1110100000005
BASE,SIMULACION_CINCO_DIAS-ALTA-N01,GENETICO,1,TM09,ALM-CENTRAL,1,1110100000039
BASE,SIMULACION_CINCO_DIAS-ALTA-N01,GENETICO,1,TM10,ALM-CENTRAL,1,1110100000019
BASE,SIMULACION_CINCO_DIAS-ALTA-N01,GENETICO,1,TM11,ALM-CENTRAL,1,1110100000058
BASE,SIMULACION_CINCO_DIAS-ALTA-N01,GENETICO,1,TA01,ALM-CENTRAL,1,1110100100012
BASE,SIMULACION_CINCO_DIAS-ALTA-N01,GENETICO,1,TA01,ALM-CENTRAL,2,1110100100025
BASE,SIMULACION_CINCO_DIAS-ALTA-N01,GENETICO,1,TA01,ALM-CENTRAL,3,1110100100009
BASE,SIMULACION_CINCO_DIAS-ALTA-N01,GENETICO,1,TA02,ALM-CENTRAL,1,1110100100002
BASE,SIMULACION_CINCO_DIAS-ALTA-N01,GENETICO,1,TA02,ALM-CENTRAL,2,1110100100030
BASE,SIMULACION_CINCO_DIAS-ALTA-N01,GENETICO,1,TA02,ALM-CENTRAL,3,1110100100004
BASE,SIMULACION_CINCO_DIAS-ALTA-N01,GENETICO,1,TA02,ALM-CENTRAL,4,1110100100007
BASE,SIMULACION_CINCO_DIAS-ALTA-N01,GENETICO,1,TA03,ALM-CENTRAL,1,1110100100018
BASE,SIMULACION_CINCO_DIAS-ALTA-N01,GENETICO,1,TA03,ALM-CENTRAL,2,1110100100003
BASE,SIMULACION_CINCO_DIAS-ALTA-N01,GENETICO,1,TA03,ALM-CENTRAL,3,1110100100023
BASE,SIMULACION_CINCO_DIAS-ALTA-N01,GENETICO,1,TA04,ALM-CENTRAL,1,1110100100015
BASE,SIMULACION_CINCO_DIAS-ALTA-N01,GENETICO,1,TA04,ALM-CENTRAL,2,1110100100024
BASE,SIMULACION_CINCO_DIAS-ALTA-N01,GENETICO,1,TA05,ALM-CENTRAL,1,1110100100020
BASE,SIMULACION_CINCO_DIAS-ALTA-N01,GENETICO,1,TA05,ALM-CENTRAL,2,1110100100029
BASE,SIMULACION_CINCO_DIAS-ALTA-N01,GENETICO,1,TA05,ALM-CENTRAL,3,1110100100019
BASE,SIMULACION_CINCO_DIAS-ALTA-N01,GENETICO,1,TA06,ALM-CENTRAL,1,1110100100026
BASE,SIMULACION_CINCO_DIAS-ALTA-N01,GENETICO,1,TA06,ALM-CENTRAL,2,1110100100017
BASE,SIMULACION_CINCO_DIAS-ALTA-N01,GENETICO,1,TA07,ALM-CENTRAL,1,1110100100032
BASE,SIMULACION_CINCO_DIAS-ALTA-N01,GENETICO,1,TA07,ALM-CENTRAL,2,1110100100033
BASE,SIMULACION_CINCO_DIAS-ALTA-N01,GENETICO,1,TA07,ALM-CENTRAL,3,1110100100001
BASE,SIMULACION_CINCO_DIAS-ALTA-N01,GENETICO,1,TA08,ALM-CENTRAL,1,1110100100016
BASE,SIMULACION_CINCO_DIAS-ALTA-N01,GENETICO,1,TA08,ALM-CENTRAL,2,1110100100000
BASE,SIMULACION_CINCO_DIAS-ALTA-N01,GENETICO,1,TA08,ALM-CENTRAL,3,1110100100021
BASE,SIMULACION_CINCO_DIAS-ALTA-N01,GENETICO,1,TA08,ALM-CENTRAL,4,1110100100011
BASE,SIMULACION_CINCO_DIAS-ALTA-N01,GENETICO,1,TA09,ALM-CENTRAL,1,1110100100006
BASE,SIMULACION_CINCO_DIAS-ALTA-N01,GENETICO,1,TA09,ALM-CENTRAL,2,1110100100028
BASE,SIMULACION_CINCO_DIAS-ALTA-N01,GENETICO,1,TA10,ALM-CENTRAL,1,1110100100031
BASE,SIMULACION_CINCO_DIAS-ALTA-N01,GENETICO,1,TA10,ALM-CENTRAL,2,1110100100014
BASE,SIMULACION_CINCO_DIAS-ALTA-N01,GENETICO,1,TA10,ALM-CENTRAL,3,1110100100010
BASE,SIMULACION_CINCO_DIAS-ALTA-N01,GENETICO,1,TB01,ALM-CENTRAL,1,1110100100005
BASE,SIMULACION_CINCO_DIAS-ALTA-N01,GENETICO,1,TM01,ALM-CENTRAL,1,1110100100027
BASE,SIMULACION_CINCO_DIAS-ALTA-N01,GENETICO,1,TM02,ALM-CENTRAL,1,1110100100034
BASE,SIMULACION_CINCO_DIAS-ALTA-N01,GENETICO,1,TM03,ALM-CENTRAL,1,1110100100013
BASE,SIMULACION_CINCO_DIAS-ALTA-N01,GENETICO,1,TA01,ALM-CENTRAL,1,1110100200014
BASE,SIMULACION_CINCO_DIAS-ALTA-N01,GENETICO,1,TA01,ALM-CENTRAL,2,1110100200029
BASE,SIMULACION_CINCO_DIAS-ALTA-N01,GENETICO,1,TA01,ALM-CENTRAL,3,1110100200017
BASE,SIMULACION_CINCO_DIAS-ALTA-N01,GENETICO,1,TA01,ALM-CENTRAL,4,1110100200025
BASE,SIMULACION_CINCO_DIAS-ALTA-N01,GENETICO,1,TA01,ALM-CENTRAL,5,1110100200027
BASE,SIMULACION_CINCO_DIAS-ALTA-N01,GENETICO,1,TA02,ALM-CENTRAL,1,1110100200000
BASE,SIMULACION_CINCO_DIAS-ALTA-N01,GENETICO,1,TA02,ALM-CENTRAL,2,1110100200028
BASE,SIMULACION_CINCO_DIAS-ALTA-N01,GENETICO,1,TA03,ALM-CENTRAL,1,1110100200032
BASE,SIMULACION_CINCO_DIAS-ALTA-N01,GENETICO,1,TA03,ALM-CENTRAL,2,1110100200030
BASE,SIMULACION_CINCO_DIAS-ALTA-N01,GENETICO,1,TA03,ALM-CENTRAL,3,1110100200011
BASE,SIMULACION_CINCO_DIAS-ALTA-N01,GENETICO,1,TA04,ALM-CENTRAL,1,1110100200003
BASE,SIMULACION_CINCO_DIAS-ALTA-N01,GENETICO,1,TA04,ALM-CENTRAL,2,1110100200008
BASE,SIMULACION_CINCO_DIAS-ALTA-N01,GENETICO,1,TA04,ALM-CENTRAL,3,1110100200004
BASE,SIMULACION_CINCO_DIAS-ALTA-N01,GENETICO,1,TA05,ALM-CENTRAL,1,1110100200006
BASE,SIMULACION_CINCO_DIAS-ALTA-N01,GENETICO,1,TA05,ALM-CENTRAL,2,1110100200023
BASE,SIMULACION_CINCO_DIAS-ALTA-N01,GENETICO,1,TA05,ALM-CENTRAL,3,1110100200010
BASE,SIMULACION_CINCO_DIAS-ALTA-N01,GENETICO,1,TA06,ALM-CENTRAL,1,1110100200020
BASE,SIMULACION_CINCO_DIAS-ALTA-N01,GENETICO,1,TA06,ALM-CENTRAL,2,1110100200019
BASE,SIMULACION_CINCO_DIAS-ALTA-N01,GENETICO,1,TA06,ALM-CENTRAL,3,1110100200012
BASE,SIMULACION_CINCO_DIAS-ALTA-N01,GENETICO,1,TA06,ALM-CENTRAL,4,1110100200007
BASE,SIMULACION_CINCO_DIAS-ALTA-N01,GENETICO,1,TA07,ALM-CENTRAL,1,1110100200016
BASE,SIMULACION_CINCO_DIAS-ALTA-N01,GENETICO,1,TA07,ALM-CENTRAL,2,1110100200026
BASE,SIMULACION_CINCO_DIAS-ALTA-N01,GENETICO,1,TA07,ALM-CENTRAL,3,1110100200022
BASE,SIMULACION_CINCO_DIAS-ALTA-N01,GENETICO,1,TA08,ALM-CENTRAL,1,1110100200031
BASE,SIMULACION_CINCO_DIAS-ALTA-N01,GENETICO,1,TA08,ALM-CENTRAL,2,1110100200018
BASE,SIMULACION_CINCO_DIAS-ALTA-N01,GENETICO,1,TA08,ALM-CENTRAL,3,1110100200015
BASE,SIMULACION_CINCO_DIAS-ALTA-N01,GENETICO,1,TA09,ALM-CENTRAL,1,1110100200009
BASE,SIMULACION_CINCO_DIAS-ALTA-N01,GENETICO,1,TA09,ALM-CENTRAL,2,1110100200002
BASE,SIMULACION_CINCO_DIAS-ALTA-N01,GENETICO,1,TA10,ALM-ESTE,1,1110100200021
BASE,SIMULACION_CINCO_DIAS-ALTA-N01,GENETICO,1,TM01,ALM-ESTE,1,1110100200005
BASE,SIMULACION_CINCO_DIAS-ALTA-N01,GENETICO,1,TM02,ALM-ESTE,1,1110100200001
BASE,SIMULACION_CINCO_DIAS-ALTA-N01,GENETICO,1,TM03,ALM-CENTRAL,1,1110100200033
BASE,SIMULACION_CINCO_DIAS-ALTA-N01,GENETICO,1,TM04,ALM-CENTRAL,1,1110100200013
BASE,SIMULACION_CINCO_DIAS-ALTA-N01,GENETICO,1,TA01,ALM-CENTRAL,1,1110100300006
BASE,SIMULACION_CINCO_DIAS-ALTA-N01,GENETICO,1,TA01,ALM-CENTRAL,2,1110100300003
BASE,SIMULACION_CINCO_DIAS-ALTA-N01,GENETICO,1,TA01,ALM-CENTRAL,3,1110100300009
BASE,SIMULACION_CINCO_DIAS-ALTA-N01,GENETICO,1,TA03,ALM-CENTRAL,1,1110100300014
BASE,SIMULACION_CINCO_DIAS-ALTA-N01,GENETICO,1,TA03,ALM-CENTRAL,2,1110100300012
BASE,SIMULACION_CINCO_DIAS-ALTA-N01,GENETICO,1,TA03,ALM-CENTRAL,3,1110100300034
BASE,SIMULACION_CINCO_DIAS-ALTA-N01,GENETICO,1,TA04,ALM-CENTRAL,1,1110100300029
BASE,SIMULACION_CINCO_DIAS-ALTA-N01,GENETICO,1,TA04,ALM-CENTRAL,2,1110100300027
BASE,SIMULACION_CINCO_DIAS-ALTA-N01,GENETICO,1,TA04,ALM-CENTRAL,3,1110100300033
BASE,SIMULACION_CINCO_DIAS-ALTA-N01,GENETICO,1,TA04,ALM-CENTRAL,4,1110100300036
BASE,SIMULACION_CINCO_DIAS-ALTA-N01,GENETICO,1,TA05,ALM-CENTRAL,1,1110100300013
BASE,SIMULACION_CINCO_DIAS-ALTA-N01,GENETICO,1,TA05,ALM-CENTRAL,2,1110100300035
BASE,SIMULACION_CINCO_DIAS-ALTA-N01,GENETICO,1,TA05,ALM-CENTRAL,3,1110100300000
BASE,SIMULACION_CINCO_DIAS-ALTA-N01,GENETICO,1,TA06,ALM-CENTRAL,1,1110100300030
BASE,SIMULACION_CINCO_DIAS-ALTA-N01,GENETICO,1,TA06,ALM-CENTRAL,2,1110100300001
BASE,SIMULACION_CINCO_DIAS-ALTA-N01,GENETICO,1,TA06,ALM-CENTRAL,3,1110100300016
BASE,SIMULACION_CINCO_DIAS-ALTA-N01,GENETICO,1,TA06,ALM-CENTRAL,4,1110100300032
BASE,SIMULACION_CINCO_DIAS-ALTA-N01,GENETICO,1,TA07,ALM-CENTRAL,1,1110100300024
BASE,SIMULACION_CINCO_DIAS-ALTA-N01,GENETICO,1,TA07,ALM-CENTRAL,2,1110100300031
BASE,SIMULACION_CINCO_DIAS-ALTA-N01,GENETICO,1,TA07,ALM-CENTRAL,3,1110100300015
BASE,SIMULACION_CINCO_DIAS-ALTA-N01,GENETICO,1,TA07,ALM-CENTRAL,4,1110100300028
BASE,SIMULACION_CINCO_DIAS-ALTA-N01,GENETICO,1,TA08,ALM-CENTRAL,1,1110100300026
BASE,SIMULACION_CINCO_DIAS-ALTA-N01,GENETICO,1,TA08,ALM-CENTRAL,2,1110100300023
BASE,SIMULACION_CINCO_DIAS-ALTA-N01,GENETICO,1,TA09,ALM-CENTRAL,1,1110100300037
BASE,SIMULACION_CINCO_DIAS-ALTA-N01,GENETICO,1,TA09,ALM-CENTRAL,2,1110100300011
BASE,SIMULACION_CINCO_DIAS-ALTA-N01,GENETICO,1,TA09,ALM-CENTRAL,3,1110100300020
BASE,SIMULACION_CINCO_DIAS-ALTA-N01,GENETICO,1,TA10,ALM-CENTRAL,1,1110100300025
BASE,SIMULACION_CINCO_DIAS-ALTA-N01,GENETICO,1,TA10,ALM-CENTRAL,2,1110100300002
BASE,SIMULACION_CINCO_DIAS-ALTA-N01,GENETICO,1,TA10,ALM-CENTRAL,3,1110100300017
BASE,SIMULACION_CINCO_DIAS-ALTA-N01,GENETICO,1,TB01,ALM-CENTRAL,1,1110100300004
BASE,SIMULACION_CINCO_DIAS-ALTA-N01,GENETICO,1,TB02,ALM-CENTRAL,1,1110100300021
BASE,SIMULACION_CINCO_DIAS-ALTA-N01,GENETICO,1,TM01,ALM-CENTRAL,1,1110100300005
BASE,SIMULACION_CINCO_DIAS-ALTA-N01,GENETICO,1,TM02,ALM-CENTRAL,1,1110100300008
BASE,SIMULACION_CINCO_DIAS-ALTA-N01,GENETICO,1,TM03,ALM-NOROESTE,1,1110100300010
BASE,SIMULACION_CINCO_DIAS-ALTA-N01,GENETICO,1,TM04,ALM-NOROESTE,1,1110100300022
BASE,SIMULACION_CINCO_DIAS-ALTA-N01,GENETICO,1,TM05,ALM-ESTE,1,1110100300007
BASE,SIMULACION_CINCO_DIAS-ALTA-N01,GENETICO,1,TM06,ALM-CENTRAL,1,1110100300019
BASE,SIMULACION_CINCO_DIAS-ALTA-N01,GENETICO,1,TA01,ALM-CENTRAL,1,1110100400035
BASE,SIMULACION_CINCO_DIAS-ALTA-N01,GENETICO,1,TA01,ALM-CENTRAL,2,1110100400028
BASE,SIMULACION_CINCO_DIAS-ALTA-N01,GENETICO,1,TA01,ALM-CENTRAL,3,1110100400027
BASE,SIMULACION_CINCO_DIAS-ALTA-N01,GENETICO,1,TA03,ALM-CENTRAL,1,1110100400043
BASE,SIMULACION_CINCO_DIAS-ALTA-N01,GENETICO,1,TA03,ALM-CENTRAL,2,1110100400003
BASE,SIMULACION_CINCO_DIAS-ALTA-N01,GENETICO,1,TA03,ALM-CENTRAL,3,1110100400005
BASE,SIMULACION_CINCO_DIAS-ALTA-N01,GENETICO,1,TA03,ALM-CENTRAL,4,1110100400040
BASE,SIMULACION_CINCO_DIAS-ALTA-N01,GENETICO,1,TA04,ALM-CENTRAL,1,1110100400002
BASE,SIMULACION_CINCO_DIAS-ALTA-N01,GENETICO,1,TA04,ALM-CENTRAL,2,1110100400036
BASE,SIMULACION_CINCO_DIAS-ALTA-N01,GENETICO,1,TA04,ALM-CENTRAL,3,1110100400029
BASE,SIMULACION_CINCO_DIAS-ALTA-N01,GENETICO,1,TA04,ALM-CENTRAL,4,1110100400042
BASE,SIMULACION_CINCO_DIAS-ALTA-N01,GENETICO,1,TA05,ALM-CENTRAL,1,1110100400038
BASE,SIMULACION_CINCO_DIAS-ALTA-N01,GENETICO,1,TA05,ALM-CENTRAL,2,1110100400016
BASE,SIMULACION_CINCO_DIAS-ALTA-N01,GENETICO,1,TA05,ALM-CENTRAL,3,1110100400037
BASE,SIMULACION_CINCO_DIAS-ALTA-N01,GENETICO,1,TA05,ALM-CENTRAL,4,1110100400019
BASE,SIMULACION_CINCO_DIAS-ALTA-N01,GENETICO,1,TA06,ALM-CENTRAL,1,1110100400024
BASE,SIMULACION_CINCO_DIAS-ALTA-N01,GENETICO,1,TA06,ALM-CENTRAL,2,1110100400041
BASE,SIMULACION_CINCO_DIAS-ALTA-N01,GENETICO,1,TA06,ALM-CENTRAL,3,1110100400014
BASE,SIMULACION_CINCO_DIAS-ALTA-N01,GENETICO,1,TA06,ALM-CENTRAL,4,1110100400023
BASE,SIMULACION_CINCO_DIAS-ALTA-N01,GENETICO,1,TA07,ALM-CENTRAL,1,1110100400030
BASE,SIMULACION_CINCO_DIAS-ALTA-N01,GENETICO,1,TA07,ALM-CENTRAL,2,1110100400045
BASE,SIMULACION_CINCO_DIAS-ALTA-N01,GENETICO,1,TA07,ALM-CENTRAL,3,1110100400039
BASE,SIMULACION_CINCO_DIAS-ALTA-N01,GENETICO,1,TA08,ALM-CENTRAL,1,1110100400025
BASE,SIMULACION_CINCO_DIAS-ALTA-N01,GENETICO,1,TA08,ALM-CENTRAL,2,1110100400009
BASE,SIMULACION_CINCO_DIAS-ALTA-N01,GENETICO,1,TA08,ALM-CENTRAL,3,1110100400034
BASE,SIMULACION_CINCO_DIAS-ALTA-N01,GENETICO,1,TA08,ALM-CENTRAL,4,1110100400015
BASE,SIMULACION_CINCO_DIAS-ALTA-N01,GENETICO,1,TA09,ALM-CENTRAL,1,1110100400022
BASE,SIMULACION_CINCO_DIAS-ALTA-N01,GENETICO,1,TA09,ALM-CENTRAL,2,1110100400004
BASE,SIMULACION_CINCO_DIAS-ALTA-N01,GENETICO,1,TA09,ALM-CENTRAL,3,1110100400017
BASE,SIMULACION_CINCO_DIAS-ALTA-N01,GENETICO,1,TA09,ALM-CENTRAL,4,1110100400010
BASE,SIMULACION_CINCO_DIAS-ALTA-N01,GENETICO,1,TA10,ALM-CENTRAL,1,1110100400031
BASE,SIMULACION_CINCO_DIAS-ALTA-N01,GENETICO,1,TA10,ALM-CENTRAL,2,1110100400006
BASE,SIMULACION_CINCO_DIAS-ALTA-N01,GENETICO,1,TA10,ALM-CENTRAL,3,1110100400008
BASE,SIMULACION_CINCO_DIAS-ALTA-N01,GENETICO,1,TB01,ALM-CENTRAL,1,1110100400021
BASE,SIMULACION_CINCO_DIAS-ALTA-N01,GENETICO,1,TB03,ALM-NOROESTE,1,1110100400012
BASE,SIMULACION_CINCO_DIAS-ALTA-N01,GENETICO,1,TB04,ALM-CENTRAL,1,1110100400013
BASE,SIMULACION_CINCO_DIAS-ALTA-N01,GENETICO,1,TM01,ALM-CENTRAL,1,1110100400000
BASE,SIMULACION_CINCO_DIAS-ALTA-N01,GENETICO,1,TM02,ALM-CENTRAL,1,1110100400001
BASE,SIMULACION_CINCO_DIAS-ALTA-N01,GENETICO,1,TM03,ALM-ESTE,1,1110100400032
BASE,SIMULACION_CINCO_DIAS-ALTA-N01,GENETICO,1,TM04,ALM-CENTRAL,1,1110100400020
BASE,SIMULACION_CINCO_DIAS-ALTA-N01,GENETICO,1,TM05,ALM-CENTRAL,1,1110100400033
BASE,SIMULACION_CINCO_DIAS-ALTA-N01,GENETICO,1,TM06,ALM-CENTRAL,1,1110100400018
BASE,SIMULACION_CINCO_DIAS-ALTA-N01,GENETICO,1,TM07,ALM-CENTRAL,1,1110100400046
BASE,SIMULACION_CINCO_DIAS-ALTA-N01,GENETICO,1,TM12,ALM-CENTRAL,1,1110100400026
BASE,SIMULACION_CINCO_DIAS-ALTA-N01,GENETICO,1,NO_ASIGNADO,,,1110100000002
BASE,SIMULACION_CINCO_DIAS-ALTA-N01,GENETICO,1,NO_ASIGNADO,,,1110100100008
BASE,SIMULACION_CINCO_DIAS-ALTA-N01,GENETICO,1,NO_ASIGNADO,,,1110100100022
BASE,SIMULACION_CINCO_DIAS-ALTA-N01,GENETICO,1,NO_ASIGNADO,,,1110100200024
BASE,SIMULACION_CINCO_DIAS-ALTA-N01,GENETICO,1,NO_ASIGNADO,,,1110100300018
BASE,SIMULACION_CINCO_DIAS-ALTA-N01,GENETICO,1,NO_ASIGNADO,,,1110100400044
BASE,SIMULACION_CINCO_DIAS-ALTA-N01,GENETICO,1,NO_ASIGNADO,,,1110100400011
BASE,SIMULACION_CINCO_DIAS-ALTA-N01,GENETICO,1,NO_ASIGNADO,,,1110100400007
BASE,SIMULACION_CINCO_DIAS-CRITICA-N01,GENETICO,0,TA01,ALM-CENTRAL,1,1120100000017
BASE,SIMULACION_CINCO_DIAS-CRITICA-N01,GENETICO,0,TA01,ALM-CENTRAL,2,1120100000010
BASE,SIMULACION_CINCO_DIAS-CRITICA-N01,GENETICO,0,TA01,ALM-CENTRAL,3,1120100000022
BASE,SIMULACION_CINCO_DIAS-CRITICA-N01,GENETICO,0,TA01,ALM-CENTRAL,4,1120100000043
BASE,SIMULACION_CINCO_DIAS-CRITICA-N01,GENETICO,0,TA02,ALM-CENTRAL,1,1120100000035
BASE,SIMULACION_CINCO_DIAS-CRITICA-N01,GENETICO,0,TA02,ALM-CENTRAL,2,1120100000059
BASE,SIMULACION_CINCO_DIAS-CRITICA-N01,GENETICO,0,TA02,ALM-CENTRAL,3,1120100000016
BASE,SIMULACION_CINCO_DIAS-CRITICA-N01,GENETICO,0,TA02,ALM-CENTRAL,4,1120100000046
BASE,SIMULACION_CINCO_DIAS-CRITICA-N01,GENETICO,0,TA03,ALM-CENTRAL,1,1120100000045
BASE,SIMULACION_CINCO_DIAS-CRITICA-N01,GENETICO,0,TA03,ALM-CENTRAL,2,1120100000007
BASE,SIMULACION_CINCO_DIAS-CRITICA-N01,GENETICO,0,TA03,ALM-CENTRAL,3,1120100000049
BASE,SIMULACION_CINCO_DIAS-CRITICA-N01,GENETICO,0,TA04,ALM-CENTRAL,1,1120100000004
BASE,SIMULACION_CINCO_DIAS-CRITICA-N01,GENETICO,0,TA04,ALM-CENTRAL,2,1120100000014
BASE,SIMULACION_CINCO_DIAS-CRITICA-N01,GENETICO,0,TA04,ALM-CENTRAL,3,1120100000024
BASE,SIMULACION_CINCO_DIAS-CRITICA-N01,GENETICO,0,TA05,ALM-CENTRAL,1,1120100000063
BASE,SIMULACION_CINCO_DIAS-CRITICA-N01,GENETICO,0,TA05,ALM-CENTRAL,2,1120100000056
BASE,SIMULACION_CINCO_DIAS-CRITICA-N01,GENETICO,0,TA05,ALM-CENTRAL,3,1120100000033
BASE,SIMULACION_CINCO_DIAS-CRITICA-N01,GENETICO,0,TA05,ALM-CENTRAL,4,1120100000018
BASE,SIMULACION_CINCO_DIAS-CRITICA-N01,GENETICO,0,TA05,ALM-CENTRAL,5,1120100000026
BASE,SIMULACION_CINCO_DIAS-CRITICA-N01,GENETICO,0,TA06,ALM-CENTRAL,1,1120100000005
BASE,SIMULACION_CINCO_DIAS-CRITICA-N01,GENETICO,0,TA06,ALM-CENTRAL,2,1120100000061
BASE,SIMULACION_CINCO_DIAS-CRITICA-N01,GENETICO,0,TA07,ALM-CENTRAL,1,1120100000030
BASE,SIMULACION_CINCO_DIAS-CRITICA-N01,GENETICO,0,TA07,ALM-CENTRAL,2,1120100000042
BASE,SIMULACION_CINCO_DIAS-CRITICA-N01,GENETICO,0,TA07,ALM-CENTRAL,3,1120100000012
BASE,SIMULACION_CINCO_DIAS-CRITICA-N01,GENETICO,0,TA07,ALM-CENTRAL,4,1120100000006
BASE,SIMULACION_CINCO_DIAS-CRITICA-N01,GENETICO,0,TA07,ALM-CENTRAL,5,1120100000013
BASE,SIMULACION_CINCO_DIAS-CRITICA-N01,GENETICO,0,TA08,ALM-CENTRAL,1,1120100000034
BASE,SIMULACION_CINCO_DIAS-CRITICA-N01,GENETICO,0,TA08,ALM-CENTRAL,2,1120100000036
BASE,SIMULACION_CINCO_DIAS-CRITICA-N01,GENETICO,0,TA09,ALM-CENTRAL,1,1120100000060
BASE,SIMULACION_CINCO_DIAS-CRITICA-N01,GENETICO,0,TA09,ALM-CENTRAL,2,1120100000000
BASE,SIMULACION_CINCO_DIAS-CRITICA-N01,GENETICO,0,TA10,ALM-CENTRAL,1,1120100000025
BASE,SIMULACION_CINCO_DIAS-CRITICA-N01,GENETICO,0,TA10,ALM-CENTRAL,2,1120100000029
BASE,SIMULACION_CINCO_DIAS-CRITICA-N01,GENETICO,0,TA10,ALM-CENTRAL,3,1120100000009
BASE,SIMULACION_CINCO_DIAS-CRITICA-N01,GENETICO,0,TB01,ALM-CENTRAL,1,1120100000023
BASE,SIMULACION_CINCO_DIAS-CRITICA-N01,GENETICO,0,TB01,ALM-CENTRAL,2,1120100000020
BASE,SIMULACION_CINCO_DIAS-CRITICA-N01,GENETICO,0,TB02,ALM-ESTE,1,1120100000040
BASE,SIMULACION_CINCO_DIAS-CRITICA-N01,GENETICO,0,TB02,ALM-ESTE,2,1120100000021
BASE,SIMULACION_CINCO_DIAS-CRITICA-N01,GENETICO,0,TB03,ALM-CENTRAL,1,1120100000054
BASE,SIMULACION_CINCO_DIAS-CRITICA-N01,GENETICO,0,TB03,ALM-CENTRAL,2,1120100000038
BASE,SIMULACION_CINCO_DIAS-CRITICA-N01,GENETICO,0,TB04,ALM-ESTE,1,1120100000015
BASE,SIMULACION_CINCO_DIAS-CRITICA-N01,GENETICO,0,TB05,ALM-CENTRAL,1,1120100000028
BASE,SIMULACION_CINCO_DIAS-CRITICA-N01,GENETICO,0,TB06,ALM-CENTRAL,1,1120100000048
BASE,SIMULACION_CINCO_DIAS-CRITICA-N01,GENETICO,0,TB06,ALM-CENTRAL,2,1120100000051
BASE,SIMULACION_CINCO_DIAS-CRITICA-N01,GENETICO,0,TB07,ALM-CENTRAL,1,1120100000047
BASE,SIMULACION_CINCO_DIAS-CRITICA-N01,GENETICO,0,TB07,ALM-CENTRAL,2,1120100000052
BASE,SIMULACION_CINCO_DIAS-CRITICA-N01,GENETICO,0,TB08,ALM-NOROESTE,1,1120100000041
BASE,SIMULACION_CINCO_DIAS-CRITICA-N01,GENETICO,0,TB10,ALM-CENTRAL,1,1120100000055
BASE,SIMULACION_CINCO_DIAS-CRITICA-N01,GENETICO,0,TB11,ALM-CENTRAL,1,1120100000044
BASE,SIMULACION_CINCO_DIAS-CRITICA-N01,GENETICO,0,TB12,ALM-CENTRAL,1,1120100000037
BASE,SIMULACION_CINCO_DIAS-CRITICA-N01,GENETICO,0,TM01,ALM-CENTRAL,1,1120100000011
BASE,SIMULACION_CINCO_DIAS-CRITICA-N01,GENETICO,0,TM02,ALM-CENTRAL,1,1120100000032
BASE,SIMULACION_CINCO_DIAS-CRITICA-N01,GENETICO,0,TM03,ALM-CENTRAL,1,1120100000039
BASE,SIMULACION_CINCO_DIAS-CRITICA-N01,GENETICO,0,TM04,ALM-CENTRAL,1,1120100000053
BASE,SIMULACION_CINCO_DIAS-CRITICA-N01,GENETICO,0,TM05,ALM-CENTRAL,1,1120100000058
BASE,SIMULACION_CINCO_DIAS-CRITICA-N01,GENETICO,0,TM06,ALM-CENTRAL,1,1120100000050
BASE,SIMULACION_CINCO_DIAS-CRITICA-N01,GENETICO,0,TM07,ALM-CENTRAL,1,1120100000027
BASE,SIMULACION_CINCO_DIAS-CRITICA-N01,GENETICO,0,TM08,ALM-CENTRAL,1,1120100000003
BASE,SIMULACION_CINCO_DIAS-CRITICA-N01,GENETICO,0,TM09,ALM-CENTRAL,1,1120100000008
BASE,SIMULACION_CINCO_DIAS-CRITICA-N01,GENETICO,0,TM10,ALM-CENTRAL,1,1120100000019
BASE,SIMULACION_CINCO_DIAS-CRITICA-N01,GENETICO,0,TM11,ALM-CENTRAL,1,1120100000031
BASE,SIMULACION_CINCO_DIAS-CRITICA-N01,GENETICO,0,TM12,ALM-CENTRAL,1,1120100000062
BASE,SIMULACION_CINCO_DIAS-CRITICA-N01,GENETICO,0,TM13,ALM-CENTRAL,1,1120100000057
BASE,SIMULACION_CINCO_DIAS-CRITICA-N01,GENETICO,0,TA01,ALM-CENTRAL,1,1120100100014
BASE,SIMULACION_CINCO_DIAS-CRITICA-N01,GENETICO,0,TA01,ALM-CENTRAL,2,1120100100004
BASE,SIMULACION_CINCO_DIAS-CRITICA-N01,GENETICO,0,TA01,ALM-CENTRAL,3,1120100100025
BASE,SIMULACION_CINCO_DIAS-CRITICA-N01,GENETICO,0,TA02,ALM-CENTRAL,1,1120100100045
BASE,SIMULACION_CINCO_DIAS-CRITICA-N01,GENETICO,0,TA02,ALM-CENTRAL,2,1120100100037
BASE,SIMULACION_CINCO_DIAS-CRITICA-N01,GENETICO,0,TA02,ALM-CENTRAL,3,1120100100023
BASE,SIMULACION_CINCO_DIAS-CRITICA-N01,GENETICO,0,TA02,ALM-CENTRAL,4,1120100100016
BASE,SIMULACION_CINCO_DIAS-CRITICA-N01,GENETICO,0,TA03,ALM-CENTRAL,1,1120100100007
BASE,SIMULACION_CINCO_DIAS-CRITICA-N01,GENETICO,0,TA04,ALM-CENTRAL,1,1120100100028
BASE,SIMULACION_CINCO_DIAS-CRITICA-N01,GENETICO,0,TA04,ALM-CENTRAL,2,1120100100013
BASE,SIMULACION_CINCO_DIAS-CRITICA-N01,GENETICO,0,TA04,ALM-CENTRAL,3,1120100100040
BASE,SIMULACION_CINCO_DIAS-CRITICA-N01,GENETICO,0,TA04,ALM-CENTRAL,4,1120100100030
BASE,SIMULACION_CINCO_DIAS-CRITICA-N01,GENETICO,0,TA05,ALM-CENTRAL,1,1120100100026
BASE,SIMULACION_CINCO_DIAS-CRITICA-N01,GENETICO,0,TA05,ALM-CENTRAL,2,1120100100038
BASE,SIMULACION_CINCO_DIAS-CRITICA-N01,GENETICO,0,TA05,ALM-CENTRAL,3,1120100100009
BASE,SIMULACION_CINCO_DIAS-CRITICA-N01,GENETICO,0,TA05,ALM-CENTRAL,4,1120100100034
BASE,SIMULACION_CINCO_DIAS-CRITICA-N01,GENETICO,0,TA06,ALM-CENTRAL,1,1120100100008
BASE,SIMULACION_CINCO_DIAS-CRITICA-N01,GENETICO,0,TA06,ALM-CENTRAL,2,1120100100005
BASE,SIMULACION_CINCO_DIAS-CRITICA-N01,GENETICO,0,TA07,ALM-CENTRAL,1,1120100100044
BASE,SIMULACION_CINCO_DIAS-CRITICA-N01,GENETICO,0,TA07,ALM-CENTRAL,2,1120100100031
BASE,SIMULACION_CINCO_DIAS-CRITICA-N01,GENETICO,0,TA07,ALM-CENTRAL,3,1120100100033
BASE,SIMULACION_CINCO_DIAS-CRITICA-N01,GENETICO,0,TA08,ALM-CENTRAL,1,1120100100039
BASE,SIMULACION_CINCO_DIAS-CRITICA-N01,GENETICO,0,TA08,ALM-CENTRAL,2,1120100100006
BASE,SIMULACION_CINCO_DIAS-CRITICA-N01,GENETICO,0,TA08,ALM-CENTRAL,3,1120100100046
BASE,SIMULACION_CINCO_DIAS-CRITICA-N01,GENETICO,0,TA08,ALM-CENTRAL,4,1120100100021
BASE,SIMULACION_CINCO_DIAS-CRITICA-N01,GENETICO,0,TA09,ALM-CENTRAL,1,1120100100035
BASE,SIMULACION_CINCO_DIAS-CRITICA-N01,GENETICO,0,TA09,ALM-CENTRAL,2,1120100100018
BASE,SIMULACION_CINCO_DIAS-CRITICA-N01,GENETICO,0,TA09,ALM-CENTRAL,3,1120100100015
BASE,SIMULACION_CINCO_DIAS-CRITICA-N01,GENETICO,0,TA10,ALM-CENTRAL,1,1120100100019
BASE,SIMULACION_CINCO_DIAS-CRITICA-N01,GENETICO,0,TA10,ALM-CENTRAL,2,1120100100029
BASE,SIMULACION_CINCO_DIAS-CRITICA-N01,GENETICO,0,TB01,ALM-CENTRAL,1,1120100100010
BASE,SIMULACION_CINCO_DIAS-CRITICA-N01,GENETICO,0,TB01,ALM-CENTRAL,2,1120100100041
BASE,SIMULACION_CINCO_DIAS-CRITICA-N01,GENETICO,0,TB02,ALM-CENTRAL,1,1120100100020
BASE,SIMULACION_CINCO_DIAS-CRITICA-N01,GENETICO,0,TB03,ALM-CENTRAL,1,1120100100022
BASE,SIMULACION_CINCO_DIAS-CRITICA-N01,GENETICO,0,TB03,ALM-CENTRAL,2,1120100100003
BASE,SIMULACION_CINCO_DIAS-CRITICA-N01,GENETICO,0,TM01,ALM-CENTRAL,1,1120100100001
BASE,SIMULACION_CINCO_DIAS-CRITICA-N01,GENETICO,0,TM02,ALM-CENTRAL,1,1120100100000
BASE,SIMULACION_CINCO_DIAS-CRITICA-N01,GENETICO,0,TM03,ALM-CENTRAL,1,1120100100032
BASE,SIMULACION_CINCO_DIAS-CRITICA-N01,GENETICO,0,TM04,ALM-CENTRAL,1,1120100100024
BASE,SIMULACION_CINCO_DIAS-CRITICA-N01,GENETICO,0,TM05,ALM-CENTRAL,1,1120100100012
BASE,SIMULACION_CINCO_DIAS-CRITICA-N01,GENETICO,0,TM06,ALM-ESTE,1,1120100100017
BASE,SIMULACION_CINCO_DIAS-CRITICA-N01,GENETICO,0,TM07,ALM-CENTRAL,1,1120100100043
BASE,SIMULACION_CINCO_DIAS-CRITICA-N01,GENETICO,0,TM08,ALM-CENTRAL,1,1120100100011
BASE,SIMULACION_CINCO_DIAS-CRITICA-N01,GENETICO,0,TM09,ALM-CENTRAL,1,1120100100027
BASE,SIMULACION_CINCO_DIAS-CRITICA-N01,GENETICO,0,TM10,ALM-CENTRAL,1,1120100100042
BASE,SIMULACION_CINCO_DIAS-CRITICA-N01,GENETICO,0,TA01,ALM-CENTRAL,1,1120100200022
BASE,SIMULACION_CINCO_DIAS-CRITICA-N01,GENETICO,0,TA01,ALM-CENTRAL,2,1120100200030
BASE,SIMULACION_CINCO_DIAS-CRITICA-N01,GENETICO,0,TA01,ALM-CENTRAL,3,1120100200020
BASE,SIMULACION_CINCO_DIAS-CRITICA-N01,GENETICO,0,TA01,ALM-CENTRAL,4,1120100200039
BASE,SIMULACION_CINCO_DIAS-CRITICA-N01,GENETICO,0,TA01,ALM-CENTRAL,5,1120100200038
BASE,SIMULACION_CINCO_DIAS-CRITICA-N01,GENETICO,0,TA02,ALM-CENTRAL,1,1120100200042
BASE,SIMULACION_CINCO_DIAS-CRITICA-N01,GENETICO,0,TA02,ALM-CENTRAL,2,1120100200013
BASE,SIMULACION_CINCO_DIAS-CRITICA-N01,GENETICO,0,TA02,ALM-CENTRAL,3,1120100200032
BASE,SIMULACION_CINCO_DIAS-CRITICA-N01,GENETICO,0,TA03,ALM-CENTRAL,1,1120100200014
BASE,SIMULACION_CINCO_DIAS-CRITICA-N01,GENETICO,0,TA03,ALM-CENTRAL,2,1120100200003
BASE,SIMULACION_CINCO_DIAS-CRITICA-N01,GENETICO,0,TA03,ALM-CENTRAL,3,1120100200001
BASE,SIMULACION_CINCO_DIAS-CRITICA-N01,GENETICO,0,TA03,ALM-CENTRAL,4,1120100200041
BASE,SIMULACION_CINCO_DIAS-CRITICA-N01,GENETICO,0,TA04,ALM-CENTRAL,1,1120100200029
BASE,SIMULACION_CINCO_DIAS-CRITICA-N01,GENETICO,0,TA04,ALM-CENTRAL,2,1120100200007
BASE,SIMULACION_CINCO_DIAS-CRITICA-N01,GENETICO,0,TA04,ALM-CENTRAL,3,1120100200006
BASE,SIMULACION_CINCO_DIAS-CRITICA-N01,GENETICO,0,TA04,ALM-CENTRAL,4,1120100200008
BASE,SIMULACION_CINCO_DIAS-CRITICA-N01,GENETICO,0,TA05,ALM-CENTRAL,1,1120100200018
BASE,SIMULACION_CINCO_DIAS-CRITICA-N01,GENETICO,0,TA05,ALM-CENTRAL,2,1120100200031
BASE,SIMULACION_CINCO_DIAS-CRITICA-N01,GENETICO,0,TA05,ALM-CENTRAL,3,1120100200009
BASE,SIMULACION_CINCO_DIAS-CRITICA-N01,GENETICO,0,TA06,ALM-CENTRAL,1,1120100200027
BASE,SIMULACION_CINCO_DIAS-CRITICA-N01,GENETICO,0,TA06,ALM-CENTRAL,2,1120100200033
BASE,SIMULACION_CINCO_DIAS-CRITICA-N01,GENETICO,0,TA06,ALM-CENTRAL,3,1120100200025
BASE,SIMULACION_CINCO_DIAS-CRITICA-N01,GENETICO,0,TA06,ALM-CENTRAL,4,1120100200016
BASE,SIMULACION_CINCO_DIAS-CRITICA-N01,GENETICO,0,TA07,ALM-CENTRAL,1,1120100200028
BASE,SIMULACION_CINCO_DIAS-CRITICA-N01,GENETICO,0,TA08,ALM-CENTRAL,1,1120100200036
BASE,SIMULACION_CINCO_DIAS-CRITICA-N01,GENETICO,0,TA08,ALM-CENTRAL,2,1120100200017
BASE,SIMULACION_CINCO_DIAS-CRITICA-N01,GENETICO,0,TA08,ALM-CENTRAL,3,1120100200023
BASE,SIMULACION_CINCO_DIAS-CRITICA-N01,GENETICO,0,TA09,ALM-CENTRAL,1,1120100200011
BASE,SIMULACION_CINCO_DIAS-CRITICA-N01,GENETICO,0,TA09,ALM-CENTRAL,2,1120100200000
BASE,SIMULACION_CINCO_DIAS-CRITICA-N01,GENETICO,0,TA09,ALM-CENTRAL,3,1120100200035
BASE,SIMULACION_CINCO_DIAS-CRITICA-N01,GENETICO,0,TA10,ALM-NOROESTE,1,1120100200040
BASE,SIMULACION_CINCO_DIAS-CRITICA-N01,GENETICO,0,TB01,ALM-CENTRAL,1,1120100200034
BASE,SIMULACION_CINCO_DIAS-CRITICA-N01,GENETICO,0,TB02,ALM-CENTRAL,1,1120100200024
BASE,SIMULACION_CINCO_DIAS-CRITICA-N01,GENETICO,0,TB03,ALM-CENTRAL,1,1120100200021
BASE,SIMULACION_CINCO_DIAS-CRITICA-N01,GENETICO,0,TM01,ALM-CENTRAL,1,1120100200019
BASE,SIMULACION_CINCO_DIAS-CRITICA-N01,GENETICO,0,TM02,ALM-CENTRAL,1,1120100200002
BASE,SIMULACION_CINCO_DIAS-CRITICA-N01,GENETICO,0,TM03,ALM-CENTRAL,1,1120100200004
BASE,SIMULACION_CINCO_DIAS-CRITICA-N01,GENETICO,0,TM04,ALM-CENTRAL,1,1120100200005
BASE,SIMULACION_CINCO_DIAS-CRITICA-N01,GENETICO,0,TM05,ALM-CENTRAL,1,1120100200010
BASE,SIMULACION_CINCO_DIAS-CRITICA-N01,GENETICO,0,TM06,ALM-CENTRAL,1,1120100200043
BASE,SIMULACION_CINCO_DIAS-CRITICA-N01,GENETICO,0,TM10,ALM-CENTRAL,1,1120100200026
BASE,SIMULACION_CINCO_DIAS-CRITICA-N01,GENETICO,0,TA01,ALM-CENTRAL,1,1120100300000
BASE,SIMULACION_CINCO_DIAS-CRITICA-N01,GENETICO,0,TA01,ALM-CENTRAL,2,1120100300005
BASE,SIMULACION_CINCO_DIAS-CRITICA-N01,GENETICO,0,TA03,ALM-CENTRAL,1,1120100300045
BASE,SIMULACION_CINCO_DIAS-CRITICA-N01,GENETICO,0,TA03,ALM-CENTRAL,2,1120100300006
BASE,SIMULACION_CINCO_DIAS-CRITICA-N01,GENETICO,0,TA03,ALM-CENTRAL,3,1120100300035
BASE,SIMULACION_CINCO_DIAS-CRITICA-N01,GENETICO,0,TA03,ALM-CENTRAL,4,1120100300024
BASE,SIMULACION_CINCO_DIAS-CRITICA-N01,GENETICO,0,TA04,ALM-CENTRAL,1,1120100300015
BASE,SIMULACION_CINCO_DIAS-CRITICA-N01,GENETICO,0,TA04,ALM-CENTRAL,2,1120100300016
BASE,SIMULACION_CINCO_DIAS-CRITICA-N01,GENETICO,0,TA04,ALM-CENTRAL,3,1120100300002
BASE,SIMULACION_CINCO_DIAS-CRITICA-N01,GENETICO,0,TA05,ALM-CENTRAL,1,1120100300030
BASE,SIMULACION_CINCO_DIAS-CRITICA-N01,GENETICO,0,TA05,ALM-CENTRAL,2,1120100300043
BASE,SIMULACION_CINCO_DIAS-CRITICA-N01,GENETICO,0,TA05,ALM-CENTRAL,3,1120100300041
BASE,SIMULACION_CINCO_DIAS-CRITICA-N01,GENETICO,0,TA06,ALM-CENTRAL,1,1120100300012
BASE,SIMULACION_CINCO_DIAS-CRITICA-N01,GENETICO,0,TA06,ALM-CENTRAL,2,1120100300053
BASE,SIMULACION_CINCO_DIAS-CRITICA-N01,GENETICO,0,TA06,ALM-CENTRAL,3,1120100300037
BASE,SIMULACION_CINCO_DIAS-CRITICA-N01,GENETICO,0,TA07,ALM-CENTRAL,1,1120100300031
BASE,SIMULACION_CINCO_DIAS-CRITICA-N01,GENETICO,0,TA07,ALM-CENTRAL,2,1120100300019
BASE,SIMULACION_CINCO_DIAS-CRITICA-N01,GENETICO,0,TA07,ALM-CENTRAL,3,1120100300054
BASE,SIMULACION_CINCO_DIAS-CRITICA-N01,GENETICO,0,TA08,ALM-CENTRAL,1,1120100300049
BASE,SIMULACION_CINCO_DIAS-CRITICA-N01,GENETICO,0,TA08,ALM-CENTRAL,2,1120100300014
BASE,SIMULACION_CINCO_DIAS-CRITICA-N01,GENETICO,0,TA08,ALM-CENTRAL,3,1120100300003
BASE,SIMULACION_CINCO_DIAS-CRITICA-N01,GENETICO,0,TA08,ALM-CENTRAL,4,1120100300010
BASE,SIMULACION_CINCO_DIAS-CRITICA-N01,GENETICO,0,TA09,ALM-CENTRAL,1,1120100300036
BASE,SIMULACION_CINCO_DIAS-CRITICA-N01,GENETICO,0,TA09,ALM-CENTRAL,2,1120100300018
BASE,SIMULACION_CINCO_DIAS-CRITICA-N01,GENETICO,0,TA09,ALM-CENTRAL,3,1120100300001
BASE,SIMULACION_CINCO_DIAS-CRITICA-N01,GENETICO,0,TA09,ALM-CENTRAL,4,1120100300021
BASE,SIMULACION_CINCO_DIAS-CRITICA-N01,GENETICO,0,TA10,ALM-CENTRAL,1,1120100300022
BASE,SIMULACION_CINCO_DIAS-CRITICA-N01,GENETICO,0,TA10,ALM-CENTRAL,2,1120100300011
BASE,SIMULACION_CINCO_DIAS-CRITICA-N01,GENETICO,0,TA10,ALM-CENTRAL,3,1120100300007
BASE,SIMULACION_CINCO_DIAS-CRITICA-N01,GENETICO,0,TB01,ALM-CENTRAL,1,1120100300013
BASE,SIMULACION_CINCO_DIAS-CRITICA-N01,GENETICO,0,TB01,ALM-CENTRAL,2,1120100300056
BASE,SIMULACION_CINCO_DIAS-CRITICA-N01,GENETICO,0,TB02,ALM-CENTRAL,1,1120100300029
BASE,SIMULACION_CINCO_DIAS-CRITICA-N01,GENETICO,0,TB03,ALM-CENTRAL,1,1120100300042
BASE,SIMULACION_CINCO_DIAS-CRITICA-N01,GENETICO,0,TB04,ALM-CENTRAL,1,1120100300008
BASE,SIMULACION_CINCO_DIAS-CRITICA-N01,GENETICO,0,TB04,ALM-CENTRAL,2,1120100300050
BASE,SIMULACION_CINCO_DIAS-CRITICA-N01,GENETICO,0,TB05,ALM-NOROESTE,1,1120100300044
BASE,SIMULACION_CINCO_DIAS-CRITICA-N01,GENETICO,0,TB06,ALM-CENTRAL,1,1120100300038
BASE,SIMULACION_CINCO_DIAS-CRITICA-N01,GENETICO,0,TB07,ALM-NOROESTE,1,1120100300027
BASE,SIMULACION_CINCO_DIAS-CRITICA-N01,GENETICO,0,TB08,ALM-CENTRAL,1,1120100300028
BASE,SIMULACION_CINCO_DIAS-CRITICA-N01,GENETICO,0,TB09,ALM-ESTE,1,1120100300004
BASE,SIMULACION_CINCO_DIAS-CRITICA-N01,GENETICO,0,TM01,ALM-CENTRAL,1,1120100300052
BASE,SIMULACION_CINCO_DIAS-CRITICA-N01,GENETICO,0,TM01,ALM-CENTRAL,2,1120100300048
BASE,SIMULACION_CINCO_DIAS-CRITICA-N01,GENETICO,0,TM02,ALM-ESTE,1,1120100300046
BASE,SIMULACION_CINCO_DIAS-CRITICA-N01,GENETICO,0,TM03,ALM-CENTRAL,1,1120100300034
BASE,SIMULACION_CINCO_DIAS-CRITICA-N01,GENETICO,0,TM04,ALM-CENTRAL,1,1120100300057
BASE,SIMULACION_CINCO_DIAS-CRITICA-N01,GENETICO,0,TM05,ALM-CENTRAL,1,1120100300051
BASE,SIMULACION_CINCO_DIAS-CRITICA-N01,GENETICO,0,TM06,ALM-CENTRAL,1,1120100300039
BASE,SIMULACION_CINCO_DIAS-CRITICA-N01,GENETICO,0,TM07,ALM-CENTRAL,1,1120100300047
BASE,SIMULACION_CINCO_DIAS-CRITICA-N01,GENETICO,0,TM08,ALM-CENTRAL,1,1120100300017
BASE,SIMULACION_CINCO_DIAS-CRITICA-N01,GENETICO,0,TM09,ALM-CENTRAL,1,1120100300023
BASE,SIMULACION_CINCO_DIAS-CRITICA-N01,GENETICO,0,TM10,ALM-CENTRAL,1,1120100300025
BASE,SIMULACION_CINCO_DIAS-CRITICA-N01,GENETICO,0,TM11,ALM-CENTRAL,1,1120100300059
BASE,SIMULACION_CINCO_DIAS-CRITICA-N01,GENETICO,0,TM12,ALM-CENTRAL,1,1120100300026
BASE,SIMULACION_CINCO_DIAS-CRITICA-N01,GENETICO,0,TM12,ALM-CENTRAL,2,1120100300055
BASE,SIMULACION_CINCO_DIAS-CRITICA-N01,GENETICO,0,TM13,ALM-CENTRAL,1,1120100300009
BASE,SIMULACION_CINCO_DIAS-CRITICA-N01,GENETICO,0,TM14,ALM-CENTRAL,1,1120100300040
BASE,SIMULACION_CINCO_DIAS-CRITICA-N01,GENETICO,0,TM15,ALM-CENTRAL,1,1120100300020
BASE,SIMULACION_CINCO_DIAS-CRITICA-N01,GENETICO,0,TA01,ALM-CENTRAL,1,1120100400005
BASE,SIMULACION_CINCO_DIAS-CRITICA-N01,GENETICO,0,TA01,ALM-CENTRAL,2,1120100400015
BASE,SIMULACION_CINCO_DIAS-CRITICA-N01,GENETICO,0,TA03,ALM-CENTRAL,1,1120100400043
BASE,SIMULACION_CINCO_DIAS-CRITICA-N01,GENETICO,0,TA03,ALM-CENTRAL,2,1120100400042
BASE,SIMULACION_CINCO_DIAS-CRITICA-N01,GENETICO,0,TA03,ALM-CENTRAL,3,1120100400040
BASE,SIMULACION_CINCO_DIAS-CRITICA-N01,GENETICO,0,TA03,ALM-CENTRAL,4,1120100400023
BASE,SIMULACION_CINCO_DIAS-CRITICA-N01,GENETICO,0,TA04,ALM-CENTRAL,1,1120100400010
BASE,SIMULACION_CINCO_DIAS-CRITICA-N01,GENETICO,0,TA04,ALM-CENTRAL,2,1120100400029
BASE,SIMULACION_CINCO_DIAS-CRITICA-N01,GENETICO,0,TA04,ALM-CENTRAL,3,1120100400024
BASE,SIMULACION_CINCO_DIAS-CRITICA-N01,GENETICO,0,TA05,ALM-CENTRAL,1,1120100400047
BASE,SIMULACION_CINCO_DIAS-CRITICA-N01,GENETICO,0,TA05,ALM-CENTRAL,2,1120100400041
BASE,SIMULACION_CINCO_DIAS-CRITICA-N01,GENETICO,0,TA05,ALM-CENTRAL,3,1120100400019
BASE,SIMULACION_CINCO_DIAS-CRITICA-N01,GENETICO,0,TA06,ALM-CENTRAL,1,1120100400044
BASE,SIMULACION_CINCO_DIAS-CRITICA-N01,GENETICO,0,TA06,ALM-CENTRAL,2,1120100400020
BASE,SIMULACION_CINCO_DIAS-CRITICA-N01,GENETICO,0,TA06,ALM-CENTRAL,3,1120100400016
BASE,SIMULACION_CINCO_DIAS-CRITICA-N01,GENETICO,0,TA07,ALM-CENTRAL,1,1120100400046
BASE,SIMULACION_CINCO_DIAS-CRITICA-N01,GENETICO,0,TA07,ALM-CENTRAL,2,1120100400007
BASE,SIMULACION_CINCO_DIAS-CRITICA-N01,GENETICO,0,TA07,ALM-CENTRAL,3,1120100400021
BASE,SIMULACION_CINCO_DIAS-CRITICA-N01,GENETICO,0,TA08,ALM-CENTRAL,1,1120100400048
BASE,SIMULACION_CINCO_DIAS-CRITICA-N01,GENETICO,0,TA08,ALM-CENTRAL,2,1120100400030
BASE,SIMULACION_CINCO_DIAS-CRITICA-N01,GENETICO,0,TA09,ALM-CENTRAL,1,1120100400045
BASE,SIMULACION_CINCO_DIAS-CRITICA-N01,GENETICO,0,TA09,ALM-CENTRAL,2,1120100400018
BASE,SIMULACION_CINCO_DIAS-CRITICA-N01,GENETICO,0,TA09,ALM-CENTRAL,3,1120100400031
BASE,SIMULACION_CINCO_DIAS-CRITICA-N01,GENETICO,0,TA09,ALM-CENTRAL,4,1120100400027
BASE,SIMULACION_CINCO_DIAS-CRITICA-N01,GENETICO,0,TA10,ALM-CENTRAL,1,1120100400022
BASE,SIMULACION_CINCO_DIAS-CRITICA-N01,GENETICO,0,TA10,ALM-CENTRAL,2,1120100400025
BASE,SIMULACION_CINCO_DIAS-CRITICA-N01,GENETICO,0,TB01,ALM-CENTRAL,1,1120100400004
BASE,SIMULACION_CINCO_DIAS-CRITICA-N01,GENETICO,0,TB01,ALM-CENTRAL,2,1120100400033
BASE,SIMULACION_CINCO_DIAS-CRITICA-N01,GENETICO,0,TB01,ALM-CENTRAL,3,1120100400036
BASE,SIMULACION_CINCO_DIAS-CRITICA-N01,GENETICO,0,TB03,ALM-CENTRAL,1,1120100400028
BASE,SIMULACION_CINCO_DIAS-CRITICA-N01,GENETICO,0,TB04,ALM-CENTRAL,1,1120100400050
BASE,SIMULACION_CINCO_DIAS-CRITICA-N01,GENETICO,0,TB05,ALM-CENTRAL,1,1120100400012
BASE,SIMULACION_CINCO_DIAS-CRITICA-N01,GENETICO,0,TB06,ALM-CENTRAL,1,1120100400006
BASE,SIMULACION_CINCO_DIAS-CRITICA-N01,GENETICO,0,TB06,ALM-CENTRAL,2,1120100400037
BASE,SIMULACION_CINCO_DIAS-CRITICA-N01,GENETICO,0,TB07,ALM-CENTRAL,1,1120100400017
BASE,SIMULACION_CINCO_DIAS-CRITICA-N01,GENETICO,0,TB08,ALM-CENTRAL,1,1120100400002
BASE,SIMULACION_CINCO_DIAS-CRITICA-N01,GENETICO,0,TB09,ALM-ESTE,1,1120100400049
BASE,SIMULACION_CINCO_DIAS-CRITICA-N01,GENETICO,0,TB10,ALM-CENTRAL,1,1120100400009
BASE,SIMULACION_CINCO_DIAS-CRITICA-N01,GENETICO,0,TM01,ALM-NOROESTE,1,1120100400001
BASE,SIMULACION_CINCO_DIAS-CRITICA-N01,GENETICO,0,TM02,ALM-CENTRAL,1,1120100400003
BASE,SIMULACION_CINCO_DIAS-CRITICA-N01,GENETICO,0,TM03,ALM-CENTRAL,1,1120100400026
BASE,SIMULACION_CINCO_DIAS-CRITICA-N01,GENETICO,0,TM04,ALM-CENTRAL,1,1120100400032
BASE,SIMULACION_CINCO_DIAS-CRITICA-N01,GENETICO,0,TM05,ALM-ESTE,1,1120100400051
BASE,SIMULACION_CINCO_DIAS-CRITICA-N01,GENETICO,0,TM06,ALM-CENTRAL,1,1120100400013
BASE,SIMULACION_CINCO_DIAS-CRITICA-N01,GENETICO,0,TM07,ALM-CENTRAL,1,1120100400039
BASE,SIMULACION_CINCO_DIAS-CRITICA-N01,GENETICO,0,TM08,ALM-CENTRAL,1,1120100400011
BASE,SIMULACION_CINCO_DIAS-CRITICA-N01,GENETICO,0,TM09,ALM-CENTRAL,1,1120100400034
BASE,SIMULACION_CINCO_DIAS-CRITICA-N01,GENETICO,0,TM10,ALM-NOROESTE,1,1120100400014
BASE,SIMULACION_CINCO_DIAS-CRITICA-N01,GENETICO,0,TM11,ALM-CENTRAL,1,1120100400035
BASE,SIMULACION_CINCO_DIAS-CRITICA-N01,GENETICO,0,TM12,ALM-CENTRAL,1,1120100400038
BASE,SIMULACION_CINCO_DIAS-CRITICA-N01,GENETICO,0,TM13,ALM-CENTRAL,1,1120100400008
BASE,SIMULACION_CINCO_DIAS-CRITICA-N01,GENETICO,0,NO_ASIGNADO,,,1120100000001
BASE,SIMULACION_CINCO_DIAS-CRITICA-N01,GENETICO,0,NO_ASIGNADO,,,1120100000002
BASE,SIMULACION_CINCO_DIAS-CRITICA-N01,GENETICO,0,NO_ASIGNADO,,,1120100100036
BASE,SIMULACION_CINCO_DIAS-CRITICA-N01,GENETICO,0,NO_ASIGNADO,,,1120100100002
BASE,SIMULACION_CINCO_DIAS-CRITICA-N01,GENETICO,0,NO_ASIGNADO,,,1120100200015
BASE,SIMULACION_CINCO_DIAS-CRITICA-N01,GENETICO,0,NO_ASIGNADO,,,1120100200012
BASE,SIMULACION_CINCO_DIAS-CRITICA-N01,GENETICO,0,NO_ASIGNADO,,,1120100200037
BASE,SIMULACION_CINCO_DIAS-CRITICA-N01,GENETICO,0,NO_ASIGNADO,,,1120100300058
BASE,SIMULACION_CINCO_DIAS-CRITICA-N01,GENETICO,0,NO_ASIGNADO,,,1120100300032
BASE,SIMULACION_CINCO_DIAS-CRITICA-N01,GENETICO,0,NO_ASIGNADO,,,1120100300033
BASE,SIMULACION_CINCO_DIAS-CRITICA-N01,GENETICO,0,NO_ASIGNADO,,,1120100400000
BASE,SIMULACION_CINCO_DIAS-CRITICA-N01,RECOCIDO_SIMULADO,0,TA01,ALM-CENTRAL,1,1120100000040
BASE,SIMULACION_CINCO_DIAS-CRITICA-N01,RECOCIDO_SIMULADO,0,TA01,ALM-CENTRAL,2,1120100000009
BASE,SIMULACION_CINCO_DIAS-CRITICA-N01,RECOCIDO_SIMULADO,0,TA02,ALM-CENTRAL,1,1120100000054
BASE,SIMULACION_CINCO_DIAS-CRITICA-N01,RECOCIDO_SIMULADO,0,TA02,ALM-CENTRAL,2,1120100000045
BASE,SIMULACION_CINCO_DIAS-CRITICA-N01,RECOCIDO_SIMULADO,0,TA02,ALM-CENTRAL,3,1120100000004
BASE,SIMULACION_CINCO_DIAS-CRITICA-N01,RECOCIDO_SIMULADO,0,TA02,ALM-CENTRAL,4,1120100000028
BASE,SIMULACION_CINCO_DIAS-CRITICA-N01,RECOCIDO_SIMULADO,0,TA03,ALM-CENTRAL,1,1120100000021
BASE,SIMULACION_CINCO_DIAS-CRITICA-N01,RECOCIDO_SIMULADO,0,TA03,ALM-CENTRAL,2,1120100000034
BASE,SIMULACION_CINCO_DIAS-CRITICA-N01,RECOCIDO_SIMULADO,0,TA03,ALM-CENTRAL,3,1120100000052
BASE,SIMULACION_CINCO_DIAS-CRITICA-N01,RECOCIDO_SIMULADO,0,TA03,ALM-CENTRAL,4,1120100000007
BASE,SIMULACION_CINCO_DIAS-CRITICA-N01,RECOCIDO_SIMULADO,0,TA04,ALM-CENTRAL,1,1120100000014
BASE,SIMULACION_CINCO_DIAS-CRITICA-N01,RECOCIDO_SIMULADO,0,TA04,ALM-CENTRAL,2,1120100000036
BASE,SIMULACION_CINCO_DIAS-CRITICA-N01,RECOCIDO_SIMULADO,0,TA05,ALM-CENTRAL,1,1120100000056
BASE,SIMULACION_CINCO_DIAS-CRITICA-N01,RECOCIDO_SIMULADO,0,TA05,ALM-CENTRAL,2,1120100000035
BASE,SIMULACION_CINCO_DIAS-CRITICA-N01,RECOCIDO_SIMULADO,0,TA05,ALM-CENTRAL,3,1120100000049
BASE,SIMULACION_CINCO_DIAS-CRITICA-N01,RECOCIDO_SIMULADO,0,TA05,ALM-CENTRAL,4,1120100000044
BASE,SIMULACION_CINCO_DIAS-CRITICA-N01,RECOCIDO_SIMULADO,0,TA06,ALM-CENTRAL,1,1120100000047
BASE,SIMULACION_CINCO_DIAS-CRITICA-N01,RECOCIDO_SIMULADO,0,TA06,ALM-CENTRAL,2,1120100000016
BASE,SIMULACION_CINCO_DIAS-CRITICA-N01,RECOCIDO_SIMULADO,0,TA06,ALM-CENTRAL,3,1120100000018
BASE,SIMULACION_CINCO_DIAS-CRITICA-N01,RECOCIDO_SIMULADO,0,TA06,ALM-CENTRAL,4,1120100000043
BASE,SIMULACION_CINCO_DIAS-CRITICA-N01,RECOCIDO_SIMULADO,0,TA07,ALM-CENTRAL,1,1120100000042
BASE,SIMULACION_CINCO_DIAS-CRITICA-N01,RECOCIDO_SIMULADO,0,TA07,ALM-CENTRAL,2,1120100000000
BASE,SIMULACION_CINCO_DIAS-CRITICA-N01,RECOCIDO_SIMULADO,0,TA07,ALM-CENTRAL,3,1120100000061
BASE,SIMULACION_CINCO_DIAS-CRITICA-N01,RECOCIDO_SIMULADO,0,TA08,ALM-CENTRAL,1,1120100000005
BASE,SIMULACION_CINCO_DIAS-CRITICA-N01,RECOCIDO_SIMULADO,0,TA09,ALM-CENTRAL,1,1120100000059
BASE,SIMULACION_CINCO_DIAS-CRITICA-N01,RECOCIDO_SIMULADO,0,TA09,ALM-CENTRAL,2,1120100000027
BASE,SIMULACION_CINCO_DIAS-CRITICA-N01,RECOCIDO_SIMULADO,0,TA09,ALM-CENTRAL,3,1120100000024
BASE,SIMULACION_CINCO_DIAS-CRITICA-N01,RECOCIDO_SIMULADO,0,TA10,ALM-CENTRAL,1,1120100000023
BASE,SIMULACION_CINCO_DIAS-CRITICA-N01,RECOCIDO_SIMULADO,0,TA10,ALM-CENTRAL,2,1120100000050
BASE,SIMULACION_CINCO_DIAS-CRITICA-N01,RECOCIDO_SIMULADO,0,TA10,ALM-CENTRAL,3,1120100000025
BASE,SIMULACION_CINCO_DIAS-CRITICA-N01,RECOCIDO_SIMULADO,0,TA10,ALM-CENTRAL,4,1120100000060
BASE,SIMULACION_CINCO_DIAS-CRITICA-N01,RECOCIDO_SIMULADO,0,TB01,ALM-CENTRAL,1,1120100000006
BASE,SIMULACION_CINCO_DIAS-CRITICA-N01,RECOCIDO_SIMULADO,0,TB02,ALM-CENTRAL,1,1120100000030
BASE,SIMULACION_CINCO_DIAS-CRITICA-N01,RECOCIDO_SIMULADO,0,TB03,ALM-CENTRAL,1,1120100000026
BASE,SIMULACION_CINCO_DIAS-CRITICA-N01,RECOCIDO_SIMULADO,0,TB04,ALM-CENTRAL,1,1120100000010
BASE,SIMULACION_CINCO_DIAS-CRITICA-N01,RECOCIDO_SIMULADO,0,TB05,ALM-CENTRAL,1,1120100000017
BASE,SIMULACION_CINCO_DIAS-CRITICA-N01,RECOCIDO_SIMULADO,0,TB06,ALM-CENTRAL,1,1120100000046
BASE,SIMULACION_CINCO_DIAS-CRITICA-N01,RECOCIDO_SIMULADO,0,TB08,ALM-CENTRAL,1,1120100000008
BASE,SIMULACION_CINCO_DIAS-CRITICA-N01,RECOCIDO_SIMULADO,0,TB10,ALM-CENTRAL,1,1120100000029
BASE,SIMULACION_CINCO_DIAS-CRITICA-N01,RECOCIDO_SIMULADO,0,TB11,ALM-CENTRAL,1,1120100000015
BASE,SIMULACION_CINCO_DIAS-CRITICA-N01,RECOCIDO_SIMULADO,0,TB12,ALM-CENTRAL,1,1120100000037
BASE,SIMULACION_CINCO_DIAS-CRITICA-N01,RECOCIDO_SIMULADO,0,TM01,ALM-CENTRAL,1,1120100000020
BASE,SIMULACION_CINCO_DIAS-CRITICA-N01,RECOCIDO_SIMULADO,0,TM01,ALM-CENTRAL,2,1120100000062
BASE,SIMULACION_CINCO_DIAS-CRITICA-N01,RECOCIDO_SIMULADO,0,TM02,ALM-CENTRAL,1,1120100000019
BASE,SIMULACION_CINCO_DIAS-CRITICA-N01,RECOCIDO_SIMULADO,0,TM02,ALM-CENTRAL,2,1120100000033
BASE,SIMULACION_CINCO_DIAS-CRITICA-N01,RECOCIDO_SIMULADO,0,TM03,ALM-CENTRAL,1,1120100000031
BASE,SIMULACION_CINCO_DIAS-CRITICA-N01,RECOCIDO_SIMULADO,0,TM04,ALM-CENTRAL,1,1120100000039
BASE,SIMULACION_CINCO_DIAS-CRITICA-N01,RECOCIDO_SIMULADO,0,TM04,ALM-CENTRAL,2,1120100000022
BASE,SIMULACION_CINCO_DIAS-CRITICA-N01,RECOCIDO_SIMULADO,0,TM05,ALM-CENTRAL,1,1120100000048
BASE,SIMULACION_CINCO_DIAS-CRITICA-N01,RECOCIDO_SIMULADO,0,TM06,ALM-CENTRAL,1,1120100000055
BASE,SIMULACION_CINCO_DIAS-CRITICA-N01,RECOCIDO_SIMULADO,0,TM07,ALM-CENTRAL,1,1120100000057
BASE,SIMULACION_CINCO_DIAS-CRITICA-N01,RECOCIDO_SIMULADO,0,TM07,ALM-CENTRAL,2,1120100000012
BASE,SIMULACION_CINCO_DIAS-CRITICA-N01,RECOCIDO_SIMULADO,0,TM08,ALM-CENTRAL,1,1120100000041
BASE,SIMULACION_CINCO_DIAS-CRITICA-N01,RECOCIDO_SIMULADO,0,TM08,ALM-CENTRAL,2,1120100000011
BASE,SIMULACION_CINCO_DIAS-CRITICA-N01,RECOCIDO_SIMULADO,0,TM09,ALM-CENTRAL,1,1120100000063
BASE,SIMULACION_CINCO_DIAS-CRITICA-N01,RECOCIDO_SIMULADO,0,TM09,ALM-CENTRAL,2,1120100000051
BASE,SIMULACION_CINCO_DIAS-CRITICA-N01,RECOCIDO_SIMULADO,0,TM10,ALM-CENTRAL,1,1120100000058
BASE,SIMULACION_CINCO_DIAS-CRITICA-N01,RECOCIDO_SIMULADO,0,TM11,ALM-CENTRAL,1,1120100000032
BASE,SIMULACION_CINCO_DIAS-CRITICA-N01,RECOCIDO_SIMULADO,0,TM13,ALM-CENTRAL,1,1120100000003
BASE,SIMULACION_CINCO_DIAS-CRITICA-N01,RECOCIDO_SIMULADO,0,TM14,ALM-CENTRAL,1,1120100000038
BASE,SIMULACION_CINCO_DIAS-CRITICA-N01,RECOCIDO_SIMULADO,0,TM14,ALM-CENTRAL,2,1120100000013
BASE,SIMULACION_CINCO_DIAS-CRITICA-N01,RECOCIDO_SIMULADO,0,TM15,ALM-CENTRAL,1,1120100000053
BASE,SIMULACION_CINCO_DIAS-CRITICA-N01,RECOCIDO_SIMULADO,0,TA01,ALM-CENTRAL,1,1120100100026
BASE,SIMULACION_CINCO_DIAS-CRITICA-N01,RECOCIDO_SIMULADO,0,TA01,ALM-CENTRAL,2,1120100100015
BASE,SIMULACION_CINCO_DIAS-CRITICA-N01,RECOCIDO_SIMULADO,0,TA01,ALM-CENTRAL,3,1120100100025
BASE,SIMULACION_CINCO_DIAS-CRITICA-N01,RECOCIDO_SIMULADO,0,TA02,ALM-CENTRAL,1,1120100100046
BASE,SIMULACION_CINCO_DIAS-CRITICA-N01,RECOCIDO_SIMULADO,0,TA02,ALM-CENTRAL,2,1120100100030
BASE,SIMULACION_CINCO_DIAS-CRITICA-N01,RECOCIDO_SIMULADO,0,TA03,ALM-CENTRAL,1,1120100100043
BASE,SIMULACION_CINCO_DIAS-CRITICA-N01,RECOCIDO_SIMULADO,0,TA03,ALM-CENTRAL,2,1120100100029
BASE,SIMULACION_CINCO_DIAS-CRITICA-N01,RECOCIDO_SIMULADO,0,TA03,ALM-CENTRAL,3,1120100100033
BASE,SIMULACION_CINCO_DIAS-CRITICA-N01,RECOCIDO_SIMULADO,0,TA04,ALM-CENTRAL,1,1120100100007
BASE,SIMULACION_CINCO_DIAS-CRITICA-N01,RECOCIDO_SIMULADO,0,TA06,ALM-CENTRAL,1,1120100100008
BASE,SIMULACION_CINCO_DIAS-CRITICA-N01,RECOCIDO_SIMULADO,0,TA06,ALM-CENTRAL,2,1120100100020
BASE,SIMULACION_CINCO_DIAS-CRITICA-N01,RECOCIDO_SIMULADO,0,TA06,ALM-CENTRAL,3,1120100100023
BASE,SIMULACION_CINCO_DIAS-CRITICA-N01,RECOCIDO_SIMULADO,0,TA07,ALM-CENTRAL,1,1120100100035
BASE,SIMULACION_CINCO_DIAS-CRITICA-N01,RECOCIDO_SIMULADO,0,TA07,ALM-CENTRAL,2,1120100100016
BASE,SIMULACION_CINCO_DIAS-CRITICA-N01,RECOCIDO_SIMULADO,0,TA08,ALM-CENTRAL,1,1120100100017
BASE,SIMULACION_CINCO_DIAS-CRITICA-N01,RECOCIDO_SIMULADO,0,TA08,ALM-CENTRAL,2,1120100100021
BASE,SIMULACION_CINCO_DIAS-CRITICA-N01,RECOCIDO_SIMULADO,0,TA08,ALM-CENTRAL,3,1120100100009
BASE,SIMULACION_CINCO_DIAS-CRITICA-N01,RECOCIDO_SIMULADO,0,TA08,ALM-CENTRAL,4,1120100100005
BASE,SIMULACION_CINCO_DIAS-CRITICA-N01,RECOCIDO_SIMULADO,0,TA09,ALM-CENTRAL,1,1120100100032
BASE,SIMULACION_CINCO_DIAS-CRITICA-N01,RECOCIDO_SIMULADO,0,TA09,ALM-CENTRAL,2,1120100100038
BASE,SIMULACION_CINCO_DIAS-CRITICA-N01,RECOCIDO_SIMULADO,0,TA09,ALM-CENTRAL,3,1120100100040
BASE,SIMULACION_CINCO_DIAS-CRITICA-N01,RECOCIDO_SIMULADO,0,TA10,ALM-CENTRAL,1,1120100100037
BASE,SIMULACION_CINCO_DIAS-CRITICA-N01,RECOCIDO_SIMULADO,0,TA10,ALM-CENTRAL,2,1120100100034
BASE,SIMULACION_CINCO_DIAS-CRITICA-N01,RECOCIDO_SIMULADO,0,TB02,ALM-CENTRAL,1,1120100100045
BASE,SIMULACION_CINCO_DIAS-CRITICA-N01,RECOCIDO_SIMULADO,0,TB02,ALM-CENTRAL,2,1120100100018
BASE,SIMULACION_CINCO_DIAS-CRITICA-N01,RECOCIDO_SIMULADO,0,TB03,ALM-CENTRAL,1,1120100100014
BASE,SIMULACION_CINCO_DIAS-CRITICA-N01,RECOCIDO_SIMULADO,0,TB04,ALM-CENTRAL,1,1120100100003
BASE,SIMULACION_CINCO_DIAS-CRITICA-N01,RECOCIDO_SIMULADO,0,TB04,ALM-CENTRAL,2,1120100100013
BASE,SIMULACION_CINCO_DIAS-CRITICA-N01,RECOCIDO_SIMULADO,0,TB06,ALM-CENTRAL,1,1120100100039
BASE,SIMULACION_CINCO_DIAS-CRITICA-N01,RECOCIDO_SIMULADO,0,TB07,ALM-CENTRAL,1,1120100100028
BASE,SIMULACION_CINCO_DIAS-CRITICA-N01,RECOCIDO_SIMULADO,0,TM01,ALM-CENTRAL,1,1120100100001
BASE,SIMULACION_CINCO_DIAS-CRITICA-N01,RECOCIDO_SIMULADO,0,TM02,ALM-CENTRAL,1,1120100100012
BASE,SIMULACION_CINCO_DIAS-CRITICA-N01,RECOCIDO_SIMULADO,0,TM03,ALM-CENTRAL,1,1120100100004
BASE,SIMULACION_CINCO_DIAS-CRITICA-N01,RECOCIDO_SIMULADO,0,TM04,ALM-CENTRAL,1,1120100100019
BASE,SIMULACION_CINCO_DIAS-CRITICA-N01,RECOCIDO_SIMULADO,0,TM04,ALM-CENTRAL,2,1120100100006
BASE,SIMULACION_CINCO_DIAS-CRITICA-N01,RECOCIDO_SIMULADO,0,TM05,ALM-CENTRAL,1,1120100100000
BASE,SIMULACION_CINCO_DIAS-CRITICA-N01,RECOCIDO_SIMULADO,0,TM07,ALM-CENTRAL,1,1120100100011
BASE,SIMULACION_CINCO_DIAS-CRITICA-N01,RECOCIDO_SIMULADO,0,TM08,ALM-CENTRAL,1,1120100100022
BASE,SIMULACION_CINCO_DIAS-CRITICA-N01,RECOCIDO_SIMULADO,0,TM10,ALM-CENTRAL,1,1120100100044
BASE,SIMULACION_CINCO_DIAS-CRITICA-N01,RECOCIDO_SIMULADO,0,TM11,ALM-CENTRAL,1,1120100100041
BASE,SIMULACION_CINCO_DIAS-CRITICA-N01,RECOCIDO_SIMULADO,0,TM12,ALM-CENTRAL,1,1120100100024
BASE,SIMULACION_CINCO_DIAS-CRITICA-N01,RECOCIDO_SIMULADO,0,TM13,ALM-CENTRAL,1,1120100100027
BASE,SIMULACION_CINCO_DIAS-CRITICA-N01,RECOCIDO_SIMULADO,0,TM14,ALM-CENTRAL,1,1120100100031
BASE,SIMULACION_CINCO_DIAS-CRITICA-N01,RECOCIDO_SIMULADO,0,TM15,ALM-CENTRAL,1,1120100100042
BASE,SIMULACION_CINCO_DIAS-CRITICA-N01,RECOCIDO_SIMULADO,0,TM15,ALM-CENTRAL,2,1120100100010
BASE,SIMULACION_CINCO_DIAS-CRITICA-N01,RECOCIDO_SIMULADO,0,TA01,ALM-CENTRAL,1,1120100200027
BASE,SIMULACION_CINCO_DIAS-CRITICA-N01,RECOCIDO_SIMULADO,0,TA01,ALM-CENTRAL,2,1120100200042
BASE,SIMULACION_CINCO_DIAS-CRITICA-N01,RECOCIDO_SIMULADO,0,TA02,ALM-CENTRAL,1,1120100200029
BASE,SIMULACION_CINCO_DIAS-CRITICA-N01,RECOCIDO_SIMULADO,0,TA02,ALM-CENTRAL,2,1120100200025
BASE,SIMULACION_CINCO_DIAS-CRITICA-N01,RECOCIDO_SIMULADO,0,TA02,ALM-CENTRAL,3,1120100200038
BASE,SIMULACION_CINCO_DIAS-CRITICA-N01,RECOCIDO_SIMULADO,0,TA02,ALM-CENTRAL,4,1120100200032
BASE,SIMULACION_CINCO_DIAS-CRITICA-N01,RECOCIDO_SIMULADO,0,TA03,ALM-CENTRAL,1,1120100200020
BASE,SIMULACION_CINCO_DIAS-CRITICA-N01,RECOCIDO_SIMULADO,0,TA03,ALM-CENTRAL,2,1120100200035
BASE,SIMULACION_CINCO_DIAS-CRITICA-N01,RECOCIDO_SIMULADO,0,TA03,ALM-CENTRAL,3,1120100200028
BASE,SIMULACION_CINCO_DIAS-CRITICA-N01,RECOCIDO_SIMULADO,0,TA04,ALM-CENTRAL,1,1120100200036
BASE,SIMULACION_CINCO_DIAS-CRITICA-N01,RECOCIDO_SIMULADO,0,TA04,ALM-CENTRAL,2,1120100200003
BASE,SIMULACION_CINCO_DIAS-CRITICA-N01,RECOCIDO_SIMULADO,0,TA05,ALM-CENTRAL,1,1120100200019
BASE,SIMULACION_CINCO_DIAS-CRITICA-N01,RECOCIDO_SIMULADO,0,TA05,ALM-CENTRAL,2,1120100200005
BASE,SIMULACION_CINCO_DIAS-CRITICA-N01,RECOCIDO_SIMULADO,0,TA06,ALM-CENTRAL,1,1120100200040
BASE,SIMULACION_CINCO_DIAS-CRITICA-N01,RECOCIDO_SIMULADO,0,TA06,ALM-CENTRAL,2,1120100200031
BASE,SIMULACION_CINCO_DIAS-CRITICA-N01,RECOCIDO_SIMULADO,0,TA07,ALM-CENTRAL,1,1120100200022
BASE,SIMULACION_CINCO_DIAS-CRITICA-N01,RECOCIDO_SIMULADO,0,TA07,ALM-CENTRAL,2,1120100200010
BASE,SIMULACION_CINCO_DIAS-CRITICA-N01,RECOCIDO_SIMULADO,0,TA07,ALM-CENTRAL,3,1120100200018
BASE,SIMULACION_CINCO_DIAS-CRITICA-N01,RECOCIDO_SIMULADO,0,TA08,ALM-CENTRAL,1,1120100200006
BASE,SIMULACION_CINCO_DIAS-CRITICA-N01,RECOCIDO_SIMULADO,0,TA09,ALM-CENTRAL,1,1120100200007
BASE,SIMULACION_CINCO_DIAS-CRITICA-N01,RECOCIDO_SIMULADO,0,TA09,ALM-CENTRAL,2,1120100200009
BASE,SIMULACION_CINCO_DIAS-CRITICA-N01,RECOCIDO_SIMULADO,0,TA09,ALM-CENTRAL,3,1120100200023
BASE,SIMULACION_CINCO_DIAS-CRITICA-N01,RECOCIDO_SIMULADO,0,TA10,ALM-CENTRAL,1,1120100200002
BASE,SIMULACION_CINCO_DIAS-CRITICA-N01,RECOCIDO_SIMULADO,0,TA10,ALM-CENTRAL,2,1120100200039
BASE,SIMULACION_CINCO_DIAS-CRITICA-N01,RECOCIDO_SIMULADO,0,TB01,ALM-CENTRAL,1,1120100200030
BASE,SIMULACION_CINCO_DIAS-CRITICA-N01,RECOCIDO_SIMULADO,0,TB01,ALM-CENTRAL,2,1120100200026
BASE,SIMULACION_CINCO_DIAS-CRITICA-N01,RECOCIDO_SIMULADO,0,TB02,ALM-CENTRAL,1,1120100200033
BASE,SIMULACION_CINCO_DIAS-CRITICA-N01,RECOCIDO_SIMULADO,0,TB06,ALM-CENTRAL,1,1120100200024
BASE,SIMULACION_CINCO_DIAS-CRITICA-N01,RECOCIDO_SIMULADO,0,TB08,ALM-CENTRAL,1,1120100200021
BASE,SIMULACION_CINCO_DIAS-CRITICA-N01,RECOCIDO_SIMULADO,0,TB08,ALM-CENTRAL,2,1120100200001
BASE,SIMULACION_CINCO_DIAS-CRITICA-N01,RECOCIDO_SIMULADO,0,TB12,ALM-CENTRAL,1,1120100200034
BASE,SIMULACION_CINCO_DIAS-CRITICA-N01,RECOCIDO_SIMULADO,0,TM02,ALM-CENTRAL,1,1120100200004
BASE,SIMULACION_CINCO_DIAS-CRITICA-N01,RECOCIDO_SIMULADO,0,TM05,ALM-CENTRAL,1,1120100200041
BASE,SIMULACION_CINCO_DIAS-CRITICA-N01,RECOCIDO_SIMULADO,0,TM06,ALM-CENTRAL,1,1120100200011
BASE,SIMULACION_CINCO_DIAS-CRITICA-N01,RECOCIDO_SIMULADO,0,TM08,ALM-CENTRAL,1,1120100200043
BASE,SIMULACION_CINCO_DIAS-CRITICA-N01,RECOCIDO_SIMULADO,0,TM09,ALM-CENTRAL,1,1120100200017
BASE,SIMULACION_CINCO_DIAS-CRITICA-N01,RECOCIDO_SIMULADO,0,TM09,ALM-CENTRAL,2,1120100200008
BASE,SIMULACION_CINCO_DIAS-CRITICA-N01,RECOCIDO_SIMULADO,0,TM10,ALM-CENTRAL,1,1120100200000
BASE,SIMULACION_CINCO_DIAS-CRITICA-N01,RECOCIDO_SIMULADO,0,TM11,ALM-CENTRAL,1,1120100200013
BASE,SIMULACION_CINCO_DIAS-CRITICA-N01,RECOCIDO_SIMULADO,0,TM11,ALM-CENTRAL,2,1120100200016
BASE,SIMULACION_CINCO_DIAS-CRITICA-N01,RECOCIDO_SIMULADO,0,TM12,ALM-CENTRAL,1,1120100200014
BASE,SIMULACION_CINCO_DIAS-CRITICA-N01,RECOCIDO_SIMULADO,0,TA01,ALM-CENTRAL,1,1120100300021
BASE,SIMULACION_CINCO_DIAS-CRITICA-N01,RECOCIDO_SIMULADO,0,TA03,ALM-CENTRAL,1,1120100300045
BASE,SIMULACION_CINCO_DIAS-CRITICA-N01,RECOCIDO_SIMULADO,0,TA03,ALM-CENTRAL,2,1120100300044
BASE,SIMULACION_CINCO_DIAS-CRITICA-N01,RECOCIDO_SIMULADO,0,TA03,ALM-CENTRAL,3,1120100300034
BASE,SIMULACION_CINCO_DIAS-CRITICA-N01,RECOCIDO_SIMULADO,0,TA03,ALM-CENTRAL,4,1120100300040
BASE,SIMULACION_CINCO_DIAS-CRITICA-N01,RECOCIDO_SIMULADO,0,TA04,ALM-CENTRAL,1,1120100300003
BASE,SIMULACION_CINCO_DIAS-CRITICA-N01,RECOCIDO_SIMULADO,0,TA04,ALM-CENTRAL,2,1120100300053
BASE,SIMULACION_CINCO_DIAS-CRITICA-N01,RECOCIDO_SIMULADO,0,TA04,ALM-CENTRAL,3,1120100300005
BASE,SIMULACION_CINCO_DIAS-CRITICA-N01,RECOCIDO_SIMULADO,0,TA05,ALM-CENTRAL,1,1120100300047
BASE,SIMULACION_CINCO_DIAS-CRITICA-N01,RECOCIDO_SIMULADO,0,TA05,ALM-CENTRAL,2,1120100300037
BASE,SIMULACION_CINCO_DIAS-CRITICA-N01,RECOCIDO_SIMULADO,0,TA06,ALM-CENTRAL,1,1120100300016
BASE,SIMULACION_CINCO_DIAS-CRITICA-N01,RECOCIDO_SIMULADO,0,TA06,ALM-CENTRAL,2,1120100300048
BASE,SIMULACION_CINCO_DIAS-CRITICA-N01,RECOCIDO_SIMULADO,0,TA06,ALM-CENTRAL,3,1120100300059
BASE,SIMULACION_CINCO_DIAS-CRITICA-N01,RECOCIDO_SIMULADO,0,TA07,ALM-CENTRAL,1,1120100300030
BASE,SIMULACION_CINCO_DIAS-CRITICA-N01,RECOCIDO_SIMULADO,0,TA07,ALM-CENTRAL,2,1120100300041
BASE,SIMULACION_CINCO_DIAS-CRITICA-N01,RECOCIDO_SIMULADO,0,TA08,ALM-CENTRAL,1,1120100300006
BASE,SIMULACION_CINCO_DIAS-CRITICA-N01,RECOCIDO_SIMULADO,0,TA08,ALM-CENTRAL,2,1120100300049
BASE,SIMULACION_CINCO_DIAS-CRITICA-N01,RECOCIDO_SIMULADO,0,TA08,ALM-CENTRAL,3,1120100300035
BASE,SIMULACION_CINCO_DIAS-CRITICA-N01,RECOCIDO_SIMULADO,0,TA08,ALM-CENTRAL,4,1120100300056
BASE,SIMULACION_CINCO_DIAS-CRITICA-N01,RECOCIDO_SIMULADO,0,TA09,ALM-CENTRAL,1,1120100300011
BASE,SIMULACION_CINCO_DIAS-CRITICA-N01,RECOCIDO_SIMULADO,0,TA09,ALM-CENTRAL,2,1120100300031
BASE,SIMULACION_CINCO_DIAS-CRITICA-N01,RECOCIDO_SIMULADO,0,TA09,ALM-CENTRAL,3,1120100300019
BASE,SIMULACION_CINCO_DIAS-CRITICA-N01,RECOCIDO_SIMULADO,0,TA10,ALM-CENTRAL,1,1120100300036
BASE,SIMULACION_CINCO_DIAS-CRITICA-N01,RECOCIDO_SIMULADO,0,TA10,ALM-CENTRAL,2,1120100300000
BASE,SIMULACION_CINCO_DIAS-CRITICA-N01,RECOCIDO_SIMULADO,0,TA10,ALM-CENTRAL,3,1120100300024
BASE,SIMULACION_CINCO_DIAS-CRITICA-N01,RECOCIDO_SIMULADO,0,TB02,ALM-CENTRAL,1,1120100300018
BASE,SIMULACION_CINCO_DIAS-CRITICA-N01,RECOCIDO_SIMULADO,0,TB03,ALM-CENTRAL,1,1120100300042
BASE,SIMULACION_CINCO_DIAS-CRITICA-N01,RECOCIDO_SIMULADO,0,TB04,ALM-NOROESTE,1,1120100300052
BASE,SIMULACION_CINCO_DIAS-CRITICA-N01,RECOCIDO_SIMULADO,0,TB05,ALM-CENTRAL,1,1120100300027
BASE,SIMULACION_CINCO_DIAS-CRITICA-N01,RECOCIDO_SIMULADO,0,TB06,ALM-CENTRAL,1,1120100300029
BASE,SIMULACION_CINCO_DIAS-CRITICA-N01,RECOCIDO_SIMULADO,0,TB08,ALM-CENTRAL,1,1120100300001
BASE,SIMULACION_CINCO_DIAS-CRITICA-N01,RECOCIDO_SIMULADO,0,TB09,ALM-CENTRAL,1,1120100300002
BASE,SIMULACION_CINCO_DIAS-CRITICA-N01,RECOCIDO_SIMULADO,0,TB10,ALM-CENTRAL,1,1120100300026
BASE,SIMULACION_CINCO_DIAS-CRITICA-N01,RECOCIDO_SIMULADO,0,TB10,ALM-CENTRAL,2,1120100300028
BASE,SIMULACION_CINCO_DIAS-CRITICA-N01,RECOCIDO_SIMULADO,0,TB11,ALM-CENTRAL,1,1120100300054
BASE,SIMULACION_CINCO_DIAS-CRITICA-N01,RECOCIDO_SIMULADO,0,TB12,ALM-CENTRAL,1,1120100300012
BASE,SIMULACION_CINCO_DIAS-CRITICA-N01,RECOCIDO_SIMULADO,0,TM01,ALM-CENTRAL,1,1120100300009
BASE,SIMULACION_CINCO_DIAS-CRITICA-N01,RECOCIDO_SIMULADO,0,TM02,ALM-CENTRAL,1,1120100300020
BASE,SIMULACION_CINCO_DIAS-CRITICA-N01,RECOCIDO_SIMULADO,0,TM02,ALM-CENTRAL,2,1120100300050
BASE,SIMULACION_CINCO_DIAS-CRITICA-N01,RECOCIDO_SIMULADO,0,TM03,ALM-CENTRAL,1,1120100300015
BASE,SIMULACION_CINCO_DIAS-CRITICA-N01,RECOCIDO_SIMULADO,0,TM03,ALM-CENTRAL,2,1120100300008
BASE,SIMULACION_CINCO_DIAS-CRITICA-N01,RECOCIDO_SIMULADO,0,TM03,ALM-CENTRAL,3,1120100300013
BASE,SIMULACION_CINCO_DIAS-CRITICA-N01,RECOCIDO_SIMULADO,0,TM04,ALM-CENTRAL,1,1120100300043
BASE,SIMULACION_CINCO_DIAS-CRITICA-N01,RECOCIDO_SIMULADO,0,TM05,ALM-CENTRAL,1,1120100300046
BASE,SIMULACION_CINCO_DIAS-CRITICA-N01,RECOCIDO_SIMULADO,0,TM05,ALM-CENTRAL,2,1120100300038
BASE,SIMULACION_CINCO_DIAS-CRITICA-N01,RECOCIDO_SIMULADO,0,TM06,ALM-CENTRAL,1,1120100300025
BASE,SIMULACION_CINCO_DIAS-CRITICA-N01,RECOCIDO_SIMULADO,0,TM07,ALM-CENTRAL,1,1120100300039
BASE,SIMULACION_CINCO_DIAS-CRITICA-N01,RECOCIDO_SIMULADO,0,TM08,ALM-CENTRAL,1,1120100300022
BASE,SIMULACION_CINCO_DIAS-CRITICA-N01,RECOCIDO_SIMULADO,0,TM08,ALM-CENTRAL,2,1120100300010
BASE,SIMULACION_CINCO_DIAS-CRITICA-N01,RECOCIDO_SIMULADO,0,TM09,ALM-CENTRAL,1,1120100300017
BASE,SIMULACION_CINCO_DIAS-CRITICA-N01,RECOCIDO_SIMULADO,0,TM10,ALM-CENTRAL,1,1120100300051
BASE,SIMULACION_CINCO_DIAS-CRITICA-N01,RECOCIDO_SIMULADO,0,TM11,ALM-CENTRAL,1,1120100300057
BASE,SIMULACION_CINCO_DIAS-CRITICA-N01,RECOCIDO_SIMULADO,0,TM11,ALM-CENTRAL,2,1120100300007
BASE,SIMULACION_CINCO_DIAS-CRITICA-N01,RECOCIDO_SIMULADO,0,TM12,ALM-CENTRAL,1,1120100300004
BASE,SIMULACION_CINCO_DIAS-CRITICA-N01,RECOCIDO_SIMULADO,0,TM13,ALM-CENTRAL,1,1120100300014
BASE,SIMULACION_CINCO_DIAS-CRITICA-N01,RECOCIDO_SIMULADO,0,TM14,ALM-CENTRAL,1,1120100300023
BASE,SIMULACION_CINCO_DIAS-CRITICA-N01,RECOCIDO_SIMULADO,0,TM15,ALM-CENTRAL,1,1120100300055
BASE,SIMULACION_CINCO_DIAS-CRITICA-N01,RECOCIDO_SIMULADO,0,TA01,ALM-CENTRAL,1,1120100400010
BASE,SIMULACION_CINCO_DIAS-CRITICA-N01,RECOCIDO_SIMULADO,0,TA01,ALM-CENTRAL,2,1120100400011
BASE,SIMULACION_CINCO_DIAS-CRITICA-N01,RECOCIDO_SIMULADO,0,TA01,ALM-CENTRAL,3,1120100400039
BASE,SIMULACION_CINCO_DIAS-CRITICA-N01,RECOCIDO_SIMULADO,0,TA01,ALM-CENTRAL,4,1120100400041
BASE,SIMULACION_CINCO_DIAS-CRITICA-N01,RECOCIDO_SIMULADO,0,TA01,ALM-CENTRAL,5,1120100400002
BASE,SIMULACION_CINCO_DIAS-CRITICA-N01,RECOCIDO_SIMULADO,0,TA01,ALM-CENTRAL,6,1120100400036
BASE,SIMULACION_CINCO_DIAS-CRITICA-N01,RECOCIDO_SIMULADO,0,TA03,ALM-CENTRAL,1,1120100400001
BASE,SIMULACION_CINCO_DIAS-CRITICA-N01,RECOCIDO_SIMULADO,0,TA03,ALM-CENTRAL,2,1120100400050
BASE,SIMULACION_CINCO_DIAS-CRITICA-N01,RECOCIDO_SIMULADO,0,TA03,ALM-CENTRAL,3,1120100400012
BASE,SIMULACION_CINCO_DIAS-CRITICA-N01,RECOCIDO_SIMULADO,0,TA03,ALM-CENTRAL,4,1120100400028
BASE,SIMULACION_CINCO_DIAS-CRITICA-N01,RECOCIDO_SIMULADO,0,TA03,ALM-CENTRAL,5,1120100400003
BASE,SIMULACION_CINCO_DIAS-CRITICA-N01,RECOCIDO_SIMULADO,0,TA03,ALM-CENTRAL,6,1120100400024
BASE,SIMULACION_CINCO_DIAS-CRITICA-N01,RECOCIDO_SIMULADO,0,TA04,ALM-CENTRAL,1,1120100400043
BASE,SIMULACION_CINCO_DIAS-CRITICA-N01,RECOCIDO_SIMULADO,0,TA04,ALM-CENTRAL,2,1120100400047
BASE,SIMULACION_CINCO_DIAS-CRITICA-N01,RECOCIDO_SIMULADO,0,TA04,ALM-CENTRAL,3,1120100400023
BASE,SIMULACION_CINCO_DIAS-CRITICA-N01,RECOCIDO_SIMULADO,0,TA05,ALM-CENTRAL,1,1120100400017
BASE,SIMULACION_CINCO_DIAS-CRITICA-N01,RECOCIDO_SIMULADO,0,TA05,ALM-CENTRAL,2,1120100400015
BASE,SIMULACION_CINCO_DIAS-CRITICA-N01,RECOCIDO_SIMULADO,0,TA06,ALM-CENTRAL,1,1120100400004
BASE,SIMULACION_CINCO_DIAS-CRITICA-N01,RECOCIDO_SIMULADO,0,TA06,ALM-CENTRAL,2,1120100400020
BASE,SIMULACION_CINCO_DIAS-CRITICA-N01,RECOCIDO_SIMULADO,0,TA06,ALM-CENTRAL,3,1120100400019
BASE,SIMULACION_CINCO_DIAS-CRITICA-N01,RECOCIDO_SIMULADO,0,TA06,ALM-CENTRAL,4,1120100400016
BASE,SIMULACION_CINCO_DIAS-CRITICA-N01,RECOCIDO_SIMULADO,0,TA07,ALM-CENTRAL,1,1120100400044
BASE,SIMULACION_CINCO_DIAS-CRITICA-N01,RECOCIDO_SIMULADO,0,TA07,ALM-CENTRAL,2,1120100400025
BASE,SIMULACION_CINCO_DIAS-CRITICA-N01,RECOCIDO_SIMULADO,0,TA07,ALM-CENTRAL,3,1120100400021
BASE,SIMULACION_CINCO_DIAS-CRITICA-N01,RECOCIDO_SIMULADO,0,TA08,ALM-CENTRAL,1,1120100400006
BASE,SIMULACION_CINCO_DIAS-CRITICA-N01,RECOCIDO_SIMULADO,0,TA08,ALM-CENTRAL,2,1120100400018
BASE,SIMULACION_CINCO_DIAS-CRITICA-N01,RECOCIDO_SIMULADO,0,TA08,ALM-CENTRAL,3,1120100400031
BASE,SIMULACION_CINCO_DIAS-CRITICA-N01,RECOCIDO_SIMULADO,0,TA08,ALM-CENTRAL,4,1120100400027
BASE,SIMULACION_CINCO_DIAS-CRITICA-N01,RECOCIDO_SIMULADO,0,TA09,ALM-CENTRAL,1,1120100400037
BASE,SIMULACION_CINCO_DIAS-CRITICA-N01,RECOCIDO_SIMULADO,0,TA09,ALM-CENTRAL,2,1120100400030
BASE,SIMULACION_CINCO_DIAS-CRITICA-N01,RECOCIDO_SIMULADO,0,TA10,ALM-CENTRAL,1,1120100400033
BASE,SIMULACION_CINCO_DIAS-CRITICA-N01,RECOCIDO_SIMULADO,0,TA10,ALM-CENTRAL,2,1120100400029
BASE,SIMULACION_CINCO_DIAS-CRITICA-N01,RECOCIDO_SIMULADO,0,TB01,ALM-CENTRAL,1,1120100400049
BASE,SIMULACION_CINCO_DIAS-CRITICA-N01,RECOCIDO_SIMULADO,0,TB01,ALM-CENTRAL,2,1120100400022
BASE,SIMULACION_CINCO_DIAS-CRITICA-N01,RECOCIDO_SIMULADO,0,TB03,ALM-CENTRAL,1,1120100400009
BASE,SIMULACION_CINCO_DIAS-CRITICA-N01,RECOCIDO_SIMULADO,0,TB04,ALM-CENTRAL,1,1120100400005
BASE,SIMULACION_CINCO_DIAS-CRITICA-N01,RECOCIDO_SIMULADO,0,TM01,ALM-CENTRAL,1,1120100400026
BASE,SIMULACION_CINCO_DIAS-CRITICA-N01,RECOCIDO_SIMULADO,0,TM02,ALM-CENTRAL,1,1120100400051
BASE,SIMULACION_CINCO_DIAS-CRITICA-N01,RECOCIDO_SIMULADO,0,TM02,ALM-CENTRAL,2,1120100400013
BASE,SIMULACION_CINCO_DIAS-CRITICA-N01,RECOCIDO_SIMULADO,0,TM03,ALM-NOROESTE,1,1120100400014
BASE,SIMULACION_CINCO_DIAS-CRITICA-N01,RECOCIDO_SIMULADO,0,TM04,ALM-CENTRAL,1,1120100400045
BASE,SIMULACION_CINCO_DIAS-CRITICA-N01,RECOCIDO_SIMULADO,0,TM05,ALM-CENTRAL,1,1120100400032
BASE,SIMULACION_CINCO_DIAS-CRITICA-N01,RECOCIDO_SIMULADO,0,TM06,ALM-CENTRAL,1,1120100400046
BASE,SIMULACION_CINCO_DIAS-CRITICA-N01,RECOCIDO_SIMULADO,0,TM07,ALM-CENTRAL,1,1120100400042
BASE,SIMULACION_CINCO_DIAS-CRITICA-N01,RECOCIDO_SIMULADO,0,TM08,ALM-CENTRAL,1,1120100400035
BASE,SIMULACION_CINCO_DIAS-CRITICA-N01,RECOCIDO_SIMULADO,0,TM09,ALM-CENTRAL,1,1120100400007
BASE,SIMULACION_CINCO_DIAS-CRITICA-N01,RECOCIDO_SIMULADO,0,TM10,ALM-CENTRAL,1,1120100400038
BASE,SIMULACION_CINCO_DIAS-CRITICA-N01,RECOCIDO_SIMULADO,0,TM11,ALM-CENTRAL,1,1120100400048
BASE,SIMULACION_CINCO_DIAS-CRITICA-N01,RECOCIDO_SIMULADO,0,TM12,ALM-CENTRAL,1,1120100400008
BASE,SIMULACION_CINCO_DIAS-CRITICA-N01,RECOCIDO_SIMULADO,0,TM13,ALM-CENTRAL,1,1120100400034
BASE,SIMULACION_CINCO_DIAS-CRITICA-N01,RECOCIDO_SIMULADO,0,TM14,ALM-CENTRAL,1,1120100400040
BASE,SIMULACION_CINCO_DIAS-CRITICA-N01,RECOCIDO_SIMULADO,0,NO_ASIGNADO,,,1120100000001
BASE,SIMULACION_CINCO_DIAS-CRITICA-N01,RECOCIDO_SIMULADO,0,NO_ASIGNADO,,,1120100000002
BASE,SIMULACION_CINCO_DIAS-CRITICA-N01,RECOCIDO_SIMULADO,0,NO_ASIGNADO,,,1120100100036
BASE,SIMULACION_CINCO_DIAS-CRITICA-N01,RECOCIDO_SIMULADO,0,NO_ASIGNADO,,,1120100100002
BASE,SIMULACION_CINCO_DIAS-CRITICA-N01,RECOCIDO_SIMULADO,0,NO_ASIGNADO,,,1120100200015
BASE,SIMULACION_CINCO_DIAS-CRITICA-N01,RECOCIDO_SIMULADO,0,NO_ASIGNADO,,,1120100200012
BASE,SIMULACION_CINCO_DIAS-CRITICA-N01,RECOCIDO_SIMULADO,0,NO_ASIGNADO,,,1120100200037
BASE,SIMULACION_CINCO_DIAS-CRITICA-N01,RECOCIDO_SIMULADO,0,NO_ASIGNADO,,,1120100300058
BASE,SIMULACION_CINCO_DIAS-CRITICA-N01,RECOCIDO_SIMULADO,0,NO_ASIGNADO,,,1120100300032
BASE,SIMULACION_CINCO_DIAS-CRITICA-N01,RECOCIDO_SIMULADO,0,NO_ASIGNADO,,,1120100300033
BASE,SIMULACION_CINCO_DIAS-CRITICA-N01,RECOCIDO_SIMULADO,0,NO_ASIGNADO,,,1120100400000
BASE,SIMULACION_CINCO_DIAS-CRITICA-N01,RECOCIDO_SIMULADO,1,TA01,ALM-CENTRAL,1,1120100000048
BASE,SIMULACION_CINCO_DIAS-CRITICA-N01,RECOCIDO_SIMULADO,1,TA01,ALM-CENTRAL,2,1120100000020
BASE,SIMULACION_CINCO_DIAS-CRITICA-N01,RECOCIDO_SIMULADO,1,TA02,ALM-CENTRAL,1,1120100000018
BASE,SIMULACION_CINCO_DIAS-CRITICA-N01,RECOCIDO_SIMULADO,1,TA02,ALM-CENTRAL,2,1120100000043
BASE,SIMULACION_CINCO_DIAS-CRITICA-N01,RECOCIDO_SIMULADO,1,TA03,ALM-CENTRAL,1,1120100000045
BASE,SIMULACION_CINCO_DIAS-CRITICA-N01,RECOCIDO_SIMULADO,1,TA03,ALM-CENTRAL,2,1120100000004
BASE,SIMULACION_CINCO_DIAS-CRITICA-N01,RECOCIDO_SIMULADO,1,TA03,ALM-CENTRAL,3,1120100000028
BASE,SIMULACION_CINCO_DIAS-CRITICA-N01,RECOCIDO_SIMULADO,1,TA04,ALM-CENTRAL,1,1120100000003
BASE,SIMULACION_CINCO_DIAS-CRITICA-N01,RECOCIDO_SIMULADO,1,TA04,ALM-CENTRAL,2,1120100000034
BASE,SIMULACION_CINCO_DIAS-CRITICA-N01,RECOCIDO_SIMULADO,1,TA04,ALM-CENTRAL,3,1120100000009
BASE,SIMULACION_CINCO_DIAS-CRITICA-N01,RECOCIDO_SIMULADO,1,TA05,ALM-CENTRAL,1,1120100000056
BASE,SIMULACION_CINCO_DIAS-CRITICA-N01,RECOCIDO_SIMULADO,1,TA05,ALM-CENTRAL,2,1120100000035
BASE,SIMULACION_CINCO_DIAS-CRITICA-N01,RECOCIDO_SIMULADO,1,TA05,ALM-CENTRAL,3,1120100000024
BASE,SIMULACION_CINCO_DIAS-CRITICA-N01,RECOCIDO_SIMULADO,1,TA06,ALM-CENTRAL,1,1120100000000
BASE,SIMULACION_CINCO_DIAS-CRITICA-N01,RECOCIDO_SIMULADO,1,TA06,ALM-CENTRAL,2,1120100000049
BASE,SIMULACION_CINCO_DIAS-CRITICA-N01,RECOCIDO_SIMULADO,1,TA07,ALM-CENTRAL,1,1120100000060
BASE,SIMULACION_CINCO_DIAS-CRITICA-N01,RECOCIDO_SIMULADO,1,TA07,ALM-CENTRAL,2,1120100000007
BASE,SIMULACION_CINCO_DIAS-CRITICA-N01,RECOCIDO_SIMULADO,1,TA07,ALM-CENTRAL,3,1120100000061
BASE,SIMULACION_CINCO_DIAS-CRITICA-N01,RECOCIDO_SIMULADO,1,TA08,ALM-CENTRAL,1,1120100000042
BASE,SIMULACION_CINCO_DIAS-CRITICA-N01,RECOCIDO_SIMULADO,1,TA08,ALM-CENTRAL,2,1120100000057
BASE,SIMULACION_CINCO_DIAS-CRITICA-N01,RECOCIDO_SIMULADO,1,TA08,ALM-CENTRAL,3,1120100000027
BASE,SIMULACION_CINCO_DIAS-CRITICA-N01,RECOCIDO_SIMULADO,1,TA09,ALM-CENTRAL,1,1120100000030
BASE,SIMULACION_CINCO_DIAS-CRITICA-N01,RECOCIDO_SIMULADO,1,TA09,ALM-CENTRAL,2,1120100000059
BASE,SIMULACION_CINCO_DIAS-CRITICA-N01,RECOCIDO_SIMULADO,1,TA09,ALM-CENTRAL,3,1120100000029
BASE,SIMULACION_CINCO_DIAS-CRITICA-N01,RECOCIDO_SIMULADO,1,TA09,ALM-CENTRAL,4,1120100000036
BASE,SIMULACION_CINCO_DIAS-CRITICA-N01,RECOCIDO_SIMULADO,1,TA10,ALM-CENTRAL,1,1120100000005
BASE,SIMULACION_CINCO_DIAS-CRITICA-N01,RECOCIDO_SIMULADO,1,TA10,ALM-CENTRAL,2,1120100000014
BASE,SIMULACION_CINCO_DIAS-CRITICA-N01,RECOCIDO_SIMULADO,1,TA10,ALM-CENTRAL,3,1120100000046
BASE,SIMULACION_CINCO_DIAS-CRITICA-N01,RECOCIDO_SIMULADO,1,TB04,ALM-CENTRAL,1,1120100000008
BASE,SIMULACION_CINCO_DIAS-CRITICA-N01,RECOCIDO_SIMULADO,1,TB06,ALM-CENTRAL,1,1120100000044
BASE,SIMULACION_CINCO_DIAS-CRITICA-N01,RECOCIDO_SIMULADO,1,TB07,ALM-CENTRAL,1,1120100000023
BASE,SIMULACION_CINCO_DIAS-CRITICA-N01,RECOCIDO_SIMULADO,1,TB07,ALM-CENTRAL,2,1120100000052
BASE,SIMULACION_CINCO_DIAS-CRITICA-N01,RECOCIDO_SIMULADO,1,TB08,ALM-CENTRAL,1,1120100000037
BASE,SIMULACION_CINCO_DIAS-CRITICA-N01,RECOCIDO_SIMULADO,1,TB09,ALM-CENTRAL,1,1120100000017
BASE,SIMULACION_CINCO_DIAS-CRITICA-N01,RECOCIDO_SIMULADO,1,TB10,ALM-CENTRAL,1,1120100000016
BASE,SIMULACION_CINCO_DIAS-CRITICA-N01,RECOCIDO_SIMULADO,1,TB11,ALM-CENTRAL,1,1120100000022
BASE,SIMULACION_CINCO_DIAS-CRITICA-N01,RECOCIDO_SIMULADO,1,TB12,ALM-CENTRAL,1,1120100000010
BASE,SIMULACION_CINCO_DIAS-CRITICA-N01,RECOCIDO_SIMULADO,1,TB12,ALM-CENTRAL,2,1120100000012
BASE,SIMULACION_CINCO_DIAS-CRITICA-N01,RECOCIDO_SIMULADO,1,TM01,ALM-CENTRAL,1,1120100000055
BASE,SIMULACION_CINCO_DIAS-CRITICA-N01,RECOCIDO_SIMULADO,1,TM02,ALM-CENTRAL,1,1120100000040
BASE,SIMULACION_CINCO_DIAS-CRITICA-N01,RECOCIDO_SIMULADO,1,TM02,ALM-CENTRAL,2,1120100000019
BASE,SIMULACION_CINCO_DIAS-CRITICA-N01,RECOCIDO_SIMULADO,1,TM02,ALM-CENTRAL,3,1120100000051
BASE,SIMULACION_CINCO_DIAS-CRITICA-N01,RECOCIDO_SIMULADO,1,TM03,ALM-CENTRAL,1,1120100000054
BASE,SIMULACION_CINCO_DIAS-CRITICA-N01,RECOCIDO_SIMULADO,1,TM03,ALM-CENTRAL,2,1120100000047
BASE,SIMULACION_CINCO_DIAS-CRITICA-N01,RECOCIDO_SIMULADO,1,TM03,ALM-CENTRAL,3,1120100000006
BASE,SIMULACION_CINCO_DIAS-CRITICA-N01,RECOCIDO_SIMULADO,1,TM04,ALM-CENTRAL,1,1120100000026
BASE,SIMULACION_CINCO_DIAS-CRITICA-N01,RECOCIDO_SIMULADO,1,TM05,ALM-CENTRAL,1,1120100000032
BASE,SIMULACION_CINCO_DIAS-CRITICA-N01,RECOCIDO_SIMULADO,1,TM06,ALM-CENTRAL,1,1120100000058
BASE,SIMULACION_CINCO_DIAS-CRITICA-N01,RECOCIDO_SIMULADO,1,TM07,ALM-CENTRAL,1,1120100000039
BASE,SIMULACION_CINCO_DIAS-CRITICA-N01,RECOCIDO_SIMULADO,1,TM08,ALM-CENTRAL,1,1120100000050
BASE,SIMULACION_CINCO_DIAS-CRITICA-N01,RECOCIDO_SIMULADO,1,TM09,ALM-CENTRAL,1,1120100000041
BASE,SIMULACION_CINCO_DIAS-CRITICA-N01,RECOCIDO_SIMULADO,1,TM09,ALM-CENTRAL,2,1120100000025
BASE,SIMULACION_CINCO_DIAS-CRITICA-N01,RECOCIDO_SIMULADO,1,TM10,ALM-CENTRAL,1,1120100000021
BASE,SIMULACION_CINCO_DIAS-CRITICA-N01,RECOCIDO_SIMULADO,1,TM10,ALM-CENTRAL,2,1120100000031
BASE,SIMULACION_CINCO_DIAS-CRITICA-N01,RECOCIDO_SIMULADO,1,TM11,ALM-CENTRAL,1,1120100000011
BASE,SIMULACION_CINCO_DIAS-CRITICA-N01,RECOCIDO_SIMULADO,1,TM11,ALM-CENTRAL,2,1120100000013
BASE,SIMULACION_CINCO_DIAS-CRITICA-N01,RECOCIDO_SIMULADO,1,TM12,ALM-CENTRAL,1,1120100000015
BASE,SIMULACION_CINCO_DIAS-CRITICA-N01,RECOCIDO_SIMULADO,1,TM12,ALM-CENTRAL,2,1120100000038
BASE,SIMULACION_CINCO_DIAS-CRITICA-N01,RECOCIDO_SIMULADO,1,TM13,ALM-CENTRAL,1,1120100000053
BASE,SIMULACION_CINCO_DIAS-CRITICA-N01,RECOCIDO_SIMULADO,1,TM13,ALM-CENTRAL,2,1120100000033
BASE,SIMULACION_CINCO_DIAS-CRITICA-N01,RECOCIDO_SIMULADO,1,TM14,ALM-CENTRAL,1,1120100000063
BASE,SIMULACION_CINCO_DIAS-CRITICA-N01,RECOCIDO_SIMULADO,1,TM15,ALM-CENTRAL,1,1120100000062
BASE,SIMULACION_CINCO_DIAS-CRITICA-N01,RECOCIDO_SIMULADO,1,TA01,ALM-CENTRAL,1,1120100100012
BASE,SIMULACION_CINCO_DIAS-CRITICA-N01,RECOCIDO_SIMULADO,1,TA01,ALM-CENTRAL,2,1120100100018
BASE,SIMULACION_CINCO_DIAS-CRITICA-N01,RECOCIDO_SIMULADO,1,TA02,ALM-CENTRAL,1,1120100100033
BASE,SIMULACION_CINCO_DIAS-CRITICA-N01,RECOCIDO_SIMULADO,1,TA03,ALM-CENTRAL,1,1120100100001
BASE,SIMULACION_CINCO_DIAS-CRITICA-N01,RECOCIDO_SIMULADO,1,TA03,ALM-CENTRAL,2,1120100100007
BASE,SIMULACION_CINCO_DIAS-CRITICA-N01,RECOCIDO_SIMULADO,1,TA04,ALM-CENTRAL,1,1120100100042
BASE,SIMULACION_CINCO_DIAS-CRITICA-N01,RECOCIDO_SIMULADO,1,TA04,ALM-CENTRAL,2,1120100100041
BASE,SIMULACION_CINCO_DIAS-CRITICA-N01,RECOCIDO_SIMULADO,1,TA05,ALM-CENTRAL,1,1120100100028
BASE,SIMULACION_CINCO_DIAS-CRITICA-N01,RECOCIDO_SIMULADO,1,TA05,ALM-CENTRAL,2,1120100100024
BASE,SIMULACION_CINCO_DIAS-CRITICA-N01,RECOCIDO_SIMULADO,1,TA05,ALM-CENTRAL,3,1120100100025
BASE,SIMULACION_CINCO_DIAS-CRITICA-N01,RECOCIDO_SIMULADO,1,TA06,ALM-CENTRAL,1,1120100100044
BASE,SIMULACION_CINCO_DIAS-CRITICA-N01,RECOCIDO_SIMULADO,1,TA06,ALM-CENTRAL,2,1120100100031
BASE,SIMULACION_CINCO_DIAS-CRITICA-N01,RECOCIDO_SIMULADO,1,TA06,ALM-CENTRAL,3,1120100100005
BASE,SIMULACION_CINCO_DIAS-CRITICA-N01,RECOCIDO_SIMULADO,1,TA07,ALM-CENTRAL,1,1120100100032
BASE,SIMULACION_CINCO_DIAS-CRITICA-N01,RECOCIDO_SIMULADO,1,TA07,ALM-CENTRAL,2,1120100100029
BASE,SIMULACION_CINCO_DIAS-CRITICA-N01,RECOCIDO_SIMULADO,1,TA08,ALM-CENTRAL,1,1120100100037
BASE,SIMULACION_CINCO_DIAS-CRITICA-N01,RECOCIDO_SIMULADO,1,TA08,ALM-CENTRAL,2,1120100100008
BASE,SIMULACION_CINCO_DIAS-CRITICA-N01,RECOCIDO_SIMULADO,1,TA09,ALM-CENTRAL,1,1120100100046
BASE,SIMULACION_CINCO_DIAS-CRITICA-N01,RECOCIDO_SIMULADO,1,TA09,ALM-CENTRAL,2,1120100100015
BASE,SIMULACION_CINCO_DIAS-CRITICA-N01,RECOCIDO_SIMULADO,1,TA10,ALM-CENTRAL,1,1120100100027
BASE,SIMULACION_CINCO_DIAS-CRITICA-N01,RECOCIDO_SIMULADO,1,TA10,ALM-CENTRAL,2,1120100100016
BASE,SIMULACION_CINCO_DIAS-CRITICA-N01,RECOCIDO_SIMULADO,1,TB02,ALM-CENTRAL,1,1120100100003
BASE,SIMULACION_CINCO_DIAS-CRITICA-N01,RECOCIDO_SIMULADO,1,TB02,ALM-CENTRAL,2,1120100100009
BASE,SIMULACION_CINCO_DIAS-CRITICA-N01,RECOCIDO_SIMULADO,1,TB06,ALM-CENTRAL,1,1120100100039
BASE,SIMULACION_CINCO_DIAS-CRITICA-N01,RECOCIDO_SIMULADO,1,TB07,ALM-CENTRAL,1,1120100100023
BASE,SIMULACION_CINCO_DIAS-CRITICA-N01,RECOCIDO_SIMULADO,1,TB09,ALM-CENTRAL,1,1120100100038
BASE,SIMULACION_CINCO_DIAS-CRITICA-N01,RECOCIDO_SIMULADO,1,TB10,ALM-CENTRAL,1,1120100100019
BASE,SIMULACION_CINCO_DIAS-CRITICA-N01,RECOCIDO_SIMULADO,1,TB10,ALM-CENTRAL,2,1120100100013
BASE,SIMULACION_CINCO_DIAS-CRITICA-N01,RECOCIDO_SIMULADO,1,TB11,ALM-CENTRAL,1,1120100100004
BASE,SIMULACION_CINCO_DIAS-CRITICA-N01,RECOCIDO_SIMULADO,1,TB12,ALM-CENTRAL,1,1120100100022
BASE,SIMULACION_CINCO_DIAS-CRITICA-N01,RECOCIDO_SIMULADO,1,TM02,ALM-CENTRAL,1,1120100100020
BASE,SIMULACION_CINCO_DIAS-CRITICA-N01,RECOCIDO_SIMULADO,1,TM03,ALM-CENTRAL,1,1120100100000
BASE,SIMULACION_CINCO_DIAS-CRITICA-N01,RECOCIDO_SIMULADO,1,TM03,ALM-CENTRAL,2,1120100100034
BASE,SIMULACION_CINCO_DIAS-CRITICA-N01,RECOCIDO_SIMULADO,1,TM04,ALM-CENTRAL,1,1120100100017
BASE,SIMULACION_CINCO_DIAS-CRITICA-N01,RECOCIDO_SIMULADO,1,TM05,ALM-CENTRAL,1,1120100100006
BASE,SIMULACION_CINCO_DIAS-CRITICA-N01,RECOCIDO_SIMULADO,1,TM07,ALM-CENTRAL,1,1120100100014
BASE,SIMULACION_CINCO_DIAS-CRITICA-N01,RECOCIDO_SIMULADO,1,TM07,ALM-CENTRAL,2,1120100100026
BASE,SIMULACION_CINCO_DIAS-CRITICA-N01,RECOCIDO_SIMULADO,1,TM08,ALM-CENTRAL,1,1120100100040
BASE,SIMULACION_CINCO_DIAS-CRITICA-N01,RECOCIDO_SIMULADO,1,TM10,ALM-CENTRAL,1,1120100100035
BASE,SIMULACION_CINCO_DIAS-CRITICA-N01,RECOCIDO_SIMULADO,1,TM10,ALM-CENTRAL,2,1120100100021
BASE,SIMULACION_CINCO_DIAS-CRITICA-N01,RECOCIDO_SIMULADO,1,TM11,ALM-CENTRAL,1,1120100100011
BASE,SIMULACION_CINCO_DIAS-CRITICA-N01,RECOCIDO_SIMULADO,1,TM12,ALM-CENTRAL,1,1120100100045
BASE,SIMULACION_CINCO_DIAS-CRITICA-N01,RECOCIDO_SIMULADO,1,TM12,ALM-CENTRAL,2,1120100100030
BASE,SIMULACION_CINCO_DIAS-CRITICA-N01,RECOCIDO_SIMULADO,1,TM13,ALM-CENTRAL,1,1120100100010
BASE,SIMULACION_CINCO_DIAS-CRITICA-N01,RECOCIDO_SIMULADO,1,TM14,ALM-CENTRAL,1,1120100100043
BASE,SIMULACION_CINCO_DIAS-CRITICA-N01,RECOCIDO_SIMULADO,1,TA01,ALM-CENTRAL,1,1120100200029
BASE,SIMULACION_CINCO_DIAS-CRITICA-N01,RECOCIDO_SIMULADO,1,TA01,ALM-CENTRAL,2,1120100200007
BASE,SIMULACION_CINCO_DIAS-CRITICA-N01,RECOCIDO_SIMULADO,1,TA02,ALM-CENTRAL,1,1120100200022
BASE,SIMULACION_CINCO_DIAS-CRITICA-N01,RECOCIDO_SIMULADO,1,TA02,ALM-CENTRAL,2,1120100200016
BASE,SIMULACION_CINCO_DIAS-CRITICA-N01,RECOCIDO_SIMULADO,1,TA03,ALM-CENTRAL,1,1120100200011
BASE,SIMULACION_CINCO_DIAS-CRITICA-N01,RECOCIDO_SIMULADO,1,TA03,ALM-CENTRAL,2,1120100200017
BASE,SIMULACION_CINCO_DIAS-CRITICA-N01,RECOCIDO_SIMULADO,1,TA04,ALM-CENTRAL,1,1120100200021
BASE,SIMULACION_CINCO_DIAS-CRITICA-N01,RECOCIDO_SIMULADO,1,TA04,ALM-CENTRAL,2,1120100200035
BASE,SIMULACION_CINCO_DIAS-CRITICA-N01,RECOCIDO_SIMULADO,1,TA04,ALM-CENTRAL,3,1120100200032
BASE,SIMULACION_CINCO_DIAS-CRITICA-N01,RECOCIDO_SIMULADO,1,TA05,ALM-CENTRAL,1,1120100200008
BASE,SIMULACION_CINCO_DIAS-CRITICA-N01,RECOCIDO_SIMULADO,1,TA06,ALM-CENTRAL,1,1120100200005
BASE,SIMULACION_CINCO_DIAS-CRITICA-N01,RECOCIDO_SIMULADO,1,TA06,ALM-CENTRAL,2,1120100200023
BASE,SIMULACION_CINCO_DIAS-CRITICA-N01,RECOCIDO_SIMULADO,1,TA07,ALM-CENTRAL,1,1120100200024
BASE,SIMULACION_CINCO_DIAS-CRITICA-N01,RECOCIDO_SIMULADO,1,TA07,ALM-CENTRAL,2,1120100200036
BASE,SIMULACION_CINCO_DIAS-CRITICA-N01,RECOCIDO_SIMULADO,1,TA07,ALM-CENTRAL,3,1120100200009
BASE,SIMULACION_CINCO_DIAS-CRITICA-N01,RECOCIDO_SIMULADO,1,TA08,ALM-CENTRAL,1,1120100200027
BASE,SIMULACION_CINCO_DIAS-CRITICA-N01,RECOCIDO_SIMULADO,1,TA08,ALM-CENTRAL,2,1120100200042
BASE,SIMULACION_CINCO_DIAS-CRITICA-N01,RECOCIDO_SIMULADO,1,TA09,ALM-CENTRAL,1,1120100200002
BASE,SIMULACION_CINCO_DIAS-CRITICA-N01,RECOCIDO_SIMULADO,1,TA09,ALM-CENTRAL,2,1120100200028
BASE,SIMULACION_CINCO_DIAS-CRITICA-N01,RECOCIDO_SIMULADO,1,TA10,ALM-CENTRAL,1,1120100200010
BASE,SIMULACION_CINCO_DIAS-CRITICA-N01,RECOCIDO_SIMULADO,1,TA10,ALM-CENTRAL,2,1120100200031
BASE,SIMULACION_CINCO_DIAS-CRITICA-N01,RECOCIDO_SIMULADO,1,TB04,ALM-CENTRAL,1,1120100200030
BASE,SIMULACION_CINCO_DIAS-CRITICA-N01,RECOCIDO_SIMULADO,1,TB06,ALM-CENTRAL,1,1120100200025
BASE,SIMULACION_CINCO_DIAS-CRITICA-N01,RECOCIDO_SIMULADO,1,TB09,ALM-CENTRAL,1,1120100200033
BASE,SIMULACION_CINCO_DIAS-CRITICA-N01,RECOCIDO_SIMULADO,1,TB12,ALM-CENTRAL,1,1120100200013
BASE,SIMULACION_CINCO_DIAS-CRITICA-N01,RECOCIDO_SIMULADO,1,TM01,ALM-CENTRAL,1,1120100200039
BASE,SIMULACION_CINCO_DIAS-CRITICA-N01,RECOCIDO_SIMULADO,1,TM02,ALM-CENTRAL,1,1120100200000
BASE,SIMULACION_CINCO_DIAS-CRITICA-N01,RECOCIDO_SIMULADO,1,TM03,ALM-CENTRAL,1,1120100200034
BASE,SIMULACION_CINCO_DIAS-CRITICA-N01,RECOCIDO_SIMULADO,1,TM03,ALM-CENTRAL,2,1120100200014
BASE,SIMULACION_CINCO_DIAS-CRITICA-N01,RECOCIDO_SIMULADO,1,TM05,ALM-CENTRAL,1,1120100200020
BASE,SIMULACION_CINCO_DIAS-CRITICA-N01,RECOCIDO_SIMULADO,1,TM06,ALM-CENTRAL,1,1120100200006
BASE,SIMULACION_CINCO_DIAS-CRITICA-N01,RECOCIDO_SIMULADO,1,TM07,ALM-CENTRAL,1,1120100200003
BASE,SIMULACION_CINCO_DIAS-CRITICA-N01,RECOCIDO_SIMULADO,1,TM08,ALM-CENTRAL,1,1120100200040
BASE,SIMULACION_CINCO_DIAS-CRITICA-N01,RECOCIDO_SIMULADO,1,TM09,ALM-CENTRAL,1,1120100200004
BASE,SIMULACION_CINCO_DIAS-CRITICA-N01,RECOCIDO_SIMULADO,1,TM10,ALM-CENTRAL,1,1120100200043
BASE,SIMULACION_CINCO_DIAS-CRITICA-N01,RECOCIDO_SIMULADO,1,TM11,ALM-CENTRAL,1,1120100200041
BASE,SIMULACION_CINCO_DIAS-CRITICA-N01,RECOCIDO_SIMULADO,1,TM12,ALM-CENTRAL,1,1120100200019
BASE,SIMULACION_CINCO_DIAS-CRITICA-N01,RECOCIDO_SIMULADO,1,TM12,ALM-CENTRAL,2,1120100200026
BASE,SIMULACION_CINCO_DIAS-CRITICA-N01,RECOCIDO_SIMULADO,1,TM13,ALM-CENTRAL,1,1120100200018
BASE,SIMULACION_CINCO_DIAS-CRITICA-N01,RECOCIDO_SIMULADO,1,TM13,ALM-CENTRAL,2,1120100200001
BASE,SIMULACION_CINCO_DIAS-CRITICA-N01,RECOCIDO_SIMULADO,1,TM15,ALM-CENTRAL,1,1120100200038
BASE,SIMULACION_CINCO_DIAS-CRITICA-N01,RECOCIDO_SIMULADO,1,TA01,ALM-CENTRAL,1,1120100300052
BASE,SIMULACION_CINCO_DIAS-CRITICA-N01,RECOCIDO_SIMULADO,1,TA01,ALM-CENTRAL,2,1120100300036
BASE,SIMULACION_CINCO_DIAS-CRITICA-N01,RECOCIDO_SIMULADO,1,TA01,ALM-CENTRAL,3,1120100300020
BASE,SIMULACION_CINCO_DIAS-CRITICA-N01,RECOCIDO_SIMULADO,1,TA01,ALM-CENTRAL,4,1120100300022
BASE,SIMULACION_CINCO_DIAS-CRITICA-N01,RECOCIDO_SIMULADO,1,TA03,ALM-CENTRAL,1,1120100300045
BASE,SIMULACION_CINCO_DIAS-CRITICA-N01,RECOCIDO_SIMULADO,1,TA03,ALM-CENTRAL,2,1120100300006
BASE,SIMULACION_CINCO_DIAS-CRITICA-N01,RECOCIDO_SIMULADO,1,TA03,ALM-CENTRAL,3,1120100300043
BASE,SIMULACION_CINCO_DIAS-CRITICA-N01,RECOCIDO_SIMULADO,1,TA04,ALM-CENTRAL,1,1120100300048
BASE,SIMULACION_CINCO_DIAS-CRITICA-N01,RECOCIDO_SIMULADO,1,TA04,ALM-CENTRAL,2,1120100300031
BASE,SIMULACION_CINCO_DIAS-CRITICA-N01,RECOCIDO_SIMULADO,1,TA04,ALM-CENTRAL,3,1120100300029
BASE,SIMULACION_CINCO_DIAS-CRITICA-N01,RECOCIDO_SIMULADO,1,TA04,ALM-CENTRAL,4,1120100300009
BASE,SIMULACION_CINCO_DIAS-CRITICA-N01,RECOCIDO_SIMULADO,1,TA05,ALM-CENTRAL,1,1120100300000
BASE,SIMULACION_CINCO_DIAS-CRITICA-N01,RECOCIDO_SIMULADO,1,TA05,ALM-CENTRAL,2,1120100300019
BASE,SIMULACION_CINCO_DIAS-CRITICA-N01,RECOCIDO_SIMULADO,1,TA06,ALM-CENTRAL,1,1120100300016
BASE,SIMULACION_CINCO_DIAS-CRITICA-N01,RECOCIDO_SIMULADO,1,TA06,ALM-CENTRAL,2,1120100300053
BASE,SIMULACION_CINCO_DIAS-CRITICA-N01,RECOCIDO_SIMULADO,1,TA06,ALM-CENTRAL,3,1120100300024
BASE,SIMULACION_CINCO_DIAS-CRITICA-N01,RECOCIDO_SIMULADO,1,TA07,ALM-CENTRAL,1,1120100300030
BASE,SIMULACION_CINCO_DIAS-CRITICA-N01,RECOCIDO_SIMULADO,1,TA07,ALM-CENTRAL,2,1120100300041
BASE,SIMULACION_CINCO_DIAS-CRITICA-N01,RECOCIDO_SIMULADO,1,TA08,ALM-CENTRAL,1,1120100300049
BASE,SIMULACION_CINCO_DIAS-CRITICA-N01,RECOCIDO_SIMULADO,1,TA08,ALM-CENTRAL,2,1120100300047
BASE,SIMULACION_CINCO_DIAS-CRITICA-N01,RECOCIDO_SIMULADO,1,TA08,ALM-CENTRAL,3,1120100300014
BASE,SIMULACION_CINCO_DIAS-CRITICA-N01,RECOCIDO_SIMULADO,1,TA09,ALM-CENTRAL,1,1120100300011
BASE,SIMULACION_CINCO_DIAS-CRITICA-N01,RECOCIDO_SIMULADO,1,TA09,ALM-CENTRAL,2,1120100300055
BASE,SIMULACION_CINCO_DIAS-CRITICA-N01,RECOCIDO_SIMULADO,1,TA09,ALM-CENTRAL,3,1120100300037
BASE,SIMULACION_CINCO_DIAS-CRITICA-N01,RECOCIDO_SIMULADO,1,TA10,ALM-CENTRAL,1,1120100300010
BASE,SIMULACION_CINCO_DIAS-CRITICA-N01,RECOCIDO_SIMULADO,1,TA10,ALM-CENTRAL,2,1120100300005
BASE,SIMULACION_CINCO_DIAS-CRITICA-N01,RECOCIDO_SIMULADO,1,TB01,ALM-CENTRAL,1,1120100300004
BASE,SIMULACION_CINCO_DIAS-CRITICA-N01,RECOCIDO_SIMULADO,1,TB03,ALM-CENTRAL,1,1120100300026
BASE,SIMULACION_CINCO_DIAS-CRITICA-N01,RECOCIDO_SIMULADO,1,TB04,ALM-NOROESTE,1,1120100300044
BASE,SIMULACION_CINCO_DIAS-CRITICA-N01,RECOCIDO_SIMULADO,1,TB06,ALM-CENTRAL,1,1120100300018
BASE,SIMULACION_CINCO_DIAS-CRITICA-N01,RECOCIDO_SIMULADO,1,TB08,ALM-CENTRAL,1,1120100300027
BASE,SIMULACION_CINCO_DIAS-CRITICA-N01,RECOCIDO_SIMULADO,1,TB09,ALM-CENTRAL,1,1120100300056
BASE,SIMULACION_CINCO_DIAS-CRITICA-N01,RECOCIDO_SIMULADO,1,TB10,ALM-CENTRAL,1,1120100300042
BASE,SIMULACION_CINCO_DIAS-CRITICA-N01,RECOCIDO_SIMULADO,1,TB11,ALM-CENTRAL,1,1120100300002
BASE,SIMULACION_CINCO_DIAS-CRITICA-N01,RECOCIDO_SIMULADO,1,TB12,ALM-CENTRAL,1,1120100300012
BASE,SIMULACION_CINCO_DIAS-CRITICA-N01,RECOCIDO_SIMULADO,1,TM01,ALM-CENTRAL,1,1120100300057
BASE,SIMULACION_CINCO_DIAS-CRITICA-N01,RECOCIDO_SIMULADO,1,TM02,ALM-CENTRAL,1,1120100300039
BASE,SIMULACION_CINCO_DIAS-CRITICA-N01,RECOCIDO_SIMULADO,1,TM03,ALM-CENTRAL,1,1120100300040
BASE,SIMULACION_CINCO_DIAS-CRITICA-N01,RECOCIDO_SIMULADO,1,TM03,ALM-CENTRAL,2,1120100300054
BASE,SIMULACION_CINCO_DIAS-CRITICA-N01,RECOCIDO_SIMULADO,1,TM04,ALM-CENTRAL,1,1120100300023
BASE,SIMULACION_CINCO_DIAS-CRITICA-N01,RECOCIDO_SIMULADO,1,TM05,ALM-CENTRAL,1,1120100300046
BASE,SIMULACION_CINCO_DIAS-CRITICA-N01,RECOCIDO_SIMULADO,1,TM05,ALM-CENTRAL,2,1120100300008
BASE,SIMULACION_CINCO_DIAS-CRITICA-N01,RECOCIDO_SIMULADO,1,TM05,ALM-CENTRAL,3,1120100300050
BASE,SIMULACION_CINCO_DIAS-CRITICA-N01,RECOCIDO_SIMULADO,1,TM06,ALM-CENTRAL,1,1120100300013
BASE,SIMULACION_CINCO_DIAS-CRITICA-N01,RECOCIDO_SIMULADO,1,TM07,ALM-CENTRAL,1,1120100300015
BASE,SIMULACION_CINCO_DIAS-CRITICA-N01,RECOCIDO_SIMULADO,1,TM07,ALM-CENTRAL,2,1120100300035
BASE,SIMULACION_CINCO_DIAS-CRITICA-N01,RECOCIDO_SIMULADO,1,TM08,ALM-CENTRAL,1,1120100300007
BASE,SIMULACION_CINCO_DIAS-CRITICA-N01,RECOCIDO_SIMULADO,1,TM09,ALM-CENTRAL,1,1120100300017
BASE,SIMULACION_CINCO_DIAS-CRITICA-N01,RECOCIDO_SIMULADO,1,TM10,ALM-CENTRAL,1,1120100300059
BASE,SIMULACION_CINCO_DIAS-CRITICA-N01,RECOCIDO_SIMULADO,1,TM11,ALM-CENTRAL,1,1120100300025
BASE,SIMULACION_CINCO_DIAS-CRITICA-N01,RECOCIDO_SIMULADO,1,TM12,ALM-CENTRAL,1,1120100300034
BASE,SIMULACION_CINCO_DIAS-CRITICA-N01,RECOCIDO_SIMULADO,1,TM13,ALM-CENTRAL,1,1120100300001
BASE,SIMULACION_CINCO_DIAS-CRITICA-N01,RECOCIDO_SIMULADO,1,TM13,ALM-CENTRAL,2,1120100300003
BASE,SIMULACION_CINCO_DIAS-CRITICA-N01,RECOCIDO_SIMULADO,1,TM14,ALM-CENTRAL,1,1120100300051
BASE,SIMULACION_CINCO_DIAS-CRITICA-N01,RECOCIDO_SIMULADO,1,TM14,ALM-CENTRAL,2,1120100300028
BASE,SIMULACION_CINCO_DIAS-CRITICA-N01,RECOCIDO_SIMULADO,1,TM15,ALM-CENTRAL,1,1120100300038
BASE,SIMULACION_CINCO_DIAS-CRITICA-N01,RECOCIDO_SIMULADO,1,TM15,ALM-CENTRAL,2,1120100300021
BASE,SIMULACION_CINCO_DIAS-CRITICA-N01,RECOCIDO_SIMULADO,1,TA01,ALM-CENTRAL,1,1120100400010
BASE,SIMULACION_CINCO_DIAS-CRITICA-N01,RECOCIDO_SIMULADO,1,TA01,ALM-CENTRAL,2,1120100400011
BASE,SIMULACION_CINCO_DIAS-CRITICA-N01,RECOCIDO_SIMULADO,1,TA01,ALM-CENTRAL,3,1120100400039
BASE,SIMULACION_CINCO_DIAS-CRITICA-N01,RECOCIDO_SIMULADO,1,TA01,ALM-CENTRAL,4,1120100400041
BASE,SIMULACION_CINCO_DIAS-CRITICA-N01,RECOCIDO_SIMULADO,1,TA01,ALM-CENTRAL,5,1120100400002
BASE,SIMULACION_CINCO_DIAS-CRITICA-N01,RECOCIDO_SIMULADO,1,TA01,ALM-CENTRAL,6,1120100400036
BASE,SIMULACION_CINCO_DIAS-CRITICA-N01,RECOCIDO_SIMULADO,1,TA03,ALM-CENTRAL,1,1120100400001
BASE,SIMULACION_CINCO_DIAS-CRITICA-N01,RECOCIDO_SIMULADO,1,TA03,ALM-CENTRAL,2,1120100400050
BASE,SIMULACION_CINCO_DIAS-CRITICA-N01,RECOCIDO_SIMULADO,1,TA03,ALM-CENTRAL,3,1120100400012
BASE,SIMULACION_CINCO_DIAS-CRITICA-N01,RECOCIDO_SIMULADO,1,TA03,ALM-CENTRAL,4,1120100400028
BASE,SIMULACION_CINCO_DIAS-CRITICA-N01,RECOCIDO_SIMULADO,1,TA03,ALM-CENTRAL,5,1120100400003
BASE,SIMULACION_CINCO_DIAS-CRITICA-N01,RECOCIDO_SIMULADO,1,TA03,ALM-CENTRAL,6,1120100400024
BASE,SIMULACION_CINCO_DIAS-CRITICA-N01,RECOCIDO_SIMULADO,1,TA04,ALM-CENTRAL,1,1120100400043
BASE,SIMULACION_CINCO_DIAS-CRITICA-N01,RECOCIDO_SIMULADO,1,TA04,ALM-CENTRAL,2,1120100400047
BASE,SIMULACION_CINCO_DIAS-CRITICA-N01,RECOCIDO_SIMULADO,1,TA04,ALM-CENTRAL,3,1120100400023
BASE,SIMULACION_CINCO_DIAS-CRITICA-N01,RECOCIDO_SIMULADO,1,TA05,ALM-CENTRAL,1,1120100400017
BASE,SIMULACION_CINCO_DIAS-CRITICA-N01,RECOCIDO_SIMULADO,1,TA05,ALM-CENTRAL,2,1120100400015
BASE,SIMULACION_CINCO_DIAS-CRITICA-N01,RECOCIDO_SIMULADO,1,TA06,ALM-CENTRAL,1,1120100400004
BASE,SIMULACION_CINCO_DIAS-CRITICA-N01,RECOCIDO_SIMULADO,1,TA06,ALM-CENTRAL,2,1120100400020
BASE,SIMULACION_CINCO_DIAS-CRITICA-N01,RECOCIDO_SIMULADO,1,TA06,ALM-CENTRAL,3,1120100400019
BASE,SIMULACION_CINCO_DIAS-CRITICA-N01,RECOCIDO_SIMULADO,1,TA06,ALM-CENTRAL,4,1120100400016
BASE,SIMULACION_CINCO_DIAS-CRITICA-N01,RECOCIDO_SIMULADO,1,TA07,ALM-CENTRAL,1,1120100400044
BASE,SIMULACION_CINCO_DIAS-CRITICA-N01,RECOCIDO_SIMULADO,1,TA07,ALM-CENTRAL,2,1120100400025
BASE,SIMULACION_CINCO_DIAS-CRITICA-N01,RECOCIDO_SIMULADO,1,TA07,ALM-CENTRAL,3,1120100400021
BASE,SIMULACION_CINCO_DIAS-CRITICA-N01,RECOCIDO_SIMULADO,1,TA08,ALM-CENTRAL,1,1120100400006
BASE,SIMULACION_CINCO_DIAS-CRITICA-N01,RECOCIDO_SIMULADO,1,TA08,ALM-CENTRAL,2,1120100400018
BASE,SIMULACION_CINCO_DIAS-CRITICA-N01,RECOCIDO_SIMULADO,1,TA08,ALM-CENTRAL,3,1120100400031
BASE,SIMULACION_CINCO_DIAS-CRITICA-N01,RECOCIDO_SIMULADO,1,TA08,ALM-CENTRAL,4,1120100400027
BASE,SIMULACION_CINCO_DIAS-CRITICA-N01,RECOCIDO_SIMULADO,1,TA09,ALM-CENTRAL,1,1120100400037
BASE,SIMULACION_CINCO_DIAS-CRITICA-N01,RECOCIDO_SIMULADO,1,TA09,ALM-CENTRAL,2,1120100400030
BASE,SIMULACION_CINCO_DIAS-CRITICA-N01,RECOCIDO_SIMULADO,1,TA10,ALM-CENTRAL,1,1120100400033
BASE,SIMULACION_CINCO_DIAS-CRITICA-N01,RECOCIDO_SIMULADO,1,TA10,ALM-CENTRAL,2,1120100400029
BASE,SIMULACION_CINCO_DIAS-CRITICA-N01,RECOCIDO_SIMULADO,1,TB01,ALM-CENTRAL,1,1120100400049
BASE,SIMULACION_CINCO_DIAS-CRITICA-N01,RECOCIDO_SIMULADO,1,TB01,ALM-CENTRAL,2,1120100400022
BASE,SIMULACION_CINCO_DIAS-CRITICA-N01,RECOCIDO_SIMULADO,1,TB03,ALM-CENTRAL,1,1120100400009
BASE,SIMULACION_CINCO_DIAS-CRITICA-N01,RECOCIDO_SIMULADO,1,TB04,ALM-CENTRAL,1,1120100400005
BASE,SIMULACION_CINCO_DIAS-CRITICA-N01,RECOCIDO_SIMULADO,1,TM01,ALM-CENTRAL,1,1120100400026
BASE,SIMULACION_CINCO_DIAS-CRITICA-N01,RECOCIDO_SIMULADO,1,TM02,ALM-CENTRAL,1,1120100400051
BASE,SIMULACION_CINCO_DIAS-CRITICA-N01,RECOCIDO_SIMULADO,1,TM02,ALM-CENTRAL,2,1120100400013
BASE,SIMULACION_CINCO_DIAS-CRITICA-N01,RECOCIDO_SIMULADO,1,TM03,ALM-NOROESTE,1,1120100400014
BASE,SIMULACION_CINCO_DIAS-CRITICA-N01,RECOCIDO_SIMULADO,1,TM04,ALM-CENTRAL,1,1120100400045
BASE,SIMULACION_CINCO_DIAS-CRITICA-N01,RECOCIDO_SIMULADO,1,TM05,ALM-CENTRAL,1,1120100400032
BASE,SIMULACION_CINCO_DIAS-CRITICA-N01,RECOCIDO_SIMULADO,1,TM06,ALM-CENTRAL,1,1120100400046
BASE,SIMULACION_CINCO_DIAS-CRITICA-N01,RECOCIDO_SIMULADO,1,TM07,ALM-CENTRAL,1,1120100400042
BASE,SIMULACION_CINCO_DIAS-CRITICA-N01,RECOCIDO_SIMULADO,1,TM08,ALM-CENTRAL,1,1120100400035
BASE,SIMULACION_CINCO_DIAS-CRITICA-N01,RECOCIDO_SIMULADO,1,TM09,ALM-CENTRAL,1,1120100400007
BASE,SIMULACION_CINCO_DIAS-CRITICA-N01,RECOCIDO_SIMULADO,1,TM10,ALM-CENTRAL,1,1120100400038
BASE,SIMULACION_CINCO_DIAS-CRITICA-N01,RECOCIDO_SIMULADO,1,TM11,ALM-CENTRAL,1,1120100400048
BASE,SIMULACION_CINCO_DIAS-CRITICA-N01,RECOCIDO_SIMULADO,1,TM12,ALM-CENTRAL,1,1120100400008
BASE,SIMULACION_CINCO_DIAS-CRITICA-N01,RECOCIDO_SIMULADO,1,TM13,ALM-CENTRAL,1,1120100400034
BASE,SIMULACION_CINCO_DIAS-CRITICA-N01,RECOCIDO_SIMULADO,1,TM14,ALM-CENTRAL,1,1120100400040
BASE,SIMULACION_CINCO_DIAS-CRITICA-N01,RECOCIDO_SIMULADO,1,NO_ASIGNADO,,,1120100000001
BASE,SIMULACION_CINCO_DIAS-CRITICA-N01,RECOCIDO_SIMULADO,1,NO_ASIGNADO,,,1120100000002
BASE,SIMULACION_CINCO_DIAS-CRITICA-N01,RECOCIDO_SIMULADO,1,NO_ASIGNADO,,,1120100100036
BASE,SIMULACION_CINCO_DIAS-CRITICA-N01,RECOCIDO_SIMULADO,1,NO_ASIGNADO,,,1120100100002
BASE,SIMULACION_CINCO_DIAS-CRITICA-N01,RECOCIDO_SIMULADO,1,NO_ASIGNADO,,,1120100200015
BASE,SIMULACION_CINCO_DIAS-CRITICA-N01,RECOCIDO_SIMULADO,1,NO_ASIGNADO,,,1120100200012
BASE,SIMULACION_CINCO_DIAS-CRITICA-N01,RECOCIDO_SIMULADO,1,NO_ASIGNADO,,,1120100200037
BASE,SIMULACION_CINCO_DIAS-CRITICA-N01,RECOCIDO_SIMULADO,1,NO_ASIGNADO,,,1120100300058
BASE,SIMULACION_CINCO_DIAS-CRITICA-N01,RECOCIDO_SIMULADO,1,NO_ASIGNADO,,,1120100300032
BASE,SIMULACION_CINCO_DIAS-CRITICA-N01,RECOCIDO_SIMULADO,1,NO_ASIGNADO,,,1120100300033
BASE,SIMULACION_CINCO_DIAS-CRITICA-N01,RECOCIDO_SIMULADO,1,NO_ASIGNADO,,,1120100400000
BASE,SIMULACION_CINCO_DIAS-CRITICA-N01,GENETICO,1,TA01,ALM-CENTRAL,1,1120100000005
BASE,SIMULACION_CINCO_DIAS-CRITICA-N01,GENETICO,1,TA01,ALM-CENTRAL,2,1120100000014
BASE,SIMULACION_CINCO_DIAS-CRITICA-N01,GENETICO,1,TA01,ALM-CENTRAL,3,1120100000006
BASE,SIMULACION_CINCO_DIAS-CRITICA-N01,GENETICO,1,TA02,ALM-CENTRAL,1,1120100000040
BASE,SIMULACION_CINCO_DIAS-CRITICA-N01,GENETICO,1,TA02,ALM-CENTRAL,2,1120100000056
BASE,SIMULACION_CINCO_DIAS-CRITICA-N01,GENETICO,1,TA02,ALM-CENTRAL,3,1120100000019
BASE,SIMULACION_CINCO_DIAS-CRITICA-N01,GENETICO,1,TA02,ALM-CENTRAL,4,1120100000003
BASE,SIMULACION_CINCO_DIAS-CRITICA-N01,GENETICO,1,TA02,ALM-CENTRAL,5,1120100000033
BASE,SIMULACION_CINCO_DIAS-CRITICA-N01,GENETICO,1,TA02,ALM-CENTRAL,6,1120100000049
BASE,SIMULACION_CINCO_DIAS-CRITICA-N01,GENETICO,1,TA03,ALM-CENTRAL,1,1120100000023
BASE,SIMULACION_CINCO_DIAS-CRITICA-N01,GENETICO,1,TA03,ALM-CENTRAL,2,1120100000017
BASE,SIMULACION_CINCO_DIAS-CRITICA-N01,GENETICO,1,TA03,ALM-CENTRAL,3,1120100000020
BASE,SIMULACION_CINCO_DIAS-CRITICA-N01,GENETICO,1,TA03,ALM-CENTRAL,4,1120100000004
BASE,SIMULACION_CINCO_DIAS-CRITICA-N01,GENETICO,1,TA03,ALM-CENTRAL,5,1120100000028
BASE,SIMULACION_CINCO_DIAS-CRITICA-N01,GENETICO,1,TA03,ALM-CENTRAL,6,1120100000027
BASE,SIMULACION_CINCO_DIAS-CRITICA-N01,GENETICO,1,TA04,ALM-CENTRAL,1,1120100000045
BASE,SIMULACION_CINCO_DIAS-CRITICA-N01,GENETICO,1,TA04,ALM-CENTRAL,2,1120100000025
BASE,SIMULACION_CINCO_DIAS-CRITICA-N01,GENETICO,1,TA04,ALM-CENTRAL,3,1120100000026
BASE,SIMULACION_CINCO_DIAS-CRITICA-N01,GENETICO,1,TA05,ALM-CENTRAL,1,1120100000054
BASE,SIMULACION_CINCO_DIAS-CRITICA-N01,GENETICO,1,TA05,ALM-CENTRAL,2,1120100000022
BASE,SIMULACION_CINCO_DIAS-CRITICA-N01,GENETICO,1,TA05,ALM-CENTRAL,3,1120100000000
BASE,SIMULACION_CINCO_DIAS-CRITICA-N01,GENETICO,1,TA05,ALM-CENTRAL,4,1120100000043
BASE,SIMULACION_CINCO_DIAS-CRITICA-N01,GENETICO,1,TA06,ALM-CENTRAL,1,1120100000042
BASE,SIMULACION_CINCO_DIAS-CRITICA-N01,GENETICO,1,TA06,ALM-CENTRAL,2,1120100000061
BASE,SIMULACION_CINCO_DIAS-CRITICA-N01,GENETICO,1,TA07,ALM-CENTRAL,1,1120100000030
BASE,SIMULACION_CINCO_DIAS-CRITICA-N01,GENETICO,1,TA07,ALM-CENTRAL,2,1120100000035
BASE,SIMULACION_CINCO_DIAS-CRITICA-N01,GENETICO,1,TA07,ALM-CENTRAL,3,1120100000062
BASE,SIMULACION_CINCO_DIAS-CRITICA-N01,GENETICO,1,TA07,ALM-CENTRAL,4,1120100000051
BASE,SIMULACION_CINCO_DIAS-CRITICA-N01,GENETICO,1,TA07,ALM-CENTRAL,5,1120100000013
BASE,SIMULACION_CINCO_DIAS-CRITICA-N01,GENETICO,1,TA08,ALM-CENTRAL,1,1120100000060
BASE,SIMULACION_CINCO_DIAS-CRITICA-N01,GENETICO,1,TA08,ALM-CENTRAL,2,1120100000036
BASE,SIMULACION_CINCO_DIAS-CRITICA-N01,GENETICO,1,TA09,ALM-CENTRAL,1,1120100000041
BASE,SIMULACION_CINCO_DIAS-CRITICA-N01,GENETICO,1,TA09,ALM-CENTRAL,2,1120100000059
BASE,SIMULACION_CINCO_DIAS-CRITICA-N01,GENETICO,1,TA09,ALM-CENTRAL,3,1120100000012
BASE,SIMULACION_CINCO_DIAS-CRITICA-N01,GENETICO,1,TA09,ALM-CENTRAL,4,1120100000009
BASE,SIMULACION_CINCO_DIAS-CRITICA-N01,GENETICO,1,TA10,ALM-CENTRAL,1,1120100000053
BASE,SIMULACION_CINCO_DIAS-CRITICA-N01,GENETICO,1,TA10,ALM-CENTRAL,2,1120100000018
BASE,SIMULACION_CINCO_DIAS-CRITICA-N01,GENETICO,1,TA10,ALM-CENTRAL,3,1120100000007
BASE,SIMULACION_CINCO_DIAS-CRITICA-N01,GENETICO,1,TB01,ALM-CENTRAL,1,1120100000008
BASE,SIMULACION_CINCO_DIAS-CRITICA-N01,GENETICO,1,TB02,ALM-CENTRAL,1,1120100000021
BASE,SIMULACION_CINCO_DIAS-CRITICA-N01,GENETICO,1,TB03,ALM-CENTRAL,1,1120100000047
BASE,SIMULACION_CINCO_DIAS-CRITICA-N01,GENETICO,1,TB04,ALM-CENTRAL,1,1120100000052
BASE,SIMULACION_CINCO_DIAS-CRITICA-N01,GENETICO,1,TB05,ALM-CENTRAL,1,1120100000037
BASE,SIMULACION_CINCO_DIAS-CRITICA-N01,GENETICO,1,TB06,ALM-CENTRAL,1,1120100000063
BASE,SIMULACION_CINCO_DIAS-CRITICA-N01,GENETICO,1,TB06,ALM-CENTRAL,2,1120100000010
BASE,SIMULACION_CINCO_DIAS-CRITICA-N01,GENETICO,1,TB07,ALM-CENTRAL,1,1120100000016
BASE,SIMULACION_CINCO_DIAS-CRITICA-N01,GENETICO,1,TB08,ALM-CENTRAL,1,1120100000048
BASE,SIMULACION_CINCO_DIAS-CRITICA-N01,GENETICO,1,TB09,ALM-CENTRAL,1,1120100000029
BASE,SIMULACION_CINCO_DIAS-CRITICA-N01,GENETICO,1,TB10,ALM-CENTRAL,1,1120100000046
BASE,SIMULACION_CINCO_DIAS-CRITICA-N01,GENETICO,1,TM01,ALM-CENTRAL,1,1120100000039
BASE,SIMULACION_CINCO_DIAS-CRITICA-N01,GENETICO,1,TM02,ALM-CENTRAL,1,1120100000011
BASE,SIMULACION_CINCO_DIAS-CRITICA-N01,GENETICO,1,TM02,ALM-CENTRAL,2,1120100000038
BASE,SIMULACION_CINCO_DIAS-CRITICA-N01,GENETICO,1,TM03,ALM-CENTRAL,1,1120100000057
BASE,SIMULACION_CINCO_DIAS-CRITICA-N01,GENETICO,1,TM04,ALM-CENTRAL,1,1120100000058
BASE,SIMULACION_CINCO_DIAS-CRITICA-N01,GENETICO,1,TM05,ALM-CENTRAL,1,1120100000031
BASE,SIMULACION_CINCO_DIAS-CRITICA-N01,GENETICO,1,TM06,ALM-CENTRAL,1,1120100000034
BASE,SIMULACION_CINCO_DIAS-CRITICA-N01,GENETICO,1,TM07,ALM-CENTRAL,1,1120100000055
BASE,SIMULACION_CINCO_DIAS-CRITICA-N01,GENETICO,1,TM07,ALM-CENTRAL,2,1120100000044
BASE,SIMULACION_CINCO_DIAS-CRITICA-N01,GENETICO,1,TM08,ALM-CENTRAL,1,1120100000032
BASE,SIMULACION_CINCO_DIAS-CRITICA-N01,GENETICO,1,TM09,ALM-CENTRAL,1,1120100000050
BASE,SIMULACION_CINCO_DIAS-CRITICA-N01,GENETICO,1,TM10,ALM-CENTRAL,1,1120100000024
BASE,SIMULACION_CINCO_DIAS-CRITICA-N01,GENETICO,1,TM13,ALM-CENTRAL,1,1120100000015
BASE,SIMULACION_CINCO_DIAS-CRITICA-N01,GENETICO,1,TA01,ALM-CENTRAL,1,1120100100015
BASE,SIMULACION_CINCO_DIAS-CRITICA-N01,GENETICO,1,TA01,ALM-CENTRAL,2,1120100100030
BASE,SIMULACION_CINCO_DIAS-CRITICA-N01,GENETICO,1,TA02,ALM-CENTRAL,1,1120100100045
BASE,SIMULACION_CINCO_DIAS-CRITICA-N01,GENETICO,1,TA02,ALM-CENTRAL,2,1120100100046
BASE,SIMULACION_CINCO_DIAS-CRITICA-N01,GENETICO,1,TA02,ALM-CENTRAL,3,1120100100016
BASE,SIMULACION_CINCO_DIAS-CRITICA-N01,GENETICO,1,TA03,ALM-CENTRAL,1,1120100100000
BASE,SIMULACION_CINCO_DIAS-CRITICA-N01,GENETICO,1,TA03,ALM-CENTRAL,2,1120100100035
BASE,SIMULACION_CINCO_DIAS-CRITICA-N01,GENETICO,1,TA03,ALM-CENTRAL,3,1120100100009
BASE,SIMULACION_CINCO_DIAS-CRITICA-N01,GENETICO,1,TA03,ALM-CENTRAL,4,1120100100034
BASE,SIMULACION_CINCO_DIAS-CRITICA-N01,GENETICO,1,TA04,ALM-CENTRAL,1,1120100100017
BASE,SIMULACION_CINCO_DIAS-CRITICA-N01,GENETICO,1,TA04,ALM-CENTRAL,2,1120100100040
BASE,SIMULACION_CINCO_DIAS-CRITICA-N01,GENETICO,1,TA04,ALM-CENTRAL,3,1120100100005
BASE,SIMULACION_CINCO_DIAS-CRITICA-N01,GENETICO,1,TA05,ALM-CENTRAL,1,1120100100028
BASE,SIMULACION_CINCO_DIAS-CRITICA-N01,GENETICO,1,TA05,ALM-CENTRAL,2,1120100100026
BASE,SIMULACION_CINCO_DIAS-CRITICA-N01,GENETICO,1,TA05,ALM-CENTRAL,3,1120100100041
BASE,SIMULACION_CINCO_DIAS-CRITICA-N01,GENETICO,1,TA05,ALM-CENTRAL,4,1120100100007
BASE,SIMULACION_CINCO_DIAS-CRITICA-N01,GENETICO,1,TA06,ALM-CENTRAL,1,1120100100022
BASE,SIMULACION_CINCO_DIAS-CRITICA-N01,GENETICO,1,TA06,ALM-CENTRAL,2,1120100100012
BASE,SIMULACION_CINCO_DIAS-CRITICA-N01,GENETICO,1,TA06,ALM-CENTRAL,3,1120100100018
BASE,SIMULACION_CINCO_DIAS-CRITICA-N01,GENETICO,1,TA06,ALM-CENTRAL,4,1120100100043
BASE,SIMULACION_CINCO_DIAS-CRITICA-N01,GENETICO,1,TA06,ALM-CENTRAL,5,1120100100021
BASE,SIMULACION_CINCO_DIAS-CRITICA-N01,GENETICO,1,TA07,ALM-CENTRAL,1,1120100100003
BASE,SIMULACION_CINCO_DIAS-CRITICA-N01,GENETICO,1,TA07,ALM-CENTRAL,2,1120100100020
BASE,SIMULACION_CINCO_DIAS-CRITICA-N01,GENETICO,1,TA07,ALM-CENTRAL,3,1120100100029
BASE,SIMULACION_CINCO_DIAS-CRITICA-N01,GENETICO,1,TA07,ALM-CENTRAL,4,1120100100033
BASE,SIMULACION_CINCO_DIAS-CRITICA-N01,GENETICO,1,TA08,ALM-CENTRAL,1,1120100100042
BASE,SIMULACION_CINCO_DIAS-CRITICA-N01,GENETICO,1,TA08,ALM-CENTRAL,2,1120100100019
BASE,SIMULACION_CINCO_DIAS-CRITICA-N01,GENETICO,1,TA08,ALM-CENTRAL,3,1120100100044
BASE,SIMULACION_CINCO_DIAS-CRITICA-N01,GENETICO,1,TA08,ALM-CENTRAL,4,1120100100038
BASE,SIMULACION_CINCO_DIAS-CRITICA-N01,GENETICO,1,TA08,ALM-CENTRAL,5,1120100100023
BASE,SIMULACION_CINCO_DIAS-CRITICA-N01,GENETICO,1,TA09,ALM-CENTRAL,1,1120100100037
BASE,SIMULACION_CINCO_DIAS-CRITICA-N01,GENETICO,1,TA09,ALM-CENTRAL,2,1120100100039
BASE,SIMULACION_CINCO_DIAS-CRITICA-N01,GENETICO,1,TA09,ALM-CENTRAL,3,1120100100008
BASE,SIMULACION_CINCO_DIAS-CRITICA-N01,GENETICO,1,TA10,ALM-CENTRAL,1,1120100100014
BASE,SIMULACION_CINCO_DIAS-CRITICA-N01,GENETICO,1,TA10,ALM-CENTRAL,2,1120100100013
BASE,SIMULACION_CINCO_DIAS-CRITICA-N01,GENETICO,1,TB01,ALM-CENTRAL,1,1120100100010
BASE,SIMULACION_CINCO_DIAS-CRITICA-N01,GENETICO,1,TB02,ALM-CENTRAL,1,1120100100004
BASE,SIMULACION_CINCO_DIAS-CRITICA-N01,GENETICO,1,TM01,ALM-CENTRAL,1,1120100100011
BASE,SIMULACION_CINCO_DIAS-CRITICA-N01,GENETICO,1,TM02,ALM-CENTRAL,1,1120100100001
BASE,SIMULACION_CINCO_DIAS-CRITICA-N01,GENETICO,1,TM03,ALM-CENTRAL,1,1120100100025
BASE,SIMULACION_CINCO_DIAS-CRITICA-N01,GENETICO,1,TM04,ALM-CENTRAL,1,1120100100031
BASE,SIMULACION_CINCO_DIAS-CRITICA-N01,GENETICO,1,TM05,ALM-CENTRAL,1,1120100100027
BASE,SIMULACION_CINCO_DIAS-CRITICA-N01,GENETICO,1,TM06,ALM-CENTRAL,1,1120100100032
BASE,SIMULACION_CINCO_DIAS-CRITICA-N01,GENETICO,1,TM07,ALM-CENTRAL,1,1120100100006
BASE,SIMULACION_CINCO_DIAS-CRITICA-N01,GENETICO,1,TM08,ALM-CENTRAL,1,1120100100024
BASE,SIMULACION_CINCO_DIAS-CRITICA-N01,GENETICO,1,TA01,ALM-CENTRAL,1,1120100200020
BASE,SIMULACION_CINCO_DIAS-CRITICA-N01,GENETICO,1,TA01,ALM-CENTRAL,2,1120100200023
BASE,SIMULACION_CINCO_DIAS-CRITICA-N01,GENETICO,1,TA01,ALM-CENTRAL,3,1120100200032
BASE,SIMULACION_CINCO_DIAS-CRITICA-N01,GENETICO,1,TA02,ALM-CENTRAL,1,1120100200035
BASE,SIMULACION_CINCO_DIAS-CRITICA-N01,GENETICO,1,TA02,ALM-CENTRAL,2,1120100200028
BASE,SIMULACION_CINCO_DIAS-CRITICA-N01,GENETICO,1,TA03,ALM-CENTRAL,1,1120100200031
BASE,SIMULACION_CINCO_DIAS-CRITICA-N01,GENETICO,1,TA03,ALM-CENTRAL,2,1120100200013
BASE,SIMULACION_CINCO_DIAS-CRITICA-N01,GENETICO,1,TA03,ALM-CENTRAL,3,1120100200041
BASE,SIMULACION_CINCO_DIAS-CRITICA-N01,GENETICO,1,TA04,ALM-CENTRAL,1,1120100200029
BASE,SIMULACION_CINCO_DIAS-CRITICA-N01,GENETICO,1,TA04,ALM-CENTRAL,2,1120100200005
BASE,SIMULACION_CINCO_DIAS-CRITICA-N01,GENETICO,1,TA04,ALM-CENTRAL,3,1120100200008
BASE,SIMULACION_CINCO_DIAS-CRITICA-N01,GENETICO,1,TA05,ALM-CENTRAL,1,1120100200042
BASE,SIMULACION_CINCO_DIAS-CRITICA-N01,GENETICO,1,TA05,ALM-CENTRAL,2,1120100200000
BASE,SIMULACION_CINCO_DIAS-CRITICA-N01,GENETICO,1,TA05,ALM-CENTRAL,3,1120100200017
BASE,SIMULACION_CINCO_DIAS-CRITICA-N01,GENETICO,1,TA05,ALM-CENTRAL,4,1120100200038
BASE,SIMULACION_CINCO_DIAS-CRITICA-N01,GENETICO,1,TA06,ALM-ESTE,1,1120100200027
BASE,SIMULACION_CINCO_DIAS-CRITICA-N01,GENETICO,1,TA06,ALM-ESTE,2,1120100200022
BASE,SIMULACION_CINCO_DIAS-CRITICA-N01,GENETICO,1,TA07,ALM-CENTRAL,1,1120100200019
BASE,SIMULACION_CINCO_DIAS-CRITICA-N01,GENETICO,1,TA07,ALM-CENTRAL,2,1120100200014
BASE,SIMULACION_CINCO_DIAS-CRITICA-N01,GENETICO,1,TA07,ALM-CENTRAL,3,1120100200003
BASE,SIMULACION_CINCO_DIAS-CRITICA-N01,GENETICO,1,TA07,ALM-CENTRAL,4,1120100200026
BASE,SIMULACION_CINCO_DIAS-CRITICA-N01,GENETICO,1,TA07,ALM-CENTRAL,5,1120100200009
BASE,SIMULACION_CINCO_DIAS-CRITICA-N01,GENETICO,1,TA08,ALM-CENTRAL,1,1120100200034
BASE,SIMULACION_CINCO_DIAS-CRITICA-N01,GENETICO,1,TA08,ALM-CENTRAL,2,1120100200030
BASE,SIMULACION_CINCO_DIAS-CRITICA-N01,GENETICO,1,TA08,ALM-CENTRAL,3,1120100200033
BASE,SIMULACION_CINCO_DIAS-CRITICA-N01,GENETICO,1,TA08,ALM-CENTRAL,4,1120100200016
BASE,SIMULACION_CINCO_DIAS-CRITICA-N01,GENETICO,1,TA09,ALM-CENTRAL,1,1120100200036
BASE,SIMULACION_CINCO_DIAS-CRITICA-N01,GENETICO,1,TA09,ALM-CENTRAL,2,1120100200006
BASE,SIMULACION_CINCO_DIAS-CRITICA-N01,GENETICO,1,TA09,ALM-CENTRAL,3,1120100200025
BASE,SIMULACION_CINCO_DIAS-CRITICA-N01,GENETICO,1,TA10,ALM-CENTRAL,1,1120100200004
BASE,SIMULACION_CINCO_DIAS-CRITICA-N01,GENETICO,1,TA10,ALM-CENTRAL,2,1120100200024
BASE,SIMULACION_CINCO_DIAS-CRITICA-N01,GENETICO,1,TA10,ALM-CENTRAL,3,1120100200039
BASE,SIMULACION_CINCO_DIAS-CRITICA-N01,GENETICO,1,TB01,ALM-CENTRAL,1,1120100200021
BASE,SIMULACION_CINCO_DIAS-CRITICA-N01,GENETICO,1,TB01,ALM-CENTRAL,2,1120100200001
BASE,SIMULACION_CINCO_DIAS-CRITICA-N01,GENETICO,1,TM01,ALM-NOROESTE,1,1120100200040
BASE,SIMULACION_CINCO_DIAS-CRITICA-N01,GENETICO,1,TM02,ALM-CENTRAL,1,1120100200007
BASE,SIMULACION_CINCO_DIAS-CRITICA-N01,GENETICO,1,TM03,ALM-CENTRAL,1,1120100200002
BASE,SIMULACION_CINCO_DIAS-CRITICA-N01,GENETICO,1,TM03,ALM-CENTRAL,2,1120100200018
BASE,SIMULACION_CINCO_DIAS-CRITICA-N01,GENETICO,1,TM04,ALM-CENTRAL,1,1120100200011
BASE,SIMULACION_CINCO_DIAS-CRITICA-N01,GENETICO,1,TM05,ALM-CENTRAL,1,1120100200010
BASE,SIMULACION_CINCO_DIAS-CRITICA-N01,GENETICO,1,TM06,ALM-CENTRAL,1,1120100200043
BASE,SIMULACION_CINCO_DIAS-CRITICA-N01,GENETICO,1,TA01,ALM-CENTRAL,1,1120100300055
BASE,SIMULACION_CINCO_DIAS-CRITICA-N01,GENETICO,1,TA01,ALM-CENTRAL,2,1120100300019
BASE,SIMULACION_CINCO_DIAS-CRITICA-N01,GENETICO,1,TA01,ALM-CENTRAL,3,1120100300037
BASE,SIMULACION_CINCO_DIAS-CRITICA-N01,GENETICO,1,TA03,ALM-CENTRAL,1,1120100300045
BASE,SIMULACION_CINCO_DIAS-CRITICA-N01,GENETICO,1,TA03,ALM-CENTRAL,2,1120100300057
BASE,SIMULACION_CINCO_DIAS-CRITICA-N01,GENETICO,1,TA03,ALM-CENTRAL,3,1120100300018
BASE,SIMULACION_CINCO_DIAS-CRITICA-N01,GENETICO,1,TA03,ALM-CENTRAL,4,1120100300043
BASE,SIMULACION_CINCO_DIAS-CRITICA-N01,GENETICO,1,TA04,ALM-CENTRAL,1,1120100300026
BASE,SIMULACION_CINCO_DIAS-CRITICA-N01,GENETICO,1,TA04,ALM-CENTRAL,2,1120100300048
BASE,SIMULACION_CINCO_DIAS-CRITICA-N01,GENETICO,1,TA04,ALM-CENTRAL,3,1120100300011
BASE,SIMULACION_CINCO_DIAS-CRITICA-N01,GENETICO,1,TA04,ALM-CENTRAL,4,1120100300001
BASE,SIMULACION_CINCO_DIAS-CRITICA-N01,GENETICO,1,TA04,ALM-CENTRAL,5,1120100300003
BASE,SIMULACION_CINCO_DIAS-CRITICA-N01,GENETICO,1,TA05,ALM-CENTRAL,1,1120100300036
BASE,SIMULACION_CINCO_DIAS-CRITICA-N01,GENETICO,1,TA05,ALM-CENTRAL,2,1120100300006
BASE,SIMULACION_CINCO_DIAS-CRITICA-N01,GENETICO,1,TA05,ALM-CENTRAL,3,1120100300024
BASE,SIMULACION_CINCO_DIAS-CRITICA-N01,GENETICO,1,TA06,ALM-CENTRAL,1,1120100300016
BASE,SIMULACION_CINCO_DIAS-CRITICA-N01,GENETICO,1,TA06,ALM-CENTRAL,2,1120100300017
BASE,SIMULACION_CINCO_DIAS-CRITICA-N01,GENETICO,1,TA06,ALM-CENTRAL,3,1120100300007
BASE,SIMULACION_CINCO_DIAS-CRITICA-N01,GENETICO,1,TA06,ALM-CENTRAL,4,1120100300054
BASE,SIMULACION_CINCO_DIAS-CRITICA-N01,GENETICO,1,TA07,ALM-CENTRAL,1,1120100300049
BASE,SIMULACION_CINCO_DIAS-CRITICA-N01,GENETICO,1,TA07,ALM-CENTRAL,2,1120100300053
BASE,SIMULACION_CINCO_DIAS-CRITICA-N01,GENETICO,1,TA08,ALM-CENTRAL,1,1120100300030
BASE,SIMULACION_CINCO_DIAS-CRITICA-N01,GENETICO,1,TA08,ALM-CENTRAL,2,1120100300028
BASE,SIMULACION_CINCO_DIAS-CRITICA-N01,GENETICO,1,TA08,ALM-CENTRAL,3,1120100300005
BASE,SIMULACION_CINCO_DIAS-CRITICA-N01,GENETICO,1,TA09,ALM-CENTRAL,1,1120100300012
BASE,SIMULACION_CINCO_DIAS-CRITICA-N01,GENETICO,1,TA09,ALM-CENTRAL,2,1120100300031
BASE,SIMULACION_CINCO_DIAS-CRITICA-N01,GENETICO,1,TA09,ALM-CENTRAL,3,1120100300002
BASE,SIMULACION_CINCO_DIAS-CRITICA-N01,GENETICO,1,TA09,ALM-CENTRAL,4,1120100300041
BASE,SIMULACION_CINCO_DIAS-CRITICA-N01,GENETICO,1,TA10,ALM-CENTRAL,1,1120100300052
BASE,SIMULACION_CINCO_DIAS-CRITICA-N01,GENETICO,1,TA10,ALM-CENTRAL,2,1120100300038
BASE,SIMULACION_CINCO_DIAS-CRITICA-N01,GENETICO,1,TA10,ALM-CENTRAL,3,1120100300022
BASE,SIMULACION_CINCO_DIAS-CRITICA-N01,GENETICO,1,TA10,ALM-CENTRAL,4,1120100300000
BASE,SIMULACION_CINCO_DIAS-CRITICA-N01,GENETICO,1,TA10,ALM-CENTRAL,5,1120100300056
BASE,SIMULACION_CINCO_DIAS-CRITICA-N01,GENETICO,1,TB01,ALM-CENTRAL,1,1120100300029
BASE,SIMULACION_CINCO_DIAS-CRITICA-N01,GENETICO,1,TB02,ALM-NOROESTE,1,1120100300027
BASE,SIMULACION_CINCO_DIAS-CRITICA-N01,GENETICO,1,TB02,ALM-NOROESTE,2,1120100300050
BASE,SIMULACION_CINCO_DIAS-CRITICA-N01,GENETICO,1,TB03,ALM-NOROESTE,1,1120100300044
BASE,SIMULACION_CINCO_DIAS-CRITICA-N01,GENETICO,1,TB04,ALM-CENTRAL,1,1120100300008
BASE,SIMULACION_CINCO_DIAS-CRITICA-N01,GENETICO,1,TB04,ALM-CENTRAL,2,1120100300013
BASE,SIMULACION_CINCO_DIAS-CRITICA-N01,GENETICO,1,TB05,ALM-ESTE,1,1120100300004
BASE,SIMULACION_CINCO_DIAS-CRITICA-N01,GENETICO,1,TB06,ALM-CENTRAL,1,1120100300042
BASE,SIMULACION_CINCO_DIAS-CRITICA-N01,GENETICO,1,TB07,ALM-CENTRAL,1,1120100300010
BASE,SIMULACION_CINCO_DIAS-CRITICA-N01,GENETICO,1,TB08,ALM-CENTRAL,1,1120100300035
BASE,SIMULACION_CINCO_DIAS-CRITICA-N01,GENETICO,1,TM01,ALM-ESTE,1,1120100300046
BASE,SIMULACION_CINCO_DIAS-CRITICA-N01,GENETICO,1,TM02,ALM-CENTRAL,1,1120100300020
BASE,SIMULACION_CINCO_DIAS-CRITICA-N01,GENETICO,1,TM03,ALM-CENTRAL,1,1120100300015
BASE,SIMULACION_CINCO_DIAS-CRITICA-N01,GENETICO,1,TM04,ALM-CENTRAL,1,1120100300034
BASE,SIMULACION_CINCO_DIAS-CRITICA-N01,GENETICO,1,TM05,ALM-CENTRAL,1,1120100300009
BASE,SIMULACION_CINCO_DIAS-CRITICA-N01,GENETICO,1,TM06,ALM-CENTRAL,1,1120100300014
BASE,SIMULACION_CINCO_DIAS-CRITICA-N01,GENETICO,1,TM07,ALM-CENTRAL,1,1120100300023
BASE,SIMULACION_CINCO_DIAS-CRITICA-N01,GENETICO,1,TM08,ALM-CENTRAL,1,1120100300039
BASE,SIMULACION_CINCO_DIAS-CRITICA-N01,GENETICO,1,TM09,ALM-CENTRAL,1,1120100300040
BASE,SIMULACION_CINCO_DIAS-CRITICA-N01,GENETICO,1,TM10,ALM-CENTRAL,1,1120100300051
BASE,SIMULACION_CINCO_DIAS-CRITICA-N01,GENETICO,1,TM11,ALM-CENTRAL,1,1120100300025
BASE,SIMULACION_CINCO_DIAS-CRITICA-N01,GENETICO,1,TM12,ALM-CENTRAL,1,1120100300047
BASE,SIMULACION_CINCO_DIAS-CRITICA-N01,GENETICO,1,TM13,ALM-CENTRAL,1,1120100300021
BASE,SIMULACION_CINCO_DIAS-CRITICA-N01,GENETICO,1,TM14,ALM-CENTRAL,1,1120100300059
BASE,SIMULACION_CINCO_DIAS-CRITICA-N01,GENETICO,1,TA01,ALM-CENTRAL,1,1120100400026
BASE,SIMULACION_CINCO_DIAS-CRITICA-N01,GENETICO,1,TA01,ALM-CENTRAL,2,1120100400030
BASE,SIMULACION_CINCO_DIAS-CRITICA-N01,GENETICO,1,TA01,ALM-CENTRAL,3,1120100400016
BASE,SIMULACION_CINCO_DIAS-CRITICA-N01,GENETICO,1,TA03,ALM-CENTRAL,1,1120100400020
BASE,SIMULACION_CINCO_DIAS-CRITICA-N01,GENETICO,1,TA03,ALM-CENTRAL,2,1120100400029
BASE,SIMULACION_CINCO_DIAS-CRITICA-N01,GENETICO,1,TA03,ALM-CENTRAL,3,1120100400027
BASE,SIMULACION_CINCO_DIAS-CRITICA-N01,GENETICO,1,TA03,ALM-CENTRAL,4,1120100400015
BASE,SIMULACION_CINCO_DIAS-CRITICA-N01,GENETICO,1,TA04,ALM-CENTRAL,1,1120100400048
BASE,SIMULACION_CINCO_DIAS-CRITICA-N01,GENETICO,1,TA04,ALM-CENTRAL,2,1120100400037
BASE,SIMULACION_CINCO_DIAS-CRITICA-N01,GENETICO,1,TA04,ALM-CENTRAL,3,1120100400019
BASE,SIMULACION_CINCO_DIAS-CRITICA-N01,GENETICO,1,TA04,ALM-CENTRAL,4,1120100400024
BASE,SIMULACION_CINCO_DIAS-CRITICA-N01,GENETICO,1,TA05,ALM-CENTRAL,1,1120100400046
BASE,SIMULACION_CINCO_DIAS-CRITICA-N01,GENETICO,1,TA05,ALM-CENTRAL,2,1120100400009
BASE,SIMULACION_CINCO_DIAS-CRITICA-N01,GENETICO,1,TA05,ALM-CENTRAL,3,1120100400034
BASE,SIMULACION_CINCO_DIAS-CRITICA-N01,GENETICO,1,TA05,ALM-CENTRAL,4,1120100400031
BASE,SIMULACION_CINCO_DIAS-CRITICA-N01,GENETICO,1,TA06,ALM-CENTRAL,1,1120100400042
BASE,SIMULACION_CINCO_DIAS-CRITICA-N01,GENETICO,1,TA06,ALM-CENTRAL,2,1120100400041
BASE,SIMULACION_CINCO_DIAS-CRITICA-N01,GENETICO,1,TA06,ALM-CENTRAL,3,1120100400018
BASE,SIMULACION_CINCO_DIAS-CRITICA-N01,GENETICO,1,TA06,ALM-CENTRAL,4,1120100400023
BASE,SIMULACION_CINCO_DIAS-CRITICA-N01,GENETICO,1,TA07,ALM-CENTRAL,1,1120100400043
BASE,SIMULACION_CINCO_DIAS-CRITICA-N01,GENETICO,1,TA07,ALM-CENTRAL,2,1120100400028
BASE,SIMULACION_CINCO_DIAS-CRITICA-N01,GENETICO,1,TA07,ALM-CENTRAL,3,1120100400025
BASE,SIMULACION_CINCO_DIAS-CRITICA-N01,GENETICO,1,TA07,ALM-CENTRAL,4,1120100400021
BASE,SIMULACION_CINCO_DIAS-CRITICA-N01,GENETICO,1,TA08,ALM-CENTRAL,1,1120100400022
BASE,SIMULACION_CINCO_DIAS-CRITICA-N01,GENETICO,1,TA08,ALM-CENTRAL,2,1120100400040
BASE,SIMULACION_CINCO_DIAS-CRITICA-N01,GENETICO,1,TA09,ALM-CENTRAL,1,1120100400045
BASE,SIMULACION_CINCO_DIAS-CRITICA-N01,GENETICO,1,TA09,ALM-CENTRAL,2,1120100400013
BASE,SIMULACION_CINCO_DIAS-CRITICA-N01,GENETICO,1,TA09,ALM-CENTRAL,3,1120100400005
BASE,SIMULACION_CINCO_DIAS-CRITICA-N01,GENETICO,1,TA09,ALM-CENTRAL,4,1120100400036
BASE,SIMULACION_CINCO_DIAS-CRITICA-N01,GENETICO,1,TA10,ALM-CENTRAL,1,1120100400049
BASE,SIMULACION_CINCO_DIAS-CRITICA-N01,GENETICO,1,TA10,ALM-CENTRAL,2,1120100400035
BASE,SIMULACION_CINCO_DIAS-CRITICA-N01,GENETICO,1,TA10,ALM-CENTRAL,3,1120100400008
BASE,SIMULACION_CINCO_DIAS-CRITICA-N01,GENETICO,1,TA10,ALM-CENTRAL,4,1120100400002
BASE,SIMULACION_CINCO_DIAS-CRITICA-N01,GENETICO,1,TB01,ALM-CENTRAL,1,1120100400017
BASE,SIMULACION_CINCO_DIAS-CRITICA-N01,GENETICO,1,TB01,ALM-CENTRAL,2,1120100400033
BASE,SIMULACION_CINCO_DIAS-CRITICA-N01,GENETICO,1,TB03,ALM-CENTRAL,1,1120100400004
BASE,SIMULACION_CINCO_DIAS-CRITICA-N01,GENETICO,1,TB04,ALM-CENTRAL,1,1120100400050
BASE,SIMULACION_CINCO_DIAS-CRITICA-N01,GENETICO,1,TB05,ALM-CENTRAL,1,1120100400006
BASE,SIMULACION_CINCO_DIAS-CRITICA-N01,GENETICO,1,TB06,ALM-CENTRAL,1,1120100400044
BASE,SIMULACION_CINCO_DIAS-CRITICA-N01,GENETICO,1,TB07,ALM-CENTRAL,1,1120100400012
BASE,SIMULACION_CINCO_DIAS-CRITICA-N01,GENETICO,1,TB08,ALM-ESTE,1,1120100400010
BASE,SIMULACION_CINCO_DIAS-CRITICA-N01,GENETICO,1,TM01,ALM-CENTRAL,1,1120100400007
BASE,SIMULACION_CINCO_DIAS-CRITICA-N01,GENETICO,1,TM02,ALM-CENTRAL,1,1120100400047
BASE,SIMULACION_CINCO_DIAS-CRITICA-N01,GENETICO,1,TM03,ALM-NOROESTE,1,1120100400014
BASE,SIMULACION_CINCO_DIAS-CRITICA-N01,GENETICO,1,TM04,ALM-CENTRAL,1,1120100400032
BASE,SIMULACION_CINCO_DIAS-CRITICA-N01,GENETICO,1,TM05,ALM-NOROESTE,1,1120100400001
BASE,SIMULACION_CINCO_DIAS-CRITICA-N01,GENETICO,1,TM06,ALM-CENTRAL,1,1120100400038
BASE,SIMULACION_CINCO_DIAS-CRITICA-N01,GENETICO,1,TM07,ALM-CENTRAL,1,1120100400039
BASE,SIMULACION_CINCO_DIAS-CRITICA-N01,GENETICO,1,TM08,ALM-CENTRAL,1,1120100400011
BASE,SIMULACION_CINCO_DIAS-CRITICA-N01,GENETICO,1,TM09,ALM-CENTRAL,1,1120100400003
BASE,SIMULACION_CINCO_DIAS-CRITICA-N01,GENETICO,1,TM10,ALM-ESTE,1,1120100400051
BASE,SIMULACION_CINCO_DIAS-CRITICA-N01,GENETICO,1,NO_ASIGNADO,,,1120100000001
BASE,SIMULACION_CINCO_DIAS-CRITICA-N01,GENETICO,1,NO_ASIGNADO,,,1120100000002
BASE,SIMULACION_CINCO_DIAS-CRITICA-N01,GENETICO,1,NO_ASIGNADO,,,1120100100036
BASE,SIMULACION_CINCO_DIAS-CRITICA-N01,GENETICO,1,NO_ASIGNADO,,,1120100100002
BASE,SIMULACION_CINCO_DIAS-CRITICA-N01,GENETICO,1,NO_ASIGNADO,,,1120100200015
BASE,SIMULACION_CINCO_DIAS-CRITICA-N01,GENETICO,1,NO_ASIGNADO,,,1120100200012
BASE,SIMULACION_CINCO_DIAS-CRITICA-N01,GENETICO,1,NO_ASIGNADO,,,1120100200037
BASE,SIMULACION_CINCO_DIAS-CRITICA-N01,GENETICO,1,NO_ASIGNADO,,,1120100300058
BASE,SIMULACION_CINCO_DIAS-CRITICA-N01,GENETICO,1,NO_ASIGNADO,,,1120100300032
BASE,SIMULACION_CINCO_DIAS-CRITICA-N01,GENETICO,1,NO_ASIGNADO,,,1120100300033
BASE,SIMULACION_CINCO_DIAS-CRITICA-N01,GENETICO,1,NO_ASIGNADO,,,1120100400000
BASE,COLAPSO_LOGISTICO-NORMAL-N01,GENETICO,0,TA01,ALM-CENTRAL,1,1200100300024
BASE,COLAPSO_LOGISTICO-NORMAL-N01,GENETICO,0,TA01,ALM-CENTRAL,2,1200100300049
BASE,COLAPSO_LOGISTICO-NORMAL-N01,GENETICO,0,TA01,ALM-CENTRAL,3,1200100300017
BASE,COLAPSO_LOGISTICO-NORMAL-N01,GENETICO,0,TA01,ALM-CENTRAL,4,1200100300014
BASE,COLAPSO_LOGISTICO-NORMAL-N01,GENETICO,0,TA01,ALM-CENTRAL,5,1200100300026
BASE,COLAPSO_LOGISTICO-NORMAL-N01,GENETICO,0,TA03,ALM-CENTRAL,1,1200100300071
BASE,COLAPSO_LOGISTICO-NORMAL-N01,GENETICO,0,TA03,ALM-CENTRAL,2,1200100300001
BASE,COLAPSO_LOGISTICO-NORMAL-N01,GENETICO,0,TA03,ALM-CENTRAL,3,1200100300000
BASE,COLAPSO_LOGISTICO-NORMAL-N01,GENETICO,0,TA03,ALM-CENTRAL,4,1200100300006
BASE,COLAPSO_LOGISTICO-NORMAL-N01,GENETICO,0,TA03,ALM-CENTRAL,5,1200100300066
BASE,COLAPSO_LOGISTICO-NORMAL-N01,GENETICO,0,TA04,ALM-CENTRAL,1,1200100300018
BASE,COLAPSO_LOGISTICO-NORMAL-N01,GENETICO,0,TA04,ALM-CENTRAL,2,1200100300010
BASE,COLAPSO_LOGISTICO-NORMAL-N01,GENETICO,0,TA04,ALM-CENTRAL,3,1200100300041
BASE,COLAPSO_LOGISTICO-NORMAL-N01,GENETICO,0,TA04,ALM-CENTRAL,4,1200100300037
BASE,COLAPSO_LOGISTICO-NORMAL-N01,GENETICO,0,TA04,ALM-CENTRAL,5,1200100300036
BASE,COLAPSO_LOGISTICO-NORMAL-N01,GENETICO,0,TA05,ALM-CENTRAL,1,1200100300070
BASE,COLAPSO_LOGISTICO-NORMAL-N01,GENETICO,0,TA05,ALM-CENTRAL,2,1200100300028
BASE,COLAPSO_LOGISTICO-NORMAL-N01,GENETICO,0,TA05,ALM-CENTRAL,3,1200100300053
BASE,COLAPSO_LOGISTICO-NORMAL-N01,GENETICO,0,TA05,ALM-CENTRAL,4,1200100300021
BASE,COLAPSO_LOGISTICO-NORMAL-N01,GENETICO,0,TA06,ALM-CENTRAL,1,1200100300046
BASE,COLAPSO_LOGISTICO-NORMAL-N01,GENETICO,0,TA06,ALM-CENTRAL,2,1200100300015
BASE,COLAPSO_LOGISTICO-NORMAL-N01,GENETICO,0,TA06,ALM-CENTRAL,3,1200100300051
BASE,COLAPSO_LOGISTICO-NORMAL-N01,GENETICO,0,TA07,ALM-CENTRAL,1,1200100300030
BASE,COLAPSO_LOGISTICO-NORMAL-N01,GENETICO,0,TA07,ALM-CENTRAL,2,1200100300056
BASE,COLAPSO_LOGISTICO-NORMAL-N01,GENETICO,0,TA07,ALM-CENTRAL,3,1200100300062
BASE,COLAPSO_LOGISTICO-NORMAL-N01,GENETICO,0,TA07,ALM-CENTRAL,4,1200100300011
BASE,COLAPSO_LOGISTICO-NORMAL-N01,GENETICO,0,TA08,ALM-CENTRAL,1,1200100300029
BASE,COLAPSO_LOGISTICO-NORMAL-N01,GENETICO,0,TA08,ALM-CENTRAL,2,1200100300020
BASE,COLAPSO_LOGISTICO-NORMAL-N01,GENETICO,0,TA08,ALM-CENTRAL,3,1200100300050
BASE,COLAPSO_LOGISTICO-NORMAL-N01,GENETICO,0,TA08,ALM-CENTRAL,4,1200100300012
BASE,COLAPSO_LOGISTICO-NORMAL-N01,GENETICO,0,TA09,ALM-CENTRAL,1,1200100200008
BASE,COLAPSO_LOGISTICO-NORMAL-N01,GENETICO,0,TA09,ALM-CENTRAL,2,1200100300057
BASE,COLAPSO_LOGISTICO-NORMAL-N01,GENETICO,0,TA09,ALM-CENTRAL,3,1200100300002
BASE,COLAPSO_LOGISTICO-NORMAL-N01,GENETICO,0,TA09,ALM-CENTRAL,4,1200100300055
BASE,COLAPSO_LOGISTICO-NORMAL-N01,GENETICO,0,TA10,ALM-CENTRAL,1,1200100200039
BASE,COLAPSO_LOGISTICO-NORMAL-N01,GENETICO,0,TA10,ALM-CENTRAL,2,1200100300031
BASE,COLAPSO_LOGISTICO-NORMAL-N01,GENETICO,0,TA10,ALM-CENTRAL,3,1200100300074
BASE,COLAPSO_LOGISTICO-NORMAL-N01,GENETICO,0,TA10,ALM-CENTRAL,4,1200100300072
BASE,COLAPSO_LOGISTICO-NORMAL-N01,GENETICO,0,TA10,ALM-CENTRAL,5,1200100300016
BASE,COLAPSO_LOGISTICO-NORMAL-N01,GENETICO,0,TB01,ALM-CENTRAL,1,1200100300052
BASE,COLAPSO_LOGISTICO-NORMAL-N01,GENETICO,0,TB01,ALM-CENTRAL,2,1200100300034
BASE,COLAPSO_LOGISTICO-NORMAL-N01,GENETICO,0,TB02,ALM-CENTRAL,1,1200100300076
BASE,COLAPSO_LOGISTICO-NORMAL-N01,GENETICO,0,TB03,ALM-CENTRAL,1,1200100300013
BASE,COLAPSO_LOGISTICO-NORMAL-N01,GENETICO,0,TB04,ALM-CENTRAL,1,1200100300060
BASE,COLAPSO_LOGISTICO-NORMAL-N01,GENETICO,0,TB05,ALM-CENTRAL,1,1200100300039
BASE,COLAPSO_LOGISTICO-NORMAL-N01,GENETICO,0,TB06,ALM-CENTRAL,1,1200100300025
BASE,COLAPSO_LOGISTICO-NORMAL-N01,GENETICO,0,TB07,ALM-NOROESTE,1,1200100300069
BASE,COLAPSO_LOGISTICO-NORMAL-N01,GENETICO,0,TB07,ALM-NOROESTE,2,1200100300058
BASE,COLAPSO_LOGISTICO-NORMAL-N01,GENETICO,0,TB08,ALM-CENTRAL,1,1200100300065
BASE,COLAPSO_LOGISTICO-NORMAL-N01,GENETICO,0,TB09,ALM-CENTRAL,1,1200100300054
BASE,COLAPSO_LOGISTICO-NORMAL-N01,GENETICO,0,TB09,ALM-CENTRAL,2,1200100300032
BASE,COLAPSO_LOGISTICO-NORMAL-N01,GENETICO,0,TB10,ALM-CENTRAL,1,1200100300063
BASE,COLAPSO_LOGISTICO-NORMAL-N01,GENETICO,0,TB11,ALM-CENTRAL,1,1200100300075
BASE,COLAPSO_LOGISTICO-NORMAL-N01,GENETICO,0,TB12,ALM-CENTRAL,1,1200100300004
BASE,COLAPSO_LOGISTICO-NORMAL-N01,GENETICO,0,TM01,ALM-ESTE,1,1200100300008
BASE,COLAPSO_LOGISTICO-NORMAL-N01,GENETICO,0,TM02,ALM-CENTRAL,1,1200100300078
BASE,COLAPSO_LOGISTICO-NORMAL-N01,GENETICO,0,TM02,ALM-CENTRAL,2,1200100300033
BASE,COLAPSO_LOGISTICO-NORMAL-N01,GENETICO,0,TM03,ALM-CENTRAL,1,1200100300061
BASE,COLAPSO_LOGISTICO-NORMAL-N01,GENETICO,0,TM04,ALM-CENTRAL,1,1200100300003
BASE,COLAPSO_LOGISTICO-NORMAL-N01,GENETICO,0,TM05,ALM-CENTRAL,1,1200100200012
BASE,COLAPSO_LOGISTICO-NORMAL-N01,GENETICO,0,TM06,ALM-CENTRAL,1,1200100300005
BASE,COLAPSO_LOGISTICO-NORMAL-N01,GENETICO,0,TM06,ALM-CENTRAL,2,1200100300047
BASE,COLAPSO_LOGISTICO-NORMAL-N01,GENETICO,0,TM07,ALM-ESTE,1,1200100300019
BASE,COLAPSO_LOGISTICO-NORMAL-N01,GENETICO,0,TM08,ALM-CENTRAL,1,1200100300040
BASE,COLAPSO_LOGISTICO-NORMAL-N01,GENETICO,0,TM09,ALM-CENTRAL,1,1200100300043
BASE,COLAPSO_LOGISTICO-NORMAL-N01,GENETICO,0,TM10,ALM-CENTRAL,1,1200100300073
BASE,COLAPSO_LOGISTICO-NORMAL-N01,GENETICO,0,TM11,ALM-CENTRAL,1,1200100300077
BASE,COLAPSO_LOGISTICO-NORMAL-N01,GENETICO,0,TM12,ALM-CENTRAL,1,1200100300009
BASE,COLAPSO_LOGISTICO-NORMAL-N01,GENETICO,0,TM13,ALM-CENTRAL,1,1200100300068
BASE,COLAPSO_LOGISTICO-NORMAL-N01,GENETICO,0,TM14,ALM-CENTRAL,1,1200100300042
BASE,COLAPSO_LOGISTICO-NORMAL-N01,GENETICO,0,TM15,ALM-CENTRAL,1,1200100300059
BASE,COLAPSO_LOGISTICO-NORMAL-N01,GENETICO,0,NO_ASIGNADO,,,1200100200015
BASE,COLAPSO_LOGISTICO-NORMAL-N01,GENETICO,0,NO_ASIGNADO,,,1200100300048
BASE,COLAPSO_LOGISTICO-NORMAL-N01,GENETICO,0,NO_ASIGNADO,,,1200100300038
BASE,COLAPSO_LOGISTICO-NORMAL-N01,GENETICO,0,NO_ASIGNADO,,,1200100300023
BASE,COLAPSO_LOGISTICO-NORMAL-N01,GENETICO,0,NO_ASIGNADO,,,1200100300067
BASE,COLAPSO_LOGISTICO-NORMAL-N01,GENETICO,0,NO_ASIGNADO,,,1200100300064
BASE,COLAPSO_LOGISTICO-NORMAL-N01,GENETICO,0,NO_ASIGNADO,,,1200100300022
BASE,COLAPSO_LOGISTICO-NORMAL-N01,GENETICO,0,NO_ASIGNADO,,,1200100300027
BASE,COLAPSO_LOGISTICO-NORMAL-N01,GENETICO,0,NO_ASIGNADO,,,1200100300007
BASE,COLAPSO_LOGISTICO-NORMAL-N01,GENETICO,0,NO_ASIGNADO,,,1200100300045
BASE,COLAPSO_LOGISTICO-NORMAL-N01,GENETICO,0,NO_ASIGNADO,,,1200100300035
BASE,COLAPSO_LOGISTICO-NORMAL-N01,GENETICO,0,NO_ASIGNADO,,,1200100300044
BASE,COLAPSO_LOGISTICO-NORMAL-N01,RECOCIDO_SIMULADO,0,TA01,ALM-CENTRAL,1,1200100300049
BASE,COLAPSO_LOGISTICO-NORMAL-N01,RECOCIDO_SIMULADO,0,TA01,ALM-CENTRAL,2,1200100300017
BASE,COLAPSO_LOGISTICO-NORMAL-N01,RECOCIDO_SIMULADO,0,TA01,ALM-CENTRAL,3,1200100300014
BASE,COLAPSO_LOGISTICO-NORMAL-N01,RECOCIDO_SIMULADO,0,TA01,ALM-CENTRAL,4,1200100300027
BASE,COLAPSO_LOGISTICO-NORMAL-N01,RECOCIDO_SIMULADO,0,TA03,ALM-CENTRAL,1,1200100300071
BASE,COLAPSO_LOGISTICO-NORMAL-N01,RECOCIDO_SIMULADO,0,TA03,ALM-CENTRAL,2,1200100300001
BASE,COLAPSO_LOGISTICO-NORMAL-N01,RECOCIDO_SIMULADO,0,TA03,ALM-CENTRAL,3,1200100300006
BASE,COLAPSO_LOGISTICO-NORMAL-N01,RECOCIDO_SIMULADO,0,TA03,ALM-CENTRAL,4,1200100300066
BASE,COLAPSO_LOGISTICO-NORMAL-N01,RECOCIDO_SIMULADO,0,TA03,ALM-CENTRAL,5,1200100300004
BASE,COLAPSO_LOGISTICO-NORMAL-N01,RECOCIDO_SIMULADO,0,TA04,ALM-CENTRAL,1,1200100300018
BASE,COLAPSO_LOGISTICO-NORMAL-N01,RECOCIDO_SIMULADO,0,TA04,ALM-CENTRAL,2,1200100300037
BASE,COLAPSO_LOGISTICO-NORMAL-N01,RECOCIDO_SIMULADO,0,TA04,ALM-CENTRAL,3,1200100300036
BASE,COLAPSO_LOGISTICO-NORMAL-N01,RECOCIDO_SIMULADO,0,TA05,ALM-CENTRAL,1,1200100300070
BASE,COLAPSO_LOGISTICO-NORMAL-N01,RECOCIDO_SIMULADO,0,TA05,ALM-CENTRAL,2,1200100300053
BASE,COLAPSO_LOGISTICO-NORMAL-N01,RECOCIDO_SIMULADO,0,TA05,ALM-CENTRAL,3,1200100300021
BASE,COLAPSO_LOGISTICO-NORMAL-N01,RECOCIDO_SIMULADO,0,TA06,ALM-CENTRAL,1,1200100300046
BASE,COLAPSO_LOGISTICO-NORMAL-N01,RECOCIDO_SIMULADO,0,TA06,ALM-CENTRAL,2,1200100300011
BASE,COLAPSO_LOGISTICO-NORMAL-N01,RECOCIDO_SIMULADO,0,TA06,ALM-CENTRAL,3,1200100300051
BASE,COLAPSO_LOGISTICO-NORMAL-N01,RECOCIDO_SIMULADO,0,TA06,ALM-CENTRAL,4,1200100300015
BASE,COLAPSO_LOGISTICO-NORMAL-N01,RECOCIDO_SIMULADO,0,TA07,ALM-CENTRAL,1,1200100300030
BASE,COLAPSO_LOGISTICO-NORMAL-N01,RECOCIDO_SIMULADO,0,TA07,ALM-CENTRAL,2,1200100300056
BASE,COLAPSO_LOGISTICO-NORMAL-N01,RECOCIDO_SIMULADO,0,TA07,ALM-CENTRAL,3,1200100300062
BASE,COLAPSO_LOGISTICO-NORMAL-N01,RECOCIDO_SIMULADO,0,TA07,ALM-CENTRAL,4,1200100300016
BASE,COLAPSO_LOGISTICO-NORMAL-N01,RECOCIDO_SIMULADO,0,TA08,ALM-CENTRAL,1,1200100300029
BASE,COLAPSO_LOGISTICO-NORMAL-N01,RECOCIDO_SIMULADO,0,TA08,ALM-CENTRAL,2,1200100300039
BASE,COLAPSO_LOGISTICO-NORMAL-N01,RECOCIDO_SIMULADO,0,TA08,ALM-CENTRAL,3,1200100300050
BASE,COLAPSO_LOGISTICO-NORMAL-N01,RECOCIDO_SIMULADO,0,TA08,ALM-CENTRAL,4,1200100300012
BASE,COLAPSO_LOGISTICO-NORMAL-N01,RECOCIDO_SIMULADO,0,TA09,ALM-CENTRAL,1,1200100200008
BASE,COLAPSO_LOGISTICO-NORMAL-N01,RECOCIDO_SIMULADO,0,TA09,ALM-CENTRAL,2,1200100300057
BASE,COLAPSO_LOGISTICO-NORMAL-N01,RECOCIDO_SIMULADO,0,TA09,ALM-CENTRAL,3,1200100300002
BASE,COLAPSO_LOGISTICO-NORMAL-N01,RECOCIDO_SIMULADO,0,TA09,ALM-CENTRAL,4,1200100300055
BASE,COLAPSO_LOGISTICO-NORMAL-N01,RECOCIDO_SIMULADO,0,TA10,ALM-CENTRAL,1,1200100200039
BASE,COLAPSO_LOGISTICO-NORMAL-N01,RECOCIDO_SIMULADO,0,TA10,ALM-CENTRAL,2,1200100300031
BASE,COLAPSO_LOGISTICO-NORMAL-N01,RECOCIDO_SIMULADO,0,TA10,ALM-CENTRAL,3,1200100300074
BASE,COLAPSO_LOGISTICO-NORMAL-N01,RECOCIDO_SIMULADO,0,TA10,ALM-CENTRAL,4,1200100300032
BASE,COLAPSO_LOGISTICO-NORMAL-N01,RECOCIDO_SIMULADO,0,TB01,ALM-CENTRAL,1,1200100300005
BASE,COLAPSO_LOGISTICO-NORMAL-N01,RECOCIDO_SIMULADO,0,TB02,ALM-CENTRAL,1,1200100300028
BASE,COLAPSO_LOGISTICO-NORMAL-N01,RECOCIDO_SIMULADO,0,TB03,ALM-CENTRAL,1,1200100300025
BASE,COLAPSO_LOGISTICO-NORMAL-N01,RECOCIDO_SIMULADO,0,TB04,ALM-CENTRAL,1,1200100300020
BASE,COLAPSO_LOGISTICO-NORMAL-N01,RECOCIDO_SIMULADO,0,TB05,ALM-CENTRAL,1,1200100300069
BASE,COLAPSO_LOGISTICO-NORMAL-N01,RECOCIDO_SIMULADO,0,TB06,ALM-CENTRAL,1,1200100300052
BASE,COLAPSO_LOGISTICO-NORMAL-N01,RECOCIDO_SIMULADO,0,TB07,ALM-NOROESTE,1,1200100300024
BASE,COLAPSO_LOGISTICO-NORMAL-N01,RECOCIDO_SIMULADO,0,TB08,ALM-CENTRAL,1,1200100300076
BASE,COLAPSO_LOGISTICO-NORMAL-N01,RECOCIDO_SIMULADO,0,TB09,ALM-CENTRAL,1,1200100300075
BASE,COLAPSO_LOGISTICO-NORMAL-N01,RECOCIDO_SIMULADO,0,TB10,ALM-CENTRAL,1,1200100300013
BASE,COLAPSO_LOGISTICO-NORMAL-N01,RECOCIDO_SIMULADO,0,TB11,ALM-CENTRAL,1,1200100300010
BASE,COLAPSO_LOGISTICO-NORMAL-N01,RECOCIDO_SIMULADO,0,TB11,ALM-CENTRAL,2,1200100300000
BASE,COLAPSO_LOGISTICO-NORMAL-N01,RECOCIDO_SIMULADO,0,TB11,ALM-CENTRAL,3,1200100300034
BASE,COLAPSO_LOGISTICO-NORMAL-N01,RECOCIDO_SIMULADO,0,TB12,ALM-CENTRAL,1,1200100300060
BASE,COLAPSO_LOGISTICO-NORMAL-N01,RECOCIDO_SIMULADO,0,TM01,ALM-ESTE,1,1200100300008
BASE,COLAPSO_LOGISTICO-NORMAL-N01,RECOCIDO_SIMULADO,0,TM02,ALM-CENTRAL,1,1200100300078
BASE,COLAPSO_LOGISTICO-NORMAL-N01,RECOCIDO_SIMULADO,0,TM03,ALM-CENTRAL,1,1200100300061
BASE,COLAPSO_LOGISTICO-NORMAL-N01,RECOCIDO_SIMULADO,0,TM04,ALM-CENTRAL,1,1200100300065
BASE,COLAPSO_LOGISTICO-NORMAL-N01,RECOCIDO_SIMULADO,0,TM04,ALM-CENTRAL,2,1200100300003
BASE,COLAPSO_LOGISTICO-NORMAL-N01,RECOCIDO_SIMULADO,0,TM05,ALM-CENTRAL,1,1200100200012
BASE,COLAPSO_LOGISTICO-NORMAL-N01,RECOCIDO_SIMULADO,0,TM05,ALM-CENTRAL,2,1200100300033
BASE,COLAPSO_LOGISTICO-NORMAL-N01,RECOCIDO_SIMULADO,0,TM06,ALM-CENTRAL,1,1200100300047
BASE,COLAPSO_LOGISTICO-NORMAL-N01,RECOCIDO_SIMULADO,0,TM06,ALM-CENTRAL,2,1200100300063
BASE,COLAPSO_LOGISTICO-NORMAL-N01,RECOCIDO_SIMULADO,0,TM07,ALM-ESTE,1,1200100300019
BASE,COLAPSO_LOGISTICO-NORMAL-N01,RECOCIDO_SIMULADO,0,TM07,ALM-ESTE,2,1200100300058
BASE,COLAPSO_LOGISTICO-NORMAL-N01,RECOCIDO_SIMULADO,0,TM08,ALM-CENTRAL,1,1200100300040
BASE,COLAPSO_LOGISTICO-NORMAL-N01,RECOCIDO_SIMULADO,0,TM08,ALM-CENTRAL,2,1200100300072
BASE,COLAPSO_LOGISTICO-NORMAL-N01,RECOCIDO_SIMULADO,0,TM09,ALM-CENTRAL,1,1200100300043
BASE,COLAPSO_LOGISTICO-NORMAL-N01,RECOCIDO_SIMULADO,0,TM10,ALM-CENTRAL,1,1200100300073
BASE,COLAPSO_LOGISTICO-NORMAL-N01,RECOCIDO_SIMULADO,0,TM11,ALM-CENTRAL,1,1200100300077
BASE,COLAPSO_LOGISTICO-NORMAL-N01,RECOCIDO_SIMULADO,0,TM11,ALM-CENTRAL,2,1200100300041
BASE,COLAPSO_LOGISTICO-NORMAL-N01,RECOCIDO_SIMULADO,0,TM12,ALM-CENTRAL,1,1200100300009
BASE,COLAPSO_LOGISTICO-NORMAL-N01,RECOCIDO_SIMULADO,0,TM13,ALM-CENTRAL,1,1200100300068
BASE,COLAPSO_LOGISTICO-NORMAL-N01,RECOCIDO_SIMULADO,0,TM13,ALM-CENTRAL,2,1200100300026
BASE,COLAPSO_LOGISTICO-NORMAL-N01,RECOCIDO_SIMULADO,0,TM14,ALM-CENTRAL,1,1200100300054
BASE,COLAPSO_LOGISTICO-NORMAL-N01,RECOCIDO_SIMULADO,0,TM14,ALM-CENTRAL,2,1200100300042
BASE,COLAPSO_LOGISTICO-NORMAL-N01,RECOCIDO_SIMULADO,0,TM15,ALM-CENTRAL,1,1200100300059
BASE,COLAPSO_LOGISTICO-NORMAL-N01,RECOCIDO_SIMULADO,0,NO_ASIGNADO,,,1200100200013
BASE,COLAPSO_LOGISTICO-NORMAL-N01,RECOCIDO_SIMULADO,0,NO_ASIGNADO,,,1200100200015
BASE,COLAPSO_LOGISTICO-NORMAL-N01,RECOCIDO_SIMULADO,0,NO_ASIGNADO,,,1200100300048
BASE,COLAPSO_LOGISTICO-NORMAL-N01,RECOCIDO_SIMULADO,0,NO_ASIGNADO,,,1200100300038
BASE,COLAPSO_LOGISTICO-NORMAL-N01,RECOCIDO_SIMULADO,0,NO_ASIGNADO,,,1200100300023
BASE,COLAPSO_LOGISTICO-NORMAL-N01,RECOCIDO_SIMULADO,0,NO_ASIGNADO,,,1200100300067
BASE,COLAPSO_LOGISTICO-NORMAL-N01,RECOCIDO_SIMULADO,0,NO_ASIGNADO,,,1200100300064
BASE,COLAPSO_LOGISTICO-NORMAL-N01,RECOCIDO_SIMULADO,0,NO_ASIGNADO,,,1200100300022
BASE,COLAPSO_LOGISTICO-NORMAL-N01,RECOCIDO_SIMULADO,0,NO_ASIGNADO,,,1200100300007
BASE,COLAPSO_LOGISTICO-NORMAL-N01,RECOCIDO_SIMULADO,0,NO_ASIGNADO,,,1200100300045
BASE,COLAPSO_LOGISTICO-NORMAL-N01,RECOCIDO_SIMULADO,0,NO_ASIGNADO,,,1200100300035
BASE,COLAPSO_LOGISTICO-NORMAL-N01,RECOCIDO_SIMULADO,0,NO_ASIGNADO,,,1200100300044
BASE,COLAPSO_LOGISTICO-NORMAL-N01,RECOCIDO_SIMULADO,1,TA01,ALM-CENTRAL,1,1200100300049
BASE,COLAPSO_LOGISTICO-NORMAL-N01,RECOCIDO_SIMULADO,1,TA01,ALM-CENTRAL,2,1200100300041
BASE,COLAPSO_LOGISTICO-NORMAL-N01,RECOCIDO_SIMULADO,1,TA01,ALM-CENTRAL,3,1200100300017
BASE,COLAPSO_LOGISTICO-NORMAL-N01,RECOCIDO_SIMULADO,1,TA01,ALM-CENTRAL,4,1200100300014
BASE,COLAPSO_LOGISTICO-NORMAL-N01,RECOCIDO_SIMULADO,1,TA01,ALM-CENTRAL,5,1200100300003
BASE,COLAPSO_LOGISTICO-NORMAL-N01,RECOCIDO_SIMULADO,1,TA03,ALM-CENTRAL,1,1200100300071
BASE,COLAPSO_LOGISTICO-NORMAL-N01,RECOCIDO_SIMULADO,1,TA03,ALM-CENTRAL,2,1200100300006
BASE,COLAPSO_LOGISTICO-NORMAL-N01,RECOCIDO_SIMULADO,1,TA03,ALM-CENTRAL,3,1200100300076
BASE,COLAPSO_LOGISTICO-NORMAL-N01,RECOCIDO_SIMULADO,1,TA03,ALM-CENTRAL,4,1200100300066
BASE,COLAPSO_LOGISTICO-NORMAL-N01,RECOCIDO_SIMULADO,1,TA04,ALM-CENTRAL,1,1200100300018
BASE,COLAPSO_LOGISTICO-NORMAL-N01,RECOCIDO_SIMULADO,1,TA04,ALM-CENTRAL,2,1200100300037
BASE,COLAPSO_LOGISTICO-NORMAL-N01,RECOCIDO_SIMULADO,1,TA04,ALM-CENTRAL,3,1200100300063
BASE,COLAPSO_LOGISTICO-NORMAL-N01,RECOCIDO_SIMULADO,1,TA04,ALM-CENTRAL,4,1200100300036
BASE,COLAPSO_LOGISTICO-NORMAL-N01,RECOCIDO_SIMULADO,1,TA05,ALM-CENTRAL,1,1200100300070
BASE,COLAPSO_LOGISTICO-NORMAL-N01,RECOCIDO_SIMULADO,1,TA05,ALM-CENTRAL,2,1200100300034
BASE,COLAPSO_LOGISTICO-NORMAL-N01,RECOCIDO_SIMULADO,1,TA05,ALM-CENTRAL,3,1200100300053
BASE,COLAPSO_LOGISTICO-NORMAL-N01,RECOCIDO_SIMULADO,1,TA05,ALM-CENTRAL,4,1200100300021
BASE,COLAPSO_LOGISTICO-NORMAL-N01,RECOCIDO_SIMULADO,1,TA05,ALM-CENTRAL,5,1200100300026
BASE,COLAPSO_LOGISTICO-NORMAL-N01,RECOCIDO_SIMULADO,1,TA06,ALM-CENTRAL,1,1200100300046
BASE,COLAPSO_LOGISTICO-NORMAL-N01,RECOCIDO_SIMULADO,1,TA06,ALM-CENTRAL,2,1200100300015
BASE,COLAPSO_LOGISTICO-NORMAL-N01,RECOCIDO_SIMULADO,1,TA06,ALM-CENTRAL,3,1200100300051
BASE,COLAPSO_LOGISTICO-NORMAL-N01,RECOCIDO_SIMULADO,1,TA07,ALM-CENTRAL,1,1200100300030
BASE,COLAPSO_LOGISTICO-NORMAL-N01,RECOCIDO_SIMULADO,1,TA07,ALM-CENTRAL,2,1200100300056
BASE,COLAPSO_LOGISTICO-NORMAL-N01,RECOCIDO_SIMULADO,1,TA07,ALM-CENTRAL,3,1200100300028
BASE,COLAPSO_LOGISTICO-NORMAL-N01,RECOCIDO_SIMULADO,1,TA07,ALM-CENTRAL,4,1200100300062
BASE,COLAPSO_LOGISTICO-NORMAL-N01,RECOCIDO_SIMULADO,1,TA08,ALM-CENTRAL,1,1200100300029
BASE,COLAPSO_LOGISTICO-NORMAL-N01,RECOCIDO_SIMULADO,1,TA08,ALM-CENTRAL,2,1200100300061
BASE,COLAPSO_LOGISTICO-NORMAL-N01,RECOCIDO_SIMULADO,1,TA08,ALM-CENTRAL,3,1200100300050
BASE,COLAPSO_LOGISTICO-NORMAL-N01,RECOCIDO_SIMULADO,1,TA08,ALM-CENTRAL,4,1200100300012
BASE,COLAPSO_LOGISTICO-NORMAL-N01,RECOCIDO_SIMULADO,1,TA09,ALM-CENTRAL,1,1200100200008
BASE,COLAPSO_LOGISTICO-NORMAL-N01,RECOCIDO_SIMULADO,1,TA09,ALM-CENTRAL,2,1200100300057
BASE,COLAPSO_LOGISTICO-NORMAL-N01,RECOCIDO_SIMULADO,1,TA09,ALM-CENTRAL,3,1200100300002
BASE,COLAPSO_LOGISTICO-NORMAL-N01,RECOCIDO_SIMULADO,1,TA09,ALM-CENTRAL,4,1200100300055
BASE,COLAPSO_LOGISTICO-NORMAL-N01,RECOCIDO_SIMULADO,1,TA10,ALM-CENTRAL,1,1200100200039
BASE,COLAPSO_LOGISTICO-NORMAL-N01,RECOCIDO_SIMULADO,1,TA10,ALM-CENTRAL,2,1200100300031
BASE,COLAPSO_LOGISTICO-NORMAL-N01,RECOCIDO_SIMULADO,1,TA10,ALM-CENTRAL,3,1200100300010
BASE,COLAPSO_LOGISTICO-NORMAL-N01,RECOCIDO_SIMULADO,1,TA10,ALM-CENTRAL,4,1200100300074
BASE,COLAPSO_LOGISTICO-NORMAL-N01,RECOCIDO_SIMULADO,1,TB01,ALM-CENTRAL,1,1200100300020
BASE,COLAPSO_LOGISTICO-NORMAL-N01,RECOCIDO_SIMULADO,1,TB02,ALM-CENTRAL,1,1200100300005
BASE,COLAPSO_LOGISTICO-NORMAL-N01,RECOCIDO_SIMULADO,1,TB04,ALM-CENTRAL,1,1200100300052
BASE,COLAPSO_LOGISTICO-NORMAL-N01,RECOCIDO_SIMULADO,1,TB05,ALM-CENTRAL,1,1200100300075
BASE,COLAPSO_LOGISTICO-NORMAL-N01,RECOCIDO_SIMULADO,1,TB06,ALM-CENTRAL,1,1200100300001
BASE,COLAPSO_LOGISTICO-NORMAL-N01,RECOCIDO_SIMULADO,1,TB06,ALM-CENTRAL,2,1200100300032
BASE,COLAPSO_LOGISTICO-NORMAL-N01,RECOCIDO_SIMULADO,1,TB07,ALM-NOROESTE,1,1200100300039
BASE,COLAPSO_LOGISTICO-NORMAL-N01,RECOCIDO_SIMULADO,1,TB08,ALM-CENTRAL,1,1200100300069
BASE,COLAPSO_LOGISTICO-NORMAL-N01,RECOCIDO_SIMULADO,1,TB08,ALM-CENTRAL,2,1200100300072
BASE,COLAPSO_LOGISTICO-NORMAL-N01,RECOCIDO_SIMULADO,1,TB09,ALM-CENTRAL,1,1200100300060
BASE,COLAPSO_LOGISTICO-NORMAL-N01,RECOCIDO_SIMULADO,1,TB10,ALM-CENTRAL,1,1200100300004
BASE,COLAPSO_LOGISTICO-NORMAL-N01,RECOCIDO_SIMULADO,1,TB11,ALM-CENTRAL,1,1200100300013
BASE,COLAPSO_LOGISTICO-NORMAL-N01,RECOCIDO_SIMULADO,1,TB12,ALM-CENTRAL,1,1200100300025
BASE,COLAPSO_LOGISTICO-NORMAL-N01,RECOCIDO_SIMULADO,1,TM01,ALM-ESTE,1,1200100300008
BASE,COLAPSO_LOGISTICO-NORMAL-N01,RECOCIDO_SIMULADO,1,TM02,ALM-CENTRAL,1,1200100300078
BASE,COLAPSO_LOGISTICO-NORMAL-N01,RECOCIDO_SIMULADO,1,TM02,ALM-CENTRAL,2,1200100300033
BASE,COLAPSO_LOGISTICO-NORMAL-N01,RECOCIDO_SIMULADO,1,TM03,ALM-CENTRAL,1,1200100300044
BASE,COLAPSO_LOGISTICO-NORMAL-N01,RECOCIDO_SIMULADO,1,TM04,ALM-CENTRAL,1,1200100300027
BASE,COLAPSO_LOGISTICO-NORMAL-N01,RECOCIDO_SIMULADO,1,TM05,ALM-CENTRAL,1,1200100200012
BASE,COLAPSO_LOGISTICO-NORMAL-N01,RECOCIDO_SIMULADO,1,TM05,ALM-CENTRAL,2,1200100300024
BASE,COLAPSO_LOGISTICO-NORMAL-N01,RECOCIDO_SIMULADO,1,TM06,ALM-CENTRAL,1,1200100300065
BASE,COLAPSO_LOGISTICO-NORMAL-N01,RECOCIDO_SIMULADO,1,TM06,ALM-CENTRAL,2,1200100300047
BASE,COLAPSO_LOGISTICO-NORMAL-N01,RECOCIDO_SIMULADO,1,TM07,ALM-ESTE,1,1200100300019
BASE,COLAPSO_LOGISTICO-NORMAL-N01,RECOCIDO_SIMULADO,1,TM08,ALM-CENTRAL,1,1200100300040
BASE,COLAPSO_LOGISTICO-NORMAL-N01,RECOCIDO_SIMULADO,1,TM08,ALM-CENTRAL,2,1200100300016
BASE,COLAPSO_LOGISTICO-NORMAL-N01,RECOCIDO_SIMULADO,1,TM09,ALM-CENTRAL,1,1200100300043
BASE,COLAPSO_LOGISTICO-NORMAL-N01,RECOCIDO_SIMULADO,1,TM10,ALM-CENTRAL,1,1200100300073
BASE,COLAPSO_LOGISTICO-NORMAL-N01,RECOCIDO_SIMULADO,1,TM10,ALM-CENTRAL,2,1200100300058
BASE,COLAPSO_LOGISTICO-NORMAL-N01,RECOCIDO_SIMULADO,1,TM11,ALM-CENTRAL,1,1200100300077
BASE,COLAPSO_LOGISTICO-NORMAL-N01,RECOCIDO_SIMULADO,1,TM12,ALM-CENTRAL,1,1200100300009
BASE,COLAPSO_LOGISTICO-NORMAL-N01,RECOCIDO_SIMULADO,1,TM12,ALM-CENTRAL,2,1200100300000
BASE,COLAPSO_LOGISTICO-NORMAL-N01,RECOCIDO_SIMULADO,1,TM13,ALM-CENTRAL,1,1200100300068
BASE,COLAPSO_LOGISTICO-NORMAL-N01,RECOCIDO_SIMULADO,1,TM13,ALM-CENTRAL,2,1200100300011
BASE,COLAPSO_LOGISTICO-NORMAL-N01,RECOCIDO_SIMULADO,1,TM14,ALM-CENTRAL,1,1200100300054
BASE,COLAPSO_LOGISTICO-NORMAL-N01,RECOCIDO_SIMULADO,1,TM14,ALM-CENTRAL,2,1200100300042
BASE,COLAPSO_LOGISTICO-NORMAL-N01,RECOCIDO_SIMULADO,1,TM15,ALM-CENTRAL,1,1200100300059
BASE,COLAPSO_LOGISTICO-NORMAL-N01,RECOCIDO_SIMULADO,1,NO_ASIGNADO,,,1200100200015
BASE,COLAPSO_LOGISTICO-NORMAL-N01,RECOCIDO_SIMULADO,1,NO_ASIGNADO,,,1200100300048
BASE,COLAPSO_LOGISTICO-NORMAL-N01,RECOCIDO_SIMULADO,1,NO_ASIGNADO,,,1200100300038
BASE,COLAPSO_LOGISTICO-NORMAL-N01,RECOCIDO_SIMULADO,1,NO_ASIGNADO,,,1200100300023
BASE,COLAPSO_LOGISTICO-NORMAL-N01,RECOCIDO_SIMULADO,1,NO_ASIGNADO,,,1200100300067
BASE,COLAPSO_LOGISTICO-NORMAL-N01,RECOCIDO_SIMULADO,1,NO_ASIGNADO,,,1200100300064
BASE,COLAPSO_LOGISTICO-NORMAL-N01,RECOCIDO_SIMULADO,1,NO_ASIGNADO,,,1200100300022
BASE,COLAPSO_LOGISTICO-NORMAL-N01,RECOCIDO_SIMULADO,1,NO_ASIGNADO,,,1200100300007
BASE,COLAPSO_LOGISTICO-NORMAL-N01,RECOCIDO_SIMULADO,1,NO_ASIGNADO,,,1200100300045
BASE,COLAPSO_LOGISTICO-NORMAL-N01,RECOCIDO_SIMULADO,1,NO_ASIGNADO,,,1200100300035
BASE,COLAPSO_LOGISTICO-NORMAL-N01,GENETICO,1,TA01,ALM-CENTRAL,1,1200100300024
BASE,COLAPSO_LOGISTICO-NORMAL-N01,GENETICO,1,TA01,ALM-CENTRAL,2,1200100300049
BASE,COLAPSO_LOGISTICO-NORMAL-N01,GENETICO,1,TA01,ALM-CENTRAL,3,1200100300017
BASE,COLAPSO_LOGISTICO-NORMAL-N01,GENETICO,1,TA01,ALM-CENTRAL,4,1200100300014
BASE,COLAPSO_LOGISTICO-NORMAL-N01,GENETICO,1,TA01,ALM-CENTRAL,5,1200100300026
BASE,COLAPSO_LOGISTICO-NORMAL-N01,GENETICO,1,TA03,ALM-CENTRAL,1,1200100300071
BASE,COLAPSO_LOGISTICO-NORMAL-N01,GENETICO,1,TA03,ALM-CENTRAL,2,1200100300001
BASE,COLAPSO_LOGISTICO-NORMAL-N01,GENETICO,1,TA03,ALM-CENTRAL,3,1200100300000
BASE,COLAPSO_LOGISTICO-NORMAL-N01,GENETICO,1,TA03,ALM-CENTRAL,4,1200100300006
BASE,COLAPSO_LOGISTICO-NORMAL-N01,GENETICO,1,TA03,ALM-CENTRAL,5,1200100300066
BASE,COLAPSO_LOGISTICO-NORMAL-N01,GENETICO,1,TA04,ALM-CENTRAL,1,1200100300018
BASE,COLAPSO_LOGISTICO-NORMAL-N01,GENETICO,1,TA04,ALM-CENTRAL,2,1200100300010
BASE,COLAPSO_LOGISTICO-NORMAL-N01,GENETICO,1,TA04,ALM-CENTRAL,3,1200100300041
BASE,COLAPSO_LOGISTICO-NORMAL-N01,GENETICO,1,TA04,ALM-CENTRAL,4,1200100300037
BASE,COLAPSO_LOGISTICO-NORMAL-N01,GENETICO,1,TA04,ALM-CENTRAL,5,1200100300036
BASE,COLAPSO_LOGISTICO-NORMAL-N01,GENETICO,1,TA05,ALM-CENTRAL,1,1200100200012
BASE,COLAPSO_LOGISTICO-NORMAL-N01,GENETICO,1,TA05,ALM-CENTRAL,2,1200100300077
BASE,COLAPSO_LOGISTICO-NORMAL-N01,GENETICO,1,TA05,ALM-CENTRAL,3,1200100300015
BASE,COLAPSO_LOGISTICO-NORMAL-N01,GENETICO,1,TA05,ALM-CENTRAL,4,1200100300027
BASE,COLAPSO_LOGISTICO-NORMAL-N01,GENETICO,1,TA06,ALM-CENTRAL,1,1200100300046
BASE,COLAPSO_LOGISTICO-NORMAL-N01,GENETICO,1,TA06,ALM-CENTRAL,2,1200100300051
BASE,COLAPSO_LOGISTICO-NORMAL-N01,GENETICO,1,TA06,ALM-CENTRAL,3,1200100300044
BASE,COLAPSO_LOGISTICO-NORMAL-N01,GENETICO,1,TA07,ALM-CENTRAL,1,1200100300030
BASE,COLAPSO_LOGISTICO-NORMAL-N01,GENETICO,1,TA07,ALM-CENTRAL,2,1200100300056
BASE,COLAPSO_LOGISTICO-NORMAL-N01,GENETICO,1,TA07,ALM-CENTRAL,3,1200100300062
BASE,COLAPSO_LOGISTICO-NORMAL-N01,GENETICO,1,TA07,ALM-CENTRAL,4,1200100300011
BASE,COLAPSO_LOGISTICO-NORMAL-N01,GENETICO,1,TA08,ALM-CENTRAL,1,1200100300029
BASE,COLAPSO_LOGISTICO-NORMAL-N01,GENETICO,1,TA08,ALM-CENTRAL,2,1200100300020
BASE,COLAPSO_LOGISTICO-NORMAL-N01,GENETICO,1,TA08,ALM-CENTRAL,3,1200100300050
BASE,COLAPSO_LOGISTICO-NORMAL-N01,GENETICO,1,TA08,ALM-CENTRAL,4,1200100300012
BASE,COLAPSO_LOGISTICO-NORMAL-N01,GENETICO,1,TA09,ALM-CENTRAL,1,1200100200008
BASE,COLAPSO_LOGISTICO-NORMAL-N01,GENETICO,1,TA09,ALM-CENTRAL,2,1200100300057
BASE,COLAPSO_LOGISTICO-NORMAL-N01,GENETICO,1,TA09,ALM-CENTRAL,3,1200100300002
BASE,COLAPSO_LOGISTICO-NORMAL-N01,GENETICO,1,TA09,ALM-CENTRAL,4,1200100300055
BASE,COLAPSO_LOGISTICO-NORMAL-N01,GENETICO,1,TA10,ALM-CENTRAL,1,1200100200039
BASE,COLAPSO_LOGISTICO-NORMAL-N01,GENETICO,1,TA10,ALM-CENTRAL,2,1200100300031
BASE,COLAPSO_LOGISTICO-NORMAL-N01,GENETICO,1,TA10,ALM-CENTRAL,3,1200100300074
BASE,COLAPSO_LOGISTICO-NORMAL-N01,GENETICO,1,TA10,ALM-CENTRAL,4,1200100300072
BASE,COLAPSO_LOGISTICO-NORMAL-N01,GENETICO,1,TA10,ALM-CENTRAL,5,1200100300016
BASE,COLAPSO_LOGISTICO-NORMAL-N01,GENETICO,1,TB01,ALM-CENTRAL,1,1200100300052
BASE,COLAPSO_LOGISTICO-NORMAL-N01,GENETICO,1,TB01,ALM-CENTRAL,2,1200100300034
BASE,COLAPSO_LOGISTICO-NORMAL-N01,GENETICO,1,TB02,ALM-CENTRAL,1,1200100300076
BASE,COLAPSO_LOGISTICO-NORMAL-N01,GENETICO,1,TB03,ALM-CENTRAL,1,1200100300013
BASE,COLAPSO_LOGISTICO-NORMAL-N01,GENETICO,1,TB04,ALM-CENTRAL,1,1200100300060
BASE,COLAPSO_LOGISTICO-NORMAL-N01,GENETICO,1,TB05,ALM-CENTRAL,1,1200100300039
BASE,COLAPSO_LOGISTICO-NORMAL-N01,GENETICO,1,TB06,ALM-CENTRAL,1,1200100300025
BASE,COLAPSO_LOGISTICO-NORMAL-N01,GENETICO,1,TB07,ALM-NOROESTE,1,1200100300069
BASE,COLAPSO_LOGISTICO-NORMAL-N01,GENETICO,1,TB07,ALM-NOROESTE,2,1200100300058
BASE,COLAPSO_LOGISTICO-NORMAL-N01,GENETICO,1,TB08,ALM-CENTRAL,1,1200100300065
BASE,COLAPSO_LOGISTICO-NORMAL-N01,GENETICO,1,TB09,ALM-CENTRAL,1,1200100300054
BASE,COLAPSO_LOGISTICO-NORMAL-N01,GENETICO,1,TB09,ALM-CENTRAL,2,1200100300032
BASE,COLAPSO_LOGISTICO-NORMAL-N01,GENETICO,1,TB10,ALM-CENTRAL,1,1200100300063
BASE,COLAPSO_LOGISTICO-NORMAL-N01,GENETICO,1,TB11,ALM-CENTRAL,1,1200100300075
BASE,COLAPSO_LOGISTICO-NORMAL-N01,GENETICO,1,TB12,ALM-CENTRAL,1,1200100300004
BASE,COLAPSO_LOGISTICO-NORMAL-N01,GENETICO,1,TM01,ALM-ESTE,1,1200100300008
BASE,COLAPSO_LOGISTICO-NORMAL-N01,GENETICO,1,TM02,ALM-CENTRAL,1,1200100300078
BASE,COLAPSO_LOGISTICO-NORMAL-N01,GENETICO,1,TM02,ALM-CENTRAL,2,1200100300033
BASE,COLAPSO_LOGISTICO-NORMAL-N01,GENETICO,1,TM03,ALM-CENTRAL,1,1200100300070
BASE,COLAPSO_LOGISTICO-NORMAL-N01,GENETICO,1,TM04,ALM-CENTRAL,1,1200100300003
BASE,COLAPSO_LOGISTICO-NORMAL-N01,GENETICO,1,TM05,ALM-CENTRAL,1,1200100300061
BASE,COLAPSO_LOGISTICO-NORMAL-N01,GENETICO,1,TM06,ALM-CENTRAL,1,1200100300005
BASE,COLAPSO_LOGISTICO-NORMAL-N01,GENETICO,1,TM06,ALM-CENTRAL,2,1200100300047
BASE,COLAPSO_LOGISTICO-NORMAL-N01,GENETICO,1,TM07,ALM-ESTE,1,1200100300019
BASE,COLAPSO_LOGISTICO-NORMAL-N01,GENETICO,1,TM08,ALM-CENTRAL,1,1200100300040
BASE,COLAPSO_LOGISTICO-NORMAL-N01,GENETICO,1,TM09,ALM-CENTRAL,1,1200100300043
BASE,COLAPSO_LOGISTICO-NORMAL-N01,GENETICO,1,TM10,ALM-CENTRAL,1,1200100300073
BASE,COLAPSO_LOGISTICO-NORMAL-N01,GENETICO,1,TM11,ALM-CENTRAL,1,1200100300028
BASE,COLAPSO_LOGISTICO-NORMAL-N01,GENETICO,1,TM11,ALM-CENTRAL,2,1200100300053
BASE,COLAPSO_LOGISTICO-NORMAL-N01,GENETICO,1,TM12,ALM-CENTRAL,1,1200100300009
BASE,COLAPSO_LOGISTICO-NORMAL-N01,GENETICO,1,TM13,ALM-CENTRAL,1,1200100300068
BASE,COLAPSO_LOGISTICO-NORMAL-N01,GENETICO,1,TM14,ALM-CENTRAL,1,1200100300042
BASE,COLAPSO_LOGISTICO-NORMAL-N01,GENETICO,1,TM15,ALM-CENTRAL,1,1200100300059
BASE,COLAPSO_LOGISTICO-NORMAL-N01,GENETICO,1,NO_ASIGNADO,,,1200100200015
BASE,COLAPSO_LOGISTICO-NORMAL-N01,GENETICO,1,NO_ASIGNADO,,,1200100300048
BASE,COLAPSO_LOGISTICO-NORMAL-N01,GENETICO,1,NO_ASIGNADO,,,1200100300038
BASE,COLAPSO_LOGISTICO-NORMAL-N01,GENETICO,1,NO_ASIGNADO,,,1200100300023
BASE,COLAPSO_LOGISTICO-NORMAL-N01,GENETICO,1,NO_ASIGNADO,,,1200100300067
BASE,COLAPSO_LOGISTICO-NORMAL-N01,GENETICO,1,NO_ASIGNADO,,,1200100300064
BASE,COLAPSO_LOGISTICO-NORMAL-N01,GENETICO,1,NO_ASIGNADO,,,1200100300022
BASE,COLAPSO_LOGISTICO-NORMAL-N01,GENETICO,1,NO_ASIGNADO,,,1200100300007
BASE,COLAPSO_LOGISTICO-NORMAL-N01,GENETICO,1,NO_ASIGNADO,,,1200100300045
BASE,COLAPSO_LOGISTICO-NORMAL-N01,GENETICO,1,NO_ASIGNADO,,,1200100300021
BASE,COLAPSO_LOGISTICO-NORMAL-N01,GENETICO,1,NO_ASIGNADO,,,1200100300035
BASE,COLAPSO_LOGISTICO-ALTA-N01,GENETICO,0,TA01,ALM-CENTRAL,1,1210100000017
BASE,COLAPSO_LOGISTICO-ALTA-N01,GENETICO,0,TA01,ALM-CENTRAL,2,1210100000033
BASE,COLAPSO_LOGISTICO-ALTA-N01,GENETICO,0,TA01,ALM-CENTRAL,3,1210100000012
BASE,COLAPSO_LOGISTICO-ALTA-N01,GENETICO,0,TA02,ALM-CENTRAL,1,1210100000025
BASE,COLAPSO_LOGISTICO-ALTA-N01,GENETICO,0,TA02,ALM-CENTRAL,2,1210100000039
BASE,COLAPSO_LOGISTICO-ALTA-N01,GENETICO,0,TA02,ALM-CENTRAL,3,1210100000029
BASE,COLAPSO_LOGISTICO-ALTA-N01,GENETICO,0,TA02,ALM-CENTRAL,4,1210100000027
BASE,COLAPSO_LOGISTICO-ALTA-N01,GENETICO,0,TA03,ALM-CENTRAL,1,1210100000026
BASE,COLAPSO_LOGISTICO-ALTA-N01,GENETICO,0,TA03,ALM-CENTRAL,2,1210100000020
BASE,COLAPSO_LOGISTICO-ALTA-N01,GENETICO,0,TA03,ALM-CENTRAL,3,1210100000041
BASE,COLAPSO_LOGISTICO-ALTA-N01,GENETICO,0,TA03,ALM-CENTRAL,4,1210100000005
BASE,COLAPSO_LOGISTICO-ALTA-N01,GENETICO,0,TA03,ALM-CENTRAL,5,1210100000030
BASE,COLAPSO_LOGISTICO-ALTA-N01,GENETICO,0,TA04,ALM-CENTRAL,1,1210100000015
BASE,COLAPSO_LOGISTICO-ALTA-N01,GENETICO,0,TA04,ALM-CENTRAL,2,1210100000022
BASE,COLAPSO_LOGISTICO-ALTA-N01,GENETICO,0,TA04,ALM-CENTRAL,3,1210100000031
BASE,COLAPSO_LOGISTICO-ALTA-N01,GENETICO,0,TA05,ALM-CENTRAL,1,1210100000010
BASE,COLAPSO_LOGISTICO-ALTA-N01,GENETICO,0,TA05,ALM-CENTRAL,2,1210100000011
BASE,COLAPSO_LOGISTICO-ALTA-N01,GENETICO,0,TA05,ALM-CENTRAL,3,1210100000003
BASE,COLAPSO_LOGISTICO-ALTA-N01,GENETICO,0,TA05,ALM-CENTRAL,4,1210100000032
BASE,COLAPSO_LOGISTICO-ALTA-N01,GENETICO,0,TA06,ALM-CENTRAL,1,1210100000016
BASE,COLAPSO_LOGISTICO-ALTA-N01,GENETICO,0,TA06,ALM-CENTRAL,2,1210100000021
BASE,COLAPSO_LOGISTICO-ALTA-N01,GENETICO,0,TA06,ALM-CENTRAL,3,1210100000000
BASE,COLAPSO_LOGISTICO-ALTA-N01,GENETICO,0,TA06,ALM-CENTRAL,4,1210100000018
BASE,COLAPSO_LOGISTICO-ALTA-N01,GENETICO,0,TA07,ALM-CENTRAL,1,1210100000040
BASE,COLAPSO_LOGISTICO-ALTA-N01,GENETICO,0,TA07,ALM-CENTRAL,2,1210100000024
BASE,COLAPSO_LOGISTICO-ALTA-N01,GENETICO,0,TA07,ALM-CENTRAL,3,1210100000013
BASE,COLAPSO_LOGISTICO-ALTA-N01,GENETICO,0,TA08,ALM-CENTRAL,1,1210100000009
BASE,COLAPSO_LOGISTICO-ALTA-N01,GENETICO,0,TA08,ALM-CENTRAL,2,1210100000007
BASE,COLAPSO_LOGISTICO-ALTA-N01,GENETICO,0,TA08,ALM-CENTRAL,3,1210100000038
BASE,COLAPSO_LOGISTICO-ALTA-N01,GENETICO,0,TA08,ALM-CENTRAL,4,1210100000023
BASE,COLAPSO_LOGISTICO-ALTA-N01,GENETICO,0,TA09,ALM-CENTRAL,1,1210100000019
BASE,COLAPSO_LOGISTICO-ALTA-N01,GENETICO,0,TA09,ALM-CENTRAL,2,1210100000028
BASE,COLAPSO_LOGISTICO-ALTA-N01,GENETICO,0,TA09,ALM-CENTRAL,3,1210100000036
BASE,COLAPSO_LOGISTICO-ALTA-N01,GENETICO,0,TA10,ALM-CENTRAL,1,1210100000006
BASE,COLAPSO_LOGISTICO-ALTA-N01,GENETICO,0,TB01,ALM-CENTRAL,1,1210100000004
BASE,COLAPSO_LOGISTICO-ALTA-N01,GENETICO,0,TB02,ALM-CENTRAL,1,1210100000002
BASE,COLAPSO_LOGISTICO-ALTA-N01,GENETICO,0,TB02,ALM-CENTRAL,2,1210100000037
BASE,COLAPSO_LOGISTICO-ALTA-N01,GENETICO,0,TM01,ALM-ESTE,1,1210100000001
BASE,COLAPSO_LOGISTICO-ALTA-N01,GENETICO,0,TM02,ALM-CENTRAL,1,1210100000035
BASE,COLAPSO_LOGISTICO-ALTA-N01,GENETICO,0,NO_ASIGNADO,,,1210100000008
BASE,COLAPSO_LOGISTICO-ALTA-N01,GENETICO,0,NO_ASIGNADO,,,1210100000014
BASE,COLAPSO_LOGISTICO-ALTA-N01,GENETICO,0,NO_ASIGNADO,,,1210100000034
BASE,COLAPSO_LOGISTICO-ALTA-N01,RECOCIDO_SIMULADO,0,TA01,ALM-CENTRAL,1,1210100000016
BASE,COLAPSO_LOGISTICO-ALTA-N01,RECOCIDO_SIMULADO,0,TA01,ALM-CENTRAL,2,1210100000026
BASE,COLAPSO_LOGISTICO-ALTA-N01,RECOCIDO_SIMULADO,0,TA01,ALM-CENTRAL,3,1210100000038
BASE,COLAPSO_LOGISTICO-ALTA-N01,RECOCIDO_SIMULADO,0,TA01,ALM-CENTRAL,4,1210100000027
BASE,COLAPSO_LOGISTICO-ALTA-N01,RECOCIDO_SIMULADO,0,TA02,ALM-CENTRAL,1,1210100000001
BASE,COLAPSO_LOGISTICO-ALTA-N01,RECOCIDO_SIMULADO,0,TA02,ALM-CENTRAL,2,1210100000041
BASE,COLAPSO_LOGISTICO-ALTA-N01,RECOCIDO_SIMULADO,0,TA02,ALM-CENTRAL,3,1210100000012
BASE,COLAPSO_LOGISTICO-ALTA-N01,RECOCIDO_SIMULADO,0,TA03,ALM-CENTRAL,1,1210100000019
BASE,COLAPSO_LOGISTICO-ALTA-N01,RECOCIDO_SIMULADO,0,TA03,ALM-CENTRAL,2,1210100000022
BASE,COLAPSO_LOGISTICO-ALTA-N01,RECOCIDO_SIMULADO,0,TA03,ALM-CENTRAL,3,1210100000037
BASE,COLAPSO_LOGISTICO-ALTA-N01,RECOCIDO_SIMULADO,0,TA03,ALM-CENTRAL,4,1210100000018
BASE,COLAPSO_LOGISTICO-ALTA-N01,RECOCIDO_SIMULADO,0,TA04,ALM-CENTRAL,1,1210100000025
BASE,COLAPSO_LOGISTICO-ALTA-N01,RECOCIDO_SIMULADO,0,TA04,ALM-CENTRAL,2,1210100000036
BASE,COLAPSO_LOGISTICO-ALTA-N01,RECOCIDO_SIMULADO,0,TA04,ALM-CENTRAL,3,1210100000031
BASE,COLAPSO_LOGISTICO-ALTA-N01,RECOCIDO_SIMULADO,0,TA05,ALM-CENTRAL,1,1210100000035
BASE,COLAPSO_LOGISTICO-ALTA-N01,RECOCIDO_SIMULADO,0,TA05,ALM-CENTRAL,2,1210100000023
BASE,COLAPSO_LOGISTICO-ALTA-N01,RECOCIDO_SIMULADO,0,TA05,ALM-CENTRAL,3,1210100000032
BASE,COLAPSO_LOGISTICO-ALTA-N01,RECOCIDO_SIMULADO,0,TA06,ALM-CENTRAL,1,1210100000021
BASE,COLAPSO_LOGISTICO-ALTA-N01,RECOCIDO_SIMULADO,0,TA06,ALM-CENTRAL,2,1210100000003
BASE,COLAPSO_LOGISTICO-ALTA-N01,RECOCIDO_SIMULADO,0,TA06,ALM-CENTRAL,3,1210100000029
BASE,COLAPSO_LOGISTICO-ALTA-N01,RECOCIDO_SIMULADO,0,TA06,ALM-CENTRAL,4,1210100000030
BASE,COLAPSO_LOGISTICO-ALTA-N01,RECOCIDO_SIMULADO,0,TA07,ALM-CENTRAL,1,1210100000033
BASE,COLAPSO_LOGISTICO-ALTA-N01,RECOCIDO_SIMULADO,0,TA07,ALM-CENTRAL,2,1210100000005
BASE,COLAPSO_LOGISTICO-ALTA-N01,RECOCIDO_SIMULADO,0,TA07,ALM-CENTRAL,3,1210100000006
BASE,COLAPSO_LOGISTICO-ALTA-N01,RECOCIDO_SIMULADO,0,TA08,ALM-CENTRAL,1,1210100000011
BASE,COLAPSO_LOGISTICO-ALTA-N01,RECOCIDO_SIMULADO,0,TA08,ALM-CENTRAL,2,1210100000013
BASE,COLAPSO_LOGISTICO-ALTA-N01,RECOCIDO_SIMULADO,0,TA09,ALM-CENTRAL,1,1210100000002
BASE,COLAPSO_LOGISTICO-ALTA-N01,RECOCIDO_SIMULADO,0,TA09,ALM-CENTRAL,2,1210100000017
BASE,COLAPSO_LOGISTICO-ALTA-N01,RECOCIDO_SIMULADO,0,TA09,ALM-CENTRAL,3,1210100000000
BASE,COLAPSO_LOGISTICO-ALTA-N01,RECOCIDO_SIMULADO,0,TA10,ALM-CENTRAL,1,1210100000020
BASE,COLAPSO_LOGISTICO-ALTA-N01,RECOCIDO_SIMULADO,0,TA10,ALM-CENTRAL,2,1210100000004
BASE,COLAPSO_LOGISTICO-ALTA-N01,RECOCIDO_SIMULADO,0,TA10,ALM-CENTRAL,3,1210100000024
BASE,COLAPSO_LOGISTICO-ALTA-N01,RECOCIDO_SIMULADO,0,TB01,ALM-CENTRAL,1,1210100000009
BASE,COLAPSO_LOGISTICO-ALTA-N01,RECOCIDO_SIMULADO,0,TB01,ALM-CENTRAL,2,1210100000039
BASE,COLAPSO_LOGISTICO-ALTA-N01,RECOCIDO_SIMULADO,0,TB02,ALM-CENTRAL,1,1210100000007
BASE,COLAPSO_LOGISTICO-ALTA-N01,RECOCIDO_SIMULADO,0,TM01,ALM-CENTRAL,1,1210100000015
BASE,COLAPSO_LOGISTICO-ALTA-N01,RECOCIDO_SIMULADO,0,TM02,ALM-ESTE,1,1210100000040
BASE,COLAPSO_LOGISTICO-ALTA-N01,RECOCIDO_SIMULADO,0,TM03,ALM-CENTRAL,1,1210100000010
BASE,COLAPSO_LOGISTICO-ALTA-N01,RECOCIDO_SIMULADO,0,TM04,ALM-CENTRAL,1,1210100000028
BASE,COLAPSO_LOGISTICO-ALTA-N01,RECOCIDO_SIMULADO,0,NO_ASIGNADO,,,1210100000008
BASE,COLAPSO_LOGISTICO-ALTA-N01,RECOCIDO_SIMULADO,0,NO_ASIGNADO,,,1210100000014
BASE,COLAPSO_LOGISTICO-ALTA-N01,RECOCIDO_SIMULADO,0,NO_ASIGNADO,,,1210100000034
BASE,COLAPSO_LOGISTICO-ALTA-N01,RECOCIDO_SIMULADO,1,TA01,ALM-CENTRAL,1,1210100000019
BASE,COLAPSO_LOGISTICO-ALTA-N01,RECOCIDO_SIMULADO,1,TA01,ALM-CENTRAL,2,1210100000031
BASE,COLAPSO_LOGISTICO-ALTA-N01,RECOCIDO_SIMULADO,1,TA02,ALM-CENTRAL,1,1210100000004
BASE,COLAPSO_LOGISTICO-ALTA-N01,RECOCIDO_SIMULADO,1,TA02,ALM-CENTRAL,2,1210100000023
BASE,COLAPSO_LOGISTICO-ALTA-N01,RECOCIDO_SIMULADO,1,TA03,ALM-CENTRAL,1,1210100000024
BASE,COLAPSO_LOGISTICO-ALTA-N01,RECOCIDO_SIMULADO,1,TA03,ALM-CENTRAL,2,1210100000029
BASE,COLAPSO_LOGISTICO-ALTA-N01,RECOCIDO_SIMULADO,1,TA04,ALM-CENTRAL,1,1210100000001
BASE,COLAPSO_LOGISTICO-ALTA-N01,RECOCIDO_SIMULADO,1,TA04,ALM-CENTRAL,2,1210100000003
BASE,COLAPSO_LOGISTICO-ALTA-N01,RECOCIDO_SIMULADO,1,TA05,ALM-CENTRAL,1,1210100000010
BASE,COLAPSO_LOGISTICO-ALTA-N01,RECOCIDO_SIMULADO,1,TA05,ALM-CENTRAL,2,1210100000000
BASE,COLAPSO_LOGISTICO-ALTA-N01,RECOCIDO_SIMULADO,1,TA05,ALM-CENTRAL,3,1210100000005
BASE,COLAPSO_LOGISTICO-ALTA-N01,RECOCIDO_SIMULADO,1,TA05,ALM-CENTRAL,4,1210100000027
BASE,COLAPSO_LOGISTICO-ALTA-N01,RECOCIDO_SIMULADO,1,TA06,ALM-CENTRAL,1,1210100000039
BASE,COLAPSO_LOGISTICO-ALTA-N01,RECOCIDO_SIMULADO,1,TA06,ALM-CENTRAL,2,1210100000032
BASE,COLAPSO_LOGISTICO-ALTA-N01,RECOCIDO_SIMULADO,1,TA06,ALM-CENTRAL,3,1210100000006
BASE,COLAPSO_LOGISTICO-ALTA-N01,RECOCIDO_SIMULADO,1,TA07,ALM-CENTRAL,1,1210100000040
BASE,COLAPSO_LOGISTICO-ALTA-N01,RECOCIDO_SIMULADO,1,TA07,ALM-CENTRAL,2,1210100000041
BASE,COLAPSO_LOGISTICO-ALTA-N01,RECOCIDO_SIMULADO,1,TA08,ALM-CENTRAL,1,1210100000025
BASE,COLAPSO_LOGISTICO-ALTA-N01,RECOCIDO_SIMULADO,1,TA08,ALM-CENTRAL,2,1210100000026
BASE,COLAPSO_LOGISTICO-ALTA-N01,RECOCIDO_SIMULADO,1,TA09,ALM-CENTRAL,1,1210100000012
BASE,COLAPSO_LOGISTICO-ALTA-N01,RECOCIDO_SIMULADO,1,TA10,ALM-CENTRAL,1,1210100000017
BASE,COLAPSO_LOGISTICO-ALTA-N01,RECOCIDO_SIMULADO,1,TA10,ALM-CENTRAL,2,1210100000033
BASE,COLAPSO_LOGISTICO-ALTA-N01,RECOCIDO_SIMULADO,1,TA10,ALM-CENTRAL,3,1210100000022
BASE,COLAPSO_LOGISTICO-ALTA-N01,RECOCIDO_SIMULADO,1,TB02,ALM-CENTRAL,1,1210100000020
BASE,COLAPSO_LOGISTICO-ALTA-N01,RECOCIDO_SIMULADO,1,TB02,ALM-CENTRAL,2,1210100000030
BASE,COLAPSO_LOGISTICO-ALTA-N01,RECOCIDO_SIMULADO,1,TB04,ALM-CENTRAL,1,1210100000011
BASE,COLAPSO_LOGISTICO-ALTA-N01,RECOCIDO_SIMULADO,1,TB11,ALM-CENTRAL,1,1210100000007
BASE,COLAPSO_LOGISTICO-ALTA-N01,RECOCIDO_SIMULADO,1,TM02,ALM-ESTE,1,1210100000021
BASE,COLAPSO_LOGISTICO-ALTA-N01,RECOCIDO_SIMULADO,1,TM03,ALM-CENTRAL,1,1210100000028
BASE,COLAPSO_LOGISTICO-ALTA-N01,RECOCIDO_SIMULADO,1,TM05,ALM-CENTRAL,1,1210100000009
BASE,COLAPSO_LOGISTICO-ALTA-N01,RECOCIDO_SIMULADO,1,TM06,ALM-CENTRAL,1,1210100000016
BASE,COLAPSO_LOGISTICO-ALTA-N01,RECOCIDO_SIMULADO,1,TM07,ALM-CENTRAL,1,1210100000037
BASE,COLAPSO_LOGISTICO-ALTA-N01,RECOCIDO_SIMULADO,1,TM08,ALM-CENTRAL,1,1210100000002
BASE,COLAPSO_LOGISTICO-ALTA-N01,RECOCIDO_SIMULADO,1,TM08,ALM-CENTRAL,2,1210100000035
BASE,COLAPSO_LOGISTICO-ALTA-N01,RECOCIDO_SIMULADO,1,TM09,ALM-CENTRAL,1,1210100000013
BASE,COLAPSO_LOGISTICO-ALTA-N01,RECOCIDO_SIMULADO,1,TM12,ALM-CENTRAL,1,1210100000038
BASE,COLAPSO_LOGISTICO-ALTA-N01,RECOCIDO_SIMULADO,1,TM14,ALM-CENTRAL,1,1210100000015
BASE,COLAPSO_LOGISTICO-ALTA-N01,RECOCIDO_SIMULADO,1,TM14,ALM-CENTRAL,2,1210100000018
BASE,COLAPSO_LOGISTICO-ALTA-N01,RECOCIDO_SIMULADO,1,TM15,ALM-CENTRAL,1,1210100000036
BASE,COLAPSO_LOGISTICO-ALTA-N01,RECOCIDO_SIMULADO,1,NO_ASIGNADO,,,1210100000008
BASE,COLAPSO_LOGISTICO-ALTA-N01,RECOCIDO_SIMULADO,1,NO_ASIGNADO,,,1210100000014
BASE,COLAPSO_LOGISTICO-ALTA-N01,RECOCIDO_SIMULADO,1,NO_ASIGNADO,,,1210100000034
BASE,COLAPSO_LOGISTICO-ALTA-N01,GENETICO,1,TA01,ALM-CENTRAL,1,1210100000036
BASE,COLAPSO_LOGISTICO-ALTA-N01,GENETICO,1,TA01,ALM-CENTRAL,2,1210100000032
BASE,COLAPSO_LOGISTICO-ALTA-N01,GENETICO,1,TA01,ALM-CENTRAL,3,1210100000006
BASE,COLAPSO_LOGISTICO-ALTA-N01,GENETICO,1,TA02,ALM-CENTRAL,1,1210100000017
BASE,COLAPSO_LOGISTICO-ALTA-N01,GENETICO,1,TA02,ALM-CENTRAL,2,1210100000000
BASE,COLAPSO_LOGISTICO-ALTA-N01,GENETICO,1,TA02,ALM-CENTRAL,3,1210100000027
BASE,COLAPSO_LOGISTICO-ALTA-N01,GENETICO,1,TA03,ALM-CENTRAL,1,1210100000024
BASE,COLAPSO_LOGISTICO-ALTA-N01,GENETICO,1,TA03,ALM-CENTRAL,2,1210100000031
BASE,COLAPSO_LOGISTICO-ALTA-N01,GENETICO,1,TA04,ALM-CENTRAL,1,1210100000038
BASE,COLAPSO_LOGISTICO-ALTA-N01,GENETICO,1,TA04,ALM-CENTRAL,2,1210100000018
BASE,COLAPSO_LOGISTICO-ALTA-N01,GENETICO,1,TA05,ALM-CENTRAL,1,1210100000010
BASE,COLAPSO_LOGISTICO-ALTA-N01,GENETICO,1,TA05,ALM-CENTRAL,2,1210100000029
BASE,COLAPSO_LOGISTICO-ALTA-N01,GENETICO,1,TA05,ALM-CENTRAL,3,1210100000030
BASE,COLAPSO_LOGISTICO-ALTA-N01,GENETICO,1,TA06,ALM-CENTRAL,1,1210100000019
BASE,COLAPSO_LOGISTICO-ALTA-N01,GENETICO,1,TA06,ALM-CENTRAL,2,1210100000020
BASE,COLAPSO_LOGISTICO-ALTA-N01,GENETICO,1,TA06,ALM-CENTRAL,3,1210100000035
BASE,COLAPSO_LOGISTICO-ALTA-N01,GENETICO,1,TA06,ALM-CENTRAL,4,1210100000012
BASE,COLAPSO_LOGISTICO-ALTA-N01,GENETICO,1,TA07,ALM-CENTRAL,1,1210100000009
BASE,COLAPSO_LOGISTICO-ALTA-N01,GENETICO,1,TA07,ALM-CENTRAL,2,1210100000026
BASE,COLAPSO_LOGISTICO-ALTA-N01,GENETICO,1,TA07,ALM-CENTRAL,3,1210100000004
BASE,COLAPSO_LOGISTICO-ALTA-N01,GENETICO,1,TA07,ALM-CENTRAL,4,1210100000013
BASE,COLAPSO_LOGISTICO-ALTA-N01,GENETICO,1,TA07,ALM-CENTRAL,5,1210100000005
BASE,COLAPSO_LOGISTICO-ALTA-N01,GENETICO,1,TA08,ALM-CENTRAL,1,1210100000025
BASE,COLAPSO_LOGISTICO-ALTA-N01,GENETICO,1,TA08,ALM-CENTRAL,2,1210100000028
BASE,COLAPSO_LOGISTICO-ALTA-N01,GENETICO,1,TA08,ALM-CENTRAL,3,1210100000011
BASE,COLAPSO_LOGISTICO-ALTA-N01,GENETICO,1,TA08,ALM-CENTRAL,4,1210100000033
BASE,COLAPSO_LOGISTICO-ALTA-N01,GENETICO,1,TA08,ALM-CENTRAL,5,1210100000037
BASE,COLAPSO_LOGISTICO-ALTA-N01,GENETICO,1,TA09,ALM-CENTRAL,1,1210100000040
BASE,COLAPSO_LOGISTICO-ALTA-N01,GENETICO,1,TA09,ALM-CENTRAL,2,1210100000007
BASE,COLAPSO_LOGISTICO-ALTA-N01,GENETICO,1,TA09,ALM-CENTRAL,3,1210100000041
BASE,COLAPSO_LOGISTICO-ALTA-N01,GENETICO,1,TA10,ALM-CENTRAL,1,1210100000022
BASE,COLAPSO_LOGISTICO-ALTA-N01,GENETICO,1,TA10,ALM-CENTRAL,2,1210100000023
BASE,COLAPSO_LOGISTICO-ALTA-N01,GENETICO,1,TB01,ALM-CENTRAL,1,1210100000039
BASE,COLAPSO_LOGISTICO-ALTA-N01,GENETICO,1,TB02,ALM-CENTRAL,1,1210100000002
BASE,COLAPSO_LOGISTICO-ALTA-N01,GENETICO,1,TM01,ALM-CENTRAL,1,1210100000021
BASE,COLAPSO_LOGISTICO-ALTA-N01,GENETICO,1,TM02,ALM-CENTRAL,1,1210100000003
BASE,COLAPSO_LOGISTICO-ALTA-N01,GENETICO,1,TM03,ALM-ESTE,1,1210100000001
BASE,COLAPSO_LOGISTICO-ALTA-N01,GENETICO,1,TM04,ALM-CENTRAL,1,1210100000016
BASE,COLAPSO_LOGISTICO-ALTA-N01,GENETICO,1,TM05,ALM-CENTRAL,1,1210100000015
BASE,COLAPSO_LOGISTICO-ALTA-N01,GENETICO,1,NO_ASIGNADO,,,1210100000008
BASE,COLAPSO_LOGISTICO-ALTA-N01,GENETICO,1,NO_ASIGNADO,,,1210100000014
BASE,COLAPSO_LOGISTICO-ALTA-N01,GENETICO,1,NO_ASIGNADO,,,1210100000034
BASE,COLAPSO_LOGISTICO-CRITICA-N01,GENETICO,0,TA01,ALM-ESTE,1,1220100000002
BASE,COLAPSO_LOGISTICO-CRITICA-N01,GENETICO,0,TA01,ALM-ESTE,2,1220100000012
BASE,COLAPSO_LOGISTICO-CRITICA-N01,GENETICO,0,TA01,ALM-ESTE,3,1220100000045
BASE,COLAPSO_LOGISTICO-CRITICA-N01,GENETICO,0,TA01,ALM-ESTE,4,1220100000024
BASE,COLAPSO_LOGISTICO-CRITICA-N01,GENETICO,0,TA01,ALM-ESTE,5,1220100000043
BASE,COLAPSO_LOGISTICO-CRITICA-N01,GENETICO,0,TA01,ALM-ESTE,6,1220100000028
BASE,COLAPSO_LOGISTICO-CRITICA-N01,GENETICO,0,TA02,ALM-ESTE,1,1220100000030
BASE,COLAPSO_LOGISTICO-CRITICA-N01,GENETICO,0,TA02,ALM-ESTE,2,1220100000041
BASE,COLAPSO_LOGISTICO-CRITICA-N01,GENETICO,0,TA02,ALM-ESTE,3,1220100000027
BASE,COLAPSO_LOGISTICO-CRITICA-N01,GENETICO,0,TA02,ALM-ESTE,4,1220100000020
BASE,COLAPSO_LOGISTICO-CRITICA-N01,GENETICO,0,TA03,ALM-ESTE,1,1220100000010
BASE,COLAPSO_LOGISTICO-CRITICA-N01,GENETICO,0,TA03,ALM-ESTE,2,1220100000023
BASE,COLAPSO_LOGISTICO-CRITICA-N01,GENETICO,0,TA03,ALM-ESTE,3,1220100000013
BASE,COLAPSO_LOGISTICO-CRITICA-N01,GENETICO,0,TA04,ALM-ESTE,1,1220100000007
BASE,COLAPSO_LOGISTICO-CRITICA-N01,GENETICO,0,TA04,ALM-ESTE,2,1220100000009
BASE,COLAPSO_LOGISTICO-CRITICA-N01,GENETICO,0,TA04,ALM-ESTE,3,1220100000015
BASE,COLAPSO_LOGISTICO-CRITICA-N01,GENETICO,0,TA05,ALM-ESTE,1,1220100000005
BASE,COLAPSO_LOGISTICO-CRITICA-N01,GENETICO,0,TA05,ALM-ESTE,2,1220100000042
BASE,COLAPSO_LOGISTICO-CRITICA-N01,GENETICO,0,TA05,ALM-ESTE,3,1220100000036
BASE,COLAPSO_LOGISTICO-CRITICA-N01,GENETICO,0,TA06,ALM-ESTE,1,1220100000016
BASE,COLAPSO_LOGISTICO-CRITICA-N01,GENETICO,0,TA07,ALM-ESTE,1,1220100000006
BASE,COLAPSO_LOGISTICO-CRITICA-N01,GENETICO,0,TA07,ALM-ESTE,2,1220100000000
BASE,COLAPSO_LOGISTICO-CRITICA-N01,GENETICO,0,TA07,ALM-ESTE,3,1220100000039
BASE,COLAPSO_LOGISTICO-CRITICA-N01,GENETICO,0,TA08,ALM-ESTE,1,1220100000031
BASE,COLAPSO_LOGISTICO-CRITICA-N01,GENETICO,0,TA08,ALM-ESTE,2,1220100000021
BASE,COLAPSO_LOGISTICO-CRITICA-N01,GENETICO,0,TA08,ALM-ESTE,3,1220100000048
BASE,COLAPSO_LOGISTICO-CRITICA-N01,GENETICO,0,TA08,ALM-ESTE,4,1220100000029
BASE,COLAPSO_LOGISTICO-CRITICA-N01,GENETICO,0,TA09,ALM-ESTE,1,1220100000003
BASE,COLAPSO_LOGISTICO-CRITICA-N01,GENETICO,0,TA09,ALM-ESTE,2,1220100000046
BASE,COLAPSO_LOGISTICO-CRITICA-N01,GENETICO,0,TA10,ALM-ESTE,1,1220100000011
BASE,COLAPSO_LOGISTICO-CRITICA-N01,GENETICO,0,TA10,ALM-ESTE,2,1220100000019
BASE,COLAPSO_LOGISTICO-CRITICA-N01,GENETICO,0,TA10,ALM-ESTE,3,1220100000017
BASE,COLAPSO_LOGISTICO-CRITICA-N01,GENETICO,0,TB01,ALM-ESTE,1,1220100000035
BASE,COLAPSO_LOGISTICO-CRITICA-N01,GENETICO,0,TB02,ALM-ESTE,1,1220100000025
BASE,COLAPSO_LOGISTICO-CRITICA-N01,GENETICO,0,TM01,ALM-ESTE,1,1220100000038
BASE,COLAPSO_LOGISTICO-CRITICA-N01,GENETICO,0,TM02,ALM-ESTE,1,1220100000044
BASE,COLAPSO_LOGISTICO-CRITICA-N01,GENETICO,0,TM03,ALM-ESTE,1,1220100000037
BASE,COLAPSO_LOGISTICO-CRITICA-N01,GENETICO,0,TM04,ALM-ESTE,1,1220100000034
BASE,COLAPSO_LOGISTICO-CRITICA-N01,GENETICO,0,TM05,ALM-NOROESTE,1,1220100000001
BASE,COLAPSO_LOGISTICO-CRITICA-N01,GENETICO,0,TM06,ALM-ESTE,1,1220100000018
BASE,COLAPSO_LOGISTICO-CRITICA-N01,GENETICO,0,TM07,ALM-ESTE,1,1220100000026
BASE,COLAPSO_LOGISTICO-CRITICA-N01,GENETICO,0,TM08,ALM-ESTE,1,1220100000033
BASE,COLAPSO_LOGISTICO-CRITICA-N01,GENETICO,0,TM09,ALM-ESTE,1,1220100000032
BASE,COLAPSO_LOGISTICO-CRITICA-N01,GENETICO,0,TM10,ALM-ESTE,1,1220100000047
BASE,COLAPSO_LOGISTICO-CRITICA-N01,GENETICO,0,TM11,ALM-ESTE,1,1220100000014
BASE,COLAPSO_LOGISTICO-CRITICA-N01,GENETICO,0,TM12,ALM-ESTE,1,1220100000040
BASE,COLAPSO_LOGISTICO-CRITICA-N01,GENETICO,0,NO_ASIGNADO,,,1220100000008
BASE,COLAPSO_LOGISTICO-CRITICA-N01,GENETICO,0,NO_ASIGNADO,,,1220100000022
BASE,COLAPSO_LOGISTICO-CRITICA-N01,GENETICO,0,NO_ASIGNADO,,,1220100000004
BASE,COLAPSO_LOGISTICO-CRITICA-N01,RECOCIDO_SIMULADO,0,TA01,ALM-ESTE,1,1220100000002
BASE,COLAPSO_LOGISTICO-CRITICA-N01,RECOCIDO_SIMULADO,0,TA01,ALM-ESTE,2,1220100000036
BASE,COLAPSO_LOGISTICO-CRITICA-N01,RECOCIDO_SIMULADO,0,TA01,ALM-ESTE,3,1220100000003
BASE,COLAPSO_LOGISTICO-CRITICA-N01,RECOCIDO_SIMULADO,0,TA02,ALM-ESTE,1,1220100000030
BASE,COLAPSO_LOGISTICO-CRITICA-N01,RECOCIDO_SIMULADO,0,TA02,ALM-ESTE,2,1220100000001
BASE,COLAPSO_LOGISTICO-CRITICA-N01,RECOCIDO_SIMULADO,0,TA02,ALM-ESTE,3,1220100000031
BASE,COLAPSO_LOGISTICO-CRITICA-N01,RECOCIDO_SIMULADO,0,TA02,ALM-ESTE,4,1220100000027
BASE,COLAPSO_LOGISTICO-CRITICA-N01,RECOCIDO_SIMULADO,0,TA03,ALM-ESTE,1,1220100000026
BASE,COLAPSO_LOGISTICO-CRITICA-N01,RECOCIDO_SIMULADO,0,TA03,ALM-ESTE,2,1220100000025
BASE,COLAPSO_LOGISTICO-CRITICA-N01,RECOCIDO_SIMULADO,0,TA03,ALM-ESTE,3,1220100000046
BASE,COLAPSO_LOGISTICO-CRITICA-N01,RECOCIDO_SIMULADO,0,TA03,ALM-ESTE,4,1220100000021
BASE,COLAPSO_LOGISTICO-CRITICA-N01,RECOCIDO_SIMULADO,0,TA03,ALM-ESTE,5,1220100000013
BASE,COLAPSO_LOGISTICO-CRITICA-N01,RECOCIDO_SIMULADO,0,TA04,ALM-ESTE,1,1220100000042
BASE,COLAPSO_LOGISTICO-CRITICA-N01,RECOCIDO_SIMULADO,0,TA04,ALM-ESTE,2,1220100000012
BASE,COLAPSO_LOGISTICO-CRITICA-N01,RECOCIDO_SIMULADO,0,TA04,ALM-ESTE,3,1220100000041
BASE,COLAPSO_LOGISTICO-CRITICA-N01,RECOCIDO_SIMULADO,0,TA04,ALM-ESTE,4,1220100000037
BASE,COLAPSO_LOGISTICO-CRITICA-N01,RECOCIDO_SIMULADO,0,TA05,ALM-ESTE,1,1220100000011
BASE,COLAPSO_LOGISTICO-CRITICA-N01,RECOCIDO_SIMULADO,0,TA05,ALM-ESTE,2,1220100000035
BASE,COLAPSO_LOGISTICO-CRITICA-N01,RECOCIDO_SIMULADO,0,TA05,ALM-ESTE,3,1220100000019
BASE,COLAPSO_LOGISTICO-CRITICA-N01,RECOCIDO_SIMULADO,0,TA05,ALM-ESTE,4,1220100000017
BASE,COLAPSO_LOGISTICO-CRITICA-N01,RECOCIDO_SIMULADO,0,TA06,ALM-ESTE,1,1220100000018
BASE,COLAPSO_LOGISTICO-CRITICA-N01,RECOCIDO_SIMULADO,0,TA06,ALM-ESTE,2,1220100000032
BASE,COLAPSO_LOGISTICO-CRITICA-N01,RECOCIDO_SIMULADO,0,TA06,ALM-ESTE,3,1220100000039
BASE,COLAPSO_LOGISTICO-CRITICA-N01,RECOCIDO_SIMULADO,0,TA06,ALM-ESTE,4,1220100000016
BASE,COLAPSO_LOGISTICO-CRITICA-N01,RECOCIDO_SIMULADO,0,TA07,ALM-ESTE,1,1220100000040
BASE,COLAPSO_LOGISTICO-CRITICA-N01,RECOCIDO_SIMULADO,0,TA07,ALM-ESTE,2,1220100000009
BASE,COLAPSO_LOGISTICO-CRITICA-N01,RECOCIDO_SIMULADO,0,TA07,ALM-ESTE,3,1220100000029
BASE,COLAPSO_LOGISTICO-CRITICA-N01,RECOCIDO_SIMULADO,0,TA08,ALM-ESTE,1,1220100000005
BASE,COLAPSO_LOGISTICO-CRITICA-N01,RECOCIDO_SIMULADO,0,TA08,ALM-ESTE,2,1220100000047
BASE,COLAPSO_LOGISTICO-CRITICA-N01,RECOCIDO_SIMULADO,0,TA08,ALM-ESTE,3,1220100000014
BASE,COLAPSO_LOGISTICO-CRITICA-N01,RECOCIDO_SIMULADO,0,TA08,ALM-ESTE,4,1220100000006
BASE,COLAPSO_LOGISTICO-CRITICA-N01,RECOCIDO_SIMULADO,0,TA09,ALM-ESTE,1,1220100000034
BASE,COLAPSO_LOGISTICO-CRITICA-N01,RECOCIDO_SIMULADO,0,TA09,ALM-ESTE,2,1220100000000
BASE,COLAPSO_LOGISTICO-CRITICA-N01,RECOCIDO_SIMULADO,0,TA09,ALM-ESTE,3,1220100000023
BASE,COLAPSO_LOGISTICO-CRITICA-N01,RECOCIDO_SIMULADO,0,TA09,ALM-ESTE,4,1220100000048
BASE,COLAPSO_LOGISTICO-CRITICA-N01,RECOCIDO_SIMULADO,0,TA10,ALM-ESTE,1,1220100000010
BASE,COLAPSO_LOGISTICO-CRITICA-N01,RECOCIDO_SIMULADO,0,TA10,ALM-ESTE,2,1220100000033
BASE,COLAPSO_LOGISTICO-CRITICA-N01,RECOCIDO_SIMULADO,0,TA10,ALM-ESTE,3,1220100000015
BASE,COLAPSO_LOGISTICO-CRITICA-N01,RECOCIDO_SIMULADO,0,TM01,ALM-ESTE,1,1220100000044
BASE,COLAPSO_LOGISTICO-CRITICA-N01,RECOCIDO_SIMULADO,0,TM01,ALM-ESTE,2,1220100000020
BASE,COLAPSO_LOGISTICO-CRITICA-N01,RECOCIDO_SIMULADO,0,TM02,ALM-ESTE,1,1220100000024
BASE,COLAPSO_LOGISTICO-CRITICA-N01,RECOCIDO_SIMULADO,0,TM03,ALM-ESTE,1,1220100000038
BASE,COLAPSO_LOGISTICO-CRITICA-N01,RECOCIDO_SIMULADO,0,TM03,ALM-ESTE,2,1220100000045
BASE,COLAPSO_LOGISTICO-CRITICA-N01,RECOCIDO_SIMULADO,0,TM04,ALM-ESTE,1,1220100000043
BASE,COLAPSO_LOGISTICO-CRITICA-N01,RECOCIDO_SIMULADO,0,TM04,ALM-ESTE,2,1220100000028
BASE,COLAPSO_LOGISTICO-CRITICA-N01,RECOCIDO_SIMULADO,0,TM05,ALM-ESTE,1,1220100000007
BASE,COLAPSO_LOGISTICO-CRITICA-N01,RECOCIDO_SIMULADO,0,NO_ASIGNADO,,,1220100000008
BASE,COLAPSO_LOGISTICO-CRITICA-N01,RECOCIDO_SIMULADO,0,NO_ASIGNADO,,,1220100000022
BASE,COLAPSO_LOGISTICO-CRITICA-N01,RECOCIDO_SIMULADO,0,NO_ASIGNADO,,,1220100000004
BASE,COLAPSO_LOGISTICO-CRITICA-N01,RECOCIDO_SIMULADO,1,TA01,ALM-ESTE,1,1220100000040
BASE,COLAPSO_LOGISTICO-CRITICA-N01,RECOCIDO_SIMULADO,1,TA01,ALM-ESTE,2,1220100000024
BASE,COLAPSO_LOGISTICO-CRITICA-N01,RECOCIDO_SIMULADO,1,TA01,ALM-ESTE,3,1220100000007
BASE,COLAPSO_LOGISTICO-CRITICA-N01,RECOCIDO_SIMULADO,1,TA02,ALM-ESTE,1,1220100000030
BASE,COLAPSO_LOGISTICO-CRITICA-N01,RECOCIDO_SIMULADO,1,TA02,ALM-ESTE,2,1220100000011
BASE,COLAPSO_LOGISTICO-CRITICA-N01,RECOCIDO_SIMULADO,1,TA02,ALM-ESTE,3,1220100000027
BASE,COLAPSO_LOGISTICO-CRITICA-N01,RECOCIDO_SIMULADO,1,TA03,ALM-ESTE,1,1220100000038
BASE,COLAPSO_LOGISTICO-CRITICA-N01,RECOCIDO_SIMULADO,1,TA03,ALM-ESTE,2,1220100000044
BASE,COLAPSO_LOGISTICO-CRITICA-N01,RECOCIDO_SIMULADO,1,TA03,ALM-ESTE,3,1220100000023
BASE,COLAPSO_LOGISTICO-CRITICA-N01,RECOCIDO_SIMULADO,1,TA03,ALM-ESTE,4,1220100000009
BASE,COLAPSO_LOGISTICO-CRITICA-N01,RECOCIDO_SIMULADO,1,TA04,ALM-ESTE,1,1220100000005
BASE,COLAPSO_LOGISTICO-CRITICA-N01,RECOCIDO_SIMULADO,1,TA04,ALM-ESTE,2,1220100000042
BASE,COLAPSO_LOGISTICO-CRITICA-N01,RECOCIDO_SIMULADO,1,TA04,ALM-ESTE,3,1220100000012
BASE,COLAPSO_LOGISTICO-CRITICA-N01,RECOCIDO_SIMULADO,1,TA05,ALM-ESTE,1,1220100000031
BASE,COLAPSO_LOGISTICO-CRITICA-N01,RECOCIDO_SIMULADO,1,TA05,ALM-ESTE,2,1220100000035
BASE,COLAPSO_LOGISTICO-CRITICA-N01,RECOCIDO_SIMULADO,1,TA05,ALM-ESTE,3,1220100000019
BASE,COLAPSO_LOGISTICO-CRITICA-N01,RECOCIDO_SIMULADO,1,TA05,ALM-ESTE,4,1220100000017
BASE,COLAPSO_LOGISTICO-CRITICA-N01,RECOCIDO_SIMULADO,1,TA05,ALM-ESTE,5,1220100000048
BASE,COLAPSO_LOGISTICO-CRITICA-N01,RECOCIDO_SIMULADO,1,TA05,ALM-ESTE,6,1220100000016
BASE,COLAPSO_LOGISTICO-CRITICA-N01,RECOCIDO_SIMULADO,1,TA06,ALM-ESTE,1,1220100000003
BASE,COLAPSO_LOGISTICO-CRITICA-N01,RECOCIDO_SIMULADO,1,TA06,ALM-ESTE,2,1220100000043
BASE,COLAPSO_LOGISTICO-CRITICA-N01,RECOCIDO_SIMULADO,1,TA06,ALM-ESTE,3,1220100000015
BASE,COLAPSO_LOGISTICO-CRITICA-N01,RECOCIDO_SIMULADO,1,TA06,ALM-ESTE,4,1220100000018
BASE,COLAPSO_LOGISTICO-CRITICA-N01,RECOCIDO_SIMULADO,1,TA07,ALM-ESTE,1,1220100000000
BASE,COLAPSO_LOGISTICO-CRITICA-N01,RECOCIDO_SIMULADO,1,TA07,ALM-ESTE,2,1220100000013
BASE,COLAPSO_LOGISTICO-CRITICA-N01,RECOCIDO_SIMULADO,1,TA07,ALM-ESTE,3,1220100000029
BASE,COLAPSO_LOGISTICO-CRITICA-N01,RECOCIDO_SIMULADO,1,TA07,ALM-ESTE,4,1220100000028
BASE,COLAPSO_LOGISTICO-CRITICA-N01,RECOCIDO_SIMULADO,1,TA08,ALM-ESTE,1,1220100000001
BASE,COLAPSO_LOGISTICO-CRITICA-N01,RECOCIDO_SIMULADO,1,TA08,ALM-ESTE,2,1220100000014
BASE,COLAPSO_LOGISTICO-CRITICA-N01,RECOCIDO_SIMULADO,1,TA08,ALM-ESTE,3,1220100000032
BASE,COLAPSO_LOGISTICO-CRITICA-N01,RECOCIDO_SIMULADO,1,TA09,ALM-ESTE,1,1220100000026
BASE,COLAPSO_LOGISTICO-CRITICA-N01,RECOCIDO_SIMULADO,1,TA09,ALM-ESTE,2,1220100000041
BASE,COLAPSO_LOGISTICO-CRITICA-N01,RECOCIDO_SIMULADO,1,TA09,ALM-ESTE,3,1220100000036
BASE,COLAPSO_LOGISTICO-CRITICA-N01,RECOCIDO_SIMULADO,1,TA09,ALM-ESTE,4,1220100000034
BASE,COLAPSO_LOGISTICO-CRITICA-N01,RECOCIDO_SIMULADO,1,TA10,ALM-ESTE,1,1220100000047
BASE,COLAPSO_LOGISTICO-CRITICA-N01,RECOCIDO_SIMULADO,1,TA10,ALM-ESTE,2,1220100000010
BASE,COLAPSO_LOGISTICO-CRITICA-N01,RECOCIDO_SIMULADO,1,TA10,ALM-ESTE,3,1220100000046
BASE,COLAPSO_LOGISTICO-CRITICA-N01,RECOCIDO_SIMULADO,1,TM01,ALM-ESTE,1,1220100000002
BASE,COLAPSO_LOGISTICO-CRITICA-N01,RECOCIDO_SIMULADO,1,TM01,ALM-ESTE,2,1220100000020
BASE,COLAPSO_LOGISTICO-CRITICA-N01,RECOCIDO_SIMULADO,1,TM02,ALM-ESTE,1,1220100000006
BASE,COLAPSO_LOGISTICO-CRITICA-N01,RECOCIDO_SIMULADO,1,TM02,ALM-ESTE,2,1220100000037
BASE,COLAPSO_LOGISTICO-CRITICA-N01,RECOCIDO_SIMULADO,1,TM03,ALM-ESTE,1,1220100000045
BASE,COLAPSO_LOGISTICO-CRITICA-N01,RECOCIDO_SIMULADO,1,TM03,ALM-ESTE,2,1220100000039
BASE,COLAPSO_LOGISTICO-CRITICA-N01,RECOCIDO_SIMULADO,1,TM04,ALM-ESTE,1,1220100000025
BASE,COLAPSO_LOGISTICO-CRITICA-N01,RECOCIDO_SIMULADO,1,TM04,ALM-ESTE,2,1220100000021
BASE,COLAPSO_LOGISTICO-CRITICA-N01,RECOCIDO_SIMULADO,1,TM05,ALM-ESTE,1,1220100000033
BASE,COLAPSO_LOGISTICO-CRITICA-N01,RECOCIDO_SIMULADO,1,NO_ASIGNADO,,,1220100000008
BASE,COLAPSO_LOGISTICO-CRITICA-N01,RECOCIDO_SIMULADO,1,NO_ASIGNADO,,,1220100000022
BASE,COLAPSO_LOGISTICO-CRITICA-N01,RECOCIDO_SIMULADO,1,NO_ASIGNADO,,,1220100000004
BASE,COLAPSO_LOGISTICO-CRITICA-N01,GENETICO,1,TA01,ALM-ESTE,1,1220100000002
BASE,COLAPSO_LOGISTICO-CRITICA-N01,GENETICO,1,TA01,ALM-ESTE,2,1220100000012
BASE,COLAPSO_LOGISTICO-CRITICA-N01,GENETICO,1,TA01,ALM-ESTE,3,1220100000045
BASE,COLAPSO_LOGISTICO-CRITICA-N01,GENETICO,1,TA01,ALM-ESTE,4,1220100000024
BASE,COLAPSO_LOGISTICO-CRITICA-N01,GENETICO,1,TA01,ALM-ESTE,5,1220100000043
BASE,COLAPSO_LOGISTICO-CRITICA-N01,GENETICO,1,TA01,ALM-ESTE,6,1220100000028
BASE,COLAPSO_LOGISTICO-CRITICA-N01,GENETICO,1,TA02,ALM-ESTE,1,1220100000044
BASE,COLAPSO_LOGISTICO-CRITICA-N01,GENETICO,1,TA02,ALM-ESTE,2,1220100000035
BASE,COLAPSO_LOGISTICO-CRITICA-N01,GENETICO,1,TA02,ALM-ESTE,3,1220100000040
BASE,COLAPSO_LOGISTICO-CRITICA-N01,GENETICO,1,TA02,ALM-ESTE,4,1220100000018
BASE,COLAPSO_LOGISTICO-CRITICA-N01,GENETICO,1,TA03,ALM-ESTE,1,1220100000038
BASE,COLAPSO_LOGISTICO-CRITICA-N01,GENETICO,1,TA03,ALM-ESTE,2,1220100000033
BASE,COLAPSO_LOGISTICO-CRITICA-N01,GENETICO,1,TA03,ALM-ESTE,3,1220100000020
BASE,COLAPSO_LOGISTICO-CRITICA-N01,GENETICO,1,TA03,ALM-ESTE,4,1220100000015
BASE,COLAPSO_LOGISTICO-CRITICA-N01,GENETICO,1,TA04,ALM-ESTE,1,1220100000026
BASE,COLAPSO_LOGISTICO-CRITICA-N01,GENETICO,1,TA04,ALM-ESTE,2,1220100000016
BASE,COLAPSO_LOGISTICO-CRITICA-N01,GENETICO,1,TA05,ALM-ESTE,1,1220100000003
BASE,COLAPSO_LOGISTICO-CRITICA-N01,GENETICO,1,TA05,ALM-ESTE,2,1220100000039
BASE,COLAPSO_LOGISTICO-CRITICA-N01,GENETICO,1,TA06,ALM-ESTE,1,1220100000009
BASE,COLAPSO_LOGISTICO-CRITICA-N01,GENETICO,1,TA06,ALM-ESTE,2,1220100000029
BASE,COLAPSO_LOGISTICO-CRITICA-N01,GENETICO,1,TA07,ALM-ESTE,1,1220100000030
BASE,COLAPSO_LOGISTICO-CRITICA-N01,GENETICO,1,TA07,ALM-ESTE,2,1220100000041
BASE,COLAPSO_LOGISTICO-CRITICA-N01,GENETICO,1,TA07,ALM-ESTE,3,1220100000010
BASE,COLAPSO_LOGISTICO-CRITICA-N01,GENETICO,1,TA07,ALM-ESTE,4,1220100000013
BASE,COLAPSO_LOGISTICO-CRITICA-N01,GENETICO,1,TA08,ALM-ESTE,1,1220100000042
BASE,COLAPSO_LOGISTICO-CRITICA-N01,GENETICO,1,TA08,ALM-ESTE,2,1220100000036
BASE,COLAPSO_LOGISTICO-CRITICA-N01,GENETICO,1,TA08,ALM-ESTE,3,1220100000037
BASE,COLAPSO_LOGISTICO-CRITICA-N01,GENETICO,1,TA09,ALM-ESTE,1,1220100000005
BASE,COLAPSO_LOGISTICO-CRITICA-N01,GENETICO,1,TA09,ALM-ESTE,2,1220100000046
BASE,COLAPSO_LOGISTICO-CRITICA-N01,GENETICO,1,TA09,ALM-ESTE,3,1220100000017
BASE,COLAPSO_LOGISTICO-CRITICA-N01,GENETICO,1,TA10,ALM-ESTE,1,1220100000000
BASE,COLAPSO_LOGISTICO-CRITICA-N01,GENETICO,1,TA10,ALM-ESTE,2,1220100000048
BASE,COLAPSO_LOGISTICO-CRITICA-N01,GENETICO,1,TB01,ALM-ESTE,1,1220100000019
BASE,COLAPSO_LOGISTICO-CRITICA-N01,GENETICO,1,TB02,ALM-ESTE,1,1220100000031
BASE,COLAPSO_LOGISTICO-CRITICA-N01,GENETICO,1,TB03,ALM-ESTE,1,1220100000023
BASE,COLAPSO_LOGISTICO-CRITICA-N01,GENETICO,1,TB04,ALM-ESTE,1,1220100000025
BASE,COLAPSO_LOGISTICO-CRITICA-N01,GENETICO,1,TB05,ALM-ESTE,1,1220100000006
BASE,COLAPSO_LOGISTICO-CRITICA-N01,GENETICO,1,TM01,ALM-NOROESTE,1,1220100000011
BASE,COLAPSO_LOGISTICO-CRITICA-N01,GENETICO,1,TM02,ALM-ESTE,1,1220100000027
BASE,COLAPSO_LOGISTICO-CRITICA-N01,GENETICO,1,TM03,ALM-NOROESTE,1,1220100000001
BASE,COLAPSO_LOGISTICO-CRITICA-N01,GENETICO,1,TM04,ALM-ESTE,1,1220100000014
BASE,COLAPSO_LOGISTICO-CRITICA-N01,GENETICO,1,TM05,ALM-ESTE,1,1220100000007
BASE,COLAPSO_LOGISTICO-CRITICA-N01,GENETICO,1,TM06,ALM-ESTE,1,1220100000021
BASE,COLAPSO_LOGISTICO-CRITICA-N01,GENETICO,1,TM07,ALM-ESTE,1,1220100000047
BASE,COLAPSO_LOGISTICO-CRITICA-N01,GENETICO,1,TM08,ALM-ESTE,1,1220100000032
BASE,COLAPSO_LOGISTICO-CRITICA-N01,GENETICO,1,TM09,ALM-ESTE,1,1220100000034
BASE,COLAPSO_LOGISTICO-CRITICA-N01,GENETICO,1,NO_ASIGNADO,,,1220100000008
BASE,COLAPSO_LOGISTICO-CRITICA-N01,GENETICO,1,NO_ASIGNADO,,,1220100000022
BASE,COLAPSO_LOGISTICO-CRITICA-N01,GENETICO,1,NO_ASIGNADO,,,1220100000004
