variante,escenario,escenario_operativo,perfil_presion,tamanio,nivel,repeticion,semilla,algoritmo,tiempo_ms,evaluaciones,F,T_horas,R_horas,N,V,factible,verificada,cumplimiento_pct,cumplimiento_prioritarios_pct,costo,distancia_km,utilizacion_pct,temperatura_inicial,pedidos_afectados_incidencia,vehiculos_averia_incidente,tiempo_replanificacion_ms,replanificacion_exitosa
BASE,OPERACION_DIARIA-NORMAL-N01,OPERACION_DIARIA,NORMAL,25,1,0,42,GENETICO,502.0115,9060,84.448333,84.448333,0,0,0,true,true,100,100,10436,1470,29.947917,,,,,
BASE,OPERACION_DIARIA-NORMAL-N01,OPERACION_DIARIA,NORMAL,25,1,0,42,RECOCIDO_SIMULADO,9.001,861,86.263333,86.263333,0,0,0,true,true,100,100,9984,1474,29.947917,2.642425,,,,
BASE,OPERACION_DIARIA-NORMAL-N01,OPERACION_DIARIA,NORMAL,25,1,1,43,RECOCIDO_SIMULADO,7.4416,781,86.263333,86.263333,0,0,0,true,true,100,100,9984,1474,29.947917,2.310887,,,,
BASE,OPERACION_DIARIA-NORMAL-N01,OPERACION_DIARIA,NORMAL,25,1,1,43,GENETICO,722.7338,9060,84.463333,84.463333,0,0,0,true,true,100,100,10448,1472,29.947917,,,,,
BASE,OPERACION_DIARIA-NORMAL-N01,OPERACION_DIARIA,NORMAL,25,1,2,44,GENETICO,627.2675,9060,84.478333,84.478333,0,0,0,true,true,100,100,10460,1474,29.947917,,,,,
BASE,OPERACION_DIARIA-NORMAL-N01,OPERACION_DIARIA,NORMAL,25,1,2,44,RECOCIDO_SIMULADO,8.0633,861,86.263333,86.263333,0,0,0,true,true,100,100,9984,1474,29.947917,2.643916,,,,
BASE,OPERACION_DIARIA-NORMAL-N01,OPERACION_DIARIA,NORMAL,25,1,3,45,RECOCIDO_SIMULADO,8.9025,981,86.263333,86.263333,0,0,0,true,true,100,100,9984,1474,29.947917,2.94504,,,,
BASE,OPERACION_DIARIA-NORMAL-N01,OPERACION_DIARIA,NORMAL,25,1,3,45,GENETICO,530.6102,9060,84.643333,84.643333,0,0,0,true,true,100,100,10384,1470,29.947917,,,,,
BASE,OPERACION_DIARIA-NORMAL-N01,OPERACION_DIARIA,NORMAL,25,1,4,46,GENETICO,704.5852,9060,84.598333,84.598333,0,0,0,true,true,100,100,10396,1470,29.947917,,,,,
BASE,OPERACION_DIARIA-NORMAL-N01,OPERACION_DIARIA,NORMAL,25,1,4,46,RECOCIDO_SIMULADO,9.819,1061,86.263333,86.263333,0,0,0,true,true,100,100,9984,1474,29.947917,3.337714,,,,
BASE,OPERACION_DIARIA-NORMAL-N01,OPERACION_DIARIA,NORMAL,25,1,5,47,RECOCIDO_SIMULADO,7.8755,861,86.263333,86.263333,0,0,0,true,true,100,100,9984,1474,29.947917,2.56445,,,,
BASE,OPERACION_DIARIA-NORMAL-N01,OPERACION_DIARIA,NORMAL,25,1,5,47,GENETICO,555.9672,9060,84.808333,84.808333,0,0,0,true,true,100,100,10372,1474,29.947917,,,,,
BASE,OPERACION_DIARIA-NORMAL-N01,OPERACION_DIARIA,NORMAL,25,1,6,48,GENETICO,509.7217,9060,84.673333,84.673333,0,0,0,true,true,100,100,10392,1472,29.947917,,,,,
BASE,OPERACION_DIARIA-NORMAL-N01,OPERACION_DIARIA,NORMAL,25,1,6,48,RECOCIDO_SIMULADO,8.0833,901,86.263333,86.263333,0,0,0,true,true,100,100,9984,1474,29.947917,2.760974,,,,
BASE,OPERACION_DIARIA-NORMAL-N01,OPERACION_DIARIA,NORMAL,25,1,7,49,RECOCIDO_SIMULADO,8.3161,941,86.263333,86.263333,0,0,0,true,true,100,100,9984,1474,29.947917,2.916645,,,,
BASE,OPERACION_DIARIA-NORMAL-N01,OPERACION_DIARIA,NORMAL,25,1,7,49,GENETICO,755.0434,9060,84.538333,84.538333,0,0,0,true,true,100,100,10412,1470,29.947917,,,,,
BASE,OPERACION_DIARIA-NORMAL-N01,OPERACION_DIARIA,NORMAL,25,1,8,50,GENETICO,597.8799,9060,84.603333,84.603333,0,0,0,true,true,100,100,10536,1486,29.947917,,,,,
BASE,OPERACION_DIARIA-NORMAL-N01,OPERACION_DIARIA,NORMAL,25,1,8,50,RECOCIDO_SIMULADO,9.8395,1141,86.263333,86.263333,0,0,0,true,true,100,100,9984,1474,29.947917,3.756698,,,,
BASE,OPERACION_DIARIA-NORMAL-N01,OPERACION_DIARIA,NORMAL,25,1,9,51,RECOCIDO_SIMULADO,7.7757,861,86.263333,86.263333,0,0,0,true,true,100,100,9984,1474,29.947917,2.570706,,,,
BASE,OPERACION_DIARIA-NORMAL-N01,OPERACION_DIARIA,NORMAL,25,1,9,51,GENETICO,613.2766,9060,84.478333,84.478333,0,0,0,true,true,100,100,10460,1474,29.947917,,,,,
BASE,OPERACION_DIARIA-NORMAL-N01,OPERACION_DIARIA,NORMAL,25,1,10,52,GENETICO,563.3103,9060,84.463333,84.463333,0,0,0,true,true,100,100,10448,1472,29.947917,,,,,
BASE,OPERACION_DIARIA-NORMAL-N01,OPERACION_DIARIA,NORMAL,25,1,10,52,RECOCIDO_SIMULADO,7.41,781,86.263333,86.263333,0,0,0,true,true,100,100,9984,1474,29.947917,2.282907,,,,
BASE,OPERACION_DIARIA-NORMAL-N01,OPERACION_DIARIA,NORMAL,25,1,11,53,RECOCIDO_SIMULADO,7.1549,781,86.263333,86.263333,0,0,0,true,true,100,100,9984,1474,29.947917,2.286844,,,,
BASE,OPERACION_DIARIA-NORMAL-N01,OPERACION_DIARIA,NORMAL,25,1,11,53,GENETICO,769.9243,9060,84.448333,84.448333,0,0,0,true,true,100,100,10436,1470,29.947917,,,,,
BASE,OPERACION_DIARIA-NORMAL-N01,OPERACION_DIARIA,NORMAL,25,1,12,54,GENETICO,743.1878,9060,84.448333,84.448333,0,0,0,true,true,100,100,10436,1470,29.947917,,,,,
BASE,OPERACION_DIARIA-NORMAL-N01,OPERACION_DIARIA,NORMAL,25,1,12,54,RECOCIDO_SIMULADO,6.498,701,86.263333,86.263333,0,0,0,true,true,100,100,9984,1474,29.947917,2.105596,,,,
BASE,OPERACION_DIARIA-NORMAL-N01,OPERACION_DIARIA,NORMAL,25,1,13,55,RECOCIDO_SIMULADO,7.3519,821,86.263333,86.263333,0,0,0,true,true,100,100,9984,1474,29.947917,2.512286,,,,
BASE,OPERACION_DIARIA-NORMAL-N01,OPERACION_DIARIA,NORMAL,25,1,13,55,GENETICO,662.6964,9060,84.658333,84.658333,0,0,0,true,true,100,100,10380,1470,29.947917,,,,,
BASE,OPERACION_DIARIA-NORMAL-N01,OPERACION_DIARIA,NORMAL,25,1,14,56,GENETICO,827.5118,9060,84.598333,84.598333,0,0,0,true,true,100,100,10396,1470,29.947917,,,,,
BASE,OPERACION_DIARIA-NORMAL-N01,OPERACION_DIARIA,NORMAL,25,1,14,56,RECOCIDO_SIMULADO,8.6389,981,86.263333,86.263333,0,0,0,true,true,100,100,9984,1474,29.947917,3.031885,,,,
BASE,OPERACION_DIARIA-NORMAL-N01,OPERACION_DIARIA,NORMAL,25,1,15,57,RECOCIDO_SIMULADO,8.4476,981,86.263333,86.263333,0,0,0,true,true,100,100,9984,1474,29.947917,2.992515,,,,
BASE,OPERACION_DIARIA-NORMAL-N01,OPERACION_DIARIA,NORMAL,25,1,15,57,GENETICO,536.3653,9060,84.598333,84.598333,0,0,0,true,true,100,100,10396,1470,29.947917,,,,,
BASE,OPERACION_DIARIA-NORMAL-N01,OPERACION_DIARIA,NORMAL,25,1,16,58,GENETICO,626.334,9060,84.628333,84.628333,0,0,0,true,true,100,100,10388,1470,29.947917,,,,,
BASE,OPERACION_DIARIA-NORMAL-N01,OPERACION_DIARIA,NORMAL,25,1,16,58,RECOCIDO_SIMULADO,10.3824,1061,86.263333,86.263333,0,0,0,true,true,100,100,9984,1474,29.947917,3.401751,,,,
BASE,OPERACION_DIARIA-NORMAL-N01,OPERACION_DIARIA,NORMAL,25,1,17,59,RECOCIDO_SIMULADO,8.5628,901,86.263333,86.263333,0,0,0,true,true,100,100,9984,1474,29.947917,2.744137,,,,
BASE,OPERACION_DIARIA-NORMAL-N01,OPERACION_DIARIA,NORMAL,25,1,17,59,GENETICO,653.709,9060,84.538333,84.538333,0,0,0,true,true,100,100,10412,1470,29.947917,,,,,
BASE,OPERACION_DIARIA-NORMAL-N01,OPERACION_DIARIA,NORMAL,25,1,18,60,GENETICO,619.5029,9060,84.478333,84.478333,0,0,0,true,true,100,100,10460,1474,29.947917,,,,,
BASE,OPERACION_DIARIA-NORMAL-N01,OPERACION_DIARIA,NORMAL,25,1,18,60,RECOCIDO_SIMULADO,5.6815,581,86.263333,86.263333,0,0,0,true,true,100,100,9984,1474,29.947917,1.811802,,,,
BASE,OPERACION_DIARIA-NORMAL-N01,OPERACION_DIARIA,NORMAL,25,1,19,61,RECOCIDO_SIMULADO,9.0842,1061,86.263333,86.263333,0,0,0,true,true,100,100,9984,1474,29.947917,3.292937,,,,
BASE,OPERACION_DIARIA-NORMAL-N01,OPERACION_DIARIA,NORMAL,25,1,19,61,GENETICO,751.2947,9060,84.463333,84.463333,0,0,0,true,true,100,100,10448,1472,29.947917,,,,,
BASE,OPERACION_DIARIA-NORMAL-N01,OPERACION_DIARIA,NORMAL,25,1,20,62,GENETICO,974.8343,9060,84.538333,84.538333,0,0,0,true,true,100,100,10428,1472,29.947917,,,,,
BASE,OPERACION_DIARIA-NORMAL-N01,OPERACION_DIARIA,NORMAL,25,1,20,62,RECOCIDO_SIMULADO,8.0836,901,86.263333,86.263333,0,0,0,true,true,100,100,9984,1474,29.947917,2.729917,,,,
BASE,OPERACION_DIARIA-NORMAL-N01,OPERACION_DIARIA,NORMAL,25,1,21,63,RECOCIDO_SIMULADO,7.2322,781,86.263333,86.263333,0,0,0,true,true,100,100,9984,1474,29.947917,2.327384,,,,
BASE,OPERACION_DIARIA-NORMAL-N01,OPERACION_DIARIA,NORMAL,25,1,21,63,GENETICO,725.4005,9060,84.823333,84.823333,0,0,0,true,true,100,100,10352,1472,29.947917,,,,,
BASE,OPERACION_DIARIA-NORMAL-N01,OPERACION_DIARIA,NORMAL,25,1,22,64,GENETICO,588.929,9060,84.538333,84.538333,0,0,0,true,true,100,100,10412,1470,29.947917,,,,,
BASE,OPERACION_DIARIA-NORMAL-N01,OPERACION_DIARIA,NORMAL,25,1,22,64,RECOCIDO_SIMULADO,10.3583,981,86.263333,86.263333,0,0,0,true,true,100,100,9984,1474,29.947917,3.022441,,,,
BASE,OPERACION_DIARIA-NORMAL-N01,OPERACION_DIARIA,NORMAL,25,1,23,65,RECOCIDO_SIMULADO,11.4568,1181,86.263333,86.263333,0,0,0,true,true,100,100,9984,1474,29.947917,3.829106,,,,
BASE,OPERACION_DIARIA-NORMAL-N01,OPERACION_DIARIA,NORMAL,25,1,23,65,GENETICO,711.6826,9060,84.643333,84.643333,0,0,0,true,true,100,100,10384,1470,29.947917,,,,,
BASE,OPERACION_DIARIA-NORMAL-N01,OPERACION_DIARIA,NORMAL,25,1,24,66,GENETICO,491.8055,9060,84.598333,84.598333,0,0,0,true,true,100,100,10396,1470,29.947917,,,,,
BASE,OPERACION_DIARIA-NORMAL-N01,OPERACION_DIARIA,NORMAL,25,1,24,66,RECOCIDO_SIMULADO,7.7962,861,86.263333,86.263333,0,0,0,true,true,100,100,9984,1474,29.947917,2.610533,,,,
BASE,OPERACION_DIARIA-NORMAL-N01,OPERACION_DIARIA,NORMAL,25,1,25,67,RECOCIDO_SIMULADO,8.4819,861,86.263333,86.263333,0,0,0,true,true,100,100,9984,1474,29.947917,2.627224,,,,
BASE,OPERACION_DIARIA-NORMAL-N01,OPERACION_DIARIA,NORMAL,25,1,25,67,GENETICO,608.6839,9060,84.658333,84.658333,0,0,0,true,true,100,100,10380,1470,29.947917,,,,,
BASE,OPERACION_DIARIA-NORMAL-N01,OPERACION_DIARIA,NORMAL,25,1,26,68,GENETICO,677.4039,9060,84.598333,84.598333,0,0,0,true,true,100,100,10396,1470,29.947917,,,,,
BASE,OPERACION_DIARIA-NORMAL-N01,OPERACION_DIARIA,NORMAL,25,1,26,68,RECOCIDO_SIMULADO,9.0016,981,86.263333,86.263333,0,0,0,true,true,100,100,9984,1474,29.947917,2.975667,,,,
BASE,OPERACION_DIARIA-NORMAL-N01,OPERACION_DIARIA,NORMAL,25,1,27,69,RECOCIDO_SIMULADO,10.0192,1061,86.263333,86.263333,0,0,0,true,true,100,100,9984,1474,29.947917,3.296364,,,,
BASE,OPERACION_DIARIA-NORMAL-N01,OPERACION_DIARIA,NORMAL,25,1,27,69,GENETICO,536.1189,9060,84.703333,84.703333,0,0,0,true,true,100,100,10368,1470,29.947917,,,,,
BASE,OPERACION_DIARIA-NORMAL-N01,OPERACION_DIARIA,NORMAL,25,1,28,70,GENETICO,720.682,9060,84.448333,84.448333,0,0,0,true,true,100,100,10436,1470,29.947917,,,,,
BASE,OPERACION_DIARIA-NORMAL-N01,OPERACION_DIARIA,NORMAL,25,1,28,70,RECOCIDO_SIMULADO,7.6993,741,86.263333,86.263333,0,0,0,true,true,100,100,9984,1474,29.947917,2.237868,,,,
BASE,OPERACION_DIARIA-NORMAL-N01,OPERACION_DIARIA,NORMAL,25,1,29,71,RECOCIDO_SIMULADO,8.1917,821,86.263333,86.263333,0,0,0,true,true,100,100,9984,1474,29.947917,2.437264,,,,
BASE,OPERACION_DIARIA-NORMAL-N01,OPERACION_DIARIA,NORMAL,25,1,29,71,GENETICO,693.1094,9060,84.448333,84.448333,0,0,0,true,true,100,100,10436,1470,29.947917,,,,,
BASE,OPERACION_DIARIA-NORMAL-N02,OPERACION_DIARIA,NORMAL,25,2,0,42,GENETICO,747.7333,9060,94.95,94.95,0,0,0,true,true,100,100,11688,1656,30.46875,,,,,
BASE,OPERACION_DIARIA-NORMAL-N02,OPERACION_DIARIA,NORMAL,25,2,0,42,RECOCIDO_SIMULADO,32.5498,3861,95.85,95.85,0,0,0,true,true,100,100,11448,1656,30.46875,119.21018,,,,
BASE,OPERACION_DIARIA-NORMAL-N02,OPERACION_DIARIA,NORMAL,25,2,1,43,RECOCIDO_SIMULADO,28.8404,3541,95.85,95.85,0,0,0,true,true,100,100,11448,1656,30.46875,80.981671,,,,
BASE,OPERACION_DIARIA-NORMAL-N02,OPERACION_DIARIA,NORMAL,25,2,1,43,GENETICO,426.4941,9060,94.775,94.775,0,0,0,true,true,100,100,11188,1586,30.46875,,,,,
BASE,OPERACION_DIARIA-NORMAL-N02,OPERACION_DIARIA,NORMAL,25,2,2,44,GENETICO,476.6667,9060,95.34,95.34,0,0,0,true,true,100,100,11232,1612,30.46875,,,,,
BASE,OPERACION_DIARIA-NORMAL-N02,OPERACION_DIARIA,NORMAL,25,2,2,44,RECOCIDO_SIMULADO,28.8212,3581,95.85,95.85,0,0,0,true,true,100,100,11448,1656,30.46875,83.254489,,,,
BASE,OPERACION_DIARIA-NORMAL-N02,OPERACION_DIARIA,NORMAL,25,2,3,45,RECOCIDO_SIMULADO,27.1622,3381,95.85,95.85,0,0,0,true,true,100,100,11448,1656,30.46875,64.433721,,,,
BASE,OPERACION_DIARIA-NORMAL-N02,OPERACION_DIARIA,NORMAL,25,2,3,45,GENETICO,442.6496,9060,94.935,94.935,0,0,0,true,true,100,100,11676,1654,30.46875,,,,,
BASE,OPERACION_DIARIA-NORMAL-N02,OPERACION_DIARIA,NORMAL,25,2,4,46,GENETICO,483.3234,9060,94.74,94.74,0,0,0,true,true,100,100,11392,1612,30.46875,,,,,
BASE,OPERACION_DIARIA-NORMAL-N02,OPERACION_DIARIA,NORMAL,25,2,4,46,RECOCIDO_SIMULADO,31.6812,3861,95.85,95.85,0,0,0,true,true,100,100,11448,1656,30.46875,118.842008,,,,
BASE,OPERACION_DIARIA-NORMAL-N02,OPERACION_DIARIA,NORMAL,25,2,5,47,RECOCIDO_SIMULADO,33.6648,3941,95.85,95.85,0,0,0,true,true,100,100,11448,1656,30.46875,132.779813,,,,
BASE,OPERACION_DIARIA-NORMAL-N02,OPERACION_DIARIA,NORMAL,25,2,5,47,GENETICO,888.4567,9060,94.755,94.755,0,0,0,true,true,100,100,11388,1612,30.46875,,,,,
BASE,OPERACION_DIARIA-NORMAL-N02,OPERACION_DIARIA,NORMAL,25,2,6,48,GENETICO,616.8888,9060,94.725,94.725,0,0,0,true,true,100,100,11396,1612,30.46875,,,,,
BASE,OPERACION_DIARIA-NORMAL-N02,OPERACION_DIARIA,NORMAL,25,2,6,48,RECOCIDO_SIMULADO,27.456,3421,95.85,95.85,0,0,0,true,true,100,100,11448,1656,30.46875,68.205827,,,,
BASE,OPERACION_DIARIA-NORMAL-N02,OPERACION_DIARIA,NORMAL,25,2,7,49,RECOCIDO_SIMULADO,28.5288,3621,95.85,95.85,0,0,0,true,true,100,100,11448,1656,30.46875,88.198113,,,,
BASE,OPERACION_DIARIA-NORMAL-N02,OPERACION_DIARIA,NORMAL,25,2,7,49,GENETICO,572.9395,9060,95.055,95.055,0,0,0,true,true,100,100,11660,1656,30.46875,,,,,
BASE,OPERACION_DIARIA-NORMAL-N02,OPERACION_DIARIA,NORMAL,25,2,8,50,GENETICO,523.9276,9060,94.95,94.95,0,0,0,true,true,100,100,11688,1656,30.46875,,,,,
BASE,OPERACION_DIARIA-NORMAL-N02,OPERACION_DIARIA,NORMAL,25,2,8,50,RECOCIDO_SIMULADO,42.3265,3861,95.85,95.85,0,0,0,true,true,100,100,11448,1656,30.46875,119.054858,,,,
BASE,OPERACION_DIARIA-NORMAL-N02,OPERACION_DIARIA,NORMAL,25,2,9,51,RECOCIDO_SIMULADO,32.2873,3981,95.85,95.85,0,0,0,true,true,100,100,11448,1656,30.46875,140.195628,,,,
BASE,OPERACION_DIARIA-NORMAL-N02,OPERACION_DIARIA,NORMAL,25,2,9,51,GENETICO,423.4448,9060,94.725,94.725,0,0,0,true,true,100,100,11396,1612,30.46875,,,,,
BASE,OPERACION_DIARIA-NORMAL-N02,OPERACION_DIARIA,NORMAL,25,2,10,52,GENETICO,663.9169,9060,94.755,94.755,0,0,0,true,true,100,100,11388,1612,30.46875,,,,,
BASE,OPERACION_DIARIA-NORMAL-N02,OPERACION_DIARIA,NORMAL,25,2,10,52,RECOCIDO_SIMULADO,32.6159,4141,95.85,95.85,0,0,0,true,true,100,100,11448,1656,30.46875,177.068444,,,,
BASE,OPERACION_DIARIA-NORMAL-N02,OPERACION_DIARIA,NORMAL,25,2,11,53,RECOCIDO_SIMULADO,30.1661,3821,95.85,95.85,0,0,0,true,true,100,100,11448,1656,30.46875,112.177954,,,,
BASE,OPERACION_DIARIA-NORMAL-N02,OPERACION_DIARIA,NORMAL,25,2,11,53,GENETICO,695.5593,9060,94.92,94.92,0,0,0,true,true,100,100,11696,1656,30.46875,,,,,
BASE,OPERACION_DIARIA-NORMAL-N02,OPERACION_DIARIA,NORMAL,25,2,12,54,GENETICO,430.927,9060,94.92,94.92,0,0,0,true,true,100,100,11344,1612,30.46875,,,,,
BASE,OPERACION_DIARIA-NORMAL-N02,OPERACION_DIARIA,NORMAL,25,2,12,54,RECOCIDO_SIMULADO,32.8359,4181,95.85,95.85,0,0,0,true,true,100,100,11448,1656,30.46875,184.164799,,,,
BASE,OPERACION_DIARIA-NORMAL-N02,OPERACION_DIARIA,NORMAL,25,2,13,55,RECOCIDO_SIMULADO,31.0315,3941,95.85,95.85,0,0,0,true,true,100,100,11448,1656,30.46875,131.933172,,,,
BASE,OPERACION_DIARIA-NORMAL-N02,OPERACION_DIARIA,NORMAL,25,2,13,55,GENETICO,602.8486,9060,95.055,95.055,0,0,0,true,true,100,100,11308,1612,30.46875,,,,,
BASE,OPERACION_DIARIA-NORMAL-N02,OPERACION_DIARIA,NORMAL,25,2,14,56,GENETICO,622.627,9060,94.935,94.935,0,0,0,true,true,100,100,11340,1612,30.46875,,,,,
BASE,OPERACION_DIARIA-NORMAL-N02,OPERACION_DIARIA,NORMAL,25,2,14,56,RECOCIDO_SIMULADO,31.5955,3981,95.85,95.85,0,0,0,true,true,100,100,11448,1656,30.46875,137.607073,,,,
BASE,OPERACION_DIARIA-NORMAL-N02,OPERACION_DIARIA,NORMAL,25,2,15,57,RECOCIDO_SIMULADO,29.7823,3901,95.85,95.85,0,0,0,true,true,100,100,11448,1656,30.46875,129.610308,,,,
BASE,OPERACION_DIARIA-NORMAL-N02,OPERACION_DIARIA,NORMAL,25,2,15,57,GENETICO,736.2787,9060,95.145,95.145,0,0,0,true,true,100,100,11284,1612,30.46875,,,,,
BASE,OPERACION_DIARIA-NORMAL-N02,OPERACION_DIARIA,NORMAL,25,2,16,58,GENETICO,644.841,9060,94.59,94.59,0,0,0,true,true,100,100,11432,1612,30.46875,,,,,
BASE,OPERACION_DIARIA-NORMAL-N02,OPERACION_DIARIA,NORMAL,25,2,16,58,RECOCIDO_SIMULADO,29.0368,3661,95.85,95.85,0,0,0,true,true,100,100,11448,1656,30.46875,93.230788,,,,
BASE,OPERACION_DIARIA-NORMAL-N02,OPERACION_DIARIA,NORMAL,25,2,17,59,RECOCIDO_SIMULADO,29.8172,3741,95.85,95.85,0,0,0,true,true,100,100,11448,1656,30.46875,104.342377,,,,
BASE,OPERACION_DIARIA-NORMAL-N02,OPERACION_DIARIA,NORMAL,25,2,17,59,GENETICO,524.9422,9060,94.77,94.77,0,0,0,true,true,100,100,11544,1632,30.46875,,,,,
BASE,OPERACION_DIARIA-NORMAL-N02,OPERACION_DIARIA,NORMAL,25,2,18,60,GENETICO,573.1295,9060,94.95,94.95,0,0,0,true,true,100,100,11688,1656,30.46875,,,,,
BASE,OPERACION_DIARIA-NORMAL-N02,OPERACION_DIARIA,NORMAL,25,2,18,60,RECOCIDO_SIMULADO,32.6841,4101,95.85,95.85,0,0,0,true,true,100,100,11448,1656,30.46875,168.755124,,,,
BASE,OPERACION_DIARIA-NORMAL-N02,OPERACION_DIARIA,NORMAL,25,2,19,61,RECOCIDO_SIMULADO,30.8193,3621,95.85,95.85,0,0,0,true,true,100,100,11448,1656,30.46875,88.184871,,,,
BASE,OPERACION_DIARIA-NORMAL-N02,OPERACION_DIARIA,NORMAL,25,2,19,61,GENETICO,588.3624,9060,94.77,94.77,0,0,0,true,true,100,100,11384,1612,30.46875,,,,,
BASE,OPERACION_DIARIA-NORMAL-N02,OPERACION_DIARIA,NORMAL,25,2,20,62,GENETICO,683.5006,9060,94.725,94.725,0,0,0,true,true,100,100,11396,1612,30.46875,,,,,
BASE,OPERACION_DIARIA-NORMAL-N02,OPERACION_DIARIA,NORMAL,25,2,20,62,RECOCIDO_SIMULADO,32.5251,4021,95.85,95.85,0,0,0,true,true,100,100,11448,1656,30.46875,149.411227,,,,
BASE,OPERACION_DIARIA-NORMAL-N02,OPERACION_DIARIA,NORMAL,25,2,21,63,RECOCIDO_SIMULADO,29.6085,3821,95.85,95.85,0,0,0,true,true,100,100,11448,1656,30.46875,113.35736,,,,
BASE,OPERACION_DIARIA-NORMAL-N02,OPERACION_DIARIA,NORMAL,25,2,21,63,GENETICO,651.0596,9060,94.92,94.92,0,0,0,true,true,100,100,11696,1656,30.46875,,,,,
BASE,OPERACION_DIARIA-NORMAL-N02,OPERACION_DIARIA,NORMAL,25,2,22,64,GENETICO,647.2285,9060,95.205,95.205,0,0,0,true,true,100,100,11268,1612,30.46875,,,,,
BASE,OPERACION_DIARIA-NORMAL-N02,OPERACION_DIARIA,NORMAL,25,2,22,64,RECOCIDO_SIMULADO,29.5108,3741,95.85,95.85,0,0,0,true,true,100,100,11448,1656,30.46875,102.881215,,,,
BASE,OPERACION_DIARIA-NORMAL-N02,OPERACION_DIARIA,NORMAL,25,2,23,65,RECOCIDO_SIMULADO,28.9128,3621,95.85,95.85,0,0,0,true,true,100,100,11448,1656,30.46875,87.550775,,,,
BASE,OPERACION_DIARIA-NORMAL-N02,OPERACION_DIARIA,NORMAL,25,2,23,65,GENETICO,569.5094,9060,94.905,94.905,0,0,0,true,true,100,100,11684,1654,30.46875,,,,,
BASE,OPERACION_DIARIA-NORMAL-N02,OPERACION_DIARIA,NORMAL,25,2,24,66,GENETICO,706.1844,9060,95.07,95.07,0,0,0,true,true,100,100,11304,1612,30.46875,,,,,
BASE,OPERACION_DIARIA-NORMAL-N02,OPERACION_DIARIA,NORMAL,25,2,24,66,RECOCIDO_SIMULADO,28.5189,3581,95.85,95.85,0,0,0,true,true,100,100,11448,1656,30.46875,86.469218,,,,
BASE,OPERACION_DIARIA-NORMAL-N02,OPERACION_DIARIA,NORMAL,25,2,25,67,RECOCIDO_SIMULADO,31.1378,3821,95.85,95.85,0,0,0,true,true,100,100,11448,1656,30.46875,115.743979,,,,
BASE,OPERACION_DIARIA-NORMAL-N02,OPERACION_DIARIA,NORMAL,25,2,25,67,GENETICO,568.547,9060,94.755,94.755,0,0,0,true,true,100,100,11388,1612,30.46875,,,,,
BASE,OPERACION_DIARIA-NORMAL-N02,OPERACION_DIARIA,NORMAL,25,2,26,68,GENETICO,581.1888,9060,94.59,94.59,0,0,0,true,true,100,100,11432,1612,30.46875,,,,,
BASE,OPERACION_DIARIA-NORMAL-N02,OPERACION_DIARIA,NORMAL,25,2,26,68,RECOCIDO_SIMULADO,27.4618,3581,95.85,95.85,0,0,0,true,true,100,100,11448,1656,30.46875,84.123909,,,,
BASE,OPERACION_DIARIA-NORMAL-N02,OPERACION_DIARIA,NORMAL,25,2,27,69,RECOCIDO_SIMULADO,23.0625,2941,95.85,95.85,0,0,0,true,true,100,100,11448,1656,30.46875,36.930751,,,,
BASE,OPERACION_DIARIA-NORMAL-N02,OPERACION_DIARIA,NORMAL,25,2,27,69,GENETICO,513.5532,9060,94.755,94.755,0,0,0,true,true,100,100,11532,1630,30.46875,,,,,
BASE,OPERACION_DIARIA-NORMAL-N02,OPERACION_DIARIA,NORMAL,25,2,28,70,GENETICO,371.7558,9060,94.935,94.935,0,0,0,true,true,100,100,11676,1654,30.46875,,,,,
BASE,OPERACION_DIARIA-NORMAL-N02,OPERACION_DIARIA,NORMAL,25,2,28,70,RECOCIDO_SIMULADO,31.4364,3981,95.85,95.85,0,0,0,true,true,100,100,11448,1656,30.46875,141.871872,,,,
BASE,OPERACION_DIARIA-NORMAL-N02,OPERACION_DIARIA,NORMAL,25,2,29,71,RECOCIDO_SIMULADO,29.3847,3861,95.85,95.85,0,0,0,true,true,100,100,11448,1656,30.46875,121.197773,,,,
BASE,OPERACION_DIARIA-NORMAL-N02,OPERACION_DIARIA,NORMAL,25,2,29,71,GENETICO,641.7712,9060,94.91,94.91,0,0,0,true,true,100,100,11632,1646,30.46875,,,,,
BASE,OPERACION_DIARIA-NORMAL-N03,OPERACION_DIARIA,NORMAL,25,3,0,42,GENETICO,661.1489,9060,201.048333,105.215,0.958333,0,0,true,true,92,87.5,10932,1572,34.114583,,,,,
BASE,OPERACION_DIARIA-NORMAL-N03,OPERACION_DIARIA,NORMAL,25,3,0,42,RECOCIDO_SIMULADO,14.8538,1741,202.848333,107.015,0.958333,0,0,true,true,92,87.5,10988,1594,34.114583,7.868671,,,,
BASE,OPERACION_DIARIA-NORMAL-N03,OPERACION_DIARIA,NORMAL,25,3,1,43,RECOCIDO_SIMULADO,17.6674,1981,202.848333,107.015,0.958333,0,0,true,true,92,87.5,10988,1594,34.114583,10.937598,,,,
BASE,OPERACION_DIARIA-NORMAL-N03,OPERACION_DIARIA,NORMAL,25,3,1,43,GENETICO,471.8579,9060,201.513333,105.68,0.958333,0,0,true,true,92,87.5,11272,1630,34.114583,,,,,
BASE,OPERACION_DIARIA-NORMAL-N03,OPERACION_DIARIA,NORMAL,25,3,2,44,GENETICO,366.3944,9060,201.378333,105.545,0.958333,0,0,true,true,92,87.5,11316,1656,34.114583,,,,,
BASE,OPERACION_DIARIA-NORMAL-N03,OPERACION_DIARIA,NORMAL,25,3,2,44,RECOCIDO_SIMULADO,15.5101,1861,202.848333,107.015,0.958333,0,0,true,true,92,87.5,10988,1594,34.114583,9.212079,,,,
BASE,OPERACION_DIARIA-NORMAL-N03,OPERACION_DIARIA,NORMAL,25,3,3,45,RECOCIDO_SIMULADO,9.0922,1061,202.848333,107.015,0.958333,0,0,true,true,92,87.5,10988,1594,34.114583,3.265856,,,,
BASE,OPERACION_DIARIA-NORMAL-N03,OPERACION_DIARIA,NORMAL,25,3,3,45,GENETICO,597.2425,9060,201.578333,105.745,0.958333,0,0,true,true,92,87.5,11076,1606,34.114583,,,,,
BASE,OPERACION_DIARIA-NORMAL-N03,OPERACION_DIARIA,NORMAL,25,3,4,46,GENETICO,332.1862,9060,201.633333,105.8,0.958333,0,0,true,true,92,87.5,10800,1570,34.114583,,,,,
BASE,OPERACION_DIARIA-NORMAL-N03,OPERACION_DIARIA,NORMAL,25,3,4,46,RECOCIDO_SIMULADO,17.6376,2221,202.848333,107.015,0.958333,0,0,true,true,92,87.5,10988,1594,34.114583,14.744268,,,,
BASE,OPERACION_DIARIA-NORMAL-N03,OPERACION_DIARIA,NORMAL,25,3,5,47,RECOCIDO_SIMULADO,17.8119,2261,202.848333,107.015,0.958333,0,0,true,true,92,87.5,10988,1594,34.114583,15.665347,,,,
BASE,OPERACION_DIARIA-NORMAL-N03,OPERACION_DIARIA,NORMAL,25,3,5,47,GENETICO,509.0605,9060,201.558333,105.725,0.958333,0,0,true,true,92,87.5,10820,1570,34.114583,,,,,
BASE,OPERACION_DIARIA-NORMAL-N03,OPERACION_DIARIA,NORMAL,25,3,6,48,GENETICO,342.9263,9060,201.633333,105.8,0.958333,0,0,true,true,92,87.5,10800,1570,34.114583,,,,,
BASE,OPERACION_DIARIA-NORMAL-N03,OPERACION_DIARIA,NORMAL,25,3,6,48,RECOCIDO_SIMULADO,17.0223,1661,202.848333,107.015,0.958333,0,0,true,true,92,87.5,10988,1594,34.114583,7.161856,,,,
BASE,OPERACION_DIARIA-NORMAL-N03,OPERACION_DIARIA,NORMAL,25,3,7,49,RECOCIDO_SIMULADO,13.5614,1661,202.848333,107.015,0.958333,0,0,true,true,92,87.5,10988,1594,34.114583,7.232075,,,,
BASE,OPERACION_DIARIA-NORMAL-N03,OPERACION_DIARIA,NORMAL,25,3,7,49,GENETICO,347.7319,9060,201.303333,105.47,0.958333,0,0,true,true,92,87.5,10888,1570,34.114583,,,,,
BASE,OPERACION_DIARIA-NORMAL-N03,OPERACION_DIARIA,NORMAL,25,3,8,50,GENETICO,651.9006,9060,201.408333,105.575,0.958333,0,0,true,true,92,87.5,11092,1604,34.114583,,,,,
BASE,OPERACION_DIARIA-NORMAL-N03,OPERACION_DIARIA,NORMAL,25,3,8,50,RECOCIDO_SIMULADO,15.3614,1781,202.848333,107.015,0.958333,0,0,true,true,92,87.5,10988,1594,34.114583,8.441726,,,,
BASE,OPERACION_DIARIA-NORMAL-N03,OPERACION_DIARIA,NORMAL,25,3,9,51,RECOCIDO_SIMULADO,13.4552,1621,202.848333,107.015,0.958333,0,0,true,true,92,87.5,10988,1594,34.114583,6.679952,,,,
BASE,OPERACION_DIARIA-NORMAL-N03,OPERACION_DIARIA,NORMAL,25,3,9,51,GENETICO,372.0139,9060,201.828333,105.995,0.958333,0,0,true,true,92,87.5,11188,1630,34.114583,,,,,
BASE,OPERACION_DIARIA-NORMAL-N03,OPERACION_DIARIA,NORMAL,25,3,10,52,GENETICO,473.9258,9060,201.303333,105.47,0.958333,0,0,true,true,92,87.5,10864,1572,34.114583,,,,,
BASE,OPERACION_DIARIA-NORMAL-N03,OPERACION_DIARIA,NORMAL,25,3,10,52,RECOCIDO_SIMULADO,12.5177,1501,202.848333,107.015,0.958333,0,0,true,true,92,87.5,10988,1594,34.114583,5.927274,,,,
BASE,OPERACION_DIARIA-NORMAL-N03,OPERACION_DIARIA,NORMAL,25,3,11,53,RECOCIDO_SIMULADO,11.9631,1421,202.848333,107.015,0.958333,0,0,true,true,92,87.5,10988,1594,34.114583,5.226648,,,,
BASE,OPERACION_DIARIA-NORMAL-N03,OPERACION_DIARIA,NORMAL,25,3,11,53,GENETICO,494.6921,9060,201.438333,105.605,0.958333,0,0,true,true,92,87.5,11300,1656,34.114583,,,,,
BASE,OPERACION_DIARIA-NORMAL-N03,OPERACION_DIARIA,NORMAL,25,3,12,54,GENETICO,1043.3634,9060,201.138333,105.305,0.958333,0,0,true,true,92,87.5,11084,1594,34.114583,,,,,
BASE,OPERACION_DIARIA-NORMAL-N03,OPERACION_DIARIA,NORMAL,25,3,12,54,RECOCIDO_SIMULADO,16.7819,2061,202.848333,107.015,0.958333,0,0,true,true,92,87.5,10988,1594,34.114583,12.116005,,,,
BASE,OPERACION_DIARIA-NORMAL-N03,OPERACION_DIARIA,NORMAL,25,3,13,55,RECOCIDO_SIMULADO,23.472,3061,202.848333,107.015,0.958333,0,0,true,true,92,87.5,10988,1594,34.114583,42.548666,,,,
BASE,OPERACION_DIARIA-NORMAL-N03,OPERACION_DIARIA,NORMAL,25,3,13,55,GENETICO,710.8253,9060,201.378333,105.545,0.958333,0,0,true,true,92,87.5,11100,1604,34.114583,,,,,
BASE,OPERACION_DIARIA-NORMAL-N03,OPERACION_DIARIA,NORMAL,25,3,14,56,GENETICO,627.5708,9060,201.093333,105.26,0.958333,0,0,true,true,92,87.5,11176,1604,34.114583,,,,,
BASE,OPERACION_DIARIA-NORMAL-N03,OPERACION_DIARIA,NORMAL,25,3,14,56,RECOCIDO_SIMULADO,18.6855,1861,202.848333,107.015,0.958333,0,0,true,true,92,87.5,10988,1594,34.114583,9.267634,,,,
BASE,OPERACION_DIARIA-NORMAL-N03,OPERACION_DIARIA,NORMAL,25,3,15,57,RECOCIDO_SIMULADO,10.4152,1141,202.848333,107.015,0.958333,0,0,true,true,92,87.5,10988,1594,34.114583,3.691076,,,,
BASE,OPERACION_DIARIA-NORMAL-N03,OPERACION_DIARIA,NORMAL,25,3,15,57,GENETICO,909.5104,9060,201.368333,105.535,0.958333,0,0,true,true,92,87.5,11004,1590,34.114583,,,,,
BASE,OPERACION_DIARIA-NORMAL-N03,OPERACION_DIARIA,NORMAL,25,3,16,58,GENETICO,455.4384,9060,201.303333,105.47,0.958333,0,0,true,true,92,87.5,10864,1572,34.114583,,,,,
BASE,OPERACION_DIARIA-NORMAL-N03,OPERACION_DIARIA,NORMAL,25,3,16,58,RECOCIDO_SIMULADO,9.9248,1181,202.848333,107.015,0.958333,0,0,true,true,92,87.5,10988,1594,34.114583,3.853529,,,,
BASE,OPERACION_DIARIA-NORMAL-N03,OPERACION_DIARIA,NORMAL,25,3,17,59,RECOCIDO_SIMULADO,15.8959,1941,202.848333,107.015,0.958333,0,0,true,true,92,87.5,10988,1594,34.114583,10.067554,,,,
BASE,OPERACION_DIARIA-NORMAL-N03,OPERACION_DIARIA,NORMAL,25,3,17,59,GENETICO,566.8251,9060,201.048333,105.215,0.958333,0,0,true,true,92,87.5,11188,1604,34.114583,,,,,
BASE,OPERACION_DIARIA-NORMAL-N03,OPERACION_DIARIA,NORMAL,25,3,18,60,GENETICO,470.6374,9060,201.153333,105.32,0.958333,0,0,true,true,92,87.5,10904,1572,34.114583,,,,,
BASE,OPERACION_DIARIA-NORMAL-N03,OPERACION_DIARIA,NORMAL,25,3,18,60,RECOCIDO_SIMULADO,18.4463,2341,202.848333,107.015,0.958333,0,0,true,true,92,87.5,10988,1594,34.114583,16.917631,,,,
BASE,OPERACION_DIARIA-NORMAL-N03,OPERACION_DIARIA,NORMAL,25,3,19,61,RECOCIDO_SIMULADO,17.1812,2141,202.848333,107.015,0.958333,0,0,true,true,92,87.5,10988,1594,34.114583,13.208696,,,,
BASE,OPERACION_DIARIA-NORMAL-N03,OPERACION_DIARIA,NORMAL,25,3,19,61,GENETICO,671.0618,9060,201.093333,105.26,0.958333,0,0,true,true,92,87.5,11176,1604,34.114583,,,,,
BASE,OPERACION_DIARIA-NORMAL-N03,OPERACION_DIARIA,NORMAL,25,3,20,62,GENETICO,779.6175,9060,201.468333,105.635,0.958333,0,0,true,true,92,87.5,11284,1630,34.114583,,,,,
BASE,OPERACION_DIARIA-NORMAL-N03,OPERACION_DIARIA,NORMAL,25,3,20,62,RECOCIDO_SIMULADO,23.9009,3021,202.848333,107.015,0.958333,0,0,true,true,92,87.5,10988,1594,34.114583,41.647139,,,,
BASE,OPERACION_DIARIA-NORMAL-N03,OPERACION_DIARIA,NORMAL,25,3,21,63,RECOCIDO_SIMULADO,15.4312,1901,202.848333,107.015,0.958333,0,0,true,true,92,87.5,10988,1594,34.114583,10.042808,,,,
BASE,OPERACION_DIARIA-NORMAL-N03,OPERACION_DIARIA,NORMAL,25,3,21,63,GENETICO,475.54,9060,201.558333,105.725,0.958333,0,0,true,true,92,87.5,11052,1604,34.114583,,,,,
BASE,OPERACION_DIARIA-NORMAL-N03,OPERACION_DIARIA,NORMAL,25,3,22,64,GENETICO,806.2064,9060,201.048333,105.215,0.958333,0,0,true,true,92,87.5,11188,1604,34.114583,,,,,
BASE,OPERACION_DIARIA-NORMAL-N03,OPERACION_DIARIA,NORMAL,25,3,22,64,RECOCIDO_SIMULADO,15.4693,1781,202.848333,107.015,0.958333,0,0,true,true,92,87.5,10988,1594,34.114583,8.494537,,,,
BASE,OPERACION_DIARIA-NORMAL-N03,OPERACION_DIARIA,NORMAL,25,3,23,65,RECOCIDO_SIMULADO,14.2031,1701,202.848333,107.015,0.958333,0,0,true,true,92,87.5,10988,1594,34.114583,7.67452,,,,
BASE,OPERACION_DIARIA-NORMAL-N03,OPERACION_DIARIA,NORMAL,25,3,23,65,GENETICO,613.97,9060,201.468333,105.635,0.958333,0,0,true,true,92,87.5,11284,1630,34.114583,,,,,
BASE,OPERACION_DIARIA-NORMAL-N03,OPERACION_DIARIA,NORMAL,25,3,24,66,GENETICO,737.5861,9060,201.093333,105.26,0.958333,0,0,true,true,92,87.5,10920,1572,34.114583,,,,,
BASE,OPERACION_DIARIA-NORMAL-N03,OPERACION_DIARIA,NORMAL,25,3,24,66,RECOCIDO_SIMULADO,16.6635,1741,202.848333,107.015,0.958333,0,0,true,true,92,87.5,10988,1594,34.114583,8.035056,,,,
BASE,OPERACION_DIARIA-NORMAL-N03,OPERACION_DIARIA,NORMAL,25,3,25,67,RECOCIDO_SIMULADO,10.8641,1261,202.848333,107.015,0.958333,0,0,true,true,92,87.5,10988,1594,34.114583,4.358248,,,,
BASE,OPERACION_DIARIA-NORMAL-N03,OPERACION_DIARIA,NORMAL,25,3,25,67,GENETICO,604.3154,9060,201.348333,105.515,0.958333,0,0,true,true,92,87.5,11140,1608,34.114583,,,,,
BASE,OPERACION_DIARIA-NORMAL-N03,OPERACION_DIARIA,NORMAL,25,3,26,68,GENETICO,645.2901,9060,201.708333,105.875,0.958333,0,0,true,true,92,87.5,11220,1630,34.114583,,,,,
BASE,OPERACION_DIARIA-NORMAL-N03,OPERACION_DIARIA,NORMAL,25,3,26,68,RECOCIDO_SIMULADO,15.7402,1941,202.848333,107.015,0.958333,0,0,true,true,92,87.5,10988,1594,34.114583,10.273097,,,,
BASE,OPERACION_DIARIA-NORMAL-N03,OPERACION_DIARIA,NORMAL,25,3,27,69,RECOCIDO_SIMULADO,24.224,3141,202.848333,107.015,0.958333,0,0,true,true,92,87.5,10988,1594,34.114583,47.56032,,,,
BASE,OPERACION_DIARIA-NORMAL-N03,OPERACION_DIARIA,NORMAL,25,3,27,69,GENETICO,758.7572,9060,201.303333,105.47,0.958333,0,0,true,true,92,87.5,10888,1570,34.114583,,,,,
BASE,OPERACION_DIARIA-NORMAL-N03,OPERACION_DIARIA,NORMAL,25,3,28,70,GENETICO,810.1337,9060,201.618333,105.785,0.958333,0,0,true,true,92,87.5,11244,1630,34.114583,,,,,
BASE,OPERACION_DIARIA-NORMAL-N03,OPERACION_DIARIA,NORMAL,25,3,28,70,RECOCIDO_SIMULADO,18.1776,2101,202.848333,107.015,0.958333,0,0,true,true,92,87.5,10988,1594,34.114583,12.788317,,,,
BASE,OPERACION_DIARIA-NORMAL-N03,OPERACION_DIARIA,NORMAL,25,3,29,71,RECOCIDO_SIMULADO,15.8275,1861,202.848333,107.015,0.958333,0,0,true,true,92,87.5,10988,1594,34.114583,9.333767,,,,
BASE,OPERACION_DIARIA-NORMAL-N03,OPERACION_DIARIA,NORMAL,25,3,29,71,GENETICO,450.5988,9060,201.413333,105.58,0.958333,0,0,true,true,92,87.5,10992,1590,34.114583,,,,,
BASE,OPERACION_DIARIA-ALTA-N01,OPERACION_DIARIA,ALTA,38,1,0,42,GENETICO,684.1591,9060,350.305,176.305,1.74,0,0,true,true,94.736842,92,12100,1884,45.277778,,7,1,159.6117,true
BASE,OPERACION_DIARIA-ALTA-N01,OPERACION_DIARIA,ALTA,38,1,0,42,RECOCIDO_SIMULADO,20.8841,1021,361.931667,187.931667,1.74,0,0,true,true,94.736842,92,12786,1976,45.277778,3.097142,7,1,11.9881,true
BASE,OPERACION_DIARIA-ALTA-N01,OPERACION_DIARIA,ALTA,38,1,1,43,RECOCIDO_SIMULADO,19.5782,981,403.333333,184.333333,2.19,0,0,true,true,94.736842,92,12246,1834,45.277778,2.964969,6,1,12.481,true
BASE,OPERACION_DIARIA-ALTA-N01,OPERACION_DIARIA,ALTA,38,1,1,43,GENETICO,840.7381,9060,525.391667,176.391667,3.49,0,0,true,true,94.736842,92,12182,1944,45.277778,,6,1,201.3864,true
BASE,OPERACION_DIARIA-ALTA-N01,OPERACION_DIARIA,ALTA,38,1,2,44,GENETICO,575.7042,9060,349.891667,175.891667,1.74,0,0,true,true,94.736842,92,12210,1912,45.277778,,8,1,140.6518,true
BASE,OPERACION_DIARIA-ALTA-N01,OPERACION_DIARIA,ALTA,38,1,2,44,RECOCIDO_SIMULADO,17.7655,821,305.981667,185.981667,1.2,0,0,true,true,94.736842,92,13300,1998,45.277778,2.48179,8,1,9.4025,true
BASE,OPERACION_DIARIA-ALTA-N01,OPERACION_DIARIA,ALTA,38,1,3,45,RECOCIDO_SIMULADO,15.0939,1181,361.56,187.56,1.74,0,0,true,true,94.736842,92,12992,1944,45.277778,3.958102,8,1,12.5324,true
BASE,OPERACION_DIARIA-ALTA-N01,OPERACION_DIARIA,ALTA,38,1,3,45,GENETICO,733.9283,9060,395.788333,176.788333,2.19,0,0,true,true,94.736842,92,12396,1902,45.277778,,8,1,142.2435,true
BASE,OPERACION_DIARIA-ALTA-N01,OPERACION_DIARIA,ALTA,38,1,4,46,GENETICO,824.9917,9060,348.306667,174.306667,1.74,0,0,true,true,94.736842,92,11990,1828,45.277778,,5,1,246.5598,true
BASE,OPERACION_DIARIA-ALTA-N01,OPERACION_DIARIA,ALTA,38,1,4,46,RECOCIDO_SIMULADO,20.4388,541,358.768333,184.768333,1.74,0,0,true,true,94.736842,92,12498,1922,45.277778,1.69832,5,1,6.8427,true
BASE,OPERACION_DIARIA-ALTA-N01,OPERACION_DIARIA,ALTA,38,1,5,47,RECOCIDO_SIMULADO,17.8492,1181,307.585,187.585,1.2,0,0,true,true,94.736842,92,12154,1788,45.277778,3.84597,6,1,12.5847,true
BASE,OPERACION_DIARIA-ALTA-N01,OPERACION_DIARIA,ALTA,38,1,5,47,GENETICO,919.4299,9060,349.195,175.195,1.74,0,0,true,true,94.736842,92,12168,1906,45.277778,,6,1,181.978,true
BASE,OPERACION_DIARIA-ALTA-N01,OPERACION_DIARIA,ALTA,38,1,6,48,GENETICO,571.3983,9060,351.36,177.36,1.74,0,0,true,true,94.736842,92,12888,2082,45.277778,,5,1,134.3362,true
BASE,OPERACION_DIARIA-ALTA-N01,OPERACION_DIARIA,ALTA,38,1,6,48,RECOCIDO_SIMULADO,17.2032,781,359.865,185.865,1.74,0,0,true,true,94.736842,92,11846,1852,45.277778,2.281026,5,1,9.0379,true
BASE,OPERACION_DIARIA-ALTA-N01,OPERACION_DIARIA,ALTA,38,1,7,49,RECOCIDO_SIMULADO,17.7664,541,355.201667,181.201667,1.74,0,0,true,true,94.736842,92,12212,1790,45.277778,1.756221,7,1,7.2373,true
BASE,OPERACION_DIARIA-ALTA-N01,OPERACION_DIARIA,ALTA,38,1,7,49,GENETICO,572.596,9060,295.408333,175.408333,1.2,0,0,true,true,94.736842,92,11968,1840,45.277778,,7,1,209.5741,true
BASE,OPERACION_DIARIA-ALTA-N01,OPERACION_DIARIA,ALTA,38,1,8,50,GENETICO,1028.0967,9060,339.526667,174.526667,1.65,0,0,true,true,94.736842,92,11904,1804,45.277778,,9,1,252.8568,true
BASE,OPERACION_DIARIA-ALTA-N01,OPERACION_DIARIA,ALTA,38,1,8,50,RECOCIDO_SIMULADO,17.981,341,401.311667,182.311667,2.19,0,0,true,true,94.736842,92,12076,1852,45.277778,1.306179,9,1,5.0831,true
BASE,OPERACION_DIARIA-ALTA-N01,OPERACION_DIARIA,ALTA,38,1,9,51,RECOCIDO_SIMULADO,21.2372,901,483.648333,188.648333,2.95,0,0,true,true,94.736842,92,12722,2000,45.277778,2.662763,8,1,10.624,true
BASE,OPERACION_DIARIA-ALTA-N01,OPERACION_DIARIA,ALTA,38,1,9,51,GENETICO,842.1333,9060,294.956667,174.956667,1.2,0,0,true,true,94.736842,92,12190,1862,45.277778,,8,1,376.724,true
BASE,OPERACION_DIARIA-ALTA-N01,OPERACION_DIARIA,ALTA,38,1,10,52,GENETICO,699.3342,9060,397.081667,178.081667,2.19,0,0,true,true,94.736842,92,12702,1986,45.277778,,10,1,184.8802,true
BASE,OPERACION_DIARIA-ALTA-N01,OPERACION_DIARIA,ALTA,38,1,10,52,RECOCIDO_SIMULADO,18.3874,701,404.268333,185.268333,2.19,0,0,true,true,94.736842,92,12436,1876,45.277778,2.127889,10,1,8.3115,true
BASE,OPERACION_DIARIA-ALTA-N01,OPERACION_DIARIA,ALTA,38,1,11,53,RECOCIDO_SIMULADO,17.3118,1461,367.245,193.245,1.74,0,0,true,true,94.736842,92,12642,1932,45.277778,5.620169,10,1,14.8613,true
BASE,OPERACION_DIARIA-ALTA-N01,OPERACION_DIARIA,ALTA,38,1,11,53,GENETICO,988.4352,9060,295.681667,175.681667,1.2,0,0,true,true,94.736842,92,11750,1786,45.277778,,10,1,223.9195,true
BASE,OPERACION_DIARIA-ALTA-N01,OPERACION_DIARIA,ALTA,38,1,12,54,GENETICO,597.2879,9060,348.656667,174.656667,1.74,0,0,true,true,94.736842,92,11764,1812,45.277778,,8,1,170.7124,true
BASE,OPERACION_DIARIA-ALTA-N01,OPERACION_DIARIA,ALTA,38,1,12,54,RECOCIDO_SIMULADO,16.5286,541,361.265,187.265,1.74,0,0,true,true,94.736842,92,11658,1794,45.277778,1.736106,8,1,6.9089,true
BASE,OPERACION_DIARIA-ALTA-N01,OPERACION_DIARIA,ALTA,38,1,13,55,RECOCIDO_SIMULADO,19.0007,941,358.281667,184.281667,1.74,0,0,true,true,94.736842,92,12242,1868,45.277778,2.860932,8,1,11.5967,true
BASE,OPERACION_DIARIA-ALTA-N01,OPERACION_DIARIA,ALTA,38,1,13,55,GENETICO,862.6203,9060,347.78,173.78,1.74,0,0,true,true,94.736842,92,11888,1814,45.277778,,8,1,164.9818,true
BASE,OPERACION_DIARIA-ALTA-N01,OPERACION_DIARIA,ALTA,38,1,14,56,GENETICO,822.6283,9060,350.405,176.405,1.74,0,0,true,true,94.736842,92,12200,1956,45.277778,,9,1,146.0504,true
BASE,OPERACION_DIARIA-ALTA-N01,OPERACION_DIARIA,ALTA,38,1,14,56,RECOCIDO_SIMULADO,20.2718,1101,355.616667,181.616667,1.74,0,0,true,true,94.736842,92,12676,1912,45.277778,3.513992,9,1,12.3163,true
BASE,OPERACION_DIARIA-ALTA-N01,OPERACION_DIARIA,ALTA,38,1,15,57,RECOCIDO_SIMULADO,17.2532,741,366.11,192.11,1.74,0,0,true,true,94.736842,92,12254,1846,45.277778,2.271831,7,1,8.8559,true
BASE,OPERACION_DIARIA-ALTA-N01,OPERACION_DIARIA,ALTA,38,1,15,57,GENETICO,576.075,9060,297.04,177.04,1.2,0,0,true,true,94.736842,92,12736,1994,45.277778,,7,1,238.7702,true
BASE,OPERACION_DIARIA-ALTA-N01,OPERACION_DIARIA,ALTA,38,1,16,58,GENETICO,765.0139,9060,348.321667,174.321667,1.74,0,0,true,true,94.736842,92,12302,1898,45.277778,,8,1,187.7362,true
BASE,OPERACION_DIARIA-ALTA-N01,OPERACION_DIARIA,ALTA,38,1,16,58,RECOCIDO_SIMULADO,15.9867,781,312.73,192.73,1.2,0,0,true,true,94.736842,92,12360,1858,45.277778,2.352063,8,1,9.0769,true
BASE,OPERACION_DIARIA-ALTA-N01,OPERACION_DIARIA,ALTA,38,1,17,59,RECOCIDO_SIMULADO,14.4938,741,357.09,183.09,1.74,0,0,true,true,94.736842,92,12174,1782,45.277778,2.184302,6,1,8.7228,true
BASE,OPERACION_DIARIA-ALTA-N01,OPERACION_DIARIA,ALTA,38,1,17,59,GENETICO,716.3243,9060,348.313333,174.313333,1.74,0,0,true,true,94.736842,92,12014,1888,45.277778,,6,1,137.9123,true
BASE,OPERACION_DIARIA-ALTA-N01,OPERACION_DIARIA,ALTA,38,1,18,60,GENETICO,694.3744,9060,351.268333,177.268333,1.74,0,0,true,true,94.736842,92,11902,1834,45.277778,,7,1,207.4603,true
BASE,OPERACION_DIARIA-ALTA-N01,OPERACION_DIARIA,ALTA,38,1,18,60,RECOCIDO_SIMULADO,16.8829,1341,309.971667,189.971667,1.2,0,0,true,true,94.736842,92,12942,1978,45.277778,4.682404,7,1,14.4668,true
BASE,OPERACION_DIARIA-ALTA-N01,OPERACION_DIARIA,ALTA,38,1,19,61,RECOCIDO_SIMULADO,21.8458,661,354.268333,180.268333,1.74,0,0,true,true,94.736842,92,11540,1740,45.277778,2.036377,8,1,7.9419,true
BASE,OPERACION_DIARIA-ALTA-N01,OPERACION_DIARIA,ALTA,38,1,19,61,GENETICO,1142.5267,9060,350.15,176.15,1.74,0,0,true,true,94.736842,92,12134,1886,45.277778,,8,1,175.6092,true
BASE,OPERACION_DIARIA-ALTA-N01,OPERACION_DIARIA,ALTA,38,1,20,62,GENETICO,1046.6416,9060,339.876667,174.876667,1.65,0,0,true,true,94.736842,92,11626,1756,45.277778,,10,1,167.7776,true
BASE,OPERACION_DIARIA-ALTA-N01,OPERACION_DIARIA,ALTA,38,1,20,62,RECOCIDO_SIMULADO,23.8639,661,304.495,184.495,1.2,0,0,true,true,94.736842,92,11696,1818,45.277778,1.979516,10,1,7.903,true
BASE,OPERACION_DIARIA-ALTA-N01,OPERACION_DIARIA,ALTA,38,1,21,63,RECOCIDO_SIMULADO,22.835,1701,355.436667,181.436667,1.74,0,0,true,true,94.736842,92,12402,1848,45.277778,7.402032,8,1,17.2658,true
BASE,OPERACION_DIARIA-ALTA-N01,OPERACION_DIARIA,ALTA,38,1,21,63,GENETICO,975.1643,9060,350.371667,176.371667,1.74,0,0,true,true,94.736842,92,12258,1888,45.277778,,8,1,184.1106,true
BASE,OPERACION_DIARIA-ALTA-N01,OPERACION_DIARIA,ALTA,38,1,22,64,GENETICO,780.8497,9060,349.933333,175.933333,1.74,0,0,true,true,94.736842,92,12016,1832,45.277778,,5,1,155.4357,true
BASE,OPERACION_DIARIA-ALTA-N01,OPERACION_DIARIA,ALTA,38,1,22,64,RECOCIDO_SIMULADO,17.2579,861,357.311667,183.311667,1.74,0,0,true,true,94.736842,92,12212,1764,45.277778,2.613557,5,1,10.0381,true
BASE,OPERACION_DIARIA-ALTA-N01,OPERACION_DIARIA,ALTA,38,1,23,65,RECOCIDO_SIMULADO,17.5519,621,303.52,183.52,1.2,0,0,true,true,94.736842,92,12492,1822,45.277778,1.8534,10,1,7.5483,true
BASE,OPERACION_DIARIA-ALTA-N01,OPERACION_DIARIA,ALTA,38,1,23,65,GENETICO,1169.8944,9060,350.506667,176.506667,1.74,0,0,true,true,94.736842,92,12560,1882,45.277778,,10,1,225.2431,true
BASE,OPERACION_DIARIA-ALTA-N01,OPERACION_DIARIA,ALTA,38,1,24,66,GENETICO,1023.6053,9060,347.916667,173.916667,1.74,0,0,true,true,94.736842,92,11656,1746,45.277778,,6,1,196.2455,true
BASE,OPERACION_DIARIA-ALTA-N01,OPERACION_DIARIA,ALTA,38,1,24,66,RECOCIDO_SIMULADO,18.578,701,365.33,191.33,1.74,0,0,true,true,94.736842,92,12734,1950,45.277778,2.091702,6,1,8.1816,true
BASE,OPERACION_DIARIA-ALTA-N01,OPERACION_DIARIA,ALTA,38,1,25,67,RECOCIDO_SIMULADO,17.0155,541,302.725,182.725,1.2,0,0,true,true,94.736842,92,11572,1790,45.277778,1.675304,10,1,9.4257,true
BASE,OPERACION_DIARIA-ALTA-N01,OPERACION_DIARIA,ALTA,38,1,25,67,GENETICO,1024.0449,9060,350.47,176.47,1.74,0,0,true,true,94.736842,92,12234,1896,45.277778,,10,1,156.23,true
BASE,OPERACION_DIARIA-ALTA-N01,OPERACION_DIARIA,ALTA,38,1,26,68,GENETICO,1094.5462,9060,348.87,174.87,1.74,0,0,true,true,94.736842,92,12192,1876,45.277778,,9,1,211.6467,true
BASE,OPERACION_DIARIA-ALTA-N01,OPERACION_DIARIA,ALTA,38,1,26,68,RECOCIDO_SIMULADO,18.8695,381,354.84,180.84,1.74,0,0,true,true,94.736842,92,11818,1772,45.277778,1.427287,9,1,5.3888,true
BASE,OPERACION_DIARIA-ALTA-N01,OPERACION_DIARIA,ALTA,38,1,27,69,RECOCIDO_SIMULADO,18.8315,701,358.416667,184.416667,1.74,0,0,true,true,94.736842,92,12612,1856,45.277778,2.094882,8,1,8.5976,true
BASE,OPERACION_DIARIA-ALTA-N01,OPERACION_DIARIA,ALTA,38,1,27,69,GENETICO,1026.5435,9060,295.791667,175.791667,1.2,0,0,true,true,94.736842,92,12422,1914,45.277778,,8,1,162.2517,true
BASE,OPERACION_DIARIA-ALTA-N01,OPERACION_DIARIA,ALTA,38,1,28,70,GENETICO,994.3986,9060,394.591667,175.591667,2.19,0,0,true,true,94.736842,92,12370,1852,45.277778,,8,1,172.6921,true
BASE,OPERACION_DIARIA-ALTA-N01,OPERACION_DIARIA,ALTA,38,1,28,70,RECOCIDO_SIMULADO,14.7952,941,359.788333,185.788333,1.74,0,0,true,true,94.736842,92,13074,2028,45.277778,2.852604,8,1,10.663,true
BASE,OPERACION_DIARIA-ALTA-N01,OPERACION_DIARIA,ALTA,38,1,29,71,RECOCIDO_SIMULADO,17.9538,741,319.586667,199.586667,1.2,0,0,true,true,94.736842,92,11316,1632,45.277778,2.216388,8,1,8.9567,true
BASE,OPERACION_DIARIA-ALTA-N01,OPERACION_DIARIA,ALTA,38,1,29,71,GENETICO,858.1929,9060,347.516667,173.516667,1.74,0,0,true,true,94.736842,92,12330,1868,45.277778,,8,1,160.2231,true
BASE,OPERACION_DIARIA-ALTA-N02,OPERACION_DIARIA,ALTA,38,2,0,42,GENETICO,573.1277,9060,796.668333,220.835,5.758333,0,0,true,true,92.105263,86.956522,12506,1912,57.222222,,7,1,178.8045,true
BASE,OPERACION_DIARIA-ALTA-N02,OPERACION_DIARIA,ALTA,38,2,0,42,RECOCIDO_SIMULADO,22.6773,2341,645.575,234.741667,4.108333,0,0,true,true,92.105263,86.956522,13228,1956,57.222222,16.946373,7,1,24.5412,true
BASE,OPERACION_DIARIA-ALTA-N02,OPERACION_DIARIA,ALTA,38,2,1,43,RECOCIDO_SIMULADO,29.9632,2381,648.025,230.525,4.175,0,0,true,true,89.473684,82.608696,13848,2226,57.222222,18.095466,6,1,24.7111,true
BASE,OPERACION_DIARIA-ALTA-N02,OPERACION_DIARIA,ALTA,38,2,1,43,GENETICO,681.9763,9060,713.356667,223.356667,4.9,0,0,true,true,89.473684,82.608696,12770,1958,57.222222,,6,1,145.1963,true
BASE,OPERACION_DIARIA-ALTA-N02,OPERACION_DIARIA,ALTA,38,2,2,44,GENETICO,669.0384,9060,767.813333,222.813333,5.45,0,0,true,true,89.473684,82.608696,12750,1978,57.222222,,8,1,283.0189,true
BASE,OPERACION_DIARIA-ALTA-N02,OPERACION_DIARIA,ALTA,38,2,2,44,RECOCIDO_SIMULADO,21.3119,2461,723.971667,233.638333,4.903333,0,0,true,true,92.105263,86.956522,13490,2100,57.222222,20.356018,8,1,25.1635,true
BASE,OPERACION_DIARIA-ALTA-N02,OPERACION_DIARIA,ALTA,38,2,3,45,RECOCIDO_SIMULADO,19.0683,1341,651.281667,233.781667,4.175,0,0,true,true,89.473684,82.608696,13220,1976,57.222222,4.799828,8,1,15.2985,true
BASE,OPERACION_DIARIA-ALTA-N02,OPERACION_DIARIA,ALTA,38,2,3,45,GENETICO,581.8893,9060,634.613333,223.78,4.108333,0,0,true,true,92.105263,86.956522,13274,1996,57.222222,,8,1,202.7193,true
BASE,OPERACION_DIARIA-ALTA-N02,OPERACION_DIARIA,ALTA,38,2,4,46,GENETICO,935.6089,9060,711.35,221.35,4.9,0,0,true,true,89.473684,82.608696,12908,1994,57.222222,,5,1,247.5294,true
BASE,OPERACION_DIARIA-ALTA-N02,OPERACION_DIARIA,ALTA,38,2,4,46,RECOCIDO_SIMULADO,25.6,2501,653.248333,235.748333,4.175,0,0,true,true,89.473684,82.608696,14504,2308,57.222222,21.269638,5,1,26.0812,true
BASE,OPERACION_DIARIA-ALTA-N02,OPERACION_DIARIA,ALTA,38,2,5,47,RECOCIDO_SIMULADO,33.023,2901,654.526667,243.693333,4.108333,0,0,true,true,92.105263,86.956522,14184,2190,57.222222,34.634181,6,1,30.0691,true
BASE,OPERACION_DIARIA-ALTA-N02,OPERACION_DIARIA,ALTA,38,2,5,47,GENETICO,744.9882,9060,641.161667,223.661667,4.175,0,0,true,true,89.473684,82.608696,13382,2072,57.222222,,6,1,169.0356,true
BASE,OPERACION_DIARIA-ALTA-N02,OPERACION_DIARIA,ALTA,38,2,6,48,GENETICO,294.3111,9060,638.176667,220.676667,4.175,0,0,true,true,89.473684,82.608696,12866,1988,57.222222,,5,1,254.2309,true
BASE,OPERACION_DIARIA-ALTA-N02,OPERACION_DIARIA,ALTA,38,2,6,48,RECOCIDO_SIMULADO,34.5903,1661,644.13,233.296667,4.108333,0,0,true,true,92.105263,86.956522,14090,2176,57.222222,7.338041,5,1,17.5091,true
BASE,OPERACION_DIARIA-ALTA-N02,OPERACION_DIARIA,ALTA,38,2,7,49,RECOCIDO_SIMULADO,23.8993,1781,644.678333,233.845,4.108333,0,0,true,true,92.105263,86.956522,14182,2130,57.222222,8.518247,7,1,22.0192,true
BASE,OPERACION_DIARIA-ALTA-N02,OPERACION_DIARIA,ALTA,38,2,7,49,GENETICO,664.9871,9060,710.515,220.515,4.9,0,0,true,true,89.473684,82.608696,12776,1990,57.222222,,7,1,139.1928,true
BASE,OPERACION_DIARIA-ALTA-N02,OPERACION_DIARIA,ALTA,38,2,8,50,GENETICO,811.5181,9060,774.211667,224.211667,5.5,0,0,true,true,89.473684,82.608696,13526,2076,57.222222,,9,1,181.4104,true
BASE,OPERACION_DIARIA-ALTA-N02,OPERACION_DIARIA,ALTA,38,2,8,50,RECOCIDO_SIMULADO,27.8487,1501,703.035,232.201667,4.708333,0,0,true,true,92.105263,86.956522,13792,2218,57.222222,5.940115,9,1,27.1556,true
BASE,OPERACION_DIARIA-ALTA-N02,OPERACION_DIARIA,ALTA,38,2,9,51,RECOCIDO_SIMULADO,37.1117,1381,642.795,231.961667,4.108333,0,0,true,true,92.105263,86.956522,14460,2252,57.222222,5.097975,8,1,14.4844,true
BASE,OPERACION_DIARIA-ALTA-N02,OPERACION_DIARIA,ALTA,38,2,9,51,GENETICO,332.3624,9060,727.661667,222.661667,5.05,0,0,true,true,89.473684,82.608696,13358,2116,57.222222,,8,1,169.6178,true
BASE,OPERACION_DIARIA-ALTA-N02,OPERACION_DIARIA,ALTA,38,2,10,52,GENETICO,490.0246,9060,770.815,220.815,5.5,0,0,true,true,89.473684,82.608696,12734,1972,57.222222,,10,1,145.1245,true
BASE,OPERACION_DIARIA-ALTA-N02,OPERACION_DIARIA,ALTA,38,2,10,52,RECOCIDO_SIMULADO,19.7292,2101,645.713333,234.88,4.108333,0,0,true,true,92.105263,86.956522,12632,1924,57.222222,12.93997,10,1,21.9417,true
BASE,OPERACION_DIARIA-ALTA-N02,OPERACION_DIARIA,ALTA,38,2,11,53,RECOCIDO_SIMULADO,19.9334,2621,643.531667,232.698333,4.108333,0,0,true,true,92.105263,86.956522,13166,2026,57.222222,24.520741,10,1,32.4089,true
BASE,OPERACION_DIARIA-ALTA-N02,OPERACION_DIARIA,ALTA,38,2,11,53,GENETICO,648.567,9060,633.008333,222.175,4.108333,0,0,true,true,92.105263,86.956522,13054,2038,57.222222,,10,1,158.3277,true
BASE,OPERACION_DIARIA-ALTA-N02,OPERACION_DIARIA,ALTA,38,2,12,54,GENETICO,494.7559,9060,714.018333,224.018333,4.9,0,0,true,true,89.473684,82.608696,12484,1878,57.222222,,8,1,119.9585,true
BASE,OPERACION_DIARIA-ALTA-N02,OPERACION_DIARIA,ALTA,38,2,12,54,RECOCIDO_SIMULADO,27.4644,2381,652.818333,235.318333,4.175,0,0,true,true,89.473684,82.608696,14346,2158,57.222222,18.159162,8,1,23.93,true
BASE,OPERACION_DIARIA-ALTA-N02,OPERACION_DIARIA,ALTA,38,2,13,55,RECOCIDO_SIMULADO,22.7523,1421,701.371667,230.538333,4.708333,0,0,true,true,92.105263,86.956522,13566,2050,57.222222,5.223874,8,1,15.3843,true
BASE,OPERACION_DIARIA-ALTA-N02,OPERACION_DIARIA,ALTA,38,2,13,55,GENETICO,739.7963,9060,634.865,224.031667,4.108333,0,0,true,true,92.105263,86.956522,13568,2160,57.222222,,8,1,200.2699,true
BASE,OPERACION_DIARIA-ALTA-N02,OPERACION_DIARIA,ALTA,38,2,14,56,GENETICO,821.6303,9060,711.473333,221.473333,4.9,0,0,true,true,89.473684,82.608696,12718,1970,57.222222,,9,1,127.3108,true
BASE,OPERACION_DIARIA-ALTA-N02,OPERACION_DIARIA,ALTA,38,2,14,56,RECOCIDO_SIMULADO,29.6674,1021,718.498333,228.498333,4.9,0,0,true,true,89.473684,82.608696,13274,1980,57.222222,3.208533,9,1,11.2816,true
BASE,OPERACION_DIARIA-ALTA-N02,OPERACION_DIARIA,ALTA,38,2,15,57,RECOCIDO_SIMULADO,28.6023,1261,654.496667,243.663333,4.108333,0,0,true,true,92.105263,86.956522,13984,1984,57.222222,4.426032,7,1,13.333,true
BASE,OPERACION_DIARIA-ALTA-N02,OPERACION_DIARIA,ALTA,38,2,15,57,GENETICO,653.8191,9060,640.666667,223.166667,4.175,0,0,true,true,89.473684,82.608696,13232,2092,57.222222,,7,1,251.6805,true
BASE,OPERACION_DIARIA-ALTA-N02,OPERACION_DIARIA,ALTA,38,2,16,58,GENETICO,406.1669,9060,633.698333,222.865,4.108333,0,0,true,true,92.105263,86.956522,12890,1960,57.222222,,8,1,221.9702,true
BASE,OPERACION_DIARIA-ALTA-N02,OPERACION_DIARIA,ALTA,38,2,16,58,RECOCIDO_SIMULADO,39.2728,2541,648.85,231.35,4.175,0,0,true,true,89.473684,82.608696,14032,2150,57.222222,21.76912,8,1,25.0286,true
BASE,OPERACION_DIARIA-ALTA-N02,OPERACION_DIARIA,ALTA,38,2,17,59,RECOCIDO_SIMULADO,28.1888,1341,654.8,237.3,4.175,0,0,true,true,89.473684,82.608696,13594,2096,57.222222,4.745512,6,1,14.2381,true
BASE,OPERACION_DIARIA-ALTA-N02,OPERACION_DIARIA,ALTA,38,2,17,59,GENETICO,801.2191,9060,788.1,223.1,5.65,0,0,true,true,89.473684,82.608696,12934,1972,57.222222,,6,1,225.3945,true
BASE,OPERACION_DIARIA-ALTA-N02,OPERACION_DIARIA,ALTA,38,2,18,60,GENETICO,879.8487,9060,713.118333,223.118333,4.9,0,0,true,true,89.473684,82.608696,13034,1994,57.222222,,7,1,159.1102,true
BASE,OPERACION_DIARIA-ALTA-N02,OPERACION_DIARIA,ALTA,38,2,18,60,RECOCIDO_SIMULADO,29.701,2381,641.275,230.441667,4.108333,0,0,true,true,92.105263,86.956522,13354,2016,57.222222,18.427111,7,1,23.8907,true
BASE,OPERACION_DIARIA-ALTA-N02,OPERACION_DIARIA,ALTA,38,2,19,61,RECOCIDO_SIMULADO,20.0647,1141,655.938333,238.438333,4.175,0,0,true,true,89.473684,82.608696,14930,2306,57.222222,3.608873,8,1,12.9941,true
BASE,OPERACION_DIARIA-ALTA-N02,OPERACION_DIARIA,ALTA,38,2,19,61,GENETICO,553.6406,9060,797.108333,221.275,5.758333,0,0,true,true,92.105263,86.956522,12190,1824,57.222222,,8,1,305.2105,true
BASE,OPERACION_DIARIA-ALTA-N02,OPERACION_DIARIA,ALTA,38,2,20,62,GENETICO,771.1576,9060,699.318333,221.818333,4.775,0,0,true,true,89.473684,82.608696,13094,2022,57.222222,,10,1,175.7429,true
BASE,OPERACION_DIARIA-ALTA-N02,OPERACION_DIARIA,ALTA,38,2,20,62,RECOCIDO_SIMULADO,24.5413,301,745.51,230.843333,5.146667,0,0,true,true,89.473684,82.608696,12874,1968,57.222222,1.291965,10,1,4.2651,true
BASE,OPERACION_DIARIA-ALTA-N02,OPERACION_DIARIA,ALTA,38,2,21,63,RECOCIDO_SIMULADO,36.7379,2341,652.463333,234.963333,4.175,0,0,true,true,89.473684,82.608696,14526,2222,57.222222,16.938646,8,1,24.2219,true
BASE,OPERACION_DIARIA-ALTA-N02,OPERACION_DIARIA,ALTA,38,2,21,63,GENETICO,627.7288,9060,639.015,221.515,4.175,0,0,true,true,89.473684,82.608696,13006,2024,57.222222,,8,1,137.1577,true
BASE,OPERACION_DIARIA-ALTA-N02,OPERACION_DIARIA,ALTA,38,2,22,64,GENETICO,444.7548,9060,714.708333,224.708333,4.9,0,0,true,true,89.473684,82.608696,13328,2008,57.222222,,5,1,176.4094,true
BASE,OPERACION_DIARIA-ALTA-N02,OPERACION_DIARIA,ALTA,38,2,22,64,RECOCIDO_SIMULADO,22.6286,3061,659.596667,242.096667,4.175,0,0,true,true,89.473684,82.608696,14162,2108,57.222222,42.68143,5,1,30.8859,true
BASE,OPERACION_DIARIA-ALTA-N02,OPERACION_DIARIA,ALTA,38,2,23,65,RECOCIDO_SIMULADO,23.6663,1821,651.348333,233.848333,4.175,0,0,true,true,89.473684,82.608696,13764,2032,57.222222,8.76894,10,1,19.239,true
BASE,OPERACION_DIARIA-ALTA-N02,OPERACION_DIARIA,ALTA,38,2,23,65,GENETICO,585.3608,9060,767.598333,222.598333,5.45,0,0,true,true,89.473684,82.608696,12994,2006,57.222222,,10,1,201.0109,true
BASE,OPERACION_DIARIA-ALTA-N02,OPERACION_DIARIA,ALTA,38,2,24,66,GENETICO,642.6008,9060,879.083333,224.083333,6.55,0,0,true,true,89.473684,82.608696,13414,2066,57.222222,,6,1,150.3938,true
BASE,OPERACION_DIARIA-ALTA-N02,OPERACION_DIARIA,ALTA,38,2,24,66,RECOCIDO_SIMULADO,22.357,2341,650.69,233.19,4.175,0,0,true,true,89.473684,82.608696,14614,2244,57.222222,17.174968,6,1,23.1932,true
BASE,OPERACION_DIARIA-ALTA-N02,OPERACION_DIARIA,ALTA,38,2,25,67,RECOCIDO_SIMULADO,23.8548,1261,731.773333,234.773333,4.97,0,0,true,true,89.473684,82.608696,13688,2044,57.222222,4.265835,10,1,14.0703,true
BASE,OPERACION_DIARIA-ALTA-N02,OPERACION_DIARIA,ALTA,38,2,25,67,GENETICO,522.9261,9060,798.213333,222.38,5.758333,0,0,true,true,92.105263,86.956522,12894,1968,57.222222,,10,1,206.2736,true
BASE,OPERACION_DIARIA-ALTA-N02,OPERACION_DIARIA,ALTA,38,2,26,68,GENETICO,385.756,9060,632.713333,221.88,4.108333,0,0,true,true,92.105263,86.956522,12626,1902,57.222222,,9,1,140.4358,true
BASE,OPERACION_DIARIA-ALTA-N02,OPERACION_DIARIA,ALTA,38,2,26,68,RECOCIDO_SIMULADO,22.016,1301,641.178333,230.345,4.108333,0,0,true,true,92.105263,86.956522,12338,1880,57.222222,4.572477,9,1,14.4026,true
BASE,OPERACION_DIARIA-ALTA-N02,OPERACION_DIARIA,ALTA,38,2,27,69,RECOCIDO_SIMULADO,28.4538,2021,651.431667,233.931667,4.175,0,0,true,true,89.473684,82.608696,13576,2062,57.222222,11.349981,8,1,21.284,true
BASE,OPERACION_DIARIA-ALTA-N02,OPERACION_DIARIA,ALTA,38,2,27,69,GENETICO,721.4673,9060,797.318333,221.485,5.758333,0,0,true,true,92.105263,86.956522,12618,1920,57.222222,,8,1,164.7213,true
BASE,OPERACION_DIARIA-ALTA-N02,OPERACION_DIARIA,ALTA,38,2,28,70,GENETICO,587.9383,9060,632.683333,221.85,4.108333,0,0,true,true,92.105263,86.956522,13214,2068,57.222222,,8,1,408.9656,true
BASE,OPERACION_DIARIA-ALTA-N02,OPERACION_DIARIA,ALTA,38,2,28,70,RECOCIDO_SIMULADO,23.2064,821,724.716667,234.716667,4.9,0,0,true,true,89.473684,82.608696,13496,2136,57.222222,2.417105,8,1,10.32,true
BASE,OPERACION_DIARIA-ALTA-N02,OPERACION_DIARIA,ALTA,38,2,29,71,RECOCIDO_SIMULADO,18.7933,3021,637.88,227.046667,4.108333,0,0,true,true,92.105263,86.956522,13758,2070,57.222222,41.145005,8,1,30.5109,true
BASE,OPERACION_DIARIA-ALTA-N02,OPERACION_DIARIA,ALTA,38,2,29,71,GENETICO,613.373,9060,643.611667,226.111667,4.175,0,0,true,true,89.473684,82.608696,13694,2050,57.222222,,8,1,136.5867,true
BASE,OPERACION_DIARIA-ALTA-N03,OPERACION_DIARIA,ALTA,38,3,0,42,GENETICO,307.861,9060,161.06,161.06,0,0,0,true,true,100,100,12456,1904,53.333333,,7,1,198.6402,true
BASE,OPERACION_DIARIA-ALTA-N03,OPERACION_DIARIA,ALTA,38,3,0,42,RECOCIDO_SIMULADO,26.8688,381,168.873333,168.873333,0,0,0,true,true,100,100,12060,1824,53.333333,1.385701,7,1,5.1987,true
BASE,OPERACION_DIARIA-ALTA-N03,OPERACION_DIARIA,ALTA,38,3,1,43,RECOCIDO_SIMULADO,16.4468,461,172.825,172.825,0,0,0,true,true,100,100,12108,1884,53.333333,1.56417,6,1,5.8521,true
BASE,OPERACION_DIARIA-ALTA-N03,OPERACION_DIARIA,ALTA,38,3,1,43,GENETICO,456.8614,9060,160.545,160.545,0,0,0,true,true,100,100,12640,1940,53.333333,,6,1,156.3936,true
BASE,OPERACION_DIARIA-ALTA-N03,OPERACION_DIARIA,ALTA,38,3,2,44,GENETICO,609.6319,9060,160.585,160.585,0,0,0,true,true,100,100,12868,1992,53.333333,,8,1,235.1631,true
BASE,OPERACION_DIARIA-ALTA-N03,OPERACION_DIARIA,ALTA,38,3,2,44,RECOCIDO_SIMULADO,22.356,501,169.21,169.21,0,0,0,true,true,100,100,12278,1862,53.333333,1.621559,8,1,6.6519,true
BASE,OPERACION_DIARIA-ALTA-N03,OPERACION_DIARIA,ALTA,38,3,3,45,RECOCIDO_SIMULADO,14.7103,421,259.968333,162.468333,0.975,0,0,true,true,97.368421,95.652174,12658,1932,53.333333,1.504045,8,1,5.7703,true
BASE,OPERACION_DIARIA-ALTA-N03,OPERACION_DIARIA,ALTA,38,3,3,45,GENETICO,259.739,9060,160.676667,160.676667,0,0,0,true,true,100,100,12584,1902,53.333333,,8,1,190.2914,true
BASE,OPERACION_DIARIA-ALTA-N03,OPERACION_DIARIA,ALTA,38,3,4,46,GENETICO,236.8955,9060,259.385,161.885,0.975,0,0,true,true,97.368421,95.652174,12452,1896,53.333333,,5,1,261.4526,true
BASE,OPERACION_DIARIA-ALTA-N03,OPERACION_DIARIA,ALTA,38,3,4,46,RECOCIDO_SIMULADO,16.4692,621,170.555,170.555,0,0,0,true,true,100,100,12174,1900,53.333333,1.92089,5,1,7.6596,true
BASE,OPERACION_DIARIA-ALTA-N03,OPERACION_DIARIA,ALTA,38,3,5,47,RECOCIDO_SIMULADO,15.2284,501,163.766667,163.766667,0,0,0,true,true,100,100,12362,1804,53.333333,1.659461,6,1,9.1037,true
BASE,OPERACION_DIARIA-ALTA-N03,OPERACION_DIARIA,ALTA,38,3,5,47,GENETICO,262.0438,9060,160.28,160.28,0,0,0,true,true,100,100,12700,1946,53.333333,,6,1,141.9866,true
BASE,OPERACION_DIARIA-ALTA-N03,OPERACION_DIARIA,ALTA,38,3,6,48,GENETICO,363.1622,9060,159.096667,159.096667,0,0,0,true,true,100,100,12052,1824,53.333333,,5,1,163.7773,true
BASE,OPERACION_DIARIA-ALTA-N03,OPERACION_DIARIA,ALTA,38,3,6,48,RECOCIDO_SIMULADO,15.4513,461,163.77,163.77,0,0,0,true,true,100,100,12306,1828,53.333333,1.579013,5,1,5.9679,true
BASE,OPERACION_DIARIA-ALTA-N03,OPERACION_DIARIA,ALTA,38,3,7,49,RECOCIDO_SIMULADO,16.1625,1061,171.166667,171.166667,0,0,0,true,true,100,100,12278,1916,53.333333,3.283342,7,1,11.5368,true
BASE,OPERACION_DIARIA-ALTA-N03,OPERACION_DIARIA,ALTA,38,3,7,49,GENETICO,500.4457,9060,160.548333,160.548333,0,0,0,true,true,100,100,13008,2004,53.333333,,7,1,182.9968,true
BASE,OPERACION_DIARIA-ALTA-N03,OPERACION_DIARIA,ALTA,38,3,8,50,GENETICO,468.849,9060,159.686667,159.686667,0,0,0,true,true,100,100,12432,1874,53.333333,,9,1,146.0675,true
BASE,OPERACION_DIARIA-ALTA-N03,OPERACION_DIARIA,ALTA,38,3,8,50,RECOCIDO_SIMULADO,19.0146,501,172.221667,172.221667,0,0,0,true,true,100,100,12776,1916,53.333333,1.667806,9,1,8.4851,true
BASE,OPERACION_DIARIA-ALTA-N03,OPERACION_DIARIA,ALTA,38,3,9,51,RECOCIDO_SIMULADO,14.6661,621,164.673333,164.673333,0,0,0,true,true,100,100,12232,1842,53.333333,1.910788,8,1,7.8991,true
BASE,OPERACION_DIARIA-ALTA-N03,OPERACION_DIARIA,ALTA,38,3,9,51,GENETICO,594.6642,9060,161.675,161.675,0,0,0,true,true,100,100,12892,1974,53.333333,,8,1,283.0247,true
BASE,OPERACION_DIARIA-ALTA-N03,OPERACION_DIARIA,ALTA,38,3,10,52,GENETICO,453.2179,9060,161.488333,161.488333,0,0,0,true,true,100,100,13156,2058,53.333333,,10,1,214.1497,true
BASE,OPERACION_DIARIA-ALTA-N03,OPERACION_DIARIA,ALTA,38,3,10,52,RECOCIDO_SIMULADO,18.9157,381,168.591667,168.591667,0,0,0,true,true,100,100,12616,1912,53.333333,1.424577,10,1,5.2331,true
BASE,OPERACION_DIARIA-ALTA-N03,OPERACION_DIARIA,ALTA,38,3,11,53,RECOCIDO_SIMULADO,21.1346,661,179.845,179.845,0,0,0,true,true,100,100,12176,1878,53.333333,2.000441,10,1,7.8057,true
BASE,OPERACION_DIARIA-ALTA-N03,OPERACION_DIARIA,ALTA,38,3,11,53,GENETICO,461.8324,9060,161.613333,161.613333,0,0,0,true,true,100,100,13156,2038,53.333333,,10,1,235.7559,true
BASE,OPERACION_DIARIA-ALTA-N03,OPERACION_DIARIA,ALTA,38,3,12,54,GENETICO,448.6906,9060,161.35,161.35,0,0,0,true,true,100,100,12424,1914,53.333333,,8,1,212.4838,true
BASE,OPERACION_DIARIA-ALTA-N03,OPERACION_DIARIA,ALTA,38,3,12,54,RECOCIDO_SIMULADO,18.575,301,262.19,164.69,0.975,0,0,true,true,97.368421,95.652174,12752,1906,53.333333,1.256516,8,1,4.8224,true
BASE,OPERACION_DIARIA-ALTA-N03,OPERACION_DIARIA,ALTA,38,3,13,55,RECOCIDO_SIMULADO,20.4036,981,164.736667,164.736667,0,0,0,true,true,100,100,12034,1764,53.333333,2.942285,8,1,10.7007,true
BASE,OPERACION_DIARIA-ALTA-N03,OPERACION_DIARIA,ALTA,38,3,13,55,GENETICO,275.6392,9060,160.718333,160.718333,0,0,0,true,true,100,100,12624,1950,53.333333,,8,1,138.9348,true
BASE,OPERACION_DIARIA-ALTA-N03,OPERACION_DIARIA,ALTA,38,3,14,56,GENETICO,279.9691,9060,161.655,161.655,0,0,0,true,true,100,100,12708,1960,53.333333,,9,1,155.3897,true
BASE,OPERACION_DIARIA-ALTA-N03,OPERACION_DIARIA,ALTA,38,3,14,56,RECOCIDO_SIMULADO,17.1,941,175.658333,175.658333,0,0,0,true,true,100,100,13212,1974,53.333333,2.854208,9,1,10.6604,true
BASE,OPERACION_DIARIA-ALTA-N03,OPERACION_DIARIA,ALTA,38,3,15,57,RECOCIDO_SIMULADO,19.0189,621,264.686667,167.186667,0.975,0,0,true,true,97.368421,95.652174,11876,1836,53.333333,1.940393,7,1,7.48,true
BASE,OPERACION_DIARIA-ALTA-N03,OPERACION_DIARIA,ALTA,38,3,15,57,GENETICO,404.0726,9060,161.61,161.61,0,0,0,true,true,100,100,12828,1984,53.333333,,7,1,200.5971,true
BASE,OPERACION_DIARIA-ALTA-N03,OPERACION_DIARIA,ALTA,38,3,16,58,GENETICO,359.1455,9060,160.253333,160.253333,0,0,0,true,true,100,100,12620,1954,53.333333,,8,1,144.7014,true
BASE,OPERACION_DIARIA-ALTA-N03,OPERACION_DIARIA,ALTA,38,3,16,58,RECOCIDO_SIMULADO,19.3223,661,171.356667,171.356667,0,0,0,true,true,100,100,12212,1770,53.333333,2.024085,8,1,10.7051,true
BASE,OPERACION_DIARIA-ALTA-N03,OPERACION_DIARIA,ALTA,38,3,17,59,RECOCIDO_SIMULADO,19.4232,821,173.516667,173.516667,0,0,0,true,true,100,100,12098,1808,53.333333,2.39348,6,1,10.92,true
BASE,OPERACION_DIARIA-ALTA-N03,OPERACION_DIARIA,ALTA,38,3,17,59,GENETICO,333.2234,9060,160.775,160.775,0,0,0,true,true,100,100,12488,1908,53.333333,,6,1,154.3989,true
BASE,OPERACION_DIARIA-ALTA-N03,OPERACION_DIARIA,ALTA,38,3,18,60,GENETICO,323.5307,9060,260.165,162.665,0.975,0,0,true,true,97.368421,95.652174,12928,1990,53.333333,,7,1,139.0725,true
BASE,OPERACION_DIARIA-ALTA-N03,OPERACION_DIARIA,ALTA,38,3,18,60,RECOCIDO_SIMULADO,14.4861,941,168.466667,168.466667,0,0,0,true,true,100,100,11202,1692,53.333333,2.869289,7,1,10.3665,true
BASE,OPERACION_DIARIA-ALTA-N03,OPERACION_DIARIA,ALTA,38,3,19,61,RECOCIDO_SIMULADO,16.2981,621,168.571667,168.571667,0,0,0,true,true,100,100,11442,1718,53.333333,1.932453,8,1,7.3389,true
BASE,OPERACION_DIARIA-ALTA-N03,OPERACION_DIARIA,ALTA,38,3,19,61,GENETICO,293.8603,9060,160.558333,160.558333,0,0,0,true,true,100,100,12648,1976,53.333333,,8,1,154.0225,true
BASE,OPERACION_DIARIA-ALTA-N03,OPERACION_DIARIA,ALTA,38,3,20,62,GENETICO,366.5988,9060,160.893333,160.893333,0,0,0,true,true,100,100,12612,1962,53.333333,,10,1,265.3575,true
BASE,OPERACION_DIARIA-ALTA-N03,OPERACION_DIARIA,ALTA,38,3,20,62,RECOCIDO_SIMULADO,17.5738,181,169.093333,169.093333,0,0,0,true,true,100,100,12402,1828,53.333333,1.074531,10,1,3.0873,true
BASE,OPERACION_DIARIA-ALTA-N03,OPERACION_DIARIA,ALTA,38,3,21,63,RECOCIDO_SIMULADO,20.9796,741,168.826667,168.826667,0,0,0,true,true,100,100,12604,1888,53.333333,2.236648,8,1,8.4172,true
BASE,OPERACION_DIARIA-ALTA-N03,OPERACION_DIARIA,ALTA,38,3,21,63,GENETICO,530.7714,9060,160.458333,160.458333,0,0,0,true,true,100,100,12952,1994,53.333333,,8,1,238.6606,true
BASE,OPERACION_DIARIA-ALTA-N03,OPERACION_DIARIA,ALTA,38,3,22,64,GENETICO,332.6497,9060,161.07,161.07,0,0,0,true,true,100,100,12720,1934,53.333333,,5,1,189.8801,true
BASE,OPERACION_DIARIA-ALTA-N03,OPERACION_DIARIA,ALTA,38,3,22,64,RECOCIDO_SIMULADO,22.617,781,164.938333,164.938333,0,0,0,true,true,100,100,12628,1870,53.333333,2.388359,5,1,9.0554,true
BASE,OPERACION_DIARIA-ALTA-N03,OPERACION_DIARIA,ALTA,38,3,23,65,RECOCIDO_SIMULADO,18.0752,461,266.51,169.01,0.975,0,0,true,true,97.368421,95.652174,12384,1878,53.333333,1.548406,10,1,5.836,true
BASE,OPERACION_DIARIA-ALTA-N03,OPERACION_DIARIA,ALTA,38,3,23,65,GENETICO,328.8558,9060,160.333333,160.333333,0,0,0,true,true,100,100,12508,1946,53.333333,,10,1,297.3193,true
BASE,OPERACION_DIARIA-ALTA-N03,OPERACION_DIARIA,ALTA,38,3,24,66,GENETICO,578.9389,9060,163.01,163.01,0,0,0,true,true,100,100,12908,1980,53.333333,,6,1,139.1807,true
BASE,OPERACION_DIARIA-ALTA-N03,OPERACION_DIARIA,ALTA,38,3,24,66,RECOCIDO_SIMULADO,17.1344,461,167.578333,167.578333,0,0,0,true,true,100,100,11936,1816,53.333333,1.584654,6,1,6.0015,true
BASE,OPERACION_DIARIA-ALTA-N03,OPERACION_DIARIA,ALTA,38,3,25,67,RECOCIDO_SIMULADO,21.1046,781,169.216667,169.216667,0,0,0,true,true,100,100,12998,1996,53.333333,2.309469,10,1,8.9161,true
BASE,OPERACION_DIARIA-ALTA-N03,OPERACION_DIARIA,ALTA,38,3,25,67,GENETICO,529.5213,9060,160.655,160.655,0,0,0,true,true,100,100,12640,1956,53.333333,,10,1,285.4397,true
BASE,OPERACION_DIARIA-ALTA-N03,OPERACION_DIARIA,ALTA,38,3,26,68,GENETICO,511.7888,9060,160.45,160.45,0,0,0,true,true,100,100,12556,1938,53.333333,,9,1,167.9463,true
BASE,OPERACION_DIARIA-ALTA-N03,OPERACION_DIARIA,ALTA,38,3,26,68,RECOCIDO_SIMULADO,13.899,1061,168.255,168.255,0,0,0,true,true,100,100,11994,1840,53.333333,3.333297,9,1,11.8065,true
BASE,OPERACION_DIARIA-ALTA-N03,OPERACION_DIARIA,ALTA,38,3,27,69,RECOCIDO_SIMULADO,17.2403,701,170.48,170.48,0,0,0,true,true,100,100,12144,1866,53.333333,2.145653,8,1,8.5926,true
BASE,OPERACION_DIARIA-ALTA-N03,OPERACION_DIARIA,ALTA,38,3,27,69,GENETICO,285.5528,9060,258.521667,161.021667,0.975,0,0,true,true,97.368421,95.652174,12548,1916,53.333333,,8,1,154.0481,true
BASE,OPERACION_DIARIA-ALTA-N03,OPERACION_DIARIA,ALTA,38,3,28,70,GENETICO,242.623,9060,159.57,159.57,0,0,0,true,true,100,100,12492,1928,53.333333,,8,1,172.0742,true
BASE,OPERACION_DIARIA-ALTA-N03,OPERACION_DIARIA,ALTA,38,3,28,70,RECOCIDO_SIMULADO,15.8379,1021,172.413333,172.413333,0,0,0,true,true,100,100,12454,1928,53.333333,3.142016,8,1,11.0181,true
BASE,OPERACION_DIARIA-ALTA-N03,OPERACION_DIARIA,ALTA,38,3,29,71,RECOCIDO_SIMULADO,17.5264,461,164.233333,164.233333,0,0,0,true,true,100,100,12594,1868,53.333333,1.546867,8,1,5.7885,true
BASE,OPERACION_DIARIA-ALTA-N03,OPERACION_DIARIA,ALTA,38,3,29,71,GENETICO,303.419,9060,261.43,163.93,0.975,0,0,true,true,97.368421,95.652174,13020,1954,53.333333,,8,1,243.3604,true
BASE,OPERACION_DIARIA-CRITICA-N01,OPERACION_DIARIA,CRITICA,55,1,0,42,GENETICO,465.7241,9060,1297.268333,361.601667,9.356667,0,0,true,true,92.727273,88.571429,14830,2490,77.97619,,20,2,209.0143,true
BASE,OPERACION_DIARIA-CRITICA-N01,OPERACION_DIARIA,CRITICA,55,1,0,42,RECOCIDO_SIMULADO,36.2994,2461,1312.051667,391.385,9.206667,0,0,true,true,90.909091,85.714286,17922,2986,77.97619,20.387058,20,2,32.7639,true
BASE,OPERACION_DIARIA-CRITICA-N01,OPERACION_DIARIA,CRITICA,55,1,1,43,RECOCIDO_SIMULADO,32.7109,1101,1265.45,382.116667,8.833333,0,0,true,true,92.727273,88.571429,14848,2404,77.97619,3.514936,19,2,15.2716,true
BASE,OPERACION_DIARIA-CRITICA-N01,OPERACION_DIARIA,CRITICA,55,1,1,43,GENETICO,356.3397,9060,1375.51,370.51,10.05,0,0,true,true,94.545455,91.428571,16464,2778,77.97619,,19,2,168.9939,true
BASE,OPERACION_DIARIA-CRITICA-N01,OPERACION_DIARIA,CRITICA,55,1,2,44,GENETICO,434.4208,9060,1344.72,369.053333,9.756667,0,0,true,true,89.090909,82.857143,16228,2670,77.97619,,20,2,177.1622,true
BASE,OPERACION_DIARIA-CRITICA-N01,OPERACION_DIARIA,CRITICA,55,1,2,44,RECOCIDO_SIMULADO,38.2688,1181,1189.128333,383.461667,8.056667,0,0,true,true,92.727273,88.571429,16158,2576,77.97619,3.991965,20,2,15.9112,true
BASE,OPERACION_DIARIA-CRITICA-N01,OPERACION_DIARIA,CRITICA,55,1,3,45,RECOCIDO_SIMULADO,30.8435,781,1203.248333,378.248333,8.25,0,0,true,true,92.727273,88.571429,16158,2700,77.97619,2.345411,25,2,13.2328,true
BASE,OPERACION_DIARIA-CRITICA-N01,OPERACION_DIARIA,CRITICA,55,1,3,45,GENETICO,320.2496,9060,1202.41,368.41,8.34,0,0,true,true,92.727273,88.571429,15272,2574,77.97619,,25,2,152.0491,true
BASE,OPERACION_DIARIA-CRITICA-N01,OPERACION_DIARIA,CRITICA,55,1,4,46,GENETICO,323.6297,9060,1366.565,366.565,10,0,0,true,true,92.727273,88.571429,15566,2540,77.97619,,19,2,145.465,true
BASE,OPERACION_DIARIA-CRITICA-N01,OPERACION_DIARIA,CRITICA,55,1,4,46,RECOCIDO_SIMULADO,37.0256,1181,1482.458333,384.458333,10.98,0,0,true,true,92.727273,88.571429,16846,2726,77.97619,3.797602,19,2,16.2187,true
BASE,OPERACION_DIARIA-CRITICA-N01,OPERACION_DIARIA,CRITICA,55,1,5,47,RECOCIDO_SIMULADO,40.5061,3101,1278.258333,389.258333,8.89,0,0,true,true,90.909091,85.714286,16404,2670,77.97619,45.763992,21,2,39.051,true
BASE,OPERACION_DIARIA-CRITICA-N01,OPERACION_DIARIA,CRITICA,55,1,5,47,GENETICO,518.138,9060,1235.905,365.905,8.7,0,0,true,true,92.727273,88.571429,15856,2606,77.97619,,21,2,208.4247,true
BASE,OPERACION_DIARIA-CRITICA-N01,OPERACION_DIARIA,CRITICA,55,1,6,48,GENETICO,569.8024,9060,1251.226667,367.893333,8.833333,0,0,true,true,90.909091,85.714286,15438,2592,77.97619,,19,2,171.3637,true
BASE,OPERACION_DIARIA-CRITICA-N01,OPERACION_DIARIA,CRITICA,55,1,6,48,RECOCIDO_SIMULADO,28.2816,381,1203.543333,380.21,8.233333,0,0,true,true,92.727273,88.571429,16568,2598,77.97619,1.430694,21,2,6.3984,true
BASE,OPERACION_DIARIA-CRITICA-N01,OPERACION_DIARIA,CRITICA,55,1,7,49,RECOCIDO_SIMULADO,39.8016,2181,1183.753333,394.753333,7.89,0,0,true,true,92.727273,88.571429,17554,2862,77.97619,13.686482,21,2,29.8236,true
BASE,OPERACION_DIARIA-CRITICA-N01,OPERACION_DIARIA,CRITICA,55,1,7,49,GENETICO,308.18,9060,1251.125,367.791667,8.833333,0,0,true,true,90.909091,85.714286,15384,2626,77.97619,,21,2,166.4776,true
BASE,OPERACION_DIARIA-CRITICA-N01,OPERACION_DIARIA,CRITICA,55,1,8,50,GENETICO,725.9577,9060,1101.006667,363.006667,7.38,0,0,true,true,92.727273,88.571429,14918,2546,77.97619,,23,2,395.4282,true
BASE,OPERACION_DIARIA-CRITICA-N01,OPERACION_DIARIA,CRITICA,55,1,8,50,RECOCIDO_SIMULADO,36.9181,381,1312.543333,381.876667,9.306667,0,0,true,true,89.090909,82.857143,15296,2404,77.97619,1.367472,23,2,6.4285,true
BASE,OPERACION_DIARIA-CRITICA-N01,OPERACION_DIARIA,CRITICA,55,1,9,51,RECOCIDO_SIMULADO,30.0268,541,1349.626667,379.626667,9.7,0,0,true,true,89.090909,82.857143,15260,2464,77.97619,1.690554,19,2,8.6576,true
BASE,OPERACION_DIARIA-CRITICA-N01,OPERACION_DIARIA,CRITICA,55,1,9,51,GENETICO,397.4841,9060,1337.703333,365.203333,9.725,0,0,true,true,87.272727,80,14684,2330,77.97619,,19,2,273.0421,true
BASE,OPERACION_DIARIA-CRITICA-N01,OPERACION_DIARIA,CRITICA,55,1,10,52,GENETICO,936.9417,9060,1041.66,367.66,6.74,0,0,true,true,94.545455,91.428571,14894,2406,77.97619,,24,2,217.6787,true
BASE,OPERACION_DIARIA-CRITICA-N01,OPERACION_DIARIA,CRITICA,55,1,10,52,RECOCIDO_SIMULADO,48.7021,541,1287.721667,377.721667,9.1,0,0,true,true,90.909091,85.714286,15654,2580,77.97619,1.700558,24,2,8.2353,true
BASE,OPERACION_DIARIA-CRITICA-N01,OPERACION_DIARIA,CRITICA,55,1,11,53,RECOCIDO_SIMULADO,51.0103,1261,1107.815,388.815,7.19,0,0,true,true,94.545455,91.428571,16842,2756,77.97619,4.321793,26,2,18.63,true
BASE,OPERACION_DIARIA-CRITICA-N01,OPERACION_DIARIA,CRITICA,55,1,11,53,GENETICO,350.3819,9060,1081.538333,362.538333,7.19,0,0,true,true,94.545455,91.428571,15184,2518,77.97619,,25,2,256.9432,true
BASE,OPERACION_DIARIA-CRITICA-N01,OPERACION_DIARIA,CRITICA,55,1,12,54,GENETICO,516.3025,9060,1407.631667,369.298333,10.383333,0,0,true,true,90.909091,85.714286,15390,2684,77.97619,,22,2,195.5367,true
BASE,OPERACION_DIARIA-CRITICA-N01,OPERACION_DIARIA,CRITICA,55,1,12,54,RECOCIDO_SIMULADO,50.8469,2261,1163.43,393.43,7.7,0,0,true,true,94.545455,91.428571,17044,2822,77.97619,15.201847,22,2,33.2884,true
BASE,OPERACION_DIARIA-CRITICA-N01,OPERACION_DIARIA,CRITICA,55,1,13,55,RECOCIDO_SIMULADO,46.0374,1221,1119.966667,381.966667,7.38,0,0,true,true,92.727273,88.571429,16722,2800,77.97619,4.033364,22,2,16.7456,true
BASE,OPERACION_DIARIA-CRITICA-N01,OPERACION_DIARIA,CRITICA,55,1,13,55,GENETICO,411.8495,9060,1068.13,366.796667,7.013333,0,0,true,true,90.909091,85.714286,15068,2526,77.97619,,22,2,348.6375,true
BASE,OPERACION_DIARIA-CRITICA-N01,OPERACION_DIARIA,CRITICA,55,1,14,56,GENETICO,669.7134,9060,1042.806667,368.806667,6.74,0,0,true,true,94.545455,91.428571,14380,2370,77.97619,,19,2,330.5051,true
BASE,OPERACION_DIARIA-CRITICA-N01,OPERACION_DIARIA,CRITICA,55,1,14,56,RECOCIDO_SIMULADO,50.208,2501,1162.236667,392.236667,7.7,0,0,true,true,94.545455,91.428571,17232,2848,77.97619,21.06633,20,2,55.1799,true
BASE,OPERACION_DIARIA-CRITICA-N01,OPERACION_DIARIA,CRITICA,55,1,15,57,RECOCIDO_SIMULADO,39.6139,1301,1111.258333,383.925,7.273333,0,0,true,true,92.727273,88.571429,15524,2500,77.97619,4.521086,18,2,18.9823,true
BASE,OPERACION_DIARIA-CRITICA-N01,OPERACION_DIARIA,CRITICA,55,1,15,57,GENETICO,502.699,9060,1101.663333,374.33,7.273333,0,0,true,true,92.727273,88.571429,16126,2684,77.97619,,18,2,200.6766,true
BASE,OPERACION_DIARIA-CRITICA-N01,OPERACION_DIARIA,CRITICA,55,1,16,58,GENETICO,504.8838,9060,1221.788333,361.121667,8.606667,0,0,true,true,90.909091,85.714286,15266,2542,77.97619,,20,2,213.7343,true
BASE,OPERACION_DIARIA-CRITICA-N01,OPERACION_DIARIA,CRITICA,55,1,16,58,RECOCIDO_SIMULADO,40.9225,1381,1234.513333,388.513333,8.46,0,0,true,true,92.727273,88.571429,16696,2692,77.97619,5.076144,20,2,18.3911,true
BASE,OPERACION_DIARIA-CRITICA-N01,OPERACION_DIARIA,CRITICA,55,1,17,59,RECOCIDO_SIMULADO,36.7007,1101,1200.08,385.08,8.15,0,0,true,true,94.545455,91.428571,16236,2638,77.97619,3.431838,23,2,15,true
BASE,OPERACION_DIARIA-CRITICA-N01,OPERACION_DIARIA,CRITICA,55,1,17,59,GENETICO,337.5069,9060,1101.295,363.295,7.38,0,0,true,true,92.727273,88.571429,14838,2392,77.97619,,23,2,237.1841,true
BASE,OPERACION_DIARIA-CRITICA-N01,OPERACION_DIARIA,CRITICA,55,1,18,60,GENETICO,411.945,9060,1094.19,366.856667,7.273333,0,0,true,true,92.727273,88.571429,15170,2486,77.97619,,20,2,309.1195,true
BASE,OPERACION_DIARIA-CRITICA-N01,OPERACION_DIARIA,CRITICA,55,1,18,60,RECOCIDO_SIMULADO,33.1847,1421,1117.69,390.356667,7.273333,0,0,true,true,92.727273,88.571429,17430,2790,77.97619,5.209427,20,2,19.644,true
BASE,OPERACION_DIARIA-CRITICA-N01,OPERACION_DIARIA,CRITICA,55,1,19,61,RECOCIDO_SIMULADO,27.4756,1941,1240.901667,384.235,8.566667,0,0,true,true,92.727273,88.571429,17300,2880,77.97619,10.164209,27,2,36.7929,true
BASE,OPERACION_DIARIA-CRITICA-N01,OPERACION_DIARIA,CRITICA,55,1,19,61,GENETICO,417.4277,9060,1184.528333,368.861667,8.156667,0,0,true,true,90.909091,85.714286,15662,2598,77.97619,,26,2,193.5034,true
BASE,OPERACION_DIARIA-CRITICA-N01,OPERACION_DIARIA,CRITICA,55,1,20,62,GENETICO,393.1545,9060,1322.733333,366.733333,9.56,0,0,true,true,89.090909,82.857143,15244,2466,77.97619,,23,2,269.3011,true
BASE,OPERACION_DIARIA-CRITICA-N01,OPERACION_DIARIA,CRITICA,55,1,20,62,RECOCIDO_SIMULADO,46.2727,1101,1319.481667,383.815,9.356667,0,0,true,true,92.727273,88.571429,16920,2738,77.97619,3.475698,24,2,15.3767,true
BASE,OPERACION_DIARIA-CRITICA-N01,OPERACION_DIARIA,CRITICA,55,1,21,63,RECOCIDO_SIMULADO,64.8871,2661,1223.538333,389.538333,8.34,0,0,true,true,92.727273,88.571429,16814,2674,77.97619,26.212215,23,2,58.5062,true
BASE,OPERACION_DIARIA-CRITICA-N01,OPERACION_DIARIA,CRITICA,55,1,21,63,GENETICO,399.5052,9060,1194.25,360.25,8.34,0,0,true,true,92.727273,88.571429,15038,2480,77.97619,,23,2,323.2364,true
BASE,OPERACION_DIARIA-CRITICA-N01,OPERACION_DIARIA,CRITICA,55,1,22,64,GENETICO,624.8761,9060,1453.066667,366.4,10.866667,0,0,true,true,90.909091,85.714286,15324,2632,77.97619,,22,2,268.6032,true
BASE,OPERACION_DIARIA-CRITICA-N01,OPERACION_DIARIA,CRITICA,55,1,22,64,RECOCIDO_SIMULADO,55.3803,1461,1226.185,392.185,8.34,0,0,true,true,92.727273,88.571429,16026,2584,77.97619,5.519654,23,2,30.6049,true
BASE,OPERACION_DIARIA-CRITICA-N01,OPERACION_DIARIA,CRITICA,55,1,23,65,RECOCIDO_SIMULADO,58.085,1901,1233.378333,391.045,8.423333,0,0,true,true,90.909091,85.714286,15764,2506,77.97619,9.947825,19,2,31.6338,true
BASE,OPERACION_DIARIA-CRITICA-N01,OPERACION_DIARIA,CRITICA,55,1,23,65,GENETICO,933.8055,9060,1049.395,365.395,6.84,0,0,true,true,92.727273,88.571429,15508,2602,77.97619,,19,2,346.9581,true
BASE,OPERACION_DIARIA-CRITICA-N01,OPERACION_DIARIA,CRITICA,55,1,24,66,GENETICO,452.7245,9060,1096.078333,368.745,7.273333,0,0,true,true,92.727273,88.571429,14336,2418,77.97619,,19,2,359.0287,true
BASE,OPERACION_DIARIA-CRITICA-N01,OPERACION_DIARIA,CRITICA,55,1,24,66,RECOCIDO_SIMULADO,38.751,1821,1243.683333,386.35,8.573333,0,0,true,true,92.727273,88.571429,16130,2570,77.97619,8.720958,20,2,30.2669,true
BASE,OPERACION_DIARIA-CRITICA-N01,OPERACION_DIARIA,CRITICA,55,1,25,67,RECOCIDO_SIMULADO,39.465,1741,1237.213333,388.213333,8.49,0,0,true,true,94.545455,91.428571,16076,2524,77.97619,7.908812,21,2,31.3492,true
BASE,OPERACION_DIARIA-CRITICA-N01,OPERACION_DIARIA,CRITICA,55,1,25,67,GENETICO,621.0035,9060,1483.405,365.071667,11.183333,0,0,true,true,90.909091,85.714286,15072,2644,77.97619,,20,2,212.6149,true
BASE,OPERACION_DIARIA-CRITICA-N01,OPERACION_DIARIA,CRITICA,55,1,26,68,GENETICO,402.3544,9060,1097.471667,370.138333,7.273333,0,0,true,true,92.727273,88.571429,15568,2606,77.97619,,23,2,246.0478,true
BASE,OPERACION_DIARIA-CRITICA-N01,OPERACION_DIARIA,CRITICA,55,1,26,68,RECOCIDO_SIMULADO,34.9186,2101,1101.731667,382.731667,7.19,0,0,true,true,94.545455,91.428571,17524,2820,77.97619,12.424724,23,2,30.6089,true
BASE,OPERACION_DIARIA-CRITICA-N01,OPERACION_DIARIA,CRITICA,55,1,27,69,RECOCIDO_SIMULADO,36.8158,1821,1200.796667,385.13,8.156667,0,0,true,true,90.909091,85.714286,17474,2780,77.97619,8.852398,22,2,24.0007,true
BASE,OPERACION_DIARIA-CRITICA-N01,OPERACION_DIARIA,CRITICA,55,1,27,69,GENETICO,880.8669,9060,1101.31,368.976667,7.323333,0,0,true,true,92.727273,88.571429,15176,2462,77.97619,,21,2,230.2742,true
BASE,OPERACION_DIARIA-CRITICA-N01,OPERACION_DIARIA,CRITICA,55,1,28,70,GENETICO,691.8114,9060,1165.815,360.148333,8.056667,0,0,true,true,92.727273,88.571429,15164,2522,77.97619,,20,2,254.7998,true
BASE,OPERACION_DIARIA-CRITICA-N01,OPERACION_DIARIA,CRITICA,55,1,28,70,RECOCIDO_SIMULADO,50.2037,1621,1209.135,395.135,8.14,0,0,true,true,90.909091,85.714286,17892,2854,77.97619,6.877733,20,2,32.6538,true
BASE,OPERACION_DIARIA-CRITICA-N01,OPERACION_DIARIA,CRITICA,55,1,29,71,RECOCIDO_SIMULADO,35.4866,1541,1221.141667,388.141667,8.33,0,0,true,true,89.090909,82.857143,17958,2860,77.97619,6.207469,21,2,29.0974,true
BASE,OPERACION_DIARIA-CRITICA-N01,OPERACION_DIARIA,CRITICA,55,1,29,71,GENETICO,653.2933,9060,1050.146667,366.146667,6.84,0,0,true,true,92.727273,88.571429,15332,2612,77.97619,,20,2,333.9851,true
BASE,OPERACION_DIARIA-CRITICA-N02,OPERACION_DIARIA,CRITICA,55,2,0,42,GENETICO,329.8752,9060,1391.705,330.538333,10.611667,0,0,true,true,92.727273,88.571429,16450,2670,78.571429,,19,2,667.6119,true
BASE,OPERACION_DIARIA-CRITICA-N02,OPERACION_DIARIA,CRITICA,55,2,0,42,RECOCIDO_SIMULADO,42.2221,1101,1440.12,346.453333,10.936667,0,0,true,true,90.909091,85.714286,16674,2710,78.571429,3.515242,19,2,16.1172,true
BASE,OPERACION_DIARIA-CRITICA-N02,OPERACION_DIARIA,CRITICA,55,2,1,43,RECOCIDO_SIMULADO,37.6443,1341,1582.443333,348.776667,12.336667,0,0,true,true,90.909091,85.714286,17284,2792,78.571429,4.814279,18,2,18.685,true
BASE,OPERACION_DIARIA-CRITICA-N02,OPERACION_DIARIA,CRITICA,55,2,1,43,GENETICO,366.5687,9060,1790.446667,327.946667,14.625,0,0,true,true,89.090909,82.857143,15740,2626,78.571429,,18,2,226.0013,true
BASE,OPERACION_DIARIA-CRITICA-N02,OPERACION_DIARIA,CRITICA,55,2,2,44,GENETICO,573.637,9060,1498.95,325.783333,11.731667,0,0,true,true,90.909091,85.714286,15822,2586,78.571429,,19,2,389.6843,true
BASE,OPERACION_DIARIA-CRITICA-N02,OPERACION_DIARIA,CRITICA,55,2,2,44,RECOCIDO_SIMULADO,40.7327,1101,1505.555,349.888333,11.556667,0,0,true,true,90.909091,85.714286,16570,2676,78.571429,3.526089,20,2,28.2516,true
BASE,OPERACION_DIARIA-CRITICA-N02,OPERACION_DIARIA,CRITICA,55,2,3,45,RECOCIDO_SIMULADO,61.0217,1381,1451.225,357.058333,10.941667,0,0,true,true,89.090909,82.857143,16558,2672,78.571429,4.916851,25,2,19.7255,true
BASE,OPERACION_DIARIA-CRITICA-N02,OPERACION_DIARIA,CRITICA,55,2,3,45,GENETICO,321.2172,9060,1406.91,325.243333,10.816667,0,0,true,true,92.727273,88.571429,15002,2474,78.571429,,25,2,374.5459,true
BASE,OPERACION_DIARIA-CRITICA-N02,OPERACION_DIARIA,CRITICA,55,2,4,46,GENETICO,348.4842,9060,1439.581667,326.415,11.131667,0,0,true,true,90.909091,85.714286,15260,2572,78.571429,,17,2,267.0727,true
BASE,OPERACION_DIARIA-CRITICA-N02,OPERACION_DIARIA,CRITICA,55,2,4,46,RECOCIDO_SIMULADO,35.3503,1021,1459.43,347.43,11.12,0,0,true,true,89.090909,82.857143,16234,2660,78.571429,3.194584,17,2,15.1553,true
BASE,OPERACION_DIARIA-CRITICA-N02,OPERACION_DIARIA,CRITICA,55,2,5,47,RECOCIDO_SIMULADO,61.2582,1061,1436.763333,343.096667,10.936667,0,0,true,true,90.909091,85.714286,16998,2708,78.571429,3.298007,20,2,17.1001,true
BASE,OPERACION_DIARIA-CRITICA-N02,OPERACION_DIARIA,CRITICA,55,2,5,47,GENETICO,480.4856,9060,1425.283333,326.616667,10.986667,0,0,true,true,92.727273,88.571429,15296,2570,78.571429,,20,2,251.9308,true
BASE,OPERACION_DIARIA-CRITICA-N02,OPERACION_DIARIA,CRITICA,55,2,6,48,GENETICO,315.9815,9060,1635.711667,323.711667,13.12,0,0,true,true,89.090909,82.857143,15618,2588,78.571429,,19,2,360.7823,true
BASE,OPERACION_DIARIA-CRITICA-N02,OPERACION_DIARIA,CRITICA,55,2,6,48,RECOCIDO_SIMULADO,40.5544,1381,1512.595,346.928333,11.656667,0,0,true,true,90.909091,85.714286,17106,2766,78.571429,5.147479,20,2,28.3085,true
BASE,OPERACION_DIARIA-CRITICA-N02,OPERACION_DIARIA,CRITICA,55,2,7,49,RECOCIDO_SIMULADO,51.9503,1141,1415.395,354.228333,10.611667,0,0,true,true,92.727273,88.571429,16214,2558,78.571429,3.636889,21,2,25.5033,true
BASE,OPERACION_DIARIA-CRITICA-N02,OPERACION_DIARIA,CRITICA,55,2,7,49,GENETICO,691.1802,9060,1470.505,331.005,11.395,0,0,true,true,90.909091,85.714286,15678,2642,78.571429,,20,2,228.2643,true
BASE,OPERACION_DIARIA-CRITICA-N02,OPERACION_DIARIA,CRITICA,55,2,8,50,GENETICO,329.4297,9060,1583.006667,324.006667,12.59,0,0,true,true,90.909091,85.714286,15208,2514,78.571429,,23,2,465.2328,true
BASE,OPERACION_DIARIA-CRITICA-N02,OPERACION_DIARIA,CRITICA,55,2,8,50,RECOCIDO_SIMULADO,50.5817,1701,1443.186667,340.02,11.031667,0,0,true,true,90.909091,85.714286,15956,2602,78.571429,7.493927,23,2,23.4406,true
BASE,OPERACION_DIARIA-CRITICA-N02,OPERACION_DIARIA,CRITICA,55,2,9,51,RECOCIDO_SIMULADO,44.8503,1301,1507.425,349.591667,11.578333,0,0,true,true,89.090909,82.857143,17786,2870,78.571429,4.622427,18,2,17.7656,true
BASE,OPERACION_DIARIA-CRITICA-N02,OPERACION_DIARIA,CRITICA,55,2,9,51,GENETICO,538.6267,9060,1680.553333,327.72,13.528333,0,0,true,true,87.272727,80,15456,2568,78.571429,,18,2,244.0104,true
BASE,OPERACION_DIARIA-CRITICA-N02,OPERACION_DIARIA,CRITICA,55,2,10,52,GENETICO,473.8883,9060,1576.181667,322.515,12.536667,0,0,true,true,90.909091,85.714286,15178,2524,78.571429,,23,2,303.5926,true
BASE,OPERACION_DIARIA-CRITICA-N02,OPERACION_DIARIA,CRITICA,55,2,10,52,RECOCIDO_SIMULADO,40.4211,1181,1489.881667,343.715,11.461667,0,0,true,true,90.909091,85.714286,16348,2686,78.571429,3.937142,24,2,16.7573,true
BASE,OPERACION_DIARIA-CRITICA-N02,OPERACION_DIARIA,CRITICA,55,2,11,53,RECOCIDO_SIMULADO,31.4139,741,1522.49,350.49,11.72,0,0,true,true,89.090909,82.857143,16770,2698,78.571429,2.258239,25,2,12.5799,true
BASE,OPERACION_DIARIA-CRITICA-N02,OPERACION_DIARIA,CRITICA,55,2,11,53,GENETICO,548.449,9060,1326.135,324.968333,10.011667,0,0,true,true,92.727273,88.571429,15460,2552,78.571429,,25,2,368.4968,true
BASE,OPERACION_DIARIA-CRITICA-N02,OPERACION_DIARIA,CRITICA,55,2,12,54,GENETICO,415.886,9060,1585.76,327.926667,12.578333,0,0,true,true,89.090909,82.857143,15750,2608,78.571429,,21,2,296.6112,true
BASE,OPERACION_DIARIA-CRITICA-N02,OPERACION_DIARIA,CRITICA,55,2,12,54,RECOCIDO_SIMULADO,53.6958,541,1604.191667,346.358333,12.578333,0,0,true,true,89.090909,82.857143,16116,2626,78.571429,1.742358,22,2,8.5273,true
BASE,OPERACION_DIARIA-CRITICA-N02,OPERACION_DIARIA,CRITICA,55,2,13,55,RECOCIDO_SIMULADO,59.8791,1861,1470.668333,352.501667,11.181667,0,0,true,true,92.727273,88.571429,17930,2884,78.571429,9.268459,22,2,31.8453,true
BASE,OPERACION_DIARIA-CRITICA-N02,OPERACION_DIARIA,CRITICA,55,2,13,55,GENETICO,317.5164,9060,1594.198333,322.198333,12.72,0,0,true,true,89.090909,82.857143,14866,2508,78.571429,,21,2,382.1312,true
BASE,OPERACION_DIARIA-CRITICA-N02,OPERACION_DIARIA,CRITICA,55,2,14,56,GENETICO,428.7628,9060,1489.336667,324.003333,11.653333,0,0,true,true,90.909091,85.714286,14976,2456,78.571429,,18,2,659.6668,true
BASE,OPERACION_DIARIA-CRITICA-N02,OPERACION_DIARIA,CRITICA,55,2,14,56,RECOCIDO_SIMULADO,36.7574,621,1548.798333,345.965,12.028333,0,0,true,true,90.909091,85.714286,15636,2500,78.571429,1.883872,19,2,13.0803,true
BASE,OPERACION_DIARIA-CRITICA-N02,OPERACION_DIARIA,CRITICA,55,2,15,57,RECOCIDO_SIMULADO,60.6902,901,1550.055,346.388333,12.036667,0,0,true,true,89.090909,82.857143,17724,2826,78.571429,2.767395,17,2,18.7241,true
BASE,OPERACION_DIARIA-CRITICA-N02,OPERACION_DIARIA,CRITICA,55,2,15,57,GENETICO,906.4429,9060,1624.208333,325.041667,12.991667,0,0,true,true,92.727273,88.571429,15050,2494,78.571429,,17,2,423.8522,true
BASE,OPERACION_DIARIA-CRITICA-N02,OPERACION_DIARIA,CRITICA,55,2,16,58,GENETICO,320.5857,9060,1409.136667,328.47,10.806667,0,0,true,true,92.727273,88.571429,15532,2580,78.571429,,19,2,351.7261,true
BASE,OPERACION_DIARIA-CRITICA-N02,OPERACION_DIARIA,CRITICA,55,2,16,58,RECOCIDO_SIMULADO,34.5407,1301,1436.636667,342.97,10.936667,0,0,true,true,90.909091,85.714286,17108,2882,78.571429,4.6287,19,2,17.8911,true
BASE,OPERACION_DIARIA-CRITICA-N02,OPERACION_DIARIA,CRITICA,55,2,17,59,RECOCIDO_SIMULADO,41.8783,1981,1500.15,343.983333,11.561667,0,0,true,true,90.909091,85.714286,16138,2710,78.571429,11.005762,22,2,26.1183,true
BASE,OPERACION_DIARIA-CRITICA-N02,OPERACION_DIARIA,CRITICA,55,2,17,59,GENETICO,536.3821,9060,1566.42,329.086667,12.373333,0,0,true,true,89.090909,82.857143,16320,2676,78.571429,,21,2,176.5272,true
BASE,OPERACION_DIARIA-CRITICA-N02,OPERACION_DIARIA,CRITICA,55,2,18,60,GENETICO,551.0207,9060,1526.026667,324.86,12.011667,0,0,true,true,92.727273,88.571429,16348,2652,78.571429,,19,2,621.4748,true
BASE,OPERACION_DIARIA-CRITICA-N02,OPERACION_DIARIA,CRITICA,55,2,18,60,RECOCIDO_SIMULADO,44.9026,1021,1668.821667,344.321667,13.245,0,0,true,true,90.909091,85.714286,16952,2728,78.571429,3.222418,19,2,16.9199,true
BASE,OPERACION_DIARIA-CRITICA-N02,OPERACION_DIARIA,CRITICA,55,2,19,61,RECOCIDO_SIMULADO,45.4665,2301,1357.925,356.758333,10.011667,0,0,true,true,92.727273,88.571429,17440,2716,78.571429,16.098369,25,2,36.0221,true
BASE,OPERACION_DIARIA-CRITICA-N02,OPERACION_DIARIA,CRITICA,55,2,19,61,GENETICO,393.183,9060,1553.585,324.918333,12.286667,0,0,true,true,90.909091,85.714286,14816,2462,78.571429,,25,2,317.6654,true
BASE,OPERACION_DIARIA-CRITICA-N02,OPERACION_DIARIA,CRITICA,55,2,20,62,GENETICO,512.1994,9060,1527.601667,326.435,12.011667,0,0,true,true,92.727273,88.571429,15264,2536,78.571429,,22,2,416.2635,true
BASE,OPERACION_DIARIA-CRITICA-N02,OPERACION_DIARIA,CRITICA,55,2,20,62,RECOCIDO_SIMULADO,78.0451,1101,1524.881667,344.215,11.806667,0,0,true,true,92.727273,88.571429,16054,2652,78.571429,3.455268,23,2,20.8371,true
BASE,OPERACION_DIARIA-CRITICA-N02,OPERACION_DIARIA,CRITICA,55,2,21,63,RECOCIDO_SIMULADO,49.1279,901,1610.431667,353.098333,12.573333,0,0,true,true,89.090909,82.857143,16966,2700,78.571429,2.680524,23,2,14.9365,true
BASE,OPERACION_DIARIA-CRITICA-N02,OPERACION_DIARIA,CRITICA,55,2,21,63,GENETICO,583.8261,9060,1530.876667,325.876667,12.05,0,0,true,true,90.909091,85.714286,14952,2480,78.571429,,23,2,324.4906,true
BASE,OPERACION_DIARIA-CRITICA-N02,OPERACION_DIARIA,CRITICA,55,2,22,64,GENETICO,477.5202,9060,1519.778333,328.278333,11.915,0,0,true,true,89.090909,82.857143,15832,2644,78.571429,,21,2,164.9905,true
BASE,OPERACION_DIARIA-CRITICA-N02,OPERACION_DIARIA,CRITICA,55,2,22,64,RECOCIDO_SIMULADO,50.3334,861,1722.88,348.88,13.74,0,0,true,true,87.272727,80,15924,2614,78.571429,2.582284,21,2,12.6753,true
BASE,OPERACION_DIARIA-CRITICA-N02,OPERACION_DIARIA,CRITICA,55,2,23,65,RECOCIDO_SIMULADO,34.7572,941,1583.851667,354.351667,12.295,0,0,true,true,90.909091,85.714286,18042,2960,78.571429,2.848401,18,2,13.5017,true
BASE,OPERACION_DIARIA-CRITICA-N02,OPERACION_DIARIA,CRITICA,55,2,23,65,GENETICO,335.8285,9060,1578.858333,328.525,12.503333,0,0,true,true,87.272727,80,15702,2572,78.571429,,18,2,284.222,true
BASE,OPERACION_DIARIA-CRITICA-N02,OPERACION_DIARIA,CRITICA,55,2,24,66,GENETICO,475.3572,9060,1401.766667,321.1,10.806667,0,0,true,true,92.727273,88.571429,14472,2386,78.571429,,20,2,461.4979,true
BASE,OPERACION_DIARIA-CRITICA-N02,OPERACION_DIARIA,CRITICA,55,2,24,66,RECOCIDO_SIMULADO,32.5635,2021,1534.288333,349.788333,11.845,0,0,true,true,90.909091,85.714286,17272,2736,78.571429,11.447005,20,2,26.5003,true
BASE,OPERACION_DIARIA-CRITICA-N02,OPERACION_DIARIA,CRITICA,55,2,25,67,RECOCIDO_SIMULADO,50.6535,701,1491.528333,345.361667,11.461667,0,0,true,true,90.909091,85.714286,15924,2558,78.571429,2.09556,20,2,15.5179,true
BASE,OPERACION_DIARIA-CRITICA-N02,OPERACION_DIARIA,CRITICA,55,2,25,67,GENETICO,558.4607,9060,1505.131667,324.465,11.806667,0,0,true,true,92.727273,88.571429,15112,2478,78.571429,,20,2,212.3166,true
BASE,OPERACION_DIARIA-CRITICA-N02,OPERACION_DIARIA,CRITICA,55,2,26,68,GENETICO,310.0246,9060,1584.046667,325.046667,12.59,0,0,true,true,90.909091,85.714286,15460,2570,78.571429,,22,2,386.5538,true
BASE,OPERACION_DIARIA-CRITICA-N02,OPERACION_DIARIA,CRITICA,55,2,26,68,RECOCIDO_SIMULADO,33.7495,1061,1568.073333,353.573333,12.145,0,0,true,true,87.272727,80,17488,2834,78.571429,3.372716,22,2,15.9752,true
BASE,OPERACION_DIARIA-CRITICA-N02,OPERACION_DIARIA,CRITICA,55,2,27,69,RECOCIDO_SIMULADO,36.6673,861,1539.081667,347.581667,11.915,0,0,true,true,89.090909,82.857143,16948,2706,78.571429,2.613357,21,2,12.5754,true
BASE,OPERACION_DIARIA-CRITICA-N02,OPERACION_DIARIA,CRITICA,55,2,27,69,GENETICO,322.6342,9060,1501.611667,327.445,11.741667,0,0,true,true,90.909091,85.714286,15618,2546,78.571429,,21,2,242.3159,true
BASE,OPERACION_DIARIA-CRITICA-N02,OPERACION_DIARIA,CRITICA,55,2,28,70,GENETICO,339.6087,9060,1388.811667,327.645,10.611667,0,0,true,true,92.727273,88.571429,15968,2618,78.571429,,19,2,189.4593,true
BASE,OPERACION_DIARIA-CRITICA-N02,OPERACION_DIARIA,CRITICA,55,2,28,70,RECOCIDO_SIMULADO,43.2857,1101,1461.443333,348.276667,11.131667,0,0,true,true,90.909091,85.714286,17352,2794,78.571429,3.558732,19,2,16.185,true
BASE,OPERACION_DIARIA-CRITICA-N02,OPERACION_DIARIA,CRITICA,55,2,29,71,RECOCIDO_SIMULADO,41.7717,1181,1555.571667,352.405,12.031667,0,0,true,true,90.909091,85.714286,17470,2882,78.571429,3.900187,20,2,16.8848,true
BASE,OPERACION_DIARIA-CRITICA-N02,OPERACION_DIARIA,CRITICA,55,2,29,71,GENETICO,289.9802,9060,1405.253333,324.586667,10.806667,0,0,true,true,92.727273,88.571429,14968,2548,78.571429,,19,2,450.09,true
BASE,OPERACION_DIARIA-CRITICA-N03,OPERACION_DIARIA,CRITICA,55,3,0,42,GENETICO,662.5199,9060,26432.133333,329.3,11.028333,5,0,true,true,83.636364,82.857143,15922,2498,84.22619,,19,2,345.3138,false
BASE,OPERACION_DIARIA-CRITICA-N03,OPERACION_DIARIA,CRITICA,55,3,0,42,RECOCIDO_SIMULADO,44.7099,421,26443.863333,345.53,10.983333,5,0,true,true,81.818182,80,15554,2422,83.928571,1.464288,20,2,10.0765,false
BASE,OPERACION_DIARIA-CRITICA-N03,OPERACION_DIARIA,CRITICA,55,3,1,43,RECOCIDO_SIMULADO,51.5327,621,26385.841667,337.508333,10.483333,5,0,true,true,83.636364,77.142857,15920,2470,83.928571,1.870894,19,2,13.8114,false
BASE,OPERACION_DIARIA-CRITICA-N03,OPERACION_DIARIA,CRITICA,55,3,1,43,GENETICO,606.7301,9060,31348.793333,315.293333,10.335,6,0,true,true,80,74.285714,15672,2490,81.547619,,19,2,277.6141,false
BASE,OPERACION_DIARIA-CRITICA-N03,OPERACION_DIARIA,CRITICA,55,3,2,44,GENETICO,731.2402,9060,26452.521667,316.688333,11.358333,5,0,true,true,83.636364,80,15888,2552,84.22619,,20,2,311.9651,false
BASE,OPERACION_DIARIA-CRITICA-N03,OPERACION_DIARIA,CRITICA,55,3,2,44,RECOCIDO_SIMULADO,52.1317,781,26411.13,347.296667,10.638333,5,0,true,true,83.636364,77.142857,17240,2736,84.22619,2.390531,20,2,16.3353,false
BASE,OPERACION_DIARIA-CRITICA-N03,OPERACION_DIARIA,CRITICA,55,3,3,45,RECOCIDO_SIMULADO,53.0254,781,21547.058333,350.725,11.963333,4,0,true,true,81.818182,74.285714,16710,2600,86.904762,2.343265,25,2,15.4404,false
BASE,OPERACION_DIARIA-CRITICA-N03,OPERACION_DIARIA,CRITICA,55,3,3,45,GENETICO,559.5589,9060,26395.096667,331.263333,10.638333,5,0,true,true,83.636364,85.714286,16572,2638,84.22619,,25,2,336.6434,false
BASE,OPERACION_DIARIA-CRITICA-N03,OPERACION_DIARIA,CRITICA,55,3,4,46,GENETICO,743.7481,9060,26633.063333,325.563333,13.075,5,0,true,true,81.818182,82.857143,15844,2568,83.928571,,18,2,273.6791,false
BASE,OPERACION_DIARIA-CRITICA-N03,OPERACION_DIARIA,CRITICA,55,3,4,46,RECOCIDO_SIMULADO,51.1133,2461,21479.871667,350.538333,11.293333,4,0,true,true,83.636364,77.142857,16448,2724,86.904762,19.888638,19,2,45.0133,false
BASE,OPERACION_DIARIA-CRITICA-N03,OPERACION_DIARIA,CRITICA,55,3,5,47,RECOCIDO_SIMULADO,55.0464,901,16540.623333,352.623333,11.88,3,0,true,true,83.636364,77.142857,16590,2724,89.880952,2.653241,21,2,17.527,false
BASE,OPERACION_DIARIA-CRITICA-N03,OPERACION_DIARIA,CRITICA,55,3,5,47,GENETICO,569.1068,9060,26432.251667,315.918333,11.163333,5,0,true,true,81.818182,77.142857,15832,2522,83.928571,,21,2,369.3741,false
BASE,OPERACION_DIARIA-CRITICA-N03,OPERACION_DIARIA,CRITICA,55,3,6,48,GENETICO,694.3724,9060,26397.683333,333.85,10.638333,5,0,true,true,83.636364,80,16212,2552,84.52381,,21,2,407.3905,false
BASE,OPERACION_DIARIA-CRITICA-N03,OPERACION_DIARIA,CRITICA,55,3,6,48,RECOCIDO_SIMULADO,53.1186,1101,31379.791667,340.458333,10.393333,6,0,true,true,80,77.142857,16662,2676,81.25,3.576852,20,2,24.2408,false
BASE,OPERACION_DIARIA-CRITICA-N03,OPERACION_DIARIA,CRITICA,55,3,7,49,RECOCIDO_SIMULADO,47.5043,1341,21573.258333,350.425,12.228333,4,0,true,true,85.454545,80,17636,2890,86.607143,4.843663,21,2,26.8308,false
BASE,OPERACION_DIARIA-CRITICA-N03,OPERACION_DIARIA,CRITICA,55,3,7,49,GENETICO,737.2627,9060,26308.955,332.121667,9.768333,5,0,true,true,83.636364,80,16172,2574,83.928571,,21,2,371.6888,false
BASE,OPERACION_DIARIA-CRITICA-N03,OPERACION_DIARIA,CRITICA,55,3,8,50,GENETICO,766.0279,9060,21408.318333,344.485,10.638333,4,0,true,true,85.454545,82.857143,16510,2746,87.202381,,22,2,359.7345,false
BASE,OPERACION_DIARIA-CRITICA-N03,OPERACION_DIARIA,CRITICA,55,3,8,50,RECOCIDO_SIMULADO,40.3365,1701,16554.941667,361.108333,11.938333,3,0,true,true,85.454545,82.857143,17914,2948,89.880952,7.527316,23,2,30.8351,false
BASE,OPERACION_DIARIA-CRITICA-N03,OPERACION_DIARIA,CRITICA,55,3,9,51,RECOCIDO_SIMULADO,82.1576,541,21497.201667,351.035,11.461667,4,0,true,true,87.272727,85.714286,17604,2716,86.904762,1.718665,20,2,11.2001,false
BASE,OPERACION_DIARIA-CRITICA-N03,OPERACION_DIARIA,CRITICA,55,3,9,51,GENETICO,755.1548,9060,26557.035,330.701667,12.263333,5,0,true,true,80,74.285714,16792,2728,84.22619,,19,2,303.4401,false
BASE,OPERACION_DIARIA-CRITICA-N03,OPERACION_DIARIA,CRITICA,55,3,10,52,GENETICO,716.5003,9060,16417.56,351.56,10.66,3,0,true,true,83.636364,80,17356,2808,89.880952,,24,2,303.6404,false
BASE,OPERACION_DIARIA-CRITICA-N03,OPERACION_DIARIA,CRITICA,55,3,10,52,RECOCIDO_SIMULADO,51.8952,101,47368.02,305.686667,20.623333,9,0,true,true,72.727273,74.285714,15728,2388,75.892857,0.897284,24,2,4.0377,false
BASE,OPERACION_DIARIA-CRITICA-N03,OPERACION_DIARIA,CRITICA,55,3,11,53,RECOCIDO_SIMULADO,51.9373,1101,16578.785,354.118333,12.246667,3,0,true,true,83.636364,80,17058,2880,89.583333,3.58299,26,2,21.4141,false
BASE,OPERACION_DIARIA-CRITICA-N03,OPERACION_DIARIA,CRITICA,55,3,11,53,GENETICO,690.2589,9060,21479.721667,339.388333,11.403333,4,0,true,true,83.636364,80,16614,2694,86.904762,,25,2,276.1019,false
BASE,OPERACION_DIARIA-CRITICA-N03,OPERACION_DIARIA,CRITICA,55,3,12,54,GENETICO,785.5783,9060,21478.053333,342.72,11.353333,4,0,true,true,83.636364,77.142857,17270,2756,86.607143,,22,2,258.6826,false
BASE,OPERACION_DIARIA-CRITICA-N03,OPERACION_DIARIA,CRITICA,55,3,12,54,RECOCIDO_SIMULADO,56.6047,1221,26386.813333,347.48,10.393333,5,0,true,true,81.818182,77.142857,16848,2660,83.928571,4.177415,22,2,24.379,false
BASE,OPERACION_DIARIA-CRITICA-N03,OPERACION_DIARIA,CRITICA,55,3,13,55,RECOCIDO_SIMULADO,46.8504,1141,21121.895,341.728333,7.801667,4,0,true,true,85.454545,77.142857,16594,2652,87.202381,3.684019,23,2,22.3453,false
BASE,OPERACION_DIARIA-CRITICA-N03,OPERACION_DIARIA,CRITICA,55,3,13,55,GENETICO,712.9634,9060,21401.648333,343.648333,10.58,4,0,true,true,81.818182,74.285714,16584,2670,87.5,,23,2,339.7398,false
BASE,OPERACION_DIARIA-CRITICA-N03,OPERACION_DIARIA,CRITICA,55,3,14,56,GENETICO,704.7353,9060,31518.863333,322.53,11.963333,6,0,true,true,80,80,16570,2634,81.845238,,20,2,321.9772,false
BASE,OPERACION_DIARIA-CRITICA-N03,OPERACION_DIARIA,CRITICA,55,3,14,56,RECOCIDO_SIMULADO,44.6869,1981,21517.038333,353.205,11.638333,4,0,true,true,85.454545,82.857143,17602,2724,86.607143,10.907246,20,2,39.2249,false
BASE,OPERACION_DIARIA-CRITICA-N03,OPERACION_DIARIA,CRITICA,55,3,15,57,RECOCIDO_SIMULADO,53.5958,461,26331.013333,332.513333,9.985,5,0,true,true,83.636364,77.142857,16462,2586,84.52381,1.523264,18,2,11.2586,false
BASE,OPERACION_DIARIA-CRITICA-N03,OPERACION_DIARIA,CRITICA,55,3,15,57,GENETICO,655.7257,9060,26436.633333,316.133333,11.205,5,0,true,true,81.818182,77.142857,16018,2630,84.22619,,18,2,314.0788,false
BASE,OPERACION_DIARIA-CRITICA-N03,OPERACION_DIARIA,CRITICA,55,3,16,58,GENETICO,599.7045,9060,21431.351667,334.518333,10.968333,4,0,true,true,85.454545,82.857143,16708,2676,86.904762,,20,2,332.3444,false
BASE,OPERACION_DIARIA-CRITICA-N03,OPERACION_DIARIA,CRITICA,55,3,16,58,RECOCIDO_SIMULADO,53.8169,1901,21478.256667,342.923333,11.353333,4,0,true,true,85.454545,80,16458,2706,87.5,9.8941,20,2,36.6122,false
BASE,OPERACION_DIARIA-CRITICA-N03,OPERACION_DIARIA,CRITICA,55,3,17,59,RECOCIDO_SIMULADO,52.3903,1821,26107.096667,337.43,7.696667,5,0,true,true,83.636364,77.142857,18202,2936,84.22619,8.976854,23,2,34.6515,false
BASE,OPERACION_DIARIA-CRITICA-N03,OPERACION_DIARIA,CRITICA,55,3,17,59,GENETICO,676.0262,9060,31433.195,310.361667,11.228333,6,0,true,true,81.818182,77.142857,15778,2540,81.845238,,23,2,280.5244,false
BASE,OPERACION_DIARIA-CRITICA-N03,OPERACION_DIARIA,CRITICA,55,3,18,60,GENETICO,718.9247,9060,30768.57,315.57,4.53,6,0,true,true,85.454545,77.142857,17006,2646,81.547619,,20,2,283.5071,false
BASE,OPERACION_DIARIA-CRITICA-N03,OPERACION_DIARIA,CRITICA,55,3,18,60,RECOCIDO_SIMULADO,65.4196,741,31422.846667,326.013333,10.968333,6,0,true,true,81.818182,77.142857,16472,2658,81.845238,2.269272,20,2,17.3016,false
BASE,OPERACION_DIARIA-CRITICA-N03,OPERACION_DIARIA,CRITICA,55,3,19,61,RECOCIDO_SIMULADO,56.3568,2101,16552.83,356.663333,11.961667,3,0,true,true,85.454545,77.142857,17338,2934,89.583333,12.634333,25,2,35.5955,false
BASE,OPERACION_DIARIA-CRITICA-N03,OPERACION_DIARIA,CRITICA,55,3,19,61,GENETICO,603.9353,9060,21436.528333,340.195,10.963333,4,0,true,true,83.636364,80,16530,2630,87.202381,,26,2,311.5725,false
BASE,OPERACION_DIARIA-CRITICA-N03,OPERACION_DIARIA,CRITICA,55,3,20,62,GENETICO,859.2262,9060,21529.593333,337.593333,11.92,4,0,true,true,83.636364,80,15698,2540,86.607143,,24,2,287.7447,false
BASE,OPERACION_DIARIA-CRITICA-N03,OPERACION_DIARIA,CRITICA,55,3,20,62,RECOCIDO_SIMULADO,56.7723,341,26609.208333,343.208333,12.66,5,0,true,true,78.181818,68.571429,16662,2644,84.52381,1.354472,24,2,7.9951,false
BASE,OPERACION_DIARIA-CRITICA-N03,OPERACION_DIARIA,CRITICA,55,3,21,63,RECOCIDO_SIMULADO,55.956,1101,26527.215,335.215,11.92,5,0,true,true,81.818182,80,16158,2658,84.52381,3.477855,23,2,21.612,false
BASE,OPERACION_DIARIA-CRITICA-N03,OPERACION_DIARIA,CRITICA,55,3,21,63,GENETICO,863.5763,9060,26416.808333,320.475,10.963333,5,0,true,true,81.818182,77.142857,15556,2480,84.52381,,23,2,250.6184,false
BASE,OPERACION_DIARIA-CRITICA-N03,OPERACION_DIARIA,CRITICA,55,3,22,64,GENETICO,700.6657,9060,21499.643333,337.81,11.618333,4,0,true,true,81.818182,74.285714,16590,2668,86.904762,,23,2,325.8616,false
BASE,OPERACION_DIARIA-CRITICA-N03,OPERACION_DIARIA,CRITICA,55,3,22,64,RECOCIDO_SIMULADO,52.3785,1621,21486.61,346.61,11.4,4,0,true,true,81.818182,77.142857,17552,2922,87.202381,6.919011,23,2,31.2317,false
BASE,OPERACION_DIARIA-CRITICA-N03,OPERACION_DIARIA,CRITICA,55,3,23,65,RECOCIDO_SIMULADO,52.6956,941,21543.398333,334.065,12.093333,4,0,true,true,81.818182,77.142857,16052,2634,86.904762,2.921556,19,2,18.0425,false
BASE,OPERACION_DIARIA-CRITICA-N03,OPERACION_DIARIA,CRITICA,55,3,23,65,GENETICO,761.3043,9060,26100.505,320.838333,7.796667,5,0,true,true,85.454545,80,16432,2638,83.630952,,18,2,301.0451,false
BASE,OPERACION_DIARIA-CRITICA-N03,OPERACION_DIARIA,CRITICA,55,3,24,66,GENETICO,547.432,9060,31154.175,324.841667,8.293333,6,0,true,true,80,74.285714,15606,2448,81.25,,20,2,484.1658,false
BASE,OPERACION_DIARIA-CRITICA-N03,OPERACION_DIARIA,CRITICA,55,3,24,66,RECOCIDO_SIMULADO,52.3241,381,31083.918333,333.751667,7.501667,6,0,true,true,83.636364,74.285714,16474,2562,81.547619,1.429573,20,2,8.9962,false
BASE,OPERACION_DIARIA-CRITICA-N03,OPERACION_DIARIA,CRITICA,55,3,25,67,RECOCIDO_SIMULADO,41.8856,541,26419.58,355.746667,10.638333,5,0,true,true,83.636364,80,17494,2864,84.52381,1.726603,21,2,11.8938,false
BASE,OPERACION_DIARIA-CRITICA-N03,OPERACION_DIARIA,CRITICA,55,3,25,67,GENETICO,760.4095,9060,26510.09,326.256667,11.838333,5,0,true,true,83.636364,80,16106,2548,84.22619,,21,2,376.6406,false
BASE,OPERACION_DIARIA-CRITICA-N03,OPERACION_DIARIA,CRITICA,55,3,26,68,GENETICO,705.3098,9060,26061.438333,324.271667,7.371667,5,0,true,true,85.454545,77.142857,16510,2646,84.52381,,23,2,273.8694,false
BASE,OPERACION_DIARIA-CRITICA-N03,OPERACION_DIARIA,CRITICA,55,3,26,68,RECOCIDO_SIMULADO,52.526,1141,25836.33,337.83,4.985,5,0,true,true,85.454545,77.142857,17186,2778,84.22619,3.647877,22,2,23.1287,false
BASE,OPERACION_DIARIA-CRITICA-N03,OPERACION_DIARIA,CRITICA,55,3,27,69,RECOCIDO_SIMULADO,54.9384,1941,26423.48,342.98,10.805,5,0,true,true,81.818182,74.285714,17142,2816,84.22619,10.255794,20,2,36.8635,false
BASE,OPERACION_DIARIA-CRITICA-N03,OPERACION_DIARIA,CRITICA,55,3,27,69,GENETICO,764.2219,9060,21517.82,337.486667,11.803333,4,0,true,true,83.636364,82.857143,16784,2682,87.202381,,21,2,411.0338,false
BASE,OPERACION_DIARIA-CRITICA-N03,OPERACION_DIARIA,CRITICA,55,3,28,70,GENETICO,857.0278,9060,26117.576667,321.41,7.961667,5,0,true,true,85.454545,80,15926,2494,84.821429,,20,2,322.4752,false
BASE,OPERACION_DIARIA-CRITICA-N03,OPERACION_DIARIA,CRITICA,55,3,28,70,RECOCIDO_SIMULADO,56.4174,2381,21086.138333,349.471667,7.366667,4,0,true,true,87.272727,80,16668,2712,87.202381,18.214139,20,2,43.5706,false
BASE,OPERACION_DIARIA-CRITICA-N03,OPERACION_DIARIA,CRITICA,55,3,29,71,RECOCIDO_SIMULADO,51.813,781,26503.411667,339.911667,11.635,5,0,true,true,80,71.428571,16312,2572,83.928571,2.349144,20,2,15.9137,false
BASE,OPERACION_DIARIA-CRITICA-N03,OPERACION_DIARIA,CRITICA,55,3,29,71,GENETICO,587.9015,9060,26516.651667,330.651667,11.86,5,0,true,true,81.818182,77.142857,16216,2552,83.630952,,20,2,316.7431,false
BASE,SIMULACION_CINCO_DIAS-NORMAL-N01,SIMULACION_CINCO_DIAS,NORMAL,125,1,0,42,GENETICO,1765.4768,9060,463641.261667,3736.428333,2349.048333,45,0,true,true,24,17.567568,22794,3680,91.176471,,,,,
BASE,SIMULACION_CINCO_DIAS-NORMAL-N01,SIMULACION_CINCO_DIAS,NORMAL,125,1,0,42,RECOCIDO_SIMULADO,400.2702,4901,620623.84,5529.006667,4050.948333,42,0,true,true,8.8,8.108108,22262,3638,95.833333,451.106345,,,,
BASE,SIMULACION_CINCO_DIAS-NORMAL-N01,SIMULACION_CINCO_DIAS,NORMAL,125,1,1,43,RECOCIDO_SIMULADO,398.4168,4941,618120.443333,5585.61,4075.348333,41,0,true,true,8.8,8.108108,22084,3710,97.303922,476.560235,,,,
BASE,SIMULACION_CINCO_DIAS-NORMAL-N01,SIMULACION_CINCO_DIAS,NORMAL,125,1,1,43,GENETICO,1653.9922,9060,470769.045,3767.211667,2270.018333,48,0,true,true,20,13.513514,20962,3472,90.196078,,,,,
BASE,SIMULACION_CINCO_DIAS-NORMAL-N01,SIMULACION_CINCO_DIAS,NORMAL,125,1,2,44,GENETICO,1599.3066,9060,458763.773333,3772.273333,2349.915,44,0,true,true,24,16.216216,20786,3476,93.627451,,,,,
BASE,SIMULACION_CINCO_DIAS-NORMAL-N01,SIMULACION_CINCO_DIAS,NORMAL,125,1,2,44,RECOCIDO_SIMULADO,393.8943,4581,621048.026667,5534.193333,4055.138333,42,0,true,true,8,6.756757,22368,3712,95.833333,305.863188,,,,
BASE,SIMULACION_CINCO_DIAS-NORMAL-N01,SIMULACION_CINCO_DIAS,NORMAL,125,1,3,45,RECOCIDO_SIMULADO,394.1382,4861,615941.52,5562.186667,4053.793333,41,0,true,true,9.6,8.108108,22368,3642,97.058824,431.300822,,,,
BASE,SIMULACION_CINCO_DIAS-NORMAL-N01,SIMULACION_CINCO_DIAS,NORMAL,125,1,3,45,GENETICO,1628.4058,9060,466508.59,3849.423333,2426.591667,44,0,true,true,24,17.567568,20258,3320,92.647059,,,,,
BASE,SIMULACION_CINCO_DIAS-NORMAL-N01,SIMULACION_CINCO_DIAS,NORMAL,125,1,4,46,GENETICO,1530.5498,9060,464809.415,3645.748333,2261.636667,47,0,true,true,21.6,14.864865,23080,3872,93.382353,,,,,
BASE,SIMULACION_CINCO_DIAS-NORMAL-N01,SIMULACION_CINCO_DIAS,NORMAL,125,1,4,46,RECOCIDO_SIMULADO,389.3014,4741,621272.598333,5527.931667,4057.446667,42,0,true,true,8.8,8.108108,22762,3722,96.078431,376.590357,,,,
BASE,SIMULACION_CINCO_DIAS-NORMAL-N01,SIMULACION_CINCO_DIAS,NORMAL,125,1,5,47,RECOCIDO_SIMULADO,371.5395,4541,621139.336667,5534.17,4056.051667,42,0,true,true,8.8,8.108108,22746,3786,96.078431,294.472507,,,,
BASE,SIMULACION_CINCO_DIAS-NORMAL-N01,SIMULACION_CINCO_DIAS,NORMAL,125,1,5,47,GENETICO,1714.132,9060,471196.518333,3718.685,2324.778333,47,0,true,true,21.6,14.864865,20832,3396,90.196078,,,,,
BASE,SIMULACION_CINCO_DIAS-NORMAL-N01,SIMULACION_CINCO_DIAS,NORMAL,125,1,6,48,GENETICO,1733.6506,9060,474160.805,3823.138333,2353.376667,47,0,true,true,22.4,14.864865,20566,3386,90.196078,,,,,
BASE,SIMULACION_CINCO_DIAS-NORMAL-N01,SIMULACION_CINCO_DIAS,NORMAL,125,1,6,48,RECOCIDO_SIMULADO,393.2963,4861,617928.573333,5586.906667,4073.416667,41,0,true,true,8.8,8.108108,23106,3778,97.303922,425.241655,,,,
BASE,SIMULACION_CINCO_DIAS-NORMAL-N01,SIMULACION_CINCO_DIAS,NORMAL,125,1,7,49,RECOCIDO_SIMULADO,382.0113,4701,617765.928333,5582.761667,4071.831667,41,0,true,true,8.8,8.108108,23032,3704,97.303922,358.826945,,,,
BASE,SIMULACION_CINCO_DIAS-NORMAL-N01,SIMULACION_CINCO_DIAS,NORMAL,125,1,7,49,GENETICO,1533.5485,9060,466199.79,3655.456667,2275.443333,47,0,true,true,21.6,14.864865,20304,3340,89.95098,,,,,
BASE,SIMULACION_CINCO_DIAS-NORMAL-N01,SIMULACION_CINCO_DIAS,NORMAL,125,1,8,50,GENETICO,1541.2191,9060,466264.598333,3704.431667,2275.601667,47,0,true,true,23.2,16.216216,21114,3438,91.911765,,,,,
BASE,SIMULACION_CINCO_DIAS-NORMAL-N01,SIMULACION_CINCO_DIAS,NORMAL,125,1,8,50,RECOCIDO_SIMULADO,375.6386,4621,617538.96,5582.126667,4069.568333,41,0,true,true,8.8,8.108108,21292,3482,97.303922,315.936429,,,,
BASE,SIMULACION_CINCO_DIAS-NORMAL-N01,SIMULACION_CINCO_DIAS,NORMAL,125,1,9,51,RECOCIDO_SIMULADO,388.2371,4781,615828.703333,5563.87,4052.648333,41,0,true,true,9.6,8.108108,22336,3648,97.058824,395.761783,,,,
BASE,SIMULACION_CINCO_DIAS-NORMAL-N01,SIMULACION_CINCO_DIAS,NORMAL,125,1,9,51,GENETICO,1526.3575,9060,475633.351667,3880.851667,2417.525,46,0,true,true,21.6,16.216216,21922,3528,91.421569,,,,,
BASE,SIMULACION_CINCO_DIAS-NORMAL-N01,SIMULACION_CINCO_DIAS,NORMAL,125,1,10,52,GENETICO,1553.9071,9060,464891.565,3813.565,2360.78,45,0,true,true,22.4,17.567568,21026,3476,93.872549,,,,,
BASE,SIMULACION_CINCO_DIAS-NORMAL-N01,SIMULACION_CINCO_DIAS,NORMAL,125,1,10,52,RECOCIDO_SIMULADO,366.7976,4541,618167.576667,5586.91,4075.806667,41,0,true,true,8.8,8.108108,24466,3976,97.303922,288.542291,,,,
BASE,SIMULACION_CINCO_DIAS-NORMAL-N01,SIMULACION_CINCO_DIAS,NORMAL,125,1,11,53,RECOCIDO_SIMULADO,365.4002,4501,617478.986667,5577.486667,4069.015,41,0,true,true,8.8,8.108108,22322,3678,97.303922,279.562252,,,,
BASE,SIMULACION_CINCO_DIAS-NORMAL-N01,SIMULACION_CINCO_DIAS,NORMAL,125,1,11,53,GENETICO,1730.9352,9060,475710.723333,3958.556667,2417.521667,46,0,true,true,21.6,13.513514,22004,3634,89.95098,,,,,
BASE,SIMULACION_CINCO_DIAS-NORMAL-N01,SIMULACION_CINCO_DIAS,NORMAL,125,1,12,54,GENETICO,1548.0197,9060,464316.685,3774.018333,2305.426667,46,0,true,true,22.4,16.216216,21276,3560,94.607843,,,,,
BASE,SIMULACION_CINCO_DIAS-NORMAL-N01,SIMULACION_CINCO_DIAS,NORMAL,125,1,12,54,RECOCIDO_SIMULADO,379.308,4661,617947.533333,5588.7,4073.588333,41,0,true,true,8.8,8.108108,22894,3748,97.303922,334.127315,,,,
BASE,SIMULACION_CINCO_DIAS-NORMAL-N01,SIMULACION_CINCO_DIAS,NORMAL,125,1,13,55,RECOCIDO_SIMULADO,399.8883,4901,620741.476667,5523.143333,4052.183333,42,0,true,true,8.8,8.108108,22214,3626,95.833333,465.404439,,,,
BASE,SIMULACION_CINCO_DIAS-NORMAL-N01,SIMULACION_CINCO_DIAS,NORMAL,125,1,13,55,GENETICO,1628.7257,9060,451366.916667,3753.916667,2176.13,46,0,true,true,23.2,14.864865,22074,3626,91.176471,,,,,
BASE,SIMULACION_CINCO_DIAS-NORMAL-N01,SIMULACION_CINCO_DIAS,NORMAL,125,1,14,56,GENETICO,1585.1188,9060,453569.025,3562.691667,2200.063333,46,0,true,true,24,16.216216,23738,3814,93.872549,,,,,
BASE,SIMULACION_CINCO_DIAS-NORMAL-N01,SIMULACION_CINCO_DIAS,NORMAL,125,1,14,56,RECOCIDO_SIMULADO,380.0332,4701,617965.831667,5593.331667,4073.725,41,0,true,true,8.8,8.108108,23008,3834,97.303922,361.510397,,,,
BASE,SIMULACION_CINCO_DIAS-NORMAL-N01,SIMULACION_CINCO_DIAS,NORMAL,125,1,15,57,RECOCIDO_SIMULADO,377.2533,4621,620674.106667,5530.44,4051.436667,42,0,true,true,8.8,8.108108,23974,3808,95.833333,325.198184,,,,
BASE,SIMULACION_CINCO_DIAS-NORMAL-N01,SIMULACION_CINCO_DIAS,NORMAL,125,1,15,57,GENETICO,1527.712,9060,468275.711667,4003.378333,2442.723333,44,0,true,true,20.8,12.162162,21396,3540,94.362745,,,,,
BASE,SIMULACION_CINCO_DIAS-NORMAL-N01,SIMULACION_CINCO_DIAS,NORMAL,125,1,16,58,GENETICO,1369.683,9060,443328.576667,3478.076667,2048.505,47,0,true,true,24,16.216216,20458,3472,97.794118,,,,,
BASE,SIMULACION_CINCO_DIAS-NORMAL-N01,SIMULACION_CINCO_DIAS,NORMAL,125,1,16,58,RECOCIDO_SIMULADO,394.0041,4901,616009.886667,5566.553333,4054.433333,41,0,true,true,9.6,8.108108,23642,3836,97.058824,450.049826,,,,
BASE,SIMULACION_CINCO_DIAS-NORMAL-N01,SIMULACION_CINCO_DIAS,NORMAL,125,1,17,59,RECOCIDO_SIMULADO,392.3627,4701,617613.111667,5584.278333,4070.288333,41,0,true,true,8,6.756757,22608,3674,97.303922,353.626815,,,,
BASE,SIMULACION_CINCO_DIAS-NORMAL-N01,SIMULACION_CINCO_DIAS,NORMAL,125,1,17,59,GENETICO,1549.2815,9060,473114.703333,3840.203333,2442.745,45,0,true,true,22.4,17.567568,21284,3588,94.362745,,,,,
BASE,SIMULACION_CINCO_DIAS-NORMAL-N01,SIMULACION_CINCO_DIAS,NORMAL,125,1,18,60,GENETICO,1429.1029,9060,472063.493333,3719.993333,2283.435,48,0,true,true,20,14.864865,22090,3666,93.137255,,,,,
BASE,SIMULACION_CINCO_DIAS-NORMAL-N01,SIMULACION_CINCO_DIAS,NORMAL,125,1,18,60,RECOCIDO_SIMULADO,379.9049,4661,621220.3,5530.8,4056.895,42,0,true,true,8.8,8.108108,22882,3728,96.078431,330.370927,,,,
BASE,SIMULACION_CINCO_DIAS-NORMAL-N01,SIMULACION_CINCO_DIAS,NORMAL,125,1,19,61,RECOCIDO_SIMULADO,405.3739,4941,623464.745,5558.911667,4079.058333,42,0,true,true,8.8,8.108108,24192,3882,96.568627,482.980209,,,,
BASE,SIMULACION_CINCO_DIAS-NORMAL-N01,SIMULACION_CINCO_DIAS,NORMAL,125,1,19,61,GENETICO,1520.6544,9060,449810.858333,3648.525,2161.623333,46,0,true,true,23.2,14.864865,22674,3796,94.852941,,,,,
BASE,SIMULACION_CINCO_DIAS-NORMAL-N01,SIMULACION_CINCO_DIAS,NORMAL,125,1,20,62,GENETICO,1603.8665,9060,469627.726667,3868.226667,2357.595,46,0,true,true,23.2,14.864865,22268,3586,91.421569,,,,,
BASE,SIMULACION_CINCO_DIAS-NORMAL-N01,SIMULACION_CINCO_DIAS,NORMAL,125,1,20,62,RECOCIDO_SIMULADO,374.972,4661,617836.848333,5586.681667,4072.501667,41,0,true,true,8.8,8.108108,23052,3768,97.303922,330.631467,,,,
BASE,SIMULACION_CINCO_DIAS-NORMAL-N01,SIMULACION_CINCO_DIAS,NORMAL,125,1,21,63,RECOCIDO_SIMULADO,395.8027,4861,620926.183333,5533.35,4053.928333,42,0,true,true,8.8,8.108108,22874,3706,96.078431,442.770755,,,,
BASE,SIMULACION_CINCO_DIAS-NORMAL-N01,SIMULACION_CINCO_DIAS,NORMAL,125,1,21,63,GENETICO,1562.5454,9060,480981.03,4109.696667,2518.713333,45,0,true,true,20,13.513514,20544,3380,93.872549,,,,,
BASE,SIMULACION_CINCO_DIAS-NORMAL-N01,SIMULACION_CINCO_DIAS,NORMAL,125,1,22,64,GENETICO,1602.4741,9060,472915.715,3895.881667,2440.198333,45,0,true,true,21.6,14.864865,21384,3472,94.362745,,,,,
BASE,SIMULACION_CINCO_DIAS-NORMAL-N01,SIMULACION_CINCO_DIAS,NORMAL,125,1,22,64,RECOCIDO_SIMULADO,399.5842,4901,620631.445,5526.778333,4051.046667,42,0,true,true,8.8,8.108108,21870,3554,95.833333,463.157269,,,,
BASE,SIMULACION_CINCO_DIAS-NORMAL-N01,SIMULACION_CINCO_DIAS,NORMAL,125,1,23,65,RECOCIDO_SIMULADO,386.078,4741,620693.941667,5527.441667,4051.665,42,0,true,true,9.6,9.459459,21944,3534,96.078431,367.014563,,,,
BASE,SIMULACION_CINCO_DIAS-NORMAL-N01,SIMULACION_CINCO_DIAS,NORMAL,125,1,23,65,GENETICO,1914.6507,9060,466770.89,3723.39,2280.475,47,0,true,true,23.2,14.864865,21614,3506,90.686275,,,,,
BASE,SIMULACION_CINCO_DIAS-NORMAL-N01,SIMULACION_CINCO_DIAS,NORMAL,125,1,24,66,GENETICO,1591.6918,9060,474223.925,3875.591667,2403.483333,46,0,true,true,23.2,17.567568,21996,3508,92.647059,,,,,
BASE,SIMULACION_CINCO_DIAS-NORMAL-N01,SIMULACION_CINCO_DIAS,NORMAL,125,1,24,66,RECOCIDO_SIMULADO,388.7342,4741,621158.715,5538.048333,4056.206667,42,0,true,true,8.8,8.108108,22068,3722,95.833333,366.512757,,,,
BASE,SIMULACION_CINCO_DIAS-NORMAL-N01,SIMULACION_CINCO_DIAS,NORMAL,125,1,25,67,RECOCIDO_SIMULADO,387.0823,4741,620662.783333,5522.616667,4051.401667,42,0,true,true,8.8,8.108108,22246,3618,95.833333,366.848561,,,,
BASE,SIMULACION_CINCO_DIAS-NORMAL-N01,SIMULACION_CINCO_DIAS,NORMAL,125,1,25,67,GENETICO,1649.0958,9060,474334.535,3772.201667,2355.623333,47,0,true,true,20.8,16.216216,21298,3484,89.705882,,,,,
BASE,SIMULACION_CINCO_DIAS-NORMAL-N01,SIMULACION_CINCO_DIAS,NORMAL,125,1,26,68,GENETICO,1555.0402,9060,455940.195,3657.028333,2172.831667,47,0,true,true,21.6,12.162162,20360,3412,93.382353,,,,,
BASE,SIMULACION_CINCO_DIAS-NORMAL-N01,SIMULACION_CINCO_DIAS,NORMAL,125,1,26,68,RECOCIDO_SIMULADO,466.6775,4821,618132.108333,5588.941667,4075.431667,41,0,true,true,8.8,8.108108,23032,3708,97.303922,420.830796,,,,
BASE,SIMULACION_CINCO_DIAS-NORMAL-N01,SIMULACION_CINCO_DIAS,NORMAL,125,1,27,69,RECOCIDO_SIMULADO,373.3158,4661,612967.158333,5618.325,4073.488333,40,0,true,true,9.6,8.108108,23490,3776,98.529412,344.098616,,,,
BASE,SIMULACION_CINCO_DIAS-NORMAL-N01,SIMULACION_CINCO_DIAS,NORMAL,125,1,27,69,GENETICO,1467.4826,9060,460483.948333,3818.781667,2316.651667,45,0,true,true,20.8,12.162162,22906,3724,94.852941,,,,,
BASE,SIMULACION_CINCO_DIAS-NORMAL-N01,SIMULACION_CINCO_DIAS,NORMAL,125,1,28,70,GENETICO,1490.8366,9060,447625.85,3636.183333,2189.896667,45,0,true,true,24.8,17.567568,21558,3540,95.343137,,,,,
BASE,SIMULACION_CINCO_DIAS-NORMAL-N01,SIMULACION_CINCO_DIAS,NORMAL,125,1,28,70,RECOCIDO_SIMULADO,374.2314,4581,620332.893333,5515.06,4048.178333,42,0,true,true,8.8,8.108108,21646,3490,96.078431,312.121973,,,,
BASE,SIMULACION_CINCO_DIAS-NORMAL-N01,SIMULACION_CINCO_DIAS,NORMAL,125,1,29,71,RECOCIDO_SIMULADO,376.5154,4621,618061.418333,5586.918333,4074.745,41,0,true,true,8.8,8.108108,23000,3756,97.303922,324.851528,,,,
BASE,SIMULACION_CINCO_DIAS-NORMAL-N01,SIMULACION_CINCO_DIAS,NORMAL,125,1,29,71,GENETICO,1634.4819,9060,457663.26,3761.093333,2289.021667,45,0,true,true,22.4,12.162162,22090,3642,93.872549,,,,,
BASE,SIMULACION_CINCO_DIAS-NORMAL-N02,SIMULACION_CINCO_DIAS,NORMAL,125,2,0,42,GENETICO,1617.8871,9060,459126.343333,3439.176667,2056.871667,50,0,true,true,21.6,11.392405,20360,3362,90.931373,,,,,
BASE,SIMULACION_CINCO_DIAS-NORMAL-N02,SIMULACION_CINCO_DIAS,NORMAL,125,2,0,42,RECOCIDO_SIMULADO,423.4237,4901,627086.435,5444.935,3966.415,45,0,true,true,6.4,1.265823,21172,3516,98.284314,452.283561,,,,
BASE,SIMULACION_CINCO_DIAS-NORMAL-N02,SIMULACION_CINCO_DIAS,NORMAL,125,2,1,43,RECOCIDO_SIMULADO,385.3774,4501,624767.183333,5384.85,3943.823333,45,0,true,true,6.4,1.265823,21686,3556,97.54902,268.675592,,,,
BASE,SIMULACION_CINCO_DIAS-NORMAL-N02,SIMULACION_CINCO_DIAS,NORMAL,125,2,1,43,GENETICO,1546.5846,9060,439159.435,3135.435,1810.24,51,0,true,true,23.2,12.658228,20130,3372,95.098039,,,,,
BASE,SIMULACION_CINCO_DIAS-NORMAL-N02,SIMULACION_CINCO_DIAS,NORMAL,125,2,2,44,GENETICO,1522.4373,9060,457810.453333,3613.453333,2141.97,48,0,true,true,20.8,13.924051,21762,3434,93.382353,,,,,
BASE,SIMULACION_CINCO_DIAS-NORMAL-N02,SIMULACION_CINCO_DIAS,NORMAL,125,2,2,44,RECOCIDO_SIMULADO,366.1693,4221,627308.098333,5358.931667,3919.491667,46,0,true,true,6.4,1.265823,21490,3496,96.323529,187.473087,,,,
BASE,SIMULACION_CINCO_DIAS-NORMAL-N02,SIMULACION_CINCO_DIAS,NORMAL,125,2,3,45,RECOCIDO_SIMULADO,398.5004,4661,623772.158333,5396.491667,3933.756667,45,0,true,true,7.2,2.531646,23326,3876,97.794118,338.882668,,,,
BASE,SIMULACION_CINCO_DIAS-NORMAL-N02,SIMULACION_CINCO_DIAS,NORMAL,125,2,3,45,GENETICO,1643.4402,9060,460467.561667,3406.561667,2120.61,49,0,true,true,21.6,11.392405,22382,3572,92.647059,,,,,
BASE,SIMULACION_CINCO_DIAS-NORMAL-N02,SIMULACION_CINCO_DIAS,NORMAL,125,2,4,46,GENETICO,1551.9518,9060,461749.575,3501.908333,2132.476667,49,0,true,true,20.8,13.924051,20368,3252,92.647059,,,,,
BASE,SIMULACION_CINCO_DIAS-NORMAL-N02,SIMULACION_CINCO_DIAS,NORMAL,125,2,4,46,RECOCIDO_SIMULADO,403.6543,4701,624559.283333,5391.95,3941.673333,45,0,true,true,7.2,2.531646,22002,3600,97.54902,361.433684,,,,
BASE,SIMULACION_CINCO_DIAS-NORMAL-N02,SIMULACION_CINCO_DIAS,NORMAL,125,2,5,47,RECOCIDO_SIMULADO,391.3944,4541,623189.66,5384.66,3928.05,45,0,true,true,7.2,2.531646,21188,3404,97.794118,291.371257,,,,
BASE,SIMULACION_CINCO_DIAS-NORMAL-N02,SIMULACION_CINCO_DIAS,NORMAL,125,2,5,47,GENETICO,1572.8846,9060,442299.573333,3360.906667,2039.386667,47,0,true,true,23.2,15.189873,20920,3420,93.627451,,,,,
BASE,SIMULACION_CINCO_DIAS-NORMAL-N02,SIMULACION_CINCO_DIAS,NORMAL,125,2,6,48,GENETICO,1494.2294,9060,454040.485,3402.318333,2056.381667,49,0,true,true,21.6,13.924051,21102,3450,92.892157,,,,,
BASE,SIMULACION_CINCO_DIAS-NORMAL-N02,SIMULACION_CINCO_DIAS,NORMAL,125,2,6,48,RECOCIDO_SIMULADO,391.4825,4581,621329.846667,5432.513333,3958.973333,44,0,true,true,6.4,1.265823,22372,3742,99.019608,307.861317,,,,
BASE,SIMULACION_CINCO_DIAS-NORMAL-N02,SIMULACION_CINCO_DIAS,NORMAL,125,2,7,49,RECOCIDO_SIMULADO,397.6632,4621,623535.715,5397.215,3931.385,45,0,true,true,7.2,2.531646,21798,3558,97.794118,318.726385,,,,
BASE,SIMULACION_CINCO_DIAS-NORMAL-N02,SIMULACION_CINCO_DIAS,NORMAL,125,2,7,49,GENETICO,1662.7369,9060,455306.063333,3520.896667,2067.851667,49,0,true,true,20.8,11.392405,21850,3548,91.176471,,,,,
BASE,SIMULACION_CINCO_DIAS-NORMAL-N02,SIMULACION_CINCO_DIAS,NORMAL,125,2,8,50,GENETICO,1408.6869,9060,465056.826667,3697.493333,2263.593333,47,0,true,true,20,15.189873,20680,3462,93.627451,,,,,
BASE,SIMULACION_CINCO_DIAS-NORMAL-N02,SIMULACION_CINCO_DIAS,NORMAL,125,2,8,50,RECOCIDO_SIMULADO,396.8525,4581,626918.563333,5358.396667,3915.601667,46,0,true,true,7.2,2.531646,21852,3552,96.323529,300.551304,,,,
BASE,SIMULACION_CINCO_DIAS-NORMAL-N02,SIMULACION_CINCO_DIAS,NORMAL,125,2,9,51,RECOCIDO_SIMULADO,388.3461,4461,629233.585,5409.585,3938.24,46,0,true,true,6.4,1.265823,20946,3378,97.058824,267.167873,,,,
BASE,SIMULACION_CINCO_DIAS-NORMAL-N02,SIMULACION_CINCO_DIAS,NORMAL,125,2,9,51,GENETICO,1445.5289,9060,467710.89,3781.556667,2339.293333,46,0,true,true,20.8,12.658228,20806,3384,95.588235,,,,,
BASE,SIMULACION_CINCO_DIAS-NORMAL-N02,SIMULACION_CINCO_DIAS,NORMAL,125,2,10,52,GENETICO,1518.4518,9060,457393.631667,3468.631667,2089.25,49,0,true,true,22.4,13.924051,21878,3526,93.382353,,,,,
BASE,SIMULACION_CINCO_DIAS-NORMAL-N02,SIMULACION_CINCO_DIAS,NORMAL,125,2,10,52,RECOCIDO_SIMULADO,391.4067,4501,629502.768333,5410.935,3940.918333,46,0,true,true,6.4,1.265823,21096,3426,97.058824,270.5639,,,,
BASE,SIMULACION_CINCO_DIAS-NORMAL-N02,SIMULACION_CINCO_DIAS,NORMAL,125,2,11,53,RECOCIDO_SIMULADO,402.0358,4621,625007.466667,5393.966667,3946.135,45,0,true,true,7.2,2.531646,22146,3654,97.54902,315.985651,,,,
BASE,SIMULACION_CINCO_DIAS-NORMAL-N02,SIMULACION_CINCO_DIAS,NORMAL,125,2,11,53,GENETICO,1564.1116,9060,458643.741667,3396.575,2102.471667,49,0,true,true,20.8,11.392405,21498,3456,93.382353,,,,,
BASE,SIMULACION_CINCO_DIAS-NORMAL-N02,SIMULACION_CINCO_DIAS,NORMAL,125,2,12,54,GENETICO,1593.708,9060,454464.046667,3535.38,2159.286667,47,0,true,true,23.2,15.189873,21886,3484,91.421569,,,,,
BASE,SIMULACION_CINCO_DIAS-NORMAL-N02,SIMULACION_CINCO_DIAS,NORMAL,125,2,12,54,RECOCIDO_SIMULADO,399.5793,4541,627185.88,5361.713333,3918.241667,46,0,true,true,7.2,2.531646,21688,3566,96.323529,290.065713,,,,
BASE,SIMULACION_CINCO_DIAS-NORMAL-N02,SIMULACION_CINCO_DIAS,NORMAL,125,2,13,55,RECOCIDO_SIMULADO,405.5449,4741,624766.493333,5381.826667,3943.846667,45,0,true,true,7.2,2.531646,21106,3498,97.54902,367.635507,,,,
BASE,SIMULACION_CINCO_DIAS-NORMAL-N02,SIMULACION_CINCO_DIAS,NORMAL,125,2,13,55,GENETICO,1455.1419,9060,443400.67,3273.003333,2001.276667,48,0,true,true,23.2,13.924051,20456,3330,94.852941,,,,,
BASE,SIMULACION_CINCO_DIAS-NORMAL-N02,SIMULACION_CINCO_DIAS,NORMAL,125,2,14,56,GENETICO,1429.9074,9060,464541.811667,3462.978333,2160.788333,49,0,true,true,20.8,13.924051,20898,3440,95.098039,,,,,
BASE,SIMULACION_CINCO_DIAS-NORMAL-N02,SIMULACION_CINCO_DIAS,NORMAL,125,2,14,56,RECOCIDO_SIMULADO,405.1536,4661,627548.478333,5363.978333,3921.845,46,0,true,true,6.4,1.265823,22042,3596,96.323529,344.514477,,,,
BASE,SIMULACION_CINCO_DIAS-NORMAL-N02,SIMULACION_CINCO_DIAS,NORMAL,125,2,15,57,RECOCIDO_SIMULADO,400.9259,4501,629829.49,5410.823333,3944.186667,46,0,true,true,7.2,2.531646,20944,3458,97.058824,275.859365,,,,
BASE,SIMULACION_CINCO_DIAS-NORMAL-N02,SIMULACION_CINCO_DIAS,NORMAL,125,2,15,57,GENETICO,1541.5789,9060,476209.446667,3656.946667,2275.525,49,0,true,true,21.6,15.189873,20896,3404,91.666667,,,,,
BASE,SIMULACION_CINCO_DIAS-NORMAL-N02,SIMULACION_CINCO_DIAS,NORMAL,125,2,16,58,GENETICO,1494.6034,9060,453949.846667,3390.846667,2055.59,49,0,true,true,20.8,15.189873,20330,3382,93.627451,,,,,
BASE,SIMULACION_CINCO_DIAS-NORMAL-N02,SIMULACION_CINCO_DIAS,NORMAL,125,2,16,58,RECOCIDO_SIMULADO,386.5922,4501,624861.523333,5391.356667,3944.701667,45,0,true,true,7.2,2.531646,22276,3662,97.54902,278.314715,,,,
BASE,SIMULACION_CINCO_DIAS-NORMAL-N02,SIMULACION_CINCO_DIAS,NORMAL,125,2,17,59,RECOCIDO_SIMULADO,413.5075,4661,625207.67,5392.67,3948.15,45,0,true,true,7.2,2.531646,21828,3554,97.54902,331.972798,,,,
BASE,SIMULACION_CINCO_DIAS-NORMAL-N02,SIMULACION_CINCO_DIAS,NORMAL,125,2,17,59,GENETICO,1523.7868,9060,453673.866667,3630.866667,2200.43,46,0,true,true,20.8,15.189873,21760,3552,95.833333,,,,,
BASE,SIMULACION_CINCO_DIAS-NORMAL-N02,SIMULACION_CINCO_DIAS,NORMAL,125,2,18,60,GENETICO,1564.2519,9060,462706.69,3510.69,2141.96,49,0,true,true,22.4,12.658228,21080,3352,91.421569,,,,,
BASE,SIMULACION_CINCO_DIAS-NORMAL-N02,SIMULACION_CINCO_DIAS,NORMAL,125,2,18,60,RECOCIDO_SIMULADO,417.2339,4381,626827.465,5360.131667,3914.673333,46,0,true,true,7.2,2.531646,21358,3470,96.323529,238.89304,,,,
BASE,SIMULACION_CINCO_DIAS-NORMAL-N02,SIMULACION_CINCO_DIAS,NORMAL,125,2,19,61,RECOCIDO_SIMULADO,402.1641,4701,627306,5445.666667,3968.603333,45,0,true,true,7.2,2.531646,20394,3418,98.284314,357.676882,,,,
BASE,SIMULACION_CINCO_DIAS-NORMAL-N02,SIMULACION_CINCO_DIAS,NORMAL,125,2,19,61,GENETICO,1428.9411,9060,460683.506667,3525.84,2171.576667,48,0,true,true,20,11.392405,19980,3316,91.421569,,,,,
BASE,SIMULACION_CINCO_DIAS-NORMAL-N02,SIMULACION_CINCO_DIAS,NORMAL,125,2,20,62,GENETICO,1569.0626,9060,457783.976667,3453.143333,2143.308333,48,0,true,true,22.4,16.455696,21372,3378,93.627451,,,,,
BASE,SIMULACION_CINCO_DIAS-NORMAL-N02,SIMULACION_CINCO_DIAS,NORMAL,125,2,20,62,RECOCIDO_SIMULADO,412.1476,4781,625063.018333,5388.685,3946.743333,45,0,true,true,7.2,2.531646,22356,3686,97.54902,397.160773,,,,
BASE,SIMULACION_CINCO_DIAS-NORMAL-N02,SIMULACION_CINCO_DIAS,NORMAL,125,2,21,63,RECOCIDO_SIMULADO,389.6527,4501,623504.945,5391.445,3931.135,45,0,true,true,6.4,1.265823,22324,3652,97.794118,269.357024,,,,
BASE,SIMULACION_CINCO_DIAS-NORMAL-N02,SIMULACION_CINCO_DIAS,NORMAL,125,2,21,63,GENETICO,1577.7165,9060,463447.208333,3650.375,2247.968333,47,0,true,true,21.6,12.658228,19966,3268,92.647059,,,,,
BASE,SIMULACION_CINCO_DIAS-NORMAL-N02,SIMULACION_CINCO_DIAS,NORMAL,125,2,22,64,GENETICO,1807.4939,9060,466613.813333,3524.813333,2230.89,48,0,true,true,21.6,13.924051,22668,3570,90.686275,,,,,
BASE,SIMULACION_CINCO_DIAS-NORMAL-N02,SIMULACION_CINCO_DIAS,NORMAL,125,2,22,64,RECOCIDO_SIMULADO,404.45,4661,627099.621667,5357.288333,3917.423333,46,0,true,true,7.2,2.531646,21800,3514,96.323529,342.052099,,,,
BASE,SIMULACION_CINCO_DIAS-NORMAL-N02,SIMULACION_CINCO_DIAS,NORMAL,125,2,23,65,RECOCIDO_SIMULADO,425.5569,4901,625446.84,5396.84,3950.5,45,0,true,true,7.2,2.531646,21682,3596,97.54902,460.832054,,,,
BASE,SIMULACION_CINCO_DIAS-NORMAL-N02,SIMULACION_CINCO_DIAS,NORMAL,125,2,23,65,GENETICO,1565.8456,9060,448237.151667,3404.318333,2048.328333,48,0,true,true,22.4,16.455696,21350,3480,93.137255,,,,,
BASE,SIMULACION_CINCO_DIAS-NORMAL-N02,SIMULACION_CINCO_DIAS,NORMAL,125,2,24,66,GENETICO,1413.5866,9060,461681.928333,3526.095,2181.558333,48,0,true,true,21.6,13.924051,21668,3534,95.343137,,,,,
BASE,SIMULACION_CINCO_DIAS-NORMAL-N02,SIMULACION_CINCO_DIAS,NORMAL,125,2,24,66,RECOCIDO_SIMULADO,409.9598,4701,624532.613333,5387.946667,3941.446667,45,0,true,true,6.4,1.265823,21982,3600,97.54902,363.752624,,,,
BASE,SIMULACION_CINCO_DIAS-NORMAL-N02,SIMULACION_CINCO_DIAS,NORMAL,125,2,25,67,RECOCIDO_SIMULADO,419.9403,4661,629723.773333,5404.44,3943.193333,46,0,true,true,7.2,2.531646,21812,3538,97.058824,338.556491,,,,
BASE,SIMULACION_CINCO_DIAS-NORMAL-N02,SIMULACION_CINCO_DIAS,NORMAL,125,2,25,67,GENETICO,1726.1698,9060,466225.221667,3552.721667,2226.725,48,0,true,true,20.8,12.658228,21494,3458,92.156863,,,,,
BASE,SIMULACION_CINCO_DIAS-NORMAL-N02,SIMULACION_CINCO_DIAS,NORMAL,125,2,26,68,GENETICO,1658.8708,9060,463019.43,3520.43,2244.99,47,0,true,true,23.2,17.721519,21486,3438,92.401961,,,,,
BASE,SIMULACION_CINCO_DIAS-NORMAL-N02,SIMULACION_CINCO_DIAS,NORMAL,125,2,26,68,RECOCIDO_SIMULADO,414.4152,4781,626927.731667,5439.898333,3964.878333,45,0,true,true,7.2,2.531646,21946,3614,98.284314,392.606128,,,,
BASE,SIMULACION_CINCO_DIAS-NORMAL-N02,SIMULACION_CINCO_DIAS,NORMAL,125,2,27,69,RECOCIDO_SIMULADO,378.9637,4461,619690.523333,5418.523333,3942.72,44,0,true,true,7.2,1.265823,21870,3568,98.77451,254.76031,,,,
BASE,SIMULACION_CINCO_DIAS-NORMAL-N02,SIMULACION_CINCO_DIAS,NORMAL,125,2,27,69,GENETICO,1622.2479,9060,470310.703333,3592.203333,2167.185,50,0,true,true,19.2,10.126582,21908,3562,92.156863,,,,,
BASE,SIMULACION_CINCO_DIAS-NORMAL-N02,SIMULACION_CINCO_DIAS,NORMAL,125,2,28,70,GENETICO,1413.7373,9060,452448.711667,3432.878333,2140.158333,47,0,true,true,21.6,13.924051,20790,3378,93.872549,,,,,
BASE,SIMULACION_CINCO_DIAS-NORMAL-N02,SIMULACION_CINCO_DIAS,NORMAL,125,2,28,70,RECOCIDO_SIMULADO,391.9366,4541,626506.771667,5439.605,3960.671667,45,0,true,true,6.4,1.265823,21388,3478,98.284314,283.174968,,,,
BASE,SIMULACION_CINCO_DIAS-NORMAL-N02,SIMULACION_CINCO_DIAS,NORMAL,125,2,29,71,RECOCIDO_SIMULADO,396.2872,4541,629897.495,5410.495,3944.87,46,0,true,true,7.2,2.531646,22246,3650,97.058824,287.921199,,,,
BASE,SIMULACION_CINCO_DIAS-NORMAL-N02,SIMULACION_CINCO_DIAS,NORMAL,125,2,29,71,GENETICO,1603.4651,9060,453421.795,3368.128333,2100.536667,48,0,true,true,21.6,13.924051,21026,3428,92.156863,,,,,
BASE,SIMULACION_CINCO_DIAS-NORMAL-N03,SIMULACION_CINCO_DIAS,NORMAL,125,3,0,42,GENETICO,1490.6994,9060,420272.551667,3938.051667,2213.345,39,0,true,true,26.4,13.043478,23174,3730,95.25,,,,,
BASE,SIMULACION_CINCO_DIAS-NORMAL-N03,SIMULACION_CINCO_DIAS,NORMAL,125,3,0,42,RECOCIDO_SIMULADO,380.887,4981,592175.223333,5839.556667,4063.356667,36,0,true,true,8.8,4.347826,22072,3672,99,508.736672,,,,
BASE,SIMULACION_CINCO_DIAS-NORMAL-N03,SIMULACION_CINCO_DIAS,NORMAL,125,3,1,43,RECOCIDO_SIMULADO,371.6921,4861,587132.96,5865.126667,4062.678333,35,0,true,true,10.4,4.347826,22026,3536,99.75,433.175529,,,,
BASE,SIMULACION_CINCO_DIAS-NORMAL-N03,SIMULACION_CINCO_DIAS,NORMAL,125,3,1,43,GENETICO,1594.2401,9060,428278.92,4037.42,2342.415,38,0,true,true,26.4,14.492754,22730,3678,93.75,,,,,
BASE,SIMULACION_CINCO_DIAS-NORMAL-N03,SIMULACION_CINCO_DIAS,NORMAL,125,3,2,44,GENETICO,1467.0731,9060,439404.101667,4166.935,2452.371667,38,0,true,true,23.2,13.043478,21866,3568,94.25,,,,,
BASE,SIMULACION_CINCO_DIAS-NORMAL-N03,SIMULACION_CINCO_DIAS,NORMAL,125,3,2,44,RECOCIDO_SIMULADO,357.0685,4901,586817.853333,5864.02,4059.538333,35,0,true,true,10.4,4.347826,22296,3578,99.75,469.21165,,,,
BASE,SIMULACION_CINCO_DIAS-NORMAL-N03,SIMULACION_CINCO_DIAS,NORMAL,125,3,3,45,RECOCIDO_SIMULADO,358.6576,4901,592194.368333,5833.368333,4063.61,36,0,true,true,9.6,4.347826,21202,3500,99,453.181977,,,,
BASE,SIMULACION_CINCO_DIAS-NORMAL-N03,SIMULACION_CINCO_DIAS,NORMAL,125,3,3,45,GENETICO,1410.3761,9060,417659.118333,3848.451667,2188.106667,39,0,true,true,24,10.144928,21994,3496,96.75,,,,,
BASE,SIMULACION_CINCO_DIAS-NORMAL-N03,SIMULACION_CINCO_DIAS,NORMAL,125,3,4,46,GENETICO,1575.554,9060,436672.135,4223.135,2474.49,37,0,true,true,23.2,11.594203,22864,3586,95,,,,,
BASE,SIMULACION_CINCO_DIAS-NORMAL-N03,SIMULACION_CINCO_DIAS,NORMAL,125,3,4,46,RECOCIDO_SIMULADO,364.65,4941,587266.883333,5869.883333,4063.97,35,0,true,true,9.6,2.898551,21788,3574,99.75,474.216158,,,,
BASE,SIMULACION_CINCO_DIAS-NORMAL-N03,SIMULACION_CINCO_DIAS,NORMAL,125,3,5,47,RECOCIDO_SIMULADO,357.1199,4861,592228.46,5834.793333,4063.936667,36,0,true,true,8.8,2.898551,21458,3478,99,431.673272,,,,
BASE,SIMULACION_CINCO_DIAS-NORMAL-N03,SIMULACION_CINCO_DIAS,NORMAL,125,3,5,47,GENETICO,1318.7726,9060,437715.226667,4241.56,2434.736667,38,0,true,true,20.8,8.695652,22028,3542,96.25,,,,,
BASE,SIMULACION_CINCO_DIAS-NORMAL-N03,SIMULACION_CINCO_DIAS,NORMAL,125,3,6,48,GENETICO,1259.5736,9060,423929.676667,3930.676667,2299.99,38,0,true,true,26.4,17.391304,21536,3514,98,,,,,
BASE,SIMULACION_CINCO_DIAS-NORMAL-N03,SIMULACION_CINCO_DIAS,NORMAL,125,3,6,48,RECOCIDO_SIMULADO,369.1094,4861,592414.713333,5827.38,4065.873333,36,0,true,true,8.8,2.898551,21268,3426,99,432.17098,,,,
BASE,SIMULACION_CINCO_DIAS-NORMAL-N03,SIMULACION_CINCO_DIAS,NORMAL,125,3,7,49,RECOCIDO_SIMULADO,349.8123,4581,591780.516667,5836.35,4059.441667,36,0,true,true,8.8,2.898551,21572,3498,99,312.07092,,,,
BASE,SIMULACION_CINCO_DIAS-NORMAL-N03,SIMULACION_CINCO_DIAS,NORMAL,125,3,7,49,GENETICO,1524.3618,9060,409446.386667,3574.72,2008.716667,41,0,true,true,28,17.391304,23666,3836,94.25,,,,,
BASE,SIMULACION_CINCO_DIAS-NORMAL-N03,SIMULACION_CINCO_DIAS,NORMAL,125,3,8,50,GENETICO,1391.9962,9060,420183.848333,3980.681667,2262.031667,38,0,true,true,23.2,10.144928,22720,3638,96.25,,,,,
BASE,SIMULACION_CINCO_DIAS-NORMAL-N03,SIMULACION_CINCO_DIAS,NORMAL,125,3,8,50,RECOCIDO_SIMULADO,357.8833,4901,591873.165,5827.498333,4060.456667,36,0,true,true,9.6,4.347826,21232,3452,99,465.977807,,,,
BASE,SIMULACION_CINCO_DIAS-NORMAL-N03,SIMULACION_CINCO_DIAS,NORMAL,125,3,9,51,RECOCIDO_SIMULADO,370.2016,4981,587138.171667,5873.005,4062.651667,35,0,true,true,9.6,4.347826,21682,3536,99.75,501.609675,,,,
BASE,SIMULACION_CINCO_DIAS-NORMAL-N03,SIMULACION_CINCO_DIAS,NORMAL,125,3,9,51,GENETICO,1494.4399,9060,434787.003333,4161.836667,2456.251667,37,0,true,true,24.8,14.492754,23390,3784,94,,,,,
BASE,SIMULACION_CINCO_DIAS-NORMAL-N03,SIMULACION_CINCO_DIAS,NORMAL,125,3,10,52,GENETICO,1351.9095,9060,424831.998333,3896.998333,2209.35,40,0,true,true,25.6,14.492754,21510,3468,97.25,,,,,
BASE,SIMULACION_CINCO_DIAS-NORMAL-N03,SIMULACION_CINCO_DIAS,NORMAL,125,3,10,52,RECOCIDO_SIMULADO,353.8872,4781,592127.69,5832.856667,4062.948333,36,0,true,true,9.6,4.347826,21872,3560,99,387.931613,,,,
BASE,SIMULACION_CINCO_DIAS-NORMAL-N03,SIMULACION_CINCO_DIAS,NORMAL,125,3,11,53,RECOCIDO_SIMULADO,379.4662,4981,587382.043333,5872.376667,4065.096667,35,0,true,true,9.6,2.898551,22520,3604,99.75,500.821598,,,,
BASE,SIMULACION_CINCO_DIAS-NORMAL-N03,SIMULACION_CINCO_DIAS,NORMAL,125,3,11,53,GENETICO,1393.3246,9060,435157.661667,4179.161667,2459.785,37,0,true,true,24.8,13.043478,22358,3554,95.75,,,,,
BASE,SIMULACION_CINCO_DIAS-NORMAL-N03,SIMULACION_CINCO_DIAS,NORMAL,125,3,12,54,GENETICO,1363.1679,9060,410512.321667,3921.655,2165.906667,38,0,true,true,23.2,13.043478,23584,3756,96,,,,,
BASE,SIMULACION_CINCO_DIAS-NORMAL-N03,SIMULACION_CINCO_DIAS,NORMAL,125,3,12,54,RECOCIDO_SIMULADO,364.6395,4941,587475.218333,5869.551667,4066.056667,35,0,true,true,9.6,2.898551,22142,3620,99.75,480.656538,,,,
BASE,SIMULACION_CINCO_DIAS-NORMAL-N03,SIMULACION_CINCO_DIAS,NORMAL,125,3,13,55,RECOCIDO_SIMULADO,343.1524,4621,587149.09,5867.256667,4062.818333,35,0,true,true,9.6,2.898551,22028,3568,99.75,320.417928,,,,
BASE,SIMULACION_CINCO_DIAS-NORMAL-N03,SIMULACION_CINCO_DIAS,NORMAL,125,3,13,55,GENETICO,1383.9691,9060,429421.03,3918.196667,2255.028333,40,0,true,true,22.4,15.942029,23508,3648,97.5,,,,,
BASE,SIMULACION_CINCO_DIAS-NORMAL-N03,SIMULACION_CINCO_DIAS,NORMAL,125,3,14,56,GENETICO,1447.9802,9060,433059.206667,4133.206667,2439.26,37,0,true,true,24,11.594203,21432,3462,95.75,,,,,
BASE,SIMULACION_CINCO_DIAS-NORMAL-N03,SIMULACION_CINCO_DIAS,NORMAL,125,3,14,56,RECOCIDO_SIMULADO,356.2308,4861,587712.19,5881.19,4068.31,35,0,true,true,8.8,2.898551,22794,3744,99.75,432.426055,,,,
BASE,SIMULACION_CINCO_DIAS-NORMAL-N03,SIMULACION_CINCO_DIAS,NORMAL,125,3,15,57,RECOCIDO_SIMULADO,353.4704,4781,587188.12,5877.286667,4063.108333,35,0,true,true,8.8,2.898551,22176,3606,99.75,389.122624,,,,
BASE,SIMULACION_CINCO_DIAS-NORMAL-N03,SIMULACION_CINCO_DIAS,NORMAL,125,3,15,57,GENETICO,1423.9415,9060,423715.813333,3993.98,2297.218333,38,0,true,true,26.4,13.043478,22790,3716,95.5,,,,,
BASE,SIMULACION_CINCO_DIAS-NORMAL-N03,SIMULACION_CINCO_DIAS,NORMAL,125,3,16,58,GENETICO,1346.0873,9060,435233.93,3962.263333,2312.716667,40,0,true,true,23.2,14.492754,22106,3572,94,,,,,
BASE,SIMULACION_CINCO_DIAS-NORMAL-N03,SIMULACION_CINCO_DIAS,NORMAL,125,3,16,58,RECOCIDO_SIMULADO,369.5359,4821,592047.558333,5833.391667,4062.141667,36,0,true,true,9.6,4.347826,21872,3598,99,408.48556,,,,
BASE,SIMULACION_CINCO_DIAS-NORMAL-N03,SIMULACION_CINCO_DIAS,NORMAL,125,3,17,59,RECOCIDO_SIMULADO,350.2271,4741,587208.336667,5873.67,4063.346667,35,0,true,true,9.6,4.347826,21630,3568,99.75,373.490058,,,,
BASE,SIMULACION_CINCO_DIAS-NORMAL-N03,SIMULACION_CINCO_DIAS,NORMAL,125,3,17,59,GENETICO,1635.5721,9060,435258.79,4365.623333,2508.931667,36,0,true,true,22.4,13.043478,24340,3806,96,,,,,
BASE,SIMULACION_CINCO_DIAS-NORMAL-N03,SIMULACION_CINCO_DIAS,NORMAL,125,3,18,60,GENETICO,1665.182,9060,429439.378333,4072.878333,2353.665,38,0,true,true,20,8.695652,22850,3634,93.75,,,,,
BASE,SIMULACION_CINCO_DIAS-NORMAL-N03,SIMULACION_CINCO_DIAS,NORMAL,125,3,18,60,RECOCIDO_SIMULADO,353.39,4781,592245.526667,5836.526667,4064.09,36,0,true,true,8.8,2.898551,22480,3636,99,389.661387,,,,
BASE,SIMULACION_CINCO_DIAS-NORMAL-N03,SIMULACION_CINCO_DIAS,NORMAL,125,3,19,61,RECOCIDO_SIMULADO,344.2284,4701,587160.236667,5871.236667,4062.89,35,0,true,true,9.6,2.898551,21654,3538,99.75,360.916181,,,,
BASE,SIMULACION_CINCO_DIAS-NORMAL-N03,SIMULACION_CINCO_DIAS,NORMAL,125,3,19,61,GENETICO,1488.918,9060,419036.695,3850.695,2201.86,39,0,true,true,25.6,14.492754,22674,3678,94.25,,,,,
BASE,SIMULACION_CINCO_DIAS-NORMAL-N03,SIMULACION_CINCO_DIAS,NORMAL,125,3,20,62,GENETICO,1343.4675,9060,432229.075,4135.075,2380.94,38,0,true,true,24,13.043478,20560,3386,95.75,,,,,
BASE,SIMULACION_CINCO_DIAS-NORMAL-N03,SIMULACION_CINCO_DIAS,NORMAL,125,3,20,62,RECOCIDO_SIMULADO,358.2276,4821,586863.633333,5872.3,4059.913333,35,0,true,true,9.6,2.898551,21688,3526,99.75,420.136673,,,,
BASE,SIMULACION_CINCO_DIAS-NORMAL-N03,SIMULACION_CINCO_DIAS,NORMAL,125,3,21,63,RECOCIDO_SIMULADO,349.6186,4741,586993.021667,5871.355,4061.216667,35,0,true,true,9.6,2.898551,22372,3608,99.75,382.519955,,,,
BASE,SIMULACION_CINCO_DIAS-NORMAL-N03,SIMULACION_CINCO_DIAS,NORMAL,125,3,21,63,GENETICO,1395.8972,9060,420643.411667,3657.078333,2169.863333,40,0,true,true,25.6,13.043478,22354,3586,96.5,,,,,
BASE,SIMULACION_CINCO_DIAS-NORMAL-N03,SIMULACION_CINCO_DIAS,NORMAL,125,3,22,64,GENETICO,1462.8588,9060,431782.003333,4059.836667,2377.221667,38,0,true,true,22.4,13.043478,22374,3588,93.25,,,,,
BASE,SIMULACION_CINCO_DIAS-NORMAL-N03,SIMULACION_CINCO_DIAS,NORMAL,125,3,22,64,RECOCIDO_SIMULADO,355.843,4621,586833.683333,5866.85,4059.668333,35,0,true,true,10.4,4.347826,21940,3526,99.75,328.180177,,,,
BASE,SIMULACION_CINCO_DIAS-NORMAL-N03,SIMULACION_CINCO_DIAS,NORMAL,125,3,23,65,RECOCIDO_SIMULADO,368.9196,4821,592070.193333,5838.526667,4062.316667,36,0,true,true,8.8,4.347826,21492,3536,99,420.213303,,,,
BASE,SIMULACION_CINCO_DIAS-NORMAL-N03,SIMULACION_CINCO_DIAS,NORMAL,125,3,23,65,GENETICO,1491.2744,9060,436677.108333,4172.941667,2475.041667,37,0,true,true,23.2,10.144928,22442,3628,96,,,,,
BASE,SIMULACION_CINCO_DIAS-NORMAL-N03,SIMULACION_CINCO_DIAS,NORMAL,125,3,24,66,GENETICO,1317.2558,9060,437244.568333,4317.735,2529.268333,36,0,true,true,22.4,14.492754,21306,3494,97.75,,,,,
BASE,SIMULACION_CINCO_DIAS-NORMAL-N03,SIMULACION_CINCO_DIAS,NORMAL,125,3,24,66,RECOCIDO_SIMULADO,362.2852,5021,587423.185,5860.185,4065.63,35,0,true,true,10.4,4.347826,21158,3486,99.75,537.567136,,,,
BASE,SIMULACION_CINCO_DIAS-NORMAL-N03,SIMULACION_CINCO_DIAS,NORMAL,125,3,25,67,RECOCIDO_SIMULADO,340.7097,4661,586944.111667,5861.945,4060.821667,35,0,true,true,9.6,2.898551,21908,3516,99.75,334.189115,,,,
BASE,SIMULACION_CINCO_DIAS-NORMAL-N03,SIMULACION_CINCO_DIAS,NORMAL,125,3,25,67,GENETICO,1324.0447,9060,423847.573333,4068.573333,2347.79,37,0,true,true,22.4,11.594203,21256,3448,98.25,,,,,
BASE,SIMULACION_CINCO_DIAS-NORMAL-N03,SIMULACION_CINCO_DIAS,NORMAL,125,3,26,68,GENETICO,1563.4437,9060,430420.696667,4028.863333,2363.918333,38,0,true,true,25.6,14.492754,22474,3616,94.75,,,,,
BASE,SIMULACION_CINCO_DIAS-NORMAL-N03,SIMULACION_CINCO_DIAS,NORMAL,125,3,26,68,RECOCIDO_SIMULADO,355.5009,4901,587083.201667,5869.701667,4062.135,35,0,true,true,9.6,2.898551,21978,3590,99.75,463.307488,,,,
BASE,SIMULACION_CINCO_DIAS-NORMAL-N03,SIMULACION_CINCO_DIAS,NORMAL,125,3,27,69,RECOCIDO_SIMULADO,336.8266,4581,591806.49,5829.49,4059.77,36,0,true,true,8.8,2.898551,21928,3492,99,307.368373,,,,
BASE,SIMULACION_CINCO_DIAS-NORMAL-N03,SIMULACION_CINCO_DIAS,NORMAL,125,3,27,69,GENETICO,1544.6601,9060,428273.951667,3936.451667,2293.375,39,0,true,true,23.2,13.043478,21690,3532,94,,,,,
BASE,SIMULACION_CINCO_DIAS-NORMAL-N03,SIMULACION_CINCO_DIAS,NORMAL,125,3,28,70,GENETICO,1491.5862,9060,424154.711667,4022.711667,2301.32,38,0,true,true,27.2,17.391304,20872,3388,93,,,,,
BASE,SIMULACION_CINCO_DIAS-NORMAL-N03,SIMULACION_CINCO_DIAS,NORMAL,125,3,28,70,RECOCIDO_SIMULADO,352.5264,4861,586965.071667,5865.738333,4060.993333,35,0,true,true,10.4,4.347826,21796,3522,99.75,432.325057,,,,
BASE,SIMULACION_CINCO_DIAS-NORMAL-N03,SIMULACION_CINCO_DIAS,NORMAL,125,3,29,71,RECOCIDO_SIMULADO,364.2667,5061,587774.156667,5878.156667,4068.96,35,0,true,true,9.6,2.898551,22714,3730,99.75,556.703436,,,,
BASE,SIMULACION_CINCO_DIAS-NORMAL-N03,SIMULACION_CINCO_DIAS,NORMAL,125,3,29,71,GENETICO,1475.1762,9060,421710.345,4050.845,2276.595,38,0,true,true,26.4,15.942029,21374,3380,93.75,,,,,
BASE,SIMULACION_CINCO_DIAS-ALTA-N01,SIMULACION_CINCO_DIAS,ALTA,190,1,0,42,GENETICO,2780.235,9060,751335.64,4605.806667,2767.298333,94,0,true,true,18.947368,11.403509,24930,4074,95.588235,,,,,
BASE,SIMULACION_CINCO_DIAS-ALTA-N01,SIMULACION_CINCO_DIAS,ALTA,190,1,0,42,RECOCIDO_SIMULADO,770.1224,4661,1000838.998333,7200.331667,5436.386667,90,0,true,true,8.421053,6.140351,23154,3986,100,345.28615,,,,
BASE,SIMULACION_CINCO_DIAS-ALTA-N01,SIMULACION_CINCO_DIAS,ALTA,190,1,1,43,RECOCIDO_SIMULADO,795.1412,4701,1005540.86,7194.193333,5433.466667,91,0,true,true,6.842105,5.263158,22962,3922,99.264706,363.185349,,,,
BASE,SIMULACION_CINCO_DIAS-ALTA-N01,SIMULACION_CINCO_DIAS,ALTA,190,1,1,43,GENETICO,2798.1723,9060,762707.548333,4908.715,3027.988333,91,0,true,true,19.473684,12.280702,23974,3936,95.588235,,,,,
BASE,SIMULACION_CINCO_DIAS-ALTA-N01,SIMULACION_CINCO_DIAS,ALTA,190,1,2,44,GENETICO,2492.7686,9060,747706.97,4455.636667,2682.513333,95,0,true,true,17.894737,10.526316,24594,4004,97.303922,,,,,
BASE,SIMULACION_CINCO_DIAS-ALTA-N01,SIMULACION_CINCO_DIAS,ALTA,190,1,2,44,RECOCIDO_SIMULADO,810.2735,4901,1004357.283333,7193.783333,5421.635,91,0,true,true,6.842105,5.263158,22408,3850,99.509804,466.312708,,,,
BASE,SIMULACION_CINCO_DIAS-ALTA-N01,SIMULACION_CINCO_DIAS,ALTA,190,1,3,45,RECOCIDO_SIMULADO,776.3748,4701,1006466.583333,7232.75,5442.338333,91,0,true,true,7.368421,7.017544,21882,3758,99.754902,363.554317,,,,
BASE,SIMULACION_CINCO_DIAS-ALTA-N01,SIMULACION_CINCO_DIAS,ALTA,190,1,3,45,GENETICO,2511.8365,9060,770657.728333,4654.728333,2860.03,96,0,true,true,16.315789,8.77193,26354,4318,98.284314,,,,,
BASE,SIMULACION_CINCO_DIAS-ALTA-N01,SIMULACION_CINCO_DIAS,ALTA,190,1,4,46,GENETICO,2648.8412,9060,736713.448333,4297.615,2574.158333,95,0,true,true,22.105263,14.912281,22400,3726,98.039216,,,,,
BASE,SIMULACION_CINCO_DIAS-ALTA-N01,SIMULACION_CINCO_DIAS,ALTA,190,1,4,46,RECOCIDO_SIMULADO,881.0332,4821,1004526.368333,7194.368333,5423.32,91,0,true,true,7.368421,5.263158,23052,3944,99.509804,422.338901,,,,
BASE,SIMULACION_CINCO_DIAS-ALTA-N01,SIMULACION_CINCO_DIAS,ALTA,190,1,5,47,RECOCIDO_SIMULADO,845.5238,4901,1000794.445,7202.778333,5435.916667,90,0,true,true,7.894737,6.140351,22736,3906,100,447.955544,,,,
BASE,SIMULACION_CINCO_DIAS-ALTA-N01,SIMULACION_CINCO_DIAS,ALTA,190,1,5,47,GENETICO,2831.7353,9060,730406.501667,4138.668333,2512.678333,95,0,true,true,21.578947,11.403509,24340,3918,95.833333,,,,,
BASE,SIMULACION_CINCO_DIAS-ALTA-N01,SIMULACION_CINCO_DIAS,ALTA,190,1,6,48,GENETICO,2637.184,9060,711212.04,4068.54,2371.435,94,0,true,true,22.105263,14.035088,27116,4370,98.77451,,,,,
BASE,SIMULACION_CINCO_DIAS-ALTA-N01,SIMULACION_CINCO_DIAS,ALTA,190,1,6,48,RECOCIDO_SIMULADO,810.8717,4821,1005123.723333,7194.723333,5429.29,91,0,true,true,7.368421,5.263158,22718,3906,99.509804,412.996139,,,,
BASE,SIMULACION_CINCO_DIAS-ALTA-N01,SIMULACION_CINCO_DIAS,ALTA,190,1,7,49,RECOCIDO_SIMULADO,834.8693,4981,1007764.123333,7242.29,5455.218333,91,0,true,true,6.842105,5.263158,22086,3814,99.509804,502.610671,,,,
BASE,SIMULACION_CINCO_DIAS-ALTA-N01,SIMULACION_CINCO_DIAS,ALTA,190,1,7,49,GENETICO,2869.2207,9060,776549.53,4670.363333,2968.791667,95,0,true,true,17.894737,8.77193,25062,3998,94.852941,,,,,
BASE,SIMULACION_CINCO_DIAS-ALTA-N01,SIMULACION_CINCO_DIAS,ALTA,190,1,8,50,GENETICO,2673.5449,9060,753244.581667,4543.081667,2737.015,95,0,true,true,18.421053,11.403509,26162,4290,96.078431,,,,,
BASE,SIMULACION_CINCO_DIAS-ALTA-N01,SIMULACION_CINCO_DIAS,ALTA,190,1,8,50,RECOCIDO_SIMULADO,818.8261,4941,1002237.486667,7214.986667,5450.225,90,0,true,true,7.368421,4.385965,23700,4112,100,473.288122,,,,
BASE,SIMULACION_CINCO_DIAS-ALTA-N01,SIMULACION_CINCO_DIAS,ALTA,190,1,9,51,RECOCIDO_SIMULADO,802.7172,4821,1012762.668333,7234.335,5455.283333,92,0,true,true,6.315789,5.263158,23436,3918,98.77451,414.382827,,,,
BASE,SIMULACION_CINCO_DIAS-ALTA-N01,SIMULACION_CINCO_DIAS,ALTA,190,1,9,51,GENETICO,2941.5623,9060,748920.13,4413.796667,2695.063333,95,0,true,true,17.894737,11.403509,22776,3874,96.813725,,,,,
BASE,SIMULACION_CINCO_DIAS-ALTA-N01,SIMULACION_CINCO_DIAS,ALTA,190,1,10,52,GENETICO,2791.9543,9060,759467.48,4560.146667,2849.073333,94,0,true,true,20.526316,13.157895,22486,3908,96.323529,,,,,
BASE,SIMULACION_CINCO_DIAS-ALTA-N01,SIMULACION_CINCO_DIAS,ALTA,190,1,10,52,RECOCIDO_SIMULADO,788.3063,4741,1003729.936667,7180.77,5415.491667,91,0,true,true,8.421053,7.017544,21922,3744,99.509804,365.171867,,,,
BASE,SIMULACION_CINCO_DIAS-ALTA-N01,SIMULACION_CINCO_DIAS,ALTA,190,1,11,53,RECOCIDO_SIMULADO,815.3378,4901,1009148.226667,7179.893333,5419.683333,92,0,true,true,7.368421,6.140351,22108,3790,98.77451,452.015513,,,,
BASE,SIMULACION_CINCO_DIAS-ALTA-N01,SIMULACION_CINCO_DIAS,ALTA,190,1,11,53,GENETICO,2883.3343,9060,733144.973333,4309.973333,2588.35,94,0,true,true,18.421053,11.403509,26212,4300,95.833333,,,,,
BASE,SIMULACION_CINCO_DIAS-ALTA-N01,SIMULACION_CINCO_DIAS,ALTA,190,1,12,54,GENETICO,2587.1425,9060,736123.353333,4386.186667,2567.371667,95,0,true,true,18.421053,10.526316,23384,4086,99.264706,,,,,
BASE,SIMULACION_CINCO_DIAS-ALTA-N01,SIMULACION_CINCO_DIAS,ALTA,190,1,12,54,RECOCIDO_SIMULADO,760.8957,4581,1004481.413333,7176.246667,5423.051667,91,0,true,true,7.894737,6.140351,21978,3708,99.509804,310.577165,,,,
BASE,SIMULACION_CINCO_DIAS-ALTA-N01,SIMULACION_CINCO_DIAS,ALTA,190,1,13,55,RECOCIDO_SIMULADO,802.5587,4821,1004304.595,7192.761667,5421.118333,91,0,true,true,6.842105,5.263158,23454,3996,99.509804,421.197123,,,,
BASE,SIMULACION_CINCO_DIAS-ALTA-N01,SIMULACION_CINCO_DIAS,ALTA,190,1,13,55,GENETICO,2656.6012,9060,770576.033333,4779.033333,2957.97,94,0,true,true,18.421053,9.649123,20844,3490,97.794118,,,,,
BASE,SIMULACION_CINCO_DIAS-ALTA-N01,SIMULACION_CINCO_DIAS,ALTA,190,1,14,56,GENETICO,2759.8297,9060,737112.093333,4268.76,2578.433333,95,0,true,true,20,12.280702,24608,4126,96.568627,,,,,
BASE,SIMULACION_CINCO_DIAS-ALTA-N01,SIMULACION_CINCO_DIAS,ALTA,190,1,14,56,RECOCIDO_SIMULADO,793.3416,4701,1004875.583333,7200.75,5426.748333,91,0,true,true,7.894737,6.140351,23878,4108,99.509804,358.104214,,,,
BASE,SIMULACION_CINCO_DIAS-ALTA-N01,SIMULACION_CINCO_DIAS,ALTA,190,1,15,57,RECOCIDO_SIMULADO,856.4028,4981,1007984.756667,7237.423333,5457.473333,91,0,true,true,7.368421,6.140351,23000,3872,99.509804,519.866316,,,,
BASE,SIMULACION_CINCO_DIAS-ALTA-N01,SIMULACION_CINCO_DIAS,ALTA,190,1,15,57,GENETICO,2952.4195,9060,742893.743333,4208.076667,2486.856667,98,0,true,true,17.894737,10.526316,22468,3760,98.77451,,,,,
BASE,SIMULACION_CINCO_DIAS-ALTA-N01,SIMULACION_CINCO_DIAS,ALTA,190,1,16,58,GENETICO,2866.0443,9060,768301.523333,4607.19,2886.943333,95,0,true,true,18.947368,11.403509,25124,4168,95.098039,,,,,
BASE,SIMULACION_CINCO_DIAS-ALTA-N01,SIMULACION_CINCO_DIAS,ALTA,190,1,16,58,RECOCIDO_SIMULADO,822.0118,4901,1009354.228333,7263.895,5470.903333,91,0,true,true,6.842105,6.140351,23210,3934,99.754902,465.735217,,,,
BASE,SIMULACION_CINCO_DIAS-ALTA-N01,SIMULACION_CINCO_DIAS,ALTA,190,1,17,59,RECOCIDO_SIMULADO,810.1653,4821,1009212.06,7254.393333,5469.576667,91,0,true,true,6.842105,6.140351,21756,3688,99.754902,417.505363,,,,
BASE,SIMULACION_CINCO_DIAS-ALTA-N01,SIMULACION_CINCO_DIAS,ALTA,190,1,17,59,GENETICO,2614.3999,9060,744975.19,4534.856667,2704.403333,94,0,true,true,20,12.280702,22320,3786,98.284314,,,,,
BASE,SIMULACION_CINCO_DIAS-ALTA-N01,SIMULACION_CINCO_DIAS,ALTA,190,1,18,60,GENETICO,2875.7849,9060,762298.843333,4429.01,2828.698333,95,0,true,true,20.526316,13.157895,24208,3928,94.117647,,,,,
BASE,SIMULACION_CINCO_DIAS-ALTA-N01,SIMULACION_CINCO_DIAS,ALTA,190,1,18,60,RECOCIDO_SIMULADO,820.3512,4861,1006781.446667,7239.446667,5445.42,91,0,true,true,7.368421,6.140351,23210,3880,99.754902,437.499156,,,,
BASE,SIMULACION_CINCO_DIAS-ALTA-N01,SIMULACION_CINCO_DIAS,ALTA,190,1,19,61,RECOCIDO_SIMULADO,845.5698,5021,1005884.635,7199.635,5436.85,91,0,true,true,8.421053,7.017544,22728,3870,99.264706,537.432477,,,,
BASE,SIMULACION_CINCO_DIAS-ALTA-N01,SIMULACION_CINCO_DIAS,ALTA,190,1,19,61,GENETICO,2795.0958,9060,773270.558333,4751.725,2935.188333,95,0,true,true,17.894737,9.649123,24544,4080,95.343137,,,,,
BASE,SIMULACION_CINCO_DIAS-ALTA-N01,SIMULACION_CINCO_DIAS,ALTA,190,1,20,62,GENETICO,2767.8283,9060,763365.195,4597.361667,2837.678333,95,0,true,true,16.842105,7.894737,23194,3992,97.54902,,,,,
BASE,SIMULACION_CINCO_DIAS-ALTA-N01,SIMULACION_CINCO_DIAS,ALTA,190,1,20,62,RECOCIDO_SIMULADO,816.9955,4901,1007459.983333,7236.483333,5452.235,91,0,true,true,6.842105,5.263158,21930,3722,99.509804,451.387412,,,,
BASE,SIMULACION_CINCO_DIAS-ALTA-N01,SIMULACION_CINCO_DIAS,ALTA,190,1,21,63,RECOCIDO_SIMULADO,819.2333,4901,1007530.625,7240.625,5452.9,91,0,true,true,6.842105,5.263158,22620,3864,99.509804,460.308392,,,,
BASE,SIMULACION_CINCO_DIAS-ALTA-N01,SIMULACION_CINCO_DIAS,ALTA,190,1,21,63,GENETICO,2664.7121,9060,751141.24,4535.906667,2666.053333,96,0,true,true,17.368421,10.526316,24004,4002,97.794118,,,,,
BASE,SIMULACION_CINCO_DIAS-ALTA-N01,SIMULACION_CINCO_DIAS,ALTA,190,1,22,64,GENETICO,2683.1917,9060,759974.371667,4670.705,2903.036667,93,0,true,true,20,13.157895,25016,4214,97.54902,,,,,
BASE,SIMULACION_CINCO_DIAS-ALTA-N01,SIMULACION_CINCO_DIAS,ALTA,190,1,22,64,RECOCIDO_SIMULADO,844.0649,5061,1000324.013333,7207.346667,5431.166667,90,0,true,true,6.842105,4.385965,24742,4176,100,560.253513,,,,
BASE,SIMULACION_CINCO_DIAS-ALTA-N01,SIMULACION_CINCO_DIAS,ALTA,190,1,23,65,RECOCIDO_SIMULADO,790.9553,4741,1004438.66,7186.493333,5422.521667,91,0,true,true,7.894737,6.140351,23000,3860,99.509804,381.448527,,,,
BASE,SIMULACION_CINCO_DIAS-ALTA-N01,SIMULACION_CINCO_DIAS,ALTA,190,1,23,65,GENETICO,2688.1667,9060,746479.923333,4536.09,2769.438333,93,0,true,true,18.947368,9.649123,23216,3914,97.54902,,,,,
BASE,SIMULACION_CINCO_DIAS-ALTA-N01,SIMULACION_CINCO_DIAS,ALTA,190,1,24,66,GENETICO,2845.5161,9060,744054.993333,4381.826667,2596.731667,96,0,true,true,20,13.157895,23546,3902,96.568627,,,,,
BASE,SIMULACION_CINCO_DIAS-ALTA-N01,SIMULACION_CINCO_DIAS,ALTA,190,1,24,66,RECOCIDO_SIMULADO,812.599,4781,1010048.5,7272,5477.765,91,0,true,true,6.842105,6.140351,23060,3954,99.754902,385.251107,,,,
BASE,SIMULACION_CINCO_DIAS-ALTA-N01,SIMULACION_CINCO_DIAS,ALTA,190,1,25,67,RECOCIDO_SIMULADO,789.9888,4701,1004131.743333,7184.91,5419.468333,91,0,true,true,7.894737,6.140351,22880,3886,99.509804,354.377464,,,,
BASE,SIMULACION_CINCO_DIAS-ALTA-N01,SIMULACION_CINCO_DIAS,ALTA,190,1,25,67,GENETICO,2790.9816,9060,744882.366667,4418.7,2754.636667,93,0,true,true,20,14.912281,25238,4086,96.568627,,,,,
BASE,SIMULACION_CINCO_DIAS-ALTA-N01,SIMULACION_CINCO_DIAS,ALTA,190,1,26,68,GENETICO,2802.1595,9060,748137.633333,4292.466667,2638.451667,96,0,true,true,18.947368,12.280702,22074,3770,96.568627,,,,,
BASE,SIMULACION_CINCO_DIAS-ALTA-N01,SIMULACION_CINCO_DIAS,ALTA,190,1,26,68,RECOCIDO_SIMULADO,792.7462,4781,1000966.875,7201.708333,5437.651667,90,0,true,true,7.894737,5.263158,23948,4106,100,400.21678,,,,
BASE,SIMULACION_CINCO_DIAS-ALTA-N01,SIMULACION_CINCO_DIAS,ALTA,190,1,27,69,RECOCIDO_SIMULADO,804.5718,4821,1002559.06,7203.893333,5453.551667,90,0,true,true,8.421053,6.140351,23212,3962,100,419.874502,,,,
BASE,SIMULACION_CINCO_DIAS-ALTA-N01,SIMULACION_CINCO_DIAS,ALTA,190,1,27,69,GENETICO,2577.3883,9060,741477.111667,4376.278333,2621.008333,95,0,true,true,17.894737,14.035088,23376,3986,98.77451,,,,,
BASE,SIMULACION_CINCO_DIAS-ALTA-N01,SIMULACION_CINCO_DIAS,ALTA,190,1,28,70,GENETICO,2623.1567,9060,768733.923333,4506.59,2792.273333,97,0,true,true,13.684211,8.77193,22636,3846,97.794118,,,,,
BASE,SIMULACION_CINCO_DIAS-ALTA-N01,SIMULACION_CINCO_DIAS,ALTA,190,1,28,70,RECOCIDO_SIMULADO,823.9149,4941,1007822.501667,7245.501667,5455.77,91,0,true,true,7.368421,6.140351,22514,3860,99.509804,475.220038,,,,
BASE,SIMULACION_CINCO_DIAS-ALTA-N01,SIMULACION_CINCO_DIAS,ALTA,190,1,29,71,RECOCIDO_SIMULADO,861.6025,4981,1005146.845,7187.845,5429.59,91,0,true,true,7.368421,5.263158,23206,3930,99.509804,511.402121,,,,
BASE,SIMULACION_CINCO_DIAS-ALTA-N01,SIMULACION_CINCO_DIAS,ALTA,190,1,29,71,GENETICO,2705.4851,9060,764917.675,4728.341667,2851.893333,95,0,true,true,18.421053,13.157895,24688,4082,97.303922,,,,,
BASE,SIMULACION_CINCO_DIAS-ALTA-N02,SIMULACION_CINCO_DIAS,ALTA,190,2,0,42,GENETICO,2641.2766,9060,761701.728333,4331.395,2573.703333,100,0,true,true,14.210526,7.563025,23198,3750,96.813725,,,,,
BASE,SIMULACION_CINCO_DIAS-ALTA-N02,SIMULACION_CINCO_DIAS,ALTA,190,2,0,42,RECOCIDO_SIMULADO,783.9833,4461,1001109.92,6670.586667,4894.393333,101,0,true,true,4.210526,0.840336,20230,3440,99.509804,255.314344,,,,
BASE,SIMULACION_CINCO_DIAS-ALTA-N02,SIMULACION_CINCO_DIAS,ALTA,190,2,1,43,RECOCIDO_SIMULADO,808.974,4581,1001202.51,6680.676667,4895.218333,101,0,true,true,4.210526,0.840336,20984,3578,99.509804,299.688061,,,,
BASE,SIMULACION_CINCO_DIAS-ALTA-N02,SIMULACION_CINCO_DIAS,ALTA,190,2,1,43,GENETICO,2556.1916,9060,737178.436667,3884.77,2282.936667,101,0,true,true,15.789474,10.92437,23386,3800,98.039216,,,,,
BASE,SIMULACION_CINCO_DIAS-ALTA-N02,SIMULACION_CINCO_DIAS,ALTA,190,2,2,44,GENETICO,2720.521,9060,728810.348333,3717.515,2150.928333,102,0,true,true,16.315789,11.764706,20782,3384,98.77451,,,,,
BASE,SIMULACION_CINCO_DIAS-ALTA-N02,SIMULACION_CINCO_DIAS,ALTA,190,2,2,44,RECOCIDO_SIMULADO,818.7722,4581,1005925.228333,6644.061667,4892.811667,102,0,true,true,3.684211,0.840336,20384,3450,98.77451,304.292573,,,,
BASE,SIMULACION_CINCO_DIAS-ALTA-N02,SIMULACION_CINCO_DIAS,ALTA,190,2,3,45,RECOCIDO_SIMULADO,840.5529,4661,1006091.501667,6642.001667,4894.495,102,0,true,true,3.684211,0.840336,20590,3486,98.77451,330.758673,,,,
BASE,SIMULACION_CINCO_DIAS-ALTA-N02,SIMULACION_CINCO_DIAS,ALTA,190,2,3,45,GENETICO,2711.2168,9060,731931.796667,3487.463333,2034.443333,105,0,true,true,16.315789,13.445378,23090,3698,97.54902,,,,,
BASE,SIMULACION_CINCO_DIAS-ALTA-N02,SIMULACION_CINCO_DIAS,ALTA,190,2,4,46,GENETICO,2656.4123,9060,757775.19,3855.356667,2389.198333,103,0,true,true,15.263158,10.92437,21912,3618,96.078431,,,,,
BASE,SIMULACION_CINCO_DIAS-ALTA-N02,SIMULACION_CINCO_DIAS,ALTA,190,2,4,46,RECOCIDO_SIMULADO,772.3596,4341,1006025.096667,6645.43,4893.796667,102,0,true,true,3.684211,0.840336,20584,3454,98.77451,225.899313,,,,
BASE,SIMULACION_CINCO_DIAS-ALTA-N02,SIMULACION_CINCO_DIAS,ALTA,190,2,5,47,RECOCIDO_SIMULADO,795.5733,4461,1006319.916667,6650.75,4896.691667,102,0,true,true,3.684211,0.840336,20622,3484,98.77451,259.610319,,,,
BASE,SIMULACION_CINCO_DIAS-ALTA-N02,SIMULACION_CINCO_DIAS,ALTA,190,2,5,47,GENETICO,2675.6269,9060,735607.6,3654.6,2219.53,102,0,true,true,18.421053,15.966387,21844,3506,97.54902,,,,,
BASE,SIMULACION_CINCO_DIAS-ALTA-N02,SIMULACION_CINCO_DIAS,ALTA,190,2,6,48,GENETICO,2715.4757,9060,723823.408333,3487.575,2003.358333,104,0,true,true,17.368421,13.445378,21494,3580,98.039216,,,,,
BASE,SIMULACION_CINCO_DIAS-ALTA-N02,SIMULACION_CINCO_DIAS,ALTA,190,2,6,48,RECOCIDO_SIMULADO,879.4651,4861,1006496.483333,6651.483333,4898.45,102,0,true,true,3.684211,0.840336,21470,3616,98.77451,433.242177,,,,
BASE,SIMULACION_CINCO_DIAS-ALTA-N02,SIMULACION_CINCO_DIAS,ALTA,190,2,7,49,RECOCIDO_SIMULADO,806.6129,4541,1006008.051667,6642.385,4893.656667,102,0,true,true,3.684211,0.840336,20072,3358,98.77451,287.162442,,,,
BASE,SIMULACION_CINCO_DIAS-ALTA-N02,SIMULACION_CINCO_DIAS,ALTA,190,2,7,49,GENETICO,2568.9901,9060,768033.065,4128.231667,2539.048333,102,0,true,true,13.684211,8.403361,23736,3872,98.529412,,,,,
BASE,SIMULACION_CINCO_DIAS-ALTA-N02,SIMULACION_CINCO_DIAS,ALTA,190,2,8,50,GENETICO,2640.6071,9060,745292.361667,3892.361667,2364,101,0,true,true,16.315789,11.764706,22436,3668,97.303922,,,,,
BASE,SIMULACION_CINCO_DIAS-ALTA-N02,SIMULACION_CINCO_DIAS,ALTA,190,2,8,50,RECOCIDO_SIMULADO,782.6031,4381,1001570.221667,6677.221667,4898.93,101,0,true,true,4.210526,0.840336,21158,3578,99.509804,235.987681,,,,
BASE,SIMULACION_CINCO_DIAS-ALTA-N02,SIMULACION_CINCO_DIAS,ALTA,190,2,9,51,RECOCIDO_SIMULADO,815.8484,4581,1006104.026667,6646.36,4894.576667,102,0,true,true,3.684211,0.840336,20554,3464,98.77451,300.1661,,,,
BASE,SIMULACION_CINCO_DIAS-ALTA-N02,SIMULACION_CINCO_DIAS,ALTA,190,2,9,51,GENETICO,2579.7184,9060,754317.486667,3972.653333,2353.448333,103,0,true,true,14.210526,9.243697,21882,3596,97.058824,,,,,
BASE,SIMULACION_CINCO_DIAS-ALTA-N02,SIMULACION_CINCO_DIAS,ALTA,190,2,10,52,GENETICO,2585.4388,9060,745326.113333,4060.28,2412.658333,100,0,true,true,17.894737,12.605042,21224,3426,97.058824,,,,,
BASE,SIMULACION_CINCO_DIAS-ALTA-N02,SIMULACION_CINCO_DIAS,ALTA,190,2,10,52,RECOCIDO_SIMULADO,824.5232,4621,1006201.091667,6643.258333,4895.578333,102,0,true,true,3.684211,0.840336,20450,3440,98.77451,325.460645,,,,
BASE,SIMULACION_CINCO_DIAS-ALTA-N02,SIMULACION_CINCO_DIAS,ALTA,190,2,11,53,RECOCIDO_SIMULADO,823.8784,4621,1005840.126667,6636.793333,4892.033333,102,0,true,true,3.684211,0.840336,19760,3340,98.77451,317.90519,,,,
BASE,SIMULACION_CINCO_DIAS-ALTA-N02,SIMULACION_CINCO_DIAS,ALTA,190,2,11,53,GENETICO,2677.7946,9060,742173.828333,3656.495,2185.173333,104,0,true,true,16.842105,11.764706,22592,3778,96.568627,,,,,
BASE,SIMULACION_CINCO_DIAS-ALTA-N02,SIMULACION_CINCO_DIAS,ALTA,190,2,12,54,GENETICO,2585.4394,9060,737725.44,3619.44,2091.06,105,0,true,true,13.157895,9.243697,23348,3802,98.529412,,,,,
BASE,SIMULACION_CINCO_DIAS-ALTA-N02,SIMULACION_CINCO_DIAS,ALTA,190,2,12,54,RECOCIDO_SIMULADO,885.2934,4941,1005795.178333,6643.178333,4891.52,102,0,true,true,3.684211,0.840336,20844,3532,98.77451,492.507644,,,,
BASE,SIMULACION_CINCO_DIAS-ALTA-N02,SIMULACION_CINCO_DIAS,ALTA,190,2,13,55,RECOCIDO_SIMULADO,820.9834,4621,1001702.663333,6683.83,4900.188333,101,0,true,true,4.210526,0.840336,21152,3636,99.509804,313.078855,,,,
BASE,SIMULACION_CINCO_DIAS-ALTA-N02,SIMULACION_CINCO_DIAS,ALTA,190,2,13,55,GENETICO,2757.1473,9060,767465.46,4045.126667,2484.203333,103,0,true,true,15.263158,9.243697,22516,3652,95.833333,,,,,
BASE,SIMULACION_CINCO_DIAS-ALTA-N02,SIMULACION_CINCO_DIAS,ALTA,190,2,14,56,GENETICO,2623.1261,9060,740112.808333,3836.808333,2162.76,104,0,true,true,18.421053,12.605042,21274,3510,97.303922,,,,,
BASE,SIMULACION_CINCO_DIAS-ALTA-N02,SIMULACION_CINCO_DIAS,ALTA,190,2,14,56,RECOCIDO_SIMULADO,821.0557,4581,1005885.216667,6642.716667,4892.425,102,0,true,true,3.684211,0.840336,20210,3406,98.77451,309.835071,,,,
BASE,SIMULACION_CINCO_DIAS-ALTA-N02,SIMULACION_CINCO_DIAS,ALTA,190,2,15,57,RECOCIDO_SIMULADO,823.2706,4541,1006159.521667,6645.688333,4895.138333,102,0,true,true,3.684211,0.840336,20938,3550,98.77451,289.691753,,,,
BASE,SIMULACION_CINCO_DIAS-ALTA-N02,SIMULACION_CINCO_DIAS,ALTA,190,2,15,57,GENETICO,2625.2499,9060,722042.468333,3411.135,1936.313333,105,0,true,true,18.421053,14.285714,22074,3644,98.284314,,,,,
BASE,SIMULACION_CINCO_DIAS-ALTA-N02,SIMULACION_CINCO_DIAS,ALTA,190,2,16,58,GENETICO,2654.9457,9060,746881.541667,3850.708333,2280.308333,103,0,true,true,14.736842,9.243697,21848,3596,96.078431,,,,,
BASE,SIMULACION_CINCO_DIAS-ALTA-N02,SIMULACION_CINCO_DIAS,ALTA,190,2,16,58,RECOCIDO_SIMULADO,823.2923,4621,1005933.706667,6636.04,4892.976667,102,0,true,true,3.684211,0.840336,19598,3310,98.77451,326.426366,,,,
BASE,SIMULACION_CINCO_DIAS-ALTA-N02,SIMULACION_CINCO_DIAS,ALTA,190,2,17,59,RECOCIDO_SIMULADO,804.9049,4501,1006084.915,6645.915,4894.39,102,0,true,true,3.684211,0.840336,20426,3424,98.77451,281.535161,,,,
BASE,SIMULACION_CINCO_DIAS-ALTA-N02,SIMULACION_CINCO_DIAS,ALTA,190,2,17,59,GENETICO,2554.6752,9060,740304.056667,3897.223333,2314.068333,101,0,true,true,16.315789,10.92437,21564,3584,97.058824,,,,,
BASE,SIMULACION_CINCO_DIAS-ALTA-N02,SIMULACION_CINCO_DIAS,ALTA,190,2,18,60,GENETICO,2628.6353,9060,736888.251667,3981.918333,2329.063333,100,0,true,true,14.210526,9.243697,23872,3936,98.284314,,,,,
BASE,SIMULACION_CINCO_DIAS-ALTA-N02,SIMULACION_CINCO_DIAS,ALTA,190,2,18,60,RECOCIDO_SIMULADO,758.9891,4301,1006340.838333,6645.338333,4896.955,102,0,true,true,3.684211,0.840336,20506,3466,98.77451,211.757813,,,,
BASE,SIMULACION_CINCO_DIAS-ALTA-N02,SIMULACION_CINCO_DIAS,ALTA,190,2,19,61,RECOCIDO_SIMULADO,808.7995,4581,1001788.435,6682.935,4901.055,101,0,true,true,4.210526,0.840336,21342,3644,99.509804,310.523297,,,,
BASE,SIMULACION_CINCO_DIAS-ALTA-N02,SIMULACION_CINCO_DIAS,ALTA,190,2,19,61,GENETICO,2769.77,9060,734902.873333,3913.873333,2209.89,102,0,true,true,15.263158,10.084034,24572,3956,98.284314,,,,,
BASE,SIMULACION_CINCO_DIAS-ALTA-N02,SIMULACION_CINCO_DIAS,ALTA,190,2,20,62,GENETICO,2687.3569,9060,734468.651667,3569.151667,2108.995,104,0,true,true,17.368421,10.084034,22772,3804,96.078431,,,,,
BASE,SIMULACION_CINCO_DIAS-ALTA-N02,SIMULACION_CINCO_DIAS,ALTA,190,2,20,62,RECOCIDO_SIMULADO,854.1586,4621,1006315.193333,6648.693333,4896.665,102,0,true,true,3.684211,0.840336,21104,3550,98.77451,321.668916,,,,
BASE,SIMULACION_CINCO_DIAS-ALTA-N02,SIMULACION_CINCO_DIAS,ALTA,190,2,21,63,RECOCIDO_SIMULADO,799.4607,4501,1006215.401667,6645.568333,4895.698333,102,0,true,true,3.684211,0.840336,20870,3482,98.77451,272.248092,,,,
BASE,SIMULACION_CINCO_DIAS-ALTA-N02,SIMULACION_CINCO_DIAS,ALTA,190,2,21,63,GENETICO,2774.073,9060,746445.158333,3748.325,2176.968333,105,0,true,true,15.263158,10.92437,21472,3434,96.078431,,,,,
BASE,SIMULACION_CINCO_DIAS-ALTA-N02,SIMULACION_CINCO_DIAS,ALTA,190,2,22,64,GENETICO,2732.1008,9060,738985.941667,3827.275,2301.586667,101,0,true,true,16.842105,10.084034,21218,3538,98.529412,,,,,
BASE,SIMULACION_CINCO_DIAS-ALTA-N02,SIMULACION_CINCO_DIAS,ALTA,190,2,22,64,RECOCIDO_SIMULADO,835.3765,4741,1005959.198333,6643.531667,4893.156667,102,0,true,true,3.684211,0.840336,20268,3398,98.77451,365.680552,,,,
BASE,SIMULACION_CINCO_DIAS-ALTA-N02,SIMULACION_CINCO_DIAS,ALTA,190,2,23,65,RECOCIDO_SIMULADO,805.1641,4581,1006141.561667,6645.395,4894.961667,102,0,true,true,3.684211,0.840336,20612,3452,98.77451,309.267096,,,,
BASE,SIMULACION_CINCO_DIAS-ALTA-N02,SIMULACION_CINCO_DIAS,ALTA,190,2,23,65,GENETICO,2718.0894,9060,722969.418333,3697.251667,2092.721667,102,0,true,true,16.842105,11.764706,21356,3616,97.794118,,,,,
BASE,SIMULACION_CINCO_DIAS-ALTA-N02,SIMULACION_CINCO_DIAS,ALTA,190,2,24,66,GENETICO,2615.0816,9060,731661.961667,3676.961667,2129.85,103,0,true,true,16.315789,13.445378,22704,3690,97.54902,,,,,
BASE,SIMULACION_CINCO_DIAS-ALTA-N02,SIMULACION_CINCO_DIAS,ALTA,190,2,24,66,RECOCIDO_SIMULADO,818.0981,4541,1006113.736667,6646.403333,4894.673333,102,0,true,true,3.684211,0.840336,20856,3484,98.77451,287.095139,,,,
BASE,SIMULACION_CINCO_DIAS-ALTA-N02,SIMULACION_CINCO_DIAS,ALTA,190,2,25,67,RECOCIDO_SIMULADO,828.6992,4581,1006928.123333,6651.29,4902.768333,102,0,true,true,3.684211,0.840336,20612,3484,98.77451,310.759432,,,,
BASE,SIMULACION_CINCO_DIAS-ALTA-N02,SIMULACION_CINCO_DIAS,ALTA,190,2,25,67,GENETICO,2684.265,9060,727386.496667,3975.496667,2234.11,100,0,true,true,17.368421,11.764706,23884,3886,98.77451,,,,,
BASE,SIMULACION_CINCO_DIAS-ALTA-N02,SIMULACION_CINCO_DIAS,ALTA,190,2,26,68,GENETICO,2632.9009,9060,741985.096667,3776.93,2232.081667,103,0,true,true,16.315789,10.92437,21722,3492,97.058824,,,,,
BASE,SIMULACION_CINCO_DIAS-ALTA-N02,SIMULACION_CINCO_DIAS,ALTA,190,2,26,68,RECOCIDO_SIMULADO,883.4456,4941,1006004.523333,6637.356667,4893.671667,102,0,true,true,3.684211,0.840336,21032,3502,98.77451,478.904335,,,,
BASE,SIMULACION_CINCO_DIAS-ALTA-N02,SIMULACION_CINCO_DIAS,ALTA,190,2,27,69,RECOCIDO_SIMULADO,825.6683,4701,1001768.933333,6680.766667,4900.881667,101,0,true,true,3.684211,0.840336,21610,3622,99.509804,347.736258,,,,
BASE,SIMULACION_CINCO_DIAS-ALTA-N02,SIMULACION_CINCO_DIAS,ALTA,190,2,27,69,GENETICO,2652.2975,9060,730219.41,3775.743333,2214.436667,101,0,true,true,17.368421,11.764706,23506,3764,97.54902,,,,,
BASE,SIMULACION_CINCO_DIAS-ALTA-N02,SIMULACION_CINCO_DIAS,ALTA,190,2,28,70,GENETICO,2605.1027,9060,742132.601667,3864.268333,2332.683333,101,0,true,true,16.842105,12.605042,23112,3772,98.039216,,,,,
BASE,SIMULACION_CINCO_DIAS-ALTA-N02,SIMULACION_CINCO_DIAS,ALTA,190,2,28,70,RECOCIDO_SIMULADO,842.1071,4661,1000726.958333,6664.291667,4890.626667,101,0,true,true,4.210526,0.840336,20664,3426,99.509804,333.634233,,,,
BASE,SIMULACION_CINCO_DIAS-ALTA-N02,SIMULACION_CINCO_DIAS,ALTA,190,2,29,71,RECOCIDO_SIMULADO,841.9107,4701,1006480.773333,6646.106667,4898.346667,102,0,true,true,3.684211,0.840336,20822,3464,98.77451,349.353443,,,,
BASE,SIMULACION_CINCO_DIAS-ALTA-N02,SIMULACION_CINCO_DIAS,ALTA,190,2,29,71,GENETICO,2658.2119,9060,757843.5,4030,2388.135,103,0,true,true,14.210526,9.243697,23192,3766,98.529412,,,,,
BASE,SIMULACION_CINCO_DIAS-ALTA-N03,SIMULACION_CINCO_DIAS,ALTA,190,3,0,42,GENETICO,2480.5718,9060,710803.011667,4279.678333,2415.233333,93,0,true,true,18.947368,9.090909,24308,3966,100,,,,,
BASE,SIMULACION_CINCO_DIAS-ALTA-N03,SIMULACION_CINCO_DIAS,ALTA,190,3,0,42,RECOCIDO_SIMULADO,832.5514,4901,1023203.87,7324.37,5358.795,96,0,true,true,2.631579,0,22794,3818,99.75,454.056144,,,,
BASE,SIMULACION_CINCO_DIAS-ALTA-N03,SIMULACION_CINCO_DIAS,ALTA,190,3,1,43,RECOCIDO_SIMULADO,762.3094,4421,1023384.455,7316.955,5360.675,96,0,true,true,3.157895,1.010101,22642,3770,99.75,242.985668,,,,
BASE,SIMULACION_CINCO_DIAS-ALTA-N03,SIMULACION_CINCO_DIAS,ALTA,190,3,1,43,GENETICO,2604.8785,9060,704557.351667,4514.351667,2500.43,90,0,true,true,19.473684,8.080808,25114,4052,98.75,,,,,
BASE,SIMULACION_CINCO_DIAS-ALTA-N03,SIMULACION_CINCO_DIAS,ALTA,190,3,2,44,GENETICO,2561.5565,9060,691144.521667,4437.188333,2367.073333,90,0,true,true,21.052632,11.111111,24816,3988,98.5,,,,,
BASE,SIMULACION_CINCO_DIAS-ALTA-N03,SIMULACION_CINCO_DIAS,ALTA,190,3,2,44,RECOCIDO_SIMULADO,766.0667,4541,1022917.271667,7305.105,5356.121667,96,0,true,true,3.684211,1.010101,22954,3806,99.75,283.553564,,,,
BASE,SIMULACION_CINCO_DIAS-ALTA-N03,SIMULACION_CINCO_DIAS,ALTA,190,3,3,45,RECOCIDO_SIMULADO,798.6698,4741,1022797.106667,7313.106667,5354.84,96,0,true,true,3.157895,1.010101,23002,3814,99.75,369.882334,,,,
BASE,SIMULACION_CINCO_DIAS-ALTA-N03,SIMULACION_CINCO_DIAS,ALTA,190,3,3,45,GENETICO,2520.239,9060,733737.813333,5018.48,2937.193333,87,0,true,true,19.473684,11.111111,24976,3996,97.5,,,,,
BASE,SIMULACION_CINCO_DIAS-ALTA-N03,SIMULACION_CINCO_DIAS,ALTA,190,3,4,46,GENETICO,2396.3385,9060,726629.505,4939.838333,2816.896667,88,0,true,true,18.947368,9.090909,23706,3868,99.5,,,,,
BASE,SIMULACION_CINCO_DIAS-ALTA-N03,SIMULACION_CINCO_DIAS,ALTA,190,3,4,46,RECOCIDO_SIMULADO,788.111,4661,1022444.656667,7308.99,5351.356667,96,0,true,true,3.157895,1.010101,22552,3718,99.75,334.46488,,,,
BASE,SIMULACION_CINCO_DIAS-ALTA-N03,SIMULACION_CINCO_DIAS,ALTA,190,3,5,47,RECOCIDO_SIMULADO,775.591,4581,1022693.77,7313.603333,5353.801667,96,0,true,true,3.684211,1.010101,23668,3898,99.75,300.242808,,,,
BASE,SIMULACION_CINCO_DIAS-ALTA-N03,SIMULACION_CINCO_DIAS,ALTA,190,3,5,47,GENETICO,2472.693,9060,696020.995,4409.161667,2366.118333,91,0,true,true,18.947368,11.111111,25908,4322,97.75,,,,,
BASE,SIMULACION_CINCO_DIAS-ALTA-N03,SIMULACION_CINCO_DIAS,ALTA,190,3,6,48,GENETICO,2412.0787,9060,697472.755,4496.755,2379.76,91,0,true,true,20,11.111111,25484,4164,99.75,,,,,
BASE,SIMULACION_CINCO_DIAS-ALTA-N03,SIMULACION_CINCO_DIAS,ALTA,190,3,6,48,RECOCIDO_SIMULADO,801.2241,4781,1022689.578333,7310.078333,5353.795,96,0,true,true,3.157895,1.010101,22258,3706,99.75,395.156756,,,,
BASE,SIMULACION_CINCO_DIAS-ALTA-N03,SIMULACION_CINCO_DIAS,ALTA,190,3,7,49,RECOCIDO_SIMULADO,827.354,4901,1023519.991667,7323.158333,5361.968333,96,0,true,true,3.157895,1.010101,23076,3908,99.75,449.116876,,,,
BASE,SIMULACION_CINCO_DIAS-ALTA-N03,SIMULACION_CINCO_DIAS,ALTA,190,3,7,49,GENETICO,2355.5147,9060,696027.286667,4264.12,2367.631667,91,0,true,true,20,11.111111,25514,4120,99.75,,,,,
BASE,SIMULACION_CINCO_DIAS-ALTA-N03,SIMULACION_CINCO_DIAS,ALTA,190,3,8,50,GENETICO,2495.5135,9060,694074.18,4692.346667,2493.818333,88,0,true,true,21.052632,9.090909,27878,4574,99.25,,,,,
BASE,SIMULACION_CINCO_DIAS-ALTA-N03,SIMULACION_CINCO_DIAS,ALTA,190,3,8,50,RECOCIDO_SIMULADO,840.2925,4981,1023075.928333,7314.261667,5357.616667,96,0,true,true,3.157895,1.010101,23488,3894,99.75,510.302611,,,,
BASE,SIMULACION_CINCO_DIAS-ALTA-N03,SIMULACION_CINCO_DIAS,ALTA,190,3,9,51,RECOCIDO_SIMULADO,760.4038,4541,1022631.071667,7306.238333,5353.248333,96,0,true,true,3.157895,1.010101,22882,3768,99.75,294.905588,,,,
BASE,SIMULACION_CINCO_DIAS-ALTA-N03,SIMULACION_CINCO_DIAS,ALTA,190,3,9,51,GENETICO,2575.4055,9060,709221.981667,4664.981667,2495.57,91,0,true,true,20.526316,8.080808,25910,4128,97.5,,,,,
BASE,SIMULACION_CINCO_DIAS-ALTA-N03,SIMULACION_CINCO_DIAS,ALTA,190,3,10,52,GENETICO,2456.3203,9060,703707.641667,4402.641667,2443.05,91,0,true,true,21.052632,11.111111,25630,4112,98.5,,,,,
BASE,SIMULACION_CINCO_DIAS-ALTA-N03,SIMULACION_CINCO_DIAS,ALTA,190,3,10,52,RECOCIDO_SIMULADO,798.6198,4661,1022091.115,7305.448333,5347.856667,96,0,true,true,3.157895,1.010101,23308,3836,99.75,333.780756,,,,
BASE,SIMULACION_CINCO_DIAS-ALTA-N03,SIMULACION_CINCO_DIAS,ALTA,190,3,11,53,RECOCIDO_SIMULADO,804.1804,4621,1022276.49,7308.656667,5349.678333,96,0,true,true,3.684211,1.010101,23662,3892,99.75,320.736007,,,,
BASE,SIMULACION_CINCO_DIAS-ALTA-N03,SIMULACION_CINCO_DIAS,ALTA,190,3,11,53,GENETICO,2590.388,9060,717311.12,4548.62,2577.625,91,0,true,true,18.947368,9.090909,28140,4462,98,,,,,
BASE,SIMULACION_CINCO_DIAS-ALTA-N03,SIMULACION_CINCO_DIAS,ALTA,190,3,12,54,GENETICO,2571.2942,9060,699095.606667,4355.773333,2397.398333,91,0,true,true,18.947368,12.121212,25196,4162,98.25,,,,,
BASE,SIMULACION_CINCO_DIAS-ALTA-N03,SIMULACION_CINCO_DIAS,ALTA,190,3,12,54,RECOCIDO_SIMULADO,810.2622,4781,1022870.601667,7314.601667,5355.56,96,0,true,true,3.157895,1.010101,22986,3874,99.75,386.30652,,,,
BASE,SIMULACION_CINCO_DIAS-ALTA-N03,SIMULACION_CINCO_DIAS,ALTA,190,3,13,55,RECOCIDO_SIMULADO,801.202,4741,1023478.545,7316.545,5361.62,96,0,true,true,3.684211,1.010101,23414,3898,99.75,381.703421,,,,
BASE,SIMULACION_CINCO_DIAS-ALTA-N03,SIMULACION_CINCO_DIAS,ALTA,190,3,13,55,GENETICO,2464.3566,9060,711432.01,4801.176667,2666.308333,88,0,true,true,21.052632,15.151515,23404,3874,97.75,,,,,
BASE,SIMULACION_CINCO_DIAS-ALTA-N03,SIMULACION_CINCO_DIAS,ALTA,190,3,14,56,GENETICO,2498.4022,9060,709358.953333,4934.12,2744.248333,86,0,true,true,21.052632,12.121212,25216,4234,98.25,,,,,
BASE,SIMULACION_CINCO_DIAS-ALTA-N03,SIMULACION_CINCO_DIAS,ALTA,190,3,14,56,RECOCIDO_SIMULADO,817.8339,4781,1023268.756667,7317.423333,5359.513333,96,0,true,true,3.684211,1.010101,22766,3796,99.75,395.021515,,,,
BASE,SIMULACION_CINCO_DIAS-ALTA-N03,SIMULACION_CINCO_DIAS,ALTA,190,3,15,57,RECOCIDO_SIMULADO,788.3727,4621,1022675.101667,7308.268333,5353.668333,96,0,true,true,3.684211,1.010101,22430,3740,99.75,328.581329,,,,
BASE,SIMULACION_CINCO_DIAS-ALTA-N03,SIMULACION_CINCO_DIAS,ALTA,190,3,15,57,GENETICO,2461.5403,9060,702506.815,4587.648333,2429.191667,91,0,true,true,18.947368,12.121212,22914,3772,99.5,,,,,
BASE,SIMULACION_CINCO_DIAS-ALTA-N03,SIMULACION_CINCO_DIAS,ALTA,190,3,16,58,GENETICO,2518.3138,9060,693894.011667,4465.845,2394.281667,90,0,true,true,20.526316,12.121212,25884,4282,97.5,,,,,
BASE,SIMULACION_CINCO_DIAS-ALTA-N03,SIMULACION_CINCO_DIAS,ALTA,190,3,16,58,RECOCIDO_SIMULADO,807.4291,4781,1023651.203333,7328.036667,5363.231667,96,0,true,true,3.684211,1.010101,23390,3960,99.75,386.595544,,,,
BASE,SIMULACION_CINCO_DIAS-ALTA-N03,SIMULACION_CINCO_DIAS,ALTA,190,3,17,59,RECOCIDO_SIMULADO,799.0228,4781,1022602.591667,7311.758333,5352.908333,96,0,true,true,3.684211,1.010101,22944,3788,99.75,397.222711,,,,
BASE,SIMULACION_CINCO_DIAS-ALTA-N03,SIMULACION_CINCO_DIAS,ALTA,190,3,17,59,GENETICO,2509.0659,9060,695019.785,4283.618333,2257.361667,93,0,true,true,20,11.111111,23452,3866,97.75,,,,,
BASE,SIMULACION_CINCO_DIAS-ALTA-N03,SIMULACION_CINCO_DIAS,ALTA,190,3,18,60,GENETICO,2492.8107,9060,711204.611667,4668.445,2665.361667,88,0,true,true,21.578947,13.131313,23486,3844,96.25,,,,,
BASE,SIMULACION_CINCO_DIAS-ALTA-N03,SIMULACION_CINCO_DIAS,ALTA,190,3,18,60,RECOCIDO_SIMULADO,811.0602,4821,1022913.355,7316.355,5355.97,96,0,true,true,3.684211,1.010101,23416,3906,99.75,408.982234,,,,
BASE,SIMULACION_CINCO_DIAS-ALTA-N03,SIMULACION_CINCO_DIAS,ALTA,190,3,19,61,RECOCIDO_SIMULADO,850.4717,4941,1022907.98,7311.98,5355.96,96,0,true,true,3.684211,1.010101,23628,3880,99.75,487.029025,,,,
BASE,SIMULACION_CINCO_DIAS-ALTA-N03,SIMULACION_CINCO_DIAS,ALTA,190,3,19,61,GENETICO,2584.1009,9060,699687.28,4624.613333,2600.626667,87,0,true,true,21.578947,14.141414,25338,4014,98.5,,,,,
BASE,SIMULACION_CINCO_DIAS-ALTA-N03,SIMULACION_CINCO_DIAS,ALTA,190,3,20,62,GENETICO,2703.152,9060,717260.788333,4832.621667,2774.281667,87,0,true,true,20,12.121212,24638,3950,97.5,,,,,
BASE,SIMULACION_CINCO_DIAS-ALTA-N03,SIMULACION_CINCO_DIAS,ALTA,190,3,20,62,RECOCIDO_SIMULADO,801.2754,4381,1023553.913333,7325.913333,5362.28,96,0,true,true,3.684211,1.010101,23130,3920,99.75,231.158747,,,,
BASE,SIMULACION_CINCO_DIAS-ALTA-N03,SIMULACION_CINCO_DIAS,ALTA,190,3,21,63,RECOCIDO_SIMULADO,809.1913,4741,1022934.241667,7308.908333,5356.253333,96,0,true,true,3.684211,1.010101,23658,3846,99.75,371.330346,,,,
BASE,SIMULACION_CINCO_DIAS-ALTA-N03,SIMULACION_CINCO_DIAS,ALTA,190,3,21,63,GENETICO,2621.5941,9060,698956.528333,4384.028333,2445.725,90,0,true,true,20.526316,13.131313,23366,3866,97.75,,,,,
BASE,SIMULACION_CINCO_DIAS-ALTA-N03,SIMULACION_CINCO_DIAS,ALTA,190,3,22,64,GENETICO,2424.2396,9060,726921.21,4433.876667,2524.873333,94,0,true,true,18.947368,11.111111,22254,3630,99.75,,,,,
BASE,SIMULACION_CINCO_DIAS-ALTA-N03,SIMULACION_CINCO_DIAS,ALTA,190,3,22,64,RECOCIDO_SIMULADO,800.1906,4781,1022574.163333,7311.163333,5352.63,96,0,true,true,3.157895,0,22908,3804,99.75,387.936128,,,,
BASE,SIMULACION_CINCO_DIAS-ALTA-N03,SIMULACION_CINCO_DIAS,ALTA,190,3,23,65,RECOCIDO_SIMULADO,819.9684,4901,1022780.523333,7312.356667,5354.681667,96,0,true,true,3.157895,1.010101,23278,3850,99.75,456.213233,,,,
BASE,SIMULACION_CINCO_DIAS-ALTA-N03,SIMULACION_CINCO_DIAS,ALTA,190,3,23,65,GENETICO,2507.1677,9060,723966.083333,4886.083333,2790.8,88,0,true,true,18.421053,12.121212,25234,4014,97.25,,,,,
BASE,SIMULACION_CINCO_DIAS-ALTA-N03,SIMULACION_CINCO_DIAS,ALTA,190,3,24,66,GENETICO,2454.8728,9060,715043.74,4433.24,2406.105,94,0,true,true,18.947368,9.090909,23398,3894,98.75,,,,,
BASE,SIMULACION_CINCO_DIAS-ALTA-N03,SIMULACION_CINCO_DIAS,ALTA,190,3,24,66,RECOCIDO_SIMULADO,818.7467,4861,1022640.276667,7313.443333,5353.268333,96,0,true,true,3.157895,1.010101,23668,3920,99.75,444.06299,,,,
BASE,SIMULACION_CINCO_DIAS-ALTA-N03,SIMULACION_CINCO_DIAS,ALTA,190,3,25,67,RECOCIDO_SIMULADO,738.6947,4341,1022622.21,7310.71,5353.115,96,0,true,true,3.684211,1.010101,23216,3820,99.75,229.665427,,,,
BASE,SIMULACION_CINCO_DIAS-ALTA-N03,SIMULACION_CINCO_DIAS,ALTA,190,3,25,67,GENETICO,2631.388,9060,715790.038333,5039.205,2857.508333,85,0,true,true,19.473684,10.10101,26484,4310,98,,,,,
BASE,SIMULACION_CINCO_DIAS-ALTA-N03,SIMULACION_CINCO_DIAS,ALTA,190,3,26,68,GENETICO,2575.0048,9060,711289.5,4663.5,2566.26,90,0,true,true,18.947368,10.10101,23620,3866,97.5,,,,,
BASE,SIMULACION_CINCO_DIAS-ALTA-N03,SIMULACION_CINCO_DIAS,ALTA,190,3,26,68,RECOCIDO_SIMULADO,777.6018,4541,1022515.956667,7312.79,5352.031667,96,0,true,true,3.157895,1.010101,23266,3864,99.75,283.794749,,,,
BASE,SIMULACION_CINCO_DIAS-ALTA-N03,SIMULACION_CINCO_DIAS,ALTA,190,3,27,69,RECOCIDO_SIMULADO,758.6287,4421,1022372.426667,7305.26,5350.671667,96,0,true,true,3.684211,1.010101,22870,3742,99.75,243.366636,,,,
BASE,SIMULACION_CINCO_DIAS-ALTA-N03,SIMULACION_CINCO_DIAS,ALTA,190,3,27,69,GENETICO,2703.8598,9060,733198.696667,4987.696667,2932.11,87,0,true,true,20.526316,10.10101,28052,4464,98,,,,,
BASE,SIMULACION_CINCO_DIAS-ALTA-N03,SIMULACION_CINCO_DIAS,ALTA,190,3,28,70,GENETICO,2505.3999,9060,699426.331667,4663.331667,2597.63,87,0,true,true,21.052632,11.111111,24450,3940,98.75,,,,,
BASE,SIMULACION_CINCO_DIAS-ALTA-N03,SIMULACION_CINCO_DIAS,ALTA,190,3,28,70,RECOCIDO_SIMULADO,795.822,4741,1023131.703333,7318.036667,5358.136667,96,0,true,true,3.684211,1.010101,22844,3818,99.75,379.350233,,,,
BASE,SIMULACION_CINCO_DIAS-ALTA-N03,SIMULACION_CINCO_DIAS,ALTA,190,3,29,71,RECOCIDO_SIMULADO,729.6234,4301,1022745.461667,7314.461667,5354.31,96,0,true,true,3.684211,1.010101,22924,3814,99.75,211.515619,,,,
BASE,SIMULACION_CINCO_DIAS-ALTA-N03,SIMULACION_CINCO_DIAS,ALTA,190,3,29,71,GENETICO,2484.7454,9060,722200.59,4668.09,2725.325,89,0,true,true,19.473684,10.10101,28980,4630,97.75,,,,,
BASE,SIMULACION_CINCO_DIAS-CRITICA-N01,SIMULACION_CINCO_DIAS,CRITICA,275,1,0,42,GENETICO,4307.2328,9060,1148635.511667,4344.678333,2592.908333,177,0,true,true,13.818182,11.515152,26656,4456,97.916667,,,,,
BASE,SIMULACION_CINCO_DIAS-CRITICA-N01,SIMULACION_CINCO_DIAS,CRITICA,275,1,0,42,RECOCIDO_SIMULADO,1463.5766,4821,1561445.195,7875.695,6385.695,183,0,true,true,0,0,23550,3914,100,423.621525,,,,
BASE,SIMULACION_CINCO_DIAS-CRITICA-N01,SIMULACION_CINCO_DIAS,CRITICA,275,1,1,43,RECOCIDO_SIMULADO,1326.0791,4341,1565711.723333,7890.723333,6378.21,184,0,true,true,0.363636,0.606061,23854,3944,100,228.131263,,,,
BASE,SIMULACION_CINCO_DIAS-CRITICA-N01,SIMULACION_CINCO_DIAS,CRITICA,275,1,1,43,GENETICO,4249.8685,9060,1122974.615,3885.615,2190.89,180,0,true,true,15.272727,9.69697,24760,4216,98.697917,,,,,
BASE,SIMULACION_CINCO_DIAS-CRITICA-N01,SIMULACION_CINCO_DIAS,CRITICA,275,1,2,44,GENETICO,4205.5309,9060,1164432.768333,4427.601667,2650.051667,179,0,true,true,14.545455,10.30303,25740,4306,99.479167,,,,,
BASE,SIMULACION_CINCO_DIAS-CRITICA-N01,SIMULACION_CINCO_DIAS,CRITICA,275,1,2,44,RECOCIDO_SIMULADO,1346.3527,4341,1565802.623333,7891.623333,6379.11,184,0,true,true,0.363636,0.606061,23854,3944,100,219.631596,,,,
BASE,SIMULACION_CINCO_DIAS-CRITICA-N01,SIMULACION_CINCO_DIAS,CRITICA,275,1,3,45,RECOCIDO_SIMULADO,1389.9436,4501,1565837.786667,7892.453333,6379.453333,184,0,true,true,0.363636,0.606061,24046,3976,100,277.24287,,,,
BASE,SIMULACION_CINCO_DIAS-CRITICA-N01,SIMULACION_CINCO_DIAS,CRITICA,275,1,3,45,GENETICO,4202.6728,9060,1160124.726667,4323.226667,2608.015,179,0,true,true,12.727273,9.090909,22008,3726,99.479167,,,,,
BASE,SIMULACION_CINCO_DIAS-CRITICA-N01,SIMULACION_CINCO_DIAS,CRITICA,275,1,4,46,GENETICO,4192.5651,9060,1185278.483333,4589.15,2706.893333,182,0,true,true,11.272727,9.090909,23690,3882,99.479167,,,,,
BASE,SIMULACION_CINCO_DIAS-CRITICA-N01,SIMULACION_CINCO_DIAS,CRITICA,275,1,4,46,RECOCIDO_SIMULADO,1359.9557,4461,1561742.466667,7876.133333,6388.663333,183,0,true,true,0.363636,0.606061,23422,3912,100,258.39864,,,,
BASE,SIMULACION_CINCO_DIAS-CRITICA-N01,SIMULACION_CINCO_DIAS,CRITICA,275,1,5,47,RECOCIDO_SIMULADO,1440.6646,4701,1561742.466667,7876.133333,6388.663333,183,0,true,true,0.363636,0.606061,23422,3912,100,362.691131,,,,
BASE,SIMULACION_CINCO_DIAS-CRITICA-N01,SIMULACION_CINCO_DIAS,CRITICA,275,1,5,47,GENETICO,4300.6341,9060,1160866.798333,4291.298333,2565.755,180,0,true,true,13.454545,9.69697,22336,3944,97.916667,,,,,
BASE,SIMULACION_CINCO_DIAS-CRITICA-N01,SIMULACION_CINCO_DIAS,CRITICA,275,1,6,48,GENETICO,4263.2364,9060,1132218.366667,3955.533333,2282.628333,180,0,true,true,14.545455,8.484848,23218,3908,100,,,,,
BASE,SIMULACION_CINCO_DIAS-CRITICA-N01,SIMULACION_CINCO_DIAS,CRITICA,275,1,6,48,RECOCIDO_SIMULADO,1379.6611,4501,1561767.716667,7876.383333,6388.913333,183,0,true,true,0.363636,0.606061,23422,3912,100,278.113396,,,,
BASE,SIMULACION_CINCO_DIAS-CRITICA-N01,SIMULACION_CINCO_DIAS,CRITICA,275,1,7,49,RECOCIDO_SIMULADO,1392.5449,4461,1565742.023333,7891.023333,6378.51,184,0,true,true,0.363636,0.606061,23854,3944,100,255.214903,,,,
BASE,SIMULACION_CINCO_DIAS-CRITICA-N01,SIMULACION_CINCO_DIAS,CRITICA,275,1,7,49,GENETICO,4420.4859,9060,1149055.761667,4371.928333,2646.838333,176,0,true,true,15.272727,13.939394,27606,4746,98.177083,,,,,
BASE,SIMULACION_CINCO_DIAS-CRITICA-N01,SIMULACION_CINCO_DIAS,CRITICA,275,1,8,50,GENETICO,4172.6065,9060,1166531.568333,4441.568333,2570.9,181,0,true,true,13.090909,9.69697,23906,4142,99.739583,,,,,
BASE,SIMULACION_CINCO_DIAS-CRITICA-N01,SIMULACION_CINCO_DIAS,CRITICA,275,1,8,50,RECOCIDO_SIMULADO,1370.392,4461,1565742.023333,7891.023333,6378.51,184,0,true,true,0.363636,0.606061,23854,3944,100,257.926195,,,,
BASE,SIMULACION_CINCO_DIAS-CRITICA-N01,SIMULACION_CINCO_DIAS,CRITICA,275,1,9,51,RECOCIDO_SIMULADO,1383.4693,4541,1561778.826667,7876.493333,6389.023333,183,0,true,true,0.363636,0.606061,23422,3912,100,286.731655,,,,
BASE,SIMULACION_CINCO_DIAS-CRITICA-N01,SIMULACION_CINCO_DIAS,CRITICA,275,1,9,51,GENETICO,4190.8742,9060,1200553.331667,4579.831667,2859.735,182,0,true,true,10.909091,7.272727,25378,4286,100,,,,,
BASE,SIMULACION_CINCO_DIAS-CRITICA-N01,SIMULACION_CINCO_DIAS,CRITICA,275,1,10,52,GENETICO,4239.2988,9060,1156792.515,4126.181667,2426.663333,182,0,true,true,13.090909,6.666667,23086,3890,99.479167,,,,,
BASE,SIMULACION_CINCO_DIAS-CRITICA-N01,SIMULACION_CINCO_DIAS,CRITICA,275,1,10,52,RECOCIDO_SIMULADO,1375.3045,4381,1565727.883333,7890.883333,6378.37,184,0,true,true,0.363636,0.606061,23854,3944,100,234.902222,,,,
BASE,SIMULACION_CINCO_DIAS-CRITICA-N01,SIMULACION_CINCO_DIAS,CRITICA,275,1,11,53,RECOCIDO_SIMULADO,1407.7814,4501,1565878.186667,7892.853333,6379.853333,184,0,true,true,0.363636,0.606061,23886,3956,100,277.426486,,,,
BASE,SIMULACION_CINCO_DIAS-CRITICA-N01,SIMULACION_CINCO_DIAS,CRITICA,275,1,11,53,GENETICO,4321.7624,9060,1152187.141667,4099.808333,2380.873333,182,0,true,true,14.909091,9.69697,23200,3936,98.4375,,,,,
BASE,SIMULACION_CINCO_DIAS-CRITICA-N01,SIMULACION_CINCO_DIAS,CRITICA,275,1,12,54,GENETICO,4210.1743,9060,1158235.338333,4364.671667,2538.706667,180,0,true,true,12,7.272727,22164,3838,99.739583,,,,,
BASE,SIMULACION_CINCO_DIAS-CRITICA-N01,SIMULACION_CINCO_DIAS,CRITICA,275,1,12,54,RECOCIDO_SIMULADO,1391.0107,4541,1565711.723333,7890.723333,6378.21,184,0,true,true,0.363636,0.606061,23854,3944,100,289.260453,,,,
BASE,SIMULACION_CINCO_DIAS-CRITICA-N01,SIMULACION_CINCO_DIAS,CRITICA,275,1,13,55,RECOCIDO_SIMULADO,1355.0492,4381,1565742.023333,7891.023333,6378.51,184,0,true,true,0.363636,0.606061,23854,3944,100,231.937781,,,,
BASE,SIMULACION_CINCO_DIAS-CRITICA-N01,SIMULACION_CINCO_DIAS,CRITICA,275,1,13,55,GENETICO,4225.4866,9060,1131584.616667,4144.116667,2424.405,177,0,true,true,16,11.515152,24244,4058,100,,,,,
BASE,SIMULACION_CINCO_DIAS-CRITICA-N01,SIMULACION_CINCO_DIAS,CRITICA,275,1,14,56,GENETICO,4430.0605,9060,1144709.523333,3694.19,2110.153333,186,0,true,true,12.727273,9.69697,23320,3924,100,,,,,
BASE,SIMULACION_CINCO_DIAS-CRITICA-N01,SIMULACION_CINCO_DIAS,CRITICA,275,1,14,56,RECOCIDO_SIMULADO,1414.4654,4621,1561379.545,7875.045,6385.045,183,0,true,true,0,0,23374,3892,100,312.936444,,,,
BASE,SIMULACION_CINCO_DIAS-CRITICA-N01,SIMULACION_CINCO_DIAS,CRITICA,275,1,15,57,RECOCIDO_SIMULADO,1479.8795,4741,1561395.705,7875.205,6385.205,183,0,true,true,0,0,23374,3892,100,370.706949,,,,
BASE,SIMULACION_CINCO_DIAS-CRITICA-N01,SIMULACION_CINCO_DIAS,CRITICA,275,1,15,57,GENETICO,4276.2971,9060,1137829.088333,3632.755,2091.963333,185,0,true,true,13.454545,9.090909,23466,3940,100,,,,,
BASE,SIMULACION_CINCO_DIAS-CRITICA-N01,SIMULACION_CINCO_DIAS,CRITICA,275,1,16,58,GENETICO,4303.5192,9060,1161282.025,4132.858333,2371.491667,184,0,true,true,12.727273,7.878788,23448,3988,98.697917,,,,,
BASE,SIMULACION_CINCO_DIAS-CRITICA-N01,SIMULACION_CINCO_DIAS,CRITICA,275,1,16,58,RECOCIDO_SIMULADO,1475.2987,4821,1565793.346667,7892.013333,6379.013333,184,0,true,true,0,0,23806,3946,100,416.360056,,,,
BASE,SIMULACION_CINCO_DIAS-CRITICA-N01,SIMULACION_CINCO_DIAS,CRITICA,275,1,17,59,RECOCIDO_SIMULADO,1428.855,4661,1561394.695,7875.195,6385.195,183,0,true,true,0,0,23374,3892,100,336.674385,,,,
BASE,SIMULACION_CINCO_DIAS-CRITICA-N01,SIMULACION_CINCO_DIAS,CRITICA,275,1,17,59,GENETICO,4170.5516,9060,1164682.416667,4503.25,2601.791667,180,0,true,true,12,6.666667,23290,3894,98.697917,,,,,
BASE,SIMULACION_CINCO_DIAS-CRITICA-N01,SIMULACION_CINCO_DIAS,CRITICA,275,1,18,60,GENETICO,4358.4581,9060,1169153.596667,4827.93,2943.256667,174,0,true,true,13.454545,9.69697,28010,4634,97.916667,,,,,
BASE,SIMULACION_CINCO_DIAS-CRITICA-N01,SIMULACION_CINCO_DIAS,CRITICA,275,1,18,60,RECOCIDO_SIMULADO,1333.4254,4381,1561752.566667,7876.233333,6388.763333,183,0,true,true,0.363636,0.606061,23422,3912,100,230.319793,,,,
BASE,SIMULACION_CINCO_DIAS-CRITICA-N01,SIMULACION_CINCO_DIAS,CRITICA,275,1,19,61,RECOCIDO_SIMULADO,1383.3837,4541,1561369.445,7874.945,6384.945,183,0,true,true,0,0,23374,3892,100,286.39425,,,,
BASE,SIMULACION_CINCO_DIAS-CRITICA-N01,SIMULACION_CINCO_DIAS,CRITICA,275,1,19,61,GENETICO,4239.5683,9060,1126375.668333,3787.001667,2125.886667,182,0,true,true,13.454545,7.878788,24396,4034,100,,,,,
BASE,SIMULACION_CINCO_DIAS-CRITICA-N01,SIMULACION_CINCO_DIAS,CRITICA,275,1,20,62,GENETICO,4334.2995,9060,1120083.62,4155.453333,2309.281667,177,0,true,true,15.636364,9.090909,27756,4566,99.739583,,,,,
BASE,SIMULACION_CINCO_DIAS-CRITICA-N01,SIMULACION_CINCO_DIAS,CRITICA,275,1,20,62,RECOCIDO_SIMULADO,1438.4203,4701,1561742.466667,7876.133333,6388.663333,183,0,true,true,0.363636,0.606061,23422,3912,100,363.968943,,,,
BASE,SIMULACION_CINCO_DIAS-CRITICA-N01,SIMULACION_CINCO_DIAS,CRITICA,275,1,21,63,RECOCIDO_SIMULADO,1302.3394,4221,1561369.445,7874.945,6384.945,183,0,true,true,0,0,23374,3892,100,188.77358,,,,
BASE,SIMULACION_CINCO_DIAS-CRITICA-N01,SIMULACION_CINCO_DIAS,CRITICA,275,1,21,63,GENETICO,4294.9278,9060,1135884.806667,4553.14,2663.316667,173,0,true,true,14.909091,9.69697,25854,4384,98.697917,,,,,
BASE,SIMULACION_CINCO_DIAS-CRITICA-N01,SIMULACION_CINCO_DIAS,CRITICA,275,1,22,64,GENETICO,4315.5298,9060,1135615.471667,3975.805,2216.396667,182,0,true,true,14.545455,10.30303,24188,4074,99.21875,,,,,
BASE,SIMULACION_CINCO_DIAS-CRITICA-N01,SIMULACION_CINCO_DIAS,CRITICA,275,1,22,64,RECOCIDO_SIMULADO,1503.2107,4901,1565802.623333,7891.623333,6379.11,184,0,true,true,0.363636,0.606061,23854,3944,100,468.556096,,,,
BASE,SIMULACION_CINCO_DIAS-CRITICA-N01,SIMULACION_CINCO_DIAS,CRITICA,275,1,23,65,RECOCIDO_SIMULADO,1275.9099,4141,1561772.766667,7876.433333,6388.963333,183,0,true,true,0.363636,0.606061,23422,3912,100,177.555911,,,,
BASE,SIMULACION_CINCO_DIAS-CRITICA-N01,SIMULACION_CINCO_DIAS,CRITICA,275,1,23,65,GENETICO,4344.4459,9060,1141774.943333,4033.443333,2277.415,182,0,true,true,13.454545,10.30303,23280,3922,98.4375,,,,,
BASE,SIMULACION_CINCO_DIAS-CRITICA-N01,SIMULACION_CINCO_DIAS,CRITICA,275,1,24,66,GENETICO,4242.9494,9060,1177575.838333,4594.671667,2829.811667,178,0,true,true,11.272727,7.878788,24312,4064,99.739583,,,,,
BASE,SIMULACION_CINCO_DIAS-CRITICA-N01,SIMULACION_CINCO_DIAS,CRITICA,275,1,24,66,RECOCIDO_SIMULADO,1437.1584,4701,1565777.186667,7891.853333,6378.853333,184,0,true,true,0,0,23806,3946,100,349.446001,,,,
BASE,SIMULACION_CINCO_DIAS-CRITICA-N01,SIMULACION_CINCO_DIAS,CRITICA,275,1,25,67,RECOCIDO_SIMULADO,1388.9762,4581,1561742.466667,7876.133333,6388.663333,183,0,true,true,0.363636,0.606061,23422,3912,100,298.739315,,,,
BASE,SIMULACION_CINCO_DIAS-CRITICA-N01,SIMULACION_CINCO_DIAS,CRITICA,275,1,25,67,GENETICO,4258.3252,9060,1156362.368333,3916.535,2374.458333,183,0,true,true,13.818182,9.69697,23784,3924,100,,,,,
BASE,SIMULACION_CINCO_DIAS-CRITICA-N01,SIMULACION_CINCO_DIAS,CRITICA,275,1,26,68,GENETICO,4192.4795,9060,1140422.125,4240.291667,2411.818333,179,0,true,true,13.454545,10.909091,23446,3942,98.177083,,,,,
BASE,SIMULACION_CINCO_DIAS-CRITICA-N01,SIMULACION_CINCO_DIAS,CRITICA,275,1,26,68,RECOCIDO_SIMULADO,1499.4168,4661,1565777.186667,7891.853333,6378.853333,184,0,true,true,0,0,23806,3946,100,346.130475,,,,
BASE,SIMULACION_CINCO_DIAS-CRITICA-N01,SIMULACION_CINCO_DIAS,CRITICA,275,1,27,69,RECOCIDO_SIMULADO,1494.0999,4501,1565711.723333,7890.723333,6378.21,184,0,true,true,0.363636,0.606061,23854,3944,100,279.222298,,,,
BASE,SIMULACION_CINCO_DIAS-CRITICA-N01,SIMULACION_CINCO_DIAS,CRITICA,275,1,27,69,GENETICO,4115.5112,9060,1176519.47,4572.803333,2769.466667,179,0,true,true,13.090909,9.69697,23584,4104,99.739583,,,,,
BASE,SIMULACION_CINCO_DIAS-CRITICA-N01,SIMULACION_CINCO_DIAS,CRITICA,275,1,28,70,GENETICO,4301.6893,9060,1146602.171667,4291.838333,2473.103333,179,0,true,true,14.545455,10.30303,24408,4042,98.177083,,,,,
BASE,SIMULACION_CINCO_DIAS-CRITICA-N01,SIMULACION_CINCO_DIAS,CRITICA,275,1,28,70,RECOCIDO_SIMULADO,1364.3936,4501,1561369.445,7874.945,6384.945,183,0,true,true,0,0,23374,3892,100,274.969562,,,,
BASE,SIMULACION_CINCO_DIAS-CRITICA-N01,SIMULACION_CINCO_DIAS,CRITICA,275,1,29,71,RECOCIDO_SIMULADO,1339.2082,4421,1561450.245,7875.745,6385.745,183,0,true,true,0,0,23438,3900,100,244.849899,,,,
BASE,SIMULACION_CINCO_DIAS-CRITICA-N01,SIMULACION_CINCO_DIAS,CRITICA,275,1,29,71,GENETICO,4212.9366,9060,1134399.198333,3985.531667,2304.136667,180,0,true,true,14.545455,10.30303,23864,4026,99.479167,,,,,
BASE,SIMULACION_CINCO_DIAS-CRITICA-N02,SIMULACION_CINCO_DIAS,CRITICA,275,2,0,42,GENETICO,4140.933,9060,1159959.81,4091.31,2458.685,182,0,true,true,10.545455,7.831325,22770,3752,98.958333,,,,,
BASE,SIMULACION_CINCO_DIAS-CRITICA-N02,SIMULACION_CINCO_DIAS,CRITICA,275,2,0,42,RECOCIDO_SIMULADO,1461.347,4861,1501234.25,7650.083333,5885.841667,181,0,true,true,0.727273,0.60241,24064,4040,100,438.74922,,,,
BASE,SIMULACION_CINCO_DIAS-CRITICA-N02,SIMULACION_CINCO_DIAS,CRITICA,275,2,1,43,RECOCIDO_SIMULADO,1480.9358,4981,1500886.538333,7646.871667,5882.396667,181,0,true,true,0.727273,0.60241,23828,3970,100,510.401844,,,,
BASE,SIMULACION_CINCO_DIAS-CRITICA-N02,SIMULACION_CINCO_DIAS,CRITICA,275,2,1,43,GENETICO,4230.9173,9060,1139343.336667,3871.503333,2104.718333,185,0,true,true,10.181818,7.831325,21564,3598,99.21875,,,,,
BASE,SIMULACION_CINCO_DIAS-CRITICA-N02,SIMULACION_CINCO_DIAS,CRITICA,275,2,2,44,GENETICO,4336.9393,9060,1150353.738333,4393.071667,2609.606667,177,0,true,true,11.272727,7.228916,22210,3606,97.135417,,,,,
BASE,SIMULACION_CINCO_DIAS-CRITICA-N02,SIMULACION_CINCO_DIAS,CRITICA,275,2,2,44,RECOCIDO_SIMULADO,1439.2933,4861,1500710.33,7644.83,5880.655,181,0,true,true,0.727273,0.60241,23160,3870,100,435.681871,,,,
BASE,SIMULACION_CINCO_DIAS-CRITICA-N02,SIMULACION_CINCO_DIAS,CRITICA,275,2,3,45,RECOCIDO_SIMULADO,1474.422,4941,1501655.288333,7652.121667,5890.031667,181,0,true,true,0.727273,0.60241,23738,3978,100,479.687899,,,,
BASE,SIMULACION_CINCO_DIAS-CRITICA-N02,SIMULACION_CINCO_DIAS,CRITICA,275,2,3,45,GENETICO,4199.3478,9060,1131345.001667,3969.001667,2073.76,184,0,true,true,10.545455,7.831325,24790,4000,98.697917,,,,,
BASE,SIMULACION_CINCO_DIAS-CRITICA-N02,SIMULACION_CINCO_DIAS,CRITICA,275,2,4,46,GENETICO,4186.7252,9060,1158858.451667,3866.785,2149.916667,188,0,true,true,10.909091,6.024096,22086,3744,98.4375,,,,,
BASE,SIMULACION_CINCO_DIAS-CRITICA-N02,SIMULACION_CINCO_DIAS,CRITICA,275,2,4,46,RECOCIDO_SIMULADO,1442.7703,4861,1500158.87,7639.37,5875.195,181,0,true,true,0.727273,0.60241,23038,3836,100,442.273876,,,,
BASE,SIMULACION_CINCO_DIAS-CRITICA-N02,SIMULACION_CINCO_DIAS,CRITICA,275,2,5,47,RECOCIDO_SIMULADO,1427.8672,4781,1501209.75,7650.583333,5885.591667,181,0,true,true,0.727273,0.60241,23300,3938,100,398.833994,,,,
BASE,SIMULACION_CINCO_DIAS-CRITICA-N02,SIMULACION_CINCO_DIAS,CRITICA,275,2,5,47,GENETICO,4271.5082,9060,1131434.791667,4232.125,2322.026667,179,0,true,true,13.818182,7.831325,24486,4012,98.177083,,,,,
BASE,SIMULACION_CINCO_DIAS-CRITICA-N02,SIMULACION_CINCO_DIAS,CRITICA,275,2,6,48,GENETICO,4167.9055,9060,1144080.463333,4026.13,2300.543333,182,0,true,true,12.727273,11.445783,23282,3810,99.739583,,,,,
BASE,SIMULACION_CINCO_DIAS-CRITICA-N02,SIMULACION_CINCO_DIAS,CRITICA,275,2,6,48,RECOCIDO_SIMULADO,1385.2714,4661,1500724.586667,7644.253333,5880.803333,181,0,true,true,0.727273,0.60241,23128,3868,100,338.16986,,,,
BASE,SIMULACION_CINCO_DIAS-CRITICA-N02,SIMULACION_CINCO_DIAS,CRITICA,275,2,7,49,RECOCIDO_SIMULADO,1412.4879,4741,1501854.483333,7654.483333,5892,181,0,true,true,0.363636,0,23960,4036,100,376.526513,,,,
BASE,SIMULACION_CINCO_DIAS-CRITICA-N02,SIMULACION_CINCO_DIAS,CRITICA,275,2,7,49,GENETICO,4249.9981,9060,1164519.128333,4613.628333,2699.055,178,0,true,true,10.545455,6.024096,22556,3786,99.739583,,,,,
BASE,SIMULACION_CINCO_DIAS-CRITICA-N02,SIMULACION_CINCO_DIAS,CRITICA,275,2,8,50,GENETICO,4133.4592,9060,1146675.94,4305.44,2423.705,180,0,true,true,9.818182,5.421687,23348,3888,99.479167,,,,,
BASE,SIMULACION_CINCO_DIAS-CRITICA-N02,SIMULACION_CINCO_DIAS,CRITICA,275,2,8,50,RECOCIDO_SIMULADO,1433.6881,4821,1501028.388333,7648.221667,5883.801667,181,0,true,true,0.363636,0,23526,3940,100,405.290946,,,,
BASE,SIMULACION_CINCO_DIAS-CRITICA-N02,SIMULACION_CINCO_DIAS,CRITICA,275,2,9,51,RECOCIDO_SIMULADO,1513.6352,5061,1500622.435,7641.435,5879.81,181,0,true,true,0.727273,0.60241,22874,3858,100,568.01603,,,,
BASE,SIMULACION_CINCO_DIAS-CRITICA-N02,SIMULACION_CINCO_DIAS,CRITICA,275,2,9,51,GENETICO,4176.1331,9060,1151354.23,3952.396667,2274.018333,184,0,true,true,11.272727,5.421687,21800,3668,98.4375,,,,,
BASE,SIMULACION_CINCO_DIAS-CRITICA-N02,SIMULACION_CINCO_DIAS,CRITICA,275,2,10,52,GENETICO,4218.274,9060,1154317.771667,3833.938333,2254.838333,185,0,true,true,10.545455,9.036145,22694,3836,98.4375,,,,,
BASE,SIMULACION_CINCO_DIAS-CRITICA-N02,SIMULACION_CINCO_DIAS,CRITICA,275,2,10,52,RECOCIDO_SIMULADO,1479.9823,4981,1500599.278333,7643.945,5879.553333,181,0,true,true,0.363636,0.60241,23706,3950,100,508.353031,,,,
BASE,SIMULACION_CINCO_DIAS-CRITICA-N02,SIMULACION_CINCO_DIAS,CRITICA,275,2,11,53,RECOCIDO_SIMULADO,1478.7713,4981,1501034.98,7645.98,5883.89,181,0,true,true,0.727273,0.60241,23446,3904,100,514.365805,,,,
BASE,SIMULACION_CINCO_DIAS-CRITICA-N02,SIMULACION_CINCO_DIAS,CRITICA,275,2,11,53,GENETICO,4207.1959,9060,1155569.386667,4248.72,2513.206667,180,0,true,true,11.636364,6.024096,22348,3732,99.739583,,,,,
BASE,SIMULACION_CINCO_DIAS-CRITICA-N02,SIMULACION_CINCO_DIAS,CRITICA,275,2,12,54,GENETICO,4071.4685,9060,1166832.225,4731.391667,2721.008333,178,0,true,true,8,2.409639,23256,3910,100,,,,,
BASE,SIMULACION_CINCO_DIAS-CRITICA-N02,SIMULACION_CINCO_DIAS,CRITICA,275,2,12,54,RECOCIDO_SIMULADO,1490.9059,4981,1501180.053333,7648.053333,5885.32,181,0,true,true,0.727273,0.60241,23864,4014,100,498.447738,,,,
BASE,SIMULACION_CINCO_DIAS-CRITICA-N02,SIMULACION_CINCO_DIAS,CRITICA,275,2,13,55,RECOCIDO_SIMULADO,1432.4604,4821,1500934.948333,7644.281667,5882.906667,181,0,true,true,0.727273,0.60241,23914,3980,100,425.039061,,,,
BASE,SIMULACION_CINCO_DIAS-CRITICA-N02,SIMULACION_CINCO_DIAS,CRITICA,275,2,13,55,GENETICO,4207.7027,9060,1150414.203333,4023.703333,2263.905,184,0,true,true,11.272727,9.036145,21884,3592,99.479167,,,,,
BASE,SIMULACION_CINCO_DIAS-CRITICA-N02,SIMULACION_CINCO_DIAS,CRITICA,275,2,14,56,GENETICO,4218.2461,9060,1138481.171667,4145.171667,2343.36,180,0,true,true,13.090909,8.433735,23700,3932,98.4375,,,,,
BASE,SIMULACION_CINCO_DIAS-CRITICA-N02,SIMULACION_CINCO_DIAS,CRITICA,275,2,14,56,RECOCIDO_SIMULADO,1498.6181,4981,1501294.516667,7649.516667,5886.45,181,0,true,true,0.727273,0.60241,24074,4070,100,496.832378,,,,
BASE,SIMULACION_CINCO_DIAS-CRITICA-N02,SIMULACION_CINCO_DIAS,CRITICA,275,2,15,57,RECOCIDO_SIMULADO,1421.9457,4741,1501931.056667,7658.723333,5892.723333,181,0,true,true,0,0,23328,3986,100,371.381895,,,,
BASE,SIMULACION_CINCO_DIAS-CRITICA-N02,SIMULACION_CINCO_DIAS,CRITICA,275,2,15,57,GENETICO,4141.6248,9060,1136493.28,4268.613333,2372.246667,179,0,true,true,10.909091,5.421687,21128,3500,98.958333,,,,,
BASE,SIMULACION_CINCO_DIAS-CRITICA-N02,SIMULACION_CINCO_DIAS,CRITICA,275,2,16,58,GENETICO,4258.3345,9060,1121122.883333,3874.05,2022.488333,183,0,true,true,13.454545,8.433735,24510,4116,98.958333,,,,,
BASE,SIMULACION_CINCO_DIAS-CRITICA-N02,SIMULACION_CINCO_DIAS,CRITICA,275,2,16,58,RECOCIDO_SIMULADO,1454.8967,4901,1500791.013333,7644.68,5881.463333,181,0,true,true,0.727273,0.60241,24418,4058,100,453.431638,,,,
BASE,SIMULACION_CINCO_DIAS-CRITICA-N02,SIMULACION_CINCO_DIAS,CRITICA,275,2,17,59,RECOCIDO_SIMULADO,1488.4198,4981,1501578.773333,7651.44,5889.273333,181,0,true,true,0.727273,0.60241,24520,4084,100,504.384089,,,,
BASE,SIMULACION_CINCO_DIAS-CRITICA-N02,SIMULACION_CINCO_DIAS,CRITICA,275,2,17,59,GENETICO,4176.958,9060,1133489.478333,4153.145,2293.363333,180,0,true,true,12,7.831325,25638,4182,98.958333,,,,,
BASE,SIMULACION_CINCO_DIAS-CRITICA-N02,SIMULACION_CINCO_DIAS,CRITICA,275,2,18,60,GENETICO,4176.7174,9060,1124258.03,3975.03,2202.83,180,0,true,true,13.454545,8.433735,21736,3596,98.958333,,,,,
BASE,SIMULACION_CINCO_DIAS-CRITICA-N02,SIMULACION_CINCO_DIAS,CRITICA,275,2,18,60,RECOCIDO_SIMULADO,1471.7392,4941,1500705.72,7642.72,5880.63,181,0,true,true,0.727273,0.60241,23702,3928,100,487.770086,,,,
BASE,SIMULACION_CINCO_DIAS-CRITICA-N02,SIMULACION_CINCO_DIAS,CRITICA,275,2,19,61,RECOCIDO_SIMULADO,1474.9914,4901,1500735.148333,7643.648333,5880.915,181,0,true,true,0.727273,0.60241,22978,3874,100,456.849515,,,,
BASE,SIMULACION_CINCO_DIAS-CRITICA-N02,SIMULACION_CINCO_DIAS,CRITICA,275,2,19,61,GENETICO,4165.3813,9060,1132786.345,3888.345,2088.98,184,0,true,true,10.181818,7.228916,22010,3796,100,,,,,
BASE,SIMULACION_CINCO_DIAS-CRITICA-N02,SIMULACION_CINCO_DIAS,CRITICA,275,2,20,62,GENETICO,4118.1004,9060,1157727.903333,4577.57,2731.503333,176,0,true,true,12.727273,7.831325,23246,3832,98.958333,,,,,
BASE,SIMULACION_CINCO_DIAS-CRITICA-N02,SIMULACION_CINCO_DIAS,CRITICA,275,2,20,62,RECOCIDO_SIMULADO,1461.5521,4861,1501456.87,7651.536667,5888.053333,181,0,true,true,0.363636,0,23818,4016,100,435.221824,,,,
BASE,SIMULACION_CINCO_DIAS-CRITICA-N02,SIMULACION_CINCO_DIAS,CRITICA,275,2,21,63,RECOCIDO_SIMULADO,1503.3735,5021,1500969.473333,7646.306667,5883.231667,181,0,true,true,0.727273,0.60241,23296,3930,100,530.940311,,,,
BASE,SIMULACION_CINCO_DIAS-CRITICA-N02,SIMULACION_CINCO_DIAS,CRITICA,275,2,21,63,GENETICO,4126.1068,9060,1162224.476667,4217.31,2480.071667,182,0,true,true,11.636364,8.433735,22806,3680,99.21875,,,,,
BASE,SIMULACION_CINCO_DIAS-CRITICA-N02,SIMULACION_CINCO_DIAS,CRITICA,275,2,22,64,GENETICO,4180.2708,9060,1159551.528333,4189.528333,2353.62,184,0,true,true,9.090909,6.626506,21744,3710,99.739583,,,,,
BASE,SIMULACION_CINCO_DIAS-CRITICA-N02,SIMULACION_CINCO_DIAS,CRITICA,275,2,22,64,RECOCIDO_SIMULADO,1445.2399,4821,1501487.458333,7648.291667,5888.391667,181,0,true,true,0.727273,0.60241,23138,3946,100,422.217273,,,,
BASE,SIMULACION_CINCO_DIAS-CRITICA-N02,SIMULACION_CINCO_DIAS,CRITICA,275,2,23,65,RECOCIDO_SIMULADO,1439.4604,4821,1501273.91,7650.41,5886.235,181,0,true,true,0.727273,0.60241,24312,4062,100,417.590373,,,,
BASE,SIMULACION_CINCO_DIAS-CRITICA-N02,SIMULACION_CINCO_DIAS,CRITICA,275,2,23,65,GENETICO,4162.7728,9060,1133684.126667,4131.126667,2195.53,182,0,true,true,10.545455,7.831325,22162,3608,98.4375,,,,,
BASE,SIMULACION_CINCO_DIAS-CRITICA-N02,SIMULACION_CINCO_DIAS,CRITICA,275,2,24,66,GENETICO,4113.4842,9060,1166220.875,3771.041667,2174.498333,189,0,true,true,10.909091,7.831325,21546,3652,100,,,,,
BASE,SIMULACION_CINCO_DIAS-CRITICA-N02,SIMULACION_CINCO_DIAS,CRITICA,275,2,24,66,RECOCIDO_SIMULADO,1463.832,4901,1501777.83,7652.163333,5891.256667,181,0,true,true,0.727273,0.60241,23074,3928,100,467.376297,,,,
BASE,SIMULACION_CINCO_DIAS-CRITICA-N02,SIMULACION_CINCO_DIAS,CRITICA,275,2,25,67,RECOCIDO_SIMULADO,1426.2905,4781,1501888.616667,7656.116667,5892.325,181,0,true,true,0.363636,0.60241,23796,4050,100,384.645529,,,,
BASE,SIMULACION_CINCO_DIAS-CRITICA-N02,SIMULACION_CINCO_DIAS,CRITICA,275,2,25,67,GENETICO,4239.765,9060,1119394.901667,4010.901667,2153.84,180,0,true,true,11.272727,6.024096,23338,3918,98.697917,,,,,
BASE,SIMULACION_CINCO_DIAS-CRITICA-N02,SIMULACION_CINCO_DIAS,CRITICA,275,2,26,68,GENETICO,4234.7665,9060,1161848.615,4553.615,2622.95,179,0,true,true,9.454545,5.421687,24766,4184,99.739583,,,,,
BASE,SIMULACION_CINCO_DIAS-CRITICA-N02,SIMULACION_CINCO_DIAS,CRITICA,275,2,26,68,RECOCIDO_SIMULADO,1449.6024,4861,1501774.248333,7654.415,5891.198333,181,0,true,true,0.727273,0.60241,23544,3990,100,435.297393,,,,
BASE,SIMULACION_CINCO_DIAS-CRITICA-N02,SIMULACION_CINCO_DIAS,CRITICA,275,2,27,69,RECOCIDO_SIMULADO,1489.6466,4981,1500804.165,7644.331667,5881.598333,181,0,true,true,0.727273,0.60241,23160,3908,100,517.109002,,,,
BASE,SIMULACION_CINCO_DIAS-CRITICA-N02,SIMULACION_CINCO_DIAS,CRITICA,275,2,27,69,GENETICO,4229.1567,9060,1146959.656667,4132.99,2428.266667,180,0,true,true,11.636364,6.626506,22656,3966,99.739583,,,,,
BASE,SIMULACION_CINCO_DIAS-CRITICA-N02,SIMULACION_CINCO_DIAS,CRITICA,275,2,28,70,GENETICO,4194.7226,9060,1157421.051667,4182.551667,2482.385,181,0,true,true,11.272727,8.433735,23632,3960,98.697917,,,,,
BASE,SIMULACION_CINCO_DIAS-CRITICA-N02,SIMULACION_CINCO_DIAS,CRITICA,275,2,28,70,RECOCIDO_SIMULADO,1408.3826,4741,1501626.256667,7649.756667,5889.765,181,0,true,true,0.727273,0.60241,24362,4076,100,375.865735,,,,
BASE,SIMULACION_CINCO_DIAS-CRITICA-N02,SIMULACION_CINCO_DIAS,CRITICA,275,2,29,71,RECOCIDO_SIMULADO,1489.5243,4981,1501925.635,7655.135,5892.705,181,0,true,true,0.727273,0.60241,24220,4084,100,508.280818,,,,
BASE,SIMULACION_CINCO_DIAS-CRITICA-N02,SIMULACION_CINCO_DIAS,CRITICA,275,2,29,71,GENETICO,4147.5364,9060,1168703.103333,4332.27,2493.708333,183,0,true,true,9.818182,7.228916,21684,3576,99.739583,,,,,
BASE,SIMULACION_CINCO_DIAS-CRITICA-N03,SIMULACION_CINCO_DIAS,CRITICA,275,3,0,42,GENETICO,3951.6119,9060,1117147.456667,4784.456667,2623.63,170,0,true,true,13.818182,7.482993,24940,4106,100,,,,,
BASE,SIMULACION_CINCO_DIAS-CRITICA-N03,SIMULACION_CINCO_DIAS,CRITICA,275,3,0,42,RECOCIDO_SIMULADO,1345.2725,4541,1551451.035,8097.535,6283.535,183,0,true,true,0,0,21756,3724,100,282.296405,,,,
BASE,SIMULACION_CINCO_DIAS-CRITICA-N03,SIMULACION_CINCO_DIAS,CRITICA,275,3,1,43,RECOCIDO_SIMULADO,1326.2046,4501,1551451.035,8097.535,6283.535,183,0,true,true,0,0,21756,3724,100,272.045034,,,,
BASE,SIMULACION_CINCO_DIAS-CRITICA-N03,SIMULACION_CINCO_DIAS,CRITICA,275,3,1,43,GENETICO,4017.6937,9060,1130218.405,4048.905,2211.695,181,0,true,true,13.454545,7.482993,22260,3748,100,,,,,
BASE,SIMULACION_CINCO_DIAS-CRITICA-N03,SIMULACION_CINCO_DIAS,CRITICA,275,3,2,44,GENETICO,4080.0962,9060,1140989.623333,4388.123333,2466.015,178,0,true,true,12,5.442177,22454,3654,100,,,,,
BASE,SIMULACION_CINCO_DIAS-CRITICA-N03,SIMULACION_CINCO_DIAS,CRITICA,275,3,2,44,RECOCIDO_SIMULADO,1382.6963,4701,1551476.285,8097.785,6283.785,183,0,true,true,0,0,21756,3724,100,360.344694,,,,
BASE,SIMULACION_CINCO_DIAS-CRITICA-N03,SIMULACION_CINCO_DIAS,CRITICA,275,3,3,45,RECOCIDO_SIMULADO,1378.6954,4661,1551451.035,8097.535,6283.535,183,0,true,true,0,0,21756,3724,100,346.022976,,,,
BASE,SIMULACION_CINCO_DIAS-CRITICA-N03,SIMULACION_CINCO_DIAS,CRITICA,275,3,3,45,GENETICO,4008.7388,9060,1138667.07,4211.07,2444.56,178,0,true,true,12.727273,8.163265,22856,3942,100,,,,,
BASE,SIMULACION_CINCO_DIAS-CRITICA-N03,SIMULACION_CINCO_DIAS,CRITICA,275,3,4,46,GENETICO,4025.8978,9060,1130577.578333,4141.245,2114.363333,183,0,true,true,14.181818,6.802721,20890,3556,100,,,,,
BASE,SIMULACION_CINCO_DIAS-CRITICA-N03,SIMULACION_CINCO_DIAS,CRITICA,275,3,4,46,RECOCIDO_SIMULADO,1323.2242,4501,1551451.035,8097.535,6283.535,183,0,true,true,0,0,21756,3724,100,274.692977,,,,
BASE,SIMULACION_CINCO_DIAS-CRITICA-N03,SIMULACION_CINCO_DIAS,CRITICA,275,3,5,47,RECOCIDO_SIMULADO,1314.6706,4461,1551451.035,8097.535,6283.535,183,0,true,true,0,0,21756,3724,100,263.166443,,,,
BASE,SIMULACION_CINCO_DIAS-CRITICA-N03,SIMULACION_CINCO_DIAS,CRITICA,275,3,5,47,GENETICO,4045.833,9060,1138568.905,5053.738333,2835.151667,170,0,true,true,13.454545,7.482993,23456,3812,99.468085,,,,,
BASE,SIMULACION_CINCO_DIAS-CRITICA-N03,SIMULACION_CINCO_DIAS,CRITICA,275,3,6,48,GENETICO,4000.0504,9060,1128585.288333,4255.455,2193.298333,181,0,true,true,13.090909,3.401361,22476,3728,100,,,,,
BASE,SIMULACION_CINCO_DIAS-CRITICA-N03,SIMULACION_CINCO_DIAS,CRITICA,275,3,6,48,RECOCIDO_SIMULADO,1360.2598,4621,1551451.035,8097.535,6283.535,183,0,true,true,0,0,21756,3724,100,322.38059,,,,
BASE,SIMULACION_CINCO_DIAS-CRITICA-N03,SIMULACION_CINCO_DIAS,CRITICA,275,3,7,49,RECOCIDO_SIMULADO,1335.6735,4541,1551476.285,8097.785,6283.785,183,0,true,true,0,0,21756,3724,100,285.911436,,,,
BASE,SIMULACION_CINCO_DIAS-CRITICA-N03,SIMULACION_CINCO_DIAS,CRITICA,275,3,7,49,GENETICO,4090.9606,9060,1131044.215,4468.715,2565.755,174,0,true,true,13.090909,7.482993,23632,3856,98.404255,,,,,
BASE,SIMULACION_CINCO_DIAS-CRITICA-N03,SIMULACION_CINCO_DIAS,CRITICA,275,3,8,50,GENETICO,4076.6997,9060,1136055.848333,4489.015,2565.668333,175,0,true,true,12.727273,5.442177,24400,4022,99.734043,,,,,
BASE,SIMULACION_CINCO_DIAS-CRITICA-N03,SIMULACION_CINCO_DIAS,CRITICA,275,3,8,50,RECOCIDO_SIMULADO,1371.889,4661,1551451.035,8097.535,6283.535,183,0,true,true,0,0,21756,3724,100,342.359286,,,,
BASE,SIMULACION_CINCO_DIAS-CRITICA-N03,SIMULACION_CINCO_DIAS,CRITICA,275,3,9,51,RECOCIDO_SIMULADO,1434.8165,4861,1551451.035,8097.535,6283.535,183,0,true,true,0,0,21756,3724,100,446.664409,,,,
BASE,SIMULACION_CINCO_DIAS-CRITICA-N03,SIMULACION_CINCO_DIAS,CRITICA,275,3,9,51,GENETICO,4031.8375,9060,1149287.435,4450.935,2498.365,179,0,true,true,10.909091,7.482993,24986,4154,100,,,,,
BASE,SIMULACION_CINCO_DIAS-CRITICA-N03,SIMULACION_CINCO_DIAS,CRITICA,275,3,10,52,GENETICO,3971.3082,9060,1170695.681667,5012.015,3006.836667,173,0,true,true,11.272727,5.442177,22830,3804,99.468085,,,,,
BASE,SIMULACION_CINCO_DIAS-CRITICA-N03,SIMULACION_CINCO_DIAS,CRITICA,275,3,10,52,RECOCIDO_SIMULADO,1409.7778,4781,1551451.035,8097.535,6283.535,183,0,true,true,0,0,21756,3724,100,384.761329,,,,
BASE,SIMULACION_CINCO_DIAS-CRITICA-N03,SIMULACION_CINCO_DIAS,CRITICA,275,3,11,53,RECOCIDO_SIMULADO,1382.784,4701,1551451.035,8097.535,6283.535,183,0,true,true,0,0,21756,3724,100,354.168493,,,,
BASE,SIMULACION_CINCO_DIAS-CRITICA-N03,SIMULACION_CINCO_DIAS,CRITICA,275,3,11,53,GENETICO,3974.381,9060,1116945.606667,4348.44,2325.971667,176,0,true,true,12.363636,7.482993,22468,3692,100,,,,,
BASE,SIMULACION_CINCO_DIAS-CRITICA-N03,SIMULACION_CINCO_DIAS,CRITICA,275,3,12,54,GENETICO,4031.1705,9060,1165109.435,4987.101667,2901.223333,174,0,true,true,11.272727,5.442177,26956,4472,100,,,,,
BASE,SIMULACION_CINCO_DIAS-CRITICA-N03,SIMULACION_CINCO_DIAS,CRITICA,275,3,12,54,RECOCIDO_SIMULADO,1478.8333,5021,1551451.035,8097.535,6283.535,183,0,true,true,0,0,21756,3724,100,548.935935,,,,
BASE,SIMULACION_CINCO_DIAS-CRITICA-N03,SIMULACION_CINCO_DIAS,CRITICA,275,3,13,55,RECOCIDO_SIMULADO,1400.452,4741,1551451.035,8097.535,6283.535,183,0,true,true,0,0,21756,3724,100,378.305927,,,,
BASE,SIMULACION_CINCO_DIAS-CRITICA-N03,SIMULACION_CINCO_DIAS,CRITICA,275,3,13,55,GENETICO,3979.6375,9060,1143771.705,5003.705,2837.68,171,0,true,true,12.727273,6.122449,25090,4150,100,,,,,
BASE,SIMULACION_CINCO_DIAS-CRITICA-N03,SIMULACION_CINCO_DIAS,CRITICA,275,3,14,56,GENETICO,3979.8165,9060,1169431.173333,4540.673333,2648.905,180,0,true,true,12.727273,6.802721,22248,3620,100,,,,,
BASE,SIMULACION_CINCO_DIAS-CRITICA-N03,SIMULACION_CINCO_DIAS,CRITICA,275,3,14,56,RECOCIDO_SIMULADO,1411.8405,4781,1551451.035,8097.535,6283.535,183,0,true,true,0,0,21756,3724,100,386.585452,,,,
BASE,SIMULACION_CINCO_DIAS-CRITICA-N03,SIMULACION_CINCO_DIAS,CRITICA,275,3,15,57,RECOCIDO_SIMULADO,1334.7243,4541,1551506.585,8098.085,6284.085,183,0,true,true,0,0,21756,3724,100,296.022122,,,,
BASE,SIMULACION_CINCO_DIAS-CRITICA-N03,SIMULACION_CINCO_DIAS,CRITICA,275,3,15,57,GENETICO,4019.2811,9060,1140078.435,4215.268333,2258.631667,182,0,true,true,11.272727,5.442177,22084,3650,100,,,,,
BASE,SIMULACION_CINCO_DIAS-CRITICA-N03,SIMULACION_CINCO_DIAS,CRITICA,275,3,16,58,GENETICO,4072.4806,9060,1137680.588333,4351.255,2533.293333,176,0,true,true,15.636364,9.52381,21426,3694,98.93617,,,,,
BASE,SIMULACION_CINCO_DIAS-CRITICA-N03,SIMULACION_CINCO_DIAS,CRITICA,275,3,16,58,RECOCIDO_SIMULADO,1385.5732,4701,1551476.285,8097.785,6283.785,183,0,true,true,0,0,21884,3740,100,360.021681,,,,
BASE,SIMULACION_CINCO_DIAS-CRITICA-N03,SIMULACION_CINCO_DIAS,CRITICA,275,3,17,59,RECOCIDO_SIMULADO,1369.5905,4661,1551471.235,8097.735,6283.735,183,0,true,true,0,0,21804,3730,100,333.456159,,,,
BASE,SIMULACION_CINCO_DIAS-CRITICA-N03,SIMULACION_CINCO_DIAS,CRITICA,275,3,17,59,GENETICO,4119.93,9060,1140267.638333,4660.471667,2606.071667,175,0,true,true,12.727273,4.761905,23438,3792,99.468085,,,,,
BASE,SIMULACION_CINCO_DIAS-CRITICA-N03,SIMULACION_CINCO_DIAS,CRITICA,275,3,18,60,GENETICO,4065.6971,9060,1161385.336667,4812.17,2765.731667,176,0,true,true,11.636364,6.122449,24388,4134,100,,,,,
BASE,SIMULACION_CINCO_DIAS-CRITICA-N03,SIMULACION_CINCO_DIAS,CRITICA,275,3,18,60,RECOCIDO_SIMULADO,1246.1121,4221,1551451.035,8097.535,6283.535,183,0,true,true,0,0,21756,3724,100,191.254278,,,,
BASE,SIMULACION_CINCO_DIAS-CRITICA-N03,SIMULACION_CINCO_DIAS,CRITICA,275,3,19,61,RECOCIDO_SIMULADO,1383.3945,4701,1551451.035,8097.535,6283.535,183,0,true,true,0,0,21756,3724,100,351.321369,,,,
BASE,SIMULACION_CINCO_DIAS-CRITICA-N03,SIMULACION_CINCO_DIAS,CRITICA,275,3,19,61,GENETICO,4027.7522,9060,1165403.436667,5209.77,3051.936667,171,0,true,true,10.909091,3.401361,22752,3756,99.734043,,,,,
BASE,SIMULACION_CINCO_DIAS-CRITICA-N03,SIMULACION_CINCO_DIAS,CRITICA,275,3,20,62,GENETICO,4073.3358,9060,1131439.556667,4933.056667,2815.065,169,0,true,true,14.181818,6.122449,25146,4208,99.202128,,,,,
BASE,SIMULACION_CINCO_DIAS-CRITICA-N03,SIMULACION_CINCO_DIAS,CRITICA,275,3,20,62,RECOCIDO_SIMULADO,1421.7265,4821,1551451.035,8097.535,6283.535,183,0,true,true,0,0,21756,3724,100,420.704018,,,,
BASE,SIMULACION_CINCO_DIAS-CRITICA-N03,SIMULACION_CINCO_DIAS,CRITICA,275,3,21,63,RECOCIDO_SIMULADO,1412.5645,4741,1551451.035,8097.535,6283.535,183,0,true,true,0,0,21756,3724,100,374.558258,,,,
BASE,SIMULACION_CINCO_DIAS-CRITICA-N03,SIMULACION_CINCO_DIAS,CRITICA,275,3,21,63,GENETICO,4059.06,9060,1169340.24,4670.906667,2846.693333,176,0,true,true,12.363636,6.122449,22208,3756,100,,,,,
BASE,SIMULACION_CINCO_DIAS-CRITICA-N03,SIMULACION_CINCO_DIAS,CRITICA,275,3,22,64,GENETICO,4050.3633,9060,1146871.803333,4525.636667,2523.461667,178,0,true,true,12,4.761905,21830,3672,99.202128,,,,,
BASE,SIMULACION_CINCO_DIAS-CRITICA-N03,SIMULACION_CINCO_DIAS,CRITICA,275,3,22,64,RECOCIDO_SIMULADO,1337.9752,4541,1551451.035,8097.535,6283.535,183,0,true,true,0,0,21756,3724,100,287.337964,,,,
BASE,SIMULACION_CINCO_DIAS-CRITICA-N03,SIMULACION_CINCO_DIAS,CRITICA,275,3,23,65,RECOCIDO_SIMULADO,1327.8946,4501,1551451.035,8097.535,6283.535,183,0,true,true,0,0,21756,3724,100,280.867161,,,,
BASE,SIMULACION_CINCO_DIAS-CRITICA-N03,SIMULACION_CINCO_DIAS,CRITICA,275,3,23,65,GENETICO,4154.2041,9060,1122144.221667,4496.721667,2326.475,177,0,true,true,12,4.081633,24086,4104,100,,,,,
BASE,SIMULACION_CINCO_DIAS-CRITICA-N03,SIMULACION_CINCO_DIAS,CRITICA,275,3,24,66,GENETICO,4105.8404,9060,1149993.668333,4754.001667,2702.396667,175,0,true,true,12,4.761905,22522,3704,99.734043,,,,,
BASE,SIMULACION_CINCO_DIAS-CRITICA-N03,SIMULACION_CINCO_DIAS,CRITICA,275,3,24,66,RECOCIDO_SIMULADO,1452.8695,4941,1551451.035,8097.535,6283.535,183,0,true,true,0,0,21756,3724,100,479.6423,,,,
BASE,SIMULACION_CINCO_DIAS-CRITICA-N03,SIMULACION_CINCO_DIAS,CRITICA,275,3,25,67,RECOCIDO_SIMULADO,1408.0682,4781,1551471.235,8097.735,6283.735,183,0,true,true,0,0,21804,3730,100,384.753314,,,,
BASE,SIMULACION_CINCO_DIAS-CRITICA-N03,SIMULACION_CINCO_DIAS,CRITICA,275,3,25,67,GENETICO,3981.9756,9060,1138011.068333,4593.401667,2584.176667,175,0,true,true,13.454545,4.761905,23904,4004,100,,,,,
BASE,SIMULACION_CINCO_DIAS-CRITICA-N03,SIMULACION_CINCO_DIAS,CRITICA,275,3,26,68,GENETICO,4121.5362,9060,1139997.451667,4375.785,2506.216667,177,0,true,true,12.363636,5.442177,24640,4016,98.93617,,,,,
BASE,SIMULACION_CINCO_DIAS-CRITICA-N03,SIMULACION_CINCO_DIAS,CRITICA,275,3,26,68,RECOCIDO_SIMULADO,1377.6538,4661,1551451.035,8097.535,6283.535,183,0,true,true,0,0,21756,3724,100,345.865821,,,,
BASE,SIMULACION_CINCO_DIAS-CRITICA-N03,SIMULACION_CINCO_DIAS,CRITICA,275,3,27,69,RECOCIDO_SIMULADO,1375.084,4661,1551451.035,8097.535,6283.535,183,0,true,true,0,0,21756,3724,100,329.334312,,,,
BASE,SIMULACION_CINCO_DIAS-CRITICA-N03,SIMULACION_CINCO_DIAS,CRITICA,275,3,27,69,GENETICO,3969.6443,9060,1147594.006667,4878.84,2777.151667,173,0,true,true,12.727273,6.802721,22266,3632,100,,,,,
BASE,SIMULACION_CINCO_DIAS-CRITICA-N03,SIMULACION_CINCO_DIAS,CRITICA,275,3,28,70,GENETICO,4070.0577,9060,1131580.833333,4386.5,2421.943333,177,0,true,true,11.636364,3.401361,23616,3864,99.202128,,,,,
BASE,SIMULACION_CINCO_DIAS-CRITICA-N03,SIMULACION_CINCO_DIAS,CRITICA,275,3,28,70,RECOCIDO_SIMULADO,1308.804,4421,1551506.585,8098.085,6284.085,183,0,true,true,0,0,21756,3724,100,245.429915,,,,
BASE,SIMULACION_CINCO_DIAS-CRITICA-N03,SIMULACION_CINCO_DIAS,CRITICA,275,3,29,71,RECOCIDO_SIMULADO,1419.3814,4821,1551491.435,8097.935,6283.935,183,0,true,true,0,0,21740,3722,100,418.834487,,,,
BASE,SIMULACION_CINCO_DIAS-CRITICA-N03,SIMULACION_CINCO_DIAS,CRITICA,275,3,29,71,GENETICO,4067.9033,9060,1135382.586667,4851.42,2705.311667,172,0,true,true,13.090909,6.802721,23518,3952,98.93617,,,,,
BASE,COLAPSO_LOGISTICO-NORMAL-N01,COLAPSO_LOGISTICO,NORMAL,25,1,0,42,GENETICO,495.0916,9060,84.448333,84.448333,0,0,0,true,true,100,100,10436,1470,29.947917,,,,,
BASE,COLAPSO_LOGISTICO-NORMAL-N01,COLAPSO_LOGISTICO,NORMAL,25,1,0,42,RECOCIDO_SIMULADO,7.6363,861,86.263333,86.263333,0,0,0,true,true,100,100,9984,1474,29.947917,2.642425,,,,
BASE,COLAPSO_LOGISTICO-NORMAL-N01,COLAPSO_LOGISTICO,NORMAL,25,1,1,43,RECOCIDO_SIMULADO,7.0451,781,86.263333,86.263333,0,0,0,true,true,100,100,9984,1474,29.947917,2.310887,,,,
BASE,COLAPSO_LOGISTICO-NORMAL-N01,COLAPSO_LOGISTICO,NORMAL,25,1,1,43,GENETICO,720.2395,9060,84.463333,84.463333,0,0,0,true,true,100,100,10448,1472,29.947917,,,,,
BASE,COLAPSO_LOGISTICO-NORMAL-N01,COLAPSO_LOGISTICO,NORMAL,25,1,2,44,GENETICO,621.2391,9060,84.478333,84.478333,0,0,0,true,true,100,100,10460,1474,29.947917,,,,,
BASE,COLAPSO_LOGISTICO-NORMAL-N01,COLAPSO_LOGISTICO,NORMAL,25,1,2,44,RECOCIDO_SIMULADO,8.2096,861,86.263333,86.263333,0,0,0,true,true,100,100,9984,1474,29.947917,2.643916,,,,
BASE,COLAPSO_LOGISTICO-NORMAL-N01,COLAPSO_LOGISTICO,NORMAL,25,1,3,45,RECOCIDO_SIMULADO,8.6702,981,86.263333,86.263333,0,0,0,true,true,100,100,9984,1474,29.947917,2.94504,,,,
BASE,COLAPSO_LOGISTICO-NORMAL-N01,COLAPSO_LOGISTICO,NORMAL,25,1,3,45,GENETICO,524.3858,9060,84.643333,84.643333,0,0,0,true,true,100,100,10384,1470,29.947917,,,,,
BASE,COLAPSO_LOGISTICO-NORMAL-N01,COLAPSO_LOGISTICO,NORMAL,25,1,4,46,GENETICO,697.1698,9060,84.598333,84.598333,0,0,0,true,true,100,100,10396,1470,29.947917,,,,,
BASE,COLAPSO_LOGISTICO-NORMAL-N01,COLAPSO_LOGISTICO,NORMAL,25,1,4,46,RECOCIDO_SIMULADO,9.0975,1061,86.263333,86.263333,0,0,0,true,true,100,100,9984,1474,29.947917,3.337714,,,,
BASE,COLAPSO_LOGISTICO-NORMAL-N01,COLAPSO_LOGISTICO,NORMAL,25,1,5,47,RECOCIDO_SIMULADO,8.044,861,86.263333,86.263333,0,0,0,true,true,100,100,9984,1474,29.947917,2.56445,,,,
BASE,COLAPSO_LOGISTICO-NORMAL-N01,COLAPSO_LOGISTICO,NORMAL,25,1,5,47,GENETICO,556.2466,9060,84.808333,84.808333,0,0,0,true,true,100,100,10372,1474,29.947917,,,,,
BASE,COLAPSO_LOGISTICO-NORMAL-N01,COLAPSO_LOGISTICO,NORMAL,25,1,6,48,GENETICO,512.3994,9060,84.673333,84.673333,0,0,0,true,true,100,100,10392,1472,29.947917,,,,,
BASE,COLAPSO_LOGISTICO-NORMAL-N01,COLAPSO_LOGISTICO,NORMAL,25,1,6,48,RECOCIDO_SIMULADO,7.9269,901,86.263333,86.263333,0,0,0,true,true,100,100,9984,1474,29.947917,2.760974,,,,
BASE,COLAPSO_LOGISTICO-NORMAL-N01,COLAPSO_LOGISTICO,NORMAL,25,1,7,49,RECOCIDO_SIMULADO,7.992,941,86.263333,86.263333,0,0,0,true,true,100,100,9984,1474,29.947917,2.916645,,,,
BASE,COLAPSO_LOGISTICO-NORMAL-N01,COLAPSO_LOGISTICO,NORMAL,25,1,7,49,GENETICO,753.2825,9060,84.538333,84.538333,0,0,0,true,true,100,100,10412,1470,29.947917,,,,,
BASE,COLAPSO_LOGISTICO-NORMAL-N01,COLAPSO_LOGISTICO,NORMAL,25,1,8,50,GENETICO,605.1812,9060,84.603333,84.603333,0,0,0,true,true,100,100,10536,1486,29.947917,,,,,
BASE,COLAPSO_LOGISTICO-NORMAL-N01,COLAPSO_LOGISTICO,NORMAL,25,1,8,50,RECOCIDO_SIMULADO,9.4863,1141,86.263333,86.263333,0,0,0,true,true,100,100,9984,1474,29.947917,3.756698,,,,
BASE,COLAPSO_LOGISTICO-NORMAL-N01,COLAPSO_LOGISTICO,NORMAL,25,1,9,51,RECOCIDO_SIMULADO,7.5548,861,86.263333,86.263333,0,0,0,true,true,100,100,9984,1474,29.947917,2.570706,,,,
BASE,COLAPSO_LOGISTICO-NORMAL-N01,COLAPSO_LOGISTICO,NORMAL,25,1,9,51,GENETICO,613.4057,9060,84.478333,84.478333,0,0,0,true,true,100,100,10460,1474,29.947917,,,,,
BASE,COLAPSO_LOGISTICO-NORMAL-N01,COLAPSO_LOGISTICO,NORMAL,25,1,10,52,GENETICO,559.8816,9060,84.463333,84.463333,0,0,0,true,true,100,100,10448,1472,29.947917,,,,,
BASE,COLAPSO_LOGISTICO-NORMAL-N01,COLAPSO_LOGISTICO,NORMAL,25,1,10,52,RECOCIDO_SIMULADO,7.2111,781,86.263333,86.263333,0,0,0,true,true,100,100,9984,1474,29.947917,2.282907,,,,
BASE,COLAPSO_LOGISTICO-NORMAL-N01,COLAPSO_LOGISTICO,NORMAL,25,1,11,53,RECOCIDO_SIMULADO,6.8939,781,86.263333,86.263333,0,0,0,true,true,100,100,9984,1474,29.947917,2.286844,,,,
BASE,COLAPSO_LOGISTICO-NORMAL-N01,COLAPSO_LOGISTICO,NORMAL,25,1,11,53,GENETICO,589.6061,9060,84.448333,84.448333,0,0,0,true,true,100,100,10436,1470,29.947917,,,,,
BASE,COLAPSO_LOGISTICO-NORMAL-N01,COLAPSO_LOGISTICO,NORMAL,25,1,12,54,GENETICO,622.5798,9060,84.448333,84.448333,0,0,0,true,true,100,100,10436,1470,29.947917,,,,,
BASE,COLAPSO_LOGISTICO-NORMAL-N01,COLAPSO_LOGISTICO,NORMAL,25,1,12,54,RECOCIDO_SIMULADO,6.2682,701,86.263333,86.263333,0,0,0,true,true,100,100,9984,1474,29.947917,2.105596,,,,
BASE,COLAPSO_LOGISTICO-NORMAL-N01,COLAPSO_LOGISTICO,NORMAL,25,1,13,55,RECOCIDO_SIMULADO,7.9044,821,86.263333,86.263333,0,0,0,true,true,100,100,9984,1474,29.947917,2.512286,,,,
BASE,COLAPSO_LOGISTICO-NORMAL-N01,COLAPSO_LOGISTICO,NORMAL,25,1,13,55,GENETICO,647.4986,9060,84.658333,84.658333,0,0,0,true,true,100,100,10380,1470,29.947917,,,,,
BASE,COLAPSO_LOGISTICO-NORMAL-N01,COLAPSO_LOGISTICO,NORMAL,25,1,14,56,GENETICO,822.9626,9060,84.598333,84.598333,0,0,0,true,true,100,100,10396,1470,29.947917,,,,,
BASE,COLAPSO_LOGISTICO-NORMAL-N01,COLAPSO_LOGISTICO,NORMAL,25,1,14,56,RECOCIDO_SIMULADO,9.255,981,86.263333,86.263333,0,0,0,true,true,100,100,9984,1474,29.947917,3.031885,,,,
BASE,COLAPSO_LOGISTICO-NORMAL-N01,COLAPSO_LOGISTICO,NORMAL,25,1,15,57,RECOCIDO_SIMULADO,8.2793,981,86.263333,86.263333,0,0,0,true,true,100,100,9984,1474,29.947917,2.992515,,,,
BASE,COLAPSO_LOGISTICO-NORMAL-N01,COLAPSO_LOGISTICO,NORMAL,25,1,15,57,GENETICO,519.8004,9060,84.598333,84.598333,0,0,0,true,true,100,100,10396,1470,29.947917,,,,,
BASE,COLAPSO_LOGISTICO-NORMAL-N01,COLAPSO_LOGISTICO,NORMAL,25,1,16,58,GENETICO,607.9005,9060,84.628333,84.628333,0,0,0,true,true,100,100,10388,1470,29.947917,,,,,
BASE,COLAPSO_LOGISTICO-NORMAL-N01,COLAPSO_LOGISTICO,NORMAL,25,1,16,58,RECOCIDO_SIMULADO,8.9732,1061,86.263333,86.263333,0,0,0,true,true,100,100,9984,1474,29.947917,3.401751,,,,
BASE,COLAPSO_LOGISTICO-NORMAL-N01,COLAPSO_LOGISTICO,NORMAL,25,1,17,59,RECOCIDO_SIMULADO,7.7553,901,86.263333,86.263333,0,0,0,true,true,100,100,9984,1474,29.947917,2.744137,,,,
BASE,COLAPSO_LOGISTICO-NORMAL-N01,COLAPSO_LOGISTICO,NORMAL,25,1,17,59,GENETICO,624.3267,9060,84.538333,84.538333,0,0,0,true,true,100,100,10412,1470,29.947917,,,,,
BASE,COLAPSO_LOGISTICO-NORMAL-N01,COLAPSO_LOGISTICO,NORMAL,25,1,18,60,GENETICO,601.442,9060,84.478333,84.478333,0,0,0,true,true,100,100,10460,1474,29.947917,,,,,
BASE,COLAPSO_LOGISTICO-NORMAL-N01,COLAPSO_LOGISTICO,NORMAL,25,1,18,60,RECOCIDO_SIMULADO,5.4279,581,86.263333,86.263333,0,0,0,true,true,100,100,9984,1474,29.947917,1.811802,,,,
BASE,COLAPSO_LOGISTICO-NORMAL-N01,COLAPSO_LOGISTICO,NORMAL,25,1,19,61,RECOCIDO_SIMULADO,8.8556,1061,86.263333,86.263333,0,0,0,true,true,100,100,9984,1474,29.947917,3.292937,,,,
BASE,COLAPSO_LOGISTICO-NORMAL-N01,COLAPSO_LOGISTICO,NORMAL,25,1,19,61,GENETICO,726.2462,9060,84.463333,84.463333,0,0,0,true,true,100,100,10448,1472,29.947917,,,,,
BASE,COLAPSO_LOGISTICO-NORMAL-N01,COLAPSO_LOGISTICO,NORMAL,25,1,20,62,GENETICO,844.1137,9060,84.538333,84.538333,0,0,0,true,true,100,100,10428,1472,29.947917,,,,,
BASE,COLAPSO_LOGISTICO-NORMAL-N01,COLAPSO_LOGISTICO,NORMAL,25,1,20,62,RECOCIDO_SIMULADO,7.8608,901,86.263333,86.263333,0,0,0,true,true,100,100,9984,1474,29.947917,2.729917,,,,
BASE,COLAPSO_LOGISTICO-NORMAL-N01,COLAPSO_LOGISTICO,NORMAL,25,1,21,63,RECOCIDO_SIMULADO,6.9006,781,86.263333,86.263333,0,0,0,true,true,100,100,9984,1474,29.947917,2.327384,,,,
BASE,COLAPSO_LOGISTICO-NORMAL-N01,COLAPSO_LOGISTICO,NORMAL,25,1,21,63,GENETICO,696.7941,9060,84.823333,84.823333,0,0,0,true,true,100,100,10352,1472,29.947917,,,,,
BASE,COLAPSO_LOGISTICO-NORMAL-N01,COLAPSO_LOGISTICO,NORMAL,25,1,22,64,GENETICO,553.8461,9060,84.538333,84.538333,0,0,0,true,true,100,100,10412,1470,29.947917,,,,,
BASE,COLAPSO_LOGISTICO-NORMAL-N01,COLAPSO_LOGISTICO,NORMAL,25,1,22,64,RECOCIDO_SIMULADO,8.4394,981,86.263333,86.263333,0,0,0,true,true,100,100,9984,1474,29.947917,3.022441,,,,
BASE,COLAPSO_LOGISTICO-NORMAL-N01,COLAPSO_LOGISTICO,NORMAL,25,1,23,65,RECOCIDO_SIMULADO,9.9767,1181,86.263333,86.263333,0,0,0,true,true,100,100,9984,1474,29.947917,3.829106,,,,
BASE,COLAPSO_LOGISTICO-NORMAL-N01,COLAPSO_LOGISTICO,NORMAL,25,1,23,65,GENETICO,651.2766,9060,84.643333,84.643333,0,0,0,true,true,100,100,10384,1470,29.947917,,,,,
BASE,COLAPSO_LOGISTICO-NORMAL-N01,COLAPSO_LOGISTICO,NORMAL,25,1,24,66,GENETICO,492.0496,9060,84.598333,84.598333,0,0,0,true,true,100,100,10396,1470,29.947917,,,,,
BASE,COLAPSO_LOGISTICO-NORMAL-N01,COLAPSO_LOGISTICO,NORMAL,25,1,24,66,RECOCIDO_SIMULADO,7.8752,861,86.263333,86.263333,0,0,0,true,true,100,100,9984,1474,29.947917,2.610533,,,,
BASE,COLAPSO_LOGISTICO-NORMAL-N01,COLAPSO_LOGISTICO,NORMAL,25,1,25,67,RECOCIDO_SIMULADO,7.5422,861,86.263333,86.263333,0,0,0,true,true,100,100,9984,1474,29.947917,2.627224,,,,
BASE,COLAPSO_LOGISTICO-NORMAL-N01,COLAPSO_LOGISTICO,NORMAL,25,1,25,67,GENETICO,523.0363,9060,84.658333,84.658333,0,0,0,true,true,100,100,10380,1470,29.947917,,,,,
BASE,COLAPSO_LOGISTICO-NORMAL-N01,COLAPSO_LOGISTICO,NORMAL,25,1,26,68,GENETICO,640.4126,9060,84.598333,84.598333,0,0,0,true,true,100,100,10396,1470,29.947917,,,,,
BASE,COLAPSO_LOGISTICO-NORMAL-N01,COLAPSO_LOGISTICO,NORMAL,25,1,26,68,RECOCIDO_SIMULADO,8.4569,981,86.263333,86.263333,0,0,0,true,true,100,100,9984,1474,29.947917,2.975667,,,,
BASE,COLAPSO_LOGISTICO-NORMAL-N01,COLAPSO_LOGISTICO,NORMAL,25,1,27,69,RECOCIDO_SIMULADO,9.1457,1061,86.263333,86.263333,0,0,0,true,true,100,100,9984,1474,29.947917,3.296364,,,,
BASE,COLAPSO_LOGISTICO-NORMAL-N01,COLAPSO_LOGISTICO,NORMAL,25,1,27,69,GENETICO,524.568,9060,84.703333,84.703333,0,0,0,true,true,100,100,10368,1470,29.947917,,,,,
BASE,COLAPSO_LOGISTICO-NORMAL-N01,COLAPSO_LOGISTICO,NORMAL,25,1,28,70,GENETICO,694.3188,9060,84.448333,84.448333,0,0,0,true,true,100,100,10436,1470,29.947917,,,,,
BASE,COLAPSO_LOGISTICO-NORMAL-N01,COLAPSO_LOGISTICO,NORMAL,25,1,28,70,RECOCIDO_SIMULADO,6.5598,741,86.263333,86.263333,0,0,0,true,true,100,100,9984,1474,29.947917,2.237868,,,,
BASE,COLAPSO_LOGISTICO-NORMAL-N01,COLAPSO_LOGISTICO,NORMAL,25,1,29,71,RECOCIDO_SIMULADO,7.5028,821,86.263333,86.263333,0,0,0,true,true,100,100,9984,1474,29.947917,2.437264,,,,
BASE,COLAPSO_LOGISTICO-NORMAL-N01,COLAPSO_LOGISTICO,NORMAL,25,1,29,71,GENETICO,659.0612,9060,84.448333,84.448333,0,0,0,true,true,100,100,10436,1470,29.947917,,,,,
BASE,COLAPSO_LOGISTICO-NORMAL-N02,COLAPSO_LOGISTICO,NORMAL,38,2,0,42,GENETICO,554.5124,9060,628.593333,217.76,4.108333,0,0,true,true,92.105263,86.956522,12942,1932,53.645833,,,,,
BASE,COLAPSO_LOGISTICO-NORMAL-N02,COLAPSO_LOGISTICO,NORMAL,38,2,0,42,RECOCIDO_SIMULADO,22.4679,2221,634.996667,224.163333,4.108333,0,0,true,true,92.105263,86.956522,13364,1958,53.645833,15.050887,,,,
BASE,COLAPSO_LOGISTICO-NORMAL-N02,COLAPSO_LOGISTICO,NORMAL,38,2,1,43,RECOCIDO_SIMULADO,27.3654,2701,634.996667,224.163333,4.108333,0,0,true,true,92.105263,86.956522,13364,1958,53.645833,28.048158,,,,
BASE,COLAPSO_LOGISTICO-NORMAL-N02,COLAPSO_LOGISTICO,NORMAL,38,2,1,43,GENETICO,659.5725,9060,629.223333,218.39,4.108333,0,0,true,true,92.105263,86.956522,12954,1924,53.645833,,,,,
BASE,COLAPSO_LOGISTICO-NORMAL-N02,COLAPSO_LOGISTICO,NORMAL,38,2,2,44,GENETICO,659.359,9060,629.315,218.481667,4.108333,0,0,true,true,92.105263,86.956522,13414,2046,53.645833,,,,,
BASE,COLAPSO_LOGISTICO-NORMAL-N02,COLAPSO_LOGISTICO,NORMAL,38,2,2,44,RECOCIDO_SIMULADO,19.5072,1941,634.796667,223.963333,4.108333,0,0,true,true,92.105263,86.956522,13364,1958,53.645833,10.544103,,,,
BASE,COLAPSO_LOGISTICO-NORMAL-N02,COLAPSO_LOGISTICO,NORMAL,38,2,3,45,RECOCIDO_SIMULADO,18.4357,1821,634.996667,224.163333,4.108333,0,0,true,true,92.105263,86.956522,13364,1958,53.645833,8.724334,,,,
BASE,COLAPSO_LOGISTICO-NORMAL-N02,COLAPSO_LOGISTICO,NORMAL,38,2,3,45,GENETICO,520.9709,9060,629.36,218.526667,4.108333,0,0,true,true,92.105263,86.956522,13410,2052,53.645833,,,,,
BASE,COLAPSO_LOGISTICO-NORMAL-N02,COLAPSO_LOGISTICO,NORMAL,38,2,4,46,GENETICO,731.9917,9060,629.298333,218.465,4.108333,0,0,true,true,92.105263,86.956522,13090,1972,53.645833,,,,,
BASE,COLAPSO_LOGISTICO-NORMAL-N02,COLAPSO_LOGISTICO,NORMAL,38,2,4,46,RECOCIDO_SIMULADO,24.6585,2461,634.996667,224.163333,4.108333,0,0,true,true,92.105263,86.956522,13364,1958,53.645833,19.659963,,,,
BASE,COLAPSO_LOGISTICO-NORMAL-N02,COLAPSO_LOGISTICO,NORMAL,38,2,5,47,RECOCIDO_SIMULADO,32.295,3381,634.996667,224.163333,4.108333,0,0,true,true,92.105263,86.956522,13364,1958,53.645833,64.62428,,,,
BASE,COLAPSO_LOGISTICO-NORMAL-N02,COLAPSO_LOGISTICO,NORMAL,38,2,5,47,GENETICO,739.815,9060,628.368333,217.535,4.108333,0,0,true,true,92.105263,86.956522,12850,1930,53.645833,,,,,
BASE,COLAPSO_LOGISTICO-NORMAL-N02,COLAPSO_LOGISTICO,NORMAL,38,2,6,48,GENETICO,295.9877,9060,631.393333,220.56,4.108333,0,0,true,true,92.105263,86.956522,13802,2114,53.645833,,,,,
BASE,COLAPSO_LOGISTICO-NORMAL-N02,COLAPSO_LOGISTICO,NORMAL,38,2,6,48,RECOCIDO_SIMULADO,33.752,3421,634.286667,223.453333,4.108333,0,0,true,true,92.105263,86.956522,13364,1958,53.645833,70.33393,,,,
BASE,COLAPSO_LOGISTICO-NORMAL-N02,COLAPSO_LOGISTICO,NORMAL,38,2,7,49,RECOCIDO_SIMULADO,21.096,1981,634.926667,224.093333,4.108333,0,0,true,true,92.105263,86.956522,13364,1958,53.645833,11.096345,,,,
BASE,COLAPSO_LOGISTICO-NORMAL-N02,COLAPSO_LOGISTICO,NORMAL,38,2,7,49,GENETICO,666.807,9060,628.603333,217.77,4.108333,0,0,true,true,92.105263,86.956522,12806,1882,53.645833,,,,,
BASE,COLAPSO_LOGISTICO-NORMAL-N02,COLAPSO_LOGISTICO,NORMAL,38,2,8,50,GENETICO,805.3936,9060,628.465,217.631667,4.108333,0,0,true,true,92.105263,86.956522,13126,1990,53.645833,,,,,
BASE,COLAPSO_LOGISTICO-NORMAL-N02,COLAPSO_LOGISTICO,NORMAL,38,2,8,50,RECOCIDO_SIMULADO,26.2958,2541,634.996667,224.163333,4.108333,0,0,true,true,92.105263,86.956522,13364,1958,53.645833,22.033459,,,,
BASE,COLAPSO_LOGISTICO-NORMAL-N02,COLAPSO_LOGISTICO,NORMAL,38,2,9,51,RECOCIDO_SIMULADO,25.586,2541,634.996667,224.163333,4.108333,0,0,true,true,92.105263,86.956522,13364,1958,53.645833,22.365858,,,,
BASE,COLAPSO_LOGISTICO-NORMAL-N02,COLAPSO_LOGISTICO,NORMAL,38,2,9,51,GENETICO,303.61,9060,629.113333,218.28,4.108333,0,0,true,true,92.105263,86.956522,12958,1950,53.645833,,,,,
BASE,COLAPSO_LOGISTICO-NORMAL-N02,COLAPSO_LOGISTICO,NORMAL,38,2,10,52,GENETICO,464.3941,9060,630.311667,219.478333,4.108333,0,0,true,true,92.105263,86.956522,13506,2064,53.645833,,,,,
BASE,COLAPSO_LOGISTICO-NORMAL-N02,COLAPSO_LOGISTICO,NORMAL,38,2,10,52,RECOCIDO_SIMULADO,19.7977,1941,634.996667,224.163333,4.108333,0,0,true,true,92.105263,86.956522,13364,1958,53.645833,10.532998,,,,
BASE,COLAPSO_LOGISTICO-NORMAL-N02,COLAPSO_LOGISTICO,NORMAL,38,2,11,53,RECOCIDO_SIMULADO,20.4676,1941,634.996667,224.163333,4.108333,0,0,true,true,92.105263,86.956522,13364,1958,53.645833,10.577096,,,,
BASE,COLAPSO_LOGISTICO-NORMAL-N02,COLAPSO_LOGISTICO,NORMAL,38,2,11,53,GENETICO,637.8762,9060,629.378333,218.545,4.108333,0,0,true,true,92.105263,86.956522,13250,1992,53.645833,,,,,
BASE,COLAPSO_LOGISTICO-NORMAL-N02,COLAPSO_LOGISTICO,NORMAL,38,2,12,54,GENETICO,491.3443,9060,629.258333,218.425,4.108333,0,0,true,true,92.105263,86.956522,13078,1970,53.645833,,,,,
BASE,COLAPSO_LOGISTICO-NORMAL-N02,COLAPSO_LOGISTICO,NORMAL,38,2,12,54,RECOCIDO_SIMULADO,27.0215,2701,634.996667,224.163333,4.108333,0,0,true,true,92.105263,86.956522,13364,1958,53.645833,26.769571,,,,
BASE,COLAPSO_LOGISTICO-NORMAL-N02,COLAPSO_LOGISTICO,NORMAL,38,2,13,55,RECOCIDO_SIMULADO,23.809,2301,634.566667,223.733333,4.108333,0,0,true,true,92.105263,86.956522,13364,1958,53.645833,16.077451,,,,
BASE,COLAPSO_LOGISTICO-NORMAL-N02,COLAPSO_LOGISTICO,NORMAL,38,2,13,55,GENETICO,641.4834,9060,628.826667,217.993333,4.108333,0,0,true,true,92.105263,86.956522,12796,1922,53.645833,,,,,
BASE,COLAPSO_LOGISTICO-NORMAL-N02,COLAPSO_LOGISTICO,NORMAL,38,2,14,56,GENETICO,710.9803,9060,628.663333,217.83,4.108333,0,0,true,true,92.105263,86.956522,12654,1886,53.645833,,,,,
BASE,COLAPSO_LOGISTICO-NORMAL-N02,COLAPSO_LOGISTICO,NORMAL,38,2,14,56,RECOCIDO_SIMULADO,33.481,2981,634.996667,224.163333,4.108333,0,0,true,true,92.105263,86.956522,13364,1958,53.645833,39.428293,,,,
BASE,COLAPSO_LOGISTICO-NORMAL-N02,COLAPSO_LOGISTICO,NORMAL,38,2,15,57,RECOCIDO_SIMULADO,27.6993,2821,634.996667,224.163333,4.108333,0,0,true,true,92.105263,86.956522,13364,1958,53.645833,32.343351,,,,
BASE,COLAPSO_LOGISTICO-NORMAL-N02,COLAPSO_LOGISTICO,NORMAL,38,2,15,57,GENETICO,649.8501,9060,629.181667,218.348333,4.108333,0,0,true,true,92.105263,86.956522,13090,1976,53.645833,,,,,
BASE,COLAPSO_LOGISTICO-NORMAL-N02,COLAPSO_LOGISTICO,NORMAL,38,2,16,58,GENETICO,394.1493,9060,630.205,219.371667,4.108333,0,0,true,true,92.105263,86.956522,13494,2042,53.645833,,,,,
BASE,COLAPSO_LOGISTICO-NORMAL-N02,COLAPSO_LOGISTICO,NORMAL,38,2,16,58,RECOCIDO_SIMULADO,31.0813,3181,634.996667,224.163333,4.108333,0,0,true,true,92.105263,86.956522,13364,1958,53.645833,49.907596,,,,
BASE,COLAPSO_LOGISTICO-NORMAL-N02,COLAPSO_LOGISTICO,NORMAL,38,2,17,59,RECOCIDO_SIMULADO,27.9948,2741,634.996667,224.163333,4.108333,0,0,true,true,92.105263,86.956522,13364,1958,53.645833,28.764304,,,,
BASE,COLAPSO_LOGISTICO-NORMAL-N02,COLAPSO_LOGISTICO,NORMAL,38,2,17,59,GENETICO,792.7336,9060,629.253333,218.42,4.108333,0,0,true,true,92.105263,86.956522,13102,1974,53.645833,,,,,
BASE,COLAPSO_LOGISTICO-NORMAL-N02,COLAPSO_LOGISTICO,NORMAL,38,2,18,60,GENETICO,868.929,9060,628.713333,217.88,4.108333,0,0,true,true,92.105263,86.956522,12702,1914,53.645833,,,,,
BASE,COLAPSO_LOGISTICO-NORMAL-N02,COLAPSO_LOGISTICO,NORMAL,38,2,18,60,RECOCIDO_SIMULADO,29.6481,2941,634.996667,224.163333,4.108333,0,0,true,true,92.105263,86.956522,13364,1958,53.645833,36.720023,,,,
BASE,COLAPSO_LOGISTICO-NORMAL-N02,COLAPSO_LOGISTICO,NORMAL,38,2,19,61,RECOCIDO_SIMULADO,20.1382,1941,634.446667,223.613333,4.108333,0,0,true,true,92.105263,86.956522,13364,1958,53.645833,10.132509,,,,
BASE,COLAPSO_LOGISTICO-NORMAL-N02,COLAPSO_LOGISTICO,NORMAL,38,2,19,61,GENETICO,555.7158,9060,630.163333,219.33,4.108333,0,0,true,true,92.105263,86.956522,13470,2024,53.645833,,,,,
BASE,COLAPSO_LOGISTICO-NORMAL-N02,COLAPSO_LOGISTICO,NORMAL,38,2,20,62,GENETICO,756.9603,9060,630.023333,219.19,4.108333,0,0,true,true,92.105263,86.956522,13526,2038,53.645833,,,,,
BASE,COLAPSO_LOGISTICO-NORMAL-N02,COLAPSO_LOGISTICO,NORMAL,38,2,20,62,RECOCIDO_SIMULADO,24.6199,2461,634.796667,223.963333,4.108333,0,0,true,true,92.105263,86.956522,13364,1958,53.645833,19.801322,,,,
BASE,COLAPSO_LOGISTICO-NORMAL-N02,COLAPSO_LOGISTICO,NORMAL,38,2,21,63,RECOCIDO_SIMULADO,36.1346,3621,634.996667,224.163333,4.108333,0,0,true,true,92.105263,86.956522,13364,1958,53.645833,87.988939,,,,
BASE,COLAPSO_LOGISTICO-NORMAL-N02,COLAPSO_LOGISTICO,NORMAL,38,2,21,63,GENETICO,600.1149,9060,629.148333,218.315,4.108333,0,0,true,true,92.105263,86.956522,12994,1942,53.645833,,,,,
BASE,COLAPSO_LOGISTICO-NORMAL-N02,COLAPSO_LOGISTICO,NORMAL,38,2,22,64,GENETICO,421.7673,9060,630.203333,219.37,4.108333,0,0,true,true,92.105263,86.956522,13414,2020,53.645833,,,,,
BASE,COLAPSO_LOGISTICO-NORMAL-N02,COLAPSO_LOGISTICO,NORMAL,38,2,22,64,RECOCIDO_SIMULADO,21.8957,2181,634.996667,224.163333,4.108333,0,0,true,true,92.105263,86.956522,13364,1958,53.645833,14.329142,,,,
BASE,COLAPSO_LOGISTICO-NORMAL-N02,COLAPSO_LOGISTICO,NORMAL,38,2,23,65,RECOCIDO_SIMULADO,24.3665,2301,634.996667,224.163333,4.108333,0,0,true,true,92.105263,86.956522,13364,1958,53.645833,16.186085,,,,
BASE,COLAPSO_LOGISTICO-NORMAL-N02,COLAPSO_LOGISTICO,NORMAL,38,2,23,65,GENETICO,572.8677,9060,629.993333,219.16,4.108333,0,0,true,true,92.105263,86.956522,12846,1936,53.645833,,,,,
BASE,COLAPSO_LOGISTICO-NORMAL-N02,COLAPSO_LOGISTICO,NORMAL,38,2,24,66,GENETICO,622.4058,9060,629.09,218.256667,4.108333,0,0,true,true,92.105263,86.956522,12842,1940,53.645833,,,,,
BASE,COLAPSO_LOGISTICO-NORMAL-N02,COLAPSO_LOGISTICO,NORMAL,38,2,24,66,RECOCIDO_SIMULADO,21.7152,2141,634.996667,224.163333,4.108333,0,0,true,true,92.105263,86.956522,13364,1958,53.645833,13.558075,,,,
BASE,COLAPSO_LOGISTICO-NORMAL-N02,COLAPSO_LOGISTICO,NORMAL,38,2,25,67,RECOCIDO_SIMULADO,24.6111,2421,634.996667,224.163333,4.108333,0,0,true,true,92.105263,86.956522,13364,1958,53.645833,19.367025,,,,
BASE,COLAPSO_LOGISTICO-NORMAL-N02,COLAPSO_LOGISTICO,NORMAL,38,2,25,67,GENETICO,517.0095,9060,630.295,219.461667,4.108333,0,0,true,true,92.105263,86.956522,13308,2006,53.645833,,,,,
BASE,COLAPSO_LOGISTICO-NORMAL-N02,COLAPSO_LOGISTICO,NORMAL,38,2,26,68,GENETICO,369.663,9060,630.038333,219.205,4.108333,0,0,true,true,92.105263,86.956522,12922,1922,53.645833,,,,,
BASE,COLAPSO_LOGISTICO-NORMAL-N02,COLAPSO_LOGISTICO,NORMAL,38,2,26,68,RECOCIDO_SIMULADO,21.5462,2141,634.796667,223.963333,4.108333,0,0,true,true,92.105263,86.956522,13364,1958,53.645833,13.465506,,,,
BASE,COLAPSO_LOGISTICO-NORMAL-N02,COLAPSO_LOGISTICO,NORMAL,38,2,27,69,RECOCIDO_SIMULADO,27.2753,2741,634.996667,224.163333,4.108333,0,0,true,true,92.105263,86.956522,13364,1958,53.645833,28.48223,,,,
BASE,COLAPSO_LOGISTICO-NORMAL-N02,COLAPSO_LOGISTICO,NORMAL,38,2,27,69,GENETICO,709.0824,9060,629.123333,218.29,4.108333,0,0,true,true,92.105263,86.956522,13086,1968,53.645833,,,,,
BASE,COLAPSO_LOGISTICO-NORMAL-N02,COLAPSO_LOGISTICO,NORMAL,38,2,28,70,GENETICO,573.8435,9060,628.645,217.811667,4.108333,0,0,true,true,92.105263,86.956522,12902,1978,53.645833,,,,,
BASE,COLAPSO_LOGISTICO-NORMAL-N02,COLAPSO_LOGISTICO,NORMAL,38,2,28,70,RECOCIDO_SIMULADO,22.5812,2261,634.996667,224.163333,4.108333,0,0,true,true,92.105263,86.956522,13364,1958,53.645833,15.444567,,,,
BASE,COLAPSO_LOGISTICO-NORMAL-N02,COLAPSO_LOGISTICO,NORMAL,38,2,29,71,RECOCIDO_SIMULADO,19.5076,1781,634.996667,224.163333,4.108333,0,0,true,true,92.105263,86.956522,13364,1958,53.645833,8.388232,,,,
BASE,COLAPSO_LOGISTICO-NORMAL-N02,COLAPSO_LOGISTICO,NORMAL,38,2,29,71,GENETICO,601.334,9060,628.738333,217.905,4.108333,0,0,true,true,92.105263,86.956522,12994,1952,53.645833,,,,,
BASE,COLAPSO_LOGISTICO-NORMAL-N03,COLAPSO_LOGISTICO,NORMAL,50,3,0,42,GENETICO,631.3908,9060,1362.708333,327.041667,10.356667,0,0,true,true,90,84.848485,16836,2612,81.388889,,,,,
BASE,COLAPSO_LOGISTICO-NORMAL-N03,COLAPSO_LOGISTICO,NORMAL,50,3,0,42,RECOCIDO_SIMULADO,43.8145,3541,1440.646667,363.146667,10.775,0,0,true,true,88,81.818182,18240,2768,81.388889,79.564056,,,,
BASE,COLAPSO_LOGISTICO-NORMAL-N03,COLAPSO_LOGISTICO,NORMAL,50,3,1,43,RECOCIDO_SIMULADO,41.6506,3421,1322.013333,347.846667,9.741667,0,0,true,true,90,84.848485,17720,2672,81.388889,67.839331,,,,
BASE,COLAPSO_LOGISTICO-NORMAL-N03,COLAPSO_LOGISTICO,NORMAL,50,3,1,43,GENETICO,717.0903,9060,1357.3,321.633333,10.356667,0,0,true,true,90,84.848485,16050,2550,81.388889,,,,,
BASE,COLAPSO_LOGISTICO-NORMAL-N03,COLAPSO_LOGISTICO,NORMAL,50,3,2,44,GENETICO,724.1081,9060,1303.293333,329.126667,9.741667,0,0,true,true,90,84.848485,17144,2670,81.388889,,,,,
BASE,COLAPSO_LOGISTICO-NORMAL-N03,COLAPSO_LOGISTICO,NORMAL,50,3,2,44,RECOCIDO_SIMULADO,48.6758,3901,1582.868333,331.701667,12.511667,0,0,true,true,88,81.818182,17428,2794,81.388889,127.499345,,,,
BASE,COLAPSO_LOGISTICO-NORMAL-N03,COLAPSO_LOGISTICO,NORMAL,50,3,3,45,RECOCIDO_SIMULADO,45.8118,3741,1327.776667,353.61,9.741667,0,0,true,true,90,84.848485,17484,2724,81.388889,103.045539,,,,
BASE,COLAPSO_LOGISTICO-NORMAL-N03,COLAPSO_LOGISTICO,NORMAL,50,3,3,45,GENETICO,952.9639,9060,1307.798333,333.631667,9.741667,0,0,true,true,90,84.848485,18668,2864,81.388889,,,,,
BASE,COLAPSO_LOGISTICO-NORMAL-N03,COLAPSO_LOGISTICO,NORMAL,50,3,4,46,GENETICO,796.1698,9060,1360.005,324.338333,10.356667,0,0,true,true,90,84.848485,16524,2610,81.388889,,,,,
BASE,COLAPSO_LOGISTICO-NORMAL-N03,COLAPSO_LOGISTICO,NORMAL,50,3,4,46,RECOCIDO_SIMULADO,47.3217,3861,1464.021667,341.355,11.226667,0,0,true,true,90,84.848485,18732,2880,81.388889,123.479439,,,,
BASE,COLAPSO_LOGISTICO-NORMAL-N03,COLAPSO_LOGISTICO,NORMAL,50,3,5,47,RECOCIDO_SIMULADO,47.5913,3861,1382.001667,334.335,10.476667,0,0,true,true,90,84.848485,17174,2772,81.388889,123.41183,,,,
BASE,COLAPSO_LOGISTICO-NORMAL-N03,COLAPSO_LOGISTICO,NORMAL,50,3,5,47,GENETICO,615.9834,9060,1302.698333,328.531667,9.741667,0,0,true,true,90,84.848485,17260,2688,81.388889,,,,,
BASE,COLAPSO_LOGISTICO-NORMAL-N03,COLAPSO_LOGISTICO,NORMAL,50,3,6,48,GENETICO,746.9444,9060,1300.126667,325.96,9.741667,0,0,true,true,90,84.848485,17130,2714,81.388889,,,,,
BASE,COLAPSO_LOGISTICO-NORMAL-N03,COLAPSO_LOGISTICO,NORMAL,50,3,6,48,RECOCIDO_SIMULADO,51.0809,4141,1535.601667,339.435,11.961667,0,0,true,true,90,84.848485,17656,2818,81.388889,175.526743,,,,
BASE,COLAPSO_LOGISTICO-NORMAL-N03,COLAPSO_LOGISTICO,NORMAL,50,3,7,49,RECOCIDO_SIMULADO,48.7016,3981,1444.295,348.628333,10.956667,0,0,true,true,88,81.818182,16954,2670,81.388889,138.501175,,,,
BASE,COLAPSO_LOGISTICO-NORMAL-N03,COLAPSO_LOGISTICO,NORMAL,50,3,7,49,GENETICO,832.9968,9060,1361.721667,326.055,10.356667,0,0,true,true,90,84.848485,16604,2578,81.388889,,,,,
BASE,COLAPSO_LOGISTICO-NORMAL-N03,COLAPSO_LOGISTICO,NORMAL,50,3,8,50,GENETICO,819.271,9060,1361.135,325.468333,10.356667,0,0,true,true,90,84.848485,17138,2710,81.388889,,,,,
BASE,COLAPSO_LOGISTICO-NORMAL-N03,COLAPSO_LOGISTICO,NORMAL,50,3,8,50,RECOCIDO_SIMULADO,45.4282,3701,1384.796667,337.13,10.476667,0,0,true,true,90,84.848485,17132,2680,81.388889,100.138383,,,,
BASE,COLAPSO_LOGISTICO-NORMAL-N03,COLAPSO_LOGISTICO,NORMAL,50,3,9,51,RECOCIDO_SIMULADO,51.8053,4181,1367.82,332.153333,10.356667,0,0,true,true,90,84.848485,17200,2728,81.388889,178.66379,,,,
BASE,COLAPSO_LOGISTICO-NORMAL-N03,COLAPSO_LOGISTICO,NORMAL,50,3,9,51,GENETICO,641.3914,9060,1359.825,324.158333,10.356667,0,0,true,true,90,84.848485,16826,2676,81.388889,,,,,
BASE,COLAPSO_LOGISTICO-NORMAL-N03,COLAPSO_LOGISTICO,NORMAL,50,3,10,52,GENETICO,615.7154,9060,1298.176667,324.01,9.741667,0,0,true,true,90,84.848485,16410,2572,81.388889,,,,,
BASE,COLAPSO_LOGISTICO-NORMAL-N03,COLAPSO_LOGISTICO,NORMAL,50,3,10,52,RECOCIDO_SIMULADO,55.2056,4181,1387.911667,352.245,10.356667,0,0,true,true,90,84.848485,18886,2928,81.388889,181.303662,,,,
BASE,COLAPSO_LOGISTICO-NORMAL-N03,COLAPSO_LOGISTICO,NORMAL,50,3,11,53,RECOCIDO_SIMULADO,38.9821,3181,1374.523333,338.856667,10.356667,0,0,true,true,90,84.848485,16574,2574,81.388889,51.522557,,,,
BASE,COLAPSO_LOGISTICO-NORMAL-N03,COLAPSO_LOGISTICO,NORMAL,50,3,11,53,GENETICO,786.0992,9060,1359.376667,323.71,10.356667,0,0,true,true,90,84.848485,17810,2832,81.388889,,,,,
BASE,COLAPSO_LOGISTICO-NORMAL-N03,COLAPSO_LOGISTICO,NORMAL,50,3,12,54,GENETICO,586.4272,9060,1359.175,323.508333,10.356667,0,0,true,true,90,84.848485,16894,2648,81.388889,,,,,
BASE,COLAPSO_LOGISTICO-NORMAL-N03,COLAPSO_LOGISTICO,NORMAL,50,3,12,54,RECOCIDO_SIMULADO,49.8728,4101,1377.308333,341.641667,10.356667,0,0,true,true,90,84.848485,18168,2812,81.388889,164.671823,,,,
BASE,COLAPSO_LOGISTICO-NORMAL-N03,COLAPSO_LOGISTICO,NORMAL,50,3,13,55,RECOCIDO_SIMULADO,49.1748,4021,1537.223333,343.89,11.933333,0,0,true,true,86,78.787879,17936,2820,81.388889,146.964519,,,,
BASE,COLAPSO_LOGISTICO-NORMAL-N03,COLAPSO_LOGISTICO,NORMAL,50,3,13,55,GENETICO,579.8355,9060,1359.286667,323.62,10.356667,0,0,true,true,90,84.848485,17202,2758,81.388889,,,,,
BASE,COLAPSO_LOGISTICO-NORMAL-N03,COLAPSO_LOGISTICO,NORMAL,50,3,14,56,GENETICO,755.8143,9060,1298.416667,324.25,9.741667,0,0,true,true,90,84.848485,17066,2722,81.388889,,,,,
BASE,COLAPSO_LOGISTICO-NORMAL-N03,COLAPSO_LOGISTICO,NORMAL,50,3,14,56,RECOCIDO_SIMULADO,36.9974,2941,1385.148333,349.481667,10.356667,0,0,true,true,90,84.848485,17202,2628,81.388889,36.285568,,,,
BASE,COLAPSO_LOGISTICO-NORMAL-N03,COLAPSO_LOGISTICO,NORMAL,50,3,15,57,RECOCIDO_SIMULADO,51.4635,4181,1529.481667,333.315,11.961667,0,0,true,true,90,84.848485,18416,2904,81.388889,179.13328,,,,
BASE,COLAPSO_LOGISTICO-NORMAL-N03,COLAPSO_LOGISTICO,NORMAL,50,3,15,57,GENETICO,606.5081,9060,1295.695,321.528333,9.741667,0,0,true,true,90,84.848485,16586,2620,81.388889,,,,,
BASE,COLAPSO_LOGISTICO-NORMAL-N03,COLAPSO_LOGISTICO,NORMAL,50,3,16,58,GENETICO,693.6121,9060,1355.73,320.063333,10.356667,0,0,true,true,90,84.848485,16238,2586,81.388889,,,,,
BASE,COLAPSO_LOGISTICO-NORMAL-N03,COLAPSO_LOGISTICO,NORMAL,50,3,16,58,RECOCIDO_SIMULADO,46.7138,3821,1527.176667,331.01,11.961667,0,0,true,true,90,84.848485,16256,2560,81.388889,114.295606,,,,
BASE,COLAPSO_LOGISTICO-NORMAL-N03,COLAPSO_LOGISTICO,NORMAL,50,3,17,59,RECOCIDO_SIMULADO,47.3481,3861,1335.03,360.863333,9.741667,0,0,true,true,90,84.848485,18422,2830,81.388889,120.646932,,,,
BASE,COLAPSO_LOGISTICO-NORMAL-N03,COLAPSO_LOGISTICO,NORMAL,50,3,17,59,GENETICO,754.5639,9060,1359.885,324.218333,10.356667,0,0,true,true,90,84.848485,16622,2612,81.388889,,,,,
BASE,COLAPSO_LOGISTICO-NORMAL-N03,COLAPSO_LOGISTICO,NORMAL,50,3,18,60,GENETICO,716.7321,9060,1303.345,329.178333,9.741667,0,0,true,true,90,84.848485,17768,2798,81.388889,,,,,
BASE,COLAPSO_LOGISTICO-NORMAL-N03,COLAPSO_LOGISTICO,NORMAL,50,3,18,60,RECOCIDO_SIMULADO,50.9866,4221,1480.648333,345.981667,11.346667,0,0,true,true,90,84.848485,18096,2886,81.388889,190.585649,,,,
BASE,COLAPSO_LOGISTICO-NORMAL-N03,COLAPSO_LOGISTICO,NORMAL,50,3,19,61,RECOCIDO_SIMULADO,48.9485,3981,1374.328333,338.661667,10.356667,0,0,true,true,90,84.848485,18854,2960,81.388889,141.31761,,,,
BASE,COLAPSO_LOGISTICO-NORMAL-N03,COLAPSO_LOGISTICO,NORMAL,50,3,19,61,GENETICO,798.8189,9060,1358.643333,322.976667,10.356667,0,0,true,true,90,84.848485,16788,2602,81.388889,,,,,
BASE,COLAPSO_LOGISTICO-NORMAL-N03,COLAPSO_LOGISTICO,NORMAL,50,3,20,62,GENETICO,700.5734,9060,1301.518333,327.351667,9.741667,0,0,true,true,90,84.848485,16936,2630,81.388889,,,,,
BASE,COLAPSO_LOGISTICO-NORMAL-N03,COLAPSO_LOGISTICO,NORMAL,50,3,20,62,RECOCIDO_SIMULADO,47.0598,3901,1478.996667,369.83,11.091667,0,0,true,true,90,84.848485,18278,2738,81.388889,126.328092,,,,
BASE,COLAPSO_LOGISTICO-NORMAL-N03,COLAPSO_LOGISTICO,NORMAL,50,3,21,63,RECOCIDO_SIMULADO,49.0843,4021,1422.526667,348.36,10.741667,0,0,true,true,90,84.848485,16766,2576,81.388889,148.57412,,,,
BASE,COLAPSO_LOGISTICO-NORMAL-N03,COLAPSO_LOGISTICO,NORMAL,50,3,21,63,GENETICO,721.6792,9060,1298.065,323.898333,9.741667,0,0,true,true,90,84.848485,17082,2698,81.388889,,,,,
BASE,COLAPSO_LOGISTICO-NORMAL-N03,COLAPSO_LOGISTICO,NORMAL,50,3,22,64,GENETICO,718.518,9060,1300.358333,326.191667,9.741667,0,0,true,true,90,84.848485,17358,2746,81.388889,,,,,
BASE,COLAPSO_LOGISTICO-NORMAL-N03,COLAPSO_LOGISTICO,NORMAL,50,3,22,64,RECOCIDO_SIMULADO,41.1171,3261,1374.34,338.673333,10.356667,0,0,true,true,90,84.848485,17330,2718,81.388889,56.344656,,,,
BASE,COLAPSO_LOGISTICO-NORMAL-N03,COLAPSO_LOGISTICO,NORMAL,50,3,23,65,RECOCIDO_SIMULADO,47.0279,3901,1391.5,343.833333,10.476667,0,0,true,true,90,84.848485,17902,2778,81.388889,129.922767,,,,
BASE,COLAPSO_LOGISTICO-NORMAL-N03,COLAPSO_LOGISTICO,NORMAL,50,3,23,65,GENETICO,627.3064,9060,1301.205,327.038333,9.741667,0,0,true,true,90,84.848485,17152,2690,81.388889,,,,,
BASE,COLAPSO_LOGISTICO-NORMAL-N03,COLAPSO_LOGISTICO,NORMAL,50,3,24,66,GENETICO,989.193,9060,1296.816667,322.65,9.741667,0,0,true,true,90,84.848485,16926,2718,81.388889,,,,,
BASE,COLAPSO_LOGISTICO-NORMAL-N03,COLAPSO_LOGISTICO,NORMAL,50,3,24,66,RECOCIDO_SIMULADO,47.2019,3821,1443.956667,349.123333,10.948333,0,0,true,true,88,81.818182,17878,2718,81.388889,112.184762,,,,
BASE,COLAPSO_LOGISTICO-NORMAL-N03,COLAPSO_LOGISTICO,NORMAL,50,3,25,67,RECOCIDO_SIMULADO,46.4111,3661,1325.648333,344.815,9.808333,0,0,true,true,88,81.818182,17480,2726,81.388889,91.828656,,,,
BASE,COLAPSO_LOGISTICO-NORMAL-N03,COLAPSO_LOGISTICO,NORMAL,50,3,25,67,GENETICO,791.5924,9060,1358.955,323.288333,10.356667,0,0,true,true,90,84.848485,17190,2702,81.388889,,,,,
BASE,COLAPSO_LOGISTICO-NORMAL-N03,COLAPSO_LOGISTICO,NORMAL,50,3,26,68,GENETICO,596.2198,9060,1355.77,320.103333,10.356667,0,0,true,true,90,84.848485,15710,2496,81.388889,,,,,
BASE,COLAPSO_LOGISTICO-NORMAL-N03,COLAPSO_LOGISTICO,NORMAL,50,3,26,68,RECOCIDO_SIMULADO,42.7216,3421,1441.555,367.388333,10.741667,0,0,true,true,90,84.848485,17766,2580,81.388889,67.939166,,,,
BASE,COLAPSO_LOGISTICO-NORMAL-N03,COLAPSO_LOGISTICO,NORMAL,50,3,27,69,RECOCIDO_SIMULADO,46.0456,3821,1423.096667,369.93,10.531667,0,0,true,true,88,81.818182,18308,2820,81.388889,113.694603,,,,
BASE,COLAPSO_LOGISTICO-NORMAL-N03,COLAPSO_LOGISTICO,NORMAL,50,3,27,69,GENETICO,640.0779,9060,1359.021667,323.355,10.356667,0,0,true,true,90,84.848485,17214,2744,81.388889,,,,,
BASE,COLAPSO_LOGISTICO-NORMAL-N03,COLAPSO_LOGISTICO,NORMAL,50,3,28,70,GENETICO,830.5656,9060,1297.768333,323.601667,9.741667,0,0,true,true,90,84.848485,16520,2556,81.388889,,,,,
BASE,COLAPSO_LOGISTICO-NORMAL-N03,COLAPSO_LOGISTICO,NORMAL,50,3,28,70,RECOCIDO_SIMULADO,51.658,4221,1469.77,360.603333,11.091667,0,0,true,true,90,84.848485,17852,2802,81.388889,187.958788,,,,
BASE,COLAPSO_LOGISTICO-NORMAL-N03,COLAPSO_LOGISTICO,NORMAL,50,3,29,71,RECOCIDO_SIMULADO,49.6988,4141,1400.421667,339.255,10.611667,0,0,true,true,90,84.848485,18066,2842,81.388889,171.081989,,,,
BASE,COLAPSO_LOGISTICO-NORMAL-N03,COLAPSO_LOGISTICO,NORMAL,50,3,29,71,GENETICO,744.9896,9060,1360.14,324.473333,10.356667,0,0,true,true,90,84.848485,16862,2676,81.388889,,,,,
BASE,COLAPSO_LOGISTICO-ALTA-N01,COLAPSO_LOGISTICO,ALTA,38,1,0,42,GENETICO,637.4151,9060,291.99,171.99,1.2,0,0,true,true,94.736842,92,12142,1786,42.447917,,,,,
BASE,COLAPSO_LOGISTICO-ALTA-N01,COLAPSO_LOGISTICO,ALTA,38,1,0,42,RECOCIDO_SIMULADO,19.6862,1901,298.736667,178.736667,1.2,0,0,true,true,94.736842,92,12928,1990,42.447917,9.864767,,,,
BASE,COLAPSO_LOGISTICO-ALTA-N01,COLAPSO_LOGISTICO,ALTA,38,1,1,43,RECOCIDO_SIMULADO,17.783,1741,298.686667,178.686667,1.2,0,0,true,true,94.736842,92,12928,1990,42.447917,8.015799,,,,
BASE,COLAPSO_LOGISTICO-ALTA-N01,COLAPSO_LOGISTICO,ALTA,38,1,1,43,GENETICO,794.7488,9060,291.235,171.235,1.2,0,0,true,true,94.736842,92,11746,1720,42.447917,,,,,
BASE,COLAPSO_LOGISTICO-ALTA-N01,COLAPSO_LOGISTICO,ALTA,38,1,2,44,GENETICO,534.1811,9060,292.295,172.295,1.2,0,0,true,true,94.736842,92,11898,1782,42.447917,,,,,
BASE,COLAPSO_LOGISTICO-ALTA-N01,COLAPSO_LOGISTICO,ALTA,38,1,2,44,RECOCIDO_SIMULADO,16.9022,1621,298.736667,178.736667,1.2,0,0,true,true,94.736842,92,12928,1990,42.447917,6.766671,,,,
BASE,COLAPSO_LOGISTICO-ALTA-N01,COLAPSO_LOGISTICO,ALTA,38,1,3,45,RECOCIDO_SIMULADO,15.1211,1421,298.586667,178.586667,1.2,0,0,true,true,94.736842,92,12928,1990,42.447917,5.171835,,,,
BASE,COLAPSO_LOGISTICO-ALTA-N01,COLAPSO_LOGISTICO,ALTA,38,1,3,45,GENETICO,702.1651,9060,292.145,172.145,1.2,0,0,true,true,94.736842,92,12166,1804,42.447917,,,,,
BASE,COLAPSO_LOGISTICO-ALTA-N01,COLAPSO_LOGISTICO,ALTA,38,1,4,46,GENETICO,807.2808,9060,292.05,172.05,1.2,0,0,true,true,94.736842,92,12292,1802,42.447917,,,,,
BASE,COLAPSO_LOGISTICO-ALTA-N01,COLAPSO_LOGISTICO,ALTA,38,1,4,46,RECOCIDO_SIMULADO,20.0181,1901,298.736667,178.736667,1.2,0,0,true,true,94.736842,92,12928,1990,42.447917,9.862478,,,,
BASE,COLAPSO_LOGISTICO-ALTA-N01,COLAPSO_LOGISTICO,ALTA,38,1,5,47,RECOCIDO_SIMULADO,18.2493,1741,298.881667,178.881667,1.2,0,0,true,true,94.736842,92,13164,2030,42.447917,7.996772,,,,
BASE,COLAPSO_LOGISTICO-ALTA-N01,COLAPSO_LOGISTICO,ALTA,38,1,5,47,GENETICO,908.7096,9060,290.541667,170.541667,1.2,0,0,true,true,94.736842,92,12174,1792,42.447917,,,,,
BASE,COLAPSO_LOGISTICO-ALTA-N01,COLAPSO_LOGISTICO,ALTA,38,1,6,48,GENETICO,545.4064,9060,291.676667,171.676667,1.2,0,0,true,true,94.736842,92,11800,1730,42.447917,,,,,
BASE,COLAPSO_LOGISTICO-ALTA-N01,COLAPSO_LOGISTICO,ALTA,38,1,6,48,RECOCIDO_SIMULADO,17.1715,1661,298.736667,178.736667,1.2,0,0,true,true,94.736842,92,12928,1990,42.447917,7.301014,,,,
BASE,COLAPSO_LOGISTICO-ALTA-N01,COLAPSO_LOGISTICO,ALTA,38,1,7,49,RECOCIDO_SIMULADO,17.9438,1621,298.736667,178.736667,1.2,0,0,true,true,94.736842,92,12928,1990,42.447917,6.714382,,,,
BASE,COLAPSO_LOGISTICO-ALTA-N01,COLAPSO_LOGISTICO,ALTA,38,1,7,49,GENETICO,556.3403,9060,292.01,172.01,1.2,0,0,true,true,94.736842,92,11780,1760,42.447917,,,,,
BASE,COLAPSO_LOGISTICO-ALTA-N01,COLAPSO_LOGISTICO,ALTA,38,1,8,50,GENETICO,1013.131,9060,292.256667,172.256667,1.2,0,0,true,true,94.736842,92,12562,1872,42.447917,,,,,
BASE,COLAPSO_LOGISTICO-ALTA-N01,COLAPSO_LOGISTICO,ALTA,38,1,8,50,RECOCIDO_SIMULADO,17.236,1661,299.031667,179.031667,1.2,0,0,true,true,94.736842,92,13164,2030,42.447917,7.221167,,,,
BASE,COLAPSO_LOGISTICO-ALTA-N01,COLAPSO_LOGISTICO,ALTA,38,1,9,51,RECOCIDO_SIMULADO,20.672,2021,298.736667,178.736667,1.2,0,0,true,true,94.736842,92,12928,1990,42.447917,11.27899,,,,
BASE,COLAPSO_LOGISTICO-ALTA-N01,COLAPSO_LOGISTICO,ALTA,38,1,9,51,GENETICO,827.1692,9060,291.676667,171.676667,1.2,0,0,true,true,94.736842,92,12186,1814,42.447917,,,,,
BASE,COLAPSO_LOGISTICO-ALTA-N01,COLAPSO_LOGISTICO,ALTA,38,1,10,52,GENETICO,690.579,9060,292.041667,172.041667,1.2,0,0,true,true,94.736842,92,12370,1858,42.447917,,,,,
BASE,COLAPSO_LOGISTICO-ALTA-N01,COLAPSO_LOGISTICO,ALTA,38,1,10,52,RECOCIDO_SIMULADO,17.84,1741,299.031667,179.031667,1.2,0,0,true,true,94.736842,92,13164,2030,42.447917,7.866191,,,,
BASE,COLAPSO_LOGISTICO-ALTA-N01,COLAPSO_LOGISTICO,ALTA,38,1,11,53,RECOCIDO_SIMULADO,16.9114,1621,298.631667,178.631667,1.2,0,0,true,true,94.736842,92,13164,2030,42.447917,6.702403,,,,
BASE,COLAPSO_LOGISTICO-ALTA-N01,COLAPSO_LOGISTICO,ALTA,38,1,11,53,GENETICO,988.2337,9060,291.915,171.915,1.2,0,0,true,true,94.736842,92,12182,1800,42.447917,,,,,
BASE,COLAPSO_LOGISTICO-ALTA-N01,COLAPSO_LOGISTICO,ALTA,38,1,12,54,GENETICO,575.9921,9060,291.836667,171.836667,1.2,0,0,true,true,94.736842,92,12362,1832,42.447917,,,,,
BASE,COLAPSO_LOGISTICO-ALTA-N01,COLAPSO_LOGISTICO,ALTA,38,1,12,54,RECOCIDO_SIMULADO,17.049,1541,298.456667,178.456667,1.2,0,0,true,true,94.736842,92,13110,2042,42.447917,6.222768,,,,
BASE,COLAPSO_LOGISTICO-ALTA-N01,COLAPSO_LOGISTICO,ALTA,38,1,13,55,RECOCIDO_SIMULADO,18.3352,1741,299.031667,179.031667,1.2,0,0,true,true,94.736842,92,13164,2030,42.447917,7.948806,,,,
BASE,COLAPSO_LOGISTICO-ALTA-N01,COLAPSO_LOGISTICO,ALTA,38,1,13,55,GENETICO,828.7761,9060,291.786667,171.786667,1.2,0,0,true,true,94.736842,92,12344,1808,42.447917,,,,,
BASE,COLAPSO_LOGISTICO-ALTA-N01,COLAPSO_LOGISTICO,ALTA,38,1,14,56,GENETICO,787.5866,9060,291.88,171.88,1.2,0,0,true,true,94.736842,92,12422,1832,42.447917,,,,,
BASE,COLAPSO_LOGISTICO-ALTA-N01,COLAPSO_LOGISTICO,ALTA,38,1,14,56,RECOCIDO_SIMULADO,19.3397,1901,298.736667,178.736667,1.2,0,0,true,true,94.736842,92,12928,1990,42.447917,9.929115,,,,
BASE,COLAPSO_LOGISTICO-ALTA-N01,COLAPSO_LOGISTICO,ALTA,38,1,15,57,RECOCIDO_SIMULADO,16.6292,1621,298.336667,178.336667,1.2,0,0,true,true,94.736842,92,12928,1990,42.447917,7.000362,,,,
BASE,COLAPSO_LOGISTICO-ALTA-N01,COLAPSO_LOGISTICO,ALTA,38,1,15,57,GENETICO,565.9126,9060,292.451667,172.451667,1.2,0,0,true,true,94.736842,92,12020,1746,42.447917,,,,,
BASE,COLAPSO_LOGISTICO-ALTA-N01,COLAPSO_LOGISTICO,ALTA,38,1,16,58,GENETICO,730.6103,9060,291.663333,171.663333,1.2,0,0,true,true,94.736842,92,12412,1854,42.447917,,,,,
BASE,COLAPSO_LOGISTICO-ALTA-N01,COLAPSO_LOGISTICO,ALTA,38,1,16,58,RECOCIDO_SIMULADO,15.017,1421,299.031667,179.031667,1.2,0,0,true,true,94.736842,92,13164,2030,42.447917,5.24194,,,,
BASE,COLAPSO_LOGISTICO-ALTA-N01,COLAPSO_LOGISTICO,ALTA,38,1,17,59,RECOCIDO_SIMULADO,15.2194,1301,299.031667,179.031667,1.2,0,0,true,true,94.736842,92,13164,2030,42.447917,4.485333,,,,
BASE,COLAPSO_LOGISTICO-ALTA-N01,COLAPSO_LOGISTICO,ALTA,38,1,17,59,GENETICO,691.2102,9060,291.871667,171.871667,1.2,0,0,true,true,94.736842,92,12318,1810,42.447917,,,,,
BASE,COLAPSO_LOGISTICO-ALTA-N01,COLAPSO_LOGISTICO,ALTA,38,1,18,60,GENETICO,680.8417,9060,292.83,172.83,1.2,0,0,true,true,94.736842,92,12092,1760,42.447917,,,,,
BASE,COLAPSO_LOGISTICO-ALTA-N01,COLAPSO_LOGISTICO,ALTA,38,1,18,60,RECOCIDO_SIMULADO,16.6545,1581,299.031667,179.031667,1.2,0,0,true,true,94.736842,92,13164,2030,42.447917,6.371313,,,,
BASE,COLAPSO_LOGISTICO-ALTA-N01,COLAPSO_LOGISTICO,ALTA,38,1,19,61,RECOCIDO_SIMULADO,21.1011,2101,299.031667,179.031667,1.2,0,0,true,true,94.736842,92,13164,2030,42.447917,12.731297,,,,
BASE,COLAPSO_LOGISTICO-ALTA-N01,COLAPSO_LOGISTICO,ALTA,38,1,19,61,GENETICO,1136.0791,9060,291.066667,171.066667,1.2,0,0,true,true,94.736842,92,11942,1766,42.447917,,,,,
BASE,COLAPSO_LOGISTICO-ALTA-N01,COLAPSO_LOGISTICO,ALTA,38,1,20,62,GENETICO,1040.0366,9060,290.67,170.67,1.2,0,0,true,true,94.736842,92,11726,1718,42.447917,,,,,
BASE,COLAPSO_LOGISTICO-ALTA-N01,COLAPSO_LOGISTICO,ALTA,38,1,20,62,RECOCIDO_SIMULADO,23.3749,2301,299.031667,179.031667,1.2,0,0,true,true,94.736842,92,13164,2030,42.447917,16.468232,,,,
BASE,COLAPSO_LOGISTICO-ALTA-N01,COLAPSO_LOGISTICO,ALTA,38,1,21,63,RECOCIDO_SIMULADO,23.2826,2261,298.736667,178.736667,1.2,0,0,true,true,94.736842,92,12928,1990,42.447917,15.471757,,,,
BASE,COLAPSO_LOGISTICO-ALTA-N01,COLAPSO_LOGISTICO,ALTA,38,1,21,63,GENETICO,941.9189,9060,292.581667,172.581667,1.2,0,0,true,true,94.736842,92,12164,1818,42.447917,,,,,
BASE,COLAPSO_LOGISTICO-ALTA-N01,COLAPSO_LOGISTICO,ALTA,38,1,22,64,GENETICO,756.4554,9060,292.146667,172.146667,1.2,0,0,true,true,94.736842,92,12518,1854,42.447917,,,,,
BASE,COLAPSO_LOGISTICO-ALTA-N01,COLAPSO_LOGISTICO,ALTA,38,1,22,64,RECOCIDO_SIMULADO,15.55,1461,298.736667,178.736667,1.2,0,0,true,true,94.736842,92,12928,1990,42.447917,5.471877,,,,
BASE,COLAPSO_LOGISTICO-ALTA-N01,COLAPSO_LOGISTICO,ALTA,38,1,23,65,RECOCIDO_SIMULADO,17.3557,1661,298.736667,178.736667,1.2,0,0,true,true,94.736842,92,12928,1990,42.447917,7.1477,,,,
BASE,COLAPSO_LOGISTICO-ALTA-N01,COLAPSO_LOGISTICO,ALTA,38,1,23,65,GENETICO,915.6441,9060,291.811667,171.811667,1.2,0,0,true,true,94.736842,92,12254,1820,42.447917,,,,,
BASE,COLAPSO_LOGISTICO-ALTA-N01,COLAPSO_LOGISTICO,ALTA,38,1,24,66,GENETICO,905.7983,9060,292.61,172.61,1.2,0,0,true,true,94.736842,92,12526,1836,42.447917,,,,,
BASE,COLAPSO_LOGISTICO-ALTA-N01,COLAPSO_LOGISTICO,ALTA,38,1,24,66,RECOCIDO_SIMULADO,17.7813,1741,298.881667,178.881667,1.2,0,0,true,true,94.736842,92,13164,2030,42.447917,8.071194,,,,
BASE,COLAPSO_LOGISTICO-ALTA-N01,COLAPSO_LOGISTICO,ALTA,38,1,25,67,RECOCIDO_SIMULADO,14.9687,1381,299.031667,179.031667,1.2,0,0,true,true,94.736842,92,13164,2030,42.447917,5.026983,,,,
BASE,COLAPSO_LOGISTICO-ALTA-N01,COLAPSO_LOGISTICO,ALTA,38,1,25,67,GENETICO,938.2963,9060,291.996667,171.996667,1.2,0,0,true,true,94.736842,92,12118,1824,42.447917,,,,,
BASE,COLAPSO_LOGISTICO-ALTA-N01,COLAPSO_LOGISTICO,ALTA,38,1,26,68,GENETICO,1056.9468,9060,291.018333,171.018333,1.2,0,0,true,true,94.736842,92,12452,1844,42.447917,,,,,
BASE,COLAPSO_LOGISTICO-ALTA-N01,COLAPSO_LOGISTICO,ALTA,38,1,26,68,RECOCIDO_SIMULADO,17.5505,1701,298.611667,178.611667,1.2,0,0,true,true,94.736842,92,13116,2022,42.447917,7.4805,,,,
BASE,COLAPSO_LOGISTICO-ALTA-N01,COLAPSO_LOGISTICO,ALTA,38,1,27,69,RECOCIDO_SIMULADO,18.1516,1741,299.031667,179.031667,1.2,0,0,true,true,94.736842,92,13164,2030,42.447917,8.119113,,,,
BASE,COLAPSO_LOGISTICO-ALTA-N01,COLAPSO_LOGISTICO,ALTA,38,1,27,69,GENETICO,1013.5847,9060,290.956667,170.956667,1.2,0,0,true,true,94.736842,92,12414,1848,42.447917,,,,,
BASE,COLAPSO_LOGISTICO-ALTA-N01,COLAPSO_LOGISTICO,ALTA,38,1,28,70,GENETICO,972.1171,9060,290.605,170.605,1.2,0,0,true,true,94.736842,92,11778,1718,42.447917,,,,,
BASE,COLAPSO_LOGISTICO-ALTA-N01,COLAPSO_LOGISTICO,ALTA,38,1,28,70,RECOCIDO_SIMULADO,14.7291,1421,298.736667,178.736667,1.2,0,0,true,true,94.736842,92,12928,1990,42.447917,5.221059,,,,
BASE,COLAPSO_LOGISTICO-ALTA-N01,COLAPSO_LOGISTICO,ALTA,38,1,29,71,RECOCIDO_SIMULADO,18.5512,1701,298.736667,178.736667,1.2,0,0,true,true,94.736842,92,12928,1990,42.447917,7.496762,,,,
BASE,COLAPSO_LOGISTICO-ALTA-N01,COLAPSO_LOGISTICO,ALTA,38,1,29,71,GENETICO,851.8546,9060,291.386667,171.386667,1.2,0,0,true,true,94.736842,92,12290,1852,42.447917,,,,,
BASE,COLAPSO_LOGISTICO-ALTA-N02,COLAPSO_LOGISTICO,ALTA,56,2,0,42,GENETICO,370.4261,9060,1338.31,323.31,10.15,0,0,true,true,92.857143,88.571429,16378,2652,72.135417,,,,,
BASE,COLAPSO_LOGISTICO-ALTA-N02,COLAPSO_LOGISTICO,ALTA,56,2,0,42,RECOCIDO_SIMULADO,37.4686,2901,1344.773333,329.773333,10.15,0,0,true,true,92.857143,88.571429,16594,2574,72.135417,35.380536,,,,
BASE,COLAPSO_LOGISTICO-ALTA-N02,COLAPSO_LOGISTICO,ALTA,56,2,1,43,RECOCIDO_SIMULADO,43.708,3341,1344.773333,329.773333,10.15,0,0,true,true,92.857143,88.571429,16594,2574,72.135417,60.811505,,,,
BASE,COLAPSO_LOGISTICO-ALTA-N02,COLAPSO_LOGISTICO,ALTA,56,2,1,43,GENETICO,433.5284,9060,1337.135,322.135,10.15,0,0,true,true,92.857143,88.571429,16670,2674,72.135417,,,,,
BASE,COLAPSO_LOGISTICO-ALTA-N02,COLAPSO_LOGISTICO,ALTA,56,2,2,44,GENETICO,291.1179,9060,1335.708333,320.708333,10.15,0,0,true,true,92.857143,88.571429,16190,2624,72.135417,,,,,
BASE,COLAPSO_LOGISTICO-ALTA-N02,COLAPSO_LOGISTICO,ALTA,56,2,2,44,RECOCIDO_SIMULADO,32.2688,2421,1344.773333,329.773333,10.15,0,0,true,true,92.857143,88.571429,16594,2574,72.135417,19.297168,,,,
BASE,COLAPSO_LOGISTICO-ALTA-N02,COLAPSO_LOGISTICO,ALTA,56,2,3,45,RECOCIDO_SIMULADO,40.2806,3061,1344.773333,329.773333,10.15,0,0,true,true,92.857143,88.571429,16594,2574,72.135417,42.30452,,,,
BASE,COLAPSO_LOGISTICO-ALTA-N02,COLAPSO_LOGISTICO,ALTA,56,2,3,45,GENETICO,415.5735,9060,1332.373333,317.373333,10.15,0,0,true,true,92.857143,88.571429,15816,2570,72.135417,,,,,
BASE,COLAPSO_LOGISTICO-ALTA-N02,COLAPSO_LOGISTICO,ALTA,56,2,4,46,GENETICO,359.1488,9060,1335.03,320.03,10.15,0,0,true,true,92.857143,88.571429,16014,2612,72.135417,,,,,
BASE,COLAPSO_LOGISTICO-ALTA-N02,COLAPSO_LOGISTICO,ALTA,56,2,4,46,RECOCIDO_SIMULADO,37.3,2861,1343.973333,328.973333,10.15,0,0,true,true,92.857143,88.571429,16594,2574,72.135417,33.671237,,,,
BASE,COLAPSO_LOGISTICO-ALTA-N02,COLAPSO_LOGISTICO,ALTA,56,2,5,47,RECOCIDO_SIMULADO,44.2319,3421,1344.773333,329.773333,10.15,0,0,true,true,92.857143,88.571429,16594,2574,72.135417,67.735267,,,,
BASE,COLAPSO_LOGISTICO-ALTA-N02,COLAPSO_LOGISTICO,ALTA,56,2,5,47,GENETICO,299.5437,9060,1335.276667,320.276667,10.15,0,0,true,true,92.857143,88.571429,16122,2594,72.135417,,,,,
BASE,COLAPSO_LOGISTICO-ALTA-N02,COLAPSO_LOGISTICO,ALTA,56,2,6,48,GENETICO,340.8472,9060,1337.438333,322.438333,10.15,0,0,true,true,92.857143,88.571429,16664,2690,72.135417,,,,,
BASE,COLAPSO_LOGISTICO-ALTA-N02,COLAPSO_LOGISTICO,ALTA,56,2,6,48,RECOCIDO_SIMULADO,29.3304,2221,1344.773333,329.773333,10.15,0,0,true,true,92.857143,88.571429,16594,2574,72.135417,14.944622,,,,
BASE,COLAPSO_LOGISTICO-ALTA-N02,COLAPSO_LOGISTICO,ALTA,56,2,7,49,RECOCIDO_SIMULADO,32.4765,2501,1344.773333,329.773333,10.15,0,0,true,true,92.857143,88.571429,16594,2574,72.135417,20.873108,,,,
BASE,COLAPSO_LOGISTICO-ALTA-N02,COLAPSO_LOGISTICO,ALTA,56,2,7,49,GENETICO,364.2606,9060,1335.74,320.74,10.15,0,0,true,true,92.857143,88.571429,16540,2658,72.135417,,,,,
BASE,COLAPSO_LOGISTICO-ALTA-N02,COLAPSO_LOGISTICO,ALTA,56,2,8,50,GENETICO,389.6756,9060,1337.905,322.905,10.15,0,0,true,true,92.857143,88.571429,16804,2684,72.135417,,,,,
BASE,COLAPSO_LOGISTICO-ALTA-N02,COLAPSO_LOGISTICO,ALTA,56,2,8,50,RECOCIDO_SIMULADO,37.342,2861,1343.973333,328.973333,10.15,0,0,true,true,92.857143,88.571429,16594,2574,72.135417,33.90647,,,,
BASE,COLAPSO_LOGISTICO-ALTA-N02,COLAPSO_LOGISTICO,ALTA,56,2,9,51,RECOCIDO_SIMULADO,48.7301,3741,1344.773333,329.773333,10.15,0,0,true,true,92.857143,88.571429,16594,2574,72.135417,105.284575,,,,
BASE,COLAPSO_LOGISTICO-ALTA-N02,COLAPSO_LOGISTICO,ALTA,56,2,9,51,GENETICO,408.8606,9060,1334.491667,319.491667,10.15,0,0,true,true,92.857143,88.571429,15862,2562,72.135417,,,,,
BASE,COLAPSO_LOGISTICO-ALTA-N02,COLAPSO_LOGISTICO,ALTA,56,2,10,52,GENETICO,480.8617,9060,1334.755,319.755,10.15,0,0,true,true,92.857143,88.571429,16168,2624,72.135417,,,,,
BASE,COLAPSO_LOGISTICO-ALTA-N02,COLAPSO_LOGISTICO,ALTA,56,2,10,52,RECOCIDO_SIMULADO,32.4005,2461,1344.773333,329.773333,10.15,0,0,true,true,92.857143,88.571429,16594,2574,72.135417,19.758548,,,,
BASE,COLAPSO_LOGISTICO-ALTA-N02,COLAPSO_LOGISTICO,ALTA,56,2,11,53,RECOCIDO_SIMULADO,35.9348,2821,1344.773333,329.773333,10.15,0,0,true,true,92.857143,88.571429,16594,2574,72.135417,32.576108,,,,
BASE,COLAPSO_LOGISTICO-ALTA-N02,COLAPSO_LOGISTICO,ALTA,56,2,11,53,GENETICO,404.3998,9060,1333.253333,318.253333,10.15,0,0,true,true,92.857143,88.571429,15634,2532,72.135417,,,,,
BASE,COLAPSO_LOGISTICO-ALTA-N02,COLAPSO_LOGISTICO,ALTA,56,2,12,54,GENETICO,397.5748,9060,1334.765,319.765,10.15,0,0,true,true,92.857143,88.571429,16108,2598,72.135417,,,,,
BASE,COLAPSO_LOGISTICO-ALTA-N02,COLAPSO_LOGISTICO,ALTA,56,2,12,54,RECOCIDO_SIMULADO,47.3021,3701,1344.773333,329.773333,10.15,0,0,true,true,92.857143,88.571429,16594,2574,72.135417,100.143745,,,,
BASE,COLAPSO_LOGISTICO-ALTA-N02,COLAPSO_LOGISTICO,ALTA,56,2,13,55,RECOCIDO_SIMULADO,37.2678,2901,1344.773333,329.773333,10.15,0,0,true,true,92.857143,88.571429,16594,2574,72.135417,34.67283,,,,
BASE,COLAPSO_LOGISTICO-ALTA-N02,COLAPSO_LOGISTICO,ALTA,56,2,13,55,GENETICO,312.1109,9060,1335.451667,320.451667,10.15,0,0,true,true,92.857143,88.571429,16146,2602,72.135417,,,,,
BASE,COLAPSO_LOGISTICO-ALTA-N02,COLAPSO_LOGISTICO,ALTA,56,2,14,56,GENETICO,390.5937,9060,1334.27,319.27,10.15,0,0,true,true,92.857143,88.571429,16154,2616,72.135417,,,,,
BASE,COLAPSO_LOGISTICO-ALTA-N02,COLAPSO_LOGISTICO,ALTA,56,2,14,56,RECOCIDO_SIMULADO,47.7457,3661,1344.773333,329.773333,10.15,0,0,true,true,92.857143,88.571429,16594,2574,72.135417,94.782417,,,,
BASE,COLAPSO_LOGISTICO-ALTA-N02,COLAPSO_LOGISTICO,ALTA,56,2,15,57,RECOCIDO_SIMULADO,46.9553,3661,1343.973333,328.973333,10.15,0,0,true,true,92.857143,88.571429,16594,2574,72.135417,93.765587,,,,
BASE,COLAPSO_LOGISTICO-ALTA-N02,COLAPSO_LOGISTICO,ALTA,56,2,15,57,GENETICO,319.5394,9060,1336.031667,321.031667,10.15,0,0,true,true,92.857143,88.571429,16082,2592,72.135417,,,,,
BASE,COLAPSO_LOGISTICO-ALTA-N02,COLAPSO_LOGISTICO,ALTA,56,2,16,58,GENETICO,549.193,9060,1332.43,317.43,10.15,0,0,true,true,92.857143,88.571429,16120,2626,72.135417,,,,,
BASE,COLAPSO_LOGISTICO-ALTA-N02,COLAPSO_LOGISTICO,ALTA,56,2,16,58,RECOCIDO_SIMULADO,43.1423,3381,1344.773333,329.773333,10.15,0,0,true,true,92.857143,88.571429,16594,2574,72.135417,64.473439,,,,
BASE,COLAPSO_LOGISTICO-ALTA-N02,COLAPSO_LOGISTICO,ALTA,56,2,17,59,RECOCIDO_SIMULADO,38.5114,2861,1344.773333,329.773333,10.15,0,0,true,true,92.857143,88.571429,16594,2574,72.135417,34.265096,,,,
BASE,COLAPSO_LOGISTICO-ALTA-N02,COLAPSO_LOGISTICO,ALTA,56,2,17,59,GENETICO,322.0727,9060,1335.833333,320.833333,10.15,0,0,true,true,92.857143,88.571429,15876,2530,72.135417,,,,,
BASE,COLAPSO_LOGISTICO-ALTA-N02,COLAPSO_LOGISTICO,ALTA,56,2,18,60,GENETICO,468.2033,9060,1333.808333,318.808333,10.15,0,0,true,true,92.857143,88.571429,15734,2508,72.135417,,,,,
BASE,COLAPSO_LOGISTICO-ALTA-N02,COLAPSO_LOGISTICO,ALTA,56,2,18,60,RECOCIDO_SIMULADO,42.3035,3261,1344.773333,329.773333,10.15,0,0,true,true,92.857143,88.571429,16594,2574,72.135417,56.429784,,,,
BASE,COLAPSO_LOGISTICO-ALTA-N02,COLAPSO_LOGISTICO,ALTA,56,2,19,61,RECOCIDO_SIMULADO,32.553,2501,1344.773333,329.773333,10.15,0,0,true,true,92.857143,88.571429,16594,2574,72.135417,21.32618,,,,
BASE,COLAPSO_LOGISTICO-ALTA-N02,COLAPSO_LOGISTICO,ALTA,56,2,19,61,GENETICO,357.8897,9060,1335.335,320.335,10.15,0,0,true,true,92.857143,88.571429,16390,2654,72.135417,,,,,
BASE,COLAPSO_LOGISTICO-ALTA-N02,COLAPSO_LOGISTICO,ALTA,56,2,20,62,GENETICO,281.5287,9060,1337.59,322.59,10.15,0,0,true,true,92.857143,88.571429,16322,2598,72.135417,,,,,
BASE,COLAPSO_LOGISTICO-ALTA-N02,COLAPSO_LOGISTICO,ALTA,56,2,20,62,RECOCIDO_SIMULADO,47.1564,3621,1344.773333,329.773333,10.15,0,0,true,true,92.857143,88.571429,16594,2574,72.135417,88.292932,,,,
BASE,COLAPSO_LOGISTICO-ALTA-N02,COLAPSO_LOGISTICO,ALTA,56,2,21,63,RECOCIDO_SIMULADO,30.0543,2261,1344.773333,329.773333,10.15,0,0,true,true,92.857143,88.571429,16594,2574,72.135417,15.829015,,,,
BASE,COLAPSO_LOGISTICO-ALTA-N02,COLAPSO_LOGISTICO,ALTA,56,2,21,63,GENETICO,411.658,9060,1335.438333,320.438333,10.15,0,0,true,true,92.857143,88.571429,16062,2600,72.135417,,,,,
BASE,COLAPSO_LOGISTICO-ALTA-N02,COLAPSO_LOGISTICO,ALTA,56,2,22,64,GENETICO,687.6935,9060,1332.67,317.67,10.15,0,0,true,true,92.857143,88.571429,15798,2540,72.135417,,,,,
BASE,COLAPSO_LOGISTICO-ALTA-N02,COLAPSO_LOGISTICO,ALTA,56,2,22,64,RECOCIDO_SIMULADO,39.0454,3021,1344.773333,329.773333,10.15,0,0,true,true,92.857143,88.571429,16594,2574,72.135417,42.219725,,,,
BASE,COLAPSO_LOGISTICO-ALTA-N02,COLAPSO_LOGISTICO,ALTA,56,2,23,65,RECOCIDO_SIMULADO,36.6357,2741,1344.773333,329.773333,10.15,0,0,true,true,92.857143,88.571429,16594,2574,72.135417,28.66427,,,,
BASE,COLAPSO_LOGISTICO-ALTA-N02,COLAPSO_LOGISTICO,ALTA,56,2,23,65,GENETICO,358.2923,9060,1335.321667,320.321667,10.15,0,0,true,true,92.857143,88.571429,16054,2584,72.135417,,,,,
BASE,COLAPSO_LOGISTICO-ALTA-N02,COLAPSO_LOGISTICO,ALTA,56,2,24,66,GENETICO,317.1874,9060,1338.048333,323.048333,10.15,0,0,true,true,92.857143,88.571429,16376,2650,72.135417,,,,,
BASE,COLAPSO_LOGISTICO-ALTA-N02,COLAPSO_LOGISTICO,ALTA,56,2,24,66,RECOCIDO_SIMULADO,44.5187,3421,1344.773333,329.773333,10.15,0,0,true,true,92.857143,88.571429,16594,2574,72.135417,67.570159,,,,
BASE,COLAPSO_LOGISTICO-ALTA-N02,COLAPSO_LOGISTICO,ALTA,56,2,25,67,RECOCIDO_SIMULADO,34.7185,2661,1344.773333,329.773333,10.15,0,0,true,true,92.857143,88.571429,16594,2574,72.135417,25.827891,,,,
BASE,COLAPSO_LOGISTICO-ALTA-N02,COLAPSO_LOGISTICO,ALTA,56,2,25,67,GENETICO,537.8087,9060,1333.155,318.155,10.15,0,0,true,true,92.857143,88.571429,15704,2532,72.135417,,,,,
BASE,COLAPSO_LOGISTICO-ALTA-N02,COLAPSO_LOGISTICO,ALTA,56,2,26,68,GENETICO,308.7866,9060,1338.113333,323.113333,10.15,0,0,true,true,92.857143,88.571429,15896,2574,72.135417,,,,,
BASE,COLAPSO_LOGISTICO-ALTA-N02,COLAPSO_LOGISTICO,ALTA,56,2,26,68,RECOCIDO_SIMULADO,44.3176,3461,1344.773333,329.773333,10.15,0,0,true,true,92.857143,88.571429,16594,2574,72.135417,72.061811,,,,
BASE,COLAPSO_LOGISTICO-ALTA-N02,COLAPSO_LOGISTICO,ALTA,56,2,27,69,RECOCIDO_SIMULADO,47.4824,3501,1344.773333,329.773333,10.15,0,0,true,true,92.857143,88.571429,16594,2574,72.135417,76.483747,,,,
BASE,COLAPSO_LOGISTICO-ALTA-N02,COLAPSO_LOGISTICO,ALTA,56,2,27,69,GENETICO,572.4259,9060,1331.54,316.54,10.15,0,0,true,true,92.857143,88.571429,15454,2492,72.135417,,,,,
BASE,COLAPSO_LOGISTICO-ALTA-N02,COLAPSO_LOGISTICO,ALTA,56,2,28,70,GENETICO,433.6605,9060,1333.203333,318.203333,10.15,0,0,true,true,92.857143,88.571429,16140,2612,72.135417,,,,,
BASE,COLAPSO_LOGISTICO-ALTA-N02,COLAPSO_LOGISTICO,ALTA,56,2,28,70,RECOCIDO_SIMULADO,46.5567,3541,1344.613333,329.613333,10.15,0,0,true,true,92.857143,88.571429,16594,2574,72.135417,81.590934,,,,
BASE,COLAPSO_LOGISTICO-ALTA-N02,COLAPSO_LOGISTICO,ALTA,56,2,29,71,RECOCIDO_SIMULADO,40.3141,3141,1344.773333,329.773333,10.15,0,0,true,true,92.857143,88.571429,16594,2574,72.135417,46.876956,,,,
BASE,COLAPSO_LOGISTICO-ALTA-N02,COLAPSO_LOGISTICO,ALTA,56,2,29,71,GENETICO,301.1616,9060,1336.443333,321.443333,10.15,0,0,true,true,92.857143,88.571429,16370,2634,72.135417,,,,,
BASE,COLAPSO_LOGISTICO-ALTA-N03,COLAPSO_LOGISTICO,ALTA,75,3,0,42,GENETICO,950.0686,9060,76598.423333,607.59,59.908333,14,0,true,true,62.666667,45.238095,17818,2954,92.134831,,,,,
BASE,COLAPSO_LOGISTICO-ALTA-N03,COLAPSO_LOGISTICO,ALTA,75,3,0,42,RECOCIDO_SIMULADO,160.0962,4101,107191.551667,559.718333,66.318333,20,0,true,true,48,52.380952,17784,2794,86.797753,168.016068,,,,
BASE,COLAPSO_LOGISTICO-ALTA-N03,COLAPSO_LOGISTICO,ALTA,75,3,1,43,RECOCIDO_SIMULADO,161.985,4181,107187.93,576.096667,66.118333,20,0,true,true,49.333333,54.761905,17876,2794,86.797753,185.859253,,,,
BASE,COLAPSO_LOGISTICO-ALTA-N03,COLAPSO_LOGISTICO,ALTA,75,3,1,43,GENETICO,840.5977,9060,79330.17,592.836667,37.373333,15,0,true,true,66.666667,45.238095,19354,3164,92.134831,,,,,
BASE,COLAPSO_LOGISTICO-ALTA-N03,COLAPSO_LOGISTICO,ALTA,75,3,2,44,GENETICO,930.6192,9060,80302.616667,577.95,47.246667,15,0,true,true,66.666667,52.380952,18952,3102,92.696629,,,,,
BASE,COLAPSO_LOGISTICO-ALTA-N03,COLAPSO_LOGISTICO,ALTA,75,3,2,44,RECOCIDO_SIMULADO,167.14,4501,97658.86,582.86,70.76,18,0,true,true,50.666667,52.380952,18864,3018,91.011236,269.516951,,,,
BASE,COLAPSO_LOGISTICO-ALTA-N03,COLAPSO_LOGISTICO,ALTA,75,3,3,45,RECOCIDO_SIMULADO,164.9144,4341,102241.475,568.475,66.73,19,0,true,true,50.666667,54.761905,17958,2832,89.044944,220.496502,,,,
BASE,COLAPSO_LOGISTICO-ALTA-N03,COLAPSO_LOGISTICO,ALTA,75,3,3,45,GENETICO,924.3222,9060,80578.701667,599.201667,49.795,15,0,true,true,64,42.857143,19032,3058,89.88764,,,,,
BASE,COLAPSO_LOGISTICO-ALTA-N03,COLAPSO_LOGISTICO,ALTA,75,3,4,46,GENETICO,977.5079,9060,79598.368333,595.201667,40.031667,15,0,true,true,65.333333,47.619048,18052,2918,91.011236,,,,,
BASE,COLAPSO_LOGISTICO-ALTA-N03,COLAPSO_LOGISTICO,ALTA,75,3,4,46,RECOCIDO_SIMULADO,155.8124,4061,102459.741667,570.408333,68.893333,19,0,true,true,49.333333,52.380952,17556,2844,89.044944,155.327204,,,,
BASE,COLAPSO_LOGISTICO-ALTA-N03,COLAPSO_LOGISTICO,ALTA,75,3,5,47,RECOCIDO_SIMULADO,172.9299,4621,97403.811667,585.811667,68.18,18,0,true,true,50.666667,52.380952,18940,3012,90.730337,319.403535,,,,
BASE,COLAPSO_LOGISTICO-ALTA-N03,COLAPSO_LOGISTICO,ALTA,75,3,5,47,GENETICO,864.2751,9060,81001.858333,598.358333,54.035,15,0,true,true,65.333333,47.619048,18780,3130,91.292135,,,,,
BASE,COLAPSO_LOGISTICO-ALTA-N03,COLAPSO_LOGISTICO,ALTA,75,3,6,48,GENETICO,944.5328,9060,85001.665,568.331667,44.333333,16,0,true,true,64,47.619048,18524,3010,89.606742,,,,,
BASE,COLAPSO_LOGISTICO-ALTA-N03,COLAPSO_LOGISTICO,ALTA,75,3,6,48,RECOCIDO_SIMULADO,171.4296,4621,97491.293333,589.96,69.013333,18,0,true,true,50.666667,52.380952,18820,3092,90.730337,325.120019,,,,
BASE,COLAPSO_LOGISTICO-ALTA-N03,COLAPSO_LOGISTICO,ALTA,75,3,7,49,RECOCIDO_SIMULADO,149.1394,3981,97645.956667,584.623333,70.613333,18,0,true,true,52,54.761905,18182,3012,91.011236,139.390076,,,,
BASE,COLAPSO_LOGISTICO-ALTA-N03,COLAPSO_LOGISTICO,ALTA,75,3,7,49,GENETICO,854.6814,9060,80624.045,593.211667,50.308333,15,0,true,true,64,42.857143,18368,3056,89.88764,,,,,
BASE,COLAPSO_LOGISTICO-ALTA-N03,COLAPSO_LOGISTICO,ALTA,75,3,8,50,GENETICO,858.9344,9060,79723.133333,606.8,41.163333,15,0,true,true,66.666667,47.619048,18602,2918,91.573034,,,,,
BASE,COLAPSO_LOGISTICO-ALTA-N03,COLAPSO_LOGISTICO,ALTA,75,3,8,50,RECOCIDO_SIMULADO,149.643,4021,97518.301667,580.635,69.376667,18,0,true,true,52,54.761905,17982,2972,90.730337,150.616868,,,,
BASE,COLAPSO_LOGISTICO-ALTA-N03,COLAPSO_LOGISTICO,ALTA,75,3,9,51,RECOCIDO_SIMULADO,159.8632,4221,97592.945,585.945,70.07,18,0,true,true,52,54.761905,17654,2892,90.730337,189.894744,,,,
BASE,COLAPSO_LOGISTICO-ALTA-N03,COLAPSO_LOGISTICO,ALTA,75,3,9,51,GENETICO,903.7748,9060,80160.553333,593.386667,45.671667,15,0,true,true,64,47.619048,19440,3136,91.573034,,,,,
BASE,COLAPSO_LOGISTICO-ALTA-N03,COLAPSO_LOGISTICO,ALTA,75,3,10,52,GENETICO,869.1321,9060,84246.816667,560.65,36.861667,16,0,true,true,64,47.619048,18342,2924,90.168539,,,,,
BASE,COLAPSO_LOGISTICO-ALTA-N03,COLAPSO_LOGISTICO,ALTA,75,3,10,52,RECOCIDO_SIMULADO,153.5672,4061,97655.08,577.08,70.78,18,0,true,true,50.666667,52.380952,17670,2880,90.730337,157.109388,,,,
BASE,COLAPSO_LOGISTICO-ALTA-N03,COLAPSO_LOGISTICO,ALTA,75,3,11,53,RECOCIDO_SIMULADO,157.0396,4181,97646.946667,585.613333,70.613333,18,0,true,true,52,54.761905,18244,3000,91.011236,179.603381,,,,
BASE,COLAPSO_LOGISTICO-ALTA-N03,COLAPSO_LOGISTICO,ALTA,75,3,11,53,GENETICO,830.0397,9060,79112.283333,583.616667,35.286667,15,0,true,true,65.333333,50,17630,2922,91.573034,,,,,
BASE,COLAPSO_LOGISTICO-ALTA-N03,COLAPSO_LOGISTICO,ALTA,75,3,12,54,GENETICO,799.0279,9060,80036.985,593.318333,44.436667,15,0,true,true,65.333333,47.619048,17398,2876,91.292135,,,,,
BASE,COLAPSO_LOGISTICO-ALTA-N03,COLAPSO_LOGISTICO,ALTA,75,3,12,54,RECOCIDO_SIMULADO,170.4159,4501,102347.996667,571.663333,67.763333,19,0,true,true,49.333333,52.380952,18236,2878,88.483146,272.247706,,,,
BASE,COLAPSO_LOGISTICO-ALTA-N03,COLAPSO_LOGISTICO,ALTA,75,3,13,55,RECOCIDO_SIMULADO,154.9348,4181,97645.305,583.971667,70.613333,18,0,true,true,52,54.761905,18326,2972,91.011236,183.277024,,,,
BASE,COLAPSO_LOGISTICO-ALTA-N03,COLAPSO_LOGISTICO,ALTA,75,3,13,55,GENETICO,855.5085,9060,76370.966667,610.966667,57.6,14,0,true,true,62.666667,45.238095,19216,3124,92.134831,,,,,
BASE,COLAPSO_LOGISTICO-ALTA-N03,COLAPSO_LOGISTICO,ALTA,75,3,14,56,GENETICO,946.044,9060,84932.355,579.855,43.525,16,0,true,true,64,50,18264,3034,89.606742,,,,,
BASE,COLAPSO_LOGISTICO-ALTA-N03,COLAPSO_LOGISTICO,ALTA,75,3,14,56,RECOCIDO_SIMULADO,167.3458,4421,97314.418333,580.418333,67.34,18,0,true,true,52,54.761905,18040,2856,90.449438,243.011889,,,,
BASE,COLAPSO_LOGISTICO-ALTA-N03,COLAPSO_LOGISTICO,ALTA,75,3,15,57,RECOCIDO_SIMULADO,165.5502,4381,97632.823333,583.156667,70.496667,18,0,true,true,52,54.761905,18768,2972,91.011236,237.345637,,,,
BASE,COLAPSO_LOGISTICO-ALTA-N03,COLAPSO_LOGISTICO,ALTA,75,3,15,57,GENETICO,827.7274,9060,84278.733333,578.9,36.998333,16,0,true,true,64,50,18444,3030,91.853933,,,,,
BASE,COLAPSO_LOGISTICO-ALTA-N03,COLAPSO_LOGISTICO,ALTA,75,3,16,58,GENETICO,919.4985,9060,85233.97,585.636667,46.483333,16,0,true,true,62.666667,45.238095,18206,2998,89.325843,,,,,
BASE,COLAPSO_LOGISTICO-ALTA-N03,COLAPSO_LOGISTICO,ALTA,75,3,16,58,RECOCIDO_SIMULADO,166.8509,4301,102110.971667,563.638333,65.473333,19,0,true,true,50.666667,54.761905,17622,2776,88.483146,211.701298,,,,
BASE,COLAPSO_LOGISTICO-ALTA-N03,COLAPSO_LOGISTICO,ALTA,75,3,17,59,RECOCIDO_SIMULADO,158.4248,4261,97784.323333,593.49,71.908333,18,0,true,true,52,54.761905,20464,3280,91.011236,198.222646,,,,
BASE,COLAPSO_LOGISTICO-ALTA-N03,COLAPSO_LOGISTICO,ALTA,75,3,17,59,GENETICO,891.3061,9060,80019.111667,604.445,44.146667,15,0,true,true,65.333333,47.619048,19520,3188,91.573034,,,,,
BASE,COLAPSO_LOGISTICO-ALTA-N03,COLAPSO_LOGISTICO,ALTA,75,3,18,60,GENETICO,1065.3875,9060,85573.603333,568.77,50.048333,16,0,true,true,60,47.619048,17962,2882,91.292135,,,,,
BASE,COLAPSO_LOGISTICO-ALTA-N03,COLAPSO_LOGISTICO,ALTA,75,3,18,60,RECOCIDO_SIMULADO,166.8821,4421,97438.808333,579.141667,68.596667,18,0,true,true,52,54.761905,18056,2904,90.730337,244.083532,,,,
BASE,COLAPSO_LOGISTICO-ALTA-N03,COLAPSO_LOGISTICO,ALTA,75,3,19,61,RECOCIDO_SIMULADO,156.4472,3981,97651.655,575.655,70.76,18,0,true,true,50.666667,52.380952,17110,2764,90.730337,137.743275,,,,
BASE,COLAPSO_LOGISTICO-ALTA-N03,COLAPSO_LOGISTICO,ALTA,75,3,19,61,GENETICO,930.7514,9060,84491.8,576.133333,39.156667,16,0,true,true,61.333333,47.619048,17496,2874,90.730337,,,,,
BASE,COLAPSO_LOGISTICO-ALTA-N03,COLAPSO_LOGISTICO,ALTA,75,3,20,62,GENETICO,985.7894,9060,83912.161667,581.161667,33.31,16,0,true,true,64,52.380952,18166,2870,89.606742,,,,,
BASE,COLAPSO_LOGISTICO-ALTA-N03,COLAPSO_LOGISTICO,ALTA,75,3,20,62,RECOCIDO_SIMULADO,158.3051,4181,102122.616667,569.95,65.526667,19,0,true,true,50.666667,54.761905,17852,2926,88.483146,184.860795,,,,
BASE,COLAPSO_LOGISTICO-ALTA-N03,COLAPSO_LOGISTICO,ALTA,75,3,21,63,RECOCIDO_SIMULADO,152.1781,3981,102186.251667,569.585,66.166667,19,0,true,true,50.666667,54.761905,17960,2834,88.483146,140.162113,,,,
BASE,COLAPSO_LOGISTICO-ALTA-N03,COLAPSO_LOGISTICO,ALTA,75,3,21,63,GENETICO,1108.2321,9060,84789.593333,561.426667,42.281667,16,0,true,true,64,47.619048,18834,3036,89.044944,,,,,
BASE,COLAPSO_LOGISTICO-ALTA-N03,COLAPSO_LOGISTICO,ALTA,75,3,22,64,GENETICO,1037.419,9060,84668.378333,598.545,40.698333,16,0,true,true,65.333333,47.619048,17390,2792,89.606742,,,,,
BASE,COLAPSO_LOGISTICO-ALTA-N03,COLAPSO_LOGISTICO,ALTA,75,3,22,64,RECOCIDO_SIMULADO,154.285,4061,102241.365,568.365,66.73,19,0,true,true,50.666667,54.761905,17504,2788,89.044944,153.096342,,,,
BASE,COLAPSO_LOGISTICO-ALTA-N03,COLAPSO_LOGISTICO,ALTA,75,3,23,65,RECOCIDO_SIMULADO,163.9805,4261,102248.773333,570.44,66.783333,19,0,true,true,50.666667,54.761905,18318,2942,89.044944,199.507467,,,,
BASE,COLAPSO_LOGISTICO-ALTA-N03,COLAPSO_LOGISTICO,ALTA,75,3,23,65,GENETICO,812.1951,9060,79381.656667,596.156667,37.855,15,0,true,true,65.333333,47.619048,17524,2908,92.134831,,,,,
BASE,COLAPSO_LOGISTICO-ALTA-N03,COLAPSO_LOGISTICO,ALTA,75,3,24,66,GENETICO,953.5889,9060,80135.313333,606.98,45.283333,15,0,true,true,65.333333,47.619048,17946,2922,90.730337,,,,,
BASE,COLAPSO_LOGISTICO-ALTA-N03,COLAPSO_LOGISTICO,ALTA,75,3,24,66,RECOCIDO_SIMULADO,164.3792,4381,97530.898333,580.565,69.503333,18,0,true,true,50.666667,52.380952,17110,2712,90.730337,234.502228,,,,
BASE,COLAPSO_LOGISTICO-ALTA-N03,COLAPSO_LOGISTICO,ALTA,75,3,25,67,RECOCIDO_SIMULADO,171.7719,4461,102238.078333,565.078333,66.73,19,0,true,true,50.666667,54.761905,17868,2824,88.483146,267.93556,,,,
BASE,COLAPSO_LOGISTICO-ALTA-N03,COLAPSO_LOGISTICO,ALTA,75,3,25,67,GENETICO,1000.0883,9060,84903.48,573.313333,43.301667,16,0,true,true,65.333333,50,17696,2936,89.606742,,,,,
BASE,COLAPSO_LOGISTICO-ALTA-N03,COLAPSO_LOGISTICO,ALTA,75,3,26,68,GENETICO,952.6009,9060,84155.66,576.66,35.79,16,0,true,true,64,47.619048,18352,3050,91.292135,,,,,
BASE,COLAPSO_LOGISTICO-ALTA-N03,COLAPSO_LOGISTICO,ALTA,75,3,26,68,RECOCIDO_SIMULADO,166.5272,4421,97448.79,589.123333,68.596667,18,0,true,true,52,54.761905,18614,2980,90.168539,251.281582,,,,
BASE,COLAPSO_LOGISTICO-ALTA-N03,COLAPSO_LOGISTICO,ALTA,75,3,27,69,RECOCIDO_SIMULADO,169.1126,4461,102190.278333,566.611667,66.236667,19,0,true,true,49.333333,52.380952,18230,2922,88.483146,264.207478,,,,
BASE,COLAPSO_LOGISTICO-ALTA-N03,COLAPSO_LOGISTICO,ALTA,75,3,27,69,GENETICO,848.4084,9060,84698.565,573.065,41.255,16,0,true,true,64,47.619048,17706,2894,90.730337,,,,,
BASE,COLAPSO_LOGISTICO-ALTA-N03,COLAPSO_LOGISTICO,ALTA,75,3,28,70,GENETICO,872.121,9060,84300.916667,569.583333,37.313333,16,0,true,true,65.333333,52.380952,19192,3090,91.573034,,,,,
BASE,COLAPSO_LOGISTICO-ALTA-N03,COLAPSO_LOGISTICO,ALTA,75,3,28,70,RECOCIDO_SIMULADO,167.9946,4541,97572.948333,583.781667,69.891667,18,0,true,true,52,54.761905,17782,2896,91.011236,284.498626,,,,
BASE,COLAPSO_LOGISTICO-ALTA-N03,COLAPSO_LOGISTICO,ALTA,75,3,29,71,RECOCIDO_SIMULADO,156.8426,4141,97452.211667,577.878333,68.743333,18,0,true,true,50.666667,52.380952,17190,2768,90.168539,177.362168,,,,
BASE,COLAPSO_LOGISTICO-ALTA-N03,COLAPSO_LOGISTICO,ALTA,75,3,29,71,GENETICO,920.2083,9060,84284.94,569.273333,37.156667,16,0,true,true,64,52.380952,17934,2822,91.292135,,,,,
BASE,COLAPSO_LOGISTICO-CRITICA-N01,COLAPSO_LOGISTICO,CRITICA,55,1,0,42,GENETICO,450.054,9060,975.488333,355.488333,6.2,0,0,true,true,94.545455,91.428571,15116,2410,68.229167,,,,,
BASE,COLAPSO_LOGISTICO-CRITICA-N01,COLAPSO_LOGISTICO,CRITICA,55,1,0,42,RECOCIDO_SIMULADO,35.4787,2821,993.885,373.885,6.2,0,0,true,true,94.545455,91.428571,16600,2562,68.229167,31.143348,,,,
BASE,COLAPSO_LOGISTICO-CRITICA-N01,COLAPSO_LOGISTICO,CRITICA,55,1,1,43,RECOCIDO_SIMULADO,32.8879,2501,992.5,372.5,6.2,0,0,true,true,94.545455,91.428571,16572,2562,68.229167,21.466798,,,,
BASE,COLAPSO_LOGISTICO-CRITICA-N01,COLAPSO_LOGISTICO,CRITICA,55,1,1,43,GENETICO,337.6461,9060,982.398333,362.398333,6.2,0,0,true,true,94.545455,91.428571,16632,2656,68.229167,,,,,
BASE,COLAPSO_LOGISTICO-CRITICA-N01,COLAPSO_LOGISTICO,CRITICA,55,1,2,44,GENETICO,395.5732,9060,978.405,358.405,6.2,0,0,true,true,94.545455,91.428571,15934,2540,68.229167,,,,,
BASE,COLAPSO_LOGISTICO-CRITICA-N01,COLAPSO_LOGISTICO,CRITICA,55,1,2,44,RECOCIDO_SIMULADO,37.8176,2901,993.885,373.885,6.2,0,0,true,true,94.545455,91.428571,16600,2562,68.229167,35.939483,,,,
BASE,COLAPSO_LOGISTICO-CRITICA-N01,COLAPSO_LOGISTICO,CRITICA,55,1,3,45,RECOCIDO_SIMULADO,30.2424,2341,993.885,373.885,6.2,0,0,true,true,94.545455,91.428571,16600,2562,68.229167,17.668503,,,,
BASE,COLAPSO_LOGISTICO-CRITICA-N01,COLAPSO_LOGISTICO,CRITICA,55,1,3,45,GENETICO,291.1977,9060,979.26,359.26,6.2,0,0,true,true,94.545455,91.428571,16234,2580,68.229167,,,,,
BASE,COLAPSO_LOGISTICO-CRITICA-N01,COLAPSO_LOGISTICO,CRITICA,55,1,4,46,GENETICO,316.761,9060,980.555,360.555,6.2,0,0,true,true,94.545455,91.428571,16482,2598,68.229167,,,,,
BASE,COLAPSO_LOGISTICO-CRITICA-N01,COLAPSO_LOGISTICO,CRITICA,55,1,4,46,RECOCIDO_SIMULADO,37.1127,2901,993.885,373.885,6.2,0,0,true,true,94.545455,91.428571,16600,2562,68.229167,35.211134,,,,
BASE,COLAPSO_LOGISTICO-CRITICA-N01,COLAPSO_LOGISTICO,CRITICA,55,1,5,47,RECOCIDO_SIMULADO,39.5817,3141,993.885,373.885,6.2,0,0,true,true,94.545455,91.428571,16600,2562,68.229167,48.426622,,,,
BASE,COLAPSO_LOGISTICO-CRITICA-N01,COLAPSO_LOGISTICO,CRITICA,55,1,5,47,GENETICO,514.5761,9060,975.665,355.665,6.2,0,0,true,true,94.545455,91.428571,15810,2558,68.229167,,,,,
BASE,COLAPSO_LOGISTICO-CRITICA-N01,COLAPSO_LOGISTICO,CRITICA,55,1,6,48,GENETICO,564.4028,9060,972.288333,352.288333,6.2,0,0,true,true,94.545455,91.428571,15688,2534,68.229167,,,,,
BASE,COLAPSO_LOGISTICO-CRITICA-N01,COLAPSO_LOGISTICO,CRITICA,55,1,6,48,RECOCIDO_SIMULADO,28.2883,2141,993.885,373.885,6.2,0,0,true,true,94.545455,91.428571,16600,2562,68.229167,13.507641,,,,
BASE,COLAPSO_LOGISTICO-CRITICA-N01,COLAPSO_LOGISTICO,CRITICA,55,1,7,49,RECOCIDO_SIMULADO,39.6902,3141,993.685,373.685,6.2,0,0,true,true,94.545455,91.428571,16680,2572,68.229167,47.027938,,,,
BASE,COLAPSO_LOGISTICO-CRITICA-N01,COLAPSO_LOGISTICO,CRITICA,55,1,7,49,GENETICO,306.3771,9060,979.298333,359.298333,6.2,0,0,true,true,94.545455,91.428571,16312,2612,68.229167,,,,,
BASE,COLAPSO_LOGISTICO-CRITICA-N01,COLAPSO_LOGISTICO,CRITICA,55,1,8,50,GENETICO,725.3382,9060,976.276667,356.276667,6.2,0,0,true,true,94.545455,91.428571,15878,2574,68.229167,,,,,
BASE,COLAPSO_LOGISTICO-CRITICA-N01,COLAPSO_LOGISTICO,CRITICA,55,1,8,50,RECOCIDO_SIMULADO,38.0727,2901,993.885,373.885,6.2,0,0,true,true,94.545455,91.428571,16600,2562,68.229167,35.041695,,,,
BASE,COLAPSO_LOGISTICO-CRITICA-N01,COLAPSO_LOGISTICO,CRITICA,55,1,9,51,RECOCIDO_SIMULADO,29.6961,2301,993.885,373.885,6.2,0,0,true,true,94.545455,91.428571,16600,2562,68.229167,16.430588,,,,
BASE,COLAPSO_LOGISTICO-CRITICA-N01,COLAPSO_LOGISTICO,CRITICA,55,1,9,51,GENETICO,356.5383,9060,981.493333,361.493333,6.2,0,0,true,true,94.545455,91.428571,16840,2674,68.229167,,,,,
BASE,COLAPSO_LOGISTICO-CRITICA-N01,COLAPSO_LOGISTICO,CRITICA,55,1,10,52,GENETICO,739.5367,9060,972.788333,352.788333,6.2,0,0,true,true,94.545455,91.428571,15980,2556,68.229167,,,,,
BASE,COLAPSO_LOGISTICO-CRITICA-N01,COLAPSO_LOGISTICO,CRITICA,55,1,10,52,RECOCIDO_SIMULADO,29.4493,2261,992.215,372.215,6.2,0,0,true,true,94.545455,91.428571,16424,2540,68.229167,15.518559,,,,
BASE,COLAPSO_LOGISTICO-CRITICA-N01,COLAPSO_LOGISTICO,CRITICA,55,1,11,53,RECOCIDO_SIMULADO,40.3489,3101,993.885,373.885,6.2,0,0,true,true,94.545455,91.428571,16600,2562,68.229167,45.326193,,,,
BASE,COLAPSO_LOGISTICO-CRITICA-N01,COLAPSO_LOGISTICO,CRITICA,55,1,11,53,GENETICO,309.9302,9060,977.76,357.76,6.2,0,0,true,true,94.545455,91.428571,16420,2562,68.229167,,,,,
BASE,COLAPSO_LOGISTICO-CRITICA-N01,COLAPSO_LOGISTICO,CRITICA,55,1,12,54,GENETICO,406.0893,9060,978.603333,358.603333,6.2,0,0,true,true,94.545455,91.428571,15936,2540,68.229167,,,,,
BASE,COLAPSO_LOGISTICO-CRITICA-N01,COLAPSO_LOGISTICO,CRITICA,55,1,12,54,RECOCIDO_SIMULADO,31.5008,2461,993.885,373.885,6.2,0,0,true,true,94.545455,91.428571,16600,2562,68.229167,19.909079,,,,
BASE,COLAPSO_LOGISTICO-CRITICA-N01,COLAPSO_LOGISTICO,CRITICA,55,1,13,55,RECOCIDO_SIMULADO,43.0823,3381,993.885,373.885,6.2,0,0,true,true,94.545455,91.428571,16600,2562,68.229167,64.748675,,,,
BASE,COLAPSO_LOGISTICO-CRITICA-N01,COLAPSO_LOGISTICO,CRITICA,55,1,13,55,GENETICO,333.7111,9060,980.593333,360.593333,6.2,0,0,true,true,94.545455,91.428571,16408,2620,68.229167,,,,,
BASE,COLAPSO_LOGISTICO-CRITICA-N01,COLAPSO_LOGISTICO,CRITICA,55,1,14,56,GENETICO,549.7096,9060,974.618333,354.618333,6.2,0,0,true,true,94.545455,91.428571,15532,2500,68.229167,,,,,
BASE,COLAPSO_LOGISTICO-CRITICA-N01,COLAPSO_LOGISTICO,CRITICA,55,1,14,56,RECOCIDO_SIMULADO,32.8192,2501,993.885,373.885,6.2,0,0,true,true,94.545455,91.428571,16600,2562,68.229167,20.915831,,,,
BASE,COLAPSO_LOGISTICO-CRITICA-N01,COLAPSO_LOGISTICO,CRITICA,55,1,15,57,RECOCIDO_SIMULADO,24.0156,1821,993.885,373.885,6.2,0,0,true,true,94.545455,91.428571,16600,2562,68.229167,8.686765,,,,
BASE,COLAPSO_LOGISTICO-CRITICA-N01,COLAPSO_LOGISTICO,CRITICA,55,1,15,57,GENETICO,464.9573,9060,981.428333,361.428333,6.2,0,0,true,true,94.545455,91.428571,16508,2612,68.229167,,,,,
BASE,COLAPSO_LOGISTICO-CRITICA-N01,COLAPSO_LOGISTICO,CRITICA,55,1,16,58,GENETICO,376.0874,9060,977.631667,357.631667,6.2,0,0,true,true,94.545455,91.428571,15816,2480,68.229167,,,,,
BASE,COLAPSO_LOGISTICO-CRITICA-N01,COLAPSO_LOGISTICO,CRITICA,55,1,16,58,RECOCIDO_SIMULADO,40.5192,3261,993.885,373.885,6.2,0,0,true,true,94.545455,91.428571,16600,2562,68.229167,56.800335,,,,
BASE,COLAPSO_LOGISTICO-CRITICA-N01,COLAPSO_LOGISTICO,CRITICA,55,1,17,59,RECOCIDO_SIMULADO,36.6044,2821,993.015,373.015,6.2,0,0,true,true,94.545455,91.428571,16616,2564,68.229167,32.681059,,,,
BASE,COLAPSO_LOGISTICO-CRITICA-N01,COLAPSO_LOGISTICO,CRITICA,55,1,17,59,GENETICO,333.5294,9060,976.035,356.035,6.2,0,0,true,true,94.545455,91.428571,15482,2468,68.229167,,,,,
BASE,COLAPSO_LOGISTICO-CRITICA-N01,COLAPSO_LOGISTICO,CRITICA,55,1,18,60,GENETICO,400.9757,9060,977.293333,357.293333,6.2,0,0,true,true,94.545455,91.428571,15540,2496,68.229167,,,,,
BASE,COLAPSO_LOGISTICO-CRITICA-N01,COLAPSO_LOGISTICO,CRITICA,55,1,18,60,RECOCIDO_SIMULADO,31.6875,2501,993.885,373.885,6.2,0,0,true,true,94.545455,91.428571,16600,2562,68.229167,21.195327,,,,
BASE,COLAPSO_LOGISTICO-CRITICA-N01,COLAPSO_LOGISTICO,CRITICA,55,1,19,61,RECOCIDO_SIMULADO,28.3039,2101,993.885,373.885,6.2,0,0,true,true,94.545455,91.428571,16600,2562,68.229167,12.781657,,,,
BASE,COLAPSO_LOGISTICO-CRITICA-N01,COLAPSO_LOGISTICO,CRITICA,55,1,19,61,GENETICO,327.9618,9060,979.11,359.11,6.2,0,0,true,true,94.545455,91.428571,16194,2562,68.229167,,,,,
BASE,COLAPSO_LOGISTICO-CRITICA-N01,COLAPSO_LOGISTICO,CRITICA,55,1,20,62,GENETICO,302.1853,9060,977.698333,357.698333,6.2,0,0,true,true,94.545455,91.428571,15932,2572,68.229167,,,,,
BASE,COLAPSO_LOGISTICO-CRITICA-N01,COLAPSO_LOGISTICO,CRITICA,55,1,20,62,RECOCIDO_SIMULADO,42.3188,3341,993.885,373.885,6.2,0,0,true,true,94.545455,91.428571,16600,2562,68.229167,60.613733,,,,
BASE,COLAPSO_LOGISTICO-CRITICA-N01,COLAPSO_LOGISTICO,CRITICA,55,1,21,63,RECOCIDO_SIMULADO,40.5254,3221,993.305,373.305,6.2,0,0,true,true,94.545455,91.428571,16540,2556,68.229167,54.221072,,,,
BASE,COLAPSO_LOGISTICO-CRITICA-N01,COLAPSO_LOGISTICO,CRITICA,55,1,21,63,GENETICO,333.2768,9060,981.575,361.575,6.2,0,0,true,true,94.545455,91.428571,16450,2588,68.229167,,,,,
BASE,COLAPSO_LOGISTICO-CRITICA-N01,COLAPSO_LOGISTICO,CRITICA,55,1,22,64,GENETICO,473.9976,9060,974.953333,354.953333,6.2,0,0,true,true,94.545455,91.428571,15500,2504,68.229167,,,,,
BASE,COLAPSO_LOGISTICO-CRITICA-N01,COLAPSO_LOGISTICO,CRITICA,55,1,22,64,RECOCIDO_SIMULADO,47.3644,3781,993.885,373.885,6.2,0,0,true,true,94.545455,91.428571,16600,2562,68.229167,109.173296,,,,
BASE,COLAPSO_LOGISTICO-CRITICA-N01,COLAPSO_LOGISTICO,CRITICA,55,1,23,65,RECOCIDO_SIMULADO,50.2795,3981,993.885,373.885,6.2,0,0,true,true,94.545455,91.428571,16600,2562,68.229167,138.161884,,,,
BASE,COLAPSO_LOGISTICO-CRITICA-N01,COLAPSO_LOGISTICO,CRITICA,55,1,23,65,GENETICO,769.3091,9060,977.96,357.96,6.2,0,0,true,true,94.545455,91.428571,16354,2620,68.229167,,,,,
BASE,COLAPSO_LOGISTICO-CRITICA-N01,COLAPSO_LOGISTICO,CRITICA,55,1,24,66,GENETICO,397.8655,9060,977.863333,357.863333,6.2,0,0,true,true,94.545455,91.428571,15924,2534,68.229167,,,,,
BASE,COLAPSO_LOGISTICO-CRITICA-N01,COLAPSO_LOGISTICO,CRITICA,55,1,24,66,RECOCIDO_SIMULADO,30.3839,2381,993.165,373.165,6.2,0,0,true,true,94.545455,91.428571,16600,2562,68.229167,17.990341,,,,
BASE,COLAPSO_LOGISTICO-CRITICA-N01,COLAPSO_LOGISTICO,CRITICA,55,1,25,67,RECOCIDO_SIMULADO,29.9667,2341,993.885,373.885,6.2,0,0,true,true,94.545455,91.428571,16600,2562,68.229167,16.906331,,,,
BASE,COLAPSO_LOGISTICO-CRITICA-N01,COLAPSO_LOGISTICO,CRITICA,55,1,25,67,GENETICO,487.9499,9060,976.463333,356.463333,6.2,0,0,true,true,94.545455,91.428571,15760,2504,68.229167,,,,,
BASE,COLAPSO_LOGISTICO-CRITICA-N01,COLAPSO_LOGISTICO,CRITICA,55,1,26,68,GENETICO,361.1661,9060,981.405,361.405,6.2,0,0,true,true,94.545455,91.428571,16618,2602,68.229167,,,,,
BASE,COLAPSO_LOGISTICO-CRITICA-N01,COLAPSO_LOGISTICO,CRITICA,55,1,26,68,RECOCIDO_SIMULADO,31.4562,2381,993.885,373.885,6.2,0,0,true,true,94.545455,91.428571,16600,2562,68.229167,18.181188,,,,
BASE,COLAPSO_LOGISTICO-CRITICA-N01,COLAPSO_LOGISTICO,CRITICA,55,1,27,69,RECOCIDO_SIMULADO,36.1862,2861,993.885,373.885,6.2,0,0,true,true,94.545455,91.428571,16600,2562,68.229167,33.787195,,,,
BASE,COLAPSO_LOGISTICO-CRITICA-N01,COLAPSO_LOGISTICO,CRITICA,55,1,27,69,GENETICO,696.6576,9060,973.573333,353.573333,6.2,0,0,true,true,94.545455,91.428571,14802,2370,68.229167,,,,,
BASE,COLAPSO_LOGISTICO-CRITICA-N01,COLAPSO_LOGISTICO,CRITICA,55,1,28,70,GENETICO,536.7891,9060,981.283333,361.283333,6.2,0,0,true,true,94.545455,91.428571,16992,2696,68.229167,,,,,
BASE,COLAPSO_LOGISTICO-CRITICA-N01,COLAPSO_LOGISTICO,CRITICA,55,1,28,70,RECOCIDO_SIMULADO,49.3788,3981,993.165,373.165,6.2,0,0,true,true,94.545455,91.428571,16600,2562,68.229167,137.615823,,,,
BASE,COLAPSO_LOGISTICO-CRITICA-N01,COLAPSO_LOGISTICO,CRITICA,55,1,29,71,RECOCIDO_SIMULADO,33.159,2541,993.885,373.885,6.2,0,0,true,true,94.545455,91.428571,16600,2562,68.229167,22.773387,,,,
BASE,COLAPSO_LOGISTICO-CRITICA-N01,COLAPSO_LOGISTICO,CRITICA,55,1,29,71,GENETICO,501.8147,9060,973.771667,353.771667,6.2,0,0,true,true,94.545455,91.428571,15032,2432,68.229167,,,,,
BASE,COLAPSO_LOGISTICO-CRITICA-N02,COLAPSO_LOGISTICO,CRITICA,83,2,0,42,GENETICO,540.7109,9060,63649.983333,635.15,30.148333,12,0,true,true,67.46988,64.814815,19556,3228,97.5,,,,,
BASE,COLAPSO_LOGISTICO-CRITICA-N02,COLAPSO_LOGISTICO,CRITICA,83,2,0,42,RECOCIDO_SIMULADO,142.9146,4181,69489.671667,639.005,38.506667,13,0,true,true,66.26506,68.518519,21054,3450,96.111111,181.076065,,,,
BASE,COLAPSO_LOGISTICO-CRITICA-N02,COLAPSO_LOGISTICO,CRITICA,83,2,1,43,RECOCIDO_SIMULADO,136.2224,3941,69555.055,637.721667,39.173333,13,0,true,true,65.060241,66.666667,19874,3224,96.388889,137.064909,,,,
BASE,COLAPSO_LOGISTICO-CRITICA-N02,COLAPSO_LOGISTICO,CRITICA,83,2,1,43,GENETICO,544.4718,9060,74454.535,603.868333,38.506667,14,0,true,true,65.060241,68.518519,17998,2922,94.444444,,,,,
BASE,COLAPSO_LOGISTICO-CRITICA-N02,COLAPSO_LOGISTICO,CRITICA,83,2,2,44,GENETICO,694.8569,9060,68213.533333,618.866667,25.946667,13,0,true,true,72.289157,70.37037,20400,3342,96.111111,,,,,
BASE,COLAPSO_LOGISTICO-CRITICA-N02,COLAPSO_LOGISTICO,CRITICA,83,2,2,44,RECOCIDO_SIMULADO,147.4882,4461,64781.815,658.981667,41.228333,12,0,true,true,66.26506,66.666667,19654,3348,98.333333,260.473319,,,,
BASE,COLAPSO_LOGISTICO-CRITICA-N02,COLAPSO_LOGISTICO,CRITICA,83,2,3,45,RECOCIDO_SIMULADO,127.6257,3741,69475.701667,625.035,38.506667,13,0,true,true,66.26506,68.518519,19570,3188,96.111111,102.197415,,,,
BASE,COLAPSO_LOGISTICO-CRITICA-N02,COLAPSO_LOGISTICO,CRITICA,83,2,3,45,GENETICO,623.975,9060,64013.966667,624.466667,33.895,12,0,true,true,71.084337,68.518519,19694,3226,97.777778,,,,,
BASE,COLAPSO_LOGISTICO-CRITICA-N02,COLAPSO_LOGISTICO,CRITICA,83,2,4,46,GENETICO,604.98,9060,68574.063333,604.896667,29.691667,13,0,true,true,68.674699,66.666667,19572,3170,95.833333,,,,,
BASE,COLAPSO_LOGISTICO-CRITICA-N02,COLAPSO_LOGISTICO,CRITICA,83,2,4,46,RECOCIDO_SIMULADO,144.7403,4301,69606.27,661.436667,39.448333,13,0,true,true,66.26506,68.518519,19880,3364,96.111111,208.866466,,,,
BASE,COLAPSO_LOGISTICO-CRITICA-N02,COLAPSO_LOGISTICO,CRITICA,83,2,5,47,RECOCIDO_SIMULADO,139.6057,4101,64666.645,671.978333,39.946667,12,0,true,true,67.46988,68.518519,20820,3514,98.611111,167.544801,,,,
BASE,COLAPSO_LOGISTICO-CRITICA-N02,COLAPSO_LOGISTICO,CRITICA,83,2,5,47,GENETICO,579.066,9060,69466.648333,615.981667,38.506667,13,0,true,true,66.26506,68.518519,18416,3028,96.111111,,,,,
BASE,COLAPSO_LOGISTICO-CRITICA-N02,COLAPSO_LOGISTICO,CRITICA,83,2,6,48,GENETICO,534.491,9060,68857.206667,604.873333,32.523333,13,0,true,true,68.674699,72.222222,18626,3016,96.111111,,,,,
BASE,COLAPSO_LOGISTICO-CRITICA-N02,COLAPSO_LOGISTICO,CRITICA,83,2,6,48,RECOCIDO_SIMULADO,136.3213,4061,69602.628333,662.628333,39.4,13,0,true,true,63.855422,64.814815,20734,3416,96.388889,157.603399,,,,
BASE,COLAPSO_LOGISTICO-CRITICA-N02,COLAPSO_LOGISTICO,CRITICA,83,2,7,49,RECOCIDO_SIMULADO,146.7699,4301,69836.09,646.756667,41.893333,13,0,true,true,63.855422,64.814815,18490,3218,96.388889,207.973709,,,,
BASE,COLAPSO_LOGISTICO-CRITICA-N02,COLAPSO_LOGISTICO,CRITICA,83,2,7,49,GENETICO,720.333,9060,64159.113333,624.946667,35.341667,12,0,true,true,68.674699,64.814815,20078,3260,97.222222,,,,,
BASE,COLAPSO_LOGISTICO-CRITICA-N02,COLAPSO_LOGISTICO,CRITICA,83,2,8,50,GENETICO,518.7267,9060,69591.458333,620.791667,39.706667,13,0,true,true,65.060241,64.814815,18878,3128,96.388889,,,,,
BASE,COLAPSO_LOGISTICO-CRITICA-N02,COLAPSO_LOGISTICO,CRITICA,83,2,8,50,RECOCIDO_SIMULADO,143.3146,4221,69560.443333,643.11,39.173333,13,0,true,true,65.060241,66.666667,20026,3298,96.388889,194.673734,,,,
BASE,COLAPSO_LOGISTICO-CRITICA-N02,COLAPSO_LOGISTICO,CRITICA,83,2,9,51,RECOCIDO_SIMULADO,137.8425,3981,74478.458333,627.791667,38.506667,14,0,true,true,65.060241,68.518519,20870,3364,94.166667,140.310272,,,,
BASE,COLAPSO_LOGISTICO-CRITICA-N02,COLAPSO_LOGISTICO,CRITICA,83,2,9,51,GENETICO,590.1013,9060,69466.155,615.488333,38.506667,13,0,true,true,66.26506,68.518519,18986,3100,96.111111,,,,,
BASE,COLAPSO_LOGISTICO-CRITICA-N02,COLAPSO_LOGISTICO,CRITICA,83,2,10,52,GENETICO,721.7435,9060,58553.363333,636.196667,29.171667,11,0,true,true,71.084337,66.666667,17994,2988,99.444444,,,,,
BASE,COLAPSO_LOGISTICO-CRITICA-N02,COLAPSO_LOGISTICO,CRITICA,83,2,10,52,RECOCIDO_SIMULADO,141.053,4061,74650.931667,627.598333,40.233333,14,0,true,true,63.855422,66.666667,18538,3086,94.166667,156.991024,,,,
BASE,COLAPSO_LOGISTICO-CRITICA-N02,COLAPSO_LOGISTICO,CRITICA,83,2,11,53,RECOCIDO_SIMULADO,146.7449,4261,69638.83,648.163333,39.906667,13,0,true,true,65.060241,66.666667,19172,3244,96.388889,197.538161,,,,
BASE,COLAPSO_LOGISTICO-CRITICA-N02,COLAPSO_LOGISTICO,CRITICA,83,2,11,53,GENETICO,647.5304,9060,63567.948333,634.781667,29.331667,12,0,true,true,68.674699,64.814815,19448,3236,97.5,,,,,
BASE,COLAPSO_LOGISTICO-CRITICA-N02,COLAPSO_LOGISTICO,CRITICA,83,2,12,54,GENETICO,539.7425,9060,64303.611667,635.111667,36.685,12,0,true,true,68.674699,64.814815,18962,3140,96.944444,,,,,
BASE,COLAPSO_LOGISTICO-CRITICA-N02,COLAPSO_LOGISTICO,CRITICA,83,2,12,54,RECOCIDO_SIMULADO,139.1476,4141,69507.196667,641.863333,38.653333,13,0,true,true,65.060241,66.666667,19872,3300,96.388889,169.074455,,,,
BASE,COLAPSO_LOGISTICO-CRITICA-N02,COLAPSO_LOGISTICO,CRITICA,83,2,13,55,RECOCIDO_SIMULADO,147.229,4261,64565.483333,643.15,39.223333,12,0,true,true,65.060241,64.814815,19330,3206,98.333333,203.451054,,,,
BASE,COLAPSO_LOGISTICO-CRITICA-N02,COLAPSO_LOGISTICO,CRITICA,83,2,13,55,GENETICO,628.658,9060,63442.713333,627.046667,28.156667,12,0,true,true,71.084337,68.518519,20378,3326,97.777778,,,,,
BASE,COLAPSO_LOGISTICO-CRITICA-N02,COLAPSO_LOGISTICO,CRITICA,83,2,14,56,GENETICO,651.2035,9060,63131.483333,624.983333,25.065,12,0,true,true,72.289157,64.814815,19114,3138,98.611111,,,,,
BASE,COLAPSO_LOGISTICO-CRITICA-N02,COLAPSO_LOGISTICO,CRITICA,83,2,14,56,RECOCIDO_SIMULADO,125.6602,3741,69494.965,644.298333,38.506667,13,0,true,true,66.26506,68.518519,19752,3302,96.388889,103.531463,,,,
BASE,COLAPSO_LOGISTICO-CRITICA-N02,COLAPSO_LOGISTICO,CRITICA,83,2,15,57,RECOCIDO_SIMULADO,146.1755,4221,69719.641667,637.308333,40.823333,13,0,true,true,63.855422,64.814815,20760,3450,96.111111,187.682822,,,,
BASE,COLAPSO_LOGISTICO-CRITICA-N02,COLAPSO_LOGISTICO,CRITICA,83,2,15,57,GENETICO,560.1696,9060,68659.098333,620.931667,30.381667,13,0,true,true,68.674699,66.666667,18606,3058,95.555556,,,,,
BASE,COLAPSO_LOGISTICO-CRITICA-N02,COLAPSO_LOGISTICO,CRITICA,83,2,16,58,GENETICO,745.6255,9060,58710.69,652.023333,30.586667,11,0,true,true,71.084337,64.814815,20730,3432,98.611111,,,,,
BASE,COLAPSO_LOGISTICO-CRITICA-N02,COLAPSO_LOGISTICO,CRITICA,83,2,16,58,RECOCIDO_SIMULADO,147.8181,4341,69661.778333,639.611667,40.221667,13,0,true,true,66.26506,68.518519,20350,3344,96.388889,228.477233,,,,
BASE,COLAPSO_LOGISTICO-CRITICA-N02,COLAPSO_LOGISTICO,CRITICA,83,2,17,59,RECOCIDO_SIMULADO,127.3332,3741,69633.833333,643.166667,39.906667,13,0,true,true,65.060241,66.666667,19918,3360,96.388889,101.322433,,,,
BASE,COLAPSO_LOGISTICO-CRITICA-N02,COLAPSO_LOGISTICO,CRITICA,83,2,17,59,GENETICO,696.4509,9060,58590.123333,658.123333,29.32,11,0,true,true,72.289157,68.518519,19822,3288,99.444444,,,,,
BASE,COLAPSO_LOGISTICO-CRITICA-N02,COLAPSO_LOGISTICO,CRITICA,83,2,18,60,GENETICO,597.5494,9060,68410.983333,602.816667,28.081667,13,0,true,true,71.084337,70.37037,18834,3064,95.277778,,,,,
BASE,COLAPSO_LOGISTICO-CRITICA-N02,COLAPSO_LOGISTICO,CRITICA,83,2,18,60,RECOCIDO_SIMULADO,142.591,4261,64791.725,648.058333,41.436667,12,0,true,true,65.060241,64.814815,19880,3292,98.333333,198.935832,,,,
BASE,COLAPSO_LOGISTICO-CRITICA-N02,COLAPSO_LOGISTICO,CRITICA,83,2,19,61,RECOCIDO_SIMULADO,137.4837,4101,69497.476667,646.81,38.506667,13,0,true,true,66.26506,68.518519,20578,3368,96.388889,163.507677,,,,
BASE,COLAPSO_LOGISTICO-CRITICA-N02,COLAPSO_LOGISTICO,CRITICA,83,2,19,61,GENETICO,532.4854,9060,79451.948333,601.281667,38.506667,15,0,true,true,63.855422,68.518519,18128,2934,92.777778,,,,,
BASE,COLAPSO_LOGISTICO-CRITICA-N02,COLAPSO_LOGISTICO,CRITICA,83,2,20,62,GENETICO,629.0871,9060,63770.603333,618.27,31.523333,12,0,true,true,69.879518,70.37037,18618,3082,97.777778,,,,,
BASE,COLAPSO_LOGISTICO-CRITICA-N02,COLAPSO_LOGISTICO,CRITICA,83,2,20,62,RECOCIDO_SIMULADO,151.3738,4461,69627.903333,637.236667,39.906667,13,0,true,true,65.060241,66.666667,18550,3122,96.388889,267.008074,,,,
BASE,COLAPSO_LOGISTICO-CRITICA-N02,COLAPSO_LOGISTICO,CRITICA,83,2,21,63,RECOCIDO_SIMULADO,135.7155,4021,69495.241667,644.575,38.506667,13,0,true,true,66.26506,68.518519,19682,3350,96.388889,149.648093,,,,
BASE,COLAPSO_LOGISTICO-CRITICA-N02,COLAPSO_LOGISTICO,CRITICA,83,2,21,63,GENETICO,546.1617,9060,68314.033333,615.033333,26.99,13,0,true,true,71.084337,68.518519,19560,3204,95.833333,,,,,
BASE,COLAPSO_LOGISTICO-CRITICA-N02,COLAPSO_LOGISTICO,CRITICA,83,2,22,64,GENETICO,716.451,9060,63489.608333,633.941667,28.556667,12,0,true,true,69.879518,68.518519,19126,3206,97.777778,,,,,
BASE,COLAPSO_LOGISTICO-CRITICA-N02,COLAPSO_LOGISTICO,CRITICA,83,2,22,64,RECOCIDO_SIMULADO,138.1747,4061,69588.86,630.193333,39.586667,13,0,true,true,65.060241,66.666667,18794,3156,96.111111,158.431388,,,,
BASE,COLAPSO_LOGISTICO-CRITICA-N02,COLAPSO_LOGISTICO,CRITICA,83,2,23,65,RECOCIDO_SIMULADO,126.9395,3741,64655.955,665.288333,39.906667,12,0,true,true,66.26506,66.666667,21372,3530,98.611111,103.656853,,,,
BASE,COLAPSO_LOGISTICO-CRITICA-N02,COLAPSO_LOGISTICO,CRITICA,83,2,23,65,GENETICO,688.0858,9060,63440.215,628.548333,28.116667,12,0,true,true,71.084337,70.37037,20136,3274,97.5,,,,,
BASE,COLAPSO_LOGISTICO-CRITICA-N02,COLAPSO_LOGISTICO,CRITICA,83,2,24,66,GENETICO,556.8807,9060,73818.045,598.211667,32.198333,14,0,true,true,67.46988,70.37037,18234,2952,93.888889,,,,,
BASE,COLAPSO_LOGISTICO-CRITICA-N02,COLAPSO_LOGISTICO,CRITICA,83,2,24,66,RECOCIDO_SIMULADO,144.9559,4061,69854.901667,649.568333,42.053333,13,0,true,true,66.26506,68.518519,20038,3364,96.388889,160.343013,,,,
BASE,COLAPSO_LOGISTICO-CRITICA-N02,COLAPSO_LOGISTICO,CRITICA,83,2,25,67,RECOCIDO_SIMULADO,148.4776,4261,74477.17,626.503333,38.506667,14,0,true,true,65.060241,68.518519,18964,3126,94.166667,203.986672,,,,
BASE,COLAPSO_LOGISTICO-CRITICA-N02,COLAPSO_LOGISTICO,CRITICA,83,2,25,67,GENETICO,545.3797,9060,69236.573333,622.573333,36.14,13,0,true,true,66.26506,66.666667,19386,3124,95.555556,,,,,
BASE,COLAPSO_LOGISTICO-CRITICA-N02,COLAPSO_LOGISTICO,CRITICA,83,2,26,68,GENETICO,634.7295,9060,64184.126667,630.126667,35.54,12,0,true,true,67.46988,68.518519,18740,3124,98.333333,,,,,
BASE,COLAPSO_LOGISTICO-CRITICA-N02,COLAPSO_LOGISTICO,CRITICA,83,2,26,68,RECOCIDO_SIMULADO,144.0957,4261,69762.85,639.516667,41.233333,13,0,true,true,67.46988,70.37037,19156,3172,96.388889,201.300005,,,,
BASE,COLAPSO_LOGISTICO-CRITICA-N02,COLAPSO_LOGISTICO,CRITICA,83,2,27,69,RECOCIDO_SIMULADO,134.2503,3981,69539.045,650.045,38.89,13,0,true,true,65.060241,66.666667,20228,3336,96.388889,137.683036,,,,
BASE,COLAPSO_LOGISTICO-CRITICA-N02,COLAPSO_LOGISTICO,CRITICA,83,2,27,69,GENETICO,650.4497,9060,68758.135,605.801667,31.523333,13,0,true,true,68.674699,68.518519,17962,2968,95.277778,,,,,
BASE,COLAPSO_LOGISTICO-CRITICA-N02,COLAPSO_LOGISTICO,CRITICA,83,2,28,70,GENETICO,590.8436,9060,63572.771667,632.938333,29.398333,12,0,true,true,69.879518,64.814815,19726,3216,97.222222,,,,,
BASE,COLAPSO_LOGISTICO-CRITICA-N02,COLAPSO_LOGISTICO,CRITICA,83,2,28,70,RECOCIDO_SIMULADO,135.8198,4061,69595.108333,644.441667,39.506667,13,0,true,true,66.26506,68.518519,19170,3208,96.388889,159.144654,,,,
BASE,COLAPSO_LOGISTICO-CRITICA-N02,COLAPSO_LOGISTICO,CRITICA,83,2,29,71,RECOCIDO_SIMULADO,139.3634,4141,69539.868333,650.868333,38.89,13,0,true,true,65.060241,66.666667,19706,3374,96.388889,175.874094,,,,
BASE,COLAPSO_LOGISTICO-CRITICA-N02,COLAPSO_LOGISTICO,CRITICA,83,2,29,71,GENETICO,561.437,9060,67703.886667,602.72,21.011667,13,0,true,true,72.289157,70.37037,19348,3160,95.833333,,,,,
BASE,COLAPSO_LOGISTICO-CRITICA-N03,COLAPSO_LOGISTICO,CRITICA,110,3,0,42,GENETICO,1233.8982,9060,220285.473333,949.14,143.363333,41,0,true,true,39.090909,31.25,19360,3300,98.780488,,,,,
BASE,COLAPSO_LOGISTICO-CRITICA-N03,COLAPSO_LOGISTICO,CRITICA,110,3,0,42,RECOCIDO_SIMULADO,321.1313,4301,247313.76,940.926667,213.728333,45,0,true,true,27.272727,28.125,21302,3500,97.256098,212.002692,,,,
BASE,COLAPSO_LOGISTICO-CRITICA-N03,COLAPSO_LOGISTICO,CRITICA,110,3,1,43,RECOCIDO_SIMULADO,331.1284,4461,247318.983333,946.15,213.728333,45,0,true,true,27.272727,28.125,20818,3462,97.256098,264.264183,,,,
BASE,COLAPSO_LOGISTICO-CRITICA-N03,COLAPSO_LOGISTICO,CRITICA,110,3,1,43,GENETICO,1234.097,9060,225883.873333,928.873333,149.55,42,0,true,true,37.272727,28.125,19498,3366,98.170732,,,,,
BASE,COLAPSO_LOGISTICO-CRITICA-N03,COLAPSO_LOGISTICO,CRITICA,110,3,2,44,GENETICO,1199.2598,9060,220847.736667,932.903333,149.148333,41,0,true,true,40,31.25,21170,3540,98.780488,,,,,
BASE,COLAPSO_LOGISTICO-CRITICA-N03,COLAPSO_LOGISTICO,CRITICA,110,3,2,44,RECOCIDO_SIMULADO,333.8979,4421,247524.771667,944.771667,215.8,45,0,true,true,26.363636,26.5625,20884,3466,97.256098,250.91892,,,,
BASE,COLAPSO_LOGISTICO-CRITICA-N03,COLAPSO_LOGISTICO,CRITICA,110,3,3,45,RECOCIDO_SIMULADO,328.6622,4421,247787.851667,942.851667,218.45,45,0,true,true,27.272727,28.125,20996,3466,97.256098,246.895321,,,,
BASE,COLAPSO_LOGISTICO-CRITICA-N03,COLAPSO_LOGISTICO,CRITICA,110,3,3,45,GENETICO,1257.3537,9060,224200.741667,905.408333,132.953333,42,0,true,true,38.181818,32.8125,19626,3260,96.341463,,,,,
BASE,COLAPSO_LOGISTICO-CRITICA-N03,COLAPSO_LOGISTICO,CRITICA,110,3,4,46,GENETICO,1173.645,9060,222694.82,868.32,118.265,42,0,true,true,40.909091,29.6875,19200,3254,97.256098,,,,,
BASE,COLAPSO_LOGISTICO-CRITICA-N03,COLAPSO_LOGISTICO,CRITICA,110,3,4,46,RECOCIDO_SIMULADO,337.2425,4501,247318.43,938.93,213.795,45,0,true,true,27.272727,28.125,20830,3470,97.256098,268.414884,,,,
BASE,COLAPSO_LOGISTICO-CRITICA-N03,COLAPSO_LOGISTICO,CRITICA,110,3,5,47,RECOCIDO_SIMULADO,334.0682,4421,247981.203333,947.203333,220.34,45,0,true,true,27.272727,28.125,19844,3368,97.560976,252.901629,,,,
BASE,COLAPSO_LOGISTICO-CRITICA-N03,COLAPSO_LOGISTICO,CRITICA,110,3,5,47,GENETICO,1140.8464,9060,221508.428333,942.595,155.658333,41,0,true,true,39.090909,32.8125,21596,3568,98.780488,,,,,
BASE,COLAPSO_LOGISTICO-CRITICA-N03,COLAPSO_LOGISTICO,CRITICA,110,3,6,48,GENETICO,1167.9129,9060,223942.408333,898.908333,130.435,42,0,true,true,42.727273,34.375,20364,3448,98.170732,,,,,
BASE,COLAPSO_LOGISTICO-CRITICA-N03,COLAPSO_LOGISTICO,CRITICA,110,3,6,48,RECOCIDO_SIMULADO,351.0371,4661,252376.158333,932.325,214.438333,46,0,true,true,26.363636,28.125,20920,3508,95.731707,330.700589,,,,
BASE,COLAPSO_LOGISTICO-CRITICA-N03,COLAPSO_LOGISTICO,CRITICA,110,3,7,49,RECOCIDO_SIMULADO,324.8924,4341,252367.833333,922,214.458333,46,0,true,true,26.363636,28.125,19712,3296,95.731707,224.164703,,,,
BASE,COLAPSO_LOGISTICO-CRITICA-N03,COLAPSO_LOGISTICO,CRITICA,110,3,7,49,GENETICO,1169.5714,9060,218942.511667,912.345,130.301667,41,0,true,true,42.727273,32.8125,20518,3438,97.256098,,,,,
BASE,COLAPSO_LOGISTICO-CRITICA-N03,COLAPSO_LOGISTICO,CRITICA,110,3,8,50,GENETICO,1209.5716,9060,225359.366667,931.866667,144.275,42,0,true,true,38.181818,32.8125,20226,3380,98.170732,,,,,
BASE,COLAPSO_LOGISTICO-CRITICA-N03,COLAPSO_LOGISTICO,CRITICA,110,3,8,50,RECOCIDO_SIMULADO,317.6844,4221,252415.875,927.041667,214.888333,46,0,true,true,26.363636,28.125,19090,3216,95.731707,191.223393,,,,
BASE,COLAPSO_LOGISTICO-CRITICA-N03,COLAPSO_LOGISTICO,CRITICA,110,3,9,51,RECOCIDO_SIMULADO,338.8723,4581,247494.503333,943.67,215.508333,45,0,true,true,27.272727,28.125,20932,3528,97.256098,298.930889,,,,
BASE,COLAPSO_LOGISTICO-CRITICA-N03,COLAPSO_LOGISTICO,CRITICA,110,3,9,51,GENETICO,1181.4654,9060,221133.435,927.601667,152.058333,41,0,true,true,40,34.375,21686,3566,98.780488,,,,,
BASE,COLAPSO_LOGISTICO-CRITICA-N03,COLAPSO_LOGISTICO,CRITICA,110,3,10,52,GENETICO,1198.6208,9060,221816.398333,901.565,109.148333,42,0,true,true,41.818182,32.8125,19796,3348,98.780488,,,,,
BASE,COLAPSO_LOGISTICO-CRITICA-N03,COLAPSO_LOGISTICO,CRITICA,110,3,10,52,RECOCIDO_SIMULADO,346.4866,4621,247312.7,939.866667,213.728333,45,0,true,true,27.272727,28.125,20150,3332,97.256098,315.7774,,,,
BASE,COLAPSO_LOGISTICO-CRITICA-N03,COLAPSO_LOGISTICO,CRITICA,110,3,11,53,RECOCIDO_SIMULADO,339.9618,4541,242677.528333,968.861667,217.086667,44,0,true,true,27.272727,26.5625,21340,3576,99.085366,290.92928,,,,
BASE,COLAPSO_LOGISTICO-CRITICA-N03,COLAPSO_LOGISTICO,CRITICA,110,3,11,53,GENETICO,1222.2499,9060,226339.086667,862.42,104.766667,43,0,true,true,41.818182,31.25,19190,3276,97.256098,,,,,
BASE,COLAPSO_LOGISTICO-CRITICA-N03,COLAPSO_LOGISTICO,CRITICA,110,3,12,54,GENETICO,1282.5962,9060,223610.226667,914.726667,126.955,42,0,true,true,43.636364,34.375,20782,3500,98.780488,,,,,
BASE,COLAPSO_LOGISTICO-CRITICA-N03,COLAPSO_LOGISTICO,CRITICA,110,3,12,54,RECOCIDO_SIMULADO,347.5721,4701,242714.09,960.59,217.535,44,0,true,true,28.181818,28.125,20944,3524,98.780488,349.690095,,,,
BASE,COLAPSO_LOGISTICO-CRITICA-N03,COLAPSO_LOGISTICO,CRITICA,110,3,13,55,RECOCIDO_SIMULADO,349.0541,4661,247494.601667,943.768333,215.508333,45,0,true,true,27.272727,28.125,20894,3470,97.256098,336.083156,,,,
BASE,COLAPSO_LOGISTICO-CRITICA-N03,COLAPSO_LOGISTICO,CRITICA,110,3,13,55,GENETICO,1200.4326,9060,222811.658333,912.991667,118.986667,42,0,true,true,40,29.6875,19048,3208,97.865854,,,,,
BASE,COLAPSO_LOGISTICO-CRITICA-N03,COLAPSO_LOGISTICO,CRITICA,110,3,14,56,GENETICO,1231.3253,9060,223906.345,915.678333,129.906667,42,0,true,true,42.727273,34.375,19868,3354,97.256098,,,,,
BASE,COLAPSO_LOGISTICO-CRITICA-N03,COLAPSO_LOGISTICO,CRITICA,110,3,14,56,RECOCIDO_SIMULADO,341.4715,4541,247308.093333,948.593333,213.595,45,0,true,true,27.272727,28.125,21756,3626,97.256098,282.254225,,,,
BASE,COLAPSO_LOGISTICO-CRITICA-N03,COLAPSO_LOGISTICO,CRITICA,110,3,15,57,RECOCIDO_SIMULADO,333.6114,4421,247719.84,947.34,217.725,45,0,true,true,28.181818,29.6875,20942,3484,97.256098,242.275648,,,,
BASE,COLAPSO_LOGISTICO-CRITICA-N03,COLAPSO_LOGISTICO,CRITICA,110,3,15,57,GENETICO,1199.3195,9060,225082.466667,886.133333,141.963333,42,0,true,true,38.181818,32.8125,18196,3128,97.865854,,,,,
BASE,COLAPSO_LOGISTICO-CRITICA-N03,COLAPSO_LOGISTICO,CRITICA,110,3,16,58,GENETICO,1206.8513,9060,225254.321667,915.655,143.386667,42,0,true,true,38.181818,29.6875,19776,3290,97.560976,,,,,
BASE,COLAPSO_LOGISTICO-CRITICA-N03,COLAPSO_LOGISTICO,CRITICA,110,3,16,58,RECOCIDO_SIMULADO,329.7641,4421,247423.995,947.828333,214.761667,45,0,true,true,29.090909,31.25,20412,3444,97.560976,249.954826,,,,
BASE,COLAPSO_LOGISTICO-CRITICA-N03,COLAPSO_LOGISTICO,CRITICA,110,3,17,59,RECOCIDO_SIMULADO,370.9554,4821,247497.408333,946.741667,215.506667,45,0,true,true,27.272727,28.125,21886,3606,97.256098,416.035436,,,,
BASE,COLAPSO_LOGISTICO-CRITICA-N03,COLAPSO_LOGISTICO,CRITICA,110,3,17,59,GENETICO,1197.3855,9060,219902.685,932.685,139.7,41,0,true,true,39.090909,32.8125,21266,3508,99.695122,,,,,
BASE,COLAPSO_LOGISTICO-CRITICA-N03,COLAPSO_LOGISTICO,CRITICA,110,3,18,60,GENETICO,1167.8907,9060,220686.351667,964.018333,147.223333,41,0,true,true,39.090909,31.25,21254,3574,99.390244,,,,,
BASE,COLAPSO_LOGISTICO-CRITICA-N03,COLAPSO_LOGISTICO,CRITICA,110,3,18,60,RECOCIDO_SIMULADO,347.9468,4621,252362.375,933.208333,214.291667,46,0,true,true,26.363636,28.125,20924,3404,95.731707,320.337229,,,,
BASE,COLAPSO_LOGISTICO-CRITICA-N03,COLAPSO_LOGISTICO,CRITICA,110,3,19,61,RECOCIDO_SIMULADO,321.3422,4301,247634.271667,949.771667,216.845,45,0,true,true,28.181818,29.6875,20848,3532,97.256098,216.395215,,,,
BASE,COLAPSO_LOGISTICO-CRITICA-N03,COLAPSO_LOGISTICO,CRITICA,110,3,19,61,GENETICO,1209.7432,9060,219847.111667,924.945,139.221667,41,0,true,true,42.727273,34.375,20198,3476,99.085366,,,,,
BASE,COLAPSO_LOGISTICO-CRITICA-N03,COLAPSO_LOGISTICO,CRITICA,110,3,20,62,GENETICO,1132.949,9060,223101.771667,901.438333,122.003333,42,0,true,true,44.545455,35.9375,19610,3368,98.47561,,,,,
BASE,COLAPSO_LOGISTICO-CRITICA-N03,COLAPSO_LOGISTICO,CRITICA,110,3,20,62,RECOCIDO_SIMULADO,361.8197,4821,247526.595,940.428333,215.861667,45,0,true,true,26.363636,26.5625,20384,3394,97.256098,420.897658,,,,
BASE,COLAPSO_LOGISTICO-CRITICA-N03,COLAPSO_LOGISTICO,CRITICA,110,3,21,63,RECOCIDO_SIMULADO,342.7415,4581,247455.638333,948.138333,215.075,45,0,true,true,28.181818,29.6875,21472,3590,97.256098,305.976446,,,,
BASE,COLAPSO_LOGISTICO-CRITICA-N03,COLAPSO_LOGISTICO,CRITICA,110,3,21,63,GENETICO,1198.8676,9060,224021.125,922.458333,130.986667,42,0,true,true,40.909091,35.9375,19556,3340,96.036585,,,,,
BASE,COLAPSO_LOGISTICO-CRITICA-N03,COLAPSO_LOGISTICO,CRITICA,110,3,22,64,GENETICO,1182.3984,9060,215597.001667,954.001667,146.43,40,0,true,true,40,31.25,20064,3426,100,,,,,
BASE,COLAPSO_LOGISTICO-CRITICA-N03,COLAPSO_LOGISTICO,CRITICA,110,3,22,64,RECOCIDO_SIMULADO,334.5331,4461,247280.34,946.173333,213.341667,45,0,true,true,27.272727,28.125,20622,3454,97.256098,265.545026,,,,
BASE,COLAPSO_LOGISTICO-CRITICA-N03,COLAPSO_LOGISTICO,CRITICA,110,3,23,65,RECOCIDO_SIMULADO,336.0834,4541,247744.911667,937.745,218.071667,45,0,true,true,26.363636,26.5625,19920,3302,97.256098,289.601763,,,,
BASE,COLAPSO_LOGISTICO-CRITICA-N03,COLAPSO_LOGISTICO,CRITICA,110,3,23,65,GENETICO,1185.6641,9060,222863.986667,927.653333,119.363333,42,0,true,true,40,31.25,20264,3366,98.780488,,,,,
BASE,COLAPSO_LOGISTICO-CRITICA-N03,COLAPSO_LOGISTICO,CRITICA,110,3,24,66,GENETICO,1212.2548,9060,218685.891667,931.558333,127.543333,41,0,true,true,42.727273,34.375,20812,3438,98.780488,,,,,
BASE,COLAPSO_LOGISTICO-CRITICA-N03,COLAPSO_LOGISTICO,CRITICA,110,3,24,66,RECOCIDO_SIMULADO,347.5971,4581,247273.783333,939.616667,213.341667,45,0,true,true,27.272727,28.125,20054,3308,97.256098,302.964918,,,,
BASE,COLAPSO_LOGISTICO-CRITICA-N03,COLAPSO_LOGISTICO,CRITICA,110,3,25,67,RECOCIDO_SIMULADO,357.9666,4661,247392.418333,941.251667,214.511667,45,0,true,true,28.181818,29.6875,20472,3430,97.256098,339.930447,,,,
BASE,COLAPSO_LOGISTICO-CRITICA-N03,COLAPSO_LOGISTICO,CRITICA,110,3,25,67,GENETICO,1175.0546,9060,222658.505,879.671667,117.788333,42,0,true,true,40.909091,31.25,19454,3366,97.865854,,,,,
BASE,COLAPSO_LOGISTICO-CRITICA-N03,COLAPSO_LOGISTICO,CRITICA,110,3,26,68,GENETICO,1282.169,9060,220452.63,935.796667,145.168333,41,0,true,true,40,31.25,19894,3338,98.170732,,,,,
BASE,COLAPSO_LOGISTICO-CRITICA-N03,COLAPSO_LOGISTICO,CRITICA,110,3,26,68,RECOCIDO_SIMULADO,344.0468,4621,247598.608333,944.275,216.543333,45,0,true,true,26.363636,26.5625,20594,3430,97.256098,316.667042,,,,
BASE,COLAPSO_LOGISTICO-CRITICA-N03,COLAPSO_LOGISTICO,CRITICA,110,3,27,69,RECOCIDO_SIMULADO,355.6882,4701,252261.928333,921.928333,213.4,46,0,true,true,26.363636,28.125,19926,3320,95.731707,364.556826,,,,
BASE,COLAPSO_LOGISTICO-CRITICA-N03,COLAPSO_LOGISTICO,CRITICA,110,3,27,69,GENETICO,1186.7371,9060,220609.578333,905.578333,147.04,41,0,true,true,41.818182,32.8125,20052,3398,99.085366,,,,,
BASE,COLAPSO_LOGISTICO-CRITICA-N03,COLAPSO_LOGISTICO,CRITICA,110,3,28,70,GENETICO,1157.3896,9060,219732.091667,925.258333,138.068333,41,0,true,true,37.272727,25,18846,3218,97.560976,,,,,
BASE,COLAPSO_LOGISTICO-CRITICA-N03,COLAPSO_LOGISTICO,CRITICA,110,3,28,70,RECOCIDO_SIMULADO,325.5101,4341,247494.088333,935.255,215.588333,45,0,true,true,27.272727,28.125,19996,3328,97.256098,218.509397,,,,
BASE,COLAPSO_LOGISTICO-CRITICA-N03,COLAPSO_LOGISTICO,CRITICA,110,3,29,71,RECOCIDO_SIMULADO,347.4665,4621,247538.771667,947.938333,215.908333,45,0,true,true,27.272727,28.125,19724,3358,97.560976,315.421755,,,,
BASE,COLAPSO_LOGISTICO-CRITICA-N03,COLAPSO_LOGISTICO,CRITICA,110,3,29,71,GENETICO,1159.9192,9060,219409.286667,918.453333,134.908333,41,0,true,true,41.818182,32.8125,19982,3404,98.47561,,,,,
