variante,escenario,escenario_operativo,perfil_presion,instancia,repeticion,semilla,algoritmo,tamanio,tiempo_ms,evaluaciones,F,T_horas,R_horas,N,V,factible,verificada,cumplimiento_pct,cumplimiento_prioritarios_pct,costo,distancia_km,utilizacion_pct,temperatura_inicial,pedidos_afectados_incidencia,vehiculos_averia_incidente,tiempo_replanificacion_ms,replanificacion_exitosa,tamanio_al_colapso,colapso_alcanzado,tiempo_colapso_horas,tiempo_colapso_formato,instante_colapso
BASE,OPERACION_DIARIA-NORMAL-N01,OPERACION_DIARIA,NORMAL,1,0,42,GENETICO,29,3685.9757,9060,12396.343333,408.01,119.883333,0,0,true,true,48.275862,34.782609,12356,1774,43.872549,,,,,,,,,,
BASE,OPERACION_DIARIA-NORMAL-N01,OPERACION_DIARIA,NORMAL,1,0,42,RECOCIDO_SIMULADO,29,765.2811,4221,12403.543333,415.21,119.883333,0,0,true,true,48.275862,34.782609,12408,1738,43.872549,196.149499,,,,,,,,,
BASE,OPERACION_DIARIA-NORMAL-N01,OPERACION_DIARIA,NORMAL,1,1,43,RECOCIDO_SIMULADO,29,790.5044,4301,12387.728333,413.895,119.738333,0,0,true,true,48.275862,34.782609,11760,1638,43.872549,212.215866,,,,,,,,,
BASE,OPERACION_DIARIA-NORMAL-N01,OPERACION_DIARIA,NORMAL,1,1,43,GENETICO,29,3138.9376,9060,12396.523333,408.19,119.883333,0,0,true,true,48.275862,34.782609,12340,1778,43.872549,,,,,,,,,,
BASE,OPERACION_DIARIA-NORMAL-N01,OPERACION_DIARIA,NORMAL,1,2,44,GENETICO,29,3798.2857,9060,12345.728333,407.895,119.378333,0,0,true,true,48.275862,34.782609,12160,1734,43.872549,,,,,,,,,,
BASE,OPERACION_DIARIA-NORMAL-N01,OPERACION_DIARIA,NORMAL,1,2,44,RECOCIDO_SIMULADO,29,788.8422,4301,12418.011667,414.178333,120.038333,0,0,true,true,48.275862,34.782609,12968,1890,43.872549,212.500084,,,,,,,,,
BASE,OPERACION_DIARIA-NORMAL-N01,OPERACION_DIARIA,NORMAL,1,3,45,RECOCIDO_SIMULADO,29,785.3923,4261,12375.281667,413.448333,119.618333,0,0,true,true,48.275862,34.782609,12264,1796,43.872549,199.5491,,,,,,,,,
BASE,OPERACION_DIARIA-NORMAL-N01,OPERACION_DIARIA,NORMAL,1,3,45,GENETICO,29,2846.0995,9060,12396.268333,407.935,119.883333,0,0,true,true,48.275862,34.782609,12336,1764,43.872549,,,,,,,,,,
BASE,OPERACION_DIARIA-NORMAL-N01,OPERACION_DIARIA,NORMAL,1,4,46,GENETICO,29,3400.1511,9060,12396.418333,408.085,119.883333,0,0,true,true,48.275862,34.782609,12752,1816,43.872549,,,,,,,,,,
BASE,OPERACION_DIARIA-NORMAL-N01,OPERACION_DIARIA,NORMAL,1,4,46,RECOCIDO_SIMULADO,29,803.5398,4421,12429.443333,414.11,120.153333,0,0,true,true,48.275862,34.782609,11432,1598,43.872549,253.454598,,,,,,,,,
BASE,OPERACION_DIARIA-NORMAL-N01,OPERACION_DIARIA,NORMAL,1,5,47,RECOCIDO_SIMULADO,29,783.116,4301,12348.348333,415.015,119.333333,0,0,true,true,48.275862,34.782609,12016,1702,43.872549,214.654845,,,,,,,,,
BASE,OPERACION_DIARIA-NORMAL-N01,OPERACION_DIARIA,NORMAL,1,5,47,GENETICO,29,4053.4296,9060,12344.523333,408.19,119.363333,0,0,true,true,48.275862,34.782609,12580,1798,43.872549,,,,,,,,,,
BASE,OPERACION_DIARIA-NORMAL-N01,OPERACION_DIARIA,NORMAL,1,6,48,GENETICO,29,3746.3656,9060,12340.833333,407.5,119.333333,0,0,true,true,48.275862,34.782609,12348,1756,43.872549,,,,,,,,,,
BASE,OPERACION_DIARIA-NORMAL-N01,OPERACION_DIARIA,NORMAL,1,6,48,RECOCIDO_SIMULADO,29,745.2561,4021,12348.956667,412.623333,119.363333,0,0,true,true,48.275862,34.782609,12100,1798,43.872549,150.932953,,,,,,,,,
BASE,OPERACION_DIARIA-NORMAL-N01,OPERACION_DIARIA,NORMAL,1,7,49,RECOCIDO_SIMULADO,29,772.7177,4221,12368.036667,412.203333,119.558333,0,0,true,true,48.275862,34.782609,12552,1808,43.872549,195.363701,,,,,,,,,
BASE,OPERACION_DIARIA-NORMAL-N01,OPERACION_DIARIA,NORMAL,1,7,49,GENETICO,29,4044.4989,9060,12340.833333,407.5,119.333333,0,0,true,true,48.275862,34.782609,12492,1774,43.872549,,,,,,,,,,
BASE,OPERACION_DIARIA-NORMAL-N01,OPERACION_DIARIA,NORMAL,1,8,50,GENETICO,29,3999.8889,9060,12447.703333,408.37,120.393333,0,0,true,true,48.275862,34.782609,12524,1812,43.872549,,,,,,,,,,
BASE,OPERACION_DIARIA-NORMAL-N01,OPERACION_DIARIA,NORMAL,1,8,50,RECOCIDO_SIMULADO,29,785.0853,4261,12421.088333,412.755,120.083333,0,0,true,true,48.275862,34.782609,12960,1856,43.872549,200.907487,,,,,,,,,
BASE,OPERACION_DIARIA-NORMAL-N01,OPERACION_DIARIA,NORMAL,1,9,51,RECOCIDO_SIMULADO,29,773.9609,4221,12378.643333,416.81,119.618333,0,0,true,true,48.275862,34.782609,11720,1622,43.872549,194.030978,,,,,,,,,
BASE,OPERACION_DIARIA-NORMAL-N01,OPERACION_DIARIA,NORMAL,1,9,51,GENETICO,29,4734.7321,9060,12340.833333,407.5,119.333333,0,0,true,true,48.275862,34.782609,12348,1756,43.872549,,,,,,,,,,
BASE,OPERACION_DIARIA-NORMAL-N01,OPERACION_DIARIA,NORMAL,1,10,52,GENETICO,29,3401.2835,9060,12396.268333,407.935,119.883333,0,0,true,true,48.275862,34.782609,12336,1764,43.872549,,,,,,,,,,
BASE,OPERACION_DIARIA-NORMAL-N01,OPERACION_DIARIA,NORMAL,1,10,52,RECOCIDO_SIMULADO,29,774.1811,4221,12392.753333,417.42,119.753333,0,0,true,true,48.275862,34.782609,11756,1746,43.872549,192.488545,,,,,,,,,
BASE,OPERACION_DIARIA-NORMAL-N01,OPERACION_DIARIA,NORMAL,1,11,53,RECOCIDO_SIMULADO,29,771.2597,4261,12402.098333,413.265,119.888333,0,0,true,true,48.275862,34.782609,12496,1800,43.872549,206.965843,,,,,,,,,
BASE,OPERACION_DIARIA-NORMAL-N01,OPERACION_DIARIA,NORMAL,1,11,53,GENETICO,29,3545.4884,9060,12366.438333,407.605,119.588333,0,0,true,true,48.275862,34.782609,12712,1810,43.872549,,,,,,,,,,
BASE,OPERACION_DIARIA-NORMAL-N01,OPERACION_DIARIA,NORMAL,1,12,54,GENETICO,29,3466.1098,9060,12471.173333,408.34,120.628333,0,0,true,true,48.275862,34.782609,12532,1812,43.872549,,,,,,,,,,
BASE,OPERACION_DIARIA-NORMAL-N01,OPERACION_DIARIA,NORMAL,1,12,54,RECOCIDO_SIMULADO,29,801.5483,4341,12350.398333,412.565,119.378333,0,0,true,true,48.275862,34.782609,12324,1786,43.872549,224.830991,,,,,,,,,
BASE,OPERACION_DIARIA-NORMAL-N01,OPERACION_DIARIA,NORMAL,1,13,55,RECOCIDO_SIMULADO,29,783.1955,4301,12356.171667,422.838333,119.333333,0,0,true,true,48.275862,34.782609,11248,1548,43.872549,207.718469,,,,,,,,,
BASE,OPERACION_DIARIA-NORMAL-N01,OPERACION_DIARIA,NORMAL,1,13,55,GENETICO,29,3976.508,9060,12396.523333,408.19,119.883333,0,0,true,true,48.275862,34.782609,12340,1778,43.872549,,,,,,,,,,
BASE,OPERACION_DIARIA-NORMAL-N01,OPERACION_DIARIA,NORMAL,1,14,56,GENETICO,29,4833.3385,9060,12341.013333,407.68,119.333333,0,0,true,true,48.275862,34.782609,12284,1754,43.872549,,,,,,,,,,
BASE,OPERACION_DIARIA-NORMAL-N01,OPERACION_DIARIA,NORMAL,1,14,56,RECOCIDO_SIMULADO,29,811.9797,4461,12354.366667,421.033333,119.333333,0,0,true,true,48.275862,34.782609,11844,1658,43.872549,261.635009,,,,,,,,,
BASE,OPERACION_DIARIA-NORMAL-N01,OPERACION_DIARIA,NORMAL,1,15,57,RECOCIDO_SIMULADO,29,749.7327,4101,12366.278333,413.445,119.528333,0,0,true,true,48.275862,34.782609,11868,1640,43.872549,167.658236,,,,,,,,,
BASE,OPERACION_DIARIA-NORMAL-N01,OPERACION_DIARIA,NORMAL,1,15,57,GENETICO,29,3984.9449,9060,12344.163333,407.83,119.363333,0,0,true,true,48.275862,34.782609,12484,1774,43.872549,,,,,,,,,,
BASE,OPERACION_DIARIA-NORMAL-N01,OPERACION_DIARIA,NORMAL,1,16,58,GENETICO,29,3467.7933,9060,12400.888333,408.055,119.928333,0,0,true,true,48.275862,34.782609,12456,1788,43.872549,,,,,,,,,,
BASE,OPERACION_DIARIA-NORMAL-N01,OPERACION_DIARIA,NORMAL,1,16,58,RECOCIDO_SIMULADO,29,819.6002,4421,12346.585,413.251667,119.333333,0,0,true,true,48.275862,34.782609,11668,1668,43.872549,244.708143,,,,,,,,,
BASE,OPERACION_DIARIA-NORMAL-N01,OPERACION_DIARIA,NORMAL,1,17,59,RECOCIDO_SIMULADO,29,771.6239,4221,12429.428333,415.595,120.138333,0,0,true,true,48.275862,34.782609,12184,1742,43.872549,194.313935,,,,,,,,,
BASE,OPERACION_DIARIA-NORMAL-N01,OPERACION_DIARIA,NORMAL,1,17,59,GENETICO,29,4175.6094,9060,12393.088333,407.755,119.853333,0,0,true,true,48.275862,34.782609,12488,1782,43.872549,,,,,,,,,,
BASE,OPERACION_DIARIA-NORMAL-N01,OPERACION_DIARIA,NORMAL,1,18,60,GENETICO,29,3938.7923,9060,12340.833333,407.5,119.333333,0,0,true,true,48.275862,34.782609,12556,1782,43.872549,,,,,,,,,,
BASE,OPERACION_DIARIA-NORMAL-N01,OPERACION_DIARIA,NORMAL,1,18,60,RECOCIDO_SIMULADO,29,737.703,4061,12377.393333,415.56,119.618333,0,0,true,true,48.275862,34.782609,12056,1734,43.872549,157.482107,,,,,,,,,
BASE,OPERACION_DIARIA-NORMAL-N01,OPERACION_DIARIA,NORMAL,1,19,61,RECOCIDO_SIMULADO,29,761.2444,4181,12349.625,416.291667,119.333333,0,0,true,true,48.275862,34.782609,11608,1654,43.872549,183.622793,,,,,,,,,
BASE,OPERACION_DIARIA-NORMAL-N01,OPERACION_DIARIA,NORMAL,1,19,61,GENETICO,29,4286.2985,9060,12341.013333,407.68,119.333333,0,0,true,true,48.275862,34.782609,12412,1770,43.872549,,,,,,,,,,
BASE,OPERACION_DIARIA-NORMAL-N01,OPERACION_DIARIA,NORMAL,1,20,62,GENETICO,29,3665.4319,9060,12344.568333,408.235,119.363333,0,0,true,true,48.275862,34.782609,12488,1788,43.872549,,,,,,,,,,
BASE,OPERACION_DIARIA-NORMAL-N01,OPERACION_DIARIA,NORMAL,1,20,62,RECOCIDO_SIMULADO,29,783.4811,4301,12404.813333,414.98,119.898333,0,0,true,true,48.275862,34.782609,11332,1610,43.872549,210.70703,,,,,,,,,
BASE,OPERACION_DIARIA-NORMAL-N01,OPERACION_DIARIA,NORMAL,1,21,63,RECOCIDO_SIMULADO,29,748.6398,4101,12401.64,412.806667,119.888333,0,0,true,true,48.275862,34.782609,12116,1790,43.872549,164.343581,,,,,,,,,
BASE,OPERACION_DIARIA-NORMAL-N01,OPERACION_DIARIA,NORMAL,1,21,63,GENETICO,29,4204.2049,9060,12419.098333,408.265,120.108333,0,0,true,true,48.275862,34.782609,12664,1826,43.872549,,,,,,,,,,
BASE,OPERACION_DIARIA-NORMAL-N01,OPERACION_DIARIA,NORMAL,1,22,64,GENETICO,29,3621.2524,9060,12396.118333,407.785,119.883333,0,0,true,true,48.275862,34.782609,12480,1782,43.872549,,,,,,,,,,
BASE,OPERACION_DIARIA-NORMAL-N01,OPERACION_DIARIA,NORMAL,1,22,64,RECOCIDO_SIMULADO,29,774.3858,4261,12372.481667,413.648333,119.588333,0,0,true,true,48.275862,34.782609,12292,1746,43.872549,197.462648,,,,,,,,,
BASE,OPERACION_DIARIA-NORMAL-N01,OPERACION_DIARIA,NORMAL,1,23,65,RECOCIDO_SIMULADO,29,794.6464,4381,12374.413333,418.58,119.558333,0,0,true,true,48.275862,34.782609,12136,1670,43.872549,232.503137,,,,,,,,,
BASE,OPERACION_DIARIA-NORMAL-N01,OPERACION_DIARIA,NORMAL,1,23,65,GENETICO,29,3580.2624,9060,12345.728333,407.895,119.378333,0,0,true,true,48.275862,34.782609,12432,1768,43.872549,,,,,,,,,,
BASE,OPERACION_DIARIA-NORMAL-N01,OPERACION_DIARIA,NORMAL,1,24,66,GENETICO,29,3612.6143,9060,12393.238333,407.905,119.853333,0,0,true,true,48.275862,34.782609,12344,1764,43.872549,,,,,,,,,,
BASE,OPERACION_DIARIA-NORMAL-N01,OPERACION_DIARIA,NORMAL,1,24,66,RECOCIDO_SIMULADO,29,792.9203,4341,12445.123333,414.79,120.303333,0,0,true,true,48.275862,34.782609,12592,1828,43.872549,226.890864,,,,,,,,,
BASE,OPERACION_DIARIA-NORMAL-N01,OPERACION_DIARIA,NORMAL,1,25,67,RECOCIDO_SIMULADO,29,819.4959,4461,12502.061667,414.228333,120.878333,0,0,true,true,48.275862,34.782609,11568,1660,43.872549,267.468382,,,,,,,,,
BASE,OPERACION_DIARIA-NORMAL-N01,OPERACION_DIARIA,NORMAL,1,25,67,GENETICO,29,3285.8716,9060,12421.948333,408.115,120.138333,0,0,true,true,48.275862,34.782609,12384,1786,43.872549,,,,,,,,,,
BASE,OPERACION_DIARIA-NORMAL-N01,OPERACION_DIARIA,NORMAL,1,26,68,GENETICO,29,3235.5055,9060,12396.418333,408.085,119.883333,0,0,true,true,48.275862,34.782609,12560,1792,43.872549,,,,,,,,,,
BASE,OPERACION_DIARIA-NORMAL-N01,OPERACION_DIARIA,NORMAL,1,26,68,RECOCIDO_SIMULADO,29,761.2735,4221,12348.123333,414.79,119.333333,0,0,true,true,48.275862,34.782609,12936,1860,43.872549,196.486191,,,,,,,,,
BASE,OPERACION_DIARIA-NORMAL-N01,OPERACION_DIARIA,NORMAL,1,27,69,RECOCIDO_SIMULADO,29,811.0093,4461,12394.216667,412.883333,119.813333,0,0,true,true,48.275862,34.782609,11760,1680,43.872549,267.019102,,,,,,,,,
BASE,OPERACION_DIARIA-NORMAL-N01,OPERACION_DIARIA,NORMAL,1,27,69,GENETICO,29,2471.6489,9060,12503.793333,408.96,120.948333,0,0,true,true,48.275862,34.782609,12548,1808,43.872549,,,,,,,,,,
BASE,OPERACION_DIARIA-NORMAL-N01,OPERACION_DIARIA,NORMAL,1,28,70,GENETICO,29,3683.5908,9060,12397.783333,407.95,119.898333,0,0,true,true,48.275862,34.782609,12524,1788,43.872549,,,,,,,,,,
BASE,OPERACION_DIARIA-NORMAL-N01,OPERACION_DIARIA,NORMAL,1,28,70,RECOCIDO_SIMULADO,29,772.9877,4261,12393.643333,416.81,119.768333,0,0,true,true,48.275862,34.782609,12592,1766,43.872549,205.104414,,,,,,,,,
BASE,OPERACION_DIARIA-NORMAL-N01,OPERACION_DIARIA,NORMAL,1,29,71,RECOCIDO_SIMULADO,29,788.0615,4261,12373.663333,414.83,119.588333,0,0,true,true,48.275862,34.782609,11488,1594,43.872549,202.928939,,,,,,,,,
BASE,OPERACION_DIARIA-NORMAL-N01,OPERACION_DIARIA,NORMAL,1,29,71,GENETICO,29,4480.0053,9060,12397.783333,407.95,119.898333,0,0,true,true,48.275862,34.782609,12460,1780,43.872549,,,,,,,,,,
BASE,OPERACION_DIARIA-NORMAL-N02,OPERACION_DIARIA,NORMAL,2,0,72,GENETICO,27,3614.4542,9060,8128.398333,336.731667,77.916667,0,0,true,true,62.962963,37.5,11724,1656,34.558824,,,,,,,,,,
BASE,OPERACION_DIARIA-NORMAL-N02,OPERACION_DIARIA,NORMAL,2,0,72,RECOCIDO_SIMULADO,27,754.4974,4381,8128.398333,336.731667,77.916667,0,0,true,true,62.962963,37.5,11724,1656,34.558824,232.356278,,,,,,,,,
BASE,OPERACION_DIARIA-NORMAL-N02,OPERACION_DIARIA,NORMAL,2,1,73,RECOCIDO_SIMULADO,27,750.7365,4301,8128.398333,336.731667,77.916667,0,0,true,true,62.962963,37.5,11724,1656,34.558824,217.089324,,,,,,,,,
BASE,OPERACION_DIARIA-NORMAL-N02,OPERACION_DIARIA,NORMAL,2,1,73,GENETICO,27,2205.3202,9060,8128.398333,336.731667,77.916667,0,0,true,true,62.962963,37.5,11724,1656,34.558824,,,,,,,,,,
BASE,OPERACION_DIARIA-NORMAL-N02,OPERACION_DIARIA,NORMAL,2,2,74,GENETICO,27,2383.7486,9060,8128.398333,336.731667,77.916667,0,0,true,true,62.962963,37.5,11724,1656,34.558824,,,,,,,,,,
BASE,OPERACION_DIARIA-NORMAL-N02,OPERACION_DIARIA,NORMAL,2,2,74,RECOCIDO_SIMULADO,27,740.337,4261,8128.398333,336.731667,77.916667,0,0,true,true,62.962963,37.5,11724,1656,34.558824,206.084472,,,,,,,,,
BASE,OPERACION_DIARIA-NORMAL-N02,OPERACION_DIARIA,NORMAL,2,3,75,RECOCIDO_SIMULADO,27,748.4928,4341,8128.398333,336.731667,77.916667,0,0,true,true,62.962963,37.5,11724,1656,34.558824,220.701047,,,,,,,,,
BASE,OPERACION_DIARIA-NORMAL-N02,OPERACION_DIARIA,NORMAL,2,3,75,GENETICO,27,2890.189,9060,8128.398333,336.731667,77.916667,0,0,true,true,62.962963,37.5,11724,1656,34.558824,,,,,,,,,,
BASE,OPERACION_DIARIA-NORMAL-N02,OPERACION_DIARIA,NORMAL,2,4,76,GENETICO,27,2232.2252,9060,8128.398333,336.731667,77.916667,0,0,true,true,62.962963,37.5,11724,1656,34.558824,,,,,,,,,,
BASE,OPERACION_DIARIA-NORMAL-N02,OPERACION_DIARIA,NORMAL,2,4,76,RECOCIDO_SIMULADO,27,746.7522,4341,8128.398333,336.731667,77.916667,0,0,true,true,62.962963,37.5,11724,1656,34.558824,226.570052,,,,,,,,,
BASE,OPERACION_DIARIA-NORMAL-N02,OPERACION_DIARIA,NORMAL,2,5,77,RECOCIDO_SIMULADO,27,715.2302,4101,8128.398333,336.731667,77.916667,0,0,true,true,62.962963,37.5,11724,1656,34.558824,164.03532,,,,,,,,,
BASE,OPERACION_DIARIA-NORMAL-N02,OPERACION_DIARIA,NORMAL,2,5,77,GENETICO,27,2324.4882,9060,8128.398333,336.731667,77.916667,0,0,true,true,62.962963,37.5,11724,1656,34.558824,,,,,,,,,,
BASE,OPERACION_DIARIA-NORMAL-N02,OPERACION_DIARIA,NORMAL,2,6,78,GENETICO,27,2445.3248,9060,8128.398333,336.731667,77.916667,0,0,true,true,62.962963,37.5,11724,1656,34.558824,,,,,,,,,,
BASE,OPERACION_DIARIA-NORMAL-N02,OPERACION_DIARIA,NORMAL,2,6,78,RECOCIDO_SIMULADO,27,751.5323,4301,8128.398333,336.731667,77.916667,0,0,true,true,62.962963,37.5,11724,1656,34.558824,214.982691,,,,,,,,,
BASE,OPERACION_DIARIA-NORMAL-N02,OPERACION_DIARIA,NORMAL,2,7,79,RECOCIDO_SIMULADO,27,758.4718,4381,8128.398333,336.731667,77.916667,0,0,true,true,62.962963,37.5,11724,1656,34.558824,240.513766,,,,,,,,,
BASE,OPERACION_DIARIA-NORMAL-N02,OPERACION_DIARIA,NORMAL,2,7,79,GENETICO,27,2659.7515,9060,8128.398333,336.731667,77.916667,0,0,true,true,62.962963,37.5,11724,1656,34.558824,,,,,,,,,,
BASE,OPERACION_DIARIA-NORMAL-N02,OPERACION_DIARIA,NORMAL,2,8,80,GENETICO,27,2369.3882,9060,8128.398333,336.731667,77.916667,0,0,true,true,62.962963,37.5,11724,1656,34.558824,,,,,,,,,,
BASE,OPERACION_DIARIA-NORMAL-N02,OPERACION_DIARIA,NORMAL,2,8,80,RECOCIDO_SIMULADO,27,745.0237,4341,8128.398333,336.731667,77.916667,0,0,true,true,62.962963,37.5,11724,1656,34.558824,228.35909,,,,,,,,,
BASE,OPERACION_DIARIA-NORMAL-N02,OPERACION_DIARIA,NORMAL,2,9,81,RECOCIDO_SIMULADO,27,745.2822,4341,8128.398333,336.731667,77.916667,0,0,true,true,62.962963,37.5,11724,1656,34.558824,229.496547,,,,,,,,,
BASE,OPERACION_DIARIA-NORMAL-N02,OPERACION_DIARIA,NORMAL,2,9,81,GENETICO,27,2231.9954,9060,8128.398333,336.731667,77.916667,0,0,true,true,62.962963,37.5,11724,1656,34.558824,,,,,,,,,,
BASE,OPERACION_DIARIA-NORMAL-N02,OPERACION_DIARIA,NORMAL,2,10,82,GENETICO,27,2273.6538,9060,8128.398333,336.731667,77.916667,0,0,true,true,62.962963,37.5,11724,1656,34.558824,,,,,,,,,,
BASE,OPERACION_DIARIA-NORMAL-N02,OPERACION_DIARIA,NORMAL,2,10,82,RECOCIDO_SIMULADO,27,745.914,4301,8128.398333,336.731667,77.916667,0,0,true,true,62.962963,37.5,11724,1656,34.558824,216.887576,,,,,,,,,
BASE,OPERACION_DIARIA-NORMAL-N02,OPERACION_DIARIA,NORMAL,2,11,83,RECOCIDO_SIMULADO,27,725.8841,4221,8128.398333,336.731667,77.916667,0,0,true,true,62.962963,37.5,11724,1656,34.558824,196.045618,,,,,,,,,
BASE,OPERACION_DIARIA-NORMAL-N02,OPERACION_DIARIA,NORMAL,2,11,83,GENETICO,27,2304.0681,9060,8128.398333,336.731667,77.916667,0,0,true,true,62.962963,37.5,11724,1656,34.558824,,,,,,,,,,
BASE,OPERACION_DIARIA-NORMAL-N02,OPERACION_DIARIA,NORMAL,2,12,84,GENETICO,27,2278.1409,9060,8128.398333,336.731667,77.916667,0,0,true,true,62.962963,37.5,11724,1656,34.558824,,,,,,,,,,
BASE,OPERACION_DIARIA-NORMAL-N02,OPERACION_DIARIA,NORMAL,2,12,84,RECOCIDO_SIMULADO,27,755.171,4341,8128.398333,336.731667,77.916667,0,0,true,true,62.962963,37.5,11724,1656,34.558824,225.531665,,,,,,,,,
BASE,OPERACION_DIARIA-NORMAL-N02,OPERACION_DIARIA,NORMAL,2,13,85,RECOCIDO_SIMULADO,27,773.4354,4461,8128.398333,336.731667,77.916667,0,0,true,true,62.962963,37.5,11724,1656,34.558824,259.542409,,,,,,,,,
BASE,OPERACION_DIARIA-NORMAL-N02,OPERACION_DIARIA,NORMAL,2,13,85,GENETICO,27,3003.4498,9060,8128.398333,336.731667,77.916667,0,0,true,true,62.962963,37.5,11724,1656,34.558824,,,,,,,,,,
BASE,OPERACION_DIARIA-NORMAL-N02,OPERACION_DIARIA,NORMAL,2,14,86,GENETICO,27,2439.6173,9060,8128.398333,336.731667,77.916667,0,0,true,true,62.962963,37.5,11724,1656,34.558824,,,,,,,,,,
BASE,OPERACION_DIARIA-NORMAL-N02,OPERACION_DIARIA,NORMAL,2,14,86,RECOCIDO_SIMULADO,27,730.643,4221,8128.398333,336.731667,77.916667,0,0,true,true,62.962963,37.5,11724,1656,34.558824,189.896138,,,,,,,,,
BASE,OPERACION_DIARIA-NORMAL-N02,OPERACION_DIARIA,NORMAL,2,15,87,RECOCIDO_SIMULADO,27,763.4522,4381,8128.398333,336.731667,77.916667,0,0,true,true,62.962963,37.5,11724,1656,34.558824,231.259949,,,,,,,,,
BASE,OPERACION_DIARIA-NORMAL-N02,OPERACION_DIARIA,NORMAL,2,15,87,GENETICO,27,2623.1875,9060,8128.398333,336.731667,77.916667,0,0,true,true,62.962963,37.5,11724,1656,34.558824,,,,,,,,,,
BASE,OPERACION_DIARIA-NORMAL-N02,OPERACION_DIARIA,NORMAL,2,16,88,GENETICO,27,2411.4465,9060,8128.398333,336.731667,77.916667,0,0,true,true,62.962963,37.5,11724,1656,34.558824,,,,,,,,,,
BASE,OPERACION_DIARIA-NORMAL-N02,OPERACION_DIARIA,NORMAL,2,16,88,RECOCIDO_SIMULADO,27,770.5822,4461,8128.398333,336.731667,77.916667,0,0,true,true,62.962963,37.5,11724,1656,34.558824,257.764155,,,,,,,,,
BASE,OPERACION_DIARIA-NORMAL-N02,OPERACION_DIARIA,NORMAL,2,17,89,RECOCIDO_SIMULADO,27,764.1192,4381,8128.398333,336.731667,77.916667,0,0,true,true,62.962963,37.5,11724,1656,34.558824,233.972984,,,,,,,,,
BASE,OPERACION_DIARIA-NORMAL-N02,OPERACION_DIARIA,NORMAL,2,17,89,GENETICO,27,2462.7112,9060,8128.398333,336.731667,77.916667,0,0,true,true,62.962963,37.5,11724,1656,34.558824,,,,,,,,,,
BASE,OPERACION_DIARIA-NORMAL-N02,OPERACION_DIARIA,NORMAL,2,18,90,GENETICO,27,2803.6536,9060,8128.398333,336.731667,77.916667,0,0,true,true,62.962963,37.5,11724,1656,34.558824,,,,,,,,,,
BASE,OPERACION_DIARIA-NORMAL-N02,OPERACION_DIARIA,NORMAL,2,18,90,RECOCIDO_SIMULADO,27,753.7786,4381,8128.398333,336.731667,77.916667,0,0,true,true,62.962963,37.5,11724,1656,34.558824,232.417017,,,,,,,,,
BASE,OPERACION_DIARIA-NORMAL-N02,OPERACION_DIARIA,NORMAL,2,19,91,RECOCIDO_SIMULADO,27,748.3172,4301,8128.398333,336.731667,77.916667,0,0,true,true,62.962963,37.5,11724,1656,34.558824,214.622064,,,,,,,,,
BASE,OPERACION_DIARIA-NORMAL-N02,OPERACION_DIARIA,NORMAL,2,19,91,GENETICO,27,2250.8988,9060,8128.398333,336.731667,77.916667,0,0,true,true,62.962963,37.5,11724,1656,34.558824,,,,,,,,,,
BASE,OPERACION_DIARIA-NORMAL-N02,OPERACION_DIARIA,NORMAL,2,20,92,GENETICO,27,2284.3872,9060,8128.398333,336.731667,77.916667,0,0,true,true,62.962963,37.5,11724,1656,34.558824,,,,,,,,,,
BASE,OPERACION_DIARIA-NORMAL-N02,OPERACION_DIARIA,NORMAL,2,20,92,RECOCIDO_SIMULADO,27,765.2225,4381,8128.398333,336.731667,77.916667,0,0,true,true,62.962963,37.5,11724,1656,34.558824,241.135996,,,,,,,,,
BASE,OPERACION_DIARIA-NORMAL-N02,OPERACION_DIARIA,NORMAL,2,21,93,RECOCIDO_SIMULADO,27,774.9754,4461,8128.398333,336.731667,77.916667,0,0,true,true,62.962963,37.5,11724,1656,34.558824,255.156217,,,,,,,,,
BASE,OPERACION_DIARIA-NORMAL-N02,OPERACION_DIARIA,NORMAL,2,21,93,GENETICO,27,2277.1411,9060,8128.398333,336.731667,77.916667,0,0,true,true,62.962963,37.5,11724,1656,34.558824,,,,,,,,,,
BASE,OPERACION_DIARIA-NORMAL-N02,OPERACION_DIARIA,NORMAL,2,22,94,GENETICO,27,2577.793,9060,8128.398333,336.731667,77.916667,0,0,true,true,62.962963,37.5,11724,1656,34.558824,,,,,,,,,,
BASE,OPERACION_DIARIA-NORMAL-N02,OPERACION_DIARIA,NORMAL,2,22,94,RECOCIDO_SIMULADO,27,768.5911,4421,8128.398333,336.731667,77.916667,0,0,true,true,62.962963,37.5,11724,1656,34.558824,246.197567,,,,,,,,,
BASE,OPERACION_DIARIA-NORMAL-N02,OPERACION_DIARIA,NORMAL,2,23,95,RECOCIDO_SIMULADO,27,731.3545,4181,8128.398333,336.731667,77.916667,0,0,true,true,62.962963,37.5,11724,1656,34.558824,178.664282,,,,,,,,,
BASE,OPERACION_DIARIA-NORMAL-N02,OPERACION_DIARIA,NORMAL,2,23,95,GENETICO,27,3006.055,9060,8128.398333,336.731667,77.916667,0,0,true,true,62.962963,37.5,11724,1656,34.558824,,,,,,,,,,
BASE,OPERACION_DIARIA-NORMAL-N02,OPERACION_DIARIA,NORMAL,2,24,96,GENETICO,27,2392.6851,9060,8128.398333,336.731667,77.916667,0,0,true,true,62.962963,37.5,11724,1656,34.558824,,,,,,,,,,
BASE,OPERACION_DIARIA-NORMAL-N02,OPERACION_DIARIA,NORMAL,2,24,96,RECOCIDO_SIMULADO,27,735.0394,4261,8128.398333,336.731667,77.916667,0,0,true,true,62.962963,37.5,11724,1656,34.558824,204.717054,,,,,,,,,
BASE,OPERACION_DIARIA-NORMAL-N02,OPERACION_DIARIA,NORMAL,2,25,97,RECOCIDO_SIMULADO,27,696.4086,4061,8128.398333,336.731667,77.916667,0,0,true,true,62.962963,37.5,11724,1656,34.558824,155.617892,,,,,,,,,
BASE,OPERACION_DIARIA-NORMAL-N02,OPERACION_DIARIA,NORMAL,2,25,97,GENETICO,27,2247.1769,9060,8128.398333,336.731667,77.916667,0,0,true,true,62.962963,37.5,11724,1656,34.558824,,,,,,,,,,
BASE,OPERACION_DIARIA-NORMAL-N02,OPERACION_DIARIA,NORMAL,2,26,98,GENETICO,27,2518.2247,9060,8128.398333,336.731667,77.916667,0,0,true,true,62.962963,37.5,11724,1656,34.558824,,,,,,,,,,
BASE,OPERACION_DIARIA-NORMAL-N02,OPERACION_DIARIA,NORMAL,2,26,98,RECOCIDO_SIMULADO,27,741.9155,4221,8128.398333,336.731667,77.916667,0,0,true,true,62.962963,37.5,11724,1656,34.558824,195.522828,,,,,,,,,
BASE,OPERACION_DIARIA-NORMAL-N02,OPERACION_DIARIA,NORMAL,2,27,99,RECOCIDO_SIMULADO,27,748.7768,4301,8128.398333,336.731667,77.916667,0,0,true,true,62.962963,37.5,11724,1656,34.558824,209.273668,,,,,,,,,
BASE,OPERACION_DIARIA-NORMAL-N02,OPERACION_DIARIA,NORMAL,2,27,99,GENETICO,27,2312.1853,9060,8128.398333,336.731667,77.916667,0,0,true,true,62.962963,37.5,11724,1656,34.558824,,,,,,,,,,
BASE,OPERACION_DIARIA-NORMAL-N02,OPERACION_DIARIA,NORMAL,2,28,100,GENETICO,27,2252.2819,9060,8128.398333,336.731667,77.916667,0,0,true,true,62.962963,37.5,11724,1656,34.558824,,,,,,,,,,
BASE,OPERACION_DIARIA-NORMAL-N02,OPERACION_DIARIA,NORMAL,2,28,100,RECOCIDO_SIMULADO,27,769.0538,4461,8128.398333,336.731667,77.916667,0,0,true,true,62.962963,37.5,11724,1656,34.558824,260.104008,,,,,,,,,
BASE,OPERACION_DIARIA-NORMAL-N02,OPERACION_DIARIA,NORMAL,2,29,101,RECOCIDO_SIMULADO,27,727.1079,4181,8128.398333,336.731667,77.916667,0,0,true,true,62.962963,37.5,11724,1656,34.558824,186.890837,,,,,,,,,
BASE,OPERACION_DIARIA-NORMAL-N02,OPERACION_DIARIA,NORMAL,2,29,101,GENETICO,27,2509.6215,9060,8128.398333,336.731667,77.916667,0,0,true,true,62.962963,37.5,11724,1656,34.558824,,,,,,,,,,
BASE,OPERACION_DIARIA-NORMAL-N03,OPERACION_DIARIA,NORMAL,3,0,102,GENETICO,38,2899.7977,9060,6599.45,459.45,61.4,0,0,true,true,76.315789,57.142857,13284,1916,51.470588,,,,,,,,,,
BASE,OPERACION_DIARIA-NORMAL-N03,OPERACION_DIARIA,NORMAL,3,0,102,RECOCIDO_SIMULADO,38,953.2979,4101,6602.648333,462.648333,61.4,0,0,true,true,76.315789,57.142857,13466,1934,51.470588,161.206474,,,,,,,,,
BASE,OPERACION_DIARIA-NORMAL-N03,OPERACION_DIARIA,NORMAL,3,1,103,RECOCIDO_SIMULADO,38,1035.3209,4421,6602.648333,462.648333,61.4,0,0,true,true,76.315789,57.142857,13466,1934,51.470588,251.502023,,,,,,,,,
BASE,OPERACION_DIARIA-NORMAL-N03,OPERACION_DIARIA,NORMAL,3,1,103,GENETICO,38,2907.5419,9060,6599.805,459.805,61.4,0,0,true,true,76.315789,57.142857,13388,1932,51.470588,,,,,,,,,,
BASE,OPERACION_DIARIA-NORMAL-N03,OPERACION_DIARIA,NORMAL,3,2,104,GENETICO,38,3981.133,9060,6599.628333,459.628333,61.4,0,0,true,true,76.315789,57.142857,13454,1962,51.470588,,,,,,,,,,
BASE,OPERACION_DIARIA-NORMAL-N03,OPERACION_DIARIA,NORMAL,3,2,104,RECOCIDO_SIMULADO,38,1020.3344,4421,6602.648333,462.648333,61.4,0,0,true,true,76.315789,57.142857,13466,1934,51.470588,252.794463,,,,,,,,,
BASE,OPERACION_DIARIA-NORMAL-N03,OPERACION_DIARIA,NORMAL,3,3,105,RECOCIDO_SIMULADO,38,955.9757,4061,6602.648333,462.648333,61.4,0,0,true,true,76.315789,57.142857,13466,1934,51.470588,155.582191,,,,,,,,,
BASE,OPERACION_DIARIA-NORMAL-N03,OPERACION_DIARIA,NORMAL,3,3,105,GENETICO,38,2926.1549,9060,6599.805,459.805,61.4,0,0,true,true,76.315789,57.142857,13388,1932,51.470588,,,,,,,,,,
BASE,OPERACION_DIARIA-NORMAL-N03,OPERACION_DIARIA,NORMAL,3,4,106,GENETICO,38,2972.2349,9060,6599.805,459.805,61.4,0,0,true,true,76.315789,57.142857,13388,1932,51.470588,,,,,,,,,,
BASE,OPERACION_DIARIA-NORMAL-N03,OPERACION_DIARIA,NORMAL,3,4,106,RECOCIDO_SIMULADO,38,916.4921,3981,6602.648333,462.648333,61.4,0,0,true,true,76.315789,57.142857,13466,1934,51.470588,138.753208,,,,,,,,,
BASE,OPERACION_DIARIA-NORMAL-N03,OPERACION_DIARIA,NORMAL,3,5,107,RECOCIDO_SIMULADO,38,872.6346,3821,6602.648333,462.648333,61.4,0,0,true,true,76.315789,57.142857,13466,1934,51.470588,117.73319,,,,,,,,,
BASE,OPERACION_DIARIA-NORMAL-N03,OPERACION_DIARIA,NORMAL,3,5,107,GENETICO,38,3510.8018,9060,6599.538333,459.538333,61.4,0,0,true,true,76.315789,57.142857,13382,1950,51.470588,,,,,,,,,,
BASE,OPERACION_DIARIA-NORMAL-N03,OPERACION_DIARIA,NORMAL,3,6,108,GENETICO,38,2940.0986,9060,6599.628333,459.628333,61.4,0,0,true,true,76.315789,57.142857,13454,1962,51.470588,,,,,,,,,,
BASE,OPERACION_DIARIA-NORMAL-N03,OPERACION_DIARIA,NORMAL,3,6,108,RECOCIDO_SIMULADO,38,1018.4536,4341,6602.648333,462.648333,61.4,0,0,true,true,76.315789,57.142857,13466,1934,51.470588,228.138064,,,,,,,,,
BASE,OPERACION_DIARIA-NORMAL-N03,OPERACION_DIARIA,NORMAL,3,7,109,RECOCIDO_SIMULADO,38,985.67,4261,6602.648333,462.648333,61.4,0,0,true,true,76.315789,57.142857,13466,1934,51.470588,199.040819,,,,,,,,,
BASE,OPERACION_DIARIA-NORMAL-N03,OPERACION_DIARIA,NORMAL,3,7,109,GENETICO,38,3690.1861,9060,6599.628333,459.628333,61.4,0,0,true,true,76.315789,57.142857,13454,1962,51.470588,,,,,,,,,,
BASE,OPERACION_DIARIA-NORMAL-N03,OPERACION_DIARIA,NORMAL,3,8,110,GENETICO,38,3069.259,9060,6599.805,459.805,61.4,0,0,true,true,76.315789,57.142857,13388,1932,51.470588,,,,,,,,,,
BASE,OPERACION_DIARIA-NORMAL-N03,OPERACION_DIARIA,NORMAL,3,8,110,RECOCIDO_SIMULADO,38,1000.2444,4301,6602.648333,462.648333,61.4,0,0,true,true,76.315789,57.142857,13466,1934,51.470588,214.719563,,,,,,,,,
BASE,OPERACION_DIARIA-NORMAL-N03,OPERACION_DIARIA,NORMAL,3,9,111,RECOCIDO_SIMULADO,38,892.2157,3821,6602.648333,462.648333,61.4,0,0,true,true,76.315789,57.142857,13466,1934,51.470588,113.775682,,,,,,,,,
BASE,OPERACION_DIARIA-NORMAL-N03,OPERACION_DIARIA,NORMAL,3,9,111,GENETICO,38,3330.6869,9060,6599.628333,459.628333,61.4,0,0,true,true,76.315789,57.142857,13454,1962,51.470588,,,,,,,,,,
BASE,OPERACION_DIARIA-NORMAL-N03,OPERACION_DIARIA,NORMAL,3,10,112,GENETICO,38,3015.134,9060,6599.628333,459.628333,61.4,0,0,true,true,76.315789,57.142857,13454,1962,51.470588,,,,,,,,,,
BASE,OPERACION_DIARIA-NORMAL-N03,OPERACION_DIARIA,NORMAL,3,10,112,RECOCIDO_SIMULADO,38,900.541,3861,6602.648333,462.648333,61.4,0,0,true,true,76.315789,57.142857,13466,1934,51.470588,122.124989,,,,,,,,,
BASE,OPERACION_DIARIA-NORMAL-N03,OPERACION_DIARIA,NORMAL,3,11,113,RECOCIDO_SIMULADO,38,987.4042,4221,6602.648333,462.648333,61.4,0,0,true,true,76.315789,57.142857,13466,1934,51.470588,187.338084,,,,,,,,,
BASE,OPERACION_DIARIA-NORMAL-N03,OPERACION_DIARIA,NORMAL,3,11,113,GENETICO,38,3430.3144,9060,6599.628333,459.628333,61.4,0,0,true,true,76.315789,57.142857,13454,1962,51.470588,,,,,,,,,,
BASE,OPERACION_DIARIA-NORMAL-N03,OPERACION_DIARIA,NORMAL,3,12,114,GENETICO,38,3021.1258,9060,6599.805,459.805,61.4,0,0,true,true,76.315789,57.142857,13388,1932,51.470588,,,,,,,,,,
BASE,OPERACION_DIARIA-NORMAL-N03,OPERACION_DIARIA,NORMAL,3,12,114,RECOCIDO_SIMULADO,38,997.8154,4261,6602.648333,462.648333,61.4,0,0,true,true,76.315789,57.142857,13466,1934,51.470588,203.06163,,,,,,,,,
BASE,OPERACION_DIARIA-NORMAL-N03,OPERACION_DIARIA,NORMAL,3,13,115,RECOCIDO_SIMULADO,38,939.951,4061,6602.648333,462.648333,61.4,0,0,true,true,76.315789,57.142857,13466,1934,51.470588,156.64992,,,,,,,,,
BASE,OPERACION_DIARIA-NORMAL-N03,OPERACION_DIARIA,NORMAL,3,13,115,GENETICO,38,3392.3126,9060,6599.628333,459.628333,61.4,0,0,true,true,76.315789,57.142857,13454,1962,51.470588,,,,,,,,,,
BASE,OPERACION_DIARIA-NORMAL-N03,OPERACION_DIARIA,NORMAL,3,14,116,GENETICO,38,4392.1148,9060,6599.328333,459.328333,61.4,0,0,true,true,76.315789,57.142857,13358,1950,51.470588,,,,,,,,,,
BASE,OPERACION_DIARIA-NORMAL-N03,OPERACION_DIARIA,NORMAL,3,14,116,RECOCIDO_SIMULADO,38,958.0969,4061,6602.648333,462.648333,61.4,0,0,true,true,76.315789,57.142857,13466,1934,51.470588,155.57178,,,,,,,,,
BASE,OPERACION_DIARIA-NORMAL-N03,OPERACION_DIARIA,NORMAL,3,15,117,RECOCIDO_SIMULADO,38,966.3623,4261,6602.648333,462.648333,61.4,0,0,true,true,76.315789,57.142857,13466,1934,51.470588,205.422028,,,,,,,,,
BASE,OPERACION_DIARIA-NORMAL-N03,OPERACION_DIARIA,NORMAL,3,15,117,GENETICO,38,2878.9664,9060,6599.805,459.805,61.4,0,0,true,true,76.315789,57.142857,13388,1932,51.470588,,,,,,,,,,
BASE,OPERACION_DIARIA-NORMAL-N03,OPERACION_DIARIA,NORMAL,3,16,118,GENETICO,38,3149.2587,9060,6599.533333,459.533333,61.4,0,0,true,true,76.315789,57.142857,13686,2002,51.470588,,,,,,,,,,
BASE,OPERACION_DIARIA-NORMAL-N03,OPERACION_DIARIA,NORMAL,3,16,118,RECOCIDO_SIMULADO,38,927.6494,4061,6602.648333,462.648333,61.4,0,0,true,true,76.315789,57.142857,13466,1934,51.470588,156.718219,,,,,,,,,
BASE,OPERACION_DIARIA-NORMAL-N03,OPERACION_DIARIA,NORMAL,3,17,119,RECOCIDO_SIMULADO,38,1026.779,4421,6602.648333,462.648333,61.4,0,0,true,true,76.315789,57.142857,13466,1934,51.470588,246.05898,,,,,,,,,
BASE,OPERACION_DIARIA-NORMAL-N03,OPERACION_DIARIA,NORMAL,3,17,119,GENETICO,38,3986.0655,9060,6599.628333,459.628333,61.4,0,0,true,true,76.315789,57.142857,13454,1962,51.470588,,,,,,,,,,
BASE,OPERACION_DIARIA-NORMAL-N03,OPERACION_DIARIA,NORMAL,3,18,120,GENETICO,38,3671.7562,9060,6599.145,459.145,61.4,0,0,true,true,76.315789,57.142857,13300,1914,51.470588,,,,,,,,,,
BASE,OPERACION_DIARIA-NORMAL-N03,OPERACION_DIARIA,NORMAL,3,18,120,RECOCIDO_SIMULADO,38,945.9934,4061,6602.648333,462.648333,61.4,0,0,true,true,76.315789,57.142857,13466,1934,51.470588,155.817844,,,,,,,,,
BASE,OPERACION_DIARIA-NORMAL-N03,OPERACION_DIARIA,NORMAL,3,19,121,RECOCIDO_SIMULADO,38,918.6996,3941,6602.648333,462.648333,61.4,0,0,true,true,76.315789,57.142857,13466,1934,51.470588,135.78855,,,,,,,,,
BASE,OPERACION_DIARIA-NORMAL-N03,OPERACION_DIARIA,NORMAL,3,19,121,GENETICO,38,3138.0424,9060,6599.628333,459.628333,61.4,0,0,true,true,76.315789,57.142857,13454,1962,51.470588,,,,,,,,,,
BASE,OPERACION_DIARIA-NORMAL-N03,OPERACION_DIARIA,NORMAL,3,20,122,GENETICO,38,3241.1242,9060,6599.431667,459.431667,61.4,0,0,true,true,76.315789,57.142857,13268,1914,51.470588,,,,,,,,,,
BASE,OPERACION_DIARIA-NORMAL-N03,OPERACION_DIARIA,NORMAL,3,20,122,RECOCIDO_SIMULADO,38,1000.4284,4381,6602.648333,462.648333,61.4,0,0,true,true,76.315789,57.142857,13466,1934,51.470588,236.336993,,,,,,,,,
BASE,OPERACION_DIARIA-NORMAL-N03,OPERACION_DIARIA,NORMAL,3,21,123,RECOCIDO_SIMULADO,38,1002.6315,4261,6602.648333,462.648333,61.4,0,0,true,true,76.315789,57.142857,13466,1934,51.470588,201.247881,,,,,,,,,
BASE,OPERACION_DIARIA-NORMAL-N03,OPERACION_DIARIA,NORMAL,3,21,123,GENETICO,38,3843.9203,9060,6598.908333,458.908333,61.4,0,0,true,true,76.315789,57.142857,13382,1944,51.470588,,,,,,,,,,
BASE,OPERACION_DIARIA-NORMAL-N03,OPERACION_DIARIA,NORMAL,3,22,124,GENETICO,38,3453.1345,9060,6599.805,459.805,61.4,0,0,true,true,76.315789,57.142857,13388,1932,51.470588,,,,,,,,,,
BASE,OPERACION_DIARIA-NORMAL-N03,OPERACION_DIARIA,NORMAL,3,22,124,RECOCIDO_SIMULADO,38,905.4296,3861,6602.648333,462.648333,61.4,0,0,true,true,76.315789,57.142857,13466,1934,51.470588,120.241815,,,,,,,,,
BASE,OPERACION_DIARIA-NORMAL-N03,OPERACION_DIARIA,NORMAL,3,23,125,RECOCIDO_SIMULADO,38,897.2761,3861,6602.648333,462.648333,61.4,0,0,true,true,76.315789,57.142857,13466,1934,51.470588,118.660266,,,,,,,,,
BASE,OPERACION_DIARIA-NORMAL-N03,OPERACION_DIARIA,NORMAL,3,23,125,GENETICO,38,4113.6993,9060,6599.628333,459.628333,61.4,0,0,true,true,76.315789,57.142857,13454,1962,51.470588,,,,,,,,,,
BASE,OPERACION_DIARIA-NORMAL-N03,OPERACION_DIARIA,NORMAL,3,24,126,GENETICO,38,3884.4678,9060,6599.628333,459.628333,61.4,0,0,true,true,76.315789,57.142857,13454,1962,51.470588,,,,,,,,,,
BASE,OPERACION_DIARIA-NORMAL-N03,OPERACION_DIARIA,NORMAL,3,24,126,RECOCIDO_SIMULADO,38,1042.0431,4421,6602.648333,462.648333,61.4,0,0,true,true,76.315789,57.142857,13466,1934,51.470588,245.57435,,,,,,,,,
BASE,OPERACION_DIARIA-NORMAL-N03,OPERACION_DIARIA,NORMAL,3,25,127,RECOCIDO_SIMULADO,38,956.9894,4101,6602.648333,462.648333,61.4,0,0,true,true,76.315789,57.142857,13466,1934,51.470588,160.60006,,,,,,,,,
BASE,OPERACION_DIARIA-NORMAL-N03,OPERACION_DIARIA,NORMAL,3,25,127,GENETICO,38,2930.3102,9060,6599.755,459.755,61.4,0,0,true,true,76.315789,57.142857,13372,1930,51.470588,,,,,,,,,,
BASE,OPERACION_DIARIA-NORMAL-N03,OPERACION_DIARIA,NORMAL,3,26,128,GENETICO,38,3461.7851,9060,6598.873333,458.873333,61.4,0,0,true,true,76.315789,57.142857,13598,1984,51.470588,,,,,,,,,,
BASE,OPERACION_DIARIA-NORMAL-N03,OPERACION_DIARIA,NORMAL,3,26,128,RECOCIDO_SIMULADO,38,993.3633,4381,6602.648333,462.648333,61.4,0,0,true,true,76.315789,57.142857,13466,1934,51.470588,237.234699,,,,,,,,,
BASE,OPERACION_DIARIA-NORMAL-N03,OPERACION_DIARIA,NORMAL,3,27,129,RECOCIDO_SIMULADO,38,988.3969,4221,6602.648333,462.648333,61.4,0,0,true,true,76.315789,57.142857,13466,1934,51.470588,187.873313,,,,,,,,,
BASE,OPERACION_DIARIA-NORMAL-N03,OPERACION_DIARIA,NORMAL,3,27,129,GENETICO,38,3727.4332,9060,6599.628333,459.628333,61.4,0,0,true,true,76.315789,57.142857,13454,1962,51.470588,,,,,,,,,,
BASE,OPERACION_DIARIA-NORMAL-N03,OPERACION_DIARIA,NORMAL,3,28,130,GENETICO,38,3700.4495,9060,6598.968333,458.968333,61.4,0,0,true,true,76.315789,57.142857,13366,1944,51.470588,,,,,,,,,,
BASE,OPERACION_DIARIA-NORMAL-N03,OPERACION_DIARIA,NORMAL,3,28,130,RECOCIDO_SIMULADO,38,996.4871,4221,6602.008333,462.008333,61.4,0,0,true,true,76.315789,57.142857,13466,1934,51.470588,195.186719,,,,,,,,,
BASE,OPERACION_DIARIA-NORMAL-N03,OPERACION_DIARIA,NORMAL,3,29,131,RECOCIDO_SIMULADO,38,923.5785,3981,6602.648333,462.648333,61.4,0,0,true,true,76.315789,57.142857,13466,1934,51.470588,141.050701,,,,,,,,,
BASE,OPERACION_DIARIA-NORMAL-N03,OPERACION_DIARIA,NORMAL,3,29,131,GENETICO,38,3152.1259,9060,6599.805,459.805,61.4,0,0,true,true,76.315789,57.142857,13388,1932,51.470588,,,,,,,,,,
BASE,OPERACION_DIARIA-ALTA-N01,OPERACION_DIARIA,ALTA,1,0,42,GENETICO,34,4272.3576,9060,11085.651667,510.485,105.751667,0,0,true,true,58.823529,30,13912,2006,48.5,,6,1,3105.9914,true,,,,,
BASE,OPERACION_DIARIA-ALTA-N01,OPERACION_DIARIA,ALTA,1,0,42,RECOCIDO_SIMULADO,34,840.3947,2941,10932.776667,517.61,104.151667,0,0,true,true,58.823529,30,14162,2062,48.019802,38.100247,6,1,570.3654,true,,,,,
BASE,OPERACION_DIARIA-ALTA-N01,OPERACION_DIARIA,ALTA,1,1,43,RECOCIDO_SIMULADO,34,820.4451,3021,10927.921667,521.755,104.061667,0,0,true,true,58.823529,30,13718,1954,48.5,41.841783,6,1,579.5145,true,,,,,
BASE,OPERACION_DIARIA-ALTA-N01,OPERACION_DIARIA,ALTA,1,1,43,GENETICO,34,3498.5834,9060,11172.091667,510.925,106.611667,0,0,true,true,58.823529,30,12820,1868,50.520833,,7,1,2377.1426,true,,,,,
BASE,OPERACION_DIARIA-ALTA-N01,OPERACION_DIARIA,ALTA,1,2,44,GENETICO,34,3712.4933,9060,11225.166667,515,107.101667,0,0,true,true,58.823529,30,14708,2138,50.520833,,7,1,2231.4478,true,,,,,
BASE,OPERACION_DIARIA-ALTA-N01,OPERACION_DIARIA,ALTA,1,2,44,RECOCIDO_SIMULADO,34,842.6816,3301,10949.673333,520.506667,104.291667,0,0,true,true,58.823529,30,13668,2010,50.520833,58.875359,7,1,632.271,true,,,,,
BASE,OPERACION_DIARIA-ALTA-N01,OPERACION_DIARIA,ALTA,1,3,45,RECOCIDO_SIMULADO,34,847.3461,3221,10890.156667,526.99,103.631667,0,0,true,true,58.823529,30,14664,2132,48.019802,52.189912,6,1,610.4971,true,,,,,
BASE,OPERACION_DIARIA-ALTA-N01,OPERACION_DIARIA,ALTA,1,3,45,GENETICO,34,4477.9542,9060,11008.246667,510.08,104.981667,0,0,true,true,58.823529,30,13348,1936,50.520833,,7,1,2809.7612,true,,,,,
BASE,OPERACION_DIARIA-ALTA-N01,OPERACION_DIARIA,ALTA,1,4,46,GENETICO,34,2761.094,9060,11020.161667,508.995,105.111667,0,0,true,true,58.823529,30,13444,1934,48.5,,6,1,2161.8774,true,,,,,
BASE,OPERACION_DIARIA-ALTA-N01,OPERACION_DIARIA,ALTA,1,4,46,RECOCIDO_SIMULADO,34,830.9211,3101,10887.391667,521.225,103.661667,0,0,true,true,58.823529,30,14544,2058,48.5,46.715363,6,1,600.3592,true,,,,,
BASE,OPERACION_DIARIA-ALTA-N01,OPERACION_DIARIA,ALTA,1,5,47,RECOCIDO_SIMULADO,34,855.2002,3501,10944.708333,518.541667,104.261667,0,0,true,true,58.823529,30,13564,2012,50.520833,75.27712,7,1,673.5182,true,,,,,
BASE,OPERACION_DIARIA-ALTA-N01,OPERACION_DIARIA,ALTA,1,5,47,GENETICO,34,2755.9803,9060,11110.791667,509.625,106.011667,0,0,true,true,58.823529,30,13864,1990,48.5,,6,1,2956.2066,true,,,,,
BASE,OPERACION_DIARIA-ALTA-N01,OPERACION_DIARIA,ALTA,1,6,48,GENETICO,34,2654.9176,9060,11034.241667,511.075,105.231667,0,0,true,true,58.823529,30,13244,1924,50.520833,,7,1,3669.1234,true,,,,,
BASE,OPERACION_DIARIA-ALTA-N01,OPERACION_DIARIA,ALTA,1,6,48,RECOCIDO_SIMULADO,34,962.8616,2861,10985.261667,519.095,104.661667,0,0,true,true,58.823529,30,14248,2000,48.5,34.184362,6,1,627.4936,true,,,,,
BASE,OPERACION_DIARIA-ALTA-N01,OPERACION_DIARIA,ALTA,1,7,49,RECOCIDO_SIMULADO,34,1023.5306,2941,10920.066667,520.9,103.991667,0,0,true,true,58.823529,30,14888,2138,48.5,37.293649,6,1,753.7014,true,,,,,
BASE,OPERACION_DIARIA-ALTA-N01,OPERACION_DIARIA,ALTA,1,7,49,GENETICO,34,3305.0015,9060,10929.876667,511.71,104.181667,0,0,true,true,58.823529,30,13572,1960,48.5,,6,1,2226.5943,true,,,,,
BASE,OPERACION_DIARIA-ALTA-N01,OPERACION_DIARIA,ALTA,1,8,50,GENETICO,34,2566.3807,9060,11179.086667,510.92,106.681667,0,0,true,true,58.823529,30,13726,2016,48.5,,6,1,2153.4112,true,,,,,
BASE,OPERACION_DIARIA-ALTA-N01,OPERACION_DIARIA,ALTA,1,8,50,RECOCIDO_SIMULADO,34,865.8769,3461,11000.501667,534.001667,104.665,0,0,true,true,55.882353,25,13752,1998,50.520833,71.017144,9,1,713.2948,true,,,,,
BASE,OPERACION_DIARIA-ALTA-N01,OPERACION_DIARIA,ALTA,1,9,51,RECOCIDO_SIMULADO,34,825.0593,3021,10965.651667,518.485,104.471667,0,0,true,true,58.823529,30,13162,1898,50.520833,42.16748,8,1,571.1303,true,,,,,
BASE,OPERACION_DIARIA-ALTA-N01,OPERACION_DIARIA,ALTA,1,9,51,GENETICO,34,3075.9847,9060,11148.976667,510.81,106.381667,0,0,true,true,58.823529,30,14060,2026,48.5,,6,1,2661.0151,true,,,,,
BASE,OPERACION_DIARIA-ALTA-N01,OPERACION_DIARIA,ALTA,1,10,52,GENETICO,34,2611.4911,9060,11155.806667,511.64,106.441667,0,0,true,true,58.823529,30,13880,2008,48.5,,6,1,2063.0671,true,,,,,
BASE,OPERACION_DIARIA-ALTA-N01,OPERACION_DIARIA,ALTA,1,10,52,RECOCIDO_SIMULADO,34,837.5834,2941,10927.741667,521.575,104.061667,0,0,true,true,58.823529,30,13662,2030,48.019802,37.531843,6,1,560.8128,true,,,,,
BASE,OPERACION_DIARIA-ALTA-N01,OPERACION_DIARIA,ALTA,1,11,53,RECOCIDO_SIMULADO,34,841.0861,2941,10853.923333,517.756667,103.361667,0,0,true,true,58.823529,30,13550,2018,48.5,36.708446,6,1,565.9348,true,,,,,
BASE,OPERACION_DIARIA-ALTA-N01,OPERACION_DIARIA,ALTA,1,11,53,GENETICO,34,2782.0377,9060,11231.806667,510.64,107.211667,0,0,true,true,58.823529,30,13236,1926,50.520833,,7,1,2505.6174,true,,,,,
BASE,OPERACION_DIARIA-ALTA-N01,OPERACION_DIARIA,ALTA,1,12,54,GENETICO,34,2517.8251,9060,11021.126667,509.96,105.111667,0,0,true,true,58.823529,30,13692,1956,48.5,,6,1,2436.1918,true,,,,,
BASE,OPERACION_DIARIA-ALTA-N01,OPERACION_DIARIA,ALTA,1,12,54,RECOCIDO_SIMULADO,34,843.9638,3261,10929.428333,518.261667,104.111667,0,0,true,true,58.823529,30,13252,2034,50.520833,57.520008,7,1,626.3081,true,,,,,
BASE,OPERACION_DIARIA-ALTA-N01,OPERACION_DIARIA,ALTA,1,13,55,RECOCIDO_SIMULADO,34,838.2486,2901,10885.981667,519.815,103.661667,0,0,true,true,58.823529,30,14216,1974,48.5,34.691154,6,1,554.5926,true,,,,,
BASE,OPERACION_DIARIA-ALTA-N01,OPERACION_DIARIA,ALTA,1,13,55,GENETICO,34,3243.7368,9060,11351.436667,510.27,108.411667,0,0,true,true,58.823529,30,13760,1986,48.5,,6,1,2252.9709,true,,,,,
BASE,OPERACION_DIARIA-ALTA-N01,OPERACION_DIARIA,ALTA,1,14,56,GENETICO,34,2464.7808,9060,10954.571667,509.405,104.451667,0,0,true,true,58.823529,30,13640,1970,48.5,,6,1,3063.1025,true,,,,,
BASE,OPERACION_DIARIA-ALTA-N01,OPERACION_DIARIA,ALTA,1,14,56,RECOCIDO_SIMULADO,34,867.3756,2661,11019.636667,520.47,104.991667,0,0,true,true,58.823529,30,13182,1926,50.520833,25.920307,7,1,525.7691,true,,,,,
BASE,OPERACION_DIARIA-ALTA-N01,OPERACION_DIARIA,ALTA,1,15,57,RECOCIDO_SIMULADO,34,847.2209,3181,10874.421667,523.255,103.511667,0,0,true,true,58.823529,30,15170,2192,48.5,51.220972,6,1,608.4059,true,,,,,
BASE,OPERACION_DIARIA-ALTA-N01,OPERACION_DIARIA,ALTA,1,15,57,GENETICO,34,3118.827,9060,11303.481667,510.315,107.931667,0,0,true,true,58.823529,30,13972,2052,48.5,,6,1,2187.4277,true,,,,,
BASE,OPERACION_DIARIA-ALTA-N01,OPERACION_DIARIA,ALTA,1,16,58,GENETICO,34,4770.3211,9060,11054.996667,509.83,105.451667,0,0,true,true,58.823529,30,13604,1958,48.5,,6,1,2370.8701,true,,,,,
BASE,OPERACION_DIARIA-ALTA-N01,OPERACION_DIARIA,ALTA,1,16,58,RECOCIDO_SIMULADO,34,812.8226,3101,10950.046667,516.88,104.331667,0,0,true,true,58.823529,30,14128,2050,48.5,44.58246,6,1,604.156,true,,,,,
BASE,OPERACION_DIARIA-ALTA-N01,OPERACION_DIARIA,ALTA,1,17,59,RECOCIDO_SIMULADO,34,853.794,2781,10857.618333,521.451667,103.361667,0,0,true,true,58.823529,30,13992,2126,48.5,29.954599,6,1,536.9661,true,,,,,
BASE,OPERACION_DIARIA-ALTA-N01,OPERACION_DIARIA,ALTA,1,17,59,GENETICO,34,3300.2378,9060,11277.111667,510.945,107.661667,0,0,true,true,58.823529,30,13392,1952,50.520833,,7,1,2062.7872,true,,,,,
BASE,OPERACION_DIARIA-ALTA-N01,OPERACION_DIARIA,ALTA,1,18,60,GENETICO,34,2491.1129,9060,11050.796667,512.63,105.381667,0,0,true,true,58.823529,30,14024,2034,50.520833,,7,1,2062.1385,true,,,,,
BASE,OPERACION_DIARIA-ALTA-N01,OPERACION_DIARIA,ALTA,1,18,60,RECOCIDO_SIMULADO,34,835.0393,3501,10856.361667,520.195,103.361667,0,0,true,true,58.823529,30,14218,2040,48.5,76.293777,6,1,679.2065,true,,,,,
BASE,OPERACION_DIARIA-ALTA-N01,OPERACION_DIARIA,ALTA,1,19,61,RECOCIDO_SIMULADO,34,840.9748,3421,10951.656667,522.49,104.291667,0,0,true,true,58.823529,30,14264,2056,50.520833,67.294797,7,1,658.6342,true,,,,,
BASE,OPERACION_DIARIA-ALTA-N01,OPERACION_DIARIA,ALTA,1,19,61,GENETICO,34,2466.678,9060,11456.016667,512.85,109.431667,0,0,true,true,58.823529,30,14080,2036,50.520833,,7,1,2149.0827,true,,,,,
BASE,OPERACION_DIARIA-ALTA-N01,OPERACION_DIARIA,ALTA,1,20,62,GENETICO,34,2577.0242,9060,11185.031667,511.865,106.731667,0,0,true,true,58.823529,30,14220,2080,48.5,,6,1,2104.0023,true,,,,,
BASE,OPERACION_DIARIA-ALTA-N01,OPERACION_DIARIA,ALTA,1,20,62,RECOCIDO_SIMULADO,34,832.6268,3181,10919.023333,516.856667,104.021667,0,0,true,true,58.823529,30,14698,2220,50.520833,50.100067,8,1,602.7456,true,,,,,
BASE,OPERACION_DIARIA-ALTA-N01,OPERACION_DIARIA,ALTA,1,21,63,RECOCIDO_SIMULADO,34,876.5699,2661,10916.076667,516.91,103.991667,0,0,true,true,58.823529,30,14906,2184,48.5,25.711455,6,1,506.3537,true,,,,,
BASE,OPERACION_DIARIA-ALTA-N01,OPERACION_DIARIA,ALTA,1,21,63,GENETICO,34,4275.6735,9060,11287.306667,511.14,107.761667,0,0,true,true,58.823529,30,13428,1956,50.520833,,7,1,2071.6883,true,,,,,
BASE,OPERACION_DIARIA-ALTA-N01,OPERACION_DIARIA,ALTA,1,22,64,GENETICO,34,4167.2935,9060,10977.856667,511.69,104.661667,0,0,true,true,58.823529,30,13668,1988,50.520833,,7,1,2511.74,true,,,,,
BASE,OPERACION_DIARIA-ALTA-N01,OPERACION_DIARIA,ALTA,1,22,64,RECOCIDO_SIMULADO,34,797.9372,2981,10932.571667,518.405,104.141667,0,0,true,true,58.823529,30,13856,2036,50.520833,38.669819,6,1,577.8944,true,,,,,
BASE,OPERACION_DIARIA-ALTA-N01,OPERACION_DIARIA,ALTA,1,23,65,RECOCIDO_SIMULADO,34,824.5758,3261,11044.938333,523.771667,105.211667,0,0,true,true,58.823529,30,13564,2036,48.5,56.584649,6,1,645.674,true,,,,,
BASE,OPERACION_DIARIA-ALTA-N01,OPERACION_DIARIA,ALTA,1,23,65,GENETICO,34,3368.9642,9060,11210.581667,510.415,107.001667,0,0,true,true,58.823529,30,13792,2004,48.5,,6,1,2405.6394,true,,,,,
BASE,OPERACION_DIARIA-ALTA-N01,OPERACION_DIARIA,ALTA,1,24,66,GENETICO,34,3193.5251,9060,10952.566667,510.4,104.421667,0,0,true,true,58.823529,30,13964,2008,48.5,,6,1,2911.1683,true,,,,,
BASE,OPERACION_DIARIA-ALTA-N01,OPERACION_DIARIA,ALTA,1,24,66,RECOCIDO_SIMULADO,34,779.7104,3461,10871.921667,520.755,103.511667,0,0,true,true,58.823529,30,14548,2128,48.5,74.203071,6,1,670.7842,true,,,,,
BASE,OPERACION_DIARIA-ALTA-N01,OPERACION_DIARIA,ALTA,1,25,67,RECOCIDO_SIMULADO,34,819.0402,3421,11034.256667,523.09,105.111667,0,0,true,true,58.823529,30,14024,2020,50.520833,69.34896,6,1,661.7248,true,,,,,
BASE,OPERACION_DIARIA-ALTA-N01,OPERACION_DIARIA,ALTA,1,25,67,GENETICO,34,4580.8943,9060,11129.281667,510.115,106.191667,0,0,true,true,58.823529,30,13216,1932,50.520833,,7,1,2122.7743,true,,,,,
BASE,OPERACION_DIARIA-ALTA-N01,OPERACION_DIARIA,ALTA,1,26,68,GENETICO,34,3408.1656,9060,11006.046667,509.88,104.961667,0,0,true,true,58.823529,30,13684,1954,48.5,,6,1,3023.4816,true,,,,,
BASE,OPERACION_DIARIA-ALTA-N01,OPERACION_DIARIA,ALTA,1,26,68,RECOCIDO_SIMULADO,34,820.2425,2901,10984.786667,521.62,104.631667,0,0,true,true,58.823529,30,14270,2080,50.520833,34.71199,7,1,544.3492,true,,,,,
BASE,OPERACION_DIARIA-ALTA-N01,OPERACION_DIARIA,ALTA,1,27,69,RECOCIDO_SIMULADO,34,843.9928,2901,10932.221667,521.055,104.111667,0,0,true,true,58.823529,30,14492,2170,50.520833,36.044081,6,1,562.0973,true,,,,,
BASE,OPERACION_DIARIA-ALTA-N01,OPERACION_DIARIA,ALTA,1,27,69,GENETICO,34,3799.7567,9060,11035.021667,511.855,105.231667,0,0,true,true,58.823529,30,13692,1978,50.520833,,7,1,2537.3063,true,,,,,
BASE,OPERACION_DIARIA-ALTA-N01,OPERACION_DIARIA,ALTA,1,28,70,GENETICO,34,2586.4322,9060,11159.126667,509.96,106.491667,0,0,true,true,58.823529,30,13748,1958,48.5,,6,1,2549.9083,true,,,,,
BASE,OPERACION_DIARIA-ALTA-N01,OPERACION_DIARIA,ALTA,1,28,70,RECOCIDO_SIMULADO,34,841.061,2741,10959.911667,521.745,104.381667,0,0,true,true,58.823529,30,13972,1962,48.5,29.04868,6,1,525.0422,true,,,,,
BASE,OPERACION_DIARIA-ALTA-N01,OPERACION_DIARIA,ALTA,1,29,71,RECOCIDO_SIMULADO,34,829.3884,2821,10918.855,519.688333,103.991667,0,0,true,true,58.823529,30,13500,2130,50.520833,32.50742,6,1,543.3132,true,,,,,
BASE,OPERACION_DIARIA-ALTA-N01,OPERACION_DIARIA,ALTA,1,29,71,GENETICO,34,3680.6751,9060,11414.286667,510.12,109.041667,0,0,true,true,58.823529,30,13512,1960,48.5,,6,1,2105.5328,true,,,,,
BASE,OPERACION_DIARIA-ALTA-N02,OPERACION_DIARIA,ALTA,2,0,72,GENETICO,38,3836.0279,9060,12836.113333,499.613333,123.365,0,0,true,true,63.157895,41.666667,14834,2152,50.260417,,8,1,3441.6239,true,,,,,
BASE,OPERACION_DIARIA-ALTA-N02,OPERACION_DIARIA,ALTA,2,0,72,RECOCIDO_SIMULADO,38,966.2037,3101,12598.916667,508.916667,120.9,0,0,true,true,63.157895,41.666667,15200,2142,48.25,46.223326,8,1,698.732,true,,,,,
BASE,OPERACION_DIARIA-ALTA-N02,OPERACION_DIARIA,ALTA,2,1,73,RECOCIDO_SIMULADO,38,969.4925,3061,12722.728333,511.228333,122.115,0,0,true,true,63.157895,41.666667,15810,2276,50.260417,42.931376,8,1,684.7481,true,,,,,
BASE,OPERACION_DIARIA-ALTA-N02,OPERACION_DIARIA,ALTA,2,1,73,GENETICO,38,2859.4883,9060,12796.02,499.686667,122.963333,0,0,true,true,63.157895,41.666667,15550,2282,48.25,,7,1,2419.3472,true,,,,,
BASE,OPERACION_DIARIA-ALTA-N02,OPERACION_DIARIA,ALTA,2,2,74,GENETICO,38,2826.3656,9060,12767.123333,500.123333,122.67,0,0,true,true,63.157895,41.666667,15450,2234,48.25,,7,1,3239.3307,true,,,,,
BASE,OPERACION_DIARIA-ALTA-N02,OPERACION_DIARIA,ALTA,2,2,74,RECOCIDO_SIMULADO,38,999.4893,3261,12674.546667,511.046667,121.635,0,0,true,true,63.157895,41.666667,15462,2230,50.260417,57.477306,8,1,731.6363,true,,,,,
BASE,OPERACION_DIARIA-ALTA-N02,OPERACION_DIARIA,ALTA,2,3,75,RECOCIDO_SIMULADO,38,891.6804,3301,12621.671667,522.671667,120.99,0,0,true,true,63.157895,41.666667,15684,2206,47.772277,57.740599,7,1,741.0459,true,,,,,
BASE,OPERACION_DIARIA-ALTA-N02,OPERACION_DIARIA,ALTA,2,3,75,GENETICO,38,4458.5951,9060,12876.76,499.76,123.77,0,0,true,true,60.526316,37.5,15236,2214,48.25,,8,1,2565.652,true,,,,,
BASE,OPERACION_DIARIA-ALTA-N02,OPERACION_DIARIA,ALTA,2,4,76,GENETICO,38,4843.1112,9060,12620.608333,500.608333,121.2,0,0,true,true,63.157895,41.666667,15306,2176,48.25,,7,1,3532.4257,true,,,,,
BASE,OPERACION_DIARIA-ALTA-N02,OPERACION_DIARIA,ALTA,2,4,76,RECOCIDO_SIMULADO,38,1042.3875,2861,12627.388333,519.388333,121.08,0,0,true,true,63.157895,41.666667,14970,2140,48.25,34.001466,7,1,649.8261,true,,,,,
BASE,OPERACION_DIARIA-ALTA-N02,OPERACION_DIARIA,ALTA,2,5,77,RECOCIDO_SIMULADO,38,970.5736,3301,12820.418333,511.418333,123.09,0,0,true,true,63.157895,41.666667,14604,2110,50.260417,59.671718,7,1,743.3943,true,,,,,
BASE,OPERACION_DIARIA-ALTA-N02,OPERACION_DIARIA,ALTA,2,5,77,GENETICO,38,2935.9901,9060,13003.973333,501.973333,125.02,0,0,true,true,63.157895,41.666667,15410,2244,48.25,,7,1,2571.8585,true,,,,,
BASE,OPERACION_DIARIA-ALTA-N02,OPERACION_DIARIA,ALTA,2,6,78,GENETICO,38,2754.2115,9060,12689.383333,500.383333,121.89,0,0,true,true,63.157895,41.666667,15038,2214,50.260417,,8,1,4186.6017,true,,,,,
BASE,OPERACION_DIARIA-ALTA-N02,OPERACION_DIARIA,ALTA,2,6,78,RECOCIDO_SIMULADO,38,1009.4413,3261,12783.056667,507.056667,122.76,0,0,true,true,63.157895,41.666667,15580,2256,50.260417,55.583468,8,1,741.1149,true,,,,,
BASE,OPERACION_DIARIA-ALTA-N02,OPERACION_DIARIA,ALTA,2,7,79,RECOCIDO_SIMULADO,38,982.9103,2861,12672.086667,513.086667,121.59,0,0,true,true,63.157895,41.666667,16096,2464,48.25,34.202677,7,1,653.706,true,,,,,
BASE,OPERACION_DIARIA-ALTA-N02,OPERACION_DIARIA,ALTA,2,7,79,GENETICO,38,2774.7293,9060,12737.528333,502.028333,122.355,0,0,true,true,63.157895,41.666667,15358,2206,48.25,,7,1,2513.36,true,,,,,
BASE,OPERACION_DIARIA-ALTA-N02,OPERACION_DIARIA,ALTA,2,8,80,GENETICO,38,2986.0607,9060,12962.358333,499.858333,124.625,0,0,true,true,63.157895,41.666667,15734,2294,50.260417,,8,1,3100.337,true,,,,,
BASE,OPERACION_DIARIA-ALTA-N02,OPERACION_DIARIA,ALTA,2,8,80,RECOCIDO_SIMULADO,38,994.4461,3621,12728.091667,509.091667,122.19,0,0,true,true,63.157895,41.666667,15594,2244,48.25,89.584757,7,1,799.6934,true,,,,,
BASE,OPERACION_DIARIA-ALTA-N02,OPERACION_DIARIA,ALTA,2,9,81,RECOCIDO_SIMULADO,38,1021.0411,3501,12724.308333,508.308333,122.16,0,0,true,true,63.157895,41.666667,15732,2316,48.25,75.256025,7,1,782.6098,true,,,,,
BASE,OPERACION_DIARIA-ALTA-N02,OPERACION_DIARIA,ALTA,2,9,81,GENETICO,38,2809.4437,9060,12734.363333,499.863333,122.345,0,0,true,true,63.157895,41.666667,15016,2220,50.260417,,8,1,3003.2243,true,,,,,
BASE,OPERACION_DIARIA-ALTA-N02,OPERACION_DIARIA,ALTA,2,10,82,GENETICO,38,3400.6569,9060,12866.438333,501.938333,123.645,0,0,true,true,63.157895,41.666667,15330,2226,50.260417,,8,1,2527.4468,true,,,,,
BASE,OPERACION_DIARIA-ALTA-N02,OPERACION_DIARIA,ALTA,2,10,82,RECOCIDO_SIMULADO,38,979.1273,2701,12704.916667,514.416667,121.905,0,0,true,true,63.157895,41.666667,16736,2356,48.25,27.704159,7,1,599.7431,true,,,,,
BASE,OPERACION_DIARIA-ALTA-N02,OPERACION_DIARIA,ALTA,2,11,83,RECOCIDO_SIMULADO,38,944.5801,3341,12704.561667,514.061667,121.905,0,0,true,true,63.157895,41.666667,14964,2090,48.25,63.181273,7,1,756.8102,true,,,,,
BASE,OPERACION_DIARIA-ALTA-N02,OPERACION_DIARIA,ALTA,2,11,83,GENETICO,38,3150.9666,9060,12821.748333,500.248333,123.215,0,0,true,true,63.157895,41.666667,15584,2306,50.260417,,8,1,2878.1036,true,,,,,
BASE,OPERACION_DIARIA-ALTA-N02,OPERACION_DIARIA,ALTA,2,12,84,GENETICO,38,3068.4971,9060,12790.82,501.653333,122.891667,0,0,true,true,60.526316,37.5,15100,2252,50.260417,,8,1,2760.0744,true,,,,,
BASE,OPERACION_DIARIA-ALTA-N02,OPERACION_DIARIA,ALTA,2,12,84,RECOCIDO_SIMULADO,38,960.2644,2501,12750.886667,516.886667,122.34,0,0,true,true,63.157895,41.666667,16516,2354,50.260417,21.487224,9,1,563.1943,true,,,,,
BASE,OPERACION_DIARIA-ALTA-N02,OPERACION_DIARIA,ALTA,2,13,85,RECOCIDO_SIMULADO,38,992.1688,3061,12687.416667,511.916667,121.755,0,0,true,true,63.157895,41.666667,14122,2032,50.260417,43.46798,8,1,683.9924,true,,,,,
BASE,OPERACION_DIARIA-ALTA-N02,OPERACION_DIARIA,ALTA,2,13,85,GENETICO,38,3121.8151,9060,12817.133333,499.133333,123.18,0,0,true,true,63.157895,41.666667,15618,2272,48.25,,7,1,2678.2652,true,,,,,
BASE,OPERACION_DIARIA-ALTA-N02,OPERACION_DIARIA,ALTA,2,14,86,GENETICO,38,3075.5535,9060,12888.173333,499.673333,123.885,0,0,true,true,63.157895,41.666667,15182,2204,48.25,,7,1,2860.2021,true,,,,,
BASE,OPERACION_DIARIA-ALTA-N02,OPERACION_DIARIA,ALTA,2,14,86,RECOCIDO_SIMULADO,38,989.59,3341,12629.911667,511.411667,121.185,0,0,true,true,63.157895,41.666667,15334,2182,48.25,61.277633,8,1,744.8114,true,,,,,
BASE,OPERACION_DIARIA-ALTA-N02,OPERACION_DIARIA,ALTA,2,15,87,RECOCIDO_SIMULADO,38,969.2035,3301,12707.623333,530.623333,121.77,0,0,true,true,63.157895,41.666667,14308,2000,50.260417,57.987889,9,1,749.207,true,,,,,
BASE,OPERACION_DIARIA-ALTA-N02,OPERACION_DIARIA,ALTA,2,15,87,GENETICO,38,4437.1188,9060,12724.053333,502.053333,122.22,0,0,true,true,63.157895,41.666667,15546,2226,48.25,,7,1,2625.6599,true,,,,,
BASE,OPERACION_DIARIA-ALTA-N02,OPERACION_DIARIA,ALTA,2,16,88,GENETICO,38,3711.02,9060,12744.608333,500.108333,122.445,0,0,true,true,63.157895,41.666667,14804,2190,50.260417,,8,1,3475.1774,true,,,,,
BASE,OPERACION_DIARIA-ALTA-N02,OPERACION_DIARIA,ALTA,2,16,88,RECOCIDO_SIMULADO,38,980.9638,2901,12703.028333,512.528333,121.905,0,0,true,true,63.157895,41.666667,14786,2076,48.25,36.052776,7,1,658.6282,true,,,,,
BASE,OPERACION_DIARIA-ALTA-N02,OPERACION_DIARIA,ALTA,2,17,89,RECOCIDO_SIMULADO,38,996.0045,2741,12737.541667,518.541667,122.19,0,0,true,true,63.157895,41.666667,16336,2332,50.260417,29.285115,8,1,625.0357,true,,,,,
BASE,OPERACION_DIARIA-ALTA-N02,OPERACION_DIARIA,ALTA,2,17,89,GENETICO,38,2835.9903,9060,12901.653333,502.153333,123.995,0,0,true,true,63.157895,41.666667,15514,2288,50.260417,,8,1,2566.4342,true,,,,,
BASE,OPERACION_DIARIA-ALTA-N02,OPERACION_DIARIA,ALTA,2,18,90,GENETICO,38,2781.731,9060,12853.556667,503.556667,123.5,0,0,true,true,63.157895,41.666667,15640,2238,48.25,,7,1,2537.2898,true,,,,,
BASE,OPERACION_DIARIA-ALTA-N02,OPERACION_DIARIA,ALTA,2,18,90,RECOCIDO_SIMULADO,38,979.9402,3221,12648.248333,523.748333,121.245,0,0,true,true,63.157895,41.666667,16278,2290,50.260417,54.308573,9,1,760.4914,true,,,,,
BASE,OPERACION_DIARIA-ALTA-N02,OPERACION_DIARIA,ALTA,2,19,91,RECOCIDO_SIMULADO,38,965.2065,3421,12655.893333,513.893333,121.42,0,0,true,true,63.157895,41.666667,16312,2334,48.25,69.549291,7,1,748.6662,true,,,,,
BASE,OPERACION_DIARIA-ALTA-N02,OPERACION_DIARIA,ALTA,2,19,91,GENETICO,38,2871.998,9060,12777.265,501.598333,122.756667,0,0,true,true,60.526316,37.5,15614,2230,48.25,,7,1,2661.978,true,,,,,
BASE,OPERACION_DIARIA-ALTA-N02,OPERACION_DIARIA,ALTA,2,20,92,GENETICO,38,2762.3149,9060,12798.833333,500.833333,122.98,0,0,true,true,63.157895,41.666667,14794,2168,50.260417,,8,1,3362.0944,true,,,,,
BASE,OPERACION_DIARIA-ALTA-N02,OPERACION_DIARIA,ALTA,2,20,92,RECOCIDO_SIMULADO,38,993.9051,3141,12667.05,508.05,121.59,0,0,true,true,63.157895,41.666667,15620,2324,50.260417,47.611715,9,1,701.078,true,,,,,
BASE,OPERACION_DIARIA-ALTA-N02,OPERACION_DIARIA,ALTA,2,21,93,RECOCIDO_SIMULADO,38,989.629,3381,12703.421667,512.921667,121.905,0,0,true,true,63.157895,41.666667,15362,2222,50.260417,66.851752,8,1,759.4075,true,,,,,
BASE,OPERACION_DIARIA-ALTA-N02,OPERACION_DIARIA,ALTA,2,21,93,GENETICO,38,3179.4426,9060,13000.323333,500.323333,125,0,0,true,true,63.157895,41.666667,15054,2212,50.260417,,8,1,2685.0175,true,,,,,
BASE,OPERACION_DIARIA-ALTA-N02,OPERACION_DIARIA,ALTA,2,22,94,GENETICO,38,3581.6501,9060,12967.358333,500.358333,124.67,0,0,true,true,63.157895,41.666667,15438,2248,50.260417,,8,1,2814.0049,true,,,,,
BASE,OPERACION_DIARIA-ALTA-N02,OPERACION_DIARIA,ALTA,2,22,94,RECOCIDO_SIMULADO,38,1014.1285,3061,12662.458333,506.458333,121.56,0,0,true,true,63.157895,41.666667,16234,2314,48.25,42.516575,8,1,688.0124,true,,,,,
BASE,OPERACION_DIARIA-ALTA-N02,OPERACION_DIARIA,ALTA,2,23,95,RECOCIDO_SIMULADO,38,987.9055,3101,12652.873333,513.373333,121.395,0,0,true,true,63.157895,41.666667,14778,2074,48.25,46.342784,7,1,691.8564,true,,,,,
BASE,OPERACION_DIARIA-ALTA-N02,OPERACION_DIARIA,ALTA,2,23,95,GENETICO,38,3366.0037,9060,12919.648333,499.148333,124.205,0,0,true,true,63.157895,41.666667,15618,2276,48.25,,7,1,2817.1371,true,,,,,
BASE,OPERACION_DIARIA-ALTA-N02,OPERACION_DIARIA,ALTA,2,24,96,GENETICO,38,3162.6904,9060,12791.598333,502.598333,122.89,0,0,true,true,63.157895,41.666667,15068,2230,50.260417,,8,1,3375.3324,true,,,,,
BASE,OPERACION_DIARIA-ALTA-N02,OPERACION_DIARIA,ALTA,2,24,96,RECOCIDO_SIMULADO,38,941.4934,3541,12735.708333,516.708333,122.19,0,0,true,true,63.157895,41.666667,15510,2282,50.260417,82.247802,8,1,790.0854,true,,,,,
BASE,OPERACION_DIARIA-ALTA-N02,OPERACION_DIARIA,ALTA,2,25,97,RECOCIDO_SIMULADO,38,953.9097,3261,12715.103333,512.603333,122.025,0,0,true,true,63.157895,41.666667,15686,2290,50.260417,56.19031,8,1,749.4283,true,,,,,
BASE,OPERACION_DIARIA-ALTA-N02,OPERACION_DIARIA,ALTA,2,25,97,GENETICO,38,3214.9483,9060,12964.848333,499.348333,124.655,0,0,true,true,63.157895,41.666667,15294,2252,50.260417,,8,1,2532.4583,true,,,,,
BASE,OPERACION_DIARIA-ALTA-N02,OPERACION_DIARIA,ALTA,2,26,98,GENETICO,38,3131.7064,9060,12797.958333,500.958333,122.97,0,0,true,true,63.157895,41.666667,14706,2126,50.260417,,8,1,2791.726,true,,,,,
BASE,OPERACION_DIARIA-ALTA-N02,OPERACION_DIARIA,ALTA,2,26,98,RECOCIDO_SIMULADO,38,998.4692,2901,12751.806667,511.806667,122.4,0,0,true,true,63.157895,41.666667,15284,2216,50.260417,35.873267,8,1,641.6973,true,,,,,
BASE,OPERACION_DIARIA-ALTA-N02,OPERACION_DIARIA,ALTA,2,27,99,RECOCIDO_SIMULADO,38,1015.7031,3701,12785.711667,516.711667,122.69,0,0,true,true,63.157895,41.666667,15278,2236,50.260417,97.232871,9,1,833.6537,true,,,,,
BASE,OPERACION_DIARIA-ALTA-N02,OPERACION_DIARIA,ALTA,2,27,99,GENETICO,38,2906.2109,9060,12981.343333,498.343333,124.83,0,0,true,true,63.157895,41.666667,15584,2282,48.25,,7,1,2485.6799,true,,,,,
BASE,OPERACION_DIARIA-ALTA-N02,OPERACION_DIARIA,ALTA,2,28,100,GENETICO,38,2826.1459,9060,12682.363333,500.863333,121.815,0,0,true,true,63.157895,41.666667,15106,2154,48.25,,7,1,3496.6084,true,,,,,
BASE,OPERACION_DIARIA-ALTA-N02,OPERACION_DIARIA,ALTA,2,28,100,RECOCIDO_SIMULADO,38,941.943,3181,12741.318333,513.318333,122.28,0,0,true,true,63.157895,41.666667,16454,2348,50.260417,49.889825,9,1,702.0231,true,,,,,
BASE,OPERACION_DIARIA-ALTA-N02,OPERACION_DIARIA,ALTA,2,29,101,RECOCIDO_SIMULADO,38,940.265,3061,12659.308333,515.308333,121.44,0,0,true,true,63.157895,41.666667,16042,2350,48.25,43.164599,7,1,683.6654,true,,,,,
BASE,OPERACION_DIARIA-ALTA-N02,OPERACION_DIARIA,ALTA,2,29,101,GENETICO,38,2731.036,9060,12884.598333,500.598333,123.84,0,0,true,true,63.157895,41.666667,16010,2318,48.25,,7,1,2425.1484,true,,,,,
BASE,OPERACION_DIARIA-ALTA-N03,OPERACION_DIARIA,ALTA,3,0,102,GENETICO,46,913.4399,9060,11837.503333,616.503333,112.21,0,0,true,true,69.565217,50,15420,2252,62.75,,9,1,900.1093,true,,,,,
BASE,OPERACION_DIARIA-ALTA-N03,OPERACION_DIARIA,ALTA,3,0,102,RECOCIDO_SIMULADO,46,163.7023,3101,11762.303333,637.303333,111.25,0,0,true,true,69.565217,50,16352,2322,65.364583,46.774005,10,1,127.2344,true,,,,,
BASE,OPERACION_DIARIA-ALTA-N03,OPERACION_DIARIA,ALTA,3,1,103,RECOCIDO_SIMULADO,46,168.7518,3021,11642.46,634.46,110.08,0,0,true,true,69.565217,50,17286,2514,62.75,42.032602,9,1,121.0824,true,,,,,
BASE,OPERACION_DIARIA-ALTA-N03,OPERACION_DIARIA,ALTA,3,1,103,GENETICO,46,825.4364,9060,12093.038333,619.038333,114.74,0,0,true,true,69.565217,50,15356,2230,62.75,,8,1,457.6725,true,,,,,
BASE,OPERACION_DIARIA-ALTA-N03,OPERACION_DIARIA,ALTA,3,2,104,GENETICO,46,979.3603,9060,11959.135,625.468333,113.336667,0,0,true,true,67.391304,46.428571,16376,2340,62.75,,8,1,528.2608,true,,,,,
BASE,OPERACION_DIARIA-ALTA-N03,OPERACION_DIARIA,ALTA,3,2,104,RECOCIDO_SIMULADO,46,180.533,3541,11571.103333,632.103333,109.39,0,0,true,true,69.565217,50,15920,2304,62.75,80.665242,8,1,140.6657,true,,,,,
BASE,OPERACION_DIARIA-ALTA-N03,OPERACION_DIARIA,ALTA,3,3,105,RECOCIDO_SIMULADO,46,172.9492,3661,11648.928333,634.928333,110.14,0,0,true,true,69.565217,50,15600,2310,62.75,93.549087,8,1,145.5766,true,,,,,
BASE,OPERACION_DIARIA-ALTA-N03,OPERACION_DIARIA,ALTA,3,3,105,GENETICO,46,900.0317,9060,11860.423333,622.423333,112.38,0,0,true,true,69.565217,50,15816,2324,65.364583,,10,1,705.2871,true,,,,,
BASE,OPERACION_DIARIA-ALTA-N03,OPERACION_DIARIA,ALTA,3,4,106,GENETICO,46,839.879,9060,12012.728333,617.728333,113.95,0,0,true,true,69.565217,50,15312,2256,65.364583,,9,1,541.0643,true,,,,,
BASE,OPERACION_DIARIA-ALTA-N03,OPERACION_DIARIA,ALTA,3,4,106,RECOCIDO_SIMULADO,46,162.5473,2501,11692.158333,639.158333,110.53,0,0,true,true,69.565217,50,17996,2622,62.75,21.402844,8,1,100.986,true,,,,,
BASE,OPERACION_DIARIA-ALTA-N03,OPERACION_DIARIA,ALTA,3,5,107,RECOCIDO_SIMULADO,46,172.996,3461,11617.253333,636.253333,109.81,0,0,true,true,69.565217,50,16760,2530,62.75,71.822046,9,1,136.2721,true,,,,,
BASE,OPERACION_DIARIA-ALTA-N03,OPERACION_DIARIA,ALTA,3,5,107,GENETICO,46,799.7768,9060,11747.933333,617.933333,111.3,0,0,true,true,69.565217,50,15100,2182,62.75,,9,1,1208.5362,true,,,,,
BASE,OPERACION_DIARIA-ALTA-N03,OPERACION_DIARIA,ALTA,3,6,108,GENETICO,46,784.7184,9060,11614.223333,619.223333,109.95,0,0,true,true,69.565217,50,15840,2284,62.75,,9,1,1366.8585,true,,,,,
BASE,OPERACION_DIARIA-ALTA-N03,OPERACION_DIARIA,ALTA,3,6,108,RECOCIDO_SIMULADO,46,174.9351,3541,11843.138333,638.138333,112.05,0,0,true,true,69.565217,50,17572,2602,65.364583,81.469128,9,1,141.9125,true,,,,,
BASE,OPERACION_DIARIA-ALTA-N03,OPERACION_DIARIA,ALTA,3,7,109,RECOCIDO_SIMULADO,46,170.5951,3381,11805.076667,634.076667,111.71,0,0,true,true,69.565217,50,16182,2318,65.364583,66.329622,9,1,134.7269,true,,,,,
BASE,OPERACION_DIARIA-ALTA-N03,OPERACION_DIARIA,ALTA,3,7,109,GENETICO,46,850.4735,9060,11894.061667,627.228333,112.668333,0,0,true,true,67.391304,46.428571,16904,2428,62.75,,8,1,574.2665,true,,,,,
BASE,OPERACION_DIARIA-ALTA-N03,OPERACION_DIARIA,ALTA,3,8,110,GENETICO,46,779.4953,9060,11907.268333,619.268333,112.88,0,0,true,true,69.565217,50,15276,2248,62.75,,8,1,633.904,true,,,,,
BASE,OPERACION_DIARIA-ALTA-N03,OPERACION_DIARIA,ALTA,3,8,110,RECOCIDO_SIMULADO,46,174.5124,3301,11726.863333,635.863333,110.91,0,0,true,true,69.565217,50,17072,2416,62.75,58.461457,8,1,130.4293,true,,,,,
BASE,OPERACION_DIARIA-ALTA-N03,OPERACION_DIARIA,ALTA,3,9,111,RECOCIDO_SIMULADO,46,165.8734,3341,11705.33,646.33,110.59,0,0,true,true,69.565217,50,16026,2294,62.75,60.873955,9,1,131.9981,true,,,,,
BASE,OPERACION_DIARIA-ALTA-N03,OPERACION_DIARIA,ALTA,3,9,111,GENETICO,46,816.5091,9060,12012.905,625.238333,113.876667,0,0,true,true,67.391304,46.428571,16260,2386,65.364583,,9,1,503.0755,true,,,,,
BASE,OPERACION_DIARIA-ALTA-N03,OPERACION_DIARIA,ALTA,3,10,112,GENETICO,46,819.4161,9060,11678.263333,615.263333,110.63,0,0,true,true,69.565217,50,15152,2202,62.128713,,8,1,791.9034,true,,,,,
BASE,OPERACION_DIARIA-ALTA-N03,OPERACION_DIARIA,ALTA,3,10,112,RECOCIDO_SIMULADO,46,158.2891,3261,11663.703333,646.703333,110.17,0,0,true,true,69.565217,50,16944,2402,62.75,56.796128,8,1,130.9756,true,,,,,
BASE,OPERACION_DIARIA-ALTA-N03,OPERACION_DIARIA,ALTA,3,11,113,RECOCIDO_SIMULADO,46,172.6887,2101,11861.983333,639.983333,112.22,0,0,true,true,69.565217,50,16990,2508,65.364583,12.495567,10,1,86.0564,true,,,,,
BASE,OPERACION_DIARIA-ALTA-N03,OPERACION_DIARIA,ALTA,3,11,113,GENETICO,46,1099.5873,9060,11911.673333,620.673333,112.91,0,0,true,true,69.565217,50,15616,2248,62.75,,8,1,583.3605,true,,,,,
BASE,OPERACION_DIARIA-ALTA-N03,OPERACION_DIARIA,ALTA,3,12,114,GENETICO,46,830.9204,9060,11625.073333,620.073333,110.05,0,0,true,true,69.565217,50,15712,2286,62.75,,8,1,644.5091,true,,,,,
BASE,OPERACION_DIARIA-ALTA-N03,OPERACION_DIARIA,ALTA,3,12,114,RECOCIDO_SIMULADO,46,170.2307,3301,11672.043333,637.043333,110.35,0,0,true,true,69.565217,50,15880,2366,65.364583,58.314216,10,1,133.2726,true,,,,,
BASE,OPERACION_DIARIA-ALTA-N03,OPERACION_DIARIA,ALTA,3,13,115,RECOCIDO_SIMULADO,46,161.6168,3301,11622.508333,637.508333,109.85,0,0,true,true,69.565217,50,17576,2610,62.75,59.737324,8,1,132.1835,true,,,,,
BASE,OPERACION_DIARIA-ALTA-N03,OPERACION_DIARIA,ALTA,3,13,115,GENETICO,46,822.3754,9060,11656.363333,620.363333,110.36,0,0,true,true,69.565217,50,14956,2168,65.364583,,9,1,1255.1003,true,,,,,
BASE,OPERACION_DIARIA-ALTA-N03,OPERACION_DIARIA,ALTA,3,14,116,GENETICO,46,982.1189,9060,11805.933333,621.933333,111.84,0,0,true,true,69.565217,50,15816,2300,65.364583,,9,1,614.079,true,,,,,
BASE,OPERACION_DIARIA-ALTA-N03,OPERACION_DIARIA,ALTA,3,14,116,RECOCIDO_SIMULADO,46,175.7782,3381,11802.851667,639.851667,111.63,0,0,true,true,69.565217,50,16562,2566,65.364583,64.742262,9,1,135.592,true,,,,,
BASE,OPERACION_DIARIA-ALTA-N03,OPERACION_DIARIA,ALTA,3,15,117,RECOCIDO_SIMULADO,46,178.1596,3181,11670.556667,635.556667,110.35,0,0,true,true,69.565217,50,18028,2700,62.75,49.997815,8,1,131.2703,true,,,,,
BASE,OPERACION_DIARIA-ALTA-N03,OPERACION_DIARIA,ALTA,3,15,117,GENETICO,46,809.6395,9060,12008.623333,619.623333,113.89,0,0,true,true,69.565217,50,15188,2238,65.364583,,9,1,541.9066,true,,,,,
BASE,OPERACION_DIARIA-ALTA-N03,OPERACION_DIARIA,ALTA,3,16,118,GENETICO,46,809.1332,9060,12029.09,621.423333,114.076667,0,0,true,true,67.391304,46.428571,16068,2348,62.75,,9,1,479.5283,true,,,,,
BASE,OPERACION_DIARIA-ALTA-N03,OPERACION_DIARIA,ALTA,3,16,118,RECOCIDO_SIMULADO,46,171.1755,3021,11657.285,640.285,110.17,0,0,true,true,69.565217,50,16940,2588,65.364583,41.76965,9,1,119.8171,true,,,,,
BASE,OPERACION_DIARIA-ALTA-N03,OPERACION_DIARIA,ALTA,3,17,119,RECOCIDO_SIMULADO,46,169.8239,2781,11726.431667,636.431667,110.9,0,0,true,true,69.565217,50,17166,2536,65.364583,29.945365,10,1,111.3632,true,,,,,
BASE,OPERACION_DIARIA-ALTA-N03,OPERACION_DIARIA,ALTA,3,17,119,GENETICO,46,788.9815,9060,11809.138333,616.138333,111.93,0,0,true,true,69.565217,50,14796,2168,65.364583,,9,1,1045.4711,true,,,,,
BASE,OPERACION_DIARIA-ALTA-N03,OPERACION_DIARIA,ALTA,3,18,120,GENETICO,46,1235.6132,9060,11751.793333,618.793333,111.33,0,0,true,true,69.565217,50,15204,2190,62.75,,8,1,647.7418,true,,,,,
BASE,OPERACION_DIARIA-ALTA-N03,OPERACION_DIARIA,ALTA,3,18,120,RECOCIDO_SIMULADO,46,172.5185,2861,11766.148333,636.148333,111.3,0,0,true,true,69.565217,50,15752,2400,65.364583,33.21466,10,1,115.422,true,,,,,
BASE,OPERACION_DIARIA-ALTA-N03,OPERACION_DIARIA,ALTA,3,19,121,RECOCIDO_SIMULADO,46,172.6416,2781,11688.488333,629.488333,110.59,0,0,true,true,69.565217,50,15778,2414,62.75,29.53853,8,1,114.1052,true,,,,,
BASE,OPERACION_DIARIA-ALTA-N03,OPERACION_DIARIA,ALTA,3,19,121,GENETICO,46,925.9567,9060,12035.938333,620.938333,114.15,0,0,true,true,69.565217,50,14464,2104,65.364583,,10,1,551.1335,true,,,,,
BASE,OPERACION_DIARIA-ALTA-N03,OPERACION_DIARIA,ALTA,3,20,122,GENETICO,46,806.5721,9060,11802.798333,618.798333,111.84,0,0,true,true,69.565217,50,15144,2182,62.75,,9,1,535.6619,true,,,,,
BASE,OPERACION_DIARIA-ALTA-N03,OPERACION_DIARIA,ALTA,3,20,122,RECOCIDO_SIMULADO,46,178.1601,3301,11665.505,630.505,110.35,0,0,true,true,69.565217,50,17362,2552,62.75,57.845037,8,1,132.3126,true,,,,,
BASE,OPERACION_DIARIA-ALTA-N03,OPERACION_DIARIA,ALTA,3,21,123,RECOCIDO_SIMULADO,46,176.2154,3101,11694.535,635.535,110.59,0,0,true,true,69.565217,50,16522,2438,65.364583,44.750668,10,1,125.5681,true,,,,,
BASE,OPERACION_DIARIA-ALTA-N03,OPERACION_DIARIA,ALTA,3,21,123,GENETICO,46,1022.9061,9060,11874.813333,617.813333,112.57,0,0,true,true,69.565217,50,14456,2116,65.364583,,9,1,594.2009,true,,,,,
BASE,OPERACION_DIARIA-ALTA-N03,OPERACION_DIARIA,ALTA,3,22,124,GENETICO,46,814.9208,9060,11919.333333,619.333333,113,0,0,true,true,69.565217,50,15228,2274,65.364583,,10,1,519.4046,true,,,,,
BASE,OPERACION_DIARIA-ALTA-N03,OPERACION_DIARIA,ALTA,3,22,124,RECOCIDO_SIMULADO,46,172.9547,3541,11731.2,633.2,110.98,0,0,true,true,69.565217,50,16330,2410,65.364583,78.272984,9,1,142.6977,true,,,,,
BASE,OPERACION_DIARIA-ALTA-N03,OPERACION_DIARIA,ALTA,3,23,125,RECOCIDO_SIMULADO,46,163.1898,3461,11904.996667,633.33,112.716667,0,0,true,true,67.391304,46.428571,17000,2562,65.364583,71.525299,9,1,139.7742,true,,,,,
BASE,OPERACION_DIARIA-ALTA-N03,OPERACION_DIARIA,ALTA,3,23,125,GENETICO,46,765.8317,9060,11876.823333,619.823333,112.57,0,0,true,true,69.565217,50,15496,2236,62.75,,9,1,677.7954,true,,,,,
BASE,OPERACION_DIARIA-ALTA-N03,OPERACION_DIARIA,ALTA,3,24,126,GENETICO,46,770.4139,9060,11722.018333,617.018333,111.05,0,0,true,true,69.565217,50,15116,2218,65.364583,,9,1,763.4023,true,,,,,
BASE,OPERACION_DIARIA-ALTA-N03,OPERACION_DIARIA,ALTA,3,24,126,RECOCIDO_SIMULADO,46,173.8586,3581,11656.511667,639.511667,110.17,0,0,true,true,69.565217,50,16762,2424,62.75,84.318468,8,1,143.3647,true,,,,,
BASE,OPERACION_DIARIA-ALTA-N03,OPERACION_DIARIA,ALTA,3,25,127,RECOCIDO_SIMULADO,46,176.3466,3141,11630.175,640.175,109.9,0,0,true,true,69.565217,50,15738,2272,62.75,49.007782,9,1,124.318,true,,,,,
BASE,OPERACION_DIARIA-ALTA-N03,OPERACION_DIARIA,ALTA,3,25,127,GENETICO,46,918.5784,9060,11794.058333,619.058333,111.75,0,0,true,true,69.565217,50,15628,2288,62.75,,8,1,559.1491,true,,,,,
BASE,OPERACION_DIARIA-ALTA-N03,OPERACION_DIARIA,ALTA,3,26,128,GENETICO,46,878.9795,9060,11647.343333,615.343333,110.32,0,0,true,true,69.565217,50,14320,2068,62.75,,8,1,942.5545,true,,,,,
BASE,OPERACION_DIARIA-ALTA-N03,OPERACION_DIARIA,ALTA,3,26,128,RECOCIDO_SIMULADO,46,174.7267,2661,11817.24,631.24,111.86,0,0,true,true,69.565217,50,17072,2540,65.364583,26.462998,9,1,109.2835,true,,,,,
BASE,OPERACION_DIARIA-ALTA-N03,OPERACION_DIARIA,ALTA,3,27,129,RECOCIDO_SIMULADO,46,166.4532,3661,11644.54,636.54,110.08,0,0,true,true,69.565217,50,18090,2658,62.75,91.30408,9,1,144.9699,true,,,,,
BASE,OPERACION_DIARIA-ALTA-N03,OPERACION_DIARIA,ALTA,3,27,129,GENETICO,46,798.1454,9060,12009.993333,617.993333,113.92,0,0,true,true,69.565217,50,14696,2124,62.75,,9,1,504.4209,true,,,,,
BASE,OPERACION_DIARIA-ALTA-N03,OPERACION_DIARIA,ALTA,3,28,130,GENETICO,46,1260.1898,9060,11800.058333,616.058333,111.84,0,0,true,true,69.565217,50,14524,2128,65.364583,,10,1,780.0587,true,,,,,
BASE,OPERACION_DIARIA-ALTA-N03,OPERACION_DIARIA,ALTA,3,28,130,RECOCIDO_SIMULADO,46,169.5276,3501,11603.008333,634.008333,109.69,0,0,true,true,69.565217,50,16912,2384,62.75,77.344325,9,1,137.8343,true,,,,,
BASE,OPERACION_DIARIA-ALTA-N03,OPERACION_DIARIA,ALTA,3,29,131,RECOCIDO_SIMULADO,46,173.4675,2821,11788.028333,633.028333,111.55,0,0,true,true,69.565217,50,16326,2402,65.364583,32.223844,9,1,115.1426,true,,,,,
BASE,OPERACION_DIARIA-ALTA-N03,OPERACION_DIARIA,ALTA,3,29,131,GENETICO,46,973.5231,9060,11901.238333,617.238333,112.84,0,0,true,true,69.565217,50,14624,2132,62.75,,9,1,482.8476,true,,,,,
BASE,OPERACION_DIARIA-CRITICA-N01,OPERACION_DIARIA,CRITICA,1,0,42,GENETICO,40,3697.4718,9060,12839.561667,594.561667,122.45,0,0,true,true,65,33.333333,14462,2204,58.238636,,15,2,3408.3968,true,,,,,
BASE,OPERACION_DIARIA-CRITICA-N01,OPERACION_DIARIA,CRITICA,1,0,42,RECOCIDO_SIMULADO,40,926.5693,3021,12746.855,604.855,121.42,0,0,true,true,65,33.333333,16810,2584,55.107527,41.987221,14,2,672.7591,true,,,,,
BASE,OPERACION_DIARIA-CRITICA-N01,OPERACION_DIARIA,CRITICA,1,1,43,RECOCIDO_SIMULADO,40,1009.3638,3581,12767.521667,607.021667,121.605,0,0,true,true,65,33.333333,14738,2362,58.238636,86.479498,15,2,818.1314,true,,,,,
BASE,OPERACION_DIARIA-CRITICA-N01,OPERACION_DIARIA,CRITICA,1,1,43,GENETICO,40,3941.3124,9060,13036.741667,595.241667,124.415,0,0,true,true,65,33.333333,14688,2276,58.238636,,15,2,2534.6555,true,,,,,
BASE,OPERACION_DIARIA-CRITICA-N01,OPERACION_DIARIA,CRITICA,1,2,44,GENETICO,40,3721.0537,9060,13005.526667,595.526667,124.1,0,0,true,true,65,33.333333,14474,2162,58.238636,,15,2,2651.2451,true,,,,,
BASE,OPERACION_DIARIA-CRITICA-N01,OPERACION_DIARIA,CRITICA,1,2,44,RECOCIDO_SIMULADO,40,927.7089,2981,12714.408333,606.908333,121.075,0,0,true,true,65,33.333333,16150,2458,58.238636,38.553065,15,2,684.4406,true,,,,,
BASE,OPERACION_DIARIA-CRITICA-N01,OPERACION_DIARIA,CRITICA,1,3,45,RECOCIDO_SIMULADO,40,981.0142,3261,12867.423333,602.423333,122.65,0,0,true,true,65,33.333333,14672,2326,61.011905,55.268548,15,2,747.9617,true,,,,,
BASE,OPERACION_DIARIA-CRITICA-N01,OPERACION_DIARIA,CRITICA,1,3,45,GENETICO,40,2815.7952,9060,12915.203333,595.203333,123.2,0,0,true,true,65,33.333333,14864,2244,55.706522,,14,2,2559.8063,true,,,,,
BASE,OPERACION_DIARIA-CRITICA-N01,OPERACION_DIARIA,CRITICA,1,4,46,GENETICO,40,2818.8514,9060,12792.566667,594.566667,121.98,0,0,true,true,65,33.333333,14078,2120,58.238636,,15,2,3742.6591,true,,,,,
BASE,OPERACION_DIARIA-CRITICA-N01,OPERACION_DIARIA,CRITICA,1,4,46,RECOCIDO_SIMULADO,40,972.6009,2661,12880.085,609.085,122.71,0,0,true,true,65,33.333333,16844,2604,58.238636,26.621466,15,2,579.5148,true,,,,,
BASE,OPERACION_DIARIA-CRITICA-N01,OPERACION_DIARIA,CRITICA,1,5,47,RECOCIDO_SIMULADO,40,940.8817,3661,12810.716667,605.216667,122.055,0,0,true,true,65,33.333333,15908,2422,58.238636,92.173874,14,2,861.1287,true,,,,,
BASE,OPERACION_DIARIA-CRITICA-N01,OPERACION_DIARIA,CRITICA,1,5,47,GENETICO,40,3684.0252,9060,12974.441667,591.441667,123.83,0,0,true,true,65,33.333333,14854,2232,55.107527,,14,2,2509.6816,true,,,,,
BASE,OPERACION_DIARIA-CRITICA-N01,OPERACION_DIARIA,CRITICA,1,6,48,GENETICO,40,3844.1167,9060,12857.093333,594.593333,122.625,0,0,true,true,65,33.333333,14360,2142,55.706522,,15,2,2556.8863,true,,,,,
BASE,OPERACION_DIARIA-CRITICA-N01,OPERACION_DIARIA,CRITICA,1,6,48,RECOCIDO_SIMULADO,40,979.2708,3141,12789.418333,601.418333,121.88,0,0,true,true,65,33.333333,15316,2372,55.706522,49.278921,14,2,714.8426,true,,,,,
BASE,OPERACION_DIARIA-CRITICA-N01,OPERACION_DIARIA,CRITICA,1,7,49,RECOCIDO_SIMULADO,40,858.1102,2781,12814.68,607.18,122.075,0,0,true,true,65,33.333333,16154,2378,58.238636,30.279601,14,2,631.3889,true,,,,,
BASE,OPERACION_DIARIA-CRITICA-N01,OPERACION_DIARIA,CRITICA,1,7,49,GENETICO,40,4299.0402,9060,13041.491667,593.491667,124.48,0,0,true,true,65,33.333333,14564,2264,55.706522,,14,2,2494.811,true,,,,,
BASE,OPERACION_DIARIA-CRITICA-N01,OPERACION_DIARIA,CRITICA,1,8,50,GENETICO,40,3087.1371,9060,12815.725,596.225,122.195,0,0,true,true,65,33.333333,15002,2216,55.706522,,14,2,3257.7854,true,,,,,
BASE,OPERACION_DIARIA-CRITICA-N01,OPERACION_DIARIA,CRITICA,1,8,50,RECOCIDO_SIMULADO,40,942.5049,3581,12815.806667,604.306667,122.115,0,0,true,true,65,33.333333,14970,2232,58.238636,82.861478,15,2,816.6188,true,,,,,
BASE,OPERACION_DIARIA-CRITICA-N01,OPERACION_DIARIA,CRITICA,1,9,51,RECOCIDO_SIMULADO,40,995.3452,3101,12809.225,611.225,121.98,0,0,true,true,65,33.333333,15476,2192,55.706522,45.541358,15,2,701.1733,true,,,,,
BASE,OPERACION_DIARIA-CRITICA-N01,OPERACION_DIARIA,CRITICA,1,9,51,GENETICO,40,4065.0576,9060,13038.386667,594.386667,124.44,0,0,true,true,65,33.333333,14692,2268,58.238636,,15,2,2866.0072,true,,,,,
BASE,OPERACION_DIARIA-CRITICA-N01,OPERACION_DIARIA,CRITICA,1,10,52,GENETICO,40,4293.6799,9060,12773.726667,594.726667,121.79,0,0,true,true,65,33.333333,15166,2264,57.58427,,15,2,3367.1375,true,,,,,
BASE,OPERACION_DIARIA-CRITICA-N01,OPERACION_DIARIA,CRITICA,1,10,52,RECOCIDO_SIMULADO,40,964.5363,2861,12734.211667,607.211667,121.27,0,0,true,true,65,33.333333,16452,2454,57.58427,34.412578,15,2,654.2564,true,,,,,
BASE,OPERACION_DIARIA-CRITICA-N01,OPERACION_DIARIA,CRITICA,1,11,53,RECOCIDO_SIMULADO,40,946.0189,3381,12688.691667,608.191667,120.805,0,0,true,true,65,33.333333,15962,2400,55.706522,64.458915,15,2,783.7985,true,,,,,
BASE,OPERACION_DIARIA-CRITICA-N01,OPERACION_DIARIA,CRITICA,1,11,53,GENETICO,40,3751.7735,9060,13075.901667,598.401667,124.775,0,0,true,true,65,33.333333,14914,2286,61.011905,,15,2,2732.9173,true,,,,,
BASE,OPERACION_DIARIA-CRITICA-N01,OPERACION_DIARIA,CRITICA,1,12,54,GENETICO,40,4179.1311,9060,13125.716667,596.716667,125.29,0,0,true,true,65,33.333333,14770,2218,58.238636,,15,2,2497.846,true,,,,,
BASE,OPERACION_DIARIA-CRITICA-N01,OPERACION_DIARIA,CRITICA,1,12,54,RECOCIDO_SIMULADO,40,984.1238,2941,12665.791667,606.291667,120.595,0,0,true,true,65,33.333333,16432,2464,55.706522,37.483373,15,2,672.6843,true,,,,,
BASE,OPERACION_DIARIA-CRITICA-N01,OPERACION_DIARIA,CRITICA,1,13,55,RECOCIDO_SIMULADO,40,951.6802,2461,13039.291667,617.291667,124.22,0,0,true,true,65,33.333333,17020,2582,61.011905,20.397635,17,2,544.97,true,,,,,
BASE,OPERACION_DIARIA-CRITICA-N01,OPERACION_DIARIA,CRITICA,1,13,55,GENETICO,40,2976.4271,9060,12919.491667,593.991667,123.255,0,0,true,true,65,33.333333,15398,2328,55.107527,,14,2,2662.7295,true,,,,,
BASE,OPERACION_DIARIA-CRITICA-N01,OPERACION_DIARIA,CRITICA,1,14,56,GENETICO,40,2946.5882,9060,12925.216667,595.716667,123.295,0,0,true,true,65,33.333333,14240,2200,61.011905,,16,2,3600.869,true,,,,,
BASE,OPERACION_DIARIA-CRITICA-N01,OPERACION_DIARIA,CRITICA,1,14,56,RECOCIDO_SIMULADO,40,984.1043,3621,12732.101667,605.601667,121.265,0,0,true,true,65,33.333333,17248,2688,55.107527,87.694024,15,2,802.5195,true,,,,,
BASE,OPERACION_DIARIA-CRITICA-N01,OPERACION_DIARIA,CRITICA,1,15,57,RECOCIDO_SIMULADO,40,1010.5711,2821,12706.615,614.115,120.925,0,0,true,true,65,33.333333,16966,2534,55.706522,32.278088,14,2,642.3985,true,,,,,
BASE,OPERACION_DIARIA-CRITICA-N01,OPERACION_DIARIA,CRITICA,1,15,57,GENETICO,40,4602.6275,9060,12977.891667,593.391667,123.845,0,0,true,true,65,33.333333,14366,2156,55.706522,,15,2,2609.4173,true,,,,,
BASE,OPERACION_DIARIA-CRITICA-N01,OPERACION_DIARIA,CRITICA,1,16,58,GENETICO,40,4319.0645,9060,12926.801667,595.301667,123.315,0,0,true,true,65,33.333333,14410,2184,58.238636,,15,2,2735.1227,true,,,,,
BASE,OPERACION_DIARIA-CRITICA-N01,OPERACION_DIARIA,CRITICA,1,16,58,RECOCIDO_SIMULADO,40,1015.0718,3101,12741.241667,606.741667,121.345,0,0,true,true,65,33.333333,17104,2604,55.107527,46.010848,14,2,685.1245,true,,,,,
BASE,OPERACION_DIARIA-CRITICA-N01,OPERACION_DIARIA,CRITICA,1,17,59,RECOCIDO_SIMULADO,40,897.3895,3341,12660.953333,601.453333,120.595,0,0,true,true,65,33.333333,15662,2390,55.706522,62.75838,14,2,757.7214,true,,,,,
BASE,OPERACION_DIARIA-CRITICA-N01,OPERACION_DIARIA,CRITICA,1,17,59,GENETICO,40,4404.0847,9060,12843.711667,595.711667,122.48,0,0,true,true,65,33.333333,14884,2312,58.238636,,15,2,3231.1947,true,,,,,
BASE,OPERACION_DIARIA-CRITICA-N01,OPERACION_DIARIA,CRITICA,1,18,60,GENETICO,40,3191.6759,9060,12909.616667,595.616667,123.14,0,0,true,true,65,33.333333,15044,2320,58.238636,,15,2,2630.6014,true,,,,,
BASE,OPERACION_DIARIA-CRITICA-N01,OPERACION_DIARIA,CRITICA,1,18,60,RECOCIDO_SIMULADO,40,1041.0323,3061,12815.531667,605.031667,122.105,0,0,true,true,65,33.333333,16320,2462,58.238636,43.048044,15,2,707.6387,true,,,,,
BASE,OPERACION_DIARIA-CRITICA-N01,OPERACION_DIARIA,CRITICA,1,19,61,RECOCIDO_SIMULADO,40,947.3996,2621,12696.291667,608.291667,120.88,0,0,true,true,65,33.333333,16352,2474,55.706522,24.9351,15,2,593.7476,true,,,,,
BASE,OPERACION_DIARIA-CRITICA-N01,OPERACION_DIARIA,CRITICA,1,19,61,GENETICO,40,4970.16,9060,12898.586667,593.086667,123.055,0,0,true,true,65,33.333333,14508,2216,55.706522,,15,2,2613.2915,true,,,,,
BASE,OPERACION_DIARIA-CRITICA-N01,OPERACION_DIARIA,CRITICA,1,20,62,GENETICO,40,4502.2958,9060,12691.026667,593.026667,120.98,0,0,true,true,65,33.333333,14730,2216,55.706522,,15,2,2834.5957,true,,,,,
BASE,OPERACION_DIARIA-CRITICA-N01,OPERACION_DIARIA,CRITICA,1,20,62,RECOCIDO_SIMULADO,40,947.7444,3021,12694.44,607.94,120.865,0,0,true,true,65,33.333333,16752,2442,55.706522,41.22481,14,2,678.9105,true,,,,,
BASE,OPERACION_DIARIA-CRITICA-N01,OPERACION_DIARIA,CRITICA,1,21,63,RECOCIDO_SIMULADO,40,953.3489,3101,12765.963333,606.463333,121.595,0,0,true,true,65,33.333333,15432,2396,58.238636,44.83379,15,2,718.3632,true,,,,,
BASE,OPERACION_DIARIA-CRITICA-N01,OPERACION_DIARIA,CRITICA,1,21,63,GENETICO,40,4274.8475,9060,13048.066667,593.066667,124.55,0,0,true,true,65,33.333333,14480,2206,58.238636,,15,2,2540.3695,true,,,,,
BASE,OPERACION_DIARIA-CRITICA-N01,OPERACION_DIARIA,CRITICA,1,22,64,GENETICO,40,4579.3168,9060,12804.631667,592.631667,122.12,0,0,true,true,65,33.333333,13970,2134,58.238636,,15,2,3578.3077,true,,,,,
BASE,OPERACION_DIARIA-CRITICA-N01,OPERACION_DIARIA,CRITICA,1,22,64,RECOCIDO_SIMULADO,40,899.2183,3301,12842.036667,607.536667,122.345,0,0,true,true,65,33.333333,16126,2522,57.58427,60.119463,15,2,739.0285,true,,,,,
BASE,OPERACION_DIARIA-CRITICA-N01,OPERACION_DIARIA,CRITICA,1,23,65,RECOCIDO_SIMULADO,40,979.5837,3141,12668.088333,608.588333,120.595,0,0,true,true,65,33.333333,15424,2284,55.706522,47.541123,14,2,711.0891,true,,,,,
BASE,OPERACION_DIARIA-CRITICA-N01,OPERACION_DIARIA,CRITICA,1,23,65,GENETICO,40,4619.4519,9060,12812.026667,595.026667,122.17,0,0,true,true,65,33.333333,14176,2242,61.011905,,15,2,2817.2829,true,,,,,
BASE,OPERACION_DIARIA-CRITICA-N01,OPERACION_DIARIA,CRITICA,1,24,66,GENETICO,40,3760.2236,9060,12920.17,594.836667,123.253333,0,0,true,true,62.5,28.571429,15148,2288,55.706522,,14,2,2933.341,true,,,,,
BASE,OPERACION_DIARIA-CRITICA-N01,OPERACION_DIARIA,CRITICA,1,24,66,RECOCIDO_SIMULADO,40,963.3107,3221,12752.721667,607.221667,121.455,0,0,true,true,65,33.333333,14846,2172,55.706522,53.794531,16,2,738.8661,true,,,,,
BASE,OPERACION_DIARIA-CRITICA-N01,OPERACION_DIARIA,CRITICA,1,25,67,RECOCIDO_SIMULADO,40,984.2189,3301,12791.693333,609.193333,121.825,0,0,true,true,65,33.333333,15014,2284,61.011905,59.804156,16,2,739.1985,true,,,,,
BASE,OPERACION_DIARIA-CRITICA-N01,OPERACION_DIARIA,CRITICA,1,25,67,GENETICO,40,4741.0457,9060,12990.421667,593.921667,123.965,0,0,true,true,65,33.333333,14746,2170,55.706522,,14,2,3635.2044,true,,,,,
BASE,OPERACION_DIARIA-CRITICA-N01,OPERACION_DIARIA,CRITICA,1,26,68,GENETICO,40,4429.0778,9060,13032.666667,593.166667,124.395,0,0,true,true,65,33.333333,15432,2316,55.107527,,15,2,2570.0599,true,,,,,
BASE,OPERACION_DIARIA-CRITICA-N01,OPERACION_DIARIA,CRITICA,1,26,68,RECOCIDO_SIMULADO,40,971.2626,3261,12970.07,613.736667,123.563333,0,0,true,true,62.5,28.571429,17080,2532,58.238636,57.439936,15,2,721.3161,true,,,,,
BASE,OPERACION_DIARIA-CRITICA-N01,OPERACION_DIARIA,CRITICA,1,27,69,RECOCIDO_SIMULADO,40,926.8652,2861,12883.676667,603.176667,122.805,0,0,true,true,65,33.333333,15592,2386,58.238636,33.575624,16,2,665.7979,true,,,,,
BASE,OPERACION_DIARIA-CRITICA-N01,OPERACION_DIARIA,CRITICA,1,27,69,GENETICO,40,2828.4096,9060,13391.876667,598.376667,127.935,0,0,true,true,65,33.333333,15030,2302,58.238636,,15,2,2626.2542,true,,,,,
BASE,OPERACION_DIARIA-CRITICA-N01,OPERACION_DIARIA,CRITICA,1,28,70,GENETICO,40,3225.8599,9060,12894.706667,597.706667,122.97,0,0,true,true,65,33.333333,14652,2210,58.238636,,15,2,2542.5245,true,,,,,
BASE,OPERACION_DIARIA-CRITICA-N01,OPERACION_DIARIA,CRITICA,1,28,70,RECOCIDO_SIMULADO,40,937.3364,3261,12771.68,612.18,121.595,0,0,true,true,65,33.333333,16028,2388,58.238636,56.599816,15,2,728.8416,true,,,,,
BASE,OPERACION_DIARIA-CRITICA-N01,OPERACION_DIARIA,CRITICA,1,29,71,RECOCIDO_SIMULADO,40,935.6786,2901,12836.071667,609.071667,122.27,0,0,true,true,65,33.333333,16072,2476,58.238636,35.767993,15,2,663.5168,true,,,,,
BASE,OPERACION_DIARIA-CRITICA-N01,OPERACION_DIARIA,CRITICA,1,29,71,GENETICO,40,3030.7718,9060,12879.495,596.161667,122.833333,0,0,true,true,62.5,28.571429,15012,2306,55.706522,,15,2,2430.3078,true,,,,,
BASE,OPERACION_DIARIA-CRITICA-N02,OPERACION_DIARIA,CRITICA,2,0,72,GENETICO,42,4075.1628,9060,15255.928333,599.761667,146.561667,0,0,true,true,61.904762,38.461538,14974,2210,57.065217,,14,2,3411.219,true,,,,,
BASE,OPERACION_DIARIA-CRITICA-N02,OPERACION_DIARIA,CRITICA,2,0,72,RECOCIDO_SIMULADO,42,1054.8085,3501,15230.54,614.373333,146.161667,0,0,true,true,61.904762,38.461538,16290,2442,59.659091,77.770094,17,2,852.8404,true,,,,,
BASE,OPERACION_DIARIA-CRITICA-N02,OPERACION_DIARIA,CRITICA,2,1,73,RECOCIDO_SIMULADO,42,1054.8679,2661,15221.048333,615.215,146.058333,0,0,true,true,59.52381,34.615385,15794,2392,62.5,25.333817,15,2,656.382,true,,,,,
BASE,OPERACION_DIARIA-CRITICA-N02,OPERACION_DIARIA,CRITICA,2,1,73,GENETICO,42,4168.5603,9060,15294.108333,601.941667,146.921667,0,0,true,true,61.904762,38.461538,15414,2318,59.659091,,16,2,4240.3241,true,,,,,
BASE,OPERACION_DIARIA-CRITICA-N02,OPERACION_DIARIA,CRITICA,2,2,74,GENETICO,42,4452.0008,9060,15403.918333,598.251667,148.056667,0,0,true,true,61.904762,38.461538,15438,2356,57.065217,,15,2,2731.1834,true,,,,,
BASE,OPERACION_DIARIA-CRITICA-N02,OPERACION_DIARIA,CRITICA,2,2,74,RECOCIDO_SIMULADO,42,1167.0576,3661,15153.908333,617.241667,145.366667,0,0,true,true,61.904762,38.461538,15924,2424,59.659091,92.129514,17,2,897.4232,true,,,,,
BASE,OPERACION_DIARIA-CRITICA-N02,OPERACION_DIARIA,CRITICA,2,3,75,RECOCIDO_SIMULADO,42,1064.5244,2501,15296.765,612.931667,146.838333,0,0,true,true,59.52381,34.615385,16448,2482,57.065217,21.00117,14,2,627.5834,true,,,,,
BASE,OPERACION_DIARIA-CRITICA-N02,OPERACION_DIARIA,CRITICA,2,3,75,GENETICO,42,3277.6721,9060,15355.128333,603.461667,147.516667,0,0,true,true,61.904762,38.461538,15374,2328,59.659091,,15,2,2919.5462,true,,,,,
BASE,OPERACION_DIARIA-CRITICA-N02,OPERACION_DIARIA,CRITICA,2,4,76,GENETICO,42,4096.898,9060,15581.593333,599.426667,149.821667,0,0,true,true,61.904762,38.461538,15958,2374,56.451613,,14,2,3181.1801,true,,,,,
BASE,OPERACION_DIARIA-CRITICA-N02,OPERACION_DIARIA,CRITICA,2,4,76,RECOCIDO_SIMULADO,42,1091.2335,2701,15168.848333,613.015,145.558333,0,0,true,true,59.52381,34.615385,16336,2422,57.065217,27.609383,14,2,670.7079,true,,,,,
BASE,OPERACION_DIARIA-CRITICA-N02,OPERACION_DIARIA,CRITICA,2,5,77,RECOCIDO_SIMULADO,42,1098.0271,3261,15214.083333,620.75,145.933333,0,0,true,true,61.904762,38.461538,16218,2384,59.659091,55.696,16,2,792.4734,true,,,,,
BASE,OPERACION_DIARIA-CRITICA-N02,OPERACION_DIARIA,CRITICA,2,5,77,GENETICO,42,5556.8105,9060,15344.468333,598.301667,147.461667,0,0,true,true,61.904762,38.461538,15042,2258,58.988764,,16,2,3381.324,true,,,,,
BASE,OPERACION_DIARIA-CRITICA-N02,OPERACION_DIARIA,CRITICA,2,6,78,GENETICO,42,3592.9054,9060,15281.093333,599.426667,146.816667,0,0,true,true,61.904762,38.461538,15678,2322,57.065217,,14,2,2847.3187,true,,,,,
BASE,OPERACION_DIARIA-CRITICA-N02,OPERACION_DIARIA,CRITICA,2,6,78,RECOCIDO_SIMULADO,42,1131.9388,3341,15212.678333,613.511667,145.991667,0,0,true,true,61.904762,38.461538,15738,2328,57.065217,60.999348,14,2,835.7987,true,,,,,
BASE,OPERACION_DIARIA-CRITICA-N02,OPERACION_DIARIA,CRITICA,2,7,79,RECOCIDO_SIMULADO,42,1047.6428,3301,15208.581667,619.748333,145.888333,0,0,true,true,59.52381,34.615385,17250,2508,57.065217,59.263596,16,2,837.0011,true,,,,,
BASE,OPERACION_DIARIA-CRITICA-N02,OPERACION_DIARIA,CRITICA,2,7,79,GENETICO,42,3455.5177,9060,15535.188333,603.521667,149.316667,0,0,true,true,61.904762,38.461538,15022,2282,62.5,,16,2,3538.9121,true,,,,,
BASE,OPERACION_DIARIA-CRITICA-N02,OPERACION_DIARIA,CRITICA,2,8,80,GENETICO,42,4694.5185,9060,15214.81,600.476667,146.143333,0,0,true,true,59.52381,34.615385,15190,2262,59.659091,,15,2,3884.5196,true,,,,,
BASE,OPERACION_DIARIA-CRITICA-N02,OPERACION_DIARIA,CRITICA,2,8,80,RECOCIDO_SIMULADO,42,1050.0689,3061,15264.643333,609.81,146.548333,0,0,true,true,57.142857,30.769231,15254,2346,59.659091,42.717781,15,2,759.2333,true,,,,,
BASE,OPERACION_DIARIA-CRITICA-N02,OPERACION_DIARIA,CRITICA,2,9,81,RECOCIDO_SIMULADO,42,1148.6554,3381,15135.771667,611.605,145.241667,0,0,true,true,61.904762,38.461538,14694,2154,59.659091,64.965237,16,2,856.8701,true,,,,,
BASE,OPERACION_DIARIA-CRITICA-N02,OPERACION_DIARIA,CRITICA,2,9,81,GENETICO,42,3808.9932,9060,15313.183333,603.016667,147.101667,0,0,true,true,61.904762,38.461538,15402,2324,62.5,,17,2,2923.362,true,,,,,
BASE,OPERACION_DIARIA-CRITICA-N02,OPERACION_DIARIA,CRITICA,2,10,82,GENETICO,42,3502.7855,9060,15168.795,602.461667,145.663333,0,0,true,true,59.52381,34.615385,15770,2324,57.065217,,14,2,3952.9101,true,,,,,
BASE,OPERACION_DIARIA-CRITICA-N02,OPERACION_DIARIA,CRITICA,2,10,82,RECOCIDO_SIMULADO,42,1064.1396,3021,15310.423333,613.756667,146.966667,0,0,true,true,61.904762,38.461538,16162,2358,58.988764,41.607532,15,2,754.2716,true,,,,,
BASE,OPERACION_DIARIA-CRITICA-N02,OPERACION_DIARIA,CRITICA,2,11,83,RECOCIDO_SIMULADO,42,1097.5452,3501,15155.7,610.033333,145.456667,0,0,true,true,61.904762,38.461538,16494,2398,57.065217,74.652009,14,2,859.1182,true,,,,,
BASE,OPERACION_DIARIA-CRITICA-N02,OPERACION_DIARIA,CRITICA,2,11,83,GENETICO,42,3992.8534,9060,15390.386667,601.053333,147.893333,0,0,true,true,61.904762,38.461538,15738,2394,57.065217,,15,2,2788.3187,true,,,,,
BASE,OPERACION_DIARIA-CRITICA-N02,OPERACION_DIARIA,CRITICA,2,12,84,GENETICO,42,3832.5063,9060,15247.935,603.601667,146.443333,0,0,true,true,59.52381,34.615385,15538,2342,59.659091,,16,2,3163.342,true,,,,,
BASE,OPERACION_DIARIA-CRITICA-N02,OPERACION_DIARIA,CRITICA,2,12,84,RECOCIDO_SIMULADO,42,1131.7228,3261,15268.953333,612.286667,146.566667,0,0,true,true,61.904762,38.461538,17290,2606,58.988764,54.682561,16,2,810.2598,true,,,,,
BASE,OPERACION_DIARIA-CRITICA-N02,OPERACION_DIARIA,CRITICA,2,13,85,RECOCIDO_SIMULADO,42,1118.283,2941,15086.085,612.418333,144.736667,0,0,true,true,61.904762,38.461538,15676,2274,57.065217,37.812835,14,2,730.3162,true,,,,,
BASE,OPERACION_DIARIA-CRITICA-N02,OPERACION_DIARIA,CRITICA,2,13,85,GENETICO,42,4223.6286,9060,15389.123333,601.456667,147.876667,0,0,true,true,61.904762,38.461538,15816,2384,59.659091,,16,2,3432.922,true,,,,,
BASE,OPERACION_DIARIA-CRITICA-N02,OPERACION_DIARIA,CRITICA,2,14,86,GENETICO,42,3143.2235,9060,15352.618333,598.451667,147.541667,0,0,true,true,61.904762,38.461538,16658,2476,56.451613,,14,2,2813.1338,true,,,,,
BASE,OPERACION_DIARIA-CRITICA-N02,OPERACION_DIARIA,CRITICA,2,14,86,RECOCIDO_SIMULADO,42,1109.3332,3261,15192.765,617.098333,145.756667,0,0,true,true,61.904762,38.461538,17618,2578,56.451613,55.846693,14,2,810.9614,true,,,,,
BASE,OPERACION_DIARIA-CRITICA-N02,OPERACION_DIARIA,CRITICA,2,15,87,RECOCIDO_SIMULADO,42,1131.6453,3341,15408.065,614.898333,147.931667,0,0,true,true,61.904762,38.461538,16264,2448,62.5,61.196337,15,2,820.1415,true,,,,,
BASE,OPERACION_DIARIA-CRITICA-N02,OPERACION_DIARIA,CRITICA,2,15,87,GENETICO,42,3872.8963,9060,15259.883333,598.716667,146.611667,0,0,true,true,61.904762,38.461538,15392,2350,59.659091,,16,2,2969.057,true,,,,,
BASE,OPERACION_DIARIA-CRITICA-N02,OPERACION_DIARIA,CRITICA,2,16,88,GENETICO,42,4463.8392,9060,15384.033333,600.366667,147.836667,0,0,true,true,61.904762,38.461538,14904,2292,59.659091,,15,2,3998.6508,true,,,,,
BASE,OPERACION_DIARIA-CRITICA-N02,OPERACION_DIARIA,CRITICA,2,16,88,RECOCIDO_SIMULADO,42,1156.5337,3581,15148.633333,616.966667,145.316667,0,0,true,true,61.904762,38.461538,14944,2268,59.659091,85.566686,16,2,893.5669,true,,,,,
BASE,OPERACION_DIARIA-CRITICA-N02,OPERACION_DIARIA,CRITICA,2,17,89,RECOCIDO_SIMULADO,42,1085.7683,2981,15377.418333,619.585,147.578333,0,0,true,true,59.52381,34.615385,15138,2250,62.5,39.237935,17,2,741.3528,true,,,,,
BASE,OPERACION_DIARIA-CRITICA-N02,OPERACION_DIARIA,CRITICA,2,17,89,GENETICO,42,4495.5527,9060,15374.518333,598.851667,147.756667,0,0,true,true,61.904762,38.461538,14732,2182,57.065217,,14,2,3608.8871,true,,,,,
BASE,OPERACION_DIARIA-CRITICA-N02,OPERACION_DIARIA,CRITICA,2,18,90,GENETICO,42,3700.9345,9060,15238.08,599.746667,146.383333,0,0,true,true,59.52381,34.615385,14838,2224,59.659091,,17,2,3789.8114,true,,,,,
BASE,OPERACION_DIARIA-CRITICA-N02,OPERACION_DIARIA,CRITICA,2,18,90,RECOCIDO_SIMULADO,42,1136.2029,3261,15192.908333,618.408333,145.745,0,0,true,true,59.52381,34.615385,15806,2288,57.065217,54.846792,14,2,818.9651,true,,,,,
BASE,OPERACION_DIARIA-CRITICA-N02,OPERACION_DIARIA,CRITICA,2,19,91,RECOCIDO_SIMULADO,42,1074.0085,3541,15144.973333,615.806667,145.291667,0,0,true,true,61.904762,38.461538,16324,2388,57.065217,82.353295,16,2,906.3877,true,,,,,
BASE,OPERACION_DIARIA-CRITICA-N02,OPERACION_DIARIA,CRITICA,2,19,91,GENETICO,42,4280.128,9060,15288.74,599.74,146.89,0,0,true,true,61.904762,38.461538,16108,2444,57.065217,,14,2,2927.8395,true,,,,,
BASE,OPERACION_DIARIA-CRITICA-N02,OPERACION_DIARIA,CRITICA,2,20,92,GENETICO,42,3921.4611,9060,15276.068333,601.401667,146.746667,0,0,true,true,61.904762,38.461538,16432,2488,59.659091,,16,2,3776.3629,true,,,,,
BASE,OPERACION_DIARIA-CRITICA-N02,OPERACION_DIARIA,CRITICA,2,20,92,RECOCIDO_SIMULADO,42,1127.777,3141,15153.843333,617.176667,145.366667,0,0,true,true,61.904762,38.461538,16276,2398,59.659091,48.684054,17,2,805.1852,true,,,,,
BASE,OPERACION_DIARIA-CRITICA-N02,OPERACION_DIARIA,CRITICA,2,21,93,RECOCIDO_SIMULADO,42,1109.6264,3261,15252.501667,618.668333,146.338333,0,0,true,true,59.52381,34.615385,15710,2326,59.659091,56.077158,15,2,820.3357,true,,,,,
BASE,OPERACION_DIARIA-CRITICA-N02,OPERACION_DIARIA,CRITICA,2,21,93,GENETICO,42,4403.008,9060,15366.045,600.211667,147.658333,0,0,true,true,59.52381,34.615385,15724,2370,57.065217,,14,2,3051.1108,true,,,,,
BASE,OPERACION_DIARIA-CRITICA-N02,OPERACION_DIARIA,CRITICA,2,22,94,GENETICO,42,3549.6905,9060,15406.228333,597.561667,148.086667,0,0,true,true,61.904762,38.461538,14962,2210,57.065217,,14,2,3199.8511,true,,,,,
BASE,OPERACION_DIARIA-CRITICA-N02,OPERACION_DIARIA,CRITICA,2,22,94,RECOCIDO_SIMULADO,42,1135.4871,3101,15107.218333,620.051667,144.871667,0,0,true,true,61.904762,38.461538,15046,2154,57.065217,44.541413,14,2,767.4582,true,,,,,
BASE,OPERACION_DIARIA-CRITICA-N02,OPERACION_DIARIA,CRITICA,2,23,95,RECOCIDO_SIMULADO,42,1085.736,3501,15220.313333,611.646667,146.086667,0,0,true,true,61.904762,38.461538,15900,2382,59.659091,75.810962,15,2,885.7001,true,,,,,
BASE,OPERACION_DIARIA-CRITICA-N02,OPERACION_DIARIA,CRITICA,2,23,95,GENETICO,42,3284.4207,9060,15312.658333,599.491667,147.131667,0,0,true,true,61.904762,38.461538,15544,2336,57.065217,,14,2,3237.8067,true,,,,,
BASE,OPERACION_DIARIA-CRITICA-N02,OPERACION_DIARIA,CRITICA,2,24,96,GENETICO,42,3847.5149,9060,15295.273333,601.106667,146.941667,0,0,true,true,61.904762,38.461538,15000,2268,59.659091,,16,2,3163.8207,true,,,,,
BASE,OPERACION_DIARIA-CRITICA-N02,OPERACION_DIARIA,CRITICA,2,24,96,RECOCIDO_SIMULADO,42,1102.3819,3541,15301.886667,617.22,146.846667,0,0,true,true,61.904762,38.461538,15590,2306,59.659091,80.17156,15,2,886.4306,true,,,,,
BASE,OPERACION_DIARIA-CRITICA-N02,OPERACION_DIARIA,CRITICA,2,25,97,RECOCIDO_SIMULADO,42,1137.1451,3061,15121.188333,612.855,145.083333,0,0,true,true,59.52381,34.615385,15320,2256,57.065217,43.59892,14,2,758.0799,true,,,,,
BASE,OPERACION_DIARIA-CRITICA-N02,OPERACION_DIARIA,CRITICA,2,25,97,GENETICO,42,4220.6329,9060,15424.293333,601.626667,148.226667,0,0,true,true,61.904762,38.461538,15606,2340,58.988764,,15,2,3138.5081,true,,,,,
BASE,OPERACION_DIARIA-CRITICA-N02,OPERACION_DIARIA,CRITICA,2,26,98,GENETICO,42,4307.7584,9060,15248.678333,598.511667,146.501667,0,0,true,true,61.904762,38.461538,15308,2314,57.065217,,15,2,3385.1952,true,,,,,
BASE,OPERACION_DIARIA-CRITICA-N02,OPERACION_DIARIA,CRITICA,2,26,98,RECOCIDO_SIMULADO,42,1068.0714,3221,15359.123333,615.456667,147.436667,0,0,true,true,61.904762,38.461538,16790,2536,59.659091,53.294622,16,2,797.9641,true,,,,,
BASE,OPERACION_DIARIA-CRITICA-N02,OPERACION_DIARIA,CRITICA,2,27,99,RECOCIDO_SIMULADO,42,991.2983,3341,15339.293333,611.46,147.278333,0,0,true,true,59.52381,34.615385,15736,2332,59.659091,62.529561,17,2,842.0236,true,,,,,
BASE,OPERACION_DIARIA-CRITICA-N02,OPERACION_DIARIA,CRITICA,2,27,99,GENETICO,42,4103.5268,9060,15347.715,603.381667,147.443333,0,0,true,true,59.52381,34.615385,15434,2318,59.659091,,16,2,3793.8421,true,,,,,
BASE,OPERACION_DIARIA-CRITICA-N02,OPERACION_DIARIA,CRITICA,2,28,100,GENETICO,42,3713.0293,9060,15490.23,600.896667,148.893333,0,0,true,true,59.52381,34.615385,15150,2272,59.659091,,16,2,3372.6673,true,,,,,
BASE,OPERACION_DIARIA-CRITICA-N02,OPERACION_DIARIA,CRITICA,2,28,100,RECOCIDO_SIMULADO,42,1115.5373,3541,15190.596667,607.43,145.831667,0,0,true,true,61.904762,38.461538,15566,2294,57.065217,82.349921,15,2,868.9782,true,,,,,
BASE,OPERACION_DIARIA-CRITICA-N02,OPERACION_DIARIA,CRITICA,2,29,101,RECOCIDO_SIMULADO,42,1101.1769,3541,15229.598333,607.931667,146.216667,0,0,true,true,61.904762,38.461538,16074,2358,57.065217,79.904537,14,2,886.762,true,,,,,
BASE,OPERACION_DIARIA-CRITICA-N02,OPERACION_DIARIA,CRITICA,2,29,101,GENETICO,42,5679.8777,9060,15282.838333,598.171667,146.846667,0,0,true,true,61.904762,38.461538,13932,2126,59.659091,,16,2,3865.3486,true,,,,,
BASE,OPERACION_DIARIA-CRITICA-N03,OPERACION_DIARIA,CRITICA,3,0,102,GENETICO,52,5759.4618,9060,16036.085,759.251667,152.768333,0,0,true,true,61.538462,37.5,17336,2560,80.107527,,18,2,3576.0387,true,,,,,
BASE,OPERACION_DIARIA-CRITICA-N03,OPERACION_DIARIA,CRITICA,3,0,102,RECOCIDO_SIMULADO,52,1393.7525,2421,16469.256667,772.59,156.966667,0,0,true,true,65.384615,43.75,17014,2504,80.978261,19.311806,19,2,727.9272,true,,,,,
BASE,OPERACION_DIARIA-CRITICA-N03,OPERACION_DIARIA,CRITICA,3,1,103,RECOCIDO_SIMULADO,52,1443.3438,3501,16058.145,760.978333,152.971667,0,0,true,true,65.384615,43.75,16834,2732,80.107527,74.545602,18,2,1052.3535,true,,,,,
BASE,OPERACION_DIARIA-CRITICA-N03,OPERACION_DIARIA,CRITICA,3,1,103,GENETICO,52,5645.8481,9060,16291.038333,753.371667,155.376667,0,0,true,true,65.384615,43.75,15872,2386,80.978261,,18,2,3265.8625,true,,,,,
BASE,OPERACION_DIARIA-CRITICA-N03,OPERACION_DIARIA,CRITICA,3,2,104,GENETICO,52,5364.0862,9060,16543.405,763.071667,157.803333,0,0,true,true,61.538462,37.5,16718,2620,84.659091,,19,2,3275.9612,true,,,,,
BASE,OPERACION_DIARIA-CRITICA-N03,OPERACION_DIARIA,CRITICA,3,2,104,RECOCIDO_SIMULADO,52,1466.0474,2581,26341.066667,733.566667,156.075,2,0,true,true,61.538462,40.625,17618,2658,79.545455,23.210447,20,2,751.1805,false,,,,,
BASE,OPERACION_DIARIA-CRITICA-N03,OPERACION_DIARIA,CRITICA,3,3,105,RECOCIDO_SIMULADO,52,1475.3277,3181,16538.796667,767.296667,157.715,0,0,true,true,63.461538,40.625,17554,2696,80.978261,49.820821,17,2,972.6644,true,,,,,
BASE,OPERACION_DIARIA-CRITICA-N03,OPERACION_DIARIA,CRITICA,3,3,105,GENETICO,52,5278.7434,9060,26381.051667,736.218333,156.448333,2,0,true,true,61.538462,43.75,15324,2392,79.545455,,18,2,3256.4461,false,,,,,
BASE,OPERACION_DIARIA-CRITICA-N03,OPERACION_DIARIA,CRITICA,3,4,106,GENETICO,52,5549.2958,9060,16383.25,758.916667,156.243333,0,0,true,true,63.461538,40.625,16414,2548,80.978261,,18,2,3335.0982,true,,,,,
BASE,OPERACION_DIARIA-CRITICA-N03,OPERACION_DIARIA,CRITICA,3,4,106,RECOCIDO_SIMULADO,52,1387.9679,3261,31403.738333,727.738333,156.76,3,0,true,true,59.615385,37.5,16726,2624,80.654762,55.989473,20,2,981.0284,false,,,,,
BASE,OPERACION_DIARIA-CRITICA-N03,OPERACION_DIARIA,CRITICA,3,5,107,RECOCIDO_SIMULADO,52,1424.2061,3461,21144.466667,766.3,153.781667,1,0,true,true,59.615385,37.5,16026,2340,81.818182,74.26257,19,2,1048.764,false,,,,,
BASE,OPERACION_DIARIA-CRITICA-N03,OPERACION_DIARIA,CRITICA,3,5,107,GENETICO,52,6203.0979,9060,21486.096667,743.93,157.421667,1,0,true,true,63.461538,43.75,15702,2550,81.818182,,20,2,3314.328,false,,,,,
BASE,OPERACION_DIARIA-CRITICA-N03,OPERACION_DIARIA,CRITICA,3,6,108,GENETICO,52,6259.484,9060,26266.328333,741.995,155.243333,2,0,true,true,55.769231,34.375,16790,2524,79.261364,,20,2,3572.5029,false,,,,,
BASE,OPERACION_DIARIA-CRITICA-N03,OPERACION_DIARIA,CRITICA,3,6,108,RECOCIDO_SIMULADO,52,1380.9547,2741,21499.125,751.791667,157.473333,1,0,true,true,63.461538,43.75,16868,2704,82.102273,28.38688,19,2,835.9959,false,,,,,
BASE,OPERACION_DIARIA-CRITICA-N03,OPERACION_DIARIA,CRITICA,3,7,109,RECOCIDO_SIMULADO,52,1477.7257,2861,25273.766667,746.6,145.271667,2,0,true,true,63.461538,43.75,17282,2642,79.261364,33.157104,18,2,853.6483,false,,,,,
BASE,OPERACION_DIARIA-CRITICA-N03,OPERACION_DIARIA,CRITICA,3,7,109,GENETICO,52,5298.5582,9060,21509.266667,751.766667,157.575,1,0,true,true,63.461538,43.75,16730,2596,82.102273,,20,2,3136.7187,false,,,,,
BASE,OPERACION_DIARIA-CRITICA-N03,OPERACION_DIARIA,CRITICA,3,8,110,GENETICO,52,5574.1464,9060,26624.22,739.553333,158.846667,2,0,true,true,59.615385,40.625,16136,2474,79.261364,,20,2,3216.5578,false,,,,,
BASE,OPERACION_DIARIA-CRITICA-N03,OPERACION_DIARIA,CRITICA,3,8,110,RECOCIDO_SIMULADO,52,1408.5901,2981,16361.978333,770.311667,155.916667,0,0,true,true,65.384615,43.75,17736,2754,80.978261,39.038747,18,2,895.7841,true,,,,,
BASE,OPERACION_DIARIA-CRITICA-N03,OPERACION_DIARIA,CRITICA,3,9,111,RECOCIDO_SIMULADO,52,1382.4733,3341,16348.42,779.586667,155.688333,0,0,true,true,65.384615,43.75,17716,2718,84.659091,60.598336,19,2,1013.086,true,,,,,
BASE,OPERACION_DIARIA-CRITICA-N03,OPERACION_DIARIA,CRITICA,3,9,111,GENETICO,52,5258.6694,9060,16466.058333,761.058333,157.05,0,0,true,true,63.461538,40.625,16370,2418,80.978261,,19,2,3243.3693,true,,,,,
BASE,OPERACION_DIARIA-CRITICA-N03,OPERACION_DIARIA,CRITICA,3,10,112,GENETICO,52,5686.3546,9060,16393.095,759.595,156.335,0,0,true,true,65.384615,43.75,17478,2662,80.107527,,18,2,3064.7261,true,,,,,
BASE,OPERACION_DIARIA-CRITICA-N03,OPERACION_DIARIA,CRITICA,3,10,112,RECOCIDO_SIMULADO,52,1568.5503,2381,31364.726667,724.226667,156.405,3,0,true,true,59.615385,43.75,16236,2456,80.059524,17.892602,20,2,705.0141,false,,,,,
BASE,OPERACION_DIARIA-CRITICA-N03,OPERACION_DIARIA,CRITICA,3,11,113,RECOCIDO_SIMULADO,52,1428.1301,2821,16146.45,768.45,153.78,0,0,true,true,65.384615,43.75,17644,2764,80.978261,32.253835,19,2,844.1566,true,,,,,
BASE,OPERACION_DIARIA-CRITICA-N03,OPERACION_DIARIA,CRITICA,3,11,113,GENETICO,52,5421.8337,9060,25998.203333,754.536667,152.436667,2,0,true,true,61.538462,43.75,16718,2420,79.261364,,20,2,3620.0962,false,,,,,
BASE,OPERACION_DIARIA-CRITICA-N03,OPERACION_DIARIA,CRITICA,3,12,114,GENETICO,52,5145.5867,9060,26107.08,747.413333,153.596667,2,0,true,true,59.615385,40.625,15736,2440,79.261364,,20,2,3461.1713,false,,,,,
BASE,OPERACION_DIARIA-CRITICA-N03,OPERACION_DIARIA,CRITICA,3,12,114,RECOCIDO_SIMULADO,52,1459.1886,2781,31092.181667,742.515,153.496667,3,0,true,true,57.692308,40.625,16432,2616,80.357143,29.764425,20,2,815.3882,false,,,,,
BASE,OPERACION_DIARIA-CRITICA-N03,OPERACION_DIARIA,CRITICA,3,13,115,RECOCIDO_SIMULADO,52,1429.7749,3861,16184.133333,774.966667,154.091667,0,0,true,true,65.384615,43.75,18560,2692,80.107527,122.917387,17,2,1180.9712,true,,,,,
BASE,OPERACION_DIARIA-CRITICA-N03,OPERACION_DIARIA,CRITICA,3,13,115,GENETICO,52,5649.1017,9060,21473.431667,751.931667,157.215,1,0,true,true,59.615385,37.5,15736,2392,81.818182,,20,2,3277.8192,false,,,,,
BASE,OPERACION_DIARIA-CRITICA-N03,OPERACION_DIARIA,CRITICA,3,14,116,GENETICO,52,5713.8992,9060,16281.018333,757.685,155.233333,0,0,true,true,63.461538,40.625,15924,2416,80.978261,,19,2,3109.2307,true,,,,,
BASE,OPERACION_DIARIA-CRITICA-N03,OPERACION_DIARIA,CRITICA,3,14,116,RECOCIDO_SIMULADO,52,1470.467,3181,16282.335,766.001667,155.163333,0,0,true,true,63.461538,40.625,17530,2846,84.659091,49.535004,19,2,972.6856,true,,,,,
BASE,OPERACION_DIARIA-CRITICA-N03,OPERACION_DIARIA,CRITICA,3,15,117,RECOCIDO_SIMULADO,52,1511.6704,2941,15945.845,761.678333,151.841667,0,0,true,true,65.384615,43.75,16784,2554,79.255319,36.716244,17,2,907.6289,true,,,,,
BASE,OPERACION_DIARIA-CRITICA-N03,OPERACION_DIARIA,CRITICA,3,15,117,GENETICO,52,5292.4881,9060,21155.148333,751.648333,154.035,1,0,true,true,63.461538,43.75,16914,2612,82.102273,,20,2,3606.4001,false,,,,,
BASE,OPERACION_DIARIA-CRITICA-N03,OPERACION_DIARIA,CRITICA,3,16,118,GENETICO,52,5002.8249,9060,26290.41,730.91,155.595,2,0,true,true,59.615385,40.625,16094,2448,79.545455,,19,2,3226.9479,false,,,,,
BASE,OPERACION_DIARIA-CRITICA-N03,OPERACION_DIARIA,CRITICA,3,16,118,RECOCIDO_SIMULADO,52,1547.0091,1101,16475.098333,767.931667,157.071667,0,0,true,true,61.538462,37.5,17870,2874,80.978261,3.460676,18,2,340.1726,true,,,,,
BASE,OPERACION_DIARIA-CRITICA-N03,OPERACION_DIARIA,CRITICA,3,17,119,RECOCIDO_SIMULADO,52,1501.7302,2221,26162.87,755.37,154.075,2,0,true,true,61.538462,43.75,16620,2602,79.261364,15.087157,20,2,677.8235,false,,,,,
BASE,OPERACION_DIARIA-CRITICA-N03,OPERACION_DIARIA,CRITICA,3,17,119,GENETICO,52,5289.2273,9060,16085.938333,759.271667,153.266667,0,0,true,true,61.538462,37.5,17336,2562,80.107527,,18,2,3616.061,true,,,,,
BASE,OPERACION_DIARIA-CRITICA-N03,OPERACION_DIARIA,CRITICA,3,18,120,GENETICO,52,4936.5463,9060,26136.828333,732.328333,154.045,2,0,true,true,59.615385,40.625,15404,2420,83.035714,,20,2,3988.5132,false,,,,,
BASE,OPERACION_DIARIA-CRITICA-N03,OPERACION_DIARIA,CRITICA,3,18,120,RECOCIDO_SIMULADO,52,1481.4037,2741,16398.903333,776.236667,156.226667,0,0,true,true,65.384615,43.75,18398,2968,84.659091,28.057644,19,2,825.3714,true,,,,,
BASE,OPERACION_DIARIA-CRITICA-N03,OPERACION_DIARIA,CRITICA,3,19,121,RECOCIDO_SIMULADO,52,1408.5023,3061,15821.986667,762.82,150.591667,0,0,true,true,63.461538,40.625,17148,2618,79.255319,42.86865,17,2,916.9978,true,,,,,
BASE,OPERACION_DIARIA-CRITICA-N03,OPERACION_DIARIA,CRITICA,3,19,121,GENETICO,52,4824.3319,9060,21179.743333,740.076667,154.396667,1,0,true,true,63.461538,43.75,16596,2568,81.818182,,19,2,3925.8562,false,,,,,
BASE,OPERACION_DIARIA-CRITICA-N03,OPERACION_DIARIA,CRITICA,3,20,122,GENETICO,52,5548.1186,9060,16176.388333,761.221667,154.151667,0,0,true,true,61.538462,37.5,16384,2442,80.978261,,19,2,3364.5532,true,,,,,
BASE,OPERACION_DIARIA-CRITICA-N03,OPERACION_DIARIA,CRITICA,3,20,122,RECOCIDO_SIMULADO,52,1438.064,3301,16355.388333,763.555,155.918333,0,0,true,true,65.384615,43.75,16296,2560,80.978261,57.861687,18,2,1001.9663,true,,,,,
BASE,OPERACION_DIARIA-CRITICA-N03,OPERACION_DIARIA,CRITICA,3,21,123,RECOCIDO_SIMULADO,52,1434.3881,3741,31478.075,745.575,157.325,3,0,true,true,59.615385,43.75,16748,2580,80.357143,103.05835,22,2,1121.2166,false,,,,,
BASE,OPERACION_DIARIA-CRITICA-N03,OPERACION_DIARIA,CRITICA,3,21,123,GENETICO,52,5881.2457,9060,16008.586667,760.92,152.476667,0,0,true,true,63.461538,40.625,16334,2412,83.707865,,18,2,3375.1467,true,,,,,
BASE,OPERACION_DIARIA-CRITICA-N03,OPERACION_DIARIA,CRITICA,3,22,124,GENETICO,52,6221.7726,9060,26501.4,729.233333,157.721667,2,0,true,true,59.615385,40.625,16054,2460,78.977273,,19,2,3177.7779,false,,,,,
BASE,OPERACION_DIARIA-CRITICA-N03,OPERACION_DIARIA,CRITICA,3,22,124,RECOCIDO_SIMULADO,52,1447.89,2661,15993.193333,767.026667,152.261667,0,0,true,true,59.615385,34.375,17352,2586,80.107527,26.391822,17,2,803.1159,true,,,,,
BASE,OPERACION_DIARIA-CRITICA-N03,OPERACION_DIARIA,CRITICA,3,23,125,RECOCIDO_SIMULADO,52,1459.1163,3381,16188.02,771.353333,154.166667,0,0,true,true,63.461538,40.625,18374,2952,80.978261,63.858957,18,2,1018.0451,true,,,,,
BASE,OPERACION_DIARIA-CRITICA-N03,OPERACION_DIARIA,CRITICA,3,23,125,GENETICO,52,5718.2529,9060,26373.855,721.355,156.525,2,0,true,true,59.615385,40.625,16302,2452,79.261364,,20,2,3095.8515,false,,,,,
BASE,OPERACION_DIARIA-CRITICA-N03,OPERACION_DIARIA,CRITICA,3,24,126,GENETICO,52,5507.0173,9060,16318.941667,761.275,155.576667,0,0,true,true,61.538462,37.5,16574,2472,80.978261,,17,2,3742.5949,true,,,,,
BASE,OPERACION_DIARIA-CRITICA-N03,OPERACION_DIARIA,CRITICA,3,24,126,RECOCIDO_SIMULADO,52,1480.5124,2821,21683.025,759.358333,159.236667,1,0,true,true,59.615385,37.5,16846,2648,81.818182,31.490622,20,2,833.2953,false,,,,,
BASE,OPERACION_DIARIA-CRITICA-N03,OPERACION_DIARIA,CRITICA,3,25,127,RECOCIDO_SIMULADO,52,1517.6697,3541,16107.166667,770,153.371667,0,0,true,true,63.461538,40.625,16370,2474,80.978261,82.029124,18,2,1058.6744,true,,,,,
BASE,OPERACION_DIARIA-CRITICA-N03,OPERACION_DIARIA,CRITICA,3,25,127,GENETICO,52,5570.7014,9060,25871.921667,739.255,151.326667,2,0,true,true,57.692308,37.5,15452,2320,79.261364,,20,2,3528.5491,false,,,,,
BASE,OPERACION_DIARIA-CRITICA-N03,OPERACION_DIARIA,CRITICA,3,26,128,GENETICO,52,5614.8994,9060,16175.573333,753.906667,154.216667,0,0,true,true,63.461538,40.625,15924,2412,80.978261,,19,2,3470.4381,true,,,,,
BASE,OPERACION_DIARIA-CRITICA-N03,OPERACION_DIARIA,CRITICA,3,26,128,RECOCIDO_SIMULADO,52,1545.8469,3581,16286.411667,766.745,155.196667,0,0,true,true,65.384615,43.75,17078,2656,80.978261,84.330481,18,2,1087.5661,true,,,,,
BASE,OPERACION_DIARIA-CRITICA-N03,OPERACION_DIARIA,CRITICA,3,27,129,RECOCIDO_SIMULADO,52,1438.8153,1981,16275.036667,764.036667,155.11,0,0,true,true,65.384615,43.75,16898,2554,80.978261,11.072332,19,2,607.759,true,,,,,
BASE,OPERACION_DIARIA-CRITICA-N03,OPERACION_DIARIA,CRITICA,3,27,129,GENETICO,52,5761.1312,9060,16387.89,752.89,156.35,0,0,true,true,63.461538,40.625,15988,2436,80.978261,,18,2,3353.4968,true,,,,,
BASE,OPERACION_DIARIA-CRITICA-N03,OPERACION_DIARIA,CRITICA,3,28,130,GENETICO,52,5898.8741,9060,16382.576667,753.576667,156.29,0,0,true,true,65.384615,43.75,15712,2406,80.978261,,18,2,3348.3426,true,,,,,
BASE,OPERACION_DIARIA-CRITICA-N03,OPERACION_DIARIA,CRITICA,3,28,130,RECOCIDO_SIMULADO,52,1473.243,3261,21364.558333,760.891667,156.036667,1,0,true,true,63.461538,43.75,15866,2436,82.102273,55.253992,19,2,957.8367,false,,,,,
BASE,OPERACION_DIARIA-CRITICA-N03,OPERACION_DIARIA,CRITICA,3,29,131,RECOCIDO_SIMULADO,52,1436.1576,1941,16241.518333,765.685,154.758333,0,0,true,true,65.384615,43.75,17314,2636,80.107527,10.187502,17,2,589.8452,true,,,,,
BASE,OPERACION_DIARIA-CRITICA-N03,OPERACION_DIARIA,CRITICA,3,29,131,GENETICO,52,5778.4429,9060,31197.621667,725.455,154.721667,3,0,true,true,59.615385,43.75,16414,2432,80.059524,,20,2,3356.6441,false,,,,,
BASE,SIMULACION_CINCO_DIAS-NORMAL-N01,SIMULACION_CINCO_DIAS,NORMAL,1,0,42,GENETICO,194,25082.5825,9060,822424.31,5738.31,3666.86,90,0,true,true,8.247423,2.564103,25298,4118,98.284314,,,,,,,,,,
BASE,SIMULACION_CINCO_DIAS-NORMAL-N01,SIMULACION_CINCO_DIAS,NORMAL,1,0,42,RECOCIDO_SIMULADO,194,10901.9626,4941,1153357.966667,8343.966667,6450.14,94,3,false,true,4.123711,1.709402,23610,3962,99.509804,492.099841,,,,,,,,,
BASE,SIMULACION_CINCO_DIAS-NORMAL-N01,SIMULACION_CINCO_DIAS,NORMAL,1,1,43,RECOCIDO_SIMULADO,194,10706.6924,4941,1153265.74,8337.906667,6449.278333,94,3,false,true,3.092784,0.854701,23250,3878,99.509804,482.587622,,,,,,,,,
BASE,SIMULACION_CINCO_DIAS-NORMAL-N01,SIMULACION_CINCO_DIAS,NORMAL,1,1,43,GENETICO,194,24852.216,9060,824696.6,5388.266667,3443.083333,95,0,true,true,8.762887,2.564103,24686,4074,97.54902,,,,,,,,,,
BASE,SIMULACION_CINCO_DIAS-NORMAL-N01,SIMULACION_CINCO_DIAS,NORMAL,1,2,44,GENETICO,194,24824.857,9060,803766.466667,5250.633333,3335.158333,93,0,true,true,11.85567,5.982906,25936,4240,97.058824,,,,,,,,,,
BASE,SIMULACION_CINCO_DIAS-NORMAL-N01,SIMULACION_CINCO_DIAS,NORMAL,1,2,44,RECOCIDO_SIMULADO,194,10306.2621,4821,1154119.953333,8348.12,6457.718333,94,3,false,true,4.639175,1.709402,24484,4066,99.509804,405.422425,,,,,,,,,
BASE,SIMULACION_CINCO_DIAS-NORMAL-N01,SIMULACION_CINCO_DIAS,NORMAL,1,3,45,RECOCIDO_SIMULADO,194,10291.0254,4821,1153768.611667,8340.111667,6454.285,94,3,false,true,4.123711,2.564103,23726,3952,99.509804,409.290665,,,,,,,,,
BASE,SIMULACION_CINCO_DIAS-NORMAL-N01,SIMULACION_CINCO_DIAS,NORMAL,1,3,45,GENETICO,194,25064.0724,9060,850099.16,5552.826667,3695.463333,95,0,true,true,8.247423,3.418803,26096,4168,97.54902,,,,,,,,,,
BASE,SIMULACION_CINCO_DIAS-NORMAL-N01,SIMULACION_CINCO_DIAS,NORMAL,1,4,46,GENETICO,194,26043.1984,9060,841122.133333,5852.633333,3802.695,91,0,true,true,10.824742,3.418803,25028,4136,98.529412,,,,,,,,,,
BASE,SIMULACION_CINCO_DIAS-NORMAL-N01,SIMULACION_CINCO_DIAS,NORMAL,1,4,46,RECOCIDO_SIMULADO,194,10469.7277,4901,1153499.078333,8343.745,6451.553333,94,3,false,true,3.608247,1.709402,23484,4000,99.509804,468.796471,,,,,,,,,
BASE,SIMULACION_CINCO_DIAS-NORMAL-N01,SIMULACION_CINCO_DIAS,NORMAL,1,5,47,RECOCIDO_SIMULADO,194,10376.2517,4821,1152952.53,8337.863333,6446.146667,94,3,false,true,3.608247,0.854701,22768,3818,99.509804,417.702633,,,,,,,,,
BASE,SIMULACION_CINCO_DIAS-NORMAL-N01,SIMULACION_CINCO_DIAS,NORMAL,1,5,47,GENETICO,194,25146.8904,9060,844675.883333,5657.883333,3640.18,93,1,false,true,10.824742,4.273504,26728,4414,97.54902,,,,,,,,,,
BASE,SIMULACION_CINCO_DIAS-NORMAL-N01,SIMULACION_CINCO_DIAS,NORMAL,1,6,48,GENETICO,194,24725.6309,9060,839840.318333,5426.651667,3494.136667,95,1,false,true,8.762887,3.418803,24788,4090,99.264706,,,,,,,,,,
BASE,SIMULACION_CINCO_DIAS-NORMAL-N01,SIMULACION_CINCO_DIAS,NORMAL,1,6,48,RECOCIDO_SIMULADO,194,10955.1862,4901,1153008.055,8335.888333,6446.721667,94,3,false,true,4.123711,1.709402,22724,3794,99.509804,457.066393,,,,,,,,,
BASE,SIMULACION_CINCO_DIAS-NORMAL-N01,SIMULACION_CINCO_DIAS,NORMAL,1,7,49,RECOCIDO_SIMULADO,194,10379.9775,4821,1153852.32,8354.653333,6454.976667,94,3,false,true,3.608247,0.854701,22254,3836,99.509804,422.659065,,,,,,,,,
BASE,SIMULACION_CINCO_DIAS-NORMAL-N01,SIMULACION_CINCO_DIAS,NORMAL,1,7,49,GENETICO,194,24635.695,9060,817272.626667,4967.96,3223.046667,98,0,true,true,9.793814,4.273504,24572,4074,97.058824,,,,,,,,,,
BASE,SIMULACION_CINCO_DIAS-NORMAL-N01,SIMULACION_CINCO_DIAS,NORMAL,1,8,50,GENETICO,194,25369.4902,9060,820053.716667,5392.716667,3446.61,94,0,true,true,9.793814,3.418803,26880,4348,97.058824,,,,,,,,,,
BASE,SIMULACION_CINCO_DIAS-NORMAL-N01,SIMULACION_CINCO_DIAS,NORMAL,1,8,50,RECOCIDO_SIMULADO,194,10980.0281,5101,1153793.628333,8339.961667,6454.536667,94,3,false,true,4.123711,1.709402,23424,3922,99.509804,587.398399,,,,,,,,,
BASE,SIMULACION_CINCO_DIAS-NORMAL-N01,SIMULACION_CINCO_DIAS,NORMAL,1,9,51,RECOCIDO_SIMULADO,194,10417.3462,4821,1153149.006667,8329.34,6448.196667,94,3,false,true,4.123711,1.709402,22266,3766,99.509804,416.33304,,,,,,,,,
BASE,SIMULACION_CINCO_DIAS-NORMAL-N01,SIMULACION_CINCO_DIAS,NORMAL,1,9,51,GENETICO,194,23530.6878,9060,837038.266667,5302.266667,3417.36,96,1,false,true,7.731959,2.564103,25504,4238,98.039216,,,,,,,,,,
BASE,SIMULACION_CINCO_DIAS-NORMAL-N01,SIMULACION_CINCO_DIAS,NORMAL,1,10,52,GENETICO,194,25625.4439,9060,839933.913333,5466.746667,3544.671667,94,1,false,true,10.309278,4.273504,24056,3984,95.833333,,,,,,,,,,
BASE,SIMULACION_CINCO_DIAS-NORMAL-N01,SIMULACION_CINCO_DIAS,NORMAL,1,10,52,RECOCIDO_SIMULADO,194,10665.426,4941,1153364.985,8339.485,6450.255,94,3,false,true,4.123711,2.564103,22630,3840,99.509804,480.922037,,,,,,,,,
BASE,SIMULACION_CINCO_DIAS-NORMAL-N01,SIMULACION_CINCO_DIAS,NORMAL,1,11,53,RECOCIDO_SIMULADO,194,10736.7601,4941,1153154.686667,8339.02,6448.156667,94,3,false,true,3.092784,0.854701,23278,3928,99.509804,486.371701,,,,,,,,,
BASE,SIMULACION_CINCO_DIAS-NORMAL-N01,SIMULACION_CINCO_DIAS,NORMAL,1,11,53,GENETICO,194,25026.0158,9060,853832.52,5466.52,3583.66,96,1,false,true,8.762887,2.564103,22448,3710,97.058824,,,,,,,,,,
BASE,SIMULACION_CINCO_DIAS-NORMAL-N01,SIMULACION_CINCO_DIAS,NORMAL,1,12,54,GENETICO,194,25753.4273,9060,831713.395,5417.228333,3462.961667,96,0,true,true,8.762887,3.418803,23072,3938,96.568627,,,,,,,,,,
BASE,SIMULACION_CINCO_DIAS-NORMAL-N01,SIMULACION_CINCO_DIAS,NORMAL,1,12,54,RECOCIDO_SIMULADO,194,10664.4904,4941,1153918.643333,8333.643333,6455.85,94,3,false,true,4.639175,1.709402,23210,3846,99.509804,489.507605,,,,,,,,,
BASE,SIMULACION_CINCO_DIAS-NORMAL-N01,SIMULACION_CINCO_DIAS,NORMAL,1,13,55,RECOCIDO_SIMULADO,194,10906.4435,5141,1153790.221667,8340.055,6454.501667,94,3,false,true,4.123711,1.709402,22846,3812,99.509804,628.079792,,,,,,,,,
BASE,SIMULACION_CINCO_DIAS-NORMAL-N01,SIMULACION_CINCO_DIAS,NORMAL,1,13,55,GENETICO,194,26427.8,9060,804253.765,5227.598333,3290.261667,94,0,true,true,10.309278,4.273504,24656,3976,95.098039,,,,,,,,,,
BASE,SIMULACION_CINCO_DIAS-NORMAL-N01,SIMULACION_CINCO_DIAS,NORMAL,1,14,56,GENETICO,194,24290.1948,9060,839069.526667,5479.193333,3535.903333,96,0,true,true,7.731959,1.709402,23884,3926,98.77451,,,,,,,,,,
BASE,SIMULACION_CINCO_DIAS-NORMAL-N01,SIMULACION_CINCO_DIAS,NORMAL,1,14,56,RECOCIDO_SIMULADO,194,10233.8406,4781,1153538.688333,8342.355,6451.963333,94,3,false,true,3.608247,0.854701,23314,3910,99.509804,396.789646,,,,,,,,,
BASE,SIMULACION_CINCO_DIAS-NORMAL-N01,SIMULACION_CINCO_DIAS,NORMAL,1,15,57,RECOCIDO_SIMULADO,194,10933.655,5141,1153445.156667,8340.49,6451.046667,94,3,false,true,4.639175,2.564103,23016,3874,99.509804,614.763932,,,,,,,,,
BASE,SIMULACION_CINCO_DIAS-NORMAL-N01,SIMULACION_CINCO_DIAS,NORMAL,1,15,57,GENETICO,194,24214.4772,9060,866218.453333,5463.953333,3657.545,99,0,true,true,8.247423,3.418803,24554,4016,96.813725,,,,,,,,,,
BASE,SIMULACION_CINCO_DIAS-NORMAL-N01,SIMULACION_CINCO_DIAS,NORMAL,1,16,58,GENETICO,194,24463.7175,9060,813054.66,5313.326667,3377.413333,94,0,true,true,9.278351,2.564103,23616,3854,98.529412,,,,,,,,,,
BASE,SIMULACION_CINCO_DIAS-NORMAL-N01,SIMULACION_CINCO_DIAS,NORMAL,1,16,58,RECOCIDO_SIMULADO,194,10106.6407,4701,1152977.701667,8332.868333,6446.448333,94,3,false,true,5.154639,2.564103,23620,3914,99.509804,347.229519,,,,,,,,,
BASE,SIMULACION_CINCO_DIAS-NORMAL-N01,SIMULACION_CINCO_DIAS,NORMAL,1,17,59,RECOCIDO_SIMULADO,194,10397.0713,4821,1154271.603333,8343.77,6459.278333,94,3,false,true,5.154639,2.564103,23202,3960,99.509804,412.748601,,,,,,,,,
BASE,SIMULACION_CINCO_DIAS-NORMAL-N01,SIMULACION_CINCO_DIAS,NORMAL,1,17,59,GENETICO,194,25713.9037,9060,837984.725,5536.225,3524.485,94,1,false,true,12.886598,5.128205,27040,4288,96.813725,,,,,,,,,,
BASE,SIMULACION_CINCO_DIAS-NORMAL-N01,SIMULACION_CINCO_DIAS,NORMAL,1,18,60,GENETICO,194,24942.8588,9060,817049.49,5137.99,3369.115,95,0,true,true,10.824742,4.273504,26148,4310,96.078431,,,,,,,,,,
BASE,SIMULACION_CINCO_DIAS-NORMAL-N01,SIMULACION_CINCO_DIAS,NORMAL,1,18,60,RECOCIDO_SIMULADO,194,10210.6847,4741,1153159.435,8342.935,6448.165,94,3,false,true,5.154639,2.564103,22730,3892,99.509804,372.135274,,,,,,,,,
BASE,SIMULACION_CINCO_DIAS-NORMAL-N01,SIMULACION_CINCO_DIAS,NORMAL,1,19,61,RECOCIDO_SIMULADO,194,10472.5179,4821,1153527.103333,8334.436667,6451.926667,94,3,false,true,4.123711,2.564103,23394,3898,99.509804,422.095556,,,,,,,,,
BASE,SIMULACION_CINCO_DIAS-NORMAL-N01,SIMULACION_CINCO_DIAS,NORMAL,1,19,61,GENETICO,194,26357.2446,9060,812527.665,5375.665,3471.52,92,0,true,true,8.247423,4.273504,24986,4156,98.039216,,,,,,,,,,
BASE,SIMULACION_CINCO_DIAS-NORMAL-N01,SIMULACION_CINCO_DIAS,NORMAL,1,20,62,GENETICO,194,25066.629,9060,841352.915,5491.415,3658.615,94,0,true,true,9.793814,3.418803,27058,4316,97.54902,,,,,,,,,,
BASE,SIMULACION_CINCO_DIAS-NORMAL-N01,SIMULACION_CINCO_DIAS,NORMAL,1,20,62,RECOCIDO_SIMULADO,194,10403.0553,4821,1154141.43,8347.596667,6457.938333,94,3,false,true,3.608247,1.709402,23872,4010,99.509804,420.479456,,,,,,,,,
BASE,SIMULACION_CINCO_DIAS-NORMAL-N01,SIMULACION_CINCO_DIAS,NORMAL,1,21,63,RECOCIDO_SIMULADO,194,10690.2429,4821,1152798.675,8330.841667,6444.678333,94,3,false,true,3.608247,1.709402,22770,3788,99.509804,406.610995,,,,,,,,,
BASE,SIMULACION_CINCO_DIAS-NORMAL-N01,SIMULACION_CINCO_DIAS,NORMAL,1,21,63,GENETICO,194,25641.0656,9060,835523.581667,5482.915,3600.406667,94,0,true,true,9.278351,2.564103,24762,4038,95.588235,,,,,,,,,,
BASE,SIMULACION_CINCO_DIAS-NORMAL-N01,SIMULACION_CINCO_DIAS,NORMAL,1,22,64,GENETICO,194,25569.1772,9060,816243.183333,5612.183333,3606.31,90,0,true,true,10.824742,4.273504,27280,4350,98.284314,,,,,,,,,,
BASE,SIMULACION_CINCO_DIAS-NORMAL-N01,SIMULACION_CINCO_DIAS,NORMAL,1,22,64,RECOCIDO_SIMULADO,194,10450.704,4781,1152991.29,8336.123333,6446.551667,94,3,false,true,4.123711,1.709402,23032,3826,99.509804,393.599234,,,,,,,,,
BASE,SIMULACION_CINCO_DIAS-NORMAL-N01,SIMULACION_CINCO_DIAS,NORMAL,1,23,65,RECOCIDO_SIMULADO,194,10798.9165,4981,1153688.531667,8339.198333,6453.493333,94,3,false,true,4.123711,1.709402,22900,3834,99.509804,517.860174,,,,,,,,,
BASE,SIMULACION_CINCO_DIAS-NORMAL-N01,SIMULACION_CINCO_DIAS,NORMAL,1,23,65,GENETICO,194,25518.279,9060,861952.461667,5738.795,3862.136667,94,0,true,true,8.762887,2.564103,21774,3598,99.754902,,,,,,,,,,
BASE,SIMULACION_CINCO_DIAS-NORMAL-N01,SIMULACION_CINCO_DIAS,NORMAL,1,24,66,GENETICO,194,24504.6113,9060,822139.35,5283.85,3418.555,95,0,true,true,9.278351,3.418803,24626,4164,97.54902,,,,,,,,,,
BASE,SIMULACION_CINCO_DIAS-NORMAL-N01,SIMULACION_CINCO_DIAS,NORMAL,1,24,66,RECOCIDO_SIMULADO,194,10817.0895,4941,1153029.303333,8324.136667,6447.051667,94,3,false,true,4.123711,1.709402,22448,3764,99.509804,471.800648,,,,,,,,,
BASE,SIMULACION_CINCO_DIAS-NORMAL-N01,SIMULACION_CINCO_DIAS,NORMAL,1,25,67,RECOCIDO_SIMULADO,194,10601.4254,4981,1152690.561667,8330.395,6443.601667,94,3,false,true,4.639175,2.564103,22632,3760,99.509804,520.250928,,,,,,,,,
BASE,SIMULACION_CINCO_DIAS-NORMAL-N01,SIMULACION_CINCO_DIAS,NORMAL,1,25,67,GENETICO,194,24814.719,9060,793697.828333,5146.328333,3185.515,94,0,true,true,10.824742,5.128205,26240,4218,97.058824,,,,,,,,,,
BASE,SIMULACION_CINCO_DIAS-NORMAL-N01,SIMULACION_CINCO_DIAS,NORMAL,1,26,68,GENETICO,194,26270.6109,9060,824934.561667,5518.228333,3494.163333,94,0,true,true,8.762887,3.418803,21602,3630,97.54902,,,,,,,,,,
BASE,SIMULACION_CINCO_DIAS-NORMAL-N01,SIMULACION_CINCO_DIAS,NORMAL,1,26,68,RECOCIDO_SIMULADO,194,10379.5971,4861,1153896.84,8344.673333,6455.521667,94,3,false,true,4.123711,2.564103,24122,4030,99.509804,425.932215,,,,,,,,,
BASE,SIMULACION_CINCO_DIAS-NORMAL-N01,SIMULACION_CINCO_DIAS,NORMAL,1,27,69,RECOCIDO_SIMULADO,194,10236.8004,4861,1153567.648333,8336.481667,6452.311667,94,3,false,true,4.123711,1.709402,23070,3896,99.509804,428.958878,,,,,,,,,
BASE,SIMULACION_CINCO_DIAS-NORMAL-N01,SIMULACION_CINCO_DIAS,NORMAL,1,27,69,GENETICO,194,25258.4878,9060,825492.208333,5528.208333,3499.64,94,0,true,true,9.793814,4.273504,27344,4368,97.058824,,,,,,,,,,
BASE,SIMULACION_CINCO_DIAS-NORMAL-N01,SIMULACION_CINCO_DIAS,NORMAL,1,28,70,GENETICO,194,25344.8398,9060,802279.206667,4981.54,3122.976667,97,0,true,true,9.793814,5.128205,26366,4314,97.058824,,,,,,,,,,
BASE,SIMULACION_CINCO_DIAS-NORMAL-N01,SIMULACION_CINCO_DIAS,NORMAL,1,28,70,RECOCIDO_SIMULADO,194,10124.7351,4701,1153163.06,8335.56,6448.275,94,3,false,true,4.123711,2.564103,22914,3846,99.509804,357.871381,,,,,,,,,
BASE,SIMULACION_CINCO_DIAS-NORMAL-N01,SIMULACION_CINCO_DIAS,NORMAL,1,29,71,RECOCIDO_SIMULADO,194,10671.8815,4781,1153083.186667,8332.853333,6447.503333,94,3,false,true,4.639175,2.564103,22086,3704,99.509804,399.64915,,,,,,,,,
BASE,SIMULACION_CINCO_DIAS-NORMAL-N01,SIMULACION_CINCO_DIAS,NORMAL,1,29,71,GENETICO,194,25706.5741,9060,811280.251667,5408.751667,3358.715,94,0,true,true,10.309278,5.128205,23458,4000,98.284314,,,,,,,,,,
BASE,SIMULACION_CINCO_DIAS-NORMAL-N02,SIMULACION_CINCO_DIAS,NORMAL,2,0,72,GENETICO,172,33955.9104,9060,723060.97,5254.47,3428.065,75,0,true,true,11.046512,1.960784,25234,4104,96.323529,,,,,,,,,,
BASE,SIMULACION_CINCO_DIAS-NORMAL-N02,SIMULACION_CINCO_DIAS,NORMAL,2,0,72,RECOCIDO_SIMULADO,172,14135.234,4501,994053.646667,7667.313333,6063.863333,74,1,false,true,2.325581,0,22806,3802,100,270.909506,,,,,,,,,
BASE,SIMULACION_CINCO_DIAS-NORMAL-N02,SIMULACION_CINCO_DIAS,NORMAL,2,1,73,RECOCIDO_SIMULADO,172,15821.3376,5061,994119.496667,7668.163333,6064.513333,74,1,false,true,2.325581,0,22754,3796,100,569.935251,,,,,,,,,
BASE,SIMULACION_CINCO_DIAS-NORMAL-N02,SIMULACION_CINCO_DIAS,NORMAL,2,1,73,GENETICO,172,33191.9618,9060,728426.246667,5391.413333,3580.348333,73,0,true,true,11.046512,3.921569,26222,4254,97.058824,,,,,,,,,,
BASE,SIMULACION_CINCO_DIAS-NORMAL-N02,SIMULACION_CINCO_DIAS,NORMAL,2,2,74,GENETICO,172,34496.7375,9060,715232.063333,5357.396667,3448.746667,73,0,true,true,12.790698,2.941176,24134,4040,97.794118,,,,,,,,,,
BASE,SIMULACION_CINCO_DIAS-NORMAL-N02,SIMULACION_CINCO_DIAS,NORMAL,2,2,74,RECOCIDO_SIMULADO,172,15101.5856,4861,994053.646667,7667.313333,6063.863333,74,1,false,true,2.325581,0,22818,3804,100,433.059757,,,,,,,,,
BASE,SIMULACION_CINCO_DIAS-NORMAL-N02,SIMULACION_CINCO_DIAS,NORMAL,2,3,75,RECOCIDO_SIMULADO,172,14035.3654,4581,994094.246667,7667.913333,6064.263333,74,1,false,true,2.325581,0,22902,3814,100,298.718714,,,,,,,,,
BASE,SIMULACION_CINCO_DIAS-NORMAL-N02,SIMULACION_CINCO_DIAS,NORMAL,2,3,75,GENETICO,172,31976.1124,9060,705983.385,5023.551667,3209.598333,76,0,true,true,11.627907,3.921569,25850,4330,98.039216,,,,,,,,,,
BASE,SIMULACION_CINCO_DIAS-NORMAL-N02,SIMULACION_CINCO_DIAS,NORMAL,2,4,76,GENETICO,172,30457.2978,9060,733106.19,5311.356667,3477.948333,76,0,true,true,8.72093,0.980392,26352,4310,98.77451,,,,,,,,,,
BASE,SIMULACION_CINCO_DIAS-NORMAL-N02,SIMULACION_CINCO_DIAS,NORMAL,2,4,76,RECOCIDO_SIMULADO,172,14657.6742,4701,994053.646667,7667.313333,6063.863333,74,1,false,true,2.325581,0,22806,3802,100,347.824453,,,,,,,,,
BASE,SIMULACION_CINCO_DIAS-NORMAL-N02,SIMULACION_CINCO_DIAS,NORMAL,2,5,77,RECOCIDO_SIMULADO,172,14889.3389,4821,994094.246667,7667.913333,6064.263333,74,1,false,true,2.325581,0,22914,3816,100,415.344412,,,,,,,,,
BASE,SIMULACION_CINCO_DIAS-NORMAL-N02,SIMULACION_CINCO_DIAS,NORMAL,2,5,77,GENETICO,172,31952.394,9060,740600.38,5460.38,3651.4,74,0,true,true,11.627907,2.941176,26106,4362,97.54902,,,,,,,,,,
BASE,SIMULACION_CINCO_DIAS-NORMAL-N02,SIMULACION_CINCO_DIAS,NORMAL,2,6,78,GENETICO,172,31201.4404,9060,720740.356667,4786.023333,3159.543333,80,0,true,true,11.627907,1.960784,25648,4144,97.54902,,,,,,,,,,
BASE,SIMULACION_CINCO_DIAS-NORMAL-N02,SIMULACION_CINCO_DIAS,NORMAL,2,6,78,RECOCIDO_SIMULADO,172,14514.8978,4741,994094.246667,7667.913333,6064.263333,74,1,false,true,2.325581,0,22914,3816,100,375.076441,,,,,,,,,
BASE,SIMULACION_CINCO_DIAS-NORMAL-N02,SIMULACION_CINCO_DIAS,NORMAL,2,7,79,RECOCIDO_SIMULADO,172,14256.577,4581,994053.646667,7667.313333,6063.863333,74,1,false,true,2.325581,0,22806,3802,100,300.439137,,,,,,,,,
BASE,SIMULACION_CINCO_DIAS-NORMAL-N02,SIMULACION_CINCO_DIAS,NORMAL,2,7,79,GENETICO,172,33245.0399,9060,703998.888333,4594.721667,2994.041667,80,0,true,true,11.046512,0,25540,4264,95.588235,,,,,,,,,,
BASE,SIMULACION_CINCO_DIAS-NORMAL-N02,SIMULACION_CINCO_DIAS,NORMAL,2,8,80,GENETICO,172,33640.234,9060,714466.421667,5269.255,3441.971667,73,0,true,true,11.627907,2.941176,26296,4360,97.303922,,,,,,,,,,
BASE,SIMULACION_CINCO_DIAS-NORMAL-N02,SIMULACION_CINCO_DIAS,NORMAL,2,8,80,RECOCIDO_SIMULADO,172,14946.0668,4821,994094.246667,7667.913333,6064.263333,74,1,false,true,2.325581,0,22902,3814,100,414.718597,,,,,,,,,
BASE,SIMULACION_CINCO_DIAS-NORMAL-N02,SIMULACION_CINCO_DIAS,NORMAL,2,9,81,RECOCIDO_SIMULADO,172,14677.8009,4781,994094.246667,7667.913333,6064.263333,74,1,false,true,2.325581,0,22914,3816,100,402.98222,,,,,,,,,
BASE,SIMULACION_CINCO_DIAS-NORMAL-N02,SIMULACION_CINCO_DIAS,NORMAL,2,9,81,GENETICO,172,35442.7733,9060,707602.246667,5322.58,3422.796667,72,0,true,true,12.209302,1.960784,25812,4172,96.078431,,,,,,,,,,
BASE,SIMULACION_CINCO_DIAS-NORMAL-N02,SIMULACION_CINCO_DIAS,NORMAL,2,10,82,GENETICO,172,32819.4433,9060,736288.823333,5521.156667,3657.676667,73,0,true,true,10.465116,2.941176,25270,4202,97.303922,,,,,,,,,,
BASE,SIMULACION_CINCO_DIAS-NORMAL-N02,SIMULACION_CINCO_DIAS,NORMAL,2,10,82,RECOCIDO_SIMULADO,172,15267.2566,4941,994094.246667,7667.913333,6064.263333,74,1,false,true,2.325581,0,22902,3814,100,490.835282,,,,,,,,,
BASE,SIMULACION_CINCO_DIAS-NORMAL-N02,SIMULACION_CINCO_DIAS,NORMAL,2,11,83,RECOCIDO_SIMULADO,172,14550.5242,4701,994094.246667,7667.913333,6064.263333,74,1,false,true,2.325581,0,22902,3814,100,351.243452,,,,,,,,,
BASE,SIMULACION_CINCO_DIAS-NORMAL-N02,SIMULACION_CINCO_DIAS,NORMAL,2,11,83,GENETICO,172,34152.7224,9060,714535.11,5167.276667,3393.678333,74,0,true,true,13.372093,2.941176,25650,4180,96.323529,,,,,,,,,,
BASE,SIMULACION_CINCO_DIAS-NORMAL-N02,SIMULACION_CINCO_DIAS,NORMAL,2,12,84,GENETICO,172,32746.0043,9060,708129.476667,4820.476667,3133.09,78,0,true,true,10.465116,1.960784,23430,3938,96.813725,,,,,,,,,,
BASE,SIMULACION_CINCO_DIAS-NORMAL-N02,SIMULACION_CINCO_DIAS,NORMAL,2,12,84,RECOCIDO_SIMULADO,172,15201.5227,4941,994053.646667,7667.313333,6063.863333,74,1,false,true,2.325581,0,22818,3804,100,476.886711,,,,,,,,,
BASE,SIMULACION_CINCO_DIAS-NORMAL-N02,SIMULACION_CINCO_DIAS,NORMAL,2,13,85,RECOCIDO_SIMULADO,172,14308.9861,4701,994075.046667,7668.713333,6064.063333,74,1,false,true,2.325581,0,23202,3852,100,355.72374,,,,,,,,,
BASE,SIMULACION_CINCO_DIAS-NORMAL-N02,SIMULACION_CINCO_DIAS,NORMAL,2,13,85,GENETICO,172,32752.7888,9060,728824.85,5433.35,3583.915,73,0,true,true,12.209302,0.980392,25126,4150,97.54902,,,,,,,,,,
BASE,SIMULACION_CINCO_DIAS-NORMAL-N02,SIMULACION_CINCO_DIAS,NORMAL,2,14,86,GENETICO,172,34781.8631,9060,708617.348333,5146.015,3284.713333,75,0,true,true,11.627907,0.980392,23492,3904,98.039216,,,,,,,,,,
BASE,SIMULACION_CINCO_DIAS-NORMAL-N02,SIMULACION_CINCO_DIAS,NORMAL,2,14,86,RECOCIDO_SIMULADO,172,15519.0787,5021,994075.046667,7668.713333,6064.063333,74,1,false,true,2.325581,0,23190,3850,100,522.23046,,,,,,,,,
BASE,SIMULACION_CINCO_DIAS-NORMAL-N02,SIMULACION_CINCO_DIAS,NORMAL,2,15,87,RECOCIDO_SIMULADO,172,14841.1069,4821,994094.246667,7667.913333,6064.263333,74,1,false,true,2.325581,0,22902,3814,100,414.937397,,,,,,,,,
BASE,SIMULACION_CINCO_DIAS-NORMAL-N02,SIMULACION_CINCO_DIAS,NORMAL,2,15,87,GENETICO,172,33004.735,9060,717902.155,5117.321667,3377.848333,75,0,true,true,9.883721,0.980392,26420,4394,97.303922,,,,,,,,,,
BASE,SIMULACION_CINCO_DIAS-NORMAL-N02,SIMULACION_CINCO_DIAS,NORMAL,2,16,88,GENETICO,172,32179.2795,9060,699315.68,5049.513333,3192.661667,75,0,true,true,12.790698,1.960784,26114,4294,98.284314,,,,,,,,,,
BASE,SIMULACION_CINCO_DIAS-NORMAL-N02,SIMULACION_CINCO_DIAS,NORMAL,2,16,88,RECOCIDO_SIMULADO,172,14687.3209,4701,994053.646667,7667.313333,6063.863333,74,1,false,true,2.325581,0,22818,3804,100,354.3801,,,,,,,,,
BASE,SIMULACION_CINCO_DIAS-NORMAL-N02,SIMULACION_CINCO_DIAS,NORMAL,2,17,89,RECOCIDO_SIMULADO,172,15235.1688,4941,994094.246667,7667.913333,6064.263333,74,1,false,true,2.325581,0,22902,3814,100,488.821997,,,,,,,,,
BASE,SIMULACION_CINCO_DIAS-NORMAL-N02,SIMULACION_CINCO_DIAS,NORMAL,2,17,89,GENETICO,172,32854.995,9060,717940.965,5490.465,3574.505,71,0,true,true,12.209302,2.941176,27982,4672,96.323529,,,,,,,,,,
BASE,SIMULACION_CINCO_DIAS-NORMAL-N02,SIMULACION_CINCO_DIAS,NORMAL,2,18,90,GENETICO,172,32517.5722,9060,729915.831667,5457.331667,3594.585,73,0,true,true,12.209302,1.960784,27190,4364,95.343137,,,,,,,,,,
BASE,SIMULACION_CINCO_DIAS-NORMAL-N02,SIMULACION_CINCO_DIAS,NORMAL,2,18,90,RECOCIDO_SIMULADO,172,14644.6742,4781,994053.646667,7667.313333,6063.863333,74,1,false,true,2.325581,0,22806,3802,100,394.771057,,,,,,,,,
BASE,SIMULACION_CINCO_DIAS-NORMAL-N02,SIMULACION_CINCO_DIAS,NORMAL,2,19,91,RECOCIDO_SIMULADO,172,15401.4537,4981,994053.646667,7667.313333,6063.863333,74,1,false,true,2.325581,0,22818,3804,100,502.666038,,,,,,,,,
BASE,SIMULACION_CINCO_DIAS-NORMAL-N02,SIMULACION_CINCO_DIAS,NORMAL,2,19,91,GENETICO,172,30290.2692,9060,727372.66,5285.66,3470.87,75,0,true,true,11.046512,1.960784,27298,4512,96.078431,,,,,,,,,,
BASE,SIMULACION_CINCO_DIAS-NORMAL-N02,SIMULACION_CINCO_DIAS,NORMAL,2,20,92,GENETICO,172,35115.5879,9060,710433.366667,5262.533333,3401.708333,73,0,true,true,11.627907,0.980392,24602,4124,96.078431,,,,,,,,,,
BASE,SIMULACION_CINCO_DIAS-NORMAL-N02,SIMULACION_CINCO_DIAS,NORMAL,2,20,92,RECOCIDO_SIMULADO,172,14758.6501,4781,994094.246667,7667.913333,6064.263333,74,1,false,true,2.325581,0,22902,3814,100,403.061607,,,,,,,,,
BASE,SIMULACION_CINCO_DIAS-NORMAL-N02,SIMULACION_CINCO_DIAS,NORMAL,2,21,93,RECOCIDO_SIMULADO,172,14442.7528,4701,994094.246667,7667.913333,6064.263333,74,1,false,true,2.325581,0,22902,3814,100,350.709413,,,,,,,,,
BASE,SIMULACION_CINCO_DIAS-NORMAL-N02,SIMULACION_CINCO_DIAS,NORMAL,2,21,93,GENETICO,172,35733.2231,9060,715650.561667,5188.228333,3354.623333,75,0,true,true,12.209302,1.960784,23738,3884,96.323529,,,,,,,,,,
BASE,SIMULACION_CINCO_DIAS-NORMAL-N02,SIMULACION_CINCO_DIAS,NORMAL,2,22,94,GENETICO,172,31982.1879,9060,740938.781667,5414.115,3605.246667,75,0,true,true,9.883721,0.980392,26840,4368,95.833333,,,,,,,,,,
BASE,SIMULACION_CINCO_DIAS-NORMAL-N02,SIMULACION_CINCO_DIAS,NORMAL,2,22,94,RECOCIDO_SIMULADO,172,14577.9772,4701,994094.246667,7667.913333,6064.263333,74,1,false,true,2.325581,0,22914,3816,100,348.789542,,,,,,,,,
BASE,SIMULACION_CINCO_DIAS-NORMAL-N02,SIMULACION_CINCO_DIAS,NORMAL,2,23,95,RECOCIDO_SIMULADO,172,15601.152,4861,994094.246667,7667.913333,6064.263333,74,1,false,true,2.325581,0,22902,3814,100,425.377435,,,,,,,,,
BASE,SIMULACION_CINCO_DIAS-NORMAL-N02,SIMULACION_CINCO_DIAS,NORMAL,2,23,95,GENETICO,172,32874.2546,9060,707367.8,5209.8,3371.58,73,0,true,true,12.209302,2.941176,25388,4140,97.303922,,,,,,,,,,
BASE,SIMULACION_CINCO_DIAS-NORMAL-N02,SIMULACION_CINCO_DIAS,NORMAL,2,24,96,GENETICO,172,32918.2432,9060,720236.713333,5199.546667,3400.371667,75,0,true,true,12.790698,2.941176,25692,4276,97.54902,,,,,,,,,,
BASE,SIMULACION_CINCO_DIAS-NORMAL-N02,SIMULACION_CINCO_DIAS,NORMAL,2,24,96,RECOCIDO_SIMULADO,172,14892.1777,4781,994094.246667,7667.913333,6064.263333,74,1,false,true,2.325581,0,22914,3816,100,399.359711,,,,,,,,,
BASE,SIMULACION_CINCO_DIAS-NORMAL-N02,SIMULACION_CINCO_DIAS,NORMAL,2,25,97,RECOCIDO_SIMULADO,172,14771.2885,4821,994063.746667,7667.413333,6063.963333,74,1,false,true,2.325581,0,22822,3804,100,417.961728,,,,,,,,,
BASE,SIMULACION_CINCO_DIAS-NORMAL-N02,SIMULACION_CINCO_DIAS,NORMAL,2,25,97,GENETICO,172,30584.8809,9060,720311.705,5158.205,3351.535,76,0,true,true,12.209302,1.960784,25966,4266,96.078431,,,,,,,,,,
BASE,SIMULACION_CINCO_DIAS-NORMAL-N02,SIMULACION_CINCO_DIAS,NORMAL,2,26,98,GENETICO,172,32144.8533,9060,710620.323333,4771.823333,3158.485,78,0,true,true,13.953488,2.941176,26690,4418,96.323529,,,,,,,,,,
BASE,SIMULACION_CINCO_DIAS-NORMAL-N02,SIMULACION_CINCO_DIAS,NORMAL,2,26,98,RECOCIDO_SIMULADO,172,14255.527,4661,994094.246667,7667.913333,6064.263333,74,1,false,true,2.325581,0,22914,3816,100,335.293595,,,,,,,,,
BASE,SIMULACION_CINCO_DIAS-NORMAL-N02,SIMULACION_CINCO_DIAS,NORMAL,2,27,99,RECOCIDO_SIMULADO,172,14888.9559,4781,994094.246667,7667.913333,6064.263333,74,1,false,true,2.325581,0,22914,3816,100,397.493345,,,,,,,,,
BASE,SIMULACION_CINCO_DIAS-NORMAL-N02,SIMULACION_CINCO_DIAS,NORMAL,2,27,99,GENETICO,172,33990.0398,9060,716646.061667,4832.395,3118.136667,80,0,true,true,11.046512,2.941176,26006,4246,92.892157,,,,,,,,,,
BASE,SIMULACION_CINCO_DIAS-NORMAL-N02,SIMULACION_CINCO_DIAS,NORMAL,2,28,100,GENETICO,172,32521.8662,9060,707646.3,4974.8,3226.715,76,0,true,true,12.790698,1.960784,26432,4332,98.77451,,,,,,,,,,
BASE,SIMULACION_CINCO_DIAS-NORMAL-N02,SIMULACION_CINCO_DIAS,NORMAL,2,28,100,RECOCIDO_SIMULADO,172,14739.5458,4621,994078.896667,7667.563333,6064.113333,74,1,false,true,2.325581,0,22646,3782,100,314.596871,,,,,,,,,
BASE,SIMULACION_CINCO_DIAS-NORMAL-N02,SIMULACION_CINCO_DIAS,NORMAL,2,29,101,RECOCIDO_SIMULADO,172,15645.1283,4781,994094.246667,7667.913333,6064.263333,74,1,false,true,2.325581,0,22902,3814,100,396.212338,,,,,,,,,
BASE,SIMULACION_CINCO_DIAS-NORMAL-N02,SIMULACION_CINCO_DIAS,NORMAL,2,29,101,GENETICO,172,33891.5332,9060,738573.276667,5311.443333,3582.618333,75,0,true,true,9.883721,1.960784,24022,4002,96.813725,,,,,,,,,,
BASE,SIMULACION_CINCO_DIAS-NORMAL-N03,SIMULACION_CINCO_DIAS,NORMAL,3,0,102,GENETICO,166,9854.7263,9060,685826.458333,4620.458333,2812.06,78,1,false,true,12.650602,3.092784,22796,3796,97.794118,,,,,,,,,,
BASE,SIMULACION_CINCO_DIAS-NORMAL-N03,SIMULACION_CINCO_DIAS,NORMAL,3,0,102,RECOCIDO_SIMULADO,166,3507.2043,4781,940938.113333,7210.28,5537.278333,74,1,false,true,3.614458,3.092784,25408,4238,99.019608,385.043571,,,,,,,,,
BASE,SIMULACION_CINCO_DIAS-NORMAL-N03,SIMULACION_CINCO_DIAS,NORMAL,3,1,103,RECOCIDO_SIMULADO,166,3269.6459,4541,935639.626667,7246.126667,5533.935,73,1,false,true,3.614458,2.061856,25242,4178,99.509804,296.684286,,,,,,,,,
BASE,SIMULACION_CINCO_DIAS-NORMAL-N03,SIMULACION_CINCO_DIAS,NORMAL,3,1,103,GENETICO,166,9452.253,9060,702009.756667,4548.423333,2924.613333,79,1,false,true,15.060241,6.185567,23634,3862,96.813725,,,,,,,,,,
BASE,SIMULACION_CINCO_DIAS-NORMAL-N03,SIMULACION_CINCO_DIAS,NORMAL,3,2,104,GENETICO,166,9559.5141,9060,673970.395,4320.395,2646.5,79,1,false,true,13.855422,5.154639,22130,3606,97.794118,,,,,,,,,,
BASE,SIMULACION_CINCO_DIAS-NORMAL-N03,SIMULACION_CINCO_DIAS,NORMAL,3,2,104,RECOCIDO_SIMULADO,166,3366.6681,4701,936939.82,7256.153333,5546.836667,73,1,false,true,4.819277,2.061856,26398,4388,99.509804,355.461128,,,,,,,,,
BASE,SIMULACION_CINCO_DIAS-NORMAL-N03,SIMULACION_CINCO_DIAS,NORMAL,3,3,105,RECOCIDO_SIMULADO,166,3367.7702,4741,936288.665,7246.831667,5540.418333,73,1,false,true,3.614458,2.061856,24956,4132,99.754902,367.494796,,,,,,,,,
BASE,SIMULACION_CINCO_DIAS-NORMAL-N03,SIMULACION_CINCO_DIAS,NORMAL,3,3,105,GENETICO,166,9715.5352,9060,688204.155,4447.488333,2787.566667,79,1,false,true,16.26506,4.123711,24246,3958,96.813725,,,,,,,,,,
BASE,SIMULACION_CINCO_DIAS-NORMAL-N03,SIMULACION_CINCO_DIAS,NORMAL,3,4,106,GENETICO,166,9540.7899,9060,681118.118333,4903.118333,3012.15,73,1,false,true,12.048193,4.123711,25356,4100,96.078431,,,,,,,,,,
BASE,SIMULACION_CINCO_DIAS-NORMAL-N03,SIMULACION_CINCO_DIAS,NORMAL,3,4,106,RECOCIDO_SIMULADO,166,3464.9536,4741,936689.985,7247.318333,5544.426667,73,1,false,true,3.614458,2.061856,25144,4200,99.754902,382.904142,,,,,,,,,
BASE,SIMULACION_CINCO_DIAS-NORMAL-N03,SIMULACION_CINCO_DIAS,NORMAL,3,5,107,RECOCIDO_SIMULADO,166,3508.9398,4821,940609.625,7203.458333,5534.061667,74,1,false,true,3.012048,2.061856,25172,4136,98.77451,412.677383,,,,,,,,,
BASE,SIMULACION_CINCO_DIAS-NORMAL-N03,SIMULACION_CINCO_DIAS,NORMAL,3,5,107,GENETICO,166,9624.0593,9060,673443.011667,4548.011667,2788.95,76,1,false,true,12.650602,3.092784,22796,3742,97.794118,,,,,,,,,,
BASE,SIMULACION_CINCO_DIAS-NORMAL-N03,SIMULACION_CINCO_DIAS,NORMAL,3,6,108,GENETICO,166,9685.9477,9060,696229.178333,4359.678333,2718.695,82,1,false,true,13.253012,3.092784,22638,3810,97.058824,,,,,,,,,,
BASE,SIMULACION_CINCO_DIAS-NORMAL-N03,SIMULACION_CINCO_DIAS,NORMAL,3,6,108,RECOCIDO_SIMULADO,166,3483.6322,4781,936097.185,7238.851667,5538.583333,73,1,false,true,4.216867,2.061856,24108,4006,99.509804,399.463077,,,,,,,,,
BASE,SIMULACION_CINCO_DIAS-NORMAL-N03,SIMULACION_CINCO_DIAS,NORMAL,3,7,109,RECOCIDO_SIMULADO,166,3528.9154,4901,936169.536667,7245.036667,5539.245,73,1,false,true,4.216867,2.061856,25482,4148,99.509804,456.816449,,,,,,,,,
BASE,SIMULACION_CINCO_DIAS-NORMAL-N03,SIMULACION_CINCO_DIAS,NORMAL,3,7,109,GENETICO,166,9611.5159,9060,680026.056667,4615.556667,2804.105,77,1,false,true,13.253012,3.092784,21824,3604,95.833333,,,,,,,,,,
BASE,SIMULACION_CINCO_DIAS-NORMAL-N03,SIMULACION_CINCO_DIAS,NORMAL,3,8,110,GENETICO,166,10036.9249,9060,690880.341667,4599.508333,2862.808333,78,1,false,true,13.253012,4.123711,23364,3896,96.323529,,,,,,,,,,
BASE,SIMULACION_CINCO_DIAS-NORMAL-N03,SIMULACION_CINCO_DIAS,NORMAL,3,8,110,RECOCIDO_SIMULADO,166,3453.955,4741,937218.515,7253.348333,5549.651667,73,1,false,true,3.012048,2.061856,25520,4244,99.754902,378.448369,,,,,,,,,
BASE,SIMULACION_CINCO_DIAS-NORMAL-N03,SIMULACION_CINCO_DIAS,NORMAL,3,9,111,RECOCIDO_SIMULADO,166,3361.0557,4621,940702.446667,7205.946667,5534.965,74,1,false,true,3.012048,2.061856,24682,4066,98.77451,313.917013,,,,,,,,,
BASE,SIMULACION_CINCO_DIAS-NORMAL-N03,SIMULACION_CINCO_DIAS,NORMAL,3,9,111,GENETICO,166,9941.9764,9060,693155.298333,4602.798333,2885.525,78,1,false,true,14.457831,4.123711,23758,3858,95.098039,,,,,,,,,,
BASE,SIMULACION_CINCO_DIAS-NORMAL-N03,SIMULACION_CINCO_DIAS,NORMAL,3,10,112,GENETICO,166,9341.2943,9060,675979.803333,4489.803333,2714.9,78,1,false,true,14.457831,4.123711,24558,3994,98.039216,,,,,,,,,,
BASE,SIMULACION_CINCO_DIAS-NORMAL-N03,SIMULACION_CINCO_DIAS,NORMAL,3,10,112,RECOCIDO_SIMULADO,166,3453.0577,4781,935885.596667,7236.096667,5536.495,73,1,false,true,4.819277,2.061856,24022,4032,99.509804,397.855144,,,,,,,,,
BASE,SIMULACION_CINCO_DIAS-NORMAL-N03,SIMULACION_CINCO_DIAS,NORMAL,3,11,113,RECOCIDO_SIMULADO,166,3414.9464,4781,936078.356667,7247.69,5538.306667,73,1,false,true,3.614458,2.061856,25816,4252,99.509804,390.353632,,,,,,,,,
BASE,SIMULACION_CINCO_DIAS-NORMAL-N03,SIMULACION_CINCO_DIAS,NORMAL,3,11,113,GENETICO,166,9272.9774,9060,688526.455,4529.621667,2739.968333,80,1,false,true,13.855422,4.123711,22968,3862,97.794118,,,,,,,,,,
BASE,SIMULACION_CINCO_DIAS-NORMAL-N03,SIMULACION_CINCO_DIAS,NORMAL,3,12,114,GENETICO,166,9513.0617,9060,673911.081667,4235.248333,2546.758333,81,1,false,true,14.457831,3.092784,23546,3820,97.303922,,,,,,,,,,
BASE,SIMULACION_CINCO_DIAS-NORMAL-N03,SIMULACION_CINCO_DIAS,NORMAL,3,12,114,RECOCIDO_SIMULADO,166,3539.4033,4901,936533.175,7249.508333,5542.836667,73,1,false,true,3.614458,2.061856,24500,4122,99.754902,454.233855,,,,,,,,,
BASE,SIMULACION_CINCO_DIAS-NORMAL-N03,SIMULACION_CINCO_DIAS,NORMAL,3,13,115,RECOCIDO_SIMULADO,166,3384.4431,4661,936351.245,7245.078333,5541.061667,73,1,false,true,4.216867,2.061856,24942,4166,99.509804,339.353114,,,,,,,,,
BASE,SIMULACION_CINCO_DIAS-NORMAL-N03,SIMULACION_CINCO_DIAS,NORMAL,3,13,115,GENETICO,166,9871.6735,9060,685905.601667,4616.601667,2862.89,77,1,false,true,13.253012,3.092784,22270,3602,93.872549,,,,,,,,,,
BASE,SIMULACION_CINCO_DIAS-NORMAL-N03,SIMULACION_CINCO_DIAS,NORMAL,3,14,116,GENETICO,166,9485.5897,9060,690902.096667,4709.93,2911.921667,77,1,false,true,12.650602,3.092784,25082,4114,98.284314,,,,,,,,,,
BASE,SIMULACION_CINCO_DIAS-NORMAL-N03,SIMULACION_CINCO_DIAS,NORMAL,3,14,116,RECOCIDO_SIMULADO,166,3483.1248,4781,941367.295,7208.795,5541.585,74,1,false,true,3.614458,2.061856,25880,4254,98.77451,397.432869,,,,,,,,,
BASE,SIMULACION_CINCO_DIAS-NORMAL-N03,SIMULACION_CINCO_DIAS,NORMAL,3,15,117,RECOCIDO_SIMULADO,166,3295.1352,4581,936176.458333,7236.125,5539.403333,73,1,false,true,4.216867,2.061856,24466,4054,99.509804,310.781694,,,,,,,,,
BASE,SIMULACION_CINCO_DIAS-NORMAL-N03,SIMULACION_CINCO_DIAS,NORMAL,3,15,117,GENETICO,166,9715.6376,9060,710287.075,4796.575,3004.905,79,1,false,true,12.650602,2.061856,23546,3970,96.813725,,,,,,,,,,
BASE,SIMULACION_CINCO_DIAS-NORMAL-N03,SIMULACION_CINCO_DIAS,NORMAL,3,16,118,GENETICO,166,9491.1743,9060,694939.8,4762.133333,2951.776667,77,1,false,true,13.253012,4.123711,23404,3788,96.078431,,,,,,,,,,
BASE,SIMULACION_CINCO_DIAS-NORMAL-N03,SIMULACION_CINCO_DIAS,NORMAL,3,16,118,RECOCIDO_SIMULADO,166,3414.971,4741,936831.198333,7256.531667,5545.746667,73,1,false,true,3.614458,2.061856,25568,4232,99.754902,370.701978,,,,,,,,,
BASE,SIMULACION_CINCO_DIAS-NORMAL-N03,SIMULACION_CINCO_DIAS,NORMAL,3,17,119,RECOCIDO_SIMULADO,166,3438.1296,4741,936775.53,7247.696667,5545.278333,73,1,false,true,4.216867,2.061856,25552,4276,99.754902,369.511964,,,,,,,,,
BASE,SIMULACION_CINCO_DIAS-NORMAL-N03,SIMULACION_CINCO_DIAS,NORMAL,3,17,119,GENETICO,166,9279.7204,9060,703584.305,4780.305,3088.04,76,1,false,true,10.240964,3.092784,22288,3668,97.303922,,,,,,,,,,
BASE,SIMULACION_CINCO_DIAS-NORMAL-N03,SIMULACION_CINCO_DIAS,NORMAL,3,18,120,GENETICO,166,9486.6256,9060,663777.663333,4075.496667,2447.021667,81,1,false,true,13.253012,5.154639,23532,3892,97.303922,,,,,,,,,,
BASE,SIMULACION_CINCO_DIAS-NORMAL-N03,SIMULACION_CINCO_DIAS,NORMAL,3,18,120,RECOCIDO_SIMULADO,166,3500.3914,4781,944872.806667,7160.306667,5527.125,75,1,false,true,3.012048,2.061856,24536,4040,98.039216,394.688388,,,,,,,,,
BASE,SIMULACION_CINCO_DIAS-NORMAL-N03,SIMULACION_CINCO_DIAS,NORMAL,3,19,121,RECOCIDO_SIMULADO,166,3487.5105,4821,940081.33,7194.996667,5528.863333,74,1,false,true,3.614458,2.061856,23190,3850,98.77451,410.38804,,,,,,,,,
BASE,SIMULACION_CINCO_DIAS-NORMAL-N03,SIMULACION_CINCO_DIAS,NORMAL,3,19,121,GENETICO,166,9435.1759,9060,675443.138333,4449.471667,2659.936667,79,1,false,true,13.855422,4.123711,24592,4058,98.039216,,,,,,,,,,
BASE,SIMULACION_CINCO_DIAS-NORMAL-N03,SIMULACION_CINCO_DIAS,NORMAL,3,20,122,GENETICO,166,9826.6962,9060,681674.743333,4563.91,2771.108333,78,1,false,true,15.060241,4.123711,24092,3922,94.117647,,,,,,,,,,
BASE,SIMULACION_CINCO_DIAS-NORMAL-N03,SIMULACION_CINCO_DIAS,NORMAL,3,20,122,RECOCIDO_SIMULADO,166,3416.8957,4781,940963.411667,7205.245,5537.581667,74,1,false,true,3.614458,2.061856,24788,4092,98.77451,385.444931,,,,,,,,,
BASE,SIMULACION_CINCO_DIAS-NORMAL-N03,SIMULACION_CINCO_DIAS,NORMAL,3,21,123,RECOCIDO_SIMULADO,166,3344.6358,4701,936336.335,7242.668333,5540.936667,73,1,false,true,5.421687,3.092784,25046,4156,99.509804,348.277991,,,,,,,,,
BASE,SIMULACION_CINCO_DIAS-NORMAL-N03,SIMULACION_CINCO_DIAS,NORMAL,3,21,123,GENETICO,166,9862.5175,9060,690089.495,4876.328333,3052.131667,74,1,false,true,13.855422,4.123711,26736,4268,94.607843,,,,,,,,,,
BASE,SIMULACION_CINCO_DIAS-NORMAL-N03,SIMULACION_CINCO_DIAS,NORMAL,3,22,124,GENETICO,166,9308.3733,9060,682556.613333,4447.613333,2781.09,78,1,false,true,15.662651,5.154639,21904,3720,98.77451,,,,,,,,,,
BASE,SIMULACION_CINCO_DIAS-NORMAL-N03,SIMULACION_CINCO_DIAS,NORMAL,3,22,124,RECOCIDO_SIMULADO,166,3478.4024,4781,940584.533333,7202.866667,5533.816667,74,1,false,true,3.614458,2.061856,24756,4084,98.77451,390.355245,,,,,,,,,
BASE,SIMULACION_CINCO_DIAS-NORMAL-N03,SIMULACION_CINCO_DIAS,NORMAL,3,23,125,RECOCIDO_SIMULADO,166,3265.6655,4541,936706.303333,7251.636667,5544.546667,73,1,false,true,3.614458,2.061856,25842,4298,99.754902,294.45391,,,,,,,,,
BASE,SIMULACION_CINCO_DIAS-NORMAL-N03,SIMULACION_CINCO_DIAS,NORMAL,3,23,125,GENETICO,166,9550.5952,9060,692563.178333,4616.845,2929.463333,77,1,false,true,15.662651,4.123711,22672,3760,97.058824,,,,,,,,,,
BASE,SIMULACION_CINCO_DIAS-NORMAL-N03,SIMULACION_CINCO_DIAS,NORMAL,3,24,126,GENETICO,166,9688.8719,9060,690262.145,4851.478333,3004.106667,75,1,false,true,15.060241,5.154639,23508,3810,97.303922,,,,,,,,,,
BASE,SIMULACION_CINCO_DIAS-NORMAL-N03,SIMULACION_CINCO_DIAS,NORMAL,3,24,126,RECOCIDO_SIMULADO,166,3407.9499,4741,936336.198333,7243.698333,5540.925,73,1,false,true,3.614458,2.061856,24132,4022,99.754902,364.961328,,,,,,,,,
BASE,SIMULACION_CINCO_DIAS-NORMAL-N03,SIMULACION_CINCO_DIAS,NORMAL,3,25,127,RECOCIDO_SIMULADO,166,3386.351,4701,936244.081667,7243.248333,5540.008333,73,1,false,true,4.216867,2.061856,24688,4118,99.509804,353.726562,,,,,,,,,
BASE,SIMULACION_CINCO_DIAS-NORMAL-N03,SIMULACION_CINCO_DIAS,NORMAL,3,25,127,GENETICO,166,9703.7446,9060,688947.501667,4793.001667,2941.545,76,1,false,true,12.048193,4.123711,21948,3622,96.078431,,,,,,,,,,
BASE,SIMULACION_CINCO_DIAS-NORMAL-N03,SIMULACION_CINCO_DIAS,NORMAL,3,26,128,GENETICO,166,9587.1209,9060,696928.193333,4610.36,2923.178333,78,1,false,true,13.855422,5.154639,23128,3896,98.039216,,,,,,,,,,
BASE,SIMULACION_CINCO_DIAS-NORMAL-N03,SIMULACION_CINCO_DIAS,NORMAL,3,26,128,RECOCIDO_SIMULADO,166,3437.9093,4741,941737,7213.833333,5545.231667,74,1,false,true,3.012048,2.061856,25442,4208,99.019608,370.174341,,,,,,,,,
BASE,SIMULACION_CINCO_DIAS-NORMAL-N03,SIMULACION_CINCO_DIAS,NORMAL,3,27,129,RECOCIDO_SIMULADO,166,3402.3774,4741,941672.986667,7211.153333,5544.618333,74,1,false,true,3.614458,2.061856,25202,4236,98.77451,380.840845,,,,,,,,,
BASE,SIMULACION_CINCO_DIAS-NORMAL-N03,SIMULACION_CINCO_DIAS,NORMAL,3,27,129,GENETICO,166,9455.2415,9060,689081.88,4729.713333,2893.521667,77,1,false,true,15.060241,6.185567,23488,3884,96.813725,,,,,,,,,,
BASE,SIMULACION_CINCO_DIAS-NORMAL-N03,SIMULACION_CINCO_DIAS,NORMAL,3,28,130,GENETICO,166,9816.2555,9060,671668.376667,4557.21,2721.111667,77,1,false,true,15.060241,5.154639,22376,3708,95.098039,,,,,,,,,,
BASE,SIMULACION_CINCO_DIAS-NORMAL-N03,SIMULACION_CINCO_DIAS,NORMAL,3,28,130,RECOCIDO_SIMULADO,166,3359.3085,4621,937100.4,7251.9,5548.485,73,1,false,true,3.614458,2.061856,24666,4134,99.754902,326.212574,,,,,,,,,
BASE,SIMULACION_CINCO_DIAS-NORMAL-N03,SIMULACION_CINCO_DIAS,NORMAL,3,29,131,RECOCIDO_SIMULADO,166,3353.5197,4701,936712.47,7250.636667,5544.618333,73,1,false,true,4.216867,2.061856,26354,4320,99.509804,357.072812,,,,,,,,,
BASE,SIMULACION_CINCO_DIAS-NORMAL-N03,SIMULACION_CINCO_DIAS,NORMAL,3,29,131,GENETICO,166,9585.97,9060,676162.621667,4463.955,2766.986667,77,1,false,true,14.457831,3.092784,24964,4036,97.303922,,,,,,,,,,
BASE,SIMULACION_CINCO_DIAS-ALTA-N01,SIMULACION_CINCO_DIAS,ALTA,1,0,42,GENETICO,214,35979.0897,9060,991977.786667,5631.12,3713.466667,117,3,false,true,9.345794,5.343511,24992,4020,98.77451,,,,,,,,,,
BASE,SIMULACION_CINCO_DIAS-ALTA-N01,SIMULACION_CINCO_DIAS,ALTA,1,0,42,RECOCIDO_SIMULADO,214,15491.5264,4901,1355644.903333,8794.236667,7118.506667,117,5,false,true,2.336449,0,23994,4036,100,454.208961,,,,,,,,,
BASE,SIMULACION_CINCO_DIAS-ALTA-N01,SIMULACION_CINCO_DIAS,ALTA,1,1,43,RECOCIDO_SIMULADO,214,15273.3006,4661,1354853.433333,8792.433333,7110.61,117,5,false,true,2.336449,0,23588,3956,100,337.430245,,,,,,,,,
BASE,SIMULACION_CINCO_DIAS-ALTA-N01,SIMULACION_CINCO_DIAS,ALTA,1,1,43,GENETICO,214,38107.7364,9060,986119.153333,5366.153333,3457.53,121,3,false,true,8.878505,3.053435,22778,3682,98.039216,,,,,,,,,,
BASE,SIMULACION_CINCO_DIAS-ALTA-N01,SIMULACION_CINCO_DIAS,ALTA,1,2,44,GENETICO,214,35653.8347,9060,955329.426667,4664.593333,2956.648333,125,3,false,true,10.280374,5.343511,22928,3750,97.303922,,,,,,,,,,
BASE,SIMULACION_CINCO_DIAS-ALTA-N01,SIMULACION_CINCO_DIAS,ALTA,1,2,44,RECOCIDO_SIMULADO,214,15370.7763,4741,1355571.308333,8803.641667,7117.676667,117,5,false,true,2.336449,0,23156,3956,100,370.965883,,,,,,,,,
BASE,SIMULACION_CINCO_DIAS-ALTA-N01,SIMULACION_CINCO_DIAS,ALTA,1,3,45,RECOCIDO_SIMULADO,214,15652.2977,4821,1355377.65,8790.316667,7115.873333,117,5,false,true,2.336449,0,23522,3934,100,404.660724,,,,,,,,,
BASE,SIMULACION_CINCO_DIAS-ALTA-N01,SIMULACION_CINCO_DIAS,ALTA,1,3,45,GENETICO,214,36012.9623,9060,997570.5,5466.666667,3671.038333,119,3,false,true,9.813084,6.10687,23936,3862,99.509804,,,,,,,,,,
BASE,SIMULACION_CINCO_DIAS-ALTA-N01,SIMULACION_CINCO_DIAS,ALTA,1,4,46,GENETICO,214,38048.487,9060,970871.581667,5479.581667,3603.92,117,2,false,true,8.878505,3.816794,24658,3998,98.77451,,,,,,,,,,
BASE,SIMULACION_CINCO_DIAS-ALTA-N01,SIMULACION_CINCO_DIAS,ALTA,1,4,46,RECOCIDO_SIMULADO,214,15257.1796,4661,1354988.983333,8787.983333,7112.01,117,5,false,true,2.336449,0,22874,3860,100,332.587866,,,,,,,,,
BASE,SIMULACION_CINCO_DIAS-ALTA-N01,SIMULACION_CINCO_DIAS,ALTA,1,5,47,RECOCIDO_SIMULADO,214,15375.6005,4581,1355175.581667,8787.248333,7113.883333,117,5,false,true,2.336449,0,22806,3856,100,297.941074,,,,,,,,,
BASE,SIMULACION_CINCO_DIAS-ALTA-N01,SIMULACION_CINCO_DIAS,ALTA,1,5,47,GENETICO,214,37378.918,9060,983772.25,5318.416667,3584.538333,120,2,false,true,12.616822,6.870229,24956,4112,98.77451,,,,,,,,,,
BASE,SIMULACION_CINCO_DIAS-ALTA-N01,SIMULACION_CINCO_DIAS,ALTA,1,6,48,GENETICO,214,36813.3161,9060,959893.025,5191.858333,3347.011667,120,2,false,true,8.878505,4.580153,23962,3938,99.754902,,,,,,,,,,
BASE,SIMULACION_CINCO_DIAS-ALTA-N01,SIMULACION_CINCO_DIAS,ALTA,1,6,48,RECOCIDO_SIMULADO,214,16162.7308,4901,1355454.341667,8790.008333,7116.643333,117,5,false,true,2.336449,0,22898,3898,100,462.582796,,,,,,,,,
BASE,SIMULACION_CINCO_DIAS-ALTA-N01,SIMULACION_CINCO_DIAS,ALTA,1,7,49,RECOCIDO_SIMULADO,214,14914.4655,4581,1355595.741667,8791.408333,7118.043333,117,5,false,true,2.336449,0,22962,3906,100,306.24996,,,,,,,,,
BASE,SIMULACION_CINCO_DIAS-ALTA-N01,SIMULACION_CINCO_DIAS,ALTA,1,7,49,GENETICO,214,35692.9504,9060,976492.023333,5322.69,3611.693333,118,2,false,true,9.345794,5.343511,27838,4462,99.019608,,,,,,,,,,
BASE,SIMULACION_CINCO_DIAS-ALTA-N01,SIMULACION_CINCO_DIAS,ALTA,1,8,50,GENETICO,214,37140.5452,9060,958528.351667,4937.018333,3185.913333,121,3,false,true,9.813084,4.580153,21638,3682,98.77451,,,,,,,,,,
BASE,SIMULACION_CINCO_DIAS-ALTA-N01,SIMULACION_CINCO_DIAS,ALTA,1,8,50,RECOCIDO_SIMULADO,214,15716.6151,4861,1354656.16,8790.16,7108.66,117,5,false,true,2.336449,0,22970,3874,100,429.410547,,,,,,,,,
BASE,SIMULACION_CINCO_DIAS-ALTA-N01,SIMULACION_CINCO_DIAS,ALTA,1,9,51,RECOCIDO_SIMULADO,214,15569.5032,4741,1355212.091667,8787.758333,7114.243333,117,5,false,true,2.336449,0,22930,3872,100,374.527659,,,,,,,,,
BASE,SIMULACION_CINCO_DIAS-ALTA-N01,SIMULACION_CINCO_DIAS,ALTA,1,9,51,GENETICO,214,37065.2612,9060,971476.051667,5318.718333,3461.573333,120,2,false,true,9.813084,4.580153,25020,4138,98.529412,,,,,,,,,,
BASE,SIMULACION_CINCO_DIAS-ALTA-N01,SIMULACION_CINCO_DIAS,ALTA,1,10,52,GENETICO,214,34827.6061,9060,1003242.885,5252.385,3529.905,123,3,false,true,9.345794,4.580153,22648,3936,98.284314,,,,,,,,,,
BASE,SIMULACION_CINCO_DIAS-ALTA-N01,SIMULACION_CINCO_DIAS,ALTA,1,10,52,RECOCIDO_SIMULADO,214,14571.2576,4461,1355263.173333,8798.173333,7114.65,117,5,false,true,2.336449,0,23966,4028,100,266.738455,,,,,,,,,
BASE,SIMULACION_CINCO_DIAS-ALTA-N01,SIMULACION_CINCO_DIAS,ALTA,1,11,53,RECOCIDO_SIMULADO,214,14755.4626,4541,1355070.538333,8784.538333,7112.86,117,5,false,true,2.336449,0,23212,3876,100,293.204829,,,,,,,,,
BASE,SIMULACION_CINCO_DIAS-ALTA-N01,SIMULACION_CINCO_DIAS,ALTA,1,11,53,GENETICO,214,37736.4138,9060,970077.25,5467.416667,3646.098333,116,2,false,true,10.747664,6.10687,24336,3998,98.039216,,,,,,,,,,
BASE,SIMULACION_CINCO_DIAS-ALTA-N01,SIMULACION_CINCO_DIAS,ALTA,1,12,54,GENETICO,214,34862.4814,9060,979353.485,5135.485,3342.18,122,3,false,true,7.943925,3.816794,24926,4086,95.098039,,,,,,,,,,
BASE,SIMULACION_CINCO_DIAS-ALTA-N01,SIMULACION_CINCO_DIAS,ALTA,1,12,54,RECOCIDO_SIMULADO,214,14900.7772,4581,1355131.975,8790.975,7113.41,117,5,false,true,2.336449,0,23288,3918,100,299.20227,,,,,,,,,
BASE,SIMULACION_CINCO_DIAS-ALTA-N01,SIMULACION_CINCO_DIAS,ALTA,1,13,55,RECOCIDO_SIMULADO,214,14792.0372,4581,1355313.401667,8793.735,7115.196667,117,5,false,true,2.336449,0,23456,3946,100,297.673896,,,,,,,,,
BASE,SIMULACION_CINCO_DIAS-ALTA-N01,SIMULACION_CINCO_DIAS,ALTA,1,13,55,GENETICO,214,34248.6694,9060,1004113.038333,5170.205,3589.428333,124,2,false,true,7.009346,4.580153,23260,3832,97.794118,,,,,,,,,,
BASE,SIMULACION_CINCO_DIAS-ALTA-N01,SIMULACION_CINCO_DIAS,ALTA,1,14,56,GENETICO,214,34476.3397,9060,959804.546667,5104.546667,3247,122,2,false,true,9.813084,6.10687,25200,4068,97.058824,,,,,,,,,,
BASE,SIMULACION_CINCO_DIAS-ALTA-N01,SIMULACION_CINCO_DIAS,ALTA,1,14,56,RECOCIDO_SIMULADO,214,15015.3605,4741,1354897.853333,8789.186667,7111.086667,117,5,false,true,2.336449,0,23732,3944,100,381.21385,,,,,,,,,
BASE,SIMULACION_CINCO_DIAS-ALTA-N01,SIMULACION_CINCO_DIAS,ALTA,1,15,57,RECOCIDO_SIMULADO,214,15247.3119,4741,1355199.32,8794.82,7114.045,117,5,false,true,2.336449,0,23490,3988,100,372.785814,,,,,,,,,
BASE,SIMULACION_CINCO_DIAS-ALTA-N01,SIMULACION_CINCO_DIAS,ALTA,1,15,57,GENETICO,214,35279.4193,9060,991908.955,5306.788333,3516.021667,121,3,false,true,7.943925,3.053435,24460,3924,97.303922,,,,,,,,,,
BASE,SIMULACION_CINCO_DIAS-ALTA-N01,SIMULACION_CINCO_DIAS,ALTA,1,16,58,GENETICO,214,37265.8958,9060,969558.861667,5360.028333,3541.988333,118,2,false,true,10.747664,6.10687,25742,4278,100,,,,,,,,,,
BASE,SIMULACION_CINCO_DIAS-ALTA-N01,SIMULACION_CINCO_DIAS,ALTA,1,16,58,RECOCIDO_SIMULADO,214,16046.041,5021,1355005.653333,8788.32,7112.173333,117,5,false,true,2.336449,0,23606,3930,100,536.267849,,,,,,,,,
BASE,SIMULACION_CINCO_DIAS-ALTA-N01,SIMULACION_CINCO_DIAS,ALTA,1,17,59,RECOCIDO_SIMULADO,214,15220.6365,4661,1354921.17,8786.67,7111.345,117,5,false,true,2.336449,0,22778,3838,100,331.175426,,,,,,,,,
BASE,SIMULACION_CINCO_DIAS-ALTA-N01,SIMULACION_CINCO_DIAS,ALTA,1,17,59,GENETICO,214,35731.659,9060,987947.89,5265.89,3526.82,122,2,false,true,8.878505,4.580153,23562,3904,98.77451,,,,,,,,,,
BASE,SIMULACION_CINCO_DIAS-ALTA-N01,SIMULACION_CINCO_DIAS,ALTA,1,18,60,GENETICO,214,33607.199,9060,993566.261667,5082.261667,3434.84,129,0,true,true,5.607477,2.290076,23596,4002,100,,,,,,,,,,
BASE,SIMULACION_CINCO_DIAS-ALTA-N01,SIMULACION_CINCO_DIAS,ALTA,1,18,60,RECOCIDO_SIMULADO,214,15085.0795,4701,1354462.05,8785.883333,7106.761667,117,5,false,true,2.336449,0,23418,3902,100,353.982895,,,,,,,,,
BASE,SIMULACION_CINCO_DIAS-ALTA-N01,SIMULACION_CINCO_DIAS,ALTA,1,19,61,RECOCIDO_SIMULADO,214,15237.4925,4621,1355151.341667,8787.008333,7113.643333,117,5,false,true,2.336449,0,22818,3858,100,325.964258,,,,,,,,,
BASE,SIMULACION_CINCO_DIAS-ALTA-N01,SIMULACION_CINCO_DIAS,ALTA,1,19,61,GENETICO,214,34244.836,9060,985093.565,5428.065,3596.655,120,2,false,true,9.345794,3.816794,23696,3934,98.039216,,,,,,,,,,
