variante,escenario,tamanio,instancia,repeticion,semilla,algoritmo,tiempo_ms,evaluaciones,F,T_horas,R_horas,N,V,factible,verificada,cumplimiento_pct,cumplimiento_prioritarios_pct,costo,distancia_km,utilizacion_pct,temperatura_inicial
BASE,N025-I01,25,1,0,42,GENETICO,220.9176,9060,22591.055,606.388333,219.846667,0,0,true,true,44,20,10384,1454,42.401961,
BASE,N025-I01,25,1,0,42,RECOCIDO_SIMULADO,32.0114,4341,22595.201667,608.868333,219.863333,0,0,true,true,48,26.666667,10480,1452,42.401961,224.368883
BASE,N025-I01,25,1,1,43,RECOCIDO_SIMULADO,33.0875,4461,22577.646667,610.813333,219.668333,0,0,true,true,48,26.666667,10672,1468,42.401961,259.893473
BASE,N025-I01,25,1,1,43,GENETICO,247.3417,9060,22590.005,605.338333,219.846667,0,0,true,true,44,20,10144,1424,42.401961,
BASE,N025-I01,25,1,2,44,GENETICO,113.9101,9060,22697.865,607.198333,220.906667,0,0,true,true,44,20,10424,1456,42.401961,
BASE,N025-I01,25,1,2,44,RECOCIDO_SIMULADO,41.1097,4501,22569.461667,611.628333,219.578333,0,0,true,true,48,26.666667,10536,1416,42.401961,278.44757
BASE,N025-I01,25,1,3,45,RECOCIDO_SIMULADO,36.2753,4581,22557.401667,610.068333,219.473333,0,0,true,true,48,26.666667,10752,1436,42.401961,310.106015
BASE,N025-I01,25,1,3,45,GENETICO,273.0678,9060,22544.381667,604.548333,219.398333,0,0,true,true,48,26.666667,10600,1488,42.401961,
BASE,N025-I01,25,1,4,46,GENETICO,211.3304,9060,22535.991667,605.158333,219.308333,0,0,true,true,48,26.666667,10528,1476,42.401961,
BASE,N025-I01,25,1,4,46,RECOCIDO_SIMULADO,31.8304,4461,22596.671667,617.838333,219.788333,0,0,true,true,48,26.666667,10120,1352,42.401961,267.966511
BASE,N025-I01,25,1,5,47,RECOCIDO_SIMULADO,32.0651,4621,22567.961667,610.128333,219.578333,0,0,true,true,48,26.666667,10264,1382,42.401961,318.33296
BASE,N025-I01,25,1,5,47,GENETICO,159.5151,9060,22590.705,606.038333,219.846667,0,0,true,true,44,20,10224,1434,42.401961,
BASE,N025-I01,25,1,6,48,GENETICO,177.8378,9060,22648.605,603.938333,220.446667,0,0,true,true,44,20,10160,1446,42.401961,
BASE,N025-I01,25,1,6,48,RECOCIDO_SIMULADO,31.6192,4501,22541.646667,610.813333,219.308333,0,0,true,true,48,26.666667,10300,1386,42.401961,271.479455
BASE,N025-I01,25,1,7,49,RECOCIDO_SIMULADO,30.1429,4421,22565.781667,609.448333,219.563333,0,0,true,true,48,26.666667,10568,1444,42.401961,244.28834
BASE,N025-I01,25,1,7,49,GENETICO,287.2621,9060,22602.525,605.858333,219.966667,0,0,true,true,44,20,10112,1424,42.401961,
BASE,N025-I01,25,1,8,50,GENETICO,200.2234,9060,22639.971667,606.138333,220.338333,0,0,true,true,48,26.666667,10432,1460,42.401961,
BASE,N025-I01,25,1,8,50,RECOCIDO_SIMULADO,30.3302,4501,22583.665,609.998333,219.736667,0,0,true,true,52,33.333333,11088,1514,42.401961,270.576052
BASE,N025-I01,25,1,9,51,RECOCIDO_SIMULADO,30.4622,4421,22569.316667,611.483333,219.578333,0,0,true,true,48,26.666667,10164,1378,42.401961,247.06906
BASE,N025-I01,25,1,9,51,GENETICO,146.1563,9060,22571.01,605.843333,219.651667,0,0,true,true,44,20,10276,1434,42.401961,
BASE,N025-I01,25,1,10,52,GENETICO,173.6239,9060,22576.161667,604.828333,219.713333,0,0,true,true,48,26.666667,10616,1476,42.401961,
BASE,N025-I01,25,1,10,52,RECOCIDO_SIMULADO,30.8276,4501,22585.116667,610.783333,219.743333,0,0,true,true,48,26.666667,10688,1504,42.401961,277.318243
BASE,N025-I01,25,1,11,53,RECOCIDO_SIMULADO,29.9513,4461,22558.081667,612.248333,219.458333,0,0,true,true,48,26.666667,10592,1412,42.401961,255.90468
BASE,N025-I01,25,1,11,53,GENETICO,128.418,9060,22591.055,606.388333,219.846667,0,0,true,true,44,20,10208,1432,42.401961,
BASE,N025-I01,25,1,12,54,GENETICO,131.387,9060,22569.786667,604.453333,219.653333,0,0,true,true,48,26.666667,10692,1508,42.401961,
BASE,N025-I01,25,1,12,54,RECOCIDO_SIMULADO,30.3388,4461,22604.451667,610.618333,219.938333,0,0,true,true,48,26.666667,10816,1484,42.401961,263.983968
BASE,N025-I01,25,1,13,55,RECOCIDO_SIMULADO,29.4466,4341,22577.596667,610.763333,219.668333,0,0,true,true,48,26.666667,10108,1362,42.401961,224.218935
BASE,N025-I01,25,1,13,55,GENETICO,286.0747,9060,22571.301667,604.468333,219.668333,0,0,true,true,48,26.666667,10688,1508,42.401961,
BASE,N025-I01,25,1,14,56,GENETICO,262.4053,9060,22555.586667,605.253333,219.503333,0,0,true,true,48,26.666667,10732,1508,42.401961,
BASE,N025-I01,25,1,14,56,RECOCIDO_SIMULADO,29.1334,4421,22551.631667,611.798333,219.398333,0,0,true,true,48,26.666667,10264,1376,42.401961,253.895667
BASE,N025-I01,25,1,15,57,RECOCIDO_SIMULADO,28.798,4341,22618.846667,610.013333,220.088333,0,0,true,true,48,26.666667,10580,1456,42.401961,227.823707
BASE,N025-I01,25,1,15,57,GENETICO,208.2328,9060,22590.105,605.438333,219.846667,0,0,true,true,44,20,10208,1432,42.401961,
BASE,N025-I01,25,1,16,58,GENETICO,177.3652,9060,22544.831667,604.998333,219.398333,0,0,true,true,48,26.666667,10504,1476,42.401961,
BASE,N025-I01,25,1,16,58,RECOCIDO_SIMULADO,30.1438,4541,22539.406667,608.573333,219.308333,0,0,true,true,48,26.666667,11140,1528,42.401961,288.141004
BASE,N025-I01,25,1,17,59,RECOCIDO_SIMULADO,30.5127,4421,22603.21,620.543333,219.826667,0,0,true,true,52,33.333333,10868,1428,42.401961,248.495483
BASE,N025-I01,25,1,17,59,GENETICO,169.6366,9060,22651.891667,606.058333,220.458333,0,0,true,true,48,26.666667,10480,1470,42.401961,
BASE,N025-I01,25,1,18,60,GENETICO,179.2252,9060,22581.265,605.598333,219.756667,0,0,true,true,44,20,10232,1432,42.401961,
BASE,N025-I01,25,1,18,60,RECOCIDO_SIMULADO,29.493,4461,22558.656667,608.323333,219.503333,0,0,true,true,48,26.666667,10964,1516,42.401961,264.893171
BASE,N025-I01,25,1,19,61,RECOCIDO_SIMULADO,29.953,4421,22567.341667,611.008333,219.563333,0,0,true,true,48,26.666667,10664,1458,42.401961,250.094095
BASE,N025-I01,25,1,19,61,GENETICO,284.5989,9060,22544.381667,604.548333,219.398333,0,0,true,true,48,26.666667,10600,1488,42.401961,
BASE,N025-I01,25,1,20,62,GENETICO,271.2872,9060,22535.991667,605.158333,219.308333,0,0,true,true,48,26.666667,10528,1476,42.401961,
BASE,N025-I01,25,1,20,62,RECOCIDO_SIMULADO,29.5941,4461,22575.391667,608.558333,219.668333,0,0,true,true,48,26.666667,9944,1368,42.401961,256.508145
BASE,N025-I01,25,1,21,63,RECOCIDO_SIMULADO,30.422,4421,22633.276667,610.943333,220.223333,0,0,true,true,48,26.666667,9790,1362,42.401961,252.116905
BASE,N025-I01,25,1,21,63,GENETICO,274.4624,9060,22535.991667,605.158333,219.308333,0,0,true,true,48,26.666667,10528,1476,42.401961,
BASE,N025-I01,25,1,22,64,GENETICO,132.9524,9060,22590.355,605.688333,219.846667,0,0,true,true,44,20,10384,1454,42.401961,
BASE,N025-I01,25,1,22,64,RECOCIDO_SIMULADO,30.1405,4541,22596.081667,609.748333,219.863333,0,0,true,true,48,26.666667,10576,1460,42.401961,295.767732
BASE,N025-I01,25,1,23,65,RECOCIDO_SIMULADO,31.1727,4581,22618.156667,610.823333,220.073333,0,0,true,true,48,26.666667,11580,1598,42.401961,302.383303
BASE,N025-I01,25,1,23,65,GENETICO,192.8534,9060,22651.891667,606.058333,220.458333,0,0,true,true,48,26.666667,10480,1470,42.401961,
BASE,N025-I01,25,1,24,66,GENETICO,256.6797,9060,22590.355,605.688333,219.846667,0,0,true,true,44,20,10384,1454,42.401961,
BASE,N025-I01,25,1,24,66,RECOCIDO_SIMULADO,31.0609,4461,22582.031667,609.198333,219.728333,0,0,true,true,48,26.666667,10280,1408,42.401961,265.749033
BASE,N025-I01,25,1,25,67,RECOCIDO_SIMULADO,29.5409,4461,22554.886667,607.553333,219.473333,0,0,true,true,48,26.666667,10428,1420,42.401961,259.579614
BASE,N025-I01,25,1,25,67,GENETICO,199.3727,9060,22544.381667,604.548333,219.398333,0,0,true,true,48,26.666667,10600,1488,42.401961,
BASE,N025-I01,25,1,26,68,GENETICO,206.4175,9060,22535.841667,605.008333,219.308333,0,0,true,true,48,26.666667,10624,1488,42.401961,
BASE,N025-I01,25,1,26,68,RECOCIDO_SIMULADO,30.6512,4501,22608.061667,618.728333,219.893333,0,0,true,true,48,26.666667,9850,1364,42.401961,278.397369
BASE,N025-I01,25,1,27,69,RECOCIDO_SIMULADO,30.6023,4461,22556.226667,608.893333,219.473333,0,0,true,true,48,26.666667,10284,1388,42.401961,264.522949
BASE,N025-I01,25,1,27,69,GENETICO,197.7923,9060,22570.31,605.143333,219.651667,0,0,true,true,44,20,10068,1408,42.401961,
BASE,N025-I01,25,1,28,70,GENETICO,234.8823,9060,22590.805,606.138333,219.846667,0,0,true,true,44,20,10448,1462,42.401961,
BASE,N025-I01,25,1,28,70,RECOCIDO_SIMULADO,30.2486,4581,22575.916667,607.583333,219.683333,0,0,true,true,48,26.666667,11644,1628,42.401961,297.784718
BASE,N025-I01,25,1,29,71,RECOCIDO_SIMULADO,30.1814,4461,22570.056667,607.723333,219.623333,0,0,true,true,48,26.666667,10772,1512,42.401961,256.219892
BASE,N025-I01,25,1,29,71,GENETICO,319.8103,9060,22575.546667,604.213333,219.713333,0,0,true,true,48,26.666667,10948,1542,42.401961,
BASE,N025-I02,25,2,0,42,GENETICO,125.6048,9060,11841.03,431.696667,114.093333,0,0,true,true,56,15.384615,11648,1702,31.617647,
BASE,N025-I02,25,2,0,42,RECOCIDO_SIMULADO,29.8408,4301,11841.03,431.696667,114.093333,0,0,true,true,56,15.384615,11648,1702,31.617647,208.173216
BASE,N025-I02,25,2,1,43,RECOCIDO_SIMULADO,28.8036,4301,11841.03,431.696667,114.093333,0,0,true,true,56,15.384615,11648,1702,31.617647,217.079958
BASE,N025-I02,25,2,1,43,GENETICO,126.3348,9060,11841.03,431.696667,114.093333,0,0,true,true,56,15.384615,11648,1702,31.617647,
BASE,N025-I02,25,2,2,44,GENETICO,119.6063,9060,11841.03,431.696667,114.093333,0,0,true,true,56,15.384615,11648,1702,31.617647,
BASE,N025-I02,25,2,2,44,RECOCIDO_SIMULADO,29.0256,4181,11841.03,431.696667,114.093333,0,0,true,true,56,15.384615,11648,1702,31.617647,177.915806
BASE,N025-I02,25,2,3,45,RECOCIDO_SIMULADO,27.9618,4061,11833.393333,440.56,113.928333,0,0,true,true,56,15.384615,11174,1560,31.617647,158.665844
BASE,N025-I02,25,2,3,45,GENETICO,138.8288,9060,11841.03,431.696667,114.093333,0,0,true,true,56,15.384615,11648,1702,31.617647,
BASE,N025-I02,25,2,4,46,GENETICO,126.6224,9060,11841.03,431.696667,114.093333,0,0,true,true,56,15.384615,11648,1702,31.617647,
BASE,N025-I02,25,2,4,46,RECOCIDO_SIMULADO,29.6803,4261,11838.09,445.256667,113.928333,0,0,true,true,56,15.384615,11498,1656,31.617647,197.891493
BASE,N025-I02,25,2,5,47,RECOCIDO_SIMULADO,31.0929,4341,11841.03,431.696667,114.093333,0,0,true,true,56,15.384615,11648,1702,31.617647,223.851387
BASE,N025-I02,25,2,5,47,GENETICO,122.3366,9060,11841.03,431.696667,114.093333,0,0,true,true,56,15.384615,11648,1702,31.617647,
BASE,N025-I02,25,2,6,48,GENETICO,123.2193,9060,11841.03,431.696667,114.093333,0,0,true,true,56,15.384615,11648,1702,31.617647,
BASE,N025-I02,25,2,6,48,RECOCIDO_SIMULADO,27.1903,4061,11836.526667,443.693333,113.928333,0,0,true,true,56,15.384615,10730,1582,31.617647,152.632083
BASE,N025-I02,25,2,7,49,RECOCIDO_SIMULADO,27.8993,4061,11841.03,431.696667,114.093333,0,0,true,true,56,15.384615,11648,1702,31.617647,155.172926
BASE,N025-I02,25,2,7,49,GENETICO,132.1441,9060,11841.03,431.696667,114.093333,0,0,true,true,56,15.384615,11648,1702,31.617647,
BASE,N025-I02,25,2,8,50,GENETICO,126.7548,9060,11841.03,431.696667,114.093333,0,0,true,true,56,15.384615,11648,1702,31.617647,
BASE,N025-I02,25,2,8,50,RECOCIDO_SIMULADO,29.8655,4341,11841.03,431.696667,114.093333,0,0,true,true,56,15.384615,11648,1702,31.617647,224.231177
BASE,N025-I02,25,2,9,51,RECOCIDO_SIMULADO,29.0326,4301,11841.03,431.696667,114.093333,0,0,true,true,56,15.384615,11648,1702,31.617647,208.591285
BASE,N025-I02,25,2,9,51,GENETICO,129.2456,9060,11841.03,431.696667,114.093333,0,0,true,true,56,15.384615,11648,1702,31.617647,
BASE,N025-I02,25,2,10,52,GENETICO,157.7977,9060,11841.03,431.696667,114.093333,0,0,true,true,56,15.384615,11648,1702,31.617647,
BASE,N025-I02,25,2,10,52,RECOCIDO_SIMULADO,29.2448,4381,11841.03,431.696667,114.093333,0,0,true,true,56,15.384615,11648,1702,31.617647,241.140038
BASE,N025-I02,25,2,11,53,RECOCIDO_SIMULADO,28.7544,4261,11841.03,431.696667,114.093333,0,0,true,true,56,15.384615,11648,1702,31.617647,203.540001
BASE,N025-I02,25,2,11,53,GENETICO,119.4483,9060,11841.03,431.696667,114.093333,0,0,true,true,56,15.384615,11648,1702,31.617647,
BASE,N025-I02,25,2,12,54,GENETICO,169.0838,9060,11841.03,431.696667,114.093333,0,0,true,true,56,15.384615,11648,1702,31.617647,
BASE,N025-I02,25,2,12,54,RECOCIDO_SIMULADO,29.0866,4381,11841.03,431.696667,114.093333,0,0,true,true,56,15.384615,11648,1702,31.617647,235.728053
BASE,N025-I02,25,2,13,55,RECOCIDO_SIMULADO,29.6208,4341,11841.03,431.696667,114.093333,0,0,true,true,56,15.384615,11648,1702,31.617647,224.90306
BASE,N025-I02,25,2,13,55,GENETICO,129.3597,9060,11841.03,431.696667,114.093333,0,0,true,true,56,15.384615,11648,1702,31.617647,
BASE,N025-I02,25,2,14,56,GENETICO,168.8786,9060,11841.03,431.696667,114.093333,0,0,true,true,56,15.384615,11648,1702,31.617647,
BASE,N025-I02,25,2,14,56,RECOCIDO_SIMULADO,28.2684,4221,11834.506667,441.673333,113.928333,0,0,true,true,56,15.384615,11452,1652,31.617647,195.2042
BASE,N025-I02,25,2,15,57,RECOCIDO_SIMULADO,29.5925,4341,11841.03,431.696667,114.093333,0,0,true,true,56,15.384615,11648,1702,31.617647,228.545875
BASE,N025-I02,25,2,15,57,GENETICO,124.3601,9060,11841.03,431.696667,114.093333,0,0,true,true,56,15.384615,11648,1702,31.617647,
BASE,N025-I02,25,2,16,58,GENETICO,174.2428,9060,11841.03,431.696667,114.093333,0,0,true,true,56,15.384615,11648,1702,31.617647,
BASE,N025-I02,25,2,16,58,RECOCIDO_SIMULADO,28.5074,4101,11829.493333,436.66,113.928333,0,0,true,true,56,15.384615,10966,1576,31.617647,164.800903
BASE,N025-I02,25,2,17,59,RECOCIDO_SIMULADO,28.1751,4181,11841.03,431.696667,114.093333,0,0,true,true,56,15.384615,11648,1702,31.617647,178.165759
BASE,N025-I02,25,2,17,59,GENETICO,121.8983,9060,11841.03,431.696667,114.093333,0,0,true,true,56,15.384615,11648,1702,31.617647,
BASE,N025-I02,25,2,18,60,GENETICO,143.6395,9060,11841.03,431.696667,114.093333,0,0,true,true,56,15.384615,11648,1702,31.617647,
BASE,N025-I02,25,2,18,60,RECOCIDO_SIMULADO,29.2916,4421,11841.03,431.696667,114.093333,0,0,true,true,56,15.384615,11648,1702,31.617647,248.958177
BASE,N025-I02,25,2,19,61,RECOCIDO_SIMULADO,28.7515,4301,11841.03,431.696667,114.093333,0,0,true,true,56,15.384615,11648,1702,31.617647,212.113737
BASE,N025-I02,25,2,19,61,GENETICO,126.035,9060,11841.03,431.696667,114.093333,0,0,true,true,56,15.384615,11648,1702,31.617647,
BASE,N025-I02,25,2,20,62,GENETICO,122.8629,9060,11824.615,431.781667,113.928333,0,0,true,true,56,15.384615,11596,1690,31.617647,
BASE,N025-I02,25,2,20,62,RECOCIDO_SIMULADO,29.1982,4381,11841.03,431.696667,114.093333,0,0,true,true,56,15.384615,11648,1702,31.617647,233.107551
BASE,N025-I02,25,2,21,63,RECOCIDO_SIMULADO,28.2522,4261,11841.03,431.696667,114.093333,0,0,true,true,56,15.384615,11648,1702,31.617647,197.9206
BASE,N025-I02,25,2,21,63,GENETICO,120.2131,9060,11841.03,431.696667,114.093333,0,0,true,true,56,15.384615,11648,1702,31.617647,
BASE,N025-I02,25,2,22,64,GENETICO,141.5614,9060,11841.03,431.696667,114.093333,0,0,true,true,56,15.384615,11648,1702,31.617647,
BASE,N025-I02,25,2,22,64,RECOCIDO_SIMULADO,28.3244,4221,11841.03,431.696667,114.093333,0,0,true,true,56,15.384615,11648,1702,31.617647,192.162087
BASE,N025-I02,25,2,23,65,RECOCIDO_SIMULADO,28.6854,4141,11841.03,431.696667,114.093333,0,0,true,true,56,15.384615,11648,1702,31.617647,175.586569
BASE,N025-I02,25,2,23,65,GENETICO,149.1477,9060,11841.03,431.696667,114.093333,0,0,true,true,56,15.384615,11648,1702,31.617647,
BASE,N025-I02,25,2,24,66,GENETICO,229.4296,9060,11841.03,431.696667,114.093333,0,0,true,true,56,15.384615,11648,1702,31.617647,
BASE,N025-I02,25,2,24,66,RECOCIDO_SIMULADO,27.6967,4141,11841.03,431.696667,114.093333,0,0,true,true,56,15.384615,11648,1702,31.617647,171.530678
BASE,N025-I02,25,2,25,67,RECOCIDO_SIMULADO,28.6268,4341,11831.96,439.126667,113.928333,0,0,true,true,56,15.384615,10650,1522,31.617647,226.854563
BASE,N025-I02,25,2,25,67,GENETICO,136.9697,9060,11841.03,431.696667,114.093333,0,0,true,true,56,15.384615,11648,1702,31.617647,
BASE,N025-I02,25,2,26,68,GENETICO,203.2497,9060,11841.03,431.696667,114.093333,0,0,true,true,56,15.384615,11648,1702,31.617647,
BASE,N025-I02,25,2,26,68,RECOCIDO_SIMULADO,28.324,4181,11841.03,431.696667,114.093333,0,0,true,true,56,15.384615,11648,1702,31.617647,183.771862
BASE,N025-I02,25,2,27,69,RECOCIDO_SIMULADO,28.6523,4301,11834.188333,441.355,113.928333,0,0,true,true,56,15.384615,11066,1590,31.617647,210.227997
BASE,N025-I02,25,2,27,69,GENETICO,135.5354,9060,11841.03,431.696667,114.093333,0,0,true,true,56,15.384615,11648,1702,31.617647,
BASE,N025-I02,25,2,28,70,GENETICO,207.1689,9060,11838,431.666667,114.063333,0,0,true,true,56,15.384615,11656,1702,31.617647,
BASE,N025-I02,25,2,28,70,RECOCIDO_SIMULADO,28.0621,4221,11835.33,442.496667,113.928333,0,0,true,true,56,15.384615,10976,1508,31.617647,192.209589
BASE,N025-I02,25,2,29,71,RECOCIDO_SIMULADO,28.1803,4061,11833.175,440.341667,113.928333,0,0,true,true,56,15.384615,10868,1496,31.617647,156.329248
BASE,N025-I02,25,2,29,71,GENETICO,122.3596,9060,11841.03,431.696667,114.093333,0,0,true,true,56,15.384615,11648,1702,31.617647,
BASE,N025-I03,25,3,0,42,GENETICO,118.1411,9060,12032.715,416.048333,116.166667,0,0,true,true,68,52.941176,10704,1536,28.676471,
BASE,N025-I03,25,3,0,42,RECOCIDO_SIMULADO,29.6354,4381,12032.715,416.048333,116.166667,0,0,true,true,68,52.941176,10704,1536,28.676471,233.151164
BASE,N025-I03,25,3,1,43,RECOCIDO_SIMULADO,27.1102,4101,12032.715,416.048333,116.166667,0,0,true,true,68,52.941176,10704,1536,28.676471,160.80591
BASE,N025-I03,25,3,1,43,GENETICO,211.1839,9060,12031.785,415.118333,116.166667,0,0,true,true,68,52.941176,11432,1636,28.676471,
BASE,N025-I03,25,3,2,44,GENETICO,476.7994,9060,12032.715,416.048333,116.166667,0,0,true,true,68,52.941176,10704,1536,28.676471,
BASE,N025-I03,25,3,2,44,RECOCIDO_SIMULADO,27.8531,4181,12032.715,416.048333,116.166667,0,0,true,true,68,52.941176,10704,1536,28.676471,186.827859
BASE,N025-I03,25,3,3,45,RECOCIDO_SIMULADO,36.2088,4181,12032.715,416.048333,116.166667,0,0,true,true,68,52.941176,10704,1536,28.676471,186.578676
BASE,N025-I03,25,3,3,45,GENETICO,341.05,9060,12032.235,415.568333,116.166667,0,0,true,true,68,52.941176,10832,1536,28.676471,
BASE,N025-I03,25,3,4,46,GENETICO,133.4189,9060,12032.715,416.048333,116.166667,0,0,true,true,68,52.941176,10704,1536,28.676471,
BASE,N025-I03,25,3,4,46,RECOCIDO_SIMULADO,26.6785,4021,12032.715,416.048333,116.166667,0,0,true,true,68,52.941176,10704,1536,28.676471,151.920014
BASE,N025-I03,25,3,5,47,RECOCIDO_SIMULADO,29.9769,4381,12032.715,416.048333,116.166667,0,0,true,true,68,52.941176,10704,1536,28.676471,241.584082
BASE,N025-I03,25,3,5,47,GENETICO,298.5263,9060,12031.785,415.118333,116.166667,0,0,true,true,68,52.941176,10936,1574,28.676471,
BASE,N025-I03,25,3,6,48,GENETICO,122.6979,9060,12032.715,416.048333,116.166667,0,0,true,true,68,52.941176,10704,1536,28.676471,
BASE,N025-I03,25,3,6,48,RECOCIDO_SIMULADO,29.8837,4301,12032.715,416.048333,116.166667,0,0,true,true,68,52.941176,10704,1536,28.676471,213.072462
BASE,N025-I03,25,3,7,49,RECOCIDO_SIMULADO,28.6962,4181,12032.715,416.048333,116.166667,0,0,true,true,68,52.941176,10704,1536,28.676471,185.280178
BASE,N025-I03,25,3,7,49,GENETICO,445.5547,9060,12031.785,415.118333,116.166667,0,0,true,true,68,52.941176,11432,1636,28.676471,
BASE,N025-I03,25,3,8,50,GENETICO,214.4813,9060,12032.16,415.493333,116.166667,0,0,true,true,68,52.941176,10852,1536,28.676471,
BASE,N025-I03,25,3,8,50,RECOCIDO_SIMULADO,27.089,4021,12032.715,416.048333,116.166667,0,0,true,true,68,52.941176,10704,1536,28.676471,151.938361
BASE,N025-I03,25,3,9,51,RECOCIDO_SIMULADO,29.2987,4261,12032.715,416.048333,116.166667,0,0,true,true,68,52.941176,10704,1536,28.676471,205.645468
BASE,N025-I03,25,3,9,51,GENETICO,117.7984,9060,12032.715,416.048333,116.166667,0,0,true,true,68,52.941176,10704,1536,28.676471,
BASE,N025-I03,25,3,10,52,GENETICO,237.9929,9060,12031.785,415.118333,116.166667,0,0,true,true,68,52.941176,11432,1636,28.676471,
BASE,N025-I03,25,3,10,52,RECOCIDO_SIMULADO,28.6556,4181,12032.715,416.048333,116.166667,0,0,true,true,68,52.941176,10704,1536,28.676471,179.513427
BASE,N025-I03,25,3,11,53,RECOCIDO_SIMULADO,28.6726,4381,12032.715,416.048333,116.166667,0,0,true,true,68,52.941176,10704,1536,28.676471,241.491939
BASE,N025-I03,25,3,11,53,GENETICO,207.5887,9060,12031.985,415.318333,116.166667,0,0,true,true,68,52.941176,11000,1582,28.676471,
BASE,N025-I03,25,3,12,54,GENETICO,407.3457,9060,12031.785,415.118333,116.166667,0,0,true,true,68,52.941176,10984,1580,28.676471,
BASE,N025-I03,25,3,12,54,RECOCIDO_SIMULADO,28.3445,4301,12032.715,416.048333,116.166667,0,0,true,true,68,52.941176,10704,1536,28.676471,211.259999
BASE,N025-I03,25,3,13,55,RECOCIDO_SIMULADO,31.0047,4501,12032.715,416.048333,116.166667,0,0,true,true,68,52.941176,10704,1536,28.676471,269.280247
BASE,N025-I03,25,3,13,55,GENETICO,322.2793,9060,12032.16,415.493333,116.166667,0,0,true,true,68,52.941176,10852,1536,28.676471,
BASE,N025-I03,25,3,14,56,GENETICO,123.0622,9060,12032.715,416.048333,116.166667,0,0,true,true,68,52.941176,10704,1536,28.676471,
BASE,N025-I03,25,3,14,56,RECOCIDO_SIMULADO,28.9736,4221,12032.715,416.048333,116.166667,0,0,true,true,68,52.941176,10704,1536,28.676471,191.473286
BASE,N025-I03,25,3,15,57,RECOCIDO_SIMULADO,28.0539,4261,12032.715,416.048333,116.166667,0,0,true,true,68,52.941176,10704,1536,28.676471,203.867255
BASE,N025-I03,25,3,15,57,GENETICO,248.1985,9060,12032.16,415.493333,116.166667,0,0,true,true,68,52.941176,10852,1536,28.676471,
BASE,N025-I03,25,3,16,58,GENETICO,256.7036,9060,12032.235,415.568333,116.166667,0,0,true,true,68,52.941176,10832,1536,28.676471,
BASE,N025-I03,25,3,16,58,RECOCIDO_SIMULADO,27.8128,4101,12032.715,416.048333,116.166667,0,0,true,true,68,52.941176,10704,1536,28.676471,167.84609
BASE,N025-I03,25,3,17,59,RECOCIDO_SIMULADO,28.7618,4301,12032.715,416.048333,116.166667,0,0,true,true,68,52.941176,10704,1536,28.676471,208.694357
BASE,N025-I03,25,3,17,59,GENETICO,267.0349,9060,12032.715,416.048333,116.166667,0,0,true,true,68,52.941176,10704,1536,28.676471,
BASE,N025-I03,25,3,18,60,GENETICO,516.327,9060,12031.485,414.818333,116.166667,0,0,true,true,68,52.941176,11416,1634,28.676471,
BASE,N025-I03,25,3,18,60,RECOCIDO_SIMULADO,29.0551,4341,12032.715,416.048333,116.166667,0,0,true,true,68,52.941176,10704,1536,28.676471,229.346791
BASE,N025-I03,25,3,19,61,RECOCIDO_SIMULADO,28.7485,4181,12032.715,416.048333,116.166667,0,0,true,true,68,52.941176,10704,1536,28.676471,186.006019
BASE,N025-I03,25,3,19,61,GENETICO,406.5963,9060,12032.4,415.733333,116.166667,0,0,true,true,68,52.941176,10788,1536,28.676471,
BASE,N025-I03,25,3,20,62,GENETICO,414.8895,9060,12031.785,415.118333,116.166667,0,0,true,true,68,52.941176,11432,1636,28.676471,
BASE,N025-I03,25,3,20,62,RECOCIDO_SIMULADO,28.2238,4301,12032.715,416.048333,116.166667,0,0,true,true,68,52.941176,10704,1536,28.676471,213.473978
BASE,N025-I03,25,3,21,63,RECOCIDO_SIMULADO,28.8962,4181,12032.715,416.048333,116.166667,0,0,true,true,68,52.941176,10704,1536,28.676471,185.058774
BASE,N025-I03,25,3,21,63,GENETICO,239.0038,9060,12032.16,415.493333,116.166667,0,0,true,true,68,52.941176,10852,1536,28.676471,
BASE,N025-I03,25,3,22,64,GENETICO,134.9035,9060,12032.715,416.048333,116.166667,0,0,true,true,68,52.941176,10704,1536,28.676471,
BASE,N025-I03,25,3,22,64,RECOCIDO_SIMULADO,29.0842,4341,12032.715,416.048333,116.166667,0,0,true,true,68,52.941176,10704,1536,28.676471,228.542809
BASE,N025-I03,25,3,23,65,RECOCIDO_SIMULADO,28.4621,4301,12032.715,416.048333,116.166667,0,0,true,true,68,52.941176,10704,1536,28.676471,210.078364
BASE,N025-I03,25,3,23,65,GENETICO,127.2023,9060,12032.715,416.048333,116.166667,0,0,true,true,68,52.941176,10704,1536,28.676471,
BASE,N025-I03,25,3,24,66,GENETICO,230.1655,9060,12032.67,416.003333,116.166667,0,0,true,true,68,52.941176,10716,1536,28.676471,
BASE,N025-I03,25,3,24,66,RECOCIDO_SIMULADO,28.4964,4141,12032.715,416.048333,116.166667,0,0,true,true,68,52.941176,10704,1536,28.676471,174.644889
BASE,N025-I03,25,3,25,67,RECOCIDO_SIMULADO,29.3573,4461,12032.715,416.048333,116.166667,0,0,true,true,68,52.941176,10704,1536,28.676471,259.534153
BASE,N025-I03,25,3,25,67,GENETICO,236.415,9060,12032.715,416.048333,116.166667,0,0,true,true,68,52.941176,10704,1536,28.676471,
BASE,N025-I03,25,3,26,68,GENETICO,159.7814,9060,12032.715,416.048333,116.166667,0,0,true,true,68,52.941176,10704,1536,28.676471,
BASE,N025-I03,25,3,26,68,RECOCIDO_SIMULADO,27.6589,4021,12032.715,416.048333,116.166667,0,0,true,true,68,52.941176,10704,1536,28.676471,149.870077
BASE,N025-I03,25,3,27,69,RECOCIDO_SIMULADO,26.6418,3941,12032.715,416.048333,116.166667,0,0,true,true,68,52.941176,10704,1536,28.676471,135.101731
BASE,N025-I03,25,3,27,69,GENETICO,177.5376,9060,12031.685,415.018333,116.166667,0,0,true,true,68,52.941176,10632,1536,28.676471,
BASE,N025-I03,25,3,28,70,GENETICO,333.3772,9060,12031.785,415.118333,116.166667,0,0,true,true,68,52.941176,11432,1636,28.676471,
BASE,N025-I03,25,3,28,70,RECOCIDO_SIMULADO,29.0575,4261,12032.715,416.048333,116.166667,0,0,true,true,68,52.941176,10704,1536,28.676471,199.903245
BASE,N025-I03,25,3,29,71,RECOCIDO_SIMULADO,29.1346,4381,12032.715,416.048333,116.166667,0,0,true,true,68,52.941176,10704,1536,28.676471,233.341107
BASE,N025-I03,25,3,29,71,GENETICO,413.2276,9060,12031.785,415.118333,116.166667,0,0,true,true,68,52.941176,11432,1636,28.676471,
BASE,N025-I04,25,4,0,42,GENETICO,284.8083,9060,11680.87,421.036667,112.598333,0,0,true,true,52,29.411765,12432,1798,25.490196,
BASE,N025-I04,25,4,0,42,RECOCIDO_SIMULADO,30.0047,4381,11696.371667,426.871667,112.695,0,0,true,true,56,35.294118,11892,1690,25.490196,241.026709
BASE,N025-I04,25,4,1,43,RECOCIDO_SIMULADO,28.01,4221,11658.961667,428.461667,112.305,0,0,true,true,56,35.294118,11144,1486,25.490196,194.27161
BASE,N025-I04,25,4,1,43,GENETICO,571.4815,9060,11656.911667,420.411667,112.365,0,0,true,true,56,35.294118,13004,1882,25.490196,
BASE,N025-I04,25,4,2,44,GENETICO,166.7256,9060,11681.02,421.186667,112.598333,0,0,true,true,52,29.411765,13120,1884,25.490196,
BASE,N025-I04,25,4,2,44,RECOCIDO_SIMULADO,30.094,4381,11672.311667,428.311667,112.44,0,0,true,true,56,35.294118,11216,1570,25.490196,231.656826
BASE,N025-I04,25,4,3,45,RECOCIDO_SIMULADO,30.308,4541,11664.796667,428.296667,112.365,0,0,true,true,56,35.294118,12332,1708,25.490196,294.947342
BASE,N025-I04,25,4,3,45,GENETICO,709.7683,9060,11656.911667,420.411667,112.365,0,0,true,true,56,35.294118,13244,1912,25.490196,
BASE,N025-I04,25,4,4,46,GENETICO,266.3933,9060,11681.02,421.186667,112.598333,0,0,true,true,52,29.411765,13120,1884,25.490196,
BASE,N025-I04,25,4,4,46,RECOCIDO_SIMULADO,28.7627,4221,11657.601667,427.101667,112.305,0,0,true,true,56,35.294118,12588,1756,25.490196,187.380852
BASE,N025-I04,25,4,5,47,RECOCIDO_SIMULADO,29.1227,4341,11685.535,426.535,112.59,0,0,true,true,56,35.294118,13084,1860,25.490196,227.871406
BASE,N025-I04,25,4,5,47,GENETICO,426.7928,9060,11657.061667,420.561667,112.365,0,0,true,true,56,35.294118,13420,1934,25.490196,
BASE,N025-I04,25,4,6,48,GENETICO,128.0994,9060,11681.02,421.186667,112.598333,0,0,true,true,52,29.411765,13120,1884,25.490196,
BASE,N025-I04,25,4,6,48,RECOCIDO_SIMULADO,29.2307,4261,11690.046667,426.546667,112.635,0,0,true,true,56,35.294118,12744,1744,25.490196,204.985565
BASE,N025-I04,25,4,7,49,RECOCIDO_SIMULADO,28.8698,4301,11713.851667,433.851667,112.8,0,0,true,true,56,35.294118,11414,1654,25.490196,210.621636
BASE,N025-I04,25,4,7,49,GENETICO,386.0327,9060,11681.02,421.186667,112.598333,0,0,true,true,52,29.411765,13120,1884,25.490196,
BASE,N025-I04,25,4,8,50,GENETICO,383.098,9060,11714.35,421.516667,112.928333,0,0,true,true,52,29.411765,13032,1884,25.490196,
BASE,N025-I04,25,4,8,50,RECOCIDO_SIMULADO,28.8899,4301,11677.161667,428.661667,112.485,0,0,true,true,56,35.294118,12288,1730,25.490196,210.539884
BASE,N025-I04,25,4,9,51,RECOCIDO_SIMULADO,27.9155,4181,11663.205,426.705,112.365,0,0,true,true,56,35.294118,12812,1872,25.490196,182.340447
BASE,N025-I04,25,4,9,51,GENETICO,258.9611,9060,11680.87,421.036667,112.598333,0,0,true,true,52,29.411765,12432,1798,25.490196,
BASE,N025-I04,25,4,10,52,GENETICO,335.8175,9060,11680.87,421.036667,112.598333,0,0,true,true,52,29.411765,12432,1798,25.490196,
BASE,N025-I04,25,4,10,52,RECOCIDO_SIMULADO,29.168,4221,11681.07,429.57,112.515,0,0,true,true,56,35.294118,11474,1642,25.490196,195.969063
BASE,N025-I04,25,4,11,53,RECOCIDO_SIMULADO,30.7296,4581,11702.995,434.995,112.68,0,0,true,true,56,35.294118,11654,1632,25.490196,306.642747
BASE,N025-I04,25,4,11,53,GENETICO,418.5263,9060,11681.02,421.186667,112.598333,0,0,true,true,52,29.411765,13120,1884,25.490196,
BASE,N025-I04,25,4,12,54,GENETICO,605.2738,9060,11650.851667,420.351667,112.305,0,0,true,true,56,35.294118,12748,1848,25.490196,
BASE,N025-I04,25,4,12,54,RECOCIDO_SIMULADO,30.8628,4541,11702.916667,431.916667,112.71,0,0,true,true,56,35.294118,11976,1652,25.490196,283.791876
BASE,N025-I04,25,4,13,55,RECOCIDO_SIMULADO,29.2913,4261,11660.391667,423.891667,112.365,0,0,true,true,56,35.294118,12188,1686,25.490196,203.662514
BASE,N025-I04,25,4,13,55,GENETICO,215.9733,9060,11657.061667,420.561667,112.365,0,0,true,true,56,35.294118,13420,1934,25.490196,
BASE,N025-I04,25,4,14,56,GENETICO,297.3861,9060,11709.805,421.471667,112.883333,0,0,true,true,52,29.411765,13044,1884,25.490196,
BASE,N025-I04,25,4,14,56,RECOCIDO_SIMULADO,29.428,4421,11692.086667,427.086667,112.65,0,0,true,true,56,35.294118,12608,1730,25.490196,244.882641
BASE,N025-I04,25,4,15,57,RECOCIDO_SIMULADO,29.5645,4421,11657.506667,427.006667,112.305,0,0,true,true,56,35.294118,12084,1646,25.490196,251.448432
BASE,N025-I04,25,4,15,57,GENETICO,120.3562,9060,11795.655,422.321667,113.733333,0,0,true,true,52,29.411765,13084,1874,25.490196,
BASE,N025-I04,25,4,16,58,GENETICO,185.7134,9060,11681.02,421.186667,112.598333,0,0,true,true,52,29.411765,13120,1884,25.490196,
BASE,N025-I04,25,4,16,58,RECOCIDO_SIMULADO,27.942,4181,11661.776667,425.276667,112.365,0,0,true,true,56,35.294118,12488,1728,25.490196,183.211294
BASE,N025-I04,25,4,17,59,RECOCIDO_SIMULADO,28.4306,4141,11711.721667,425.721667,112.86,0,0,true,true,56,35.294118,11812,1660,25.490196,173.044724
BASE,N025-I04,25,4,17,59,GENETICO,179.2378,9060,11795.655,422.321667,113.733333,0,0,true,true,52,29.411765,13084,1874,25.490196,
BASE,N025-I04,25,4,18,60,GENETICO,445.6532,9060,11771.696667,421.696667,113.5,0,0,true,true,56,35.294118,13384,1924,25.490196,
BASE,N025-I04,25,4,18,60,RECOCIDO_SIMULADO,28.4269,4261,11718.756667,428.256667,112.905,0,0,true,true,56,35.294118,12892,1796,25.490196,204.587627
BASE,N025-I04,25,4,19,61,RECOCIDO_SIMULADO,27.6204,4141,11696.036667,426.536667,112.695,0,0,true,true,56,35.294118,11908,1670,25.490196,173.762096
BASE,N025-I04,25,4,19,61,GENETICO,293.1219,9060,11681.02,421.186667,112.598333,0,0,true,true,52,29.411765,13120,1884,25.490196,
BASE,N025-I04,25,4,20,62,GENETICO,380.3145,9060,11711.965,420.631667,112.913333,0,0,true,true,52,29.411765,12540,1798,25.490196,
BASE,N025-I04,25,4,20,62,RECOCIDO_SIMULADO,29.6659,4341,11688.676667,429.676667,112.59,0,0,true,true,56,35.294118,11240,1556,25.490196,220.168691
BASE,N025-I04,25,4,21,63,RECOCIDO_SIMULADO,28.9924,4301,11687.061667,423.561667,112.635,0,0,true,true,56,35.294118,13076,1836,25.490196,216.50112
BASE,N025-I04,25,4,21,63,GENETICO,306.2438,9060,11681.02,421.186667,112.598333,0,0,true,true,52,29.411765,13120,1884,25.490196,
BASE,N025-I04,25,4,22,64,GENETICO,131.4089,9060,11681.02,421.186667,112.598333,0,0,true,true,52,29.411765,13120,1884,25.490196,
BASE,N025-I04,25,4,22,64,RECOCIDO_SIMULADO,28.834,4221,11656.591667,426.091667,112.305,0,0,true,true,56,35.294118,11636,1618,25.490196,191.625472
BASE,N025-I04,25,4,23,65,RECOCIDO_SIMULADO,29.1963,4421,11671.84,427.84,112.44,0,0,true,true,56,35.294118,12178,1718,25.490196,244.775461
BASE,N025-I04,25,4,23,65,GENETICO,436.7357,9060,11681.02,421.186667,112.598333,0,0,true,true,52,29.411765,13120,1884,25.490196,
BASE,N025-I04,25,4,24,66,GENETICO,226.5288,9060,11685.846667,420.846667,112.65,0,0,true,true,56,35.294118,13344,1934,25.490196,
BASE,N025-I04,25,4,24,66,RECOCIDO_SIMULADO,27.9803,4261,11690.908333,425.908333,112.65,0,0,true,true,56,35.294118,12808,1846,25.490196,203.088745
BASE,N025-I04,25,4,25,67,RECOCIDO_SIMULADO,30.2617,4421,11711.771667,425.771667,112.86,0,0,true,true,56,35.294118,13196,1858,25.490196,248.408948
BASE,N025-I04,25,4,25,67,GENETICO,150.5398,9060,11713.116667,421.116667,112.92,0,0,true,true,56,35.294118,13272,1934,25.490196,
BASE,N025-I04,25,4,26,68,GENETICO,441.34,9060,11657.061667,420.561667,112.365,0,0,true,true,56,35.294118,13420,1934,25.490196,
BASE,N025-I04,25,4,26,68,RECOCIDO_SIMULADO,29.2646,4421,11706.748333,426.748333,112.8,0,0,true,true,56,35.294118,12872,1872,25.490196,242.210764
BASE,N025-I04,25,4,27,69,RECOCIDO_SIMULADO,26.7985,4061,11674.711667,426.211667,112.485,0,0,true,true,56,35.294118,12518,1850,25.490196,154.878363
BASE,N025-I04,25,4,27,69,GENETICO,440.1092,9060,11657.061667,420.561667,112.365,0,0,true,true,56,35.294118,13420,1934,25.490196,
BASE,N025-I04,25,4,28,70,GENETICO,158.615,9060,11795.655,422.321667,113.733333,0,0,true,true,52,29.411765,13084,1874,25.490196,
BASE,N025-I04,25,4,28,70,RECOCIDO_SIMULADO,28.8526,4341,11664.896667,428.396667,112.365,0,0,true,true,56,35.294118,13132,1870,25.490196,222.588934
BASE,N025-I04,25,4,29,71,RECOCIDO_SIMULADO,27.5518,4221,11692.281667,427.281667,112.65,0,0,true,true,56,35.294118,11924,1646,25.490196,192.349766
BASE,N025-I04,25,4,29,71,GENETICO,258.1928,9060,11731.015,421.681667,113.093333,0,0,true,true,52,29.411765,12988,1884,25.490196,
BASE,N025-I05,25,5,0,42,GENETICO,122.4215,9060,11175.046667,498.38,106.766667,0,0,true,true,68,27.272727,10740,1536,31.127451,
BASE,N025-I05,25,5,0,42,RECOCIDO_SIMULADO,28.4931,4101,11175.046667,498.38,106.766667,0,0,true,true,68,27.272727,10740,1536,31.127451,160.517034
BASE,N025-I05,25,5,1,43,RECOCIDO_SIMULADO,27.8299,4221,11175.046667,498.38,106.766667,0,0,true,true,68,27.272727,10740,1536,31.127451,188.404859
BASE,N025-I05,25,5,1,43,GENETICO,149.1828,9060,11175.046667,498.38,106.766667,0,0,true,true,68,27.272727,10740,1536,31.127451,
BASE,N025-I05,25,5,2,44,GENETICO,130.6173,9060,11175.046667,498.38,106.766667,0,0,true,true,68,27.272727,10740,1536,31.127451,
BASE,N025-I05,25,5,2,44,RECOCIDO_SIMULADO,29.2032,4181,11175.046667,498.38,106.766667,0,0,true,true,68,27.272727,10740,1536,31.127451,181.782559
BASE,N025-I05,25,5,3,45,RECOCIDO_SIMULADO,27.6908,4101,11175.046667,498.38,106.766667,0,0,true,true,68,27.272727,10740,1536,31.127451,161.984491
BASE,N025-I05,25,5,3,45,GENETICO,117.8178,9060,11175.046667,498.38,106.766667,0,0,true,true,68,27.272727,10740,1536,31.127451,
BASE,N025-I05,25,5,4,46,GENETICO,235.2831,9060,11175.001667,498.335,106.766667,0,0,true,true,68,27.272727,10752,1536,31.127451,
BASE,N025-I05,25,5,4,46,RECOCIDO_SIMULADO,27.2459,4181,11175.046667,498.38,106.766667,0,0,true,true,68,27.272727,10740,1536,31.127451,180.628981
BASE,N025-I05,25,5,5,47,RECOCIDO_SIMULADO,27.2129,4181,11175.046667,498.38,106.766667,0,0,true,true,68,27.272727,10740,1536,31.127451,186.077804
BASE,N025-I05,25,5,5,47,GENETICO,116.1297,9060,11175.046667,498.38,106.766667,0,0,true,true,68,27.272727,10740,1536,31.127451,
BASE,N025-I05,25,5,6,48,GENETICO,121.217,9060,11175.046667,498.38,106.766667,0,0,true,true,68,27.272727,10740,1536,31.127451,
BASE,N025-I05,25,5,6,48,RECOCIDO_SIMULADO,27.379,4181,11175.046667,498.38,106.766667,0,0,true,true,68,27.272727,10740,1536,31.127451,182.137953
BASE,N025-I05,25,5,7,49,RECOCIDO_SIMULADO,26.9133,4141,11175.046667,498.38,106.766667,0,0,true,true,68,27.272727,10740,1536,31.127451,174.025002
BASE,N025-I05,25,5,7,49,GENETICO,210.5919,9060,11174.656667,497.99,106.766667,0,0,true,true,68,27.272727,10836,1570,31.127451,
BASE,N025-I05,25,5,8,50,GENETICO,342.531,9060,11175.001667,498.335,106.766667,0,0,true,true,68,27.272727,10752,1536,31.127451,
BASE,N025-I05,25,5,8,50,RECOCIDO_SIMULADO,27.7029,4141,11175.046667,498.38,106.766667,0,0,true,true,68,27.272727,10740,1536,31.127451,174.678719
BASE,N025-I05,25,5,9,51,RECOCIDO_SIMULADO,26.7312,4061,11175.046667,498.38,106.766667,0,0,true,true,68,27.272727,10740,1536,31.127451,158.607762
BASE,N025-I05,25,5,9,51,GENETICO,119.7171,9060,11175.046667,498.38,106.766667,0,0,true,true,68,27.272727,10740,1536,31.127451,
BASE,N025-I05,25,5,10,52,GENETICO,220.3547,9060,11175.001667,498.335,106.766667,0,0,true,true,68,27.272727,10752,1536,31.127451,
BASE,N025-I05,25,5,10,52,RECOCIDO_SIMULADO,28.2773,4261,11175.046667,498.38,106.766667,0,0,true,true,68,27.272727,10740,1536,31.127451,198.14604
BASE,N025-I05,25,5,11,53,RECOCIDO_SIMULADO,27.3832,4141,11175.046667,498.38,106.766667,0,0,true,true,68,27.272727,10740,1536,31.127451,177.191734
BASE,N025-I05,25,5,11,53,GENETICO,117.9864,9060,11175.046667,498.38,106.766667,0,0,true,true,68,27.272727,10740,1536,31.127451,
BASE,N025-I05,25,5,12,54,GENETICO,212.8468,9060,11175.046667,498.38,106.766667,0,0,true,true,68,27.272727,10740,1536,31.127451,
BASE,N025-I05,25,5,12,54,RECOCIDO_SIMULADO,28.4186,4261,11175.046667,498.38,106.766667,0,0,true,true,68,27.272727,10740,1536,31.127451,199.307771
BASE,N025-I05,25,5,13,55,RECOCIDO_SIMULADO,27.4195,4141,11175.046667,498.38,106.766667,0,0,true,true,68,27.272727,10740,1536,31.127451,172.494428
BASE,N025-I05,25,5,13,55,GENETICO,116.2566,9060,11175.046667,498.38,106.766667,0,0,true,true,68,27.272727,10740,1536,31.127451,
BASE,N025-I05,25,5,14,56,GENETICO,118.8533,9060,11175.046667,498.38,106.766667,0,0,true,true,68,27.272727,10740,1536,31.127451,
BASE,N025-I05,25,5,14,56,RECOCIDO_SIMULADO,29.6183,4301,11175.046667,498.38,106.766667,0,0,true,true,68,27.272727,10740,1536,31.127451,216.443317
BASE,N025-I05,25,5,15,57,RECOCIDO_SIMULADO,27.4819,4181,11175.046667,498.38,106.766667,0,0,true,true,68,27.272727,10740,1536,31.127451,182.272589
BASE,N025-I05,25,5,15,57,GENETICO,186.2424,9060,11174.456667,497.79,106.766667,0,0,true,true,68,27.272727,11012,1592,31.127451,
BASE,N025-I05,25,5,16,58,GENETICO,115.5436,9060,11175.046667,498.38,106.766667,0,0,true,true,68,27.272727,10740,1536,31.127451,
BASE,N025-I05,25,5,16,58,RECOCIDO_SIMULADO,26.9744,4061,11175.046667,498.38,106.766667,0,0,true,true,68,27.272727,10740,1536,31.127451,154.195015
BASE,N025-I05,25,5,17,59,RECOCIDO_SIMULADO,28.2255,4261,11175.046667,498.38,106.766667,0,0,true,true,68,27.272727,10740,1536,31.127451,202.645345
BASE,N025-I05,25,5,17,59,GENETICO,116.786,9060,11175.046667,498.38,106.766667,0,0,true,true,68,27.272727,10740,1536,31.127451,
BASE,N025-I05,25,5,18,60,GENETICO,153.8526,9060,11175.001667,498.335,106.766667,0,0,true,true,68,27.272727,10752,1536,31.127451,
BASE,N025-I05,25,5,18,60,RECOCIDO_SIMULADO,31.6923,4261,11175.046667,498.38,106.766667,0,0,true,true,68,27.272727,10740,1536,31.127451,202.367252
BASE,N025-I05,25,5,19,61,RECOCIDO_SIMULADO,28.6355,4141,11175.046667,498.38,106.766667,0,0,true,true,68,27.272727,10740,1536,31.127451,172.710895
BASE,N025-I05,25,5,19,61,GENETICO,135.4808,9060,11175.046667,498.38,106.766667,0,0,true,true,68,27.272727,10740,1536,31.127451,
BASE,N025-I05,25,5,20,62,GENETICO,124.3363,9060,11175.046667,498.38,106.766667,0,0,true,true,68,27.272727,10740,1536,31.127451,
BASE,N025-I05,25,5,20,62,RECOCIDO_SIMULADO,28.212,4141,11175.046667,498.38,106.766667,0,0,true,true,68,27.272727,10740,1536,31.127451,175.492759
BASE,N025-I05,25,5,21,63,RECOCIDO_SIMULADO,29.8092,4221,11175.046667,498.38,106.766667,0,0,true,true,68,27.272727,10740,1536,31.127451,194.540355
BASE,N025-I05,25,5,21,63,GENETICO,159.6516,9060,11175.046667,498.38,106.766667,0,0,true,true,68,27.272727,10740,1536,31.127451,
BASE,N025-I05,25,5,22,64,GENETICO,122.4471,9060,11175.046667,498.38,106.766667,0,0,true,true,68,27.272727,10740,1536,31.127451,
BASE,N025-I05,25,5,22,64,RECOCIDO_SIMULADO,28.9021,4061,11175.046667,498.38,106.766667,0,0,true,true,68,27.272727,10740,1536,31.127451,155.503104
BASE,N025-I05,25,5,23,65,RECOCIDO_SIMULADO,28.2084,4061,11175.046667,498.38,106.766667,0,0,true,true,68,27.272727,10740,1536,31.127451,152.458067
BASE,N025-I05,25,5,23,65,GENETICO,149.1213,9060,11175.001667,498.335,106.766667,0,0,true,true,68,27.272727,10752,1536,31.127451,
BASE,N025-I05,25,5,24,66,GENETICO,177.5351,9060,11175.046667,498.38,106.766667,0,0,true,true,68,27.272727,10740,1536,31.127451,
BASE,N025-I05,25,5,24,66,RECOCIDO_SIMULADO,27.6919,4221,11175.046667,498.38,106.766667,0,0,true,true,68,27.272727,10740,1536,31.127451,189.609298
BASE,N025-I05,25,5,25,67,RECOCIDO_SIMULADO,27.8606,4101,11175.046667,498.38,106.766667,0,0,true,true,68,27.272727,10740,1536,31.127451,162.112802
BASE,N025-I05,25,5,25,67,GENETICO,119.2057,9060,11175.046667,498.38,106.766667,0,0,true,true,68,27.272727,10740,1536,31.127451,
BASE,N025-I05,25,5,26,68,GENETICO,201.1948,9060,11175.001667,498.335,106.766667,0,0,true,true,68,27.272727,10752,1536,31.127451,
BASE,N025-I05,25,5,26,68,RECOCIDO_SIMULADO,25.998,3981,11175.046667,498.38,106.766667,0,0,true,true,68,27.272727,10740,1536,31.127451,144.80925
BASE,N025-I05,25,5,27,69,RECOCIDO_SIMULADO,29.6141,4341,11175.046667,498.38,106.766667,0,0,true,true,68,27.272727,10740,1536,31.127451,224.530256
BASE,N025-I05,25,5,27,69,GENETICO,162.5912,9060,11175.046667,498.38,106.766667,0,0,true,true,68,27.272727,10740,1536,31.127451,
BASE,N025-I05,25,5,28,70,GENETICO,181.7557,9060,11175.046667,498.38,106.766667,0,0,true,true,68,27.272727,10740,1536,31.127451,
BASE,N025-I05,25,5,28,70,RECOCIDO_SIMULADO,28.7998,4301,11175.046667,498.38,106.766667,0,0,true,true,68,27.272727,10740,1536,31.127451,208.29437
BASE,N025-I05,25,5,29,71,RECOCIDO_SIMULADO,27.384,4181,11175.046667,498.38,106.766667,0,0,true,true,68,27.272727,10740,1536,31.127451,183.787256
BASE,N025-I05,25,5,29,71,GENETICO,115.9102,9060,11175.046667,498.38,106.766667,0,0,true,true,68,27.272727,10740,1536,31.127451,
BASE,N050-I01,50,1,0,42,GENETICO,486.2468,9060,97806.356667,1759.023333,930.473333,3,0,true,true,28,7.142857,15464,2238,66.666667,
BASE,N050-I01,50,1,0,42,RECOCIDO_SIMULADO,53.6666,4861,106377.758333,1941.091667,1044.366667,0,0,true,true,28,7.142857,15786,2416,74.019608,434.921985
BASE,N050-I01,50,1,1,43,RECOCIDO_SIMULADO,50.0112,4621,106350.138333,1952.138333,1043.98,0,0,true,true,28,7.142857,16324,2444,74.019608,325.850281
BASE,N050-I01,50,1,1,43,GENETICO,435.4205,9060,100447.79,1756.456667,956.913333,3,0,true,true,28,7.142857,16440,2574,66.666667,
BASE,N050-I01,50,1,2,44,GENETICO,268.6246,9060,102057.255,1875.255,991.82,1,0,true,true,28,7.142857,16848,2510,71.568627,
BASE,N050-I01,50,1,2,44,RECOCIDO_SIMULADO,50.905,4821,106628.836667,1956.836667,1046.72,0,0,true,true,28,7.142857,18394,2676,74.019608,416.25569
BASE,N050-I01,50,1,3,45,RECOCIDO_SIMULADO,53.0076,4861,106393.853333,1948.353333,1044.455,0,0,true,true,28,7.142857,16864,2494,74.019608,436.051889
BASE,N050-I01,50,1,3,45,GENETICO,361.9574,9060,100438.523333,1833.523333,966.05,2,0,true,true,28,7.142857,16882,2512,69.117647,
BASE,N050-I01,50,1,4,46,GENETICO,346.442,9060,100971.781667,1864.781667,981.07,1,0,true,true,28,7.142857,15332,2360,71.568627,
BASE,N050-I01,50,1,4,46,RECOCIDO_SIMULADO,49.591,4581,106636.153333,1952.32,1046.838333,0,0,true,true,28,7.142857,17650,2630,74.019608,307.965079
BASE,N050-I01,50,1,5,47,RECOCIDO_SIMULADO,50.6101,4781,106378.213333,1945.713333,1044.325,0,0,true,true,28,7.142857,17170,2496,74.019608,393.603909
BASE,N050-I01,50,1,5,47,GENETICO,241.918,9060,100764.815,1838.981667,969.258333,2,0,true,true,28,7.142857,16274,2394,69.117647,
BASE,N050-I01,50,1,6,48,GENETICO,463.1876,9060,98140.87,1790.87,943.5,2,0,true,true,28,7.142857,16530,2490,69.117647,
BASE,N050-I01,50,1,6,48,RECOCIDO_SIMULADO,48.7766,4661,106393.241667,1942.241667,1044.51,0,0,true,true,28,7.142857,16398,2524,74.019608,335.632007
BASE,N050-I01,50,1,7,49,RECOCIDO_SIMULADO,51.0022,4781,106571.531667,1947.531667,1046.24,0,0,true,true,28,7.142857,17820,2736,74.019608,390.441648
BASE,N050-I01,50,1,7,49,GENETICO,590.1091,9060,102675.273333,1825.606667,988.496667,2,0,true,true,28,7.142857,16872,2550,69.117647,
BASE,N050-I01,50,1,8,50,GENETICO,286.0869,9060,101572.318333,1870.818333,987.015,1,0,true,true,28,7.142857,16398,2406,71.568627,
BASE,N050-I01,50,1,8,50,RECOCIDO_SIMULADO,49.629,4701,106538.421667,1947.421667,1045.91,0,0,true,true,28,7.142857,17794,2698,74.019608,347.918625
BASE,N050-I01,50,1,9,51,RECOCIDO_SIMULADO,51.767,4861,106440.408333,1950.741667,1044.896667,0,0,true,true,28,7.142857,17258,2572,74.019608,434.892299
BASE,N050-I01,50,1,9,51,GENETICO,638.4068,9060,100258.798333,1822.798333,964.36,2,0,true,true,28,7.142857,15046,2212,69.607843,
BASE,N050-I01,50,1,10,52,GENETICO,363.5689,9060,98001.88,1788.38,942.135,2,0,true,true,28,7.142857,16414,2516,69.117647,
BASE,N050-I01,50,1,10,52,RECOCIDO_SIMULADO,53.447,4861,106351.833333,1951.333333,1044.005,0,0,true,true,28,7.142857,16946,2476,74.019608,438.543257
BASE,N050-I01,50,1,11,53,RECOCIDO_SIMULADO,52.2784,4901,106392.33,1947.663333,1044.446667,0,0,true,true,28,7.142857,16156,2400,74.019608,453.233219
BASE,N050-I01,50,1,11,53,GENETICO,307.0678,9060,99295.703333,1798.536667,954.971667,2,0,true,true,28,7.142857,16180,2436,69.117647,
BASE,N050-I01,50,1,12,54,GENETICO,476.7625,9060,100279.546667,1839.046667,964.405,2,0,true,true,28,7.142857,16840,2552,69.362745,
BASE,N050-I01,50,1,12,54,RECOCIDO_SIMULADO,51.6786,4781,106422.123333,1940.79,1044.813333,0,0,true,true,28,7.142857,17818,2734,74.019608,385.683425
BASE,N050-I01,50,1,13,55,RECOCIDO_SIMULADO,50.239,4821,106671.755,1944.088333,1047.276667,0,0,true,true,28,7.142857,16728,2560,74.019608,419.222231
BASE,N050-I01,50,1,13,55,GENETICO,222.2232,9060,101139.941667,1867.441667,982.725,1,0,true,true,28,7.142857,16644,2556,71.568627,
BASE,N050-I01,50,1,14,56,GENETICO,486.3848,9060,97509.221667,1785.555,937.236667,2,0,true,true,28,7.142857,16722,2530,69.362745,
BASE,N050-I01,50,1,14,56,RECOCIDO_SIMULADO,51.7461,4901,106421.435,1952.268333,1044.691667,0,0,true,true,28,7.142857,17990,2710,74.019608,455.705516
BASE,N050-I01,50,1,15,57,RECOCIDO_SIMULADO,50.542,4741,106286.048333,1947.548333,1043.385,0,0,true,true,28,7.142857,17380,2624,74.019608,379.331152
BASE,N050-I01,50,1,15,57,GENETICO,322.0658,9060,100568.693333,1839.36,967.293333,2,0,true,true,28,7.142857,16428,2518,69.117647,
BASE,N050-I01,50,1,16,58,GENETICO,248.5594,9060,101250.881667,1867.881667,983.83,1,0,true,true,28,7.142857,16500,2516,71.568627,
BASE,N050-I01,50,1,16,58,RECOCIDO_SIMULADO,53.0956,4821,106396.365,1952.365,1044.44,0,0,true,true,28,7.142857,16388,2446,74.019608,412.237649
BASE,N050-I01,50,1,17,59,RECOCIDO_SIMULADO,51.5327,4781,106508.048333,1947.048333,1045.61,0,0,true,true,28,7.142857,16974,2584,74.019608,394.295626
BASE,N050-I01,50,1,17,59,GENETICO,326.8425,9060,98329.846667,1763.013333,935.668333,3,0,true,true,28,7.142857,16388,2394,66.666667,
BASE,N050-I01,50,1,18,60,GENETICO,431.7385,9060,101466.02,1796.186667,976.698333,2,0,true,true,28,7.142857,16274,2462,69.117647,
BASE,N050-I01,50,1,18,60,RECOCIDO_SIMULADO,51.5514,4781,106610.255,1943.755,1046.665,0,0,true,true,28,7.142857,17920,2728,74.019608,387.502502
BASE,N050-I01,50,1,19,61,RECOCIDO_SIMULADO,49.9913,4861,106417.573333,1946.573333,1044.71,0,0,true,true,28,7.142857,16904,2482,74.019608,441.324296
BASE,N050-I01,50,1,19,61,GENETICO,463.2451,9060,103216.508333,1813.341667,994.031667,2,0,true,true,28,7.142857,16148,2468,69.117647,
BASE,N050-I01,50,1,20,62,GENETICO,488.1527,9060,97242.496667,1748.996667,924.935,3,0,true,true,28,7.142857,14706,2116,66.666667,
BASE,N050-I01,50,1,20,62,RECOCIDO_SIMULADO,51.3364,4861,106520.336667,1948.17,1045.721667,0,0,true,true,28,7.142857,17556,2650,74.019608,426.611161
BASE,N050-I01,50,1,21,63,RECOCIDO_SIMULADO,51.0977,4821,106664.63,1943.463333,1047.211667,0,0,true,true,28,7.142857,17400,2602,74.019608,411.550894
BASE,N050-I01,50,1,21,63,GENETICO,190.2076,9060,106577.598333,1942.265,1046.353333,0,0,true,true,28,7.142857,16760,2596,74.019608,
BASE,N050-I01,50,1,22,64,GENETICO,311.4982,9060,100798.836667,1814.336667,969.845,2,0,true,true,28,7.142857,15424,2398,69.117647,
BASE,N050-I01,50,1,22,64,RECOCIDO_SIMULADO,53.9986,5021,106450.221667,1948.555,1045.016667,0,0,true,true,28,7.142857,17380,2664,74.019608,529.891884
BASE,N050-I01,50,1,23,65,RECOCIDO_SIMULADO,51.7518,4901,106588.895,1949.061667,1046.398333,0,0,true,true,28,7.142857,17612,2622,74.019608,464.89929
BASE,N050-I01,50,1,23,65,GENETICO,466.3387,9060,103108.74,1805.073333,983.036667,3,0,true,true,28,7.142857,15878,2434,66.666667,
BASE,N050-I01,50,1,24,66,GENETICO,514.8351,9060,98638.84,1760.673333,938.781667,3,0,true,true,28,7.142857,14780,2274,66.666667,
BASE,N050-I01,50,1,24,66,RECOCIDO_SIMULADO,51.5471,4861,106671.755,1944.088333,1047.276667,0,0,true,true,28,7.142857,16728,2560,74.019608,441.694224
BASE,N050-I01,50,1,25,67,RECOCIDO_SIMULADO,53.2203,4941,106590.551667,1944.051667,1046.465,0,0,true,true,28,7.142857,17230,2616,74.019608,477.863071
BASE,N050-I01,50,1,25,67,GENETICO,360.8993,9060,104703.381667,1895.048333,1018.083333,1,0,true,true,28,7.142857,15800,2328,72.058824,
BASE,N050-I01,50,1,26,68,GENETICO,339.6501,9060,103920.73,1865.063333,1010.556667,1,0,true,true,28,7.142857,16732,2550,71.568627,
BASE,N050-I01,50,1,26,68,RECOCIDO_SIMULADO,53.8562,5061,106403.2,1948.866667,1044.543333,0,0,true,true,28,7.142857,17568,2706,74.019608,577.548156
BASE,N050-I01,50,1,27,69,RECOCIDO_SIMULADO,51.8656,4981,106671.755,1944.088333,1047.276667,0,0,true,true,28,7.142857,16728,2560,74.019608,500.157844
BASE,N050-I01,50,1,27,69,GENETICO,224.3418,9060,101036.246667,1867.746667,981.685,1,0,true,true,28,7.142857,16768,2580,71.568627,
BASE,N050-I01,50,1,28,70,GENETICO,493.9627,9060,99162.105,1799.438333,953.626667,2,0,true,true,28,7.142857,16212,2456,69.117647,
BASE,N050-I01,50,1,28,70,RECOCIDO_SIMULADO,50.2055,4781,106522.42,1957.253333,1045.651667,0,0,true,true,28,7.142857,18780,2684,74.019608,396.017253
BASE,N050-I01,50,1,29,71,RECOCIDO_SIMULADO,52.4013,4941,106301.676667,1946.176667,1043.555,0,0,true,true,28,7.142857,16912,2488,74.019608,485.627039
BASE,N050-I01,50,1,29,71,GENETICO,225.5432,9060,103394.355,1861.688333,1005.326667,1,0,true,true,28,7.142857,16284,2512,71.568627,
BASE,N050-I02,50,2,0,42,GENETICO,211.9935,9060,80374.806667,1608.14,787.666667,0,0,true,true,28,17.647059,17050,2596,54.166667,
BASE,N050-I02,50,2,0,42,RECOCIDO_SIMULADO,52.5316,4941,80097.036667,1606.37,784.906667,0,0,true,true,26,14.705882,16530,2486,54.166667,486.179372
BASE,N050-I02,50,2,1,43,RECOCIDO_SIMULADO,53.9821,4941,80119.288333,1611.955,785.073333,0,0,true,true,28,17.647059,18280,2794,54.166667,494.407066
BASE,N050-I02,50,2,1,43,GENETICO,254.1212,9060,80172.976667,1604.31,785.686667,0,0,true,true,28,17.647059,16512,2480,54.166667,
BASE,N050-I02,50,2,2,44,GENETICO,205.0875,9060,80339.456667,1607.79,787.316667,0,0,true,true,28,17.647059,16864,2554,54.166667,
BASE,N050-I02,50,2,2,44,RECOCIDO_SIMULADO,53.868,5021,80151.965,1612.798333,785.391667,0,0,true,true,28,17.647059,18392,2782,54.166667,532.779516
BASE,N050-I02,50,2,3,45,RECOCIDO_SIMULADO,51.2154,4821,80198.135,1617.135,785.81,0,0,true,true,28,17.647059,18878,2850,54.166667,421.315802
BASE,N050-I02,50,2,3,45,GENETICO,213.2403,9060,80410.156667,1608.49,788.016667,0,0,true,true,28,17.647059,16960,2566,54.166667,
BASE,N050-I02,50,2,4,46,GENETICO,365.0436,9060,80143.295,1606.128333,785.371667,0,0,true,true,28,17.647059,17416,2698,54.166667,
BASE,N050-I02,50,2,4,46,RECOCIDO_SIMULADO,52.2063,4861,80200.69,1613.856667,785.868333,0,0,true,true,28,17.647059,17990,2752,54.166667,427.087642
BASE,N050-I02,50,2,5,47,RECOCIDO_SIMULADO,51.9939,4861,80284.011667,1615.845,786.681667,0,0,true,true,28,17.647059,16676,2618,54.166667,435.489356
BASE,N050-I02,50,2,5,47,GENETICO,205.9763,9060,80395.006667,1608.34,787.866667,0,0,true,true,28,17.647059,16960,2566,54.166667,
BASE,N050-I02,50,2,6,48,GENETICO,254.3357,9060,80144.581667,1606.415,785.381667,0,0,true,true,28,17.647059,16704,2536,54.166667,
BASE,N050-I02,50,2,6,48,RECOCIDO_SIMULADO,51.6207,4821,80364.813333,1619.646667,787.451667,0,0,true,true,28,17.647059,19980,3056,54.166667,413.484475
BASE,N050-I02,50,2,7,49,RECOCIDO_SIMULADO,51.6915,4861,80246.731667,1610.565,786.361667,0,0,true,true,28,17.647059,18502,2866,54.166667,438.073838
BASE,N050-I02,50,2,7,49,GENETICO,207.0576,9060,80370.99,1608.49,787.625,0,0,true,true,26,14.705882,16864,2554,54.166667,
BASE,N050-I02,50,2,8,50,GENETICO,259.7993,9060,80330.32,1607.986667,787.223333,0,0,true,true,28,17.647059,16856,2562,54.166667,
BASE,N050-I02,50,2,8,50,RECOCIDO_SIMULADO,52.5692,5021,80206.39,1615.556667,785.908333,0,0,true,true,26,14.705882,18594,2722,54.166667,546.107479
BASE,N050-I02,50,2,9,51,RECOCIDO_SIMULADO,52.9011,4941,80160.351667,1620.685,785.396667,0,0,true,true,26,14.705882,18008,2730,54.166667,471.225911
BASE,N050-I02,50,2,9,51,GENETICO,204.1322,9060,80339.456667,1607.79,787.316667,0,0,true,true,28,17.647059,16864,2554,54.166667,
BASE,N050-I02,50,2,10,52,GENETICO,282.958,9060,80290.346667,1607.68,786.826667,0,0,true,true,28,17.647059,16176,2468,54.166667,
BASE,N050-I02,50,2,10,52,RECOCIDO_SIMULADO,51.9675,4901,80041.425,1611.925,784.295,0,0,true,true,28,17.647059,17284,2554,54.166667,466.83544
BASE,N050-I02,50,2,11,53,RECOCIDO_SIMULADO,52.103,4821,80253.57,1615.07,786.385,0,0,true,true,28,17.647059,17736,2728,54.166667,419.104364
BASE,N050-I02,50,2,11,53,GENETICO,204.8855,9060,80339.456667,1607.79,787.316667,0,0,true,true,28,17.647059,16864,2554,54.166667,
BASE,N050-I02,50,2,12,54,GENETICO,213.5222,9060,80343.45,1609.116667,787.343333,0,0,true,true,28,17.647059,16678,2530,54.166667,
BASE,N050-I02,50,2,12,54,RECOCIDO_SIMULADO,53.4529,4941,80102.275,1616.608333,784.856667,0,0,true,true,28,17.647059,17150,2532,54.166667,489.593853
BASE,N050-I02,50,2,13,55,RECOCIDO_SIMULADO,52.2321,4861,80245.663333,1613.496667,786.321667,0,0,true,true,28,17.647059,18504,2784,54.166667,434.318504
BASE,N050-I02,50,2,13,55,GENETICO,300.9911,9060,80288.468333,1606.468333,786.82,0,0,true,true,26,14.705882,16880,2554,54.166667,
BASE,N050-I02,50,2,14,56,GENETICO,206.8889,9060,80395.006667,1608.34,787.866667,0,0,true,true,28,17.647059,16960,2566,54.166667,
BASE,N050-I02,50,2,14,56,RECOCIDO_SIMULADO,53.4595,5021,80118.3,1613.466667,785.048333,0,0,true,true,26,14.705882,16628,2444,54.166667,539.575041
BASE,N050-I02,50,2,15,57,RECOCIDO_SIMULADO,53.0612,4901,80372.53,1613.53,787.59,0,0,true,true,28,17.647059,19050,2910,54.166667,451.98714
BASE,N050-I02,50,2,15,57,GENETICO,213.5874,9060,80299.056667,1607.39,786.916667,0,0,true,true,28,17.647059,17050,2596,54.166667,
BASE,N050-I02,50,2,16,58,GENETICO,215.724,9060,80089.986667,1605.32,784.846667,0,0,true,true,28,17.647059,17014,2590,54.166667,
BASE,N050-I02,50,2,16,58,RECOCIDO_SIMULADO,53.2672,4941,80170.426667,1616.093333,785.543333,0,0,true,true,28,17.647059,17778,2596,54.166667,489.319865
BASE,N050-I02,50,2,17,59,RECOCIDO_SIMULADO,52.1726,4821,80102.478333,1621.145,784.813333,0,0,true,true,28,17.647059,18400,2760,54.166667,407.012616
BASE,N050-I02,50,2,17,59,GENETICO,208.0227,9060,80395.006667,1608.34,787.866667,0,0,true,true,28,17.647059,17052,2600,54.166667,
BASE,N050-I02,50,2,18,60,GENETICO,240.1207,9060,80270.495,1606.661667,786.638333,0,0,true,true,28,17.647059,16778,2544,54.166667,
BASE,N050-I02,50,2,18,60,RECOCIDO_SIMULADO,54.8726,4861,80168.438333,1618.605,785.498333,0,0,true,true,28,17.647059,18660,2728,54.166667,430.792067
BASE,N050-I02,50,2,19,61,RECOCIDO_SIMULADO,52.5079,4941,80285.5,1616.333333,786.691667,0,0,true,true,28,17.647059,17554,2584,54.166667,494.206518
BASE,N050-I02,50,2,19,61,GENETICO,346.6626,9060,80174.83,1607.496667,785.673333,0,0,true,true,28,17.647059,16226,2472,54.166667,
BASE,N050-I02,50,2,20,62,GENETICO,205.6397,9060,80410.031667,1608.365,788.016667,0,0,true,true,28,17.647059,16834,2494,54.166667,
BASE,N050-I02,50,2,20,62,RECOCIDO_SIMULADO,52.9699,4861,80167.138333,1610.471667,785.566667,0,0,true,true,28,17.647059,18094,2792,54.166667,427.318444
BASE,N050-I02,50,2,21,63,RECOCIDO_SIMULADO,52.0479,4861,80132.195,1617.528333,785.146667,0,0,true,true,28,17.647059,17218,2600,54.166667,427.658986
BASE,N050-I02,50,2,21,63,GENETICO,204.3092,9060,80395.006667,1608.34,787.866667,0,0,true,true,28,17.647059,16960,2566,54.166667,
BASE,N050-I02,50,2,22,64,GENETICO,206.3134,9060,80410.156667,1608.49,788.016667,0,0,true,true,28,17.647059,16960,2566,54.166667,
BASE,N050-I02,50,2,22,64,RECOCIDO_SIMULADO,53.4249,4981,80076.761667,1607.595,784.691667,0,0,true,true,28,17.647059,16948,2584,54.166667,497.265843
BASE,N050-I02,50,2,23,65,RECOCIDO_SIMULADO,53.8502,4981,80095.12,1611.786667,784.833333,0,0,true,true,26,14.705882,17490,2632,54.166667,501.276975
BASE,N050-I02,50,2,23,65,GENETICO,205.9058,9060,80182.781667,1606.115,785.766667,0,0,true,true,28,17.647059,16866,2528,54.166667,
BASE,N050-I02,50,2,24,66,GENETICO,277.957,9060,80280.36,1607.86,786.725,0,0,true,true,26,14.705882,16502,2516,54.166667,
BASE,N050-I02,50,2,24,66,RECOCIDO_SIMULADO,54.4469,5021,80288.076667,1612.076667,786.76,0,0,true,true,30,17.647059,18770,2862,54.166667,527.568233
BASE,N050-I02,50,2,25,67,RECOCIDO_SIMULADO,54.8665,5101,80263.14,1612.64,786.505,0,0,true,true,26,14.705882,19062,2916,54.166667,578.880083
BASE,N050-I02,50,2,25,67,GENETICO,205.4997,9060,80354.606667,1607.94,787.466667,0,0,true,true,28,17.647059,16864,2554,54.166667,
BASE,N050-I02,50,2,26,68,GENETICO,203.0538,9060,80395.006667,1608.34,787.866667,0,0,true,true,28,17.647059,16960,2566,54.166667,
BASE,N050-I02,50,2,26,68,RECOCIDO_SIMULADO,51.4896,4861,80286.106667,1612.94,786.731667,0,0,true,true,26,14.705882,17970,2736,54.166667,425.388169
BASE,N050-I02,50,2,27,69,RECOCIDO_SIMULADO,53.4558,4941,80250.476667,1609.143333,786.413333,0,0,true,true,28,17.647059,17732,2766,54.166667,486.368055
BASE,N050-I02,50,2,27,69,GENETICO,225.1926,9060,80313.176667,1605.843333,787.073333,0,0,true,true,28,17.647059,17168,2554,54.166667,
BASE,N050-I02,50,2,28,70,GENETICO,203.7514,9060,80339.456667,1607.79,787.316667,0,0,true,true,28,17.647059,16864,2554,54.166667,
BASE,N050-I02,50,2,28,70,RECOCIDO_SIMULADO,51.3196,4781,80390.085,1613.085,787.77,0,0,true,true,28,17.647059,18948,2954,54.166667,393.743944
BASE,N050-I02,50,2,29,71,RECOCIDO_SIMULADO,53.1216,4941,79959.465,1610.465,783.49,0,0,true,true,28,17.647059,18168,2738,54.166667,486.20892
BASE,N050-I02,50,2,29,71,GENETICO,207.9866,9060,80410.156667,1608.49,788.016667,0,0,true,true,28,17.647059,16960,2566,54.166667,
BASE,N050-I03,50,3,0,42,GENETICO,190.6047,9060,82904.523333,1735.856667,811.686667,0,0,true,true,28,14.814815,14196,2096,64.460784,
BASE,N050-I03,50,3,0,42,RECOCIDO_SIMULADO,52.8965,4901,82985.82,1741.486667,812.443333,0,0,true,true,28,14.814815,16536,2536,64.460784,451.144969
BASE,N050-I03,50,3,1,43,RECOCIDO_SIMULADO,53.5772,4941,82867.148333,1742.648333,811.245,0,0,true,true,28,14.814815,16574,2476,64.460784,475.85009
BASE,N050-I03,50,3,1,43,GENETICO,193.8502,9060,82762.256667,1733.923333,810.283333,0,0,true,true,28,14.814815,14444,2156,64.460784,
BASE,N050-I03,50,3,2,44,GENETICO,190.4827,9060,82904.523333,1735.856667,811.686667,0,0,true,true,28,14.814815,14196,2096,64.460784,
BASE,N050-I03,50,3,2,44,RECOCIDO_SIMULADO,53.7097,4901,82993.803333,1737.136667,812.566667,0,0,true,true,28,14.814815,14324,2112,64.460784,452.466699
BASE,N050-I03,50,3,3,45,RECOCIDO_SIMULADO,52.7417,4821,82885.933333,1739.266667,811.466667,0,0,true,true,28,14.814815,17108,2580,64.460784,417.725747
BASE,N050-I03,50,3,3,45,GENETICO,186.7267,9060,82778.946667,1734.613333,810.443333,0,0,true,true,28,14.814815,14280,2124,64.460784,
BASE,N050-I03,50,3,4,46,GENETICO,263.7961,9060,82920.73,1734.73,811.86,0,0,true,true,28,14.814815,14580,2204,64.460784,
BASE,N050-I03,50,3,4,46,RECOCIDO_SIMULADO,53.9636,4981,82749.51,1741.676667,810.078333,0,0,true,true,28,14.814815,16256,2382,64.460784,498.191048
BASE,N050-I03,50,3,5,47,RECOCIDO_SIMULADO,51.0471,4781,82832.873333,1738.373333,810.945,0,0,true,true,28,14.814815,15592,2360,64.460784,394.537743
BASE,N050-I03,50,3,5,47,GENETICO,242.8167,9060,82843.431667,1735.098333,811.083333,0,0,true,true,28,14.814815,14460,2144,64.460784,
BASE,N050-I03,50,3,6,48,GENETICO,348.4654,9060,82873.445,1735.945,811.375,0,0,true,true,28,14.814815,14592,2204,64.460784,
BASE,N050-I03,50,3,6,48,RECOCIDO_SIMULADO,50.0426,4661,82993.803333,1737.136667,812.566667,0,0,true,true,28,14.814815,14324,2112,64.460784,345.174356
BASE,N050-I03,50,3,7,49,RECOCIDO_SIMULADO,51.3526,4861,82953.221667,1739.388333,812.138333,0,0,true,true,26,11.111111,16606,2536,64.460784,443.607279
BASE,N050-I03,50,3,7,49,GENETICO,190.0141,9060,82912.603333,1735.936667,811.766667,0,0,true,true,28,14.814815,14196,2096,64.460784,
BASE,N050-I03,50,3,8,50,GENETICO,233.4148,9060,82709.971667,1733.138333,809.768333,0,0,true,true,28,14.814815,14504,2158,64.460784,
BASE,N050-I03,50,3,8,50,RECOCIDO_SIMULADO,50.4208,4781,82993.803333,1737.136667,812.566667,0,0,true,true,28,14.814815,14324,2112,64.460784,399.776881
BASE,N050-I03,50,3,9,51,RECOCIDO_SIMULADO,53.6247,4941,82883.288333,1738.621667,811.446667,0,0,true,true,24,11.111111,17134,2588,64.460784,475.457706
BASE,N050-I03,50,3,9,51,GENETICO,278.9056,9060,82688.225,1732.225,809.56,0,0,true,true,28,14.814815,14504,2182,64.460784,
BASE,N050-I03,50,3,10,52,GENETICO,192.902,9060,82826.753333,1735.086667,810.916667,0,0,true,true,28,14.814815,14196,2096,64.460784,
BASE,N050-I03,50,3,10,52,RECOCIDO_SIMULADO,50.5577,4701,82993.803333,1737.136667,812.566667,0,0,true,true,28,14.814815,14324,2112,64.460784,349.418365
BASE,N050-I03,50,3,11,53,RECOCIDO_SIMULADO,51.2117,4821,82972.461667,1737.628333,812.348333,0,0,true,true,28,14.814815,16234,2494,64.460784,421.607888
BASE,N050-I03,50,3,11,53,GENETICO,203.8273,9060,82775.891667,1734.558333,810.413333,0,0,true,true,28,14.814815,14464,2156,64.460784,
BASE,N050-I03,50,3,12,54,GENETICO,191.075,9060,82899.873333,1736.206667,811.636667,0,0,true,true,28,14.814815,14324,2112,64.460784,
BASE,N050-I03,50,3,12,54,RECOCIDO_SIMULADO,53.2039,4901,82881.975,1743.975,811.38,0,0,true,true,28,14.814815,16918,2514,64.460784,447.619134
BASE,N050-I03,50,3,13,55,RECOCIDO_SIMULADO,52.6111,4861,82993.803333,1737.136667,812.566667,0,0,true,true,28,14.814815,14324,2112,64.460784,438.198348
BASE,N050-I03,50,3,13,55,GENETICO,303.251,9060,82605.715,1730.715,808.75,0,0,true,true,28,14.814815,14012,2098,64.460784,
BASE,N050-I03,50,3,14,56,GENETICO,190.3679,9060,82859.096667,1734.763333,811.243333,0,0,true,true,28,14.814815,14500,2174,64.460784,
BASE,N050-I03,50,3,14,56,RECOCIDO_SIMULADO,52.0841,4861,82878.033333,1737.2,811.408333,0,0,true,true,26,14.814815,15486,2278,64.460784,447.237759
BASE,N050-I03,50,3,15,57,RECOCIDO_SIMULADO,53.082,4981,82898.505,1736.671667,811.618333,0,0,true,true,26,11.111111,15906,2420,64.460784,501.610634
BASE,N050-I03,50,3,15,57,GENETICO,188.3139,9060,82826.753333,1735.086667,810.916667,0,0,true,true,28,14.814815,14196,2096,64.460784,
BASE,N050-I03,50,3,16,58,GENETICO,310.652,9060,82628.035,1731.535,808.965,0,0,true,true,28,14.814815,14460,2160,64.460784,
BASE,N050-I03,50,3,16,58,RECOCIDO_SIMULADO,52.5992,4901,82927.385,1736.885,811.905,0,0,true,true,28,14.814815,16338,2508,64.460784,453.960337
BASE,N050-I03,50,3,17,59,RECOCIDO_SIMULADO,51.6369,4821,82799.578333,1743.078333,810.565,0,0,true,true,26,11.111111,16996,2510,64.460784,424.31164
BASE,N050-I03,50,3,17,59,GENETICO,276.4076,9060,82703.751667,1733.918333,809.698333,0,0,true,true,28,14.814815,14300,2120,64.460784,
BASE,N050-I03,50,3,18,60,GENETICO,187.9462,9060,82891.303333,1734.136667,811.571667,0,0,true,true,28,14.814815,14168,2090,64.460784,
BASE,N050-I03,50,3,18,60,RECOCIDO_SIMULADO,52.4828,4901,82993.803333,1737.136667,812.566667,0,0,true,true,28,14.814815,14324,2112,64.460784,468.722124
BASE,N050-I03,50,3,19,61,RECOCIDO_SIMULADO,52.6345,5021,82795.733333,1739.233333,810.565,0,0,true,true,26,11.111111,16504,2516,64.460784,539.125354
BASE,N050-I03,50,3,19,61,GENETICO,192.5992,9060,82882.291667,1733.458333,811.488333,0,0,true,true,28,14.814815,14780,2182,64.460784,
BASE,N050-I03,50,3,20,62,GENETICO,386.9956,9060,82765.243333,1736.243333,810.29,0,0,true,true,26,11.111111,14856,2190,64.460784,
BASE,N050-I03,50,3,20,62,RECOCIDO_SIMULADO,49.357,4661,82943.885,1748.385,811.955,0,0,true,true,28,14.814815,17776,2660,64.460784,344.082271
BASE,N050-I03,50,3,21,63,RECOCIDO_SIMULADO,50.6533,4701,82836.043333,1745.543333,810.905,0,0,true,true,28,14.814815,17302,2608,64.460784,355.884113
BASE,N050-I03,50,3,21,63,GENETICO,239.0694,9060,82779.098333,1734.598333,810.445,0,0,true,true,26,11.111111,14592,2166,64.460784,
BASE,N050-I03,50,3,22,64,GENETICO,248.1666,9060,82855.091667,1735.758333,811.193333,0,0,true,true,28,14.814815,14928,2228,64.460784,
BASE,N050-I03,50,3,22,64,RECOCIDO_SIMULADO,51.5947,4821,82993.803333,1737.136667,812.566667,0,0,true,true,28,14.814815,14324,2112,64.460784,407.487287
BASE,N050-I03,50,3,23,65,RECOCIDO_SIMULADO,52.9154,4981,82965.086667,1740.086667,812.25,0,0,true,true,24,11.111111,16832,2558,64.460784,503.770264
BASE,N050-I03,50,3,23,65,GENETICO,280.5537,9060,82708.146667,1733.813333,809.743333,0,0,true,true,28,14.814815,14320,2124,64.460784,
BASE,N050-I03,50,3,24,66,GENETICO,203.7742,9060,82778.946667,1734.613333,810.443333,0,0,true,true,28,14.814815,14280,2124,64.460784,
BASE,N050-I03,50,3,24,66,RECOCIDO_SIMULADO,50.5294,4701,82805.785,1736.451667,810.693333,0,0,true,true,26,14.814815,15874,2422,64.460784,363.699202
BASE,N050-I03,50,3,25,67,RECOCIDO_SIMULADO,50.8762,4861,82993.803333,1737.136667,812.566667,0,0,true,true,28,14.814815,14324,2112,64.460784,441.466678
BASE,N050-I03,50,3,25,67,GENETICO,330.294,9060,82607.56,1732.06,808.755,0,0,true,true,28,14.814815,14724,2200,64.460784,
BASE,N050-I03,50,3,26,68,GENETICO,196.1637,9060,82865.533333,1735.866667,811.296667,0,0,true,true,28,14.814815,14204,2098,64.460784,
BASE,N050-I03,50,3,26,68,RECOCIDO_SIMULADO,51.4502,4901,82993.803333,1737.136667,812.566667,0,0,true,true,28,14.814815,14324,2112,64.460784,467.187126
BASE,N050-I03,50,3,27,69,RECOCIDO_SIMULADO,52.1536,4901,82993.803333,1737.136667,812.566667,0,0,true,true,28,14.814815,14324,2112,64.460784,447.692035
BASE,N050-I03,50,3,27,69,GENETICO,321.4846,9060,82945.996667,1736.663333,812.093333,0,0,true,true,28,14.814815,14408,2140,64.460784,
BASE,N050-I03,50,3,28,70,GENETICO,186.7318,9060,82899.873333,1736.206667,811.636667,0,0,true,true,28,14.814815,14324,2112,64.460784,
BASE,N050-I03,50,3,28,70,RECOCIDO_SIMULADO,50.8849,4821,82993.803333,1737.136667,812.566667,0,0,true,true,28,14.814815,14324,2112,64.460784,407.703636
BASE,N050-I03,50,3,29,71,RECOCIDO_SIMULADO,51.4633,4741,82985.723333,1737.056667,812.486667,0,0,true,true,28,14.814815,14324,2112,64.460784,376.675095
BASE,N050-I03,50,3,29,71,GENETICO,190.4216,9060,82843.986667,1735.653333,811.083333,0,0,true,true,28,14.814815,14480,2152,64.460784,
BASE,N050-I04,50,4,0,42,GENETICO,194.1445,9060,87050.743333,1722.576667,853.281667,0,0,true,true,30,12.903226,15710,2288,64.215686,
BASE,N050-I04,50,4,0,42,RECOCIDO_SIMULADO,52.5797,4981,87050.743333,1722.576667,853.281667,0,0,true,true,30,12.903226,15710,2288,64.215686,510.768735
BASE,N050-I04,50,4,1,43,RECOCIDO_SIMULADO,52.872,4901,86815.031667,1723.365,850.916667,0,0,true,true,32,16.129032,16224,2410,64.215686,464.140968
BASE,N050-I04,50,4,1,43,GENETICO,212.9064,9060,87041.443333,1723.276667,853.181667,0,0,true,true,30,12.903226,15966,2320,64.215686,
BASE,N050-I04,50,4,2,44,GENETICO,195.2329,9060,87050.743333,1722.576667,853.281667,0,0,true,true,30,12.903226,15710,2288,64.215686,
BASE,N050-I04,50,4,2,44,RECOCIDO_SIMULADO,53.7608,4981,86805.596667,1723.263333,850.823333,0,0,true,true,32,16.129032,15034,2196,64.215686,518.523225
BASE,N050-I04,50,4,3,45,RECOCIDO_SIMULADO,52.1938,4981,87050.743333,1722.576667,853.281667,0,0,true,true,30,12.903226,15710,2288,64.215686,513.284941
BASE,N050-I04,50,4,3,45,GENETICO,192.1777,9060,87041.443333,1723.276667,853.181667,0,0,true,true,30,12.903226,15966,2320,64.215686,
BASE,N050-I04,50,4,4,46,GENETICO,199.2095,9060,86995.593333,1722.426667,852.731667,0,0,true,true,30,12.903226,15838,2304,64.215686,
BASE,N050-I04,50,4,4,46,RECOCIDO_SIMULADO,52.8068,4901,86947.146667,1727.813333,852.193333,0,0,true,true,30,12.903226,16622,2486,64.215686,454.689815
BASE,N050-I04,50,4,5,47,RECOCIDO_SIMULADO,52.645,4861,87014.471667,1727.138333,852.873333,0,0,true,true,32,16.129032,16476,2424,64.215686,445.707314
BASE,N050-I04,50,4,5,47,GENETICO,187.4535,9060,87041.443333,1723.276667,853.181667,0,0,true,true,30,12.903226,15966,2320,64.215686,
BASE,N050-I04,50,4,6,48,GENETICO,188.3181,9060,87050.743333,1722.576667,853.281667,0,0,true,true,30,12.903226,15710,2288,64.215686,
BASE,N050-I04,50,4,6,48,RECOCIDO_SIMULADO,54.6644,5021,87050.743333,1722.576667,853.281667,0,0,true,true,30,12.903226,15710,2288,64.215686,537.672121
BASE,N050-I04,50,4,7,49,RECOCIDO_SIMULADO,52.3879,4861,86807.771667,1728.938333,850.788333,0,0,true,true,32,16.129032,16698,2396,64.215686,431.258171
BASE,N050-I04,50,4,7,49,GENETICO,267.6794,9060,86964.306667,1721.14,852.431667,0,0,true,true,32,16.129032,15848,2346,64.215686,
BASE,N050-I04,50,4,8,50,GENETICO,195.8494,9060,87050.743333,1722.576667,853.281667,0,0,true,true,30,12.903226,15710,2288,64.215686,
BASE,N050-I04,50,4,8,50,RECOCIDO_SIMULADO,53.3058,5021,86835.465,1729.965,851.055,0,0,true,true,32,16.129032,16108,2470,64.215686,534.567191
BASE,N050-I04,50,4,9,51,RECOCIDO_SIMULADO,51.5809,4941,87050.743333,1722.576667,853.281667,0,0,true,true,30,12.903226,15710,2288,64.215686,487.309027
BASE,N050-I04,50,4,9,51,GENETICO,192.8239,9060,86995.593333,1722.426667,852.731667,0,0,true,true,30,12.903226,15838,2304,64.215686,
BASE,N050-I04,50,4,10,52,GENETICO,207.2366,9060,86973.053333,1722.386667,852.506667,0,0,true,true,30,12.903226,15462,2258,64.215686,
BASE,N050-I04,50,4,10,52,RECOCIDO_SIMULADO,53.6747,4941,86864.145,1719.645,851.445,0,0,true,true,30,12.903226,15926,2448,64.215686,473.733627
BASE,N050-I04,50,4,11,53,RECOCIDO_SIMULADO,51.6957,4901,86812.468333,1726.468333,850.86,0,0,true,true,30,12.903226,15752,2330,64.215686,451.773785
BASE,N050-I04,50,4,11,53,GENETICO,243.7254,9060,86785.07,1717.57,850.675,0,0,true,true,30,12.903226,14360,2114,64.215686,
BASE,N050-I04,50,4,12,54,GENETICO,235.4125,9060,86884.571667,1717.238333,851.673333,0,0,true,true,32,16.129032,15008,2210,64.215686,
BASE,N050-I04,50,4,12,54,RECOCIDO_SIMULADO,51.4687,4861,86931.41,1722.243333,852.091667,0,0,true,true,32,16.129032,15170,2220,64.215686,441.004423
BASE,N050-I04,50,4,13,55,RECOCIDO_SIMULADO,52.4138,4861,86844.32,1720.82,851.235,0,0,true,true,32,16.129032,14518,2152,64.215686,434.682438
BASE,N050-I04,50,4,13,55,GENETICO,193.4226,9060,87004.893333,1721.726667,852.831667,0,0,true,true,30,12.903226,15582,2272,64.215686,
BASE,N050-I04,50,4,14,56,GENETICO,196.4569,9060,87004.893333,1721.726667,852.831667,0,0,true,true,30,12.903226,15582,2272,64.215686,
BASE,N050-I04,50,4,14,56,RECOCIDO_SIMULADO,52.4476,4941,86842.698333,1726.365,851.163333,0,0,true,true,32,16.129032,15974,2358,64.215686,483.661029
BASE,N050-I04,50,4,15,57,RECOCIDO_SIMULADO,53.5075,4981,87050.743333,1722.576667,853.281667,0,0,true,true,30,12.903226,15710,2288,64.215686,515.579742
BASE,N050-I04,50,4,15,57,GENETICO,209.541,9060,86694.261667,1715.428333,849.788333,0,0,true,true,32,16.129032,14612,2178,64.215686,
BASE,N050-I04,50,4,16,58,GENETICO,191.6009,9060,87004.893333,1721.726667,852.831667,0,0,true,true,30,12.903226,15582,2272,64.215686,
BASE,N050-I04,50,4,16,58,RECOCIDO_SIMULADO,52.2539,4861,86796.615,1725.115,850.715,0,0,true,true,32,16.129032,16442,2388,64.215686,431.059415
BASE,N050-I04,50,4,17,59,RECOCIDO_SIMULADO,53.5439,5021,87050.743333,1722.576667,853.281667,0,0,true,true,30,12.903226,15710,2288,64.215686,547.390254
BASE,N050-I04,50,4,17,59,GENETICO,191.2325,9060,86957.12,1720.62,852.365,0,0,true,true,32,16.129032,15970,2348,64.215686,
BASE,N050-I04,50,4,18,60,GENETICO,194.0501,9060,86974.153333,1720.986667,852.531667,0,0,true,true,32,16.129032,15618,2284,64.215686,
BASE,N050-I04,50,4,18,60,RECOCIDO_SIMULADO,52.8469,5021,86950.138333,1724.805,852.253333,0,0,true,true,32,16.129032,15430,2278,64.215686,543.710013
BASE,N050-I04,50,4,19,61,RECOCIDO_SIMULADO,54.2494,5061,86894.583333,1724.916667,851.696667,0,0,true,true,32,16.129032,16144,2394,64.215686,553.011046
BASE,N050-I04,50,4,19,61,GENETICO,205.9468,9060,87001.45,1719.95,852.815,0,0,true,true,32,16.129032,16038,2354,64.215686,
BASE,N050-I04,50,4,20,62,GENETICO,193.7773,9060,87041.443333,1723.276667,853.181667,0,0,true,true,30,12.903226,15966,2320,64.215686,
BASE,N050-I04,50,4,20,62,RECOCIDO_SIMULADO,51.7064,4901,87050.743333,1722.576667,853.281667,0,0,true,true,30,12.903226,15710,2288,64.215686,456.89274
BASE,N050-I04,50,4,21,63,RECOCIDO_SIMULADO,52.986,4941,87008.415,1728.915,852.795,0,0,true,true,32,16.129032,15624,2306,64.215686,478.13181
BASE,N050-I04,50,4,21,63,GENETICO,545.2382,9060,86913.621667,1718.955,851.946667,0,0,true,true,32,16.129032,15140,2250,64.215686,
BASE,N050-I04,50,4,22,64,GENETICO,238.5871,9060,87010.703333,1722.536667,852.881667,0,0,true,true,32,16.129032,16002,2332,64.215686,
BASE,N050-I04,50,4,22,64,RECOCIDO_SIMULADO,54.4802,5101,86969.153333,1725.653333,852.435,0,0,true,true,30,12.903226,16332,2452,64.215686,582.219032
BASE,N050-I04,50,4,23,65,RECOCIDO_SIMULADO,52.6198,4901,86956.608333,1722.608333,852.34,0,0,true,true,32,16.129032,15880,2386,64.215686,466.869963
BASE,N050-I04,50,4,23,65,GENETICO,190.9732,9060,87004.893333,1721.726667,852.831667,0,0,true,true,30,12.903226,15582,2272,64.215686,
BASE,N050-I04,50,4,24,66,GENETICO,239.4513,9060,86931.436667,1720.603333,852.108333,0,0,true,true,32,16.129032,15122,2180,64.215686,
BASE,N050-I04,50,4,24,66,RECOCIDO_SIMULADO,53.4594,5021,87024.765,1722.598333,853.021667,0,0,true,true,32,16.129032,15336,2370,64.215686,529.110931
BASE,N050-I04,50,4,25,67,RECOCIDO_SIMULADO,53.0829,4941,86836.336667,1730.67,851.056667,0,0,true,true,32,16.129032,16284,2348,64.215686,490.008381
BASE,N050-I04,50,4,25,67,GENETICO,209.3986,9060,87004.643333,1722.476667,852.821667,0,0,true,true,32,16.129032,15954,2324,64.215686,
BASE,N050-I04,50,4,26,68,GENETICO,244.6423,9060,87004.893333,1721.726667,852.831667,0,0,true,true,30,12.903226,15582,2272,64.215686,
BASE,N050-I04,50,4,26,68,RECOCIDO_SIMULADO,52.9779,4981,87028.151667,1727.651667,853.005,0,0,true,true,30,12.903226,15982,2408,64.215686,502.297259
BASE,N050-I04,50,4,27,69,RECOCIDO_SIMULADO,54.6472,4941,87050.743333,1722.576667,853.281667,0,0,true,true,30,12.903226,15710,2288,64.215686,485.047389
BASE,N050-I04,50,4,27,69,GENETICO,204.2032,9060,86953.881667,1721.548333,852.323333,0,0,true,true,30,12.903226,15180,2238,64.215686,
BASE,N050-I04,50,4,28,70,GENETICO,201.9372,9060,87031.343333,1723.176667,853.081667,0,0,true,true,30,12.903226,15934,2316,64.215686,
BASE,N050-I04,50,4,28,70,RECOCIDO_SIMULADO,50.9866,4781,86883.145,1725.311667,851.578333,0,0,true,true,30,12.903226,16246,2378,64.215686,393.290692
BASE,N050-I04,50,4,29,71,RECOCIDO_SIMULADO,52.5641,4901,87050.743333,1722.576667,853.281667,0,0,true,true,30,12.903226,15710,2288,64.215686,457.578304
BASE,N050-I04,50,4,29,71,GENETICO,193.4367,9060,86995.593333,1722.426667,852.731667,0,0,true,true,30,12.903226,15838,2304,64.215686,
BASE,N050-I05,50,5,0,42,GENETICO,255.739,9060,84000.065,1518.231667,824.818333,0,0,true,true,26,11.428571,14534,2156,65.686275,
BASE,N050-I05,50,5,0,42,RECOCIDO_SIMULADO,50.4583,4661,83798.253333,1523.753333,822.745,0,0,true,true,26,11.428571,16322,2414,65.686275,341.459488
BASE,N050-I05,50,5,1,43,RECOCIDO_SIMULADO,54.7518,4821,84070.665,1518.831667,825.518333,0,0,true,true,26,11.428571,14502,2152,65.686275,420.584026
BASE,N050-I05,50,5,1,43,GENETICO,271.8756,9060,84018.015,1518.181667,824.998333,0,0,true,true,26,11.428571,14730,2196,65.686275,
BASE,N050-I05,50,5,2,44,GENETICO,208.6358,9060,83970.383333,1518.383333,824.52,0,0,true,true,26,11.428571,14770,2210,65.686275,
BASE,N050-I05,50,5,2,44,RECOCIDO_SIMULADO,52.5203,4901,84064.133333,1528.3,825.358333,0,0,true,true,28,14.285714,17018,2544,65.686275,460.603516
BASE,N050-I05,50,5,3,45,RECOCIDO_SIMULADO,52.4921,4781,83829.528333,1521.528333,823.08,0,0,true,true,26,11.428571,14966,2254,65.686275,401.860152
BASE,N050-I05,50,5,3,45,GENETICO,192.2105,9060,84070.665,1518.831667,825.518333,0,0,true,true,26,11.428571,14502,2152,65.686275,
BASE,N050-I05,50,5,4,46,GENETICO,191.8608,9060,84000.065,1518.231667,824.818333,0,0,true,true,26,11.428571,14534,2156,65.686275,
BASE,N050-I05,50,5,4,46,RECOCIDO_SIMULADO,51.0291,4701,83876.351667,1524.185,823.521667,0,0,true,true,26,11.428571,14762,2200,65.686275,362.548796
BASE,N050-I05,50,5,5,47,RECOCIDO_SIMULADO,52.1841,4821,83807.346667,1523.513333,822.838333,0,0,true,true,26,11.428571,16054,2472,65.686275,423.175659
BASE,N050-I05,50,5,5,47,GENETICO,187.8242,9060,84040.415,1518.581667,825.218333,0,0,true,true,26,11.428571,14518,2154,65.686275,
BASE,N050-I05,50,5,6,48,GENETICO,197.6084,9060,83979.815,1517.981667,824.618333,0,0,true,true,26,11.428571,14662,2202,65.686275,
BASE,N050-I05,50,5,6,48,RECOCIDO_SIMULADO,52.1845,4821,83812.93,1531.096667,822.818333,0,0,true,true,26,11.428571,16026,2358,65.686275,410.407428
BASE,N050-I05,50,5,7,49,RECOCIDO_SIMULADO,52.5273,4901,84001.438333,1526.771667,824.746667,0,0,true,true,28,11.428571,16240,2440,65.686275,458.04005
BASE,N050-I05,50,5,7,49,GENETICO,188.94,9060,84055.515,1518.681667,825.368333,0,0,true,true,26,11.428571,14502,2152,65.686275,
BASE,N050-I05,50,5,8,50,GENETICO,265.4118,9060,84027.076667,1517.41,825.096667,0,0,true,true,26,11.428571,14630,2178,65.686275,
BASE,N050-I05,50,5,8,50,RECOCIDO_SIMULADO,51.3162,4701,83989.25,1524.083333,824.651667,0,0,true,true,26,8.571429,16440,2492,65.686275,358.622183
BASE,N050-I05,50,5,9,51,RECOCIDO_SIMULADO,50.455,4661,83835.53,1518.03,823.175,0,0,true,true,28,11.428571,15614,2348,65.686275,346.090777
BASE,N050-I05,50,5,9,51,GENETICO,200.2905,9060,83980.165,1518.331667,824.618333,0,0,true,true,26,11.428571,14174,2086,65.686275,
BASE,N050-I05,50,5,10,52,GENETICO,195.3504,9060,83927.878333,1516.378333,824.115,0,0,true,true,26,11.428571,14840,2214,65.686275,
BASE,N050-I05,50,5,10,52,RECOCIDO_SIMULADO,53.0292,4701,83614.973333,1526.973333,820.88,0,0,true,true,26,11.428571,15824,2312,65.686275,356.811837
BASE,N050-I05,50,5,11,53,RECOCIDO_SIMULADO,52.8368,4741,83827.846667,1524.68,823.031667,0,0,true,true,26,11.428571,15662,2312,65.686275,378.425144
BASE,N050-I05,50,5,11,53,GENETICO,197.1554,9060,84070.665,1518.831667,825.518333,0,0,true,true,26,11.428571,14502,2152,65.686275,
BASE,N050-I05,50,5,12,54,GENETICO,204.4649,9060,84040.415,1518.581667,825.218333,0,0,true,true,26,11.428571,14518,2154,65.686275,
BASE,N050-I05,50,5,12,54,RECOCIDO_SIMULADO,51.9429,4821,83870.62,1518.286667,823.523333,0,0,true,true,26,11.428571,15206,2294,65.686275,409.647074
BASE,N050-I05,50,5,13,55,RECOCIDO_SIMULADO,50.2426,4661,83760.17,1527.003333,822.331667,0,0,true,true,26,11.428571,15964,2356,65.686275,340.733619
BASE,N050-I05,50,5,13,55,GENETICO,201.4383,9060,83973.596667,1516.93,824.566667,0,0,true,true,26,11.428571,15130,2296,65.686275,
BASE,N050-I05,50,5,14,56,GENETICO,192.06,9060,84040.415,1518.581667,825.218333,0,0,true,true,26,11.428571,14518,2154,65.686275,
BASE,N050-I05,50,5,14,56,RECOCIDO_SIMULADO,52.6206,4901,84047.446667,1519.78,825.276667,0,0,true,true,26,11.428571,15402,2294,65.686275,456.742543
BASE,N050-I05,50,5,15,57,RECOCIDO_SIMULADO,52.104,4741,83960.153333,1528.153333,824.32,0,0,true,true,30,14.285714,16776,2442,65.686275,383.568193
BASE,N050-I05,50,5,15,57,GENETICO,210.7472,9060,84015.165,1518.331667,824.968333,0,0,true,true,26,11.428571,14518,2154,65.686275,
BASE,N050-I05,50,5,16,58,GENETICO,191.665,9060,83994.915,1518.081667,824.768333,0,0,true,true,26,11.428571,14646,2200,65.686275,
BASE,N050-I05,50,5,16,58,RECOCIDO_SIMULADO,50.4966,4781,83750.771667,1524.105,822.266667,0,0,true,true,26,11.428571,15816,2376,65.686275,392.924379
BASE,N050-I05,50,5,17,59,RECOCIDO_SIMULADO,53.3335,4901,83855.908333,1525.408333,823.305,0,0,true,true,26,11.428571,15372,2314,65.686275,462.830138
BASE,N050-I05,50,5,17,59,GENETICO,190.3054,9060,84055.515,1518.681667,825.368333,0,0,true,true,26,11.428571,14502,2152,65.686275,
BASE,N050-I05,50,5,18,60,GENETICO,190.8153,9060,84000.065,1518.231667,824.818333,0,0,true,true,26,11.428571,14534,2156,65.686275,
BASE,N050-I05,50,5,18,60,RECOCIDO_SIMULADO,52.3417,4901,83944.64,1529.806667,824.148333,0,0,true,true,26,11.428571,16410,2360,65.686275,466.911584
BASE,N050-I05,50,5,19,61,RECOCIDO_SIMULADO,54.4557,4941,83916.423333,1523.423333,823.93,0,0,true,true,26,11.428571,16288,2468,65.686275,476.72686
BASE,N050-I05,50,5,19,61,GENETICO,195.076,9060,83886.973333,1515.973333,823.71,0,0,true,true,26,11.428571,14660,2208,65.686275,
BASE,N050-I05,50,5,20,62,GENETICO,185.4855,9060,84055.515,1518.681667,825.368333,0,0,true,true,26,11.428571,14502,2152,65.686275,
BASE,N050-I05,50,5,20,62,RECOCIDO_SIMULADO,51.4074,4701,84026.045,1522.045,825.04,0,0,true,true,28,11.428571,16536,2478,65.686275,347.039638
BASE,N050-I05,50,5,21,63,RECOCIDO_SIMULADO,50.3124,4701,84035.788333,1523.788333,825.12,0,0,true,true,26,11.428571,16408,2486,65.686275,360.758741
BASE,N050-I05,50,5,21,63,GENETICO,197.2559,9060,84015.165,1518.331667,824.968333,0,0,true,true,26,11.428571,14518,2154,65.686275,
BASE,N050-I05,50,5,22,64,GENETICO,210.4692,9060,83878.943333,1515.943333,823.63,0,0,true,true,26,11.428571,14252,2116,65.686275,
BASE,N050-I05,50,5,22,64,RECOCIDO_SIMULADO,52.7193,4901,83796.701667,1528.035,822.686667,0,0,true,true,26,11.428571,15366,2244,65.686275,463.164838
BASE,N050-I05,50,5,23,65,RECOCIDO_SIMULADO,54.3788,5021,83919.028333,1526.528333,823.925,0,0,true,true,26,11.428571,16394,2498,65.686275,528.721386
BASE,N050-I05,50,5,23,65,GENETICO,190.3394,9060,84055.565,1518.731667,825.368333,0,0,true,true,26,11.428571,14518,2154,65.686275,
BASE,N050-I05,50,5,24,66,GENETICO,204.8646,9060,83984.173333,1518.173333,824.66,0,0,true,true,26,11.428571,14704,2206,65.686275,
BASE,N050-I05,50,5,24,66,RECOCIDO_SIMULADO,51.5107,4781,83861.323333,1523.323333,823.38,0,0,true,true,26,11.428571,16602,2476,65.686275,396.912426
BASE,N050-I05,50,5,25,67,RECOCIDO_SIMULADO,52.3856,4861,83861.766667,1527.1,823.346667,0,0,true,true,26,11.428571,16972,2554,65.686275,425.904209
BASE,N050-I05,50,5,25,67,GENETICO,189.5994,9060,84055.515,1518.681667,825.368333,0,0,true,true,26,11.428571,14502,2152,65.686275,
BASE,N050-I05,50,5,26,68,GENETICO,187.6337,9060,84070.665,1518.831667,825.518333,0,0,true,true,26,11.428571,14502,2152,65.686275,
BASE,N050-I05,50,5,26,68,RECOCIDO_SIMULADO,51.6642,4741,84000.226667,1524.226667,824.76,0,0,true,true,28,14.285714,15858,2392,65.686275,369.478229
BASE,N050-I05,50,5,27,69,RECOCIDO_SIMULADO,50.3937,4701,83934.163333,1518.496667,824.156667,0,0,true,true,28,11.428571,15848,2432,65.686275,354.766925
BASE,N050-I05,50,5,27,69,GENETICO,187.2888,9060,84040.415,1518.581667,825.218333,0,0,true,true,26,11.428571,14518,2154,65.686275,
BASE,N050-I05,50,5,28,70,GENETICO,213.4019,9060,83801.335,1517.501667,822.838333,0,0,true,true,26,11.428571,14566,2146,65.686275,
BASE,N050-I05,50,5,28,70,RECOCIDO_SIMULADO,51.7873,4781,83824.785,1523.951667,823.008333,0,0,true,true,28,11.428571,15924,2382,65.686275,387.858576
BASE,N050-I05,50,5,29,71,RECOCIDO_SIMULADO,51.2895,4781,83811.786667,1527.62,822.841667,0,0,true,true,26,11.428571,17050,2514,65.686275,393.45444
BASE,N050-I05,50,5,29,71,GENETICO,246.2004,9060,83980.11,1516.776667,824.633333,0,0,true,true,26,11.428571,14750,2198,65.686275,
OBJ_B3_ALTO,N025-I01,25,1,0,42,GENETICO,191.8709,9060,22591.055,606.388333,219.846667,0,0,true,true,44,20,10384,1454,42.401961,
OBJ_B3_ALTO,N025-I01,25,1,0,42,RECOCIDO_SIMULADO,29.4117,4341,22595.201667,608.868333,219.863333,0,0,true,true,48,26.666667,10480,1452,42.401961,224.368883
OBJ_B3_ALTO,N025-I01,25,1,1,43,RECOCIDO_SIMULADO,29.5552,4461,22577.646667,610.813333,219.668333,0,0,true,true,48,26.666667,10672,1468,42.401961,259.893473
OBJ_B3_ALTO,N025-I01,25,1,1,43,GENETICO,239.7003,9060,22590.005,605.338333,219.846667,0,0,true,true,44,20,10144,1424,42.401961,
OBJ_B3_ALTO,N025-I01,25,1,2,44,GENETICO,104.4453,9060,22697.865,607.198333,220.906667,0,0,true,true,44,20,10424,1456,42.401961,
OBJ_B3_ALTO,N025-I01,25,1,2,44,RECOCIDO_SIMULADO,29.6434,4501,22569.461667,611.628333,219.578333,0,0,true,true,48,26.666667,10536,1416,42.401961,278.44757
OBJ_B3_ALTO,N025-I01,25,1,3,45,RECOCIDO_SIMULADO,30.5612,4581,22557.401667,610.068333,219.473333,0,0,true,true,48,26.666667,10752,1436,42.401961,310.106015
OBJ_B3_ALTO,N025-I01,25,1,3,45,GENETICO,272.2405,9060,22544.381667,604.548333,219.398333,0,0,true,true,48,26.666667,10600,1488,42.401961,
OBJ_B3_ALTO,N025-I01,25,1,4,46,GENETICO,206.6105,9060,22535.991667,605.158333,219.308333,0,0,true,true,48,26.666667,10528,1476,42.401961,
OBJ_B3_ALTO,N025-I01,25,1,4,46,RECOCIDO_SIMULADO,29.5456,4461,22596.671667,617.838333,219.788333,0,0,true,true,48,26.666667,10120,1352,42.401961,267.966511
OBJ_B3_ALTO,N025-I01,25,1,5,47,RECOCIDO_SIMULADO,31.1073,4621,22567.961667,610.128333,219.578333,0,0,true,true,48,26.666667,10264,1382,42.401961,318.33296
OBJ_B3_ALTO,N025-I01,25,1,5,47,GENETICO,159.4964,9060,22590.705,606.038333,219.846667,0,0,true,true,44,20,10224,1434,42.401961,
OBJ_B3_ALTO,N025-I01,25,1,6,48,GENETICO,170.9718,9060,22648.605,603.938333,220.446667,0,0,true,true,44,20,10160,1446,42.401961,
OBJ_B3_ALTO,N025-I01,25,1,6,48,RECOCIDO_SIMULADO,29.7217,4501,22541.646667,610.813333,219.308333,0,0,true,true,48,26.666667,10300,1386,42.401961,271.479455
OBJ_B3_ALTO,N025-I01,25,1,7,49,RECOCIDO_SIMULADO,30.2561,4421,22565.781667,609.448333,219.563333,0,0,true,true,48,26.666667,10568,1444,42.401961,244.28834
OBJ_B3_ALTO,N025-I01,25,1,7,49,GENETICO,282.2936,9060,22602.525,605.858333,219.966667,0,0,true,true,44,20,10112,1424,42.401961,
OBJ_B3_ALTO,N025-I01,25,1,8,50,GENETICO,196.0234,9060,22639.971667,606.138333,220.338333,0,0,true,true,48,26.666667,10432,1460,42.401961,
OBJ_B3_ALTO,N025-I01,25,1,8,50,RECOCIDO_SIMULADO,30.6376,4501,22583.665,609.998333,219.736667,0,0,true,true,52,33.333333,11088,1514,42.401961,270.576052
OBJ_B3_ALTO,N025-I01,25,1,9,51,RECOCIDO_SIMULADO,29.0815,4421,22569.316667,611.483333,219.578333,0,0,true,true,48,26.666667,10164,1378,42.401961,247.06906
OBJ_B3_ALTO,N025-I01,25,1,9,51,GENETICO,145.9166,9060,22571.01,605.843333,219.651667,0,0,true,true,44,20,10276,1434,42.401961,
OBJ_B3_ALTO,N025-I01,25,1,10,52,GENETICO,170.7042,9060,22576.161667,604.828333,219.713333,0,0,true,true,48,26.666667,10616,1476,42.401961,
OBJ_B3_ALTO,N025-I01,25,1,10,52,RECOCIDO_SIMULADO,29.5746,4501,22585.116667,610.783333,219.743333,0,0,true,true,48,26.666667,10688,1504,42.401961,277.318243
OBJ_B3_ALTO,N025-I01,25,1,11,53,RECOCIDO_SIMULADO,30.2202,4461,22558.081667,612.248333,219.458333,0,0,true,true,48,26.666667,10592,1412,42.401961,255.90468
OBJ_B3_ALTO,N025-I01,25,1,11,53,GENETICO,126.5016,9060,22591.055,606.388333,219.846667,0,0,true,true,44,20,10208,1432,42.401961,
OBJ_B3_ALTO,N025-I01,25,1,12,54,GENETICO,130.7823,9060,22569.786667,604.453333,219.653333,0,0,true,true,48,26.666667,10692,1508,42.401961,
OBJ_B3_ALTO,N025-I01,25,1,12,54,RECOCIDO_SIMULADO,30.5655,4461,22604.451667,610.618333,219.938333,0,0,true,true,48,26.666667,10816,1484,42.401961,263.983968
OBJ_B3_ALTO,N025-I01,25,1,13,55,RECOCIDO_SIMULADO,28.4182,4341,22577.596667,610.763333,219.668333,0,0,true,true,48,26.666667,10108,1362,42.401961,224.218935
OBJ_B3_ALTO,N025-I01,25,1,13,55,GENETICO,286.7138,9060,22571.301667,604.468333,219.668333,0,0,true,true,48,26.666667,10688,1508,42.401961,
OBJ_B3_ALTO,N025-I01,25,1,14,56,GENETICO,266.7175,9060,22555.586667,605.253333,219.503333,0,0,true,true,48,26.666667,10732,1508,42.401961,
OBJ_B3_ALTO,N025-I01,25,1,14,56,RECOCIDO_SIMULADO,29.8303,4421,22551.631667,611.798333,219.398333,0,0,true,true,48,26.666667,10264,1376,42.401961,253.895667
OBJ_B3_ALTO,N025-I01,25,1,15,57,RECOCIDO_SIMULADO,28.5347,4341,22618.846667,610.013333,220.088333,0,0,true,true,48,26.666667,10580,1456,42.401961,227.823707
OBJ_B3_ALTO,N025-I01,25,1,15,57,GENETICO,207.1662,9060,22590.105,605.438333,219.846667,0,0,true,true,44,20,10208,1432,42.401961,
OBJ_B3_ALTO,N025-I01,25,1,16,58,GENETICO,177.0507,9060,22544.831667,604.998333,219.398333,0,0,true,true,48,26.666667,10504,1476,42.401961,
OBJ_B3_ALTO,N025-I01,25,1,16,58,RECOCIDO_SIMULADO,31.1825,4541,22539.406667,608.573333,219.308333,0,0,true,true,48,26.666667,11140,1528,42.401961,288.141004
OBJ_B3_ALTO,N025-I01,25,1,17,59,RECOCIDO_SIMULADO,29.3832,4421,22603.21,620.543333,219.826667,0,0,true,true,52,33.333333,10868,1428,42.401961,248.495483
OBJ_B3_ALTO,N025-I01,25,1,17,59,GENETICO,164.3675,9060,22651.891667,606.058333,220.458333,0,0,true,true,48,26.666667,10480,1470,42.401961,
OBJ_B3_ALTO,N025-I01,25,1,18,60,GENETICO,173.8457,9060,22581.265,605.598333,219.756667,0,0,true,true,44,20,10232,1432,42.401961,
OBJ_B3_ALTO,N025-I01,25,1,18,60,RECOCIDO_SIMULADO,29.1,4461,22558.656667,608.323333,219.503333,0,0,true,true,48,26.666667,10964,1516,42.401961,264.893171
OBJ_B3_ALTO,N025-I01,25,1,19,61,RECOCIDO_SIMULADO,28.755,4421,22567.341667,611.008333,219.563333,0,0,true,true,48,26.666667,10664,1458,42.401961,250.094095
OBJ_B3_ALTO,N025-I01,25,1,19,61,GENETICO,283.8505,9060,22544.381667,604.548333,219.398333,0,0,true,true,48,26.666667,10600,1488,42.401961,
OBJ_B3_ALTO,N025-I01,25,1,20,62,GENETICO,269.0725,9060,22535.991667,605.158333,219.308333,0,0,true,true,48,26.666667,10528,1476,42.401961,
OBJ_B3_ALTO,N025-I01,25,1,20,62,RECOCIDO_SIMULADO,29.281,4461,22575.391667,608.558333,219.668333,0,0,true,true,48,26.666667,9944,1368,42.401961,256.508145
OBJ_B3_ALTO,N025-I01,25,1,21,63,RECOCIDO_SIMULADO,29.0718,4421,22633.276667,610.943333,220.223333,0,0,true,true,48,26.666667,9790,1362,42.401961,252.116905
OBJ_B3_ALTO,N025-I01,25,1,21,63,GENETICO,276.186,9060,22535.991667,605.158333,219.308333,0,0,true,true,48,26.666667,10528,1476,42.401961,
OBJ_B3_ALTO,N025-I01,25,1,22,64,GENETICO,127.0914,9060,22590.355,605.688333,219.846667,0,0,true,true,44,20,10384,1454,42.401961,
OBJ_B3_ALTO,N025-I01,25,1,22,64,RECOCIDO_SIMULADO,31.3351,4541,22596.081667,609.748333,219.863333,0,0,true,true,48,26.666667,10576,1460,42.401961,295.767732
OBJ_B3_ALTO,N025-I01,25,1,23,65,RECOCIDO_SIMULADO,29.9386,4581,22618.156667,610.823333,220.073333,0,0,true,true,48,26.666667,11580,1598,42.401961,302.383303
OBJ_B3_ALTO,N025-I01,25,1,23,65,GENETICO,191.3171,9060,22651.891667,606.058333,220.458333,0,0,true,true,48,26.666667,10480,1470,42.401961,
OBJ_B3_ALTO,N025-I01,25,1,24,66,GENETICO,252.0641,9060,22590.355,605.688333,219.846667,0,0,true,true,44,20,10384,1454,42.401961,
OBJ_B3_ALTO,N025-I01,25,1,24,66,RECOCIDO_SIMULADO,29.0666,4461,22582.031667,609.198333,219.728333,0,0,true,true,48,26.666667,10280,1408,42.401961,265.749033
OBJ_B3_ALTO,N025-I01,25,1,25,67,RECOCIDO_SIMULADO,29.4098,4461,22554.886667,607.553333,219.473333,0,0,true,true,48,26.666667,10428,1420,42.401961,259.579614
OBJ_B3_ALTO,N025-I01,25,1,25,67,GENETICO,197.4102,9060,22544.381667,604.548333,219.398333,0,0,true,true,48,26.666667,10600,1488,42.401961,
OBJ_B3_ALTO,N025-I01,25,1,26,68,GENETICO,200.4698,9060,22535.841667,605.008333,219.308333,0,0,true,true,48,26.666667,10624,1488,42.401961,
OBJ_B3_ALTO,N025-I01,25,1,26,68,RECOCIDO_SIMULADO,30.339,4501,22608.061667,618.728333,219.893333,0,0,true,true,48,26.666667,9850,1364,42.401961,278.397369
OBJ_B3_ALTO,N025-I01,25,1,27,69,RECOCIDO_SIMULADO,29.094,4461,22556.226667,608.893333,219.473333,0,0,true,true,48,26.666667,10284,1388,42.401961,264.522949
OBJ_B3_ALTO,N025-I01,25,1,27,69,GENETICO,195.1004,9060,22570.31,605.143333,219.651667,0,0,true,true,44,20,10068,1408,42.401961,
OBJ_B3_ALTO,N025-I01,25,1,28,70,GENETICO,234.6255,9060,22590.805,606.138333,219.846667,0,0,true,true,44,20,10448,1462,42.401961,
OBJ_B3_ALTO,N025-I01,25,1,28,70,RECOCIDO_SIMULADO,31.2326,4581,22575.916667,607.583333,219.683333,0,0,true,true,48,26.666667,11644,1628,42.401961,297.784718
OBJ_B3_ALTO,N025-I01,25,1,29,71,RECOCIDO_SIMULADO,29.441,4461,22570.056667,607.723333,219.623333,0,0,true,true,48,26.666667,10772,1512,42.401961,256.219892
OBJ_B3_ALTO,N025-I01,25,1,29,71,GENETICO,330.9485,9060,22575.546667,604.213333,219.713333,0,0,true,true,48,26.666667,10948,1542,42.401961,
OBJ_B3_ALTO,N025-I02,25,2,0,42,GENETICO,125.8996,9060,11841.03,431.696667,114.093333,0,0,true,true,56,15.384615,11648,1702,31.617647,
OBJ_B3_ALTO,N025-I02,25,2,0,42,RECOCIDO_SIMULADO,28.8735,4301,11841.03,431.696667,114.093333,0,0,true,true,56,15.384615,11648,1702,31.617647,208.173216
OBJ_B3_ALTO,N025-I02,25,2,1,43,RECOCIDO_SIMULADO,29.4185,4301,11841.03,431.696667,114.093333,0,0,true,true,56,15.384615,11648,1702,31.617647,217.079958
OBJ_B3_ALTO,N025-I02,25,2,1,43,GENETICO,125.6461,9060,11841.03,431.696667,114.093333,0,0,true,true,56,15.384615,11648,1702,31.617647,
OBJ_B3_ALTO,N025-I02,25,2,2,44,GENETICO,118.9609,9060,11841.03,431.696667,114.093333,0,0,true,true,56,15.384615,11648,1702,31.617647,
OBJ_B3_ALTO,N025-I02,25,2,2,44,RECOCIDO_SIMULADO,28.2253,4181,11841.03,431.696667,114.093333,0,0,true,true,56,15.384615,11648,1702,31.617647,177.915806
OBJ_B3_ALTO,N025-I02,25,2,3,45,RECOCIDO_SIMULADO,28.4804,4061,11833.393333,440.56,113.928333,0,0,true,true,56,15.384615,11174,1560,31.617647,158.665844
OBJ_B3_ALTO,N025-I02,25,2,3,45,GENETICO,138.8169,9060,11841.03,431.696667,114.093333,0,0,true,true,56,15.384615,11648,1702,31.617647,
OBJ_B3_ALTO,N025-I02,25,2,4,46,GENETICO,126.506,9060,11841.03,431.696667,114.093333,0,0,true,true,56,15.384615,11648,1702,31.617647,
OBJ_B3_ALTO,N025-I02,25,2,4,46,RECOCIDO_SIMULADO,29.3975,4261,11838.09,445.256667,113.928333,0,0,true,true,56,15.384615,11498,1656,31.617647,197.891493
OBJ_B3_ALTO,N025-I02,25,2,5,47,RECOCIDO_SIMULADO,32.6592,4341,11841.03,431.696667,114.093333,0,0,true,true,56,15.384615,11648,1702,31.617647,223.851387
OBJ_B3_ALTO,N025-I02,25,2,5,47,GENETICO,124.5823,9060,11841.03,431.696667,114.093333,0,0,true,true,56,15.384615,11648,1702,31.617647,
OBJ_B3_ALTO,N025-I02,25,2,6,48,GENETICO,123.3299,9060,11841.03,431.696667,114.093333,0,0,true,true,56,15.384615,11648,1702,31.617647,
OBJ_B3_ALTO,N025-I02,25,2,6,48,RECOCIDO_SIMULADO,28.0948,4061,11836.526667,443.693333,113.928333,0,0,true,true,56,15.384615,10730,1582,31.617647,152.632083
OBJ_B3_ALTO,N025-I02,25,2,7,49,RECOCIDO_SIMULADO,27.2086,4061,11841.03,431.696667,114.093333,0,0,true,true,56,15.384615,11648,1702,31.617647,155.172926
OBJ_B3_ALTO,N025-I02,25,2,7,49,GENETICO,133.3428,9060,11841.03,431.696667,114.093333,0,0,true,true,56,15.384615,11648,1702,31.617647,
OBJ_B3_ALTO,N025-I02,25,2,8,50,GENETICO,127.0291,9060,11841.03,431.696667,114.093333,0,0,true,true,56,15.384615,11648,1702,31.617647,
OBJ_B3_ALTO,N025-I02,25,2,8,50,RECOCIDO_SIMULADO,29.224,4341,11841.03,431.696667,114.093333,0,0,true,true,56,15.384615,11648,1702,31.617647,224.231177
OBJ_B3_ALTO,N025-I02,25,2,9,51,RECOCIDO_SIMULADO,28.1401,4301,11841.03,431.696667,114.093333,0,0,true,true,56,15.384615,11648,1702,31.617647,208.591285
OBJ_B3_ALTO,N025-I02,25,2,9,51,GENETICO,131.2785,9060,11841.03,431.696667,114.093333,0,0,true,true,56,15.384615,11648,1702,31.617647,
OBJ_B3_ALTO,N025-I02,25,2,10,52,GENETICO,161.8378,9060,11841.03,431.696667,114.093333,0,0,true,true,56,15.384615,11648,1702,31.617647,
OBJ_B3_ALTO,N025-I02,25,2,10,52,RECOCIDO_SIMULADO,29.3496,4381,11841.03,431.696667,114.093333,0,0,true,true,56,15.384615,11648,1702,31.617647,241.140038
OBJ_B3_ALTO,N025-I02,25,2,11,53,RECOCIDO_SIMULADO,28.503,4261,11841.03,431.696667,114.093333,0,0,true,true,56,15.384615,11648,1702,31.617647,203.540001
OBJ_B3_ALTO,N025-I02,25,2,11,53,GENETICO,119.1108,9060,11841.03,431.696667,114.093333,0,0,true,true,56,15.384615,11648,1702,31.617647,
OBJ_B3_ALTO,N025-I02,25,2,12,54,GENETICO,168.3367,9060,11841.03,431.696667,114.093333,0,0,true,true,56,15.384615,11648,1702,31.617647,
OBJ_B3_ALTO,N025-I02,25,2,12,54,RECOCIDO_SIMULADO,29.15,4381,11841.03,431.696667,114.093333,0,0,true,true,56,15.384615,11648,1702,31.617647,235.728053
OBJ_B3_ALTO,N025-I02,25,2,13,55,RECOCIDO_SIMULADO,28.6653,4341,11841.03,431.696667,114.093333,0,0,true,true,56,15.384615,11648,1702,31.617647,224.90306
OBJ_B3_ALTO,N025-I02,25,2,13,55,GENETICO,130.4442,9060,11841.03,431.696667,114.093333,0,0,true,true,56,15.384615,11648,1702,31.617647,
OBJ_B3_ALTO,N025-I02,25,2,14,56,GENETICO,166.1281,9060,11841.03,431.696667,114.093333,0,0,true,true,56,15.384615,11648,1702,31.617647,
OBJ_B3_ALTO,N025-I02,25,2,14,56,RECOCIDO_SIMULADO,28.5972,4221,11834.506667,441.673333,113.928333,0,0,true,true,56,15.384615,11452,1652,31.617647,195.2042
OBJ_B3_ALTO,N025-I02,25,2,15,57,RECOCIDO_SIMULADO,28.8508,4341,11841.03,431.696667,114.093333,0,0,true,true,56,15.384615,11648,1702,31.617647,228.545875
OBJ_B3_ALTO,N025-I02,25,2,15,57,GENETICO,125.6852,9060,11841.03,431.696667,114.093333,0,0,true,true,56,15.384615,11648,1702,31.617647,
OBJ_B3_ALTO,N025-I02,25,2,16,58,GENETICO,172.784,9060,11841.03,431.696667,114.093333,0,0,true,true,56,15.384615,11648,1702,31.617647,
OBJ_B3_ALTO,N025-I02,25,2,16,58,RECOCIDO_SIMULADO,27.3226,4101,11829.493333,436.66,113.928333,0,0,true,true,56,15.384615,10966,1576,31.617647,164.800903
OBJ_B3_ALTO,N025-I02,25,2,17,59,RECOCIDO_SIMULADO,28.8389,4181,11841.03,431.696667,114.093333,0,0,true,true,56,15.384615,11648,1702,31.617647,178.165759
OBJ_B3_ALTO,N025-I02,25,2,17,59,GENETICO,121.9083,9060,11841.03,431.696667,114.093333,0,0,true,true,56,15.384615,11648,1702,31.617647,
OBJ_B3_ALTO,N025-I02,25,2,18,60,GENETICO,132.2146,9060,11841.03,431.696667,114.093333,0,0,true,true,56,15.384615,11648,1702,31.617647,
OBJ_B3_ALTO,N025-I02,25,2,18,60,RECOCIDO_SIMULADO,29.6306,4421,11841.03,431.696667,114.093333,0,0,true,true,56,15.384615,11648,1702,31.617647,248.958177
OBJ_B3_ALTO,N025-I02,25,2,19,61,RECOCIDO_SIMULADO,29.4781,4301,11841.03,431.696667,114.093333,0,0,true,true,56,15.384615,11648,1702,31.617647,212.113737
OBJ_B3_ALTO,N025-I02,25,2,19,61,GENETICO,127.4158,9060,11841.03,431.696667,114.093333,0,0,true,true,56,15.384615,11648,1702,31.617647,
OBJ_B3_ALTO,N025-I02,25,2,20,62,GENETICO,122.1902,9060,11824.615,431.781667,113.928333,0,0,true,true,56,15.384615,11596,1690,31.617647,
OBJ_B3_ALTO,N025-I02,25,2,20,62,RECOCIDO_SIMULADO,32.7881,4381,11841.03,431.696667,114.093333,0,0,true,true,56,15.384615,11648,1702,31.617647,233.107551
OBJ_B3_ALTO,N025-I02,25,2,21,63,RECOCIDO_SIMULADO,31.1604,4261,11841.03,431.696667,114.093333,0,0,true,true,56,15.384615,11648,1702,31.617647,197.9206
OBJ_B3_ALTO,N025-I02,25,2,21,63,GENETICO,119.7139,9060,11841.03,431.696667,114.093333,0,0,true,true,56,15.384615,11648,1702,31.617647,
OBJ_B3_ALTO,N025-I02,25,2,22,64,GENETICO,139.0643,9060,11841.03,431.696667,114.093333,0,0,true,true,56,15.384615,11648,1702,31.617647,
OBJ_B3_ALTO,N025-I02,25,2,22,64,RECOCIDO_SIMULADO,28.6811,4221,11841.03,431.696667,114.093333,0,0,true,true,56,15.384615,11648,1702,31.617647,192.162087
OBJ_B3_ALTO,N025-I02,25,2,23,65,RECOCIDO_SIMULADO,27.7053,4141,11841.03,431.696667,114.093333,0,0,true,true,56,15.384615,11648,1702,31.617647,175.586569
OBJ_B3_ALTO,N025-I02,25,2,23,65,GENETICO,142.5589,9060,11841.03,431.696667,114.093333,0,0,true,true,56,15.384615,11648,1702,31.617647,
OBJ_B3_ALTO,N025-I02,25,2,24,66,GENETICO,226.696,9060,11841.03,431.696667,114.093333,0,0,true,true,56,15.384615,11648,1702,31.617647,
OBJ_B3_ALTO,N025-I02,25,2,24,66,RECOCIDO_SIMULADO,28.2861,4141,11841.03,431.696667,114.093333,0,0,true,true,56,15.384615,11648,1702,31.617647,171.530678
OBJ_B3_ALTO,N025-I02,25,2,25,67,RECOCIDO_SIMULADO,28.6073,4341,11831.96,439.126667,113.928333,0,0,true,true,56,15.384615,10650,1522,31.617647,226.854563
OBJ_B3_ALTO,N025-I02,25,2,25,67,GENETICO,135.1313,9060,11841.03,431.696667,114.093333,0,0,true,true,56,15.384615,11648,1702,31.617647,
OBJ_B3_ALTO,N025-I02,25,2,26,68,GENETICO,204.75,9060,11841.03,431.696667,114.093333,0,0,true,true,56,15.384615,11648,1702,31.617647,
OBJ_B3_ALTO,N025-I02,25,2,26,68,RECOCIDO_SIMULADO,29.1532,4181,11841.03,431.696667,114.093333,0,0,true,true,56,15.384615,11648,1702,31.617647,183.771862
OBJ_B3_ALTO,N025-I02,25,2,27,69,RECOCIDO_SIMULADO,29.7709,4301,11834.188333,441.355,113.928333,0,0,true,true,56,15.384615,11066,1590,31.617647,210.227997
OBJ_B3_ALTO,N025-I02,25,2,27,69,GENETICO,134.8789,9060,11841.03,431.696667,114.093333,0,0,true,true,56,15.384615,11648,1702,31.617647,
OBJ_B3_ALTO,N025-I02,25,2,28,70,GENETICO,206.3972,9060,11838,431.666667,114.063333,0,0,true,true,56,15.384615,11656,1702,31.617647,
OBJ_B3_ALTO,N025-I02,25,2,28,70,RECOCIDO_SIMULADO,29.6624,4221,11835.33,442.496667,113.928333,0,0,true,true,56,15.384615,10976,1508,31.617647,192.209589
OBJ_B3_ALTO,N025-I02,25,2,29,71,RECOCIDO_SIMULADO,27.0939,4061,11833.175,440.341667,113.928333,0,0,true,true,56,15.384615,10868,1496,31.617647,156.329248
OBJ_B3_ALTO,N025-I02,25,2,29,71,GENETICO,122.2914,9060,11841.03,431.696667,114.093333,0,0,true,true,56,15.384615,11648,1702,31.617647,
OBJ_B3_ALTO,N025-I03,25,3,0,42,GENETICO,117.7553,9060,12032.715,416.048333,116.166667,0,0,true,true,68,52.941176,10704,1536,28.676471,
OBJ_B3_ALTO,N025-I03,25,3,0,42,RECOCIDO_SIMULADO,29.9626,4381,12032.715,416.048333,116.166667,0,0,true,true,68,52.941176,10704,1536,28.676471,233.151164
OBJ_B3_ALTO,N025-I03,25,3,1,43,RECOCIDO_SIMULADO,28.1904,4101,12032.715,416.048333,116.166667,0,0,true,true,68,52.941176,10704,1536,28.676471,160.80591
OBJ_B3_ALTO,N025-I03,25,3,1,43,GENETICO,213.4473,9060,12031.785,415.118333,116.166667,0,0,true,true,68,52.941176,11432,1636,28.676471,
OBJ_B3_ALTO,N025-I03,25,3,2,44,GENETICO,483.0876,9060,12032.715,416.048333,116.166667,0,0,true,true,68,52.941176,10704,1536,28.676471,
OBJ_B3_ALTO,N025-I03,25,3,2,44,RECOCIDO_SIMULADO,28.7157,4181,12032.715,416.048333,116.166667,0,0,true,true,68,52.941176,10704,1536,28.676471,186.827859
OBJ_B3_ALTO,N025-I03,25,3,3,45,RECOCIDO_SIMULADO,27.9288,4181,12032.715,416.048333,116.166667,0,0,true,true,68,52.941176,10704,1536,28.676471,186.578676
OBJ_B3_ALTO,N025-I03,25,3,3,45,GENETICO,344.6797,9060,12032.235,415.568333,116.166667,0,0,true,true,68,52.941176,10832,1536,28.676471,
OBJ_B3_ALTO,N025-I03,25,3,4,46,GENETICO,134.8543,9060,12032.715,416.048333,116.166667,0,0,true,true,68,52.941176,10704,1536,28.676471,
OBJ_B3_ALTO,N025-I03,25,3,4,46,RECOCIDO_SIMULADO,27.9308,4021,12032.715,416.048333,116.166667,0,0,true,true,68,52.941176,10704,1536,28.676471,151.920014
OBJ_B3_ALTO,N025-I03,25,3,5,47,RECOCIDO_SIMULADO,28.7966,4381,12032.715,416.048333,116.166667,0,0,true,true,68,52.941176,10704,1536,28.676471,241.584082
OBJ_B3_ALTO,N025-I03,25,3,5,47,GENETICO,301.9749,9060,12031.785,415.118333,116.166667,0,0,true,true,68,52.941176,10936,1574,28.676471,
OBJ_B3_ALTO,N025-I03,25,3,6,48,GENETICO,124.9547,9060,12032.715,416.048333,116.166667,0,0,true,true,68,52.941176,10704,1536,28.676471,
OBJ_B3_ALTO,N025-I03,25,3,6,48,RECOCIDO_SIMULADO,29.5887,4301,12032.715,416.048333,116.166667,0,0,true,true,68,52.941176,10704,1536,28.676471,213.072462
OBJ_B3_ALTO,N025-I03,25,3,7,49,RECOCIDO_SIMULADO,28.3787,4181,12032.715,416.048333,116.166667,0,0,true,true,68,52.941176,10704,1536,28.676471,185.280178
OBJ_B3_ALTO,N025-I03,25,3,7,49,GENETICO,451.8171,9060,12031.785,415.118333,116.166667,0,0,true,true,68,52.941176,11432,1636,28.676471,
OBJ_B3_ALTO,N025-I03,25,3,8,50,GENETICO,218.1929,9060,12032.16,415.493333,116.166667,0,0,true,true,68,52.941176,10852,1536,28.676471,
OBJ_B3_ALTO,N025-I03,25,3,8,50,RECOCIDO_SIMULADO,27.0694,4021,12032.715,416.048333,116.166667,0,0,true,true,68,52.941176,10704,1536,28.676471,151.938361
OBJ_B3_ALTO,N025-I03,25,3,9,51,RECOCIDO_SIMULADO,31.3053,4261,12032.715,416.048333,116.166667,0,0,true,true,68,52.941176,10704,1536,28.676471,205.645468
OBJ_B3_ALTO,N025-I03,25,3,9,51,GENETICO,117.9356,9060,12032.715,416.048333,116.166667,0,0,true,true,68,52.941176,10704,1536,28.676471,
OBJ_B3_ALTO,N025-I03,25,3,10,52,GENETICO,250.659,9060,12031.785,415.118333,116.166667,0,0,true,true,68,52.941176,11432,1636,28.676471,
OBJ_B3_ALTO,N025-I03,25,3,10,52,RECOCIDO_SIMULADO,27.8591,4181,12032.715,416.048333,116.166667,0,0,true,true,68,52.941176,10704,1536,28.676471,179.513427
OBJ_B3_ALTO,N025-I03,25,3,11,53,RECOCIDO_SIMULADO,29.6666,4381,12032.715,416.048333,116.166667,0,0,true,true,68,52.941176,10704,1536,28.676471,241.491939
OBJ_B3_ALTO,N025-I03,25,3,11,53,GENETICO,210.7296,9060,12031.985,415.318333,116.166667,0,0,true,true,68,52.941176,11000,1582,28.676471,
OBJ_B3_ALTO,N025-I03,25,3,12,54,GENETICO,416.3474,9060,12031.785,415.118333,116.166667,0,0,true,true,68,52.941176,10984,1580,28.676471,
OBJ_B3_ALTO,N025-I03,25,3,12,54,RECOCIDO_SIMULADO,29.2871,4301,12032.715,416.048333,116.166667,0,0,true,true,68,52.941176,10704,1536,28.676471,211.259999
OBJ_B3_ALTO,N025-I03,25,3,13,55,RECOCIDO_SIMULADO,29.8695,4501,12032.715,416.048333,116.166667,0,0,true,true,68,52.941176,10704,1536,28.676471,269.280247
OBJ_B3_ALTO,N025-I03,25,3,13,55,GENETICO,332.9344,9060,12032.16,415.493333,116.166667,0,0,true,true,68,52.941176,10852,1536,28.676471,
OBJ_B3_ALTO,N025-I03,25,3,14,56,GENETICO,126.9246,9060,12032.715,416.048333,116.166667,0,0,true,true,68,52.941176,10704,1536,28.676471,
OBJ_B3_ALTO,N025-I03,25,3,14,56,RECOCIDO_SIMULADO,27.8932,4221,12032.715,416.048333,116.166667,0,0,true,true,68,52.941176,10704,1536,28.676471,191.473286
OBJ_B3_ALTO,N025-I03,25,3,15,57,RECOCIDO_SIMULADO,30.306,4261,12032.715,416.048333,116.166667,0,0,true,true,68,52.941176,10704,1536,28.676471,203.867255
OBJ_B3_ALTO,N025-I03,25,3,15,57,GENETICO,246.2808,9060,12032.16,415.493333,116.166667,0,0,true,true,68,52.941176,10852,1536,28.676471,
OBJ_B3_ALTO,N025-I03,25,3,16,58,GENETICO,265.9847,9060,12032.235,415.568333,116.166667,0,0,true,true,68,52.941176,10832,1536,28.676471,
OBJ_B3_ALTO,N025-I03,25,3,16,58,RECOCIDO_SIMULADO,27.0156,4101,12032.715,416.048333,116.166667,0,0,true,true,68,52.941176,10704,1536,28.676471,167.84609
OBJ_B3_ALTO,N025-I03,25,3,17,59,RECOCIDO_SIMULADO,28.7023,4301,12032.715,416.048333,116.166667,0,0,true,true,68,52.941176,10704,1536,28.676471,208.694357
OBJ_B3_ALTO,N025-I03,25,3,17,59,GENETICO,264.2265,9060,12032.715,416.048333,116.166667,0,0,true,true,68,52.941176,10704,1536,28.676471,
OBJ_B3_ALTO,N025-I03,25,3,18,60,GENETICO,510.3392,9060,12031.485,414.818333,116.166667,0,0,true,true,68,52.941176,11416,1634,28.676471,
OBJ_B3_ALTO,N025-I03,25,3,18,60,RECOCIDO_SIMULADO,28.746,4341,12032.715,416.048333,116.166667,0,0,true,true,68,52.941176,10704,1536,28.676471,229.346791
OBJ_B3_ALTO,N025-I03,25,3,19,61,RECOCIDO_SIMULADO,31.0625,4181,12032.715,416.048333,116.166667,0,0,true,true,68,52.941176,10704,1536,28.676471,186.006019
OBJ_B3_ALTO,N025-I03,25,3,19,61,GENETICO,416.259,9060,12032.4,415.733333,116.166667,0,0,true,true,68,52.941176,10788,1536,28.676471,
OBJ_B3_ALTO,N025-I03,25,3,20,62,GENETICO,416.2213,9060,12031.785,415.118333,116.166667,0,0,true,true,68,52.941176,11432,1636,28.676471,
OBJ_B3_ALTO,N025-I03,25,3,20,62,RECOCIDO_SIMULADO,29.1446,4301,12032.715,416.048333,116.166667,0,0,true,true,68,52.941176,10704,1536,28.676471,213.473978
OBJ_B3_ALTO,N025-I03,25,3,21,63,RECOCIDO_SIMULADO,27.9188,4181,12032.715,416.048333,116.166667,0,0,true,true,68,52.941176,10704,1536,28.676471,185.058774
OBJ_B3_ALTO,N025-I03,25,3,21,63,GENETICO,234.1409,9060,12032.16,415.493333,116.166667,0,0,true,true,68,52.941176,10852,1536,28.676471,
OBJ_B3_ALTO,N025-I03,25,3,22,64,GENETICO,135.0526,9060,12032.715,416.048333,116.166667,0,0,true,true,68,52.941176,10704,1536,28.676471,
OBJ_B3_ALTO,N025-I03,25,3,22,64,RECOCIDO_SIMULADO,29.8466,4341,12032.715,416.048333,116.166667,0,0,true,true,68,52.941176,10704,1536,28.676471,228.542809
OBJ_B3_ALTO,N025-I03,25,3,23,65,RECOCIDO_SIMULADO,28.5884,4301,12032.715,416.048333,116.166667,0,0,true,true,68,52.941176,10704,1536,28.676471,210.078364
OBJ_B3_ALTO,N025-I03,25,3,23,65,GENETICO,126.685,9060,12032.715,416.048333,116.166667,0,0,true,true,68,52.941176,10704,1536,28.676471,
OBJ_B3_ALTO,N025-I03,25,3,24,66,GENETICO,228.9373,9060,12032.67,416.003333,116.166667,0,0,true,true,68,52.941176,10716,1536,28.676471,
OBJ_B3_ALTO,N025-I03,25,3,24,66,RECOCIDO_SIMULADO,27.654,4141,12032.715,416.048333,116.166667,0,0,true,true,68,52.941176,10704,1536,28.676471,174.644889
OBJ_B3_ALTO,N025-I03,25,3,25,67,RECOCIDO_SIMULADO,30.0193,4461,12032.715,416.048333,116.166667,0,0,true,true,68,52.941176,10704,1536,28.676471,259.534153
OBJ_B3_ALTO,N025-I03,25,3,25,67,GENETICO,249.0878,9060,12032.715,416.048333,116.166667,0,0,true,true,68,52.941176,10704,1536,28.676471,
OBJ_B3_ALTO,N025-I03,25,3,26,68,GENETICO,159.0289,9060,12032.715,416.048333,116.166667,0,0,true,true,68,52.941176,10704,1536,28.676471,
OBJ_B3_ALTO,N025-I03,25,3,26,68,RECOCIDO_SIMULADO,27.0718,4021,12032.715,416.048333,116.166667,0,0,true,true,68,52.941176,10704,1536,28.676471,149.870077
OBJ_B3_ALTO,N025-I03,25,3,27,69,RECOCIDO_SIMULADO,27.6527,3941,12032.715,416.048333,116.166667,0,0,true,true,68,52.941176,10704,1536,28.676471,135.101731
OBJ_B3_ALTO,N025-I03,25,3,27,69,GENETICO,180.4936,9060,12031.685,415.018333,116.166667,0,0,true,true,68,52.941176,10632,1536,28.676471,
OBJ_B3_ALTO,N025-I03,25,3,28,70,GENETICO,331.1317,9060,12031.785,415.118333,116.166667,0,0,true,true,68,52.941176,11432,1636,28.676471,
OBJ_B3_ALTO,N025-I03,25,3,28,70,RECOCIDO_SIMULADO,28.3109,4261,12032.715,416.048333,116.166667,0,0,true,true,68,52.941176,10704,1536,28.676471,199.903245
OBJ_B3_ALTO,N025-I03,25,3,29,71,RECOCIDO_SIMULADO,30.0326,4381,12032.715,416.048333,116.166667,0,0,true,true,68,52.941176,10704,1536,28.676471,233.341107
OBJ_B3_ALTO,N025-I03,25,3,29,71,GENETICO,419.6928,9060,12031.785,415.118333,116.166667,0,0,true,true,68,52.941176,11432,1636,28.676471,
OBJ_B3_ALTO,N025-I04,25,4,0,42,GENETICO,276.9922,9060,11680.87,421.036667,112.598333,0,0,true,true,52,29.411765,12432,1798,25.490196,
OBJ_B3_ALTO,N025-I04,25,4,0,42,RECOCIDO_SIMULADO,28.6919,4381,11696.371667,426.871667,112.695,0,0,true,true,56,35.294118,11892,1690,25.490196,241.026709
OBJ_B3_ALTO,N025-I04,25,4,1,43,RECOCIDO_SIMULADO,28.7714,4221,11658.961667,428.461667,112.305,0,0,true,true,56,35.294118,11144,1486,25.490196,194.27161
OBJ_B3_ALTO,N025-I04,25,4,1,43,GENETICO,620.0836,9060,11656.911667,420.411667,112.365,0,0,true,true,56,35.294118,13004,1882,25.490196,
OBJ_B3_ALTO,N025-I04,25,4,2,44,GENETICO,184.9612,9060,11681.02,421.186667,112.598333,0,0,true,true,52,29.411765,13120,1884,25.490196,
OBJ_B3_ALTO,N025-I04,25,4,2,44,RECOCIDO_SIMULADO,28.9547,4381,11672.311667,428.311667,112.44,0,0,true,true,56,35.294118,11216,1570,25.490196,231.656826
OBJ_B3_ALTO,N025-I04,25,4,3,45,RECOCIDO_SIMULADO,30.9299,4541,11664.796667,428.296667,112.365,0,0,true,true,56,35.294118,12332,1708,25.490196,294.947342
OBJ_B3_ALTO,N025-I04,25,4,3,45,GENETICO,707.6969,9060,11656.911667,420.411667,112.365,0,0,true,true,56,35.294118,13244,1912,25.490196,
OBJ_B3_ALTO,N025-I04,25,4,4,46,GENETICO,267.4117,9060,11681.02,421.186667,112.598333,0,0,true,true,52,29.411765,13120,1884,25.490196,
OBJ_B3_ALTO,N025-I04,25,4,4,46,RECOCIDO_SIMULADO,28.0792,4221,11657.601667,427.101667,112.305,0,0,true,true,56,35.294118,12588,1756,25.490196,187.380852
OBJ_B3_ALTO,N025-I04,25,4,5,47,RECOCIDO_SIMULADO,29.3704,4341,11685.535,426.535,112.59,0,0,true,true,56,35.294118,13084,1860,25.490196,227.871406
OBJ_B3_ALTO,N025-I04,25,4,5,47,GENETICO,432.7852,9060,11657.061667,420.561667,112.365,0,0,true,true,56,35.294118,13420,1934,25.490196,
OBJ_B3_ALTO,N025-I04,25,4,6,48,GENETICO,127.0105,9060,11681.02,421.186667,112.598333,0,0,true,true,52,29.411765,13120,1884,25.490196,
OBJ_B3_ALTO,N025-I04,25,4,6,48,RECOCIDO_SIMULADO,28.8736,4261,11690.046667,426.546667,112.635,0,0,true,true,56,35.294118,12744,1744,25.490196,204.985565
OBJ_B3_ALTO,N025-I04,25,4,7,49,RECOCIDO_SIMULADO,29.7085,4301,11713.851667,433.851667,112.8,0,0,true,true,56,35.294118,11414,1654,25.490196,210.621636
OBJ_B3_ALTO,N025-I04,25,4,7,49,GENETICO,380.833,9060,11681.02,421.186667,112.598333,0,0,true,true,52,29.411765,13120,1884,25.490196,
OBJ_B3_ALTO,N025-I04,25,4,8,50,GENETICO,379.8472,9060,11714.35,421.516667,112.928333,0,0,true,true,52,29.411765,13032,1884,25.490196,
OBJ_B3_ALTO,N025-I04,25,4,8,50,RECOCIDO_SIMULADO,29.7589,4301,11677.161667,428.661667,112.485,0,0,true,true,56,35.294118,12288,1730,25.490196,210.539884
OBJ_B3_ALTO,N025-I04,25,4,9,51,RECOCIDO_SIMULADO,27.834,4181,11663.205,426.705,112.365,0,0,true,true,56,35.294118,12812,1872,25.490196,182.340447
OBJ_B3_ALTO,N025-I04,25,4,9,51,GENETICO,265.2233,9060,11680.87,421.036667,112.598333,0,0,true,true,52,29.411765,12432,1798,25.490196,
OBJ_B3_ALTO,N025-I04,25,4,10,52,GENETICO,338.1507,9060,11680.87,421.036667,112.598333,0,0,true,true,52,29.411765,12432,1798,25.490196,
OBJ_B3_ALTO,N025-I04,25,4,10,52,RECOCIDO_SIMULADO,28.8428,4221,11681.07,429.57,112.515,0,0,true,true,56,35.294118,11474,1642,25.490196,195.969063
OBJ_B3_ALTO,N025-I04,25,4,11,53,RECOCIDO_SIMULADO,31.5966,4581,11702.995,434.995,112.68,0,0,true,true,56,35.294118,11654,1632,25.490196,306.642747
OBJ_B3_ALTO,N025-I04,25,4,11,53,GENETICO,420.2947,9060,11681.02,421.186667,112.598333,0,0,true,true,52,29.411765,13120,1884,25.490196,
OBJ_B3_ALTO,N025-I04,25,4,12,54,GENETICO,612.9677,9060,11650.851667,420.351667,112.305,0,0,true,true,56,35.294118,12748,1848,25.490196,
OBJ_B3_ALTO,N025-I04,25,4,12,54,RECOCIDO_SIMULADO,31.1662,4541,11702.916667,431.916667,112.71,0,0,true,true,56,35.294118,11976,1652,25.490196,283.791876
OBJ_B3_ALTO,N025-I04,25,4,13,55,RECOCIDO_SIMULADO,28.3163,4261,11660.391667,423.891667,112.365,0,0,true,true,56,35.294118,12188,1686,25.490196,203.662514
OBJ_B3_ALTO,N025-I04,25,4,13,55,GENETICO,208.6196,9060,11657.061667,420.561667,112.365,0,0,true,true,56,35.294118,13420,1934,25.490196,
OBJ_B3_ALTO,N025-I04,25,4,14,56,GENETICO,301.2194,9060,11709.805,421.471667,112.883333,0,0,true,true,52,29.411765,13044,1884,25.490196,
OBJ_B3_ALTO,N025-I04,25,4,14,56,RECOCIDO_SIMULADO,30.5762,4421,11692.086667,427.086667,112.65,0,0,true,true,56,35.294118,12608,1730,25.490196,244.882641
OBJ_B3_ALTO,N025-I04,25,4,15,57,RECOCIDO_SIMULADO,29.3862,4421,11657.506667,427.006667,112.305,0,0,true,true,56,35.294118,12084,1646,25.490196,251.448432
OBJ_B3_ALTO,N025-I04,25,4,15,57,GENETICO,121.9786,9060,11795.655,422.321667,113.733333,0,0,true,true,52,29.411765,13084,1874,25.490196,
OBJ_B3_ALTO,N025-I04,25,4,16,58,GENETICO,186.9029,9060,11681.02,421.186667,112.598333,0,0,true,true,52,29.411765,13120,1884,25.490196,
OBJ_B3_ALTO,N025-I04,25,4,16,58,RECOCIDO_SIMULADO,28.1032,4181,11661.776667,425.276667,112.365,0,0,true,true,56,35.294118,12488,1728,25.490196,183.211294
OBJ_B3_ALTO,N025-I04,25,4,17,59,RECOCIDO_SIMULADO,27.6156,4141,11711.721667,425.721667,112.86,0,0,true,true,56,35.294118,11812,1660,25.490196,173.044724
OBJ_B3_ALTO,N025-I04,25,4,17,59,GENETICO,181.7182,9060,11795.655,422.321667,113.733333,0,0,true,true,52,29.411765,13084,1874,25.490196,
OBJ_B3_ALTO,N025-I04,25,4,18,60,GENETICO,450.9017,9060,11771.696667,421.696667,113.5,0,0,true,true,56,35.294118,13384,1924,25.490196,
OBJ_B3_ALTO,N025-I04,25,4,18,60,RECOCIDO_SIMULADO,29.2007,4261,11718.756667,428.256667,112.905,0,0,true,true,56,35.294118,12892,1796,25.490196,204.587627
OBJ_B3_ALTO,N025-I04,25,4,19,61,RECOCIDO_SIMULADO,27.6408,4141,11696.036667,426.536667,112.695,0,0,true,true,56,35.294118,11908,1670,25.490196,173.762096
OBJ_B3_ALTO,N025-I04,25,4,19,61,GENETICO,296.665,9060,11681.02,421.186667,112.598333,0,0,true,true,52,29.411765,13120,1884,25.490196,
OBJ_B3_ALTO,N025-I04,25,4,20,62,GENETICO,385.6854,9060,11711.965,420.631667,112.913333,0,0,true,true,52,29.411765,12540,1798,25.490196,
OBJ_B3_ALTO,N025-I04,25,4,20,62,RECOCIDO_SIMULADO,29.8619,4341,11688.676667,429.676667,112.59,0,0,true,true,56,35.294118,11240,1556,25.490196,220.168691
OBJ_B3_ALTO,N025-I04,25,4,21,63,RECOCIDO_SIMULADO,29.0467,4301,11687.061667,423.561667,112.635,0,0,true,true,56,35.294118,13076,1836,25.490196,216.50112
OBJ_B3_ALTO,N025-I04,25,4,21,63,GENETICO,307.9912,9060,11681.02,421.186667,112.598333,0,0,true,true,52,29.411765,13120,1884,25.490196,
OBJ_B3_ALTO,N025-I04,25,4,22,64,GENETICO,132.4581,9060,11681.02,421.186667,112.598333,0,0,true,true,52,29.411765,13120,1884,25.490196,
OBJ_B3_ALTO,N025-I04,25,4,22,64,RECOCIDO_SIMULADO,28.0202,4221,11656.591667,426.091667,112.305,0,0,true,true,56,35.294118,11636,1618,25.490196,191.625472
OBJ_B3_ALTO,N025-I04,25,4,23,65,RECOCIDO_SIMULADO,30.1318,4421,11671.84,427.84,112.44,0,0,true,true,56,35.294118,12178,1718,25.490196,244.775461
OBJ_B3_ALTO,N025-I04,25,4,23,65,GENETICO,450.7559,9060,11681.02,421.186667,112.598333,0,0,true,true,52,29.411765,13120,1884,25.490196,
OBJ_B3_ALTO,N025-I04,25,4,24,66,GENETICO,230.1017,9060,11685.846667,420.846667,112.65,0,0,true,true,56,35.294118,13344,1934,25.490196,
OBJ_B3_ALTO,N025-I04,25,4,24,66,RECOCIDO_SIMULADO,29.648,4261,11690.908333,425.908333,112.65,0,0,true,true,56,35.294118,12808,1846,25.490196,203.088745
OBJ_B3_ALTO,N025-I04,25,4,25,67,RECOCIDO_SIMULADO,30.0504,4421,11711.771667,425.771667,112.86,0,0,true,true,56,35.294118,13196,1858,25.490196,248.408948
OBJ_B3_ALTO,N025-I04,25,4,25,67,GENETICO,154.2425,9060,11713.116667,421.116667,112.92,0,0,true,true,56,35.294118,13272,1934,25.490196,
OBJ_B3_ALTO,N025-I04,25,4,26,68,GENETICO,446.6816,9060,11657.061667,420.561667,112.365,0,0,true,true,56,35.294118,13420,1934,25.490196,
OBJ_B3_ALTO,N025-I04,25,4,26,68,RECOCIDO_SIMULADO,29.9585,4421,11706.748333,426.748333,112.8,0,0,true,true,56,35.294118,12872,1872,25.490196,242.210764
OBJ_B3_ALTO,N025-I04,25,4,27,69,RECOCIDO_SIMULADO,27.3775,4061,11674.711667,426.211667,112.485,0,0,true,true,56,35.294118,12518,1850,25.490196,154.878363
OBJ_B3_ALTO,N025-I04,25,4,27,69,GENETICO,442.4079,9060,11657.061667,420.561667,112.365,0,0,true,true,56,35.294118,13420,1934,25.490196,
OBJ_B3_ALTO,N025-I04,25,4,28,70,GENETICO,157.7388,9060,11795.655,422.321667,113.733333,0,0,true,true,52,29.411765,13084,1874,25.490196,
OBJ_B3_ALTO,N025-I04,25,4,28,70,RECOCIDO_SIMULADO,30.0558,4341,11664.896667,428.396667,112.365,0,0,true,true,56,35.294118,13132,1870,25.490196,222.588934
OBJ_B3_ALTO,N025-I04,25,4,29,71,RECOCIDO_SIMULADO,27.5343,4221,11692.281667,427.281667,112.65,0,0,true,true,56,35.294118,11924,1646,25.490196,192.349766
OBJ_B3_ALTO,N025-I04,25,4,29,71,GENETICO,253.8643,9060,11731.015,421.681667,113.093333,0,0,true,true,52,29.411765,12988,1884,25.490196,
OBJ_B3_ALTO,N025-I05,25,5,0,42,GENETICO,124.4724,9060,11175.046667,498.38,106.766667,0,0,true,true,68,27.272727,10740,1536,31.127451,
OBJ_B3_ALTO,N025-I05,25,5,0,42,RECOCIDO_SIMULADO,27.0536,4101,11175.046667,498.38,106.766667,0,0,true,true,68,27.272727,10740,1536,31.127451,160.517034
OBJ_B3_ALTO,N025-I05,25,5,1,43,RECOCIDO_SIMULADO,28.6139,4221,11175.046667,498.38,106.766667,0,0,true,true,68,27.272727,10740,1536,31.127451,188.404859
OBJ_B3_ALTO,N025-I05,25,5,1,43,GENETICO,151.9067,9060,11175.046667,498.38,106.766667,0,0,true,true,68,27.272727,10740,1536,31.127451,
OBJ_B3_ALTO,N025-I05,25,5,2,44,GENETICO,132.259,9060,11175.046667,498.38,106.766667,0,0,true,true,68,27.272727,10740,1536,31.127451,
OBJ_B3_ALTO,N025-I05,25,5,2,44,RECOCIDO_SIMULADO,28.0844,4181,11175.046667,498.38,106.766667,0,0,true,true,68,27.272727,10740,1536,31.127451,181.782559
OBJ_B3_ALTO,N025-I05,25,5,3,45,RECOCIDO_SIMULADO,28.3707,4101,11175.046667,498.38,106.766667,0,0,true,true,68,27.272727,10740,1536,31.127451,161.984491
OBJ_B3_ALTO,N025-I05,25,5,3,45,GENETICO,119.9094,9060,11175.046667,498.38,106.766667,0,0,true,true,68,27.272727,10740,1536,31.127451,
OBJ_B3_ALTO,N025-I05,25,5,4,46,GENETICO,242.0133,9060,11175.001667,498.335,106.766667,0,0,true,true,68,27.272727,10752,1536,31.127451,
OBJ_B3_ALTO,N025-I05,25,5,4,46,RECOCIDO_SIMULADO,28.7573,4181,11175.046667,498.38,106.766667,0,0,true,true,68,27.272727,10740,1536,31.127451,180.628981
OBJ_B3_ALTO,N025-I05,25,5,5,47,RECOCIDO_SIMULADO,27.5775,4181,11175.046667,498.38,106.766667,0,0,true,true,68,27.272727,10740,1536,31.127451,186.077804
OBJ_B3_ALTO,N025-I05,25,5,5,47,GENETICO,116.8608,9060,11175.046667,498.38,106.766667,0,0,true,true,68,27.272727,10740,1536,31.127451,
OBJ_B3_ALTO,N025-I05,25,5,6,48,GENETICO,122.7267,9060,11175.046667,498.38,106.766667,0,0,true,true,68,27.272727,10740,1536,31.127451,
OBJ_B3_ALTO,N025-I05,25,5,6,48,RECOCIDO_SIMULADO,27.3875,4181,11175.046667,498.38,106.766667,0,0,true,true,68,27.272727,10740,1536,31.127451,182.137953
OBJ_B3_ALTO,N025-I05,25,5,7,49,RECOCIDO_SIMULADO,27.9021,4141,11175.046667,498.38,106.766667,0,0,true,true,68,27.272727,10740,1536,31.127451,174.025002
OBJ_B3_ALTO,N025-I05,25,5,7,49,GENETICO,222.6929,9060,11174.656667,497.99,106.766667,0,0,true,true,68,27.272727,10836,1570,31.127451,
OBJ_B3_ALTO,N025-I05,25,5,8,50,GENETICO,364.1534,9060,11175.001667,498.335,106.766667,0,0,true,true,68,27.272727,10752,1536,31.127451,
OBJ_B3_ALTO,N025-I05,25,5,8,50,RECOCIDO_SIMULADO,27.5401,4141,11175.046667,498.38,106.766667,0,0,true,true,68,27.272727,10740,1536,31.127451,174.678719
OBJ_B3_ALTO,N025-I05,25,5,9,51,RECOCIDO_SIMULADO,27.5478,4061,11175.046667,498.38,106.766667,0,0,true,true,68,27.272727,10740,1536,31.127451,158.607762
OBJ_B3_ALTO,N025-I05,25,5,9,51,GENETICO,120.373,9060,11175.046667,498.38,106.766667,0,0,true,true,68,27.272727,10740,1536,31.127451,
OBJ_B3_ALTO,N025-I05,25,5,10,52,GENETICO,223.7127,9060,11175.001667,498.335,106.766667,0,0,true,true,68,27.272727,10752,1536,31.127451,
OBJ_B3_ALTO,N025-I05,25,5,10,52,RECOCIDO_SIMULADO,29.1557,4261,11175.046667,498.38,106.766667,0,0,true,true,68,27.272727,10740,1536,31.127451,198.14604
OBJ_B3_ALTO,N025-I05,25,5,11,53,RECOCIDO_SIMULADO,27.4708,4141,11175.046667,498.38,106.766667,0,0,true,true,68,27.272727,10740,1536,31.127451,177.191734
OBJ_B3_ALTO,N025-I05,25,5,11,53,GENETICO,119.7219,9060,11175.046667,498.38,106.766667,0,0,true,true,68,27.272727,10740,1536,31.127451,
OBJ_B3_ALTO,N025-I05,25,5,12,54,GENETICO,214.544,9060,11175.046667,498.38,106.766667,0,0,true,true,68,27.272727,10740,1536,31.127451,
OBJ_B3_ALTO,N025-I05,25,5,12,54,RECOCIDO_SIMULADO,28.0495,4261,11175.046667,498.38,106.766667,0,0,true,true,68,27.272727,10740,1536,31.127451,199.307771
OBJ_B3_ALTO,N025-I05,25,5,13,55,RECOCIDO_SIMULADO,28.1868,4141,11175.046667,498.38,106.766667,0,0,true,true,68,27.272727,10740,1536,31.127451,172.494428
OBJ_B3_ALTO,N025-I05,25,5,13,55,GENETICO,118.3126,9060,11175.046667,498.38,106.766667,0,0,true,true,68,27.272727,10740,1536,31.127451,
OBJ_B3_ALTO,N025-I05,25,5,14,56,GENETICO,120.6198,9060,11175.046667,498.38,106.766667,0,0,true,true,68,27.272727,10740,1536,31.127451,
OBJ_B3_ALTO,N025-I05,25,5,14,56,RECOCIDO_SIMULADO,28.2465,4301,11175.046667,498.38,106.766667,0,0,true,true,68,27.272727,10740,1536,31.127451,216.443317
OBJ_B3_ALTO,N025-I05,25,5,15,57,RECOCIDO_SIMULADO,28.308,4181,11175.046667,498.38,106.766667,0,0,true,true,68,27.272727,10740,1536,31.127451,182.272589
OBJ_B3_ALTO,N025-I05,25,5,15,57,GENETICO,189.4109,9060,11174.456667,497.79,106.766667,0,0,true,true,68,27.272727,11012,1592,31.127451,
OBJ_B3_ALTO,N025-I05,25,5,16,58,GENETICO,119.0865,9060,11175.046667,498.38,106.766667,0,0,true,true,68,27.272727,10740,1536,31.127451,
OBJ_B3_ALTO,N025-I05,25,5,16,58,RECOCIDO_SIMULADO,27.5652,4061,11175.046667,498.38,106.766667,0,0,true,true,68,27.272727,10740,1536,31.127451,154.195015
OBJ_B3_ALTO,N025-I05,25,5,17,59,RECOCIDO_SIMULADO,28.5102,4261,11175.046667,498.38,106.766667,0,0,true,true,68,27.272727,10740,1536,31.127451,202.645345
OBJ_B3_ALTO,N025-I05,25,5,17,59,GENETICO,114.8401,9060,11175.046667,498.38,106.766667,0,0,true,true,68,27.272727,10740,1536,31.127451,
OBJ_B3_ALTO,N025-I05,25,5,18,60,GENETICO,154.874,9060,11175.001667,498.335,106.766667,0,0,true,true,68,27.272727,10752,1536,31.127451,
OBJ_B3_ALTO,N025-I05,25,5,18,60,RECOCIDO_SIMULADO,27.9878,4261,11175.046667,498.38,106.766667,0,0,true,true,68,27.272727,10740,1536,31.127451,202.367252
OBJ_B3_ALTO,N025-I05,25,5,19,61,RECOCIDO_SIMULADO,27.3122,4141,11175.046667,498.38,106.766667,0,0,true,true,68,27.272727,10740,1536,31.127451,172.710895
OBJ_B3_ALTO,N025-I05,25,5,19,61,GENETICO,129.2247,9060,11175.046667,498.38,106.766667,0,0,true,true,68,27.272727,10740,1536,31.127451,
OBJ_B3_ALTO,N025-I05,25,5,20,62,GENETICO,115.7878,9060,11175.046667,498.38,106.766667,0,0,true,true,68,27.272727,10740,1536,31.127451,
OBJ_B3_ALTO,N025-I05,25,5,20,62,RECOCIDO_SIMULADO,27.3794,4141,11175.046667,498.38,106.766667,0,0,true,true,68,27.272727,10740,1536,31.127451,175.492759
OBJ_B3_ALTO,N025-I05,25,5,21,63,RECOCIDO_SIMULADO,29.4787,4221,11175.046667,498.38,106.766667,0,0,true,true,68,27.272727,10740,1536,31.127451,194.540355
OBJ_B3_ALTO,N025-I05,25,5,21,63,GENETICO,142.5989,9060,11175.046667,498.38,106.766667,0,0,true,true,68,27.272727,10740,1536,31.127451,
OBJ_B3_ALTO,N025-I05,25,5,22,64,GENETICO,118.964,9060,11175.046667,498.38,106.766667,0,0,true,true,68,27.272727,10740,1536,31.127451,
OBJ_B3_ALTO,N025-I05,25,5,22,64,RECOCIDO_SIMULADO,27.1189,4061,11175.046667,498.38,106.766667,0,0,true,true,68,27.272727,10740,1536,31.127451,155.503104
OBJ_B3_ALTO,N025-I05,25,5,23,65,RECOCIDO_SIMULADO,28.4018,4061,11175.046667,498.38,106.766667,0,0,true,true,68,27.272727,10740,1536,31.127451,152.458067
OBJ_B3_ALTO,N025-I05,25,5,23,65,GENETICO,147.7039,9060,11175.001667,498.335,106.766667,0,0,true,true,68,27.272727,10752,1536,31.127451,
OBJ_B3_ALTO,N025-I05,25,5,24,66,GENETICO,173.6712,9060,11175.046667,498.38,106.766667,0,0,true,true,68,27.272727,10740,1536,31.127451,
OBJ_B3_ALTO,N025-I05,25,5,24,66,RECOCIDO_SIMULADO,28.6179,4221,11175.046667,498.38,106.766667,0,0,true,true,68,27.272727,10740,1536,31.127451,189.609298
OBJ_B3_ALTO,N025-I05,25,5,25,67,RECOCIDO_SIMULADO,27.1593,4101,11175.046667,498.38,106.766667,0,0,true,true,68,27.272727,10740,1536,31.127451,162.112802
OBJ_B3_ALTO,N025-I05,25,5,25,67,GENETICO,121.1392,9060,11175.046667,498.38,106.766667,0,0,true,true,68,27.272727,10740,1536,31.127451,
OBJ_B3_ALTO,N025-I05,25,5,26,68,GENETICO,197.9831,9060,11175.001667,498.335,106.766667,0,0,true,true,68,27.272727,10752,1536,31.127451,
OBJ_B3_ALTO,N025-I05,25,5,26,68,RECOCIDO_SIMULADO,27.2275,3981,11175.046667,498.38,106.766667,0,0,true,true,68,27.272727,10740,1536,31.127451,144.80925
OBJ_B3_ALTO,N025-I05,25,5,27,69,RECOCIDO_SIMULADO,28.5239,4341,11175.046667,498.38,106.766667,0,0,true,true,68,27.272727,10740,1536,31.127451,224.530256
OBJ_B3_ALTO,N025-I05,25,5,27,69,GENETICO,156.4536,9060,11175.046667,498.38,106.766667,0,0,true,true,68,27.272727,10740,1536,31.127451,
OBJ_B3_ALTO,N025-I05,25,5,28,70,GENETICO,175.5819,9060,11175.046667,498.38,106.766667,0,0,true,true,68,27.272727,10740,1536,31.127451,
OBJ_B3_ALTO,N025-I05,25,5,28,70,RECOCIDO_SIMULADO,29.2167,4301,11175.046667,498.38,106.766667,0,0,true,true,68,27.272727,10740,1536,31.127451,208.29437
OBJ_B3_ALTO,N025-I05,25,5,29,71,RECOCIDO_SIMULADO,27.384,4181,11175.046667,498.38,106.766667,0,0,true,true,68,27.272727,10740,1536,31.127451,183.787256
OBJ_B3_ALTO,N025-I05,25,5,29,71,GENETICO,116.0719,9060,11175.046667,498.38,106.766667,0,0,true,true,68,27.272727,10740,1536,31.127451,
OBJ_B3_ALTO,N050-I01,50,1,0,42,GENETICO,466.7678,9060,97806.356667,1759.023333,930.473333,3,0,true,true,28,7.142857,15464,2238,66.666667,
OBJ_B3_ALTO,N050-I01,50,1,0,42,RECOCIDO_SIMULADO,52.7184,4861,106377.758333,1941.091667,1044.366667,0,0,true,true,28,7.142857,15786,2416,74.019608,434.921985
OBJ_B3_ALTO,N050-I01,50,1,1,43,RECOCIDO_SIMULADO,48.6627,4621,106350.138333,1952.138333,1043.98,0,0,true,true,28,7.142857,16324,2444,74.019608,325.850281
OBJ_B3_ALTO,N050-I01,50,1,1,43,GENETICO,432.3401,9060,100447.79,1756.456667,956.913333,3,0,true,true,28,7.142857,16440,2574,66.666667,
OBJ_B3_ALTO,N050-I01,50,1,2,44,GENETICO,262.2447,9060,102057.255,1875.255,991.82,1,0,true,true,28,7.142857,16848,2510,71.568627,
OBJ_B3_ALTO,N050-I01,50,1,2,44,RECOCIDO_SIMULADO,51.5623,4821,106628.836667,1956.836667,1046.72,0,0,true,true,28,7.142857,18394,2676,74.019608,416.25569
OBJ_B3_ALTO,N050-I01,50,1,3,45,RECOCIDO_SIMULADO,53.0016,4861,106393.853333,1948.353333,1044.455,0,0,true,true,28,7.142857,16864,2494,74.019608,436.051889
OBJ_B3_ALTO,N050-I01,50,1,3,45,GENETICO,362.2587,9060,100438.523333,1833.523333,966.05,2,0,true,true,28,7.142857,16882,2512,69.117647,
OBJ_B3_ALTO,N050-I01,50,1,4,46,GENETICO,336.356,9060,100971.781667,1864.781667,981.07,1,0,true,true,28,7.142857,15332,2360,71.568627,
OBJ_B3_ALTO,N050-I01,50,1,4,46,RECOCIDO_SIMULADO,48.4719,4581,106636.153333,1952.32,1046.838333,0,0,true,true,28,7.142857,17650,2630,74.019608,307.965079
OBJ_B3_ALTO,N050-I01,50,1,5,47,RECOCIDO_SIMULADO,50.8084,4781,106378.213333,1945.713333,1044.325,0,0,true,true,28,7.142857,17170,2496,74.019608,393.603909
OBJ_B3_ALTO,N050-I01,50,1,5,47,GENETICO,236.065,9060,100764.815,1838.981667,969.258333,2,0,true,true,28,7.142857,16274,2394,69.117647,
OBJ_B3_ALTO,N050-I01,50,1,6,48,GENETICO,464.6072,9060,98140.87,1790.87,943.5,2,0,true,true,28,7.142857,16530,2490,69.117647,
OBJ_B3_ALTO,N050-I01,50,1,6,48,RECOCIDO_SIMULADO,49.7112,4661,106393.241667,1942.241667,1044.51,0,0,true,true,28,7.142857,16398,2524,74.019608,335.632007
OBJ_B3_ALTO,N050-I01,50,1,7,49,RECOCIDO_SIMULADO,49.8273,4781,106571.531667,1947.531667,1046.24,0,0,true,true,28,7.142857,17820,2736,74.019608,390.441648
OBJ_B3_ALTO,N050-I01,50,1,7,49,GENETICO,582.9304,9060,102675.273333,1825.606667,988.496667,2,0,true,true,28,7.142857,16872,2550,69.117647,
OBJ_B3_ALTO,N050-I01,50,1,8,50,GENETICO,275.295,9060,101572.318333,1870.818333,987.015,1,0,true,true,28,7.142857,16398,2406,71.568627,
OBJ_B3_ALTO,N050-I01,50,1,8,50,RECOCIDO_SIMULADO,50.6086,4701,106538.421667,1947.421667,1045.91,0,0,true,true,28,7.142857,17794,2698,74.019608,347.918625
OBJ_B3_ALTO,N050-I01,50,1,9,51,RECOCIDO_SIMULADO,50.6485,4861,106440.408333,1950.741667,1044.896667,0,0,true,true,28,7.142857,17258,2572,74.019608,434.892299
OBJ_B3_ALTO,N050-I01,50,1,9,51,GENETICO,631.6473,9060,100258.798333,1822.798333,964.36,2,0,true,true,28,7.142857,15046,2212,69.607843,
OBJ_B3_ALTO,N050-I01,50,1,10,52,GENETICO,364.304,9060,98001.88,1788.38,942.135,2,0,true,true,28,7.142857,16414,2516,69.117647,
OBJ_B3_ALTO,N050-I01,50,1,10,52,RECOCIDO_SIMULADO,50.531,4861,106351.833333,1951.333333,1044.005,0,0,true,true,28,7.142857,16946,2476,74.019608,438.543257
OBJ_B3_ALTO,N050-I01,50,1,11,53,RECOCIDO_SIMULADO,51.5075,4901,106392.33,1947.663333,1044.446667,0,0,true,true,28,7.142857,16156,2400,74.019608,453.233219
OBJ_B3_ALTO,N050-I01,50,1,11,53,GENETICO,293.4821,9060,99295.703333,1798.536667,954.971667,2,0,true,true,28,7.142857,16180,2436,69.117647,
OBJ_B3_ALTO,N050-I01,50,1,12,54,GENETICO,476.0351,9060,100279.546667,1839.046667,964.405,2,0,true,true,28,7.142857,16840,2552,69.362745,
OBJ_B3_ALTO,N050-I01,50,1,12,54,RECOCIDO_SIMULADO,51.1095,4781,106422.123333,1940.79,1044.813333,0,0,true,true,28,7.142857,17818,2734,74.019608,385.683425
OBJ_B3_ALTO,N050-I01,50,1,13,55,RECOCIDO_SIMULADO,51.5411,4821,106671.755,1944.088333,1047.276667,0,0,true,true,28,7.142857,16728,2560,74.019608,419.222231
OBJ_B3_ALTO,N050-I01,50,1,13,55,GENETICO,221.9577,9060,101139.941667,1867.441667,982.725,1,0,true,true,28,7.142857,16644,2556,71.568627,
OBJ_B3_ALTO,N050-I01,50,1,14,56,GENETICO,479.3867,9060,97509.221667,1785.555,937.236667,2,0,true,true,28,7.142857,16722,2530,69.362745,
OBJ_B3_ALTO,N050-I01,50,1,14,56,RECOCIDO_SIMULADO,52.6612,4901,106421.435,1952.268333,1044.691667,0,0,true,true,28,7.142857,17990,2710,74.019608,455.705516
OBJ_B3_ALTO,N050-I01,50,1,15,57,RECOCIDO_SIMULADO,49.6112,4741,106286.048333,1947.548333,1043.385,0,0,true,true,28,7.142857,17380,2624,74.019608,379.331152
OBJ_B3_ALTO,N050-I01,50,1,15,57,GENETICO,327.0525,9060,100568.693333,1839.36,967.293333,2,0,true,true,28,7.142857,16428,2518,69.117647,
OBJ_B3_ALTO,N050-I01,50,1,16,58,GENETICO,246.2783,9060,101250.881667,1867.881667,983.83,1,0,true,true,28,7.142857,16500,2516,71.568627,
OBJ_B3_ALTO,N050-I01,50,1,16,58,RECOCIDO_SIMULADO,51.1502,4821,106396.365,1952.365,1044.44,0,0,true,true,28,7.142857,16388,2446,74.019608,412.237649
OBJ_B3_ALTO,N050-I01,50,1,17,59,RECOCIDO_SIMULADO,50.9398,4781,106508.048333,1947.048333,1045.61,0,0,true,true,28,7.142857,16974,2584,74.019608,394.295626
OBJ_B3_ALTO,N050-I01,50,1,17,59,GENETICO,328.6947,9060,98329.846667,1763.013333,935.668333,3,0,true,true,28,7.142857,16388,2394,66.666667,
OBJ_B3_ALTO,N050-I01,50,1,18,60,GENETICO,435.7083,9060,101466.02,1796.186667,976.698333,2,0,true,true,28,7.142857,16274,2462,69.117647,
OBJ_B3_ALTO,N050-I01,50,1,18,60,RECOCIDO_SIMULADO,50.0566,4781,106610.255,1943.755,1046.665,0,0,true,true,28,7.142857,17920,2728,74.019608,387.502502
OBJ_B3_ALTO,N050-I01,50,1,19,61,RECOCIDO_SIMULADO,51.5257,4861,106417.573333,1946.573333,1044.71,0,0,true,true,28,7.142857,16904,2482,74.019608,441.324296
OBJ_B3_ALTO,N050-I01,50,1,19,61,GENETICO,467.6184,9060,103216.508333,1813.341667,994.031667,2,0,true,true,28,7.142857,16148,2468,69.117647,
OBJ_B3_ALTO,N050-I01,50,1,20,62,GENETICO,484.5287,9060,97242.496667,1748.996667,924.935,3,0,true,true,28,7.142857,14706,2116,66.666667,
OBJ_B3_ALTO,N050-I01,50,1,20,62,RECOCIDO_SIMULADO,52.8393,4861,106520.336667,1948.17,1045.721667,0,0,true,true,28,7.142857,17556,2650,74.019608,426.611161
OBJ_B3_ALTO,N050-I01,50,1,21,63,RECOCIDO_SIMULADO,51.5057,4821,106664.63,1943.463333,1047.211667,0,0,true,true,28,7.142857,17400,2602,74.019608,411.550894
OBJ_B3_ALTO,N050-I01,50,1,21,63,GENETICO,190.3082,9060,106577.598333,1942.265,1046.353333,0,0,true,true,28,7.142857,16760,2596,74.019608,
OBJ_B3_ALTO,N050-I01,50,1,22,64,GENETICO,316.8297,9060,100798.836667,1814.336667,969.845,2,0,true,true,28,7.142857,15424,2398,69.117647,
OBJ_B3_ALTO,N050-I01,50,1,22,64,RECOCIDO_SIMULADO,52.7635,5021,106450.221667,1948.555,1045.016667,0,0,true,true,28,7.142857,17380,2664,74.019608,529.891884
OBJ_B3_ALTO,N050-I01,50,1,23,65,RECOCIDO_SIMULADO,52.6704,4901,106588.895,1949.061667,1046.398333,0,0,true,true,28,7.142857,17612,2622,74.019608,464.89929
OBJ_B3_ALTO,N050-I01,50,1,23,65,GENETICO,477.5756,9060,103108.74,1805.073333,983.036667,3,0,true,true,28,7.142857,15878,2434,66.666667,
OBJ_B3_ALTO,N050-I01,50,1,24,66,GENETICO,513.027,9060,98638.84,1760.673333,938.781667,3,0,true,true,28,7.142857,14780,2274,66.666667,
OBJ_B3_ALTO,N050-I01,50,1,24,66,RECOCIDO_SIMULADO,52.0561,4861,106671.755,1944.088333,1047.276667,0,0,true,true,28,7.142857,16728,2560,74.019608,441.694224
OBJ_B3_ALTO,N050-I01,50,1,25,67,RECOCIDO_SIMULADO,55.46,4941,106590.551667,1944.051667,1046.465,0,0,true,true,28,7.142857,17230,2616,74.019608,477.863071
OBJ_B3_ALTO,N050-I01,50,1,25,67,GENETICO,357.2012,9060,104703.381667,1895.048333,1018.083333,1,0,true,true,28,7.142857,15800,2328,72.058824,
OBJ_B3_ALTO,N050-I01,50,1,26,68,GENETICO,347.9479,9060,103920.73,1865.063333,1010.556667,1,0,true,true,28,7.142857,16732,2550,71.568627,
OBJ_B3_ALTO,N050-I01,50,1,26,68,RECOCIDO_SIMULADO,53.9519,5061,106403.2,1948.866667,1044.543333,0,0,true,true,28,7.142857,17568,2706,74.019608,577.548156
OBJ_B3_ALTO,N050-I01,50,1,27,69,RECOCIDO_SIMULADO,56.715,4981,106671.755,1944.088333,1047.276667,0,0,true,true,28,7.142857,16728,2560,74.019608,500.157844
OBJ_B3_ALTO,N050-I01,50,1,27,69,GENETICO,221.7896,9060,101036.246667,1867.746667,981.685,1,0,true,true,28,7.142857,16768,2580,71.568627,
OBJ_B3_ALTO,N050-I01,50,1,28,70,GENETICO,499.7694,9060,99162.105,1799.438333,953.626667,2,0,true,true,28,7.142857,16212,2456,69.117647,
OBJ_B3_ALTO,N050-I01,50,1,28,70,RECOCIDO_SIMULADO,51.0896,4781,106522.42,1957.253333,1045.651667,0,0,true,true,28,7.142857,18780,2684,74.019608,396.017253
OBJ_B3_ALTO,N050-I01,50,1,29,71,RECOCIDO_SIMULADO,51.8935,4941,106301.676667,1946.176667,1043.555,0,0,true,true,28,7.142857,16912,2488,74.019608,485.627039
OBJ_B3_ALTO,N050-I01,50,1,29,71,GENETICO,226.6109,9060,103394.355,1861.688333,1005.326667,1,0,true,true,28,7.142857,16284,2512,71.568627,
OBJ_B3_ALTO,N050-I02,50,2,0,42,GENETICO,211.284,9060,80374.806667,1608.14,787.666667,0,0,true,true,28,17.647059,17050,2596,54.166667,
OBJ_B3_ALTO,N050-I02,50,2,0,42,RECOCIDO_SIMULADO,53.9528,4941,80097.036667,1606.37,784.906667,0,0,true,true,26,14.705882,16530,2486,54.166667,486.179372
OBJ_B3_ALTO,N050-I02,50,2,1,43,RECOCIDO_SIMULADO,55.0125,4941,80119.288333,1611.955,785.073333,0,0,true,true,28,17.647059,18280,2794,54.166667,494.407066
OBJ_B3_ALTO,N050-I02,50,2,1,43,GENETICO,247.4163,9060,80172.976667,1604.31,785.686667,0,0,true,true,28,17.647059,16512,2480,54.166667,
OBJ_B3_ALTO,N050-I02,50,2,2,44,GENETICO,205.8377,9060,80339.456667,1607.79,787.316667,0,0,true,true,28,17.647059,16864,2554,54.166667,
OBJ_B3_ALTO,N050-I02,50,2,2,44,RECOCIDO_SIMULADO,52.7287,5021,80151.965,1612.798333,785.391667,0,0,true,true,28,17.647059,18392,2782,54.166667,532.779516
OBJ_B3_ALTO,N050-I02,50,2,3,45,RECOCIDO_SIMULADO,52.7147,4821,80198.135,1617.135,785.81,0,0,true,true,28,17.647059,18878,2850,54.166667,421.315802
OBJ_B3_ALTO,N050-I02,50,2,3,45,GENETICO,205.9201,9060,80410.156667,1608.49,788.016667,0,0,true,true,28,17.647059,16960,2566,54.166667,
OBJ_B3_ALTO,N050-I02,50,2,4,46,GENETICO,366.231,9060,80143.295,1606.128333,785.371667,0,0,true,true,28,17.647059,17416,2698,54.166667,
OBJ_B3_ALTO,N050-I02,50,2,4,46,RECOCIDO_SIMULADO,52.3895,4861,80200.69,1613.856667,785.868333,0,0,true,true,28,17.647059,17990,2752,54.166667,427.087642
OBJ_B3_ALTO,N050-I02,50,2,5,47,RECOCIDO_SIMULADO,51.943,4861,80284.011667,1615.845,786.681667,0,0,true,true,28,17.647059,16676,2618,54.166667,435.489356
OBJ_B3_ALTO,N050-I02,50,2,5,47,GENETICO,204.8849,9060,80395.006667,1608.34,787.866667,0,0,true,true,28,17.647059,16960,2566,54.166667,
OBJ_B3_ALTO,N050-I02,50,2,6,48,GENETICO,260.9951,9060,80144.581667,1606.415,785.381667,0,0,true,true,28,17.647059,16704,2536,54.166667,
OBJ_B3_ALTO,N050-I02,50,2,6,48,RECOCIDO_SIMULADO,51.378,4821,80364.813333,1619.646667,787.451667,0,0,true,true,28,17.647059,19980,3056,54.166667,413.484475
OBJ_B3_ALTO,N050-I02,50,2,7,49,RECOCIDO_SIMULADO,52.6104,4861,80246.731667,1610.565,786.361667,0,0,true,true,28,17.647059,18502,2866,54.166667,438.073838
OBJ_B3_ALTO,N050-I02,50,2,7,49,GENETICO,206.3456,9060,80370.99,1608.49,787.625,0,0,true,true,26,14.705882,16864,2554,54.166667,
OBJ_B3_ALTO,N050-I02,50,2,8,50,GENETICO,256.588,9060,80330.32,1607.986667,787.223333,0,0,true,true,28,17.647059,16856,2562,54.166667,
OBJ_B3_ALTO,N050-I02,50,2,8,50,RECOCIDO_SIMULADO,55.1819,5021,80206.39,1615.556667,785.908333,0,0,true,true,26,14.705882,18594,2722,54.166667,546.107479
OBJ_B3_ALTO,N050-I02,50,2,9,51,RECOCIDO_SIMULADO,53.8434,4941,80160.351667,1620.685,785.396667,0,0,true,true,26,14.705882,18008,2730,54.166667,471.225911
OBJ_B3_ALTO,N050-I02,50,2,9,51,GENETICO,204.2685,9060,80339.456667,1607.79,787.316667,0,0,true,true,28,17.647059,16864,2554,54.166667,
OBJ_B3_ALTO,N050-I02,50,2,10,52,GENETICO,283.8134,9060,80290.346667,1607.68,786.826667,0,0,true,true,28,17.647059,16176,2468,54.166667,
OBJ_B3_ALTO,N050-I02,50,2,10,52,RECOCIDO_SIMULADO,52.4811,4901,80041.425,1611.925,784.295,0,0,true,true,28,17.647059,17284,2554,54.166667,466.83544
OBJ_B3_ALTO,N050-I02,50,2,11,53,RECOCIDO_SIMULADO,52.3857,4821,80253.57,1615.07,786.385,0,0,true,true,28,17.647059,17736,2728,54.166667,419.104364
OBJ_B3_ALTO,N050-I02,50,2,11,53,GENETICO,206.0687,9060,80339.456667,1607.79,787.316667,0,0,true,true,28,17.647059,16864,2554,54.166667,
OBJ_B3_ALTO,N050-I02,50,2,12,54,GENETICO,215.753,9060,80343.45,1609.116667,787.343333,0,0,true,true,28,17.647059,16678,2530,54.166667,
OBJ_B3_ALTO,N050-I02,50,2,12,54,RECOCIDO_SIMULADO,52.3378,4941,80102.275,1616.608333,784.856667,0,0,true,true,28,17.647059,17150,2532,54.166667,489.593853
OBJ_B3_ALTO,N050-I02,50,2,13,55,RECOCIDO_SIMULADO,50.5073,4861,80245.663333,1613.496667,786.321667,0,0,true,true,28,17.647059,18504,2784,54.166667,434.318504
OBJ_B3_ALTO,N050-I02,50,2,13,55,GENETICO,299.4379,9060,80288.468333,1606.468333,786.82,0,0,true,true,26,14.705882,16880,2554,54.166667,
OBJ_B3_ALTO,N050-I02,50,2,14,56,GENETICO,206.5795,9060,80395.006667,1608.34,787.866667,0,0,true,true,28,17.647059,16960,2566,54.166667,
OBJ_B3_ALTO,N050-I02,50,2,14,56,RECOCIDO_SIMULADO,53.5713,5021,80118.3,1613.466667,785.048333,0,0,true,true,26,14.705882,16628,2444,54.166667,539.575041
OBJ_B3_ALTO,N050-I02,50,2,15,57,RECOCIDO_SIMULADO,53.1354,4901,80372.53,1613.53,787.59,0,0,true,true,28,17.647059,19050,2910,54.166667,451.98714
OBJ_B3_ALTO,N050-I02,50,2,15,57,GENETICO,212.3649,9060,80299.056667,1607.39,786.916667,0,0,true,true,28,17.647059,17050,2596,54.166667,
OBJ_B3_ALTO,N050-I02,50,2,16,58,GENETICO,215.7846,9060,80089.986667,1605.32,784.846667,0,0,true,true,28,17.647059,17014,2590,54.166667,
OBJ_B3_ALTO,N050-I02,50,2,16,58,RECOCIDO_SIMULADO,52.1542,4941,80170.426667,1616.093333,785.543333,0,0,true,true,28,17.647059,17778,2596,54.166667,489.319865
OBJ_B3_ALTO,N050-I02,50,2,17,59,RECOCIDO_SIMULADO,50.7359,4821,80102.478333,1621.145,784.813333,0,0,true,true,28,17.647059,18400,2760,54.166667,407.012616
OBJ_B3_ALTO,N050-I02,50,2,17,59,GENETICO,208.4282,9060,80395.006667,1608.34,787.866667,0,0,true,true,28,17.647059,17052,2600,54.166667,
OBJ_B3_ALTO,N050-I02,50,2,18,60,GENETICO,240.0982,9060,80270.495,1606.661667,786.638333,0,0,true,true,28,17.647059,16778,2544,54.166667,
OBJ_B3_ALTO,N050-I02,50,2,18,60,RECOCIDO_SIMULADO,52.0958,4861,80168.438333,1618.605,785.498333,0,0,true,true,28,17.647059,18660,2728,54.166667,430.792067
OBJ_B3_ALTO,N050-I02,50,2,19,61,RECOCIDO_SIMULADO,51.6163,4941,80285.5,1616.333333,786.691667,0,0,true,true,28,17.647059,17554,2584,54.166667,494.206518
OBJ_B3_ALTO,N050-I02,50,2,19,61,GENETICO,346.1173,9060,80174.83,1607.496667,785.673333,0,0,true,true,28,17.647059,16226,2472,54.166667,
OBJ_B3_ALTO,N050-I02,50,2,20,62,GENETICO,209.9278,9060,80410.031667,1608.365,788.016667,0,0,true,true,28,17.647059,16834,2494,54.166667,
OBJ_B3_ALTO,N050-I02,50,2,20,62,RECOCIDO_SIMULADO,51.5141,4861,80167.138333,1610.471667,785.566667,0,0,true,true,28,17.647059,18094,2792,54.166667,427.318444
OBJ_B3_ALTO,N050-I02,50,2,21,63,RECOCIDO_SIMULADO,52.5877,4861,80132.195,1617.528333,785.146667,0,0,true,true,28,17.647059,17218,2600,54.166667,427.658986
OBJ_B3_ALTO,N050-I02,50,2,21,63,GENETICO,200.335,9060,80395.006667,1608.34,787.866667,0,0,true,true,28,17.647059,16960,2566,54.166667,
OBJ_B3_ALTO,N050-I02,50,2,22,64,GENETICO,207.9741,9060,80410.156667,1608.49,788.016667,0,0,true,true,28,17.647059,16960,2566,54.166667,
OBJ_B3_ALTO,N050-I02,50,2,22,64,RECOCIDO_SIMULADO,53.8136,4981,80076.761667,1607.595,784.691667,0,0,true,true,28,17.647059,16948,2584,54.166667,497.265843
OBJ_B3_ALTO,N050-I02,50,2,23,65,RECOCIDO_SIMULADO,53.0935,4981,80095.12,1611.786667,784.833333,0,0,true,true,26,14.705882,17490,2632,54.166667,501.276975
OBJ_B3_ALTO,N050-I02,50,2,23,65,GENETICO,205.7277,9060,80182.781667,1606.115,785.766667,0,0,true,true,28,17.647059,16866,2528,54.166667,
OBJ_B3_ALTO,N050-I02,50,2,24,66,GENETICO,276.9473,9060,80280.36,1607.86,786.725,0,0,true,true,26,14.705882,16502,2516,54.166667,
OBJ_B3_ALTO,N050-I02,50,2,24,66,RECOCIDO_SIMULADO,53.9668,5021,80288.076667,1612.076667,786.76,0,0,true,true,30,17.647059,18770,2862,54.166667,527.568233
OBJ_B3_ALTO,N050-I02,50,2,25,67,RECOCIDO_SIMULADO,53.8707,5101,80263.14,1612.64,786.505,0,0,true,true,26,14.705882,19062,2916,54.166667,578.880083
OBJ_B3_ALTO,N050-I02,50,2,25,67,GENETICO,206.9981,9060,80354.606667,1607.94,787.466667,0,0,true,true,28,17.647059,16864,2554,54.166667,
OBJ_B3_ALTO,N050-I02,50,2,26,68,GENETICO,201.9468,9060,80395.006667,1608.34,787.866667,0,0,true,true,28,17.647059,16960,2566,54.166667,
OBJ_B3_ALTO,N050-I02,50,2,26,68,RECOCIDO_SIMULADO,51.974,4861,80286.106667,1612.94,786.731667,0,0,true,true,26,14.705882,17970,2736,54.166667,425.388169
OBJ_B3_ALTO,N050-I02,50,2,27,69,RECOCIDO_SIMULADO,53.1132,4941,80250.476667,1609.143333,786.413333,0,0,true,true,28,17.647059,17732,2766,54.166667,486.368055
OBJ_B3_ALTO,N050-I02,50,2,27,69,GENETICO,220.2897,9060,80313.176667,1605.843333,787.073333,0,0,true,true,28,17.647059,17168,2554,54.166667,
OBJ_B3_ALTO,N050-I02,50,2,28,70,GENETICO,203.8335,9060,80339.456667,1607.79,787.316667,0,0,true,true,28,17.647059,16864,2554,54.166667,
OBJ_B3_ALTO,N050-I02,50,2,28,70,RECOCIDO_SIMULADO,50.7391,4781,80390.085,1613.085,787.77,0,0,true,true,28,17.647059,18948,2954,54.166667,393.743944
OBJ_B3_ALTO,N050-I02,50,2,29,71,RECOCIDO_SIMULADO,52.0447,4941,79959.465,1610.465,783.49,0,0,true,true,28,17.647059,18168,2738,54.166667,486.20892
OBJ_B3_ALTO,N050-I02,50,2,29,71,GENETICO,204.5382,9060,80410.156667,1608.49,788.016667,0,0,true,true,28,17.647059,16960,2566,54.166667,
OBJ_B3_ALTO,N050-I03,50,3,0,42,GENETICO,189.6109,9060,82904.523333,1735.856667,811.686667,0,0,true,true,28,14.814815,14196,2096,64.460784,
OBJ_B3_ALTO,N050-I03,50,3,0,42,RECOCIDO_SIMULADO,52.6983,4901,82985.82,1741.486667,812.443333,0,0,true,true,28,14.814815,16536,2536,64.460784,451.144969
OBJ_B3_ALTO,N050-I03,50,3,1,43,RECOCIDO_SIMULADO,51.8804,4941,82867.148333,1742.648333,811.245,0,0,true,true,28,14.814815,16574,2476,64.460784,475.85009
OBJ_B3_ALTO,N050-I03,50,3,1,43,GENETICO,194.16,9060,82762.256667,1733.923333,810.283333,0,0,true,true,28,14.814815,14444,2156,64.460784,
OBJ_B3_ALTO,N050-I03,50,3,2,44,GENETICO,188.2549,9060,82904.523333,1735.856667,811.686667,0,0,true,true,28,14.814815,14196,2096,64.460784,
OBJ_B3_ALTO,N050-I03,50,3,2,44,RECOCIDO_SIMULADO,52.3059,4901,82993.803333,1737.136667,812.566667,0,0,true,true,28,14.814815,14324,2112,64.460784,452.466699
OBJ_B3_ALTO,N050-I03,50,3,3,45,RECOCIDO_SIMULADO,51.6949,4821,82885.933333,1739.266667,811.466667,0,0,true,true,28,14.814815,17108,2580,64.460784,417.725747
OBJ_B3_ALTO,N050-I03,50,3,3,45,GENETICO,185.4402,9060,82778.946667,1734.613333,810.443333,0,0,true,true,28,14.814815,14280,2124,64.460784,
OBJ_B3_ALTO,N050-I03,50,3,4,46,GENETICO,263.1172,9060,82920.73,1734.73,811.86,0,0,true,true,28,14.814815,14580,2204,64.460784,
OBJ_B3_ALTO,N050-I03,50,3,4,46,RECOCIDO_SIMULADO,53.1782,4981,82749.51,1741.676667,810.078333,0,0,true,true,28,14.814815,16256,2382,64.460784,498.191048
OBJ_B3_ALTO,N050-I03,50,3,5,47,RECOCIDO_SIMULADO,50.5594,4781,82832.873333,1738.373333,810.945,0,0,true,true,28,14.814815,15592,2360,64.460784,394.537743
OBJ_B3_ALTO,N050-I03,50,3,5,47,GENETICO,241.2363,9060,82843.431667,1735.098333,811.083333,0,0,true,true,28,14.814815,14460,2144,64.460784,
OBJ_B3_ALTO,N050-I03,50,3,6,48,GENETICO,338.0968,9060,82873.445,1735.945,811.375,0,0,true,true,28,14.814815,14592,2204,64.460784,
OBJ_B3_ALTO,N050-I03,50,3,6,48,RECOCIDO_SIMULADO,48.8536,4661,82993.803333,1737.136667,812.566667,0,0,true,true,28,14.814815,14324,2112,64.460784,345.174356
OBJ_B3_ALTO,N050-I03,50,3,7,49,RECOCIDO_SIMULADO,52.9316,4861,82953.221667,1739.388333,812.138333,0,0,true,true,26,11.111111,16606,2536,64.460784,443.607279
OBJ_B3_ALTO,N050-I03,50,3,7,49,GENETICO,185.8642,9060,82912.603333,1735.936667,811.766667,0,0,true,true,28,14.814815,14196,2096,64.460784,
OBJ_B3_ALTO,N050-I03,50,3,8,50,GENETICO,226.3207,9060,82709.971667,1733.138333,809.768333,0,0,true,true,28,14.814815,14504,2158,64.460784,
OBJ_B3_ALTO,N050-I03,50,3,8,50,RECOCIDO_SIMULADO,50.8068,4781,82993.803333,1737.136667,812.566667,0,0,true,true,28,14.814815,14324,2112,64.460784,399.776881
OBJ_B3_ALTO,N050-I03,50,3,9,51,RECOCIDO_SIMULADO,52.941,4941,82883.288333,1738.621667,811.446667,0,0,true,true,24,11.111111,17134,2588,64.460784,475.457706
OBJ_B3_ALTO,N050-I03,50,3,9,51,GENETICO,276.3864,9060,82688.225,1732.225,809.56,0,0,true,true,28,14.814815,14504,2182,64.460784,
OBJ_B3_ALTO,N050-I03,50,3,10,52,GENETICO,187.2565,9060,82826.753333,1735.086667,810.916667,0,0,true,true,28,14.814815,14196,2096,64.460784,
OBJ_B3_ALTO,N050-I03,50,3,10,52,RECOCIDO_SIMULADO,49.7613,4701,82993.803333,1737.136667,812.566667,0,0,true,true,28,14.814815,14324,2112,64.460784,349.418365
OBJ_B3_ALTO,N050-I03,50,3,11,53,RECOCIDO_SIMULADO,51.6283,4821,82972.461667,1737.628333,812.348333,0,0,true,true,28,14.814815,16234,2494,64.460784,421.607888
OBJ_B3_ALTO,N050-I03,50,3,11,53,GENETICO,204.9129,9060,82775.891667,1734.558333,810.413333,0,0,true,true,28,14.814815,14464,2156,64.460784,
OBJ_B3_ALTO,N050-I03,50,3,12,54,GENETICO,190.2941,9060,82899.873333,1736.206667,811.636667,0,0,true,true,28,14.814815,14324,2112,64.460784,
OBJ_B3_ALTO,N050-I03,50,3,12,54,RECOCIDO_SIMULADO,52.3687,4901,82881.975,1743.975,811.38,0,0,true,true,28,14.814815,16918,2514,64.460784,447.619134
OBJ_B3_ALTO,N050-I03,50,3,13,55,RECOCIDO_SIMULADO,52.624,4861,82993.803333,1737.136667,812.566667,0,0,true,true,28,14.814815,14324,2112,64.460784,438.198348
OBJ_B3_ALTO,N050-I03,50,3,13,55,GENETICO,295.6726,9060,82605.715,1730.715,808.75,0,0,true,true,28,14.814815,14012,2098,64.460784,
OBJ_B3_ALTO,N050-I03,50,3,14,56,GENETICO,191.7556,9060,82859.096667,1734.763333,811.243333,0,0,true,true,28,14.814815,14500,2174,64.460784,
OBJ_B3_ALTO,N050-I03,50,3,14,56,RECOCIDO_SIMULADO,51.2994,4861,82878.033333,1737.2,811.408333,0,0,true,true,26,14.814815,15486,2278,64.460784,447.237759
OBJ_B3_ALTO,N050-I03,50,3,15,57,RECOCIDO_SIMULADO,53.5023,4981,82898.505,1736.671667,811.618333,0,0,true,true,26,11.111111,15906,2420,64.460784,501.610634
OBJ_B3_ALTO,N050-I03,50,3,15,57,GENETICO,187.5946,9060,82826.753333,1735.086667,810.916667,0,0,true,true,28,14.814815,14196,2096,64.460784,
OBJ_B3_ALTO,N050-I03,50,3,16,58,GENETICO,315.0912,9060,82628.035,1731.535,808.965,0,0,true,true,28,14.814815,14460,2160,64.460784,
OBJ_B3_ALTO,N050-I03,50,3,16,58,RECOCIDO_SIMULADO,52.796,4901,82927.385,1736.885,811.905,0,0,true,true,28,14.814815,16338,2508,64.460784,453.960337
OBJ_B3_ALTO,N050-I03,50,3,17,59,RECOCIDO_SIMULADO,50.489,4821,82799.578333,1743.078333,810.565,0,0,true,true,26,11.111111,16996,2510,64.460784,424.31164
OBJ_B3_ALTO,N050-I03,50,3,17,59,GENETICO,277.2734,9060,82703.751667,1733.918333,809.698333,0,0,true,true,28,14.814815,14300,2120,64.460784,
OBJ_B3_ALTO,N050-I03,50,3,18,60,GENETICO,189.6802,9060,82891.303333,1734.136667,811.571667,0,0,true,true,28,14.814815,14168,2090,64.460784,
OBJ_B3_ALTO,N050-I03,50,3,18,60,RECOCIDO_SIMULADO,55.3592,4901,82993.803333,1737.136667,812.566667,0,0,true,true,28,14.814815,14324,2112,64.460784,468.722124
OBJ_B3_ALTO,N050-I03,50,3,19,61,RECOCIDO_SIMULADO,53.8637,5021,82795.733333,1739.233333,810.565,0,0,true,true,26,11.111111,16504,2516,64.460784,539.125354
OBJ_B3_ALTO,N050-I03,50,3,19,61,GENETICO,193.3286,9060,82882.291667,1733.458333,811.488333,0,0,true,true,28,14.814815,14780,2182,64.460784,
OBJ_B3_ALTO,N050-I03,50,3,20,62,GENETICO,398.0659,9060,82765.243333,1736.243333,810.29,0,0,true,true,26,11.111111,14856,2190,64.460784,
OBJ_B3_ALTO,N050-I03,50,3,20,62,RECOCIDO_SIMULADO,50.6109,4661,82943.885,1748.385,811.955,0,0,true,true,28,14.814815,17776,2660,64.460784,344.082271
OBJ_B3_ALTO,N050-I03,50,3,21,63,RECOCIDO_SIMULADO,51.2145,4701,82836.043333,1745.543333,810.905,0,0,true,true,28,14.814815,17302,2608,64.460784,355.884113
OBJ_B3_ALTO,N050-I03,50,3,21,63,GENETICO,237.8844,9060,82779.098333,1734.598333,810.445,0,0,true,true,26,11.111111,14592,2166,64.460784,
OBJ_B3_ALTO,N050-I03,50,3,22,64,GENETICO,217.1043,9060,82855.091667,1735.758333,811.193333,0,0,true,true,28,14.814815,14928,2228,64.460784,
OBJ_B3_ALTO,N050-I03,50,3,22,64,RECOCIDO_SIMULADO,51.0731,4821,82993.803333,1737.136667,812.566667,0,0,true,true,28,14.814815,14324,2112,64.460784,407.487287
OBJ_B3_ALTO,N050-I03,50,3,23,65,RECOCIDO_SIMULADO,53.644,4981,82965.086667,1740.086667,812.25,0,0,true,true,24,11.111111,16832,2558,64.460784,503.770264
OBJ_B3_ALTO,N050-I03,50,3,23,65,GENETICO,281.0989,9060,82708.146667,1733.813333,809.743333,0,0,true,true,28,14.814815,14320,2124,64.460784,
OBJ_B3_ALTO,N050-I03,50,3,24,66,GENETICO,207.7767,9060,82778.946667,1734.613333,810.443333,0,0,true,true,28,14.814815,14280,2124,64.460784,
OBJ_B3_ALTO,N050-I03,50,3,24,66,RECOCIDO_SIMULADO,49.7856,4701,82805.785,1736.451667,810.693333,0,0,true,true,26,14.814815,15874,2422,64.460784,363.699202
OBJ_B3_ALTO,N050-I03,50,3,25,67,RECOCIDO_SIMULADO,52.4672,4861,82993.803333,1737.136667,812.566667,0,0,true,true,28,14.814815,14324,2112,64.460784,441.466678
OBJ_B3_ALTO,N050-I03,50,3,25,67,GENETICO,328.7273,9060,82607.56,1732.06,808.755,0,0,true,true,28,14.814815,14724,2200,64.460784,
OBJ_B3_ALTO,N050-I03,50,3,26,68,GENETICO,199.5896,9060,82865.533333,1735.866667,811.296667,0,0,true,true,28,14.814815,14204,2098,64.460784,
OBJ_B3_ALTO,N050-I03,50,3,26,68,RECOCIDO_SIMULADO,52.5754,4901,82993.803333,1737.136667,812.566667,0,0,true,true,28,14.814815,14324,2112,64.460784,467.187126
OBJ_B3_ALTO,N050-I03,50,3,27,69,RECOCIDO_SIMULADO,52.2589,4901,82993.803333,1737.136667,812.566667,0,0,true,true,28,14.814815,14324,2112,64.460784,447.692035
OBJ_B3_ALTO,N050-I03,50,3,27,69,GENETICO,302.9374,9060,82945.996667,1736.663333,812.093333,0,0,true,true,28,14.814815,14408,2140,64.460784,
OBJ_B3_ALTO,N050-I03,50,3,28,70,GENETICO,191.1199,9060,82899.873333,1736.206667,811.636667,0,0,true,true,28,14.814815,14324,2112,64.460784,
OBJ_B3_ALTO,N050-I03,50,3,28,70,RECOCIDO_SIMULADO,52.0295,4821,82993.803333,1737.136667,812.566667,0,0,true,true,28,14.814815,14324,2112,64.460784,407.703636
OBJ_B3_ALTO,N050-I03,50,3,29,71,RECOCIDO_SIMULADO,51.5038,4741,82985.723333,1737.056667,812.486667,0,0,true,true,28,14.814815,14324,2112,64.460784,376.675095
OBJ_B3_ALTO,N050-I03,50,3,29,71,GENETICO,190.8478,9060,82843.986667,1735.653333,811.083333,0,0,true,true,28,14.814815,14480,2152,64.460784,
OBJ_B3_ALTO,N050-I04,50,4,0,42,GENETICO,192.244,9060,87050.743333,1722.576667,853.281667,0,0,true,true,30,12.903226,15710,2288,64.215686,
OBJ_B3_ALTO,N050-I04,50,4,0,42,RECOCIDO_SIMULADO,54.0089,4981,87050.743333,1722.576667,853.281667,0,0,true,true,30,12.903226,15710,2288,64.215686,510.768735
OBJ_B3_ALTO,N050-I04,50,4,1,43,RECOCIDO_SIMULADO,51.7832,4901,86815.031667,1723.365,850.916667,0,0,true,true,32,16.129032,16224,2410,64.215686,464.140968
OBJ_B3_ALTO,N050-I04,50,4,1,43,GENETICO,216.624,9060,87041.443333,1723.276667,853.181667,0,0,true,true,30,12.903226,15966,2320,64.215686,
OBJ_B3_ALTO,N050-I04,50,4,2,44,GENETICO,196.9428,9060,87050.743333,1722.576667,853.281667,0,0,true,true,30,12.903226,15710,2288,64.215686,
OBJ_B3_ALTO,N050-I04,50,4,2,44,RECOCIDO_SIMULADO,52.9945,4981,86805.596667,1723.263333,850.823333,0,0,true,true,32,16.129032,15034,2196,64.215686,518.523225
OBJ_B3_ALTO,N050-I04,50,4,3,45,RECOCIDO_SIMULADO,53.2366,4981,87050.743333,1722.576667,853.281667,0,0,true,true,30,12.903226,15710,2288,64.215686,513.284941
OBJ_B3_ALTO,N050-I04,50,4,3,45,GENETICO,194.301,9060,87041.443333,1723.276667,853.181667,0,0,true,true,30,12.903226,15966,2320,64.215686,
OBJ_B3_ALTO,N050-I04,50,4,4,46,GENETICO,191.8358,9060,86995.593333,1722.426667,852.731667,0,0,true,true,30,12.903226,15838,2304,64.215686,
OBJ_B3_ALTO,N050-I04,50,4,4,46,RECOCIDO_SIMULADO,53.867,4901,86947.146667,1727.813333,852.193333,0,0,true,true,30,12.903226,16622,2486,64.215686,454.689815
OBJ_B3_ALTO,N050-I04,50,4,5,47,RECOCIDO_SIMULADO,53.2154,4861,87014.471667,1727.138333,852.873333,0,0,true,true,32,16.129032,16476,2424,64.215686,445.707314
OBJ_B3_ALTO,N050-I04,50,4,5,47,GENETICO,191.0109,9060,87041.443333,1723.276667,853.181667,0,0,true,true,30,12.903226,15966,2320,64.215686,
OBJ_B3_ALTO,N050-I04,50,4,6,48,GENETICO,190.2905,9060,87050.743333,1722.576667,853.281667,0,0,true,true,30,12.903226,15710,2288,64.215686,
OBJ_B3_ALTO,N050-I04,50,4,6,48,RECOCIDO_SIMULADO,54.2422,5021,87050.743333,1722.576667,853.281667,0,0,true,true,30,12.903226,15710,2288,64.215686,537.672121
OBJ_B3_ALTO,N050-I04,50,4,7,49,RECOCIDO_SIMULADO,51.5123,4861,86807.771667,1728.938333,850.788333,0,0,true,true,32,16.129032,16698,2396,64.215686,431.258171
OBJ_B3_ALTO,N050-I04,50,4,7,49,GENETICO,268.4514,9060,86964.306667,1721.14,852.431667,0,0,true,true,32,16.129032,15848,2346,64.215686,
OBJ_B3_ALTO,N050-I04,50,4,8,50,GENETICO,197.8347,9060,87050.743333,1722.576667,853.281667,0,0,true,true,30,12.903226,15710,2288,64.215686,
OBJ_B3_ALTO,N050-I04,50,4,8,50,RECOCIDO_SIMULADO,53.7488,5021,86835.465,1729.965,851.055,0,0,true,true,32,16.129032,16108,2470,64.215686,534.567191
OBJ_B3_ALTO,N050-I04,50,4,9,51,RECOCIDO_SIMULADO,52.7201,4941,87050.743333,1722.576667,853.281667,0,0,true,true,30,12.903226,15710,2288,64.215686,487.309027
OBJ_B3_ALTO,N050-I04,50,4,9,51,GENETICO,193.3975,9060,86995.593333,1722.426667,852.731667,0,0,true,true,30,12.903226,15838,2304,64.215686,
OBJ_B3_ALTO,N050-I04,50,4,10,52,GENETICO,209.1918,9060,86973.053333,1722.386667,852.506667,0,0,true,true,30,12.903226,15462,2258,64.215686,
OBJ_B3_ALTO,N050-I04,50,4,10,52,RECOCIDO_SIMULADO,55.023,4941,86864.145,1719.645,851.445,0,0,true,true,30,12.903226,15926,2448,64.215686,473.733627
OBJ_B3_ALTO,N050-I04,50,4,11,53,RECOCIDO_SIMULADO,53.7409,4901,86812.468333,1726.468333,850.86,0,0,true,true,30,12.903226,15752,2330,64.215686,451.773785
OBJ_B3_ALTO,N050-I04,50,4,11,53,GENETICO,243.4972,9060,86785.07,1717.57,850.675,0,0,true,true,30,12.903226,14360,2114,64.215686,
OBJ_B3_ALTO,N050-I04,50,4,12,54,GENETICO,232.6613,9060,86884.571667,1717.238333,851.673333,0,0,true,true,32,16.129032,15008,2210,64.215686,
OBJ_B3_ALTO,N050-I04,50,4,12,54,RECOCIDO_SIMULADO,52.7732,4861,86931.41,1722.243333,852.091667,0,0,true,true,32,16.129032,15170,2220,64.215686,441.004423
OBJ_B3_ALTO,N050-I04,50,4,13,55,RECOCIDO_SIMULADO,52.7583,4861,86844.32,1720.82,851.235,0,0,true,true,32,16.129032,14518,2152,64.215686,434.682438
OBJ_B3_ALTO,N050-I04,50,4,13,55,GENETICO,196.1746,9060,87004.893333,1721.726667,852.831667,0,0,true,true,30,12.903226,15582,2272,64.215686,
OBJ_B3_ALTO,N050-I04,50,4,14,56,GENETICO,195.907,9060,87004.893333,1721.726667,852.831667,0,0,true,true,30,12.903226,15582,2272,64.215686,
OBJ_B3_ALTO,N050-I04,50,4,14,56,RECOCIDO_SIMULADO,53.0796,4941,86842.698333,1726.365,851.163333,0,0,true,true,32,16.129032,15974,2358,64.215686,483.661029
OBJ_B3_ALTO,N050-I04,50,4,15,57,RECOCIDO_SIMULADO,52.8389,4981,87050.743333,1722.576667,853.281667,0,0,true,true,30,12.903226,15710,2288,64.215686,515.579742
OBJ_B3_ALTO,N050-I04,50,4,15,57,GENETICO,207.478,9060,86694.261667,1715.428333,849.788333,0,0,true,true,32,16.129032,14612,2178,64.215686,
OBJ_B3_ALTO,N050-I04,50,4,16,58,GENETICO,193.0708,9060,87004.893333,1721.726667,852.831667,0,0,true,true,30,12.903226,15582,2272,64.215686,
OBJ_B3_ALTO,N050-I04,50,4,16,58,RECOCIDO_SIMULADO,53.3685,4861,86796.615,1725.115,850.715,0,0,true,true,32,16.129032,16442,2388,64.215686,431.059415
OBJ_B3_ALTO,N050-I04,50,4,17,59,RECOCIDO_SIMULADO,54.5025,5021,87050.743333,1722.576667,853.281667,0,0,true,true,30,12.903226,15710,2288,64.215686,547.390254
OBJ_B3_ALTO,N050-I04,50,4,17,59,GENETICO,191.6325,9060,86957.12,1720.62,852.365,0,0,true,true,32,16.129032,15970,2348,64.215686,
OBJ_B3_ALTO,N050-I04,50,4,18,60,GENETICO,193.4728,9060,86974.153333,1720.986667,852.531667,0,0,true,true,32,16.129032,15618,2284,64.215686,
OBJ_B3_ALTO,N050-I04,50,4,18,60,RECOCIDO_SIMULADO,53.4684,5021,86950.138333,1724.805,852.253333,0,0,true,true,32,16.129032,15430,2278,64.215686,543.710013
OBJ_B3_ALTO,N050-I04,50,4,19,61,RECOCIDO_SIMULADO,54.8361,5061,86894.583333,1724.916667,851.696667,0,0,true,true,32,16.129032,16144,2394,64.215686,553.011046
OBJ_B3_ALTO,N050-I04,50,4,19,61,GENETICO,205.9967,9060,87001.45,1719.95,852.815,0,0,true,true,32,16.129032,16038,2354,64.215686,
OBJ_B3_ALTO,N050-I04,50,4,20,62,GENETICO,192.3777,9060,87041.443333,1723.276667,853.181667,0,0,true,true,30,12.903226,15966,2320,64.215686,
OBJ_B3_ALTO,N050-I04,50,4,20,62,RECOCIDO_SIMULADO,56.8802,4901,87050.743333,1722.576667,853.281667,0,0,true,true,30,12.903226,15710,2288,64.215686,456.89274
OBJ_B3_ALTO,N050-I04,50,4,21,63,RECOCIDO_SIMULADO,54.0767,4941,87008.415,1728.915,852.795,0,0,true,true,32,16.129032,15624,2306,64.215686,478.13181
OBJ_B3_ALTO,N050-I04,50,4,21,63,GENETICO,541.5425,9060,86913.621667,1718.955,851.946667,0,0,true,true,32,16.129032,15140,2250,64.215686,
OBJ_B3_ALTO,N050-I04,50,4,22,64,GENETICO,237.4115,9060,87010.703333,1722.536667,852.881667,0,0,true,true,32,16.129032,16002,2332,64.215686,
OBJ_B3_ALTO,N050-I04,50,4,22,64,RECOCIDO_SIMULADO,54.9402,5101,86969.153333,1725.653333,852.435,0,0,true,true,30,12.903226,16332,2452,64.215686,582.219032
OBJ_B3_ALTO,N050-I04,50,4,23,65,RECOCIDO_SIMULADO,52.9965,4901,86956.608333,1722.608333,852.34,0,0,true,true,32,16.129032,15880,2386,64.215686,466.869963
OBJ_B3_ALTO,N050-I04,50,4,23,65,GENETICO,186.7094,9060,87004.893333,1721.726667,852.831667,0,0,true,true,30,12.903226,15582,2272,64.215686,
OBJ_B3_ALTO,N050-I04,50,4,24,66,GENETICO,239.3028,9060,86931.436667,1720.603333,852.108333,0,0,true,true,32,16.129032,15122,2180,64.215686,
OBJ_B3_ALTO,N050-I04,50,4,24,66,RECOCIDO_SIMULADO,54.0598,5021,87024.765,1722.598333,853.021667,0,0,true,true,32,16.129032,15336,2370,64.215686,529.110931
OBJ_B3_ALTO,N050-I04,50,4,25,67,RECOCIDO_SIMULADO,56.0107,4941,86836.336667,1730.67,851.056667,0,0,true,true,32,16.129032,16284,2348,64.215686,490.008381
OBJ_B3_ALTO,N050-I04,50,4,25,67,GENETICO,206.9948,9060,87004.643333,1722.476667,852.821667,0,0,true,true,32,16.129032,15954,2324,64.215686,
OBJ_B3_ALTO,N050-I04,50,4,26,68,GENETICO,235.1274,9060,87004.893333,1721.726667,852.831667,0,0,true,true,30,12.903226,15582,2272,64.215686,
OBJ_B3_ALTO,N050-I04,50,4,26,68,RECOCIDO_SIMULADO,53.9005,4981,87028.151667,1727.651667,853.005,0,0,true,true,30,12.903226,15982,2408,64.215686,502.297259
OBJ_B3_ALTO,N050-I04,50,4,27,69,RECOCIDO_SIMULADO,53.0847,4941,87050.743333,1722.576667,853.281667,0,0,true,true,30,12.903226,15710,2288,64.215686,485.047389
OBJ_B3_ALTO,N050-I04,50,4,27,69,GENETICO,204.328,9060,86953.881667,1721.548333,852.323333,0,0,true,true,30,12.903226,15180,2238,64.215686,
OBJ_B3_ALTO,N050-I04,50,4,28,70,GENETICO,200.6825,9060,87031.343333,1723.176667,853.081667,0,0,true,true,30,12.903226,15934,2316,64.215686,
OBJ_B3_ALTO,N050-I04,50,4,28,70,RECOCIDO_SIMULADO,51.3869,4781,86883.145,1725.311667,851.578333,0,0,true,true,30,12.903226,16246,2378,64.215686,393.290692
OBJ_B3_ALTO,N050-I04,50,4,29,71,RECOCIDO_SIMULADO,53.0091,4901,87050.743333,1722.576667,853.281667,0,0,true,true,30,12.903226,15710,2288,64.215686,457.578304
OBJ_B3_ALTO,N050-I04,50,4,29,71,GENETICO,192.6771,9060,86995.593333,1722.426667,852.731667,0,0,true,true,30,12.903226,15838,2304,64.215686,
OBJ_B3_ALTO,N050-I05,50,5,0,42,GENETICO,256.2914,9060,84000.065,1518.231667,824.818333,0,0,true,true,26,11.428571,14534,2156,65.686275,
OBJ_B3_ALTO,N050-I05,50,5,0,42,RECOCIDO_SIMULADO,49.4848,4661,83798.253333,1523.753333,822.745,0,0,true,true,26,11.428571,16322,2414,65.686275,341.459488
OBJ_B3_ALTO,N050-I05,50,5,1,43,RECOCIDO_SIMULADO,51.7351,4821,84070.665,1518.831667,825.518333,0,0,true,true,26,11.428571,14502,2152,65.686275,420.584026
OBJ_B3_ALTO,N050-I05,50,5,1,43,GENETICO,269.5782,9060,84018.015,1518.181667,824.998333,0,0,true,true,26,11.428571,14730,2196,65.686275,
OBJ_B3_ALTO,N050-I05,50,5,2,44,GENETICO,206.3457,9060,83970.383333,1518.383333,824.52,0,0,true,true,26,11.428571,14770,2210,65.686275,
OBJ_B3_ALTO,N050-I05,50,5,2,44,RECOCIDO_SIMULADO,54.086,4901,84064.133333,1528.3,825.358333,0,0,true,true,28,14.285714,17018,2544,65.686275,460.603516
OBJ_B3_ALTO,N050-I05,50,5,3,45,RECOCIDO_SIMULADO,51.4844,4781,83829.528333,1521.528333,823.08,0,0,true,true,26,11.428571,14966,2254,65.686275,401.860152
OBJ_B3_ALTO,N050-I05,50,5,3,45,GENETICO,188.1928,9060,84070.665,1518.831667,825.518333,0,0,true,true,26,11.428571,14502,2152,65.686275,
OBJ_B3_ALTO,N050-I05,50,5,4,46,GENETICO,187.6159,9060,84000.065,1518.231667,824.818333,0,0,true,true,26,11.428571,14534,2156,65.686275,
OBJ_B3_ALTO,N050-I05,50,5,4,46,RECOCIDO_SIMULADO,51.2329,4701,83876.351667,1524.185,823.521667,0,0,true,true,26,11.428571,14762,2200,65.686275,362.548796
OBJ_B3_ALTO,N050-I05,50,5,5,47,RECOCIDO_SIMULADO,51.1552,4821,83807.346667,1523.513333,822.838333,0,0,true,true,26,11.428571,16054,2472,65.686275,423.175659
OBJ_B3_ALTO,N050-I05,50,5,5,47,GENETICO,188.2088,9060,84040.415,1518.581667,825.218333,0,0,true,true,26,11.428571,14518,2154,65.686275,
OBJ_B3_ALTO,N050-I05,50,5,6,48,GENETICO,193.0087,9060,83979.815,1517.981667,824.618333,0,0,true,true,26,11.428571,14662,2202,65.686275,
OBJ_B3_ALTO,N050-I05,50,5,6,48,RECOCIDO_SIMULADO,51.2874,4821,83812.93,1531.096667,822.818333,0,0,true,true,26,11.428571,16026,2358,65.686275,410.407428
OBJ_B3_ALTO,N050-I05,50,5,7,49,RECOCIDO_SIMULADO,53.3269,4901,84001.438333,1526.771667,824.746667,0,0,true,true,28,11.428571,16240,2440,65.686275,458.04005
OBJ_B3_ALTO,N050-I05,50,5,7,49,GENETICO,188.4712,9060,84055.515,1518.681667,825.368333,0,0,true,true,26,11.428571,14502,2152,65.686275,
OBJ_B3_ALTO,N050-I05,50,5,8,50,GENETICO,260.4367,9060,84027.076667,1517.41,825.096667,0,0,true,true,26,11.428571,14630,2178,65.686275,
OBJ_B3_ALTO,N050-I05,50,5,8,50,RECOCIDO_SIMULADO,50.2732,4701,83989.25,1524.083333,824.651667,0,0,true,true,26,8.571429,16440,2492,65.686275,358.622183
OBJ_B3_ALTO,N050-I05,50,5,9,51,RECOCIDO_SIMULADO,50.77,4661,83835.53,1518.03,823.175,0,0,true,true,28,11.428571,15614,2348,65.686275,346.090777
OBJ_B3_ALTO,N050-I05,50,5,9,51,GENETICO,195.3865,9060,83980.165,1518.331667,824.618333,0,0,true,true,26,11.428571,14174,2086,65.686275,
OBJ_B3_ALTO,N050-I05,50,5,10,52,GENETICO,196.3171,9060,83927.878333,1516.378333,824.115,0,0,true,true,26,11.428571,14840,2214,65.686275,
OBJ_B3_ALTO,N050-I05,50,5,10,52,RECOCIDO_SIMULADO,49.8744,4701,83614.973333,1526.973333,820.88,0,0,true,true,26,11.428571,15824,2312,65.686275,356.811837
OBJ_B3_ALTO,N050-I05,50,5,11,53,RECOCIDO_SIMULADO,50.6622,4741,83827.846667,1524.68,823.031667,0,0,true,true,26,11.428571,15662,2312,65.686275,378.425144
OBJ_B3_ALTO,N050-I05,50,5,11,53,GENETICO,187.4765,9060,84070.665,1518.831667,825.518333,0,0,true,true,26,11.428571,14502,2152,65.686275,
OBJ_B3_ALTO,N050-I05,50,5,12,54,GENETICO,190.2165,9060,84040.415,1518.581667,825.218333,0,0,true,true,26,11.428571,14518,2154,65.686275,
OBJ_B3_ALTO,N050-I05,50,5,12,54,RECOCIDO_SIMULADO,52.4885,4821,83870.62,1518.286667,823.523333,0,0,true,true,26,11.428571,15206,2294,65.686275,409.647074
OBJ_B3_ALTO,N050-I05,50,5,13,55,RECOCIDO_SIMULADO,50.1363,4661,83760.17,1527.003333,822.331667,0,0,true,true,26,11.428571,15964,2356,65.686275,340.733619
OBJ_B3_ALTO,N050-I05,50,5,13,55,GENETICO,203.7479,9060,83973.596667,1516.93,824.566667,0,0,true,true,26,11.428571,15130,2296,65.686275,
OBJ_B3_ALTO,N050-I05,50,5,14,56,GENETICO,190.0501,9060,84040.415,1518.581667,825.218333,0,0,true,true,26,11.428571,14518,2154,65.686275,
OBJ_B3_ALTO,N050-I05,50,5,14,56,RECOCIDO_SIMULADO,52.9207,4901,84047.446667,1519.78,825.276667,0,0,true,true,26,11.428571,15402,2294,65.686275,456.742543
OBJ_B3_ALTO,N050-I05,50,5,15,57,RECOCIDO_SIMULADO,50.4757,4741,83960.153333,1528.153333,824.32,0,0,true,true,30,14.285714,16776,2442,65.686275,383.568193
OBJ_B3_ALTO,N050-I05,50,5,15,57,GENETICO,209.229,9060,84015.165,1518.331667,824.968333,0,0,true,true,26,11.428571,14518,2154,65.686275,
OBJ_B3_ALTO,N050-I05,50,5,16,58,GENETICO,190.7814,9060,83994.915,1518.081667,824.768333,0,0,true,true,26,11.428571,14646,2200,65.686275,
OBJ_B3_ALTO,N050-I05,50,5,16,58,RECOCIDO_SIMULADO,51.5563,4781,83750.771667,1524.105,822.266667,0,0,true,true,26,11.428571,15816,2376,65.686275,392.924379
OBJ_B3_ALTO,N050-I05,50,5,17,59,RECOCIDO_SIMULADO,52.7932,4901,83855.908333,1525.408333,823.305,0,0,true,true,26,11.428571,15372,2314,65.686275,462.830138
OBJ_B3_ALTO,N050-I05,50,5,17,59,GENETICO,189.1754,9060,84055.515,1518.681667,825.368333,0,0,true,true,26,11.428571,14502,2152,65.686275,
OBJ_B3_ALTO,N050-I05,50,5,18,60,GENETICO,186.6705,9060,84000.065,1518.231667,824.818333,0,0,true,true,26,11.428571,14534,2156,65.686275,
OBJ_B3_ALTO,N050-I05,50,5,18,60,RECOCIDO_SIMULADO,52.9848,4901,83944.64,1529.806667,824.148333,0,0,true,true,26,11.428571,16410,2360,65.686275,466.911584
OBJ_B3_ALTO,N050-I05,50,5,19,61,RECOCIDO_SIMULADO,53.1694,4941,83916.423333,1523.423333,823.93,0,0,true,true,26,11.428571,16288,2468,65.686275,476.72686
OBJ_B3_ALTO,N050-I05,50,5,19,61,GENETICO,199.6489,9060,83886.973333,1515.973333,823.71,0,0,true,true,26,11.428571,14660,2208,65.686275,
OBJ_B3_ALTO,N050-I05,50,5,20,62,GENETICO,185.5481,9060,84055.515,1518.681667,825.368333,0,0,true,true,26,11.428571,14502,2152,65.686275,
OBJ_B3_ALTO,N050-I05,50,5,20,62,RECOCIDO_SIMULADO,50.1263,4701,84026.045,1522.045,825.04,0,0,true,true,28,11.428571,16536,2478,65.686275,347.039638
OBJ_B3_ALTO,N050-I05,50,5,21,63,RECOCIDO_SIMULADO,51.3774,4701,84035.788333,1523.788333,825.12,0,0,true,true,26,11.428571,16408,2486,65.686275,360.758741
OBJ_B3_ALTO,N050-I05,50,5,21,63,GENETICO,193.2858,9060,84015.165,1518.331667,824.968333,0,0,true,true,26,11.428571,14518,2154,65.686275,
OBJ_B3_ALTO,N050-I05,50,5,22,64,GENETICO,211.348,9060,83878.943333,1515.943333,823.63,0,0,true,true,26,11.428571,14252,2116,65.686275,
OBJ_B3_ALTO,N050-I05,50,5,22,64,RECOCIDO_SIMULADO,51.7694,4901,83796.701667,1528.035,822.686667,0,0,true,true,26,11.428571,15366,2244,65.686275,463.164838
OBJ_B3_ALTO,N050-I05,50,5,23,65,RECOCIDO_SIMULADO,57.8851,5021,83919.028333,1526.528333,823.925,0,0,true,true,26,11.428571,16394,2498,65.686275,528.721386
OBJ_B3_ALTO,N050-I05,50,5,23,65,GENETICO,190.2429,9060,84055.565,1518.731667,825.368333,0,0,true,true,26,11.428571,14518,2154,65.686275,
OBJ_B3_ALTO,N050-I05,50,5,24,66,GENETICO,203.7838,9060,83984.173333,1518.173333,824.66,0,0,true,true,26,11.428571,14704,2206,65.686275,
OBJ_B3_ALTO,N050-I05,50,5,24,66,RECOCIDO_SIMULADO,51.6185,4781,83861.323333,1523.323333,823.38,0,0,true,true,26,11.428571,16602,2476,65.686275,396.912426
OBJ_B3_ALTO,N050-I05,50,5,25,67,RECOCIDO_SIMULADO,51.6882,4861,83861.766667,1527.1,823.346667,0,0,true,true,26,11.428571,16972,2554,65.686275,425.904209
OBJ_B3_ALTO,N050-I05,50,5,25,67,GENETICO,189.7247,9060,84055.515,1518.681667,825.368333,0,0,true,true,26,11.428571,14502,2152,65.686275,
OBJ_B3_ALTO,N050-I05,50,5,26,68,GENETICO,191.5539,9060,84070.665,1518.831667,825.518333,0,0,true,true,26,11.428571,14502,2152,65.686275,
OBJ_B3_ALTO,N050-I05,50,5,26,68,RECOCIDO_SIMULADO,50.4925,4741,84000.226667,1524.226667,824.76,0,0,true,true,28,14.285714,15858,2392,65.686275,369.478229
OBJ_B3_ALTO,N050-I05,50,5,27,69,RECOCIDO_SIMULADO,51.3288,4701,83934.163333,1518.496667,824.156667,0,0,true,true,28,11.428571,15848,2432,65.686275,354.766925
OBJ_B3_ALTO,N050-I05,50,5,27,69,GENETICO,196.2148,9060,84040.415,1518.581667,825.218333,0,0,true,true,26,11.428571,14518,2154,65.686275,
OBJ_B3_ALTO,N050-I05,50,5,28,70,GENETICO,210.5689,9060,83801.335,1517.501667,822.838333,0,0,true,true,26,11.428571,14566,2146,65.686275,
OBJ_B3_ALTO,N050-I05,50,5,28,70,RECOCIDO_SIMULADO,51.7349,4781,83824.785,1523.951667,823.008333,0,0,true,true,28,11.428571,15924,2382,65.686275,387.858576
OBJ_B3_ALTO,N050-I05,50,5,29,71,RECOCIDO_SIMULADO,52.9987,4781,83811.786667,1527.62,822.841667,0,0,true,true,26,11.428571,17050,2514,65.686275,393.45444
OBJ_B3_ALTO,N050-I05,50,5,29,71,GENETICO,243.286,9060,83980.11,1516.776667,824.633333,0,0,true,true,26,11.428571,14750,2198,65.686275,
OBJ_B3_BAJO,N025-I01,25,1,0,42,GENETICO,193.3508,9060,22591.055,606.388333,219.846667,0,0,true,true,44,20,10384,1454,42.401961,
OBJ_B3_BAJO,N025-I01,25,1,0,42,RECOCIDO_SIMULADO,29.1741,4341,22595.201667,608.868333,219.863333,0,0,true,true,48,26.666667,10480,1452,42.401961,224.368883
OBJ_B3_BAJO,N025-I01,25,1,1,43,RECOCIDO_SIMULADO,30.1111,4461,22577.646667,610.813333,219.668333,0,0,true,true,48,26.666667,10672,1468,42.401961,259.893473
OBJ_B3_BAJO,N025-I01,25,1,1,43,GENETICO,244.906,9060,22590.005,605.338333,219.846667,0,0,true,true,44,20,10144,1424,42.401961,
OBJ_B3_BAJO,N025-I01,25,1,2,44,GENETICO,106.0616,9060,22697.865,607.198333,220.906667,0,0,true,true,44,20,10424,1456,42.401961,
OBJ_B3_BAJO,N025-I01,25,1,2,44,RECOCIDO_SIMULADO,30.6577,4501,22569.461667,611.628333,219.578333,0,0,true,true,48,26.666667,10536,1416,42.401961,278.44757
OBJ_B3_BAJO,N025-I01,25,1,3,45,RECOCIDO_SIMULADO,29.9382,4581,22557.401667,610.068333,219.473333,0,0,true,true,48,26.666667,10752,1436,42.401961,310.106015
OBJ_B3_BAJO,N025-I01,25,1,3,45,GENETICO,272.9157,9060,22544.381667,604.548333,219.398333,0,0,true,true,48,26.666667,10600,1488,42.401961,
OBJ_B3_BAJO,N025-I01,25,1,4,46,GENETICO,209.3519,9060,22535.991667,605.158333,219.308333,0,0,true,true,48,26.666667,10528,1476,42.401961,
OBJ_B3_BAJO,N025-I01,25,1,4,46,RECOCIDO_SIMULADO,32.7101,4461,22596.671667,617.838333,219.788333,0,0,true,true,48,26.666667,10120,1352,42.401961,267.966511
OBJ_B3_BAJO,N025-I01,25,1,5,47,RECOCIDO_SIMULADO,30.5218,4621,22567.961667,610.128333,219.578333,0,0,true,true,48,26.666667,10264,1382,42.401961,318.33296
OBJ_B3_BAJO,N025-I01,25,1,5,47,GENETICO,159.0598,9060,22590.705,606.038333,219.846667,0,0,true,true,44,20,10224,1434,42.401961,
OBJ_B3_BAJO,N025-I01,25,1,6,48,GENETICO,172.4733,9060,22648.605,603.938333,220.446667,0,0,true,true,44,20,10160,1446,42.401961,
OBJ_B3_BAJO,N025-I01,25,1,6,48,RECOCIDO_SIMULADO,29.8707,4501,22541.646667,610.813333,219.308333,0,0,true,true,48,26.666667,10300,1386,42.401961,271.479455
OBJ_B3_BAJO,N025-I01,25,1,7,49,RECOCIDO_SIMULADO,29.2063,4421,22565.781667,609.448333,219.563333,0,0,true,true,48,26.666667,10568,1444,42.401961,244.28834
OBJ_B3_BAJO,N025-I01,25,1,7,49,GENETICO,288.0473,9060,22602.525,605.858333,219.966667,0,0,true,true,44,20,10112,1424,42.401961,
OBJ_B3_BAJO,N025-I01,25,1,8,50,GENETICO,198.6855,9060,22639.971667,606.138333,220.338333,0,0,true,true,48,26.666667,10432,1460,42.401961,
OBJ_B3_BAJO,N025-I01,25,1,8,50,RECOCIDO_SIMULADO,29.6714,4501,22583.665,609.998333,219.736667,0,0,true,true,52,33.333333,11088,1514,42.401961,270.576052
OBJ_B3_BAJO,N025-I01,25,1,9,51,RECOCIDO_SIMULADO,29.7045,4421,22569.316667,611.483333,219.578333,0,0,true,true,48,26.666667,10164,1378,42.401961,247.06906
OBJ_B3_BAJO,N025-I01,25,1,9,51,GENETICO,144.5884,9060,22571.01,605.843333,219.651667,0,0,true,true,44,20,10276,1434,42.401961,
OBJ_B3_BAJO,N025-I01,25,1,10,52,GENETICO,170.0774,9060,22576.161667,604.828333,219.713333,0,0,true,true,48,26.666667,10616,1476,42.401961,
OBJ_B3_BAJO,N025-I01,25,1,10,52,RECOCIDO_SIMULADO,29.4075,4501,22585.116667,610.783333,219.743333,0,0,true,true,48,26.666667,10688,1504,42.401961,277.318243
OBJ_B3_BAJO,N025-I01,25,1,11,53,RECOCIDO_SIMULADO,29.289,4461,22558.081667,612.248333,219.458333,0,0,true,true,48,26.666667,10592,1412,42.401961,255.90468
OBJ_B3_BAJO,N025-I01,25,1,11,53,GENETICO,128.7174,9060,22591.055,606.388333,219.846667,0,0,true,true,44,20,10208,1432,42.401961,
OBJ_B3_BAJO,N025-I01,25,1,12,54,GENETICO,132.7319,9060,22569.786667,604.453333,219.653333,0,0,true,true,48,26.666667,10692,1508,42.401961,
OBJ_B3_BAJO,N025-I01,25,1,12,54,RECOCIDO_SIMULADO,29.4083,4461,22604.451667,610.618333,219.938333,0,0,true,true,48,26.666667,10816,1484,42.401961,263.983968
OBJ_B3_BAJO,N025-I01,25,1,13,55,RECOCIDO_SIMULADO,29.2137,4341,22577.596667,610.763333,219.668333,0,0,true,true,48,26.666667,10108,1362,42.401961,224.218935
OBJ_B3_BAJO,N025-I01,25,1,13,55,GENETICO,283.876,9060,22571.301667,604.468333,219.668333,0,0,true,true,48,26.666667,10688,1508,42.401961,
OBJ_B3_BAJO,N025-I01,25,1,14,56,GENETICO,260.2086,9060,22555.586667,605.253333,219.503333,0,0,true,true,48,26.666667,10732,1508,42.401961,
OBJ_B3_BAJO,N025-I01,25,1,14,56,RECOCIDO_SIMULADO,29.6614,4421,22551.631667,611.798333,219.398333,0,0,true,true,48,26.666667,10264,1376,42.401961,253.895667
OBJ_B3_BAJO,N025-I01,25,1,15,57,RECOCIDO_SIMULADO,29.5259,4341,22618.846667,610.013333,220.088333,0,0,true,true,48,26.666667,10580,1456,42.401961,227.823707
OBJ_B3_BAJO,N025-I01,25,1,15,57,GENETICO,211.1382,9060,22590.105,605.438333,219.846667,0,0,true,true,44,20,10208,1432,42.401961,
OBJ_B3_BAJO,N025-I01,25,1,16,58,GENETICO,177.579,9060,22544.831667,604.998333,219.398333,0,0,true,true,48,26.666667,10504,1476,42.401961,
OBJ_B3_BAJO,N025-I01,25,1,16,58,RECOCIDO_SIMULADO,30.2486,4541,22539.406667,608.573333,219.308333,0,0,true,true,48,26.666667,11140,1528,42.401961,288.141004
OBJ_B3_BAJO,N025-I01,25,1,17,59,RECOCIDO_SIMULADO,30.139,4421,22603.21,620.543333,219.826667,0,0,true,true,52,33.333333,10868,1428,42.401961,248.495483
OBJ_B3_BAJO,N025-I01,25,1,17,59,GENETICO,163.4021,9060,22651.891667,606.058333,220.458333,0,0,true,true,48,26.666667,10480,1470,42.401961,
OBJ_B3_BAJO,N025-I01,25,1,18,60,GENETICO,176.8356,9060,22581.265,605.598333,219.756667,0,0,true,true,44,20,10232,1432,42.401961,
OBJ_B3_BAJO,N025-I01,25,1,18,60,RECOCIDO_SIMULADO,30.1668,4461,22558.656667,608.323333,219.503333,0,0,true,true,48,26.666667,10964,1516,42.401961,264.893171
OBJ_B3_BAJO,N025-I01,25,1,19,61,RECOCIDO_SIMULADO,29.5691,4421,22567.341667,611.008333,219.563333,0,0,true,true,48,26.666667,10664,1458,42.401961,250.094095
OBJ_B3_BAJO,N025-I01,25,1,19,61,GENETICO,285.0147,9060,22544.381667,604.548333,219.398333,0,0,true,true,48,26.666667,10600,1488,42.401961,
OBJ_B3_BAJO,N025-I01,25,1,20,62,GENETICO,269.7323,9060,22535.991667,605.158333,219.308333,0,0,true,true,48,26.666667,10528,1476,42.401961,
OBJ_B3_BAJO,N025-I01,25,1,20,62,RECOCIDO_SIMULADO,30.376,4461,22575.391667,608.558333,219.668333,0,0,true,true,48,26.666667,9944,1368,42.401961,256.508145
OBJ_B3_BAJO,N025-I01,25,1,21,63,RECOCIDO_SIMULADO,29.8876,4421,22633.276667,610.943333,220.223333,0,0,true,true,48,26.666667,9790,1362,42.401961,252.116905
OBJ_B3_BAJO,N025-I01,25,1,21,63,GENETICO,276.8231,9060,22535.991667,605.158333,219.308333,0,0,true,true,48,26.666667,10528,1476,42.401961,
OBJ_B3_BAJO,N025-I01,25,1,22,64,GENETICO,125.0811,9060,22590.355,605.688333,219.846667,0,0,true,true,44,20,10384,1454,42.401961,
OBJ_B3_BAJO,N025-I01,25,1,22,64,RECOCIDO_SIMULADO,30.2625,4541,22596.081667,609.748333,219.863333,0,0,true,true,48,26.666667,10576,1460,42.401961,295.767732
OBJ_B3_BAJO,N025-I01,25,1,23,65,RECOCIDO_SIMULADO,30.5199,4581,22618.156667,610.823333,220.073333,0,0,true,true,48,26.666667,11580,1598,42.401961,302.383303
OBJ_B3_BAJO,N025-I01,25,1,23,65,GENETICO,190.4435,9060,22651.891667,606.058333,220.458333,0,0,true,true,48,26.666667,10480,1470,42.401961,
OBJ_B3_BAJO,N025-I01,25,1,24,66,GENETICO,255.3489,9060,22590.355,605.688333,219.846667,0,0,true,true,44,20,10384,1454,42.401961,
OBJ_B3_BAJO,N025-I01,25,1,24,66,RECOCIDO_SIMULADO,30.7206,4461,22582.031667,609.198333,219.728333,0,0,true,true,48,26.666667,10280,1408,42.401961,265.749033
OBJ_B3_BAJO,N025-I01,25,1,25,67,RECOCIDO_SIMULADO,29.41,4461,22554.886667,607.553333,219.473333,0,0,true,true,48,26.666667,10428,1420,42.401961,259.579614
OBJ_B3_BAJO,N025-I01,25,1,25,67,GENETICO,197.8587,9060,22544.381667,604.548333,219.398333,0,0,true,true,48,26.666667,10600,1488,42.401961,
OBJ_B3_BAJO,N025-I01,25,1,26,68,GENETICO,201.7119,9060,22535.841667,605.008333,219.308333,0,0,true,true,48,26.666667,10624,1488,42.401961,
OBJ_B3_BAJO,N025-I01,25,1,26,68,RECOCIDO_SIMULADO,29.4417,4501,22608.061667,618.728333,219.893333,0,0,true,true,48,26.666667,9850,1364,42.401961,278.397369
OBJ_B3_BAJO,N025-I01,25,1,27,69,RECOCIDO_SIMULADO,30.0489,4461,22556.226667,608.893333,219.473333,0,0,true,true,48,26.666667,10284,1388,42.401961,264.522949
OBJ_B3_BAJO,N025-I01,25,1,27,69,GENETICO,193.2806,9060,22570.31,605.143333,219.651667,0,0,true,true,44,20,10068,1408,42.401961,
OBJ_B3_BAJO,N025-I01,25,1,28,70,GENETICO,236.417,9060,22590.805,606.138333,219.846667,0,0,true,true,44,20,10448,1462,42.401961,
OBJ_B3_BAJO,N025-I01,25,1,28,70,RECOCIDO_SIMULADO,30.6003,4581,22575.916667,607.583333,219.683333,0,0,true,true,48,26.666667,11644,1628,42.401961,297.784718
OBJ_B3_BAJO,N025-I01,25,1,29,71,RECOCIDO_SIMULADO,30.1651,4461,22570.056667,607.723333,219.623333,0,0,true,true,48,26.666667,10772,1512,42.401961,256.219892
OBJ_B3_BAJO,N025-I01,25,1,29,71,GENETICO,318.8113,9060,22575.546667,604.213333,219.713333,0,0,true,true,48,26.666667,10948,1542,42.401961,
OBJ_B3_BAJO,N025-I02,25,2,0,42,GENETICO,123.4223,9060,11841.03,431.696667,114.093333,0,0,true,true,56,15.384615,11648,1702,31.617647,
OBJ_B3_BAJO,N025-I02,25,2,0,42,RECOCIDO_SIMULADO,29.1548,4301,11841.03,431.696667,114.093333,0,0,true,true,56,15.384615,11648,1702,31.617647,208.173216
OBJ_B3_BAJO,N025-I02,25,2,1,43,RECOCIDO_SIMULADO,28.4119,4301,11841.03,431.696667,114.093333,0,0,true,true,56,15.384615,11648,1702,31.617647,217.079958
OBJ_B3_BAJO,N025-I02,25,2,1,43,GENETICO,126.384,9060,11841.03,431.696667,114.093333,0,0,true,true,56,15.384615,11648,1702,31.617647,
OBJ_B3_BAJO,N025-I02,25,2,2,44,GENETICO,125.5108,9060,11841.03,431.696667,114.093333,0,0,true,true,56,15.384615,11648,1702,31.617647,
OBJ_B3_BAJO,N025-I02,25,2,2,44,RECOCIDO_SIMULADO,27.7122,4181,11841.03,431.696667,114.093333,0,0,true,true,56,15.384615,11648,1702,31.617647,177.915806
OBJ_B3_BAJO,N025-I02,25,2,3,45,RECOCIDO_SIMULADO,27.4601,4061,11833.393333,440.56,113.928333,0,0,true,true,56,15.384615,11174,1560,31.617647,158.665844
OBJ_B3_BAJO,N025-I02,25,2,3,45,GENETICO,137.894,9060,11841.03,431.696667,114.093333,0,0,true,true,56,15.384615,11648,1702,31.617647,
OBJ_B3_BAJO,N025-I02,25,2,4,46,GENETICO,125.4501,9060,11841.03,431.696667,114.093333,0,0,true,true,56,15.384615,11648,1702,31.617647,
OBJ_B3_BAJO,N025-I02,25,2,4,46,RECOCIDO_SIMULADO,28.5521,4261,11838.09,445.256667,113.928333,0,0,true,true,56,15.384615,11498,1656,31.617647,197.891493
OBJ_B3_BAJO,N025-I02,25,2,5,47,RECOCIDO_SIMULADO,30.0088,4341,11841.03,431.696667,114.093333,0,0,true,true,56,15.384615,11648,1702,31.617647,223.851387
OBJ_B3_BAJO,N025-I02,25,2,5,47,GENETICO,121.7197,9060,11841.03,431.696667,114.093333,0,0,true,true,56,15.384615,11648,1702,31.617647,
OBJ_B3_BAJO,N025-I02,25,2,6,48,GENETICO,123.1282,9060,11841.03,431.696667,114.093333,0,0,true,true,56,15.384615,11648,1702,31.617647,
OBJ_B3_BAJO,N025-I02,25,2,6,48,RECOCIDO_SIMULADO,27.3181,4061,11836.526667,443.693333,113.928333,0,0,true,true,56,15.384615,10730,1582,31.617647,152.632083
OBJ_B3_BAJO,N025-I02,25,2,7,49,RECOCIDO_SIMULADO,28.119,4061,11841.03,431.696667,114.093333,0,0,true,true,56,15.384615,11648,1702,31.617647,155.172926
OBJ_B3_BAJO,N025-I02,25,2,7,49,GENETICO,134.272,9060,11841.03,431.696667,114.093333,0,0,true,true,56,15.384615,11648,1702,31.617647,
OBJ_B3_BAJO,N025-I02,25,2,8,50,GENETICO,125.8303,9060,11841.03,431.696667,114.093333,0,0,true,true,56,15.384615,11648,1702,31.617647,
OBJ_B3_BAJO,N025-I02,25,2,8,50,RECOCIDO_SIMULADO,30.2149,4341,11841.03,431.696667,114.093333,0,0,true,true,56,15.384615,11648,1702,31.617647,224.231177
OBJ_B3_BAJO,N025-I02,25,2,9,51,RECOCIDO_SIMULADO,27.9231,4301,11841.03,431.696667,114.093333,0,0,true,true,56,15.384615,11648,1702,31.617647,208.591285
OBJ_B3_BAJO,N025-I02,25,2,9,51,GENETICO,128.4485,9060,11841.03,431.696667,114.093333,0,0,true,true,56,15.384615,11648,1702,31.617647,
OBJ_B3_BAJO,N025-I02,25,2,10,52,GENETICO,158.912,9060,11841.03,431.696667,114.093333,0,0,true,true,56,15.384615,11648,1702,31.617647,
OBJ_B3_BAJO,N025-I02,25,2,10,52,RECOCIDO_SIMULADO,29.9306,4381,11841.03,431.696667,114.093333,0,0,true,true,56,15.384615,11648,1702,31.617647,241.140038
OBJ_B3_BAJO,N025-I02,25,2,11,53,RECOCIDO_SIMULADO,28.0566,4261,11841.03,431.696667,114.093333,0,0,true,true,56,15.384615,11648,1702,31.617647,203.540001
OBJ_B3_BAJO,N025-I02,25,2,11,53,GENETICO,119.7309,9060,11841.03,431.696667,114.093333,0,0,true,true,56,15.384615,11648,1702,31.617647,
OBJ_B3_BAJO,N025-I02,25,2,12,54,GENETICO,168.4831,9060,11841.03,431.696667,114.093333,0,0,true,true,56,15.384615,11648,1702,31.617647,
OBJ_B3_BAJO,N025-I02,25,2,12,54,RECOCIDO_SIMULADO,31.3997,4381,11841.03,431.696667,114.093333,0,0,true,true,56,15.384615,11648,1702,31.617647,235.728053
OBJ_B3_BAJO,N025-I02,25,2,13,55,RECOCIDO_SIMULADO,28.6113,4341,11841.03,431.696667,114.093333,0,0,true,true,56,15.384615,11648,1702,31.617647,224.90306
OBJ_B3_BAJO,N025-I02,25,2,13,55,GENETICO,128.4157,9060,11841.03,431.696667,114.093333,0,0,true,true,56,15.384615,11648,1702,31.617647,
OBJ_B3_BAJO,N025-I02,25,2,14,56,GENETICO,161.7226,9060,11841.03,431.696667,114.093333,0,0,true,true,56,15.384615,11648,1702,31.617647,
OBJ_B3_BAJO,N025-I02,25,2,14,56,RECOCIDO_SIMULADO,29.0608,4221,11834.506667,441.673333,113.928333,0,0,true,true,56,15.384615,11452,1652,31.617647,195.2042
OBJ_B3_BAJO,N025-I02,25,2,15,57,RECOCIDO_SIMULADO,29.2747,4341,11841.03,431.696667,114.093333,0,0,true,true,56,15.384615,11648,1702,31.617647,228.545875
OBJ_B3_BAJO,N025-I02,25,2,15,57,GENETICO,125.3318,9060,11841.03,431.696667,114.093333,0,0,true,true,56,15.384615,11648,1702,31.617647,
OBJ_B3_BAJO,N025-I02,25,2,16,58,GENETICO,173.683,9060,11841.03,431.696667,114.093333,0,0,true,true,56,15.384615,11648,1702,31.617647,
OBJ_B3_BAJO,N025-I02,25,2,16,58,RECOCIDO_SIMULADO,28.1311,4101,11829.493333,436.66,113.928333,0,0,true,true,56,15.384615,10966,1576,31.617647,164.800903
OBJ_B3_BAJO,N025-I02,25,2,17,59,RECOCIDO_SIMULADO,27.9226,4181,11841.03,431.696667,114.093333,0,0,true,true,56,15.384615,11648,1702,31.617647,178.165759
OBJ_B3_BAJO,N025-I02,25,2,17,59,GENETICO,123.9672,9060,11841.03,431.696667,114.093333,0,0,true,true,56,15.384615,11648,1702,31.617647,
OBJ_B3_BAJO,N025-I02,25,2,18,60,GENETICO,133.6383,9060,11841.03,431.696667,114.093333,0,0,true,true,56,15.384615,11648,1702,31.617647,
OBJ_B3_BAJO,N025-I02,25,2,18,60,RECOCIDO_SIMULADO,29.0907,4421,11841.03,431.696667,114.093333,0,0,true,true,56,15.384615,11648,1702,31.617647,248.958177
OBJ_B3_BAJO,N025-I02,25,2,19,61,RECOCIDO_SIMULADO,28.2869,4301,11841.03,431.696667,114.093333,0,0,true,true,56,15.384615,11648,1702,31.617647,212.113737
OBJ_B3_BAJO,N025-I02,25,2,19,61,GENETICO,126.2785,9060,11841.03,431.696667,114.093333,0,0,true,true,56,15.384615,11648,1702,31.617647,
OBJ_B3_BAJO,N025-I02,25,2,20,62,GENETICO,122.7407,9060,11824.615,431.781667,113.928333,0,0,true,true,56,15.384615,11596,1690,31.617647,
OBJ_B3_BAJO,N025-I02,25,2,20,62,RECOCIDO_SIMULADO,28.9505,4381,11841.03,431.696667,114.093333,0,0,true,true,56,15.384615,11648,1702,31.617647,233.107551
OBJ_B3_BAJO,N025-I02,25,2,21,63,RECOCIDO_SIMULADO,29.0153,4261,11841.03,431.696667,114.093333,0,0,true,true,56,15.384615,11648,1702,31.617647,197.9206
OBJ_B3_BAJO,N025-I02,25,2,21,63,GENETICO,123.0487,9060,11841.03,431.696667,114.093333,0,0,true,true,56,15.384615,11648,1702,31.617647,
OBJ_B3_BAJO,N025-I02,25,2,22,64,GENETICO,138.3149,9060,11841.03,431.696667,114.093333,0,0,true,true,56,15.384615,11648,1702,31.617647,
OBJ_B3_BAJO,N025-I02,25,2,22,64,RECOCIDO_SIMULADO,28.3086,4221,11841.03,431.696667,114.093333,0,0,true,true,56,15.384615,11648,1702,31.617647,192.162087
OBJ_B3_BAJO,N025-I02,25,2,23,65,RECOCIDO_SIMULADO,28.433,4141,11841.03,431.696667,114.093333,0,0,true,true,56,15.384615,11648,1702,31.617647,175.586569
OBJ_B3_BAJO,N025-I02,25,2,23,65,GENETICO,139.393,9060,11841.03,431.696667,114.093333,0,0,true,true,56,15.384615,11648,1702,31.617647,
OBJ_B3_BAJO,N025-I02,25,2,24,66,GENETICO,221.4781,9060,11841.03,431.696667,114.093333,0,0,true,true,56,15.384615,11648,1702,31.617647,
OBJ_B3_BAJO,N025-I02,25,2,24,66,RECOCIDO_SIMULADO,27.5971,4141,11841.03,431.696667,114.093333,0,0,true,true,56,15.384615,11648,1702,31.617647,171.530678
OBJ_B3_BAJO,N025-I02,25,2,25,67,RECOCIDO_SIMULADO,29.5638,4341,11831.96,439.126667,113.928333,0,0,true,true,56,15.384615,10650,1522,31.617647,226.854563
OBJ_B3_BAJO,N025-I02,25,2,25,67,GENETICO,135.949,9060,11841.03,431.696667,114.093333,0,0,true,true,56,15.384615,11648,1702,31.617647,
OBJ_B3_BAJO,N025-I02,25,2,26,68,GENETICO,202.7247,9060,11841.03,431.696667,114.093333,0,0,true,true,56,15.384615,11648,1702,31.617647,
OBJ_B3_BAJO,N025-I02,25,2,26,68,RECOCIDO_SIMULADO,27.5547,4181,11841.03,431.696667,114.093333,0,0,true,true,56,15.384615,11648,1702,31.617647,183.771862
OBJ_B3_BAJO,N025-I02,25,2,27,69,RECOCIDO_SIMULADO,29.1747,4301,11834.188333,441.355,113.928333,0,0,true,true,56,15.384615,11066,1590,31.617647,210.227997
OBJ_B3_BAJO,N025-I02,25,2,27,69,GENETICO,136.1236,9060,11841.03,431.696667,114.093333,0,0,true,true,56,15.384615,11648,1702,31.617647,
OBJ_B3_BAJO,N025-I02,25,2,28,70,GENETICO,204.1321,9060,11838,431.666667,114.063333,0,0,true,true,56,15.384615,11656,1702,31.617647,
OBJ_B3_BAJO,N025-I02,25,2,28,70,RECOCIDO_SIMULADO,28.1836,4221,11835.33,442.496667,113.928333,0,0,true,true,56,15.384615,10976,1508,31.617647,192.209589
OBJ_B3_BAJO,N025-I02,25,2,29,71,RECOCIDO_SIMULADO,28.0282,4061,11833.175,440.341667,113.928333,0,0,true,true,56,15.384615,10868,1496,31.617647,156.329248
OBJ_B3_BAJO,N025-I02,25,2,29,71,GENETICO,123.6301,9060,11841.03,431.696667,114.093333,0,0,true,true,56,15.384615,11648,1702,31.617647,
OBJ_B3_BAJO,N025-I03,25,3,0,42,GENETICO,117.2387,9060,12032.715,416.048333,116.166667,0,0,true,true,68,52.941176,10704,1536,28.676471,
OBJ_B3_BAJO,N025-I03,25,3,0,42,RECOCIDO_SIMULADO,28.9331,4381,12032.715,416.048333,116.166667,0,0,true,true,68,52.941176,10704,1536,28.676471,233.151164
OBJ_B3_BAJO,N025-I03,25,3,1,43,RECOCIDO_SIMULADO,27.8615,4101,12032.715,416.048333,116.166667,0,0,true,true,68,52.941176,10704,1536,28.676471,160.80591
OBJ_B3_BAJO,N025-I03,25,3,1,43,GENETICO,210.2284,9060,12031.785,415.118333,116.166667,0,0,true,true,68,52.941176,11432,1636,28.676471,
OBJ_B3_BAJO,N025-I03,25,3,2,44,GENETICO,480.2654,9060,12032.715,416.048333,116.166667,0,0,true,true,68,52.941176,10704,1536,28.676471,
OBJ_B3_BAJO,N025-I03,25,3,2,44,RECOCIDO_SIMULADO,27.5049,4181,12032.715,416.048333,116.166667,0,0,true,true,68,52.941176,10704,1536,28.676471,186.827859
OBJ_B3_BAJO,N025-I03,25,3,3,45,RECOCIDO_SIMULADO,28.5694,4181,12032.715,416.048333,116.166667,0,0,true,true,68,52.941176,10704,1536,28.676471,186.578676
OBJ_B3_BAJO,N025-I03,25,3,3,45,GENETICO,340.0641,9060,12032.235,415.568333,116.166667,0,0,true,true,68,52.941176,10832,1536,28.676471,
OBJ_B3_BAJO,N025-I03,25,3,4,46,GENETICO,132.3196,9060,12032.715,416.048333,116.166667,0,0,true,true,68,52.941176,10704,1536,28.676471,
OBJ_B3_BAJO,N025-I03,25,3,4,46,RECOCIDO_SIMULADO,26.6634,4021,12032.715,416.048333,116.166667,0,0,true,true,68,52.941176,10704,1536,28.676471,151.920014
OBJ_B3_BAJO,N025-I03,25,3,5,47,RECOCIDO_SIMULADO,29.73,4381,12032.715,416.048333,116.166667,0,0,true,true,68,52.941176,10704,1536,28.676471,241.584082
OBJ_B3_BAJO,N025-I03,25,3,5,47,GENETICO,300.9247,9060,12031.785,415.118333,116.166667,0,0,true,true,68,52.941176,10936,1574,28.676471,
OBJ_B3_BAJO,N025-I03,25,3,6,48,GENETICO,122.6624,9060,12032.715,416.048333,116.166667,0,0,true,true,68,52.941176,10704,1536,28.676471,
OBJ_B3_BAJO,N025-I03,25,3,6,48,RECOCIDO_SIMULADO,29.815,4301,12032.715,416.048333,116.166667,0,0,true,true,68,52.941176,10704,1536,28.676471,213.072462
OBJ_B3_BAJO,N025-I03,25,3,7,49,RECOCIDO_SIMULADO,33.4316,4181,12032.715,416.048333,116.166667,0,0,true,true,68,52.941176,10704,1536,28.676471,185.280178
OBJ_B3_BAJO,N025-I03,25,3,7,49,GENETICO,441.9952,9060,12031.785,415.118333,116.166667,0,0,true,true,68,52.941176,11432,1636,28.676471,
OBJ_B3_BAJO,N025-I03,25,3,8,50,GENETICO,217.2945,9060,12032.16,415.493333,116.166667,0,0,true,true,68,52.941176,10852,1536,28.676471,
OBJ_B3_BAJO,N025-I03,25,3,8,50,RECOCIDO_SIMULADO,26.8876,4021,12032.715,416.048333,116.166667,0,0,true,true,68,52.941176,10704,1536,28.676471,151.938361
OBJ_B3_BAJO,N025-I03,25,3,9,51,RECOCIDO_SIMULADO,28.4763,4261,12032.715,416.048333,116.166667,0,0,true,true,68,52.941176,10704,1536,28.676471,205.645468
OBJ_B3_BAJO,N025-I03,25,3,9,51,GENETICO,116.2825,9060,12032.715,416.048333,116.166667,0,0,true,true,68,52.941176,10704,1536,28.676471,
OBJ_B3_BAJO,N025-I03,25,3,10,52,GENETICO,239.6476,9060,12031.785,415.118333,116.166667,0,0,true,true,68,52.941176,11432,1636,28.676471,
OBJ_B3_BAJO,N025-I03,25,3,10,52,RECOCIDO_SIMULADO,27.505,4181,12032.715,416.048333,116.166667,0,0,true,true,68,52.941176,10704,1536,28.676471,179.513427
OBJ_B3_BAJO,N025-I03,25,3,11,53,RECOCIDO_SIMULADO,28.6708,4381,12032.715,416.048333,116.166667,0,0,true,true,68,52.941176,10704,1536,28.676471,241.491939
OBJ_B3_BAJO,N025-I03,25,3,11,53,GENETICO,208.0529,9060,12031.985,415.318333,116.166667,0,0,true,true,68,52.941176,11000,1582,28.676471,
OBJ_B3_BAJO,N025-I03,25,3,12,54,GENETICO,410.4155,9060,12031.785,415.118333,116.166667,0,0,true,true,68,52.941176,10984,1580,28.676471,
OBJ_B3_BAJO,N025-I03,25,3,12,54,RECOCIDO_SIMULADO,28.2456,4301,12032.715,416.048333,116.166667,0,0,true,true,68,52.941176,10704,1536,28.676471,211.259999
OBJ_B3_BAJO,N025-I03,25,3,13,55,RECOCIDO_SIMULADO,30.5154,4501,12032.715,416.048333,116.166667,0,0,true,true,68,52.941176,10704,1536,28.676471,269.280247
OBJ_B3_BAJO,N025-I03,25,3,13,55,GENETICO,326.3529,9060,12032.16,415.493333,116.166667,0,0,true,true,68,52.941176,10852,1536,28.676471,
OBJ_B3_BAJO,N025-I03,25,3,14,56,GENETICO,124.2267,9060,12032.715,416.048333,116.166667,0,0,true,true,68,52.941176,10704,1536,28.676471,
OBJ_B3_BAJO,N025-I03,25,3,14,56,RECOCIDO_SIMULADO,27.8085,4221,12032.715,416.048333,116.166667,0,0,true,true,68,52.941176,10704,1536,28.676471,191.473286
OBJ_B3_BAJO,N025-I03,25,3,15,57,RECOCIDO_SIMULADO,27.9561,4261,12032.715,416.048333,116.166667,0,0,true,true,68,52.941176,10704,1536,28.676471,203.867255
OBJ_B3_BAJO,N025-I03,25,3,15,57,GENETICO,245.1907,9060,12032.16,415.493333,116.166667,0,0,true,true,68,52.941176,10852,1536,28.676471,
OBJ_B3_BAJO,N025-I03,25,3,16,58,GENETICO,263.7558,9060,12032.235,415.568333,116.166667,0,0,true,true,68,52.941176,10832,1536,28.676471,
OBJ_B3_BAJO,N025-I03,25,3,16,58,RECOCIDO_SIMULADO,27.7443,4101,12032.715,416.048333,116.166667,0,0,true,true,68,52.941176,10704,1536,28.676471,167.84609
OBJ_B3_BAJO,N025-I03,25,3,17,59,RECOCIDO_SIMULADO,28.6739,4301,12032.715,416.048333,116.166667,0,0,true,true,68,52.941176,10704,1536,28.676471,208.694357
OBJ_B3_BAJO,N025-I03,25,3,17,59,GENETICO,262.5784,9060,12032.715,416.048333,116.166667,0,0,true,true,68,52.941176,10704,1536,28.676471,
OBJ_B3_BAJO,N025-I03,25,3,18,60,GENETICO,509.9659,9060,12031.485,414.818333,116.166667,0,0,true,true,68,52.941176,11416,1634,28.676471,
OBJ_B3_BAJO,N025-I03,25,3,18,60,RECOCIDO_SIMULADO,28.8208,4341,12032.715,416.048333,116.166667,0,0,true,true,68,52.941176,10704,1536,28.676471,229.346791
OBJ_B3_BAJO,N025-I03,25,3,19,61,RECOCIDO_SIMULADO,28.7742,4181,12032.715,416.048333,116.166667,0,0,true,true,68,52.941176,10704,1536,28.676471,186.006019
OBJ_B3_BAJO,N025-I03,25,3,19,61,GENETICO,403.0175,9060,12032.4,415.733333,116.166667,0,0,true,true,68,52.941176,10788,1536,28.676471,
OBJ_B3_BAJO,N025-I03,25,3,20,62,GENETICO,414.9822,9060,12031.785,415.118333,116.166667,0,0,true,true,68,52.941176,11432,1636,28.676471,
OBJ_B3_BAJO,N025-I03,25,3,20,62,RECOCIDO_SIMULADO,28.3017,4301,12032.715,416.048333,116.166667,0,0,true,true,68,52.941176,10704,1536,28.676471,213.473978
OBJ_B3_BAJO,N025-I03,25,3,21,63,RECOCIDO_SIMULADO,28.6211,4181,12032.715,416.048333,116.166667,0,0,true,true,68,52.941176,10704,1536,28.676471,185.058774
OBJ_B3_BAJO,N025-I03,25,3,21,63,GENETICO,233.4198,9060,12032.16,415.493333,116.166667,0,0,true,true,68,52.941176,10852,1536,28.676471,
OBJ_B3_BAJO,N025-I03,25,3,22,64,GENETICO,139.5789,9060,12032.715,416.048333,116.166667,0,0,true,true,68,52.941176,10704,1536,28.676471,
OBJ_B3_BAJO,N025-I03,25,3,22,64,RECOCIDO_SIMULADO,28.8633,4341,12032.715,416.048333,116.166667,0,0,true,true,68,52.941176,10704,1536,28.676471,228.542809
OBJ_B3_BAJO,N025-I03,25,3,23,65,RECOCIDO_SIMULADO,32.424,4301,12032.715,416.048333,116.166667,0,0,true,true,68,52.941176,10704,1536,28.676471,210.078364
OBJ_B3_BAJO,N025-I03,25,3,23,65,GENETICO,124.8401,9060,12032.715,416.048333,116.166667,0,0,true,true,68,52.941176,10704,1536,28.676471,
OBJ_B3_BAJO,N025-I03,25,3,24,66,GENETICO,228.8002,9060,12032.67,416.003333,116.166667,0,0,true,true,68,52.941176,10716,1536,28.676471,
OBJ_B3_BAJO,N025-I03,25,3,24,66,RECOCIDO_SIMULADO,28.4321,4141,12032.715,416.048333,116.166667,0,0,true,true,68,52.941176,10704,1536,28.676471,174.644889
OBJ_B3_BAJO,N025-I03,25,3,25,67,RECOCIDO_SIMULADO,29.1608,4461,12032.715,416.048333,116.166667,0,0,true,true,68,52.941176,10704,1536,28.676471,259.534153
OBJ_B3_BAJO,N025-I03,25,3,25,67,GENETICO,235.8365,9060,12032.715,416.048333,116.166667,0,0,true,true,68,52.941176,10704,1536,28.676471,
OBJ_B3_BAJO,N025-I03,25,3,26,68,GENETICO,161.8533,9060,12032.715,416.048333,116.166667,0,0,true,true,68,52.941176,10704,1536,28.676471,
OBJ_B3_BAJO,N025-I03,25,3,26,68,RECOCIDO_SIMULADO,26.8605,4021,12032.715,416.048333,116.166667,0,0,true,true,68,52.941176,10704,1536,28.676471,149.870077
OBJ_B3_BAJO,N025-I03,25,3,27,69,RECOCIDO_SIMULADO,26.9562,3941,12032.715,416.048333,116.166667,0,0,true,true,68,52.941176,10704,1536,28.676471,135.101731
OBJ_B3_BAJO,N025-I03,25,3,27,69,GENETICO,177.3288,9060,12031.685,415.018333,116.166667,0,0,true,true,68,52.941176,10632,1536,28.676471,
OBJ_B3_BAJO,N025-I03,25,3,28,70,GENETICO,329.9982,9060,12031.785,415.118333,116.166667,0,0,true,true,68,52.941176,11432,1636,28.676471,
OBJ_B3_BAJO,N025-I03,25,3,28,70,RECOCIDO_SIMULADO,28.6106,4261,12032.715,416.048333,116.166667,0,0,true,true,68,52.941176,10704,1536,28.676471,199.903245
OBJ_B3_BAJO,N025-I03,25,3,29,71,RECOCIDO_SIMULADO,29.4453,4381,12032.715,416.048333,116.166667,0,0,true,true,68,52.941176,10704,1536,28.676471,233.341107
OBJ_B3_BAJO,N025-I03,25,3,29,71,GENETICO,422.9665,9060,12031.785,415.118333,116.166667,0,0,true,true,68,52.941176,11432,1636,28.676471,
OBJ_B3_BAJO,N025-I04,25,4,0,42,GENETICO,279.9283,9060,11680.87,421.036667,112.598333,0,0,true,true,52,29.411765,12432,1798,25.490196,
OBJ_B3_BAJO,N025-I04,25,4,0,42,RECOCIDO_SIMULADO,29.3399,4381,11696.371667,426.871667,112.695,0,0,true,true,56,35.294118,11892,1690,25.490196,241.026709
OBJ_B3_BAJO,N025-I04,25,4,1,43,RECOCIDO_SIMULADO,28.3467,4221,11658.961667,428.461667,112.305,0,0,true,true,56,35.294118,11144,1486,25.490196,194.27161
OBJ_B3_BAJO,N025-I04,25,4,1,43,GENETICO,576.401,9060,11656.911667,420.411667,112.365,0,0,true,true,56,35.294118,13004,1882,25.490196,
OBJ_B3_BAJO,N025-I04,25,4,2,44,GENETICO,164.582,9060,11681.02,421.186667,112.598333,0,0,true,true,52,29.411765,13120,1884,25.490196,
OBJ_B3_BAJO,N025-I04,25,4,2,44,RECOCIDO_SIMULADO,29.8556,4381,11672.311667,428.311667,112.44,0,0,true,true,56,35.294118,11216,1570,25.490196,231.656826
OBJ_B3_BAJO,N025-I04,25,4,3,45,RECOCIDO_SIMULADO,30.1875,4541,11664.796667,428.296667,112.365,0,0,true,true,56,35.294118,12332,1708,25.490196,294.947342
OBJ_B3_BAJO,N025-I04,25,4,3,45,GENETICO,708.7448,9060,11656.911667,420.411667,112.365,0,0,true,true,56,35.294118,13244,1912,25.490196,
OBJ_B3_BAJO,N025-I04,25,4,4,46,GENETICO,270.7281,9060,11681.02,421.186667,112.598333,0,0,true,true,52,29.411765,13120,1884,25.490196,
OBJ_B3_BAJO,N025-I04,25,4,4,46,RECOCIDO_SIMULADO,27.9154,4221,11657.601667,427.101667,112.305,0,0,true,true,56,35.294118,12588,1756,25.490196,187.380852
OBJ_B3_BAJO,N025-I04,25,4,5,47,RECOCIDO_SIMULADO,28.7969,4341,11685.535,426.535,112.59,0,0,true,true,56,35.294118,13084,1860,25.490196,227.871406
OBJ_B3_BAJO,N025-I04,25,4,5,47,GENETICO,424.2465,9060,11657.061667,420.561667,112.365,0,0,true,true,56,35.294118,13420,1934,25.490196,
OBJ_B3_BAJO,N025-I04,25,4,6,48,GENETICO,131.3678,9060,11681.02,421.186667,112.598333,0,0,true,true,52,29.411765,13120,1884,25.490196,
OBJ_B3_BAJO,N025-I04,25,4,6,48,RECOCIDO_SIMULADO,29.2092,4261,11690.046667,426.546667,112.635,0,0,true,true,56,35.294118,12744,1744,25.490196,204.985565
OBJ_B3_BAJO,N025-I04,25,4,7,49,RECOCIDO_SIMULADO,29.3555,4301,11713.851667,433.851667,112.8,0,0,true,true,56,35.294118,11414,1654,25.490196,210.621636
OBJ_B3_BAJO,N025-I04,25,4,7,49,GENETICO,384.0305,9060,11681.02,421.186667,112.598333,0,0,true,true,52,29.411765,13120,1884,25.490196,
OBJ_B3_BAJO,N025-I04,25,4,8,50,GENETICO,381.2307,9060,11714.35,421.516667,112.928333,0,0,true,true,52,29.411765,13032,1884,25.490196,
OBJ_B3_BAJO,N025-I04,25,4,8,50,RECOCIDO_SIMULADO,28.7516,4301,11677.161667,428.661667,112.485,0,0,true,true,56,35.294118,12288,1730,25.490196,210.539884
OBJ_B3_BAJO,N025-I04,25,4,9,51,RECOCIDO_SIMULADO,28.77,4181,11663.205,426.705,112.365,0,0,true,true,56,35.294118,12812,1872,25.490196,182.340447
OBJ_B3_BAJO,N025-I04,25,4,9,51,GENETICO,260.335,9060,11680.87,421.036667,112.598333,0,0,true,true,52,29.411765,12432,1798,25.490196,
OBJ_B3_BAJO,N025-I04,25,4,10,52,GENETICO,326.3791,9060,11680.87,421.036667,112.598333,0,0,true,true,52,29.411765,12432,1798,25.490196,
OBJ_B3_BAJO,N025-I04,25,4,10,52,RECOCIDO_SIMULADO,28.0723,4221,11681.07,429.57,112.515,0,0,true,true,56,35.294118,11474,1642,25.490196,195.969063
OBJ_B3_BAJO,N025-I04,25,4,11,53,RECOCIDO_SIMULADO,30.8411,4581,11702.995,434.995,112.68,0,0,true,true,56,35.294118,11654,1632,25.490196,306.642747
OBJ_B3_BAJO,N025-I04,25,4,11,53,GENETICO,425.2868,9060,11681.02,421.186667,112.598333,0,0,true,true,52,29.411765,13120,1884,25.490196,
OBJ_B3_BAJO,N025-I04,25,4,12,54,GENETICO,602.7614,9060,11650.851667,420.351667,112.305,0,0,true,true,56,35.294118,12748,1848,25.490196,
OBJ_B3_BAJO,N025-I04,25,4,12,54,RECOCIDO_SIMULADO,29.5255,4541,11702.916667,431.916667,112.71,0,0,true,true,56,35.294118,11976,1652,25.490196,283.791876
OBJ_B3_BAJO,N025-I04,25,4,13,55,RECOCIDO_SIMULADO,28.7753,4261,11660.391667,423.891667,112.365,0,0,true,true,56,35.294118,12188,1686,25.490196,203.662514
OBJ_B3_BAJO,N025-I04,25,4,13,55,GENETICO,210.1295,9060,11657.061667,420.561667,112.365,0,0,true,true,56,35.294118,13420,1934,25.490196,
OBJ_B3_BAJO,N025-I04,25,4,14,56,GENETICO,294.4036,9060,11709.805,421.471667,112.883333,0,0,true,true,52,29.411765,13044,1884,25.490196,
OBJ_B3_BAJO,N025-I04,25,4,14,56,RECOCIDO_SIMULADO,29.7681,4421,11692.086667,427.086667,112.65,0,0,true,true,56,35.294118,12608,1730,25.490196,244.882641
OBJ_B3_BAJO,N025-I04,25,4,15,57,RECOCIDO_SIMULADO,29.9599,4421,11657.506667,427.006667,112.305,0,0,true,true,56,35.294118,12084,1646,25.490196,251.448432
OBJ_B3_BAJO,N025-I04,25,4,15,57,GENETICO,124.8928,9060,11795.655,422.321667,113.733333,0,0,true,true,52,29.411765,13084,1874,25.490196,
OBJ_B3_BAJO,N025-I04,25,4,16,58,GENETICO,185.4245,9060,11681.02,421.186667,112.598333,0,0,true,true,52,29.411765,13120,1884,25.490196,
OBJ_B3_BAJO,N025-I04,25,4,16,58,RECOCIDO_SIMULADO,29.0066,4181,11661.776667,425.276667,112.365,0,0,true,true,56,35.294118,12488,1728,25.490196,183.211294
OBJ_B3_BAJO,N025-I04,25,4,17,59,RECOCIDO_SIMULADO,27.326,4141,11711.721667,425.721667,112.86,0,0,true,true,56,35.294118,11812,1660,25.490196,173.044724
OBJ_B3_BAJO,N025-I04,25,4,17,59,GENETICO,177.4779,9060,11795.655,422.321667,113.733333,0,0,true,true,52,29.411765,13084,1874,25.490196,
OBJ_B3_BAJO,N025-I04,25,4,18,60,GENETICO,452.5193,9060,11771.696667,421.696667,113.5,0,0,true,true,56,35.294118,13384,1924,25.490196,
OBJ_B3_BAJO,N025-I04,25,4,18,60,RECOCIDO_SIMULADO,28.0547,4261,11718.756667,428.256667,112.905,0,0,true,true,56,35.294118,12892,1796,25.490196,204.587627
OBJ_B3_BAJO,N025-I04,25,4,19,61,RECOCIDO_SIMULADO,28.5361,4141,11696.036667,426.536667,112.695,0,0,true,true,56,35.294118,11908,1670,25.490196,173.762096
OBJ_B3_BAJO,N025-I04,25,4,19,61,GENETICO,290.8591,9060,11681.02,421.186667,112.598333,0,0,true,true,52,29.411765,13120,1884,25.490196,
OBJ_B3_BAJO,N025-I04,25,4,20,62,GENETICO,381.3402,9060,11711.965,420.631667,112.913333,0,0,true,true,52,29.411765,12540,1798,25.490196,
OBJ_B3_BAJO,N025-I04,25,4,20,62,RECOCIDO_SIMULADO,29.2723,4341,11688.676667,429.676667,112.59,0,0,true,true,56,35.294118,11240,1556,25.490196,220.168691
OBJ_B3_BAJO,N025-I04,25,4,21,63,RECOCIDO_SIMULADO,29.1225,4301,11687.061667,423.561667,112.635,0,0,true,true,56,35.294118,13076,1836,25.490196,216.50112
OBJ_B3_BAJO,N025-I04,25,4,21,63,GENETICO,306.5513,9060,11681.02,421.186667,112.598333,0,0,true,true,52,29.411765,13120,1884,25.490196,
OBJ_B3_BAJO,N025-I04,25,4,22,64,GENETICO,132.9655,9060,11681.02,421.186667,112.598333,0,0,true,true,52,29.411765,13120,1884,25.490196,
OBJ_B3_BAJO,N025-I04,25,4,22,64,RECOCIDO_SIMULADO,28.1085,4221,11656.591667,426.091667,112.305,0,0,true,true,56,35.294118,11636,1618,25.490196,191.625472
OBJ_B3_BAJO,N025-I04,25,4,23,65,RECOCIDO_SIMULADO,29.4075,4421,11671.84,427.84,112.44,0,0,true,true,56,35.294118,12178,1718,25.490196,244.775461
OBJ_B3_BAJO,N025-I04,25,4,23,65,GENETICO,442.0775,9060,11681.02,421.186667,112.598333,0,0,true,true,52,29.411765,13120,1884,25.490196,
OBJ_B3_BAJO,N025-I04,25,4,24,66,GENETICO,224.0313,9060,11685.846667,420.846667,112.65,0,0,true,true,56,35.294118,13344,1934,25.490196,
OBJ_B3_BAJO,N025-I04,25,4,24,66,RECOCIDO_SIMULADO,28.2673,4261,11690.908333,425.908333,112.65,0,0,true,true,56,35.294118,12808,1846,25.490196,203.088745
OBJ_B3_BAJO,N025-I04,25,4,25,67,RECOCIDO_SIMULADO,29.9829,4421,11711.771667,425.771667,112.86,0,0,true,true,56,35.294118,13196,1858,25.490196,248.408948
OBJ_B3_BAJO,N025-I04,25,4,25,67,GENETICO,152.0939,9060,11713.116667,421.116667,112.92,0,0,true,true,56,35.294118,13272,1934,25.490196,
OBJ_B3_BAJO,N025-I04,25,4,26,68,GENETICO,441.189,9060,11657.061667,420.561667,112.365,0,0,true,true,56,35.294118,13420,1934,25.490196,
OBJ_B3_BAJO,N025-I04,25,4,26,68,RECOCIDO_SIMULADO,29.4967,4421,11706.748333,426.748333,112.8,0,0,true,true,56,35.294118,12872,1872,25.490196,242.210764
OBJ_B3_BAJO,N025-I04,25,4,27,69,RECOCIDO_SIMULADO,27.8695,4061,11674.711667,426.211667,112.485,0,0,true,true,56,35.294118,12518,1850,25.490196,154.878363
OBJ_B3_BAJO,N025-I04,25,4,27,69,GENETICO,447.1488,9060,11657.061667,420.561667,112.365,0,0,true,true,56,35.294118,13420,1934,25.490196,
OBJ_B3_BAJO,N025-I04,25,4,28,70,GENETICO,156.4929,9060,11795.655,422.321667,113.733333,0,0,true,true,52,29.411765,13084,1874,25.490196,
OBJ_B3_BAJO,N025-I04,25,4,28,70,RECOCIDO_SIMULADO,28.7928,4341,11664.896667,428.396667,112.365,0,0,true,true,56,35.294118,13132,1870,25.490196,222.588934
OBJ_B3_BAJO,N025-I04,25,4,29,71,RECOCIDO_SIMULADO,28.4176,4221,11692.281667,427.281667,112.65,0,0,true,true,56,35.294118,11924,1646,25.490196,192.349766
OBJ_B3_BAJO,N025-I04,25,4,29,71,GENETICO,251.7773,9060,11731.015,421.681667,113.093333,0,0,true,true,52,29.411765,12988,1884,25.490196,
OBJ_B3_BAJO,N025-I05,25,5,0,42,GENETICO,121.7023,9060,11175.046667,498.38,106.766667,0,0,true,true,68,27.272727,10740,1536,31.127451,
OBJ_B3_BAJO,N025-I05,25,5,0,42,RECOCIDO_SIMULADO,26.8933,4101,11175.046667,498.38,106.766667,0,0,true,true,68,27.272727,10740,1536,31.127451,160.517034
OBJ_B3_BAJO,N025-I05,25,5,1,43,RECOCIDO_SIMULADO,27.9048,4221,11175.046667,498.38,106.766667,0,0,true,true,68,27.272727,10740,1536,31.127451,188.404859
OBJ_B3_BAJO,N025-I05,25,5,1,43,GENETICO,149.4953,9060,11175.046667,498.38,106.766667,0,0,true,true,68,27.272727,10740,1536,31.127451,
OBJ_B3_BAJO,N025-I05,25,5,2,44,GENETICO,129.799,9060,11175.046667,498.38,106.766667,0,0,true,true,68,27.272727,10740,1536,31.127451,
OBJ_B3_BAJO,N025-I05,25,5,2,44,RECOCIDO_SIMULADO,28.6003,4181,11175.046667,498.38,106.766667,0,0,true,true,68,27.272727,10740,1536,31.127451,181.782559
OBJ_B3_BAJO,N025-I05,25,5,3,45,RECOCIDO_SIMULADO,27.2381,4101,11175.046667,498.38,106.766667,0,0,true,true,68,27.272727,10740,1536,31.127451,161.984491
OBJ_B3_BAJO,N025-I05,25,5,3,45,GENETICO,118.6036,9060,11175.046667,498.38,106.766667,0,0,true,true,68,27.272727,10740,1536,31.127451,
OBJ_B3_BAJO,N025-I05,25,5,4,46,GENETICO,234.5315,9060,11175.001667,498.335,106.766667,0,0,true,true,68,27.272727,10752,1536,31.127451,
OBJ_B3_BAJO,N025-I05,25,5,4,46,RECOCIDO_SIMULADO,27.298,4181,11175.046667,498.38,106.766667,0,0,true,true,68,27.272727,10740,1536,31.127451,180.628981
OBJ_B3_BAJO,N025-I05,25,5,5,47,RECOCIDO_SIMULADO,28.3849,4181,11175.046667,498.38,106.766667,0,0,true,true,68,27.272727,10740,1536,31.127451,186.077804
OBJ_B3_BAJO,N025-I05,25,5,5,47,GENETICO,115.8751,9060,11175.046667,498.38,106.766667,0,0,true,true,68,27.272727,10740,1536,31.127451,
OBJ_B3_BAJO,N025-I05,25,5,6,48,GENETICO,120.7009,9060,11175.046667,498.38,106.766667,0,0,true,true,68,27.272727,10740,1536,31.127451,
OBJ_B3_BAJO,N025-I05,25,5,6,48,RECOCIDO_SIMULADO,27.4431,4181,11175.046667,498.38,106.766667,0,0,true,true,68,27.272727,10740,1536,31.127451,182.137953
OBJ_B3_BAJO,N025-I05,25,5,7,49,RECOCIDO_SIMULADO,26.9628,4141,11175.046667,498.38,106.766667,0,0,true,true,68,27.272727,10740,1536,31.127451,174.025002
OBJ_B3_BAJO,N025-I05,25,5,7,49,GENETICO,211.1955,9060,11174.656667,497.99,106.766667,0,0,true,true,68,27.272727,10836,1570,31.127451,
OBJ_B3_BAJO,N025-I05,25,5,8,50,GENETICO,346.811,9060,11175.001667,498.335,106.766667,0,0,true,true,68,27.272727,10752,1536,31.127451,
OBJ_B3_BAJO,N025-I05,25,5,8,50,RECOCIDO_SIMULADO,27.2354,4141,11175.046667,498.38,106.766667,0,0,true,true,68,27.272727,10740,1536,31.127451,174.678719
OBJ_B3_BAJO,N025-I05,25,5,9,51,RECOCIDO_SIMULADO,26.571,4061,11175.046667,498.38,106.766667,0,0,true,true,68,27.272727,10740,1536,31.127451,158.607762
OBJ_B3_BAJO,N025-I05,25,5,9,51,GENETICO,118.8233,9060,11175.046667,498.38,106.766667,0,0,true,true,68,27.272727,10740,1536,31.127451,
OBJ_B3_BAJO,N025-I05,25,5,10,52,GENETICO,222.7727,9060,11175.001667,498.335,106.766667,0,0,true,true,68,27.272727,10752,1536,31.127451,
OBJ_B3_BAJO,N025-I05,25,5,10,52,RECOCIDO_SIMULADO,27.9826,4261,11175.046667,498.38,106.766667,0,0,true,true,68,27.272727,10740,1536,31.127451,198.14604
OBJ_B3_BAJO,N025-I05,25,5,11,53,RECOCIDO_SIMULADO,27.95,4141,11175.046667,498.38,106.766667,0,0,true,true,68,27.272727,10740,1536,31.127451,177.191734
OBJ_B3_BAJO,N025-I05,25,5,11,53,GENETICO,116.8736,9060,11175.046667,498.38,106.766667,0,0,true,true,68,27.272727,10740,1536,31.127451,
OBJ_B3_BAJO,N025-I05,25,5,12,54,GENETICO,209.7255,9060,11175.046667,498.38,106.766667,0,0,true,true,68,27.272727,10740,1536,31.127451,
OBJ_B3_BAJO,N025-I05,25,5,12,54,RECOCIDO_SIMULADO,31.3885,4261,11175.046667,498.38,106.766667,0,0,true,true,68,27.272727,10740,1536,31.127451,199.307771
OBJ_B3_BAJO,N025-I05,25,5,13,55,RECOCIDO_SIMULADO,27.2748,4141,11175.046667,498.38,106.766667,0,0,true,true,68,27.272727,10740,1536,31.127451,172.494428
OBJ_B3_BAJO,N025-I05,25,5,13,55,GENETICO,116.704,9060,11175.046667,498.38,106.766667,0,0,true,true,68,27.272727,10740,1536,31.127451,
OBJ_B3_BAJO,N025-I05,25,5,14,56,GENETICO,118.0622,9060,11175.046667,498.38,106.766667,0,0,true,true,68,27.272727,10740,1536,31.127451,
OBJ_B3_BAJO,N025-I05,25,5,14,56,RECOCIDO_SIMULADO,29.3549,4301,11175.046667,498.38,106.766667,0,0,true,true,68,27.272727,10740,1536,31.127451,216.443317
OBJ_B3_BAJO,N025-I05,25,5,15,57,RECOCIDO_SIMULADO,27.5766,4181,11175.046667,498.38,106.766667,0,0,true,true,68,27.272727,10740,1536,31.127451,182.272589
OBJ_B3_BAJO,N025-I05,25,5,15,57,GENETICO,195.9341,9060,11174.456667,497.79,106.766667,0,0,true,true,68,27.272727,11012,1592,31.127451,
OBJ_B3_BAJO,N025-I05,25,5,16,58,GENETICO,116.154,9060,11175.046667,498.38,106.766667,0,0,true,true,68,27.272727,10740,1536,31.127451,
OBJ_B3_BAJO,N025-I05,25,5,16,58,RECOCIDO_SIMULADO,27.5644,4061,11175.046667,498.38,106.766667,0,0,true,true,68,27.272727,10740,1536,31.127451,154.195015
OBJ_B3_BAJO,N025-I05,25,5,17,59,RECOCIDO_SIMULADO,27.945,4261,11175.046667,498.38,106.766667,0,0,true,true,68,27.272727,10740,1536,31.127451,202.645345
OBJ_B3_BAJO,N025-I05,25,5,17,59,GENETICO,116.7669,9060,11175.046667,498.38,106.766667,0,0,true,true,68,27.272727,10740,1536,31.127451,
OBJ_B3_BAJO,N025-I05,25,5,18,60,GENETICO,152.8807,9060,11175.001667,498.335,106.766667,0,0,true,true,68,27.272727,10752,1536,31.127451,
OBJ_B3_BAJO,N025-I05,25,5,18,60,RECOCIDO_SIMULADO,29.3353,4261,11175.046667,498.38,106.766667,0,0,true,true,68,27.272727,10740,1536,31.127451,202.367252
OBJ_B3_BAJO,N025-I05,25,5,19,61,RECOCIDO_SIMULADO,27.0791,4141,11175.046667,498.38,106.766667,0,0,true,true,68,27.272727,10740,1536,31.127451,172.710895
OBJ_B3_BAJO,N025-I05,25,5,19,61,GENETICO,124.2809,9060,11175.046667,498.38,106.766667,0,0,true,true,68,27.272727,10740,1536,31.127451,
OBJ_B3_BAJO,N025-I05,25,5,20,62,GENETICO,115.0672,9060,11175.046667,498.38,106.766667,0,0,true,true,68,27.272727,10740,1536,31.127451,
OBJ_B3_BAJO,N025-I05,25,5,20,62,RECOCIDO_SIMULADO,28.1494,4141,11175.046667,498.38,106.766667,0,0,true,true,68,27.272727,10740,1536,31.127451,175.492759
OBJ_B3_BAJO,N025-I05,25,5,21,63,RECOCIDO_SIMULADO,27.7645,4221,11175.046667,498.38,106.766667,0,0,true,true,68,27.272727,10740,1536,31.127451,194.540355
OBJ_B3_BAJO,N025-I05,25,5,21,63,GENETICO,141.0126,9060,11175.046667,498.38,106.766667,0,0,true,true,68,27.272727,10740,1536,31.127451,
OBJ_B3_BAJO,N025-I05,25,5,22,64,GENETICO,121.1454,9060,11175.046667,498.38,106.766667,0,0,true,true,68,27.272727,10740,1536,31.127451,
OBJ_B3_BAJO,N025-I05,25,5,22,64,RECOCIDO_SIMULADO,27.2508,4061,11175.046667,498.38,106.766667,0,0,true,true,68,27.272727,10740,1536,31.127451,155.503104
OBJ_B3_BAJO,N025-I05,25,5,23,65,RECOCIDO_SIMULADO,27.296,4061,11175.046667,498.38,106.766667,0,0,true,true,68,27.272727,10740,1536,31.127451,152.458067
OBJ_B3_BAJO,N025-I05,25,5,23,65,GENETICO,149.6297,9060,11175.001667,498.335,106.766667,0,0,true,true,68,27.272727,10752,1536,31.127451,
OBJ_B3_BAJO,N025-I05,25,5,24,66,GENETICO,170.9318,9060,11175.046667,498.38,106.766667,0,0,true,true,68,27.272727,10740,1536,31.127451,
OBJ_B3_BAJO,N025-I05,25,5,24,66,RECOCIDO_SIMULADO,28.8603,4221,11175.046667,498.38,106.766667,0,0,true,true,68,27.272727,10740,1536,31.127451,189.609298
OBJ_B3_BAJO,N025-I05,25,5,25,67,RECOCIDO_SIMULADO,26.8691,4101,11175.046667,498.38,106.766667,0,0,true,true,68,27.272727,10740,1536,31.127451,162.112802
OBJ_B3_BAJO,N025-I05,25,5,25,67,GENETICO,120.1693,9060,11175.046667,498.38,106.766667,0,0,true,true,68,27.272727,10740,1536,31.127451,
OBJ_B3_BAJO,N025-I05,25,5,26,68,GENETICO,201.3949,9060,11175.001667,498.335,106.766667,0,0,true,true,68,27.272727,10752,1536,31.127451,
OBJ_B3_BAJO,N025-I05,25,5,26,68,RECOCIDO_SIMULADO,25.9293,3981,11175.046667,498.38,106.766667,0,0,true,true,68,27.272727,10740,1536,31.127451,144.80925
OBJ_B3_BAJO,N025-I05,25,5,27,69,RECOCIDO_SIMULADO,29.5042,4341,11175.046667,498.38,106.766667,0,0,true,true,68,27.272727,10740,1536,31.127451,224.530256
OBJ_B3_BAJO,N025-I05,25,5,27,69,GENETICO,154.481,9060,11175.046667,498.38,106.766667,0,0,true,true,68,27.272727,10740,1536,31.127451,
OBJ_B3_BAJO,N025-I05,25,5,28,70,GENETICO,175.0088,9060,11175.046667,498.38,106.766667,0,0,true,true,68,27.272727,10740,1536,31.127451,
OBJ_B3_BAJO,N025-I05,25,5,28,70,RECOCIDO_SIMULADO,28.1605,4301,11175.046667,498.38,106.766667,0,0,true,true,68,27.272727,10740,1536,31.127451,208.29437
OBJ_B3_BAJO,N025-I05,25,5,29,71,RECOCIDO_SIMULADO,28.1744,4181,11175.046667,498.38,106.766667,0,0,true,true,68,27.272727,10740,1536,31.127451,183.787256
OBJ_B3_BAJO,N025-I05,25,5,29,71,GENETICO,115.1918,9060,11175.046667,498.38,106.766667,0,0,true,true,68,27.272727,10740,1536,31.127451,
OBJ_B3_BAJO,N050-I01,50,1,0,42,GENETICO,472.5232,9060,97806.356667,1759.023333,930.473333,3,0,true,true,28,7.142857,15464,2238,66.666667,
OBJ_B3_BAJO,N050-I01,50,1,0,42,RECOCIDO_SIMULADO,51.2911,4861,106377.758333,1941.091667,1044.366667,0,0,true,true,28,7.142857,15786,2416,74.019608,434.921985
OBJ_B3_BAJO,N050-I01,50,1,1,43,RECOCIDO_SIMULADO,48.89,4621,106350.138333,1952.138333,1043.98,0,0,true,true,28,7.142857,16324,2444,74.019608,325.850281
OBJ_B3_BAJO,N050-I01,50,1,1,43,GENETICO,430.4457,9060,100447.79,1756.456667,956.913333,3,0,true,true,28,7.142857,16440,2574,66.666667,
OBJ_B3_BAJO,N050-I01,50,1,2,44,GENETICO,264.087,9060,102057.255,1875.255,991.82,1,0,true,true,28,7.142857,16848,2510,71.568627,
OBJ_B3_BAJO,N050-I01,50,1,2,44,RECOCIDO_SIMULADO,50.5926,4821,106628.836667,1956.836667,1046.72,0,0,true,true,28,7.142857,18394,2676,74.019608,416.25569
OBJ_B3_BAJO,N050-I01,50,1,3,45,RECOCIDO_SIMULADO,50.8635,4861,106393.853333,1948.353333,1044.455,0,0,true,true,28,7.142857,16864,2494,74.019608,436.051889
OBJ_B3_BAJO,N050-I01,50,1,3,45,GENETICO,362.3291,9060,100438.523333,1833.523333,966.05,2,0,true,true,28,7.142857,16882,2512,69.117647,
OBJ_B3_BAJO,N050-I01,50,1,4,46,GENETICO,341.9576,9060,100971.781667,1864.781667,981.07,1,0,true,true,28,7.142857,15332,2360,71.568627,
OBJ_B3_BAJO,N050-I01,50,1,4,46,RECOCIDO_SIMULADO,48.616,4581,106636.153333,1952.32,1046.838333,0,0,true,true,28,7.142857,17650,2630,74.019608,307.965079
OBJ_B3_BAJO,N050-I01,50,1,5,47,RECOCIDO_SIMULADO,50.7675,4781,106378.213333,1945.713333,1044.325,0,0,true,true,28,7.142857,17170,2496,74.019608,393.603909
OBJ_B3_BAJO,N050-I01,50,1,5,47,GENETICO,236.2743,9060,100764.815,1838.981667,969.258333,2,0,true,true,28,7.142857,16274,2394,69.117647,
OBJ_B3_BAJO,N050-I01,50,1,6,48,GENETICO,462.9016,9060,98140.87,1790.87,943.5,2,0,true,true,28,7.142857,16530,2490,69.117647,
OBJ_B3_BAJO,N050-I01,50,1,6,48,RECOCIDO_SIMULADO,48.52,4661,106393.241667,1942.241667,1044.51,0,0,true,true,28,7.142857,16398,2524,74.019608,335.632007
OBJ_B3_BAJO,N050-I01,50,1,7,49,RECOCIDO_SIMULADO,50.4981,4781,106571.531667,1947.531667,1046.24,0,0,true,true,28,7.142857,17820,2736,74.019608,390.441648
OBJ_B3_BAJO,N050-I01,50,1,7,49,GENETICO,588.0949,9060,102675.273333,1825.606667,988.496667,2,0,true,true,28,7.142857,16872,2550,69.117647,
OBJ_B3_BAJO,N050-I01,50,1,8,50,GENETICO,276.9738,9060,101572.318333,1870.818333,987.015,1,0,true,true,28,7.142857,16398,2406,71.568627,
OBJ_B3_BAJO,N050-I01,50,1,8,50,RECOCIDO_SIMULADO,49.5386,4701,106538.421667,1947.421667,1045.91,0,0,true,true,28,7.142857,17794,2698,74.019608,347.918625
OBJ_B3_BAJO,N050-I01,50,1,9,51,RECOCIDO_SIMULADO,51.9536,4861,106440.408333,1950.741667,1044.896667,0,0,true,true,28,7.142857,17258,2572,74.019608,434.892299
OBJ_B3_BAJO,N050-I01,50,1,9,51,GENETICO,634.4416,9060,100258.798333,1822.798333,964.36,2,0,true,true,28,7.142857,15046,2212,69.607843,
OBJ_B3_BAJO,N050-I01,50,1,10,52,GENETICO,362.697,9060,98001.88,1788.38,942.135,2,0,true,true,28,7.142857,16414,2516,69.117647,
OBJ_B3_BAJO,N050-I01,50,1,10,52,RECOCIDO_SIMULADO,51.8666,4861,106351.833333,1951.333333,1044.005,0,0,true,true,28,7.142857,16946,2476,74.019608,438.543257
OBJ_B3_BAJO,N050-I01,50,1,11,53,RECOCIDO_SIMULADO,52.4431,4901,106392.33,1947.663333,1044.446667,0,0,true,true,28,7.142857,16156,2400,74.019608,453.233219
OBJ_B3_BAJO,N050-I01,50,1,11,53,GENETICO,300.8912,9060,99295.703333,1798.536667,954.971667,2,0,true,true,28,7.142857,16180,2436,69.117647,
OBJ_B3_BAJO,N050-I01,50,1,12,54,GENETICO,472.8428,9060,100279.546667,1839.046667,964.405,2,0,true,true,28,7.142857,16840,2552,69.362745,
OBJ_B3_BAJO,N050-I01,50,1,12,54,RECOCIDO_SIMULADO,51.3674,4781,106422.123333,1940.79,1044.813333,0,0,true,true,28,7.142857,17818,2734,74.019608,385.683425
OBJ_B3_BAJO,N050-I01,50,1,13,55,RECOCIDO_SIMULADO,50.8579,4821,106671.755,1944.088333,1047.276667,0,0,true,true,28,7.142857,16728,2560,74.019608,419.222231
OBJ_B3_BAJO,N050-I01,50,1,13,55,GENETICO,221.3412,9060,101139.941667,1867.441667,982.725,1,0,true,true,28,7.142857,16644,2556,71.568627,
OBJ_B3_BAJO,N050-I01,50,1,14,56,GENETICO,475.4749,9060,97509.221667,1785.555,937.236667,2,0,true,true,28,7.142857,16722,2530,69.362745,
OBJ_B3_BAJO,N050-I01,50,1,14,56,RECOCIDO_SIMULADO,52.2841,4901,106421.435,1952.268333,1044.691667,0,0,true,true,28,7.142857,17990,2710,74.019608,455.705516
OBJ_B3_BAJO,N050-I01,50,1,15,57,RECOCIDO_SIMULADO,50.8233,4741,106286.048333,1947.548333,1043.385,0,0,true,true,28,7.142857,17380,2624,74.019608,379.331152
OBJ_B3_BAJO,N050-I01,50,1,15,57,GENETICO,320.9409,9060,100568.693333,1839.36,967.293333,2,0,true,true,28,7.142857,16428,2518,69.117647,
OBJ_B3_BAJO,N050-I01,50,1,16,58,GENETICO,247.9785,9060,101250.881667,1867.881667,983.83,1,0,true,true,28,7.142857,16500,2516,71.568627,
OBJ_B3_BAJO,N050-I01,50,1,16,58,RECOCIDO_SIMULADO,54.8295,4821,106396.365,1952.365,1044.44,0,0,true,true,28,7.142857,16388,2446,74.019608,412.237649
OBJ_B3_BAJO,N050-I01,50,1,17,59,RECOCIDO_SIMULADO,50.427,4781,106508.048333,1947.048333,1045.61,0,0,true,true,28,7.142857,16974,2584,74.019608,394.295626
OBJ_B3_BAJO,N050-I01,50,1,17,59,GENETICO,327.1928,9060,98329.846667,1763.013333,935.668333,3,0,true,true,28,7.142857,16388,2394,66.666667,
OBJ_B3_BAJO,N050-I01,50,1,18,60,GENETICO,430.8759,9060,101466.02,1796.186667,976.698333,2,0,true,true,28,7.142857,16274,2462,69.117647,
OBJ_B3_BAJO,N050-I01,50,1,18,60,RECOCIDO_SIMULADO,51.4213,4781,106610.255,1943.755,1046.665,0,0,true,true,28,7.142857,17920,2728,74.019608,387.502502
OBJ_B3_BAJO,N050-I01,50,1,19,61,RECOCIDO_SIMULADO,50.1388,4861,106417.573333,1946.573333,1044.71,0,0,true,true,28,7.142857,16904,2482,74.019608,441.324296
OBJ_B3_BAJO,N050-I01,50,1,19,61,GENETICO,473.3429,9060,103216.508333,1813.341667,994.031667,2,0,true,true,28,7.142857,16148,2468,69.117647,
OBJ_B3_BAJO,N050-I01,50,1,20,62,GENETICO,486.3506,9060,97242.496667,1748.996667,924.935,3,0,true,true,28,7.142857,14706,2116,66.666667,
OBJ_B3_BAJO,N050-I01,50,1,20,62,RECOCIDO_SIMULADO,51.9419,4861,106520.336667,1948.17,1045.721667,0,0,true,true,28,7.142857,17556,2650,74.019608,426.611161
OBJ_B3_BAJO,N050-I01,50,1,21,63,RECOCIDO_SIMULADO,50.5379,4821,106664.63,1943.463333,1047.211667,0,0,true,true,28,7.142857,17400,2602,74.019608,411.550894
OBJ_B3_BAJO,N050-I01,50,1,21,63,GENETICO,189.2958,9060,106577.598333,1942.265,1046.353333,0,0,true,true,28,7.142857,16760,2596,74.019608,
OBJ_B3_BAJO,N050-I01,50,1,22,64,GENETICO,310.7848,9060,100798.836667,1814.336667,969.845,2,0,true,true,28,7.142857,15424,2398,69.117647,
OBJ_B3_BAJO,N050-I01,50,1,22,64,RECOCIDO_SIMULADO,53.4542,5021,106450.221667,1948.555,1045.016667,0,0,true,true,28,7.142857,17380,2664,74.019608,529.891884
OBJ_B3_BAJO,N050-I01,50,1,23,65,RECOCIDO_SIMULADO,52.4706,4901,106588.895,1949.061667,1046.398333,0,0,true,true,28,7.142857,17612,2622,74.019608,464.89929
OBJ_B3_BAJO,N050-I01,50,1,23,65,GENETICO,465.846,9060,103108.74,1805.073333,983.036667,3,0,true,true,28,7.142857,15878,2434,66.666667,
OBJ_B3_BAJO,N050-I01,50,1,24,66,GENETICO,507.7574,9060,98638.84,1760.673333,938.781667,3,0,true,true,28,7.142857,14780,2274,66.666667,
OBJ_B3_BAJO,N050-I01,50,1,24,66,RECOCIDO_SIMULADO,50.3468,4861,106671.755,1944.088333,1047.276667,0,0,true,true,28,7.142857,16728,2560,74.019608,441.694224
OBJ_B3_BAJO,N050-I01,50,1,25,67,RECOCIDO_SIMULADO,52.9729,4941,106590.551667,1944.051667,1046.465,0,0,true,true,28,7.142857,17230,2616,74.019608,477.863071
OBJ_B3_BAJO,N050-I01,50,1,25,67,GENETICO,354.7271,9060,104703.381667,1895.048333,1018.083333,1,0,true,true,28,7.142857,15800,2328,72.058824,
OBJ_B3_BAJO,N050-I01,50,1,26,68,GENETICO,342.5978,9060,103920.73,1865.063333,1010.556667,1,0,true,true,28,7.142857,16732,2550,71.568627,
OBJ_B3_BAJO,N050-I01,50,1,26,68,RECOCIDO_SIMULADO,53.6644,5061,106403.2,1948.866667,1044.543333,0,0,true,true,28,7.142857,17568,2706,74.019608,577.548156
OBJ_B3_BAJO,N050-I01,50,1,27,69,RECOCIDO_SIMULADO,52.2205,4981,106671.755,1944.088333,1047.276667,0,0,true,true,28,7.142857,16728,2560,74.019608,500.157844
OBJ_B3_BAJO,N050-I01,50,1,27,69,GENETICO,223.22,9060,101036.246667,1867.746667,981.685,1,0,true,true,28,7.142857,16768,2580,71.568627,
OBJ_B3_BAJO,N050-I01,50,1,28,70,GENETICO,493.6055,9060,99162.105,1799.438333,953.626667,2,0,true,true,28,7.142857,16212,2456,69.117647,
OBJ_B3_BAJO,N050-I01,50,1,28,70,RECOCIDO_SIMULADO,51.1682,4781,106522.42,1957.253333,1045.651667,0,0,true,true,28,7.142857,18780,2684,74.019608,396.017253
OBJ_B3_BAJO,N050-I01,50,1,29,71,RECOCIDO_SIMULADO,51.4835,4941,106301.676667,1946.176667,1043.555,0,0,true,true,28,7.142857,16912,2488,74.019608,485.627039
OBJ_B3_BAJO,N050-I01,50,1,29,71,GENETICO,228.6378,9060,103394.355,1861.688333,1005.326667,1,0,true,true,28,7.142857,16284,2512,71.568627,
OBJ_B3_BAJO,N050-I02,50,2,0,42,GENETICO,211.0401,9060,80374.806667,1608.14,787.666667,0,0,true,true,28,17.647059,17050,2596,54.166667,
OBJ_B3_BAJO,N050-I02,50,2,0,42,RECOCIDO_SIMULADO,53.7013,4941,80097.036667,1606.37,784.906667,0,0,true,true,26,14.705882,16530,2486,54.166667,486.179372
OBJ_B3_BAJO,N050-I02,50,2,1,43,RECOCIDO_SIMULADO,52.6137,4941,80119.288333,1611.955,785.073333,0,0,true,true,28,17.647059,18280,2794,54.166667,494.407066
OBJ_B3_BAJO,N050-I02,50,2,1,43,GENETICO,243.6496,9060,80172.976667,1604.31,785.686667,0,0,true,true,28,17.647059,16512,2480,54.166667,
OBJ_B3_BAJO,N050-I02,50,2,2,44,GENETICO,203.103,9060,80339.456667,1607.79,787.316667,0,0,true,true,28,17.647059,16864,2554,54.166667,
OBJ_B3_BAJO,N050-I02,50,2,2,44,RECOCIDO_SIMULADO,53.4119,5021,80151.965,1612.798333,785.391667,0,0,true,true,28,17.647059,18392,2782,54.166667,532.779516
OBJ_B3_BAJO,N050-I02,50,2,3,45,RECOCIDO_SIMULADO,51.0959,4821,80198.135,1617.135,785.81,0,0,true,true,28,17.647059,18878,2850,54.166667,421.315802
OBJ_B3_BAJO,N050-I02,50,2,3,45,GENETICO,204.2172,9060,80410.156667,1608.49,788.016667,0,0,true,true,28,17.647059,16960,2566,54.166667,
OBJ_B3_BAJO,N050-I02,50,2,4,46,GENETICO,362.8842,9060,80143.295,1606.128333,785.371667,0,0,true,true,28,17.647059,17416,2698,54.166667,
OBJ_B3_BAJO,N050-I02,50,2,4,46,RECOCIDO_SIMULADO,51.7686,4861,80200.69,1613.856667,785.868333,0,0,true,true,28,17.647059,17990,2752,54.166667,427.087642
OBJ_B3_BAJO,N050-I02,50,2,5,47,RECOCIDO_SIMULADO,50.9686,4861,80284.011667,1615.845,786.681667,0,0,true,true,28,17.647059,16676,2618,54.166667,435.489356
OBJ_B3_BAJO,N050-I02,50,2,5,47,GENETICO,207.1765,9060,80395.006667,1608.34,787.866667,0,0,true,true,28,17.647059,16960,2566,54.166667,
OBJ_B3_BAJO,N050-I02,50,2,6,48,GENETICO,256.1777,9060,80144.581667,1606.415,785.381667,0,0,true,true,28,17.647059,16704,2536,54.166667,
OBJ_B3_BAJO,N050-I02,50,2,6,48,RECOCIDO_SIMULADO,51.3334,4821,80364.813333,1619.646667,787.451667,0,0,true,true,28,17.647059,19980,3056,54.166667,413.484475
OBJ_B3_BAJO,N050-I02,50,2,7,49,RECOCIDO_SIMULADO,52.1672,4861,80246.731667,1610.565,786.361667,0,0,true,true,28,17.647059,18502,2866,54.166667,438.073838
OBJ_B3_BAJO,N050-I02,50,2,7,49,GENETICO,203.0223,9060,80370.99,1608.49,787.625,0,0,true,true,26,14.705882,16864,2554,54.166667,
OBJ_B3_BAJO,N050-I02,50,2,8,50,GENETICO,261.1561,9060,80330.32,1607.986667,787.223333,0,0,true,true,28,17.647059,16856,2562,54.166667,
OBJ_B3_BAJO,N050-I02,50,2,8,50,RECOCIDO_SIMULADO,53.2769,5021,80206.39,1615.556667,785.908333,0,0,true,true,26,14.705882,18594,2722,54.166667,546.107479
OBJ_B3_BAJO,N050-I02,50,2,9,51,RECOCIDO_SIMULADO,52.0886,4941,80160.351667,1620.685,785.396667,0,0,true,true,26,14.705882,18008,2730,54.166667,471.225911
OBJ_B3_BAJO,N050-I02,50,2,9,51,GENETICO,205.8982,9060,80339.456667,1607.79,787.316667,0,0,true,true,28,17.647059,16864,2554,54.166667,
OBJ_B3_BAJO,N050-I02,50,2,10,52,GENETICO,289.5397,9060,80290.346667,1607.68,786.826667,0,0,true,true,28,17.647059,16176,2468,54.166667,
OBJ_B3_BAJO,N050-I02,50,2,10,52,RECOCIDO_SIMULADO,52.1211,4901,80041.425,1611.925,784.295,0,0,true,true,28,17.647059,17284,2554,54.166667,466.83544
OBJ_B3_BAJO,N050-I02,50,2,11,53,RECOCIDO_SIMULADO,51.3234,4821,80253.57,1615.07,786.385,0,0,true,true,28,17.647059,17736,2728,54.166667,419.104364
OBJ_B3_BAJO,N050-I02,50,2,11,53,GENETICO,205.3619,9060,80339.456667,1607.79,787.316667,0,0,true,true,28,17.647059,16864,2554,54.166667,
OBJ_B3_BAJO,N050-I02,50,2,12,54,GENETICO,214.4046,9060,80343.45,1609.116667,787.343333,0,0,true,true,28,17.647059,16678,2530,54.166667,
OBJ_B3_BAJO,N050-I02,50,2,12,54,RECOCIDO_SIMULADO,52.5814,4941,80102.275,1616.608333,784.856667,0,0,true,true,28,17.647059,17150,2532,54.166667,489.593853
OBJ_B3_BAJO,N050-I02,50,2,13,55,RECOCIDO_SIMULADO,51.7207,4861,80245.663333,1613.496667,786.321667,0,0,true,true,28,17.647059,18504,2784,54.166667,434.318504
OBJ_B3_BAJO,N050-I02,50,2,13,55,GENETICO,300.1412,9060,80288.468333,1606.468333,786.82,0,0,true,true,26,14.705882,16880,2554,54.166667,
OBJ_B3_BAJO,N050-I02,50,2,14,56,GENETICO,206.7383,9060,80395.006667,1608.34,787.866667,0,0,true,true,28,17.647059,16960,2566,54.166667,
OBJ_B3_BAJO,N050-I02,50,2,14,56,RECOCIDO_SIMULADO,52.9358,5021,80118.3,1613.466667,785.048333,0,0,true,true,26,14.705882,16628,2444,54.166667,539.575041
OBJ_B3_BAJO,N050-I02,50,2,15,57,RECOCIDO_SIMULADO,52.011,4901,80372.53,1613.53,787.59,0,0,true,true,28,17.647059,19050,2910,54.166667,451.98714
OBJ_B3_BAJO,N050-I02,50,2,15,57,GENETICO,212.718,9060,80299.056667,1607.39,786.916667,0,0,true,true,28,17.647059,17050,2596,54.166667,
OBJ_B3_BAJO,N050-I02,50,2,16,58,GENETICO,220.2274,9060,80089.986667,1605.32,784.846667,0,0,true,true,28,17.647059,17014,2590,54.166667,
OBJ_B3_BAJO,N050-I02,50,2,16,58,RECOCIDO_SIMULADO,51.7074,4941,80170.426667,1616.093333,785.543333,0,0,true,true,28,17.647059,17778,2596,54.166667,489.319865
OBJ_B3_BAJO,N050-I02,50,2,17,59,RECOCIDO_SIMULADO,51.8649,4821,80102.478333,1621.145,784.813333,0,0,true,true,28,17.647059,18400,2760,54.166667,407.012616
OBJ_B3_BAJO,N050-I02,50,2,17,59,GENETICO,207.1372,9060,80395.006667,1608.34,787.866667,0,0,true,true,28,17.647059,17052,2600,54.166667,
OBJ_B3_BAJO,N050-I02,50,2,18,60,GENETICO,237.2258,9060,80270.495,1606.661667,786.638333,0,0,true,true,28,17.647059,16778,2544,54.166667,
OBJ_B3_BAJO,N050-I02,50,2,18,60,RECOCIDO_SIMULADO,51.5345,4861,80168.438333,1618.605,785.498333,0,0,true,true,28,17.647059,18660,2728,54.166667,430.792067
OBJ_B3_BAJO,N050-I02,50,2,19,61,RECOCIDO_SIMULADO,52.0966,4941,80285.5,1616.333333,786.691667,0,0,true,true,28,17.647059,17554,2584,54.166667,494.206518
OBJ_B3_BAJO,N050-I02,50,2,19,61,GENETICO,347.6163,9060,80174.83,1607.496667,785.673333,0,0,true,true,28,17.647059,16226,2472,54.166667,
OBJ_B3_BAJO,N050-I02,50,2,20,62,GENETICO,203.2889,9060,80410.031667,1608.365,788.016667,0,0,true,true,28,17.647059,16834,2494,54.166667,
OBJ_B3_BAJO,N050-I02,50,2,20,62,RECOCIDO_SIMULADO,51.9477,4861,80167.138333,1610.471667,785.566667,0,0,true,true,28,17.647059,18094,2792,54.166667,427.318444
OBJ_B3_BAJO,N050-I02,50,2,21,63,RECOCIDO_SIMULADO,51.6311,4861,80132.195,1617.528333,785.146667,0,0,true,true,28,17.647059,17218,2600,54.166667,427.658986
OBJ_B3_BAJO,N050-I02,50,2,21,63,GENETICO,204.7134,9060,80395.006667,1608.34,787.866667,0,0,true,true,28,17.647059,16960,2566,54.166667,
OBJ_B3_BAJO,N050-I02,50,2,22,64,GENETICO,216.5416,9060,80410.156667,1608.49,788.016667,0,0,true,true,28,17.647059,16960,2566,54.166667,
OBJ_B3_BAJO,N050-I02,50,2,22,64,RECOCIDO_SIMULADO,52.5953,4981,80076.761667,1607.595,784.691667,0,0,true,true,28,17.647059,16948,2584,54.166667,497.265843
OBJ_B3_BAJO,N050-I02,50,2,23,65,RECOCIDO_SIMULADO,53.3814,4981,80095.12,1611.786667,784.833333,0,0,true,true,26,14.705882,17490,2632,54.166667,501.276975
OBJ_B3_BAJO,N050-I02,50,2,23,65,GENETICO,204.1638,9060,80182.781667,1606.115,785.766667,0,0,true,true,28,17.647059,16866,2528,54.166667,
OBJ_B3_BAJO,N050-I02,50,2,24,66,GENETICO,279.3093,9060,80280.36,1607.86,786.725,0,0,true,true,26,14.705882,16502,2516,54.166667,
OBJ_B3_BAJO,N050-I02,50,2,24,66,RECOCIDO_SIMULADO,55.6641,5021,80288.076667,1612.076667,786.76,0,0,true,true,30,17.647059,18770,2862,54.166667,527.568233
OBJ_B3_BAJO,N050-I02,50,2,25,67,RECOCIDO_SIMULADO,54.2666,5101,80263.14,1612.64,786.505,0,0,true,true,26,14.705882,19062,2916,54.166667,578.880083
OBJ_B3_BAJO,N050-I02,50,2,25,67,GENETICO,205.1583,9060,80354.606667,1607.94,787.466667,0,0,true,true,28,17.647059,16864,2554,54.166667,
OBJ_B3_BAJO,N050-I02,50,2,26,68,GENETICO,203.3383,9060,80395.006667,1608.34,787.866667,0,0,true,true,28,17.647059,16960,2566,54.166667,
OBJ_B3_BAJO,N050-I02,50,2,26,68,RECOCIDO_SIMULADO,50.7943,4861,80286.106667,1612.94,786.731667,0,0,true,true,26,14.705882,17970,2736,54.166667,425.388169
OBJ_B3_BAJO,N050-I02,50,2,27,69,RECOCIDO_SIMULADO,54.0349,4941,80250.476667,1609.143333,786.413333,0,0,true,true,28,17.647059,17732,2766,54.166667,486.368055
OBJ_B3_BAJO,N050-I02,50,2,27,69,GENETICO,222.6385,9060,80313.176667,1605.843333,787.073333,0,0,true,true,28,17.647059,17168,2554,54.166667,
OBJ_B3_BAJO,N050-I02,50,2,28,70,GENETICO,204.1988,9060,80339.456667,1607.79,787.316667,0,0,true,true,28,17.647059,16864,2554,54.166667,
OBJ_B3_BAJO,N050-I02,50,2,28,70,RECOCIDO_SIMULADO,55.0891,4781,80390.085,1613.085,787.77,0,0,true,true,28,17.647059,18948,2954,54.166667,393.743944
OBJ_B3_BAJO,N050-I02,50,2,29,71,RECOCIDO_SIMULADO,53.0789,4941,79959.465,1610.465,783.49,0,0,true,true,28,17.647059,18168,2738,54.166667,486.20892
OBJ_B3_BAJO,N050-I02,50,2,29,71,GENETICO,204.8604,9060,80410.156667,1608.49,788.016667,0,0,true,true,28,17.647059,16960,2566,54.166667,
OBJ_B3_BAJO,N050-I03,50,3,0,42,GENETICO,193.1422,9060,82904.523333,1735.856667,811.686667,0,0,true,true,28,14.814815,14196,2096,64.460784,
OBJ_B3_BAJO,N050-I03,50,3,0,42,RECOCIDO_SIMULADO,51.7586,4901,82985.82,1741.486667,812.443333,0,0,true,true,28,14.814815,16536,2536,64.460784,451.144969
OBJ_B3_BAJO,N050-I03,50,3,1,43,RECOCIDO_SIMULADO,52.6264,4941,82867.148333,1742.648333,811.245,0,0,true,true,28,14.814815,16574,2476,64.460784,475.85009
OBJ_B3_BAJO,N050-I03,50,3,1,43,GENETICO,194.1485,9060,82762.256667,1733.923333,810.283333,0,0,true,true,28,14.814815,14444,2156,64.460784,
OBJ_B3_BAJO,N050-I03,50,3,2,44,GENETICO,186.7358,9060,82904.523333,1735.856667,811.686667,0,0,true,true,28,14.814815,14196,2096,64.460784,
OBJ_B3_BAJO,N050-I03,50,3,2,44,RECOCIDO_SIMULADO,52.7856,4901,82993.803333,1737.136667,812.566667,0,0,true,true,28,14.814815,14324,2112,64.460784,452.466699
OBJ_B3_BAJO,N050-I03,50,3,3,45,RECOCIDO_SIMULADO,52.3245,4821,82885.933333,1739.266667,811.466667,0,0,true,true,28,14.814815,17108,2580,64.460784,417.725747
OBJ_B3_BAJO,N050-I03,50,3,3,45,GENETICO,190.8803,9060,82778.946667,1734.613333,810.443333,0,0,true,true,28,14.814815,14280,2124,64.460784,
OBJ_B3_BAJO,N050-I03,50,3,4,46,GENETICO,263.9321,9060,82920.73,1734.73,811.86,0,0,true,true,28,14.814815,14580,2204,64.460784,
OBJ_B3_BAJO,N050-I03,50,3,4,46,RECOCIDO_SIMULADO,51.7263,4981,82749.51,1741.676667,810.078333,0,0,true,true,28,14.814815,16256,2382,64.460784,498.191048
OBJ_B3_BAJO,N050-I03,50,3,5,47,RECOCIDO_SIMULADO,50.8465,4781,82832.873333,1738.373333,810.945,0,0,true,true,28,14.814815,15592,2360,64.460784,394.537743
OBJ_B3_BAJO,N050-I03,50,3,5,47,GENETICO,240.5682,9060,82843.431667,1735.098333,811.083333,0,0,true,true,28,14.814815,14460,2144,64.460784,
OBJ_B3_BAJO,N050-I03,50,3,6,48,GENETICO,339.1291,9060,82873.445,1735.945,811.375,0,0,true,true,28,14.814815,14592,2204,64.460784,
OBJ_B3_BAJO,N050-I03,50,3,6,48,RECOCIDO_SIMULADO,49.4406,4661,82993.803333,1737.136667,812.566667,0,0,true,true,28,14.814815,14324,2112,64.460784,345.174356
OBJ_B3_BAJO,N050-I03,50,3,7,49,RECOCIDO_SIMULADO,52.0052,4861,82953.221667,1739.388333,812.138333,0,0,true,true,26,11.111111,16606,2536,64.460784,443.607279
OBJ_B3_BAJO,N050-I03,50,3,7,49,GENETICO,186.8783,9060,82912.603333,1735.936667,811.766667,0,0,true,true,28,14.814815,14196,2096,64.460784,
OBJ_B3_BAJO,N050-I03,50,3,8,50,GENETICO,230.4331,9060,82709.971667,1733.138333,809.768333,0,0,true,true,28,14.814815,14504,2158,64.460784,
OBJ_B3_BAJO,N050-I03,50,3,8,50,RECOCIDO_SIMULADO,51.191,4781,82993.803333,1737.136667,812.566667,0,0,true,true,28,14.814815,14324,2112,64.460784,399.776881
OBJ_B3_BAJO,N050-I03,50,3,9,51,RECOCIDO_SIMULADO,54.5385,4941,82883.288333,1738.621667,811.446667,0,0,true,true,24,11.111111,17134,2588,64.460784,475.457706
OBJ_B3_BAJO,N050-I03,50,3,9,51,GENETICO,275.94,9060,82688.225,1732.225,809.56,0,0,true,true,28,14.814815,14504,2182,64.460784,
OBJ_B3_BAJO,N050-I03,50,3,10,52,GENETICO,186.782,9060,82826.753333,1735.086667,810.916667,0,0,true,true,28,14.814815,14196,2096,64.460784,
OBJ_B3_BAJO,N050-I03,50,3,10,52,RECOCIDO_SIMULADO,50.5915,4701,82993.803333,1737.136667,812.566667,0,0,true,true,28,14.814815,14324,2112,64.460784,349.418365
OBJ_B3_BAJO,N050-I03,50,3,11,53,RECOCIDO_SIMULADO,51.3781,4821,82972.461667,1737.628333,812.348333,0,0,true,true,28,14.814815,16234,2494,64.460784,421.607888
OBJ_B3_BAJO,N050-I03,50,3,11,53,GENETICO,204.0441,9060,82775.891667,1734.558333,810.413333,0,0,true,true,28,14.814815,14464,2156,64.460784,
OBJ_B3_BAJO,N050-I03,50,3,12,54,GENETICO,190.2608,9060,82899.873333,1736.206667,811.636667,0,0,true,true,28,14.814815,14324,2112,64.460784,
OBJ_B3_BAJO,N050-I03,50,3,12,54,RECOCIDO_SIMULADO,52.5517,4901,82881.975,1743.975,811.38,0,0,true,true,28,14.814815,16918,2514,64.460784,447.619134
OBJ_B3_BAJO,N050-I03,50,3,13,55,RECOCIDO_SIMULADO,52.3048,4861,82993.803333,1737.136667,812.566667,0,0,true,true,28,14.814815,14324,2112,64.460784,438.198348
OBJ_B3_BAJO,N050-I03,50,3,13,55,GENETICO,295.114,9060,82605.715,1730.715,808.75,0,0,true,true,28,14.814815,14012,2098,64.460784,
OBJ_B3_BAJO,N050-I03,50,3,14,56,GENETICO,189.8956,9060,82859.096667,1734.763333,811.243333,0,0,true,true,28,14.814815,14500,2174,64.460784,
OBJ_B3_BAJO,N050-I03,50,3,14,56,RECOCIDO_SIMULADO,52.0043,4861,82878.033333,1737.2,811.408333,0,0,true,true,26,14.814815,15486,2278,64.460784,447.237759
OBJ_B3_BAJO,N050-I03,50,3,15,57,RECOCIDO_SIMULADO,53.108,4981,82898.505,1736.671667,811.618333,0,0,true,true,26,11.111111,15906,2420,64.460784,501.610634
OBJ_B3_BAJO,N050-I03,50,3,15,57,GENETICO,186.7536,9060,82826.753333,1735.086667,810.916667,0,0,true,true,28,14.814815,14196,2096,64.460784,
OBJ_B3_BAJO,N050-I03,50,3,16,58,GENETICO,314.1068,9060,82628.035,1731.535,808.965,0,0,true,true,28,14.814815,14460,2160,64.460784,
OBJ_B3_BAJO,N050-I03,50,3,16,58,RECOCIDO_SIMULADO,51.2163,4901,82927.385,1736.885,811.905,0,0,true,true,28,14.814815,16338,2508,64.460784,453.960337
OBJ_B3_BAJO,N050-I03,50,3,17,59,RECOCIDO_SIMULADO,51.2951,4821,82799.578333,1743.078333,810.565,0,0,true,true,26,11.111111,16996,2510,64.460784,424.31164
OBJ_B3_BAJO,N050-I03,50,3,17,59,GENETICO,274.534,9060,82703.751667,1733.918333,809.698333,0,0,true,true,28,14.814815,14300,2120,64.460784,
OBJ_B3_BAJO,N050-I03,50,3,18,60,GENETICO,189.8707,9060,82891.303333,1734.136667,811.571667,0,0,true,true,28,14.814815,14168,2090,64.460784,
OBJ_B3_BAJO,N050-I03,50,3,18,60,RECOCIDO_SIMULADO,52.3786,4901,82993.803333,1737.136667,812.566667,0,0,true,true,28,14.814815,14324,2112,64.460784,468.722124
OBJ_B3_BAJO,N050-I03,50,3,19,61,RECOCIDO_SIMULADO,52.4595,5021,82795.733333,1739.233333,810.565,0,0,true,true,26,11.111111,16504,2516,64.460784,539.125354
OBJ_B3_BAJO,N050-I03,50,3,19,61,GENETICO,192.3807,9060,82882.291667,1733.458333,811.488333,0,0,true,true,28,14.814815,14780,2182,64.460784,
OBJ_B3_BAJO,N050-I03,50,3,20,62,GENETICO,395.3584,9060,82765.243333,1736.243333,810.29,0,0,true,true,26,11.111111,14856,2190,64.460784,
OBJ_B3_BAJO,N050-I03,50,3,20,62,RECOCIDO_SIMULADO,49.8606,4661,82943.885,1748.385,811.955,0,0,true,true,28,14.814815,17776,2660,64.460784,344.082271
OBJ_B3_BAJO,N050-I03,50,3,21,63,RECOCIDO_SIMULADO,49.8644,4701,82836.043333,1745.543333,810.905,0,0,true,true,28,14.814815,17302,2608,64.460784,355.884113
OBJ_B3_BAJO,N050-I03,50,3,21,63,GENETICO,236.3763,9060,82779.098333,1734.598333,810.445,0,0,true,true,26,11.111111,14592,2166,64.460784,
OBJ_B3_BAJO,N050-I03,50,3,22,64,GENETICO,223.0818,9060,82855.091667,1735.758333,811.193333,0,0,true,true,28,14.814815,14928,2228,64.460784,
OBJ_B3_BAJO,N050-I03,50,3,22,64,RECOCIDO_SIMULADO,51.8545,4821,82993.803333,1737.136667,812.566667,0,0,true,true,28,14.814815,14324,2112,64.460784,407.487287
OBJ_B3_BAJO,N050-I03,50,3,23,65,RECOCIDO_SIMULADO,53.5246,4981,82965.086667,1740.086667,812.25,0,0,true,true,24,11.111111,16832,2558,64.460784,503.770264
OBJ_B3_BAJO,N050-I03,50,3,23,65,GENETICO,279.427,9060,82708.146667,1733.813333,809.743333,0,0,true,true,28,14.814815,14320,2124,64.460784,
OBJ_B3_BAJO,N050-I03,50,3,24,66,GENETICO,203.5235,9060,82778.946667,1734.613333,810.443333,0,0,true,true,28,14.814815,14280,2124,64.460784,
OBJ_B3_BAJO,N050-I03,50,3,24,66,RECOCIDO_SIMULADO,51.0759,4701,82805.785,1736.451667,810.693333,0,0,true,true,26,14.814815,15874,2422,64.460784,363.699202
OBJ_B3_BAJO,N050-I03,50,3,25,67,RECOCIDO_SIMULADO,51.5213,4861,82993.803333,1737.136667,812.566667,0,0,true,true,28,14.814815,14324,2112,64.460784,441.466678
OBJ_B3_BAJO,N050-I03,50,3,25,67,GENETICO,336.1128,9060,82607.56,1732.06,808.755,0,0,true,true,28,14.814815,14724,2200,64.460784,
OBJ_B3_BAJO,N050-I03,50,3,26,68,GENETICO,194.1437,9060,82865.533333,1735.866667,811.296667,0,0,true,true,28,14.814815,14204,2098,64.460784,
OBJ_B3_BAJO,N050-I03,50,3,26,68,RECOCIDO_SIMULADO,51.4082,4901,82993.803333,1737.136667,812.566667,0,0,true,true,28,14.814815,14324,2112,64.460784,467.187126
OBJ_B3_BAJO,N050-I03,50,3,27,69,RECOCIDO_SIMULADO,52.1617,4901,82993.803333,1737.136667,812.566667,0,0,true,true,28,14.814815,14324,2112,64.460784,447.692035
OBJ_B3_BAJO,N050-I03,50,3,27,69,GENETICO,303.1524,9060,82945.996667,1736.663333,812.093333,0,0,true,true,28,14.814815,14408,2140,64.460784,
OBJ_B3_BAJO,N050-I03,50,3,28,70,GENETICO,186.1648,9060,82899.873333,1736.206667,811.636667,0,0,true,true,28,14.814815,14324,2112,64.460784,
OBJ_B3_BAJO,N050-I03,50,3,28,70,RECOCIDO_SIMULADO,51.1465,4821,82993.803333,1737.136667,812.566667,0,0,true,true,28,14.814815,14324,2112,64.460784,407.703636
OBJ_B3_BAJO,N050-I03,50,3,29,71,RECOCIDO_SIMULADO,50.0484,4741,82985.723333,1737.056667,812.486667,0,0,true,true,28,14.814815,14324,2112,64.460784,376.675095
OBJ_B3_BAJO,N050-I03,50,3,29,71,GENETICO,189.6616,9060,82843.986667,1735.653333,811.083333,0,0,true,true,28,14.814815,14480,2152,64.460784,
OBJ_B3_BAJO,N050-I04,50,4,0,42,GENETICO,192.5492,9060,87050.743333,1722.576667,853.281667,0,0,true,true,30,12.903226,15710,2288,64.215686,
OBJ_B3_BAJO,N050-I04,50,4,0,42,RECOCIDO_SIMULADO,52.7923,4981,87050.743333,1722.576667,853.281667,0,0,true,true,30,12.903226,15710,2288,64.215686,510.768735
OBJ_B3_BAJO,N050-I04,50,4,1,43,RECOCIDO_SIMULADO,52.5227,4901,86815.031667,1723.365,850.916667,0,0,true,true,32,16.129032,16224,2410,64.215686,464.140968
OBJ_B3_BAJO,N050-I04,50,4,1,43,GENETICO,215.2989,9060,87041.443333,1723.276667,853.181667,0,0,true,true,30,12.903226,15966,2320,64.215686,
OBJ_B3_BAJO,N050-I04,50,4,2,44,GENETICO,193.2773,9060,87050.743333,1722.576667,853.281667,0,0,true,true,30,12.903226,15710,2288,64.215686,
OBJ_B3_BAJO,N050-I04,50,4,2,44,RECOCIDO_SIMULADO,53.1445,4981,86805.596667,1723.263333,850.823333,0,0,true,true,32,16.129032,15034,2196,64.215686,518.523225
OBJ_B3_BAJO,N050-I04,50,4,3,45,RECOCIDO_SIMULADO,52.5226,4981,87050.743333,1722.576667,853.281667,0,0,true,true,30,12.903226,15710,2288,64.215686,513.284941
OBJ_B3_BAJO,N050-I04,50,4,3,45,GENETICO,190.8595,9060,87041.443333,1723.276667,853.181667,0,0,true,true,30,12.903226,15966,2320,64.215686,
OBJ_B3_BAJO,N050-I04,50,4,4,46,GENETICO,199.5797,9060,86995.593333,1722.426667,852.731667,0,0,true,true,30,12.903226,15838,2304,64.215686,
OBJ_B3_BAJO,N050-I04,50,4,4,46,RECOCIDO_SIMULADO,52.8737,4901,86947.146667,1727.813333,852.193333,0,0,true,true,30,12.903226,16622,2486,64.215686,454.689815
OBJ_B3_BAJO,N050-I04,50,4,5,47,RECOCIDO_SIMULADO,52.0069,4861,87014.471667,1727.138333,852.873333,0,0,true,true,32,16.129032,16476,2424,64.215686,445.707314
OBJ_B3_BAJO,N050-I04,50,4,5,47,GENETICO,187.6239,9060,87041.443333,1723.276667,853.181667,0,0,true,true,30,12.903226,15966,2320,64.215686,
OBJ_B3_BAJO,N050-I04,50,4,6,48,GENETICO,191.5957,9060,87050.743333,1722.576667,853.281667,0,0,true,true,30,12.903226,15710,2288,64.215686,
OBJ_B3_BAJO,N050-I04,50,4,6,48,RECOCIDO_SIMULADO,53.8791,5021,87050.743333,1722.576667,853.281667,0,0,true,true,30,12.903226,15710,2288,64.215686,537.672121
OBJ_B3_BAJO,N050-I04,50,4,7,49,RECOCIDO_SIMULADO,52.1581,4861,86807.771667,1728.938333,850.788333,0,0,true,true,32,16.129032,16698,2396,64.215686,431.258171
OBJ_B3_BAJO,N050-I04,50,4,7,49,GENETICO,264.159,9060,86964.306667,1721.14,852.431667,0,0,true,true,32,16.129032,15848,2346,64.215686,
OBJ_B3_BAJO,N050-I04,50,4,8,50,GENETICO,194.8707,9060,87050.743333,1722.576667,853.281667,0,0,true,true,30,12.903226,15710,2288,64.215686,
OBJ_B3_BAJO,N050-I04,50,4,8,50,RECOCIDO_SIMULADO,53.8784,5021,86835.465,1729.965,851.055,0,0,true,true,32,16.129032,16108,2470,64.215686,534.567191
OBJ_B3_BAJO,N050-I04,50,4,9,51,RECOCIDO_SIMULADO,52.0013,4941,87050.743333,1722.576667,853.281667,0,0,true,true,30,12.903226,15710,2288,64.215686,487.309027
OBJ_B3_BAJO,N050-I04,50,4,9,51,GENETICO,193.1261,9060,86995.593333,1722.426667,852.731667,0,0,true,true,30,12.903226,15838,2304,64.215686,
OBJ_B3_BAJO,N050-I04,50,4,10,52,GENETICO,208.8974,9060,86973.053333,1722.386667,852.506667,0,0,true,true,30,12.903226,15462,2258,64.215686,
OBJ_B3_BAJO,N050-I04,50,4,10,52,RECOCIDO_SIMULADO,53.7165,4941,86864.145,1719.645,851.445,0,0,true,true,30,12.903226,15926,2448,64.215686,473.733627
OBJ_B3_BAJO,N050-I04,50,4,11,53,RECOCIDO_SIMULADO,52.3547,4901,86812.468333,1726.468333,850.86,0,0,true,true,30,12.903226,15752,2330,64.215686,451.773785
OBJ_B3_BAJO,N050-I04,50,4,11,53,GENETICO,244.1954,9060,86785.07,1717.57,850.675,0,0,true,true,30,12.903226,14360,2114,64.215686,
OBJ_B3_BAJO,N050-I04,50,4,12,54,GENETICO,233.877,9060,86884.571667,1717.238333,851.673333,0,0,true,true,32,16.129032,15008,2210,64.215686,
OBJ_B3_BAJO,N050-I04,50,4,12,54,RECOCIDO_SIMULADO,55.5541,4861,86931.41,1722.243333,852.091667,0,0,true,true,32,16.129032,15170,2220,64.215686,441.004423
OBJ_B3_BAJO,N050-I04,50,4,13,55,RECOCIDO_SIMULADO,51.3943,4861,86844.32,1720.82,851.235,0,0,true,true,32,16.129032,14518,2152,64.215686,434.682438
OBJ_B3_BAJO,N050-I04,50,4,13,55,GENETICO,193.2859,9060,87004.893333,1721.726667,852.831667,0,0,true,true,30,12.903226,15582,2272,64.215686,
OBJ_B3_BAJO,N050-I04,50,4,14,56,GENETICO,195.4553,9060,87004.893333,1721.726667,852.831667,0,0,true,true,30,12.903226,15582,2272,64.215686,
OBJ_B3_BAJO,N050-I04,50,4,14,56,RECOCIDO_SIMULADO,53.0654,4941,86842.698333,1726.365,851.163333,0,0,true,true,32,16.129032,15974,2358,64.215686,483.661029
OBJ_B3_BAJO,N050-I04,50,4,15,57,RECOCIDO_SIMULADO,52.1892,4981,87050.743333,1722.576667,853.281667,0,0,true,true,30,12.903226,15710,2288,64.215686,515.579742
OBJ_B3_BAJO,N050-I04,50,4,15,57,GENETICO,210.8029,9060,86694.261667,1715.428333,849.788333,0,0,true,true,32,16.129032,14612,2178,64.215686,
OBJ_B3_BAJO,N050-I04,50,4,16,58,GENETICO,187.3416,9060,87004.893333,1721.726667,852.831667,0,0,true,true,30,12.903226,15582,2272,64.215686,
OBJ_B3_BAJO,N050-I04,50,4,16,58,RECOCIDO_SIMULADO,52.397,4861,86796.615,1725.115,850.715,0,0,true,true,32,16.129032,16442,2388,64.215686,431.059415
OBJ_B3_BAJO,N050-I04,50,4,17,59,RECOCIDO_SIMULADO,53.0603,5021,87050.743333,1722.576667,853.281667,0,0,true,true,30,12.903226,15710,2288,64.215686,547.390254
OBJ_B3_BAJO,N050-I04,50,4,17,59,GENETICO,192.2596,9060,86957.12,1720.62,852.365,0,0,true,true,32,16.129032,15970,2348,64.215686,
OBJ_B3_BAJO,N050-I04,50,4,18,60,GENETICO,192.6548,9060,86974.153333,1720.986667,852.531667,0,0,true,true,32,16.129032,15618,2284,64.215686,
OBJ_B3_BAJO,N050-I04,50,4,18,60,RECOCIDO_SIMULADO,53.1552,5021,86950.138333,1724.805,852.253333,0,0,true,true,32,16.129032,15430,2278,64.215686,543.710013
OBJ_B3_BAJO,N050-I04,50,4,19,61,RECOCIDO_SIMULADO,56.7124,5061,86894.583333,1724.916667,851.696667,0,0,true,true,32,16.129032,16144,2394,64.215686,553.011046
OBJ_B3_BAJO,N050-I04,50,4,19,61,GENETICO,203.9005,9060,87001.45,1719.95,852.815,0,0,true,true,32,16.129032,16038,2354,64.215686,
OBJ_B3_BAJO,N050-I04,50,4,20,62,GENETICO,193.3368,9060,87041.443333,1723.276667,853.181667,0,0,true,true,30,12.903226,15966,2320,64.215686,
OBJ_B3_BAJO,N050-I04,50,4,20,62,RECOCIDO_SIMULADO,53.1309,4901,87050.743333,1722.576667,853.281667,0,0,true,true,30,12.903226,15710,2288,64.215686,456.89274
OBJ_B3_BAJO,N050-I04,50,4,21,63,RECOCIDO_SIMULADO,51.7527,4941,87008.415,1728.915,852.795,0,0,true,true,32,16.129032,15624,2306,64.215686,478.13181
OBJ_B3_BAJO,N050-I04,50,4,21,63,GENETICO,540.3894,9060,86913.621667,1718.955,851.946667,0,0,true,true,32,16.129032,15140,2250,64.215686,
OBJ_B3_BAJO,N050-I04,50,4,22,64,GENETICO,232.1733,9060,87010.703333,1722.536667,852.881667,0,0,true,true,32,16.129032,16002,2332,64.215686,
OBJ_B3_BAJO,N050-I04,50,4,22,64,RECOCIDO_SIMULADO,55.0495,5101,86969.153333,1725.653333,852.435,0,0,true,true,30,12.903226,16332,2452,64.215686,582.219032
OBJ_B3_BAJO,N050-I04,50,4,23,65,RECOCIDO_SIMULADO,51.9598,4901,86956.608333,1722.608333,852.34,0,0,true,true,32,16.129032,15880,2386,64.215686,466.869963
OBJ_B3_BAJO,N050-I04,50,4,23,65,GENETICO,189.3189,9060,87004.893333,1721.726667,852.831667,0,0,true,true,30,12.903226,15582,2272,64.215686,
OBJ_B3_BAJO,N050-I04,50,4,24,66,GENETICO,238.719,9060,86931.436667,1720.603333,852.108333,0,0,true,true,32,16.129032,15122,2180,64.215686,
OBJ_B3_BAJO,N050-I04,50,4,24,66,RECOCIDO_SIMULADO,53.1363,5021,87024.765,1722.598333,853.021667,0,0,true,true,32,16.129032,15336,2370,64.215686,529.110931
OBJ_B3_BAJO,N050-I04,50,4,25,67,RECOCIDO_SIMULADO,52.6417,4941,86836.336667,1730.67,851.056667,0,0,true,true,32,16.129032,16284,2348,64.215686,490.008381
OBJ_B3_BAJO,N050-I04,50,4,25,67,GENETICO,214.8274,9060,87004.643333,1722.476667,852.821667,0,0,true,true,32,16.129032,15954,2324,64.215686,
OBJ_B3_BAJO,N050-I04,50,4,26,68,GENETICO,239.4619,9060,87004.893333,1721.726667,852.831667,0,0,true,true,30,12.903226,15582,2272,64.215686,
OBJ_B3_BAJO,N050-I04,50,4,26,68,RECOCIDO_SIMULADO,52.7113,4981,87028.151667,1727.651667,853.005,0,0,true,true,30,12.903226,15982,2408,64.215686,502.297259
OBJ_B3_BAJO,N050-I04,50,4,27,69,RECOCIDO_SIMULADO,53.5527,4941,87050.743333,1722.576667,853.281667,0,0,true,true,30,12.903226,15710,2288,64.215686,485.047389
OBJ_B3_BAJO,N050-I04,50,4,27,69,GENETICO,203.1985,9060,86953.881667,1721.548333,852.323333,0,0,true,true,30,12.903226,15180,2238,64.215686,
OBJ_B3_BAJO,N050-I04,50,4,28,70,GENETICO,199.6002,9060,87031.343333,1723.176667,853.081667,0,0,true,true,30,12.903226,15934,2316,64.215686,
OBJ_B3_BAJO,N050-I04,50,4,28,70,RECOCIDO_SIMULADO,51.8571,4781,86883.145,1725.311667,851.578333,0,0,true,true,30,12.903226,16246,2378,64.215686,393.290692
OBJ_B3_BAJO,N050-I04,50,4,29,71,RECOCIDO_SIMULADO,52.2911,4901,87050.743333,1722.576667,853.281667,0,0,true,true,30,12.903226,15710,2288,64.215686,457.578304
OBJ_B3_BAJO,N050-I04,50,4,29,71,GENETICO,195.4926,9060,86995.593333,1722.426667,852.731667,0,0,true,true,30,12.903226,15838,2304,64.215686,
OBJ_B3_BAJO,N050-I05,50,5,0,42,GENETICO,253.8325,9060,84000.065,1518.231667,824.818333,0,0,true,true,26,11.428571,14534,2156,65.686275,
OBJ_B3_BAJO,N050-I05,50,5,0,42,RECOCIDO_SIMULADO,50.2698,4661,83798.253333,1523.753333,822.745,0,0,true,true,26,11.428571,16322,2414,65.686275,341.459488
OBJ_B3_BAJO,N050-I05,50,5,1,43,RECOCIDO_SIMULADO,51.0833,4821,84070.665,1518.831667,825.518333,0,0,true,true,26,11.428571,14502,2152,65.686275,420.584026
OBJ_B3_BAJO,N050-I05,50,5,1,43,GENETICO,276.008,9060,84018.015,1518.181667,824.998333,0,0,true,true,26,11.428571,14730,2196,65.686275,
OBJ_B3_BAJO,N050-I05,50,5,2,44,GENETICO,207.5881,9060,83970.383333,1518.383333,824.52,0,0,true,true,26,11.428571,14770,2210,65.686275,
OBJ_B3_BAJO,N050-I05,50,5,2,44,RECOCIDO_SIMULADO,52.8887,4901,84064.133333,1528.3,825.358333,0,0,true,true,28,14.285714,17018,2544,65.686275,460.603516
OBJ_B3_BAJO,N050-I05,50,5,3,45,RECOCIDO_SIMULADO,51.0099,4781,83829.528333,1521.528333,823.08,0,0,true,true,26,11.428571,14966,2254,65.686275,401.860152
OBJ_B3_BAJO,N050-I05,50,5,3,45,GENETICO,186.7696,9060,84070.665,1518.831667,825.518333,0,0,true,true,26,11.428571,14502,2152,65.686275,
OBJ_B3_BAJO,N050-I05,50,5,4,46,GENETICO,187.1726,9060,84000.065,1518.231667,824.818333,0,0,true,true,26,11.428571,14534,2156,65.686275,
OBJ_B3_BAJO,N050-I05,50,5,4,46,RECOCIDO_SIMULADO,51.4513,4701,83876.351667,1524.185,823.521667,0,0,true,true,26,11.428571,14762,2200,65.686275,362.548796
OBJ_B3_BAJO,N050-I05,50,5,5,47,RECOCIDO_SIMULADO,52.9475,4821,83807.346667,1523.513333,822.838333,0,0,true,true,26,11.428571,16054,2472,65.686275,423.175659
OBJ_B3_BAJO,N050-I05,50,5,5,47,GENETICO,187.8518,9060,84040.415,1518.581667,825.218333,0,0,true,true,26,11.428571,14518,2154,65.686275,
OBJ_B3_BAJO,N050-I05,50,5,6,48,GENETICO,190.9136,9060,83979.815,1517.981667,824.618333,0,0,true,true,26,11.428571,14662,2202,65.686275,
OBJ_B3_BAJO,N050-I05,50,5,6,48,RECOCIDO_SIMULADO,51.983,4821,83812.93,1531.096667,822.818333,0,0,true,true,26,11.428571,16026,2358,65.686275,410.407428
OBJ_B3_BAJO,N050-I05,50,5,7,49,RECOCIDO_SIMULADO,52.2731,4901,84001.438333,1526.771667,824.746667,0,0,true,true,28,11.428571,16240,2440,65.686275,458.04005
OBJ_B3_BAJO,N050-I05,50,5,7,49,GENETICO,188.8703,9060,84055.515,1518.681667,825.368333,0,0,true,true,26,11.428571,14502,2152,65.686275,
OBJ_B3_BAJO,N050-I05,50,5,8,50,GENETICO,262.8349,9060,84027.076667,1517.41,825.096667,0,0,true,true,26,11.428571,14630,2178,65.686275,
OBJ_B3_BAJO,N050-I05,50,5,8,50,RECOCIDO_SIMULADO,51.1888,4701,83989.25,1524.083333,824.651667,0,0,true,true,26,8.571429,16440,2492,65.686275,358.622183
OBJ_B3_BAJO,N050-I05,50,5,9,51,RECOCIDO_SIMULADO,50.463,4661,83835.53,1518.03,823.175,0,0,true,true,28,11.428571,15614,2348,65.686275,346.090777
OBJ_B3_BAJO,N050-I05,50,5,9,51,GENETICO,193.343,9060,83980.165,1518.331667,824.618333,0,0,true,true,26,11.428571,14174,2086,65.686275,
OBJ_B3_BAJO,N050-I05,50,5,10,52,GENETICO,199.643,9060,83927.878333,1516.378333,824.115,0,0,true,true,26,11.428571,14840,2214,65.686275,
OBJ_B3_BAJO,N050-I05,50,5,10,52,RECOCIDO_SIMULADO,51.8872,4701,83614.973333,1526.973333,820.88,0,0,true,true,26,11.428571,15824,2312,65.686275,356.811837
OBJ_B3_BAJO,N050-I05,50,5,11,53,RECOCIDO_SIMULADO,51.2758,4741,83827.846667,1524.68,823.031667,0,0,true,true,26,11.428571,15662,2312,65.686275,378.425144
OBJ_B3_BAJO,N050-I05,50,5,11,53,GENETICO,191.7733,9060,84070.665,1518.831667,825.518333,0,0,true,true,26,11.428571,14502,2152,65.686275,
OBJ_B3_BAJO,N050-I05,50,5,12,54,GENETICO,190.4156,9060,84040.415,1518.581667,825.218333,0,0,true,true,26,11.428571,14518,2154,65.686275,
OBJ_B3_BAJO,N050-I05,50,5,12,54,RECOCIDO_SIMULADO,51.2287,4821,83870.62,1518.286667,823.523333,0,0,true,true,26,11.428571,15206,2294,65.686275,409.647074
OBJ_B3_BAJO,N050-I05,50,5,13,55,RECOCIDO_SIMULADO,49.9959,4661,83760.17,1527.003333,822.331667,0,0,true,true,26,11.428571,15964,2356,65.686275,340.733619
OBJ_B3_BAJO,N050-I05,50,5,13,55,GENETICO,201.4366,9060,83973.596667,1516.93,824.566667,0,0,true,true,26,11.428571,15130,2296,65.686275,
OBJ_B3_BAJO,N050-I05,50,5,14,56,GENETICO,190.5196,9060,84040.415,1518.581667,825.218333,0,0,true,true,26,11.428571,14518,2154,65.686275,
OBJ_B3_BAJO,N050-I05,50,5,14,56,RECOCIDO_SIMULADO,52.1512,4901,84047.446667,1519.78,825.276667,0,0,true,true,26,11.428571,15402,2294,65.686275,456.742543
OBJ_B3_BAJO,N050-I05,50,5,15,57,RECOCIDO_SIMULADO,50.857,4741,83960.153333,1528.153333,824.32,0,0,true,true,30,14.285714,16776,2442,65.686275,383.568193
OBJ_B3_BAJO,N050-I05,50,5,15,57,GENETICO,208.3902,9060,84015.165,1518.331667,824.968333,0,0,true,true,26,11.428571,14518,2154,65.686275,
OBJ_B3_BAJO,N050-I05,50,5,16,58,GENETICO,190.1678,9060,83994.915,1518.081667,824.768333,0,0,true,true,26,11.428571,14646,2200,65.686275,
OBJ_B3_BAJO,N050-I05,50,5,16,58,RECOCIDO_SIMULADO,50.4907,4781,83750.771667,1524.105,822.266667,0,0,true,true,26,11.428571,15816,2376,65.686275,392.924379
OBJ_B3_BAJO,N050-I05,50,5,17,59,RECOCIDO_SIMULADO,52.5133,4901,83855.908333,1525.408333,823.305,0,0,true,true,26,11.428571,15372,2314,65.686275,462.830138
OBJ_B3_BAJO,N050-I05,50,5,17,59,GENETICO,191.8914,9060,84055.515,1518.681667,825.368333,0,0,true,true,26,11.428571,14502,2152,65.686275,
OBJ_B3_BAJO,N050-I05,50,5,18,60,GENETICO,186.3107,9060,84000.065,1518.231667,824.818333,0,0,true,true,26,11.428571,14534,2156,65.686275,
OBJ_B3_BAJO,N050-I05,50,5,18,60,RECOCIDO_SIMULADO,51.71,4901,83944.64,1529.806667,824.148333,0,0,true,true,26,11.428571,16410,2360,65.686275,466.911584
OBJ_B3_BAJO,N050-I05,50,5,19,61,RECOCIDO_SIMULADO,53.74,4941,83916.423333,1523.423333,823.93,0,0,true,true,26,11.428571,16288,2468,65.686275,476.72686
OBJ_B3_BAJO,N050-I05,50,5,19,61,GENETICO,195.1255,9060,83886.973333,1515.973333,823.71,0,0,true,true,26,11.428571,14660,2208,65.686275,
OBJ_B3_BAJO,N050-I05,50,5,20,62,GENETICO,185.2173,9060,84055.515,1518.681667,825.368333,0,0,true,true,26,11.428571,14502,2152,65.686275,
OBJ_B3_BAJO,N050-I05,50,5,20,62,RECOCIDO_SIMULADO,51.1194,4701,84026.045,1522.045,825.04,0,0,true,true,28,11.428571,16536,2478,65.686275,347.039638
OBJ_B3_BAJO,N050-I05,50,5,21,63,RECOCIDO_SIMULADO,50.5295,4701,84035.788333,1523.788333,825.12,0,0,true,true,26,11.428571,16408,2486,65.686275,360.758741
OBJ_B3_BAJO,N050-I05,50,5,21,63,GENETICO,194.1152,9060,84015.165,1518.331667,824.968333,0,0,true,true,26,11.428571,14518,2154,65.686275,
OBJ_B3_BAJO,N050-I05,50,5,22,64,GENETICO,209.6887,9060,83878.943333,1515.943333,823.63,0,0,true,true,26,11.428571,14252,2116,65.686275,
OBJ_B3_BAJO,N050-I05,50,5,22,64,RECOCIDO_SIMULADO,53.6492,4901,83796.701667,1528.035,822.686667,0,0,true,true,26,11.428571,15366,2244,65.686275,463.164838
OBJ_B3_BAJO,N050-I05,50,5,23,65,RECOCIDO_SIMULADO,54.5941,5021,83919.028333,1526.528333,823.925,0,0,true,true,26,11.428571,16394,2498,65.686275,528.721386
OBJ_B3_BAJO,N050-I05,50,5,23,65,GENETICO,190.1109,9060,84055.565,1518.731667,825.368333,0,0,true,true,26,11.428571,14518,2154,65.686275,
OBJ_B3_BAJO,N050-I05,50,5,24,66,GENETICO,207.1689,9060,83984.173333,1518.173333,824.66,0,0,true,true,26,11.428571,14704,2206,65.686275,
OBJ_B3_BAJO,N050-I05,50,5,24,66,RECOCIDO_SIMULADO,51.1541,4781,83861.323333,1523.323333,823.38,0,0,true,true,26,11.428571,16602,2476,65.686275,396.912426
OBJ_B3_BAJO,N050-I05,50,5,25,67,RECOCIDO_SIMULADO,52.8433,4861,83861.766667,1527.1,823.346667,0,0,true,true,26,11.428571,16972,2554,65.686275,425.904209
OBJ_B3_BAJO,N050-I05,50,5,25,67,GENETICO,188.846,9060,84055.515,1518.681667,825.368333,0,0,true,true,26,11.428571,14502,2152,65.686275,
OBJ_B3_BAJO,N050-I05,50,5,26,68,GENETICO,188.2,9060,84070.665,1518.831667,825.518333,0,0,true,true,26,11.428571,14502,2152,65.686275,
OBJ_B3_BAJO,N050-I05,50,5,26,68,RECOCIDO_SIMULADO,51.6162,4741,84000.226667,1524.226667,824.76,0,0,true,true,28,14.285714,15858,2392,65.686275,369.478229
OBJ_B3_BAJO,N050-I05,50,5,27,69,RECOCIDO_SIMULADO,50.9039,4701,83934.163333,1518.496667,824.156667,0,0,true,true,28,11.428571,15848,2432,65.686275,354.766925
OBJ_B3_BAJO,N050-I05,50,5,27,69,GENETICO,188.7786,9060,84040.415,1518.581667,825.218333,0,0,true,true,26,11.428571,14518,2154,65.686275,
OBJ_B3_BAJO,N050-I05,50,5,28,70,GENETICO,209.8895,9060,83801.335,1517.501667,822.838333,0,0,true,true,26,11.428571,14566,2146,65.686275,
OBJ_B3_BAJO,N050-I05,50,5,28,70,RECOCIDO_SIMULADO,52.1043,4781,83824.785,1523.951667,823.008333,0,0,true,true,28,11.428571,15924,2382,65.686275,387.858576
OBJ_B3_BAJO,N050-I05,50,5,29,71,RECOCIDO_SIMULADO,51.8156,4781,83811.786667,1527.62,822.841667,0,0,true,true,26,11.428571,17050,2514,65.686275,393.45444
OBJ_B3_BAJO,N050-I05,50,5,29,71,GENETICO,247.4822,9060,83980.11,1516.776667,824.633333,0,0,true,true,26,11.428571,14750,2198,65.686275,
OBJ_B2_ALTO,N025-I01,25,1,0,42,GENETICO,193.0688,9060,22591.055,606.388333,219.846667,0,0,true,true,44,20,10384,1454,42.401961,
OBJ_B2_ALTO,N025-I01,25,1,0,42,RECOCIDO_SIMULADO,28.8621,4341,22595.201667,608.868333,219.863333,0,0,true,true,48,26.666667,10480,1452,42.401961,224.368883
OBJ_B2_ALTO,N025-I01,25,1,1,43,RECOCIDO_SIMULADO,29.5489,4461,22577.646667,610.813333,219.668333,0,0,true,true,48,26.666667,10672,1468,42.401961,259.893473
OBJ_B2_ALTO,N025-I01,25,1,1,43,GENETICO,244.5387,9060,22590.005,605.338333,219.846667,0,0,true,true,44,20,10144,1424,42.401961,
OBJ_B2_ALTO,N025-I01,25,1,2,44,GENETICO,104.9116,9060,22697.865,607.198333,220.906667,0,0,true,true,44,20,10424,1456,42.401961,
OBJ_B2_ALTO,N025-I01,25,1,2,44,RECOCIDO_SIMULADO,29.8318,4501,22569.461667,611.628333,219.578333,0,0,true,true,48,26.666667,10536,1416,42.401961,278.44757
OBJ_B2_ALTO,N025-I01,25,1,3,45,RECOCIDO_SIMULADO,31.1151,4581,22557.401667,610.068333,219.473333,0,0,true,true,48,26.666667,10752,1436,42.401961,310.106015
OBJ_B2_ALTO,N025-I01,25,1,3,45,GENETICO,269.6513,9060,22544.381667,604.548333,219.398333,0,0,true,true,48,26.666667,10600,1488,42.401961,
OBJ_B2_ALTO,N025-I01,25,1,4,46,GENETICO,209.9623,9060,22535.991667,605.158333,219.308333,0,0,true,true,48,26.666667,10528,1476,42.401961,
OBJ_B2_ALTO,N025-I01,25,1,4,46,RECOCIDO_SIMULADO,30.7733,4461,22596.671667,617.838333,219.788333,0,0,true,true,48,26.666667,10120,1352,42.401961,267.966511
OBJ_B2_ALTO,N025-I01,25,1,5,47,RECOCIDO_SIMULADO,30.4147,4621,22567.961667,610.128333,219.578333,0,0,true,true,48,26.666667,10264,1382,42.401961,318.33296
OBJ_B2_ALTO,N025-I01,25,1,5,47,GENETICO,158.8155,9060,22590.705,606.038333,219.846667,0,0,true,true,44,20,10224,1434,42.401961,
OBJ_B2_ALTO,N025-I01,25,1,6,48,GENETICO,172.6908,9060,22648.605,603.938333,220.446667,0,0,true,true,44,20,10160,1446,42.401961,
OBJ_B2_ALTO,N025-I01,25,1,6,48,RECOCIDO_SIMULADO,30.1354,4501,22541.646667,610.813333,219.308333,0,0,true,true,48,26.666667,10300,1386,42.401961,271.479455
OBJ_B2_ALTO,N025-I01,25,1,7,49,RECOCIDO_SIMULADO,30.6333,4421,22565.781667,609.448333,219.563333,0,0,true,true,48,26.666667,10568,1444,42.401961,244.28834
OBJ_B2_ALTO,N025-I01,25,1,7,49,GENETICO,283.9593,9060,22602.525,605.858333,219.966667,0,0,true,true,44,20,10112,1424,42.401961,
OBJ_B2_ALTO,N025-I01,25,1,8,50,GENETICO,198.4505,9060,22639.971667,606.138333,220.338333,0,0,true,true,48,26.666667,10432,1460,42.401961,
OBJ_B2_ALTO,N025-I01,25,1,8,50,RECOCIDO_SIMULADO,30.3665,4501,22583.665,609.998333,219.736667,0,0,true,true,52,33.333333,11088,1514,42.401961,270.576052
OBJ_B2_ALTO,N025-I01,25,1,9,51,RECOCIDO_SIMULADO,29.4526,4421,22569.316667,611.483333,219.578333,0,0,true,true,48,26.666667,10164,1378,42.401961,247.06906
OBJ_B2_ALTO,N025-I01,25,1,9,51,GENETICO,146.3871,9060,22571.01,605.843333,219.651667,0,0,true,true,44,20,10276,1434,42.401961,
OBJ_B2_ALTO,N025-I01,25,1,10,52,GENETICO,170.122,9060,22576.161667,604.828333,219.713333,0,0,true,true,48,26.666667,10616,1476,42.401961,
OBJ_B2_ALTO,N025-I01,25,1,10,52,RECOCIDO_SIMULADO,30.4698,4501,22585.116667,610.783333,219.743333,0,0,true,true,48,26.666667,10688,1504,42.401961,277.318243
OBJ_B2_ALTO,N025-I01,25,1,11,53,RECOCIDO_SIMULADO,29.3628,4461,22558.081667,612.248333,219.458333,0,0,true,true,48,26.666667,10592,1412,42.401961,255.90468
OBJ_B2_ALTO,N025-I01,25,1,11,53,GENETICO,126.5763,9060,22591.055,606.388333,219.846667,0,0,true,true,44,20,10208,1432,42.401961,
OBJ_B2_ALTO,N025-I01,25,1,12,54,GENETICO,133.3817,9060,22569.786667,604.453333,219.653333,0,0,true,true,48,26.666667,10692,1508,42.401961,
OBJ_B2_ALTO,N025-I01,25,1,12,54,RECOCIDO_SIMULADO,29.6706,4461,22604.451667,610.618333,219.938333,0,0,true,true,48,26.666667,10816,1484,42.401961,263.983968
OBJ_B2_ALTO,N025-I01,25,1,13,55,RECOCIDO_SIMULADO,28.8797,4341,22577.596667,610.763333,219.668333,0,0,true,true,48,26.666667,10108,1362,42.401961,224.218935
OBJ_B2_ALTO,N025-I01,25,1,13,55,GENETICO,285.5004,9060,22571.301667,604.468333,219.668333,0,0,true,true,48,26.666667,10688,1508,42.401961,
OBJ_B2_ALTO,N025-I01,25,1,14,56,GENETICO,258.64,9060,22555.586667,605.253333,219.503333,0,0,true,true,48,26.666667,10732,1508,42.401961,
OBJ_B2_ALTO,N025-I01,25,1,14,56,RECOCIDO_SIMULADO,30.2464,4421,22551.631667,611.798333,219.398333,0,0,true,true,48,26.666667,10264,1376,42.401961,253.895667
OBJ_B2_ALTO,N025-I01,25,1,15,57,RECOCIDO_SIMULADO,28.6671,4341,22618.846667,610.013333,220.088333,0,0,true,true,48,26.666667,10580,1456,42.401961,227.823707
OBJ_B2_ALTO,N025-I01,25,1,15,57,GENETICO,213.8642,9060,22590.105,605.438333,219.846667,0,0,true,true,44,20,10208,1432,42.401961,
OBJ_B2_ALTO,N025-I01,25,1,16,58,GENETICO,179.3543,9060,22544.831667,604.998333,219.398333,0,0,true,true,48,26.666667,10504,1476,42.401961,
OBJ_B2_ALTO,N025-I01,25,1,16,58,RECOCIDO_SIMULADO,29.7936,4541,22539.406667,608.573333,219.308333,0,0,true,true,48,26.666667,11140,1528,42.401961,288.141004
OBJ_B2_ALTO,N025-I01,25,1,17,59,RECOCIDO_SIMULADO,29.6152,4421,22603.21,620.543333,219.826667,0,0,true,true,52,33.333333,10868,1428,42.401961,248.495483
OBJ_B2_ALTO,N025-I01,25,1,17,59,GENETICO,167.3147,9060,22651.891667,606.058333,220.458333,0,0,true,true,48,26.666667,10480,1470,42.401961,
OBJ_B2_ALTO,N025-I01,25,1,18,60,GENETICO,177.1914,9060,22581.265,605.598333,219.756667,0,0,true,true,44,20,10232,1432,42.401961,
OBJ_B2_ALTO,N025-I01,25,1,18,60,RECOCIDO_SIMULADO,31.7793,4461,22558.656667,608.323333,219.503333,0,0,true,true,48,26.666667,10964,1516,42.401961,264.893171
OBJ_B2_ALTO,N025-I01,25,1,19,61,RECOCIDO_SIMULADO,33.7615,4421,22567.341667,611.008333,219.563333,0,0,true,true,48,26.666667,10664,1458,42.401961,250.094095
OBJ_B2_ALTO,N025-I01,25,1,19,61,GENETICO,281.8366,9060,22544.381667,604.548333,219.398333,0,0,true,true,48,26.666667,10600,1488,42.401961,
OBJ_B2_ALTO,N025-I01,25,1,20,62,GENETICO,272.8901,9060,22535.991667,605.158333,219.308333,0,0,true,true,48,26.666667,10528,1476,42.401961,
OBJ_B2_ALTO,N025-I01,25,1,20,62,RECOCIDO_SIMULADO,29.4017,4461,22575.391667,608.558333,219.668333,0,0,true,true,48,26.666667,9944,1368,42.401961,256.508145
OBJ_B2_ALTO,N025-I01,25,1,21,63,RECOCIDO_SIMULADO,30.3557,4421,22633.276667,610.943333,220.223333,0,0,true,true,48,26.666667,9790,1362,42.401961,252.116905
OBJ_B2_ALTO,N025-I01,25,1,21,63,GENETICO,276.5906,9060,22535.991667,605.158333,219.308333,0,0,true,true,48,26.666667,10528,1476,42.401961,
OBJ_B2_ALTO,N025-I01,25,1,22,64,GENETICO,126.9118,9060,22590.355,605.688333,219.846667,0,0,true,true,44,20,10384,1454,42.401961,
OBJ_B2_ALTO,N025-I01,25,1,22,64,RECOCIDO_SIMULADO,30.967,4541,22596.081667,609.748333,219.863333,0,0,true,true,48,26.666667,10576,1460,42.401961,295.767732
OBJ_B2_ALTO,N025-I01,25,1,23,65,RECOCIDO_SIMULADO,30.1498,4581,22618.156667,610.823333,220.073333,0,0,true,true,48,26.666667,11580,1598,42.401961,302.383303
OBJ_B2_ALTO,N025-I01,25,1,23,65,GENETICO,190.0196,9060,22651.891667,606.058333,220.458333,0,0,true,true,48,26.666667,10480,1470,42.401961,
OBJ_B2_ALTO,N025-I01,25,1,24,66,GENETICO,253.2331,9060,22590.355,605.688333,219.846667,0,0,true,true,44,20,10384,1454,42.401961,
OBJ_B2_ALTO,N025-I01,25,1,24,66,RECOCIDO_SIMULADO,29.0699,4461,22582.031667,609.198333,219.728333,0,0,true,true,48,26.666667,10280,1408,42.401961,265.749033
OBJ_B2_ALTO,N025-I01,25,1,25,67,RECOCIDO_SIMULADO,29.9212,4461,22554.886667,607.553333,219.473333,0,0,true,true,48,26.666667,10428,1420,42.401961,259.579614
OBJ_B2_ALTO,N025-I01,25,1,25,67,GENETICO,196.586,9060,22544.381667,604.548333,219.398333,0,0,true,true,48,26.666667,10600,1488,42.401961,
OBJ_B2_ALTO,N025-I01,25,1,26,68,GENETICO,204.3802,9060,22535.841667,605.008333,219.308333,0,0,true,true,48,26.666667,10624,1488,42.401961,
OBJ_B2_ALTO,N025-I01,25,1,26,68,RECOCIDO_SIMULADO,30.2281,4501,22608.061667,618.728333,219.893333,0,0,true,true,48,26.666667,9850,1364,42.401961,278.397369
OBJ_B2_ALTO,N025-I01,25,1,27,69,RECOCIDO_SIMULADO,30.001,4461,22556.226667,608.893333,219.473333,0,0,true,true,48,26.666667,10284,1388,42.401961,264.522949
OBJ_B2_ALTO,N025-I01,25,1,27,69,GENETICO,194.856,9060,22570.31,605.143333,219.651667,0,0,true,true,44,20,10068,1408,42.401961,
OBJ_B2_ALTO,N025-I01,25,1,28,70,GENETICO,240.4624,9060,22590.805,606.138333,219.846667,0,0,true,true,44,20,10448,1462,42.401961,
OBJ_B2_ALTO,N025-I01,25,1,28,70,RECOCIDO_SIMULADO,30.0107,4581,22575.916667,607.583333,219.683333,0,0,true,true,48,26.666667,11644,1628,42.401961,297.784718
OBJ_B2_ALTO,N025-I01,25,1,29,71,RECOCIDO_SIMULADO,29.1024,4461,22570.056667,607.723333,219.623333,0,0,true,true,48,26.666667,10772,1512,42.401961,256.219892
OBJ_B2_ALTO,N025-I01,25,1,29,71,GENETICO,324.5408,9060,22575.546667,604.213333,219.713333,0,0,true,true,48,26.666667,10948,1542,42.401961,
OBJ_B2_ALTO,N025-I02,25,2,0,42,GENETICO,122.2844,9060,11841.03,431.696667,114.093333,0,0,true,true,56,15.384615,11648,1702,31.617647,
OBJ_B2_ALTO,N025-I02,25,2,0,42,RECOCIDO_SIMULADO,28.981,4301,11841.03,431.696667,114.093333,0,0,true,true,56,15.384615,11648,1702,31.617647,208.173216
OBJ_B2_ALTO,N025-I02,25,2,1,43,RECOCIDO_SIMULADO,29.1912,4301,11841.03,431.696667,114.093333,0,0,true,true,56,15.384615,11648,1702,31.617647,217.079958
OBJ_B2_ALTO,N025-I02,25,2,1,43,GENETICO,125.9098,9060,11841.03,431.696667,114.093333,0,0,true,true,56,15.384615,11648,1702,31.617647,
OBJ_B2_ALTO,N025-I02,25,2,2,44,GENETICO,119.5421,9060,11841.03,431.696667,114.093333,0,0,true,true,56,15.384615,11648,1702,31.617647,
OBJ_B2_ALTO,N025-I02,25,2,2,44,RECOCIDO_SIMULADO,28.0791,4181,11841.03,431.696667,114.093333,0,0,true,true,56,15.384615,11648,1702,31.617647,177.915806
OBJ_B2_ALTO,N025-I02,25,2,3,45,RECOCIDO_SIMULADO,28.1417,4061,11833.393333,440.56,113.928333,0,0,true,true,56,15.384615,11174,1560,31.617647,158.665844
OBJ_B2_ALTO,N025-I02,25,2,3,45,GENETICO,139.5557,9060,11841.03,431.696667,114.093333,0,0,true,true,56,15.384615,11648,1702,31.617647,
OBJ_B2_ALTO,N025-I02,25,2,4,46,GENETICO,126.132,9060,11841.03,431.696667,114.093333,0,0,true,true,56,15.384615,11648,1702,31.617647,
OBJ_B2_ALTO,N025-I02,25,2,4,46,RECOCIDO_SIMULADO,30.272,4261,11838.09,445.256667,113.928333,0,0,true,true,56,15.384615,11498,1656,31.617647,197.891493
OBJ_B2_ALTO,N025-I02,25,2,5,47,RECOCIDO_SIMULADO,29.8083,4341,11841.03,431.696667,114.093333,0,0,true,true,56,15.384615,11648,1702,31.617647,223.851387
OBJ_B2_ALTO,N025-I02,25,2,5,47,GENETICO,120.2294,9060,11841.03,431.696667,114.093333,0,0,true,true,56,15.384615,11648,1702,31.617647,
OBJ_B2_ALTO,N025-I02,25,2,6,48,GENETICO,121.3072,9060,11841.03,431.696667,114.093333,0,0,true,true,56,15.384615,11648,1702,31.617647,
OBJ_B2_ALTO,N025-I02,25,2,6,48,RECOCIDO_SIMULADO,27.0437,4061,11836.526667,443.693333,113.928333,0,0,true,true,56,15.384615,10730,1582,31.617647,152.632083
OBJ_B2_ALTO,N025-I02,25,2,7,49,RECOCIDO_SIMULADO,26.9953,4061,11841.03,431.696667,114.093333,0,0,true,true,56,15.384615,11648,1702,31.617647,155.172926
OBJ_B2_ALTO,N025-I02,25,2,7,49,GENETICO,134.1319,9060,11841.03,431.696667,114.093333,0,0,true,true,56,15.384615,11648,1702,31.617647,
OBJ_B2_ALTO,N025-I02,25,2,8,50,GENETICO,128.885,9060,11841.03,431.696667,114.093333,0,0,true,true,56,15.384615,11648,1702,31.617647,
OBJ_B2_ALTO,N025-I02,25,2,8,50,RECOCIDO_SIMULADO,29.1833,4341,11841.03,431.696667,114.093333,0,0,true,true,56,15.384615,11648,1702,31.617647,224.231177
OBJ_B2_ALTO,N025-I02,25,2,9,51,RECOCIDO_SIMULADO,28.8189,4301,11841.03,431.696667,114.093333,0,0,true,true,56,15.384615,11648,1702,31.617647,208.591285
OBJ_B2_ALTO,N025-I02,25,2,9,51,GENETICO,130.3949,9060,11841.03,431.696667,114.093333,0,0,true,true,56,15.384615,11648,1702,31.617647,
OBJ_B2_ALTO,N025-I02,25,2,10,52,GENETICO,157.2945,9060,11841.03,431.696667,114.093333,0,0,true,true,56,15.384615,11648,1702,31.617647,
OBJ_B2_ALTO,N025-I02,25,2,10,52,RECOCIDO_SIMULADO,29.0006,4381,11841.03,431.696667,114.093333,0,0,true,true,56,15.384615,11648,1702,31.617647,241.140038
OBJ_B2_ALTO,N025-I02,25,2,11,53,RECOCIDO_SIMULADO,29.1334,4261,11841.03,431.696667,114.093333,0,0,true,true,56,15.384615,11648,1702,31.617647,203.540001
OBJ_B2_ALTO,N025-I02,25,2,11,53,GENETICO,119.3136,9060,11841.03,431.696667,114.093333,0,0,true,true,56,15.384615,11648,1702,31.617647,
OBJ_B2_ALTO,N025-I02,25,2,12,54,GENETICO,166.7589,9060,11841.03,431.696667,114.093333,0,0,true,true,56,15.384615,11648,1702,31.617647,
OBJ_B2_ALTO,N025-I02,25,2,12,54,RECOCIDO_SIMULADO,28.81,4381,11841.03,431.696667,114.093333,0,0,true,true,56,15.384615,11648,1702,31.617647,235.728053
OBJ_B2_ALTO,N025-I02,25,2,13,55,RECOCIDO_SIMULADO,32.9616,4341,11841.03,431.696667,114.093333,0,0,true,true,56,15.384615,11648,1702,31.617647,224.90306
OBJ_B2_ALTO,N025-I02,25,2,13,55,GENETICO,129.5652,9060,11841.03,431.696667,114.093333,0,0,true,true,56,15.384615,11648,1702,31.617647,
OBJ_B2_ALTO,N025-I02,25,2,14,56,GENETICO,162.5089,9060,11841.03,431.696667,114.093333,0,0,true,true,56,15.384615,11648,1702,31.617647,
OBJ_B2_ALTO,N025-I02,25,2,14,56,RECOCIDO_SIMULADO,27.8329,4221,11834.506667,441.673333,113.928333,0,0,true,true,56,15.384615,11452,1652,31.617647,195.2042
OBJ_B2_ALTO,N025-I02,25,2,15,57,RECOCIDO_SIMULADO,29.211,4341,11841.03,431.696667,114.093333,0,0,true,true,56,15.384615,11648,1702,31.617647,228.545875
OBJ_B2_ALTO,N025-I02,25,2,15,57,GENETICO,122.6562,9060,11841.03,431.696667,114.093333,0,0,true,true,56,15.384615,11648,1702,31.617647,
OBJ_B2_ALTO,N025-I02,25,2,16,58,GENETICO,173.6452,9060,11841.03,431.696667,114.093333,0,0,true,true,56,15.384615,11648,1702,31.617647,
OBJ_B2_ALTO,N025-I02,25,2,16,58,RECOCIDO_SIMULADO,27.8486,4101,11829.493333,436.66,113.928333,0,0,true,true,56,15.384615,10966,1576,31.617647,164.800903
OBJ_B2_ALTO,N025-I02,25,2,17,59,RECOCIDO_SIMULADO,29.023,4181,11841.03,431.696667,114.093333,0,0,true,true,56,15.384615,11648,1702,31.617647,178.165759
OBJ_B2_ALTO,N025-I02,25,2,17,59,GENETICO,124.1431,9060,11841.03,431.696667,114.093333,0,0,true,true,56,15.384615,11648,1702,31.617647,
OBJ_B2_ALTO,N025-I02,25,2,18,60,GENETICO,131.6596,9060,11841.03,431.696667,114.093333,0,0,true,true,56,15.384615,11648,1702,31.617647,
OBJ_B2_ALTO,N025-I02,25,2,18,60,RECOCIDO_SIMULADO,31.1132,4421,11841.03,431.696667,114.093333,0,0,true,true,56,15.384615,11648,1702,31.617647,248.958177
OBJ_B2_ALTO,N025-I02,25,2,19,61,RECOCIDO_SIMULADO,28.7672,4301,11841.03,431.696667,114.093333,0,0,true,true,56,15.384615,11648,1702,31.617647,212.113737
OBJ_B2_ALTO,N025-I02,25,2,19,61,GENETICO,126.0876,9060,11841.03,431.696667,114.093333,0,0,true,true,56,15.384615,11648,1702,31.617647,
OBJ_B2_ALTO,N025-I02,25,2,20,62,GENETICO,121.2951,9060,11824.615,431.781667,113.928333,0,0,true,true,56,15.384615,11596,1690,31.617647,
OBJ_B2_ALTO,N025-I02,25,2,20,62,RECOCIDO_SIMULADO,29.9815,4381,11841.03,431.696667,114.093333,0,0,true,true,56,15.384615,11648,1702,31.617647,233.107551
OBJ_B2_ALTO,N025-I02,25,2,21,63,RECOCIDO_SIMULADO,28.5778,4261,11841.03,431.696667,114.093333,0,0,true,true,56,15.384615,11648,1702,31.617647,197.9206
OBJ_B2_ALTO,N025-I02,25,2,21,63,GENETICO,121.5375,9060,11841.03,431.696667,114.093333,0,0,true,true,56,15.384615,11648,1702,31.617647,
OBJ_B2_ALTO,N025-I02,25,2,22,64,GENETICO,142.2579,9060,11841.03,431.696667,114.093333,0,0,true,true,56,15.384615,11648,1702,31.617647,
OBJ_B2_ALTO,N025-I02,25,2,22,64,RECOCIDO_SIMULADO,29.0785,4221,11841.03,431.696667,114.093333,0,0,true,true,56,15.384615,11648,1702,31.617647,192.162087
OBJ_B2_ALTO,N025-I02,25,2,23,65,RECOCIDO_SIMULADO,27.926,4141,11841.03,431.696667,114.093333,0,0,true,true,56,15.384615,11648,1702,31.617647,175.586569
OBJ_B2_ALTO,N025-I02,25,2,23,65,GENETICO,141.3436,9060,11841.03,431.696667,114.093333,0,0,true,true,56,15.384615,11648,1702,31.617647,
OBJ_B2_ALTO,N025-I02,25,2,24,66,GENETICO,226.6384,9060,11841.03,431.696667,114.093333,0,0,true,true,56,15.384615,11648,1702,31.617647,
OBJ_B2_ALTO,N025-I02,25,2,24,66,RECOCIDO_SIMULADO,28.2089,4141,11841.03,431.696667,114.093333,0,0,true,true,56,15.384615,11648,1702,31.617647,171.530678
OBJ_B2_ALTO,N025-I02,25,2,25,67,RECOCIDO_SIMULADO,28.5646,4341,11831.96,439.126667,113.928333,0,0,true,true,56,15.384615,10650,1522,31.617647,226.854563
OBJ_B2_ALTO,N025-I02,25,2,25,67,GENETICO,138.632,9060,11841.03,431.696667,114.093333,0,0,true,true,56,15.384615,11648,1702,31.617647,
OBJ_B2_ALTO,N025-I02,25,2,26,68,GENETICO,210.1666,9060,11841.03,431.696667,114.093333,0,0,true,true,56,15.384615,11648,1702,31.617647,
OBJ_B2_ALTO,N025-I02,25,2,26,68,RECOCIDO_SIMULADO,28.5658,4181,11841.03,431.696667,114.093333,0,0,true,true,56,15.384615,11648,1702,31.617647,183.771862
OBJ_B2_ALTO,N025-I02,25,2,27,69,RECOCIDO_SIMULADO,28.5406,4301,11834.188333,441.355,113.928333,0,0,true,true,56,15.384615,11066,1590,31.617647,210.227997
OBJ_B2_ALTO,N025-I02,25,2,27,69,GENETICO,134.2121,9060,11841.03,431.696667,114.093333,0,0,true,true,56,15.384615,11648,1702,31.617647,
OBJ_B2_ALTO,N025-I02,25,2,28,70,GENETICO,202.6005,9060,11838,431.666667,114.063333,0,0,true,true,56,15.384615,11656,1702,31.617647,
OBJ_B2_ALTO,N025-I02,25,2,28,70,RECOCIDO_SIMULADO,28.1166,4221,11835.33,442.496667,113.928333,0,0,true,true,56,15.384615,10976,1508,31.617647,192.209589
OBJ_B2_ALTO,N025-I02,25,2,29,71,RECOCIDO_SIMULADO,27.0265,4061,11833.175,440.341667,113.928333,0,0,true,true,56,15.384615,10868,1496,31.617647,156.329248
OBJ_B2_ALTO,N025-I02,25,2,29,71,GENETICO,125.253,9060,11841.03,431.696667,114.093333,0,0,true,true,56,15.384615,11648,1702,31.617647,
OBJ_B2_ALTO,N025-I03,25,3,0,42,GENETICO,120.0136,9060,12032.715,416.048333,116.166667,0,0,true,true,68,52.941176,10704,1536,28.676471,
OBJ_B2_ALTO,N025-I03,25,3,0,42,RECOCIDO_SIMULADO,29.7979,4381,12032.715,416.048333,116.166667,0,0,true,true,68,52.941176,10704,1536,28.676471,233.151164
OBJ_B2_ALTO,N025-I03,25,3,1,43,RECOCIDO_SIMULADO,28.0144,4101,12032.715,416.048333,116.166667,0,0,true,true,68,52.941176,10704,1536,28.676471,160.80591
OBJ_B2_ALTO,N025-I03,25,3,1,43,GENETICO,208.6461,9060,12031.785,415.118333,116.166667,0,0,true,true,68,52.941176,11432,1636,28.676471,
OBJ_B2_ALTO,N025-I03,25,3,2,44,GENETICO,482.9498,9060,12032.715,416.048333,116.166667,0,0,true,true,68,52.941176,10704,1536,28.676471,
OBJ_B2_ALTO,N025-I03,25,3,2,44,RECOCIDO_SIMULADO,29.0123,4181,12032.715,416.048333,116.166667,0,0,true,true,68,52.941176,10704,1536,28.676471,186.827859
OBJ_B2_ALTO,N025-I03,25,3,3,45,RECOCIDO_SIMULADO,28.4229,4181,12032.715,416.048333,116.166667,0,0,true,true,68,52.941176,10704,1536,28.676471,186.578676
OBJ_B2_ALTO,N025-I03,25,3,3,45,GENETICO,338.8141,9060,12032.235,415.568333,116.166667,0,0,true,true,68,52.941176,10832,1536,28.676471,
OBJ_B2_ALTO,N025-I03,25,3,4,46,GENETICO,133.1532,9060,12032.715,416.048333,116.166667,0,0,true,true,68,52.941176,10704,1536,28.676471,
OBJ_B2_ALTO,N025-I03,25,3,4,46,RECOCIDO_SIMULADO,26.819,4021,12032.715,416.048333,116.166667,0,0,true,true,68,52.941176,10704,1536,28.676471,151.920014
OBJ_B2_ALTO,N025-I03,25,3,5,47,RECOCIDO_SIMULADO,28.9256,4381,12032.715,416.048333,116.166667,0,0,true,true,68,52.941176,10704,1536,28.676471,241.584082
OBJ_B2_ALTO,N025-I03,25,3,5,47,GENETICO,305.876,9060,12031.785,415.118333,116.166667,0,0,true,true,68,52.941176,10936,1574,28.676471,
OBJ_B2_ALTO,N025-I03,25,3,6,48,GENETICO,122.4628,9060,12032.715,416.048333,116.166667,0,0,true,true,68,52.941176,10704,1536,28.676471,
OBJ_B2_ALTO,N025-I03,25,3,6,48,RECOCIDO_SIMULADO,28.5695,4301,12032.715,416.048333,116.166667,0,0,true,true,68,52.941176,10704,1536,28.676471,213.072462
OBJ_B2_ALTO,N025-I03,25,3,7,49,RECOCIDO_SIMULADO,27.9771,4181,12032.715,416.048333,116.166667,0,0,true,true,68,52.941176,10704,1536,28.676471,185.280178
OBJ_B2_ALTO,N025-I03,25,3,7,49,GENETICO,453.5286,9060,12031.785,415.118333,116.166667,0,0,true,true,68,52.941176,11432,1636,28.676471,
OBJ_B2_ALTO,N025-I03,25,3,8,50,GENETICO,217.1886,9060,12032.16,415.493333,116.166667,0,0,true,true,68,52.941176,10852,1536,28.676471,
OBJ_B2_ALTO,N025-I03,25,3,8,50,RECOCIDO_SIMULADO,26.3837,4021,12032.715,416.048333,116.166667,0,0,true,true,68,52.941176,10704,1536,28.676471,151.938361
OBJ_B2_ALTO,N025-I03,25,3,9,51,RECOCIDO_SIMULADO,29.2389,4261,12032.715,416.048333,116.166667,0,0,true,true,68,52.941176,10704,1536,28.676471,205.645468
OBJ_B2_ALTO,N025-I03,25,3,9,51,GENETICO,117.1657,9060,12032.715,416.048333,116.166667,0,0,true,true,68,52.941176,10704,1536,28.676471,
OBJ_B2_ALTO,N025-I03,25,3,10,52,GENETICO,247.844,9060,12031.785,415.118333,116.166667,0,0,true,true,68,52.941176,11432,1636,28.676471,
OBJ_B2_ALTO,N025-I03,25,3,10,52,RECOCIDO_SIMULADO,29.3524,4181,12032.715,416.048333,116.166667,0,0,true,true,68,52.941176,10704,1536,28.676471,179.513427
OBJ_B2_ALTO,N025-I03,25,3,11,53,RECOCIDO_SIMULADO,28.6547,4381,12032.715,416.048333,116.166667,0,0,true,true,68,52.941176,10704,1536,28.676471,241.491939
OBJ_B2_ALTO,N025-I03,25,3,11,53,GENETICO,208.0163,9060,12031.985,415.318333,116.166667,0,0,true,true,68,52.941176,11000,1582,28.676471,
OBJ_B2_ALTO,N025-I03,25,3,12,54,GENETICO,410.5509,9060,12031.785,415.118333,116.166667,0,0,true,true,68,52.941176,10984,1580,28.676471,
OBJ_B2_ALTO,N025-I03,25,3,12,54,RECOCIDO_SIMULADO,28.3361,4301,12032.715,416.048333,116.166667,0,0,true,true,68,52.941176,10704,1536,28.676471,211.259999
OBJ_B2_ALTO,N025-I03,25,3,13,55,RECOCIDO_SIMULADO,29.5799,4501,12032.715,416.048333,116.166667,0,0,true,true,68,52.941176,10704,1536,28.676471,269.280247
OBJ_B2_ALTO,N025-I03,25,3,13,55,GENETICO,322.8923,9060,12032.16,415.493333,116.166667,0,0,true,true,68,52.941176,10852,1536,28.676471,
OBJ_B2_ALTO,N025-I03,25,3,14,56,GENETICO,123.4844,9060,12032.715,416.048333,116.166667,0,0,true,true,68,52.941176,10704,1536,28.676471,
OBJ_B2_ALTO,N025-I03,25,3,14,56,RECOCIDO_SIMULADO,28.3486,4221,12032.715,416.048333,116.166667,0,0,true,true,68,52.941176,10704,1536,28.676471,191.473286
OBJ_B2_ALTO,N025-I03,25,3,15,57,RECOCIDO_SIMULADO,29.5133,4261,12032.715,416.048333,116.166667,0,0,true,true,68,52.941176,10704,1536,28.676471,203.867255
OBJ_B2_ALTO,N025-I03,25,3,15,57,GENETICO,250.7138,9060,12032.16,415.493333,116.166667,0,0,true,true,68,52.941176,10852,1536,28.676471,
OBJ_B2_ALTO,N025-I03,25,3,16,58,GENETICO,259.4584,9060,12032.235,415.568333,116.166667,0,0,true,true,68,52.941176,10832,1536,28.676471,
OBJ_B2_ALTO,N025-I03,25,3,16,58,RECOCIDO_SIMULADO,27.1728,4101,12032.715,416.048333,116.166667,0,0,true,true,68,52.941176,10704,1536,28.676471,167.84609
OBJ_B2_ALTO,N025-I03,25,3,17,59,RECOCIDO_SIMULADO,29.4115,4301,12032.715,416.048333,116.166667,0,0,true,true,68,52.941176,10704,1536,28.676471,208.694357
OBJ_B2_ALTO,N025-I03,25,3,17,59,GENETICO,265.3295,9060,12032.715,416.048333,116.166667,0,0,true,true,68,52.941176,10704,1536,28.676471,
OBJ_B2_ALTO,N025-I03,25,3,18,60,GENETICO,510.656,9060,12031.485,414.818333,116.166667,0,0,true,true,68,52.941176,11416,1634,28.676471,
OBJ_B2_ALTO,N025-I03,25,3,18,60,RECOCIDO_SIMULADO,28.9786,4341,12032.715,416.048333,116.166667,0,0,true,true,68,52.941176,10704,1536,28.676471,229.346791
OBJ_B2_ALTO,N025-I03,25,3,19,61,RECOCIDO_SIMULADO,28.1048,4181,12032.715,416.048333,116.166667,0,0,true,true,68,52.941176,10704,1536,28.676471,186.006019
OBJ_B2_ALTO,N025-I03,25,3,19,61,GENETICO,405.2566,9060,12032.4,415.733333,116.166667,0,0,true,true,68,52.941176,10788,1536,28.676471,
OBJ_B2_ALTO,N025-I03,25,3,20,62,GENETICO,414.3149,9060,12031.785,415.118333,116.166667,0,0,true,true,68,52.941176,11432,1636,28.676471,
OBJ_B2_ALTO,N025-I03,25,3,20,62,RECOCIDO_SIMULADO,28.4703,4301,12032.715,416.048333,116.166667,0,0,true,true,68,52.941176,10704,1536,28.676471,213.473978
OBJ_B2_ALTO,N025-I03,25,3,21,63,RECOCIDO_SIMULADO,27.846,4181,12032.715,416.048333,116.166667,0,0,true,true,68,52.941176,10704,1536,28.676471,185.058774
OBJ_B2_ALTO,N025-I03,25,3,21,63,GENETICO,234.7579,9060,12032.16,415.493333,116.166667,0,0,true,true,68,52.941176,10852,1536,28.676471,
OBJ_B2_ALTO,N025-I03,25,3,22,64,GENETICO,137.101,9060,12032.715,416.048333,116.166667,0,0,true,true,68,52.941176,10704,1536,28.676471,
OBJ_B2_ALTO,N025-I03,25,3,22,64,RECOCIDO_SIMULADO,29.9552,4341,12032.715,416.048333,116.166667,0,0,true,true,68,52.941176,10704,1536,28.676471,228.542809
OBJ_B2_ALTO,N025-I03,25,3,23,65,RECOCIDO_SIMULADO,28.9083,4301,12032.715,416.048333,116.166667,0,0,true,true,68,52.941176,10704,1536,28.676471,210.078364
OBJ_B2_ALTO,N025-I03,25,3,23,65,GENETICO,127.1681,9060,12032.715,416.048333,116.166667,0,0,true,true,68,52.941176,10704,1536,28.676471,
OBJ_B2_ALTO,N025-I03,25,3,24,66,GENETICO,230.0754,9060,12032.67,416.003333,116.166667,0,0,true,true,68,52.941176,10716,1536,28.676471,
OBJ_B2_ALTO,N025-I03,25,3,24,66,RECOCIDO_SIMULADO,27.9406,4141,12032.715,416.048333,116.166667,0,0,true,true,68,52.941176,10704,1536,28.676471,174.644889
OBJ_B2_ALTO,N025-I03,25,3,25,67,RECOCIDO_SIMULADO,30.3092,4461,12032.715,416.048333,116.166667,0,0,true,true,68,52.941176,10704,1536,28.676471,259.534153
OBJ_B2_ALTO,N025-I03,25,3,25,67,GENETICO,235.7326,9060,12032.715,416.048333,116.166667,0,0,true,true,68,52.941176,10704,1536,28.676471,
OBJ_B2_ALTO,N025-I03,25,3,26,68,GENETICO,159.1026,9060,12032.715,416.048333,116.166667,0,0,true,true,68,52.941176,10704,1536,28.676471,
OBJ_B2_ALTO,N025-I03,25,3,26,68,RECOCIDO_SIMULADO,28.1802,4021,12032.715,416.048333,116.166667,0,0,true,true,68,52.941176,10704,1536,28.676471,149.870077
OBJ_B2_ALTO,N025-I03,25,3,27,69,RECOCIDO_SIMULADO,27.0494,3941,12032.715,416.048333,116.166667,0,0,true,true,68,52.941176,10704,1536,28.676471,135.101731
OBJ_B2_ALTO,N025-I03,25,3,27,69,GENETICO,175.9101,9060,12031.685,415.018333,116.166667,0,0,true,true,68,52.941176,10632,1536,28.676471,
OBJ_B2_ALTO,N025-I03,25,3,28,70,GENETICO,331.6822,9060,12031.785,415.118333,116.166667,0,0,true,true,68,52.941176,11432,1636,28.676471,
OBJ_B2_ALTO,N025-I03,25,3,28,70,RECOCIDO_SIMULADO,29.6976,4261,12032.715,416.048333,116.166667,0,0,true,true,68,52.941176,10704,1536,28.676471,199.903245
OBJ_B2_ALTO,N025-I03,25,3,29,71,RECOCIDO_SIMULADO,29.1583,4381,12032.715,416.048333,116.166667,0,0,true,true,68,52.941176,10704,1536,28.676471,233.341107
OBJ_B2_ALTO,N025-I03,25,3,29,71,GENETICO,412.8778,9060,12031.785,415.118333,116.166667,0,0,true,true,68,52.941176,11432,1636,28.676471,
OBJ_B2_ALTO,N025-I04,25,4,0,42,GENETICO,282.9172,9060,11680.87,421.036667,112.598333,0,0,true,true,52,29.411765,12432,1798,25.490196,
OBJ_B2_ALTO,N025-I04,25,4,0,42,RECOCIDO_SIMULADO,30.0767,4381,11696.371667,426.871667,112.695,0,0,true,true,56,35.294118,11892,1690,25.490196,241.026709
OBJ_B2_ALTO,N025-I04,25,4,1,43,RECOCIDO_SIMULADO,27.8223,4221,11658.961667,428.461667,112.305,0,0,true,true,56,35.294118,11144,1486,25.490196,194.27161
OBJ_B2_ALTO,N025-I04,25,4,1,43,GENETICO,572.4429,9060,11656.911667,420.411667,112.365,0,0,true,true,56,35.294118,13004,1882,25.490196,
OBJ_B2_ALTO,N025-I04,25,4,2,44,GENETICO,164.2657,9060,11681.02,421.186667,112.598333,0,0,true,true,52,29.411765,13120,1884,25.490196,
OBJ_B2_ALTO,N025-I04,25,4,2,44,RECOCIDO_SIMULADO,29.1904,4381,11672.311667,428.311667,112.44,0,0,true,true,56,35.294118,11216,1570,25.490196,231.656826
OBJ_B2_ALTO,N025-I04,25,4,3,45,RECOCIDO_SIMULADO,31.0028,4541,11664.796667,428.296667,112.365,0,0,true,true,56,35.294118,12332,1708,25.490196,294.947342
OBJ_B2_ALTO,N025-I04,25,4,3,45,GENETICO,706.2807,9060,11656.911667,420.411667,112.365,0,0,true,true,56,35.294118,13244,1912,25.490196,
OBJ_B2_ALTO,N025-I04,25,4,4,46,GENETICO,266.5056,9060,11681.02,421.186667,112.598333,0,0,true,true,52,29.411765,13120,1884,25.490196,
OBJ_B2_ALTO,N025-I04,25,4,4,46,RECOCIDO_SIMULADO,28.8703,4221,11657.601667,427.101667,112.305,0,0,true,true,56,35.294118,12588,1756,25.490196,187.380852
OBJ_B2_ALTO,N025-I04,25,4,5,47,RECOCIDO_SIMULADO,29.005,4341,11685.535,426.535,112.59,0,0,true,true,56,35.294118,13084,1860,25.490196,227.871406
OBJ_B2_ALTO,N025-I04,25,4,5,47,GENETICO,420.0779,9060,11657.061667,420.561667,112.365,0,0,true,true,56,35.294118,13420,1934,25.490196,
OBJ_B2_ALTO,N025-I04,25,4,6,48,GENETICO,128.1012,9060,11681.02,421.186667,112.598333,0,0,true,true,52,29.411765,13120,1884,25.490196,
OBJ_B2_ALTO,N025-I04,25,4,6,48,RECOCIDO_SIMULADO,28.2825,4261,11690.046667,426.546667,112.635,0,0,true,true,56,35.294118,12744,1744,25.490196,204.985565
OBJ_B2_ALTO,N025-I04,25,4,7,49,RECOCIDO_SIMULADO,29.569,4301,11713.851667,433.851667,112.8,0,0,true,true,56,35.294118,11414,1654,25.490196,210.621636
OBJ_B2_ALTO,N025-I04,25,4,7,49,GENETICO,389.9033,9060,11681.02,421.186667,112.598333,0,0,true,true,52,29.411765,13120,1884,25.490196,
OBJ_B2_ALTO,N025-I04,25,4,8,50,GENETICO,377.3585,9060,11714.35,421.516667,112.928333,0,0,true,true,52,29.411765,13032,1884,25.490196,
OBJ_B2_ALTO,N025-I04,25,4,8,50,RECOCIDO_SIMULADO,28.9203,4301,11677.161667,428.661667,112.485,0,0,true,true,56,35.294118,12288,1730,25.490196,210.539884
OBJ_B2_ALTO,N025-I04,25,4,9,51,RECOCIDO_SIMULADO,27.7745,4181,11663.205,426.705,112.365,0,0,true,true,56,35.294118,12812,1872,25.490196,182.340447
OBJ_B2_ALTO,N025-I04,25,4,9,51,GENETICO,257.7781,9060,11680.87,421.036667,112.598333,0,0,true,true,52,29.411765,12432,1798,25.490196,
OBJ_B2_ALTO,N025-I04,25,4,10,52,GENETICO,327.1175,9060,11680.87,421.036667,112.598333,0,0,true,true,52,29.411765,12432,1798,25.490196,
OBJ_B2_ALTO,N025-I04,25,4,10,52,RECOCIDO_SIMULADO,28.4762,4221,11681.07,429.57,112.515,0,0,true,true,56,35.294118,11474,1642,25.490196,195.969063
OBJ_B2_ALTO,N025-I04,25,4,11,53,RECOCIDO_SIMULADO,31.1527,4581,11702.995,434.995,112.68,0,0,true,true,56,35.294118,11654,1632,25.490196,306.642747
OBJ_B2_ALTO,N025-I04,25,4,11,53,GENETICO,422.2608,9060,11681.02,421.186667,112.598333,0,0,true,true,52,29.411765,13120,1884,25.490196,
OBJ_B2_ALTO,N025-I04,25,4,12,54,GENETICO,611.3033,9060,11650.851667,420.351667,112.305,0,0,true,true,56,35.294118,12748,1848,25.490196,
OBJ_B2_ALTO,N025-I04,25,4,12,54,RECOCIDO_SIMULADO,30.1914,4541,11702.916667,431.916667,112.71,0,0,true,true,56,35.294118,11976,1652,25.490196,283.791876
OBJ_B2_ALTO,N025-I04,25,4,13,55,RECOCIDO_SIMULADO,28.018,4261,11660.391667,423.891667,112.365,0,0,true,true,56,35.294118,12188,1686,25.490196,203.662514
OBJ_B2_ALTO,N025-I04,25,4,13,55,GENETICO,223.637,9060,11657.061667,420.561667,112.365,0,0,true,true,56,35.294118,13420,1934,25.490196,
OBJ_B2_ALTO,N025-I04,25,4,14,56,GENETICO,295.6357,9060,11709.805,421.471667,112.883333,0,0,true,true,52,29.411765,13044,1884,25.490196,
OBJ_B2_ALTO,N025-I04,25,4,14,56,RECOCIDO_SIMULADO,30.4237,4421,11692.086667,427.086667,112.65,0,0,true,true,56,35.294118,12608,1730,25.490196,244.882641
OBJ_B2_ALTO,N025-I04,25,4,15,57,RECOCIDO_SIMULADO,29.0886,4421,11657.506667,427.006667,112.305,0,0,true,true,56,35.294118,12084,1646,25.490196,251.448432
OBJ_B2_ALTO,N025-I04,25,4,15,57,GENETICO,120.0869,9060,11795.655,422.321667,113.733333,0,0,true,true,52,29.411765,13084,1874,25.490196,
OBJ_B2_ALTO,N025-I04,25,4,16,58,GENETICO,194.3683,9060,11681.02,421.186667,112.598333,0,0,true,true,52,29.411765,13120,1884,25.490196,
OBJ_B2_ALTO,N025-I04,25,4,16,58,RECOCIDO_SIMULADO,28.0701,4181,11661.776667,425.276667,112.365,0,0,true,true,56,35.294118,12488,1728,25.490196,183.211294
OBJ_B2_ALTO,N025-I04,25,4,17,59,RECOCIDO_SIMULADO,28.1283,4141,11711.721667,425.721667,112.86,0,0,true,true,56,35.294118,11812,1660,25.490196,173.044724
OBJ_B2_ALTO,N025-I04,25,4,17,59,GENETICO,178.2563,9060,11795.655,422.321667,113.733333,0,0,true,true,52,29.411765,13084,1874,25.490196,
OBJ_B2_ALTO,N025-I04,25,4,18,60,GENETICO,452.6706,9060,11771.696667,421.696667,113.5,0,0,true,true,56,35.294118,13384,1924,25.490196,
OBJ_B2_ALTO,N025-I04,25,4,18,60,RECOCIDO_SIMULADO,29.0151,4261,11718.756667,428.256667,112.905,0,0,true,true,56,35.294118,12892,1796,25.490196,204.587627
OBJ_B2_ALTO,N025-I04,25,4,19,61,RECOCIDO_SIMULADO,27.6535,4141,11696.036667,426.536667,112.695,0,0,true,true,56,35.294118,11908,1670,25.490196,173.762096
OBJ_B2_ALTO,N025-I04,25,4,19,61,GENETICO,295.9059,9060,11681.02,421.186667,112.598333,0,0,true,true,52,29.411765,13120,1884,25.490196,
OBJ_B2_ALTO,N025-I04,25,4,20,62,GENETICO,380.0553,9060,11711.965,420.631667,112.913333,0,0,true,true,52,29.411765,12540,1798,25.490196,
OBJ_B2_ALTO,N025-I04,25,4,20,62,RECOCIDO_SIMULADO,28.9853,4341,11688.676667,429.676667,112.59,0,0,true,true,56,35.294118,11240,1556,25.490196,220.168691
OBJ_B2_ALTO,N025-I04,25,4,21,63,RECOCIDO_SIMULADO,30.1506,4301,11687.061667,423.561667,112.635,0,0,true,true,56,35.294118,13076,1836,25.490196,216.50112
OBJ_B2_ALTO,N025-I04,25,4,21,63,GENETICO,310.9118,9060,11681.02,421.186667,112.598333,0,0,true,true,52,29.411765,13120,1884,25.490196,
OBJ_B2_ALTO,N025-I04,25,4,22,64,GENETICO,130.4301,9060,11681.02,421.186667,112.598333,0,0,true,true,52,29.411765,13120,1884,25.490196,
OBJ_B2_ALTO,N025-I04,25,4,22,64,RECOCIDO_SIMULADO,29.1534,4221,11656.591667,426.091667,112.305,0,0,true,true,56,35.294118,11636,1618,25.490196,191.625472
OBJ_B2_ALTO,N025-I04,25,4,23,65,RECOCIDO_SIMULADO,29.1938,4421,11671.84,427.84,112.44,0,0,true,true,56,35.294118,12178,1718,25.490196,244.775461
OBJ_B2_ALTO,N025-I04,25,4,23,65,GENETICO,436.0447,9060,11681.02,421.186667,112.598333,0,0,true,true,52,29.411765,13120,1884,25.490196,
OBJ_B2_ALTO,N025-I04,25,4,24,66,GENETICO,223.8029,9060,11685.846667,420.846667,112.65,0,0,true,true,56,35.294118,13344,1934,25.490196,
OBJ_B2_ALTO,N025-I04,25,4,24,66,RECOCIDO_SIMULADO,28.757,4261,11690.908333,425.908333,112.65,0,0,true,true,56,35.294118,12808,1846,25.490196,203.088745
OBJ_B2_ALTO,N025-I04,25,4,25,67,RECOCIDO_SIMULADO,29.4328,4421,11711.771667,425.771667,112.86,0,0,true,true,56,35.294118,13196,1858,25.490196,248.408948
OBJ_B2_ALTO,N025-I04,25,4,25,67,GENETICO,154.6184,9060,11713.116667,421.116667,112.92,0,0,true,true,56,35.294118,13272,1934,25.490196,
OBJ_B2_ALTO,N025-I04,25,4,26,68,GENETICO,449.1528,9060,11657.061667,420.561667,112.365,0,0,true,true,56,35.294118,13420,1934,25.490196,
OBJ_B2_ALTO,N025-I04,25,4,26,68,RECOCIDO_SIMULADO,29.9073,4421,11706.748333,426.748333,112.8,0,0,true,true,56,35.294118,12872,1872,25.490196,242.210764
OBJ_B2_ALTO,N025-I04,25,4,27,69,RECOCIDO_SIMULADO,26.6716,4061,11674.711667,426.211667,112.485,0,0,true,true,56,35.294118,12518,1850,25.490196,154.878363
OBJ_B2_ALTO,N025-I04,25,4,27,69,GENETICO,443.7356,9060,11657.061667,420.561667,112.365,0,0,true,true,56,35.294118,13420,1934,25.490196,
OBJ_B2_ALTO,N025-I04,25,4,28,70,GENETICO,160.9468,9060,11795.655,422.321667,113.733333,0,0,true,true,52,29.411765,13084,1874,25.490196,
OBJ_B2_ALTO,N025-I04,25,4,28,70,RECOCIDO_SIMULADO,30.8678,4341,11664.896667,428.396667,112.365,0,0,true,true,56,35.294118,13132,1870,25.490196,222.588934
OBJ_B2_ALTO,N025-I04,25,4,29,71,RECOCIDO_SIMULADO,28.0081,4221,11692.281667,427.281667,112.65,0,0,true,true,56,35.294118,11924,1646,25.490196,192.349766
OBJ_B2_ALTO,N025-I04,25,4,29,71,GENETICO,249.6635,9060,11731.015,421.681667,113.093333,0,0,true,true,52,29.411765,12988,1884,25.490196,
OBJ_B2_ALTO,N025-I05,25,5,0,42,GENETICO,123.1459,9060,11175.046667,498.38,106.766667,0,0,true,true,68,27.272727,10740,1536,31.127451,
OBJ_B2_ALTO,N025-I05,25,5,0,42,RECOCIDO_SIMULADO,27.9623,4101,11175.046667,498.38,106.766667,0,0,true,true,68,27.272727,10740,1536,31.127451,160.517034
OBJ_B2_ALTO,N025-I05,25,5,1,43,RECOCIDO_SIMULADO,28.1857,4221,11175.046667,498.38,106.766667,0,0,true,true,68,27.272727,10740,1536,31.127451,188.404859
OBJ_B2_ALTO,N025-I05,25,5,1,43,GENETICO,150.2006,9060,11175.046667,498.38,106.766667,0,0,true,true,68,27.272727,10740,1536,31.127451,
OBJ_B2_ALTO,N025-I05,25,5,2,44,GENETICO,132.0779,9060,11175.046667,498.38,106.766667,0,0,true,true,68,27.272727,10740,1536,31.127451,
OBJ_B2_ALTO,N025-I05,25,5,2,44,RECOCIDO_SIMULADO,28.3931,4181,11175.046667,498.38,106.766667,0,0,true,true,68,27.272727,10740,1536,31.127451,181.782559
OBJ_B2_ALTO,N025-I05,25,5,3,45,RECOCIDO_SIMULADO,28.4859,4101,11175.046667,498.38,106.766667,0,0,true,true,68,27.272727,10740,1536,31.127451,161.984491
OBJ_B2_ALTO,N025-I05,25,5,3,45,GENETICO,120.3948,9060,11175.046667,498.38,106.766667,0,0,true,true,68,27.272727,10740,1536,31.127451,
OBJ_B2_ALTO,N025-I05,25,5,4,46,GENETICO,233.8192,9060,11175.001667,498.335,106.766667,0,0,true,true,68,27.272727,10752,1536,31.127451,
OBJ_B2_ALTO,N025-I05,25,5,4,46,RECOCIDO_SIMULADO,28.4256,4181,11175.046667,498.38,106.766667,0,0,true,true,68,27.272727,10740,1536,31.127451,180.628981
OBJ_B2_ALTO,N025-I05,25,5,5,47,RECOCIDO_SIMULADO,27.5885,4181,11175.046667,498.38,106.766667,0,0,true,true,68,27.272727,10740,1536,31.127451,186.077804
OBJ_B2_ALTO,N025-I05,25,5,5,47,GENETICO,116.5413,9060,11175.046667,498.38,106.766667,0,0,true,true,68,27.272727,10740,1536,31.127451,
OBJ_B2_ALTO,N025-I05,25,5,6,48,GENETICO,123.6776,9060,11175.046667,498.38,106.766667,0,0,true,true,68,27.272727,10740,1536,31.127451,
OBJ_B2_ALTO,N025-I05,25,5,6,48,RECOCIDO_SIMULADO,28.9239,4181,11175.046667,498.38,106.766667,0,0,true,true,68,27.272727,10740,1536,31.127451,182.137953
OBJ_B2_ALTO,N025-I05,25,5,7,49,RECOCIDO_SIMULADO,27.5583,4141,11175.046667,498.38,106.766667,0,0,true,true,68,27.272727,10740,1536,31.127451,174.025002
OBJ_B2_ALTO,N025-I05,25,5,7,49,GENETICO,215.6597,9060,11174.656667,497.99,106.766667,0,0,true,true,68,27.272727,10836,1570,31.127451,
OBJ_B2_ALTO,N025-I05,25,5,8,50,GENETICO,343.2415,9060,11175.001667,498.335,106.766667,0,0,true,true,68,27.272727,10752,1536,31.127451,
OBJ_B2_ALTO,N025-I05,25,5,8,50,RECOCIDO_SIMULADO,28.2018,4141,11175.046667,498.38,106.766667,0,0,true,true,68,27.272727,10740,1536,31.127451,174.678719
OBJ_B2_ALTO,N025-I05,25,5,9,51,RECOCIDO_SIMULADO,26.828,4061,11175.046667,498.38,106.766667,0,0,true,true,68,27.272727,10740,1536,31.127451,158.607762
OBJ_B2_ALTO,N025-I05,25,5,9,51,GENETICO,119.2144,9060,11175.046667,498.38,106.766667,0,0,true,true,68,27.272727,10740,1536,31.127451,
OBJ_B2_ALTO,N025-I05,25,5,10,52,GENETICO,220.3489,9060,11175.001667,498.335,106.766667,0,0,true,true,68,27.272727,10752,1536,31.127451,
OBJ_B2_ALTO,N025-I05,25,5,10,52,RECOCIDO_SIMULADO,28.8492,4261,11175.046667,498.38,106.766667,0,0,true,true,68,27.272727,10740,1536,31.127451,198.14604
OBJ_B2_ALTO,N025-I05,25,5,11,53,RECOCIDO_SIMULADO,27.3368,4141,11175.046667,498.38,106.766667,0,0,true,true,68,27.272727,10740,1536,31.127451,177.191734
OBJ_B2_ALTO,N025-I05,25,5,11,53,GENETICO,116.8871,9060,11175.046667,498.38,106.766667,0,0,true,true,68,27.272727,10740,1536,31.127451,
OBJ_B2_ALTO,N025-I05,25,5,12,54,GENETICO,210.5581,9060,11175.046667,498.38,106.766667,0,0,true,true,68,27.272727,10740,1536,31.127451,
OBJ_B2_ALTO,N025-I05,25,5,12,54,RECOCIDO_SIMULADO,28.836,4261,11175.046667,498.38,106.766667,0,0,true,true,68,27.272727,10740,1536,31.127451,199.307771
OBJ_B2_ALTO,N025-I05,25,5,13,55,RECOCIDO_SIMULADO,27.4981,4141,11175.046667,498.38,106.766667,0,0,true,true,68,27.272727,10740,1536,31.127451,172.494428
OBJ_B2_ALTO,N025-I05,25,5,13,55,GENETICO,117.587,9060,11175.046667,498.38,106.766667,0,0,true,true,68,27.272727,10740,1536,31.127451,
OBJ_B2_ALTO,N025-I05,25,5,14,56,GENETICO,119.2972,9060,11175.046667,498.38,106.766667,0,0,true,true,68,27.272727,10740,1536,31.127451,
OBJ_B2_ALTO,N025-I05,25,5,14,56,RECOCIDO_SIMULADO,29.0149,4301,11175.046667,498.38,106.766667,0,0,true,true,68,27.272727,10740,1536,31.127451,216.443317
OBJ_B2_ALTO,N025-I05,25,5,15,57,RECOCIDO_SIMULADO,28.1758,4181,11175.046667,498.38,106.766667,0,0,true,true,68,27.272727,10740,1536,31.127451,182.272589
OBJ_B2_ALTO,N025-I05,25,5,15,57,GENETICO,187.4043,9060,11174.456667,497.79,106.766667,0,0,true,true,68,27.272727,11012,1592,31.127451,
OBJ_B2_ALTO,N025-I05,25,5,16,58,GENETICO,116.0577,9060,11175.046667,498.38,106.766667,0,0,true,true,68,27.272727,10740,1536,31.127451,
OBJ_B2_ALTO,N025-I05,25,5,16,58,RECOCIDO_SIMULADO,27.6363,4061,11175.046667,498.38,106.766667,0,0,true,true,68,27.272727,10740,1536,31.127451,154.195015
OBJ_B2_ALTO,N025-I05,25,5,17,59,RECOCIDO_SIMULADO,28.156,4261,11175.046667,498.38,106.766667,0,0,true,true,68,27.272727,10740,1536,31.127451,202.645345
OBJ_B2_ALTO,N025-I05,25,5,17,59,GENETICO,115.3226,9060,11175.046667,498.38,106.766667,0,0,true,true,68,27.272727,10740,1536,31.127451,
OBJ_B2_ALTO,N025-I05,25,5,18,60,GENETICO,153.9687,9060,11175.001667,498.335,106.766667,0,0,true,true,68,27.272727,10752,1536,31.127451,
OBJ_B2_ALTO,N025-I05,25,5,18,60,RECOCIDO_SIMULADO,28.3077,4261,11175.046667,498.38,106.766667,0,0,true,true,68,27.272727,10740,1536,31.127451,202.367252
OBJ_B2_ALTO,N025-I05,25,5,19,61,RECOCIDO_SIMULADO,28.1727,4141,11175.046667,498.38,106.766667,0,0,true,true,68,27.272727,10740,1536,31.127451,172.710895
OBJ_B2_ALTO,N025-I05,25,5,19,61,GENETICO,126.2722,9060,11175.046667,498.38,106.766667,0,0,true,true,68,27.272727,10740,1536,31.127451,
OBJ_B2_ALTO,N025-I05,25,5,20,62,GENETICO,120.8473,9060,11175.046667,498.38,106.766667,0,0,true,true,68,27.272727,10740,1536,31.127451,
OBJ_B2_ALTO,N025-I05,25,5,20,62,RECOCIDO_SIMULADO,27.4785,4141,11175.046667,498.38,106.766667,0,0,true,true,68,27.272727,10740,1536,31.127451,175.492759
OBJ_B2_ALTO,N025-I05,25,5,21,63,RECOCIDO_SIMULADO,28.4175,4221,11175.046667,498.38,106.766667,0,0,true,true,68,27.272727,10740,1536,31.127451,194.540355
OBJ_B2_ALTO,N025-I05,25,5,21,63,GENETICO,141.7333,9060,11175.046667,498.38,106.766667,0,0,true,true,68,27.272727,10740,1536,31.127451,
OBJ_B2_ALTO,N025-I05,25,5,22,64,GENETICO,120.5925,9060,11175.046667,498.38,106.766667,0,0,true,true,68,27.272727,10740,1536,31.127451,
OBJ_B2_ALTO,N025-I05,25,5,22,64,RECOCIDO_SIMULADO,26.9919,4061,11175.046667,498.38,106.766667,0,0,true,true,68,27.272727,10740,1536,31.127451,155.503104
OBJ_B2_ALTO,N025-I05,25,5,23,65,RECOCIDO_SIMULADO,28.1025,4061,11175.046667,498.38,106.766667,0,0,true,true,68,27.272727,10740,1536,31.127451,152.458067
OBJ_B2_ALTO,N025-I05,25,5,23,65,GENETICO,149.9504,9060,11175.001667,498.335,106.766667,0,0,true,true,68,27.272727,10752,1536,31.127451,
OBJ_B2_ALTO,N025-I05,25,5,24,66,GENETICO,171.738,9060,11175.046667,498.38,106.766667,0,0,true,true,68,27.272727,10740,1536,31.127451,
OBJ_B2_ALTO,N025-I05,25,5,24,66,RECOCIDO_SIMULADO,28.137,4221,11175.046667,498.38,106.766667,0,0,true,true,68,27.272727,10740,1536,31.127451,189.609298
OBJ_B2_ALTO,N025-I05,25,5,25,67,RECOCIDO_SIMULADO,27.8281,4101,11175.046667,498.38,106.766667,0,0,true,true,68,27.272727,10740,1536,31.127451,162.112802
OBJ_B2_ALTO,N025-I05,25,5,25,67,GENETICO,118.957,9060,11175.046667,498.38,106.766667,0,0,true,true,68,27.272727,10740,1536,31.127451,
OBJ_B2_ALTO,N025-I05,25,5,26,68,GENETICO,198.3237,9060,11175.001667,498.335,106.766667,0,0,true,true,68,27.272727,10752,1536,31.127451,
OBJ_B2_ALTO,N025-I05,25,5,26,68,RECOCIDO_SIMULADO,27.1733,3981,11175.046667,498.38,106.766667,0,0,true,true,68,27.272727,10740,1536,31.127451,144.80925
OBJ_B2_ALTO,N025-I05,25,5,27,69,RECOCIDO_SIMULADO,28.8212,4341,11175.046667,498.38,106.766667,0,0,true,true,68,27.272727,10740,1536,31.127451,224.530256
OBJ_B2_ALTO,N025-I05,25,5,27,69,GENETICO,159.1586,9060,11175.046667,498.38,106.766667,0,0,true,true,68,27.272727,10740,1536,31.127451,
OBJ_B2_ALTO,N025-I05,25,5,28,70,GENETICO,173.7996,9060,11175.046667,498.38,106.766667,0,0,true,true,68,27.272727,10740,1536,31.127451,
OBJ_B2_ALTO,N025-I05,25,5,28,70,RECOCIDO_SIMULADO,28.837,4301,11175.046667,498.38,106.766667,0,0,true,true,68,27.272727,10740,1536,31.127451,208.29437
OBJ_B2_ALTO,N025-I05,25,5,29,71,RECOCIDO_SIMULADO,27.8414,4181,11175.046667,498.38,106.766667,0,0,true,true,68,27.272727,10740,1536,31.127451,183.787256
OBJ_B2_ALTO,N025-I05,25,5,29,71,GENETICO,116.3097,9060,11175.046667,498.38,106.766667,0,0,true,true,68,27.272727,10740,1536,31.127451,
OBJ_B2_ALTO,N050-I01,50,1,0,42,GENETICO,267.0441,9060,106432.206667,1943.206667,1044.89,0,0,true,true,28,7.142857,16870,2574,74.019608,
OBJ_B2_ALTO,N050-I01,50,1,0,42,RECOCIDO_SIMULADO,53.1144,4861,106377.758333,1941.091667,1044.366667,0,0,true,true,28,7.142857,15786,2416,74.019608,434.921985
OBJ_B2_ALTO,N050-I01,50,1,1,43,RECOCIDO_SIMULADO,48.757,4621,106350.138333,1952.138333,1043.98,0,0,true,true,28,7.142857,16324,2444,74.019608,325.850281
OBJ_B2_ALTO,N050-I01,50,1,1,43,GENETICO,339.0341,9060,105010.741667,1866.741667,981.44,1,0,true,true,28,7.142857,15752,2424,71.568627,
OBJ_B2_ALTO,N050-I01,50,1,2,44,GENETICO,174.0966,9060,106348.205,1940.538333,1044.076667,0,0,true,true,28,7.142857,16604,2552,74.019608,
OBJ_B2_ALTO,N050-I01,50,1,2,44,RECOCIDO_SIMULADO,51.2918,4821,106628.836667,1956.836667,1046.72,0,0,true,true,28,7.142857,18394,2676,74.019608,416.25569
OBJ_B2_ALTO,N050-I01,50,1,3,45,RECOCIDO_SIMULADO,51.8947,4861,106393.853333,1948.353333,1044.455,0,0,true,true,28,7.142857,16864,2494,74.019608,436.051889
OBJ_B2_ALTO,N050-I01,50,1,3,45,GENETICO,176.8954,9060,106585.555,1942.888333,1046.426667,0,0,true,true,28,7.142857,16616,2546,74.019608,
OBJ_B2_ALTO,N050-I01,50,1,4,46,GENETICO,177.3876,9060,106585.555,1942.888333,1046.426667,0,0,true,true,28,7.142857,16616,2546,74.019608,
OBJ_B2_ALTO,N050-I01,50,1,4,46,RECOCIDO_SIMULADO,49.1647,4581,106636.153333,1952.32,1046.838333,0,0,true,true,28,7.142857,17650,2630,74.019608,307.965079
OBJ_B2_ALTO,N050-I01,50,1,5,47,RECOCIDO_SIMULADO,51.0498,4781,106378.213333,1945.713333,1044.325,0,0,true,true,28,7.142857,17170,2496,74.019608,393.603909
OBJ_B2_ALTO,N050-I01,50,1,5,47,GENETICO,177.1071,9060,106626.305,1943.638333,1046.826667,0,0,true,true,28,7.142857,16728,2560,74.019608,
OBJ_B2_ALTO,N050-I01,50,1,6,48,GENETICO,174.1021,9060,106585.905,1943.238333,1046.426667,0,0,true,true,28,7.142857,16728,2560,74.019608,
OBJ_B2_ALTO,N050-I01,50,1,6,48,RECOCIDO_SIMULADO,50.1124,4661,106393.241667,1942.241667,1044.51,0,0,true,true,28,7.142857,16398,2524,74.019608,335.632007
OBJ_B2_ALTO,N050-I01,50,1,7,49,RECOCIDO_SIMULADO,51.1181,4781,106571.531667,1947.531667,1046.24,0,0,true,true,28,7.142857,17820,2736,74.019608,390.441648
OBJ_B2_ALTO,N050-I01,50,1,7,49,GENETICO,174.7355,9060,106545.155,1942.488333,1046.026667,0,0,true,true,28,7.142857,16616,2546,74.019608,
OBJ_B2_ALTO,N050-I01,50,1,8,50,GENETICO,363.079,9060,105078.776667,1865.276667,982.135,1,0,true,true,28,7.142857,15868,2444,71.568627,
OBJ_B2_ALTO,N050-I01,50,1,8,50,RECOCIDO_SIMULADO,50.6304,4701,106538.421667,1947.421667,1045.91,0,0,true,true,28,7.142857,17794,2698,74.019608,347.918625
OBJ_B2_ALTO,N050-I01,50,1,9,51,RECOCIDO_SIMULADO,52.0848,4861,106440.408333,1950.741667,1044.896667,0,0,true,true,28,7.142857,17258,2572,74.019608,434.892299
OBJ_B2_ALTO,N050-I01,50,1,9,51,GENETICO,242.6022,9060,105343.446667,1873.446667,984.7,1,0,true,true,28,7.142857,16826,2444,71.568627,
OBJ_B2_ALTO,N050-I01,50,1,10,52,GENETICO,192.8611,9060,106325.13,1939.963333,1043.851667,0,0,true,true,28,7.142857,16192,2488,74.019608,
OBJ_B2_ALTO,N050-I01,50,1,10,52,RECOCIDO_SIMULADO,51.7957,4861,106351.833333,1951.333333,1044.005,0,0,true,true,28,7.142857,16946,2476,74.019608,438.543257
OBJ_B2_ALTO,N050-I01,50,1,11,53,RECOCIDO_SIMULADO,52.4733,4901,106392.33,1947.663333,1044.446667,0,0,true,true,28,7.142857,16156,2400,74.019608,453.233219
OBJ_B2_ALTO,N050-I01,50,1,11,53,GENETICO,173.5858,9060,106585.905,1943.238333,1046.426667,0,0,true,true,28,7.142857,16728,2560,74.019608,
OBJ_B2_ALTO,N050-I01,50,1,12,54,GENETICO,176.4608,9060,106585.905,1943.238333,1046.426667,0,0,true,true,28,7.142857,16728,2560,74.019608,
OBJ_B2_ALTO,N050-I01,50,1,12,54,RECOCIDO_SIMULADO,51.8702,4781,106422.123333,1940.79,1044.813333,0,0,true,true,28,7.142857,17818,2734,74.019608,385.683425
OBJ_B2_ALTO,N050-I01,50,1,13,55,RECOCIDO_SIMULADO,51.4732,4821,106671.755,1944.088333,1047.276667,0,0,true,true,28,7.142857,16728,2560,74.019608,419.222231
OBJ_B2_ALTO,N050-I01,50,1,13,55,GENETICO,283.3884,9060,104997.983333,1865.483333,981.325,1,0,true,true,28,7.142857,15702,2376,71.568627,
OBJ_B2_ALTO,N050-I01,50,1,14,56,GENETICO,174.3963,9060,106631.005,1943.338333,1046.876667,0,0,true,true,28,7.142857,16616,2546,74.019608,
OBJ_B2_ALTO,N050-I01,50,1,14,56,RECOCIDO_SIMULADO,51.8492,4901,106421.435,1952.268333,1044.691667,0,0,true,true,28,7.142857,17990,2710,74.019608,455.705516
OBJ_B2_ALTO,N050-I01,50,1,15,57,RECOCIDO_SIMULADO,50.7861,4741,106286.048333,1947.548333,1043.385,0,0,true,true,28,7.142857,17380,2624,74.019608,379.331152
OBJ_B2_ALTO,N050-I01,50,1,15,57,GENETICO,178.9108,9060,106631.355,1943.688333,1046.876667,0,0,true,true,28,7.142857,16728,2560,74.019608,
OBJ_B2_ALTO,N050-I01,50,1,16,58,GENETICO,208.3369,9060,106626.171667,1943.505,1046.826667,0,0,true,true,28,7.142857,16812,2616,74.019608,
OBJ_B2_ALTO,N050-I01,50,1,16,58,RECOCIDO_SIMULADO,51.6893,4821,106396.365,1952.365,1044.44,0,0,true,true,28,7.142857,16388,2446,74.019608,412.237649
OBJ_B2_ALTO,N050-I01,50,1,17,59,RECOCIDO_SIMULADO,50.9708,4781,106508.048333,1947.048333,1045.61,0,0,true,true,28,7.142857,16974,2584,74.019608,394.295626
OBJ_B2_ALTO,N050-I01,50,1,17,59,GENETICO,282.5016,9060,105548.846667,1873.513333,986.753333,1,0,true,true,28,7.142857,16306,2434,71.568627,
OBJ_B2_ALTO,N050-I01,50,1,18,60,GENETICO,174.6916,9060,106585.905,1943.238333,1046.426667,0,0,true,true,28,7.142857,16728,2560,74.019608,
OBJ_B2_ALTO,N050-I01,50,1,18,60,RECOCIDO_SIMULADO,50.7997,4781,106610.255,1943.755,1046.665,0,0,true,true,28,7.142857,17920,2728,74.019608,387.502502
OBJ_B2_ALTO,N050-I01,50,1,19,61,RECOCIDO_SIMULADO,50.7595,4861,106417.573333,1946.573333,1044.71,0,0,true,true,28,7.142857,16904,2482,74.019608,441.324296
OBJ_B2_ALTO,N050-I01,50,1,19,61,GENETICO,180.7671,9060,106626.305,1943.638333,1046.826667,0,0,true,true,28,7.142857,16728,2560,74.019608,
OBJ_B2_ALTO,N050-I01,50,1,20,62,GENETICO,177.1186,9060,106585.905,1943.238333,1046.426667,0,0,true,true,28,7.142857,16728,2560,74.019608,
OBJ_B2_ALTO,N050-I01,50,1,20,62,RECOCIDO_SIMULADO,52.8641,4861,106520.336667,1948.17,1045.721667,0,0,true,true,28,7.142857,17556,2650,74.019608,426.611161
OBJ_B2_ALTO,N050-I01,50,1,21,63,RECOCIDO_SIMULADO,51.1041,4821,106664.63,1943.463333,1047.211667,0,0,true,true,28,7.142857,17400,2602,74.019608,411.550894
OBJ_B2_ALTO,N050-I01,50,1,21,63,GENETICO,176.4844,9060,106545.155,1942.488333,1046.026667,0,0,true,true,28,7.142857,16616,2546,74.019608,
OBJ_B2_ALTO,N050-I01,50,1,22,64,GENETICO,267.0179,9060,106516.783333,1941.783333,1045.75,0,0,true,true,28,7.142857,16738,2610,74.019608,
OBJ_B2_ALTO,N050-I01,50,1,22,64,RECOCIDO_SIMULADO,56.6045,5021,106450.221667,1948.555,1045.016667,0,0,true,true,28,7.142857,17380,2664,74.019608,529.891884
OBJ_B2_ALTO,N050-I01,50,1,23,65,RECOCIDO_SIMULADO,51.931,4901,106588.895,1949.061667,1046.398333,0,0,true,true,28,7.142857,17612,2622,74.019608,464.89929
OBJ_B2_ALTO,N050-I01,50,1,23,65,GENETICO,180.4473,9060,106585.905,1943.238333,1046.426667,0,0,true,true,28,7.142857,16728,2560,74.019608,
OBJ_B2_ALTO,N050-I01,50,1,24,66,GENETICO,195.5885,9060,106534.555,1943.388333,1045.911667,0,0,true,true,28,7.142857,16472,2518,74.019608,
OBJ_B2_ALTO,N050-I01,50,1,24,66,RECOCIDO_SIMULADO,52.0582,4861,106671.755,1944.088333,1047.276667,0,0,true,true,28,7.142857,16728,2560,74.019608,441.694224
OBJ_B2_ALTO,N050-I01,50,1,25,67,RECOCIDO_SIMULADO,52.1022,4941,106590.551667,1944.051667,1046.465,0,0,true,true,28,7.142857,17230,2616,74.019608,477.863071
OBJ_B2_ALTO,N050-I01,50,1,25,67,GENETICO,215.5357,9060,106562.465,1943.798333,1046.186667,0,0,true,true,28,7.142857,16792,2560,74.019608,
OBJ_B2_ALTO,N050-I01,50,1,26,68,GENETICO,203.0451,9060,106529.64,1943.473333,1045.861667,0,0,true,true,28,7.142857,16732,2550,74.019608,
OBJ_B2_ALTO,N050-I01,50,1,26,68,RECOCIDO_SIMULADO,53.7506,5061,106403.2,1948.866667,1044.543333,0,0,true,true,28,7.142857,17568,2706,74.019608,577.548156
OBJ_B2_ALTO,N050-I01,50,1,27,69,RECOCIDO_SIMULADO,53.3312,4981,106671.755,1944.088333,1047.276667,0,0,true,true,28,7.142857,16728,2560,74.019608,500.157844
OBJ_B2_ALTO,N050-I01,50,1,27,69,GENETICO,178.7692,9060,106626.305,1943.638333,1046.826667,0,0,true,true,28,7.142857,16728,2560,74.019608,
OBJ_B2_ALTO,N050-I01,50,1,28,70,GENETICO,356.8041,9060,105625.241667,1861.575,987.636667,1,0,true,true,28,7.142857,15574,2296,71.813725,
OBJ_B2_ALTO,N050-I01,50,1,28,70,RECOCIDO_SIMULADO,51.3165,4781,106522.42,1957.253333,1045.651667,0,0,true,true,28,7.142857,18780,2684,74.019608,396.017253
OBJ_B2_ALTO,N050-I01,50,1,29,71,RECOCIDO_SIMULADO,52.1559,4941,106301.676667,1946.176667,1043.555,0,0,true,true,28,7.142857,16912,2488,74.019608,485.627039
OBJ_B2_ALTO,N050-I01,50,1,29,71,GENETICO,238.5744,9060,106592.811667,1943.311667,1046.495,0,0,true,true,28,7.142857,16714,2568,74.019608,
OBJ_B2_ALTO,N050-I02,50,2,0,42,GENETICO,212.8592,9060,80374.806667,1608.14,787.666667,0,0,true,true,28,17.647059,17050,2596,54.166667,
OBJ_B2_ALTO,N050-I02,50,2,0,42,RECOCIDO_SIMULADO,52.7077,4941,80097.036667,1606.37,784.906667,0,0,true,true,26,14.705882,16530,2486,54.166667,486.179372
OBJ_B2_ALTO,N050-I02,50,2,1,43,RECOCIDO_SIMULADO,53.2516,4941,80119.288333,1611.955,785.073333,0,0,true,true,28,17.647059,18280,2794,54.166667,494.407066
OBJ_B2_ALTO,N050-I02,50,2,1,43,GENETICO,248.9491,9060,80172.976667,1604.31,785.686667,0,0,true,true,28,17.647059,16512,2480,54.166667,
OBJ_B2_ALTO,N050-I02,50,2,2,44,GENETICO,204.7282,9060,80339.456667,1607.79,787.316667,0,0,true,true,28,17.647059,16864,2554,54.166667,
OBJ_B2_ALTO,N050-I02,50,2,2,44,RECOCIDO_SIMULADO,52.7804,5021,80151.965,1612.798333,785.391667,0,0,true,true,28,17.647059,18392,2782,54.166667,532.779516
OBJ_B2_ALTO,N050-I02,50,2,3,45,RECOCIDO_SIMULADO,52.039,4821,80198.135,1617.135,785.81,0,0,true,true,28,17.647059,18878,2850,54.166667,421.315802
OBJ_B2_ALTO,N050-I02,50,2,3,45,GENETICO,206.0933,9060,80410.156667,1608.49,788.016667,0,0,true,true,28,17.647059,16960,2566,54.166667,
OBJ_B2_ALTO,N050-I02,50,2,4,46,GENETICO,368.8988,9060,80143.295,1606.128333,785.371667,0,0,true,true,28,17.647059,17416,2698,54.166667,
OBJ_B2_ALTO,N050-I02,50,2,4,46,RECOCIDO_SIMULADO,52.4866,4861,80200.69,1613.856667,785.868333,0,0,true,true,28,17.647059,17990,2752,54.166667,427.087642
OBJ_B2_ALTO,N050-I02,50,2,5,47,RECOCIDO_SIMULADO,53.4149,4861,80284.011667,1615.845,786.681667,0,0,true,true,28,17.647059,16676,2618,54.166667,435.489356
OBJ_B2_ALTO,N050-I02,50,2,5,47,GENETICO,206.6256,9060,80395.006667,1608.34,787.866667,0,0,true,true,28,17.647059,16960,2566,54.166667,
OBJ_B2_ALTO,N050-I02,50,2,6,48,GENETICO,261.0084,9060,80144.581667,1606.415,785.381667,0,0,true,true,28,17.647059,16704,2536,54.166667,
OBJ_B2_ALTO,N050-I02,50,2,6,48,RECOCIDO_SIMULADO,51.3568,4821,80364.813333,1619.646667,787.451667,0,0,true,true,28,17.647059,19980,3056,54.166667,413.484475
OBJ_B2_ALTO,N050-I02,50,2,7,49,RECOCIDO_SIMULADO,51.7101,4861,80246.731667,1610.565,786.361667,0,0,true,true,28,17.647059,18502,2866,54.166667,438.073838
OBJ_B2_ALTO,N050-I02,50,2,7,49,GENETICO,205.7257,9060,80370.99,1608.49,787.625,0,0,true,true,26,14.705882,16864,2554,54.166667,
OBJ_B2_ALTO,N050-I02,50,2,8,50,GENETICO,258.879,9060,80330.32,1607.986667,787.223333,0,0,true,true,28,17.647059,16856,2562,54.166667,
OBJ_B2_ALTO,N050-I02,50,2,8,50,RECOCIDO_SIMULADO,54.6825,5021,80206.39,1615.556667,785.908333,0,0,true,true,26,14.705882,18594,2722,54.166667,546.107479
OBJ_B2_ALTO,N050-I02,50,2,9,51,RECOCIDO_SIMULADO,53.5601,4941,80160.351667,1620.685,785.396667,0,0,true,true,26,14.705882,18008,2730,54.166667,471.225911
OBJ_B2_ALTO,N050-I02,50,2,9,51,GENETICO,205.0116,9060,80339.456667,1607.79,787.316667,0,0,true,true,28,17.647059,16864,2554,54.166667,
OBJ_B2_ALTO,N050-I02,50,2,10,52,GENETICO,283.0365,9060,80290.346667,1607.68,786.826667,0,0,true,true,28,17.647059,16176,2468,54.166667,
OBJ_B2_ALTO,N050-I02,50,2,10,52,RECOCIDO_SIMULADO,51.6364,4901,80041.425,1611.925,784.295,0,0,true,true,28,17.647059,17284,2554,54.166667,466.83544
OBJ_B2_ALTO,N050-I02,50,2,11,53,RECOCIDO_SIMULADO,52.3377,4821,80253.57,1615.07,786.385,0,0,true,true,28,17.647059,17736,2728,54.166667,419.104364
OBJ_B2_ALTO,N050-I02,50,2,11,53,GENETICO,204.8008,9060,80339.456667,1607.79,787.316667,0,0,true,true,28,17.647059,16864,2554,54.166667,
OBJ_B2_ALTO,N050-I02,50,2,12,54,GENETICO,214.1385,9060,80343.45,1609.116667,787.343333,0,0,true,true,28,17.647059,16678,2530,54.166667,
OBJ_B2_ALTO,N050-I02,50,2,12,54,RECOCIDO_SIMULADO,52.6862,4941,80102.275,1616.608333,784.856667,0,0,true,true,28,17.647059,17150,2532,54.166667,489.593853
OBJ_B2_ALTO,N050-I02,50,2,13,55,RECOCIDO_SIMULADO,50.8608,4861,80245.663333,1613.496667,786.321667,0,0,true,true,28,17.647059,18504,2784,54.166667,434.318504
OBJ_B2_ALTO,N050-I02,50,2,13,55,GENETICO,299.8959,9060,80288.468333,1606.468333,786.82,0,0,true,true,26,14.705882,16880,2554,54.166667,
OBJ_B2_ALTO,N050-I02,50,2,14,56,GENETICO,213.3685,9060,80395.006667,1608.34,787.866667,0,0,true,true,28,17.647059,16960,2566,54.166667,
OBJ_B2_ALTO,N050-I02,50,2,14,56,RECOCIDO_SIMULADO,53.4664,5021,80118.3,1613.466667,785.048333,0,0,true,true,26,14.705882,16628,2444,54.166667,539.575041
OBJ_B2_ALTO,N050-I02,50,2,15,57,RECOCIDO_SIMULADO,52.8409,4901,80372.53,1613.53,787.59,0,0,true,true,28,17.647059,19050,2910,54.166667,451.98714
OBJ_B2_ALTO,N050-I02,50,2,15,57,GENETICO,211.5494,9060,80299.056667,1607.39,786.916667,0,0,true,true,28,17.647059,17050,2596,54.166667,
OBJ_B2_ALTO,N050-I02,50,2,16,58,GENETICO,213.1823,9060,80089.986667,1605.32,784.846667,0,0,true,true,28,17.647059,17014,2590,54.166667,
OBJ_B2_ALTO,N050-I02,50,2,16,58,RECOCIDO_SIMULADO,52.8923,4941,80170.426667,1616.093333,785.543333,0,0,true,true,28,17.647059,17778,2596,54.166667,489.319865
OBJ_B2_ALTO,N050-I02,50,2,17,59,RECOCIDO_SIMULADO,53.3336,4821,80102.478333,1621.145,784.813333,0,0,true,true,28,17.647059,18400,2760,54.166667,407.012616
OBJ_B2_ALTO,N050-I02,50,2,17,59,GENETICO,210.687,9060,80395.006667,1608.34,787.866667,0,0,true,true,28,17.647059,17052,2600,54.166667,
OBJ_B2_ALTO,N050-I02,50,2,18,60,GENETICO,237.012,9060,80270.495,1606.661667,786.638333,0,0,true,true,28,17.647059,16778,2544,54.166667,
OBJ_B2_ALTO,N050-I02,50,2,18,60,RECOCIDO_SIMULADO,52.2247,4861,80168.438333,1618.605,785.498333,0,0,true,true,28,17.647059,18660,2728,54.166667,430.792067
OBJ_B2_ALTO,N050-I02,50,2,19,61,RECOCIDO_SIMULADO,52.1382,4941,80285.5,1616.333333,786.691667,0,0,true,true,28,17.647059,17554,2584,54.166667,494.206518
OBJ_B2_ALTO,N050-I02,50,2,19,61,GENETICO,346.2939,9060,80174.83,1607.496667,785.673333,0,0,true,true,28,17.647059,16226,2472,54.166667,
OBJ_B2_ALTO,N050-I02,50,2,20,62,GENETICO,207.1434,9060,80410.031667,1608.365,788.016667,0,0,true,true,28,17.647059,16834,2494,54.166667,
OBJ_B2_ALTO,N050-I02,50,2,20,62,RECOCIDO_SIMULADO,51.2354,4861,80167.138333,1610.471667,785.566667,0,0,true,true,28,17.647059,18094,2792,54.166667,427.318444
OBJ_B2_ALTO,N050-I02,50,2,21,63,RECOCIDO_SIMULADO,52.7176,4861,80132.195,1617.528333,785.146667,0,0,true,true,28,17.647059,17218,2600,54.166667,427.658986
OBJ_B2_ALTO,N050-I02,50,2,21,63,GENETICO,203.4869,9060,80395.006667,1608.34,787.866667,0,0,true,true,28,17.647059,16960,2566,54.166667,
OBJ_B2_ALTO,N050-I02,50,2,22,64,GENETICO,208.6116,9060,80410.156667,1608.49,788.016667,0,0,true,true,28,17.647059,16960,2566,54.166667,
OBJ_B2_ALTO,N050-I02,50,2,22,64,RECOCIDO_SIMULADO,53.4097,4981,80076.761667,1607.595,784.691667,0,0,true,true,28,17.647059,16948,2584,54.166667,497.265843
OBJ_B2_ALTO,N050-I02,50,2,23,65,RECOCIDO_SIMULADO,53.1709,4981,80095.12,1611.786667,784.833333,0,0,true,true,26,14.705882,17490,2632,54.166667,501.276975
OBJ_B2_ALTO,N050-I02,50,2,23,65,GENETICO,205.1734,9060,80182.781667,1606.115,785.766667,0,0,true,true,28,17.647059,16866,2528,54.166667,
OBJ_B2_ALTO,N050-I02,50,2,24,66,GENETICO,274.1465,9060,80280.36,1607.86,786.725,0,0,true,true,26,14.705882,16502,2516,54.166667,
OBJ_B2_ALTO,N050-I02,50,2,24,66,RECOCIDO_SIMULADO,54.5931,5021,80288.076667,1612.076667,786.76,0,0,true,true,30,17.647059,18770,2862,54.166667,527.568233
OBJ_B2_ALTO,N050-I02,50,2,25,67,RECOCIDO_SIMULADO,53.8922,5101,80263.14,1612.64,786.505,0,0,true,true,26,14.705882,19062,2916,54.166667,578.880083
OBJ_B2_ALTO,N050-I02,50,2,25,67,GENETICO,210.1649,9060,80354.606667,1607.94,787.466667,0,0,true,true,28,17.647059,16864,2554,54.166667,
OBJ_B2_ALTO,N050-I02,50,2,26,68,GENETICO,203.462,9060,80395.006667,1608.34,787.866667,0,0,true,true,28,17.647059,16960,2566,54.166667,
OBJ_B2_ALTO,N050-I02,50,2,26,68,RECOCIDO_SIMULADO,51.8764,4861,80286.106667,1612.94,786.731667,0,0,true,true,26,14.705882,17970,2736,54.166667,425.388169
OBJ_B2_ALTO,N050-I02,50,2,27,69,RECOCIDO_SIMULADO,53.4039,4941,80250.476667,1609.143333,786.413333,0,0,true,true,28,17.647059,17732,2766,54.166667,486.368055
OBJ_B2_ALTO,N050-I02,50,2,27,69,GENETICO,221.1995,9060,80313.176667,1605.843333,787.073333,0,0,true,true,28,17.647059,17168,2554,54.166667,
OBJ_B2_ALTO,N050-I02,50,2,28,70,GENETICO,204.2468,9060,80339.456667,1607.79,787.316667,0,0,true,true,28,17.647059,16864,2554,54.166667,
OBJ_B2_ALTO,N050-I02,50,2,28,70,RECOCIDO_SIMULADO,51.1322,4781,80390.085,1613.085,787.77,0,0,true,true,28,17.647059,18948,2954,54.166667,393.743944
OBJ_B2_ALTO,N050-I02,50,2,29,71,RECOCIDO_SIMULADO,51.9113,4941,79959.465,1610.465,783.49,0,0,true,true,28,17.647059,18168,2738,54.166667,486.20892
OBJ_B2_ALTO,N050-I02,50,2,29,71,GENETICO,203.8858,9060,80410.156667,1608.49,788.016667,0,0,true,true,28,17.647059,16960,2566,54.166667,
OBJ_B2_ALTO,N050-I03,50,3,0,42,GENETICO,187.7024,9060,82904.523333,1735.856667,811.686667,0,0,true,true,28,14.814815,14196,2096,64.460784,
OBJ_B2_ALTO,N050-I03,50,3,0,42,RECOCIDO_SIMULADO,52.9434,4901,82985.82,1741.486667,812.443333,0,0,true,true,28,14.814815,16536,2536,64.460784,451.144969
OBJ_B2_ALTO,N050-I03,50,3,1,43,RECOCIDO_SIMULADO,52.8322,4941,82867.148333,1742.648333,811.245,0,0,true,true,28,14.814815,16574,2476,64.460784,475.85009
OBJ_B2_ALTO,N050-I03,50,3,1,43,GENETICO,195.9947,9060,82762.256667,1733.923333,810.283333,0,0,true,true,28,14.814815,14444,2156,64.460784,
OBJ_B2_ALTO,N050-I03,50,3,2,44,GENETICO,188.0047,9060,82904.523333,1735.856667,811.686667,0,0,true,true,28,14.814815,14196,2096,64.460784,
OBJ_B2_ALTO,N050-I03,50,3,2,44,RECOCIDO_SIMULADO,52.1877,4901,82993.803333,1737.136667,812.566667,0,0,true,true,28,14.814815,14324,2112,64.460784,452.466699
OBJ_B2_ALTO,N050-I03,50,3,3,45,RECOCIDO_SIMULADO,51.854,4821,82885.933333,1739.266667,811.466667,0,0,true,true,28,14.814815,17108,2580,64.460784,417.725747
OBJ_B2_ALTO,N050-I03,50,3,3,45,GENETICO,185.9164,9060,82778.946667,1734.613333,810.443333,0,0,true,true,28,14.814815,14280,2124,64.460784,
OBJ_B2_ALTO,N050-I03,50,3,4,46,GENETICO,264.0589,9060,82920.73,1734.73,811.86,0,0,true,true,28,14.814815,14580,2204,64.460784,
OBJ_B2_ALTO,N050-I03,50,3,4,46,RECOCIDO_SIMULADO,53.6022,4981,82749.51,1741.676667,810.078333,0,0,true,true,28,14.814815,16256,2382,64.460784,498.191048
OBJ_B2_ALTO,N050-I03,50,3,5,47,RECOCIDO_SIMULADO,50.2397,4781,82832.873333,1738.373333,810.945,0,0,true,true,28,14.814815,15592,2360,64.460784,394.537743
OBJ_B2_ALTO,N050-I03,50,3,5,47,GENETICO,241.054,9060,82843.431667,1735.098333,811.083333,0,0,true,true,28,14.814815,14460,2144,64.460784,
OBJ_B2_ALTO,N050-I03,50,3,6,48,GENETICO,336.6128,9060,82873.445,1735.945,811.375,0,0,true,true,28,14.814815,14592,2204,64.460784,
OBJ_B2_ALTO,N050-I03,50,3,6,48,RECOCIDO_SIMULADO,49.4235,4661,82993.803333,1737.136667,812.566667,0,0,true,true,28,14.814815,14324,2112,64.460784,345.174356
OBJ_B2_ALTO,N050-I03,50,3,7,49,RECOCIDO_SIMULADO,51.0277,4861,82953.221667,1739.388333,812.138333,0,0,true,true,26,11.111111,16606,2536,64.460784,443.607279
OBJ_B2_ALTO,N050-I03,50,3,7,49,GENETICO,187.9765,9060,82912.603333,1735.936667,811.766667,0,0,true,true,28,14.814815,14196,2096,64.460784,
OBJ_B2_ALTO,N050-I03,50,3,8,50,GENETICO,226.5934,9060,82709.971667,1733.138333,809.768333,0,0,true,true,28,14.814815,14504,2158,64.460784,
OBJ_B2_ALTO,N050-I03,50,3,8,50,RECOCIDO_SIMULADO,51.5532,4781,82993.803333,1737.136667,812.566667,0,0,true,true,28,14.814815,14324,2112,64.460784,399.776881
OBJ_B2_ALTO,N050-I03,50,3,9,51,RECOCIDO_SIMULADO,53.2463,4941,82883.288333,1738.621667,811.446667,0,0,true,true,24,11.111111,17134,2588,64.460784,475.457706
OBJ_B2_ALTO,N050-I03,50,3,9,51,GENETICO,278.8222,9060,82688.225,1732.225,809.56,0,0,true,true,28,14.814815,14504,2182,64.460784,
OBJ_B2_ALTO,N050-I03,50,3,10,52,GENETICO,188.6801,9060,82826.753333,1735.086667,810.916667,0,0,true,true,28,14.814815,14196,2096,64.460784,
OBJ_B2_ALTO,N050-I03,50,3,10,52,RECOCIDO_SIMULADO,51.2079,4701,82993.803333,1737.136667,812.566667,0,0,true,true,28,14.814815,14324,2112,64.460784,349.418365
OBJ_B2_ALTO,N050-I03,50,3,11,53,RECOCIDO_SIMULADO,51.0085,4821,82972.461667,1737.628333,812.348333,0,0,true,true,28,14.814815,16234,2494,64.460784,421.607888
OBJ_B2_ALTO,N050-I03,50,3,11,53,GENETICO,205.3892,9060,82775.891667,1734.558333,810.413333,0,0,true,true,28,14.814815,14464,2156,64.460784,
OBJ_B2_ALTO,N050-I03,50,3,12,54,GENETICO,190.6862,9060,82899.873333,1736.206667,811.636667,0,0,true,true,28,14.814815,14324,2112,64.460784,
OBJ_B2_ALTO,N050-I03,50,3,12,54,RECOCIDO_SIMULADO,54.029,4901,82881.975,1743.975,811.38,0,0,true,true,28,14.814815,16918,2514,64.460784,447.619134
OBJ_B2_ALTO,N050-I03,50,3,13,55,RECOCIDO_SIMULADO,51.8023,4861,82993.803333,1737.136667,812.566667,0,0,true,true,28,14.814815,14324,2112,64.460784,438.198348
OBJ_B2_ALTO,N050-I03,50,3,13,55,GENETICO,293.7573,9060,82605.715,1730.715,808.75,0,0,true,true,28,14.814815,14012,2098,64.460784,
OBJ_B2_ALTO,N050-I03,50,3,14,56,GENETICO,189.1653,9060,82859.096667,1734.763333,811.243333,0,0,true,true,28,14.814815,14500,2174,64.460784,
OBJ_B2_ALTO,N050-I03,50,3,14,56,RECOCIDO_SIMULADO,52.3411,4861,82878.033333,1737.2,811.408333,0,0,true,true,26,14.814815,15486,2278,64.460784,447.237759
OBJ_B2_ALTO,N050-I03,50,3,15,57,RECOCIDO_SIMULADO,52.7079,4981,82898.505,1736.671667,811.618333,0,0,true,true,26,11.111111,15906,2420,64.460784,501.610634
OBJ_B2_ALTO,N050-I03,50,3,15,57,GENETICO,189.2727,9060,82826.753333,1735.086667,810.916667,0,0,true,true,28,14.814815,14196,2096,64.460784,
OBJ_B2_ALTO,N050-I03,50,3,16,58,GENETICO,312.9173,9060,82628.035,1731.535,808.965,0,0,true,true,28,14.814815,14460,2160,64.460784,
OBJ_B2_ALTO,N050-I03,50,3,16,58,RECOCIDO_SIMULADO,53.0116,4901,82927.385,1736.885,811.905,0,0,true,true,28,14.814815,16338,2508,64.460784,453.960337
OBJ_B2_ALTO,N050-I03,50,3,17,59,RECOCIDO_SIMULADO,50.8666,4821,82799.578333,1743.078333,810.565,0,0,true,true,26,11.111111,16996,2510,64.460784,424.31164
OBJ_B2_ALTO,N050-I03,50,3,17,59,GENETICO,283.7326,9060,82703.751667,1733.918333,809.698333,0,0,true,true,28,14.814815,14300,2120,64.460784,
OBJ_B2_ALTO,N050-I03,50,3,18,60,GENETICO,189.3472,9060,82891.303333,1734.136667,811.571667,0,0,true,true,28,14.814815,14168,2090,64.460784,
OBJ_B2_ALTO,N050-I03,50,3,18,60,RECOCIDO_SIMULADO,51.6199,4901,82993.803333,1737.136667,812.566667,0,0,true,true,28,14.814815,14324,2112,64.460784,468.722124
OBJ_B2_ALTO,N050-I03,50,3,19,61,RECOCIDO_SIMULADO,53.6014,5021,82795.733333,1739.233333,810.565,0,0,true,true,26,11.111111,16504,2516,64.460784,539.125354
OBJ_B2_ALTO,N050-I03,50,3,19,61,GENETICO,192.9821,9060,82882.291667,1733.458333,811.488333,0,0,true,true,28,14.814815,14780,2182,64.460784,
OBJ_B2_ALTO,N050-I03,50,3,20,62,GENETICO,387.3994,9060,82765.243333,1736.243333,810.29,0,0,true,true,26,11.111111,14856,2190,64.460784,
OBJ_B2_ALTO,N050-I03,50,3,20,62,RECOCIDO_SIMULADO,49.2594,4661,82943.885,1748.385,811.955,0,0,true,true,28,14.814815,17776,2660,64.460784,344.082271
OBJ_B2_ALTO,N050-I03,50,3,21,63,RECOCIDO_SIMULADO,50.7975,4701,82836.043333,1745.543333,810.905,0,0,true,true,28,14.814815,17302,2608,64.460784,355.884113
OBJ_B2_ALTO,N050-I03,50,3,21,63,GENETICO,234.0985,9060,82779.098333,1734.598333,810.445,0,0,true,true,26,11.111111,14592,2166,64.460784,
OBJ_B2_ALTO,N050-I03,50,3,22,64,GENETICO,219.2774,9060,82855.091667,1735.758333,811.193333,0,0,true,true,28,14.814815,14928,2228,64.460784,
OBJ_B2_ALTO,N050-I03,50,3,22,64,RECOCIDO_SIMULADO,50.8642,4821,82993.803333,1737.136667,812.566667,0,0,true,true,28,14.814815,14324,2112,64.460784,407.487287
OBJ_B2_ALTO,N050-I03,50,3,23,65,RECOCIDO_SIMULADO,53.442,4981,82965.086667,1740.086667,812.25,0,0,true,true,24,11.111111,16832,2558,64.460784,503.770264
OBJ_B2_ALTO,N050-I03,50,3,23,65,GENETICO,281.4173,9060,82708.146667,1733.813333,809.743333,0,0,true,true,28,14.814815,14320,2124,64.460784,
OBJ_B2_ALTO,N050-I03,50,3,24,66,GENETICO,205.6156,9060,82778.946667,1734.613333,810.443333,0,0,true,true,28,14.814815,14280,2124,64.460784,
OBJ_B2_ALTO,N050-I03,50,3,24,66,RECOCIDO_SIMULADO,49.5347,4701,82805.785,1736.451667,810.693333,0,0,true,true,26,14.814815,15874,2422,64.460784,363.699202
OBJ_B2_ALTO,N050-I03,50,3,25,67,RECOCIDO_SIMULADO,52.0525,4861,82993.803333,1737.136667,812.566667,0,0,true,true,28,14.814815,14324,2112,64.460784,441.466678
OBJ_B2_ALTO,N050-I03,50,3,25,67,GENETICO,344.7011,9060,82607.56,1732.06,808.755,0,0,true,true,28,14.814815,14724,2200,64.460784,
OBJ_B2_ALTO,N050-I03,50,3,26,68,GENETICO,194.0588,9060,82865.533333,1735.866667,811.296667,0,0,true,true,28,14.814815,14204,2098,64.460784,
OBJ_B2_ALTO,N050-I03,50,3,26,68,RECOCIDO_SIMULADO,51.9348,4901,82993.803333,1737.136667,812.566667,0,0,true,true,28,14.814815,14324,2112,64.460784,467.187126
OBJ_B2_ALTO,N050-I03,50,3,27,69,RECOCIDO_SIMULADO,51.9731,4901,82993.803333,1737.136667,812.566667,0,0,true,true,28,14.814815,14324,2112,64.460784,447.692035
OBJ_B2_ALTO,N050-I03,50,3,27,69,GENETICO,303.9017,9060,82945.996667,1736.663333,812.093333,0,0,true,true,28,14.814815,14408,2140,64.460784,
OBJ_B2_ALTO,N050-I03,50,3,28,70,GENETICO,191.6299,9060,82899.873333,1736.206667,811.636667,0,0,true,true,28,14.814815,14324,2112,64.460784,
OBJ_B2_ALTO,N050-I03,50,3,28,70,RECOCIDO_SIMULADO,50.4949,4821,82993.803333,1737.136667,812.566667,0,0,true,true,28,14.814815,14324,2112,64.460784,407.703636
OBJ_B2_ALTO,N050-I03,50,3,29,71,RECOCIDO_SIMULADO,51.5619,4741,82985.723333,1737.056667,812.486667,0,0,true,true,28,14.814815,14324,2112,64.460784,376.675095
OBJ_B2_ALTO,N050-I03,50,3,29,71,GENETICO,189.9774,9060,82843.986667,1735.653333,811.083333,0,0,true,true,28,14.814815,14480,2152,64.460784,
OBJ_B2_ALTO,N050-I04,50,4,0,42,GENETICO,191.4708,9060,87050.743333,1722.576667,853.281667,0,0,true,true,30,12.903226,15710,2288,64.215686,
OBJ_B2_ALTO,N050-I04,50,4,0,42,RECOCIDO_SIMULADO,53.551,4981,87050.743333,1722.576667,853.281667,0,0,true,true,30,12.903226,15710,2288,64.215686,510.768735
OBJ_B2_ALTO,N050-I04,50,4,1,43,RECOCIDO_SIMULADO,52.5528,4901,86815.031667,1723.365,850.916667,0,0,true,true,32,16.129032,16224,2410,64.215686,464.140968
OBJ_B2_ALTO,N050-I04,50,4,1,43,GENETICO,215.4558,9060,87041.443333,1723.276667,853.181667,0,0,true,true,30,12.903226,15966,2320,64.215686,
OBJ_B2_ALTO,N050-I04,50,4,2,44,GENETICO,194.1379,9060,87050.743333,1722.576667,853.281667,0,0,true,true,30,12.903226,15710,2288,64.215686,
OBJ_B2_ALTO,N050-I04,50,4,2,44,RECOCIDO_SIMULADO,52.0676,4981,86805.596667,1723.263333,850.823333,0,0,true,true,32,16.129032,15034,2196,64.215686,518.523225
OBJ_B2_ALTO,N050-I04,50,4,3,45,RECOCIDO_SIMULADO,53.2317,4981,87050.743333,1722.576667,853.281667,0,0,true,true,30,12.903226,15710,2288,64.215686,513.284941
OBJ_B2_ALTO,N050-I04,50,4,3,45,GENETICO,189.9489,9060,87041.443333,1723.276667,853.181667,0,0,true,true,30,12.903226,15966,2320,64.215686,
OBJ_B2_ALTO,N050-I04,50,4,4,46,GENETICO,192.4117,9060,86995.593333,1722.426667,852.731667,0,0,true,true,30,12.903226,15838,2304,64.215686,
OBJ_B2_ALTO,N050-I04,50,4,4,46,RECOCIDO_SIMULADO,52.1113,4901,86947.146667,1727.813333,852.193333,0,0,true,true,30,12.903226,16622,2486,64.215686,454.689815
OBJ_B2_ALTO,N050-I04,50,4,5,47,RECOCIDO_SIMULADO,54.4301,4861,87014.471667,1727.138333,852.873333,0,0,true,true,32,16.129032,16476,2424,64.215686,445.707314
OBJ_B2_ALTO,N050-I04,50,4,5,47,GENETICO,188.0171,9060,87041.443333,1723.276667,853.181667,0,0,true,true,30,12.903226,15966,2320,64.215686,
OBJ_B2_ALTO,N050-I04,50,4,6,48,GENETICO,189.8999,9060,87050.743333,1722.576667,853.281667,0,0,true,true,30,12.903226,15710,2288,64.215686,
OBJ_B2_ALTO,N050-I04,50,4,6,48,RECOCIDO_SIMULADO,54.0281,5021,87050.743333,1722.576667,853.281667,0,0,true,true,30,12.903226,15710,2288,64.215686,537.672121
OBJ_B2_ALTO,N050-I04,50,4,7,49,RECOCIDO_SIMULADO,52.167,4861,86807.771667,1728.938333,850.788333,0,0,true,true,32,16.129032,16698,2396,64.215686,431.258171
OBJ_B2_ALTO,N050-I04,50,4,7,49,GENETICO,263.2514,9060,86964.306667,1721.14,852.431667,0,0,true,true,32,16.129032,15848,2346,64.215686,
OBJ_B2_ALTO,N050-I04,50,4,8,50,GENETICO,196.4513,9060,87050.743333,1722.576667,853.281667,0,0,true,true,30,12.903226,15710,2288,64.215686,
OBJ_B2_ALTO,N050-I04,50,4,8,50,RECOCIDO_SIMULADO,52.3776,5021,86835.465,1729.965,851.055,0,0,true,true,32,16.129032,16108,2470,64.215686,534.567191
OBJ_B2_ALTO,N050-I04,50,4,9,51,RECOCIDO_SIMULADO,52.6247,4941,87050.743333,1722.576667,853.281667,0,0,true,true,30,12.903226,15710,2288,64.215686,487.309027
OBJ_B2_ALTO,N050-I04,50,4,9,51,GENETICO,194.8314,9060,86995.593333,1722.426667,852.731667,0,0,true,true,30,12.903226,15838,2304,64.215686,
OBJ_B2_ALTO,N050-I04,50,4,10,52,GENETICO,209.2123,9060,86973.053333,1722.386667,852.506667,0,0,true,true,30,12.903226,15462,2258,64.215686,
OBJ_B2_ALTO,N050-I04,50,4,10,52,RECOCIDO_SIMULADO,55.0652,4941,86864.145,1719.645,851.445,0,0,true,true,30,12.903226,15926,2448,64.215686,473.733627
OBJ_B2_ALTO,N050-I04,50,4,11,53,RECOCIDO_SIMULADO,53.2243,4901,86812.468333,1726.468333,850.86,0,0,true,true,30,12.903226,15752,2330,64.215686,451.773785
OBJ_B2_ALTO,N050-I04,50,4,11,53,GENETICO,244.0212,9060,86785.07,1717.57,850.675,0,0,true,true,30,12.903226,14360,2114,64.215686,
OBJ_B2_ALTO,N050-I04,50,4,12,54,GENETICO,232.6912,9060,86884.571667,1717.238333,851.673333,0,0,true,true,32,16.129032,15008,2210,64.215686,
OBJ_B2_ALTO,N050-I04,50,4,12,54,RECOCIDO_SIMULADO,52.131,4861,86931.41,1722.243333,852.091667,0,0,true,true,32,16.129032,15170,2220,64.215686,441.004423
OBJ_B2_ALTO,N050-I04,50,4,13,55,RECOCIDO_SIMULADO,53.3509,4861,86844.32,1720.82,851.235,0,0,true,true,32,16.129032,14518,2152,64.215686,434.682438
OBJ_B2_ALTO,N050-I04,50,4,13,55,GENETICO,196.1568,9060,87004.893333,1721.726667,852.831667,0,0,true,true,30,12.903226,15582,2272,64.215686,
OBJ_B2_ALTO,N050-I04,50,4,14,56,GENETICO,196.3001,9060,87004.893333,1721.726667,852.831667,0,0,true,true,30,12.903226,15582,2272,64.215686,
OBJ_B2_ALTO,N050-I04,50,4,14,56,RECOCIDO_SIMULADO,53.2732,4941,86842.698333,1726.365,851.163333,0,0,true,true,32,16.129032,15974,2358,64.215686,483.661029
OBJ_B2_ALTO,N050-I04,50,4,15,57,RECOCIDO_SIMULADO,53.4902,4981,87050.743333,1722.576667,853.281667,0,0,true,true,30,12.903226,15710,2288,64.215686,515.579742
OBJ_B2_ALTO,N050-I04,50,4,15,57,GENETICO,206.5608,9060,86694.261667,1715.428333,849.788333,0,0,true,true,32,16.129032,14612,2178,64.215686,
OBJ_B2_ALTO,N050-I04,50,4,16,58,GENETICO,195.3828,9060,87004.893333,1721.726667,852.831667,0,0,true,true,30,12.903226,15582,2272,64.215686,
OBJ_B2_ALTO,N050-I04,50,4,16,58,RECOCIDO_SIMULADO,52.4954,4861,86796.615,1725.115,850.715,0,0,true,true,32,16.129032,16442,2388,64.215686,431.059415
OBJ_B2_ALTO,N050-I04,50,4,17,59,RECOCIDO_SIMULADO,54.106,5021,87050.743333,1722.576667,853.281667,0,0,true,true,30,12.903226,15710,2288,64.215686,547.390254
OBJ_B2_ALTO,N050-I04,50,4,17,59,GENETICO,196.6551,9060,86957.12,1720.62,852.365,0,0,true,true,32,16.129032,15970,2348,64.215686,
OBJ_B2_ALTO,N050-I04,50,4,18,60,GENETICO,191.0433,9060,86974.153333,1720.986667,852.531667,0,0,true,true,32,16.129032,15618,2284,64.215686,
OBJ_B2_ALTO,N050-I04,50,4,18,60,RECOCIDO_SIMULADO,53.2745,5021,86950.138333,1724.805,852.253333,0,0,true,true,32,16.129032,15430,2278,64.215686,543.710013
OBJ_B2_ALTO,N050-I04,50,4,19,61,RECOCIDO_SIMULADO,55.4218,5061,86894.583333,1724.916667,851.696667,0,0,true,true,32,16.129032,16144,2394,64.215686,553.011046
OBJ_B2_ALTO,N050-I04,50,4,19,61,GENETICO,205.1874,9060,87001.45,1719.95,852.815,0,0,true,true,32,16.129032,16038,2354,64.215686,
OBJ_B2_ALTO,N050-I04,50,4,20,62,GENETICO,191.5038,9060,87041.443333,1723.276667,853.181667,0,0,true,true,30,12.903226,15966,2320,64.215686,
OBJ_B2_ALTO,N050-I04,50,4,20,62,RECOCIDO_SIMULADO,51.9622,4901,87050.743333,1722.576667,853.281667,0,0,true,true,30,12.903226,15710,2288,64.215686,456.89274
OBJ_B2_ALTO,N050-I04,50,4,21,63,RECOCIDO_SIMULADO,53.0216,4941,87008.415,1728.915,852.795,0,0,true,true,32,16.129032,15624,2306,64.215686,478.13181
OBJ_B2_ALTO,N050-I04,50,4,21,63,GENETICO,545.4948,9060,86913.621667,1718.955,851.946667,0,0,true,true,32,16.129032,15140,2250,64.215686,
OBJ_B2_ALTO,N050-I04,50,4,22,64,GENETICO,233.1591,9060,87010.703333,1722.536667,852.881667,0,0,true,true,32,16.129032,16002,2332,64.215686,
OBJ_B2_ALTO,N050-I04,50,4,22,64,RECOCIDO_SIMULADO,54.5542,5101,86969.153333,1725.653333,852.435,0,0,true,true,30,12.903226,16332,2452,64.215686,582.219032
OBJ_B2_ALTO,N050-I04,50,4,23,65,RECOCIDO_SIMULADO,53.1551,4901,86956.608333,1722.608333,852.34,0,0,true,true,32,16.129032,15880,2386,64.215686,466.869963
OBJ_B2_ALTO,N050-I04,50,4,23,65,GENETICO,189.1799,9060,87004.893333,1721.726667,852.831667,0,0,true,true,30,12.903226,15582,2272,64.215686,
OBJ_B2_ALTO,N050-I04,50,4,24,66,GENETICO,244.6283,9060,86931.436667,1720.603333,852.108333,0,0,true,true,32,16.129032,15122,2180,64.215686,
OBJ_B2_ALTO,N050-I04,50,4,24,66,RECOCIDO_SIMULADO,54.7292,5021,87024.765,1722.598333,853.021667,0,0,true,true,32,16.129032,15336,2370,64.215686,529.110931
OBJ_B2_ALTO,N050-I04,50,4,25,67,RECOCIDO_SIMULADO,52.7944,4941,86836.336667,1730.67,851.056667,0,0,true,true,32,16.129032,16284,2348,64.215686,490.008381
OBJ_B2_ALTO,N050-I04,50,4,25,67,GENETICO,206.2139,9060,87004.643333,1722.476667,852.821667,0,0,true,true,32,16.129032,15954,2324,64.215686,
OBJ_B2_ALTO,N050-I04,50,4,26,68,GENETICO,234.9481,9060,87004.893333,1721.726667,852.831667,0,0,true,true,30,12.903226,15582,2272,64.215686,
OBJ_B2_ALTO,N050-I04,50,4,26,68,RECOCIDO_SIMULADO,53.9142,4981,87028.151667,1727.651667,853.005,0,0,true,true,30,12.903226,15982,2408,64.215686,502.297259
OBJ_B2_ALTO,N050-I04,50,4,27,69,RECOCIDO_SIMULADO,54.1999,4941,87050.743333,1722.576667,853.281667,0,0,true,true,30,12.903226,15710,2288,64.215686,485.047389
OBJ_B2_ALTO,N050-I04,50,4,27,69,GENETICO,214.8648,9060,86953.881667,1721.548333,852.323333,0,0,true,true,30,12.903226,15180,2238,64.215686,
OBJ_B2_ALTO,N050-I04,50,4,28,70,GENETICO,198.1934,9060,87031.343333,1723.176667,853.081667,0,0,true,true,30,12.903226,15934,2316,64.215686,
OBJ_B2_ALTO,N050-I04,50,4,28,70,RECOCIDO_SIMULADO,51.5197,4781,86883.145,1725.311667,851.578333,0,0,true,true,30,12.903226,16246,2378,64.215686,393.290692
OBJ_B2_ALTO,N050-I04,50,4,29,71,RECOCIDO_SIMULADO,52.5795,4901,87050.743333,1722.576667,853.281667,0,0,true,true,30,12.903226,15710,2288,64.215686,457.578304
OBJ_B2_ALTO,N050-I04,50,4,29,71,GENETICO,192.5316,9060,86995.593333,1722.426667,852.731667,0,0,true,true,30,12.903226,15838,2304,64.215686,
OBJ_B2_ALTO,N050-I05,50,5,0,42,GENETICO,258.032,9060,84000.065,1518.231667,824.818333,0,0,true,true,26,11.428571,14534,2156,65.686275,
OBJ_B2_ALTO,N050-I05,50,5,0,42,RECOCIDO_SIMULADO,49.9035,4661,83798.253333,1523.753333,822.745,0,0,true,true,26,11.428571,16322,2414,65.686275,341.459488
OBJ_B2_ALTO,N050-I05,50,5,1,43,RECOCIDO_SIMULADO,52.2662,4821,84070.665,1518.831667,825.518333,0,0,true,true,26,11.428571,14502,2152,65.686275,420.584026
OBJ_B2_ALTO,N050-I05,50,5,1,43,GENETICO,270.032,9060,84018.015,1518.181667,824.998333,0,0,true,true,26,11.428571,14730,2196,65.686275,
OBJ_B2_ALTO,N050-I05,50,5,2,44,GENETICO,206.5319,9060,83970.383333,1518.383333,824.52,0,0,true,true,26,11.428571,14770,2210,65.686275,
OBJ_B2_ALTO,N050-I05,50,5,2,44,RECOCIDO_SIMULADO,52.8216,4901,84064.133333,1528.3,825.358333,0,0,true,true,28,14.285714,17018,2544,65.686275,460.603516
OBJ_B2_ALTO,N050-I05,50,5,3,45,RECOCIDO_SIMULADO,51.9119,4781,83829.528333,1521.528333,823.08,0,0,true,true,26,11.428571,14966,2254,65.686275,401.860152
OBJ_B2_ALTO,N050-I05,50,5,3,45,GENETICO,186.6633,9060,84070.665,1518.831667,825.518333,0,0,true,true,26,11.428571,14502,2152,65.686275,
OBJ_B2_ALTO,N050-I05,50,5,4,46,GENETICO,187.6205,9060,84000.065,1518.231667,824.818333,0,0,true,true,26,11.428571,14534,2156,65.686275,
OBJ_B2_ALTO,N050-I05,50,5,4,46,RECOCIDO_SIMULADO,51.1643,4701,83876.351667,1524.185,823.521667,0,0,true,true,26,11.428571,14762,2200,65.686275,362.548796
OBJ_B2_ALTO,N050-I05,50,5,5,47,RECOCIDO_SIMULADO,51.2129,4821,83807.346667,1523.513333,822.838333,0,0,true,true,26,11.428571,16054,2472,65.686275,423.175659
OBJ_B2_ALTO,N050-I05,50,5,5,47,GENETICO,188.9763,9060,84040.415,1518.581667,825.218333,0,0,true,true,26,11.428571,14518,2154,65.686275,
OBJ_B2_ALTO,N050-I05,50,5,6,48,GENETICO,193.0135,9060,83979.815,1517.981667,824.618333,0,0,true,true,26,11.428571,14662,2202,65.686275,
OBJ_B2_ALTO,N050-I05,50,5,6,48,RECOCIDO_SIMULADO,51.7128,4821,83812.93,1531.096667,822.818333,0,0,true,true,26,11.428571,16026,2358,65.686275,410.407428
OBJ_B2_ALTO,N050-I05,50,5,7,49,RECOCIDO_SIMULADO,53.3374,4901,84001.438333,1526.771667,824.746667,0,0,true,true,28,11.428571,16240,2440,65.686275,458.04005
OBJ_B2_ALTO,N050-I05,50,5,7,49,GENETICO,186.4955,9060,84055.515,1518.681667,825.368333,0,0,true,true,26,11.428571,14502,2152,65.686275,
OBJ_B2_ALTO,N050-I05,50,5,8,50,GENETICO,261.5332,9060,84027.076667,1517.41,825.096667,0,0,true,true,26,11.428571,14630,2178,65.686275,
OBJ_B2_ALTO,N050-I05,50,5,8,50,RECOCIDO_SIMULADO,51.8704,4701,83989.25,1524.083333,824.651667,0,0,true,true,26,8.571429,16440,2492,65.686275,358.622183
OBJ_B2_ALTO,N050-I05,50,5,9,51,RECOCIDO_SIMULADO,50.2735,4661,83835.53,1518.03,823.175,0,0,true,true,28,11.428571,15614,2348,65.686275,346.090777
OBJ_B2_ALTO,N050-I05,50,5,9,51,GENETICO,194.4269,9060,83980.165,1518.331667,824.618333,0,0,true,true,26,11.428571,14174,2086,65.686275,
OBJ_B2_ALTO,N050-I05,50,5,10,52,GENETICO,196.2235,9060,83927.878333,1516.378333,824.115,0,0,true,true,26,11.428571,14840,2214,65.686275,
OBJ_B2_ALTO,N050-I05,50,5,10,52,RECOCIDO_SIMULADO,49.7862,4701,83614.973333,1526.973333,820.88,0,0,true,true,26,11.428571,15824,2312,65.686275,356.811837
OBJ_B2_ALTO,N050-I05,50,5,11,53,RECOCIDO_SIMULADO,50.8585,4741,83827.846667,1524.68,823.031667,0,0,true,true,26,11.428571,15662,2312,65.686275,378.425144
OBJ_B2_ALTO,N050-I05,50,5,11,53,GENETICO,186.7767,9060,84070.665,1518.831667,825.518333,0,0,true,true,26,11.428571,14502,2152,65.686275,
OBJ_B2_ALTO,N050-I05,50,5,12,54,GENETICO,190.791,9060,84040.415,1518.581667,825.218333,0,0,true,true,26,11.428571,14518,2154,65.686275,
OBJ_B2_ALTO,N050-I05,50,5,12,54,RECOCIDO_SIMULADO,52.445,4821,83870.62,1518.286667,823.523333,0,0,true,true,26,11.428571,15206,2294,65.686275,409.647074
OBJ_B2_ALTO,N050-I05,50,5,13,55,RECOCIDO_SIMULADO,50.3284,4661,83760.17,1527.003333,822.331667,0,0,true,true,26,11.428571,15964,2356,65.686275,340.733619
OBJ_B2_ALTO,N050-I05,50,5,13,55,GENETICO,200.2108,9060,83973.596667,1516.93,824.566667,0,0,true,true,26,11.428571,15130,2296,65.686275,
OBJ_B2_ALTO,N050-I05,50,5,14,56,GENETICO,190.5259,9060,84040.415,1518.581667,825.218333,0,0,true,true,26,11.428571,14518,2154,65.686275,
OBJ_B2_ALTO,N050-I05,50,5,14,56,RECOCIDO_SIMULADO,53.4117,4901,84047.446667,1519.78,825.276667,0,0,true,true,26,11.428571,15402,2294,65.686275,456.742543
OBJ_B2_ALTO,N050-I05,50,5,15,57,RECOCIDO_SIMULADO,51.3821,4741,83960.153333,1528.153333,824.32,0,0,true,true,30,14.285714,16776,2442,65.686275,383.568193
OBJ_B2_ALTO,N050-I05,50,5,15,57,GENETICO,209.0666,9060,84015.165,1518.331667,824.968333,0,0,true,true,26,11.428571,14518,2154,65.686275,
OBJ_B2_ALTO,N050-I05,50,5,16,58,GENETICO,191.6125,9060,83994.915,1518.081667,824.768333,0,0,true,true,26,11.428571,14646,2200,65.686275,
OBJ_B2_ALTO,N050-I05,50,5,16,58,RECOCIDO_SIMULADO,51.2953,4781,83750.771667,1524.105,822.266667,0,0,true,true,26,11.428571,15816,2376,65.686275,392.924379
OBJ_B2_ALTO,N050-I05,50,5,17,59,RECOCIDO_SIMULADO,52.9707,4901,83855.908333,1525.408333,823.305,0,0,true,true,26,11.428571,15372,2314,65.686275,462.830138
OBJ_B2_ALTO,N050-I05,50,5,17,59,GENETICO,191.3343,9060,84055.515,1518.681667,825.368333,0,0,true,true,26,11.428571,14502,2152,65.686275,
OBJ_B2_ALTO,N050-I05,50,5,18,60,GENETICO,188.5994,9060,84000.065,1518.231667,824.818333,0,0,true,true,26,11.428571,14534,2156,65.686275,
OBJ_B2_ALTO,N050-I05,50,5,18,60,RECOCIDO_SIMULADO,53.2937,4901,83944.64,1529.806667,824.148333,0,0,true,true,26,11.428571,16410,2360,65.686275,466.911584
OBJ_B2_ALTO,N050-I05,50,5,19,61,RECOCIDO_SIMULADO,52.5759,4941,83916.423333,1523.423333,823.93,0,0,true,true,26,11.428571,16288,2468,65.686275,476.72686
OBJ_B2_ALTO,N050-I05,50,5,19,61,GENETICO,194.7679,9060,83886.973333,1515.973333,823.71,0,0,true,true,26,11.428571,14660,2208,65.686275,
OBJ_B2_ALTO,N050-I05,50,5,20,62,GENETICO,183.4175,9060,84055.515,1518.681667,825.368333,0,0,true,true,26,11.428571,14502,2152,65.686275,
OBJ_B2_ALTO,N050-I05,50,5,20,62,RECOCIDO_SIMULADO,50.3215,4701,84026.045,1522.045,825.04,0,0,true,true,28,11.428571,16536,2478,65.686275,347.039638
OBJ_B2_ALTO,N050-I05,50,5,21,63,RECOCIDO_SIMULADO,50.5167,4701,84035.788333,1523.788333,825.12,0,0,true,true,26,11.428571,16408,2486,65.686275,360.758741
OBJ_B2_ALTO,N050-I05,50,5,21,63,GENETICO,194.7948,9060,84015.165,1518.331667,824.968333,0,0,true,true,26,11.428571,14518,2154,65.686275,
OBJ_B2_ALTO,N050-I05,50,5,22,64,GENETICO,210.6746,9060,83878.943333,1515.943333,823.63,0,0,true,true,26,11.428571,14252,2116,65.686275,
OBJ_B2_ALTO,N050-I05,50,5,22,64,RECOCIDO_SIMULADO,52.7658,4901,83796.701667,1528.035,822.686667,0,0,true,true,26,11.428571,15366,2244,65.686275,463.164838
OBJ_B2_ALTO,N050-I05,50,5,23,65,RECOCIDO_SIMULADO,54.2624,5021,83919.028333,1526.528333,823.925,0,0,true,true,26,11.428571,16394,2498,65.686275,528.721386
OBJ_B2_ALTO,N050-I05,50,5,23,65,GENETICO,192.801,9060,84055.565,1518.731667,825.368333,0,0,true,true,26,11.428571,14518,2154,65.686275,
OBJ_B2_ALTO,N050-I05,50,5,24,66,GENETICO,205.5485,9060,83984.173333,1518.173333,824.66,0,0,true,true,26,11.428571,14704,2206,65.686275,
OBJ_B2_ALTO,N050-I05,50,5,24,66,RECOCIDO_SIMULADO,53.0038,4781,83861.323333,1523.323333,823.38,0,0,true,true,26,11.428571,16602,2476,65.686275,396.912426
OBJ_B2_ALTO,N050-I05,50,5,25,67,RECOCIDO_SIMULADO,51.5792,4861,83861.766667,1527.1,823.346667,0,0,true,true,26,11.428571,16972,2554,65.686275,425.904209
OBJ_B2_ALTO,N050-I05,50,5,25,67,GENETICO,192.1828,9060,84055.515,1518.681667,825.368333,0,0,true,true,26,11.428571,14502,2152,65.686275,
OBJ_B2_ALTO,N050-I05,50,5,26,68,GENETICO,188.3426,9060,84070.665,1518.831667,825.518333,0,0,true,true,26,11.428571,14502,2152,65.686275,
OBJ_B2_ALTO,N050-I05,50,5,26,68,RECOCIDO_SIMULADO,50.3616,4741,84000.226667,1524.226667,824.76,0,0,true,true,28,14.285714,15858,2392,65.686275,369.478229
OBJ_B2_ALTO,N050-I05,50,5,27,69,RECOCIDO_SIMULADO,51.0119,4701,83934.163333,1518.496667,824.156667,0,0,true,true,28,11.428571,15848,2432,65.686275,354.766925
OBJ_B2_ALTO,N050-I05,50,5,27,69,GENETICO,187.9548,9060,84040.415,1518.581667,825.218333,0,0,true,true,26,11.428571,14518,2154,65.686275,
OBJ_B2_ALTO,N050-I05,50,5,28,70,GENETICO,210.1776,9060,83801.335,1517.501667,822.838333,0,0,true,true,26,11.428571,14566,2146,65.686275,
OBJ_B2_ALTO,N050-I05,50,5,28,70,RECOCIDO_SIMULADO,51.3675,4781,83824.785,1523.951667,823.008333,0,0,true,true,28,11.428571,15924,2382,65.686275,387.858576
OBJ_B2_ALTO,N050-I05,50,5,29,71,RECOCIDO_SIMULADO,52.6122,4781,83811.786667,1527.62,822.841667,0,0,true,true,26,11.428571,17050,2514,65.686275,393.45444
OBJ_B2_ALTO,N050-I05,50,5,29,71,GENETICO,247.6554,9060,83980.11,1516.776667,824.633333,0,0,true,true,26,11.428571,14750,2198,65.686275,
OBJ_B1_ALTO,N025-I01,25,1,0,42,GENETICO,220.2594,9060,110357.02,605.353333,219.503333,0,0,true,true,48,26.666667,10476,1476,42.401961,
OBJ_B1_ALTO,N025-I01,25,1,0,42,RECOCIDO_SIMULADO,36.5429,5581,110407.52,610.853333,219.593333,0,0,true,true,48,26.666667,10228,1380,42.401961,1109.356876
OBJ_B1_ALTO,N025-I01,25,1,1,43,RECOCIDO_SIMULADO,38.2811,5701,110580.771667,607.438333,219.946667,0,0,true,true,52,33.333333,10760,1496,42.401961,1288.341852
OBJ_B1_ALTO,N025-I01,25,1,1,43,GENETICO,151.2692,9060,110439.085,604.918333,219.668333,0,0,true,true,48,26.666667,10592,1496,42.401961,
OBJ_B1_ALTO,N025-I01,25,1,2,44,GENETICO,146.6266,9060,110431.676667,605.843333,219.651667,0,0,true,true,44,20,10276,1434,42.401961,
OBJ_B1_ALTO,N025-I01,25,1,2,44,RECOCIDO_SIMULADO,38.3364,5741,110343.74,607.073333,219.473333,0,0,true,true,48,26.666667,10596,1478,42.401961,1382.844866
OBJ_B1_ALTO,N025-I01,25,1,3,45,RECOCIDO_SIMULADO,38.042,5861,110623.401667,612.568333,220.021667,0,0,true,true,52,33.333333,11352,1546,42.401961,1538.235383
OBJ_B1_ALTO,N025-I01,25,1,3,45,GENETICO,146.3996,9060,110431.12,604.453333,219.653333,0,0,true,true,48,26.666667,10692,1508,42.401961,
OBJ_B1_ALTO,N025-I01,25,1,4,46,GENETICO,271.9933,9060,110303.715,604.548333,219.398333,0,0,true,true,48,26.666667,10600,1488,42.401961,
OBJ_B1_ALTO,N025-I01,25,1,4,46,RECOCIDO_SIMULADO,38.244,5741,110459.89,610.723333,219.698333,0,0,true,true,48,26.666667,11332,1542,42.401961,1326.579447
OBJ_B1_ALTO,N025-I01,25,1,5,47,RECOCIDO_SIMULADO,38.386,5861,110619.716667,608.883333,220.021667,0,0,true,true,52,33.333333,10236,1382,42.401961,1579.685586
OBJ_B1_ALTO,N025-I01,25,1,5,47,GENETICO,378.2791,9060,110356.67,605.003333,219.503333,0,0,true,true,48,26.666667,10636,1496,42.401961,
OBJ_B1_ALTO,N025-I01,25,1,6,48,GENETICO,143.5891,9060,110671.306667,605.473333,220.131667,0,0,true,true,44,20,10100,1428,42.401961,
OBJ_B1_ALTO,N025-I01,25,1,6,48,RECOCIDO_SIMULADO,40.7502,5741,110658.245,609.078333,220.098333,0,0,true,true,48,26.666667,10544,1422,42.401961,1347.229087
OBJ_B1_ALTO,N025-I01,25,1,7,49,RECOCIDO_SIMULADO,37.5232,5661,110308.935,609.768333,219.398333,0,0,true,true,48,26.666667,10114,1440,42.401961,1210.638627
OBJ_B1_ALTO,N025-I01,25,1,7,49,GENETICO,242.6668,9060,110528.771667,605.438333,219.846667,0,0,true,true,44,20,10080,1416,42.401961,
OBJ_B1_ALTO,N025-I01,25,1,8,50,GENETICO,227.2054,9060,110356.67,605.003333,219.503333,0,0,true,true,48,26.666667,10796,1516,42.401961,
OBJ_B1_ALTO,N025-I01,25,1,8,50,RECOCIDO_SIMULADO,38.1472,5741,110539.516667,611.183333,219.856667,0,0,true,true,52,33.333333,11216,1550,42.401961,1340.813729
OBJ_B1_ALTO,N025-I01,25,1,9,51,RECOCIDO_SIMULADO,36.7614,5661,110349.325,612.658333,219.473333,0,0,true,true,48,26.666667,10704,1458,42.401961,1224.135579
OBJ_B1_ALTO,N025-I01,25,1,9,51,GENETICO,178.8337,9060,110529.371667,606.038333,219.846667,0,0,true,true,44,20,10224,1434,42.401961,
OBJ_B1_ALTO,N025-I01,25,1,10,52,GENETICO,140.0811,9060,110633.846667,605.513333,220.056667,0,0,true,true,44,20,10364,1434,42.401961,
OBJ_B1_ALTO,N025-I01,25,1,10,52,RECOCIDO_SIMULADO,38.224,5741,110516.101667,610.268333,219.811667,0,0,true,true,52,33.333333,9880,1332,42.401961,1377.725599
OBJ_B1_ALTO,N025-I01,25,1,11,53,RECOCIDO_SIMULADO,37.2233,5701,110308.62,609.453333,219.398333,0,0,true,true,48,26.666667,10840,1492,42.401961,1265.740365
OBJ_B1_ALTO,N025-I01,25,1,11,53,GENETICO,129.6098,9060,110716.146667,605.313333,220.221667,0,0,true,true,44,20,9948,1412,42.401961,
OBJ_B1_ALTO,N025-I01,25,1,12,54,GENETICO,241.4721,9060,110438.635,604.468333,219.668333,0,0,true,true,48,26.666667,10688,1508,42.401961,
OBJ_B1_ALTO,N025-I01,25,1,12,54,RECOCIDO_SIMULADO,38.2406,5701,110349.37,612.703333,219.473333,0,0,true,true,48,26.666667,11108,1500,42.401961,1307.767684
OBJ_B1_ALTO,N025-I01,25,1,13,55,RECOCIDO_SIMULADO,36.6216,5581,110356.525,619.858333,219.473333,0,0,true,true,48,26.666667,10168,1344,42.401961,1110.22938
OBJ_B1_ALTO,N025-I01,25,1,13,55,GENETICO,260.7345,9060,110356.67,605.003333,219.503333,0,0,true,true,48,26.666667,10796,1516,42.401961,
OBJ_B1_ALTO,N025-I01,25,1,14,56,GENETICO,309.0161,9060,110872.8,606.133333,220.533333,0,0,true,true,48,26.666667,10460,1470,42.401961,
OBJ_B1_ALTO,N025-I01,25,1,14,56,RECOCIDO_SIMULADO,36.7651,5701,110654.336667,621.003333,220.066667,0,0,true,true,52,33.333333,10046,1376,42.401961,1253.595335
OBJ_B1_ALTO,N025-I01,25,1,15,57,RECOCIDO_SIMULADO,36.8323,5581,110635.771667,609.938333,220.051667,0,0,true,true,52,33.333333,10258,1472,42.401961,1126.719502
OBJ_B1_ALTO,N025-I01,25,1,15,57,GENETICO,213.081,9060,110356.52,604.853333,219.503333,0,0,true,true,48,26.666667,10732,1508,42.401961,
OBJ_B1_ALTO,N025-I01,25,1,16,58,GENETICO,101.9234,9060,110888.18,606.513333,220.563333,0,0,true,true,48,26.666667,10676,1498,42.401961,
OBJ_B1_ALTO,N025-I01,25,1,16,58,RECOCIDO_SIMULADO,38.42,5781,110399.62,610.453333,219.578333,0,0,true,true,48,26.666667,10692,1458,42.401961,1427.116903
OBJ_B1_ALTO,N025-I01,25,1,17,59,RECOCIDO_SIMULADO,37.1373,5661,110400.165,610.998333,219.578333,0,0,true,true,48,26.666667,10642,1482,42.401961,1231.472753
OBJ_B1_ALTO,N025-I01,25,1,17,59,GENETICO,122.6028,9060,110775.305,606.138333,220.338333,0,0,true,true,48,26.666667,10432,1460,42.401961,
OBJ_B1_ALTO,N025-I01,25,1,18,60,GENETICO,221.2844,9060,110528.771667,605.438333,219.846667,0,0,true,true,44,20,10208,1432,42.401961,
OBJ_B1_ALTO,N025-I01,25,1,18,60,RECOCIDO_SIMULADO,36.97,5701,110260.7,606.533333,219.308333,0,0,true,true,48,26.666667,10468,1446,42.401961,1312.948244
OBJ_B1_ALTO,N025-I01,25,1,19,61,RECOCIDO_SIMULADO,37.788,5661,110541.775,610.108333,219.863333,0,0,true,true,48,26.666667,10416,1430,42.401961,1239.603245
OBJ_B1_ALTO,N025-I01,25,1,19,61,GENETICO,334.1945,9060,110303.715,604.548333,219.398333,0,0,true,true,48,26.666667,10600,1488,42.401961,
OBJ_B1_ALTO,N025-I01,25,1,20,62,GENETICO,205.9972,9060,110529.121667,605.788333,219.846667,0,0,true,true,44,20,10048,1412,42.401961,
OBJ_B1_ALTO,N025-I01,25,1,20,62,RECOCIDO_SIMULADO,37.2541,5701,110443.13,608.963333,219.668333,0,0,true,true,48,26.666667,10960,1514,42.401961,1271.763456
OBJ_B1_ALTO,N025-I01,25,1,21,63,RECOCIDO_SIMULADO,37.727,5701,110534.215,610.048333,219.848333,0,0,true,true,48,26.666667,10080,1368,42.401961,1248.681856
OBJ_B1_ALTO,N025-I01,25,1,21,63,GENETICO,232.9764,9060,110431.676667,605.843333,219.651667,0,0,true,true,44,20,10100,1412,42.401961,
OBJ_B1_ALTO,N025-I01,25,1,22,64,GENETICO,126.9119,9060,110304.165,604.998333,219.398333,0,0,true,true,48,26.666667,10504,1476,42.401961,
OBJ_B1_ALTO,N025-I01,25,1,22,64,RECOCIDO_SIMULADO,39.2787,5821,110263.455,609.288333,219.308333,0,0,true,true,48,26.666667,11072,1530,42.401961,1465.885221
OBJ_B1_ALTO,N025-I01,25,1,23,65,RECOCIDO_SIMULADO,38.7518,5821,110617.335,618.168333,219.998333,0,0,true,true,48,26.666667,9866,1364,42.401961,1497.470551
OBJ_B1_ALTO,N025-I01,25,1,23,65,GENETICO,196.0357,9060,110431.676667,605.843333,219.651667,0,0,true,true,44,20,10276,1434,42.401961,
OBJ_B1_ALTO,N025-I01,25,1,24,66,GENETICO,157.392,9060,110589.191667,605.858333,219.966667,0,0,true,true,44,20,10240,1440,42.401961,
OBJ_B1_ALTO,N025-I01,25,1,24,66,RECOCIDO_SIMULADO,38.1639,5741,110306.89,607.723333,219.398333,0,0,true,true,48,26.666667,10556,1460,42.401961,1314.958883
OBJ_B1_ALTO,N025-I01,25,1,25,67,RECOCIDO_SIMULADO,37.1106,5701,110308.725,609.558333,219.398333,0,0,true,true,48,26.666667,10712,1474,42.401961,1285.109754
OBJ_B1_ALTO,N025-I01,25,1,25,67,GENETICO,220.6253,9060,110304.165,604.998333,219.398333,0,0,true,true,48,26.666667,10504,1476,42.401961,
OBJ_B1_ALTO,N025-I01,25,1,26,68,GENETICO,171.4237,9060,110484.281667,605.948333,219.756667,0,0,true,true,44,20,10072,1412,42.401961,
OBJ_B1_ALTO,N025-I01,25,1,26,68,RECOCIDO_SIMULADO,37.289,5741,110568.075,621.408333,219.893333,0,0,true,true,48,26.666667,10688,1416,42.401961,1379.224995
OBJ_B1_ALTO,N025-I01,25,1,27,69,RECOCIDO_SIMULADO,37.904,5701,110579.82,610.653333,219.938333,0,0,true,true,48,26.666667,10812,1438,42.401961,1310.219139
OBJ_B1_ALTO,N025-I01,25,1,27,69,GENETICO,403.0089,9060,110484.281667,605.948333,219.756667,0,0,true,true,44,20,10072,1412,42.401961,
OBJ_B1_ALTO,N025-I01,25,1,28,70,GENETICO,106.7218,9060,110529.021667,605.688333,219.846667,0,0,true,true,44,20,10544,1474,42.401961,
OBJ_B1_ALTO,N025-I01,25,1,28,70,RECOCIDO_SIMULADO,39.5679,5821,110339.945,610.778333,219.458333,0,0,true,true,48,26.666667,10976,1484,42.401961,1478.264514
OBJ_B1_ALTO,N025-I01,25,1,29,71,RECOCIDO_SIMULADO,37.2235,5701,110419.805,623.138333,219.593333,0,0,true,true,48,26.666667,10480,1366,42.401961,1267.13814
OBJ_B1_ALTO,N025-I01,25,1,29,71,GENETICO,184.4605,9060,110460.63,603.963333,219.713333,0,0,true,true,48,26.666667,10884,1534,42.401961,
OBJ_B1_ALTO,N025-I02,25,2,0,42,GENETICO,122.9571,9060,57478.363333,431.696667,114.093333,0,0,true,true,56,15.384615,11648,1702,31.617647,
OBJ_B1_ALTO,N025-I02,25,2,0,42,RECOCIDO_SIMULADO,36.1046,5541,57406.033333,441.866667,113.928333,0,0,true,true,56,15.384615,11072,1526,31.617647,1025.726243
OBJ_B1_ALTO,N025-I02,25,2,1,43,RECOCIDO_SIMULADO,37.5232,5581,57405.145,440.978333,113.928333,0,0,true,true,56,15.384615,10340,1464,31.617647,1070.590279
OBJ_B1_ALTO,N025-I02,25,2,1,43,GENETICO,171.8313,9060,57478.363333,431.696667,114.093333,0,0,true,true,56,15.384615,11648,1702,31.617647,
OBJ_B1_ALTO,N025-I02,25,2,2,44,GENETICO,120.0268,9060,57478.363333,431.696667,114.093333,0,0,true,true,56,15.384615,11648,1702,31.617647,
OBJ_B1_ALTO,N025-I02,25,2,2,44,RECOCIDO_SIMULADO,36.0775,5421,57400.031667,435.865,113.928333,0,0,true,true,56,15.384615,11286,1642,31.617647,872.414134
OBJ_B1_ALTO,N025-I02,25,2,3,45,RECOCIDO_SIMULADO,36.3616,5301,57407.055,442.888333,113.928333,0,0,true,true,56,15.384615,10336,1460,31.617647,774.846864
OBJ_B1_ALTO,N025-I02,25,2,3,45,GENETICO,133.7472,9060,57478.363333,431.696667,114.093333,0,0,true,true,56,15.384615,11648,1702,31.617647,
OBJ_B1_ALTO,N025-I02,25,2,4,46,GENETICO,124.0643,9060,57478.363333,431.696667,114.093333,0,0,true,true,56,15.384615,11648,1702,31.617647,
OBJ_B1_ALTO,N025-I02,25,2,4,46,RECOCIDO_SIMULADO,45.9158,5501,57478.363333,431.696667,114.093333,0,0,true,true,56,15.384615,11648,1702,31.617647,975.1694
OBJ_B1_ALTO,N025-I02,25,2,5,47,RECOCIDO_SIMULADO,37.3238,5581,57404.606667,440.44,113.928333,0,0,true,true,56,15.384615,11850,1670,31.617647,1106.621345
OBJ_B1_ALTO,N025-I02,25,2,5,47,GENETICO,127.5203,9060,57478.363333,431.696667,114.093333,0,0,true,true,56,15.384615,11648,1702,31.617647,
OBJ_B1_ALTO,N025-I02,25,2,6,48,GENETICO,119.1677,9060,57478.363333,431.696667,114.093333,0,0,true,true,56,15.384615,11648,1702,31.617647,
OBJ_B1_ALTO,N025-I02,25,2,6,48,RECOCIDO_SIMULADO,35.7687,5261,57410.456667,446.29,113.928333,0,0,true,true,56,15.384615,11426,1640,31.617647,745.278262
OBJ_B1_ALTO,N025-I02,25,2,7,49,RECOCIDO_SIMULADO,36.1873,5301,57402.688333,438.521667,113.928333,0,0,true,true,56,15.384615,11372,1580,31.617647,755.493327
OBJ_B1_ALTO,N025-I02,25,2,7,49,GENETICO,125.913,9060,57478.363333,431.696667,114.093333,0,0,true,true,56,15.384615,11648,1702,31.617647,
OBJ_B1_ALTO,N025-I02,25,2,8,50,GENETICO,124.9274,9060,57478.363333,431.696667,114.093333,0,0,true,true,56,15.384615,11648,1702,31.617647,
OBJ_B1_ALTO,N025-I02,25,2,8,50,RECOCIDO_SIMULADO,36.179,5581,57478.363333,431.696667,114.093333,0,0,true,true,56,15.384615,11648,1702,31.617647,1106.670938
OBJ_B1_ALTO,N025-I02,25,2,9,51,RECOCIDO_SIMULADO,36.9203,5541,57478.363333,431.696667,114.093333,0,0,true,true,56,15.384615,11648,1702,31.617647,1029.133585
OBJ_B1_ALTO,N025-I02,25,2,9,51,GENETICO,128.7676,9060,57478.363333,431.696667,114.093333,0,0,true,true,56,15.384615,11648,1702,31.617647,
OBJ_B1_ALTO,N025-I02,25,2,10,52,GENETICO,124.5929,9060,57478.363333,431.696667,114.093333,0,0,true,true,56,15.384615,11648,1702,31.617647,
OBJ_B1_ALTO,N025-I02,25,2,10,52,RECOCIDO_SIMULADO,37.9978,5661,57478.363333,431.696667,114.093333,0,0,true,true,56,15.384615,11648,1702,31.617647,1194.998023
OBJ_B1_ALTO,N025-I02,25,2,11,53,RECOCIDO_SIMULADO,36.1607,5501,57478.363333,431.696667,114.093333,0,0,true,true,56,15.384615,11648,1702,31.617647,1002.478827
OBJ_B1_ALTO,N025-I02,25,2,11,53,GENETICO,121.2521,9060,57478.363333,431.696667,114.093333,0,0,true,true,56,15.384615,11648,1702,31.617647,
OBJ_B1_ALTO,N025-I02,25,2,12,54,GENETICO,133.2558,9060,57478.363333,431.696667,114.093333,0,0,true,true,56,15.384615,11648,1702,31.617647,
OBJ_B1_ALTO,N025-I02,25,2,12,54,RECOCIDO_SIMULADO,37.4147,5621,57404.026667,439.86,113.928333,0,0,true,true,56,15.384615,11458,1618,31.617647,1165.414863
OBJ_B1_ALTO,N025-I02,25,2,13,55,RECOCIDO_SIMULADO,37.7081,5581,57478.363333,431.696667,114.093333,0,0,true,true,56,15.384615,11648,1702,31.617647,1109.971394
OBJ_B1_ALTO,N025-I02,25,2,13,55,GENETICO,167.2285,9060,57478.363333,431.696667,114.093333,0,0,true,true,56,15.384615,11648,1702,31.617647,
OBJ_B1_ALTO,N025-I02,25,2,14,56,GENETICO,205.155,9060,57478.363333,431.696667,114.093333,0,0,true,true,56,15.384615,11648,1702,31.617647,
OBJ_B1_ALTO,N025-I02,25,2,14,56,RECOCIDO_SIMULADO,36.3482,5461,57403.666667,439.5,113.928333,0,0,true,true,56,15.384615,10410,1472,31.617647,960.109294
OBJ_B1_ALTO,N025-I02,25,2,15,57,RECOCIDO_SIMULADO,37.6318,5621,57478.363333,431.696667,114.093333,0,0,true,true,56,15.384615,11648,1702,31.617647,1129.336643
OBJ_B1_ALTO,N025-I02,25,2,15,57,GENETICO,210.1144,9060,57396.198333,432.031667,113.928333,0,0,true,true,56,15.384615,11676,1700,31.617647,
OBJ_B1_ALTO,N025-I02,25,2,16,58,GENETICO,173.9037,9060,57478.363333,431.696667,114.093333,0,0,true,true,56,15.384615,11648,1702,31.617647,
OBJ_B1_ALTO,N025-I02,25,2,16,58,RECOCIDO_SIMULADO,35.4904,5341,57478.363333,431.696667,114.093333,0,0,true,true,56,15.384615,11648,1702,31.617647,806.127241
OBJ_B1_ALTO,N025-I02,25,2,17,59,RECOCIDO_SIMULADO,36.1745,5421,57478.363333,431.696667,114.093333,0,0,true,true,56,15.384615,11648,1702,31.617647,874.356709
OBJ_B1_ALTO,N025-I02,25,2,17,59,GENETICO,343.2452,9060,57463.333333,431.666667,114.063333,0,0,true,true,56,15.384615,11656,1702,31.617647,
OBJ_B1_ALTO,N025-I02,25,2,18,60,GENETICO,163.3969,9060,57478.363333,431.696667,114.093333,0,0,true,true,56,15.384615,11648,1702,31.617647,
OBJ_B1_ALTO,N025-I02,25,2,18,60,RECOCIDO_SIMULADO,36.9102,5661,57478.363333,431.696667,114.093333,0,0,true,true,56,15.384615,11648,1702,31.617647,1233.528474
OBJ_B1_ALTO,N025-I02,25,2,19,61,RECOCIDO_SIMULADO,37.3142,5541,57424.335,460.168333,113.928333,0,0,true,true,56,15.384615,10348,1388,31.617647,1046.361087
OBJ_B1_ALTO,N025-I02,25,2,19,61,GENETICO,124.5735,9060,57478.363333,431.696667,114.093333,0,0,true,true,56,15.384615,11648,1702,31.617647,
OBJ_B1_ALTO,N025-I02,25,2,20,62,GENETICO,118.0341,9060,57478.363333,431.696667,114.093333,0,0,true,true,56,15.384615,11648,1702,31.617647,
OBJ_B1_ALTO,N025-I02,25,2,20,62,RECOCIDO_SIMULADO,38.1354,5621,57478.363333,431.696667,114.093333,0,0,true,true,56,15.384615,11648,1702,31.617647,1151.967387
OBJ_B1_ALTO,N025-I02,25,2,21,63,RECOCIDO_SIMULADO,36.308,5501,57478.363333,431.696667,114.093333,0,0,true,true,56,15.384615,11648,1702,31.617647,976.420205
OBJ_B1_ALTO,N025-I02,25,2,21,63,GENETICO,121.8454,9060,57478.363333,431.696667,114.093333,0,0,true,true,56,15.384615,11648,1702,31.617647,
OBJ_B1_ALTO,N025-I02,25,2,22,64,GENETICO,141.4228,9060,57478.363333,431.696667,114.093333,0,0,true,true,56,15.384615,11648,1702,31.617647,
OBJ_B1_ALTO,N025-I02,25,2,22,64,RECOCIDO_SIMULADO,35.7522,5461,57478.363333,431.696667,114.093333,0,0,true,true,56,15.384615,11648,1702,31.617647,943.361779
OBJ_B1_ALTO,N025-I02,25,2,23,65,RECOCIDO_SIMULADO,36.1102,5381,57478.363333,431.696667,114.093333,0,0,true,true,56,15.384615,11648,1702,31.617647,861.738146
OBJ_B1_ALTO,N025-I02,25,2,23,65,GENETICO,141.4433,9060,57478.363333,431.696667,114.093333,0,0,true,true,56,15.384615,11648,1702,31.617647,
OBJ_B1_ALTO,N025-I02,25,2,24,66,GENETICO,119.9519,9060,57478.363333,431.696667,114.093333,0,0,true,true,56,15.384615,11648,1702,31.617647,
OBJ_B1_ALTO,N025-I02,25,2,24,66,RECOCIDO_SIMULADO,36.2425,5381,57404.128333,439.961667,113.928333,0,0,true,true,56,15.384615,11324,1622,31.617647,839.95455
OBJ_B1_ALTO,N025-I02,25,2,25,67,RECOCIDO_SIMULADO,36.7499,5581,57478.363333,431.696667,114.093333,0,0,true,true,56,15.384615,11648,1702,31.617647,1119.619183
OBJ_B1_ALTO,N025-I02,25,2,25,67,GENETICO,345.6914,9060,57463.333333,431.666667,114.063333,0,0,true,true,56,15.384615,11656,1702,31.617647,
OBJ_B1_ALTO,N025-I02,25,2,26,68,GENETICO,146.5405,9060,57478.363333,431.696667,114.093333,0,0,true,true,56,15.384615,11648,1702,31.617647,
OBJ_B1_ALTO,N025-I02,25,2,26,68,RECOCIDO_SIMULADO,35.5729,5421,57478.363333,431.696667,114.093333,0,0,true,true,56,15.384615,11648,1702,31.617647,903.425927
OBJ_B1_ALTO,N025-I02,25,2,27,69,RECOCIDO_SIMULADO,37.4614,5541,57478.363333,431.696667,114.093333,0,0,true,true,56,15.384615,11648,1702,31.617647,1036.081808
OBJ_B1_ALTO,N025-I02,25,2,27,69,GENETICO,134.5395,9060,57478.363333,431.696667,114.093333,0,0,true,true,56,15.384615,11648,1702,31.617647,
OBJ_B1_ALTO,N025-I02,25,2,28,70,GENETICO,127.3565,9060,57478.363333,431.696667,114.093333,0,0,true,true,56,15.384615,11648,1702,31.617647,
OBJ_B1_ALTO,N025-I02,25,2,28,70,RECOCIDO_SIMULADO,35.8456,5461,57404.133333,439.966667,113.928333,0,0,true,true,56,15.384615,11540,1582,31.617647,946.827515
OBJ_B1_ALTO,N025-I02,25,2,29,71,RECOCIDO_SIMULADO,34.2863,5301,57478.363333,431.696667,114.093333,0,0,true,true,56,15.384615,11648,1702,31.617647,765.434432
OBJ_B1_ALTO,N025-I02,25,2,29,71,GENETICO,123.6132,9060,57478.363333,431.696667,114.093333,0,0,true,true,56,15.384615,11648,1702,31.617647,
OBJ_B1_ALTO,N025-I03,25,3,0,42,GENETICO,118.2586,9060,58499.381667,416.048333,116.166667,0,0,true,true,68,52.941176,10704,1536,28.676471,
OBJ_B1_ALTO,N025-I03,25,3,0,42,RECOCIDO_SIMULADO,37.0621,5621,58499.381667,416.048333,116.166667,0,0,true,true,68,52.941176,10704,1536,28.676471,1151.139956
OBJ_B1_ALTO,N025-I03,25,3,1,43,RECOCIDO_SIMULADO,35.4552,5341,58499.381667,416.048333,116.166667,0,0,true,true,68,52.941176,10704,1536,28.676471,788.392121
OBJ_B1_ALTO,N025-I03,25,3,1,43,GENETICO,216.348,9060,58498.451667,415.118333,116.166667,0,0,true,true,68,52.941176,11432,1636,28.676471,
OBJ_B1_ALTO,N025-I03,25,3,2,44,GENETICO,314.3777,9060,58499.381667,416.048333,116.166667,0,0,true,true,68,52.941176,10704,1536,28.676471,
OBJ_B1_ALTO,N025-I03,25,3,2,44,RECOCIDO_SIMULADO,36.571,5461,58499.381667,416.048333,116.166667,0,0,true,true,68,52.941176,10704,1536,28.676471,923.58392
OBJ_B1_ALTO,N025-I03,25,3,3,45,RECOCIDO_SIMULADO,35.4658,5421,58499.381667,416.048333,116.166667,0,0,true,true,68,52.941176,10704,1536,28.676471,917.501564
OBJ_B1_ALTO,N025-I03,25,3,3,45,GENETICO,479.8853,9060,58498.151667,414.818333,116.166667,0,0,true,true,68,52.941176,11416,1634,28.676471,
OBJ_B1_ALTO,N025-I03,25,3,4,46,GENETICO,135.0928,9060,58499.381667,416.048333,116.166667,0,0,true,true,68,52.941176,10704,1536,28.676471,
OBJ_B1_ALTO,N025-I03,25,3,4,46,RECOCIDO_SIMULADO,34.4527,5261,58499.381667,416.048333,116.166667,0,0,true,true,68,52.941176,10704,1536,28.676471,746.802008
OBJ_B1_ALTO,N025-I03,25,3,5,47,RECOCIDO_SIMULADO,38.0486,5661,58499.381667,416.048333,116.166667,0,0,true,true,68,52.941176,10704,1536,28.676471,1192.760066
OBJ_B1_ALTO,N025-I03,25,3,5,47,GENETICO,419.7323,9060,58498.651667,415.318333,116.166667,0,0,true,true,68,52.941176,11000,1582,28.676471,
OBJ_B1_ALTO,N025-I03,25,3,6,48,GENETICO,127.3022,9060,58499.381667,416.048333,116.166667,0,0,true,true,68,52.941176,10704,1536,28.676471,
OBJ_B1_ALTO,N025-I03,25,3,6,48,RECOCIDO_SIMULADO,36.3057,5541,58499.381667,416.048333,116.166667,0,0,true,true,68,52.941176,10704,1536,28.676471,1052.812919
OBJ_B1_ALTO,N025-I03,25,3,7,49,RECOCIDO_SIMULADO,36.1723,5421,58499.381667,416.048333,116.166667,0,0,true,true,68,52.941176,10704,1536,28.676471,907.107321
OBJ_B1_ALTO,N025-I03,25,3,7,49,GENETICO,299.9137,9060,58498.451667,415.118333,116.166667,0,0,true,true,68,52.941176,11432,1636,28.676471,
OBJ_B1_ALTO,N025-I03,25,3,8,50,GENETICO,223.1043,9060,58498.826667,415.493333,116.166667,0,0,true,true,68,52.941176,10852,1536,28.676471,
OBJ_B1_ALTO,N025-I03,25,3,8,50,RECOCIDO_SIMULADO,35.6634,5261,58499.381667,416.048333,116.166667,0,0,true,true,68,52.941176,10704,1536,28.676471,743.687907
OBJ_B1_ALTO,N025-I03,25,3,9,51,RECOCIDO_SIMULADO,35.889,5501,58499.381667,416.048333,116.166667,0,0,true,true,68,52.941176,10704,1536,28.676471,1016.585505
OBJ_B1_ALTO,N025-I03,25,3,9,51,GENETICO,212.3347,9060,58498.886667,415.553333,116.166667,0,0,true,true,68,52.941176,10836,1536,28.676471,
OBJ_B1_ALTO,N025-I03,25,3,10,52,GENETICO,270.915,9060,58499.066667,415.733333,116.166667,0,0,true,true,68,52.941176,10788,1536,28.676471,
OBJ_B1_ALTO,N025-I03,25,3,10,52,RECOCIDO_SIMULADO,36.397,5421,58499.381667,416.048333,116.166667,0,0,true,true,68,52.941176,10704,1536,28.676471,889.301301
OBJ_B1_ALTO,N025-I03,25,3,11,53,RECOCIDO_SIMULADO,37.0599,5661,58499.381667,416.048333,116.166667,0,0,true,true,68,52.941176,10704,1536,28.676471,1194.153446
OBJ_B1_ALTO,N025-I03,25,3,11,53,GENETICO,244.2121,9060,58498.351667,415.018333,116.166667,0,0,true,true,68,52.941176,10632,1536,28.676471,
OBJ_B1_ALTO,N025-I03,25,3,12,54,GENETICO,139.1367,9060,58498.826667,415.493333,116.166667,0,0,true,true,68,52.941176,10852,1536,28.676471,
OBJ_B1_ALTO,N025-I03,25,3,12,54,RECOCIDO_SIMULADO,36.6811,5541,58499.381667,416.048333,116.166667,0,0,true,true,68,52.941176,10704,1536,28.676471,1043.857005
OBJ_B1_ALTO,N025-I03,25,3,13,55,RECOCIDO_SIMULADO,37.5119,5741,58499.381667,416.048333,116.166667,0,0,true,true,68,52.941176,10704,1536,28.676471,1333.239873
OBJ_B1_ALTO,N025-I03,25,3,13,55,GENETICO,427.1355,9060,58498.451667,415.118333,116.166667,0,0,true,true,68,52.941176,11432,1636,28.676471,
OBJ_B1_ALTO,N025-I03,25,3,14,56,GENETICO,124.5875,9060,58499.381667,416.048333,116.166667,0,0,true,true,68,52.941176,10704,1536,28.676471,
OBJ_B1_ALTO,N025-I03,25,3,14,56,RECOCIDO_SIMULADO,36.2203,5461,58499.381667,416.048333,116.166667,0,0,true,true,68,52.941176,10704,1536,28.676471,943.990885
OBJ_B1_ALTO,N025-I03,25,3,15,57,RECOCIDO_SIMULADO,37.7186,5501,58499.381667,416.048333,116.166667,0,0,true,true,68,52.941176,10704,1536,28.676471,1007.041065
OBJ_B1_ALTO,N025-I03,25,3,15,57,GENETICO,327.9759,9060,58498.826667,415.493333,116.166667,0,0,true,true,68,52.941176,10852,1536,28.676471,
OBJ_B1_ALTO,N025-I03,25,3,16,58,GENETICO,304.2837,9060,58498.826667,415.493333,116.166667,0,0,true,true,68,52.941176,10852,1536,28.676471,
OBJ_B1_ALTO,N025-I03,25,3,16,58,RECOCIDO_SIMULADO,35.6243,5341,58499.381667,416.048333,116.166667,0,0,true,true,68,52.941176,10704,1536,28.676471,823.646775
OBJ_B1_ALTO,N025-I03,25,3,17,59,RECOCIDO_SIMULADO,36.3528,5541,58499.381667,416.048333,116.166667,0,0,true,true,68,52.941176,10704,1536,28.676471,1030.657773
OBJ_B1_ALTO,N025-I03,25,3,17,59,GENETICO,235.5976,9060,58498.901667,415.568333,116.166667,0,0,true,true,68,52.941176,10832,1536,28.676471,
OBJ_B1_ALTO,N025-I03,25,3,18,60,GENETICO,248.7557,9060,58498.151667,414.818333,116.166667,0,0,true,true,68,52.941176,11416,1634,28.676471,
OBJ_B1_ALTO,N025-I03,25,3,18,60,RECOCIDO_SIMULADO,37.1929,5621,58499.381667,416.048333,116.166667,0,0,true,true,68,52.941176,10704,1536,28.676471,1137.477801
OBJ_B1_ALTO,N025-I03,25,3,19,61,RECOCIDO_SIMULADO,36.2903,5421,58499.381667,416.048333,116.166667,0,0,true,true,68,52.941176,10704,1536,28.676471,917.765058
OBJ_B1_ALTO,N025-I03,25,3,19,61,GENETICO,407.4808,9060,58499.066667,415.733333,116.166667,0,0,true,true,68,52.941176,10788,1536,28.676471,
OBJ_B1_ALTO,N025-I03,25,3,20,62,GENETICO,271.4557,9060,58498.451667,415.118333,116.166667,0,0,true,true,68,52.941176,11432,1636,28.676471,
OBJ_B1_ALTO,N025-I03,25,3,20,62,RECOCIDO_SIMULADO,36.0937,5541,58499.381667,416.048333,116.166667,0,0,true,true,68,52.941176,10704,1536,28.676471,1057.007007
OBJ_B1_ALTO,N025-I03,25,3,21,63,RECOCIDO_SIMULADO,36.2089,5421,58499.381667,416.048333,116.166667,0,0,true,true,68,52.941176,10704,1536,28.676471,909.648224
OBJ_B1_ALTO,N025-I03,25,3,21,63,GENETICO,200.9704,9060,58498.886667,415.553333,116.166667,0,0,true,true,68,52.941176,10836,1536,28.676471,
OBJ_B1_ALTO,N025-I03,25,3,22,64,GENETICO,413.0749,9060,58499.051667,415.718333,116.166667,0,0,true,true,68,52.941176,10792,1536,28.676471,
OBJ_B1_ALTO,N025-I03,25,3,22,64,RECOCIDO_SIMULADO,37.4069,5621,58499.381667,416.048333,116.166667,0,0,true,true,68,52.941176,10704,1536,28.676471,1128.688549
OBJ_B1_ALTO,N025-I03,25,3,23,65,RECOCIDO_SIMULADO,35.9534,5541,58499.381667,416.048333,116.166667,0,0,true,true,68,52.941176,10704,1536,28.676471,1034.692849
OBJ_B1_ALTO,N025-I03,25,3,23,65,GENETICO,143.754,9060,58499.381667,416.048333,116.166667,0,0,true,true,68,52.941176,10704,1536,28.676471,
OBJ_B1_ALTO,N025-I03,25,3,24,66,GENETICO,583.2709,9060,58498.351667,415.018333,116.166667,0,0,true,true,68,52.941176,10632,1536,28.676471,
OBJ_B1_ALTO,N025-I03,25,3,24,66,RECOCIDO_SIMULADO,36.1902,5381,58499.381667,416.048333,116.166667,0,0,true,true,68,52.941176,10704,1536,28.676471,852.566398
OBJ_B1_ALTO,N025-I03,25,3,25,67,RECOCIDO_SIMULADO,37.0206,5701,58499.381667,416.048333,116.166667,0,0,true,true,68,52.941176,10704,1536,28.676471,1282.593534
OBJ_B1_ALTO,N025-I03,25,3,25,67,GENETICO,220.3898,9060,58498.351667,415.018333,116.166667,0,0,true,true,68,52.941176,10632,1536,28.676471,
OBJ_B1_ALTO,N025-I03,25,3,26,68,GENETICO,119.5028,9060,58499.381667,416.048333,116.166667,0,0,true,true,68,52.941176,10704,1536,28.676471,
OBJ_B1_ALTO,N025-I03,25,3,26,68,RECOCIDO_SIMULADO,35.0605,5261,58499.381667,416.048333,116.166667,0,0,true,true,68,52.941176,10704,1536,28.676471,729.614404
OBJ_B1_ALTO,N025-I03,25,3,27,69,RECOCIDO_SIMULADO,33.6803,5181,58499.381667,416.048333,116.166667,0,0,true,true,68,52.941176,10704,1536,28.676471,653.676329
OBJ_B1_ALTO,N025-I03,25,3,27,69,GENETICO,359.1337,9060,58498.901667,415.568333,116.166667,0,0,true,true,68,52.941176,10288,1468,28.676471,
OBJ_B1_ALTO,N025-I03,25,3,28,70,GENETICO,123.5061,9060,58499.381667,416.048333,116.166667,0,0,true,true,68,52.941176,10704,1536,28.676471,
OBJ_B1_ALTO,N025-I03,25,3,28,70,RECOCIDO_SIMULADO,35.5265,5501,58499.381667,416.048333,116.166667,0,0,true,true,68,52.941176,10704,1536,28.676471,987.529326
OBJ_B1_ALTO,N025-I03,25,3,29,71,RECOCIDO_SIMULADO,37.2149,5621,58499.381667,416.048333,116.166667,0,0,true,true,68,52.941176,10704,1536,28.676471,1151.922339
OBJ_B1_ALTO,N025-I03,25,3,29,71,GENETICO,417.0593,9060,58498.451667,415.118333,116.166667,0,0,true,true,68,52.941176,11432,1636,28.676471,
OBJ_B1_ALTO,N025-I04,25,4,0,42,GENETICO,535.563,9060,56603.061667,420.561667,112.365,0,0,true,true,56,35.294118,13420,1934,25.490196,
OBJ_B1_ALTO,N025-I04,25,4,0,42,RECOCIDO_SIMULADO,37.5586,5661,56578.381667,425.881667,112.305,0,0,true,true,56,35.294118,11382,1612,25.490196,1187.540814
OBJ_B1_ALTO,N025-I04,25,4,1,43,RECOCIDO_SIMULADO,36.4234,5461,56670.501667,428.001667,112.485,0,0,true,true,56,35.294118,11848,1748,25.490196,954.103119
OBJ_B1_ALTO,N025-I04,25,4,1,43,GENETICO,394.0628,9060,56795.603333,421.436667,112.748333,0,0,true,true,52,29.411765,13272,1908,25.490196,
OBJ_B1_ALTO,N025-I04,25,4,2,44,GENETICO,288.715,9060,56720.353333,421.186667,112.598333,0,0,true,true,52,29.411765,13120,1884,25.490196,
OBJ_B1_ALTO,N025-I04,25,4,2,44,RECOCIDO_SIMULADO,37.851,5621,56578.32,425.82,112.305,0,0,true,true,56,35.294118,12022,1678,25.490196,1141.751691
OBJ_B1_ALTO,N025-I04,25,4,3,45,RECOCIDO_SIMULADO,40.1659,5821,56579.591667,427.091667,112.305,0,0,true,true,56,35.294118,11252,1560,25.490196,1457.937623
OBJ_B1_ALTO,N025-I04,25,4,3,45,GENETICO,734.5407,9060,56602.911667,420.411667,112.365,0,0,true,true,56,35.294118,13244,1912,25.490196,
OBJ_B1_ALTO,N025-I04,25,4,4,46,GENETICO,241.6854,9060,57138.688333,422.021667,113.433333,0,0,true,true,52,29.411765,12460,1796,25.490196,
OBJ_B1_ALTO,N025-I04,25,4,4,46,RECOCIDO_SIMULADO,36.108,5421,56668.371667,425.871667,112.485,0,0,true,true,56,35.294118,12796,1782,25.490196,916.796516
OBJ_B1_ALTO,N025-I04,25,4,5,47,RECOCIDO_SIMULADO,36.4542,5581,56830.296667,430.296667,112.8,0,0,true,true,56,35.294118,11444,1634,25.490196,1124.19722
OBJ_B1_ALTO,N025-I04,25,4,5,47,GENETICO,341.2595,9060,56720.353333,421.186667,112.598333,0,0,true,true,52,29.411765,13120,1884,25.490196,
OBJ_B1_ALTO,N025-I04,25,4,6,48,GENETICO,130.9303,9060,56720.353333,421.186667,112.598333,0,0,true,true,52,29.411765,13120,1884,25.490196,
OBJ_B1_ALTO,N025-I04,25,4,6,48,RECOCIDO_SIMULADO,37.5014,5501,56669.051667,426.551667,112.485,0,0,true,true,56,35.294118,12080,1674,25.490196,1009.355054
OBJ_B1_ALTO,N025-I04,25,4,7,49,RECOCIDO_SIMULADO,36.4813,5541,56753.061667,428.061667,112.65,0,0,true,true,56,35.294118,12508,1762,25.490196,1036.157889
OBJ_B1_ALTO,N025-I04,25,4,7,49,GENETICO,383.6641,9060,56720.353333,421.186667,112.598333,0,0,true,true,52,29.411765,13120,1884,25.490196,
OBJ_B1_ALTO,N025-I04,25,4,8,50,GENETICO,260.6969,9060,56720.353333,421.186667,112.598333,0,0,true,true,52,29.411765,13120,1884,25.490196,
OBJ_B1_ALTO,N025-I04,25,4,8,50,RECOCIDO_SIMULADO,38.3589,5541,56684.261667,426.761667,112.515,0,0,true,true,56,35.294118,12508,1730,25.490196,1038.910639
OBJ_B1_ALTO,N025-I04,25,4,9,51,RECOCIDO_SIMULADO,35.8123,5421,56580.066667,427.566667,112.305,0,0,true,true,56,35.294118,12428,1720,25.490196,893.030993
OBJ_B1_ALTO,N025-I04,25,4,9,51,GENETICO,264.4747,9060,56720.203333,421.036667,112.598333,0,0,true,true,52,29.411765,12432,1798,25.490196,
OBJ_B1_ALTO,N025-I04,25,4,10,52,GENETICO,328.7186,9060,56720.203333,421.036667,112.598333,0,0,true,true,52,29.411765,12432,1798,25.490196,
OBJ_B1_ALTO,N025-I04,25,4,10,52,RECOCIDO_SIMULADO,36.697,5461,56872.541667,442.541667,112.86,0,0,true,true,56,35.294118,12574,1732,25.490196,964.113226
OBJ_B1_ALTO,N025-I04,25,4,11,53,RECOCIDO_SIMULADO,38.2279,5821,56579.281667,426.781667,112.305,0,0,true,true,56,35.294118,12108,1666,25.490196,1516.59472
OBJ_B1_ALTO,N025-I04,25,4,11,53,GENETICO,364.1732,9060,56720.353333,421.186667,112.598333,0,0,true,true,52,29.411765,13120,1884,25.490196,
OBJ_B1_ALTO,N025-I04,25,4,12,54,GENETICO,570.456,9060,56572.851667,420.351667,112.305,0,0,true,true,56,35.294118,13020,1882,25.490196,
OBJ_B1_ALTO,N025-I04,25,4,12,54,RECOCIDO_SIMULADO,38.731,5781,56582.675,430.175,112.305,0,0,true,true,56,35.294118,11312,1662,25.490196,1405.131259
OBJ_B1_ALTO,N025-I04,25,4,13,55,RECOCIDO_SIMULADO,36.9451,5501,56671.726667,429.226667,112.485,0,0,true,true,56,35.294118,11504,1560,25.490196,1004.098173
OBJ_B1_ALTO,N025-I04,25,4,13,55,GENETICO,271.8813,9060,56603.061667,420.561667,112.365,0,0,true,true,56,35.294118,13420,1934,25.490196,
OBJ_B1_ALTO,N025-I04,25,4,14,56,GENETICO,376.0161,9060,56745.846667,420.846667,112.65,0,0,true,true,56,35.294118,13344,1934,25.490196,
OBJ_B1_ALTO,N025-I04,25,4,14,56,RECOCIDO_SIMULADO,41.5253,5661,56749.796667,424.796667,112.65,0,0,true,true,56,35.294118,12212,1830,25.490196,1206.317718
OBJ_B1_ALTO,N025-I04,25,4,15,57,RECOCIDO_SIMULADO,38.052,5661,56647.156667,427.156667,112.44,0,0,true,true,56,35.294118,11624,1612,25.490196,1239.646829
OBJ_B1_ALTO,N025-I04,25,4,15,57,GENETICO,120.5566,9060,57288.988333,422.321667,113.733333,0,0,true,true,52,29.411765,13084,1874,25.490196,
OBJ_B1_ALTO,N025-I04,25,4,16,58,GENETICO,309.6639,9060,56720.353333,421.186667,112.598333,0,0,true,true,52,29.411765,13120,1884,25.490196,
OBJ_B1_ALTO,N025-I04,25,4,16,58,RECOCIDO_SIMULADO,36.7855,5421,56683.891667,426.391667,112.515,0,0,true,true,56,35.294118,12444,1754,25.490196,895.07872
OBJ_B1_ALTO,N025-I04,25,4,17,59,RECOCIDO_SIMULADO,35.3769,5381,56609.37,426.87,112.365,0,0,true,true,56,35.294118,11422,1588,25.490196,846.6456
OBJ_B1_ALTO,N025-I04,25,4,17,59,GENETICO,241.9463,9060,57288.988333,422.321667,113.733333,0,0,true,true,52,29.411765,13084,1874,25.490196,
OBJ_B1_ALTO,N025-I04,25,4,18,60,GENETICO,450.3841,9060,57171.696667,421.696667,113.5,0,0,true,true,56,35.294118,13384,1924,25.490196,
OBJ_B1_ALTO,N025-I04,25,4,18,60,RECOCIDO_SIMULADO,37.3254,5501,56669.861667,427.361667,112.485,0,0,true,true,56,35.294118,12262,1768,25.490196,1010.70545
OBJ_B1_ALTO,N025-I04,25,4,19,61,RECOCIDO_SIMULADO,35.6873,5381,56683.971667,426.471667,112.515,0,0,true,true,56,35.294118,12820,1786,25.490196,849.92712
OBJ_B1_ALTO,N025-I04,25,4,19,61,GENETICO,293.42,9060,56720.353333,421.186667,112.598333,0,0,true,true,52,29.411765,13120,1884,25.490196,
OBJ_B1_ALTO,N025-I04,25,4,20,62,GENETICO,360.9662,9060,56877.298333,420.631667,112.913333,0,0,true,true,52,29.411765,12540,1798,25.490196,
OBJ_B1_ALTO,N025-I04,25,4,20,62,RECOCIDO_SIMULADO,36.3768,5581,56669.806667,427.306667,112.485,0,0,true,true,56,35.294118,12312,1792,25.490196,1086.728985
OBJ_B1_ALTO,N025-I04,25,4,21,63,RECOCIDO_SIMULADO,37.4599,5541,56749.686667,424.686667,112.65,0,0,true,true,56,35.294118,12008,1674,25.490196,1064.787046
OBJ_B1_ALTO,N025-I04,25,4,21,63,GENETICO,307.9481,9060,56720.353333,421.186667,112.598333,0,0,true,true,52,29.411765,13120,1884,25.490196,
OBJ_B1_ALTO,N025-I04,25,4,22,64,GENETICO,132.2454,9060,56720.353333,421.186667,112.598333,0,0,true,true,52,29.411765,13120,1884,25.490196,
OBJ_B1_ALTO,N025-I04,25,4,22,64,RECOCIDO_SIMULADO,37.0314,5461,56723.613333,428.613333,112.59,0,0,true,true,56,35.294118,11534,1682,25.490196,940.710488
OBJ_B1_ALTO,N025-I04,25,4,23,65,RECOCIDO_SIMULADO,37.4834,5661,56685.916667,428.416667,112.515,0,0,true,true,56,35.294118,11600,1558,25.490196,1207.728381
OBJ_B1_ALTO,N025-I04,25,4,23,65,GENETICO,436.2716,9060,56720.353333,421.186667,112.598333,0,0,true,true,52,29.411765,13120,1884,25.490196,
OBJ_B1_ALTO,N025-I04,25,4,24,66,GENETICO,152.2344,9060,56720.353333,421.186667,112.598333,0,0,true,true,52,29.411765,12608,1820,25.490196,
OBJ_B1_ALTO,N025-I04,25,4,24,66,RECOCIDO_SIMULADO,37.7914,5501,56577.231667,424.731667,112.305,0,0,true,true,56,35.294118,12176,1722,25.490196,995.741262
OBJ_B1_ALTO,N025-I04,25,4,25,67,RECOCIDO_SIMULADO,37.3434,5661,56580.353333,427.853333,112.305,0,0,true,true,56,35.294118,10892,1528,25.490196,1224.2668
OBJ_B1_ALTO,N025-I04,25,4,25,67,GENETICO,408.6544,9060,56720.353333,421.186667,112.598333,0,0,true,true,52,29.411765,13120,1884,25.490196,
OBJ_B1_ALTO,N025-I04,25,4,26,68,GENETICO,358.9515,9060,56663.181667,420.681667,112.485,0,0,true,true,56,35.294118,13388,1934,25.490196,
OBJ_B1_ALTO,N025-I04,25,4,26,68,RECOCIDO_SIMULADO,37.0703,5661,56829.016667,429.016667,112.8,0,0,true,true,56,35.294118,12896,1832,25.490196,1194.975648
OBJ_B1_ALTO,N025-I04,25,4,27,69,RECOCIDO_SIMULADO,35.9446,5301,56719.491667,424.491667,112.59,0,0,true,true,56,35.294118,12468,1774,25.490196,754.412672
OBJ_B1_ALTO,N025-I04,25,4,27,69,GENETICO,522.8745,9060,56603.061667,420.561667,112.365,0,0,true,true,56,35.294118,13420,1934,25.490196,
OBJ_B1_ALTO,N025-I04,25,4,28,70,GENETICO,156.8899,9060,57288.988333,422.321667,113.733333,0,0,true,true,52,29.411765,13084,1874,25.490196,
OBJ_B1_ALTO,N025-I04,25,4,28,70,RECOCIDO_SIMULADO,36.6203,5581,56741.706667,424.206667,112.635,0,0,true,true,56,35.294118,11980,1680,25.490196,1098.828428
OBJ_B1_ALTO,N025-I04,25,4,29,71,RECOCIDO_SIMULADO,36.6449,5461,56608.851667,426.351667,112.365,0,0,true,true,56,35.294118,12580,1742,25.490196,945.663679
OBJ_B1_ALTO,N025-I04,25,4,29,71,GENETICO,302.3975,9060,56603.061667,420.561667,112.365,0,0,true,true,56,35.294118,13420,1934,25.490196,
OBJ_B1_ALTO,N025-I05,25,5,0,42,GENETICO,126.1825,9060,53881.713333,498.38,106.766667,0,0,true,true,68,27.272727,10740,1536,31.127451,
OBJ_B1_ALTO,N025-I05,25,5,0,42,RECOCIDO_SIMULADO,35.0323,5341,53881.713333,498.38,106.766667,0,0,true,true,68,27.272727,10740,1536,31.127451,788.193386
OBJ_B1_ALTO,N025-I05,25,5,1,43,RECOCIDO_SIMULADO,36.0564,5461,53881.713333,498.38,106.766667,0,0,true,true,68,27.272727,10740,1536,31.127451,926.994715
OBJ_B1_ALTO,N025-I05,25,5,1,43,GENETICO,149.8561,9060,53881.713333,498.38,106.766667,0,0,true,true,68,27.272727,10740,1536,31.127451,
OBJ_B1_ALTO,N025-I05,25,5,2,44,GENETICO,133.6072,9060,53881.713333,498.38,106.766667,0,0,true,true,68,27.272727,10740,1536,31.127451,
OBJ_B1_ALTO,N025-I05,25,5,2,44,RECOCIDO_SIMULADO,35.4061,5421,53881.713333,498.38,106.766667,0,0,true,true,68,27.272727,10740,1536,31.127451,894.081029
OBJ_B1_ALTO,N025-I05,25,5,3,45,RECOCIDO_SIMULADO,35.7281,5341,53881.713333,498.38,106.766667,0,0,true,true,68,27.272727,10740,1536,31.127451,793.403232
OBJ_B1_ALTO,N025-I05,25,5,3,45,GENETICO,124.1523,9060,53881.713333,498.38,106.766667,0,0,true,true,68,27.272727,10740,1536,31.127451,
OBJ_B1_ALTO,N025-I05,25,5,4,46,GENETICO,238.5198,9060,53881.668333,498.335,106.766667,0,0,true,true,68,27.272727,10752,1536,31.127451,
OBJ_B1_ALTO,N025-I05,25,5,4,46,RECOCIDO_SIMULADO,35.0932,5421,53881.713333,498.38,106.766667,0,0,true,true,68,27.272727,10740,1536,31.127451,888.952355
OBJ_B1_ALTO,N025-I05,25,5,5,47,RECOCIDO_SIMULADO,36.1039,5461,53881.713333,498.38,106.766667,0,0,true,true,68,27.272727,10740,1536,31.127451,918.091521
OBJ_B1_ALTO,N025-I05,25,5,5,47,GENETICO,115.2783,9060,53881.713333,498.38,106.766667,0,0,true,true,68,27.272727,10740,1536,31.127451,
OBJ_B1_ALTO,N025-I05,25,5,6,48,GENETICO,322.2878,9060,53881.668333,498.335,106.766667,0,0,true,true,68,27.272727,10752,1536,31.127451,
OBJ_B1_ALTO,N025-I05,25,5,6,48,RECOCIDO_SIMULADO,35.9176,5421,53881.713333,498.38,106.766667,0,0,true,true,68,27.272727,10740,1536,31.127451,895.609327
OBJ_B1_ALTO,N025-I05,25,5,7,49,RECOCIDO_SIMULADO,35.1163,5381,53881.713333,498.38,106.766667,0,0,true,true,68,27.272727,10740,1536,31.127451,852.222596
OBJ_B1_ALTO,N025-I05,25,5,7,49,GENETICO,210.1039,9060,53881.323333,497.99,106.766667,0,0,true,true,68,27.272727,10836,1570,31.127451,
OBJ_B1_ALTO,N025-I05,25,5,8,50,GENETICO,314.4354,9060,53881.668333,498.335,106.766667,0,0,true,true,68,27.272727,10752,1536,31.127451,
OBJ_B1_ALTO,N025-I05,25,5,8,50,RECOCIDO_SIMULADO,38.6559,5381,53881.713333,498.38,106.766667,0,0,true,true,68,27.272727,10740,1536,31.127451,857.758213
OBJ_B1_ALTO,N025-I05,25,5,9,51,RECOCIDO_SIMULADO,35.2291,5301,53881.713333,498.38,106.766667,0,0,true,true,68,27.272727,10740,1536,31.127451,776.853905
OBJ_B1_ALTO,N025-I05,25,5,9,51,GENETICO,119.1966,9060,53881.713333,498.38,106.766667,0,0,true,true,68,27.272727,10740,1536,31.127451,
OBJ_B1_ALTO,N025-I05,25,5,10,52,GENETICO,261.8835,9060,53881.668333,498.335,106.766667,0,0,true,true,68,27.272727,10752,1536,31.127451,
OBJ_B1_ALTO,N025-I05,25,5,10,52,RECOCIDO_SIMULADO,35.7569,5501,53881.713333,498.38,106.766667,0,0,true,true,68,27.272727,10740,1536,31.127451,979.589804
OBJ_B1_ALTO,N025-I05,25,5,11,53,RECOCIDO_SIMULADO,35.8412,5421,53881.713333,498.38,106.766667,0,0,true,true,68,27.272727,10740,1536,31.127451,873.008871
OBJ_B1_ALTO,N025-I05,25,5,11,53,GENETICO,117.5938,9060,53881.713333,498.38,106.766667,0,0,true,true,68,27.272727,10740,1536,31.127451,
OBJ_B1_ALTO,N025-I05,25,5,12,54,GENETICO,210.9851,9060,53881.713333,498.38,106.766667,0,0,true,true,68,27.272727,10740,1536,31.127451,
OBJ_B1_ALTO,N025-I05,25,5,12,54,RECOCIDO_SIMULADO,35.7289,5501,53881.713333,498.38,106.766667,0,0,true,true,68,27.272727,10740,1536,31.127451,987.407242
OBJ_B1_ALTO,N025-I05,25,5,13,55,RECOCIDO_SIMULADO,35.5069,5381,53881.713333,498.38,106.766667,0,0,true,true,68,27.272727,10740,1536,31.127451,847.498997
OBJ_B1_ALTO,N025-I05,25,5,13,55,GENETICO,118.7842,9060,53881.713333,498.38,106.766667,0,0,true,true,68,27.272727,10740,1536,31.127451,
OBJ_B1_ALTO,N025-I05,25,5,14,56,GENETICO,116.3475,9060,53881.713333,498.38,106.766667,0,0,true,true,68,27.272727,10740,1536,31.127451,
OBJ_B1_ALTO,N025-I05,25,5,14,56,RECOCIDO_SIMULADO,36.0414,5541,53881.713333,498.38,106.766667,0,0,true,true,68,27.272727,10740,1536,31.127451,1069.736477
OBJ_B1_ALTO,N025-I05,25,5,15,57,RECOCIDO_SIMULADO,36.4711,5421,53881.713333,498.38,106.766667,0,0,true,true,68,27.272727,10740,1536,31.127451,898.04342
OBJ_B1_ALTO,N025-I05,25,5,15,57,GENETICO,246.5219,9060,53881.123333,497.79,106.766667,0,0,true,true,68,27.272727,11012,1592,31.127451,
OBJ_B1_ALTO,N025-I05,25,5,16,58,GENETICO,116.1313,9060,53881.713333,498.38,106.766667,0,0,true,true,68,27.272727,10740,1536,31.127451,
OBJ_B1_ALTO,N025-I05,25,5,16,58,RECOCIDO_SIMULADO,35.2403,5301,53881.713333,498.38,106.766667,0,0,true,true,68,27.272727,10740,1536,31.127451,751.617803
OBJ_B1_ALTO,N025-I05,25,5,17,59,RECOCIDO_SIMULADO,35.2645,5501,53881.713333,498.38,106.766667,0,0,true,true,68,27.272727,10740,1536,31.127451,1000.59817
OBJ_B1_ALTO,N025-I05,25,5,17,59,GENETICO,127.9363,9060,53881.713333,498.38,106.766667,0,0,true,true,68,27.272727,10740,1536,31.127451,
OBJ_B1_ALTO,N025-I05,25,5,18,60,GENETICO,151.8367,9060,53881.668333,498.335,106.766667,0,0,true,true,68,27.272727,10752,1536,31.127451,
OBJ_B1_ALTO,N025-I05,25,5,18,60,RECOCIDO_SIMULADO,36.4078,5501,53881.713333,498.38,106.766667,0,0,true,true,68,27.272727,10740,1536,31.127451,1000.329615
OBJ_B1_ALTO,N025-I05,25,5,19,61,RECOCIDO_SIMULADO,34.6582,5381,53881.713333,498.38,106.766667,0,0,true,true,68,27.272727,10740,1536,31.127451,847.898949
OBJ_B1_ALTO,N025-I05,25,5,19,61,GENETICO,117.6407,9060,53881.713333,498.38,106.766667,0,0,true,true,68,27.272727,10740,1536,31.127451,
OBJ_B1_ALTO,N025-I05,25,5,20,62,GENETICO,115.4258,9060,53881.713333,498.38,106.766667,0,0,true,true,68,27.272727,10740,1536,31.127451,
OBJ_B1_ALTO,N025-I05,25,5,20,62,RECOCIDO_SIMULADO,35.6034,5381,53881.713333,498.38,106.766667,0,0,true,true,68,27.272727,10740,1536,31.127451,864.223071
OBJ_B1_ALTO,N025-I05,25,5,21,63,RECOCIDO_SIMULADO,35.9659,5461,53881.713333,498.38,106.766667,0,0,true,true,68,27.272727,10740,1536,31.127451,959.000459
OBJ_B1_ALTO,N025-I05,25,5,21,63,GENETICO,122.984,9060,53881.713333,498.38,106.766667,0,0,true,true,68,27.272727,10740,1536,31.127451,
OBJ_B1_ALTO,N025-I05,25,5,22,64,GENETICO,123.7327,9060,53881.713333,498.38,106.766667,0,0,true,true,68,27.272727,10740,1536,31.127451,
OBJ_B1_ALTO,N025-I05,25,5,22,64,RECOCIDO_SIMULADO,39.6393,5301,53881.713333,498.38,106.766667,0,0,true,true,68,27.272727,10740,1536,31.127451,763.188092
OBJ_B1_ALTO,N025-I05,25,5,23,65,RECOCIDO_SIMULADO,34.3081,5261,53881.713333,498.38,106.766667,0,0,true,true,68,27.272727,10740,1536,31.127451,744.237347
OBJ_B1_ALTO,N025-I05,25,5,23,65,GENETICO,151.0434,9060,53881.668333,498.335,106.766667,0,0,true,true,68,27.272727,10752,1536,31.127451,
OBJ_B1_ALTO,N025-I05,25,5,24,66,GENETICO,124.9435,9060,53881.713333,498.38,106.766667,0,0,true,true,68,27.272727,10740,1536,31.127451,
OBJ_B1_ALTO,N025-I05,25,5,24,66,RECOCIDO_SIMULADO,36.1746,5461,53881.713333,498.38,106.766667,0,0,true,true,68,27.272727,10740,1536,31.127451,934.288498
OBJ_B1_ALTO,N025-I05,25,5,25,67,RECOCIDO_SIMULADO,34.6542,5341,53881.713333,498.38,106.766667,0,0,true,true,68,27.272727,10740,1536,31.127451,795.401329
OBJ_B1_ALTO,N025-I05,25,5,25,67,GENETICO,199.6529,9060,53881.713333,498.38,106.766667,0,0,true,true,68,27.272727,10740,1536,31.127451,
OBJ_B1_ALTO,N025-I05,25,5,26,68,GENETICO,198.2156,9060,53881.668333,498.335,106.766667,0,0,true,true,68,27.272727,10752,1536,31.127451,
OBJ_B1_ALTO,N025-I05,25,5,26,68,RECOCIDO_SIMULADO,33.8651,5221,53881.713333,498.38,106.766667,0,0,true,true,68,27.272727,10740,1536,31.127451,707.841432
OBJ_B1_ALTO,N025-I05,25,5,27,69,RECOCIDO_SIMULADO,36.1875,5581,53881.713333,498.38,106.766667,0,0,true,true,68,27.272727,10740,1536,31.127451,1106.2944
OBJ_B1_ALTO,N025-I05,25,5,27,69,GENETICO,119.8698,9060,53881.713333,498.38,106.766667,0,0,true,true,68,27.272727,10740,1536,31.127451,
OBJ_B1_ALTO,N025-I05,25,5,28,70,GENETICO,174.4581,9060,53881.713333,498.38,106.766667,0,0,true,true,68,27.272727,10740,1536,31.127451,
OBJ_B1_ALTO,N025-I05,25,5,28,70,RECOCIDO_SIMULADO,35.7606,5541,53881.713333,498.38,106.766667,0,0,true,true,68,27.272727,10740,1536,31.127451,1029.540185
OBJ_B1_ALTO,N025-I05,25,5,29,71,RECOCIDO_SIMULADO,35.8882,5421,53881.713333,498.38,106.766667,0,0,true,true,68,27.272727,10740,1536,31.127451,905.549733
OBJ_B1_ALTO,N025-I05,25,5,29,71,GENETICO,117.8181,9060,53881.713333,498.38,106.766667,0,0,true,true,68,27.272727,10740,1536,31.127451,
OBJ_B1_ALTO,N050-I01,50,1,0,42,GENETICO,403.6552,9060,451768.785,1677.951667,892.181667,4,0,true,true,28,7.142857,14404,2076,64.215686,
OBJ_B1_ALTO,N050-I01,50,1,0,42,RECOCIDO_SIMULADO,64.6353,6101,524235.101667,1955.101667,1044.56,0,0,true,true,28,7.142857,17590,2652,74.019608,2158.779322
OBJ_B1_ALTO,N050-I01,50,1,1,43,RECOCIDO_SIMULADO,62.4608,5861,524665.991667,1947.658333,1045.436667,0,0,true,true,28,7.142857,16806,2518,74.019608,1613.228809
OBJ_B1_ALTO,N050-I01,50,1,1,43,GENETICO,660.7226,9060,487476.24,1839.573333,967.273333,2,0,true,true,28,7.142857,15602,2412,69.117647,
OBJ_B1_ALTO,N050-I01,50,1,2,44,GENETICO,542.3199,9060,474837.193333,1748.026667,938.178333,4,0,true,true,28,7.142857,15606,2396,64.215686,
OBJ_B1_ALTO,N050-I01,50,1,2,44,RECOCIDO_SIMULADO,64.2422,6061,524894.566667,1941.233333,1045.906667,0,0,true,true,28,7.142857,16788,2544,74.019608,2060.763874
OBJ_B1_ALTO,N050-I01,50,1,3,45,RECOCIDO_SIMULADO,63.4538,6101,523859.41,1941.91,1043.835,0,0,true,true,28,7.142857,16816,2598,74.019608,2160.55947
OBJ_B1_ALTO,N050-I01,50,1,3,45,GENETICO,320.4699,9060,504212.966667,1842.133333,1000.741667,2,0,true,true,28,7.142857,15620,2384,69.117647,
OBJ_B1_ALTO,N050-I01,50,1,4,46,GENETICO,291.7604,9060,496358.993333,1866.493333,986.985,1,0,true,true,28,7.142857,16330,2448,71.568627,
OBJ_B1_ALTO,N050-I01,50,1,4,46,RECOCIDO_SIMULADO,60.8127,5821,524671.633333,1948.3,1045.446667,0,0,true,true,28,7.142857,17846,2780,74.019608,1521.498189
OBJ_B1_ALTO,N050-I01,50,1,5,47,RECOCIDO_SIMULADO,63.8165,6021,524269.795,1952.295,1044.635,0,0,true,true,28,7.142857,17230,2508,74.019608,1955.599993
OBJ_B1_ALTO,N050-I01,50,1,5,47,GENETICO,351.1144,9060,492302.441667,1798.275,977.008333,2,0,true,true,28,7.142857,16660,2536,69.117647,
OBJ_B1_ALTO,N050-I01,50,1,6,48,GENETICO,237.9641,9060,501674.226667,1832.56,995.683333,2,0,true,true,28,7.142857,16072,2494,69.117647,
OBJ_B1_ALTO,N050-I01,50,1,6,48,RECOCIDO_SIMULADO,62.5802,5901,524377.713333,1946.046667,1044.863333,0,0,true,true,28,7.142857,17286,2560,74.019608,1662.693706
OBJ_B1_ALTO,N050-I01,50,1,7,49,RECOCIDO_SIMULADO,64.1941,6021,523696.793333,1945.96,1043.501667,0,0,true,true,28,7.142857,16724,2614,74.019608,1936.76214
OBJ_B1_ALTO,N050-I01,50,1,7,49,GENETICO,446.9358,9060,460361.625,1718.291667,911.286667,3,0,true,true,28,7.142857,15942,2444,66.666667,
OBJ_B1_ALTO,N050-I01,50,1,8,50,GENETICO,394.139,9060,475539.201667,1774.201667,941.53,3,0,true,true,28,7.142857,16980,2482,66.666667,
OBJ_B1_ALTO,N050-I01,50,1,8,50,RECOCIDO_SIMULADO,61.4595,5941,524563.925,1946.425,1045.235,0,0,true,true,28,7.142857,16788,2556,74.019608,1721.118815
OBJ_B1_ALTO,N050-I01,50,1,9,51,RECOCIDO_SIMULADO,64.7094,6101,524980.625,1944.791667,1046.071667,0,0,true,true,28,7.142857,17456,2688,74.019608,2158.660317
OBJ_B1_ALTO,N050-I01,50,1,9,51,GENETICO,469.0074,9060,470342.08,1736.246667,931.211667,3,0,true,true,28,7.142857,16012,2430,66.911765,
OBJ_B1_ALTO,N050-I01,50,1,10,52,GENETICO,406.0521,9060,474862.121667,1789.621667,942.145,2,0,true,true,28,7.142857,15616,2406,69.117647,
OBJ_B1_ALTO,N050-I01,50,1,10,52,RECOCIDO_SIMULADO,66.0257,6101,524251.748333,1944.248333,1044.615,0,0,true,true,28,7.142857,17818,2664,74.019608,2176.257759
OBJ_B1_ALTO,N050-I01,50,1,11,53,RECOCIDO_SIMULADO,66.7537,6141,523875.013333,1947.513333,1043.855,0,0,true,true,28,7.142857,17358,2624,74.019608,2248.59239
OBJ_B1_ALTO,N050-I01,50,1,11,53,GENETICO,311.7664,9060,482555.18,1799.346667,957.511667,2,0,true,true,28,7.142857,16040,2418,69.117647,
OBJ_B1_ALTO,N050-I01,50,1,12,54,GENETICO,369.1059,9060,484213.985,1836.485,960.755,2,0,true,true,28,7.142857,15644,2356,69.362745,
OBJ_B1_ALTO,N050-I01,50,1,12,54,RECOCIDO_SIMULADO,74.4341,6021,523228.233333,1944.066667,1042.568333,0,0,true,true,28,7.142857,16092,2446,74.019608,1910.733205
OBJ_B1_ALTO,N050-I01,50,1,13,55,RECOCIDO_SIMULADO,64.2511,6061,524644.531667,1952.031667,1045.385,0,0,true,true,28,7.142857,18110,2654,74.019608,2078.345594
OBJ_B1_ALTO,N050-I01,50,1,13,55,GENETICO,211.2662,9060,489581.061667,1844.395,971.473333,2,0,true,true,28,7.142857,17232,2588,69.117647,
OBJ_B1_ALTO,N050-I01,50,1,14,56,GENETICO,461.0775,9060,466469.961667,1757.461667,923.425,3,0,true,true,28,7.142857,16562,2448,66.911765,
OBJ_B1_ALTO,N050-I01,50,1,14,56,RECOCIDO_SIMULADO,66.1078,6141,524689.6,1948.766667,1045.481667,0,0,true,true,28,7.142857,17690,2710,74.019608,2263.433863
OBJ_B1_ALTO,N050-I01,50,1,15,57,RECOCIDO_SIMULADO,62.3368,5981,524503.766667,1953.766667,1045.1,0,0,true,true,28,7.142857,17606,2630,74.019608,1879.469939
OBJ_B1_ALTO,N050-I01,50,1,15,57,GENETICO,238.3596,9060,494403.181667,1868.181667,983.07,1,0,true,true,28,7.142857,16676,2558,71.568627,
OBJ_B1_ALTO,N050-I01,50,1,16,58,GENETICO,305.524,9060,496628.138333,1788.138333,983.68,3,0,true,true,28,7.142857,16490,2442,66.666667,
OBJ_B1_ALTO,N050-I01,50,1,16,58,RECOCIDO_SIMULADO,64.1852,6061,524589.228333,1949.228333,1045.28,0,0,true,true,28,7.142857,17012,2528,74.019608,2044.750259
OBJ_B1_ALTO,N050-I01,50,1,17,59,RECOCIDO_SIMULADO,64.3353,6021,524361.558333,1948.225,1044.826667,0,0,true,true,28,7.142857,16748,2554,74.019608,1954.429447
OBJ_B1_ALTO,N050-I01,50,1,17,59,GENETICO,446.367,9060,451299.828333,1748.995,893.101667,3,0,true,true,28,7.142857,16224,2350,67.156863,
OBJ_B1_ALTO,N050-I01,50,1,18,60,GENETICO,215.2512,9060,495317.533333,1870.033333,984.895,1,0,true,true,28,7.142857,16062,2408,71.568627,
OBJ_B1_ALTO,N050-I01,50,1,18,60,RECOCIDO_SIMULADO,63.7897,6021,524480.126667,1950.126667,1045.06,0,0,true,true,28,7.142857,17494,2680,74.019608,1921.428655
OBJ_B1_ALTO,N050-I01,50,1,19,61,RECOCIDO_SIMULADO,65.2569,6101,524533.326667,1939.993333,1045.186667,0,0,true,true,28,7.142857,16970,2646,74.019608,2186.595896
OBJ_B1_ALTO,N050-I01,50,1,19,61,GENETICO,390.7003,9060,488573.17,1839.003333,969.468333,2,0,true,true,28,7.142857,16052,2388,69.117647,
OBJ_B1_ALTO,N050-I01,50,1,20,62,GENETICO,509.7395,9060,470783.556667,1757.723333,932.051667,3,0,true,true,28,7.142857,15614,2302,66.666667,
OBJ_B1_ALTO,N050-I01,50,1,20,62,RECOCIDO_SIMULADO,64.6013,6101,524216.098333,1950.265,1044.531667,0,0,true,true,28,7.142857,17334,2640,74.019608,2117.930515
OBJ_B1_ALTO,N050-I01,50,1,21,63,RECOCIDO_SIMULADO,63.1729,6061,524364.786667,1949.786667,1044.83,0,0,true,true,28,7.142857,17222,2558,74.019608,2041.798838
OBJ_B1_ALTO,N050-I01,50,1,21,63,GENETICO,243.2788,9060,502086.268333,1838.768333,996.495,2,0,true,true,28,7.142857,16382,2404,69.117647,
OBJ_B1_ALTO,N050-I01,50,1,22,64,GENETICO,270.6669,9060,499441.543333,1876.543333,993.13,1,0,true,true,28,7.142857,16930,2472,71.568627,
OBJ_B1_ALTO,N050-I01,50,1,22,64,RECOCIDO_SIMULADO,65.3413,6261,524604.466667,1946.966667,1045.315,0,0,true,true,28,7.142857,17046,2580,74.019608,2631.114543
OBJ_B1_ALTO,N050-I01,50,1,23,65,RECOCIDO_SIMULADO,66.7829,6141,524143.486667,1950.153333,1044.386667,0,0,true,true,28,7.142857,17842,2718,74.019608,2306.848809
OBJ_B1_ALTO,N050-I01,50,1,23,65,GENETICO,287.0111,9060,474013.236667,1814.07,940.398333,2,0,true,true,28,7.142857,15564,2382,69.607843,
OBJ_B1_ALTO,N050-I01,50,1,24,66,GENETICO,547.179,9060,488984.751667,1834.751667,970.3,2,0,true,true,28,7.142857,17432,2648,69.117647,
OBJ_B1_ALTO,N050-I01,50,1,24,66,RECOCIDO_SIMULADO,63.8765,6101,525364.508333,1946.175,1046.836667,0,0,true,true,28,7.142857,17442,2670,74.019608,2190.407766
OBJ_B1_ALTO,N050-I01,50,1,25,67,RECOCIDO_SIMULADO,65.3151,6181,525209.443333,1946.11,1046.526667,0,0,true,true,28,7.142857,17210,2696,74.019608,2370.940853
OBJ_B1_ALTO,N050-I01,50,1,25,67,GENETICO,211.9818,9060,497799.03,1825.696667,987.946667,2,0,true,true,28,7.142857,15582,2366,69.117647,
OBJ_B1_ALTO,N050-I01,50,1,26,68,GENETICO,191.1719,9060,517359.25,1903.416667,1028.911667,1,0,true,true,28,7.142857,16380,2468,71.568627,
OBJ_B1_ALTO,N050-I01,50,1,26,68,RECOCIDO_SIMULADO,67.5193,6341,523443.725,1941.225,1043.005,0,0,true,true,28,7.142857,16176,2400,74.019608,2865.956916
OBJ_B1_ALTO,N050-I01,50,1,27,69,RECOCIDO_SIMULADO,66.1057,6221,525115.995,1945.995,1046.34,0,0,true,true,28,7.142857,17840,2756,74.019608,2481.592457
OBJ_B1_ALTO,N050-I01,50,1,27,69,GENETICO,391.7555,9060,453506.003333,1680.17,895.651667,4,0,true,true,28,7.142857,14302,2124,64.215686,
OBJ_B1_ALTO,N050-I01,50,1,28,70,GENETICO,329.1333,9060,470704.856667,1756.523333,931.896667,3,0,true,true,28,7.142857,15588,2400,66.666667,
OBJ_B1_ALTO,N050-I01,50,1,28,70,RECOCIDO_SIMULADO,74.2663,6021,524074.308333,1943.475,1044.261667,0,0,true,true,28,7.142857,16836,2602,74.019608,1962.660124
OBJ_B1_ALTO,N050-I01,50,1,29,71,RECOCIDO_SIMULADO,64.6628,6181,524900.088333,1964.255,1045.871667,0,0,true,true,28,7.142857,17678,2530,74.019608,2410.098946
OBJ_B1_ALTO,N050-I01,50,1,29,71,GENETICO,415.6592,9060,480118.776667,1797.11,950.643333,3,0,true,true,28,7.142857,15580,2378,66.666667,
OBJ_B1_ALTO,N050-I02,50,2,0,42,GENETICO,213.3712,9060,395441.473333,1608.14,787.666667,0,0,true,true,28,17.647059,17050,2596,54.166667,
OBJ_B1_ALTO,N050-I02,50,2,0,42,RECOCIDO_SIMULADO,66.4321,6181,393772.363333,1614.863333,784.315,0,0,true,true,26,14.705882,17400,2738,54.166667,2413.216528
OBJ_B1_ALTO,N050-I02,50,2,1,43,RECOCIDO_SIMULADO,66.3739,6221,394925.305,1612.805,786.625,0,0,true,true,30,17.647059,19198,2888,54.166667,2452.171653
OBJ_B1_ALTO,N050-I02,50,2,1,43,GENETICO,244.1042,9060,394447.643333,1604.31,785.686667,0,0,true,true,28,17.647059,16512,2480,54.166667,
OBJ_B1_ALTO,N050-I02,50,2,2,44,GENETICO,206.4799,9060,395266.123333,1607.79,787.316667,0,0,true,true,28,17.647059,16864,2554,54.166667,
OBJ_B1_ALTO,N050-I02,50,2,2,44,RECOCIDO_SIMULADO,66.3739,6261,393396.361667,1611.361667,783.57,0,0,true,true,26,14.705882,16796,2542,54.166667,2642.300074
OBJ_B1_ALTO,N050-I02,50,2,3,45,RECOCIDO_SIMULADO,65.264,6101,393553.921667,1612.255,783.883333,0,0,true,true,28,17.647059,17750,2596,54.166667,2088.667198
OBJ_B1_ALTO,N050-I02,50,2,3,45,GENETICO,204.6073,9060,395616.823333,1608.49,788.016667,0,0,true,true,28,17.647059,16960,2566,54.166667,
OBJ_B1_ALTO,N050-I02,50,2,4,46,GENETICO,383.6512,9060,394383.936667,1605.603333,785.556667,0,0,true,true,28,17.647059,16142,2356,54.166667,
OBJ_B1_ALTO,N050-I02,50,2,4,46,RECOCIDO_SIMULADO,65.4967,6101,394031.955,1613.621667,784.836667,0,0,true,true,28,17.647059,17712,2632,54.166667,2117.389693
OBJ_B1_ALTO,N050-I02,50,2,5,47,RECOCIDO_SIMULADO,65.1773,6101,394205.25,1615.25,785.18,0,0,true,true,26,14.705882,17254,2634,54.166667,2160.516248
OBJ_B1_ALTO,N050-I02,50,2,5,47,GENETICO,209.8696,9060,395541.673333,1608.34,787.866667,0,0,true,true,28,17.647059,16960,2566,54.166667,
OBJ_B1_ALTO,N050-I02,50,2,6,48,GENETICO,206.1342,9060,395266.123333,1607.79,787.316667,0,0,true,true,28,17.647059,16864,2554,54.166667,
OBJ_B1_ALTO,N050-I02,50,2,6,48,RECOCIDO_SIMULADO,64.1497,6061,393662.238333,1613.905,784.096667,0,0,true,true,26,14.705882,18584,2720,54.166667,2052.649021
OBJ_B1_ALTO,N050-I02,50,2,7,49,RECOCIDO_SIMULADO,66.061,6101,394395.876667,1612.543333,785.566667,0,0,true,true,28,17.647059,17498,2684,54.166667,2173.215132
OBJ_B1_ALTO,N050-I02,50,2,7,49,GENETICO,265.6835,9060,395238.248333,1607.415,787.261667,0,0,true,true,28,17.647059,17186,2616,54.166667,
OBJ_B1_ALTO,N050-I02,50,2,8,50,GENETICO,236.2888,9060,394926.678333,1607.511667,786.638333,0,0,true,true,28,17.647059,17408,2648,54.166667,
OBJ_B1_ALTO,N050-I02,50,2,8,50,RECOCIDO_SIMULADO,66.1635,6301,393396.478333,1612.311667,783.568333,0,0,true,true,26,14.705882,17696,2608,54.166667,2708.910322
OBJ_B1_ALTO,N050-I02,50,2,9,51,RECOCIDO_SIMULADO,65.549,6181,394873.92,1613.086667,786.521667,0,0,true,true,26,14.705882,18556,2788,54.166667,2336.396373
OBJ_B1_ALTO,N050-I02,50,2,9,51,GENETICO,205.4263,9060,395266.123333,1607.79,787.316667,0,0,true,true,28,17.647059,16864,2554,54.166667,
OBJ_B1_ALTO,N050-I02,50,2,10,52,GENETICO,282.0542,9060,395021.013333,1607.68,786.826667,0,0,true,true,28,17.647059,16176,2468,54.166667,
OBJ_B1_ALTO,N050-I02,50,2,10,52,RECOCIDO_SIMULADO,65.8614,6181,393835.88,1611.713333,784.448333,0,0,true,true,28,17.647059,17704,2628,54.166667,2318.022913
OBJ_B1_ALTO,N050-I02,50,2,11,53,RECOCIDO_SIMULADO,67.4857,6061,394710.768333,1614.101667,786.193333,0,0,true,true,26,14.705882,17856,2664,54.166667,2079.387453
OBJ_B1_ALTO,N050-I02,50,2,11,53,GENETICO,201.5035,9060,395266.123333,1607.79,787.316667,0,0,true,true,28,17.647059,16864,2554,54.166667,
OBJ_B1_ALTO,N050-I02,50,2,12,54,GENETICO,204.363,9060,395266.123333,1607.79,787.316667,0,0,true,true,28,17.647059,16864,2554,54.166667,
OBJ_B1_ALTO,N050-I02,50,2,12,54,RECOCIDO_SIMULADO,64.9705,6181,395508.941667,1612.275,787.793333,0,0,true,true,28,17.647059,18456,2858,54.166667,2429.611557
OBJ_B1_ALTO,N050-I02,50,2,13,55,RECOCIDO_SIMULADO,64.7741,6101,394744.481667,1614.481667,786.26,0,0,true,true,26,14.705882,18086,2798,54.166667,2154.660108
OBJ_B1_ALTO,N050-I02,50,2,13,55,GENETICO,218.7293,9060,395541.673333,1608.34,787.866667,0,0,true,true,28,17.647059,17052,2600,54.166667,
OBJ_B1_ALTO,N050-I02,50,2,14,56,GENETICO,208.9636,9060,395541.673333,1608.34,787.866667,0,0,true,true,28,17.647059,16960,2566,54.166667,
OBJ_B1_ALTO,N050-I02,50,2,14,56,RECOCIDO_SIMULADO,66.7125,6261,393866.533333,1607.366667,784.518333,0,0,true,true,26,14.705882,16842,2492,54.166667,2675.636882
OBJ_B1_ALTO,N050-I02,50,2,15,57,RECOCIDO_SIMULADO,64.1559,6141,394621.738333,1612.571667,786.018333,0,0,true,true,28,17.647059,18102,2810,54.166667,2243.31945
OBJ_B1_ALTO,N050-I02,50,2,15,57,GENETICO,210.9665,9060,395696.54,1609.04,788.175,0,0,true,true,26,14.705882,16960,2566,54.166667,
OBJ_B1_ALTO,N050-I02,50,2,16,58,GENETICO,238.3317,9060,395130.853333,1607.52,787.046667,0,0,true,true,28,17.647059,16888,2548,54.166667,
OBJ_B1_ALTO,N050-I02,50,2,16,58,RECOCIDO_SIMULADO,69.6024,6181,393672.595,1610.928333,784.123333,0,0,true,true,28,17.647059,17780,2662,54.166667,2425.302089
OBJ_B1_ALTO,N050-I02,50,2,17,59,RECOCIDO_SIMULADO,65.2071,6061,394441.761667,1610.095,785.663333,0,0,true,true,28,17.647059,18464,2828,54.166667,2018.691116
OBJ_B1_ALTO,N050-I02,50,2,17,59,GENETICO,207.1827,9060,395541.673333,1608.34,787.866667,0,0,true,true,28,17.647059,17052,2600,54.166667,
OBJ_B1_ALTO,N050-I02,50,2,18,60,GENETICO,291.1837,9060,393633.373333,1604.206667,784.058333,0,0,true,true,28,17.647059,16484,2464,54.166667,
OBJ_B1_ALTO,N050-I02,50,2,18,60,RECOCIDO_SIMULADO,64.771,6101,394383.063333,1613.063333,785.54,0,0,true,true,26,14.705882,17912,2630,54.166667,2139.761725
OBJ_B1_ALTO,N050-I02,50,2,19,61,RECOCIDO_SIMULADO,65.9637,6221,394717.766667,1614.433333,786.206667,0,0,true,true,26,14.705882,18838,2840,54.166667,2452.36263
OBJ_B1_ALTO,N050-I02,50,2,19,61,GENETICO,203.3186,9060,395341.273333,1607.94,787.466667,0,0,true,true,28,17.647059,16864,2554,54.166667,
OBJ_B1_ALTO,N050-I02,50,2,20,62,GENETICO,207.983,9060,395616.698333,1608.365,788.016667,0,0,true,true,28,17.647059,16834,2494,54.166667,
OBJ_B1_ALTO,N050-I02,50,2,20,62,RECOCIDO_SIMULADO,70.2085,6101,393327.661667,1612.661667,783.43,0,0,true,true,28,17.647059,18572,2780,54.166667,2118.259975
OBJ_B1_ALTO,N050-I02,50,2,21,63,RECOCIDO_SIMULADO,66.6446,6101,394532.476667,1614.976667,785.835,0,0,true,true,28,17.647059,18826,2862,54.166667,2118.476116
OBJ_B1_ALTO,N050-I02,50,2,21,63,GENETICO,202.6161,9060,395541.673333,1608.34,787.866667,0,0,true,true,28,17.647059,16960,2566,54.166667,
OBJ_B1_ALTO,N050-I02,50,2,22,64,GENETICO,208.0565,9060,395255.66,1608.16,787.295,0,0,true,true,26,14.705882,16720,2530,54.166667,
OBJ_B1_ALTO,N050-I02,50,2,22,64,RECOCIDO_SIMULADO,66.9232,6221,394109.998333,1610.831667,784.998333,0,0,true,true,28,17.647059,18360,2810,54.166667,2465.720908
OBJ_B1_ALTO,N050-I02,50,2,23,65,RECOCIDO_SIMULADO,66.0672,6221,394297.125,1611.291667,785.371667,0,0,true,true,28,17.647059,18552,2874,54.166667,2486.72862
OBJ_B1_ALTO,N050-I02,50,2,23,65,GENETICO,204.5992,9060,394489.448333,1606.115,785.766667,0,0,true,true,28,17.647059,16866,2528,54.166667,
OBJ_B1_ALTO,N050-I02,50,2,24,66,GENETICO,233.7883,9060,394970.36,1607.86,786.725,0,0,true,true,26,14.705882,16502,2516,54.166667,
OBJ_B1_ALTO,N050-I02,50,2,24,66,RECOCIDO_SIMULADO,66.6183,6261,393936.948333,1612.781667,784.648333,0,0,true,true,28,17.647059,19596,2972,54.166667,2615.507995
OBJ_B1_ALTO,N050-I02,50,2,25,67,RECOCIDO_SIMULADO,70.7939,6341,394859.63,1613.796667,786.491667,0,0,true,true,28,17.647059,17502,2678,54.166667,2869.776465
OBJ_B1_ALTO,N050-I02,50,2,25,67,GENETICO,320.8881,9060,394099.433333,1605.266667,784.988333,0,0,true,true,28,17.647059,16370,2434,54.166667,
OBJ_B1_ALTO,N050-I02,50,2,26,68,GENETICO,205.8047,9060,395541.673333,1608.34,787.866667,0,0,true,true,28,17.647059,16960,2566,54.166667,
OBJ_B1_ALTO,N050-I02,50,2,26,68,RECOCIDO_SIMULADO,66.1611,6101,393312.565,1610.898333,783.403333,0,0,true,true,26,14.705882,16886,2542,54.166667,2108.974172
OBJ_B1_ALTO,N050-I02,50,2,27,69,RECOCIDO_SIMULADO,66.6687,6181,394568.99,1612.323333,785.913333,0,0,true,true,26,14.705882,17668,2662,54.166667,2411.21815
OBJ_B1_ALTO,N050-I02,50,2,27,69,GENETICO,222.3096,9060,395142.51,1605.843333,787.073333,0,0,true,true,28,17.647059,17168,2554,54.166667,
OBJ_B1_ALTO,N050-I02,50,2,28,70,GENETICO,204.3536,9060,395340.953333,1607.62,787.466667,0,0,true,true,28,17.647059,16816,2546,54.166667,
OBJ_B1_ALTO,N050-I02,50,2,28,70,RECOCIDO_SIMULADO,63.4776,6021,394677.641667,1616.808333,786.121667,0,0,true,true,28,17.647059,18002,2730,54.166667,1953.387315
OBJ_B1_ALTO,N050-I02,50,2,29,71,RECOCIDO_SIMULADO,66.0716,6181,395302.63,1613.463333,787.378333,0,0,true,true,26,14.705882,18634,2910,54.166667,2411.040785
OBJ_B1_ALTO,N050-I02,50,2,29,71,GENETICO,210.027,9060,395616.823333,1608.49,788.016667,0,0,true,true,28,17.647059,16960,2566,54.166667,
OBJ_B1_ALTO,N050-I03,50,3,0,42,GENETICO,193.7241,9060,407410.89,1734.223333,811.353333,0,0,true,true,28,14.814815,14708,2170,64.460784,
OBJ_B1_ALTO,N050-I03,50,3,0,42,RECOCIDO_SIMULADO,65.3663,6141,406815.221667,1740.221667,810.15,0,0,true,true,26,14.814815,16152,2390,64.460784,2239.200018
OBJ_B1_ALTO,N050-I03,50,3,1,43,RECOCIDO_SIMULADO,65.6845,6181,407787.73,1744.396667,812.086667,0,0,true,true,26,14.814815,16782,2568,64.460784,2362.96995
OBJ_B1_ALTO,N050-I03,50,3,1,43,GENETICO,193.7894,9060,406875.59,1733.923333,810.283333,0,0,true,true,28,14.814815,14444,2156,64.460784,
OBJ_B1_ALTO,N050-I03,50,3,2,44,GENETICO,217.2558,9060,406213.33,1734.163333,808.958333,0,0,true,true,28,14.814815,14140,2116,64.460784,
OBJ_B1_ALTO,N050-I03,50,3,2,44,RECOCIDO_SIMULADO,65.396,6141,407497.491667,1745.825,811.503333,0,0,true,true,26,14.814815,17166,2550,64.460784,2246.783085
OBJ_B1_ALTO,N050-I03,50,3,3,45,RECOCIDO_SIMULADO,65.4788,6061,408020.47,1737.136667,812.566667,0,0,true,true,28,14.814815,14324,2112,64.460784,2075.508907
OBJ_B1_ALTO,N050-I03,50,3,3,45,GENETICO,187.9172,9060,406956.28,1734.613333,810.443333,0,0,true,true,28,14.814815,14280,2124,64.460784,
OBJ_B1_ALTO,N050-I03,50,3,4,46,GENETICO,241.1853,9060,407498.945,1735.611667,811.526667,0,0,true,true,28,14.814815,14552,2142,64.460784,
OBJ_B1_ALTO,N050-I03,50,3,4,46,RECOCIDO_SIMULADO,65.3091,6221,406777.73,1738.563333,810.078333,0,0,true,true,28,14.814815,15556,2340,64.460784,2470.1419
OBJ_B1_ALTO,N050-I03,50,3,5,47,RECOCIDO_SIMULADO,64.8175,6021,407951.091667,1743.591667,812.415,0,0,true,true,26,11.111111,16016,2444,64.460784,1961.080121
OBJ_B1_ALTO,N050-I03,50,3,5,47,GENETICO,253.0353,9060,407036.08,1735.246667,810.601667,0,0,true,true,28,14.814815,14662,2200,64.460784,
OBJ_B1_ALTO,N050-I03,50,3,6,48,GENETICO,183.0939,9060,407554.54,1736.206667,811.636667,0,0,true,true,28,14.814815,14324,2112,64.460784,
OBJ_B1_ALTO,N050-I03,50,3,6,48,RECOCIDO_SIMULADO,63.723,5941,406703.23,1740.73,809.925,0,0,true,true,28,14.814815,17178,2544,64.460784,1715.783576
OBJ_B1_ALTO,N050-I03,50,3,7,49,RECOCIDO_SIMULADO,64.4464,6141,407473.943333,1741.443333,811.465,0,0,true,true,26,14.814815,16956,2520,64.460784,2203.119392
OBJ_B1_ALTO,N050-I03,50,3,7,49,GENETICO,199.4499,9060,406876.12,1734.453333,810.283333,0,0,true,true,28,14.814815,14352,2136,64.460784,
OBJ_B1_ALTO,N050-I03,50,3,8,50,GENETICO,191.6904,9060,407153.34,1735.006667,810.836667,0,0,true,true,28,14.814815,14196,2096,64.460784,
OBJ_B1_ALTO,N050-I03,50,3,8,50,RECOCIDO_SIMULADO,67.1669,6061,407899.278333,1741.778333,812.315,0,0,true,true,28,14.814815,15886,2378,64.460784,1982.783885
OBJ_B1_ALTO,N050-I03,50,3,9,51,RECOCIDO_SIMULADO,65.3664,6181,407476.86,1746.86,811.46,0,0,true,true,28,14.814815,17460,2632,64.460784,2360.382391
OBJ_B1_ALTO,N050-I03,50,3,9,51,GENETICO,218.9679,9060,406513.03,1733.03,809.56,0,0,true,true,28,14.814815,14524,2190,64.460784,
OBJ_B1_ALTO,N050-I03,50,3,10,52,GENETICO,189.2948,9060,407193.42,1735.086667,810.916667,0,0,true,true,28,14.814815,14196,2096,64.460784,
OBJ_B1_ALTO,N050-I03,50,3,10,52,RECOCIDO_SIMULADO,63.3073,5941,407182.315,1741.481667,810.881667,0,0,true,true,28,14.814815,17040,2514,64.460784,1736.88223
OBJ_B1_ALTO,N050-I03,50,3,11,53,RECOCIDO_SIMULADO,66.0562,6101,407650.996667,1741.83,811.818333,0,0,true,true,26,14.814815,16834,2576,64.460784,2094.093318
OBJ_B1_ALTO,N050-I03,50,3,11,53,GENETICO,192.109,9060,407153.34,1735.006667,810.836667,0,0,true,true,28,14.814815,14196,2096,64.460784,
OBJ_B1_ALTO,N050-I03,50,3,12,54,GENETICO,290.0098,9060,407397.56,1735.893333,811.323333,0,0,true,true,28,14.814815,14408,2140,64.460784,
OBJ_B1_ALTO,N050-I03,50,3,12,54,RECOCIDO_SIMULADO,64.8066,6141,407868.645,1741.978333,812.253333,0,0,true,true,28,14.814815,15798,2322,64.460784,2226.270572
OBJ_B1_ALTO,N050-I03,50,3,13,55,RECOCIDO_SIMULADO,65.3295,6101,407290.581667,1741.415,811.098333,0,0,true,true,28,14.814815,15862,2470,64.460784,2173.345045
OBJ_B1_ALTO,N050-I03,50,3,13,55,GENETICO,243.6746,9060,406105.715,1730.715,808.75,0,0,true,true,28,14.814815,14012,2098,64.460784,
OBJ_B1_ALTO,N050-I03,50,3,14,56,GENETICO,189.5215,9060,407356.43,1734.763333,811.243333,0,0,true,true,28,14.814815,14500,2174,64.460784,
OBJ_B1_ALTO,N050-I03,50,3,14,56,RECOCIDO_SIMULADO,65.7216,6141,407452.398333,1742.398333,811.42,0,0,true,true,26,14.814815,16642,2538,64.460784,2219.169031
OBJ_B1_ALTO,N050-I03,50,3,15,57,RECOCIDO_SIMULADO,67.0993,6221,408020.47,1737.136667,812.566667,0,0,true,true,28,14.814815,14324,2112,64.460784,2487.352424
OBJ_B1_ALTO,N050-I03,50,3,15,57,GENETICO,245.7103,9060,407224.455,1736.955,810.975,0,0,true,true,28,14.814815,14378,2138,64.460784,
OBJ_B1_ALTO,N050-I03,50,3,16,58,GENETICO,208.9263,9060,407474.675,1736.341667,811.476667,0,0,true,true,28,14.814815,14328,2110,64.460784,
OBJ_B1_ALTO,N050-I03,50,3,16,58,RECOCIDO_SIMULADO,64.849,6141,407033.868333,1738.035,810.591667,0,0,true,true,26,14.814815,15760,2422,64.460784,2254.532642
OBJ_B1_ALTO,N050-I03,50,3,17,59,RECOCIDO_SIMULADO,66.1268,6101,407374.72,1739.72,811.27,0,0,true,true,24,11.111111,16298,2500,64.460784,2108.97302
OBJ_B1_ALTO,N050-I03,50,3,17,59,GENETICO,213.6521,9060,406575.52,1733.853333,809.683333,0,0,true,true,28,14.814815,14336,2124,64.460784,
OBJ_B1_ALTO,N050-I03,50,3,18,60,GENETICO,190.5987,9060,407519.97,1734.136667,811.571667,0,0,true,true,28,14.814815,14168,2090,64.460784,
OBJ_B1_ALTO,N050-I03,50,3,18,60,RECOCIDO_SIMULADO,66.3419,6181,407130.231667,1736.065,810.788333,0,0,true,true,26,11.111111,16146,2404,64.460784,2330.381304
OBJ_B1_ALTO,N050-I03,50,3,19,61,RECOCIDO_SIMULADO,66.4308,6261,406754.551667,1739.551667,810.03,0,0,true,true,24,11.111111,15500,2302,64.460784,2676.553215
OBJ_B1_ALTO,N050-I03,50,3,19,61,GENETICO,193.1546,9060,407477.625,1733.458333,811.488333,0,0,true,true,28,14.814815,14780,2182,64.460784,
OBJ_B1_ALTO,N050-I03,50,3,20,62,GENETICO,306.0973,9060,406970.423333,1735.423333,810.47,0,0,true,true,26,11.111111,14844,2188,64.460784,
OBJ_B1_ALTO,N050-I03,50,3,20,62,RECOCIDO_SIMULADO,62.684,5941,406694.431667,1736.931667,809.915,0,0,true,true,24,11.111111,15772,2402,64.460784,1708.81535
OBJ_B1_ALTO,N050-I03,50,3,21,63,RECOCIDO_SIMULADO,63.9882,5941,406865.385,1737.885,810.255,0,0,true,true,28,14.814815,16660,2520,64.460784,1764.328282
OBJ_B1_ALTO,N050-I03,50,3,21,63,GENETICO,252.7527,9060,407383.83,1734.663333,811.298333,0,0,true,true,28,14.814815,14296,2132,64.460784,
OBJ_B1_ALTO,N050-I03,50,3,22,64,GENETICO,315.2328,9060,407344.12,1735.786667,811.216667,0,0,true,true,28,14.814815,14204,2098,64.460784,
OBJ_B1_ALTO,N050-I03,50,3,22,64,RECOCIDO_SIMULADO,63.7428,6061,407460.795,1737.461667,811.446667,0,0,true,true,28,14.814815,16714,2534,64.460784,2024.853356
OBJ_B1_ALTO,N050-I03,50,3,23,65,RECOCIDO_SIMULADO,66.7776,6221,408020.47,1737.136667,812.566667,0,0,true,true,28,14.814815,14324,2112,64.460784,2499.876378
OBJ_B1_ALTO,N050-I03,50,3,23,65,GENETICO,248.879,9060,406788.89,1735.556667,810.106667,0,0,true,true,28,14.814815,14658,2206,64.460784,
OBJ_B1_ALTO,N050-I03,50,3,24,66,GENETICO,205.5522,9060,407413.05,1735.55,811.355,0,0,true,true,28,14.814815,14318,2128,64.460784,
OBJ_B1_ALTO,N050-I03,50,3,24,66,RECOCIDO_SIMULADO,64.9541,5981,407729.175,1744.175,811.97,0,0,true,true,28,14.814815,16828,2502,64.460784,1806.075323
OBJ_B1_ALTO,N050-I03,50,3,25,67,RECOCIDO_SIMULADO,66.1702,6101,406901.375,1738.041667,810.326667,0,0,true,true,28,14.814815,16168,2428,64.460784,2191.432133
OBJ_B1_ALTO,N050-I03,50,3,25,67,GENETICO,328.5928,9060,406022.25,1733.083333,808.578333,0,0,true,true,28,14.814815,14922,2252,64.460784,
OBJ_B1_ALTO,N050-I03,50,3,26,68,GENETICO,197.0735,9060,407384.2,1735.866667,811.296667,0,0,true,true,28,14.814815,14204,2098,64.460784,
OBJ_B1_ALTO,N050-I03,50,3,26,68,RECOCIDO_SIMULADO,66.6275,6181,408020.47,1737.136667,812.566667,0,0,true,true,28,14.814815,14324,2112,64.460784,2321.519097
OBJ_B1_ALTO,N050-I03,50,3,27,69,RECOCIDO_SIMULADO,66.2621,6141,407577.998333,1740.498333,811.675,0,0,true,true,26,11.111111,16828,2532,64.460784,2222.687203
OBJ_B1_ALTO,N050-I03,50,3,27,69,GENETICO,304.4991,9060,407783.33,1736.663333,812.093333,0,0,true,true,28,14.814815,14408,2140,64.460784,
OBJ_B1_ALTO,N050-I03,50,3,28,70,GENETICO,188.137,9060,407554.54,1736.206667,811.636667,0,0,true,true,28,14.814815,14324,2112,64.460784,
OBJ_B1_ALTO,N050-I03,50,3,28,70,RECOCIDO_SIMULADO,64.3319,6061,407369.921667,1740.755,811.258333,0,0,true,true,26,11.111111,16562,2470,64.460784,2024.272631
OBJ_B1_ALTO,N050-I03,50,3,29,71,RECOCIDO_SIMULADO,64.2251,5981,407322.191667,1744.691667,811.155,0,0,true,true,24,11.111111,16848,2566,64.460784,1869.003348
OBJ_B1_ALTO,N050-I03,50,3,29,71,GENETICO,185.5637,9060,407153.34,1735.006667,810.836667,0,0,true,true,28,14.814815,14196,2096,64.460784,
OBJ_B1_ALTO,N050-I04,50,4,0,42,GENETICO,217.7154,9060,428212.67,1721.836667,852.981667,0,0,true,true,32,16.129032,15746,2300,64.215686,
OBJ_B1_ALTO,N050-I04,50,4,0,42,RECOCIDO_SIMULADO,66.7107,6221,428261.205,1730.371667,853.061667,0,0,true,true,30,12.903226,16750,2540,64.215686,2530.635488
OBJ_B1_ALTO,N050-I04,50,4,1,43,RECOCIDO_SIMULADO,66.7559,6141,427443.605,1726.105,851.435,0,0,true,true,32,16.129032,15754,2320,64.215686,2305.151963
OBJ_B1_ALTO,N050-I04,50,4,1,43,GENETICO,206.1759,9060,427899.015,1720.681667,852.356667,0,0,true,true,32,16.129032,15636,2252,64.215686,
OBJ_B1_ALTO,N050-I04,50,4,2,44,GENETICO,194.3887,9060,428363.41,1722.576667,853.281667,0,0,true,true,30,12.903226,15710,2288,64.215686,
OBJ_B1_ALTO,N050-I04,50,4,2,44,RECOCIDO_SIMULADO,65.9305,6261,427258.795,1722.961667,851.071667,0,0,true,true,32,16.129032,15682,2386,64.215686,2573.942688
OBJ_B1_ALTO,N050-I04,50,4,3,45,RECOCIDO_SIMULADO,66.2347,6221,428017.663333,1731.83,852.571667,0,0,true,true,32,16.129032,17710,2658,64.215686,2546.877412
OBJ_B1_ALTO,N050-I04,50,4,3,45,GENETICO,191.6079,9060,428314.11,1723.276667,853.181667,0,0,true,true,30,12.903226,15966,2320,64.215686,
OBJ_B1_ALTO,N050-I04,50,4,4,46,GENETICO,262.5095,9060,427782.645,1720.978333,852.123333,0,0,true,true,32,16.129032,15576,2300,64.215686,
OBJ_B1_ALTO,N050-I04,50,4,4,46,RECOCIDO_SIMULADO,65.6807,6141,428013.411667,1730.078333,852.566667,0,0,true,true,30,12.903226,16744,2454,64.215686,2255.425517
OBJ_B1_ALTO,N050-I04,50,4,5,47,RECOCIDO_SIMULADO,66.1705,6141,428025.31,1728.643333,852.593333,0,0,true,true,32,16.129032,16870,2602,64.215686,2215.945959
OBJ_B1_ALTO,N050-I04,50,4,5,47,GENETICO,187.2825,9060,428314.11,1723.276667,853.181667,0,0,true,true,30,12.903226,15966,2320,64.215686,
OBJ_B1_ALTO,N050-I04,50,4,6,48,GENETICO,196.2513,9060,428363.41,1722.576667,853.281667,0,0,true,true,30,12.903226,15710,2288,64.215686,
OBJ_B1_ALTO,N050-I04,50,4,6,48,RECOCIDO_SIMULADO,66.9319,6261,426669.185,1720.851667,849.896667,0,0,true,true,30,12.903226,14164,2110,64.215686,2672.329147
OBJ_B1_ALTO,N050-I04,50,4,7,49,RECOCIDO_SIMULADO,65.3827,6101,427334.473333,1719.473333,851.23,0,0,true,true,32,16.129032,16416,2454,64.215686,2144.269781
OBJ_B1_ALTO,N050-I04,50,4,7,49,GENETICO,188.7745,9060,428363.41,1722.576667,853.281667,0,0,true,true,30,12.903226,15710,2288,64.215686,
OBJ_B1_ALTO,N050-I04,50,4,8,50,GENETICO,273.2161,9060,427883.053333,1721.386667,852.323333,0,0,true,true,30,12.903226,15338,2272,64.215686,
OBJ_B1_ALTO,N050-I04,50,4,8,50,RECOCIDO_SIMULADO,67.3542,6261,428311.993333,1726.993333,853.17,0,0,true,true,30,12.903226,15792,2372,64.215686,2655.91708
OBJ_B1_ALTO,N050-I04,50,4,9,51,RECOCIDO_SIMULADO,65.4408,6181,427152.343333,1724.01,850.856667,0,0,true,true,32,16.129032,15580,2346,64.215686,2418.995764
OBJ_B1_ALTO,N050-I04,50,4,9,51,GENETICO,208.5801,9060,427463.76,1721.26,851.485,0,0,true,true,30,12.903226,15322,2254,64.215686,
OBJ_B1_ALTO,N050-I04,50,4,10,52,GENETICO,209.8194,9060,427975.72,1722.386667,852.506667,0,0,true,true,30,12.903226,15462,2258,64.215686,
OBJ_B1_ALTO,N050-I04,50,4,10,52,RECOCIDO_SIMULADO,66.8092,6181,427725.248333,1726.081667,851.998333,0,0,true,true,32,16.129032,16574,2500,64.215686,2352.857151
OBJ_B1_ALTO,N050-I04,50,4,11,53,RECOCIDO_SIMULADO,65.8581,6141,427202.488333,1724.155,850.956667,0,0,true,true,32,16.129032,15922,2366,64.215686,2242.68139
OBJ_B1_ALTO,N050-I04,50,4,11,53,GENETICO,233.0247,9060,427340.3,1717.8,851.245,0,0,true,true,30,12.903226,14068,2062,64.215686,
OBJ_B1_ALTO,N050-I04,50,4,12,54,GENETICO,233.2319,9060,427782.225,1720.558333,852.123333,0,0,true,true,32,16.129032,15488,2284,64.215686,
OBJ_B1_ALTO,N050-I04,50,4,12,54,RECOCIDO_SIMULADO,66.0065,6101,427304.058333,1725.725,851.156667,0,0,true,true,30,12.903226,16890,2494,64.215686,2191.640125
OBJ_B1_ALTO,N050-I04,50,4,13,55,RECOCIDO_SIMULADO,66.2131,6101,427187.416667,1722.416667,850.93,0,0,true,true,32,16.129032,15392,2268,64.215686,2159.365775
OBJ_B1_ALTO,N050-I04,50,4,13,55,GENETICO,269.0662,9060,427693.985,1720.651667,851.946667,0,0,true,true,32,16.129032,15254,2234,64.215686,
OBJ_B1_ALTO,N050-I04,50,4,14,56,GENETICO,192.8996,9060,428137.56,1721.726667,852.831667,0,0,true,true,30,12.903226,15582,2272,64.215686,
OBJ_B1_ALTO,N050-I04,50,4,14,56,RECOCIDO_SIMULADO,66.4226,6181,427949.955,1721.621667,852.456667,0,0,true,true,32,16.129032,16336,2500,64.215686,2396.139421
OBJ_B1_ALTO,N050-I04,50,4,15,57,RECOCIDO_SIMULADO,65.5578,6221,428216.2,1723.7,852.985,0,0,true,true,32,16.129032,16254,2378,64.215686,2560.266314
OBJ_B1_ALTO,N050-I04,50,4,15,57,GENETICO,198.4966,9060,427490.595,1720.595,851.54,0,0,true,true,30,12.903226,15430,2262,64.215686,
OBJ_B1_ALTO,N050-I04,50,4,16,58,GENETICO,208.1211,9060,427937.52,1721.686667,852.431667,0,0,true,true,32,16.129032,15874,2316,64.215686,
OBJ_B1_ALTO,N050-I04,50,4,16,58,RECOCIDO_SIMULADO,65.4392,6101,427429.43,1726.096667,851.406667,0,0,true,true,32,16.129032,15852,2306,64.215686,2137.09641
OBJ_B1_ALTO,N050-I04,50,4,17,59,RECOCIDO_SIMULADO,67.3862,6301,427722.505,1725.005,851.995,0,0,true,true,32,16.129032,15734,2380,64.215686,2718.292154
OBJ_B1_ALTO,N050-I04,50,4,17,59,GENETICO,192.0291,9060,427903.12,1720.62,852.365,0,0,true,true,32,16.129032,15970,2348,64.215686,
OBJ_B1_ALTO,N050-I04,50,4,18,60,GENETICO,221.4015,9060,427624.818333,1719.818333,851.81,0,0,true,true,30,12.903226,15428,2314,64.215686,
OBJ_B1_ALTO,N050-I04,50,4,18,60,RECOCIDO_SIMULADO,67.4451,6301,428006.4,1723.066667,852.566667,0,0,true,true,32,16.129032,15838,2330,64.215686,2701.052309
OBJ_B1_ALTO,N050-I04,50,4,19,61,RECOCIDO_SIMULADO,67.1506,6301,427415.625,1727.291667,851.376667,0,0,true,true,32,16.129032,15982,2334,64.215686,2745.604634
OBJ_B1_ALTO,N050-I04,50,4,19,61,GENETICO,367.3696,9060,427696.625,1718.291667,851.956667,0,0,true,true,32,16.129032,14746,2160,64.215686,
OBJ_B1_ALTO,N050-I04,50,4,20,62,GENETICO,192.6646,9060,428314.11,1723.276667,853.181667,0,0,true,true,30,12.903226,15966,2320,64.215686,
OBJ_B1_ALTO,N050-I04,50,4,20,62,RECOCIDO_SIMULADO,65.8463,6141,427945.903333,1728.403333,852.435,0,0,true,true,32,16.129032,16194,2442,64.215686,2269.87879
OBJ_B1_ALTO,N050-I04,50,4,21,63,RECOCIDO_SIMULADO,66.0203,6181,427534.975,1724.975,851.62,0,0,true,true,32,16.129032,16478,2512,64.215686,2371.451929
OBJ_B1_ALTO,N050-I04,50,4,21,63,GENETICO,223.9693,9060,427780.795,1719.128333,852.123333,0,0,true,true,32,16.129032,15544,2296,64.215686,
OBJ_B1_ALTO,N050-I04,50,4,22,64,GENETICO,203.9418,9060,428313.503333,1722.67,853.181667,0,0,true,true,30,12.903226,15786,2336,64.215686,
OBJ_B1_ALTO,N050-I04,50,4,22,64,RECOCIDO_SIMULADO,67.7583,6341,428004.171667,1726.671667,852.555,0,0,true,true,32,16.129032,16046,2422,64.215686,2893.622892
OBJ_B1_ALTO,N050-I04,50,4,23,65,RECOCIDO_SIMULADO,65.8904,6181,427384.658333,1727.158333,851.315,0,0,true,true,32,16.129032,15792,2400,64.215686,2314.807521
OBJ_B1_ALTO,N050-I04,50,4,23,65,GENETICO,186.2267,9060,428137.56,1721.726667,852.831667,0,0,true,true,30,12.903226,15582,2272,64.215686,
OBJ_B1_ALTO,N050-I04,50,4,24,66,GENETICO,251.7639,9060,427774.77,1720.603333,852.108333,0,0,true,true,32,16.129032,15122,2180,64.215686,
OBJ_B1_ALTO,N050-I04,50,4,24,66,RECOCIDO_SIMULADO,66.8266,6261,427297.285,1720.618333,851.153333,0,0,true,true,32,16.129032,16150,2366,64.215686,2628.567542
OBJ_B1_ALTO,N050-I04,50,4,25,67,RECOCIDO_SIMULADO,66.6572,6221,427691.463333,1730.63,851.921667,0,0,true,true,32,16.129032,16626,2420,64.215686,2432.418349
OBJ_B1_ALTO,N050-I04,50,4,25,67,GENETICO,186.8925,9060,428363.41,1722.576667,853.281667,0,0,true,true,30,12.903226,15710,2288,64.215686,
OBJ_B1_ALTO,N050-I04,50,4,26,68,GENETICO,233.4509,9060,428137.56,1721.726667,852.831667,0,0,true,true,30,12.903226,15582,2272,64.215686,
OBJ_B1_ALTO,N050-I04,50,4,26,68,RECOCIDO_SIMULADO,65.9273,6221,427506.736667,1723.403333,851.566667,0,0,true,true,32,16.129032,15864,2406,64.215686,2493.407136
OBJ_B1_ALTO,N050-I04,50,4,27,69,RECOCIDO_SIMULADO,67.3663,6181,428007.328333,1727.328333,852.56,0,0,true,true,32,16.129032,16114,2450,64.215686,2407.227543
OBJ_B1_ALTO,N050-I04,50,4,27,69,GENETICO,199.2749,9060,428314.11,1723.276667,853.181667,0,0,true,true,30,12.903226,15966,2320,64.215686,
OBJ_B1_ALTO,N050-I04,50,4,28,70,GENETICO,199.1215,9060,428212.67,1721.836667,852.981667,0,0,true,true,32,16.129032,15746,2300,64.215686,
OBJ_B1_ALTO,N050-I04,50,4,28,70,RECOCIDO_SIMULADO,64.0938,6021,427370.016667,1726.683333,851.286667,0,0,true,true,32,16.129032,14818,2258,64.215686,1955.463012
OBJ_B1_ALTO,N050-I04,50,4,29,71,RECOCIDO_SIMULADO,66.0357,6141,428223.15,1726.483333,852.993333,0,0,true,true,32,16.129032,15358,2268,64.215686,2273.862906
OBJ_B1_ALTO,N050-I04,50,4,29,71,GENETICO,199.9627,9060,428088.26,1722.426667,852.731667,0,0,true,true,30,12.903226,15838,2304,64.215686,
OBJ_B1_ALTO,N050-I05,50,5,0,42,GENETICO,191.9523,9060,413927.398333,1518.231667,824.818333,0,0,true,true,26,11.428571,14534,2156,65.686275,
OBJ_B1_ALTO,N050-I05,50,5,0,42,RECOCIDO_SIMULADO,62.6147,5901,413743.555,1521.055,824.445,0,0,true,true,28,11.428571,15334,2292,65.686275,1692.603462
OBJ_B1_ALTO,N050-I05,50,5,1,43,RECOCIDO_SIMULADO,64.6398,6101,413431.59,1525.756667,823.811667,0,0,true,true,28,11.428571,16422,2444,65.686275,2088.971326
OBJ_B1_ALTO,N050-I05,50,5,1,43,GENETICO,189.9726,9060,414202.848333,1518.681667,825.368333,0,0,true,true,26,11.428571,14502,2152,65.686275,
OBJ_B1_ALTO,N050-I05,50,5,2,44,GENETICO,254.8819,9060,414077.648333,1518.481667,825.118333,0,0,true,true,26,11.428571,14518,2154,65.686275,
OBJ_B1_ALTO,N050-I05,50,5,2,44,RECOCIDO_SIMULADO,67.7399,6141,413389.058333,1521.558333,823.735,0,0,true,true,26,11.428571,16868,2528,65.686275,2287.065088
OBJ_B1_ALTO,N050-I05,50,5,3,45,RECOCIDO_SIMULADO,65.8765,6061,413786.303333,1523.803333,824.525,0,0,true,true,30,14.285714,15656,2374,65.686275,1996.964033
OBJ_B1_ALTO,N050-I05,50,5,3,45,GENETICO,185.0487,9060,414277.998333,1518.831667,825.518333,0,0,true,true,26,11.428571,14502,2152,65.686275,
OBJ_B1_ALTO,N050-I05,50,5,4,46,GENETICO,187.3981,9060,413927.398333,1518.231667,824.818333,0,0,true,true,26,11.428571,14534,2156,65.686275,
OBJ_B1_ALTO,N050-I05,50,5,4,46,RECOCIDO_SIMULADO,64.9762,5981,413213.943333,1523.11,823.381667,0,0,true,true,26,11.428571,15698,2362,65.686275,1800.424552
OBJ_B1_ALTO,N050-I05,50,5,5,47,RECOCIDO_SIMULADO,63.5611,6101,412927.993333,1522.993333,822.81,0,0,true,true,26,11.428571,15952,2400,65.686275,2102.233107
OBJ_B1_ALTO,N050-I05,50,5,5,47,GENETICO,191.8105,9060,414127.748333,1518.581667,825.218333,0,0,true,true,26,11.428571,14518,2154,65.686275,
OBJ_B1_ALTO,N050-I05,50,5,6,48,GENETICO,200.1373,9060,413827.148333,1517.981667,824.618333,0,0,true,true,26,11.428571,14662,2202,65.686275,
OBJ_B1_ALTO,N050-I05,50,5,6,48,RECOCIDO_SIMULADO,64.5921,6061,413427.853333,1521.186667,823.813333,0,0,true,true,26,11.428571,15420,2370,65.686275,2038.420107
OBJ_B1_ALTO,N050-I05,50,5,7,49,RECOCIDO_SIMULADO,65.8462,6141,412873.213333,1523.213333,822.7,0,0,true,true,26,11.428571,16770,2506,65.686275,2271.509106
OBJ_B1_ALTO,N050-I05,50,5,7,49,GENETICO,187.5615,9060,414277.998333,1518.831667,825.518333,0,0,true,true,26,11.428571,14502,2152,65.686275,
OBJ_B1_ALTO,N050-I05,50,5,8,50,GENETICO,196.1857,9060,413871.923333,1516.923333,824.71,0,0,true,true,26,11.428571,14500,2158,65.686275,
OBJ_B1_ALTO,N050-I05,50,5,8,50,RECOCIDO_SIMULADO,64.4286,5941,413474.628333,1523.795,823.901667,0,0,true,true,26,11.428571,16196,2388,65.686275,1777.237337
OBJ_B1_ALTO,N050-I05,50,5,9,51,RECOCIDO_SIMULADO,66.0209,5941,413597.308333,1526.475,824.141667,0,0,true,true,28,11.428571,16894,2598,65.686275,1717.597352
OBJ_B1_ALTO,N050-I05,50,5,9,51,GENETICO,187.9848,9060,413927.398333,1518.231667,824.818333,0,0,true,true,26,11.428571,14534,2156,65.686275,
OBJ_B1_ALTO,N050-I05,50,5,10,52,GENETICO,197.6455,9060,413596.423333,1516.423333,824.16,0,0,true,true,26,11.428571,14516,2160,65.686275,
OBJ_B1_ALTO,N050-I05,50,5,10,52,RECOCIDO_SIMULADO,63.7326,5941,412723.276667,1524.11,822.398333,0,0,true,true,26,11.428571,15864,2350,65.686275,1771.888737
OBJ_B1_ALTO,N050-I05,50,5,11,53,RECOCIDO_SIMULADO,62.9621,5981,413434.838333,1524.005,823.821667,0,0,true,true,26,11.428571,16328,2430,65.686275,1880.024105
OBJ_B1_ALTO,N050-I05,50,5,11,53,GENETICO,188.631,9060,414202.848333,1518.681667,825.368333,0,0,true,true,26,11.428571,14502,2152,65.686275,
OBJ_B1_ALTO,N050-I05,50,5,12,54,GENETICO,193.0735,9060,414127.748333,1518.581667,825.218333,0,0,true,true,26,11.428571,14518,2154,65.686275,
OBJ_B1_ALTO,N050-I05,50,5,12,54,RECOCIDO_SIMULADO,65.2067,6061,413606.67,1532.503333,824.148333,0,0,true,true,28,11.428571,16660,2414,65.686275,2035.293023
OBJ_B1_ALTO,N050-I05,50,5,13,55,RECOCIDO_SIMULADO,62.7564,5901,413046.888333,1519.388333,823.055,0,0,true,true,26,11.428571,15294,2254,65.686275,1691.362726
OBJ_B1_ALTO,N050-I05,50,5,13,55,GENETICO,191.6852,9060,413626.798333,1517.631667,824.218333,0,0,true,true,26,11.428571,14678,2204,65.686275,
OBJ_B1_ALTO,N050-I05,50,5,14,56,GENETICO,189.8629,9060,414127.748333,1518.581667,825.218333,0,0,true,true,26,11.428571,14518,2154,65.686275,
OBJ_B1_ALTO,N050-I05,50,5,14,56,RECOCIDO_SIMULADO,69.2341,6141,413533.753333,1522.086667,824.023333,0,0,true,true,26,11.428571,16668,2526,65.686275,2268.020833
OBJ_B1_ALTO,N050-I05,50,5,15,57,RECOCIDO_SIMULADO,65.3427,6021,413647.863333,1529.53,824.236667,0,0,true,true,28,11.428571,15958,2364,65.686275,1906.163897
OBJ_B1_ALTO,N050-I05,50,5,15,57,GENETICO,188.2959,9060,414002.498333,1518.331667,824.968333,0,0,true,true,26,11.428571,14518,2154,65.686275,
OBJ_B1_ALTO,N050-I05,50,5,16,58,GENETICO,191.4464,9060,413902.248333,1518.081667,824.768333,0,0,true,true,26,11.428571,14646,2200,65.686275,
OBJ_B1_ALTO,N050-I05,50,5,16,58,RECOCIDO_SIMULADO,63.6049,6021,413165.798333,1526.631667,823.278333,0,0,true,true,26,11.428571,16644,2438,65.686275,1951.293271
OBJ_B1_ALTO,N050-I05,50,5,17,59,RECOCIDO_SIMULADO,65.7216,6141,413397.975,1523.808333,823.748333,0,0,true,true,28,11.428571,16666,2488,65.686275,2297.779847
OBJ_B1_ALTO,N050-I05,50,5,17,59,GENETICO,191.3409,9060,414002.498333,1518.331667,824.968333,0,0,true,true,26,11.428571,14518,2154,65.686275,
OBJ_B1_ALTO,N050-I05,50,5,18,60,GENETICO,191.4336,9060,413927.398333,1518.231667,824.818333,0,0,true,true,26,11.428571,14534,2156,65.686275,
OBJ_B1_ALTO,N050-I05,50,5,18,60,RECOCIDO_SIMULADO,66.0389,6181,412928.023333,1525.523333,822.805,0,0,true,true,26,11.428571,16738,2452,65.686275,2318.415739
OBJ_B1_ALTO,N050-I05,50,5,19,61,RECOCIDO_SIMULADO,66.9249,6181,414131.45,1525.616667,825.211667,0,0,true,true,28,11.428571,15502,2340,65.686275,2366.7901
OBJ_B1_ALTO,N050-I05,50,5,19,61,GENETICO,375.6863,9060,413153.868333,1513.868333,823.28,0,0,true,true,26,11.428571,14350,2140,65.686275,
OBJ_B1_ALTO,N050-I05,50,5,20,62,GENETICO,186.001,9060,414202.848333,1518.681667,825.368333,0,0,true,true,26,11.428571,14502,2152,65.686275,
OBJ_B1_ALTO,N050-I05,50,5,20,62,RECOCIDO_SIMULADO,64.2509,5941,413265.015,1527.515,823.475,0,0,true,true,28,11.428571,16242,2434,65.686275,1719.990563
OBJ_B1_ALTO,N050-I05,50,5,21,63,RECOCIDO_SIMULADO,64.7833,5941,413470.318333,1523.651667,823.893333,0,0,true,true,26,11.428571,15920,2396,65.686275,1785.927605
OBJ_B1_ALTO,N050-I05,50,5,21,63,GENETICO,192.0963,9060,414202.448333,1518.281667,825.368333,0,0,true,true,26,11.428571,14442,2142,65.686275,
OBJ_B1_ALTO,N050-I05,50,5,22,64,GENETICO,207.1471,9060,413670.198333,1515.198333,824.31,0,0,true,true,26,11.428571,14620,2198,65.686275,
OBJ_B1_ALTO,N050-I05,50,5,22,64,RECOCIDO_SIMULADO,65.5106,6141,412367.198333,1527.198333,821.68,0,0,true,true,26,11.428571,16118,2342,65.686275,2299.729304
OBJ_B1_ALTO,N050-I05,50,5,23,65,RECOCIDO_SIMULADO,67.9622,6261,413675.011667,1524.178333,824.301667,0,0,true,true,28,14.285714,15984,2444,65.686275,2625.503846
OBJ_B1_ALTO,N050-I05,50,5,23,65,GENETICO,193.4297,9060,414202.898333,1518.731667,825.368333,0,0,true,true,26,11.428571,14518,2154,65.686275,
OBJ_B1_ALTO,N050-I05,50,5,24,66,GENETICO,201.6115,9060,413548.723333,1518.723333,824.06,0,0,true,true,26,11.428571,14964,2216,65.686275,
OBJ_B1_ALTO,N050-I05,50,5,24,66,RECOCIDO_SIMULADO,64.7423,6021,413153.403333,1530.07,823.246667,0,0,true,true,26,11.428571,15682,2336,65.686275,1967.330435
OBJ_B1_ALTO,N050-I05,50,5,25,67,RECOCIDO_SIMULADO,64.9231,6101,413341.748333,1528.415,823.626667,0,0,true,true,26,11.428571,16328,2414,65.686275,2116.33875
OBJ_B1_ALTO,N050-I05,50,5,25,67,GENETICO,190.213,9060,414202.848333,1518.681667,825.368333,0,0,true,true,26,11.428571,14502,2152,65.686275,
OBJ_B1_ALTO,N050-I05,50,5,26,68,GENETICO,186.9633,9060,414277.998333,1518.831667,825.518333,0,0,true,true,26,11.428571,14502,2152,65.686275,
OBJ_B1_ALTO,N050-I05,50,5,26,68,RECOCIDO_SIMULADO,65.6865,5981,413374.165,1524.165,823.7,0,0,true,true,28,11.428571,16158,2452,65.686275,1834.60136
OBJ_B1_ALTO,N050-I05,50,5,27,69,RECOCIDO_SIMULADO,63.5783,5941,412949.015,1525.681667,822.846667,0,0,true,true,28,11.428571,16660,2424,65.686275,1758.789253
OBJ_B1_ALTO,N050-I05,50,5,27,69,GENETICO,189.2399,9060,414127.748333,1518.581667,825.218333,0,0,true,true,26,11.428571,14518,2154,65.686275,
OBJ_B1_ALTO,N050-I05,50,5,28,70,GENETICO,319.5943,9060,412794.103333,1517.436667,822.553333,0,0,true,true,26,11.428571,14238,2088,65.686275,
OBJ_B1_ALTO,N050-I05,50,5,28,70,RECOCIDO_SIMULADO,65.2543,6021,412891.433333,1525.6,822.731667,0,0,true,true,26,11.428571,16958,2528,65.686275,1925.976656
OBJ_B1_ALTO,N050-I05,50,5,29,71,RECOCIDO_SIMULADO,65.1966,6021,412697.563333,1522.563333,822.35,0,0,true,true,26,11.428571,15862,2404,65.686275,1952.576818
OBJ_B1_ALTO,N050-I05,50,5,29,71,GENETICO,188.5106,9060,414002.498333,1518.331667,824.968333,0,0,true,true,26,11.428571,14518,2154,65.686275,
